timestamp,usage_kwh,generation_kwh,battery_soc_kwh,buy_kwh,buy_price,sell_kwh,sell_price,cost
2025-01-01 00:00:00,1.46,0.0,12.04,0.0,0.37016129,0.0,0.09,0.0
2025-01-01 01:00:00,0.95,0.0,11.09,0.0,0.37016129,0.0,0.088,0.0
2025-01-01 02:00:00,1.24,0.0,9.85,0.0,0.37016129,0.0,0.086,0.0
2025-01-01 03:00:00,1.52,0.0,8.33,0.0,0.37016129,0.0,0.086,0.0
2025-01-01 04:00:00,1.4,0.0,6.93,0.0,0.37016129,0.0,0.087,0.0
2025-01-01 05:00:00,1.5,0.0,5.43,0.0,0.37016129,0.0,0.092,0.0
2025-01-01 06:00:00,1.26,0.0,4.17,0.0,0.37016129,0.0,0.092,0.0
2025-01-01 07:00:00,1.0,0.0,3.17,0.0,0.37016129,0.0,0.088,0.0
2025-01-01 08:00:00,1.09,1.279084,3.359084,0.0,0.37016129,0.0,0.073,0.0
2025-01-01 09:00:00,1.51,0.0557169999999999,1.904801,0.0,0.37016129,0.0,0.065,0.0
2025-01-01 10:00:00,3.689999999999999,1.7223309999999998,0.0,0.06286799999999926,0.37016129,0.0,0.062,0.023271299979719724
2025-01-01 11:00:00,4.980730769230769,4.276032,0.0,0.7046987692307694,0.37016129,0.0,0.061,0.26085220547987387
2025-01-01 12:00:00,4.230730769230769,4.373029000000001,0.1422982307692315,0.0,0.37016129,0.0,0.06,0.0
2025-01-01 13:00:00,4.3007307692307695,2.18826,0.0,1.9701725384615378,0.37016129,0.0,0.058,0.7292816083594974
2025-01-01 14:00:00,2.8499999999999996,2.198563,0.0,0.6514369999999996,0.37016129,0.0,0.057,0.24113676027372985
2025-01-01 15:00:00,1.54,2.17697,0.6369699999999998,0.0,0.38016129,0.0,0.061,0.0
2025-01-01 16:00:00,2.02,0.5487609999999999,0.0,0.8342690000000004,0.40016129,0.0,0.081,0.33384215924701016
2025-01-01 17:00:00,5.4254080459770115,0.0,0.0,5.4254080459770115,0.40016129,0.0,0.098,2.1710382824545404
2025-01-01 18:00:00,5.665408045977012,0.0,0.0,5.665408045977012,0.40016129,0.0,0.095,2.26707699205454
2025-01-01 19:00:00,0.48,0.0,0.0,0.48,0.40016129,0.0,0.089,0.1920774192
2025-01-01 20:00:00,0.29,0.0,0.0,0.29,0.40016129,0.0,0.088,0.1160467741
2025-01-01 21:00:00,0.25,0.0,0.0,0.25,0.38016129,0.0,0.09,0.0950403225
2025-01-01 22:00:00,0.41,0.0,0.0,0.41,0.38016129,0.0,0.09,0.15586612889999998
2025-01-01 23:00:00,0.75,0.0,0.0,0.75,0.38016129,0.0,0.091,0.2851209675
2025-01-02 00:00:00,0.86,0.0,0.0,0.86,0.37016129,0.0,0.09,0.3183387094
2025-01-02 01:00:00,1.36,0.0,0.0,1.36,0.37016129,0.0,0.088,0.5034193544
2025-01-02 02:00:00,1.06,0.0,0.0,1.06,0.37016129,0.0,0.086,0.3923709674
2025-01-02 03:00:00,1.06,0.0,0.0,1.06,0.37016129,0.0,0.086,0.3923709674
2025-01-02 04:00:00,1.07,0.0,0.0,1.07,0.37016129,0.0,0.087,0.3960725803
2025-01-02 05:00:00,1.12,0.0,0.0,1.12,0.37016129,0.0,0.092,0.4145806448
2025-01-02 06:00:00,1.39,0.0,0.0,1.39,0.37016129,0.0,0.092,0.5145241931
2025-01-02 07:00:00,1.3199999999999998,0.0,0.0,1.3199999999999998,0.37016129,0.0,0.088,0.4886129027999999
2025-01-02 08:00:00,0.56,0.00341,0.0,0.55659,0.37016129,0.0,0.073,0.2060280724011
2025-01-02 09:00:00,0.17,0.253886,0.0838859999999999,0.0,0.37016129,0.0,0.065,0.0
2025-01-02 10:00:00,0.72,0.137032,0.0,0.499082,0.37016129,0.0,0.062,0.18474083693578
2025-01-02 11:00:00,1.0369102564102564,0.908616,0.0,0.12829425641025638,0.37016129,0.0,0.061,0.047489567452411265
2025-01-02 12:00:00,1.1269102564102564,0.655312,0.0,0.47159825641025643,0.37016129,0.0,0.06,0.17456741895457129
2025-01-02 13:00:00,0.4869102564102564,0.935211,0.4483007435897436,0.0,0.37016129,0.0,0.058,0.0
2025-01-02 14:00:00,0.2,0.401265,0.6495657435897435,0.0,0.37016129,0.0,0.057,0.0
2025-01-02 15:00:00,0.56,0.399864,0.4894297435897434,0.0,0.38016129,0.0,0.061,0.0
2025-01-02 16:00:00,0.93,0.052127,0.0,0.3884432564102566,0.40016129,0.0,0.081,0.15543995457692905
2025-01-02 17:00:00,1.3484693486590038,0.0,0.0,1.3484693486590038,0.40016129,0.0,0.098,0.5396052340848467
2025-01-02 18:00:00,1.948469348659004,0.0,0.0,1.948469348659004,0.40016129,0.0,0.095,0.7797020080848468
2025-01-02 19:00:00,0.96,0.0,0.0,0.96,0.40016129,0.0,0.089,0.3841548384
2025-01-02 20:00:00,0.6000000000000001,0.0,0.0,0.6000000000000001,0.40016129,0.0,0.088,0.24009677400000004
2025-01-02 21:00:00,0.61,0.0,0.0,0.61,0.38016129,0.0,0.09,0.23189838689999998
2025-01-02 22:00:00,0.76,0.0,0.0,0.76,0.38016129,0.0,0.09,0.2889225804
2025-01-02 23:00:00,0.5499999999999999,0.0,0.0,0.5499999999999999,0.38016129,0.0,0.091,0.20908870949999997
2025-01-03 00:00:00,0.92,0.0,0.0,0.92,0.37016129,0.0,0.09,0.3405483868
2025-01-03 01:00:00,0.92,0.0,0.0,0.92,0.37016129,0.0,0.088,0.3405483868
2025-01-03 02:00:00,0.5700000000000001,0.0,0.0,0.5700000000000001,0.37016129,0.0,0.086,0.21099193530000002
2025-01-03 03:00:00,0.67,0.0,0.0,0.67,0.37016129,0.0,0.086,0.2480080643
2025-01-03 04:00:00,0.91,0.0,0.0,0.91,0.37016129,0.0,0.087,0.3368467739
2025-01-03 05:00:00,0.63,0.0,0.0,0.63,0.37016129,0.0,0.092,0.23320161269999998
2025-01-03 06:00:00,0.57,0.0,0.0,0.57,0.37016129,0.0,0.092,0.21099193529999996
2025-01-03 07:00:00,1.39,0.0,0.0,1.39,0.37016129,0.0,0.088,0.5145241931
2025-01-03 08:00:00,1.6,0.028896,0.0,1.571104,0.37016129,0.0,0.073,0.58156188336416
2025-01-03 09:00:00,0.92,1.176508,0.256508,0.0,0.37016129,0.0,0.065,0.0
2025-01-03 10:00:00,3.21,2.771531,0.0,0.18196099999999998,0.37016129,0.0,0.062,0.06735491848969
2025-01-03 11:00:00,5.176910256410256,1.389627,0.0,3.787283256410256,0.37016129,0.0,0.061,1.401905655788221
2025-01-03 12:00:00,3.2369102564102565,1.0746289999999998,0.0,2.1622812564102567,0.37016129,0.0,0.06,0.8003928192156413
2025-01-03 13:00:00,2.9469102564102565,1.030054,0.0,1.9168562564102565,0.37016129,0.0,0.058,0.7095459846173913
2025-01-03 14:00:00,2.53,1.141151,0.0,1.3888489999999998,0.37016129,0.0,0.057,0.5140981374552099
2025-01-03 15:00:00,0.2299999999999999,1.126067,0.8960670000000001,0.0,0.38016129,0.0,0.061,0.0
2025-01-03 16:00:00,0.26,0.062635,0.698702,0.0,0.40016129,0.0,0.081,0.0
2025-01-03 17:00:00,1.6784693486590037,0.0,0.0,0.9797673486590036,0.40016129,0.0,0.098,0.39206496613926667
2025-01-03 18:00:00,2.958469348659004,0.0,0.0,2.958469348659004,0.40016129,0.0,0.095,1.1838649109848467
2025-01-03 19:00:00,1.26,0.0,0.0,1.26,0.40016129,0.0,0.089,0.5042032254
2025-01-03 20:00:00,0.6799999999999999,0.0,0.0,0.6799999999999999,0.40016129,0.0,0.088,0.27210967719999996
2025-01-03 21:00:00,0.98,0.0,0.0,0.98,0.38016129,0.0,0.09,0.3725580642
2025-01-03 22:00:00,0.67,0.0,0.0,0.67,0.38016129,0.0,0.09,0.2547080643
2025-01-03 23:00:00,1.09,0.0,0.0,1.09,0.38016129,0.0,0.091,0.4143758061
2025-01-04 00:00:00,0.65,0.0,0.0,0.65,0.37016129,0.0,0.09,0.2406048385
2025-01-04 01:00:00,1.04,0.0,0.0,1.04,0.37016129,0.0,0.088,0.38496774159999997
2025-01-04 02:00:00,1.11,0.0,0.0,1.11,0.37016129,0.0,0.086,0.4108790319
2025-01-04 03:00:00,1.03,0.0,0.0,1.03,0.37016129,0.0,0.086,0.3812661287
2025-01-04 04:00:00,1.23,0.0,0.0,1.23,0.37016129,0.0,0.087,0.45529838669999995
2025-01-04 05:00:00,1.1,0.0,0.0,1.1,0.37016129,0.0,0.092,0.407177419
2025-01-04 06:00:00,1.08,0.0,0.0,1.08,0.37016129,0.0,0.092,0.3997741932
2025-01-04 07:00:00,1.2,0.0,0.0,1.2,0.37016129,0.0,0.088,0.44419354799999994
2025-01-04 08:00:00,1.06,0.698986,0.0,0.36101400000000006,0.37016129,0.0,0.073,0.13363340794806
2025-01-04 09:00:00,0.92,2.048677,1.1286770000000002,0.0,0.37016129,0.0,0.065,0.0
2025-01-04 10:00:00,2.9299999999999997,0.327713,0.0,1.4736099999999994,0.37016129,0.0,0.062,0.5454733785568997
2025-01-04 11:00:00,3.4469102564102565,1.986348,0.0,1.4605622564102565,0.37016129,0.0,0.061,0.5406436089581312
2025-01-04 12:00:00,2.8269102564102564,2.361152,0.0,0.46575825641025626,0.37016129,0.0,0.06,0.1724056770209712
2025-01-04 13:00:00,3.006910256410256,2.195018,0.0,0.811892256410256,0.37016129,0.0,0.058,0.3005310849738311
2025-01-04 14:00:00,2.46,0.332293,0.0,2.127707,0.37016129,0.0,0.057,0.78759476786203
2025-01-04 15:00:00,0.31,2.134052,1.824052,0.0,0.38016129,0.0,0.061,0.0
2025-01-04 16:00:00,2.29,0.02712,0.0,0.438828,0.40016129,0.0,0.081,0.17560197856812
2025-01-04 17:00:00,3.658469348659004,0.0,0.0,3.658469348659004,0.40016129,0.0,0.098,1.463977813984847
2025-01-04 18:00:00,2.898469348659004,0.0,0.0,2.898469348659004,0.40016129,0.0,0.095,1.1598552335848467
2025-01-04 19:00:00,0.73,0.0,0.0,0.73,0.40016129,0.0,0.089,0.2921177417
2025-01-04 20:00:00,0.64,0.0,0.0,0.64,0.40016129,0.0,0.088,0.2561032256
2025-01-04 21:00:00,1.04,0.0,0.0,1.04,0.38016129,0.0,0.09,0.3953677416
2025-01-04 22:00:00,0.81,0.0,0.0,0.81,0.38016129,0.0,0.09,0.3079306449
2025-01-04 23:00:00,0.91,0.0,0.0,0.91,0.38016129,0.0,0.091,0.3459467739
2025-01-05 00:00:00,1.06,0.0,0.0,1.06,0.37016129,0.0,0.09,0.3923709674
2025-01-05 01:00:00,1.13,0.0,0.0,1.13,0.37016129,0.0,0.088,0.41828225769999994
2025-01-05 02:00:00,0.97,0.0,0.0,0.97,0.37016129,0.0,0.086,0.35905645129999997
2025-01-05 03:00:00,1.19,0.0,0.0,1.19,0.37016129,0.0,0.086,0.44049193509999995
2025-01-05 04:00:00,1.21,0.0,0.0,1.21,0.37016129,0.0,0.087,0.4478951609
2025-01-05 05:00:00,0.99,0.0,0.0,0.99,0.37016129,0.0,0.092,0.3664596771
2025-01-05 06:00:00,1.16,0.0,0.0,1.16,0.37016129,0.0,0.092,0.42938709639999995
2025-01-05 07:00:00,1.41,0.0,0.0,1.41,0.37016129,0.0,0.088,0.5219274188999999
2025-01-05 08:00:00,1.71,0.155661,0.0,1.554339,0.37016129,0.0,0.073,0.57535612933731
2025-01-05 09:00:00,0.13,0.7151900000000001,0.5851900000000001,0.0,0.37016129,0.0,0.065,0.0
2025-01-05 10:00:00,2.5,0.8739629999999999,0.0,1.040847,0.37016129,0.0,0.062,0.38528126821263
2025-01-05 11:00:00,2.833153846153846,0.363588,0.0,2.469565846153846,0.37016129,0.0,0.061,0.9141376793522491
2025-01-05 12:00:00,2.783153846153846,1.151173,0.0,1.631980846153846,0.37016129,0.0,0.06,0.6040961352675992
2025-01-05 13:00:00,2.893153846153846,0.347319,0.0,2.545834846153846,0.37016129,0.0,0.058,0.942369510779259
2025-01-05 14:00:00,2.75,0.35452,0.0,2.39548,0.37016129,0.0,0.057,0.8867139669692
2025-01-05 15:00:00,0.15,0.211998,0.061998,0.0,0.38016129,0.0,0.061,0.0
2025-01-05 16:00:00,0.32,0.552018,0.294016,0.0,0.40016129,0.0,0.081,0.0
2025-01-05 17:00:00,1.3778045977011495,0.0,0.0,1.0837885977011494,0.40016129,0.0,0.098,0.433690243343383
2025-01-05 18:00:00,2.51780459770115,0.0,0.0,2.51780459770115,0.40016129,0.0,0.095,1.0075279357840232
2025-01-05 19:00:00,0.78,0.0,0.0,0.78,0.40016129,0.0,0.089,0.3121258062
2025-01-05 20:00:00,0.6900000000000001,0.0,0.0,0.6900000000000001,0.40016129,0.0,0.088,0.2761112901
2025-01-05 21:00:00,1.26,0.0,0.0,1.26,0.38016129,0.0,0.09,0.4790032254
2025-01-05 22:00:00,0.8700000000000001,0.0,0.0,0.8700000000000001,0.38016129,0.0,0.09,0.3307403223
2025-01-05 23:00:00,1.5,0.0,0.0,1.5,0.38016129,0.0,0.091,0.570241935
2025-01-06 00:00:00,1.52,0.0,0.0,1.52,0.37016129,0.0,0.09,0.5626451607999999
2025-01-06 01:00:00,1.84,0.0,0.0,1.84,0.37016129,0.0,0.088,0.6810967736
2025-01-06 02:00:00,1.85,0.0,0.0,1.85,0.37016129,0.0,0.086,0.6847983865
2025-01-06 03:00:00,2.17,0.0,0.0,2.17,0.37016129,0.0,0.086,0.8032499993
2025-01-06 04:00:00,1.84,0.0,0.0,1.84,0.37016129,0.0,0.087,0.6810967736
2025-01-06 05:00:00,1.92,0.0,0.0,1.92,0.37016129,0.0,0.092,0.7107096768
2025-01-06 06:00:00,1.93,0.0,0.0,1.93,0.37016129,0.0,0.092,0.7144112896999999
2025-01-06 07:00:00,2.05,0.0,0.0,2.05,0.37016129,0.0,0.088,0.7588306444999999
2025-01-06 08:00:00,0.7300000000000001,1.420357,0.6903569999999998,0.0,0.37016129,0.0,0.073,0.0
2025-01-06 09:00:00,0.38,2.858375,3.168732,0.0,0.37016129,0.0,0.065,0.0
2025-01-06 10:00:00,0.47,3.775557,6.474288999999999,0.0,0.37016129,0.0,0.062,0.0
2025-01-06 11:00:00,0.6631538461538462,4.267277,10.078412153846152,0.0,0.37016129,0.0,0.061,0.0
2025-01-06 12:00:00,1.0431538461538463,4.373748,13.409006307692303,0.0,0.37016129,0.0,0.06,0.0
2025-01-06 13:00:00,1.4331538461538462,4.091378,13.5,0.0,0.37016129,2.6582241538461533,0.058,-0.1541770009230769
2025-01-06 14:00:00,1.3199999999999998,2.029808,13.5,0.0,0.37016129,0.7098080000000002,0.057,-0.040459056000000014
2025-01-06 15:00:00,0.7000000000000001,2.2774409999999996,13.5,0.0,0.38016129,1.5774409999999994,0.061,-0.09622390099999996
2025-01-06 16:00:00,0.28,0.709598,13.5,0.0,0.40016129,0.4295979999999999,0.081,-0.03479743799999999
2025-01-06 17:00:00,2.34780459770115,0.0,11.152195402298853,0.0,0.40016129,0.0,0.098,0.0
2025-01-06 18:00:00,2.74780459770115,0.0,8.404390804597702,0.0,0.40016129,0.0,0.095,0.0
2025-01-06 19:00:00,1.7600000000000002,0.0,6.644390804597702,0.0,0.40016129,0.0,0.089,0.0
2025-01-06 20:00:00,1.5,0.0,5.144390804597702,0.0,0.40016129,0.0,0.088,0.0
2025-01-06 21:00:00,1.4500000000000002,0.0,3.6943908045977016,0.0,0.38016129,0.0,0.09,0.0
2025-01-06 22:00:00,1.87,0.0,1.8243908045977015,0.0,0.38016129,0.0,0.09,0.0
2025-01-06 23:00:00,1.73,0.0,0.0943908045977015,0.0,0.38016129,0.0,0.091,0.0
2025-01-07 00:00:00,1.83,0.0,0.0,1.7356091954022985,0.37016129,0.0,0.09,0.6424553387059768
2025-01-07 01:00:00,1.9,0.0,0.0,1.9,0.37016129,0.0,0.088,0.7033064509999999
2025-01-07 02:00:00,1.74,0.0,0.0,1.74,0.37016129,0.0,0.086,0.6440806445999999
2025-01-07 03:00:00,1.82,0.0,0.0,1.82,0.37016129,0.0,0.086,0.6736935478
2025-01-07 04:00:00,2.03,0.0,0.0,2.03,0.37016129,0.0,0.087,0.7514274186999998
2025-01-07 05:00:00,1.82,0.0,0.0,1.82,0.37016129,0.0,0.092,0.6736935478
2025-01-07 06:00:00,2.19,0.0,0.0,2.19,0.37016129,0.0,0.092,0.8106532250999999
2025-01-07 07:00:00,1.79,0.0,0.0,1.79,0.37016129,0.0,0.088,0.6625887091
2025-01-07 08:00:00,0.62,0.0,0.0,0.62,0.37016129,0.0,0.073,0.2294999998
2025-01-07 09:00:00,0.52,1.012931,0.492931,0.0,0.37016129,0.0,0.065,0.0
2025-01-07 10:00:00,0.53,0.790467,0.753398,0.0,0.37016129,0.0,0.062,0.0
2025-01-07 11:00:00,0.7831538461538463,0.464762,0.4350061538461537,0.0,0.37016129,0.0,0.061,0.0
2025-01-07 12:00:00,0.6231538461538462,0.6305259999999999,0.4423783076923074,0.0,0.37016129,0.0,0.06,0.0
2025-01-07 13:00:00,0.5331538461538462,0.666326,0.5755504615384612,0.0,0.37016129,0.0,0.058,0.0
2025-01-07 14:00:00,0.1,0.50714,0.9826904615384612,0.0,0.37016129,0.0,0.057,0.0
2025-01-07 15:00:00,0.12,0.6771860000000001,1.5398764615384612,0.0,0.38016129,0.0,0.061,0.0
2025-01-07 16:00:00,0.21,0.104625,1.4345014615384613,0.0,0.40016129,0.0,0.081,0.0
2025-01-07 17:00:00,1.2778045977011496,0.0,0.1566968638373116,0.0,0.40016129,0.0,0.098,0.0
2025-01-07 18:00:00,3.1978045977011496,0.0,0.0,3.041107733863838,0.40016129,0.0,0.095,1.2169335938119301
2025-01-07 19:00:00,0.38,0.0,0.0,0.38,0.40016129,0.0,0.089,0.1520612902
2025-01-07 20:00:00,0.56,0.0,0.0,0.56,0.40016129,0.0,0.088,0.2240903224
2025-01-07 21:00:00,0.62,0.0,0.0,0.62,0.38016129,0.0,0.09,0.23569999979999998
2025-01-07 22:00:00,0.6900000000000001,0.0,0.0,0.6900000000000001,0.38016129,0.0,0.09,0.26231129010000004
2025-01-07 23:00:00,0.58,0.0,0.0,0.58,0.38016129,0.0,0.091,0.22049354819999997
2025-01-08 00:00:00,0.51,0.0,0.0,0.51,0.37016129,0.0,0.09,0.1887822579
2025-01-08 01:00:00,0.69,0.0,0.0,0.69,0.37016129,0.0,0.088,0.25541129009999997
2025-01-08 02:00:00,0.78,0.0,0.0,0.78,0.37016129,0.0,0.086,0.2887258062
2025-01-08 03:00:00,0.78,0.0,0.0,0.78,0.37016129,0.0,0.086,0.2887258062
2025-01-08 04:00:00,0.79,0.0,0.0,0.79,0.37016129,0.0,0.087,0.2924274191
2025-01-08 05:00:00,0.79,0.0,0.0,0.79,0.37016129,0.0,0.092,0.2924274191
2025-01-08 06:00:00,0.8800000000000001,0.0,0.0,0.8800000000000001,0.37016129,0.0,0.092,0.3257419352
2025-01-08 07:00:00,1.0,0.0,0.0,1.0,0.37016129,0.0,0.088,0.37016129
2025-01-08 08:00:00,0.52,1.376838,0.856838,0.0,0.37016129,0.0,0.073,0.0
2025-01-08 09:00:00,0.18,0.02945,0.706288,0.0,0.37016129,0.0,0.065,0.0
2025-01-08 10:00:00,2.46,1.7766099999999998,0.0228979999999998,0.0,0.37016129,0.0,0.062,0.0
2025-01-08 11:00:00,2.7273653846153847,0.573809,0.0,2.1306583846153853,0.37016129,0.0,0.061,0.7886872561985471
2025-01-08 12:00:00,2.7173653846153845,0.285595,0.0,2.4317703846153846,0.37016129,0.0,0.06,0.9001472625530269
2025-01-08 13:00:00,2.7173653846153845,0.070211,0.0,2.6471543846153844,0.37016129,0.0,0.058,0.9798740818383868
2025-01-08 14:00:00,2.4299999999999997,0.6003269999999999,0.0,1.8296729999999997,0.37016129,0.0,0.057,0.6772741179581698
2025-01-08 15:00:00,0.14,0.179084,0.0390839999999999,0.0,0.38016129,0.0,0.061,0.0
2025-01-08 16:00:00,0.2,0.005746,0.0,0.1551700000000001,0.40016129,0.0,0.081,0.062093027369300044
2025-01-08 17:00:00,0.995853448275862,0.0,0.0,0.995853448275862,0.40016129,0.0,0.098,0.3985020005130172
2025-01-08 18:00:00,1.4058534482758622,0.0,0.0,1.4058534482758622,0.40016129,0.0,0.095,0.5625681294130173
2025-01-08 19:00:00,0.32,0.0,0.0,0.32,0.40016129,0.0,0.089,0.1280516128
2025-01-08 20:00:00,0.33,0.0,0.0,0.33,0.40016129,0.0,0.088,0.1320532257
2025-01-08 21:00:00,0.44,0.0,0.0,0.44,0.38016129,0.0,0.09,0.1672709676
2025-01-08 22:00:00,1.45,0.0,0.0,1.45,0.38016129,0.0,0.09,0.5512338705
2025-01-08 23:00:00,1.76,0.0,0.0,1.76,0.38016129,0.0,0.091,0.6690838704
2025-01-09 00:00:00,1.85,0.0,0.0,1.85,0.37016129,0.0,0.09,0.6847983865
2025-01-09 01:00:00,1.93,0.0,0.0,1.93,0.37016129,0.0,0.088,0.7144112896999999
2025-01-09 02:00:00,1.65,0.0,0.0,1.65,0.37016129,0.0,0.086,0.6107661284999999
2025-01-09 03:00:00,2.05,0.0,0.0,2.05,0.37016129,0.0,0.086,0.7588306444999999
2025-01-09 04:00:00,1.77,0.0,0.0,1.77,0.37016129,0.0,0.087,0.6551854832999999
2025-01-09 05:00:00,2.05,0.0,0.0,2.05,0.37016129,0.0,0.092,0.7588306444999999
2025-01-09 06:00:00,1.88,0.0,0.0,1.88,0.37016129,0.0,0.092,0.6959032251999999
2025-01-09 07:00:00,1.99,0.0,0.0,1.99,0.37016129,0.0,0.088,0.7366209670999999
2025-01-09 08:00:00,0.54,0.558751,0.0187509999999999,0.0,0.37016129,0.0,0.073,0.0
2025-01-09 09:00:00,0.2,0.702674,0.521425,0.0,0.37016129,0.0,0.065,0.0
2025-01-09 10:00:00,0.2,1.1508699999999998,1.472295,0.0,0.37016129,0.0,0.062,0.0
2025-01-09 11:00:00,0.4973653846153847,3.012599,3.987528615384615,0.0,0.37016129,0.0,0.061,0.0
2025-01-09 12:00:00,0.4873653846153847,2.6116129999999997,6.11177623076923,0.0,0.37016129,0.0,0.06,0.0
2025-01-09 13:00:00,0.4973653846153847,2.504652,8.119062846153845,0.0,0.37016129,0.0,0.058,0.0
2025-01-09 14:00:00,0.21,2.365602,10.274664846153843,0.0,0.37016129,0.0,0.057,0.0
2025-01-09 15:00:00,0.21,1.629015,11.693679846153843,0.0,0.38016129,0.0,0.061,0.0
2025-01-09 16:00:00,0.2,0.129644,11.623323846153845,0.0,0.40016129,0.0,0.081,0.0
2025-01-09 17:00:00,1.0858534482758622,0.0,10.537470397877982,0.0,0.40016129,0.0,0.098,0.0
2025-01-09 18:00:00,3.575853448275862,0.0,6.96161694960212,0.0,0.40016129,0.0,0.095,0.0
2025-01-09 19:00:00,0.75,0.0,6.21161694960212,0.0,0.40016129,0.0,0.089,0.0
2025-01-09 20:00:00,0.2,0.0,6.01161694960212,0.0,0.40016129,0.0,0.088,0.0
2025-01-09 21:00:00,0.16,0.0,5.8516169496021195,0.0,0.38016129,0.0,0.09,0.0
2025-01-09 22:00:00,0.14,0.0,5.71161694960212,0.0,0.38016129,0.0,0.09,0.0
2025-01-09 23:00:00,0.09,0.0,5.62161694960212,0.0,0.38016129,0.0,0.091,0.0
2025-01-10 00:00:00,0.09,0.0,5.53161694960212,0.0,0.37016129,0.0,0.09,0.0
2025-01-10 01:00:00,0.1,0.0,5.4316169496021205,0.0,0.37016129,0.0,0.088,0.0
2025-01-10 02:00:00,0.1,0.0,5.331616949602121,0.0,0.37016129,0.0,0.086,0.0
2025-01-10 03:00:00,0.41,0.0,4.921616949602121,0.0,0.37016129,0.0,0.086,0.0
2025-01-10 04:00:00,0.69,0.0,4.23161694960212,0.0,0.37016129,0.0,0.087,0.0
2025-01-10 05:00:00,0.51,0.0,3.721616949602121,0.0,0.37016129,0.0,0.092,0.0
2025-01-10 06:00:00,0.94,0.0,2.7816169496021206,0.0,0.37016129,0.0,0.092,0.0
2025-01-10 07:00:00,0.51,0.0,2.2716169496021203,0.0,0.37016129,0.0,0.088,0.0
2025-01-10 08:00:00,0.4499999999999999,0.155831,1.9774479496021204,0.0,0.37016129,0.0,0.073,0.0
2025-01-10 09:00:00,0.09,0.57464,2.4620879496021204,0.0,0.37016129,0.0,0.065,0.0
2025-01-10 10:00:00,2.4,0.659396,0.7214839496021206,0.0,0.37016129,0.0,0.062,0.0
2025-01-10 11:00:00,2.6973653846153844,2.024351,0.0484695649867363,0.0,0.37016129,0.0,0.061,0.0
2025-01-10 12:00:00,2.6773653846153844,4.507187,1.878291180371352,0.0,0.37016129,0.0,0.06,0.0
2025-01-10 13:00:00,2.6873653846153847,2.9785100000000004,2.169435795755968,0.0,0.37016129,0.0,0.058,0.0
2025-01-10 14:00:00,2.3899999999999997,0.8414170000000001,0.6208527957559682,0.0,0.37016129,0.0,0.057,0.0
2025-01-10 15:00:00,0.1,0.509005,1.0298577957559685,0.0,0.38016129,0.0,0.061,0.0
2025-01-10 16:00:00,0.99,0.208793,0.2486507957559682,0.0,0.40016129,0.0,0.081,0.0
2025-01-10 17:00:00,3.535853448275862,0.0,0.0,3.287202652519894,0.40016129,0.0,0.098,1.3154112539237826
2025-01-10 18:00:00,1.785853448275862,0.0,0.0,1.785853448275862,0.40016129,0.0,0.095,0.7146294196130172
2025-01-10 19:00:00,0.17,0.0,0.0,0.17,0.40016129,0.0,0.089,0.0680274193
2025-01-10 20:00:00,0.19,0.0,0.0,0.19,0.40016129,0.0,0.088,0.0760306451
2025-01-10 21:00:00,0.14,0.0,0.0,0.14,0.38016129,0.0,0.09,0.0532225806
2025-01-10 22:00:00,0.15,0.0,0.0,0.15,0.38016129,0.0,0.09,0.057024193499999994
2025-01-10 23:00:00,0.1,0.0,0.0,0.1,0.38016129,0.0,0.091,0.038016129
2025-01-11 00:00:00,0.51,0.0,0.0,0.51,0.37016129,0.0,0.09,0.1887822579
2025-01-11 01:00:00,0.66,0.0,0.0,0.66,0.37016129,0.0,0.088,0.24430645139999999
2025-01-11 02:00:00,0.94,0.0,0.0,0.94,0.37016129,0.0,0.086,0.34795161259999996
2025-01-11 03:00:00,0.87,0.0,0.0,0.87,0.37016129,0.0,0.086,0.32204032229999996
2025-01-11 04:00:00,0.86,0.0,0.0,0.86,0.37016129,0.0,0.087,0.3183387094
2025-01-11 05:00:00,1.24,0.0,0.0,1.24,0.37016129,0.0,0.092,0.4589999996
2025-01-11 06:00:00,0.96,0.0,0.0,0.96,0.37016129,0.0,0.092,0.3553548384
2025-01-11 07:00:00,0.97,0.0,0.0,0.97,0.37016129,0.0,0.088,0.35905645129999997
2025-01-11 08:00:00,0.5700000000000001,1.207177,0.6371769999999999,0.0,0.37016129,0.0,0.073,0.0
2025-01-11 09:00:00,0.66,2.84126,2.818437,0.0,0.37016129,0.0,0.065,0.0
2025-01-11 10:00:00,2.51,3.874138,4.182575,0.0,0.37016129,0.0,0.062,0.0
2025-01-11 11:00:00,2.7973653846153845,4.430823999999999,5.816033615384615,0.0,0.37016129,0.0,0.061,0.0
2025-01-11 12:00:00,2.7773653846153845,4.550381000000001,7.589049230769231,0.0,0.37016129,0.0,0.06,0.0
2025-01-11 13:00:00,2.6973653846153844,1.957855,6.849538846153847,0.0,0.37016129,0.0,0.058,0.0
2025-01-11 14:00:00,2.4099999999999997,1.5499649999999998,5.9895038461538475,0.0,0.37016129,0.0,0.057,0.0
2025-01-11 15:00:00,0.11,2.323412,8.202915846153847,0.0,0.38016129,0.0,0.061,0.0
2025-01-11 16:00:00,0.13,0.7640549999999999,8.836970846153847,0.0,0.40016129,0.0,0.081,0.0
2025-01-11 17:00:00,1.3558534482758622,0.0,7.481117397877984,0.0,0.40016129,0.0,0.098,0.0
2025-01-11 18:00:00,3.325853448275862,0.0,4.155263949602122,0.0,0.40016129,0.0,0.095,0.0
2025-01-11 19:00:00,0.19,0.0,3.965263949602122,0.0,0.40016129,0.0,0.089,0.0
2025-01-11 20:00:00,0.22,0.0,3.745263949602122,0.0,0.40016129,0.0,0.088,0.0
2025-01-11 21:00:00,0.77,0.0,2.975263949602122,0.0,0.38016129,0.0,0.09,0.0
2025-01-11 22:00:00,1.61,0.0,1.3652639496021215,0.0,0.38016129,0.0,0.09,0.0
2025-01-11 23:00:00,0.56,0.0,0.8052639496021217,0.0,0.38016129,0.0,0.091,0.0
2025-01-12 00:00:00,0.72,0.0,0.0852639496021216,0.0,0.37016129,0.0,0.09,0.0
2025-01-12 01:00:00,0.87,0.0,0.0,0.7847360503978784,0.37016129,0.0,0.088,0.29047890872478366
2025-01-12 02:00:00,0.58,0.0,0.0,0.58,0.37016129,0.0,0.086,0.21469354819999997
2025-01-12 03:00:00,1.02,0.0,0.0,1.02,0.37016129,0.0,0.086,0.3775645158
2025-01-12 04:00:00,0.9,0.0,0.0,0.9,0.37016129,0.0,0.087,0.33314516099999997
2025-01-12 05:00:00,0.98,0.0,0.0,0.98,0.37016129,0.0,0.092,0.36275806419999995
2025-01-12 06:00:00,1.2,0.0,0.0,1.2,0.37016129,0.0,0.092,0.44419354799999994
2025-01-12 07:00:00,0.8,0.0,0.0,0.8,0.37016129,0.0,0.088,0.296129032
2025-01-12 08:00:00,0.57,1.580958,1.010958,0.0,0.37016129,0.0,0.073,0.0
2025-01-12 09:00:00,0.56,3.0151779999999997,3.4661359999999997,0.0,0.37016129,0.0,0.065,0.0
2025-01-12 10:00:00,2.5599999999999996,3.922136,4.828272,0.0,0.37016129,0.0,0.062,0.0
2025-01-12 11:00:00,3.9231538461538458,4.447474000000001,5.352592153846155,0.0,0.37016129,0.0,0.061,0.0
2025-01-12 12:00:00,5.413153846153846,4.584786,4.524224307692309,0.0,0.37016129,0.0,0.06,0.0
2025-01-12 13:00:00,3.263153846153846,4.290312,5.551382461538463,0.0,0.37016129,0.0,0.058,0.0
2025-01-12 14:00:00,2.5599999999999996,3.632249,6.623631461538463,0.0,0.37016129,0.0,0.057,0.0
2025-01-12 15:00:00,0.11,2.506043,9.019674461538465,0.0,0.38016129,0.0,0.061,0.0
2025-01-12 16:00:00,0.09,0.922974,9.852648461538465,0.0,0.40016129,0.0,0.081,0.0
2025-01-12 17:00:00,1.7078045977011498,0.0,8.144843863837313,0.0,0.40016129,0.0,0.098,0.0
2025-01-12 18:00:00,3.3478045977011495,0.0,4.797039266136164,0.0,0.40016129,0.0,0.095,0.0
2025-01-12 19:00:00,1.14,0.0,3.657039266136164,0.0,0.40016129,0.0,0.089,0.0
2025-01-12 20:00:00,0.49,0.0,3.1670392661361637,0.0,0.40016129,0.0,0.088,0.0
2025-01-12 21:00:00,0.6,0.0,2.5670392661361636,0.0,0.38016129,0.0,0.09,0.0
2025-01-12 22:00:00,0.59,0.0,1.977039266136164,0.0,0.38016129,0.0,0.09,0.0
2025-01-12 23:00:00,0.6,0.0,1.3770392661361637,0.0,0.38016129,0.0,0.091,0.0
2025-01-13 00:00:00,0.7000000000000001,0.0,0.6770392661361636,0.0,0.37016129,0.0,0.09,0.0
2025-01-13 01:00:00,0.86,0.0,0.0,0.18296073386383638,0.37016129,0.0,0.088,0.06772498126638435
2025-01-13 02:00:00,0.9,0.0,0.0,0.9,0.37016129,0.0,0.086,0.33314516099999997
2025-01-13 03:00:00,1.3,0.0,0.0,1.3,0.37016129,0.0,0.086,0.481209677
2025-01-13 04:00:00,1.23,0.0,0.0,1.23,0.37016129,0.0,0.087,0.45529838669999995
2025-01-13 05:00:00,1.06,0.0,0.0,1.06,0.37016129,0.0,0.092,0.3923709674
2025-01-13 06:00:00,1.36,0.0,0.0,1.36,0.37016129,0.0,0.092,0.5034193544
2025-01-13 07:00:00,1.29,0.0,0.0,1.29,0.37016129,0.0,0.088,0.47750806409999996
2025-01-13 08:00:00,0.68,0.192693,0.0,0.48730700000000005,0.37016129,0.0,0.073,0.18038218774603001
2025-01-13 09:00:00,0.42,0.497953,0.077953,0.0,0.37016129,0.0,0.065,0.0
2025-01-13 10:00:00,0.52,1.0525989999999998,0.6105519999999998,0.0,0.37016129,0.0,0.062,0.0
2025-01-13 11:00:00,0.5731538461538462,1.030255,1.0676531538461536,0.0,0.37016129,0.0,0.061,0.0
2025-01-13 12:00:00,0.5331538461538462,1.505833,2.040332307692307,0.0,0.37016129,0.0,0.06,0.0
2025-01-13 13:00:00,0.5131538461538463,1.612922,3.140100461538461,0.0,0.37016129,0.0,0.058,0.0
2025-01-13 14:00:00,0.14,1.289824,4.289924461538462,0.0,0.37016129,0.0,0.057,0.0
2025-01-13 15:00:00,0.14,0.538415,4.688339461538462,0.0,0.38016129,0.0,0.061,0.0
2025-01-13 16:00:00,0.24,0.073444,4.521783461538462,0.0,0.40016129,0.0,0.081,0.0
2025-01-13 17:00:00,1.2578045977011496,0.0,3.263978863837312,0.0,0.40016129,0.0,0.098,0.0
2025-01-13 18:00:00,2.74780459770115,0.0,0.5161742661361624,0.0,0.40016129,0.0,0.095,0.0
2025-01-13 19:00:00,0.26,0.0,0.2561742661361623,0.0,0.40016129,0.0,0.089,0.0
2025-01-13 20:00:00,0.98,0.0,0.0,0.7238257338638376,0.40016129,0.0,0.088,0.28964703939814995
2025-01-13 21:00:00,0.89,0.0,0.0,0.89,0.38016129,0.0,0.09,0.3383435481
2025-01-13 22:00:00,1.09,0.0,0.0,1.09,0.38016129,0.0,0.09,0.4143758061
2025-01-13 23:00:00,0.94,0.0,0.0,0.94,0.38016129,0.0,0.091,0.3573516126
2025-01-14 00:00:00,0.93,0.0,0.0,0.93,0.37016129,0.0,0.09,0.3442499997
2025-01-14 01:00:00,1.21,0.0,0.0,1.21,0.37016129,0.0,0.088,0.4478951609
2025-01-14 02:00:00,0.86,0.0,0.0,0.86,0.37016129,0.0,0.086,0.3183387094
2025-01-14 03:00:00,1.24,0.0,0.0,1.24,0.37016129,0.0,0.086,0.4589999996
2025-01-14 04:00:00,0.98,0.0,0.0,0.98,0.37016129,0.0,0.087,0.36275806419999995
2025-01-14 05:00:00,1.39,0.0,0.0,1.39,0.37016129,0.0,0.092,0.5145241931
2025-01-14 06:00:00,1.02,0.0,0.0,1.02,0.37016129,0.0,0.092,0.3775645158
2025-01-14 07:00:00,1.27,0.0,0.0,1.27,0.37016129,0.0,0.088,0.4701048383
2025-01-14 08:00:00,1.0,1.611226,0.611226,0.0,0.37016129,0.0,0.073,0.0
2025-01-14 09:00:00,0.41,3.076756,3.2779819999999997,0.0,0.37016129,0.0,0.065,0.0
2025-01-14 10:00:00,0.1,3.978377,7.156359,0.0,0.37016129,0.0,0.062,0.0
2025-01-14 11:00:00,0.4831538461538462,3.806601,10.479806153846154,0.0,0.37016129,0.0,0.061,0.0
2025-01-14 12:00:00,0.4831538461538462,3.825955,13.5,0.0,0.37016129,3.3428011538461537,0.06,-0.20056806923076922
2025-01-14 13:00:00,0.4931538461538462,4.291362,13.5,0.0,0.37016129,3.7982081538461543,0.058,-0.22029607292307696
2025-01-14 14:00:00,0.18,3.582885,13.5,0.0,0.37016129,3.402885,0.057,-0.193964445
2025-01-14 15:00:00,0.17,2.4775039999999997,13.5,0.0,0.38016129,2.3075039999999998,0.061,-0.140757744
2025-01-14 16:00:00,0.2299999999999999,0.477697,13.5,0.0,0.40016129,0.24769700000000008,0.081,-0.020063457000000007
2025-01-14 17:00:00,2.42780459770115,0.0,11.07219540229885,0.0,0.40016129,0.0,0.098,0.0
2025-01-14 18:00:00,2.51780459770115,0.0,8.554390804597698,0.0,0.40016129,0.0,0.095,0.0
2025-01-14 19:00:00,1.1,0.0,7.454390804597699,0.0,0.40016129,0.0,0.089,0.0
2025-01-14 20:00:00,1.83,0.0,5.624390804597699,0.0,0.40016129,0.0,0.088,0.0
2025-01-14 21:00:00,1.46,0.0,4.164390804597699,0.0,0.38016129,0.0,0.09,0.0
2025-01-14 22:00:00,1.92,0.0,2.244390804597699,0.0,0.38016129,0.0,0.09,0.0
2025-01-14 23:00:00,1.53,0.0,0.7143908045976988,0.0,0.38016129,0.0,0.091,0.0
2025-01-15 00:00:00,1.89,0.0,0.0,1.1756091954023011,0.37016129,0.0,0.09,0.4351650163059778
2025-01-15 01:00:00,1.95,0.0,0.0,1.95,0.37016129,0.0,0.088,0.7218145155
2025-01-15 02:00:00,2.06,0.0,0.0,2.06,0.37016129,0.0,0.086,0.7625322574
2025-01-15 03:00:00,1.94,0.0,0.0,1.94,0.37016129,0.0,0.086,0.7181129025999999
2025-01-15 04:00:00,2.06,0.0,0.0,2.06,0.37016129,0.0,0.087,0.7625322574
2025-01-15 05:00:00,2.04,0.0,0.0,2.04,0.37016129,0.0,0.092,0.7551290316
2025-01-15 06:00:00,2.24,0.0,0.0,2.24,0.37016129,0.0,0.092,0.8291612896
2025-01-15 07:00:00,1.83,0.0,0.0,1.83,0.37016129,0.0,0.088,0.6773951606999999
2025-01-15 08:00:00,1.22,0.461249,0.0,0.758751,0.37016129,0.0,0.073,0.28086024894878997
2025-01-15 09:00:00,1.03,2.110694,1.080694,0.0,0.37016129,0.0,0.065,0.0
2025-01-15 10:00:00,2.51,2.4849699999999997,1.055664,0.0,0.37016129,0.0,0.062,0.0
2025-01-15 11:00:00,2.984730769230769,2.8639479999999997,0.9348812307692304,0.0,0.37016129,0.0,0.061,0.0
2025-01-15 12:00:00,2.9947307692307694,2.945507,0.8856574615384611,0.0,0.37016129,0.0,0.06,0.0
2025-01-15 13:00:00,2.984730769230769,2.502096,0.4030226923076918,0.0,0.37016129,0.0,0.058,0.0
2025-01-15 14:00:00,2.42,1.4415250000000002,0.0,0.5754523076923079,0.37016129,0.0,0.057,0.21301016854886162
2025-01-15 15:00:00,0.11,1.153845,1.043845,0.0,0.38016129,0.0,0.061,0.0
2025-01-15 16:00:00,0.19,0.379874,1.233719,0.0,0.40016129,0.0,0.081,0.0
2025-01-15 17:00:00,2.0017068965517244,0.0,0.0,0.7679878965517244,0.40016129,0.0,0.098,0.30731902738852457
2025-01-15 18:00:00,3.731706896551725,0.0,0.0,3.731706896551725,0.40016129,0.0,0.095,1.4932846456260347
2025-01-15 19:00:00,0.33,0.0,0.0,0.33,0.40016129,0.0,0.089,0.1320532257
2025-01-15 20:00:00,0.27,0.0,0.0,0.27,0.40016129,0.0,0.088,0.10804354830000001
2025-01-15 21:00:00,0.22,0.0,0.0,0.22,0.38016129,0.0,0.09,0.0836354838
2025-01-15 22:00:00,0.5,0.0,0.0,0.5,0.38016129,0.0,0.09,0.190080645
2025-01-15 23:00:00,0.8600000000000001,0.0,0.0,0.8600000000000001,0.38016129,0.0,0.091,0.3269387094
2025-01-16 00:00:00,0.94,0.0,0.0,0.94,0.37016129,0.0,0.09,0.34795161259999996
2025-01-16 01:00:00,1.01,0.0,0.0,1.01,0.37016129,0.0,0.088,0.37386290289999996
2025-01-16 02:00:00,0.8500000000000001,0.0,0.0,0.8500000000000001,0.37016129,0.0,0.086,0.3146370965
2025-01-16 03:00:00,0.92,0.0,0.0,0.92,0.37016129,0.0,0.086,0.3405483868
2025-01-16 04:00:00,1.05,0.0,0.0,1.05,0.37016129,0.0,0.087,0.3886693545
2025-01-16 05:00:00,1.2999999999999998,0.0,0.0,1.2999999999999998,0.37016129,0.0,0.092,0.4812096769999999
2025-01-16 06:00:00,0.93,0.0,0.0,0.93,0.37016129,0.0,0.092,0.3442499997
2025-01-16 07:00:00,1.16,0.0,0.0,1.16,0.37016129,0.0,0.088,0.42938709639999995
2025-01-16 08:00:00,0.75,1.457148,0.7071479999999999,0.0,0.37016129,0.0,0.073,0.0
2025-01-16 09:00:00,0.85,2.902739,2.759887,0.0,0.37016129,0.0,0.065,0.0
2025-01-16 10:00:00,0.51,3.84461,6.0944970000000005,0.0,0.37016129,0.0,0.062,0.0
2025-01-16 11:00:00,1.9747307692307696,4.338553,8.45831923076923,0.0,0.37016129,0.0,0.061,0.0
2025-01-16 12:00:00,1.394730769230769,4.46572,11.529308461538465,0.0,0.37016129,0.0,0.06,0.0
2025-01-16 13:00:00,1.0647307692307693,4.209739,13.5,0.0,0.37016129,3.1450082307692306,0.058,-0.18241047738461538
2025-01-16 14:00:00,0.12,3.528315,13.5,0.0,0.37016129,3.408315,0.057,-0.194273955
2025-01-16 15:00:00,0.1,2.445243,13.5,0.0,0.38016129,2.345243,0.061,-0.143059823
2025-01-16 16:00:00,0.11,0.952432,13.5,0.0,0.40016129,0.842432,0.081,-0.068236992
2025-01-16 17:00:00,1.7617068965517242,0.0,11.738293103448276,0.0,0.40016129,0.0,0.098,0.0
2025-01-16 18:00:00,2.281706896551724,0.0,9.456586206896551,0.0,0.40016129,0.0,0.095,0.0
2025-01-16 19:00:00,0.25,0.0,9.206586206896551,0.0,0.40016129,0.0,0.089,0.0
2025-01-16 20:00:00,0.3,0.0,8.906586206896552,0.0,0.40016129,0.0,0.088,0.0
2025-01-16 21:00:00,0.13,0.0,8.776586206896551,0.0,0.38016129,0.0,0.09,0.0
2025-01-16 22:00:00,0.54,0.0,8.23658620689655,0.0,0.38016129,0.0,0.09,0.0
2025-01-16 23:00:00,0.8500000000000001,0.0,7.386586206896551,0.0,0.38016129,0.0,0.091,0.0
2025-01-17 00:00:00,0.72,0.0,6.666586206896551,0.0,0.37016129,0.0,0.09,0.0
2025-01-17 01:00:00,0.79,0.0,5.876586206896551,0.0,0.37016129,0.0,0.088,0.0
2025-01-17 02:00:00,0.78,0.0,5.096586206896551,0.0,0.37016129,0.0,0.086,0.0
2025-01-17 03:00:00,0.86,0.0,4.2365862068965505,0.0,0.37016129,0.0,0.086,0.0
2025-01-17 04:00:00,0.87,0.0,3.3665862068965504,0.0,0.37016129,0.0,0.087,0.0
2025-01-17 05:00:00,0.93,0.0,2.4365862068965503,0.0,0.37016129,0.0,0.092,0.0
2025-01-17 06:00:00,1.16,0.0,1.2765862068965503,0.0,0.37016129,0.0,0.092,0.0
2025-01-17 07:00:00,1.1,0.0,0.1765862068965502,0.0,0.37016129,0.0,0.088,0.0
2025-01-17 08:00:00,0.77,0.023957,0.0,0.5694567931034498,0.37016129,0.0,0.073,0.21079086113443604
2025-01-17 09:00:00,1.02,2.143714,1.123714,0.0,0.37016129,0.0,0.065,0.0
2025-01-17 10:00:00,2.9,2.599993,0.8237070000000002,0.0,0.37016129,0.0,0.062,0.0
2025-01-17 11:00:00,3.635333333333333,2.876562,0.0649356666666669,0.0,0.37016129,0.0,0.061,0.0
2025-01-17 12:00:00,2.955333333333333,3.567046,0.676648333333334,0.0,0.37016129,0.0,0.06,0.0
2025-01-17 13:00:00,3.1053333333333333,2.613335,0.1846500000000008,0.0,0.37016129,0.0,0.058,0.0
2025-01-17 14:00:00,2.8499999999999996,1.988883,0.0,0.6764669999999988,0.37016129,0.0,0.057,0.25040189736242957
2025-01-17 15:00:00,0.5499999999999999,1.717714,1.167714,0.0,0.38016129,0.0,0.061,0.0
2025-01-17 16:00:00,0.6400000000000001,0.459418,0.987132,0.0,0.40016129,0.0,0.081,0.0
2025-01-17 17:00:00,1.9845670498084291,0.0,0.0,0.9974350498084291,0.40016129,0.0,0.098,0.39913489622255527
2025-01-17 18:00:00,2.6945670498084295,0.0,0.0,2.6945670498084295,0.40016129,0.0,0.095,1.0782614266428354
2025-01-17 19:00:00,0.81,0.0,0.0,0.81,0.40016129,0.0,0.089,0.32413064490000004
2025-01-17 20:00:00,0.72,0.0,0.0,0.72,0.40016129,0.0,0.088,0.2881161288
2025-01-17 21:00:00,0.92,0.0,0.0,0.92,0.38016129,0.0,0.09,0.3497483868
2025-01-17 22:00:00,0.54,0.0,0.0,0.54,0.38016129,0.0,0.09,0.2052870966
2025-01-17 23:00:00,1.15,0.0,0.0,1.15,0.38016129,0.0,0.091,0.43718548349999997
2025-01-18 00:00:00,0.93,0.0,0.0,0.93,0.37016129,0.0,0.09,0.3442499997
2025-01-18 01:00:00,0.88,0.0,0.0,0.88,0.37016129,0.0,0.088,0.3257419352
2025-01-18 02:00:00,0.93,0.0,0.0,0.93,0.37016129,0.0,0.086,0.3442499997
2025-01-18 03:00:00,1.08,0.0,0.0,1.08,0.37016129,0.0,0.086,0.3997741932
2025-01-18 04:00:00,0.82,0.0,0.0,0.82,0.37016129,0.0,0.087,0.3035322578
2025-01-18 05:00:00,0.96,0.0,0.0,0.96,0.37016129,0.0,0.092,0.3553548384
2025-01-18 06:00:00,1.33,0.0,0.0,1.33,0.37016129,0.0,0.092,0.4923145157
2025-01-18 07:00:00,0.94,0.0,0.0,0.94,0.37016129,0.0,0.088,0.34795161259999996
2025-01-18 08:00:00,0.87,1.385364,0.515364,0.0,0.37016129,0.0,0.073,0.0
2025-01-18 09:00:00,1.56,0.865259,0.0,0.179377,0.37016129,0.0,0.065,0.06639842171633
2025-01-18 10:00:00,2.8099999999999996,3.103074,0.2930740000000003,0.0,0.37016129,0.0,0.062,0.0
2025-01-18 11:00:00,2.6653333333333333,4.463737,2.091477666666667,0.0,0.37016129,0.0,0.061,0.0
2025-01-18 12:00:00,2.6453333333333333,4.6036980000000005,4.049842333333334,0.0,0.37016129,0.0,0.06,0.0
2025-01-18 13:00:00,2.715333333333333,3.291419,4.625928000000001,0.0,0.37016129,0.0,0.058,0.0
2025-01-18 14:00:00,2.46,3.623424,5.789352000000001,0.0,0.37016129,0.0,0.057,0.0
2025-01-18 15:00:00,0.1,2.532667,8.222019000000001,0.0,0.38016129,0.0,0.061,0.0
2025-01-18 16:00:00,0.12,0.985671,9.087690000000002,0.0,0.40016129,0.0,0.081,0.0
2025-01-18 17:00:00,0.6745670498084292,0.0,8.413122950191573,0.0,0.40016129,0.0,0.098,0.0
2025-01-18 18:00:00,0.7345670498084291,0.0,7.678555900383143,0.0,0.40016129,0.0,0.095,0.0
2025-01-18 19:00:00,0.59,0.0,7.0885559003831435,0.0,0.40016129,0.0,0.089,0.0
2025-01-18 20:00:00,1.06,0.0,6.028555900383143,0.0,0.40016129,0.0,0.088,0.0
2025-01-18 21:00:00,0.8300000000000001,0.0,5.198555900383143,0.0,0.38016129,0.0,0.09,0.0
2025-01-18 22:00:00,0.8,0.0,4.398555900383143,0.0,0.38016129,0.0,0.09,0.0
2025-01-18 23:00:00,0.95,0.0,3.448555900383143,0.0,0.38016129,0.0,0.091,0.0
2025-01-19 00:00:00,1.25,0.0,2.198555900383143,0.0,0.37016129,0.0,0.09,0.0
2025-01-19 01:00:00,0.9,0.0,1.298555900383143,0.0,0.37016129,0.0,0.088,0.0
2025-01-19 02:00:00,1.25,0.0,0.048555900383143,0.0,0.37016129,0.0,0.086,0.0
2025-01-19 03:00:00,1.09,0.0,0.0,1.041444099616857,0.37016129,0.0,0.086,0.38550229137706427
2025-01-19 04:00:00,1.04,0.0,0.0,1.04,0.37016129,0.0,0.087,0.38496774159999997
2025-01-19 05:00:00,0.94,0.0,0.0,0.94,0.37016129,0.0,0.092,0.34795161259999996
2025-01-19 06:00:00,1.19,0.0,0.0,1.19,0.37016129,0.0,0.092,0.44049193509999995
2025-01-19 07:00:00,1.18,0.0,0.0,1.18,0.37016129,0.0,0.088,0.43679032219999997
2025-01-19 08:00:00,0.95,1.574147,0.624147,0.0,0.37016129,0.0,0.073,0.0
2025-01-19 09:00:00,0.92,3.038439,2.742586,0.0,0.37016129,0.0,0.065,0.0
2025-01-19 10:00:00,3.17,4.031359,3.603945,0.0,0.37016129,0.0,0.062,0.0
2025-01-19 11:00:00,3.095333333333333,4.525632,5.034243666666667,0.0,0.37016129,0.0,0.061,0.0
2025-01-19 12:00:00,3.5553333333333335,4.617246,6.096156333333333,0.0,0.37016129,0.0,0.06,0.0
2025-01-19 13:00:00,3.0453333333333332,4.318393,7.369216,0.0,0.37016129,0.0,0.058,0.0
2025-01-19 14:00:00,2.75,3.662067,8.281283,0.0,0.37016129,0.0,0.057,0.0
2025-01-19 15:00:00,1.04,2.5961930000000004,9.837476,0.0,0.38016129,0.0,0.061,0.0
2025-01-19 16:00:00,1.53,1.069153,9.376629,0.0,0.40016129,0.0,0.081,0.0
2025-01-19 17:00:00,2.394567049808429,0.0,6.982061950191572,0.0,0.40016129,0.0,0.098,0.0
2025-01-19 18:00:00,2.444567049808429,0.0,4.537494900383143,0.0,0.40016129,0.0,0.095,0.0
2025-01-19 19:00:00,1.99,0.0,2.547494900383142,0.0,0.40016129,0.0,0.089,0.0
2025-01-19 20:00:00,2.26,0.0,0.2874949003831428,0.0,0.40016129,0.0,0.088,0.0
2025-01-19 21:00:00,1.87,0.0,0.0,1.5825050996168573,0.38016129,0.0,0.09,0.6016071801019229
2025-01-19 22:00:00,2.22,0.0,0.0,2.22,0.38016129,0.0,0.09,0.8439580638
2025-01-19 23:00:00,1.88,0.0,0.0,1.88,0.38016129,0.0,0.091,0.7147032252
2025-01-20 00:00:00,3.21,0.0,0.0,3.21,0.37016129,0.0,0.09,1.1882177408999999
2025-01-20 01:00:00,2.26,0.0,0.0,2.26,0.37016129,0.0,0.088,0.8365645153999999
2025-01-20 02:00:00,2.28,0.0,0.0,2.28,0.37016129,0.0,0.086,0.8439677411999998
2025-01-20 03:00:00,2.1,0.0,0.0,2.1,0.37016129,0.0,0.086,0.777338709
2025-01-20 04:00:00,2.3,0.0,0.0,2.3,0.37016129,0.0,0.087,0.8513709669999999
2025-01-20 05:00:00,2.24,0.0,0.0,2.24,0.37016129,0.0,0.092,0.8291612896
2025-01-20 06:00:00,2.62,0.0,0.0,2.62,0.37016129,0.0,0.092,0.9698225798
2025-01-20 07:00:00,2.49,0.0,0.0,2.49,0.37016129,0.0,0.088,0.9217016121
2025-01-20 08:00:00,1.47,1.580301,0.1103009999999999,0.0,0.37016129,0.0,0.073,0.0
2025-01-20 09:00:00,0.39,3.031274,2.751575,0.0,0.37016129,0.0,0.065,0.0
2025-01-20 10:00:00,0.57,3.965712,6.147287,0.0,0.37016129,0.0,0.062,0.0
2025-01-20 11:00:00,0.2953333333333333,4.388140999999999,10.240094666666666,0.0,0.37016129,0.0,0.061,0.0
2025-01-20 12:00:00,0.2953333333333333,4.376487,13.5,0.0,0.37016129,4.081153666666666,0.06,-0.24486921999999997
2025-01-20 13:00:00,0.4053333333333334,4.117209,13.5,0.0,0.37016129,3.7118756666666664,0.058,-0.21528878866666665
2025-01-20 14:00:00,3.1799999999999997,3.267217,13.5,0.0,0.37016129,0.08721700000000032,0.057,-0.004971369000000019
2025-01-20 15:00:00,2.51,1.243152,12.233152,0.0,0.38016129,0.0,0.061,0.0
2025-01-20 16:00:00,0.64,0.438799,12.031951,0.0,0.40016129,0.0,0.081,0.0
2025-01-20 17:00:00,0.6945670498084292,0.0,11.337383950191573,0.0,0.40016129,0.0,0.098,0.0
2025-01-20 18:00:00,0.7845670498084292,0.0,10.552816900383144,0.0,0.40016129,0.0,0.095,0.0
2025-01-20 19:00:00,0.18,0.0,10.372816900383144,0.0,0.40016129,0.0,0.089,0.0
2025-01-20 20:00:00,0.18,0.0,10.192816900383145,0.0,0.40016129,0.0,0.088,0.0
2025-01-20 21:00:00,0.92,0.0,9.272816900383145,0.0,0.38016129,0.0,0.09,0.0
2025-01-20 22:00:00,0.56,0.0,8.712816900383144,0.0,0.38016129,0.0,0.09,0.0
2025-01-20 23:00:00,0.81,0.0,7.902816900383144,0.0,0.38016129,0.0,0.091,0.0
2025-01-21 00:00:00,0.99,0.0,6.9128169003831434,0.0,0.37016129,0.0,0.09,0.0
2025-01-21 01:00:00,1.01,0.0,5.902816900383144,0.0,0.37016129,0.0,0.088,0.0
2025-01-21 02:00:00,1.0,0.0,4.902816900383144,0.0,0.37016129,0.0,0.086,0.0
2025-01-21 03:00:00,1.03,0.0,3.8728169003831434,0.0,0.37016129,0.0,0.086,0.0
2025-01-21 04:00:00,1.36,0.0,2.512816900383143,0.0,0.37016129,0.0,0.087,0.0
2025-01-21 05:00:00,0.98,0.0,1.532816900383143,0.0,0.37016129,0.0,0.092,0.0
2025-01-21 06:00:00,1.31,0.0,0.222816900383143,0.0,0.37016129,0.0,0.092,0.0
2025-01-21 07:00:00,1.65,0.0,0.0,1.4271830996168569,0.37016129,0.0,0.088,0.5282879372203743
2025-01-21 08:00:00,0.62,1.545836,0.925836,0.0,0.37016129,0.0,0.073,0.0
2025-01-21 09:00:00,0.55,2.926191,3.3020269999999994,0.0,0.37016129,0.0,0.065,0.0
2025-01-21 10:00:00,0.22,3.78467,6.866696999999999,0.0,0.37016129,0.0,0.062,0.0
2025-01-21 11:00:00,0.4253333333333333,4.189552,10.630915666666668,0.0,0.37016129,0.0,0.061,0.0
2025-01-21 12:00:00,0.4153333333333333,4.273338,13.5,0.0,0.37016129,3.8580046666666665,0.06,-0.23148027999999998
2025-01-21 13:00:00,0.4253333333333333,4.090107,13.5,0.0,0.37016129,3.6647736666666666,0.058,-0.21255687266666667
2025-01-21 14:00:00,0.22,3.562193,13.5,0.0,0.37016129,3.342193,0.057,-0.190505001
2025-01-21 15:00:00,0.22,2.587083,13.5,0.0,0.38016129,2.3670829999999996,0.061,-0.14439206299999996
2025-01-21 16:00:00,0.22,1.111864,13.5,0.0,0.40016129,0.891864,0.081,-0.07224098400000001
2025-01-21 17:00:00,0.7345670498084291,0.0,12.76543295019157,0.0,0.40016129,0.0,0.098,0.0
2025-01-21 18:00:00,2.9045670498084295,0.0,9.86086590038314,0.0,0.40016129,0.0,0.095,0.0
2025-01-21 19:00:00,0.44,0.0,9.42086590038314,0.0,0.40016129,0.0,0.089,0.0
2025-01-21 20:00:00,0.5700000000000001,0.0,8.850865900383141,0.0,0.40016129,0.0,0.088,0.0
2025-01-21 21:00:00,0.72,0.0,8.13086590038314,0.0,0.38016129,0.0,0.09,0.0
2025-01-21 22:00:00,0.6,0.0,7.530865900383141,0.0,0.38016129,0.0,0.09,0.0
2025-01-21 23:00:00,0.88,0.0,6.650865900383141,0.0,0.38016129,0.0,0.091,0.0
2025-01-22 00:00:00,1.12,0.0,5.530865900383141,0.0,0.37016129,0.0,0.09,0.0
2025-01-22 01:00:00,1.06,0.0,4.47086590038314,0.0,0.37016129,0.0,0.088,0.0
2025-01-22 02:00:00,1.18,0.0,3.2908659003831406,0.0,0.37016129,0.0,0.086,0.0
2025-01-22 03:00:00,1.2000000000000002,0.0,2.0908659003831405,0.0,0.37016129,0.0,0.086,0.0
2025-01-22 04:00:00,1.02,0.0,1.0708659003831404,0.0,0.37016129,0.0,0.087,0.0
2025-01-22 05:00:00,1.16,0.0,0.0,0.08913409961685947,0.37016129,0.0,0.092,0.03299399329716521
2025-01-22 06:00:00,1.44,0.0,0.0,1.44,0.37016129,0.0,0.092,0.5330322576
2025-01-22 07:00:00,1.11,0.0,0.0,1.11,0.37016129,0.0,0.088,0.4108790319
2025-01-22 08:00:00,0.59,1.616122,1.026122,0.0,0.37016129,0.0,0.073,0.0
2025-01-22 09:00:00,0.52,3.046012,3.552134,0.0,0.37016129,0.0,0.065,0.0
2025-01-22 10:00:00,2.4099999999999997,2.673658,3.815792000000001,0.0,0.37016129,0.0,0.062,0.0
2025-01-22 11:00:00,2.6053333333333333,4.428576,5.639034666666667,0.0,0.37016129,0.0,0.061,0.0
2025-01-22 12:00:00,2.615333333333333,4.474117000000001,7.497818333333335,0.0,0.37016129,0.0,0.06,0.0
2025-01-22 13:00:00,2.6053333333333333,4.1652439999999995,9.057729000000002,0.0,0.37016129,0.0,0.058,0.0
2025-01-22 14:00:00,2.4099999999999997,3.533089,10.180818000000002,0.0,0.37016129,0.0,0.057,0.0
2025-01-22 15:00:00,0.11,2.545544,12.616362000000002,0.0,0.38016129,0.0,0.061,0.0
2025-01-22 16:00:00,0.27,0.601139,12.947501000000004,0.0,0.40016129,0.0,0.081,0.0
2025-01-22 17:00:00,1.0845670498084292,0.0,11.862933950191572,0.0,0.40016129,0.0,0.098,0.0
2025-01-22 18:00:00,1.1145670498084292,0.0,10.748366900383145,0.0,0.40016129,0.0,0.095,0.0
2025-01-22 19:00:00,0.16,0.0,10.588366900383145,0.0,0.40016129,0.0,0.089,0.0
2025-01-22 20:00:00,0.19,0.0,10.398366900383143,0.0,0.40016129,0.0,0.088,0.0
2025-01-22 21:00:00,0.16,0.0,10.238366900383143,0.0,0.38016129,0.0,0.09,0.0
2025-01-22 22:00:00,0.21,0.0,10.028366900383144,0.0,0.38016129,0.0,0.09,0.0
2025-01-22 23:00:00,0.8,0.0,9.228366900383143,0.0,0.38016129,0.0,0.091,0.0
2025-01-23 00:00:00,0.4299999999999999,0.0,8.798366900383144,0.0,0.37016129,0.0,0.09,0.0
2025-01-23 01:00:00,0.86,0.0,7.938366900383143,0.0,0.37016129,0.0,0.088,0.0
2025-01-23 02:00:00,0.9,0.0,7.038366900383143,0.0,0.37016129,0.0,0.086,0.0
2025-01-23 03:00:00,0.75,0.0,6.288366900383143,0.0,0.37016129,0.0,0.086,0.0
2025-01-23 04:00:00,0.94,0.0,5.348366900383143,0.0,0.37016129,0.0,0.087,0.0
2025-01-23 05:00:00,0.85,0.0,4.498366900383143,0.0,0.37016129,0.0,0.092,0.0
2025-01-23 06:00:00,1.12,0.0,3.378366900383143,0.0,0.37016129,0.0,0.092,0.0
2025-01-23 07:00:00,0.52,0.0,2.858366900383143,0.0,0.37016129,0.0,0.088,0.0
2025-01-23 08:00:00,0.1,1.481073,4.239439900383143,0.0,0.37016129,0.0,0.073,0.0
2025-01-23 09:00:00,0.13,1.464556,5.573995900383143,0.0,0.37016129,0.0,0.065,0.0
2025-01-23 10:00:00,0.13,3.719628,9.163623900383143,0.0,0.37016129,0.0,0.062,0.0
2025-01-23 11:00:00,0.403,4.2039409999999995,12.964564900383143,0.0,0.37016129,0.0,0.061,0.0
2025-01-23 12:00:00,0.523,4.306983,13.5,0.0,0.37016129,3.7839829999999997,0.06,-0.22703897999999997
2025-01-23 13:00:00,0.403,4.0771109999999995,13.5,0.0,0.37016129,3.6741109999999995,0.058,-0.21309843799999997
2025-01-23 14:00:00,0.1,3.419298,13.5,0.0,0.37016129,3.319298,0.057,-0.189199986
2025-01-23 15:00:00,0.1,2.396695,13.5,0.0,0.38016129,2.2966949999999997,0.061,-0.140098395
2025-01-23 16:00:00,0.1,0.969461,13.5,0.0,0.40016129,0.869461,0.081,-0.070426341
2025-01-23 17:00:00,1.281850574712644,0.0,12.218149425287356,0.0,0.40016129,0.0,0.098,0.0
2025-01-23 18:00:00,3.121850574712644,0.0,9.096298850574712,0.0,0.40016129,0.0,0.095,0.0
2025-01-23 19:00:00,0.28,0.0,8.816298850574713,0.0,0.40016129,0.0,0.089,0.0
2025-01-23 20:00:00,0.17,0.0,8.646298850574713,0.0,0.40016129,0.0,0.088,0.0
2025-01-23 21:00:00,0.16,0.0,8.486298850574713,0.0,0.38016129,0.0,0.09,0.0
2025-01-23 22:00:00,0.7100000000000001,0.0,7.776298850574713,0.0,0.38016129,0.0,0.09,0.0
2025-01-23 23:00:00,0.7100000000000001,0.0,7.066298850574713,0.0,0.38016129,0.0,0.091,0.0
2025-01-24 00:00:00,0.41,0.0,6.6562988505747125,0.0,0.37016129,0.0,0.09,0.0
2025-01-24 01:00:00,0.6799999999999999,0.0,5.976298850574713,0.0,0.37016129,0.0,0.088,0.0
2025-01-24 02:00:00,0.6799999999999999,0.0,5.296298850574713,0.0,0.37016129,0.0,0.086,0.0
2025-01-24 03:00:00,0.88,0.0,4.416298850574713,0.0,0.37016129,0.0,0.086,0.0
2025-01-24 04:00:00,0.75,0.0,3.666298850574713,0.0,0.37016129,0.0,0.087,0.0
2025-01-24 05:00:00,0.94,0.0,2.726298850574713,0.0,0.37016129,0.0,0.092,0.0
2025-01-24 06:00:00,0.93,0.0,1.796298850574713,0.0,0.37016129,0.0,0.092,0.0
2025-01-24 07:00:00,1.0,0.010985,0.8072838505747131,0.0,0.37016129,0.0,0.088,0.0
2025-01-24 08:00:00,0.45,0.13463,0.491913850574713,0.0,0.37016129,0.0,0.073,0.0
2025-01-24 09:00:00,0.27,1.272462,1.4943758505747131,0.0,0.37016129,0.0,0.065,0.0
2025-01-24 10:00:00,2.57,3.0209360000000003,1.9453118505747136,0.0,0.37016129,0.0,0.062,0.0
2025-01-24 11:00:00,2.853,2.64963,1.7419418505747135,0.0,0.37016129,0.0,0.061,0.0
2025-01-24 12:00:00,2.853,3.845736,2.734677850574714,0.0,0.37016129,0.0,0.06,0.0
2025-01-24 13:00:00,2.8129999999999997,2.976277,2.8979548505747137,0.0,0.37016129,0.0,0.058,0.0
2025-01-24 14:00:00,2.51,3.4675390000000004,3.8554938505747143,0.0,0.37016129,0.0,0.057,0.0
2025-01-24 15:00:00,0.22,1.944374,5.579867850574715,0.0,0.38016129,0.0,0.061,0.0
2025-01-24 16:00:00,0.21,0.260095,5.629962850574715,0.0,0.40016129,0.0,0.081,0.0
2025-01-24 17:00:00,1.4618505747126438,0.0,4.168112275862071,0.0,0.40016129,0.0,0.098,0.0
2025-01-24 18:00:00,4.111850574712644,0.0,0.0562617011494266,0.0,0.40016129,0.0,0.095,0.0
2025-01-24 19:00:00,2.3200000000000003,0.0,0.0,2.2637382988505736,0.40016129,0.0,0.089,0.9058604378904511
2025-01-24 20:00:00,1.11,0.0,0.0,1.11,0.40016129,0.0,0.088,0.4441790319
2025-01-24 21:00:00,1.17,0.0,0.0,1.17,0.38016129,0.0,0.09,0.4447887093
2025-01-24 22:00:00,1.46,0.0,0.0,1.46,0.38016129,0.0,0.09,0.5550354834
2025-01-24 23:00:00,1.82,0.0,0.0,1.82,0.38016129,0.0,0.091,0.6918935478
2025-01-25 00:00:00,1.4500000000000002,0.0,0.0,1.4500000000000002,0.37016129,0.0,0.09,0.5367338705
2025-01-25 01:00:00,1.82,0.0,0.0,1.82,0.37016129,0.0,0.088,0.6736935478
2025-01-25 02:00:00,1.53,0.0,0.0,1.53,0.37016129,0.0,0.086,0.5663467737
2025-01-25 03:00:00,1.97,0.0,0.0,1.97,0.37016129,0.0,0.086,0.7292177412999999
2025-01-25 04:00:00,1.83,0.0,0.0,1.83,0.37016129,0.0,0.087,0.6773951606999999
2025-01-25 05:00:00,1.82,0.0,0.0,1.82,0.37016129,0.0,0.092,0.6736935478
2025-01-25 06:00:00,1.89,0.0,0.0,1.89,0.37016129,0.0,0.092,0.6996048381
2025-01-25 07:00:00,1.87,0.0,0.0,1.87,0.37016129,0.0,0.088,0.6922016123
2025-01-25 08:00:00,1.82,0.276563,0.0,1.543437,0.37016129,0.0,0.073,0.57132063095373
2025-01-25 09:00:00,1.4500000000000002,2.227596,0.777596,0.0,0.37016129,0.0,0.065,0.0
2025-01-25 10:00:00,3.42,0.2334,0.0,2.409004,0.37016129,0.0,0.062,0.89172002825516
2025-01-25 11:00:00,3.713,0.7467699999999999,0.0,2.9662300000000004,0.37016129,0.0,0.061,1.0979835232367001
2025-01-25 12:00:00,2.6929999999999996,0.4633759999999999,0.0,2.229624,0.37016129,0.0,0.06,0.8253204960549598
2025-01-25 13:00:00,2.823,0.394687,0.0,2.428313,0.37016129,0.0,0.058,0.89886747260377
2025-01-25 14:00:00,2.5599999999999996,0.4162599999999999,0.0,2.1437399999999998,0.37016129,0.0,0.057,0.7935295638245998
2025-01-25 15:00:00,0.2,0.2910149999999999,0.0910149999999999,0.0,0.38016129,0.0,0.061,0.0
2025-01-25 16:00:00,0.18,0.180702,0.0917169999999999,0.0,0.40016129,0.0,0.081,0.0
2025-01-25 17:00:00,3.261850574712644,0.0,0.0,3.170133574712644,0.40016129,0.0,0.098,1.268564740729323
2025-01-25 18:00:00,2.711850574712644,0.0,0.0,2.711850574712644,0.40016129,0.0,0.095,1.085177624264253
2025-01-25 19:00:00,0.47,0.0,0.0,0.47,0.40016129,0.0,0.089,0.18807580629999998
2025-01-25 20:00:00,0.28,0.0,0.0,0.28,0.40016129,0.0,0.088,0.1120451612
2025-01-25 21:00:00,0.71,0.0,0.0,0.71,0.38016129,0.0,0.09,0.2699145159
2025-01-25 22:00:00,1.48,0.0,0.0,1.48,0.38016129,0.0,0.09,0.5626387091999999
2025-01-25 23:00:00,0.92,0.0,0.0,0.92,0.38016129,0.0,0.091,0.3497483868
2025-01-26 00:00:00,0.93,0.0,0.0,0.93,0.37016129,0.0,0.09,0.3442499997
2025-01-26 01:00:00,0.97,0.0,0.0,0.97,0.37016129,0.0,0.088,0.35905645129999997
2025-01-26 02:00:00,1.04,0.0,0.0,1.04,0.37016129,0.0,0.086,0.38496774159999997
2025-01-26 03:00:00,1.04,0.0,0.0,1.04,0.37016129,0.0,0.086,0.38496774159999997
2025-01-26 04:00:00,1.25,0.0,0.0,1.25,0.37016129,0.0,0.087,0.46270161249999997
2025-01-26 05:00:00,1.74,0.0,0.0,1.74,0.37016129,0.0,0.092,0.6440806445999999
2025-01-26 06:00:00,1.37,0.0,0.0,1.37,0.37016129,0.0,0.092,0.5071209673
2025-01-26 07:00:00,1.37,0.0,0.0,1.37,0.37016129,0.0,0.088,0.5071209673
2025-01-26 08:00:00,1.52,0.320524,0.0,1.199476,0.37016129,0.0,0.073,0.44399958348403995
2025-01-26 09:00:00,1.13,1.580599,0.4505989999999999,0.0,0.37016129,0.0,0.065,0.0
2025-01-26 10:00:00,3.28,2.334804,0.0,0.4945969999999998,0.37016129,0.0,0.062,0.18308066355012992
2025-01-26 11:00:00,3.143,4.4921109999999995,1.3491109999999995,0.0,0.37016129,0.0,0.061,0.0
2025-01-26 12:00:00,3.263,4.671685,2.757796,0.0,0.37016129,0.0,0.06,0.0
2025-01-26 13:00:00,2.863,4.439058,4.3338540000000005,0.0,0.37016129,0.0,0.058,0.0
2025-01-26 14:00:00,2.83,2.578771,4.082625,0.0,0.37016129,0.0,0.057,0.0
2025-01-26 15:00:00,0.59,0.023757,3.516382,0.0,0.38016129,0.0,0.061,0.0
2025-01-26 16:00:00,0.6,0.65388,3.570262,0.0,0.40016129,0.0,0.081,0.0
2025-01-26 17:00:00,1.891850574712644,0.0,1.678411425287356,0.0,0.40016129,0.0,0.098,0.0
2025-01-26 18:00:00,4.331850574712644,0.0,0.0,2.653439149425288,0.40016129,0.0,0.095,1.0618036329705258
2025-01-26 19:00:00,1.12,0.0,0.0,1.12,0.40016129,0.0,0.089,0.4481806448
2025-01-26 20:00:00,0.95,0.0,0.0,0.95,0.40016129,0.0,0.088,0.38015322549999997
2025-01-26 21:00:00,1.01,0.0,0.0,1.01,0.38016129,0.0,0.09,0.3839629029
2025-01-26 22:00:00,1.14,0.0,0.0,1.14,0.38016129,0.0,0.09,0.43338387059999994
2025-01-26 23:00:00,1.08,0.0,0.0,1.08,0.38016129,0.0,0.091,0.4105741932
2025-01-27 00:00:00,1.01,0.0,0.0,1.01,0.37016129,0.0,0.09,0.37386290289999996
2025-01-27 01:00:00,1.29,0.0,0.0,1.29,0.37016129,0.0,0.088,0.47750806409999996
2025-01-27 02:00:00,1.59,0.0,0.0,1.59,0.37016129,0.0,0.086,0.5885564511
2025-01-27 03:00:00,1.09,0.0,0.0,1.09,0.37016129,0.0,0.086,0.4034758061
2025-01-27 04:00:00,1.7000000000000002,0.0,0.0,1.7000000000000002,0.37016129,0.0,0.087,0.629274193
2025-01-27 05:00:00,1.2000000000000002,0.0,0.0,1.2000000000000002,0.37016129,0.0,0.092,0.44419354800000005
2025-01-27 06:00:00,1.57,0.0,0.0,1.57,0.37016129,0.0,0.092,0.5811532253
2025-01-27 07:00:00,1.3,0.010807,0.0,1.289193,0.37016129,0.0,0.088,0.47720934393896997
2025-01-27 08:00:00,0.98,0.953145,0.0,0.026854999999999962,0.37016129,0.0,0.073,0.009940681442949986
2025-01-27 09:00:00,0.47,2.246872,1.7768719999999998,0.0,0.37016129,0.0,0.065,0.0
2025-01-27 10:00:00,0.1,0.929065,2.605937,0.0,0.37016129,0.0,0.062,0.0
2025-01-27 11:00:00,0.403,1.651168,3.854105,0.0,0.37016129,0.0,0.061,0.0
2025-01-27 12:00:00,0.393,1.466929,4.928034,0.0,0.37016129,0.0,0.06,0.0
2025-01-27 13:00:00,0.393,0.5938049999999999,5.128839,0.0,0.37016129,0.0,0.058,0.0
2025-01-27 14:00:00,0.1,2.066451,7.09529,0.0,0.37016129,0.0,0.057,0.0
2025-01-27 15:00:00,0.11,0.7074199999999999,7.69271,0.0,0.38016129,0.0,0.061,0.0
2025-01-27 16:00:00,0.12,0.175282,7.747992,0.0,0.40016129,0.0,0.081,0.0
2025-01-27 17:00:00,1.061850574712644,0.0,6.686141425287356,0.0,0.40016129,0.0,0.098,0.0
2025-01-27 18:00:00,2.181850574712644,0.0,4.504290850574712,0.0,0.40016129,0.0,0.095,0.0
2025-01-27 19:00:00,0.3399999999999999,0.0,4.164290850574712,0.0,0.40016129,0.0,0.089,0.0
2025-01-27 20:00:00,0.22,0.0,3.944290850574712,0.0,0.40016129,0.0,0.088,0.0
2025-01-27 21:00:00,0.8,0.0,3.144290850574712,0.0,0.38016129,0.0,0.09,0.0
2025-01-27 22:00:00,0.87,0.0,2.2742908505747117,0.0,0.38016129,0.0,0.09,0.0
2025-01-27 23:00:00,0.81,0.0,1.4642908505747116,0.0,0.38016129,0.0,0.091,0.0
2025-01-28 00:00:00,1.13,0.0,0.3342908505747117,0.0,0.37016129,0.0,0.09,0.0
2025-01-28 01:00:00,1.22,0.0,0.0,0.8857091494252882,0.37016129,0.0,0.088,0.3278552413160674
2025-01-28 02:00:00,1.06,0.0,0.0,1.06,0.37016129,0.0,0.086,0.3923709674
2025-01-28 03:00:00,0.91,0.0,0.0,0.91,0.37016129,0.0,0.086,0.3368467739
2025-01-28 04:00:00,1.04,0.0,0.0,1.04,0.37016129,0.0,0.087,0.38496774159999997
2025-01-28 05:00:00,0.87,0.0,0.0,0.87,0.37016129,0.0,0.092,0.32204032229999996
2025-01-28 06:00:00,1.38,0.0,0.0,1.38,0.37016129,0.0,0.092,0.5108225801999999
2025-01-28 07:00:00,1.01,0.000422,0.0,1.009578,0.37016129,0.0,0.088,0.37370669483562
2025-01-28 08:00:00,0.56,0.777204,0.2172039999999999,0.0,0.37016129,0.0,0.073,0.0
2025-01-28 09:00:00,0.48,2.6550100000000003,2.392214,0.0,0.37016129,0.0,0.065,0.0
2025-01-28 10:00:00,0.11,3.938229,6.2204429999999995,0.0,0.37016129,0.0,0.062,0.0
2025-01-28 11:00:00,0.393,4.548095,10.375538,0.0,0.37016129,0.0,0.061,0.0
2025-01-28 12:00:00,0.403,4.731975,13.5,0.0,0.37016129,4.328975,0.06,-0.2597385
2025-01-28 13:00:00,0.403,2.8638649999999997,13.5,0.0,0.37016129,2.4608649999999996,0.058,-0.14273017
2025-01-28 14:00:00,0.1,3.820588,13.5,0.0,0.37016129,3.720588,0.057,-0.212073516
2025-01-28 15:00:00,0.1,0.103292,13.5,0.0,0.38016129,0.0032919999999999894,0.061,-0.00020081199999999935
2025-01-28 16:00:00,0.12,1.246855,13.5,0.0,0.40016129,1.126855,0.081,-0.091275255
2025-01-28 17:00:00,0.9918505747126438,0.0,12.508149425287357,0.0,0.40016129,0.0,0.098,0.0
2025-01-28 18:00:00,1.051850574712644,0.0,11.456298850574711,0.0,0.40016129,0.0,0.095,0.0
2025-01-28 19:00:00,0.27,0.0,11.186298850574714,0.0,0.40016129,0.0,0.089,0.0
2025-01-28 20:00:00,0.85,0.0,10.336298850574714,0.0,0.40016129,0.0,0.088,0.0
2025-01-28 21:00:00,0.96,0.0,9.376298850574711,0.0,0.38016129,0.0,0.09,0.0
2025-01-28 22:00:00,0.95,0.0,8.426298850574714,0.0,0.38016129,0.0,0.09,0.0
2025-01-28 23:00:00,0.73,0.0,7.696298850574713,0.0,0.38016129,0.0,0.091,0.0
2025-01-29 00:00:00,0.86,0.0,6.836298850574713,0.0,0.37016129,0.0,0.09,0.0
2025-01-29 01:00:00,0.94,0.0,5.896298850574713,0.0,0.37016129,0.0,0.088,0.0
2025-01-29 02:00:00,1.17,0.0,4.726298850574713,0.0,0.37016129,0.0,0.086,0.0
2025-01-29 03:00:00,0.74,0.0,3.986298850574713,0.0,0.37016129,0.0,0.086,0.0
2025-01-29 04:00:00,0.8800000000000001,0.0,3.1062988505747127,0.0,0.37016129,0.0,0.087,0.0
2025-01-29 05:00:00,0.81,0.0,2.2962988505747126,0.0,0.37016129,0.0,0.092,0.0
2025-01-29 06:00:00,0.96,0.0,1.3362988505747126,0.0,0.37016129,0.0,0.092,0.0
2025-01-29 07:00:00,1.1,0.084569,0.3208678505747127,0.0,0.37016129,0.0,0.088,0.0
2025-01-29 08:00:00,0.94,1.72632,1.1071878505747126,0.0,0.37016129,0.0,0.073,0.0
2025-01-29 09:00:00,0.73,3.178963,3.5561508505747126,0.0,0.37016129,0.0,0.065,0.0
2025-01-29 10:00:00,3.1899999999999995,4.146438,4.512588850574713,0.0,0.37016129,0.0,0.062,0.0
2025-01-29 11:00:00,3.493,4.6668400000000005,5.686428850574714,0.0,0.37016129,0.0,0.061,0.0
2025-01-29 12:00:00,3.113,4.8214369999999995,7.394865850574714,0.0,0.37016129,0.0,0.06,0.0
2025-01-29 13:00:00,2.7329999999999997,4.558445,9.220310850574714,0.0,0.37016129,0.0,0.058,0.0
2025-01-29 14:00:00,2.78,3.918382,10.358692850574714,0.0,0.37016129,0.0,0.057,0.0
2025-01-29 15:00:00,0.44,2.869969,12.788661850574714,0.0,0.38016129,0.0,0.061,0.0
2025-01-29 16:00:00,0.4,1.352434,13.5,0.0,0.40016129,0.9524339999999999,0.081,-0.077147154
2025-01-29 17:00:00,1.331850574712644,0.0,12.168149425287355,0.0,0.40016129,0.0,0.098,0.0
2025-01-29 18:00:00,3.621850574712644,0.0,8.546298850574713,0.0,0.40016129,0.0,0.095,0.0
2025-01-29 19:00:00,1.55,0.0,6.996298850574713,0.0,0.40016129,0.0,0.089,0.0
2025-01-29 20:00:00,1.05,0.0,5.946298850574713,0.0,0.40016129,0.0,0.088,0.0
2025-01-29 21:00:00,1.48,0.0,4.466298850574713,0.0,0.38016129,0.0,0.09,0.0
2025-01-29 22:00:00,0.97,0.0,3.4962988505747132,0.0,0.38016129,0.0,0.09,0.0
2025-01-29 23:00:00,1.12,0.0,2.376298850574713,0.0,0.38016129,0.0,0.091,0.0
2025-01-30 00:00:00,1.13,0.0,1.2462988505747132,0.0,0.37016129,0.0,0.09,0.0
2025-01-30 01:00:00,0.94,0.0,0.3062988505747133,0.0,0.37016129,0.0,0.088,0.0
2025-01-30 02:00:00,1.12,0.0,0.0,0.8137011494252868,0.37016129,0.0,0.086,0.3012006671457469
2025-01-30 03:00:00,0.88,0.0,0.0,0.88,0.37016129,0.0,0.086,0.3257419352
2025-01-30 04:00:00,0.87,0.0,0.0,0.87,0.37016129,0.0,0.087,0.32204032229999996
2025-01-30 05:00:00,1.35,0.0,0.0,1.35,0.37016129,0.0,0.092,0.4997177415
2025-01-30 06:00:00,0.86,0.0,0.0,0.86,0.37016129,0.0,0.092,0.3183387094
2025-01-30 07:00:00,1.4,0.128515,0.0,1.271485,0.37016129,0.0,0.088,0.47065452781565
2025-01-30 08:00:00,1.13,1.82363,0.6936300000000002,0.0,0.37016129,0.0,0.073,0.0
2025-01-30 09:00:00,0.95,3.274288,3.0179180000000003,0.0,0.37016129,0.0,0.065,0.0
2025-01-30 10:00:00,0.86,3.655036,5.812954,0.0,0.37016129,0.0,0.062,0.0
2025-01-30 11:00:00,0.6930000000000001,4.650736,9.77069,0.0,0.37016129,0.0,0.061,0.0
2025-01-30 12:00:00,1.173,4.2283599999999995,12.82605,0.0,0.37016129,0.0,0.06,0.0
2025-01-30 13:00:00,0.7730000000000001,4.2463239999999995,13.5,0.0,0.37016129,3.4733239999999994,0.058,-0.20145279199999996
2025-01-30 14:00:00,0.55,3.898482,13.5,0.0,0.37016129,3.3484819999999997,0.057,-0.190863474
2025-01-30 15:00:00,0.47,2.8614960000000003,13.5,0.0,0.38016129,2.391496,0.061,-0.14588125600000001
2025-01-30 16:00:00,0.98,1.36331,13.5,0.0,0.40016129,0.38331000000000004,0.081,-0.031048110000000004
2025-01-30 17:00:00,1.851850574712644,0.0,11.648149425287356,0.0,0.40016129,0.0,0.098,0.0
2025-01-30 18:00:00,2.2218505747126436,0.0,9.426298850574712,0.0,0.40016129,0.0,0.095,0.0
2025-01-30 19:00:00,0.75,0.0,8.676298850574712,0.0,0.40016129,0.0,0.089,0.0
2025-01-30 20:00:00,0.97,0.0,7.706298850574712,0.0,0.40016129,0.0,0.088,0.0
2025-01-30 21:00:00,1.37,0.0,6.336298850574712,0.0,0.38016129,0.0,0.09,0.0
2025-01-30 22:00:00,1.09,0.0,5.246298850574712,0.0,0.38016129,0.0,0.09,0.0
2025-01-30 23:00:00,1.24,0.0,4.006298850574712,0.0,0.38016129,0.0,0.091,0.0
2025-01-31 00:00:00,0.85,0.0,3.156298850574712,0.0,0.37016129,0.0,0.09,0.0
2025-01-31 01:00:00,1.51,0.0,1.646298850574712,0.0,0.37016129,0.0,0.088,0.0
2025-01-31 02:00:00,0.93,0.0,0.716298850574712,0.0,0.37016129,0.0,0.086,0.0
2025-01-31 03:00:00,1.29,0.0,0.0,0.573701149425288,0.37016129,0.0,0.086,0.21236195754574738
2025-01-31 04:00:00,0.8600000000000001,0.0,0.0,0.8600000000000001,0.37016129,0.0,0.087,0.31833870940000003
2025-01-31 05:00:00,1.17,0.0,0.0,1.17,0.37016129,0.0,0.092,0.43308870929999993
2025-01-31 06:00:00,1.04,0.0,0.0,1.04,0.37016129,0.0,0.092,0.38496774159999997
2025-01-31 07:00:00,1.29,0.014834,0.0,1.275166,0.37016129,0.0,0.088,0.47201709152413995
2025-01-31 08:00:00,1.95,0.792114,0.0,1.157886,0.37016129,0.0,0.073,0.42860457543293995
2025-01-31 09:00:00,1.02,3.1170940000000003,2.097094,0.0,0.37016129,0.0,0.065,0.0
2025-01-31 10:00:00,3.53,4.07994,2.647034,0.0,0.37016129,0.0,0.062,0.0
2025-01-31 11:00:00,4.080666666666667,4.611658,3.1780253333333337,0.0,0.37016129,0.0,0.061,0.0
2025-01-31 12:00:00,3.5806666666666667,4.738011,4.335369666666667,0.0,0.37016129,0.0,0.06,0.0
2025-01-31 13:00:00,4.100666666666667,4.472906,4.707609,0.0,0.37016129,0.0,0.058,0.0
2025-01-31 14:00:00,3.2699999999999996,3.854769,5.292377999999999,0.0,0.37016129,0.0,0.057,0.0
2025-01-31 15:00:00,1.05,2.091593,6.333970999999999,0.0,0.38016129,0.0,0.061,0.0
2025-01-31 16:00:00,0.61,0.5492279999999999,6.273198999999999,0.0,0.40016129,0.0,0.081,0.0
2025-01-31 17:00:00,3.6991340996168582,0.0,2.574064900383141,0.0,0.40016129,0.0,0.098,0.0
2025-01-31 18:00:00,2.6491340996168584,0.0,0.0,0.07506919923371758,0.40016129,0.0,0.095,0.030039787604631437
2025-01-31 19:00:00,0.7200000000000001,0.0,0.0,0.7200000000000001,0.40016129,0.0,0.089,0.28811612880000004
2025-01-31 20:00:00,0.34,0.0,0.0,0.34,0.40016129,0.0,0.088,0.1360548386
2025-01-31 21:00:00,0.42,0.0,0.0,0.42,0.38016129,0.0,0.09,0.15966774179999998
2025-01-31 22:00:00,0.54,0.0,0.0,0.54,0.38016129,0.0,0.09,0.2052870966
2025-01-31 23:00:00,0.41,0.0,0.0,0.41,0.38016129,0.0,0.091,0.15586612889999998
2025-01-31 23:59:59,0.1,0.0,0.0,0.1,150.0,0.0,0.0,15.0
2025-02-01 00:00:00,0.72,0.0,0.0,0.72,0.372321429,0.0,0.086,0.26807142887999996
2025-02-01 01:00:00,0.5,0.0,0.0,0.5,0.372321429,0.0,0.084,0.1861607145
2025-02-01 02:00:00,0.68,0.0,0.0,0.68,0.372321429,0.0,0.084,0.25317857172
2025-02-01 03:00:00,0.1699999999999999,0.0,0.0,0.1699999999999999,0.372321429,0.0,0.084,0.06329464292999996
2025-02-01 04:00:00,0.61,0.0,0.0,0.61,0.372321429,0.0,0.085,0.22711607168999998
2025-02-01 05:00:00,0.61,0.0,0.0,0.61,0.372321429,0.0,0.084,0.22711607168999998
2025-02-01 06:00:00,0.6699999999999999,0.0,0.0,0.6699999999999999,0.372321429,0.0,0.08,0.24945535742999997
2025-02-01 07:00:00,0.65,0.050599,0.0,0.5994010000000001,0.372321429,0.0,0.076,0.22316983686402903
2025-02-01 08:00:00,0.5800000000000001,1.735326,1.155326,0.0,0.372321429,0.0,0.055,0.0
2025-02-01 09:00:00,1.58,3.1255680000000003,2.700894,0.0,0.372321429,0.0,0.043,0.0
2025-02-01 10:00:00,3.01,3.944545,3.635439,0.0,0.372321429,0.0,0.038,0.0
2025-02-01 11:00:00,3.530666666666667,4.487873,4.5926453333333335,0.0,0.372321429,0.0,0.038,0.0
2025-02-01 12:00:00,3.5906666666666665,4.648969,5.650947666666667,0.0,0.372321429,0.0,0.034,0.0
2025-02-01 13:00:00,4.120666666666667,4.503259,6.03354,0.0,0.372321429,0.0,0.032,0.0
2025-02-01 14:00:00,4.07,3.875149,5.8386890000000005,0.0,0.372321429,0.0,0.031,0.0
2025-02-01 15:00:00,1.07,2.871672,7.640361,0.0,0.382321429,0.0,0.032,0.0
2025-02-01 16:00:00,1.52,1.38604,7.506401,0.0,0.402321429,0.0,0.062,0.0
2025-02-01 17:00:00,2.639134099616858,0.0,4.867266900383142,0.0,0.402321429,0.0,0.099,0.0
2025-02-01 18:00:00,3.1791340996168587,0.0,1.6881328007662837,0.0,0.402321429,0.0,0.089,0.0
2025-02-01 19:00:00,1.56,0.0,0.1281328007662834,0.0,0.402321429,0.0,0.082,0.0
2025-02-01 20:00:00,1.35,0.0,0.0,1.2218671992337167,0.402321429,0.0,0.083,0.4915833576439366
2025-02-01 21:00:00,1.17,0.0,0.0,1.17,0.382321429,0.0,0.082,0.44731607192999995
2025-02-01 22:00:00,1.24,0.0,0.0,1.24,0.382321429,0.0,0.086,0.47407857196
2025-02-01 23:00:00,1.11,0.0,0.0,1.11,0.382321429,0.0,0.087,0.42437678619
2025-02-02 00:00:00,1.15,0.0,0.0,1.15,0.372321429,0.0,0.086,0.42816964334999996
2025-02-02 01:00:00,1.6,0.0,0.0,1.6,0.372321429,0.0,0.084,0.5957142864
2025-02-02 02:00:00,1.2000000000000002,0.0,0.0,1.2000000000000002,0.372321429,0.0,0.084,0.44678571480000007
2025-02-02 03:00:00,1.71,0.0,0.0,1.71,0.372321429,0.0,0.084,0.63666964359
2025-02-02 04:00:00,1.51,0.0,0.0,1.51,0.372321429,0.0,0.085,0.56220535779
2025-02-02 05:00:00,1.41,0.0,0.0,1.41,0.372321429,0.0,0.084,0.5249732148899999
2025-02-02 06:00:00,1.42,0.0,0.0,1.42,0.372321429,0.0,0.08,0.5286964291799999
2025-02-02 07:00:00,1.5,0.1488799999999999,0.0,1.35112,0.372321429,0.0,0.076,0.50305092915048
2025-02-02 08:00:00,1.56,1.791235,0.2312349999999998,0.0,0.372321429,0.0,0.055,0.0
2025-02-02 09:00:00,2.23,3.204721,1.205956,0.0,0.372321429,0.0,0.043,0.0
2025-02-02 10:00:00,2.9299999999999997,4.155289,2.431245,0.0,0.372321429,0.0,0.038,0.0
2025-02-02 11:00:00,3.3206666666666664,4.673019,3.7835973333333337,0.0,0.372321429,0.0,0.038,0.0
2025-02-02 12:00:00,3.1906666666666665,4.811833,5.404763666666668,0.0,0.372321429,0.0,0.034,0.0
2025-02-02 13:00:00,3.3706666666666667,4.538390000000001,6.5724870000000015,0.0,0.372321429,0.0,0.032,0.0
2025-02-02 14:00:00,2.78,3.935415,7.727902000000002,0.0,0.372321429,0.0,0.031,0.0
2025-02-02 15:00:00,0.79,2.9110859999999996,9.848988000000002,0.0,0.382321429,0.0,0.032,0.0
2025-02-02 16:00:00,0.87,1.415492,10.39448,0.0,0.402321429,0.0,0.062,0.0
2025-02-02 17:00:00,1.6891340996168585,0.0,8.705345900383143,0.0,0.402321429,0.0,0.099,0.0
2025-02-02 18:00:00,1.6591340996168582,0.0,7.046211800766285,0.0,0.402321429,0.0,0.089,0.0
2025-02-02 19:00:00,0.76,0.0,6.286211800766285,0.0,0.402321429,0.0,0.082,0.0
2025-02-02 20:00:00,0.33,0.0,5.956211800766285,0.0,0.402321429,0.0,0.083,0.0
2025-02-02 21:00:00,0.29,0.0,5.666211800766285,0.0,0.382321429,0.0,0.082,0.0
2025-02-02 22:00:00,0.55,0.0,5.116211800766285,0.0,0.382321429,0.0,0.086,0.0
2025-02-02 23:00:00,0.1,0.0,5.0162118007662855,0.0,0.382321429,0.0,0.087,0.0
2025-02-03 00:00:00,0.54,0.0,4.476211800766285,0.0,0.372321429,0.0,0.086,0.0
2025-02-03 01:00:00,0.45,0.0,4.026211800766285,0.0,0.372321429,0.0,0.084,0.0
2025-02-03 02:00:00,0.46,0.0,3.5662118007662853,0.0,0.372321429,0.0,0.084,0.0
2025-02-03 03:00:00,0.8200000000000001,0.0,2.746211800766285,0.0,0.372321429,0.0,0.084,0.0
2025-02-03 04:00:00,0.5700000000000001,0.0,2.1762118007662847,0.0,0.372321429,0.0,0.085,0.0
2025-02-03 05:00:00,0.64,0.0,1.5362118007662846,0.0,0.372321429,0.0,0.084,0.0
2025-02-03 06:00:00,0.96,0.0,0.5762118007662846,0.0,0.372321429,0.0,0.08,0.0
2025-02-03 07:00:00,0.57,0.14662,0.1528318007662846,0.0,0.372321429,0.0,0.076,0.0
2025-02-03 08:00:00,0.5499999999999999,0.421628,0.0244598007662847,0.0,0.372321429,0.0,0.055,0.0
2025-02-03 09:00:00,0.56,2.097385,1.5618448007662846,0.0,0.372321429,0.0,0.043,0.0
2025-02-03 10:00:00,0.18,4.166403,5.548247800766284,0.0,0.372321429,0.0,0.038,0.0
2025-02-03 11:00:00,0.4066538461538462,4.701593,9.843186954612438,0.0,0.372321429,0.0,0.038,0.0
2025-02-03 12:00:00,0.4666538461538462,4.83122,13.5,0.0,0.372321429,4.3645661538461535,0.034,-0.14839524923076924
2025-02-03 13:00:00,0.3966538461538462,4.566341,13.5,0.0,0.372321429,4.169687153846154,0.032,-0.13342998892307695
2025-02-03 14:00:00,0.17,3.947523,13.5,0.0,0.372321429,3.777523,0.031,-0.117103213
2025-02-03 15:00:00,0.17,2.942327,13.5,0.0,0.382321429,2.772327,0.032,-0.088714464
2025-02-03 16:00:00,0.3,1.472704,13.5,0.0,0.402321429,1.172704,0.062,-0.072707648
2025-02-03 17:00:00,1.1318793103448277,0.0,12.368120689655171,0.0,0.402321429,0.0,0.099,0.0
2025-02-03 18:00:00,3.0618793103448274,0.0,9.306241379310343,0.0,0.402321429,0.0,0.089,0.0
2025-02-03 19:00:00,0.5,0.0,8.806241379310343,0.0,0.402321429,0.0,0.082,0.0
2025-02-03 20:00:00,1.7,0.0,7.106241379310343,0.0,0.402321429,0.0,0.083,0.0
2025-02-03 21:00:00,1.0,0.0,6.106241379310343,0.0,0.382321429,0.0,0.082,0.0
2025-02-03 22:00:00,0.32,0.0,5.786241379310343,0.0,0.382321429,0.0,0.086,0.0
2025-02-03 23:00:00,0.62,0.0,5.1662413793103426,0.0,0.382321429,0.0,0.087,0.0
2025-02-04 00:00:00,0.74,0.0,4.426241379310342,0.0,0.372321429,0.0,0.086,0.0
2025-02-04 01:00:00,0.6,0.0,3.8262413793103422,0.0,0.372321429,0.0,0.084,0.0
2025-02-04 02:00:00,0.94,0.0,2.8862413793103423,0.0,0.372321429,0.0,0.084,0.0
2025-02-04 03:00:00,0.51,0.0,2.3762413793103425,0.0,0.372321429,0.0,0.084,0.0
2025-02-04 04:00:00,0.91,0.0,1.4662413793103424,0.0,0.372321429,0.0,0.085,0.0
2025-02-04 05:00:00,0.6,0.0,0.8662413793103424,0.0,0.372321429,0.0,0.084,0.0
2025-02-04 06:00:00,0.91,0.0,0.0,0.043758620689657635,0.372321429,0.0,0.08,0.016292272186242296
2025-02-04 07:00:00,0.63,0.19747,0.0,0.43252999999999997,0.372321429,0.0,0.076,0.16104018768536998
2025-02-04 08:00:00,0.87,0.4365179999999999,0.0,0.4334820000000001,0.372321429,0.0,0.055,0.16139463768577803
2025-02-04 09:00:00,1.02,3.44478,2.42478,0.0,0.372321429,0.0,0.043,0.0
2025-02-04 10:00:00,0.5599999999999999,4.366487,6.231267000000001,0.0,0.372321429,0.0,0.038,0.0
2025-02-04 11:00:00,1.2066538461538463,4.849433,9.874046153846155,0.0,0.372321429,0.0,0.038,0.0
2025-02-04 12:00:00,0.6566538461538463,4.9391549999999995,13.5,0.0,0.372321429,4.2825011538461535,0.034,-0.14560503923076923
2025-02-04 13:00:00,1.2066538461538463,4.671831,13.5,0.0,0.372321429,3.4651771538461538,0.032,-0.11088566892307693
2025-02-04 14:00:00,0.54,4.036008,13.5,0.0,0.372321429,3.496008,0.031,-0.108376248
2025-02-04 15:00:00,0.49,3.055882,13.5,0.0,0.382321429,2.565882,0.032,-0.08210822400000001
2025-02-04 16:00:00,0.39,1.549817,13.5,0.0,0.402321429,1.1598169999999999,0.062,-0.07190865399999999
2025-02-04 17:00:00,1.7518793103448278,0.0,11.748120689655172,0.0,0.402321429,0.0,0.099,0.0
2025-02-04 18:00:00,2.351879310344827,0.0,9.396241379310345,0.0,0.402321429,0.0,0.089,0.0
2025-02-04 19:00:00,1.0,0.0,8.396241379310345,0.0,0.402321429,0.0,0.082,0.0
2025-02-04 20:00:00,0.8699999999999999,0.0,7.526241379310345,0.0,0.402321429,0.0,0.083,0.0
2025-02-04 21:00:00,1.18,0.0,6.346241379310345,0.0,0.382321429,0.0,0.082,0.0
2025-02-04 22:00:00,1.1,0.0,5.246241379310344,0.0,0.382321429,0.0,0.086,0.0
2025-02-04 23:00:00,1.96,0.0,3.2862413793103444,0.0,0.382321429,0.0,0.087,0.0
2025-02-05 00:00:00,1.25,0.0,2.0362413793103444,0.0,0.372321429,0.0,0.086,0.0
2025-02-05 01:00:00,1.34,0.0,0.6962413793103444,0.0,0.372321429,0.0,0.084,0.0
2025-02-05 02:00:00,1.28,0.0,0.0,0.5837586206896557,0.372321429,0.0,0.084,0.21734584384624156
2025-02-05 03:00:00,2.03,0.0,0.0,2.03,0.372321429,0.0,0.084,0.7558125008699998
2025-02-05 04:00:00,1.4,0.0,0.0,1.4,0.372321429,0.0,0.085,0.5212500005999999
2025-02-05 05:00:00,1.83,0.0,0.0,1.83,0.372321429,0.0,0.084,0.68134821507
2025-02-05 06:00:00,1.38,0.0,0.0,1.38,0.372321429,0.0,0.08,0.5138035720199999
2025-02-05 07:00:00,1.55,0.190571,0.0,1.359429,0.372321429,0.0,0.076,0.506144547904041
2025-02-05 08:00:00,0.57,1.048454,0.478454,0.0,0.372321429,0.0,0.055,0.0
2025-02-05 09:00:00,0.49,1.751298,1.7397520000000002,0.0,0.372321429,0.0,0.043,0.0
2025-02-05 10:00:00,2.42,3.180139,2.4998910000000003,0.0,0.372321429,0.0,0.038,0.0
2025-02-05 11:00:00,2.666653846153846,1.997948,1.8311851538461543,0.0,0.372321429,0.0,0.038,0.0
2025-02-05 12:00:00,2.6466538461538462,3.106619,2.2911503076923085,0.0,0.372321429,0.0,0.034,0.0
2025-02-05 13:00:00,2.666653846153846,4.593896,4.218392461538462,0.0,0.372321429,0.0,0.032,0.0
2025-02-05 14:00:00,2.4099999999999997,3.994882,5.803274461538463,0.0,0.372321429,0.0,0.031,0.0
2025-02-05 15:00:00,0.12,2.991273,8.674547461538463,0.0,0.382321429,0.0,0.032,0.0
2025-02-05 16:00:00,0.12,1.524023,10.078570461538463,0.0,0.402321429,0.0,0.062,0.0
2025-02-05 17:00:00,0.8018793103448277,0.0,9.276691151193637,0.0,0.402321429,0.0,0.099,0.0
2025-02-05 18:00:00,2.961879310344828,0.0,6.314811840848806,0.0,0.402321429,0.0,0.089,0.0
2025-02-05 19:00:00,0.99,0.0,5.324811840848806,0.0,0.402321429,0.0,0.082,0.0
2025-02-05 20:00:00,1.32,0.0,4.004811840848806,0.0,0.402321429,0.0,0.083,0.0
2025-02-05 21:00:00,0.93,0.0,3.0748118408488057,0.0,0.382321429,0.0,0.082,0.0
2025-02-05 22:00:00,1.28,0.0,1.7948118408488056,0.0,0.382321429,0.0,0.086,0.0
2025-02-05 23:00:00,1.17,0.0,0.6248118408488057,0.0,0.382321429,0.0,0.087,0.0
2025-02-06 00:00:00,1.18,0.0,0.0,0.5551881591511942,0.372321429,0.0,0.086,0.20670844877905206
2025-02-06 01:00:00,1.7400000000000002,0.0,0.0,1.7400000000000002,0.372321429,0.0,0.084,0.64783928646
2025-02-06 02:00:00,1.33,0.0,0.0,1.33,0.372321429,0.0,0.084,0.49518750057
2025-02-06 03:00:00,1.1800000000000002,0.0,0.0,1.1800000000000002,0.372321429,0.0,0.084,0.43933928622
2025-02-06 04:00:00,1.53,0.0,0.0,1.53,0.372321429,0.0,0.085,0.56965178637
2025-02-06 05:00:00,1.27,0.0,0.0,1.27,0.372321429,0.0,0.084,0.47284821483
2025-02-06 06:00:00,1.38,0.0,0.0,1.38,0.372321429,0.0,0.08,0.5138035720199999
2025-02-06 07:00:00,1.44,0.183617,0.0,1.256383,0.372321429,0.0,0.076,0.467778313931307
2025-02-06 08:00:00,1.56,0.126119,0.0,1.433881,0.372321429,0.0,0.055,0.5338646229359489
2025-02-06 09:00:00,1.12,0.583985,0.0,0.5360150000000001,0.372321429,0.0,0.043,0.19956987076543503
2025-02-06 10:00:00,1.6,0.705434,0.0,0.8945660000000001,0.372321429,0.0,0.038,0.33306609145481403
2025-02-06 11:00:00,1.156653846153846,1.412241,0.255587153846154,0.0,0.372321429,0.0,0.038,0.0
2025-02-06 12:00:00,1.4566538461538463,3.1765,1.9754333076923076,0.0,0.372321429,0.0,0.034,0.0
2025-02-06 13:00:00,1.156653846153846,2.4561819999999996,3.274961461538461,0.0,0.372321429,0.0,0.032,0.0
2025-02-06 14:00:00,0.4599999999999999,1.942554,4.757515461538461,0.0,0.372321429,0.0,0.031,0.0
2025-02-06 15:00:00,0.7,1.5547639999999998,5.612279461538462,0.0,0.382321429,0.0,0.032,0.0
2025-02-06 16:00:00,0.51,0.677258,5.779537461538462,0.0,0.402321429,0.0,0.062,0.0
2025-02-06 17:00:00,1.2318793103448278,0.0,4.547658151193634,0.0,0.402321429,0.0,0.099,0.0
2025-02-06 18:00:00,3.1318793103448277,0.0,1.415778840848806,0.0,0.402321429,0.0,0.089,0.0
2025-02-06 19:00:00,0.6,0.0,0.8157788408488061,0.0,0.402321429,0.0,0.082,0.0
2025-02-06 20:00:00,0.41,0.0,0.4057788408488061,0.0,0.402321429,0.0,0.083,0.0
2025-02-06 21:00:00,0.5399999999999999,0.0,0.0,0.13422115915119381,0.382321429,0.0,0.082,0.05131562536872084
2025-02-06 22:00:00,0.85,0.0,0.0,0.85,0.382321429,0.0,0.086,0.32497321465
2025-02-06 23:00:00,0.6,0.0,0.0,0.6,0.382321429,0.0,0.087,0.22939285739999998
2025-02-07 00:00:00,1.19,0.0,0.0,1.19,0.372321429,0.0,0.086,0.44306250050999996
2025-02-07 01:00:00,0.81,0.0,0.0,0.81,0.372321429,0.0,0.084,0.30158035749
2025-02-07 02:00:00,0.87,0.0,0.0,0.87,0.372321429,0.0,0.084,0.32391964323
2025-02-07 03:00:00,1.19,0.0,0.0,1.19,0.372321429,0.0,0.084,0.44306250050999996
2025-02-07 04:00:00,0.93,0.0,0.0,0.93,0.372321429,0.0,0.085,0.34625892897
2025-02-07 05:00:00,1.02,0.0,0.0,1.02,0.372321429,0.0,0.084,0.37976785758
2025-02-07 06:00:00,1.2,0.0,0.0,1.2,0.372321429,0.0,0.08,0.44678571479999996
2025-02-07 07:00:00,0.97,0.0,0.0,0.97,0.372321429,0.0,0.076,0.36115178613
2025-02-07 08:00:00,1.29,0.664165,0.0,0.625835,0.372321429,0.0,0.055,0.233011781518215
2025-02-07 09:00:00,0.8200000000000001,0.8907759999999999,0.0707759999999998,0.0,0.372321429,0.0,0.043,0.0
2025-02-07 10:00:00,3.3099999999999996,0.980031,0.0,2.259193,0.372321429,0.0,0.038,0.8411459661467969
2025-02-07 11:00:00,3.456653846153846,1.918367,0.0,1.538286846153846,0.372321429,0.0,0.038,0.5727371567719031
2025-02-07 12:00:00,2.676653846153846,1.266628,0.0,1.410025846153846,0.372321429,0.0,0.034,0.524982837966934
2025-02-07 13:00:00,2.666653846153846,1.123465,0.0,1.5431888461538459,0.372321429,0.0,0.032,0.574562276416861
2025-02-07 14:00:00,2.4499999999999997,0.596144,0.0,1.8538559999999997,0.372321429,0.0,0.031,0.6902303150802238
2025-02-07 15:00:00,0.15,0.658618,0.508618,0.0,0.382321429,0.0,0.032,0.0
2025-02-07 16:00:00,0.21,0.363103,0.661721,0.0,0.402321429,0.0,0.062,0.0
2025-02-07 17:00:00,0.8018793103448277,0.0,0.0,0.14015831034482773,0.402321429,0.0,0.099,0.05638869170415658
2025-02-07 18:00:00,3.461879310344828,0.0,0.0,3.461879310344828,0.402321429,0.0,0.089,1.3927882311634658
2025-02-07 19:00:00,0.8600000000000001,0.0,0.0,0.8600000000000001,0.402321429,0.0,0.082,0.34599642894000004
2025-02-07 20:00:00,1.0,0.0,0.0,1.0,0.402321429,0.0,0.083,0.402321429
2025-02-07 21:00:00,1.2,0.0,0.0,1.2,0.382321429,0.0,0.082,0.45878571479999997
2025-02-07 22:00:00,1.42,0.0,0.0,1.42,0.382321429,0.0,0.086,0.5428964291799999
2025-02-07 23:00:00,0.87,0.0,0.0,0.87,0.382321429,0.0,0.087,0.33261964323
2025-02-08 00:00:00,1.02,0.0,0.0,1.02,0.372321429,0.0,0.086,0.37976785758
2025-02-08 01:00:00,1.23,0.0,0.0,1.23,0.372321429,0.0,0.084,0.45795535766999995
2025-02-08 02:00:00,1.68,0.0,0.0,1.68,0.372321429,0.0,0.084,0.6255000007199999
2025-02-08 03:00:00,1.29,0.0,0.0,1.29,0.372321429,0.0,0.084,0.48029464341
2025-02-08 04:00:00,1.9,0.0,0.0,1.9,0.372321429,0.0,0.085,0.7074107151
2025-02-08 05:00:00,1.51,0.0,0.0,1.51,0.372321429,0.0,0.084,0.56220535779
2025-02-08 06:00:00,1.48,0.0,0.0,1.48,0.372321429,0.0,0.08,0.5510357149199999
2025-02-08 07:00:00,1.67,0.236693,0.0,1.4333069999999999,0.372321429,0.0,0.076,0.5336509104357029
2025-02-08 08:00:00,0.67,2.001258,1.331258,0.0,0.372321429,0.0,0.055,0.0
2025-02-08 09:00:00,0.5,2.430792,3.26205,0.0,0.372321429,0.0,0.043,0.0
2025-02-08 10:00:00,2.42,3.915012,4.757062,0.0,0.372321429,0.0,0.038,0.0
2025-02-08 11:00:00,2.8606666666666665,4.919919,6.8163143333333345,0.0,0.372321429,0.0,0.038,0.0
2025-02-08 12:00:00,2.9306666666666663,5.045077,8.930724666666668,0.0,0.372321429,0.0,0.034,0.0
2025-02-08 13:00:00,2.9406666666666665,4.772314000000001,10.762372000000004,0.0,0.372321429,0.0,0.032,0.0
2025-02-08 14:00:00,2.46,4.1300479999999995,12.432420000000002,0.0,0.372321429,0.0,0.031,0.0
2025-02-08 15:00:00,0.11,3.129431,13.5,0.0,0.382321429,3.019431,0.032,-0.096621792
2025-02-08 16:00:00,0.12,1.623655,13.5,0.0,0.402321429,1.5036550000000002,0.062,-0.09322661000000002
2025-02-08 17:00:00,1.3791340996168584,0.061898,12.182763900383142,0.0,0.402321429,0.0,0.099,0.0
2025-02-08 18:00:00,2.3391340996168584,0.0,9.843629800766283,0.0,0.402321429,0.0,0.089,0.0
2025-02-08 19:00:00,0.62,0.0,9.223629800766284,0.0,0.402321429,0.0,0.082,0.0
2025-02-08 20:00:00,0.63,0.0,8.593629800766283,0.0,0.402321429,0.0,0.083,0.0
2025-02-08 21:00:00,1.1,0.0,7.493629800766284,0.0,0.382321429,0.0,0.082,0.0
2025-02-08 22:00:00,1.3199999999999998,0.0,6.1736298007662835,0.0,0.382321429,0.0,0.086,0.0
2025-02-08 23:00:00,1.03,0.0,5.143629800766283,0.0,0.382321429,0.0,0.087,0.0
2025-02-09 00:00:00,1.42,0.0,3.7236298007662834,0.0,0.372321429,0.0,0.086,0.0
2025-02-09 01:00:00,1.23,0.0,2.4936298007662834,0.0,0.372321429,0.0,0.084,0.0
2025-02-09 02:00:00,1.63,0.0,0.8636298007662835,0.0,0.372321429,0.0,0.084,0.0
2025-02-09 03:00:00,1.07,0.0,0.0,0.20637019923371658,0.372321429,0.0,0.084,0.07683604748171206
2025-02-09 04:00:00,1.67,0.0,0.0,1.67,0.372321429,0.0,0.085,0.6217767864299999
2025-02-09 05:00:00,1.58,0.0,0.0,1.58,0.372321429,0.0,0.084,0.58826785782
2025-02-09 06:00:00,1.3,0.0,0.0,1.3,0.372321429,0.0,0.08,0.4840178577
2025-02-09 07:00:00,1.49,0.256291,0.0,1.233709,0.372321429,0.0,0.076,0.45933629785016095
2025-02-09 08:00:00,0.6599999999999999,2.058797,1.3987970000000003,0.0,0.372321429,0.0,0.055,0.0
2025-02-09 09:00:00,0.12,3.506983,4.78578,0.0,0.372321429,0.0,0.043,0.0
2025-02-09 10:00:00,2.72,4.426470999999999,6.492251,0.0,0.372321429,0.0,0.038,0.0
2025-02-09 11:00:00,3.9806666666666666,4.955015,7.466599333333333,0.0,0.372321429,0.0,0.038,0.0
2025-02-09 12:00:00,3.8406666666666665,5.066521,8.692453666666665,0.0,0.372321429,0.0,0.034,0.0
2025-02-09 13:00:00,3.9606666666666666,4.798183,9.52997,0.0,0.372321429,0.0,0.032,0.0
2025-02-09 14:00:00,3.3899999999999997,4.159088,10.299058,0.0,0.372321429,0.0,0.031,0.0
2025-02-09 15:00:00,1.06,3.162688,12.401746,0.0,0.382321429,0.0,0.032,0.0
2025-02-09 16:00:00,1.06,1.655231,12.996977,0.0,0.402321429,0.0,0.062,0.0
2025-02-09 17:00:00,2.7591340996168583,0.07579,10.31363290038314,0.0,0.402321429,0.0,0.099,0.0
2025-02-09 18:00:00,4.219134099616858,0.0,6.094498800766282,0.0,0.402321429,0.0,0.089,0.0
2025-02-09 19:00:00,1.82,0.0,4.274498800766282,0.0,0.402321429,0.0,0.082,0.0
2025-02-09 20:00:00,0.6900000000000001,0.0,3.584498800766282,0.0,0.402321429,0.0,0.083,0.0
2025-02-09 21:00:00,0.8300000000000001,0.0,2.754498800766282,0.0,0.382321429,0.0,0.082,0.0
2025-02-09 22:00:00,1.26,0.0,1.494498800766282,0.0,0.382321429,0.0,0.086,0.0
2025-02-09 23:00:00,1.6700000000000002,0.0,0.0,0.1755011992337181,0.382321429,0.0,0.087,0.06709786928224881
2025-02-10 00:00:00,1.8,0.0,0.0,1.8,0.372321429,0.0,0.086,0.6701785722
2025-02-10 01:00:00,1.06,0.0,0.0,1.06,0.372321429,0.0,0.084,0.39466071474
2025-02-10 02:00:00,1.37,0.0,0.0,1.37,0.372321429,0.0,0.084,0.51008035773
2025-02-10 03:00:00,1.7,0.0,0.0,1.7,0.372321429,0.0,0.084,0.6329464293
2025-02-10 04:00:00,1.21,0.0,0.0,1.21,0.372321429,0.0,0.085,0.45050892908999995
2025-02-10 05:00:00,1.6,0.0,0.0,1.6,0.372321429,0.0,0.084,0.5957142864
2025-02-10 06:00:00,1.59,0.0,0.0,1.59,0.372321429,0.0,0.08,0.59199107211
2025-02-10 07:00:00,1.22,0.2577669999999999,0.0,0.9622330000000001,0.372321429,0.0,0.076,0.358259965590957
2025-02-10 08:00:00,0.6699999999999999,2.006163,1.336163,0.0,0.372321429,0.0,0.055,0.0
2025-02-10 09:00:00,0.39,3.381747,4.327909999999999,0.0,0.372321429,0.0,0.043,0.0
2025-02-10 10:00:00,0.39,4.232372000000001,8.170282,0.0,0.372321429,0.0,0.038,0.0
2025-02-10 11:00:00,0.5006666666666667,4.707285,12.376900333333332,0.0,0.372321429,0.0,0.038,0.0
2025-02-10 12:00:00,0.5006666666666667,4.8560810000000005,13.5,0.0,0.372321429,4.355414333333334,0.034,-0.14808408733333336
2025-02-10 13:00:00,0.5006666666666667,4.608789,13.5,0.0,0.372321429,4.108122333333333,0.032,-0.13145991466666668
2025-02-10 14:00:00,0.1,3.997741,13.5,0.0,0.372321429,3.897741,0.031,-0.120829971
2025-02-10 15:00:00,0.1,3.0551239999999997,13.5,0.0,0.382321429,2.9551239999999996,0.032,-0.09456396799999998
2025-02-10 16:00:00,0.11,1.457528,13.5,0.0,0.402321429,1.3475279999999998,0.062,-0.08354673599999998
2025-02-10 17:00:00,1.2591340996168583,0.030796,12.271661900383142,0.0,0.402321429,0.0,0.099,0.0
2025-02-10 18:00:00,3.2991340996168588,0.0,8.972527800766283,0.0,0.402321429,0.0,0.089,0.0
2025-02-10 19:00:00,1.96,0.0,7.012527800766283,0.0,0.402321429,0.0,0.082,0.0
2025-02-10 20:00:00,0.8,0.0,6.212527800766283,0.0,0.402321429,0.0,0.083,0.0
2025-02-10 21:00:00,1.05,0.0,5.162527800766283,0.0,0.382321429,0.0,0.082,0.0
2025-02-10 22:00:00,1.12,0.0,4.042527800766283,0.0,0.382321429,0.0,0.086,0.0
2025-02-10 23:00:00,0.9,0.0,3.1425278007662834,0.0,0.382321429,0.0,0.087,0.0
2025-02-11 00:00:00,1.79,0.0,1.352527800766283,0.0,0.372321429,0.0,0.086,0.0
2025-02-11 01:00:00,0.98,0.0,0.3725278007662833,0.0,0.372321429,0.0,0.084,0.0
2025-02-11 02:00:00,1.61,0.0,0.0,1.2374721992337168,0.372321429,0.0,0.084,0.46073741756647013
2025-02-11 03:00:00,1.4,0.0,0.0,1.4,0.372321429,0.0,0.084,0.5212500005999999
2025-02-11 04:00:00,1.63,0.0,0.0,1.63,0.372321429,0.0,0.085,0.6068839292699999
2025-02-11 05:00:00,1.5299999999999998,0.0,0.0,1.5299999999999998,0.372321429,0.0,0.084,0.5696517863699999
2025-02-11 06:00:00,1.59,0.0,0.0,1.59,0.372321429,0.0,0.08,0.59199107211
2025-02-11 07:00:00,1.4300000000000002,0.176144,0.0,1.253856,0.372321429,0.0,0.076,0.466837457680224
2025-02-11 08:00:00,0.11,0.706039,0.596039,0.0,0.372321429,0.0,0.055,0.0
2025-02-11 09:00:00,0.09,2.92756,3.433599,0.0,0.372321429,0.0,0.043,0.0
2025-02-11 10:00:00,0.13,3.75747,7.061069,0.0,0.372321429,0.0,0.038,0.0
2025-02-11 11:00:00,0.6074285714285714,4.062049,10.515689428571427,0.0,0.372321429,0.0,0.038,0.0
2025-02-11 12:00:00,0.2774285714285714,4.853459,13.5,0.0,0.372321429,4.576030428571428,0.034,-0.15558503457142858
2025-02-11 13:00:00,0.2674285714285714,3.856597,13.5,0.0,0.372321429,3.5891684285714285,0.032,-0.11485338971428571
2025-02-11 14:00:00,0.54,2.934473,13.5,0.0,0.372321429,2.394473,0.031,-0.074228663
2025-02-11 15:00:00,0.1,2.549477,13.5,0.0,0.382321429,2.449477,0.032,-0.078383264
2025-02-11 16:00:00,1.4500000000000002,1.603202,13.5,0.0,0.402321429,0.15320199999999984,0.062,-0.009498523999999989
2025-02-11 17:00:00,2.275343185550082,0.0415279999999999,11.266184814449918,0.0,0.402321429,0.0,0.099,0.0
2025-02-11 18:00:00,2.855343185550082,0.0,8.410841628899837,0.0,0.402321429,0.0,0.089,0.0
2025-02-11 19:00:00,2.36,0.0,6.050841628899837,0.0,0.402321429,0.0,0.082,0.0
2025-02-11 20:00:00,0.7300000000000001,0.0,5.320841628899837,0.0,0.402321429,0.0,0.083,0.0
2025-02-11 21:00:00,1.4500000000000002,0.0,3.8708416288998366,0.0,0.382321429,0.0,0.082,0.0
2025-02-11 22:00:00,0.8300000000000001,0.0,3.040841628899837,0.0,0.382321429,0.0,0.086,0.0
2025-02-11 23:00:00,1.39,0.0,1.6508416288998369,0.0,0.382321429,0.0,0.087,0.0
2025-02-12 00:00:00,1.28,0.0,0.3708416288998366,0.0,0.372321429,0.0,0.086,0.0
2025-02-12 01:00:00,1.51,0.0,0.0,1.1391583711001634,0.372321429,0.0,0.084,0.4241330725853251
2025-02-12 02:00:00,1.5,0.0,0.0,1.5,0.372321429,0.0,0.084,0.5584821435
2025-02-12 03:00:00,1.27,0.0,0.0,1.27,0.372321429,0.0,0.084,0.47284821483
2025-02-12 04:00:00,1.46,0.0,0.0,1.46,0.372321429,0.0,0.085,0.5435892863399999
2025-02-12 05:00:00,1.39,0.0,0.0,1.39,0.372321429,0.0,0.084,0.5175267863099999
2025-02-12 06:00:00,1.86,0.0,0.0,1.86,0.372321429,0.0,0.08,0.69251785794
2025-02-12 07:00:00,1.34,0.285161,0.0,1.054839,0.372321429,0.0,0.076,0.392739163844931
2025-02-12 08:00:00,1.15,1.994629,0.8446290000000001,0.0,0.372321429,0.0,0.055,0.0
2025-02-12 09:00:00,1.09,2.2269340000000004,1.9815630000000004,0.0,0.372321429,0.0,0.043,0.0
2025-02-12 10:00:00,2.8899999999999997,4.186653000000001,3.278216000000002,0.0,0.372321429,0.0,0.038,0.0
2025-02-12 11:00:00,3.4974285714285713,4.694439,4.47522642857143,0.0,0.372321429,0.0,0.038,0.0
2025-02-12 12:00:00,3.1674285714285713,4.861085,6.168882857142859,0.0,0.372321429,0.0,0.034,0.0
2025-02-12 13:00:00,3.0374285714285714,3.786356,6.917810285714287,0.0,0.372321429,0.0,0.032,0.0
2025-02-12 14:00:00,2.72,3.449528,7.647338285714287,0.0,0.372321429,0.0,0.031,0.0
2025-02-12 15:00:00,0.58,2.219581,9.286919285714289,0.0,0.382321429,0.0,0.032,0.0
2025-02-12 16:00:00,1.15,0.935968,9.072887285714287,0.0,0.402321429,0.0,0.062,0.0
2025-02-12 17:00:00,1.605343185550082,0.0453999999999999,7.512944100164205,0.0,0.402321429,0.0,0.099,0.0
2025-02-12 18:00:00,1.4453431855500822,0.0,6.067600914614123,0.0,0.402321429,0.0,0.089,0.0
2025-02-12 19:00:00,2.61,0.0,3.457600914614123,0.0,0.402321429,0.0,0.082,0.0
2025-02-12 20:00:00,2.4299999999999997,0.0,1.0276009146141232,0.0,0.402321429,0.0,0.083,0.0
2025-02-12 21:00:00,2.4000000000000004,0.0,0.0,1.3723990853858772,0.382321429,0.0,0.082,0.5246975794830215
2025-02-12 22:00:00,2.52,0.0,0.0,2.52,0.382321429,0.0,0.086,0.96345000108
2025-02-12 23:00:00,2.6,0.0,0.0,2.6,0.382321429,0.0,0.087,0.9940357154
2025-02-13 00:00:00,2.35,0.0,0.0,2.35,0.372321429,0.0,0.086,0.87495535815
2025-02-13 01:00:00,2.28,0.0,0.0,2.28,0.372321429,0.0,0.084,0.8488928581199999
2025-02-13 02:00:00,1.91,0.0,0.0,1.91,0.372321429,0.0,0.084,0.71113392939
2025-02-13 03:00:00,2.47,0.0,0.0,2.47,0.372321429,0.0,0.084,0.91963392963
2025-02-13 04:00:00,1.95,0.0,0.0,1.95,0.372321429,0.0,0.085,0.72602678655
2025-02-13 05:00:00,1.13,0.0,0.0,1.13,0.372321429,0.0,0.084,0.42072321476999996
2025-02-13 06:00:00,1.42,0.0,0.0,1.42,0.372321429,0.0,0.08,0.5286964291799999
2025-02-13 07:00:00,1.03,0.006057,0.0,1.023943,0.372321429,0.0,0.076,0.381235920974547
2025-02-13 08:00:00,0.8400000000000001,0.147699,0.0,0.692301,0.372321429,0.0,0.055,0.257758497618129
2025-02-13 09:00:00,0.64,0.158155,0.0,0.481845,0.372321429,0.0,0.043,0.179401218956505
2025-02-13 10:00:00,0.67,0.5670660000000001,0.0,0.10293399999999997,0.372321429,0.0,0.038,0.03832453397268599
2025-02-13 11:00:00,1.5874285714285716,0.918118,0.0,0.6693105714285716,0.372321429,0.0,0.038,0.24919866839909235
2025-02-13 12:00:00,1.3274285714285714,1.2147629999999998,0.0,0.11266557142857159,0.372321429,0.0,0.034,0.04194780655338734
2025-02-13 13:00:00,0.5074285714285715,0.991255,0.4838264285714285,0.0,0.372321429,0.0,0.032,0.0
2025-02-13 14:00:00,1.57,0.604448,0.0,0.4817255714285716,0.372321429,0.0,0.031,0.17935675314012733
2025-02-13 15:00:00,0.7,0.254586,0.0,0.445414,0.382321429,0.0,0.032,0.170291316976606
2025-02-13 16:00:00,0.49,0.227847,0.0,0.26215299999999997,0.402321429,0.0,0.062,0.10546976957663699
2025-02-13 17:00:00,1.7353431855500825,0.0,0.0,1.7353431855500825,0.402321429,0.0,0.099,0.6981657502159213
2025-02-13 18:00:00,2.485343185550082,0.0,0.0,2.485343185550082,0.402321429,0.0,0.089,0.9999068219659211
2025-02-13 19:00:00,0.93,0.0,0.0,0.93,0.402321429,0.0,0.082,0.37415892897
2025-02-13 20:00:00,0.64,0.0,0.0,0.64,0.402321429,0.0,0.083,0.25748571456
2025-02-13 21:00:00,0.9,0.0,0.0,0.9,0.382321429,0.0,0.082,0.3440892861
2025-02-13 22:00:00,0.81,0.0,0.0,0.81,0.382321429,0.0,0.086,0.30968035749
2025-02-13 23:00:00,0.57,0.0,0.0,0.57,0.382321429,0.0,0.087,0.21792321452999996
2025-02-14 00:00:00,0.93,0.0,0.0,0.93,0.372321429,0.0,0.086,0.34625892897
2025-02-14 01:00:00,0.64,0.0,0.0,0.64,0.372321429,0.0,0.084,0.23828571456
2025-02-14 02:00:00,0.95,0.0,0.0,0.95,0.372321429,0.0,0.084,0.35370535755
2025-02-14 03:00:00,0.95,0.0,0.0,0.95,0.372321429,0.0,0.084,0.35370535755
2025-02-14 04:00:00,1.0,0.0,0.0,1.0,0.372321429,0.0,0.085,0.372321429
2025-02-14 05:00:00,0.49,0.0,0.0,0.49,0.372321429,0.0,0.084,0.18243750021
2025-02-14 06:00:00,1.46,0.0,0.0,1.46,0.372321429,0.0,0.08,0.5435892863399999
2025-02-14 07:00:00,0.8,0.316692,0.0,0.48330800000000007,0.372321429,0.0,0.076,0.179945925207132
2025-02-14 08:00:00,0.73,1.792987,1.062987,0.0,0.372321429,0.0,0.055,0.0
2025-02-14 09:00:00,0.16,3.0414980000000003,3.944485,0.0,0.372321429,0.0,0.043,0.0
2025-02-14 10:00:00,2.44,3.883897,5.388382,0.0,0.372321429,0.0,0.038,0.0
2025-02-14 11:00:00,2.607428571428571,4.346245,7.127198428571429,0.0,0.372321429,0.0,0.038,0.0
2025-02-14 12:00:00,3.1874285714285713,4.511887,8.451656857142858,0.0,0.372321429,0.0,0.034,0.0
2025-02-14 13:00:00,5.027428571428571,4.322004,7.746232285714287,0.0,0.372321429,0.0,0.032,0.0
2025-02-14 14:00:00,5.02,2.085515,4.811747285714287,0.0,0.372321429,0.0,0.031,0.0
2025-02-14 15:00:00,1.26,1.1824670000000002,4.7342142857142875,0.0,0.382321429,0.0,0.032,0.0
2025-02-14 16:00:00,0.42,0.344533,4.658747285714288,0.0,0.402321429,0.0,0.062,0.0
2025-02-14 17:00:00,0.975343185550082,0.050246,3.7336501001642057,0.0,0.402321429,0.0,0.099,0.0
2025-02-14 18:00:00,0.5853431855500821,0.0,3.148306914614124,0.0,0.402321429,0.0,0.089,0.0
2025-02-14 19:00:00,0.48,0.0,2.668306914614124,0.0,0.402321429,0.0,0.082,0.0
2025-02-14 20:00:00,0.16,0.0,2.5083069146141237,0.0,0.402321429,0.0,0.083,0.0
2025-02-14 21:00:00,0.5,0.0,2.0083069146141237,0.0,0.382321429,0.0,0.082,0.0
2025-02-14 22:00:00,0.43,0.0,1.5783069146141238,0.0,0.382321429,0.0,0.086,0.0
2025-02-14 23:00:00,0.16,0.0,1.4183069146141238,0.0,0.382321429,0.0,0.087,0.0
2025-02-15 00:00:00,0.5,0.0,0.9183069146141238,0.0,0.372321429,0.0,0.086,0.0
2025-02-15 01:00:00,1.18,0.0,0.0,0.2616930853858761,0.372321429,0.0,0.084,0.0974339435102884
2025-02-15 02:00:00,0.86,0.0,0.0,0.86,0.372321429,0.0,0.084,0.32019642894
2025-02-15 03:00:00,0.96,0.0,0.0,0.96,0.372321429,0.0,0.084,0.35742857184
2025-02-15 04:00:00,1.39,0.0,0.0,1.39,0.372321429,0.0,0.085,0.5175267863099999
2025-02-15 05:00:00,0.94,0.0,0.0,0.94,0.372321429,0.0,0.084,0.34998214326
2025-02-15 06:00:00,0.93,0.0,0.0,0.93,0.372321429,0.0,0.08,0.34625892897
2025-02-15 07:00:00,1.19,0.368567,0.0,0.821433,0.372321429,0.0,0.076,0.30583710838775696
2025-02-15 08:00:00,0.7300000000000001,0.196342,0.0,0.5336580000000001,0.372321429,0.0,0.055,0.19869230915728203
2025-02-15 09:00:00,0.47,1.278999,0.808999,0.0,0.372321429,0.0,0.043,0.0
2025-02-15 10:00:00,2.8,4.252764,2.261763,0.0,0.372321429,0.0,0.038,0.0
2025-02-15 11:00:00,2.5774285714285714,3.324627,3.008961428571429,0.0,0.372321429,0.0,0.038,0.0
2025-02-15 12:00:00,2.5574285714285714,3.0754740000000003,3.5270068571428577,0.0,0.372321429,0.0,0.034,0.0
2025-02-15 13:00:00,2.567428571428571,1.910307,2.8698852857142865,0.0,0.372321429,0.0,0.032,0.0
2025-02-15 14:00:00,2.4,2.672716,3.1426012857142864,0.0,0.372321429,0.0,0.031,0.0
2025-02-15 15:00:00,0.09,2.5288090000000003,5.581410285714287,0.0,0.382321429,0.0,0.032,0.0
2025-02-15 16:00:00,0.1,1.6772539999999998,7.158664285714287,0.0,0.402321429,0.0,0.062,0.0
2025-02-15 17:00:00,0.965343185550082,0.129605,6.322926100164205,0.0,0.402321429,0.0,0.099,0.0
2025-02-15 18:00:00,0.5753431855500821,0.0,5.747582914614123,0.0,0.402321429,0.0,0.089,0.0
2025-02-15 19:00:00,0.54,0.0,5.207582914614123,0.0,0.402321429,0.0,0.082,0.0
2025-02-15 20:00:00,0.11,0.0,5.097582914614122,0.0,0.402321429,0.0,0.083,0.0
2025-02-15 21:00:00,0.53,0.0,4.567582914614122,0.0,0.382321429,0.0,0.082,0.0
2025-02-15 22:00:00,0.09,0.0,4.477582914614122,0.0,0.382321429,0.0,0.086,0.0
2025-02-15 23:00:00,0.7000000000000001,0.0,3.777582914614122,0.0,0.382321429,0.0,0.087,0.0
2025-02-16 00:00:00,1.09,0.0,2.687582914614122,0.0,0.372321429,0.0,0.086,0.0
2025-02-16 01:00:00,0.4,0.0,2.287582914614122,0.0,0.372321429,0.0,0.084,0.0
2025-02-16 02:00:00,1.16,0.0,1.1275829146141223,0.0,0.372321429,0.0,0.084,0.0
2025-02-16 03:00:00,0.85,0.0,0.2775829146141223,0.0,0.372321429,0.0,0.084,0.0
2025-02-16 04:00:00,1.04,0.0,0.0,0.7624170853858777,0.372321429,0.0,0.085,0.283864218724885
2025-02-16 05:00:00,0.94,0.0,0.0,0.94,0.372321429,0.0,0.084,0.34998214326
2025-02-16 06:00:00,0.94,0.0,0.0,0.94,0.372321429,0.0,0.08,0.34998214326
2025-02-16 07:00:00,0.89,0.433282,0.0,0.456718,0.372321429,0.0,0.076,0.170045898410022
2025-02-16 08:00:00,0.54,2.059702,1.519702,0.0,0.372321429,0.0,0.055,0.0
2025-02-16 09:00:00,0.48,2.196666,3.236368,0.0,0.372321429,0.0,0.043,0.0
2025-02-16 10:00:00,2.72,3.176423,3.692791,0.0,0.372321429,0.0,0.038,0.0
2025-02-16 11:00:00,2.867428571428571,3.2229479999999997,4.048310428571428,0.0,0.372321429,0.0,0.038,0.0
2025-02-16 12:00:00,2.567428571428571,2.394055,3.8749368571428566,0.0,0.372321429,0.0,0.034,0.0
2025-02-16 13:00:00,2.567428571428571,1.651466,2.9589742857142856,0.0,0.372321429,0.0,0.032,0.0
2025-02-16 14:00:00,2.4,1.421959,1.9809332857142856,0.0,0.372321429,0.0,0.031,0.0
2025-02-16 15:00:00,0.09,0.108388,1.9993212857142857,0.0,0.382321429,0.0,0.032,0.0
2025-02-16 16:00:00,0.1,0.500502,2.3998232857142856,0.0,0.402321429,0.0,0.062,0.0
2025-02-16 17:00:00,0.5753431855500821,0.0,1.8244801001642037,0.0,0.402321429,0.0,0.099,0.0
2025-02-16 18:00:00,0.5853431855500821,0.0,1.2391369146141211,0.0,0.402321429,0.0,0.089,0.0
2025-02-16 19:00:00,0.1,0.0,1.1391369146141213,0.0,0.402321429,0.0,0.082,0.0
2025-02-16 20:00:00,0.54,0.0,0.5991369146141212,0.0,0.402321429,0.0,0.083,0.0
2025-02-16 21:00:00,0.1,0.0,0.4991369146141212,0.0,0.382321429,0.0,0.082,0.0
2025-02-16 22:00:00,0.1,0.0,0.3991369146141212,0.0,0.382321429,0.0,0.086,0.0
2025-02-16 23:00:00,0.5,0.0,0.0,0.10086308538587879,0.382321429,0.0,0.087,0.0385621189380782
2025-02-17 00:00:00,0.1,0.0,0.0,0.1,0.372321429,0.0,0.086,0.0372321429
2025-02-17 01:00:00,0.49,0.0,0.0,0.49,0.372321429,0.0,0.084,0.18243750021
2025-02-17 02:00:00,0.3399999999999999,0.0,0.0,0.3399999999999999,0.372321429,0.0,0.084,0.12658928585999996
2025-02-17 03:00:00,0.71,0.0,0.0,0.71,0.372321429,0.0,0.084,0.26434821458999996
2025-02-17 04:00:00,1.04,0.0,0.0,1.04,0.372321429,0.0,0.085,0.38721428616
2025-02-17 05:00:00,0.5700000000000001,0.0,0.0,0.5700000000000001,0.372321429,0.0,0.084,0.21222321453
2025-02-17 06:00:00,0.7200000000000001,0.0,0.0,0.7200000000000001,0.372321429,0.0,0.08,0.26807142888
2025-02-17 07:00:00,0.8400000000000001,0.292064,0.0,0.5479360000000001,0.372321429,0.0,0.076,0.20400831452054402
2025-02-17 08:00:00,0.5399999999999999,2.00522,1.46522,0.0,0.372321429,0.0,0.055,0.0
2025-02-17 09:00:00,0.37,3.47871,4.57393,0.0,0.372321429,0.0,0.043,0.0
2025-02-17 10:00:00,0.43,4.498153,8.642083,0.0,0.372321429,0.0,0.038,0.0
2025-02-17 11:00:00,0.2674285714285714,5.053658,13.428312428571427,0.0,0.372321429,0.0,0.038,0.0
2025-02-17 12:00:00,0.2574285714285714,2.340411,13.5,0.0,0.372321429,2.0829824285714285,0.034,-0.07082140257142858
2025-02-17 13:00:00,0.2674285714285714,4.976978,13.5,0.0,0.372321429,4.709549428571428,0.032,-0.1507055817142857
2025-02-17 14:00:00,0.1,4.320939999999999,13.5,0.0,0.372321429,4.22094,0.031,-0.13084914
2025-02-17 15:00:00,0.1,3.269678,13.5,0.0,0.382321429,3.1696779999999998,0.032,-0.101429696
2025-02-17 16:00:00,0.94,1.761412,13.5,0.0,0.402321429,0.821412,0.062,-0.050927544
2025-02-17 17:00:00,1.225343185550082,0.153142,12.427798814449918,0.0,0.402321429,0.0,0.099,0.0
2025-02-17 18:00:00,2.405343185550082,0.0,10.022455628899836,0.0,0.402321429,0.0,0.089,0.0
2025-02-17 19:00:00,0.91,0.0,9.112455628899836,0.0,0.402321429,0.0,0.082,0.0
2025-02-17 20:00:00,0.6599999999999999,0.0,8.452455628899836,0.0,0.402321429,0.0,0.083,0.0
2025-02-17 21:00:00,1.34,0.0,7.112455628899836,0.0,0.382321429,0.0,0.082,0.0
2025-02-17 22:00:00,1.42,0.0,5.692455628899836,0.0,0.382321429,0.0,0.086,0.0
2025-02-17 23:00:00,1.11,0.0,4.582455628899836,0.0,0.382321429,0.0,0.087,0.0
2025-02-18 00:00:00,1.02,0.0,3.5624556288998357,0.0,0.372321429,0.0,0.086,0.0
2025-02-18 01:00:00,1.12,0.0,2.4424556288998356,0.0,0.372321429,0.0,0.084,0.0
2025-02-18 02:00:00,1.02,0.0,1.4224556288998356,0.0,0.372321429,0.0,0.084,0.0
2025-02-18 03:00:00,1.35,0.0,0.0724556288998354,0.0,0.372321429,0.0,0.084,0.0
2025-02-18 04:00:00,0.94,0.0,0.0,0.8675443711001646,0.372321429,0.0,0.085,0.32300535996891955
2025-02-18 05:00:00,1.61,0.0,0.0,1.61,0.372321429,0.0,0.084,0.59943750069
2025-02-18 06:00:00,1.13,0.0,0.0,1.13,0.372321429,0.0,0.08,0.42072321476999996
2025-02-18 07:00:00,1.25,0.116133,0.0,1.133867,0.372321429,0.0,0.076,0.42216298173594297
2025-02-18 08:00:00,0.18,0.560191,0.380191,0.0,0.372321429,0.0,0.055,0.0
2025-02-18 09:00:00,0.14,1.019081,1.2592720000000002,0.0,0.372321429,0.0,0.043,0.0
2025-02-18 10:00:00,0.15,2.543904,3.653176,0.0,0.372321429,0.0,0.038,0.0
2025-02-18 11:00:00,0.4301826923076923,2.970364,6.193357307692308,0.0,0.372321429,0.0,0.038,0.0
2025-02-18 12:00:00,0.4501826923076923,3.234076,8.977250615384616,0.0,0.372321429,0.0,0.034,0.0
2025-02-18 13:00:00,0.4201826923076923,2.395686,10.952753923076925,0.0,0.372321429,0.0,0.032,0.0
2025-02-18 14:00:00,0.14,2.1222269999999996,12.934980923076925,0.0,0.372321429,0.0,0.031,0.0
2025-02-18 15:00:00,0.14,1.365003,13.5,0.0,0.382321429,1.225003,0.032,-0.039200096000000004
2025-02-18 16:00:00,0.15,0.239971,13.5,0.0,0.402321429,0.089971,0.062,-0.005578202
2025-02-18 17:00:00,0.9438520114942528,0.003095,12.559242988505748,0.0,0.402321429,0.0,0.099,0.0
2025-02-18 18:00:00,0.9338520114942528,0.0,11.625390977011495,0.0,0.402321429,0.0,0.089,0.0
2025-02-18 19:00:00,0.11,0.0,11.515390977011496,0.0,0.402321429,0.0,0.082,0.0
2025-02-18 20:00:00,0.13,0.0,11.385390977011497,0.0,0.402321429,0.0,0.083,0.0
2025-02-18 21:00:00,0.45,0.0,10.935390977011496,0.0,0.382321429,0.0,0.082,0.0
2025-02-18 22:00:00,0.5800000000000001,0.0,10.355390977011496,0.0,0.382321429,0.0,0.086,0.0
2025-02-18 23:00:00,0.76,0.0,9.595390977011496,0.0,0.382321429,0.0,0.087,0.0
2025-02-19 00:00:00,0.72,0.0,8.875390977011495,0.0,0.372321429,0.0,0.086,0.0
2025-02-19 01:00:00,0.78,0.0,8.095390977011496,0.0,0.372321429,0.0,0.084,0.0
2025-02-19 02:00:00,0.95,0.0,7.145390977011496,0.0,0.372321429,0.0,0.084,0.0
2025-02-19 03:00:00,0.57,0.0,6.575390977011495,0.0,0.372321429,0.0,0.084,0.0
2025-02-19 04:00:00,0.94,0.0,5.635390977011495,0.0,0.372321429,0.0,0.085,0.0
2025-02-19 05:00:00,0.8,0.0,4.835390977011495,0.0,0.372321429,0.0,0.084,0.0
2025-02-19 06:00:00,0.95,0.0,3.885390977011495,0.0,0.372321429,0.0,0.08,0.0
2025-02-19 07:00:00,0.5900000000000001,0.0,3.295390977011495,0.0,0.372321429,0.0,0.076,0.0
2025-02-19 08:00:00,0.49,1.193351,3.998741977011495,0.0,0.372321429,0.0,0.055,0.0
2025-02-19 09:00:00,0.66,1.225767,4.564508977011495,0.0,0.372321429,0.0,0.043,0.0
2025-02-19 10:00:00,3.19,0.5533049999999999,1.9278139770114948,0.0,0.372321429,0.0,0.038,0.0
2025-02-19 11:00:00,3.690182692307692,1.366329,0.0,0.3960397152961974,0.372321429,0.0,0.038,0.14745407273983338
2025-02-19 12:00:00,2.990182692307692,1.119737,0.0,1.870445692307692,0.372321429,0.0,0.034,0.6964070130268941
2025-02-19 13:00:00,3.630182692307692,0.244671,0.0,3.385511692307692,0.372321429,0.0,0.032,1.2604985511762081
2025-02-19 14:00:00,2.8899999999999997,0.322478,0.0,2.567522,0.372321429,0.0,0.031,0.9559434600289379
2025-02-19 15:00:00,0.69,0.461789,0.0,0.22821099999999994,0.382321429,0.0,0.032,0.08724995563351898
2025-02-19 16:00:00,0.15,0.008356,0.0,0.141644,0.402321429,0.0,0.062,0.056986416489276
2025-02-19 17:00:00,0.9838520114942528,0.172486,0.0,0.8113660114942528,0.402321429,0.0,0.099,0.32642993318639824
2025-02-19 18:00:00,1.2938520114942529,0.0,0.0,1.2938520114942529,0.402321429,0.0,0.089,0.5205443901788922
2025-02-19 19:00:00,0.94,0.0,0.0,0.94,0.402321429,0.0,0.082,0.37818214326
2025-02-19 20:00:00,0.27,0.0,0.0,0.27,0.402321429,0.0,0.083,0.10862678583
2025-02-19 21:00:00,1.08,0.0,0.0,1.08,0.382321429,0.0,0.082,0.41290714332
2025-02-19 22:00:00,0.62,0.0,0.0,0.62,0.382321429,0.0,0.086,0.23703928598
2025-02-19 23:00:00,0.15,0.0,0.0,0.15,0.382321429,0.0,0.087,0.057348214349999996
2025-02-20 00:00:00,0.98,0.0,0.0,0.98,0.372321429,0.0,0.086,0.36487500042
2025-02-20 01:00:00,0.49,0.0,0.0,0.49,0.372321429,0.0,0.084,0.18243750021
2025-02-20 02:00:00,1.24,0.0,0.0,1.24,0.372321429,0.0,0.084,0.46167857195999995
2025-02-20 03:00:00,0.65,0.0,0.0,0.65,0.372321429,0.0,0.084,0.24200892885
2025-02-20 04:00:00,1.01,0.0,0.0,1.01,0.372321429,0.0,0.085,0.37604464329
2025-02-20 05:00:00,0.95,0.0,0.0,0.95,0.372321429,0.0,0.084,0.35370535755
2025-02-20 06:00:00,1.1,0.0,0.0,1.1,0.372321429,0.0,0.08,0.4095535719
2025-02-20 07:00:00,1.08,0.11605,0.0,0.9639500000000001,0.372321429,0.0,0.076,0.35889924148455
2025-02-20 08:00:00,0.21,0.189017,0.0,0.020983,0.372321429,0.0,0.055,0.0078124205447070005
2025-02-20 09:00:00,0.1,3.419497,3.3194969999999997,0.0,0.372321429,0.0,0.043,0.0
2025-02-20 10:00:00,0.1399999999999999,2.316913,5.496409999999999,0.0,0.372321429,0.0,0.038,0.0
2025-02-20 11:00:00,0.4101826923076923,1.626315,6.712542307692306,0.0,0.372321429,0.0,0.038,0.0
2025-02-20 12:00:00,0.5301826923076923,3.4106,9.592959615384617,0.0,0.372321429,0.0,0.034,0.0
2025-02-20 13:00:00,0.4201826923076923,2.436386,11.609162923076925,0.0,0.372321429,0.0,0.032,0.0
2025-02-20 14:00:00,0.24,4.0245619999999995,13.5,0.0,0.372321429,3.7845619999999993,0.031,-0.11732142199999998
2025-02-20 15:00:00,0.11,3.060457,13.5,0.0,0.382321429,2.950457,0.032,-0.094414624
2025-02-20 16:00:00,0.19,1.68047,13.5,0.0,0.402321429,1.49047,0.062,-0.09240914
2025-02-20 17:00:00,1.0338520114942529,0.1646109999999999,12.630758988505749,0.0,0.402321429,0.0,0.099,0.0
2025-02-20 18:00:00,3.283852011494253,0.0,9.346906977011493,0.0,0.402321429,0.0,0.089,0.0
2025-02-20 19:00:00,1.19,0.0,8.156906977011493,0.0,0.402321429,0.0,0.082,0.0
2025-02-20 20:00:00,0.3,0.0,7.856906977011493,0.0,0.402321429,0.0,0.083,0.0
2025-02-20 21:00:00,0.31,0.0,7.546906977011494,0.0,0.382321429,0.0,0.082,0.0
2025-02-20 22:00:00,0.64,0.0,6.906906977011494,0.0,0.382321429,0.0,0.086,0.0
2025-02-20 23:00:00,0.79,0.0,6.116906977011494,0.0,0.382321429,0.0,0.087,0.0
2025-02-21 00:00:00,0.15,0.0,5.966906977011494,0.0,0.372321429,0.0,0.086,0.0
2025-02-21 01:00:00,0.52,0.0,5.446906977011494,0.0,0.372321429,0.0,0.084,0.0
2025-02-21 02:00:00,0.84,0.0,4.606906977011494,0.0,0.372321429,0.0,0.084,0.0
2025-02-21 03:00:00,0.95,0.0,3.656906977011494,0.0,0.372321429,0.0,0.084,0.0
2025-02-21 04:00:00,1.1,0.0,2.556906977011494,0.0,0.372321429,0.0,0.085,0.0
2025-02-21 05:00:00,1.0,0.0,1.556906977011494,0.0,0.372321429,0.0,0.084,0.0
2025-02-21 06:00:00,0.6400000000000001,0.0,0.916906977011494,0.0,0.372321429,0.0,0.08,0.0
2025-02-21 07:00:00,0.95,0.080461,0.0473679770114939,0.0,0.372321429,0.0,0.076,0.0
2025-02-21 08:00:00,0.5800000000000001,0.977932,0.4452999770114939,0.0,0.372321429,0.0,0.055,0.0
2025-02-21 09:00:00,0.29,2.137761,2.2930609770114936,0.0,0.372321429,0.0,0.043,0.0
2025-02-21 10:00:00,2.54,4.186715,3.939775977011494,0.0,0.372321429,0.0,0.038,0.0
2025-02-21 11:00:00,2.840182692307692,4.128392,5.227985284703802,0.0,0.372321429,0.0,0.038,0.0
2025-02-21 12:00:00,2.880182692307692,4.7684120000000005,7.11621459239611,0.0,0.372321429,0.0,0.034,0.0
2025-02-21 13:00:00,2.840182692307692,3.818502,8.094533900088418,0.0,0.372321429,0.0,0.032,0.0
2025-02-21 14:00:00,2.5599999999999996,4.0351680000000005,9.569701900088418,0.0,0.372321429,0.0,0.031,0.0
2025-02-21 15:00:00,0.3,3.112678,12.382379900088418,0.0,0.382321429,0.0,0.032,0.0
2025-02-21 16:00:00,0.2299999999999999,1.772924,13.5,0.0,0.402321429,1.542924,0.062,-0.095661288
2025-02-21 17:00:00,1.053852011494253,0.207991,12.654138988505746,0.0,0.402321429,0.0,0.099,0.0
2025-02-21 18:00:00,1.053852011494253,0.0,11.600286977011493,0.0,0.402321429,0.0,0.089,0.0
2025-02-21 19:00:00,0.2299999999999999,0.0,11.370286977011492,0.0,0.402321429,0.0,0.082,0.0
2025-02-21 20:00:00,1.76,0.0,9.610286977011492,0.0,0.402321429,0.0,0.083,0.0
2025-02-21 21:00:00,1.37,0.0,8.240286977011493,0.0,0.382321429,0.0,0.082,0.0
2025-02-21 22:00:00,0.24,0.0,8.000286977011493,0.0,0.382321429,0.0,0.086,0.0
2025-02-21 23:00:00,0.22,0.0,7.780286977011493,0.0,0.382321429,0.0,0.087,0.0
2025-02-22 00:00:00,0.21,0.0,7.570286977011493,0.0,0.372321429,0.0,0.086,0.0
2025-02-22 01:00:00,0.5700000000000001,0.0,7.000286977011493,0.0,0.372321429,0.0,0.084,0.0
2025-02-22 02:00:00,0.96,0.0,6.040286977011493,0.0,0.372321429,0.0,0.084,0.0
2025-02-22 03:00:00,0.96,0.0,5.080286977011493,0.0,0.372321429,0.0,0.084,0.0
2025-02-22 04:00:00,0.8999999999999999,0.0,4.180286977011493,0.0,0.372321429,0.0,0.085,0.0
2025-02-22 05:00:00,1.05,0.0,3.130286977011493,0.0,0.372321429,0.0,0.084,0.0
2025-02-22 06:00:00,1.21,0.0,1.920286977011493,0.0,0.372321429,0.0,0.08,0.0
2025-02-22 07:00:00,0.78,0.134169,1.274455977011493,0.0,0.372321429,0.0,0.076,0.0
2025-02-22 08:00:00,0.44,0.972683,1.807138977011493,0.0,0.372321429,0.0,0.055,0.0
2025-02-22 09:00:00,0.21,3.207402,4.804540977011493,0.0,0.372321429,0.0,0.043,0.0
2025-02-22 10:00:00,2.52,4.014117000000001,6.298657977011494,0.0,0.372321429,0.0,0.038,0.0
2025-02-22 11:00:00,2.62756993006993,4.128572,7.799660046941565,0.0,0.372321429,0.0,0.038,0.0
2025-02-22 12:00:00,2.61756993006993,4.094868,9.276958116871636,0.0,0.372321429,0.0,0.034,0.0
2025-02-22 13:00:00,2.61756993006993,4.07109,10.730478186801705,0.0,0.372321429,0.0,0.032,0.0
2025-02-22 14:00:00,2.54,3.497293,11.687771186801704,0.0,0.372321429,0.0,0.031,0.0
2025-02-22 15:00:00,0.24,1.604094,13.051865186801704,0.0,0.382321429,0.0,0.032,0.0
2025-02-22 16:00:00,0.35,0.564627,13.266492186801704,0.0,0.402321429,0.0,0.062,0.0
2025-02-22 17:00:00,0.5753996865203762,0.026493,12.717585500281327,0.0,0.402321429,0.0,0.099,0.0
2025-02-22 18:00:00,0.5853996865203762,0.0,12.132185813760952,0.0,0.402321429,0.0,0.089,0.0
2025-02-22 19:00:00,0.32,0.0,11.812185813760951,0.0,0.402321429,0.0,0.082,0.0
2025-02-22 20:00:00,0.11,0.0,11.702185813760952,0.0,0.402321429,0.0,0.083,0.0
2025-02-22 21:00:00,0.19,0.0,11.512185813760953,0.0,0.382321429,0.0,0.082,0.0
2025-02-22 22:00:00,0.18,0.0,11.332185813760953,0.0,0.382321429,0.0,0.086,0.0
2025-02-22 23:00:00,0.11,0.0,11.222185813760952,0.0,0.382321429,0.0,0.087,0.0
2025-02-23 00:00:00,0.11,0.0,11.112185813760954,0.0,0.372321429,0.0,0.086,0.0
2025-02-23 01:00:00,0.1,0.0,11.012185813760954,0.0,0.372321429,0.0,0.084,0.0
2025-02-23 02:00:00,0.49,0.0,10.522185813760954,0.0,0.372321429,0.0,0.084,0.0
2025-02-23 03:00:00,0.85,0.0,9.672185813760954,0.0,0.372321429,0.0,0.084,0.0
2025-02-23 04:00:00,0.78,0.0,8.892185813760955,0.0,0.372321429,0.0,0.085,0.0
2025-02-23 05:00:00,0.74,0.0,8.152185813760955,0.0,0.372321429,0.0,0.084,0.0
2025-02-23 06:00:00,0.95,0.0,7.202185813760955,0.0,0.372321429,0.0,0.08,0.0
2025-02-23 07:00:00,0.38,0.652111,7.474296813760954,0.0,0.372321429,0.0,0.076,0.0
2025-02-23 08:00:00,0.47,2.290617,9.294913813760957,0.0,0.372321429,0.0,0.055,0.0
2025-02-23 09:00:00,0.54,0.595259,9.350172813760954,0.0,0.372321429,0.0,0.043,0.0
2025-02-23 10:00:00,2.4,4.55731,11.507482813760957,0.0,0.372321429,0.0,0.038,0.0
2025-02-23 11:00:00,2.49756993006993,5.084385,13.5,0.0,0.372321429,2.5868150699300703,0.038,-0.09829897265734266
2025-02-23 12:00:00,2.49756993006993,3.421978,13.5,0.0,0.372321429,0.9244080699300703,0.034,-0.031429874377622395
2025-02-23 13:00:00,2.5075699300699297,3.672507,13.5,0.0,0.372321429,1.1649370699300703,0.032,-0.03727798623776225
2025-02-23 14:00:00,2.4,3.084743,13.5,0.0,0.372321429,0.6847430000000001,0.031,-0.021227033000000003
2025-02-23 15:00:00,0.23,2.192813,13.5,0.0,0.382321429,1.9628130000000001,0.032,-0.06281001600000001
2025-02-23 16:00:00,0.27,1.840913,13.5,0.0,0.402321429,1.570913,0.062,-0.097396606
2025-02-23 17:00:00,0.4253996865203762,0.269344,13.343944313479623,0.0,0.402321429,0.0,0.099,0.0
2025-02-23 18:00:00,0.4453996865203762,0.0,12.898544626959248,0.0,0.402321429,0.0,0.089,0.0
2025-02-23 19:00:00,0.15,0.0,12.748544626959246,0.0,0.402321429,0.0,0.082,0.0
2025-02-23 20:00:00,0.16,0.0,12.588544626959246,0.0,0.402321429,0.0,0.083,0.0
2025-02-23 21:00:00,0.19,0.0,12.398544626959248,0.0,0.382321429,0.0,0.082,0.0
2025-02-23 22:00:00,0.13,0.0,12.268544626959246,0.0,0.382321429,0.0,0.086,0.0
2025-02-23 23:00:00,0.46,0.0,11.808544626959243,0.0,0.382321429,0.0,0.087,0.0
2025-02-24 00:00:00,0.8899999999999999,0.0,10.918544626959244,0.0,0.372321429,0.0,0.086,0.0
2025-02-24 01:00:00,0.57,0.0,10.348544626959244,0.0,0.372321429,0.0,0.084,0.0
2025-02-24 02:00:00,0.41,0.0,9.938544626959244,0.0,0.372321429,0.0,0.084,0.0
2025-02-24 03:00:00,0.95,0.0,8.988544626959245,0.0,0.372321429,0.0,0.084,0.0
2025-02-24 04:00:00,0.5800000000000001,0.0,8.408544626959245,0.0,0.372321429,0.0,0.085,0.0
2025-02-24 05:00:00,0.5700000000000001,0.0,7.838544626959244,0.0,0.372321429,0.0,0.084,0.0
2025-02-24 06:00:00,0.5700000000000001,0.0,7.268544626959244,0.0,0.372321429,0.0,0.08,0.0
2025-02-24 07:00:00,0.8200000000000001,0.6859120000000001,7.134456626959244,0.0,0.372321429,0.0,0.076,0.0
2025-02-24 08:00:00,0.37,2.342234,9.106690626959244,0.0,0.372321429,0.0,0.055,0.0
2025-02-24 09:00:00,0.47,3.660849,12.297539626959244,0.0,0.372321429,0.0,0.043,0.0
2025-02-24 10:00:00,0.19,4.519824,13.5,0.0,0.372321429,4.3298239999999995,0.038,-0.164533312
2025-02-24 11:00:00,0.2275699300699301,5.016778,13.5,0.0,0.372321429,4.78920806993007,0.038,-0.18198990665734266
2025-02-24 12:00:00,0.20756993006993,5.194496,13.5,0.0,0.372321429,4.98692606993007,0.034,-0.1695554863776224
2025-02-24 13:00:00,0.20756993006993,4.955632,13.5,0.0,0.372321429,4.74806206993007,0.032,-0.15193798623776222
2025-02-24 14:00:00,0.1,4.345446,13.5,0.0,0.372321429,4.245446,0.031,-0.131608826
2025-02-24 15:00:00,0.11,3.374196,13.5,0.0,0.382321429,3.264196,0.032,-0.104454272
2025-02-24 16:00:00,0.13,1.933937,13.5,0.0,0.402321429,1.803937,0.062,-0.11184409399999999
2025-02-24 17:00:00,0.4553996865203762,0.3200369999999999,13.364637313479625,0.0,0.402321429,0.0,0.099,0.0
2025-02-24 18:00:00,0.4853996865203762,0.0,12.879237626959249,0.0,0.402321429,0.0,0.089,0.0
2025-02-24 19:00:00,0.27,0.0,12.60923762695925,0.0,0.402321429,0.0,0.082,0.0
2025-02-24 20:00:00,0.18,0.0,12.42923762695925,0.0,0.402321429,0.0,0.083,0.0
2025-02-24 21:00:00,0.15,0.0,12.27923762695925,0.0,0.382321429,0.0,0.082,0.0
2025-02-24 22:00:00,0.1699999999999999,0.0,12.10923762695925,0.0,0.382321429,0.0,0.086,0.0
2025-02-24 23:00:00,0.18,0.0,11.92923762695925,0.0,0.382321429,0.0,0.087,0.0
2025-02-25 00:00:00,0.54,0.0,11.38923762695925,0.0,0.372321429,0.0,0.086,0.0
2025-02-25 01:00:00,0.48,0.0,10.90923762695925,0.0,0.372321429,0.0,0.084,0.0
2025-02-25 02:00:00,0.8,0.0,10.10923762695925,0.0,0.372321429,0.0,0.084,0.0
2025-02-25 03:00:00,0.94,0.0,9.16923762695925,0.0,0.372321429,0.0,0.084,0.0
2025-02-25 04:00:00,0.5700000000000001,0.0,8.59923762695925,0.0,0.372321429,0.0,0.085,0.0
2025-02-25 05:00:00,0.89,0.0,7.70923762695925,0.0,0.372321429,0.0,0.084,0.0
2025-02-25 06:00:00,0.99,0.0,6.7192376269592495,0.0,0.372321429,0.0,0.08,0.0
2025-02-25 07:00:00,0.58,0.718247,6.857484626959249,0.0,0.372321429,0.0,0.076,0.0
2025-02-25 08:00:00,0.11,2.392341,9.139825626959247,0.0,0.372321429,0.0,0.055,0.0
2025-02-25 09:00:00,0.1,3.71681,12.756635626959248,0.0,0.372321429,0.0,0.043,0.0
2025-02-25 10:00:00,0.1,4.538433,13.5,0.0,0.372321429,4.438433000000001,0.038,-0.16866045400000002
2025-02-25 11:00:00,0.20756993006993,5.006654999999999,13.5,0.0,0.372321429,4.79908506993007,0.038,-0.18236523265734264
2025-02-25 12:00:00,0.20756993006993,5.132429,13.5,0.0,0.372321429,4.92485906993007,0.034,-0.1674452083776224
2025-02-25 13:00:00,0.21756993006993,4.891479,13.5,0.0,0.372321429,4.673909069930071,0.032,-0.14956509023776227
2025-02-25 14:00:00,0.1,4.311976,13.5,0.0,0.372321429,4.211976,0.031,-0.130571256
2025-02-25 15:00:00,0.1,3.357401,13.5,0.0,0.382321429,3.2574009999999998,0.032,-0.104236832
2025-02-25 16:00:00,0.1,1.958209,13.5,0.0,0.402321429,1.858209,0.062,-0.115208958
2025-02-25 17:00:00,0.4153996865203762,0.3550319999999999,13.439632313479624,0.0,0.402321429,0.0,0.099,0.0
2025-02-25 18:00:00,2.2753996865203763,0.0,11.164232626959247,0.0,0.402321429,0.0,0.089,0.0
2025-02-25 19:00:00,0.91,0.0,10.254232626959247,0.0,0.402321429,0.0,0.082,0.0
2025-02-25 20:00:00,0.19,0.0,10.064232626959248,0.0,0.402321429,0.0,0.083,0.0
2025-02-25 21:00:00,0.36,0.0,9.704232626959248,0.0,0.382321429,0.0,0.082,0.0
2025-02-25 22:00:00,0.45,0.0,9.254232626959247,0.0,0.382321429,0.0,0.086,0.0
2025-02-25 23:00:00,0.2,0.0,9.05423262695925,0.0,0.382321429,0.0,0.087,0.0
2025-02-26 00:00:00,0.11,0.0,8.94423262695925,0.0,0.372321429,0.0,0.086,0.0
2025-02-26 01:00:00,0.53,0.0,8.414232626959251,0.0,0.372321429,0.0,0.084,0.0
2025-02-26 02:00:00,0.64,0.0,7.774232626959251,0.0,0.372321429,0.0,0.084,0.0
2025-02-26 03:00:00,0.86,0.0,6.914232626959251,0.0,0.372321429,0.0,0.084,0.0
2025-02-26 04:00:00,1.85,0.0,5.064232626959251,0.0,0.372321429,0.0,0.085,0.0
2025-02-26 05:00:00,1.03,0.0,4.034232626959251,0.0,0.372321429,0.0,0.084,0.0
2025-02-26 06:00:00,0.8500000000000001,0.0,3.184232626959251,0.0,0.372321429,0.0,0.08,0.0
2025-02-26 07:00:00,0.24,0.735319,3.679551626959251,0.0,0.372321429,0.0,0.076,0.0
2025-02-26 08:00:00,0.18,2.397421,5.896972626959251,0.0,0.372321429,0.0,0.055,0.0
2025-02-26 09:00:00,0.13,3.737794,9.50476662695925,0.0,0.372321429,0.0,0.043,0.0
2025-02-26 10:00:00,2.44,4.5793800000000005,11.644146626959252,0.0,0.372321429,0.0,0.038,0.0
2025-02-26 11:00:00,2.55756993006993,5.034788,13.5,0.0,0.372321429,2.47721806993007,0.038,-0.09413428665734265
2025-02-26 12:00:00,2.61756993006993,4.381279,13.5,0.0,0.372321429,1.7637090699300702,0.034,-0.05996610837762239
2025-02-26 13:00:00,2.51756993006993,3.878221,13.5,0.0,0.372321429,1.36065106993007,0.032,-0.04354083423776224
2025-02-26 14:00:00,2.4099999999999997,3.345386,13.5,0.0,0.372321429,0.9353860000000003,0.031,-0.02899696600000001
2025-02-26 15:00:00,0.12,2.314341,13.5,0.0,0.382321429,2.194341,0.032,-0.07021891200000001
2025-02-26 16:00:00,0.22,1.218813,13.5,0.0,0.402321429,0.998813,0.062,-0.061926405999999996
2025-02-26 17:00:00,0.4653996865203762,0.1388619999999999,13.173462313479623,0.0,0.402321429,0.0,0.099,0.0
2025-02-26 18:00:00,0.4353996865203762,0.0,12.738062626959248,0.0,0.402321429,0.0,0.089,0.0
2025-02-26 19:00:00,0.13,0.0,12.608062626959246,0.0,0.402321429,0.0,0.082,0.0
2025-02-26 20:00:00,0.1699999999999999,0.0,12.438062626959246,0.0,0.402321429,0.0,0.083,0.0
2025-02-26 21:00:00,0.15,0.0,12.288062626959244,0.0,0.382321429,0.0,0.082,0.0
2025-02-26 22:00:00,0.17,0.0,12.118062626959246,0.0,0.382321429,0.0,0.086,0.0
2025-02-26 23:00:00,0.12,0.0,11.998062626959246,0.0,0.382321429,0.0,0.087,0.0
2025-02-27 00:00:00,0.1,0.0,11.898062626959248,0.0,0.372321429,0.0,0.086,0.0
2025-02-27 01:00:00,0.11,0.0,11.788062626959247,0.0,0.372321429,0.0,0.084,0.0
2025-02-27 02:00:00,0.1,0.0,11.688062626959248,0.0,0.372321429,0.0,0.084,0.0
2025-02-27 03:00:00,0.11,0.0,11.578062626959248,0.0,0.372321429,0.0,0.084,0.0
2025-02-27 04:00:00,0.48,0.0,11.098062626959248,0.0,0.372321429,0.0,0.085,0.0
2025-02-27 05:00:00,0.51,0.0,10.588062626959248,0.0,0.372321429,0.0,0.084,0.0
2025-02-27 06:00:00,0.92,0.0,9.668062626959248,0.0,0.372321429,0.0,0.08,0.0
2025-02-27 07:00:00,0.4,0.19979,9.467852626959248,0.0,0.372321429,0.0,0.076,0.0
2025-02-27 08:00:00,0.2,2.1851930000000004,11.453045626959248,0.0,0.372321429,0.0,0.055,0.0
2025-02-27 09:00:00,0.33,3.0023530000000003,13.5,0.0,0.372321429,2.672353,0.043,-0.114911179
2025-02-27 10:00:00,0.4599999999999999,4.061501,13.5,0.0,0.372321429,3.601501,0.038,-0.136857038
2025-02-27 11:00:00,0.5075699300699301,4.975923,13.5,0.0,0.372321429,4.468353069930069,0.038,-0.16979741665734263
2025-02-27 12:00:00,0.32756993006993,5.10893,13.5,0.0,0.372321429,4.78136006993007,0.034,-0.1625662423776224
2025-02-27 13:00:00,0.2975699300699301,3.957833,13.5,0.0,0.372321429,3.66026306993007,0.032,-0.11712841823776224
2025-02-27 14:00:00,0.17,3.397069,13.5,0.0,0.372321429,3.227069,0.031,-0.100039139
2025-02-27 15:00:00,0.16,2.525679,13.5,0.0,0.382321429,2.3656789999999996,0.032,-0.075701728
2025-02-27 16:00:00,0.15,1.088246,13.5,0.0,0.402321429,0.938246,0.062,-0.058171252
2025-02-27 17:00:00,0.5653996865203762,0.1250939999999999,13.059694313479625,0.0,0.402321429,0.0,0.099,0.0
2025-02-27 18:00:00,0.4553996865203762,0.0,12.604294626959248,0.0,0.402321429,0.0,0.089,0.0
2025-02-27 19:00:00,0.14,0.0,12.464294626959246,0.0,0.402321429,0.0,0.082,0.0
2025-02-27 20:00:00,0.17,0.0,12.294294626959246,0.0,0.402321429,0.0,0.083,0.0
2025-02-27 21:00:00,0.21,0.0,12.084294626959244,0.0,0.382321429,0.0,0.082,0.0
2025-02-27 22:00:00,0.12,0.0,11.964294626959246,0.0,0.382321429,0.0,0.086,0.0
2025-02-27 23:00:00,0.1,0.0,11.864294626959246,0.0,0.382321429,0.0,0.087,0.0
2025-02-28 00:00:00,0.09,0.0,11.774294626959248,0.0,0.372321429,0.0,0.086,0.0
2025-02-28 01:00:00,0.1,0.0,11.674294626959249,0.0,0.372321429,0.0,0.084,0.0
2025-02-28 02:00:00,0.09,0.0,11.584294626959249,0.0,0.372321429,0.0,0.084,0.0
2025-02-28 03:00:00,0.11,0.0,11.474294626959248,0.0,0.372321429,0.0,0.084,0.0
2025-02-28 04:00:00,0.1,0.0,11.374294626959248,0.0,0.372321429,0.0,0.085,0.0
2025-02-28 05:00:00,0.1,0.0,11.274294626959248,0.0,0.372321429,0.0,0.084,0.0
2025-02-28 06:00:00,0.09,0.0,11.184294626959248,0.0,0.372321429,0.0,0.08,0.0
2025-02-28 07:00:00,0.62,0.8217279999999999,11.386022626959248,0.0,0.372321429,0.0,0.076,0.0
2025-02-28 08:00:00,0.6900000000000001,2.476663,13.172685626959248,0.0,0.372321429,0.0,0.055,0.0
2025-02-28 09:00:00,0.74,3.703096,13.5,0.0,0.372321429,2.963096,0.043,-0.127413128
2025-02-28 10:00:00,2.9299999999999997,4.548037999999999,13.5,0.0,0.372321429,1.6180379999999994,0.038,-0.06148544399999998
2025-02-28 11:00:00,2.70756993006993,5.0305029999999995,13.5,0.0,0.372321429,2.3229330699300696,0.038,-0.08827145665734265
2025-02-28 12:00:00,2.66756993006993,5.168018,13.5,0.0,0.372321429,2.50044806993007,0.034,-0.08501523437762239
2025-02-28 13:00:00,2.66756993006993,4.977704,13.5,0.0,0.372321429,2.3101340699300703,0.032,-0.07392429023776226
2025-02-28 14:00:00,2.74,4.397247,13.5,0.0,0.372321429,1.657247,0.031,-0.051374657
2025-02-28 15:00:00,0.27,3.437295,13.5,0.0,0.382321429,3.167295,0.032,-0.10135344
2025-02-28 16:00:00,0.22,2.0575949999999996,13.5,0.0,0.402321429,1.8375949999999996,0.062,-0.11393088999999998
2025-02-28 17:00:00,0.5353996865203762,0.403833,13.368433313479624,0.0,0.402321429,0.0,0.099,0.0
2025-02-28 18:00:00,0.5253996865203762,0.0,12.843033626959247,0.0,0.402321429,0.0,0.089,0.0
2025-02-28 19:00:00,0.22,0.0,12.623033626959248,0.0,0.402321429,0.0,0.082,0.0
2025-02-28 20:00:00,0.2299999999999999,0.0,12.393033626959246,0.0,0.402321429,0.0,0.083,0.0
2025-02-28 21:00:00,0.16,0.0,12.233033626959246,0.0,0.382321429,0.0,0.082,0.0
2025-02-28 22:00:00,0.23,0.0,12.003033626959246,0.0,0.382321429,0.0,0.086,0.0
2025-02-28 23:00:00,0.12,0.0,11.883033626959246,0.0,0.382321429,0.0,0.087,0.0
2025-02-28 23:59:59,0.1,0.0,11.883033626959246,0.1,150.0,0.0,0.0,15.0
2025-03-01 00:00:00,0.11,0.0,11.773033626959249,0.0,0.37016129,0.0,0.069,0.0
2025-03-01 01:00:00,0.1,0.0,11.673033626959247,0.0,0.37016129,0.0,0.069,0.0
2025-03-01 02:00:00,0.09,0.0,11.583033626959248,0.0,0.37016129,0.0,0.068,0.0
2025-03-01 03:00:00,0.53,0.0,11.053033626959248,0.0,0.37016129,0.0,0.067,0.0
2025-03-01 04:00:00,0.71,0.0,10.343033626959247,0.0,0.37016129,0.0,0.068,0.0
2025-03-01 05:00:00,0.48,0.0,9.863033626959249,0.0,0.37016129,0.0,0.071,0.0
2025-03-01 06:00:00,0.8,0.0,9.063033626959246,0.0,0.37016129,0.0,0.072,0.0
2025-03-01 07:00:00,0.8500000000000001,0.0134399999999999,8.226473626959246,0.0,0.37016129,0.0,0.07,0.0
2025-03-01 08:00:00,0.87,0.321091,7.677564626959246,0.0,0.37016129,0.0,0.049,0.0
2025-03-01 09:00:00,0.6699999999999999,1.101275,8.108839626959245,0.0,0.37016129,0.0,0.023,0.0
2025-03-01 10:00:00,2.72,3.333995,8.722834626959244,0.0,0.37016129,0.0,0.016,0.0
2025-03-01 11:00:00,2.78756993006993,2.9653829999999997,8.900647696889314,0.0,0.37016129,0.0,0.019,0.0
2025-03-01 12:00:00,2.8575699300699298,2.4052759999999997,8.448353766819384,0.0,0.37016129,0.0,0.015,0.0
2025-03-01 13:00:00,2.70756993006993,4.942171,10.682954836749454,0.0,0.37016129,0.0,0.018,0.0
2025-03-01 14:00:00,3.1999999999999997,3.392296,10.875250836749457,0.0,0.37016129,0.0,0.021,0.0
2025-03-01 15:00:00,0.7999999999999999,3.329884,13.405134836749454,0.0,0.38016129,0.0,0.017,0.0
2025-03-01 16:00:00,0.66,1.802329,13.5,0.0,0.40016129,1.1423290000000001,0.028,-0.031985212000000006
2025-03-01 17:00:00,2.425399686520376,0.359496,11.434096313479625,0.0,0.40016129,0.0,0.064,0.0
2025-03-01 18:00:00,2.655399686520376,0.0,8.778696626959249,0.0,0.40016129,0.0,0.082,0.0
2025-03-01 19:00:00,0.25,0.0,8.528696626959249,0.0,0.40016129,0.0,0.081,0.0
2025-03-01 20:00:00,0.29,0.0,8.23869662695925,0.0,0.40016129,0.0,0.077,0.0
2025-03-01 21:00:00,0.72,0.0,7.51869662695925,0.0,0.38016129,0.0,0.081,0.0
2025-03-01 22:00:00,0.12,0.0,7.39869662695925,0.0,0.38016129,0.0,0.069,0.0
2025-03-01 23:00:00,0.54,0.0,6.85869662695925,0.0,0.38016129,0.0,0.067,0.0
2025-03-02 00:00:00,0.49,0.0,6.36869662695925,0.0,0.37016129,0.0,0.069,0.0
2025-03-02 01:00:00,0.67,0.0,5.69869662695925,0.0,0.37016129,0.0,0.069,0.0
2025-03-02 02:00:00,0.94,0.0,4.758696626959249,0.0,0.37016129,0.0,0.068,0.0
2025-03-02 03:00:00,0.56,0.0,4.198696626959249,0.0,0.37016129,0.0,0.067,0.0
2025-03-02 04:00:00,1.02,0.0,3.178696626959249,0.0,0.37016129,0.0,0.068,0.0
2025-03-02 05:00:00,0.82,0.0,2.358696626959249,0.0,0.37016129,0.0,0.071,0.0
2025-03-02 06:00:00,0.87,0.0,1.488696626959249,0.0,0.37016129,0.0,0.072,0.0
2025-03-02 07:00:00,1.24,0.823847,1.072543626959249,0.0,0.37016129,0.0,0.07,0.0
2025-03-02 08:00:00,0.56,2.47394,2.986483626959249,0.0,0.37016129,0.0,0.049,0.0
2025-03-02 09:00:00,0.11,3.7819,6.65838362695925,0.0,0.37016129,0.0,0.023,0.0
2025-03-02 10:00:00,2.4,4.661296999999999,8.919680626959249,0.0,0.37016129,0.0,0.016,0.0
2025-03-02 11:00:00,2.52756993006993,5.182771,11.574881696889316,0.0,0.37016129,0.0,0.019,0.0
2025-03-02 12:00:00,2.65756993006993,5.298303,13.5,0.0,0.37016129,2.6407330699300697,0.015,-0.03961099604895105
2025-03-02 13:00:00,2.51756993006993,5.032353,13.5,0.0,0.37016129,2.5147830699300697,0.018,-0.04526609525874125
2025-03-02 14:00:00,2.84,4.423864,13.5,0.0,0.37016129,1.5838640000000002,0.021,-0.033261144000000006
2025-03-02 15:00:00,0.65,3.440875,13.5,0.0,0.38016129,2.790875,0.017,-0.047444875000000004
2025-03-02 16:00:00,0.18,2.0188710000000003,13.5,0.0,0.40016129,1.8388710000000004,0.028,-0.05148838800000001
2025-03-02 17:00:00,0.4653996865203762,0.4365199999999999,13.471120313479624,0.0,0.40016129,0.0,0.064,0.0
2025-03-02 18:00:00,0.4453996865203762,0.0,13.025720626959249,0.0,0.40016129,0.0,0.082,0.0
2025-03-02 19:00:00,0.7500000000000001,0.0,12.275720626959249,0.0,0.40016129,0.0,0.081,0.0
2025-03-02 20:00:00,0.15,0.0,12.125720626959248,0.0,0.40016129,0.0,0.077,0.0
2025-03-02 21:00:00,0.83,0.0,11.295720626959248,0.0,0.38016129,0.0,0.081,0.0
2025-03-02 22:00:00,1.06,0.0,10.235720626959246,0.0,0.38016129,0.0,0.069,0.0
2025-03-02 23:00:00,0.8699999999999999,0.0,9.365720626959249,0.0,0.38016129,0.0,0.067,0.0
2025-03-03 00:00:00,0.99,0.0,8.375720626959247,0.0,0.37016129,0.0,0.069,0.0
2025-03-03 01:00:00,1.19,0.0,7.185720626959247,0.0,0.37016129,0.0,0.069,0.0
2025-03-03 02:00:00,1.08,0.0,6.105720626959247,0.0,0.37016129,0.0,0.068,0.0
2025-03-03 03:00:00,1.44,0.0,4.6657206269592475,0.0,0.37016129,0.0,0.067,0.0
2025-03-03 04:00:00,1.01,0.0,3.655720626959248,0.0,0.37016129,0.0,0.068,0.0
2025-03-03 05:00:00,1.35,0.0,2.3057206269592476,0.0,0.37016129,0.0,0.071,0.0
2025-03-03 06:00:00,1.28,0.0,1.0257206269592476,0.0,0.37016129,0.0,0.072,0.0
2025-03-03 07:00:00,0.44,0.8794160000000001,1.4651366269592476,0.0,0.37016129,0.0,0.07,0.0
2025-03-03 08:00:00,0.54,2.526444,3.451580626959248,0.0,0.37016129,0.0,0.049,0.0
2025-03-03 09:00:00,0.15,3.811579,7.1131596269592485,0.0,0.37016129,0.0,0.023,0.0
2025-03-03 10:00:00,0.44,4.634729,11.307888626959247,0.0,0.37016129,0.0,0.016,0.0
2025-03-03 11:00:00,0.2375699300699301,5.074618999999999,13.5,0.0,0.37016129,4.837049069930069,0.019,-0.0919039323286713
2025-03-03 12:00:00,0.32756993006993,4.36307,13.5,0.0,0.37016129,4.03550006993007,0.015,-0.06053250104895104
2025-03-03 13:00:00,0.2975699300699301,4.825299,13.5,0.0,0.37016129,4.5277290699300705,0.018,-0.08149912325874126
2025-03-03 14:00:00,0.15,4.253018,13.5,0.0,0.37016129,4.103018,0.021,-0.086163378
2025-03-03 15:00:00,0.15,3.211687,13.5,0.0,0.38016129,3.061687,0.017,-0.05204867900000001
2025-03-03 16:00:00,0.11,1.908323,13.5,0.0,0.40016129,1.798323,0.028,-0.050353044
2025-03-03 17:00:00,0.4153996865203762,0.217566,13.302166313479624,0.0,0.40016129,0.0,0.064,0.0
2025-03-03 18:00:00,0.4053996865203761,0.0,12.896766626959248,0.0,0.40016129,0.0,0.082,0.0
2025-03-03 19:00:00,0.11,0.0,12.786766626959247,0.0,0.40016129,0.0,0.081,0.0
2025-03-03 20:00:00,0.14,0.0,12.646766626959248,0.0,0.40016129,0.0,0.077,0.0
2025-03-03 21:00:00,0.25,0.0,12.396766626959248,0.0,0.38016129,0.0,0.081,0.0
2025-03-03 22:00:00,0.47,0.0,11.926766626959248,0.0,0.38016129,0.0,0.069,0.0
2025-03-03 23:00:00,0.93,0.0,10.996766626959248,0.0,0.38016129,0.0,0.067,0.0
2025-03-04 00:00:00,0.55,0.0,10.446766626959247,0.0,0.37016129,0.0,0.069,0.0
2025-03-04 01:00:00,1.09,0.0,9.356766626959248,0.0,0.37016129,0.0,0.069,0.0
2025-03-04 02:00:00,1.04,0.0,8.316766626959247,0.0,0.37016129,0.0,0.068,0.0
2025-03-04 03:00:00,0.56,0.0,7.756766626959246,0.0,0.37016129,0.0,0.067,0.0
2025-03-04 04:00:00,1.19,0.0,6.566766626959247,0.0,0.37016129,0.0,0.068,0.0
2025-03-04 05:00:00,0.55,0.0,6.016766626959247,0.0,0.37016129,0.0,0.071,0.0
2025-03-04 06:00:00,0.95,0.0,5.066766626959247,0.0,0.37016129,0.0,0.072,0.0
2025-03-04 07:00:00,1.2399999999999998,0.686855,4.513621626959247,0.0,0.37016129,0.0,0.07,0.0
2025-03-04 08:00:00,0.56,1.590302,5.543923626959247,0.0,0.37016129,0.0,0.049,0.0
2025-03-04 09:00:00,0.47,2.947481,8.021404626959246,0.0,0.37016129,0.0,0.023,0.0
2025-03-04 10:00:00,0.76,3.757402,11.018806626959249,0.0,0.37016129,0.0,0.016,0.0
2025-03-04 11:00:00,0.3075699300699301,3.634528,13.5,0.0,0.37016129,3.32695806993007,0.019,-0.06321220332867133
2025-03-04 12:00:00,0.4675699300699301,4.32379,13.5,0.0,0.37016129,3.8562200699300697,0.015,-0.057843301048951044
2025-03-04 13:00:00,0.20756993006993,3.826369,13.5,0.0,0.37016129,3.6187990699300703,0.018,-0.06513838325874126
2025-03-04 14:00:00,0.09,3.646041,13.5,0.0,0.37016129,3.556041,0.021,-0.07467686100000001
2025-03-04 15:00:00,0.1,2.027671,13.5,0.0,0.38016129,1.9276709999999997,0.017,-0.032770406999999994
2025-03-04 16:00:00,0.09,1.692608,13.5,0.0,0.40016129,1.6026079999999998,0.028,-0.044873024
2025-03-04 17:00:00,1.6953996865203762,0.347765,12.152365313479624,0.0,0.40016129,0.0,0.064,0.0
2025-03-04 18:00:00,0.9353996865203762,0.0,11.216965626959247,0.0,0.40016129,0.0,0.082,0.0
2025-03-04 19:00:00,0.24,0.0,10.976965626959249,0.0,0.40016129,0.0,0.081,0.0
2025-03-04 20:00:00,0.14,0.0,10.836965626959246,0.0,0.40016129,0.0,0.077,0.0
2025-03-04 21:00:00,0.5599999999999999,0.0,10.276965626959246,0.0,0.38016129,0.0,0.081,0.0
2025-03-04 22:00:00,0.51,0.0,9.766965626959246,0.0,0.38016129,0.0,0.069,0.0
2025-03-04 23:00:00,0.56,0.0,9.206965626959246,0.0,0.38016129,0.0,0.067,0.0
2025-03-05 00:00:00,0.8699999999999999,0.0,8.336965626959246,0.0,0.37016129,0.0,0.069,0.0
2025-03-05 01:00:00,0.42,0.0,7.9169656269592465,0.0,0.37016129,0.0,0.069,0.0
2025-03-05 02:00:00,1.04,0.0,6.8769656269592465,0.0,0.37016129,0.0,0.068,0.0
2025-03-05 03:00:00,0.71,0.0,6.1669656269592465,0.0,0.37016129,0.0,0.067,0.0
2025-03-05 04:00:00,0.5,0.0,5.6669656269592465,0.0,0.37016129,0.0,0.068,0.0
2025-03-05 05:00:00,0.78,0.0,4.886965626959246,0.0,0.37016129,0.0,0.071,0.0
2025-03-05 06:00:00,0.56,0.0,4.326965626959247,0.0,0.37016129,0.0,0.072,0.0
2025-03-05 07:00:00,1.0,0.463469,3.7904346269592466,0.0,0.37016129,0.0,0.07,0.0
2025-03-05 08:00:00,0.59,1.540128,4.740562626959247,0.0,0.37016129,0.0,0.049,0.0
2025-03-05 09:00:00,0.6,2.57727,6.717832626959247,0.0,0.37016129,0.0,0.023,0.0
2025-03-05 10:00:00,3.0599999999999996,3.356886,7.014718626959247,0.0,0.37016129,0.0,0.016,0.0
2025-03-05 11:00:00,2.9849461538461535,4.945069999999999,8.974842473113092,0.0,0.37016129,0.0,0.019,0.0
2025-03-05 12:00:00,2.5449461538461535,5.0116000000000005,11.44149631926694,0.0,0.37016129,0.0,0.015,0.0
2025-03-05 13:00:00,2.5649461538461535,4.743284,13.5,0.0,0.37016129,2.1783378461538465,0.018,-0.03921008123076923
2025-03-05 14:00:00,2.84,4.232066,13.5,0.0,0.37016129,1.3920659999999998,0.021,-0.029233385999999997
2025-03-05 15:00:00,0.28,2.7169920000000003,13.5,0.0,0.38016129,2.436992,0.017,-0.041428864
2025-03-05 16:00:00,0.13,1.748856,13.5,0.0,0.40016129,1.618856,0.028,-0.045327968
2025-03-05 17:00:00,0.4263413793103449,0.463007,13.5,0.0,0.40016129,0.03666562068965512,0.064,-0.0023465997241379276
2025-03-05 18:00:00,1.156341379310345,0.0,12.343658620689656,0.0,0.40016129,0.0,0.082,0.0
2025-03-05 19:00:00,0.48,0.0,11.863658620689655,0.0,0.40016129,0.0,0.081,0.0
2025-03-05 20:00:00,1.03,0.0,10.833658620689656,0.0,0.40016129,0.0,0.077,0.0
2025-03-05 21:00:00,0.8,0.0,10.033658620689655,0.0,0.38016129,0.0,0.081,0.0
2025-03-05 22:00:00,1.31,0.0,8.723658620689655,0.0,0.38016129,0.0,0.069,0.0
2025-03-05 23:00:00,0.9,0.0,7.823658620689654,0.0,0.38016129,0.0,0.067,0.0
2025-03-06 00:00:00,1.1,0.0,6.723658620689655,0.0,0.37016129,0.0,0.069,0.0
2025-03-06 01:00:00,0.93,0.0,5.793658620689655,0.0,0.37016129,0.0,0.069,0.0
2025-03-06 02:00:00,1.01,0.0,4.783658620689655,0.0,0.37016129,0.0,0.068,0.0
2025-03-06 03:00:00,1.05,0.0,3.7336586206896554,0.0,0.37016129,0.0,0.067,0.0
2025-03-06 04:00:00,1.63,0.0,2.1036586206896555,0.0,0.37016129,0.0,0.068,0.0
2025-03-06 05:00:00,0.97,0.0,1.1336586206896555,0.0,0.37016129,0.0,0.071,0.0
2025-03-06 06:00:00,1.09,0.0,0.0436586206896554,0.0,0.37016129,0.0,0.072,0.0
2025-03-06 07:00:00,0.86,0.922621,0.1062796206896554,0.0,0.37016129,0.0,0.07,0.0
2025-03-06 08:00:00,0.39,2.478821,2.1951006206896553,0.0,0.37016129,0.0,0.049,0.0
2025-03-06 09:00:00,0.1,2.739364,4.834464620689655,0.0,0.37016129,0.0,0.023,0.0
2025-03-06 10:00:00,0.39,4.339907,8.784371620689654,0.0,0.37016129,0.0,0.016,0.0
2025-03-06 11:00:00,0.5049461538461539,4.817895,13.0973204668435,0.0,0.37016129,0.0,0.019,0.0
2025-03-06 12:00:00,0.2149461538461538,5.001435000000001,13.5,0.0,0.37016129,4.786488846153847,0.015,-0.0717973326923077
2025-03-06 13:00:00,0.2049461538461538,2.509607,13.5,0.0,0.37016129,2.3046608461538463,0.018,-0.04148389523076923
2025-03-06 14:00:00,0.1,3.196101,13.5,0.0,0.37016129,3.096101,0.021,-0.065018121
2025-03-06 15:00:00,0.1,1.238387,13.5,0.0,0.38016129,1.1383869999999998,0.017,-0.019352578999999998
2025-03-06 16:00:00,0.1,0.868143,13.5,0.0,0.40016129,0.768143,0.028,-0.021508004
2025-03-06 17:00:00,0.4263413793103449,0.161258,13.234916620689654,0.0,0.40016129,0.0,0.064,0.0
2025-03-06 18:00:00,0.4863413793103448,0.0,12.74857524137931,0.0,0.40016129,0.0,0.082,0.0
2025-03-06 19:00:00,0.14,0.0,12.60857524137931,0.0,0.40016129,0.0,0.081,0.0
2025-03-06 20:00:00,0.16,0.0,12.44857524137931,0.0,0.40016129,0.0,0.077,0.0
2025-03-06 21:00:00,0.14,0.0,12.308575241379309,0.0,0.38016129,0.0,0.081,0.0
2025-03-06 22:00:00,0.87,0.0,11.43857524137931,0.0,0.38016129,0.0,0.069,0.0
2025-03-06 23:00:00,0.8500000000000001,0.0,10.58857524137931,0.0,0.38016129,0.0,0.067,0.0
2025-03-07 00:00:00,1.01,0.0,9.57857524137931,0.0,0.37016129,0.0,0.069,0.0
2025-03-07 01:00:00,0.93,0.0,8.64857524137931,0.0,0.37016129,0.0,0.069,0.0
2025-03-07 02:00:00,1.06,0.0,7.58857524137931,0.0,0.37016129,0.0,0.068,0.0
2025-03-07 03:00:00,1.12,0.0,6.46857524137931,0.0,0.37016129,0.0,0.067,0.0
2025-03-07 04:00:00,1.0,0.0,5.46857524137931,0.0,0.37016129,0.0,0.068,0.0
2025-03-07 05:00:00,0.97,0.0,4.49857524137931,0.0,0.37016129,0.0,0.071,0.0
2025-03-07 06:00:00,1.4300000000000002,0.0,3.06857524137931,0.0,0.37016129,0.0,0.072,0.0
2025-03-07 07:00:00,0.5,0.8103319999999999,3.3789072413793098,0.0,0.37016129,0.0,0.07,0.0
2025-03-07 08:00:00,0.49,1.369298,4.25820524137931,0.0,0.37016129,0.0,0.049,0.0
2025-03-07 09:00:00,0.1,2.966325,7.1245302413793095,0.0,0.37016129,0.0,0.023,0.0
2025-03-07 10:00:00,2.4,1.91734,6.641870241379309,0.0,0.37016129,0.0,0.016,0.0
2025-03-07 11:00:00,2.5049461538461535,3.636207,7.773131087533155,0.0,0.37016129,0.0,0.019,0.0
2025-03-07 12:00:00,2.5249461538461535,5.243867,10.492051933687002,0.0,0.37016129,0.0,0.015,0.0
2025-03-07 13:00:00,2.5149461538461537,4.972766,12.949871779840848,0.0,0.37016129,0.0,0.018,0.0
2025-03-07 14:00:00,2.4099999999999997,4.352698,13.5,0.0,0.37016129,1.9426980000000005,0.021,-0.04079665800000001
2025-03-07 15:00:00,0.1,0.490691,13.5,0.0,0.38016129,0.390691,0.017,-0.006641747000000001
2025-03-07 16:00:00,0.1,0.34582,13.5,0.0,0.40016129,0.24582,0.028,-0.0068829600000000005
2025-03-07 17:00:00,0.4263413793103449,0.270818,13.344476620689656,0.0,0.40016129,0.0,0.064,0.0
2025-03-07 18:00:00,0.4363413793103448,0.0,12.90813524137931,0.0,0.40016129,0.0,0.082,0.0
2025-03-07 19:00:00,0.11,0.0,12.79813524137931,0.0,0.40016129,0.0,0.081,0.0
2025-03-07 20:00:00,0.26,0.0,12.53813524137931,0.0,0.40016129,0.0,0.077,0.0
2025-03-07 21:00:00,0.29,0.0,12.24813524137931,0.0,0.38016129,0.0,0.081,0.0
2025-03-07 22:00:00,0.25,0.0,11.99813524137931,0.0,0.38016129,0.0,0.069,0.0
2025-03-07 23:00:00,0.8300000000000001,0.0,11.16813524137931,0.0,0.38016129,0.0,0.067,0.0
2025-03-08 00:00:00,0.55,0.0,10.61813524137931,0.0,0.37016129,0.0,0.069,0.0
2025-03-08 01:00:00,1.0,0.0,9.61813524137931,0.0,0.37016129,0.0,0.069,0.0
2025-03-08 02:00:00,1.02,0.0,8.59813524137931,0.0,0.37016129,0.0,0.068,0.0
2025-03-08 03:00:00,0.55,0.0,8.04813524137931,0.0,0.37016129,0.0,0.067,0.0
2025-03-08 04:00:00,0.86,0.0,7.188135241379309,0.0,0.37016129,0.0,0.068,0.0
2025-03-08 05:00:00,1.03,0.0,6.158135241379309,0.0,0.37016129,0.0,0.071,0.0
2025-03-08 06:00:00,1.16,0.0,4.998135241379309,0.0,0.37016129,0.0,0.072,0.0
2025-03-08 07:00:00,1.05,0.550377,4.498512241379309,0.0,0.37016129,0.0,0.07,0.0
2025-03-08 08:00:00,0.6,2.5980770000000004,6.49658924137931,0.0,0.37016129,0.0,0.049,0.0
2025-03-08 09:00:00,0.49,3.886311,9.892900241379309,0.0,0.37016129,0.0,0.023,0.0
2025-03-08 10:00:00,2.88,4.745984999999999,11.758885241379309,0.0,0.37016129,0.0,0.016,0.0
2025-03-08 11:00:00,2.7849461538461537,5.236514000000001,13.5,0.0,0.37016129,2.451567846153847,0.019,-0.04657978907692309
2025-03-08 12:00:00,2.5149461538461537,5.333333,13.5,0.0,0.37016129,2.818386846153846,0.015,-0.042275802692307685
2025-03-08 13:00:00,2.6449461538461536,5.094876,13.5,0.0,0.37016129,2.4499298461538466,0.018,-0.044098737230769236
2025-03-08 14:00:00,2.84,3.940314,13.5,0.0,0.37016129,1.100314,0.021,-0.023106594
2025-03-08 15:00:00,0.2299999999999999,2.8151599999999997,13.5,0.0,0.38016129,2.5851599999999997,0.017,-0.043947719999999996
2025-03-08 16:00:00,0.23,1.880628,13.5,0.0,0.40016129,1.650628,0.028,-0.046217584
2025-03-08 17:00:00,0.5563413793103449,0.19079,13.134448620689655,0.0,0.40016129,0.0,0.064,0.0
2025-03-08 18:00:00,0.5463413793103449,0.0,12.58810724137931,0.0,0.40016129,0.0,0.082,0.0
2025-03-08 19:00:00,0.2299999999999999,0.0,12.35810724137931,0.0,0.40016129,0.0,0.081,0.0
2025-03-08 20:00:00,0.2,0.0,12.15810724137931,0.0,0.40016129,0.0,0.077,0.0
2025-03-08 21:00:00,0.14,0.0,12.01810724137931,0.0,0.38016129,0.0,0.081,0.0
2025-03-08 22:00:00,0.12,0.0,11.89810724137931,0.0,0.38016129,0.0,0.069,0.0
2025-03-08 23:00:00,0.52,0.0,11.378107241379311,0.0,0.38016129,0.0,0.067,0.0
2025-03-09 00:00:00,1.0,0.0,10.378107241379311,0.0,0.37016129,0.0,0.069,0.0
2025-03-09 01:00:00,0.87,0.0,9.508107241379312,0.0,0.37016129,0.0,0.069,0.0
2025-03-09 02:00:00,0.13,0.0,9.378107241379311,0.0,0.37016129,0.0,0.068,0.0
2025-03-09 03:00:00,0.8,0.0,8.57810724137931,0.0,0.37016129,0.0,0.067,0.0
2025-03-09 04:00:00,1.52,0.0,7.058107241379311,0.0,0.37016129,0.0,0.068,0.0
2025-03-09 05:00:00,0.94,0.0,6.118107241379311,0.0,0.37016129,0.0,0.071,0.0
2025-03-09 06:00:00,0.85,0.0,5.268107241379312,0.0,0.37016129,0.0,0.072,0.0
2025-03-09 07:00:00,0.94,0.395955,4.724062241379312,0.0,0.37016129,0.0,0.07,0.0
2025-03-09 08:00:00,0.48,0.920692,5.164754241379312,0.0,0.37016129,0.0,0.049,0.0
2025-03-09 09:00:00,0.66,2.819406,7.324160241379312,0.0,0.37016129,0.0,0.023,0.0
2025-03-09 10:00:00,2.4299999999999997,3.3002,8.194360241379313,0.0,0.37016129,0.0,0.016,0.0
2025-03-09 11:00:00,2.5149461538461537,4.796411,10.47582508753316,0.0,0.37016129,0.0,0.019,0.0
2025-03-09 12:00:00,2.5149461538461537,4.599908,12.560786933687003,0.0,0.37016129,0.0,0.015,0.0
2025-03-09 13:00:00,2.5049461538461535,4.170507,13.5,0.0,0.37016129,1.6655608461538463,0.018,-0.029980095230769232
2025-03-09 14:00:00,2.4,3.867671,13.5,0.0,0.37016129,1.4676710000000002,0.021,-0.030821091000000005
2025-03-09 15:00:00,0.1,2.800325,13.5,0.0,0.38016129,2.700325,0.017,-0.045905525
2025-03-09 16:00:00,0.12,1.975122,13.5,0.0,0.40016129,1.8551220000000002,0.028,-0.051943416000000006
2025-03-09 17:00:00,0.4363413793103448,0.47508,13.5,0.0,0.40016129,0.03873862068965522,0.064,-0.0024792717241379344
2025-03-09 18:00:00,0.4363413793103448,0.0,13.063658620689656,0.0,0.40016129,0.0,0.082,0.0
2025-03-09 19:00:00,0.1699999999999999,0.0,12.893658620689656,0.0,0.40016129,0.0,0.081,0.0
2025-03-09 20:00:00,0.24,0.0,12.653658620689654,0.0,0.40016129,0.0,0.077,0.0
2025-03-09 21:00:00,0.15,0.0,12.503658620689654,0.0,0.38016129,0.0,0.081,0.0
2025-03-09 22:00:00,0.24,0.0,12.263658620689654,0.0,0.38016129,0.0,0.069,0.0
2025-03-09 23:00:00,0.53,0.0,11.733658620689654,0.0,0.38016129,0.0,0.067,0.0
2025-03-10 00:00:00,0.56,0.0,11.173658620689654,0.0,0.37016129,0.0,0.069,0.0
2025-03-10 01:00:00,1.25,0.0,9.923658620689654,0.0,0.37016129,0.0,0.069,0.0
2025-03-10 02:00:00,0.88,0.0,9.043658620689651,0.0,0.37016129,0.0,0.068,0.0
2025-03-10 03:00:00,0.8600000000000001,0.0,8.183658620689654,0.0,0.37016129,0.0,0.067,0.0
2025-03-10 04:00:00,0.95,0.0,7.233658620689654,0.0,0.37016129,0.0,0.068,0.0
2025-03-10 05:00:00,1.0,0.0,6.233658620689654,0.0,0.37016129,0.0,0.071,0.0
2025-03-10 06:00:00,1.51,0.0,4.723658620689654,0.0,0.37016129,0.0,0.072,0.0
2025-03-10 07:00:00,1.08,1.015403,4.659061620689654,0.0,0.37016129,0.0,0.07,0.0
2025-03-10 08:00:00,0.94,2.578823,6.297884620689654,0.0,0.37016129,0.0,0.049,0.0
2025-03-10 09:00:00,0.51,3.762594,9.550478620689654,0.0,0.37016129,0.0,0.023,0.0
2025-03-10 10:00:00,0.74,4.576078000000001,13.386556620689657,0.0,0.37016129,0.0,0.016,0.0
2025-03-10 11:00:00,0.2549461538461539,4.163077,13.5,0.0,0.37016129,3.9081308461538464,0.019,-0.07425448607692307
2025-03-10 12:00:00,0.3549461538461538,5.173403,13.5,0.0,0.37016129,4.818456846153847,0.015,-0.0722768526923077
2025-03-10 13:00:00,0.2549461538461539,4.132362,13.5,0.0,0.37016129,3.8774158461538457,0.018,-0.06979348523076921
2025-03-10 14:00:00,0.09,3.246365,13.5,0.0,0.37016129,3.156365,0.021,-0.066283665
2025-03-10 15:00:00,0.1,2.296897,13.5,0.0,0.38016129,2.196897,0.017,-0.037347249
2025-03-10 16:00:00,0.1,2.012595,13.5,0.0,0.40016129,1.912595,0.028,-0.05355266
2025-03-10 17:00:00,0.4263413793103449,0.507643,13.5,0.0,0.40016129,0.08130162068965507,0.064,-0.005203303724137925
2025-03-10 18:00:00,2.6563413793103448,0.0,10.843658620689656,0.0,0.40016129,0.0,0.082,0.0
2025-03-10 19:00:00,1.43,0.0,9.413658620689656,0.0,0.40016129,0.0,0.081,0.0
2025-03-10 20:00:00,0.29,0.0,9.123658620689657,0.0,0.40016129,0.0,0.077,0.0
2025-03-10 21:00:00,0.14,0.0,8.983658620689656,0.0,0.38016129,0.0,0.081,0.0
2025-03-10 22:00:00,0.12,0.0,8.863658620689657,0.0,0.38016129,0.0,0.069,0.0
2025-03-10 23:00:00,0.09,0.0,8.773658620689657,0.0,0.38016129,0.0,0.067,0.0
2025-03-11 00:00:00,0.74,0.0,8.033658620689657,0.0,0.37016129,0.0,0.069,0.0
2025-03-11 01:00:00,0.64,0.0,7.393658620689657,0.0,0.37016129,0.0,0.069,0.0
2025-03-11 02:00:00,0.94,0.0,6.453658620689657,0.0,0.37016129,0.0,0.068,0.0
2025-03-11 03:00:00,0.93,0.0,5.523658620689657,0.0,0.37016129,0.0,0.067,0.0
2025-03-11 04:00:00,1.16,0.0,4.363658620689657,0.0,0.37016129,0.0,0.068,0.0
2025-03-11 05:00:00,1.18,0.0,3.1836586206896573,0.0,0.37016129,0.0,0.071,0.0
2025-03-11 06:00:00,0.95,0.0,2.233658620689657,0.0,0.37016129,0.0,0.072,0.0
2025-03-11 07:00:00,1.04,0.5598759999999999,1.7535346206896572,0.0,0.37016129,0.0,0.07,0.0
2025-03-11 08:00:00,0.53,2.089659,3.313193620689657,0.0,0.37016129,0.0,0.049,0.0
2025-03-11 09:00:00,0.15,2.875278,6.038471620689657,0.0,0.37016129,0.0,0.023,0.0
2025-03-11 10:00:00,0.37,3.818595,9.487066620689657,0.0,0.37016129,0.0,0.016,0.0
2025-03-11 11:00:00,0.2449461538461538,5.147603,13.5,0.0,0.37016129,4.902656846153846,0.019,-0.09315048007692307
2025-03-11 12:00:00,0.2949461538461538,5.243532,13.5,0.0,0.37016129,4.948585846153846,0.015,-0.07422878769230769
2025-03-11 13:00:00,0.3149461538461539,5.009074,13.5,0.0,0.37016129,4.6941278461538465,0.018,-0.08449430123076923
2025-03-11 14:00:00,0.17,4.380025,13.5,0.0,0.37016129,4.210025,0.021,-0.088410525
2025-03-11 15:00:00,0.15,3.458588,13.5,0.0,0.38016129,3.3085880000000003,0.017,-0.056245996000000006
2025-03-11 16:00:00,0.14,2.096956,13.5,0.0,0.40016129,1.956956,0.028,-0.054794768
2025-03-11 17:00:00,0.4863413793103448,0.547588,13.5,0.0,0.40016129,0.06124662068965514,0.064,-0.003919783724137929
2025-03-11 18:00:00,0.4463413793103448,0.0,13.053658620689657,0.0,0.40016129,0.0,0.082,0.0
2025-03-11 19:00:00,0.11,0.0,12.943658620689655,0.0,0.40016129,0.0,0.081,0.0
2025-03-11 20:00:00,0.16,0.0,12.783658620689655,0.0,0.40016129,0.0,0.077,0.0
2025-03-11 21:00:00,0.15,0.0,12.633658620689657,0.0,0.38016129,0.0,0.081,0.0
2025-03-11 22:00:00,0.14,0.0,12.493658620689654,0.0,0.38016129,0.0,0.069,0.0
2025-03-11 23:00:00,0.11,0.0,12.383658620689657,0.0,0.38016129,0.0,0.067,0.0
2025-03-12 00:00:00,0.11,0.0,12.273658620689655,0.0,0.37016129,0.0,0.069,0.0
2025-03-12 01:00:00,0.11,0.0,12.163658620689656,0.0,0.37016129,0.0,0.069,0.0
2025-03-12 02:00:00,0.11,0.0,12.053658620689657,0.0,0.37016129,0.0,0.068,0.0
2025-03-12 03:00:00,0.51,0.0,11.543658620689657,0.0,0.37016129,0.0,0.067,0.0
2025-03-12 04:00:00,0.88,0.0,10.663658620689656,0.0,0.37016129,0.0,0.068,0.0
2025-03-12 05:00:00,0.5599999999999999,0.0,10.103658620689655,0.0,0.37016129,0.0,0.071,0.0
2025-03-12 06:00:00,0.8,0.0,9.303658620689657,0.0,0.37016129,0.0,0.072,0.0
2025-03-12 07:00:00,0.8600000000000001,1.059371,9.503029620689654,0.0,0.37016129,0.0,0.07,0.0
2025-03-12 08:00:00,0.7000000000000001,2.615002,11.418031620689652,0.0,0.37016129,0.0,0.049,0.0
2025-03-12 09:00:00,0.74,3.790374,13.5,0.0,0.37016129,3.0503739999999997,0.023,-0.07015860199999999
2025-03-12 10:00:00,3.12,4.542096,13.5,0.0,0.37016129,1.4220959999999998,0.016,-0.022753535999999998
2025-03-12 11:00:00,3.2749461538461535,4.568613999999999,13.5,0.0,0.37016129,1.2936678461538458,0.019,-0.02457968907692307
2025-03-12 12:00:00,2.8249461538461538,4.543992,13.5,0.0,0.37016129,1.7190458461538465,0.015,-0.025785687692307695
2025-03-12 13:00:00,3.1549461538461534,4.060243,13.5,0.0,0.37016129,0.9052968461538464,0.018,-0.016295343230769234
2025-03-12 14:00:00,2.86,3.471275,13.5,0.0,0.37016129,0.611275,0.021,-0.012836775000000002
2025-03-12 15:00:00,0.51,2.953712,13.5,0.0,0.38016129,2.4437119999999997,0.017,-0.041543104
2025-03-12 16:00:00,0.98,1.825639,13.5,0.0,0.40016129,0.845639,0.028,-0.023677892000000002
2025-03-12 17:00:00,1.1763413793103448,0.497573,12.821231620689655,0.0,0.40016129,0.0,0.064,0.0
2025-03-12 18:00:00,1.2463413793103448,0.0,11.574890241379313,0.0,0.40016129,0.0,0.082,0.0
2025-03-12 19:00:00,0.9,0.0,10.67489024137931,0.0,0.40016129,0.0,0.081,0.0
2025-03-12 20:00:00,0.5599999999999999,0.0,10.11489024137931,0.0,0.40016129,0.0,0.077,0.0
2025-03-12 21:00:00,0.98,0.0,9.13489024137931,0.0,0.38016129,0.0,0.081,0.0
2025-03-12 22:00:00,0.92,0.0,8.21489024137931,0.0,0.38016129,0.0,0.069,0.0
2025-03-12 23:00:00,1.4,0.0,6.8148902413793095,0.0,0.38016129,0.0,0.067,0.0
2025-03-13 00:00:00,0.6,0.0,6.21489024137931,0.0,0.37016129,0.0,0.069,0.0
2025-03-13 01:00:00,1.14,0.0,5.07489024137931,0.0,0.37016129,0.0,0.069,0.0
2025-03-13 02:00:00,1.34,0.0,3.7348902413793104,0.0,0.37016129,0.0,0.068,0.0
2025-03-13 03:00:00,0.99,0.0,2.74489024137931,0.0,0.37016129,0.0,0.067,0.0
2025-03-13 04:00:00,1.24,0.0,1.5048902413793102,0.0,0.37016129,0.0,0.068,0.0
2025-03-13 05:00:00,1.02,0.0,0.4848902413793101,0.0,0.37016129,0.0,0.071,0.0
2025-03-13 06:00:00,1.5,0.0,0.0,1.0151097586206899,0.37016129,0.0,0.072,0.3757543377426232
2025-03-13 07:00:00,1.47,1.107296,0.0,0.3627039999999999,0.37016129,0.0,0.07,0.13425898052815996
2025-03-13 08:00:00,1.15,1.10251,0.0,0.04748999999999981,0.37016129,0.0,0.049,0.01757895966209993
2025-03-13 09:00:00,0.87,2.306301,1.4363009999999998,0.0,0.37016129,0.0,0.023,0.0
2025-03-13 10:00:00,0.7,4.639656,5.375957,0.0,0.37016129,0.0,0.016,0.0
2025-03-13 11:00:00,0.5449461538461539,3.469182,8.300192846153845,0.0,0.37016129,0.0,0.019,0.0
2025-03-13 12:00:00,0.534946153846154,3.880114,11.64536069230769,0.0,0.37016129,0.0,0.015,0.0
2025-03-13 13:00:00,0.5849461538461538,3.450979,13.5,0.0,0.37016129,2.8660328461538462,0.018,-0.051588591230769226
2025-03-13 14:00:00,0.13,1.7278330000000002,13.5,0.0,0.37016129,1.597833,0.021,-0.033554493000000005
2025-03-13 15:00:00,0.13,3.469541,13.5,0.0,0.38016129,3.339541,0.017,-0.056772197
2025-03-13 16:00:00,0.14,2.149194,13.5,0.0,0.40016129,2.009194,0.028,-0.056257431999999996
2025-03-13 17:00:00,0.5663413793103449,0.5755370000000001,13.5,0.0,0.40016129,0.009195620689655182,0.064,-0.0005885197241379316
2025-03-13 18:00:00,1.156341379310345,0.0,12.343658620689656,0.0,0.40016129,0.0,0.082,0.0
2025-03-13 19:00:00,0.28,0.0,12.063658620689656,0.0,0.40016129,0.0,0.081,0.0
2025-03-13 20:00:00,1.01,0.0,11.053658620689657,0.0,0.40016129,0.0,0.077,0.0
2025-03-13 21:00:00,0.99,0.0,10.063658620689656,0.0,0.38016129,0.0,0.081,0.0
2025-03-13 22:00:00,0.63,0.0,9.433658620689656,0.0,0.38016129,0.0,0.069,0.0
2025-03-13 23:00:00,1.07,0.0,8.363658620689655,0.0,0.38016129,0.0,0.067,0.0
2025-03-14 00:00:00,1.07,0.0,7.293658620689655,0.0,0.37016129,0.0,0.069,0.0
2025-03-14 01:00:00,0.99,0.0,6.303658620689655,0.0,0.37016129,0.0,0.069,0.0
2025-03-14 02:00:00,1.05,0.0,5.253658620689655,0.0,0.37016129,0.0,0.068,0.0
2025-03-14 03:00:00,1.28,0.0,3.9736586206896543,0.0,0.37016129,0.0,0.067,0.0
2025-03-14 04:00:00,1.6,0.0,2.3736586206896546,0.0,0.37016129,0.0,0.068,0.0
2025-03-14 05:00:00,1.68,0.0,0.6936586206896547,0.0,0.37016129,0.0,0.071,0.0
2025-03-14 06:00:00,1.46,0.0,0.0,0.7663413793103453,0.37016129,0.0,0.072,0.2836699135458967
2025-03-14 07:00:00,1.82,0.373716,0.0,1.4462840000000001,0.37016129,0.0,0.07,0.53535835114636
2025-03-14 08:00:00,1.62,1.665776,0.045776,0.0,0.37016129,0.0,0.049,0.0
2025-03-14 09:00:00,1.38,4.0898699999999995,2.7556459999999996,0.0,0.37016129,0.0,0.023,0.0
2025-03-14 10:00:00,3.75,4.917809,3.923455,0.0,0.37016129,0.0,0.016,0.0
2025-03-14 11:00:00,3.884946153846154,5.333333,5.3718418461538455,0.0,0.37016129,0.0,0.019,0.0
2025-03-14 12:00:00,3.1249461538461536,5.333333,7.580228692307692,0.0,0.37016129,0.0,0.015,0.0
2025-03-14 13:00:00,2.5149461538461537,5.229125,10.294407538461538,0.0,0.37016129,0.0,0.018,0.0
2025-03-14 14:00:00,2.4,4.056896,11.951303538461538,0.0,0.37016129,0.0,0.021,0.0
2025-03-14 15:00:00,0.45,3.1576109999999997,13.5,0.0,0.38016129,2.7076109999999995,0.017,-0.046029387
2025-03-14 16:00:00,0.09,1.411034,13.5,0.0,0.40016129,1.3210339999999998,0.028,-0.036988952
2025-03-14 17:00:00,0.4463413793103448,0.541164,13.5,0.0,0.40016129,0.09482262068965519,0.064,-0.006068647724137933
2025-03-14 18:00:00,2.776341379310345,0.0,10.723658620689656,0.0,0.40016129,0.0,0.082,0.0
2025-03-14 19:00:00,1.1,0.0,9.623658620689657,0.0,0.40016129,0.0,0.081,0.0
2025-03-14 20:00:00,0.68,0.0,8.943658620689655,0.0,0.40016129,0.0,0.077,0.0
2025-03-14 21:00:00,0.19,0.0,8.753658620689656,0.0,0.38016129,0.0,0.081,0.0
2025-03-14 22:00:00,0.51,0.0,8.243658620689656,0.0,0.38016129,0.0,0.069,0.0
2025-03-14 23:00:00,0.71,0.0,7.533658620689656,0.0,0.38016129,0.0,0.067,0.0
2025-03-15 00:00:00,0.65,0.0,6.883658620689656,0.0,0.37016129,0.0,0.069,0.0
2025-03-15 01:00:00,1.09,0.0,5.793658620689656,0.0,0.37016129,0.0,0.069,0.0
2025-03-15 02:00:00,0.72,0.0,5.073658620689656,0.0,0.37016129,0.0,0.068,0.0
2025-03-15 03:00:00,1.03,0.0,4.043658620689656,0.0,0.37016129,0.0,0.067,0.0
2025-03-15 04:00:00,0.8600000000000001,0.0,3.1836586206896555,0.0,0.37016129,0.0,0.068,0.0
2025-03-15 05:00:00,1.04,0.0,2.1436586206896555,0.0,0.37016129,0.0,0.071,0.0
2025-03-15 06:00:00,1.02,0.0,1.1236586206896555,0.0,0.37016129,0.0,0.072,0.0
2025-03-15 07:00:00,0.98,1.18956,1.3332186206896557,0.0,0.37016129,0.0,0.07,0.0
2025-03-15 08:00:00,0.97,2.802848,3.1660666206896555,0.0,0.37016129,0.0,0.049,0.0
2025-03-15 09:00:00,0.11,3.960574,7.016640620689656,0.0,0.37016129,0.0,0.023,0.0
2025-03-15 10:00:00,2.8099999999999996,4.754157,8.960797620689657,0.0,0.37016129,0.0,0.016,0.0
2025-03-15 11:00:00,2.974730769230769,5.162613,11.148679851458889,0.0,0.37016129,0.0,0.019,0.0
2025-03-15 12:00:00,2.9947307692307694,5.245658000000001,13.39960708222812,0.0,0.37016129,0.0,0.015,0.0
2025-03-15 13:00:00,2.984730769230769,5.024808,13.5,0.0,0.37016129,2.040077230769231,0.018,-0.03672139015384616
2025-03-15 14:00:00,2.49,4.4491760000000005,13.5,0.0,0.37016129,1.9591760000000003,0.021,-0.041142696000000006
2025-03-15 15:00:00,0.22,3.523797,13.5,0.0,0.38016129,3.303797,0.017,-0.056164549
2025-03-15 16:00:00,0.11,2.190912,13.5,0.0,0.40016129,2.080912,0.028,-0.05826553600000001
2025-03-15 17:00:00,1.7817068965517242,0.606876,12.325169103448276,0.0,0.40016129,0.0,0.064,0.0
2025-03-15 18:00:00,2.0017068965517244,0.0,10.323462206896552,0.0,0.40016129,0.0,0.082,0.0
2025-03-15 19:00:00,0.26,0.0,10.063462206896553,0.0,0.40016129,0.0,0.081,0.0
2025-03-15 20:00:00,0.1699999999999999,0.0,9.893462206896553,0.0,0.40016129,0.0,0.077,0.0
2025-03-15 21:00:00,0.11,0.0,9.783462206896552,0.0,0.38016129,0.0,0.081,0.0
2025-03-15 22:00:00,0.13,0.0,9.653462206896553,0.0,0.38016129,0.0,0.069,0.0
2025-03-15 23:00:00,0.11,0.0,9.543462206896551,0.0,0.38016129,0.0,0.067,0.0
2025-03-16 00:00:00,0.12,0.0,9.423462206896554,0.0,0.37016129,0.0,0.069,0.0
2025-03-16 01:00:00,1.22,0.0,8.203462206896553,0.0,0.37016129,0.0,0.069,0.0
2025-03-16 02:00:00,0.97,0.0,7.2334622068965535,0.0,0.37016129,0.0,0.068,0.0
2025-03-16 03:00:00,0.7999999999999999,0.0,6.433462206896554,0.0,0.37016129,0.0,0.067,0.0
2025-03-16 04:00:00,0.79,0.0,5.643462206896554,0.0,0.37016129,0.0,0.068,0.0
2025-03-16 05:00:00,0.93,0.0,4.713462206896554,0.0,0.37016129,0.0,0.071,0.0
2025-03-16 06:00:00,0.71,0.010922,4.014384206896554,0.0,0.37016129,0.0,0.072,0.0
2025-03-16 07:00:00,1.1,1.184402,4.098786206896554,0.0,0.37016129,0.0,0.07,0.0
2025-03-16 08:00:00,0.67,2.702915,6.131701206896554,0.0,0.37016129,0.0,0.049,0.0
2025-03-16 09:00:00,1.25,3.782874,8.664575206896554,0.0,0.37016129,0.0,0.023,0.0
2025-03-16 10:00:00,3.11,4.4539290000000005,10.008504206896555,0.0,0.37016129,0.0,0.016,0.0
2025-03-16 11:00:00,2.974730769230769,4.784885,11.818658437665784,0.0,0.37016129,0.0,0.019,0.0
2025-03-16 12:00:00,3.2947307692307692,4.954414,13.478341668435016,0.0,0.37016129,0.0,0.015,0.0
2025-03-16 13:00:00,2.974730769230769,4.86673,13.5,0.0,0.37016129,1.8919992307692306,0.018,-0.03405598615384615
2025-03-16 14:00:00,2.4499999999999997,4.366303,13.5,0.0,0.37016129,1.9163030000000005,0.021,-0.04024236300000002
2025-03-16 15:00:00,0.2,3.473797,13.5,0.0,0.38016129,3.2737969999999996,0.017,-0.055654549
2025-03-16 16:00:00,0.28,2.1840230000000003,13.5,0.0,0.40016129,1.9040230000000002,0.028,-0.053312644000000006
2025-03-16 17:00:00,1.811706896551724,0.61887,12.307163103448277,0.0,0.40016129,0.0,0.064,0.0
2025-03-16 18:00:00,2.9417068965517243,0.0,9.365456206896551,0.0,0.40016129,0.0,0.082,0.0
2025-03-16 19:00:00,0.48,0.0,8.885456206896553,0.0,0.40016129,0.0,0.081,0.0
2025-03-16 20:00:00,0.29,0.0,8.595456206896554,0.0,0.40016129,0.0,0.077,0.0
2025-03-16 21:00:00,0.15,0.0,8.445456206896553,0.0,0.38016129,0.0,0.081,0.0
2025-03-16 22:00:00,0.55,0.0,7.8954562068965535,0.0,0.38016129,0.0,0.069,0.0
2025-03-16 23:00:00,0.8999999999999999,0.0,6.995456206896554,0.0,0.38016129,0.0,0.067,0.0
2025-03-17 00:00:00,0.5800000000000001,0.0,6.415456206896554,0.0,0.37016129,0.0,0.069,0.0
2025-03-17 01:00:00,1.01,0.0,5.405456206896554,0.0,0.37016129,0.0,0.069,0.0
2025-03-17 02:00:00,0.55,0.0,4.855456206896554,0.0,0.37016129,0.0,0.068,0.0
2025-03-17 03:00:00,0.93,0.0,3.925456206896554,0.0,0.37016129,0.0,0.067,0.0
2025-03-17 04:00:00,0.8800000000000001,0.0,3.045456206896554,0.0,0.37016129,0.0,0.068,0.0
2025-03-17 05:00:00,1.07,0.0,1.9754562068965535,0.0,0.37016129,0.0,0.071,0.0
2025-03-17 06:00:00,0.69,0.0,1.2854562068965538,0.0,0.37016129,0.0,0.072,0.0
2025-03-17 07:00:00,0.85,0.054993,0.4904492068965538,0.0,0.37016129,0.0,0.07,0.0
2025-03-17 08:00:00,0.99,0.497235,0.0,0.0023157931034462065,0.37016129,0.0,0.049,0.0008572169625447512
2025-03-17 09:00:00,0.18,0.871606,0.6916059999999999,0.0,0.37016129,0.0,0.023,0.0
2025-03-17 10:00:00,0.14,1.147332,1.6989379999999998,0.0,0.37016129,0.0,0.016,0.0
2025-03-17 11:00:00,0.6198923076923077,1.701364,2.780409692307692,0.0,0.37016129,0.0,0.019,0.0
2025-03-17 12:00:00,0.5198923076923078,2.4378,4.698317384615384,0.0,0.37016129,0.0,0.015,0.0
2025-03-17 13:00:00,0.4598923076923077,1.951998,6.190423076923077,0.0,0.37016129,0.0,0.018,0.0
2025-03-17 14:00:00,0.18,2.1342269999999997,8.144650076923076,0.0,0.37016129,0.0,0.021,0.0
2025-03-17 15:00:00,0.15,2.520832,10.515482076923076,0.0,0.38016129,0.0,0.017,0.0
2025-03-17 16:00:00,0.15,2.186344,12.551826076923076,0.0,0.40016129,0.0,0.028,0.0
2025-03-17 17:00:00,1.1826827586206896,0.616614,11.985757318302388,0.0,0.40016129,0.0,0.064,0.0
2025-03-17 18:00:00,3.69268275862069,0.0,8.293074559681697,0.0,0.40016129,0.0,0.082,0.0
2025-03-17 19:00:00,0.25,0.0,8.043074559681697,0.0,0.40016129,0.0,0.081,0.0
2025-03-17 20:00:00,0.5599999999999999,0.0,7.483074559681698,0.0,0.40016129,0.0,0.077,0.0
2025-03-17 21:00:00,0.19,0.0,7.293074559681697,0.0,0.38016129,0.0,0.081,0.0
2025-03-17 22:00:00,0.64,0.0,6.653074559681698,0.0,0.38016129,0.0,0.069,0.0
2025-03-17 23:00:00,0.8400000000000001,0.0,5.813074559681698,0.0,0.38016129,0.0,0.067,0.0
2025-03-18 00:00:00,1.15,0.0,4.663074559681698,0.0,0.37016129,0.0,0.069,0.0
2025-03-18 01:00:00,0.97,0.0,3.6930745596816985,0.0,0.37016129,0.0,0.069,0.0
2025-03-18 02:00:00,1.39,0.0,2.303074559681699,0.0,0.37016129,0.0,0.068,0.0
2025-03-18 03:00:00,0.98,0.0,1.3230745596816988,0.0,0.37016129,0.0,0.067,0.0
2025-03-18 04:00:00,1.6,0.0,0.0,0.27692544031830124,0.37016129,0.0,0.068,0.10250707822204039
2025-03-18 05:00:00,1.42,0.0,0.0,1.42,0.37016129,0.0,0.071,0.5256290318
2025-03-18 06:00:00,1.8,0.0,0.0,1.8,0.37016129,0.0,0.072,0.6662903219999999
2025-03-18 07:00:00,1.3,0.222528,0.0,1.077472,0.37016129,0.0,0.07,0.39883842545888
2025-03-18 08:00:00,0.77,0.6984400000000001,0.0,0.07155999999999996,0.37016129,0.0,0.049,0.02648874191239998
2025-03-18 09:00:00,0.38,2.563179,2.183179,0.0,0.37016129,0.0,0.023,0.0
2025-03-18 10:00:00,0.1,4.908913999999999,6.992093,0.0,0.37016129,0.0,0.016,0.0
2025-03-18 11:00:00,0.3298923076923077,5.333333,11.995533692307692,0.0,0.37016129,0.0,0.019,0.0
2025-03-18 12:00:00,0.3298923076923077,5.333333,13.5,0.0,0.37016129,5.0034406923076915,0.015,-0.07505161038461537
2025-03-18 13:00:00,0.3298923076923077,3.210698,13.5,0.0,0.37016129,2.880805692307692,0.018,-0.05185450246153846
2025-03-18 14:00:00,0.1,1.887964,13.5,0.0,0.37016129,1.7879639999999999,0.021,-0.037547244
2025-03-18 15:00:00,0.1,1.164845,13.5,0.0,0.38016129,1.0648449999999998,0.017,-0.018102365
2025-03-18 16:00:00,0.1,0.529123,13.5,0.0,0.40016129,0.42912300000000003,0.028,-0.012015444000000002
2025-03-18 17:00:00,0.7526827586206897,0.628617,13.37593424137931,0.0,0.40016129,0.0,0.064,0.0
2025-03-18 18:00:00,0.9326827586206896,0.0,12.44325148275862,0.0,0.40016129,0.0,0.082,0.0
2025-03-18 19:00:00,0.31,0.0,12.13325148275862,0.0,0.40016129,0.0,0.081,0.0
2025-03-18 20:00:00,0.33,0.0,11.80325148275862,0.0,0.40016129,0.0,0.077,0.0
2025-03-18 21:00:00,0.15,0.0,11.65325148275862,0.0,0.38016129,0.0,0.081,0.0
2025-03-18 22:00:00,0.25,0.0,11.40325148275862,0.0,0.38016129,0.0,0.069,0.0
2025-03-18 23:00:00,0.79,0.0,10.61325148275862,0.0,0.38016129,0.0,0.067,0.0
2025-03-19 00:00:00,1.04,0.0,9.57325148275862,0.0,0.37016129,0.0,0.069,0.0
2025-03-19 01:00:00,0.7000000000000001,0.0,8.873251482758622,0.0,0.37016129,0.0,0.069,0.0
2025-03-19 02:00:00,1.2,0.0,7.673251482758622,0.0,0.37016129,0.0,0.068,0.0
2025-03-19 03:00:00,1.5299999999999998,0.0,6.143251482758622,0.0,0.37016129,0.0,0.067,0.0
2025-03-19 04:00:00,1.13,0.0,5.013251482758622,0.0,0.37016129,0.0,0.068,0.0
2025-03-19 05:00:00,1.35,0.0,3.663251482758622,0.0,0.37016129,0.0,0.071,0.0
2025-03-19 06:00:00,1.14,0.0,2.5232514827586217,0.0,0.37016129,0.0,0.072,0.0
2025-03-19 07:00:00,1.02,0.0927429999999999,1.5959944827586217,0.0,0.37016129,0.0,0.07,0.0
2025-03-19 08:00:00,0.93,1.115928,1.7819224827586218,0.0,0.37016129,0.0,0.049,0.0
2025-03-19 09:00:00,0.65,3.1975990000000003,4.329521482758622,0.0,0.37016129,0.0,0.023,0.0
2025-03-19 10:00:00,2.4,3.318977,5.248498482758622,0.0,0.37016129,0.0,0.016,0.0
2025-03-19 11:00:00,2.6298923076923075,3.995728,6.614334175066315,0.0,0.37016129,0.0,0.019,0.0
2025-03-19 12:00:00,2.6298923076923075,1.495272,5.479713867374008,0.0,0.37016129,0.0,0.015,0.0
2025-03-19 13:00:00,2.6198923076923073,2.071978,4.9317995596817,0.0,0.37016129,0.0,0.018,0.0
2025-03-19 14:00:00,2.3899999999999997,1.759918,4.3017175596817,0.0,0.37016129,0.0,0.021,0.0
2025-03-19 15:00:00,0.1,2.188863,6.3905805596817,0.0,0.38016129,0.0,0.017,0.0
2025-03-19 16:00:00,0.1,0.955774,7.2463545596817,0.0,0.40016129,0.0,0.028,0.0
2025-03-19 17:00:00,0.7726827586206897,0.1743249999999999,6.64799680106101,0.0,0.40016129,0.0,0.064,0.0
2025-03-19 18:00:00,2.5326827586206897,0.0,4.115314042440321,0.0,0.40016129,0.0,0.082,0.0
2025-03-19 19:00:00,1.03,0.0,3.085314042440321,0.0,0.40016129,0.0,0.081,0.0
2025-03-19 20:00:00,0.67,0.0,2.415314042440321,0.0,0.40016129,0.0,0.077,0.0
2025-03-19 21:00:00,0.2,0.0,2.215314042440321,0.0,0.38016129,0.0,0.081,0.0
2025-03-19 22:00:00,0.16,0.0,2.0553140424403207,0.0,0.38016129,0.0,0.069,0.0
2025-03-19 23:00:00,0.11,0.0,1.9453140424403208,0.0,0.38016129,0.0,0.067,0.0
2025-03-20 00:00:00,0.5,0.0,1.4453140424403206,0.0,0.37016129,0.0,0.069,0.0
2025-03-20 01:00:00,1.0,0.0,0.4453140424403206,0.0,0.37016129,0.0,0.069,0.0
2025-03-20 02:00:00,0.55,0.0,0.0,0.10468595755967947,0.37016129,0.0,0.068,0.0387506890951762
2025-03-20 03:00:00,1.09,0.0,0.0,1.09,0.37016129,0.0,0.067,0.4034758061
2025-03-20 04:00:00,1.17,0.0,0.0,1.17,0.37016129,0.0,0.068,0.43308870929999993
2025-03-20 05:00:00,0.88,0.0,0.0,0.88,0.37016129,0.0,0.071,0.3257419352
2025-03-20 06:00:00,1.41,0.0,0.0,1.41,0.37016129,0.0,0.072,0.5219274188999999
2025-03-20 07:00:00,1.09,0.029032,0.0,1.0609680000000001,0.37016129,0.0,0.07,0.39272928352872
2025-03-20 08:00:00,0.14,0.1781599999999999,0.0381599999999999,0.0,0.37016129,0.0,0.049,0.0
2025-03-20 09:00:00,0.14,0.414083,0.312243,0.0,0.37016129,0.0,0.023,0.0
2025-03-20 10:00:00,0.13,1.475359,1.6576019999999998,0.0,0.37016129,0.0,0.016,0.0
2025-03-20 11:00:00,0.3698923076923077,2.243126,3.530835692307692,0.0,0.37016129,0.0,0.019,0.0
2025-03-20 12:00:00,0.3598923076923077,3.756477,6.927420384615385,0.0,0.37016129,0.0,0.015,0.0
2025-03-20 13:00:00,0.3698923076923077,5.252368000000001,11.809896076923078,0.0,0.37016129,0.0,0.018,0.0
2025-03-20 14:00:00,0.15,4.6624,13.5,0.0,0.37016129,4.5123999999999995,0.021,-0.0947604
2025-03-20 15:00:00,0.14,3.6693,13.5,0.0,0.38016129,3.5292999999999997,0.017,-0.0599981
2025-03-20 16:00:00,0.15,1.614208,13.5,0.0,0.40016129,1.4642080000000002,0.028,-0.04099782400000001
2025-03-20 17:00:00,0.8026827586206897,0.659326,13.35664324137931,0.0,0.40016129,0.0,0.064,0.0
2025-03-20 18:00:00,0.9526827586206896,0.0,12.40396048275862,0.0,0.40016129,0.0,0.082,0.0
2025-03-20 19:00:00,0.27,0.0,12.13396048275862,0.0,0.40016129,0.0,0.081,0.0
2025-03-20 20:00:00,0.19,0.0,11.94396048275862,0.0,0.40016129,0.0,0.077,0.0
2025-03-20 21:00:00,0.15,0.0,11.79396048275862,0.0,0.38016129,0.0,0.081,0.0
2025-03-20 22:00:00,0.15,0.0,11.64396048275862,0.0,0.38016129,0.0,0.069,0.0
2025-03-20 23:00:00,0.1,0.0,11.54396048275862,0.0,0.38016129,0.0,0.067,0.0
2025-03-21 00:00:00,0.97,0.0,10.57396048275862,0.0,0.37016129,0.0,0.069,0.0
2025-03-21 01:00:00,0.68,0.0,9.89396048275862,0.0,0.37016129,0.0,0.069,0.0
2025-03-21 02:00:00,0.98,0.0,8.91396048275862,0.0,0.37016129,0.0,0.068,0.0
2025-03-21 03:00:00,1.08,0.0,7.83396048275862,0.0,0.37016129,0.0,0.067,0.0
2025-03-21 04:00:00,1.02,0.0,6.81396048275862,0.0,0.37016129,0.0,0.068,0.0
2025-03-21 05:00:00,1.1,0.0,5.713960482758621,0.0,0.37016129,0.0,0.071,0.0
2025-03-21 06:00:00,1.22,0.04469,4.538650482758621,0.0,0.37016129,0.0,0.072,0.0
2025-03-21 07:00:00,1.14,1.311951,4.710601482758621,0.0,0.37016129,0.0,0.07,0.0
2025-03-21 08:00:00,0.5700000000000001,2.935625,7.076226482758621,0.0,0.37016129,0.0,0.049,0.0
2025-03-21 09:00:00,0.43,4.156185000000001,10.802411482758622,0.0,0.37016129,0.0,0.023,0.0
2025-03-21 10:00:00,2.69,5.0056840000000005,13.118095482758624,0.0,0.37016129,0.0,0.016,0.0
2025-03-21 11:00:00,2.6198923076923073,5.333333,13.5,0.0,0.37016129,2.7134406923076924,0.019,-0.05155537315384615
2025-03-21 12:00:00,2.6298923076923075,5.333333,13.5,0.0,0.37016129,2.703440692307692,0.015,-0.04055161038461538
2025-03-21 13:00:00,2.6298923076923075,5.298895000000001,13.5,0.0,0.37016129,2.6690026923076933,0.018,-0.04804204846153848
2025-03-21 14:00:00,2.4,4.664518,13.5,0.0,0.37016129,2.2645180000000003,0.021,-0.04755487800000001
2025-03-21 15:00:00,0.1,3.682915,13.5,0.0,0.38016129,3.582915,0.017,-0.060909555000000004
2025-03-21 16:00:00,0.11,2.280525,13.5,0.0,0.40016129,2.170525,0.028,-0.0607747
2025-03-21 17:00:00,0.7726827586206897,0.66901,13.39632724137931,0.0,0.40016129,0.0,0.064,0.0
2025-03-21 18:00:00,1.71268275862069,0.0,11.68364448275862,0.0,0.40016129,0.0,0.082,0.0
2025-03-21 19:00:00,0.3,0.0,11.38364448275862,0.0,0.40016129,0.0,0.081,0.0
2025-03-21 20:00:00,0.4,0.0,10.98364448275862,0.0,0.40016129,0.0,0.077,0.0
2025-03-21 21:00:00,0.88,0.0,10.103644482758618,0.0,0.38016129,0.0,0.081,0.0
2025-03-21 22:00:00,0.6199999999999999,0.0,9.48364448275862,0.0,0.38016129,0.0,0.069,0.0
2025-03-21 23:00:00,0.11,0.0,9.37364448275862,0.0,0.38016129,0.0,0.067,0.0
2025-03-22 00:00:00,0.11,0.0,9.26364448275862,0.0,0.37016129,0.0,0.069,0.0
2025-03-22 01:00:00,0.1,0.0,9.16364448275862,0.0,0.37016129,0.0,0.069,0.0
2025-03-22 02:00:00,0.11,0.0,9.05364448275862,0.0,0.37016129,0.0,0.068,0.0
2025-03-22 03:00:00,0.99,0.0,8.06364448275862,0.0,0.37016129,0.0,0.067,0.0
2025-03-22 04:00:00,0.49,0.0,7.5736444827586205,0.0,0.37016129,0.0,0.068,0.0
2025-03-22 05:00:00,0.71,0.0,6.8636444827586205,0.0,0.37016129,0.0,0.071,0.0
2025-03-22 06:00:00,1.13,0.058324,5.79196848275862,0.0,0.37016129,0.0,0.072,0.0
2025-03-22 07:00:00,0.59,1.37888,6.58084848275862,0.0,0.37016129,0.0,0.07,0.0
2025-03-22 08:00:00,0.62,2.969355,8.930203482758621,0.0,0.37016129,0.0,0.049,0.0
2025-03-22 09:00:00,0.22,4.114161,12.824364482758622,0.0,0.37016129,0.0,0.023,0.0
2025-03-22 10:00:00,2.53,4.848594,13.5,0.0,0.37016129,2.3185940000000005,0.016,-0.03709750400000001
2025-03-22 11:00:00,2.7869102564102564,5.278039,13.5,0.0,0.37016129,2.4911287435897433,0.019,-0.04733144612820512
2025-03-22 12:00:00,2.9569102564102563,3.722243,13.5,0.0,0.37016129,0.7653327435897439,0.015,-0.011479991153846158
2025-03-22 13:00:00,3.026910256410257,5.099157,13.5,0.0,0.37016129,2.072246743589743,0.018,-0.03730044138461537
2025-03-22 14:00:00,2.63,4.53644,13.5,0.0,0.37016129,1.90644,0.021,-0.04003524
2025-03-22 15:00:00,0.11,3.6007179999999996,13.5,0.0,0.38016129,3.4907179999999998,0.017,-0.059342206
2025-03-22 16:00:00,0.19,2.249797,13.5,0.0,0.40016129,2.059797,0.028,-0.057674316
2025-03-22 17:00:00,1.2184693486590037,0.569468,12.850998651340996,0.0,0.40016129,0.0,0.064,0.0
2025-03-22 18:00:00,2.5084693486590037,0.0,10.342529302681992,0.0,0.40016129,0.0,0.082,0.0
2025-03-22 19:00:00,0.48,0.0,9.862529302681992,0.0,0.40016129,0.0,0.081,0.0
2025-03-22 20:00:00,0.23,0.0,9.632529302681991,0.0,0.40016129,0.0,0.077,0.0
2025-03-22 21:00:00,0.12,0.0,9.512529302681992,0.0,0.38016129,0.0,0.081,0.0
2025-03-22 22:00:00,0.1,0.0,9.412529302681993,0.0,0.38016129,0.0,0.069,0.0
2025-03-22 23:00:00,0.46,0.0,8.952529302681992,0.0,0.38016129,0.0,0.067,0.0
2025-03-23 00:00:00,0.49,0.0,8.462529302681991,0.0,0.37016129,0.0,0.069,0.0
2025-03-23 01:00:00,0.99,0.0,7.472529302681991,0.0,0.37016129,0.0,0.069,0.0
2025-03-23 02:00:00,0.56,0.0,6.912529302681991,0.0,0.37016129,0.0,0.068,0.0
2025-03-23 03:00:00,0.94,0.0,5.972529302681991,0.0,0.37016129,0.0,0.067,0.0
2025-03-23 04:00:00,1.02,0.0,4.952529302681992,0.0,0.37016129,0.0,0.068,0.0
2025-03-23 05:00:00,0.56,0.0,4.392529302681991,0.0,0.37016129,0.0,0.071,0.0
2025-03-23 06:00:00,1.26,0.061936,3.194465302681991,0.0,0.37016129,0.0,0.072,0.0
2025-03-23 07:00:00,0.63,1.352963,3.917428302681991,0.0,0.37016129,0.0,0.07,0.0
2025-03-23 08:00:00,1.59,2.886528,5.213956302681991,0.0,0.37016129,0.0,0.049,0.0
2025-03-23 09:00:00,0.29,4.000326,8.924282302681991,0.0,0.37016129,0.0,0.023,0.0
2025-03-23 10:00:00,2.61,4.7523100000000005,11.066592302681991,0.0,0.37016129,0.0,0.016,0.0
2025-03-23 11:00:00,3.966910256410256,5.175318,12.275000046271735,0.0,0.37016129,0.0,0.019,0.0
2025-03-23 12:00:00,3.386910256410256,5.269905,13.5,0.0,0.37016129,1.8829947435897436,0.015,-0.028244921153846154
2025-03-23 13:00:00,2.896910256410256,5.059566,13.5,0.0,0.37016129,2.1626557435897444,0.018,-0.0389278033846154
2025-03-23 14:00:00,2.55,4.502893,13.5,0.0,0.37016129,1.9528930000000004,0.021,-0.04101075300000001
2025-03-23 15:00:00,0.36,3.533237,13.5,0.0,0.38016129,3.1732370000000003,0.017,-0.05394502900000001
2025-03-23 16:00:00,0.14,2.190085,13.5,0.0,0.40016129,2.0500849999999997,0.028,-0.057402379999999996
2025-03-23 17:00:00,1.3384693486590038,0.631029,12.792559651340996,0.0,0.40016129,0.0,0.064,0.0
2025-03-23 18:00:00,1.3284693486590038,0.0,11.464090302681992,0.0,0.40016129,0.0,0.082,0.0
2025-03-23 19:00:00,0.27,0.0,11.194090302681992,0.0,0.40016129,0.0,0.081,0.0
2025-03-23 20:00:00,0.19,0.0,11.004090302681991,0.0,0.40016129,0.0,0.077,0.0
2025-03-23 21:00:00,0.26,0.0,10.744090302681991,0.0,0.38016129,0.0,0.081,0.0
2025-03-23 22:00:00,0.14,0.0,10.604090302681993,0.0,0.38016129,0.0,0.069,0.0
2025-03-23 23:00:00,0.1,0.0,10.504090302681991,0.0,0.38016129,0.0,0.067,0.0
2025-03-24 00:00:00,0.1,0.0,10.404090302681992,0.0,0.37016129,0.0,0.069,0.0
2025-03-24 01:00:00,0.98,0.0,9.424090302681993,0.0,0.37016129,0.0,0.069,0.0
2025-03-24 02:00:00,0.54,0.0,8.884090302681994,0.0,0.37016129,0.0,0.068,0.0
2025-03-24 03:00:00,0.78,0.0,8.104090302681994,0.0,0.37016129,0.0,0.067,0.0
2025-03-24 04:00:00,0.55,0.0,7.554090302681995,0.0,0.37016129,0.0,0.068,0.0
2025-03-24 05:00:00,0.7,0.0,6.854090302681994,0.0,0.37016129,0.0,0.071,0.0
2025-03-24 06:00:00,0.67,0.0,6.1840903026819944,0.0,0.37016129,0.0,0.072,0.0
2025-03-24 07:00:00,0.2299999999999999,0.39132,6.345410302681994,0.0,0.37016129,0.0,0.07,0.0
2025-03-24 08:00:00,0.1699999999999999,0.5894790000000001,6.764889302681994,0.0,0.37016129,0.0,0.049,0.0
2025-03-24 09:00:00,0.21,0.756876,7.311765302681994,0.0,0.37016129,0.0,0.023,0.0
2025-03-24 10:00:00,0.16,1.62049,8.772255302681994,0.0,0.37016129,0.0,0.016,0.0
2025-03-24 11:00:00,0.5369102564102565,1.995088,10.230433046271738,0.0,0.37016129,0.0,0.019,0.0
2025-03-24 12:00:00,0.5569102564102565,2.227023,11.900545789861482,0.0,0.37016129,0.0,0.015,0.0
2025-03-24 13:00:00,0.5469102564102565,2.194229,13.5,0.0,0.37016129,1.6473187435897434,0.018,-0.02965173738461538
2025-03-24 14:00:00,0.15,1.303125,13.5,0.0,0.37016129,1.1531250000000002,0.021,-0.024215625000000005
2025-03-24 15:00:00,0.15,1.372236,13.5,0.0,0.38016129,1.222236,0.017,-0.020778012000000002
2025-03-24 16:00:00,0.14,0.5484439999999999,13.5,0.0,0.40016129,0.4084439999999999,0.028,-0.011436431999999998
2025-03-24 17:00:00,1.208469348659004,0.181624,12.473154651340996,0.0,0.40016129,0.0,0.064,0.0
2025-03-24 18:00:00,1.2184693486590037,0.0,11.254685302681992,0.0,0.40016129,0.0,0.082,0.0
2025-03-24 19:00:00,0.34,0.0,10.914685302681992,0.0,0.40016129,0.0,0.081,0.0
2025-03-24 20:00:00,0.29,0.0,10.624685302681993,0.0,0.40016129,0.0,0.077,0.0
2025-03-24 21:00:00,0.95,0.0,9.674685302681992,0.0,0.38016129,0.0,0.081,0.0
2025-03-24 22:00:00,1.17,0.0,8.504685302681994,0.0,0.38016129,0.0,0.069,0.0
2025-03-24 23:00:00,1.13,0.0,7.374685302681994,0.0,0.38016129,0.0,0.067,0.0
2025-03-25 00:00:00,1.08,0.0,6.2946853026819936,0.0,0.37016129,0.0,0.069,0.0
2025-03-25 01:00:00,1.06,0.0,5.234685302681994,0.0,0.37016129,0.0,0.069,0.0
2025-03-25 02:00:00,1.07,0.0,4.164685302681994,0.0,0.37016129,0.0,0.068,0.0
2025-03-25 03:00:00,1.09,0.0,3.074685302681994,0.0,0.37016129,0.0,0.067,0.0
2025-03-25 04:00:00,1.08,0.0,1.9946853026819935,0.0,0.37016129,0.0,0.068,0.0
2025-03-25 05:00:00,1.08,0.0,0.9146853026819936,0.0,0.37016129,0.0,0.071,0.0
2025-03-25 06:00:00,1.07,0.015021,0.0,0.14029369731800656,0.37016129,0.0,0.072,0.051931295978102844
2025-03-25 07:00:00,1.2,0.627013,0.0,0.5729869999999999,0.37016129,0.0,0.07,0.21209760707322994
2025-03-25 08:00:00,0.15,1.893176,1.743176,0.0,0.37016129,0.0,0.049,0.0
2025-03-25 09:00:00,0.11,2.815264,4.44844,0.0,0.37016129,0.0,0.023,0.0
2025-03-25 10:00:00,0.1,3.397085,7.745525,0.0,0.37016129,0.0,0.016,0.0
2025-03-25 11:00:00,0.3901826923076923,3.325693,10.681035307692309,0.0,0.37016129,0.0,0.019,0.0
2025-03-25 12:00:00,0.4001826923076923,3.3525430000000003,13.5,0.0,0.37016129,2.9523603076923077,0.015,-0.04428540461538461
2025-03-25 13:00:00,0.4001826923076923,2.753381,13.5,0.0,0.37016129,2.353198307692308,0.018,-0.04235756953846154
2025-03-25 14:00:00,0.1,1.361237,13.5,0.0,0.37016129,1.261237,0.021,-0.026485977
2025-03-25 15:00:00,0.11,1.909241,13.5,0.0,0.38016129,1.7992409999999999,0.017,-0.030587097
2025-03-25 16:00:00,0.12,0.698472,13.5,0.0,0.40016129,0.578472,0.028,-0.016197216
2025-03-25 17:00:00,1.0138520114942529,0.432844,12.918991988505748,0.0,0.40016129,0.0,0.064,0.0
2025-03-25 18:00:00,2.9838520114942533,0.0,9.935139977011492,0.0,0.40016129,0.0,0.082,0.0
2025-03-25 19:00:00,0.16,0.0,9.775139977011492,0.0,0.40016129,0.0,0.081,0.0
2025-03-25 20:00:00,0.14,0.0,9.635139977011493,0.0,0.40016129,0.0,0.077,0.0
2025-03-25 21:00:00,0.2,0.0,9.435139977011492,0.0,0.38016129,0.0,0.081,0.0
2025-03-25 22:00:00,0.1699999999999999,0.0,9.265139977011492,0.0,0.38016129,0.0,0.069,0.0
2025-03-25 23:00:00,0.1,0.0,9.165139977011494,0.0,0.38016129,0.0,0.067,0.0
2025-03-26 00:00:00,0.1,0.0,9.065139977011494,0.0,0.37016129,0.0,0.069,0.0
2025-03-26 01:00:00,0.1,0.0,8.965139977011495,0.0,0.37016129,0.0,0.069,0.0
2025-03-26 02:00:00,0.1,0.0,8.865139977011495,0.0,0.37016129,0.0,0.068,0.0
2025-03-26 03:00:00,0.1,0.0,8.765139977011495,0.0,0.37016129,0.0,0.067,0.0
2025-03-26 04:00:00,0.1,0.0,8.665139977011496,0.0,0.37016129,0.0,0.068,0.0
2025-03-26 05:00:00,0.1,0.0,8.565139977011496,0.0,0.37016129,0.0,0.071,0.0
2025-03-26 06:00:00,0.11,0.1163139999999999,8.571453977011496,0.0,0.37016129,0.0,0.072,0.0
2025-03-26 07:00:00,0.19,0.647578,9.029031977011496,0.0,0.37016129,0.0,0.07,0.0
2025-03-26 08:00:00,0.1699999999999999,1.363598,10.222629977011495,0.0,0.37016129,0.0,0.049,0.0
2025-03-26 09:00:00,0.17,1.7856379999999998,11.838267977011496,0.0,0.37016129,0.0,0.023,0.0
2025-03-26 10:00:00,2.44,1.7886220000000002,11.186889977011496,0.0,0.37016129,0.0,0.016,0.0
2025-03-26 11:00:00,2.770182692307692,2.166412,10.583119284703804,0.0,0.37016129,0.0,0.019,0.0
2025-03-26 12:00:00,2.740182692307692,1.444322,9.287258592396112,0.0,0.37016129,0.0,0.015,0.0
2025-03-26 13:00:00,2.750182692307692,1.928396,8.46547190008842,0.0,0.37016129,0.0,0.018,0.0
2025-03-26 14:00:00,2.4499999999999997,0.2330819999999999,6.248553900088421,0.0,0.37016129,0.0,0.021,0.0
2025-03-26 15:00:00,0.14,0.5987089999999999,6.707262900088421,0.0,0.38016129,0.0,0.017,0.0
2025-03-26 16:00:00,0.19,0.3629739999999999,6.880236900088421,0.0,0.40016129,0.0,0.028,0.0
2025-03-26 17:00:00,0.9738520114942528,0.7146,6.620984888594168,0.0,0.40016129,0.0,0.064,0.0
2025-03-26 18:00:00,2.243852011494253,0.0,4.377132877099915,0.0,0.40016129,0.0,0.082,0.0
2025-03-26 19:00:00,0.73,0.0,3.647132877099915,0.0,0.40016129,0.0,0.081,0.0
2025-03-26 20:00:00,0.29,0.0,3.357132877099915,0.0,0.40016129,0.0,0.077,0.0
2025-03-26 21:00:00,0.15,0.0,3.207132877099915,0.0,0.38016129,0.0,0.081,0.0
2025-03-26 22:00:00,0.13,0.0,3.077132877099915,0.0,0.38016129,0.0,0.069,0.0
2025-03-26 23:00:00,0.1,0.0,2.977132877099915,0.0,0.38016129,0.0,0.067,0.0
2025-03-27 00:00:00,0.1,0.0,2.877132877099915,0.0,0.37016129,0.0,0.069,0.0
2025-03-27 01:00:00,0.1,0.0,2.777132877099915,0.0,0.37016129,0.0,0.069,0.0
2025-03-27 02:00:00,0.1,0.0,2.6771328770999148,0.0,0.37016129,0.0,0.068,0.0
2025-03-27 03:00:00,0.43,0.0,2.2471328770999146,0.0,0.37016129,0.0,0.067,0.0
2025-03-27 04:00:00,0.45,0.0,1.7971328770999146,0.0,0.37016129,0.0,0.068,0.0
2025-03-27 05:00:00,0.7,0.0,1.0971328770999147,0.0,0.37016129,0.0,0.071,0.0
2025-03-27 06:00:00,0.49,0.154332,0.7614648770999147,0.0,0.37016129,0.0,0.072,0.0
2025-03-27 07:00:00,0.5599999999999999,1.5560740000000002,1.757538877099915,0.0,0.37016129,0.0,0.07,0.0
2025-03-27 08:00:00,0.43,3.176619,4.504157877099915,0.0,0.37016129,0.0,0.049,0.0
2025-03-27 09:00:00,0.1,4.363393,8.767550877099914,0.0,0.37016129,0.0,0.023,0.0
2025-03-27 10:00:00,0.1,5.179359000000001,13.5,0.0,0.37016129,5.079359000000001,0.016,-0.08126974400000002
2025-03-27 11:00:00,0.3901826923076923,5.333333,13.5,0.0,0.37016129,4.943150307692307,0.019,-0.09391985584615384
2025-03-27 12:00:00,0.4001826923076923,5.333333,13.5,0.0,0.37016129,4.933150307692308,0.015,-0.07399725461538462
2025-03-27 13:00:00,0.3901826923076923,5.333333,13.5,0.0,0.37016129,4.943150307692307,0.018,-0.08897670553846153
2025-03-27 14:00:00,0.1,4.794479,13.5,0.0,0.37016129,4.694479,0.021,-0.09858405900000002
2025-03-27 15:00:00,0.6799999999999999,3.678474,13.5,0.0,0.38016129,2.998474,0.017,-0.050974058
2025-03-27 16:00:00,2.0700000000000003,2.219553,13.5,0.0,0.40016129,0.1495529999999996,0.028,-0.004187483999999989
2025-03-27 17:00:00,1.053852011494253,0.6841649999999999,13.130312988505748,0.0,0.40016129,0.0,0.064,0.0
2025-03-27 18:00:00,1.2138520114942528,0.0,11.916460977011493,0.0,0.40016129,0.0,0.082,0.0
2025-03-27 19:00:00,0.32,0.0,11.596460977011493,0.0,0.40016129,0.0,0.081,0.0
2025-03-27 20:00:00,0.53,0.0,11.066460977011491,0.0,0.40016129,0.0,0.077,0.0
2025-03-27 21:00:00,0.75,0.0,10.316460977011491,0.0,0.38016129,0.0,0.081,0.0
2025-03-27 22:00:00,0.52,0.0,9.796460977011494,0.0,0.38016129,0.0,0.069,0.0
2025-03-27 23:00:00,0.11,0.0,9.686460977011494,0.0,0.38016129,0.0,0.067,0.0
2025-03-28 00:00:00,0.1,0.0,9.586460977011496,0.0,0.37016129,0.0,0.069,0.0
2025-03-28 01:00:00,0.1,0.0,9.486460977011497,0.0,0.37016129,0.0,0.069,0.0
2025-03-28 02:00:00,0.77,0.0,8.716460977011495,0.0,0.37016129,0.0,0.068,0.0
2025-03-28 03:00:00,0.5599999999999999,0.0,8.156460977011495,0.0,0.37016129,0.0,0.067,0.0
2025-03-28 04:00:00,0.49,0.0,7.666460977011495,0.0,0.37016129,0.0,0.068,0.0
2025-03-28 05:00:00,0.5599999999999999,0.0,7.106460977011495,0.0,0.37016129,0.0,0.071,0.0
2025-03-28 06:00:00,0.8799999999999999,0.1743559999999999,6.400816977011495,0.0,0.37016129,0.0,0.072,0.0
2025-03-28 07:00:00,0.63,1.616038,7.386854977011494,0.0,0.37016129,0.0,0.07,0.0
2025-03-28 08:00:00,1.64,3.2541599999999997,9.001014977011494,0.0,0.37016129,0.0,0.049,0.0
2025-03-28 09:00:00,1.32,4.4320129999999995,12.113027977011493,0.0,0.37016129,0.0,0.023,0.0
2025-03-28 10:00:00,3.95,5.268328,13.431355977011492,0.0,0.37016129,0.0,0.016,0.0
2025-03-28 11:00:00,2.780182692307692,5.333333,13.5,0.0,0.37016129,2.5531503076923077,0.019,-0.048509855846153846
2025-03-28 12:00:00,3.380182692307692,5.333333,13.5,0.0,0.37016129,1.9531503076923076,0.015,-0.029297254615384613
2025-03-28 13:00:00,3.1601826923076923,5.333333,13.5,0.0,0.37016129,2.1731503076923073,0.018,-0.03911670553846153
2025-03-28 14:00:00,2.4499999999999997,4.7885990000000005,13.5,0.0,0.37016129,2.3385990000000008,0.021,-0.04911057900000002
2025-03-28 15:00:00,0.14,3.758097,13.5,0.0,0.38016129,3.6180969999999997,0.017,-0.061507649
2025-03-28 16:00:00,0.15,2.367003,13.5,0.0,0.40016129,2.217003,0.028,-0.062076084000000004
2025-03-28 17:00:00,2.663852011494253,0.753084,11.589231988505746,0.0,0.40016129,0.0,0.064,0.0
2025-03-28 18:00:00,4.663852011494253,0.0,6.925379977011493,0.0,0.40016129,0.0,0.082,0.0
2025-03-28 19:00:00,1.95,0.0,4.975379977011493,0.0,0.40016129,0.0,0.081,0.0
2025-03-28 20:00:00,1.61,0.0,3.365379977011493,0.0,0.40016129,0.0,0.077,0.0
2025-03-28 21:00:00,1.62,0.0,1.7453799770114928,0.0,0.38016129,0.0,0.081,0.0
2025-03-28 22:00:00,3.07,0.0,0.0,1.324620022988507,0.38016129,0.0,0.069,0.5035692566991404
2025-03-28 23:00:00,2.56,0.0,0.0,2.56,0.38016129,0.0,0.067,0.9732129024
2025-03-29 00:00:00,2.0700000000000003,0.0,0.0,2.0700000000000003,0.37016129,0.0,0.069,0.7662338703
2025-03-29 01:00:00,2.1,0.0,0.0,2.1,0.37016129,0.0,0.069,0.777338709
2025-03-29 02:00:00,2.15,0.0,0.0,2.15,0.37016129,0.0,0.068,0.7958467734999999
2025-03-29 03:00:00,2.06,0.0,0.0,2.06,0.37016129,0.0,0.067,0.7625322574
2025-03-29 04:00:00,2.13,0.0,0.0,2.13,0.37016129,0.0,0.068,0.7884435476999999
2025-03-29 05:00:00,2.24,0.0,0.0,2.24,0.37016129,0.0,0.071,0.8291612896
2025-03-29 06:00:00,1.96,0.192948,0.0,1.767052,0.37016129,0.0,0.072,0.65409424781708
2025-03-29 07:00:00,2.47,1.643201,0.0,0.8267990000000003,0.37016129,0.0,0.07,0.3060489844107101
2025-03-29 08:00:00,2.63,3.22953,0.5995300000000001,0.0,0.37016129,0.0,0.049,0.0
2025-03-29 09:00:00,1.92,4.326401,3.005931,0.0,0.37016129,0.0,0.023,0.0
2025-03-29 10:00:00,3.939999999999999,5.059533,4.125464000000001,0.0,0.37016129,0.0,0.016,0.0
2025-03-29 11:00:00,4.010365384615385,5.333333,5.4484316153846155,0.0,0.37016129,0.0,0.019,0.0
2025-03-29 12:00:00,3.1103653846153847,4.925476,7.263542230769231,0.0,0.37016129,0.0,0.015,0.0
2025-03-29 13:00:00,3.200365384615385,4.632613,8.695789846153845,0.0,0.37016129,0.0,0.018,0.0
2025-03-29 14:00:00,2.63,3.91792,9.983709846153843,0.0,0.37016129,0.0,0.021,0.0
2025-03-29 15:00:00,0.49,3.660232,13.153941846153844,0.0,0.38016129,0.0,0.017,0.0
2025-03-29 16:00:00,0.75,2.315665,13.5,0.0,0.40016129,1.565665,0.028,-0.04383862
2025-03-29 17:00:00,2.207704022988506,0.740039,12.032334977011494,0.0,0.40016129,0.0,0.064,0.0
2025-03-29 18:00:00,1.8777040229885056,0.0,10.15463095402299,0.0,0.40016129,0.0,0.082,0.0
2025-03-29 19:00:00,0.2299999999999999,0.0,9.92463095402299,0.0,0.40016129,0.0,0.081,0.0
2025-03-29 20:00:00,0.27,0.0,9.65463095402299,0.0,0.40016129,0.0,0.077,0.0
2025-03-29 21:00:00,0.14,0.0,9.514630954022987,0.0,0.38016129,0.0,0.081,0.0
2025-03-29 22:00:00,1.27,0.0,8.24463095402299,0.0,0.38016129,0.0,0.069,0.0
2025-03-29 23:00:00,1.05,0.0,7.19463095402299,0.0,0.38016129,0.0,0.067,0.0
2025-03-30 00:00:00,1.02,0.0,6.174630954022989,0.0,0.37016129,0.0,0.069,0.0
2025-03-30 01:00:00,0.72,0.0,5.454630954022989,0.0,0.37016129,0.0,0.069,0.0
2025-03-30 02:00:00,1.0499999999999998,0.0,4.4046309540229895,0.0,0.37016129,0.0,0.068,0.0
2025-03-30 03:00:00,0.78,0.0,3.6246309540229897,0.0,0.37016129,0.0,0.067,0.0
2025-03-30 04:00:00,0.83,0.0,2.7946309540229892,0.0,0.37016129,0.0,0.068,0.0
2025-03-30 05:00:00,1.07,0.0,1.7246309540229892,0.0,0.37016129,0.0,0.071,0.0
2025-03-30 06:00:00,1.02,0.200637,0.9052679540229892,0.0,0.37016129,0.0,0.072,0.0
2025-03-30 07:00:00,0.78,1.548885,1.6741529540229891,0.0,0.37016129,0.0,0.07,0.0
2025-03-30 08:00:00,1.04,3.016352,3.650504954022989,0.0,0.37016129,0.0,0.049,0.0
2025-03-30 09:00:00,0.52,4.057304,7.187808954022989,0.0,0.37016129,0.0,0.023,0.0
2025-03-30 10:00:00,3.33,4.818477,8.676285954022989,0.0,0.37016129,0.0,0.016,0.0
2025-03-30 11:00:00,3.0003653846153844,5.2633909999999995,10.939311569407604,0.0,0.37016129,0.0,0.019,0.0
2025-03-30 12:00:00,3.0103653846153846,5.333333,13.262279184792218,0.0,0.37016129,0.0,0.015,0.0
2025-03-30 13:00:00,3.4603653846153843,5.190396,13.5,0.0,0.37016129,1.7300306153846154,0.018,-0.031140551076923075
2025-03-30 14:00:00,2.4499999999999997,4.625136,13.5,0.0,0.37016129,2.1751360000000006,0.021,-0.04567785600000002
2025-03-30 15:00:00,0.13,3.042828,13.5,0.0,0.38016129,2.912828,0.017,-0.04951807600000001
2025-03-30 16:00:00,2.29,2.301779,13.5,0.0,0.40016129,0.011778999999999762,0.028,-0.00032981199999999335
2025-03-30 17:00:00,4.317704022988506,0.742545,9.924840977011494,0.0,0.40016129,0.0,0.064,0.0
2025-03-30 18:00:00,2.997704022988506,0.0,6.927136954022988,0.0,0.40016129,0.0,0.082,0.0
2025-03-30 19:00:00,0.29,0.0,6.637136954022988,0.0,0.40016129,0.0,0.081,0.0
2025-03-30 20:00:00,0.54,0.0,6.097136954022988,0.0,0.40016129,0.0,0.077,0.0
2025-03-30 21:00:00,0.18,0.0,5.917136954022988,0.0,0.38016129,0.0,0.081,0.0
2025-03-30 22:00:00,0.6900000000000001,0.0,5.2271369540229875,0.0,0.38016129,0.0,0.069,0.0
2025-03-30 23:00:00,0.6400000000000001,0.0,4.587136954022988,0.0,0.38016129,0.0,0.067,0.0
2025-03-31 00:00:00,0.6600000000000001,0.0,3.927136954022988,0.0,0.37016129,0.0,0.069,0.0
2025-03-31 01:00:00,0.6000000000000001,0.0,3.3271369540229876,0.0,0.37016129,0.0,0.069,0.0
2025-03-31 02:00:00,0.53,0.0,2.797136954022988,0.0,0.37016129,0.0,0.068,0.0
2025-03-31 03:00:00,0.55,0.0,2.247136954022988,0.0,0.37016129,0.0,0.067,0.0
2025-03-31 04:00:00,1.01,0.0,1.237136954022988,0.0,0.37016129,0.0,0.068,0.0
2025-03-31 05:00:00,0.5900000000000001,0.0,0.6471369540229879,0.0,0.37016129,0.0,0.071,0.0
2025-03-31 06:00:00,0.3399999999999999,0.21935,0.526486954022988,0.0,0.37016129,0.0,0.072,0.0
2025-03-31 07:00:00,0.79,1.564042,1.3005289540229878,0.0,0.37016129,0.0,0.07,0.0
2025-03-31 08:00:00,0.14,3.076144,4.236672954022987,0.0,0.37016129,0.0,0.049,0.0
2025-03-31 09:00:00,0.54,4.186008,7.882680954022987,0.0,0.37016129,0.0,0.023,0.0
2025-03-31 10:00:00,0.47,4.979662,12.392342954022988,0.0,0.37016129,0.0,0.016,0.0
2025-03-31 11:00:00,0.6973653846153847,5.333333,13.5,0.0,0.37016129,4.635967615384615,0.019,-0.08808338469230768
2025-03-31 12:00:00,0.6673653846153846,5.333333,13.5,0.0,0.37016129,4.665967615384615,0.015,-0.06998951423076921
2025-03-31 13:00:00,0.4273653846153847,4.436788,13.5,0.0,0.37016129,4.009422615384615,0.018,-0.07216960707692306
2025-03-31 14:00:00,0.14,3.675813,13.5,0.0,0.37016129,3.535813,0.021,-0.074252073
2025-03-31 15:00:00,0.55,3.621396,13.5,0.0,0.38016129,3.071396,0.017,-0.052213732000000006
2025-03-31 16:00:00,0.14,2.188261,13.5,0.0,0.40016129,2.0482609999999997,0.028,-0.05735130799999999
2025-03-31 17:00:00,1.1358534482758622,0.172986,12.537132551724138,0.0,0.40016129,0.0,0.064,0.0
2025-03-31 18:00:00,1.1358534482758622,0.0,11.401279103448276,0.0,0.40016129,0.0,0.082,0.0
2025-03-31 19:00:00,0.27,0.0,11.131279103448277,0.0,0.40016129,0.0,0.081,0.0
2025-03-31 20:00:00,0.35,0.0,10.781279103448275,0.0,0.40016129,0.0,0.077,0.0
2025-03-31 21:00:00,0.76,0.0,10.021279103448276,0.0,0.38016129,0.0,0.081,0.0
2025-03-31 22:00:00,0.5,0.0,9.521279103448276,0.0,0.38016129,0.0,0.069,0.0
2025-03-31 23:00:00,0.11,0.0,9.411279103448278,0.0,0.38016129,0.0,0.067,0.0
2025-03-31 23:59:59,0.1,0.0,9.411279103448278,0.1,150.0,0.0,0.0,15.0
2025-04-01 00:00:00,0.1,0.0,9.311279103448278,0.0,0.370833333,0.0,0.075,0.0
2025-04-01 01:00:00,0.29,0.0,9.02127910344828,0.0,0.370833333,0.0,0.074,0.0
2025-04-01 02:00:00,0.7200000000000001,0.0,8.301279103448278,0.0,0.370833333,0.0,0.075,0.0
2025-04-01 03:00:00,0.78,0.0,7.521279103448278,0.0,0.370833333,0.0,0.074,0.0
2025-04-01 04:00:00,0.8899999999999999,0.0,6.6312791034482785,0.0,0.370833333,0.0,0.071,0.0
2025-04-01 05:00:00,0.53,0.0,6.101279103448278,0.0,0.370833333,0.0,0.073,0.0
2025-04-01 06:00:00,0.8799999999999999,0.253738,5.475017103448279,0.0,0.370833333,0.0,0.07,0.0
2025-04-01 07:00:00,0.59,1.640727,6.525744103448279,0.0,0.370833333,0.0,0.065,0.0
2025-04-01 08:00:00,0.5599999999999999,3.224612,9.19035610344828,0.0,0.370833333,0.0,0.018,0.0
2025-04-01 09:00:00,0.48,4.396318,13.10667410344828,0.0,0.370833333,0.0,0.011,0.0
2025-04-01 10:00:00,0.48,5.272619,13.5,0.0,0.370833333,4.792619,0.01,-0.04792619
2025-04-01 11:00:00,0.3973653846153847,5.333333,13.5,0.0,0.370833333,4.935967615384615,0.011,-0.05429564376923076
2025-04-01 12:00:00,0.3973653846153847,5.333333,13.5,0.0,0.370833333,4.935967615384615,0.012,-0.059231611384615385
2025-04-01 13:00:00,0.8273653846153848,5.333333,13.5,0.0,0.370833333,4.505967615384614,0.008,-0.036047740923076915
2025-04-01 14:00:00,1.31,4.818029,13.5,0.0,0.370833333,3.508029,0.002,-0.007016058
2025-04-01 15:00:00,1.37,3.79447,13.5,0.0,0.380833333,2.42447,0.001,-0.0024244699999999998
2025-04-01 16:00:00,1.14,2.38327,13.5,0.0,0.400833333,1.24327,0.002,-0.00248654
2025-04-01 17:00:00,1.205853448275862,0.778211,13.07235755172414,0.0,0.400833333,0.0,0.011,0.0
2025-04-01 18:00:00,1.0758534482758622,0.0,11.996504103448276,0.0,0.400833333,0.0,0.081,0.0
2025-04-01 19:00:00,0.3,0.0,11.696504103448277,0.0,0.400833333,0.0,0.077,0.0
2025-04-01 20:00:00,0.84,0.0,10.856504103448277,0.0,0.400833333,0.0,0.071,0.0
2025-04-01 21:00:00,0.9,0.0,9.956504103448276,0.0,0.380833333,0.0,0.072,0.0
2025-04-01 22:00:00,0.4599999999999999,0.0,9.496504103448276,0.0,0.380833333,0.0,0.073,0.0
2025-04-01 23:00:00,0.84,0.0,8.656504103448277,0.0,0.380833333,0.0,0.071,0.0
2025-04-02 00:00:00,0.98,0.0,7.676504103448277,0.0,0.370833333,0.0,0.075,0.0
2025-04-02 01:00:00,1.22,0.0,6.456504103448277,0.0,0.370833333,0.0,0.074,0.0
2025-04-02 02:00:00,0.94,0.0,5.516504103448277,0.0,0.370833333,0.0,0.075,0.0
2025-04-02 03:00:00,1.25,0.0,4.266504103448277,0.0,0.370833333,0.0,0.074,0.0
2025-04-02 04:00:00,0.91,0.0,3.3565041034482768,0.0,0.370833333,0.0,0.071,0.0
2025-04-02 05:00:00,1.41,0.0,1.9465041034482768,0.0,0.370833333,0.0,0.073,0.0
2025-04-02 06:00:00,1.19,0.144161,0.9006651034482769,0.0,0.370833333,0.0,0.07,0.0
2025-04-02 07:00:00,0.78,0.700274,0.8209391034482768,0.0,0.370833333,0.0,0.065,0.0
2025-04-02 08:00:00,0.42,3.069382,3.470321103448277,0.0,0.370833333,0.0,0.018,0.0
2025-04-02 09:00:00,0.1,3.474435,6.844756103448277,0.0,0.370833333,0.0,0.011,0.0
2025-04-02 10:00:00,2.4,4.000744,8.445500103448277,0.0,0.370833333,0.0,0.01,0.0
2025-04-02 11:00:00,2.6873653846153847,4.582999,10.341133718832891,0.0,0.370833333,0.0,0.011,0.0
2025-04-02 12:00:00,2.6873653846153847,4.483025,12.136793334217508,0.0,0.370833333,0.0,0.012,0.0
2025-04-02 13:00:00,2.6873653846153847,4.131489999999999,13.5,0.0,0.370833333,1.4441246153846148,0.008,-0.011552996923076918
2025-04-02 14:00:00,2.4099999999999997,3.4667600000000003,13.5,0.0,0.370833333,1.0567600000000006,0.002,-0.002113520000000001
2025-04-02 15:00:00,0.11,2.300778,13.5,0.0,0.380833333,2.1907780000000003,0.001,-0.0021907780000000004
2025-04-02 16:00:00,0.11,1.435191,13.5,0.0,0.400833333,1.325191,0.002,-0.002650382
2025-04-02 17:00:00,0.935853448275862,0.393379,12.95752555172414,0.0,0.400833333,0.0,0.011,0.0
2025-04-02 18:00:00,2.0558534482758626,0.0,10.901672103448275,0.0,0.400833333,0.0,0.081,0.0
2025-04-02 19:00:00,0.14,0.0,10.761672103448277,0.0,0.400833333,0.0,0.077,0.0
2025-04-02 20:00:00,0.13,0.0,10.631672103448276,0.0,0.400833333,0.0,0.071,0.0
2025-04-02 21:00:00,0.18,0.0,10.451672103448276,0.0,0.380833333,0.0,0.072,0.0
2025-04-02 22:00:00,0.13,0.0,10.321672103448275,0.0,0.380833333,0.0,0.073,0.0
2025-04-02 23:00:00,0.09,0.0,10.231672103448275,0.0,0.380833333,0.0,0.071,0.0
2025-04-03 00:00:00,0.94,0.0,9.291672103448276,0.0,0.370833333,0.0,0.075,0.0
2025-04-03 01:00:00,1.05,0.0,8.241672103448275,0.0,0.370833333,0.0,0.074,0.0
2025-04-03 02:00:00,1.34,0.0,6.901672103448275,0.0,0.370833333,0.0,0.075,0.0
2025-04-03 03:00:00,0.92,0.0,5.981672103448275,0.0,0.370833333,0.0,0.074,0.0
2025-04-03 04:00:00,1.08,0.0,4.901672103448275,0.0,0.370833333,0.0,0.071,0.0
2025-04-03 05:00:00,1.03,0.0,3.871672103448275,0.0,0.370833333,0.0,0.073,0.0
2025-04-03 06:00:00,1.08,0.057194,2.848866103448275,0.0,0.370833333,0.0,0.07,0.0
2025-04-03 07:00:00,1.13,1.201415,2.920281103448275,0.0,0.370833333,0.0,0.065,0.0
2025-04-03 08:00:00,0.16,2.4485210000000004,5.208802103448275,0.0,0.370833333,0.0,0.018,0.0
2025-04-03 09:00:00,0.16,3.142187,8.190989103448274,0.0,0.370833333,0.0,0.011,0.0
2025-04-03 10:00:00,0.14,4.396414,12.447403103448272,0.0,0.370833333,0.0,0.01,0.0
2025-04-03 11:00:00,0.4273653846153847,4.561893,13.5,0.0,0.370833333,4.1345276153846156,0.011,-0.04547980376923077
2025-04-03 12:00:00,0.4473653846153846,5.333333,13.5,0.0,0.370833333,4.885967615384615,0.012,-0.05863161138461538
2025-04-03 13:00:00,0.5373653846153847,4.274587,13.5,0.0,0.370833333,3.7372216153846156,0.008,-0.029897772923076927
2025-04-03 14:00:00,0.19,4.463229999999999,13.5,0.0,0.370833333,4.273229999999999,0.002,-0.008546459999999999
2025-04-03 15:00:00,0.18,1.470348,13.5,0.0,0.380833333,1.290348,0.001,-0.001290348
2025-04-03 16:00:00,0.14,0.576144,13.5,0.0,0.400833333,0.436144,0.002,-0.0008722879999999999
2025-04-03 17:00:00,0.925853448275862,0.298684,12.87283055172414,0.0,0.400833333,0.0,0.011,0.0
2025-04-03 18:00:00,1.1758534482758622,0.0,11.696977103448276,0.0,0.400833333,0.0,0.081,0.0
2025-04-03 19:00:00,0.15,0.0,11.546977103448276,0.0,0.400833333,0.0,0.077,0.0
2025-04-03 20:00:00,0.18,0.0,11.366977103448276,0.0,0.400833333,0.0,0.071,0.0
2025-04-03 21:00:00,0.16,0.0,11.206977103448276,0.0,0.380833333,0.0,0.072,0.0
2025-04-03 22:00:00,0.11,0.0,11.096977103448276,0.0,0.380833333,0.0,0.073,0.0
2025-04-03 23:00:00,0.12,0.0,10.976977103448275,0.0,0.380833333,0.0,0.071,0.0
2025-04-04 00:00:00,0.1,0.0,10.876977103448278,0.0,0.370833333,0.0,0.075,0.0
2025-04-04 01:00:00,0.6000000000000001,0.0,10.276977103448278,0.0,0.370833333,0.0,0.074,0.0
2025-04-04 02:00:00,0.92,0.0,9.356977103448278,0.0,0.370833333,0.0,0.075,0.0
2025-04-04 03:00:00,0.86,0.0,8.496977103448279,0.0,0.370833333,0.0,0.074,0.0
2025-04-04 04:00:00,0.98,0.0,7.516977103448278,0.0,0.370833333,0.0,0.071,0.0
2025-04-04 05:00:00,1.12,0.0,6.396977103448278,0.0,0.370833333,0.0,0.073,0.0
2025-04-04 06:00:00,1.04,0.305276,5.662253103448278,0.0,0.370833333,0.0,0.07,0.0
2025-04-04 07:00:00,0.52,1.745658,6.887911103448278,0.0,0.370833333,0.0,0.065,0.0
2025-04-04 08:00:00,0.41,3.3160540000000003,9.79396510344828,0.0,0.370833333,0.0,0.018,0.0
2025-04-04 09:00:00,0.09,4.507011,13.5,0.0,0.370833333,4.4170110000000005,0.011,-0.048587121000000004
2025-04-04 10:00:00,2.4,5.333333,13.5,0.0,0.370833333,2.9333329999999997,0.01,-0.029333329999999998
2025-04-04 11:00:00,2.6845480769230767,5.333333,13.5,0.0,0.370833333,2.648784923076923,0.011,-0.02913663415384615
2025-04-04 12:00:00,2.674548076923077,5.333333,13.5,0.0,0.370833333,2.6587849230769227,0.012,-0.031905419076923076
2025-04-04 13:00:00,2.694548076923077,5.333333,13.5,0.0,0.370833333,2.6387849230769227,0.008,-0.02111027938461538
2025-04-04 14:00:00,2.42,4.9823509999999995,13.5,0.0,0.370833333,2.5623509999999996,0.002,-0.005124701999999999
2025-04-04 15:00:00,0.19,3.925007,13.5,0.0,0.380833333,3.735007,0.001,-0.0037350070000000003
2025-04-04 16:00:00,0.18,2.483806,13.5,0.0,0.400833333,2.303806,0.002,-0.004607612
2025-04-04 17:00:00,0.9578548850574712,0.8321130000000001,13.37425811494253,0.0,0.400833333,0.0,0.011,0.0
2025-04-04 18:00:00,1.2178548850574713,0.0,12.156403229885058,0.0,0.400833333,0.0,0.081,0.0
2025-04-04 19:00:00,0.26,0.0,11.896403229885058,0.0,0.400833333,0.0,0.077,0.0
2025-04-04 20:00:00,0.24,0.0,11.656403229885058,0.0,0.400833333,0.0,0.071,0.0
2025-04-04 21:00:00,0.74,0.0,10.916403229885058,0.0,0.380833333,0.0,0.072,0.0
2025-04-04 22:00:00,0.1,0.0,10.816403229885058,0.0,0.380833333,0.0,0.073,0.0
2025-04-04 23:00:00,0.1,0.0,10.716403229885058,0.0,0.380833333,0.0,0.071,0.0
2025-04-05 00:00:00,0.1,0.0,10.61640322988506,0.0,0.370833333,0.0,0.075,0.0
2025-04-05 01:00:00,0.1,0.0,10.51640322988506,0.0,0.370833333,0.0,0.074,0.0
2025-04-05 02:00:00,0.1,0.0,10.41640322988506,0.0,0.370833333,0.0,0.075,0.0
2025-04-05 03:00:00,0.1,0.0,10.31640322988506,0.0,0.370833333,0.0,0.074,0.0
2025-04-05 04:00:00,0.22,0.0,10.09640322988506,0.0,0.370833333,0.0,0.071,0.0
2025-04-05 05:00:00,0.8200000000000001,0.0,9.27640322988506,0.0,0.370833333,0.0,0.073,0.0
2025-04-05 06:00:00,0.58,0.324881,9.021284229885058,0.0,0.370833333,0.0,0.07,0.0
2025-04-05 07:00:00,0.93,1.818338,9.909622229885056,0.0,0.370833333,0.0,0.065,0.0
2025-04-05 08:00:00,0.33,3.428511,13.008133229885058,0.0,0.370833333,0.0,0.018,0.0
2025-04-05 09:00:00,0.5900000000000001,4.618753,13.5,0.0,0.370833333,4.028753,0.011,-0.044316283
2025-04-05 10:00:00,2.65,5.333333,13.5,0.0,0.370833333,2.6833329999999997,0.01,-0.02683333
2025-04-05 11:00:00,2.6845480769230767,5.333333,13.5,0.0,0.370833333,2.648784923076923,0.011,-0.02913663415384615
2025-04-05 12:00:00,2.7045480769230767,5.333333,13.5,0.0,0.370833333,2.628784923076923,0.012,-0.03154541907692308
2025-04-05 13:00:00,2.7045480769230767,5.333333,13.5,0.0,0.370833333,2.628784923076923,0.008,-0.021030279384615384
2025-04-05 14:00:00,2.44,4.937156,13.5,0.0,0.370833333,2.497156,0.002,-0.004994312
2025-04-05 15:00:00,0.86,3.892836,13.5,0.0,0.380833333,3.032836,0.001,-0.003032836
2025-04-05 16:00:00,2.22,2.464188,13.5,0.0,0.400833333,0.24418799999999985,0.002,-0.0004883759999999997
2025-04-05 17:00:00,2.3878548850574712,0.8303039999999999,11.942449114942528,0.0,0.400833333,0.0,0.011,0.0
2025-04-05 18:00:00,2.977854885057471,0.0,8.964594229885057,0.0,0.400833333,0.0,0.081,0.0
2025-04-05 19:00:00,0.65,0.0,8.314594229885056,0.0,0.400833333,0.0,0.077,0.0
2025-04-05 20:00:00,0.49,0.0,7.824594229885056,0.0,0.400833333,0.0,0.071,0.0
2025-04-05 21:00:00,0.21,0.0,7.614594229885056,0.0,0.380833333,0.0,0.072,0.0
2025-04-05 22:00:00,0.14,0.0,7.474594229885056,0.0,0.380833333,0.0,0.073,0.0
2025-04-05 23:00:00,0.12,0.0,7.354594229885056,0.0,0.380833333,0.0,0.071,0.0
2025-04-06 00:00:00,0.1,0.0,7.254594229885057,0.0,0.370833333,0.0,0.075,0.0
2025-04-06 01:00:00,0.1,0.0,7.154594229885057,0.0,0.370833333,0.0,0.074,0.0
2025-04-06 02:00:00,0.1699999999999999,0.0,6.984594229885057,0.0,0.370833333,0.0,0.075,0.0
2025-04-06 03:00:00,0.91,0.0,6.074594229885057,0.0,0.370833333,0.0,0.074,0.0
2025-04-06 04:00:00,0.48,0.0,5.5945942298850575,0.0,0.370833333,0.0,0.071,0.0
2025-04-06 05:00:00,0.94,0.0,4.654594229885058,0.0,0.370833333,0.0,0.073,0.0
2025-04-06 06:00:00,0.81,0.339627,4.184221229885058,0.0,0.370833333,0.0,0.07,0.0
2025-04-06 07:00:00,0.53,1.769904,5.424125229885058,0.0,0.370833333,0.0,0.065,0.0
2025-04-06 08:00:00,0.45,3.275326,8.249451229885057,0.0,0.370833333,0.0,0.018,0.0
2025-04-06 09:00:00,0.1,4.390604000000001,12.54005522988506,0.0,0.370833333,0.0,0.011,0.0
2025-04-06 10:00:00,2.4099999999999997,5.175215000000001,13.5,0.0,0.370833333,2.765215000000001,0.01,-0.02765215000000001
2025-04-06 11:00:00,2.944548076923077,5.333333,13.5,0.0,0.370833333,2.3887849230769227,0.011,-0.026276634153846148
2025-04-06 12:00:00,2.7945480769230766,5.333333,13.5,0.0,0.370833333,2.538784923076923,0.012,-0.030465419076923076
2025-04-06 13:00:00,2.7945480769230766,5.333333,13.5,0.0,0.370833333,2.538784923076923,0.008,-0.020310279384615385
2025-04-06 14:00:00,2.44,4.785608,13.5,0.0,0.370833333,2.345608,0.002,-0.004691216
2025-04-06 15:00:00,0.21,3.768679,13.5,0.0,0.380833333,3.558679,0.001,-0.0035586790000000004
2025-04-06 16:00:00,0.11,2.395904,13.5,0.0,0.400833333,2.285904,0.002,-0.004571808
2025-04-06 17:00:00,1.7178548850574713,0.714067,12.496212114942528,0.0,0.400833333,0.0,0.011,0.0
2025-04-06 18:00:00,3.307854885057471,0.0,9.188357229885057,0.0,0.400833333,0.0,0.081,0.0
2025-04-06 19:00:00,0.22,0.0,8.968357229885056,0.0,0.400833333,0.0,0.077,0.0
2025-04-06 20:00:00,0.19,0.0,8.778357229885057,0.0,0.400833333,0.0,0.071,0.0
2025-04-06 21:00:00,0.16,0.0,8.618357229885056,0.0,0.380833333,0.0,0.072,0.0
2025-04-06 22:00:00,0.13,0.0,8.488357229885056,0.0,0.380833333,0.0,0.073,0.0
2025-04-06 23:00:00,0.1,0.0,8.388357229885056,0.0,0.380833333,0.0,0.071,0.0
2025-04-07 00:00:00,0.1,0.0,8.288357229885056,0.0,0.370833333,0.0,0.075,0.0
2025-04-07 01:00:00,0.1,0.0,8.188357229885057,0.0,0.370833333,0.0,0.074,0.0
2025-04-07 02:00:00,0.1,0.0,8.088357229885057,0.0,0.370833333,0.0,0.075,0.0
2025-04-07 03:00:00,0.1,0.0,7.988357229885057,0.0,0.370833333,0.0,0.074,0.0
2025-04-07 04:00:00,0.1,0.0,7.888357229885058,0.0,0.370833333,0.0,0.071,0.0
2025-04-07 05:00:00,0.1,0.0,7.788357229885058,0.0,0.370833333,0.0,0.073,0.0
2025-04-07 06:00:00,0.25,0.2877889999999999,7.826146229885058,0.0,0.370833333,0.0,0.07,0.0
2025-04-07 07:00:00,0.4,1.2530409999999998,8.679187229885057,0.0,0.370833333,0.0,0.065,0.0
2025-04-07 08:00:00,0.49,3.107207,11.296394229885056,0.0,0.370833333,0.0,0.018,0.0
2025-04-07 09:00:00,0.18,3.498059,13.5,0.0,0.370833333,3.318059,0.011,-0.036498648999999994
2025-04-07 10:00:00,0.14,4.890772,13.5,0.0,0.370833333,4.750772,0.01,-0.04750772
2025-04-07 11:00:00,0.424548076923077,4.672307,13.5,0.0,0.370833333,4.247758923076923,0.011,-0.046725348153846144
2025-04-07 12:00:00,0.504548076923077,5.333333,13.5,0.0,0.370833333,4.828784923076922,0.012,-0.05794541907692307
2025-04-07 13:00:00,0.4545480769230769,5.236643,13.5,0.0,0.370833333,4.782094923076923,0.008,-0.03825675938461539
2025-04-07 14:00:00,0.18,4.634947,13.5,0.0,0.370833333,4.454947000000001,0.002,-0.008909894000000002
2025-04-07 15:00:00,0.15,3.3525859999999996,13.5,0.0,0.380833333,3.2025859999999997,0.001,-0.003202586
2025-04-07 16:00:00,0.13,1.699951,13.5,0.0,0.400833333,1.569951,0.002,-0.0031399020000000004
2025-04-07 17:00:00,1.2578548850574711,0.601439,12.843584114942528,0.0,0.400833333,0.0,0.011,0.0
2025-04-07 18:00:00,2.9678548850574713,0.0,9.875729229885057,0.0,0.400833333,0.0,0.081,0.0
2025-04-07 19:00:00,0.2,0.0,9.675729229885055,0.0,0.400833333,0.0,0.077,0.0
2025-04-07 20:00:00,0.19,0.0,9.485729229885058,0.0,0.400833333,0.0,0.071,0.0
2025-04-07 21:00:00,0.16,0.0,9.325729229885058,0.0,0.380833333,0.0,0.072,0.0
2025-04-07 22:00:00,0.14,0.0,9.185729229885055,0.0,0.380833333,0.0,0.073,0.0
2025-04-07 23:00:00,0.1,0.0,9.085729229885056,0.0,0.380833333,0.0,0.071,0.0
2025-04-08 00:00:00,0.1,0.0,8.985729229885058,0.0,0.370833333,0.0,0.075,0.0
2025-04-08 01:00:00,0.11,0.0,8.875729229885058,0.0,0.370833333,0.0,0.074,0.0
2025-04-08 02:00:00,0.41,0.0,8.465729229885058,0.0,0.370833333,0.0,0.075,0.0
2025-04-08 03:00:00,0.48,0.0,7.985729229885058,0.0,0.370833333,0.0,0.074,0.0
2025-04-08 04:00:00,0.57,0.0,7.4157292298850574,0.0,0.370833333,0.0,0.071,0.0
2025-04-08 05:00:00,0.77,0.0,6.645729229885058,0.0,0.370833333,0.0,0.073,0.0
2025-04-08 06:00:00,0.5800000000000001,0.217824,6.283553229885058,0.0,0.370833333,0.0,0.07,0.0
2025-04-08 07:00:00,0.2299999999999999,1.7553720000000002,7.808925229885058,0.0,0.370833333,0.0,0.065,0.0
2025-04-08 08:00:00,0.45,3.189132,10.548057229885057,0.0,0.370833333,0.0,0.018,0.0
2025-04-08 09:00:00,0.1,3.536723,13.5,0.0,0.370833333,3.4367229999999998,0.011,-0.037803952999999994
2025-04-08 10:00:00,0.1,4.530737,13.5,0.0,0.370833333,4.430737000000001,0.01,-0.044307370000000006
2025-04-08 11:00:00,0.669096153846154,4.656661,13.5,0.0,0.370833333,3.9875648461538455,0.011,-0.0438632133076923
2025-04-08 12:00:00,0.669096153846154,4.68474,13.5,0.0,0.370833333,4.0156438461538455,0.012,-0.048187726153846144
2025-04-08 13:00:00,0.669096153846154,4.565111,13.5,0.0,0.370833333,3.8960148461538457,0.008,-0.031168118769230767
2025-04-08 14:00:00,0.2,3.503731,13.5,0.0,0.370833333,3.303731,0.002,-0.006607462
2025-04-08 15:00:00,0.12,1.666812,13.5,0.0,0.380833333,1.546812,0.001,-0.001546812
2025-04-08 16:00:00,0.11,1.996702,13.5,0.0,0.400833333,1.8867019999999999,0.002,-0.0037734039999999997
2025-04-08 17:00:00,2.925709770114943,0.476821,11.051111229885056,0.0,0.400833333,0.0,0.011,0.0
2025-04-08 18:00:00,2.455709770114942,0.0,8.595401459770116,0.0,0.400833333,0.0,0.081,0.0
2025-04-08 19:00:00,0.32,0.0,8.275401459770116,0.0,0.400833333,0.0,0.077,0.0
2025-04-08 20:00:00,0.26,0.0,8.015401459770116,0.0,0.400833333,0.0,0.071,0.0
2025-04-08 21:00:00,0.2,0.0,7.815401459770116,0.0,0.380833333,0.0,0.072,0.0
2025-04-08 22:00:00,0.14,0.0,7.675401459770116,0.0,0.380833333,0.0,0.073,0.0
2025-04-08 23:00:00,0.11,0.0,7.565401459770116,0.0,0.380833333,0.0,0.071,0.0
2025-04-09 00:00:00,0.11,0.0,7.4554014597701155,0.0,0.370833333,0.0,0.075,0.0
2025-04-09 01:00:00,0.1,0.0,7.355401459770116,0.0,0.370833333,0.0,0.074,0.0
2025-04-09 02:00:00,0.11,0.0,7.2454014597701155,0.0,0.370833333,0.0,0.075,0.0
2025-04-09 03:00:00,0.1,0.0,7.145401459770116,0.0,0.370833333,0.0,0.074,0.0
2025-04-09 04:00:00,0.47,0.0,6.675401459770116,0.0,0.370833333,0.0,0.071,0.0
2025-04-09 05:00:00,0.78,0.0,5.895401459770116,0.0,0.370833333,0.0,0.073,0.0
2025-04-09 06:00:00,0.6699999999999999,0.1273709999999999,5.352772459770116,0.0,0.370833333,0.0,0.07,0.0
2025-04-09 07:00:00,0.5399999999999999,0.796202,5.608974459770116,0.0,0.370833333,0.0,0.065,0.0
2025-04-09 08:00:00,0.59,2.5537310000000004,7.572705459770116,0.0,0.370833333,0.0,0.018,0.0
2025-04-09 09:00:00,0.96,3.558516,10.171221459770116,0.0,0.370833333,0.0,0.011,0.0
2025-04-09 10:00:00,3.09,4.071672,11.152893459770116,0.0,0.370833333,0.0,0.01,0.0
2025-04-09 11:00:00,3.599096153846154,4.325279,11.879076305923965,0.0,0.370833333,0.0,0.011,0.0
2025-04-09 12:00:00,3.469096153846154,4.156433,12.566413152077809,0.0,0.370833333,0.0,0.012,0.0
2025-04-09 13:00:00,3.2390961538461536,3.867443,13.194759998231657,0.0,0.370833333,0.0,0.008,0.0
2025-04-09 14:00:00,2.46,3.514172,13.5,0.0,0.370833333,1.0541719999999999,0.002,-0.002108344
2025-04-09 15:00:00,0.15,1.729715,13.5,0.0,0.380833333,1.579715,0.001,-0.001579715
2025-04-09 16:00:00,0.14,1.708594,13.5,0.0,0.400833333,1.568594,0.002,-0.003137188
2025-04-09 17:00:00,1.7357097701149424,0.386748,12.151038229885057,0.0,0.400833333,0.0,0.011,0.0
2025-04-09 18:00:00,1.7357097701149424,0.0,10.415328459770114,0.0,0.400833333,0.0,0.081,0.0
2025-04-09 19:00:00,0.29,0.0,10.125328459770117,0.0,0.400833333,0.0,0.077,0.0
2025-04-09 20:00:00,0.29,0.0,9.835328459770116,0.0,0.400833333,0.0,0.071,0.0
2025-04-09 21:00:00,0.27,0.0,9.565328459770116,0.0,0.380833333,0.0,0.072,0.0
2025-04-09 22:00:00,0.17,0.0,9.395328459770116,0.0,0.380833333,0.0,0.073,0.0
2025-04-09 23:00:00,0.11,0.0,9.285328459770115,0.0,0.380833333,0.0,0.071,0.0
2025-04-10 00:00:00,0.1,0.0,9.185328459770115,0.0,0.370833333,0.0,0.075,0.0
2025-04-10 01:00:00,0.1,0.0,9.085328459770118,0.0,0.370833333,0.0,0.074,0.0
2025-04-10 02:00:00,0.1,0.0,8.985328459770118,0.0,0.370833333,0.0,0.075,0.0
2025-04-10 03:00:00,0.12,0.0,8.865328459770119,0.0,0.370833333,0.0,0.074,0.0
2025-04-10 04:00:00,0.1,0.0,8.765328459770119,0.0,0.370833333,0.0,0.071,0.0
2025-04-10 05:00:00,0.11,0.0,8.65532845977012,0.0,0.370833333,0.0,0.073,0.0
2025-04-10 06:00:00,0.31,0.1000819999999999,8.44541045977012,0.0,0.370833333,0.0,0.07,0.0
2025-04-10 07:00:00,0.77,0.535316,8.21072645977012,0.0,0.370833333,0.0,0.065,0.0
2025-04-10 08:00:00,0.19,0.438124,8.45885045977012,0.0,0.370833333,0.0,0.018,0.0
2025-04-10 09:00:00,0.7300000000000001,0.406034,8.13488445977012,0.0,0.370833333,0.0,0.011,0.0
2025-04-10 10:00:00,0.2,0.278665,8.213549459770121,0.0,0.370833333,0.0,0.01,0.0
2025-04-10 11:00:00,0.559397435897436,0.733796,8.387948023872685,0.0,0.370833333,0.0,0.011,0.0
2025-04-10 12:00:00,0.559397435897436,0.7667670000000001,8.595317587975249,0.0,0.370833333,0.0,0.012,0.0
2025-04-10 13:00:00,0.559397435897436,1.021677,9.057597152077811,0.0,0.370833333,0.0,0.008,0.0
2025-04-10 14:00:00,0.18,0.914246,9.791843152077814,0.0,0.370833333,0.0,0.002,0.0
2025-04-10 15:00:00,0.18,0.5282910000000001,10.140134152077811,0.0,0.380833333,0.0,0.001,0.0
2025-04-10 16:00:00,0.12,0.513051,10.533185152077811,0.0,0.400833333,0.0,0.002,0.0
2025-04-10 17:00:00,1.9371398467432952,0.060138,8.656183305334517,0.0,0.400833333,0.0,0.011,0.0
2025-04-10 18:00:00,2.687139846743295,0.0,5.969043458591222,0.0,0.400833333,0.0,0.081,0.0
2025-04-10 19:00:00,0.17,0.0,5.799043458591222,0.0,0.400833333,0.0,0.077,0.0
2025-04-10 20:00:00,0.18,0.0,5.619043458591222,0.0,0.400833333,0.0,0.071,0.0
2025-04-10 21:00:00,0.17,0.0,5.449043458591222,0.0,0.380833333,0.0,0.072,0.0
2025-04-10 22:00:00,0.25,0.0,5.199043458591222,0.0,0.380833333,0.0,0.073,0.0
2025-04-10 23:00:00,0.13,0.0,5.0690434585912225,0.0,0.380833333,0.0,0.071,0.0
2025-04-11 00:00:00,0.11,0.0,4.959043458591222,0.0,0.370833333,0.0,0.075,0.0
2025-04-11 01:00:00,0.11,0.0,4.849043458591222,0.0,0.370833333,0.0,0.074,0.0
2025-04-11 02:00:00,0.1,0.0,4.749043458591222,0.0,0.370833333,0.0,0.075,0.0
2025-04-11 03:00:00,0.1,0.0,4.649043458591223,0.0,0.370833333,0.0,0.074,0.0
2025-04-11 04:00:00,0.1,0.0,4.549043458591223,0.0,0.370833333,0.0,0.071,0.0
2025-04-11 05:00:00,0.1,0.0,4.449043458591223,0.0,0.370833333,0.0,0.073,0.0
2025-04-11 06:00:00,0.13,0.405371,4.724414458591223,0.0,0.370833333,0.0,0.07,0.0
2025-04-11 07:00:00,0.65,1.86572,5.940134458591223,0.0,0.370833333,0.0,0.065,0.0
2025-04-11 08:00:00,0.17,3.370158,9.140292458591222,0.0,0.370833333,0.0,0.018,0.0
2025-04-11 09:00:00,0.16,4.496732,13.477024458591222,0.0,0.370833333,0.0,0.011,0.0
2025-04-11 10:00:00,2.8899999999999997,3.738612,13.5,0.0,0.370833333,0.8486120000000001,0.01,-0.008486120000000002
2025-04-11 11:00:00,2.8493974358974357,4.230434,13.5,0.0,0.370833333,1.3810365641025641,0.011,-0.015191402205128204
2025-04-11 12:00:00,2.799397435897436,4.08477,13.5,0.0,0.370833333,1.285372564102564,0.012,-0.015424470769230769
2025-04-11 13:00:00,3.869397435897436,3.870748,13.5,0.0,0.370833333,0.0013505641025637338,0.008,-1.0804512820509871e-05
2025-04-11 14:00:00,6.4399999999999995,2.618194,9.678194,0.0,0.370833333,0.0,0.002,0.0
2025-04-11 15:00:00,1.5,2.392911,10.571105,0.0,0.380833333,0.0,0.001,0.0
2025-04-11 16:00:00,1.1,1.745284,11.216389,0.0,0.400833333,0.0,0.002,0.0
2025-04-11 17:00:00,2.3071398467432953,0.858114,9.767363153256706,0.0,0.400833333,0.0,0.011,0.0
2025-04-11 18:00:00,2.317139846743295,0.014074,7.464297306513411,0.0,0.400833333,0.0,0.081,0.0
2025-04-11 19:00:00,1.37,0.0,6.094297306513411,0.0,0.400833333,0.0,0.077,0.0
2025-04-11 20:00:00,2.0,0.0,4.094297306513411,0.0,0.400833333,0.0,0.071,0.0
2025-04-11 21:00:00,2.73,0.0,1.3642973065134112,0.0,0.380833333,0.0,0.072,0.0
2025-04-11 22:00:00,1.74,0.0,0.0,0.3757026934865888,0.380833333,0.0,0.073,0.143080108977575
2025-04-11 23:00:00,1.98,0.0,0.0,1.98,0.380833333,0.0,0.071,0.7540499993399999
2025-04-12 00:00:00,1.46,0.0,0.0,1.46,0.370833333,0.0,0.075,0.54141666618
2025-04-12 01:00:00,1.89,0.0,0.0,1.89,0.370833333,0.0,0.074,0.70087499937
2025-04-12 02:00:00,1.23,0.0,0.0,1.23,0.370833333,0.0,0.075,0.45612499958999997
2025-04-12 03:00:00,1.07,0.0,0.0,1.07,0.370833333,0.0,0.074,0.39679166631
2025-04-12 04:00:00,1.41,0.0,0.0,1.41,0.370833333,0.0,0.071,0.5228749995299999
2025-04-12 05:00:00,1.89,0.0,0.0,1.89,0.370833333,0.0,0.073,0.70087499937
2025-04-12 06:00:00,2.06,0.433647,0.0,1.626353,0.370833333,0.0,0.07,0.603105903624549
2025-04-12 07:00:00,1.1,1.819241,0.7192409999999998,0.0,0.370833333,0.0,0.065,0.0
2025-04-12 08:00:00,0.11,1.270896,1.8801369999999995,0.0,0.370833333,0.0,0.018,0.0
2025-04-12 09:00:00,0.11,4.43412,6.204256999999999,0.0,0.370833333,0.0,0.011,0.0
2025-04-12 10:00:00,2.77,4.279183,7.7134399999999985,0.0,0.370833333,0.0,0.01,0.0
2025-04-12 11:00:00,2.7893974358974356,3.798341,8.722383564102563,0.0,0.370833333,0.0,0.011,0.0
2025-04-12 12:00:00,2.9493974358974357,3.170172,8.943158128205127,0.0,0.370833333,0.0,0.012,0.0
2025-04-12 13:00:00,3.1393974358974357,2.794045,8.597805692307691,0.0,0.370833333,0.0,0.008,0.0
2025-04-12 14:00:00,2.67,1.906015,7.833820692307691,0.0,0.370833333,0.0,0.002,0.0
2025-04-12 15:00:00,0.23,1.406704,9.01052469230769,0.0,0.380833333,0.0,0.001,0.0
2025-04-12 16:00:00,0.21,0.501467,9.301991692307691,0.0,0.400833333,0.0,0.002,0.0
2025-04-12 17:00:00,1.287139846743295,0.482417,8.497268845564395,0.0,0.400833333,0.0,0.011,0.0
2025-04-12 18:00:00,3.9571398467432943,0.0,4.5401289988211015,0.0,0.400833333,0.0,0.081,0.0
2025-04-12 19:00:00,0.33,0.0,4.2101289988211015,0.0,0.400833333,0.0,0.077,0.0
2025-04-12 20:00:00,0.8,0.0,3.4101289988211017,0.0,0.400833333,0.0,0.071,0.0
2025-04-12 21:00:00,0.41,0.0,3.0001289988211015,0.0,0.380833333,0.0,0.072,0.0
2025-04-12 22:00:00,0.6,0.0,2.4001289988211014,0.0,0.380833333,0.0,0.073,0.0
2025-04-12 23:00:00,1.62,0.0,0.7801289988211013,0.0,0.380833333,0.0,0.071,0.0
2025-04-13 00:00:00,1.12,0.0,0.0,0.3398710011788988,0.370833333,0.0,0.075,0.12603549615721796
2025-04-13 01:00:00,1.04,0.0,0.0,1.04,0.370833333,0.0,0.074,0.38566666632
2025-04-13 02:00:00,0.93,0.0,0.0,0.93,0.370833333,0.0,0.075,0.34487499969
2025-04-13 03:00:00,0.53,0.0,0.0,0.53,0.370833333,0.0,0.074,0.19654166649000002
2025-04-13 04:00:00,0.1,0.0,0.0,0.1,0.370833333,0.0,0.071,0.0370833333
2025-04-13 05:00:00,0.48,0.0,0.0,0.48,0.370833333,0.0,0.073,0.17799999983999998
2025-04-13 06:00:00,0.85,0.292807,0.0,0.557193,0.370833333,0.0,0.07,0.206625737314269
2025-04-13 07:00:00,0.68,1.858175,1.178175,0.0,0.370833333,0.0,0.065,0.0
2025-04-13 08:00:00,0.1999999999999999,3.299001,4.277176000000001,0.0,0.370833333,0.0,0.018,0.0
2025-04-13 09:00:00,0.14,4.4393720000000005,8.576548000000003,0.0,0.370833333,0.0,0.011,0.0
2025-04-13 10:00:00,2.8099999999999996,4.268882,10.035430000000002,0.0,0.370833333,0.0,0.01,0.0
2025-04-13 11:00:00,3.1393974358974357,5.333333,12.229365564102563,0.0,0.370833333,0.0,0.011,0.0
2025-04-13 12:00:00,3.059397435897436,5.333333,13.5,0.0,0.370833333,2.2739355641025636,0.012,-0.027287226769230764
2025-04-13 13:00:00,3.309397435897436,5.333333,13.5,0.0,0.370833333,2.0239355641025636,0.008,-0.016191484512820507
2025-04-13 14:00:00,2.86,4.907471999999999,13.5,0.0,0.370833333,2.0474719999999995,0.002,-0.004094943999999999
2025-04-13 15:00:00,0.16,3.850141,13.5,0.0,0.380833333,3.6901409999999997,0.001,-0.0036901409999999996
2025-04-13 16:00:00,0.12,2.471973,13.5,0.0,0.400833333,2.351973,0.002,-0.0047039460000000005
2025-04-13 17:00:00,1.217139846743295,0.889522,13.172382153256706,0.0,0.400833333,0.0,0.011,0.0
2025-04-13 18:00:00,1.247139846743295,0.024932,11.95017430651341,0.0,0.400833333,0.0,0.081,0.0
2025-04-13 19:00:00,0.2,0.0,11.750174306513411,0.0,0.400833333,0.0,0.077,0.0
2025-04-13 20:00:00,0.14,0.0,11.61017430651341,0.0,0.400833333,0.0,0.071,0.0
2025-04-13 21:00:00,0.16,0.0,11.45017430651341,0.0,0.380833333,0.0,0.072,0.0
2025-04-13 22:00:00,0.95,0.0,10.500174306513411,0.0,0.380833333,0.0,0.073,0.0
2025-04-13 23:00:00,0.15,0.0,10.350174306513413,0.0,0.380833333,0.0,0.071,0.0
2025-04-14 00:00:00,0.11,0.0,10.240174306513412,0.0,0.370833333,0.0,0.075,0.0
2025-04-14 01:00:00,0.1,0.0,10.140174306513412,0.0,0.370833333,0.0,0.074,0.0
2025-04-14 02:00:00,0.11,0.0,10.030174306513413,0.0,0.370833333,0.0,0.075,0.0
2025-04-14 03:00:00,0.1,0.0,9.930174306513411,0.0,0.370833333,0.0,0.074,0.0
2025-04-14 04:00:00,0.11,0.0,9.820174306513412,0.0,0.370833333,0.0,0.071,0.0
2025-04-14 05:00:00,0.6300000000000001,0.0,9.190174306513413,0.0,0.370833333,0.0,0.073,0.0
2025-04-14 06:00:00,0.86,0.460955,8.791129306513414,0.0,0.370833333,0.0,0.07,0.0
2025-04-14 07:00:00,0.26,1.990434,10.521563306513414,0.0,0.370833333,0.0,0.065,0.0
2025-04-14 08:00:00,1.01,3.494739,13.006302306513415,0.0,0.370833333,0.0,0.018,0.0
2025-04-14 09:00:00,0.19,4.599233,13.5,0.0,0.370833333,4.4092329999999995,0.011,-0.04850156299999999
2025-04-14 10:00:00,0.38,5.333333,13.5,0.0,0.370833333,4.953333,0.01,-0.04953333
2025-04-14 11:00:00,0.549397435897436,5.333333,13.5,0.0,0.370833333,4.783935564102563,0.011,-0.052623291205128195
2025-04-14 12:00:00,0.719397435897436,5.333333,13.5,0.0,0.370833333,4.6139355641025634,0.012,-0.05536722676923076
2025-04-14 13:00:00,0.709397435897436,5.333333,13.5,0.0,0.370833333,4.623935564102563,0.008,-0.036991484512820506
2025-04-14 14:00:00,0.2,4.751100999999999,13.5,0.0,0.370833333,4.551100999999999,0.002,-0.009102201999999998
2025-04-14 15:00:00,0.53,3.767645,13.5,0.0,0.380833333,3.2376449999999997,0.001,-0.003237645
2025-04-14 16:00:00,0.52,2.428639,13.5,0.0,0.400833333,1.908639,0.002,-0.003817278
2025-04-14 17:00:00,1.947139846743295,0.8802770000000001,12.433137153256704,0.0,0.400833333,0.0,0.011,0.0
2025-04-14 18:00:00,4.447139846743295,0.027915,8.013912306513411,0.0,0.400833333,0.0,0.081,0.0
2025-04-14 19:00:00,0.6599999999999999,0.0,7.353912306513411,0.0,0.400833333,0.0,0.077,0.0
2025-04-14 20:00:00,1.5,0.0,5.853912306513411,0.0,0.400833333,0.0,0.071,0.0
2025-04-14 21:00:00,1.83,0.0,4.023912306513411,0.0,0.380833333,0.0,0.072,0.0
2025-04-14 22:00:00,0.7300000000000001,0.0,3.2939123065134113,0.0,0.380833333,0.0,0.073,0.0
2025-04-14 23:00:00,0.22,0.0,3.073912306513411,0.0,0.380833333,0.0,0.071,0.0
2025-04-15 00:00:00,0.14,0.0,2.933912306513411,0.0,0.370833333,0.0,0.075,0.0
2025-04-15 01:00:00,0.11,0.0,2.823912306513411,0.0,0.370833333,0.0,0.074,0.0
2025-04-15 02:00:00,0.11,0.0,2.713912306513411,0.0,0.370833333,0.0,0.075,0.0
2025-04-15 03:00:00,0.1,0.0,2.613912306513411,0.0,0.370833333,0.0,0.074,0.0
2025-04-15 04:00:00,0.11,0.0,2.5039123065134112,0.0,0.370833333,0.0,0.071,0.0
2025-04-15 05:00:00,0.13,0.0,2.3739123065134113,0.0,0.370833333,0.0,0.073,0.0
2025-04-15 06:00:00,0.5499999999999999,0.477082,2.3009943065134113,0.0,0.370833333,0.0,0.07,0.0
2025-04-15 07:00:00,1.25,0.356752,1.4077463065134113,0.0,0.370833333,0.0,0.065,0.0
2025-04-15 08:00:00,1.44,0.695648,0.6633943065134114,0.0,0.370833333,0.0,0.018,0.0
2025-04-15 09:00:00,2.05,1.321171,0.0,0.06543469348658837,0.370833333,0.0,0.011,0.024265365479464954
2025-04-15 10:00:00,0.65,2.3543049999999996,1.7043049999999995,0.0,0.370833333,0.0,0.01,0.0
2025-04-15 11:00:00,1.819397435897436,5.333333,5.2182405641025635,0.0,0.370833333,0.0,0.011,0.0
2025-04-15 12:00:00,1.349397435897436,5.333333,9.202176128205128,0.0,0.370833333,0.0,0.012,0.0
2025-04-15 13:00:00,0.6293974358974359,5.297684,13.5,0.0,0.370833333,4.668286564102564,0.008,-0.03734629251282051
2025-04-15 14:00:00,0.26,4.665061,13.5,0.0,0.370833333,4.405061,0.002,-0.008810122
2025-04-15 15:00:00,0.56,3.711054,13.5,0.0,0.380833333,3.151054,0.001,-0.003151054
2025-04-15 16:00:00,0.21,2.398121,13.5,0.0,0.400833333,2.188121,0.002,-0.004376242000000001
2025-04-15 17:00:00,1.277139846743295,0.87301,13.095870153256705,0.0,0.400833333,0.0,0.011,0.0
2025-04-15 18:00:00,3.857139846743295,0.017247,9.25597730651341,0.0,0.400833333,0.0,0.081,0.0
2025-04-15 19:00:00,0.24,0.0,9.01597730651341,0.0,0.400833333,0.0,0.077,0.0
2025-04-15 20:00:00,0.49,0.0,8.52597730651341,0.0,0.400833333,0.0,0.071,0.0
2025-04-15 21:00:00,1.0,0.0,7.5259773065134095,0.0,0.380833333,0.0,0.072,0.0
2025-04-15 22:00:00,0.16,0.0,7.365977306513409,0.0,0.380833333,0.0,0.073,0.0
2025-04-15 23:00:00,0.12,0.0,7.245977306513409,0.0,0.380833333,0.0,0.071,0.0
2025-04-16 00:00:00,0.11,0.0,7.135977306513409,0.0,0.370833333,0.0,0.075,0.0
2025-04-16 01:00:00,0.1,0.0,7.035977306513409,0.0,0.370833333,0.0,0.074,0.0
2025-04-16 02:00:00,0.11,0.0,6.925977306513409,0.0,0.370833333,0.0,0.075,0.0
2025-04-16 03:00:00,0.1,0.0,6.825977306513409,0.0,0.370833333,0.0,0.074,0.0
2025-04-16 04:00:00,0.5499999999999999,0.0,6.2759773065134095,0.0,0.370833333,0.0,0.071,0.0
2025-04-16 05:00:00,0.1,0.0,6.17597730651341,0.0,0.370833333,0.0,0.073,0.0
2025-04-16 06:00:00,0.11,0.310056,6.37603330651341,0.0,0.370833333,0.0,0.07,0.0
2025-04-16 07:00:00,0.94,1.53456,6.970593306513409,0.0,0.370833333,0.0,0.065,0.0
2025-04-16 08:00:00,0.16,2.747115,9.557708306513408,0.0,0.370833333,0.0,0.018,0.0
2025-04-16 09:00:00,0.26,4.403048,13.5,0.0,0.370833333,4.143048,0.011,-0.045573528
2025-04-16 10:00:00,3.16,5.1594880000000005,13.5,0.0,0.370833333,1.9994880000000004,0.01,-0.019994880000000003
2025-04-16 11:00:00,2.8293974358974356,5.333333,13.5,0.0,0.370833333,2.503935564102564,0.011,-0.027543291205128204
2025-04-16 12:00:00,2.8493974358974357,5.333333,13.5,0.0,0.370833333,2.483935564102564,0.012,-0.02980722676923077
2025-04-16 13:00:00,2.969397435897436,5.316964,13.5,0.0,0.370833333,2.3475665641025634,0.008,-0.018780532512820507
2025-04-16 14:00:00,2.5999999999999996,3.86125,13.5,0.0,0.370833333,1.2612500000000004,0.002,-0.002522500000000001
2025-04-16 15:00:00,0.16,2.800098,13.5,0.0,0.380833333,2.640098,0.001,-0.002640098
2025-04-16 16:00:00,1.23,1.034815,13.304815,0.0,0.400833333,0.0,0.002,0.0
2025-04-16 17:00:00,1.9571398467432952,0.554971,11.902646153256704,0.0,0.400833333,0.0,0.011,0.0
2025-04-16 18:00:00,1.3471398467432951,0.0,10.55550630651341,0.0,0.400833333,0.0,0.081,0.0
2025-04-16 19:00:00,0.1699999999999999,0.0,10.38550630651341,0.0,0.400833333,0.0,0.077,0.0
2025-04-16 20:00:00,0.94,0.0,9.44550630651341,0.0,0.400833333,0.0,0.071,0.0
2025-04-16 21:00:00,1.86,0.0,7.58550630651341,0.0,0.380833333,0.0,0.072,0.0
2025-04-16 22:00:00,0.7200000000000001,0.0,6.86550630651341,0.0,0.380833333,0.0,0.073,0.0
2025-04-16 23:00:00,0.14,0.0,6.72550630651341,0.0,0.380833333,0.0,0.071,0.0
2025-04-17 00:00:00,0.24,0.0,6.48550630651341,0.0,0.370833333,0.0,0.075,0.0
2025-04-17 01:00:00,0.12,0.0,6.36550630651341,0.0,0.370833333,0.0,0.074,0.0
2025-04-17 02:00:00,0.11,0.0,6.25550630651341,0.0,0.370833333,0.0,0.075,0.0
2025-04-17 03:00:00,0.11,0.0,6.1455063065134095,0.0,0.370833333,0.0,0.074,0.0
2025-04-17 04:00:00,0.11,0.0,6.035506306513409,0.0,0.370833333,0.0,0.071,0.0
2025-04-17 05:00:00,0.11,0.0,5.925506306513409,0.0,0.370833333,0.0,0.073,0.0
2025-04-17 06:00:00,0.7100000000000001,0.491801,5.707307306513409,0.0,0.370833333,0.0,0.07,0.0
2025-04-17 07:00:00,1.32,0.402312,4.7896193065134085,0.0,0.370833333,0.0,0.065,0.0
2025-04-17 08:00:00,0.59,0.504915,4.704534306513408,0.0,0.370833333,0.0,0.018,0.0
2025-04-17 09:00:00,0.5,1.376422,5.580956306513408,0.0,0.370833333,0.0,0.011,0.0
2025-04-17 10:00:00,0.8799999999999999,3.008157,7.709113306513409,0.0,0.370833333,0.0,0.01,0.0
2025-04-17 11:00:00,0.559397435897436,3.671381,10.821096870615971,0.0,0.370833333,0.0,0.011,0.0
2025-04-17 12:00:00,0.789397435897436,3.139368,13.171067434718536,0.0,0.370833333,0.0,0.012,0.0
2025-04-17 13:00:00,0.8793974358974359,2.345697,13.5,0.0,0.370833333,1.466299564102564,0.008,-0.011730396512820512
2025-04-17 14:00:00,0.71,3.483758,13.5,0.0,0.370833333,2.773758,0.002,-0.005547516
2025-04-17 15:00:00,2.35,2.415227,13.5,0.0,0.380833333,0.0652269999999997,0.001,-6.52269999999997e-05
2025-04-17 16:00:00,1.73,2.366766,13.5,0.0,0.400833333,0.6367660000000002,0.002,-0.0012735320000000004
2025-04-17 17:00:00,2.297139846743295,0.288689,11.491549153256706,0.0,0.400833333,0.0,0.011,0.0
2025-04-17 18:00:00,4.427139846743295,0.0,7.064409306513411,0.0,0.400833333,0.0,0.081,0.0
2025-04-17 19:00:00,1.35,0.0,5.71440930651341,0.0,0.400833333,0.0,0.077,0.0
2025-04-17 20:00:00,1.28,0.0,4.43440930651341,0.0,0.400833333,0.0,0.071,0.0
2025-04-17 21:00:00,2.34,0.0,2.09440930651341,0.0,0.380833333,0.0,0.072,0.0
2025-04-17 22:00:00,1.54,0.0,0.5544093065134099,0.0,0.380833333,0.0,0.073,0.0
2025-04-17 23:00:00,1.06,0.0,0.0,0.5055906934865901,0.380833333,0.0,0.071,0.1925457889342795
2025-04-18 00:00:00,1.06,0.0,0.0,1.06,0.370833333,0.0,0.075,0.39308333298000003
2025-04-18 01:00:00,1.06,0.0,0.0,1.06,0.370833333,0.0,0.074,0.39308333298000003
2025-04-18 02:00:00,1.06,0.0,0.0,1.06,0.370833333,0.0,0.075,0.39308333298000003
2025-04-18 03:00:00,1.07,0.0,0.0,1.07,0.370833333,0.0,0.074,0.39679166631
2025-04-18 04:00:00,1.42,0.0,0.0,1.42,0.370833333,0.0,0.071,0.5265833328599999
2025-04-18 05:00:00,2.02,0.0,0.0,2.02,0.370833333,0.0,0.073,0.7490833326599999
2025-04-18 06:00:00,1.97,0.17226,0.0,1.79774,0.370833333,0.0,0.07,0.66666191606742
2025-04-18 07:00:00,3.53,1.890403,0.0,1.6395969999999997,0.370833333,0.0,0.065,0.6080172202868009
2025-04-18 08:00:00,1.54,3.254672,1.7146720000000002,0.0,0.370833333,0.0,0.018,0.0
2025-04-18 09:00:00,0.73,4.298449,5.2831209999999995,0.0,0.370833333,0.0,0.011,0.0
2025-04-18 10:00:00,3.53,5.078829,6.831949999999999,0.0,0.370833333,0.0,0.01,0.0
2025-04-18 11:00:00,3.769397435897436,5.333333,8.395885564102564,0.0,0.370833333,0.0,0.011,0.0
2025-04-18 12:00:00,3.509397435897436,5.333333,10.219821128205128,0.0,0.370833333,0.0,0.012,0.0
2025-04-18 13:00:00,3.359397435897436,5.174404000000001,12.034827692307694,0.0,0.370833333,0.0,0.008,0.0
2025-04-18 14:00:00,4.45,4.536094,12.120921692307691,0.0,0.370833333,0.0,0.002,0.0
2025-04-18 15:00:00,2.3899999999999997,2.824603,12.555524692307694,0.0,0.380833333,0.0,0.001,0.0
2025-04-18 16:00:00,1.33,1.557501,12.783025692307694,0.0,0.400833333,0.0,0.002,0.0
2025-04-18 17:00:00,1.3771398467432951,0.857463,12.2633488455644,0.0,0.400833333,0.0,0.011,0.0
2025-04-18 18:00:00,1.487139846743295,0.028774,10.804982998821105,0.0,0.400833333,0.0,0.081,0.0
2025-04-18 19:00:00,0.8899999999999999,0.0,9.914982998821104,0.0,0.400833333,0.0,0.077,0.0
2025-04-18 20:00:00,0.73,0.0,9.184982998821104,0.0,0.400833333,0.0,0.071,0.0
2025-04-18 21:00:00,0.86,0.0,8.324982998821104,0.0,0.380833333,0.0,0.072,0.0
2025-04-18 22:00:00,1.39,0.0,6.934982998821105,0.0,0.380833333,0.0,0.073,0.0
2025-04-18 23:00:00,1.02,0.0,5.914982998821104,0.0,0.380833333,0.0,0.071,0.0
2025-04-19 00:00:00,0.31,0.0,5.604982998821105,0.0,0.370833333,0.0,0.075,0.0
2025-04-19 01:00:00,0.31,0.0,5.294982998821105,0.0,0.370833333,0.0,0.074,0.0
2025-04-19 02:00:00,0.32,0.0,4.974982998821105,0.0,0.370833333,0.0,0.075,0.0
2025-04-19 03:00:00,0.44,0.0,4.534982998821104,0.0,0.370833333,0.0,0.074,0.0
2025-04-19 04:00:00,0.8200000000000001,0.0,3.714982998821104,0.0,0.370833333,0.0,0.071,0.0
2025-04-19 05:00:00,1.12,0.0,2.594982998821104,0.0,0.370833333,0.0,0.073,0.0
2025-04-19 06:00:00,0.66,0.498511,2.433493998821104,0.0,0.370833333,0.0,0.07,0.0
2025-04-19 07:00:00,1.59,1.033202,1.876695998821104,0.0,0.370833333,0.0,0.065,0.0
2025-04-19 08:00:00,0.91,3.2064920000000003,4.1731879988211045,0.0,0.370833333,0.0,0.018,0.0
2025-04-19 09:00:00,0.5700000000000001,4.238899,7.842086998821104,0.0,0.370833333,0.0,0.011,0.0
2025-04-19 10:00:00,3.3499999999999996,4.985094,9.477180998821105,0.0,0.370833333,0.0,0.01,0.0
2025-04-19 11:00:00,3.329096153846154,5.333333,11.48141784497495,0.0,0.370833333,0.0,0.011,0.0
2025-04-19 12:00:00,3.989096153846154,5.333333,12.825654691128795,0.0,0.370833333,0.0,0.012,0.0
2025-04-19 13:00:00,4.509096153846154,5.104047,13.420605537282643,0.0,0.370833333,0.0,0.008,0.0
2025-04-19 14:00:00,2.57,4.4805410000000006,13.5,0.0,0.370833333,1.9105410000000007,0.002,-0.0038210820000000017
2025-04-19 15:00:00,0.74,3.5535880000000004,13.5,0.0,0.380833333,2.813588,0.001,-0.002813588
2025-04-19 16:00:00,0.84,2.33982,13.5,0.0,0.400833333,1.4998200000000002,0.002,-0.0029996400000000005
2025-04-19 17:00:00,3.5257097701149425,0.867456,10.841746229885056,0.0,0.400833333,0.0,0.011,0.0
2025-04-19 18:00:00,2.1957097701149424,0.021927,8.667963459770114,0.0,0.400833333,0.0,0.081,0.0
2025-04-19 19:00:00,1.02,0.0,7.647963459770114,0.0,0.400833333,0.0,0.077,0.0
2025-04-19 20:00:00,1.09,0.0,6.557963459770114,0.0,0.400833333,0.0,0.071,0.0
2025-04-19 21:00:00,1.02,0.0,5.537963459770115,0.0,0.380833333,0.0,0.072,0.0
2025-04-19 22:00:00,0.69,0.0,4.847963459770115,0.0,0.380833333,0.0,0.073,0.0
2025-04-19 23:00:00,0.2,0.0,4.647963459770115,0.0,0.380833333,0.0,0.071,0.0
2025-04-20 00:00:00,0.21,0.0,4.437963459770115,0.0,0.370833333,0.0,0.075,0.0
2025-04-20 01:00:00,0.32,0.0,4.117963459770115,0.0,0.370833333,0.0,0.074,0.0
2025-04-20 02:00:00,0.21,0.0,3.907963459770115,0.0,0.370833333,0.0,0.075,0.0
2025-04-20 03:00:00,0.19,0.0,3.717963459770115,0.0,0.370833333,0.0,0.074,0.0
2025-04-20 04:00:00,0.19,0.0,3.527963459770115,0.0,0.370833333,0.0,0.071,0.0
2025-04-20 05:00:00,0.61,0.0,2.917963459770115,0.0,0.370833333,0.0,0.073,0.0
2025-04-20 06:00:00,0.25,0.517575,3.185538459770115,0.0,0.370833333,0.0,0.07,0.0
2025-04-20 07:00:00,1.37,1.975493,3.7910314597701142,0.0,0.370833333,0.0,0.065,0.0
2025-04-20 08:00:00,1.03,3.310179,6.071210459770115,0.0,0.370833333,0.0,0.018,0.0
2025-04-20 09:00:00,1.69,4.301528,8.682738459770116,0.0,0.370833333,0.0,0.011,0.0
2025-04-20 10:00:00,3.33,4.9730799999999995,10.325818459770115,0.0,0.370833333,0.0,0.01,0.0
2025-04-20 11:00:00,4.039096153846154,5.333333,11.62005530592396,0.0,0.370833333,0.0,0.011,0.0
2025-04-20 12:00:00,3.949096153846154,5.333333,13.004292152077806,0.0,0.370833333,0.0,0.012,0.0
2025-04-20 13:00:00,3.3790961538461537,5.106831000000001,13.5,0.0,0.370833333,1.7277348461538469,0.008,-0.013821878769230776
2025-04-20 14:00:00,2.9299999999999997,4.529706,13.5,0.0,0.370833333,1.5997060000000003,0.002,-0.003199412000000001
2025-04-20 15:00:00,0.24,3.616404,13.5,0.0,0.380833333,3.376404,0.001,-0.003376404
2025-04-20 16:00:00,0.21,2.393279,13.5,0.0,0.400833333,2.183279,0.002,-0.004366558
2025-04-20 17:00:00,4.425709770114943,0.898812,9.973102229885058,0.0,0.400833333,0.0,0.011,0.0
2025-04-20 18:00:00,2.1957097701149424,0.021049,7.798441459770116,0.0,0.400833333,0.0,0.081,0.0
2025-04-20 19:00:00,0.24,0.0,7.5584414597701155,0.0,0.400833333,0.0,0.077,0.0
2025-04-20 20:00:00,1.19,0.0,6.368441459770116,0.0,0.400833333,0.0,0.071,0.0
2025-04-20 21:00:00,1.0,0.0,5.368441459770116,0.0,0.380833333,0.0,0.072,0.0
2025-04-20 22:00:00,0.8300000000000001,0.0,4.538441459770116,0.0,0.380833333,0.0,0.073,0.0
2025-04-20 23:00:00,0.17,0.0,4.368441459770116,0.0,0.380833333,0.0,0.071,0.0
2025-04-21 00:00:00,0.15,0.0,4.218441459770116,0.0,0.370833333,0.0,0.075,0.0
2025-04-21 01:00:00,0.12,0.0,4.0984414597701155,0.0,0.370833333,0.0,0.074,0.0
2025-04-21 02:00:00,0.12,0.0,3.978441459770115,0.0,0.370833333,0.0,0.075,0.0
2025-04-21 03:00:00,0.24,0.0,3.738441459770115,0.0,0.370833333,0.0,0.074,0.0
2025-04-21 04:00:00,0.69,0.0,3.0484414597701153,0.0,0.370833333,0.0,0.071,0.0
2025-04-21 05:00:00,0.5599999999999999,0.0,2.488441459770115,0.0,0.370833333,0.0,0.073,0.0
2025-04-21 06:00:00,0.8,0.534649,2.2230904597701153,0.0,0.370833333,0.0,0.07,0.0
2025-04-21 07:00:00,1.38,1.972871,2.8159614597701155,0.0,0.370833333,0.0,0.065,0.0
2025-04-21 08:00:00,0.61,3.253506,5.459467459770115,0.0,0.370833333,0.0,0.018,0.0
2025-04-21 09:00:00,0.2,4.158579,9.418046459770114,0.0,0.370833333,0.0,0.011,0.0
2025-04-21 10:00:00,0.21,4.74682,13.5,0.0,0.370833333,4.53682,0.01,-0.0453682
2025-04-21 11:00:00,0.569397435897436,5.035022,13.5,0.0,0.370833333,4.465624564102564,0.011,-0.0491218702051282
2025-04-21 12:00:00,0.5393974358974359,5.090747,13.5,0.0,0.370833333,4.551349564102565,0.012,-0.054616194769230776
2025-04-21 13:00:00,0.679397435897436,4.902310000000001,13.5,0.0,0.370833333,4.222912564102565,0.008,-0.03378330051282052
2025-04-21 14:00:00,0.17,4.396968,13.5,0.0,0.370833333,4.226968,0.002,-0.008453936
2025-04-21 15:00:00,0.18,3.54691,13.5,0.0,0.380833333,3.36691,0.001,-0.00336691
2025-04-21 16:00:00,0.23,2.3631819999999997,13.5,0.0,0.400833333,2.1331819999999997,0.002,-0.004266363999999999
2025-04-21 17:00:00,1.297139846743295,0.899297,13.102157153256703,0.0,0.400833333,0.0,0.011,0.0
2025-04-21 18:00:00,3.5171398467432953,0.023637,9.60865430651341,0.0,0.400833333,0.0,0.081,0.0
2025-04-21 19:00:00,2.02,0.0,7.58865430651341,0.0,0.400833333,0.0,0.077,0.0
2025-04-21 20:00:00,0.41,0.0,7.17865430651341,0.0,0.400833333,0.0,0.071,0.0
2025-04-21 21:00:00,0.2299999999999999,0.0,6.9486543065134105,0.0,0.380833333,0.0,0.072,0.0
2025-04-21 22:00:00,0.2,0.0,6.74865430651341,0.0,0.380833333,0.0,0.073,0.0
2025-04-21 23:00:00,0.12,0.0,6.62865430651341,0.0,0.380833333,0.0,0.071,0.0
2025-04-22 00:00:00,0.23,0.0,6.39865430651341,0.0,0.370833333,0.0,0.075,0.0
2025-04-22 01:00:00,0.14,0.0,6.25865430651341,0.0,0.370833333,0.0,0.074,0.0
2025-04-22 02:00:00,0.12,0.0,6.13865430651341,0.0,0.370833333,0.0,0.075,0.0
2025-04-22 03:00:00,0.11,0.0,6.02865430651341,0.0,0.370833333,0.0,0.074,0.0
2025-04-22 04:00:00,0.11,0.0,5.918654306513409,0.0,0.370833333,0.0,0.071,0.0
2025-04-22 05:00:00,0.12,0.0,5.798654306513409,0.0,0.370833333,0.0,0.073,0.0
2025-04-22 06:00:00,0.8300000000000001,0.5605439999999999,5.529198306513409,0.0,0.370833333,0.0,0.07,0.0
2025-04-22 07:00:00,0.66,1.972759,6.841957306513409,0.0,0.370833333,0.0,0.065,0.0
2025-04-22 08:00:00,0.55,3.317732,9.60968930651341,0.0,0.370833333,0.0,0.018,0.0
2025-04-22 09:00:00,0.38,4.3110159999999995,13.5,0.0,0.370833333,3.9310159999999996,0.011,-0.04324117599999999
2025-04-22 10:00:00,0.1,4.994997000000001,13.5,0.0,0.370833333,4.894997000000001,0.01,-0.04894997000000001
2025-04-22 11:00:00,0.479397435897436,5.333333,13.5,0.0,0.370833333,4.853935564102564,0.011,-0.053393291205128195
2025-04-22 12:00:00,0.4893974358974359,5.333333,13.5,0.0,0.370833333,4.843935564102564,0.012,-0.058127226769230766
2025-04-22 13:00:00,0.479397435897436,5.136433,13.5,0.0,0.370833333,4.657035564102564,0.008,-0.037256284512820516
2025-04-22 14:00:00,0.12,4.536299,13.5,0.0,0.370833333,4.4162989999999995,0.002,-0.008832597999999999
2025-04-22 15:00:00,0.36,1.728327,13.5,0.0,0.380833333,1.3683269999999998,0.001,-0.001368327
2025-04-22 16:00:00,0.37,0.797241,13.5,0.0,0.400833333,0.427241,0.002,-0.0008544819999999999
2025-04-22 17:00:00,1.1771398467432952,0.385247,12.708107153256703,0.0,0.400833333,0.0,0.011,0.0
2025-04-22 18:00:00,1.1871398467432952,0.030887,11.55185430651341,0.0,0.400833333,0.0,0.081,0.0
2025-04-22 19:00:00,0.11,0.0,11.441854306513411,0.0,0.400833333,0.0,0.077,0.0
2025-04-22 20:00:00,0.14,0.0,11.30185430651341,0.0,0.400833333,0.0,0.071,0.0
2025-04-22 21:00:00,0.11,0.0,11.191854306513411,0.0,0.380833333,0.0,0.072,0.0
2025-04-22 22:00:00,0.16,0.0,11.031854306513411,0.0,0.380833333,0.0,0.073,0.0
2025-04-22 23:00:00,0.12,0.0,10.911854306513412,0.0,0.380833333,0.0,0.071,0.0
2025-04-23 00:00:00,0.71,0.0,10.201854306513413,0.0,0.370833333,0.0,0.075,0.0
2025-04-23 01:00:00,0.48,0.0,9.72185430651341,0.0,0.370833333,0.0,0.074,0.0
2025-04-23 02:00:00,1.08,0.0,8.64185430651341,0.0,0.370833333,0.0,0.075,0.0
2025-04-23 03:00:00,0.5599999999999999,0.0,8.08185430651341,0.0,0.370833333,0.0,0.074,0.0
2025-04-23 04:00:00,0.8700000000000001,0.0,7.21185430651341,0.0,0.370833333,0.0,0.071,0.0
2025-04-23 05:00:00,0.8300000000000001,0.0,6.38185430651341,0.0,0.370833333,0.0,0.073,0.0
2025-04-23 06:00:00,0.89,0.316072,5.80792630651341,0.0,0.370833333,0.0,0.07,0.0
2025-04-23 07:00:00,1.03,0.374029,5.15195530651341,0.0,0.370833333,0.0,0.065,0.0
2025-04-23 08:00:00,0.89,1.818747,6.080702306513411,0.0,0.370833333,0.0,0.018,0.0
2025-04-23 09:00:00,0.77,1.807963,7.11866530651341,0.0,0.370833333,0.0,0.011,0.0
2025-04-23 10:00:00,2.99,3.70184,7.830505306513411,0.0,0.370833333,0.0,0.01,0.0
2025-04-23 11:00:00,2.8493974358974357,2.406172,7.387279870615975,0.0,0.370833333,0.0,0.011,0.0
2025-04-23 12:00:00,2.839397435897436,3.018625,7.56650743471854,0.0,0.370833333,0.0,0.012,0.0
2025-04-23 13:00:00,2.859397435897436,3.1806729999999996,7.887782998821104,0.0,0.370833333,0.0,0.008,0.0
2025-04-23 14:00:00,2.57,3.047402,8.365184998821103,0.0,0.370833333,0.0,0.002,0.0
2025-04-23 15:00:00,0.12,2.439278,10.684462998821104,0.0,0.380833333,0.0,0.001,0.0
2025-04-23 16:00:00,0.1,1.106782,11.691244998821103,0.0,0.400833333,0.0,0.002,0.0
2025-04-23 17:00:00,1.1871398467432952,0.915024,11.419129152077808,0.0,0.400833333,0.0,0.011,0.0
2025-04-23 18:00:00,1.697139846743295,0.035705,9.757694305334514,0.0,0.400833333,0.0,0.081,0.0
2025-04-23 19:00:00,0.23,0.0,9.527694305334514,0.0,0.400833333,0.0,0.077,0.0
2025-04-23 20:00:00,0.54,0.0,8.987694305334514,0.0,0.400833333,0.0,0.071,0.0
2025-04-23 21:00:00,0.57,0.0,8.417694305334514,0.0,0.380833333,0.0,0.072,0.0
2025-04-23 22:00:00,0.97,0.0,7.447694305334514,0.0,0.380833333,0.0,0.073,0.0
2025-04-23 23:00:00,0.5700000000000001,0.0,6.877694305334514,0.0,0.380833333,0.0,0.071,0.0
2025-04-24 00:00:00,0.5900000000000001,0.0,6.287694305334514,0.0,0.370833333,0.0,0.075,0.0
2025-04-24 01:00:00,0.99,0.0,5.297694305334514,0.0,0.370833333,0.0,0.074,0.0
2025-04-24 02:00:00,0.9,0.0,4.397694305334514,0.0,0.370833333,0.0,0.075,0.0
2025-04-24 03:00:00,1.12,0.0,3.2776943053345136,0.0,0.370833333,0.0,0.074,0.0
2025-04-24 04:00:00,0.56,0.0,2.7176943053345135,0.0,0.370833333,0.0,0.071,0.0
2025-04-24 05:00:00,0.75,0.0,1.9676943053345135,0.0,0.370833333,0.0,0.073,0.0
2025-04-24 06:00:00,0.94,0.3089889999999999,1.3366833053345135,0.0,0.370833333,0.0,0.07,0.0
2025-04-24 07:00:00,0.72,0.727073,1.3437563053345136,0.0,0.370833333,0.0,0.065,0.0
2025-04-24 08:00:00,1.39,1.06829,1.0220463053345137,0.0,0.370833333,0.0,0.018,0.0
2025-04-24 09:00:00,1.4500000000000002,2.923336,2.4953823053345134,0.0,0.370833333,0.0,0.011,0.0
2025-04-24 10:00:00,1.24,1.294251,2.5496333053345133,0.0,0.370833333,0.0,0.01,0.0
2025-04-24 11:00:00,1.469096153846154,5.2060889999999995,6.286626151488359,0.0,0.370833333,0.0,0.011,0.0
2025-04-24 12:00:00,1.099096153846154,5.292948999999999,10.480478997642203,0.0,0.370833333,0.0,0.012,0.0
2025-04-24 13:00:00,1.309096153846154,5.0153609999999995,13.5,0.0,0.370833333,3.7062648461538457,0.008,-0.029650118769230766
2025-04-24 14:00:00,0.17,4.443676,13.5,0.0,0.370833333,4.273676,0.002,-0.008547352
2025-04-24 15:00:00,0.12,2.807404,13.5,0.0,0.380833333,2.687404,0.001,-0.002687404
2025-04-24 16:00:00,0.11,1.536397,13.5,0.0,0.400833333,1.426397,0.002,-0.002852794
2025-04-24 17:00:00,1.7557097701149424,0.914693,12.658983229885058,0.0,0.400833333,0.0,0.011,0.0
2025-04-24 18:00:00,1.8557097701149423,0.041614,10.844887459770115,0.0,0.400833333,0.0,0.081,0.0
2025-04-24 19:00:00,0.7,0.0,10.144887459770116,0.0,0.400833333,0.0,0.077,0.0
2025-04-24 20:00:00,0.18,0.0,9.964887459770116,0.0,0.400833333,0.0,0.071,0.0
2025-04-24 21:00:00,0.15,0.0,9.814887459770116,0.0,0.380833333,0.0,0.072,0.0
2025-04-24 22:00:00,0.61,0.0,9.204887459770116,0.0,0.380833333,0.0,0.073,0.0
2025-04-24 23:00:00,0.1,0.0,9.104887459770117,0.0,0.380833333,0.0,0.071,0.0
2025-04-25 00:00:00,0.92,0.0,8.184887459770117,0.0,0.370833333,0.0,0.075,0.0
2025-04-25 01:00:00,0.48,0.0,7.7048874597701165,0.0,0.370833333,0.0,0.074,0.0
2025-04-25 02:00:00,0.99,0.0,6.714887459770116,0.0,0.370833333,0.0,0.075,0.0
2025-04-25 03:00:00,0.93,0.0,5.7848874597701165,0.0,0.370833333,0.0,0.074,0.0
2025-04-25 04:00:00,0.8300000000000001,0.0,4.9548874597701165,0.0,0.370833333,0.0,0.071,0.0
2025-04-25 05:00:00,0.66,0.0,4.294887459770116,0.0,0.370833333,0.0,0.073,0.0
2025-04-25 06:00:00,0.64,0.439862,4.094749459770116,0.0,0.370833333,0.0,0.07,0.0
2025-04-25 07:00:00,1.11,0.133484,3.118233459770116,0.0,0.370833333,0.0,0.065,0.0
2025-04-25 08:00:00,0.8200000000000001,0.198714,2.496947459770116,0.0,0.370833333,0.0,0.018,0.0
2025-04-25 09:00:00,0.5399999999999999,2.006821,3.963768459770116,0.0,0.370833333,0.0,0.011,0.0
2025-04-25 10:00:00,2.4,2.557153,4.120921459770116,0.0,0.370833333,0.0,0.01,0.0
2025-04-25 11:00:00,3.309096153846154,3.800579,4.612404305923963,0.0,0.370833333,0.0,0.011,0.0
2025-04-25 12:00:00,3.229096153846154,4.240836,5.624144152077809,0.0,0.370833333,0.0,0.012,0.0
2025-04-25 13:00:00,2.969096153846154,4.475114,7.130161998231655,0.0,0.370833333,0.0,0.008,0.0
2025-04-25 14:00:00,2.4499999999999997,3.567979,8.248140998231655,0.0,0.370833333,0.0,0.002,0.0
2025-04-25 15:00:00,0.15,3.117711,11.215851998231654,0.0,0.380833333,0.0,0.001,0.0
2025-04-25 16:00:00,0.14,0.074027,11.149878998231657,0.0,0.400833333,0.0,0.002,0.0
2025-04-25 17:00:00,1.7557097701149424,0.013087,9.407256228116712,0.0,0.400833333,0.0,0.011,0.0
2025-04-25 18:00:00,1.8057097701149425,0.0,7.601546458001769,0.0,0.400833333,0.0,0.081,0.0
2025-04-25 19:00:00,0.24,0.0,7.361546458001769,0.0,0.400833333,0.0,0.077,0.0
2025-04-25 20:00:00,0.15,0.0,7.211546458001768,0.0,0.400833333,0.0,0.071,0.0
2025-04-25 21:00:00,0.22,0.0,6.9915464580017685,0.0,0.380833333,0.0,0.072,0.0
2025-04-25 22:00:00,0.22,0.0,6.771546458001769,0.0,0.380833333,0.0,0.073,0.0
2025-04-25 23:00:00,0.1,0.0,6.671546458001769,0.0,0.380833333,0.0,0.071,0.0
2025-04-26 00:00:00,0.98,0.0,5.691546458001769,0.0,0.370833333,0.0,0.075,0.0
2025-04-26 01:00:00,1.09,0.0,4.601546458001769,0.0,0.370833333,0.0,0.074,0.0
2025-04-26 02:00:00,0.8300000000000001,0.0,3.771546458001769,0.0,0.370833333,0.0,0.075,0.0
2025-04-26 03:00:00,1.0699999999999998,0.0,2.701546458001769,0.0,0.370833333,0.0,0.074,0.0
2025-04-26 04:00:00,0.9,0.0,1.801546458001769,0.0,0.370833333,0.0,0.071,0.0
2025-04-26 05:00:00,1.17,0.006896,0.6384424580017691,0.0,0.370833333,0.0,0.073,0.0
2025-04-26 06:00:00,0.96,0.0,0.0,0.32155754199823083,0.370833333,0.0,0.07,0.11924425505049141
2025-04-26 07:00:00,1.12,0.210382,0.0,0.909618,0.370833333,0.0,0.065,0.337316674696794
2025-04-26 08:00:00,0.24,1.313923,1.073923,0.0,0.370833333,0.0,0.018,0.0
2025-04-26 09:00:00,0.47,1.263279,1.867202,0.0,0.370833333,0.0,0.011,0.0
2025-04-26 10:00:00,2.44,4.075418,3.5026200000000003,0.0,0.370833333,0.0,0.01,0.0
2025-04-26 11:00:00,2.7473653846153843,5.333333,6.088587615384616,0.0,0.370833333,0.0,0.011,0.0
2025-04-26 12:00:00,2.8173653846153845,5.333333,8.60455523076923,0.0,0.370833333,0.0,0.012,0.0
2025-04-26 13:00:00,2.8173653846153845,5.333333,11.120522846153849,0.0,0.370833333,0.0,0.008,0.0
2025-04-26 14:00:00,2.58,4.9031400000000005,13.443662846153847,0.0,0.370833333,0.0,0.002,0.0
2025-04-26 15:00:00,0.14,3.902457,13.5,0.0,0.380833333,3.762457,0.001,-0.003762457
2025-04-26 16:00:00,0.11,2.561268,13.5,0.0,0.400833333,2.4512680000000002,0.002,-0.004902536000000001
2025-04-26 17:00:00,0.925853448275862,0.992645,13.5,0.0,0.400833333,0.06679155172413798,0.011,-0.0007347070689655177
2025-04-26 18:00:00,0.925853448275862,0.063192,12.637338551724138,0.0,0.400833333,0.0,0.081,0.0
2025-04-26 19:00:00,0.13,0.0,12.507338551724136,0.0,0.400833333,0.0,0.077,0.0
2025-04-26 20:00:00,0.13,0.0,12.377338551724137,0.0,0.400833333,0.0,0.071,0.0
2025-04-26 21:00:00,0.11,0.0,12.267338551724135,0.0,0.380833333,0.0,0.072,0.0
2025-04-26 22:00:00,0.12,0.0,12.147338551724138,0.0,0.380833333,0.0,0.073,0.0
2025-04-26 23:00:00,0.98,0.0,11.167338551724136,0.0,0.380833333,0.0,0.071,0.0
2025-04-27 00:00:00,0.57,0.0,10.597338551724135,0.0,0.370833333,0.0,0.075,0.0
2025-04-27 01:00:00,0.5599999999999999,0.0,10.037338551724137,0.0,0.370833333,0.0,0.074,0.0
2025-04-27 02:00:00,0.56,0.0,9.477338551724136,0.0,0.370833333,0.0,0.075,0.0
2025-04-27 03:00:00,0.74,0.0,8.737338551724136,0.0,0.370833333,0.0,0.074,0.0
2025-04-27 04:00:00,1.0,0.0,7.737338551724136,0.0,0.370833333,0.0,0.071,0.0
2025-04-27 05:00:00,0.79,0.0144529999999999,6.961791551724136,0.0,0.370833333,0.0,0.073,0.0
2025-04-27 06:00:00,0.6,0.664377,7.026168551724137,0.0,0.370833333,0.0,0.07,0.0
2025-04-27 07:00:00,2.16,2.161187,7.027355551724137,0.0,0.370833333,0.0,0.065,0.0
2025-04-27 08:00:00,0.81,3.5538939999999997,9.771249551724136,0.0,0.370833333,0.0,0.018,0.0
2025-04-27 09:00:00,1.16,4.600489,13.211738551724135,0.0,0.370833333,0.0,0.011,0.0
2025-04-27 10:00:00,3.3899999999999997,5.301877999999999,13.5,0.0,0.370833333,1.9118779999999997,0.01,-0.01911878
2025-04-27 11:00:00,2.7073653846153847,5.333333,13.5,0.0,0.370833333,2.625967615384615,0.011,-0.02888564376923076
2025-04-27 12:00:00,2.8673653846153844,5.333333,13.5,0.0,0.370833333,2.4659676153846153,0.012,-0.029591611384615385
2025-04-27 13:00:00,3.717365384615385,5.333333,13.5,0.0,0.370833333,1.6159676153846148,0.008,-0.012927740923076919
2025-04-27 14:00:00,5.5,4.72456,12.72456,0.0,0.370833333,0.0,0.002,0.0
2025-04-27 15:00:00,0.87,3.2760390000000004,13.5,0.0,0.380833333,2.4060390000000003,0.001,-0.0024060390000000004
2025-04-27 16:00:00,0.29,2.4479430000000004,13.5,0.0,0.400833333,2.1579430000000004,0.002,-0.0043158860000000005
2025-04-27 17:00:00,1.185853448275862,0.967164,13.281310551724138,0.0,0.400833333,0.0,0.011,0.0
2025-04-27 18:00:00,1.2158534482758625,0.066796,12.132253103448276,0.0,0.400833333,0.0,0.081,0.0
2025-04-27 19:00:00,0.25,0.0,11.882253103448276,0.0,0.400833333,0.0,0.077,0.0
2025-04-27 20:00:00,0.26,0.0,11.622253103448276,0.0,0.400833333,0.0,0.071,0.0
2025-04-27 21:00:00,0.15,0.0,11.472253103448276,0.0,0.380833333,0.0,0.072,0.0
2025-04-27 22:00:00,0.1,0.0,11.372253103448276,0.0,0.380833333,0.0,0.073,0.0
2025-04-27 23:00:00,0.1,0.0,11.272253103448277,0.0,0.380833333,0.0,0.071,0.0
2025-04-28 00:00:00,0.12,0.0,11.152253103448276,0.0,0.370833333,0.0,0.075,0.0
2025-04-28 01:00:00,0.22,0.0,10.932253103448277,0.0,0.370833333,0.0,0.074,0.0
2025-04-28 02:00:00,0.92,0.0,10.012253103448275,0.0,0.370833333,0.0,0.075,0.0
2025-04-28 03:00:00,0.5499999999999999,0.0,9.462253103448276,0.0,0.370833333,0.0,0.074,0.0
2025-04-28 04:00:00,1.0,0.0,8.462253103448276,0.0,0.370833333,0.0,0.071,0.0
2025-04-28 05:00:00,0.82,0.01407,7.656323103448276,0.0,0.370833333,0.0,0.073,0.0
2025-04-28 06:00:00,0.66,0.6364120000000001,7.632735103448276,0.0,0.370833333,0.0,0.07,0.0
2025-04-28 07:00:00,0.5,2.0738290000000004,9.206564103448276,0.0,0.370833333,0.0,0.065,0.0
2025-04-28 08:00:00,0.15,3.439512,12.496076103448276,0.0,0.370833333,0.0,0.018,0.0
2025-04-28 09:00:00,0.24,4.462136,13.5,0.0,0.370833333,4.222136,0.011,-0.046443495999999994
2025-04-28 10:00:00,0.14,5.196185000000001,13.5,0.0,0.370833333,5.056185000000001,0.01,-0.05056185000000001
2025-04-28 11:00:00,0.4273653846153847,5.333333,13.5,0.0,0.370833333,4.905967615384615,0.011,-0.053965643769230756
2025-04-28 12:00:00,0.4573653846153847,5.333333,13.5,0.0,0.370833333,4.875967615384615,0.012,-0.058511611384615386
2025-04-28 13:00:00,0.4973653846153847,5.279461,13.5,0.0,0.370833333,4.782095615384616,0.008,-0.03825676492307693
2025-04-28 14:00:00,0.14,4.660209,13.5,0.0,0.370833333,4.520209,0.002,-0.009040418000000001
2025-04-28 15:00:00,0.44,3.686076,13.5,0.0,0.380833333,3.246076,0.001,-0.003246076
2025-04-28 16:00:00,0.13,2.40903,13.5,0.0,0.400833333,2.27903,0.002,-0.00455806
2025-04-28 17:00:00,0.9458534482758622,0.956483,13.5,0.0,0.400833333,0.01062955172413782,0.011,-0.00011692506896551602
2025-04-28 18:00:00,0.9458534482758622,0.082384,12.636530551724135,0.0,0.400833333,0.0,0.081,0.0
2025-04-28 19:00:00,1.3,0.0,11.336530551724136,0.0,0.400833333,0.0,0.077,0.0
2025-04-28 20:00:00,0.21,0.0,11.126530551724136,0.0,0.400833333,0.0,0.071,0.0
2025-04-28 21:00:00,0.15,0.0,10.976530551724135,0.0,0.380833333,0.0,0.072,0.0
2025-04-28 22:00:00,0.14,0.0,10.836530551724136,0.0,0.380833333,0.0,0.073,0.0
2025-04-28 23:00:00,0.1,0.0,10.736530551724137,0.0,0.380833333,0.0,0.071,0.0
2025-04-29 00:00:00,0.1,0.0,10.636530551724135,0.0,0.370833333,0.0,0.075,0.0
2025-04-29 01:00:00,0.1,0.0,10.536530551724136,0.0,0.370833333,0.0,0.074,0.0
2025-04-29 02:00:00,0.1,0.0,10.436530551724136,0.0,0.370833333,0.0,0.075,0.0
2025-04-29 03:00:00,0.53,0.0,9.906530551724137,0.0,0.370833333,0.0,0.074,0.0
2025-04-29 04:00:00,0.88,0.0,9.026530551724136,0.0,0.370833333,0.0,0.071,0.0
2025-04-29 05:00:00,0.5399999999999999,0.013866,8.500396551724137,0.0,0.370833333,0.0,0.073,0.0
2025-04-29 06:00:00,0.5700000000000001,0.6662359999999999,8.596632551724136,0.0,0.370833333,0.0,0.07,0.0
2025-04-29 07:00:00,0.22,2.053092,10.429724551724137,0.0,0.370833333,0.0,0.065,0.0
2025-04-29 08:00:00,0.1,3.350663,13.5,0.0,0.370833333,3.250663,0.018,-0.058511933999999995
2025-04-29 09:00:00,0.13,4.315217,13.5,0.0,0.370833333,4.185217,0.011,-0.04603738699999999
2025-04-29 10:00:00,1.36,4.988141,13.5,0.0,0.370833333,3.6281409999999994,0.01,-0.03628140999999999
2025-04-29 11:00:00,2.8073653846153848,5.333333,13.5,0.0,0.370833333,2.525967615384615,0.011,-0.02778564376923076
2025-04-29 12:00:00,0.5073653846153847,5.333333,13.5,0.0,0.370833333,4.825967615384615,0.012,-0.057911611384615376
2025-04-29 13:00:00,0.3873653846153847,5.106859,13.5,0.0,0.370833333,4.719493615384615,0.008,-0.037755948923076925
2025-04-29 14:00:00,0.12,4.514857,13.5,0.0,0.370833333,4.394857,0.002,-0.008789714
2025-04-29 15:00:00,0.1,3.615038,13.5,0.0,0.380833333,3.515038,0.001,-0.0035150380000000003
2025-04-29 16:00:00,0.11,2.368642,13.5,0.0,0.400833333,2.258642,0.002,-0.004517284
2025-04-29 17:00:00,1.1458534482758622,0.951008,13.305154551724138,0.0,0.400833333,0.0,0.011,0.0
2025-04-29 18:00:00,2.395853448275862,0.0923829999999999,11.001684103448277,0.0,0.400833333,0.0,0.081,0.0
2025-04-29 19:00:00,0.16,0.0,10.841684103448276,0.0,0.400833333,0.0,0.077,0.0
2025-04-29 20:00:00,0.5700000000000001,0.0,10.271684103448276,0.0,0.400833333,0.0,0.071,0.0
2025-04-29 21:00:00,0.72,0.0,9.551684103448276,0.0,0.380833333,0.0,0.072,0.0
2025-04-29 22:00:00,0.38,0.0,9.171684103448277,0.0,0.380833333,0.0,0.073,0.0
2025-04-29 23:00:00,0.13,0.0,9.041684103448274,0.0,0.380833333,0.0,0.071,0.0
2025-04-30 00:00:00,0.11,0.0,8.931684103448275,0.0,0.370833333,0.0,0.075,0.0
2025-04-30 01:00:00,0.11,0.0,8.821684103448275,0.0,0.370833333,0.0,0.074,0.0
2025-04-30 02:00:00,0.12,0.0,8.701684103448276,0.0,0.370833333,0.0,0.075,0.0
2025-04-30 03:00:00,0.12,0.0,8.581684103448277,0.0,0.370833333,0.0,0.074,0.0
2025-04-30 04:00:00,0.11,0.0,8.471684103448277,0.0,0.370833333,0.0,0.071,0.0
2025-04-30 05:00:00,0.11,0.01749,8.379174103448277,0.0,0.370833333,0.0,0.073,0.0
2025-04-30 06:00:00,0.88,0.6711929999999999,8.170367103448276,0.0,0.370833333,0.0,0.07,0.0
2025-04-30 07:00:00,0.64,2.034249,9.564616103448277,0.0,0.370833333,0.0,0.065,0.0
2025-04-30 08:00:00,0.15,3.319795,12.734411103448275,0.0,0.370833333,0.0,0.018,0.0
2025-04-30 09:00:00,0.24,4.315527,13.5,0.0,0.370833333,4.075527,0.011,-0.044830797
2025-04-30 10:00:00,2.44,5.041543,13.5,0.0,0.370833333,2.601543,0.01,-0.02601543
2025-04-30 11:00:00,2.7273653846153847,4.935146,13.5,0.0,0.370833333,2.207780615384615,0.011,-0.024285586769230764
2025-04-30 12:00:00,2.7373653846153845,4.836696,13.5,0.0,0.370833333,2.0993306153846154,0.012,-0.025191967384615384
2025-04-30 13:00:00,2.7573653846153845,4.704102,13.5,0.0,0.370833333,1.9467366153846153,0.008,-0.015573892923076923
2025-04-30 14:00:00,2.46,3.518178,13.5,0.0,0.370833333,1.0581779999999998,0.002,-0.002116356
2025-04-30 15:00:00,0.15,3.1861170000000003,13.5,0.0,0.380833333,3.0361170000000004,0.001,-0.0030361170000000005
2025-04-30 16:00:00,0.18,2.258443,13.5,0.0,0.400833333,2.078443,0.002,-0.004156886
2025-04-30 17:00:00,0.9458534482758622,0.917385,13.471531551724135,0.0,0.400833333,0.0,0.011,0.0
2025-04-30 18:00:00,1.1558534482758622,0.077693,12.393371103448274,0.0,0.400833333,0.0,0.081,0.0
2025-04-30 19:00:00,0.18,0.0,12.213371103448274,0.0,0.400833333,0.0,0.077,0.0
2025-04-30 20:00:00,0.3,0.0,11.913371103448274,0.0,0.400833333,0.0,0.071,0.0
2025-04-30 21:00:00,0.25,0.0,11.663371103448274,0.0,0.380833333,0.0,0.072,0.0
2025-04-30 22:00:00,0.16,0.0,11.503371103448274,0.0,0.380833333,0.0,0.073,0.0
2025-04-30 23:00:00,0.11,0.0,11.393371103448274,0.0,0.380833333,0.0,0.071,0.0
2025-04-30 23:59:59,0.1,0.0,11.393371103448274,0.1,150.0,0.0,0.0,15.0
2025-05-01 00:00:00,0.11,0.0,11.283371103448276,0.0,0.37016129,0.0,0.075,0.0
2025-05-01 01:00:00,0.1,0.0,11.183371103448277,0.0,0.37016129,0.0,0.071,0.0
2025-05-01 02:00:00,0.11,0.0,11.073371103448276,0.0,0.37016129,0.0,0.071,0.0
2025-05-01 03:00:00,0.16,0.0,10.913371103448275,0.0,0.37016129,0.0,0.071,0.0
2025-05-01 04:00:00,0.93,0.0,9.983371103448276,0.0,0.37016129,0.0,0.072,0.0
2025-05-01 05:00:00,0.6400000000000001,0.0,9.343371103448275,0.0,0.37016129,0.0,0.069,0.0
2025-05-01 06:00:00,0.49,0.1833,9.036671103448276,0.0,0.37016129,0.0,0.065,0.0
2025-05-01 07:00:00,0.26,0.846896,9.623567103448275,0.0,0.37016129,0.0,0.06,0.0
2025-05-01 08:00:00,0.56,2.189721,11.253288103448275,0.0,0.37016129,0.0,0.029,0.0
2025-05-01 09:00:00,0.22,2.521768,13.5,0.0,0.37016129,2.3017679999999996,0.016,-0.036828287999999994
2025-05-01 10:00:00,0.21,3.561726,13.5,0.0,0.37016129,3.351726,0.012,-0.040220712000000006
2025-05-01 11:00:00,0.5073653846153847,3.560032,13.5,0.0,0.37016129,3.0526666153846156,0.016,-0.04884266584615385
2025-05-01 12:00:00,0.5073653846153847,3.526169,13.5,0.0,0.37016129,3.0188036153846154,0.013,-0.039244447
2025-05-01 13:00:00,0.5073653846153847,4.179220999999999,13.5,0.0,0.37016129,3.6718556153846142,0.009,-0.033046700538461524
2025-05-01 14:00:00,0.22,4.050126000000001,13.5,0.0,0.37016129,3.8301260000000004,0.009,-0.034471134
2025-05-01 15:00:00,0.21,3.397342,13.5,0.0,0.38016129,3.187342,0.007,-0.022311394000000002
2025-05-01 16:00:00,0.21,1.682507,13.5,0.0,0.40016129,1.472507,0.014,-0.020615098000000002
2025-05-01 17:00:00,1.025853448275862,0.3489239999999999,12.823070551724138,0.0,0.40016129,0.0,0.033,0.0
2025-05-01 18:00:00,1.1258534482758622,0.0531709999999999,11.750388103448277,0.0,0.40016129,0.0,0.08,0.0
2025-05-01 19:00:00,0.12,0.0,11.630388103448276,0.0,0.40016129,0.0,0.082,0.0
2025-05-01 20:00:00,0.17,0.0,11.460388103448278,0.0,0.40016129,0.0,0.073,0.0
2025-05-01 21:00:00,0.21,0.0,11.250388103448277,0.0,0.38016129,0.0,0.07,0.0
2025-05-01 22:00:00,0.12,0.0,11.130388103448276,0.0,0.38016129,0.0,0.069,0.0
2025-05-01 23:00:00,0.09,0.0,11.040388103448278,0.0,0.38016129,0.0,0.072,0.0
2025-05-02 00:00:00,0.95,0.0,10.090388103448278,0.0,0.37016129,0.0,0.075,0.0
2025-05-02 01:00:00,0.46,0.0,9.630388103448276,0.0,0.37016129,0.0,0.071,0.0
2025-05-02 02:00:00,0.94,0.0,8.690388103448278,0.0,0.37016129,0.0,0.071,0.0
2025-05-02 03:00:00,0.56,0.0,8.130388103448277,0.0,0.37016129,0.0,0.071,0.0
2025-05-02 04:00:00,0.94,0.0,7.190388103448278,0.0,0.37016129,0.0,0.072,0.0
2025-05-02 05:00:00,0.86,0.0,6.330388103448278,0.0,0.37016129,0.0,0.069,0.0
2025-05-02 06:00:00,0.8200000000000001,0.277244,5.787632103448278,0.0,0.37016129,0.0,0.065,0.0
2025-05-02 07:00:00,0.54,0.704117,5.951749103448278,0.0,0.37016129,0.0,0.06,0.0
2025-05-02 08:00:00,0.53,0.93813,6.359879103448278,0.0,0.37016129,0.0,0.029,0.0
2025-05-02 09:00:00,0.2299999999999999,3.051187,9.181066103448275,0.0,0.37016129,0.0,0.016,0.0
2025-05-02 10:00:00,2.4299999999999997,2.04788,8.798946103448277,0.0,0.37016129,0.0,0.012,0.0
2025-05-02 11:00:00,3.0173653846153847,2.783474,8.565054718832892,0.0,0.37016129,0.0,0.016,0.0
2025-05-02 12:00:00,2.8773653846153846,1.279115,6.966804334217507,0.0,0.37016129,0.0,0.013,0.0
2025-05-02 13:00:00,2.7273653846153847,0.918029,5.157467949602122,0.0,0.37016129,0.0,0.009,0.0
2025-05-02 14:00:00,2.5,0.7061900000000001,3.363657949602122,0.0,0.37016129,0.0,0.009,0.0
2025-05-02 15:00:00,0.11,0.1781589999999999,3.4318169496021222,0.0,0.38016129,0.0,0.007,0.0
2025-05-02 16:00:00,0.1,1.209305,4.541121949602122,0.0,0.40016129,0.0,0.014,0.0
2025-05-02 17:00:00,1.0958534482758622,0.368423,3.813691501326259,0.0,0.40016129,0.0,0.033,0.0
2025-05-02 18:00:00,1.005853448275862,0.0,2.8078380530503972,0.0,0.40016129,0.0,0.08,0.0
2025-05-02 19:00:00,0.12,0.0,2.687838053050397,0.0,0.40016129,0.0,0.082,0.0
2025-05-02 20:00:00,0.47,0.0,2.2178380530503974,0.0,0.40016129,0.0,0.073,0.0
2025-05-02 21:00:00,0.36,0.0,1.8578380530503975,0.0,0.38016129,0.0,0.07,0.0
2025-05-02 22:00:00,0.53,0.0,1.3278380530503977,0.0,0.38016129,0.0,0.069,0.0
2025-05-02 23:00:00,0.1,0.0,1.2278380530503974,0.0,0.38016129,0.0,0.072,0.0
2025-05-03 00:00:00,0.39,0.0,0.8378380530503974,0.0,0.37016129,0.0,0.075,0.0
2025-05-03 01:00:00,0.56,0.0,0.2778380530503973,0.0,0.37016129,0.0,0.071,0.0
2025-05-03 02:00:00,0.5700000000000001,0.0,0.0,0.29216194694960274,0.37016129,0.0,0.071,0.10814704317177651
2025-05-03 03:00:00,0.8099999999999999,0.0,0.0,0.8099999999999999,0.37016129,0.0,0.071,0.29983064489999994
2025-05-03 04:00:00,0.76,0.0,0.0,0.76,0.37016129,0.0,0.072,0.28132258039999997
2025-05-03 05:00:00,0.59,0.0,0.0,0.59,0.37016129,0.0,0.069,0.21839516109999998
2025-05-03 06:00:00,0.8,0.339426,0.0,0.46057400000000004,0.37016129,0.0,0.065,0.17048666598046
2025-05-03 07:00:00,1.33,1.012905,0.0,0.3170950000000001,0.37016129,0.0,0.06,0.11737629425255004
2025-05-03 08:00:00,1.63,1.718206,0.088206,0.0,0.37016129,0.0,0.029,0.0
2025-05-03 09:00:00,0.6,2.718052,2.206258,0.0,0.37016129,0.0,0.016,0.0
2025-05-03 10:00:00,2.9399999999999995,2.288064,1.5543220000000004,0.0,0.37016129,0.0,0.012,0.0
2025-05-03 11:00:00,2.8173653846153845,2.057314,0.7942706153846157,0.0,0.37016129,0.0,0.016,0.0
2025-05-03 12:00:00,2.847365384615385,4.2744480000000005,2.2213532307692314,0.0,0.37016129,0.0,0.013,0.0
2025-05-03 13:00:00,2.7773653846153845,5.228128,4.672115846153847,0.0,0.37016129,0.0,0.009,0.0
2025-05-03 14:00:00,2.57,4.6496580000000005,6.7517738461538475,0.0,0.37016129,0.0,0.009,0.0
2025-05-03 15:00:00,0.19,3.703736,10.265509846153847,0.0,0.38016129,0.0,0.007,0.0
2025-05-03 16:00:00,0.11,1.911903,12.067412846153848,0.0,0.40016129,0.0,0.014,0.0
2025-05-03 17:00:00,0.985853448275862,0.551751,11.633310397877985,0.0,0.40016129,0.0,0.033,0.0
2025-05-03 18:00:00,0.985853448275862,0.117589,10.765045949602122,0.0,0.40016129,0.0,0.08,0.0
2025-05-03 19:00:00,0.29,0.0,10.475045949602125,0.0,0.40016129,0.0,0.082,0.0
2025-05-03 20:00:00,0.37,0.0,10.105045949602124,0.0,0.40016129,0.0,0.073,0.0
2025-05-03 21:00:00,0.35,0.0,9.755045949602124,0.0,0.38016129,0.0,0.07,0.0
2025-05-03 22:00:00,0.18,0.0,9.575045949602124,0.0,0.38016129,0.0,0.069,0.0
2025-05-03 23:00:00,0.1,0.0,9.475045949602125,0.0,0.38016129,0.0,0.072,0.0
2025-05-04 00:00:00,0.6000000000000001,0.0,8.875045949602125,0.0,0.37016129,0.0,0.075,0.0
2025-05-04 01:00:00,1.01,0.0,7.865045949602125,0.0,0.37016129,0.0,0.071,0.0
2025-05-04 02:00:00,0.96,0.0,6.905045949602125,0.0,0.37016129,0.0,0.071,0.0
2025-05-04 03:00:00,1.01,0.0,5.8950459496021255,0.0,0.37016129,0.0,0.071,0.0
2025-05-04 04:00:00,0.96,0.0,4.9350459496021255,0.0,0.37016129,0.0,0.072,0.0
2025-05-04 05:00:00,0.68,0.044104,4.299149949602126,0.0,0.37016129,0.0,0.069,0.0
2025-05-04 06:00:00,1.02,0.1952829999999999,3.4744329496021256,0.0,0.37016129,0.0,0.065,0.0
2025-05-04 07:00:00,0.66,0.966243,3.7806759496021254,0.0,0.37016129,0.0,0.06,0.0
2025-05-04 08:00:00,0.14,1.590972,5.2316479496021255,0.0,0.37016129,0.0,0.029,0.0
2025-05-04 09:00:00,0.1,1.17904,6.3106879496021255,0.0,0.37016129,0.0,0.016,0.0
2025-05-04 10:00:00,2.4,3.352761,7.263448949602125,0.0,0.37016129,0.0,0.012,0.0
2025-05-04 11:00:00,2.6298923076923075,3.848265,8.481821641909818,0.0,0.37016129,0.0,0.016,0.0
2025-05-04 12:00:00,2.6898923076923076,5.333333,11.12526233421751,0.0,0.37016129,0.0,0.013,0.0
2025-05-04 13:00:00,5.639892307692307,5.333333,10.818703026525204,0.0,0.37016129,0.0,0.009,0.0
2025-05-04 14:00:00,4.109999999999999,4.775118,11.483821026525202,0.0,0.37016129,0.0,0.009,0.0
2025-05-04 15:00:00,0.16,3.791219,13.5,0.0,0.38016129,3.6312189999999998,0.007,-0.025418533
2025-05-04 16:00:00,0.11,2.528052,13.5,0.0,0.40016129,2.4180520000000003,0.014,-0.033852728000000006
2025-05-04 17:00:00,0.7526827586206897,1.0260740000000002,13.5,0.0,0.40016129,0.2733912413793105,0.033,-0.009021910965517247
2025-05-04 18:00:00,0.9326827586206896,0.105117,12.67243424137931,0.0,0.40016129,0.0,0.08,0.0
2025-05-04 19:00:00,0.18,0.0,12.49243424137931,0.0,0.40016129,0.0,0.082,0.0
2025-05-04 20:00:00,0.14,0.0,12.35243424137931,0.0,0.40016129,0.0,0.073,0.0
2025-05-04 21:00:00,0.11,0.0,12.24243424137931,0.0,0.38016129,0.0,0.07,0.0
2025-05-04 22:00:00,0.16,0.0,12.08243424137931,0.0,0.38016129,0.0,0.069,0.0
2025-05-04 23:00:00,0.1,0.0,11.98243424137931,0.0,0.38016129,0.0,0.072,0.0
2025-05-05 00:00:00,0.1,0.0,11.882434241379311,0.0,0.37016129,0.0,0.075,0.0
2025-05-05 01:00:00,0.11,0.0,11.772434241379312,0.0,0.37016129,0.0,0.071,0.0
2025-05-05 02:00:00,0.2,0.0,11.572434241379312,0.0,0.37016129,0.0,0.071,0.0
2025-05-05 03:00:00,0.12,0.0,11.452434241379311,0.0,0.37016129,0.0,0.071,0.0
2025-05-05 04:00:00,0.42,0.0,11.032434241379312,0.0,0.37016129,0.0,0.072,0.0
2025-05-05 05:00:00,0.39,0.032531,10.674965241379311,0.0,0.37016129,0.0,0.069,0.0
2025-05-05 06:00:00,0.4,0.615122,10.890087241379312,0.0,0.37016129,0.0,0.065,0.0
2025-05-05 07:00:00,0.19,1.803,12.503087241379312,0.0,0.37016129,0.0,0.06,0.0
2025-05-05 08:00:00,0.18,3.095804,13.5,0.0,0.37016129,2.9158039999999996,0.029,-0.084558316
2025-05-05 09:00:00,0.18,4.410966999999999,13.5,0.0,0.37016129,4.230967,0.016,-0.06769547199999999
2025-05-05 10:00:00,0.15,5.2011959999999995,13.5,0.0,0.37016129,5.051195999999999,0.012,-0.06061435199999999
2025-05-05 11:00:00,0.4298923076923077,5.333333,13.5,0.0,0.37016129,4.903440692307692,0.016,-0.07845505107692308
2025-05-05 12:00:00,0.4198923076923077,5.11949,13.5,0.0,0.37016129,4.699597692307692,0.013,-0.06109476999999999
2025-05-05 13:00:00,0.4098923076923078,4.774854,13.5,0.0,0.37016129,4.364961692307693,0.009,-0.03928465523076923
2025-05-05 14:00:00,0.18,4.646614,13.5,0.0,0.37016129,4.466614,0.009,-0.04019952599999999
2025-05-05 15:00:00,0.6200000000000001,3.657856,13.5,0.0,0.38016129,3.037856,0.007,-0.021264992
2025-05-05 16:00:00,0.63,2.399406,13.5,0.0,0.40016129,1.769406,0.014,-0.024771684000000002
2025-05-05 17:00:00,0.7626827586206897,0.948679,13.5,0.0,0.40016129,0.18599624137931037,0.033,-0.006137875965517243
2025-05-05 18:00:00,0.8326827586206897,0.09752,12.764837241379311,0.0,0.40016129,0.0,0.08,0.0
2025-05-05 19:00:00,0.2,0.0,12.564837241379312,0.0,0.40016129,0.0,0.082,0.0
2025-05-05 20:00:00,0.26,0.0,12.304837241379312,0.0,0.40016129,0.0,0.073,0.0
2025-05-05 21:00:00,0.28,0.0,12.024837241379313,0.0,0.38016129,0.0,0.07,0.0
2025-05-05 22:00:00,0.22,0.0,11.804837241379312,0.0,0.38016129,0.0,0.069,0.0
2025-05-05 23:00:00,0.14,0.0,11.664837241379312,0.0,0.38016129,0.0,0.072,0.0
2025-05-06 00:00:00,0.11,0.0,11.554837241379312,0.0,0.37016129,0.0,0.075,0.0
2025-05-06 01:00:00,0.14,0.0,11.414837241379312,0.0,0.37016129,0.0,0.071,0.0
2025-05-06 02:00:00,0.19,0.0,11.224837241379312,0.0,0.37016129,0.0,0.071,0.0
2025-05-06 03:00:00,0.19,0.0,11.034837241379313,0.0,0.37016129,0.0,0.071,0.0
2025-05-06 04:00:00,0.19,0.0,10.844837241379311,0.0,0.37016129,0.0,0.072,0.0
2025-05-06 05:00:00,0.19,0.0327719999999999,10.687609241379311,0.0,0.37016129,0.0,0.069,0.0
2025-05-06 06:00:00,0.22,0.751771,11.219380241379312,0.0,0.37016129,0.0,0.065,0.0
2025-05-06 07:00:00,0.15,2.160664,13.230044241379312,0.0,0.37016129,0.0,0.06,0.0
2025-05-06 08:00:00,0.1,3.484656,13.5,0.0,0.37016129,3.384656,0.029,-0.09815502400000001
2025-05-06 09:00:00,0.1,4.48937,13.5,0.0,0.37016129,4.38937,0.016,-0.07022992000000002
2025-05-06 10:00:00,0.11,4.42849,13.5,0.0,0.37016129,4.31849,0.012,-0.05182188
2025-05-06 11:00:00,0.3298923076923077,4.170662,13.5,0.0,0.37016129,3.8407696923076924,0.016,-0.06145231507692308
2025-05-06 12:00:00,0.3398923076923077,4.232037999999999,13.5,0.0,0.37016129,3.8921456923076914,0.013,-0.050597893999999984
2025-05-06 13:00:00,0.3298923076923077,4.060943,13.5,0.0,0.37016129,3.7310506923076923,0.009,-0.03357945623076923
2025-05-06 14:00:00,0.1,0.951956,13.5,0.0,0.37016129,0.851956,0.009,-0.007667604
2025-05-06 15:00:00,0.1,1.337078,13.5,0.0,0.38016129,1.237078,0.007,-0.008659545999999999
2025-05-06 16:00:00,0.11,0.361812,13.5,0.0,0.40016129,0.25181200000000004,0.014,-0.0035253680000000005
2025-05-06 17:00:00,0.7626827586206897,0.628652,13.365969241379313,0.0,0.40016129,0.0,0.033,0.0
2025-05-06 18:00:00,0.9326827586206896,0.115658,12.54894448275862,0.0,0.40016129,0.0,0.08,0.0
2025-05-06 19:00:00,0.35,0.0,12.198944482758622,0.0,0.40016129,0.0,0.082,0.0
2025-05-06 20:00:00,0.51,0.0,11.688944482758622,0.0,0.40016129,0.0,0.073,0.0
2025-05-06 21:00:00,0.19,0.0,11.498944482758622,0.0,0.38016129,0.0,0.07,0.0
2025-05-06 22:00:00,0.14,0.0,11.358944482758622,0.0,0.38016129,0.0,0.069,0.0
2025-05-06 23:00:00,0.1,0.0,11.258944482758622,0.0,0.38016129,0.0,0.072,0.0
2025-05-07 00:00:00,0.1,0.0,11.158944482758622,0.0,0.37016129,0.0,0.075,0.0
2025-05-07 01:00:00,0.1,0.0,11.058944482758625,0.0,0.37016129,0.0,0.071,0.0
2025-05-07 02:00:00,0.1,0.0,10.958944482758625,0.0,0.37016129,0.0,0.071,0.0
2025-05-07 03:00:00,0.1,0.0,10.858944482758623,0.0,0.37016129,0.0,0.071,0.0
2025-05-07 04:00:00,0.11,0.0,10.748944482758624,0.0,0.37016129,0.0,0.072,0.0
2025-05-07 05:00:00,0.92,0.030906,9.859850482758624,0.0,0.37016129,0.0,0.069,0.0
2025-05-07 06:00:00,0.39,0.480201,9.950051482758624,0.0,0.37016129,0.0,0.065,0.0
2025-05-07 07:00:00,0.26,1.22917,10.919221482758624,0.0,0.37016129,0.0,0.06,0.0
2025-05-07 08:00:00,0.38,1.6099949999999998,12.149216482758623,0.0,0.37016129,0.0,0.029,0.0
2025-05-07 09:00:00,0.13,4.561311,13.5,0.0,0.37016129,4.431311,0.016,-0.070900976
2025-05-07 10:00:00,2.4499999999999997,5.259813,13.5,0.0,0.37016129,2.8098130000000006,0.012,-0.03371775600000001
2025-05-07 11:00:00,2.679892307692308,5.333333,13.5,0.0,0.37016129,2.653440692307692,0.016,-0.04245505107692307
2025-05-07 12:00:00,2.7098923076923076,5.333333,13.5,0.0,0.37016129,2.623440692307692,0.013,-0.03410472899999999
2025-05-07 13:00:00,2.6698923076923076,5.333333,13.5,0.0,0.37016129,2.663440692307692,0.009,-0.023970966230769226
2025-05-07 14:00:00,2.44,4.768114,13.5,0.0,0.37016129,2.328114,0.009,-0.020953025999999996
2025-05-07 15:00:00,0.15,3.789328,13.5,0.0,0.38016129,3.639328,0.007,-0.025475296
2025-05-07 16:00:00,0.11,2.510232,13.5,0.0,0.40016129,2.400232,0.014,-0.033603248
2025-05-07 17:00:00,2.1026827586206895,1.051719,12.44903624137931,0.0,0.40016129,0.0,0.033,0.0
2025-05-07 18:00:00,2.0126827586206897,0.145918,10.58227148275862,0.0,0.40016129,0.0,0.08,0.0
2025-05-07 19:00:00,0.23,0.0,10.35227148275862,0.0,0.40016129,0.0,0.082,0.0
2025-05-07 20:00:00,0.14,0.0,10.21227148275862,0.0,0.40016129,0.0,0.073,0.0
2025-05-07 21:00:00,0.12,0.0,10.09227148275862,0.0,0.38016129,0.0,0.07,0.0
2025-05-07 22:00:00,0.14,0.0,9.95227148275862,0.0,0.38016129,0.0,0.069,0.0
2025-05-07 23:00:00,0.1,0.0,9.85227148275862,0.0,0.38016129,0.0,0.072,0.0
2025-05-08 00:00:00,0.09,0.0,9.76227148275862,0.0,0.37016129,0.0,0.075,0.0
2025-05-08 01:00:00,0.11,0.0,9.65227148275862,0.0,0.37016129,0.0,0.071,0.0
2025-05-08 02:00:00,0.45,0.0,9.202271482758622,0.0,0.37016129,0.0,0.071,0.0
2025-05-08 03:00:00,0.55,0.0,8.652271482758621,0.0,0.37016129,0.0,0.071,0.0
2025-05-08 04:00:00,0.56,0.0,8.09227148275862,0.0,0.37016129,0.0,0.072,0.0
2025-05-08 05:00:00,0.92,0.0,7.172271482758621,0.0,0.37016129,0.0,0.069,0.0
2025-05-08 06:00:00,0.41,0.559348,7.321619482758621,0.0,0.37016129,0.0,0.065,0.0
2025-05-08 07:00:00,0.97,2.159843,8.51146248275862,0.0,0.37016129,0.0,0.06,0.0
2025-05-08 08:00:00,0.8099999999999999,3.483261,11.18472348275862,0.0,0.37016129,0.0,0.029,0.0
2025-05-08 09:00:00,1.26,4.537045,13.5,0.0,0.37016129,3.277045,0.016,-0.05243272
2025-05-08 10:00:00,0.6699999999999999,5.333333,13.5,0.0,0.37016129,4.663333,0.012,-0.055959996
2025-05-08 11:00:00,0.8498923076923077,5.333333,13.5,0.0,0.37016129,4.483440692307692,0.016,-0.07173505107692307
2025-05-08 12:00:00,0.5498923076923077,5.333333,13.5,0.0,0.37016129,4.783440692307692,0.013,-0.06218472899999999
2025-05-08 13:00:00,0.5398923076923077,5.333333,13.5,0.0,0.37016129,4.793440692307692,0.009,-0.043140966230769226
2025-05-08 14:00:00,0.11,4.818072,13.5,0.0,0.37016129,4.708072,0.009,-0.04237264799999999
2025-05-08 15:00:00,0.1,3.809261,13.5,0.0,0.38016129,3.7092609999999997,0.007,-0.025964827
2025-05-08 16:00:00,0.1,2.524992,13.5,0.0,0.40016129,2.424992,0.014,-0.033949888000000004
2025-05-08 17:00:00,0.7526827586206897,1.058807,13.5,0.0,0.40016129,0.3061242413793104,0.033,-0.010102099965517242
2025-05-08 18:00:00,2.3726827586206896,0.147829,11.27514624137931,0.0,0.40016129,0.0,0.08,0.0
2025-05-08 19:00:00,0.18,0.0,11.095146241379313,0.0,0.40016129,0.0,0.082,0.0
2025-05-08 20:00:00,0.19,0.0,10.905146241379311,0.0,0.40016129,0.0,0.073,0.0
2025-05-08 21:00:00,0.15,0.0,10.755146241379313,0.0,0.38016129,0.0,0.07,0.0
2025-05-08 22:00:00,0.18,0.0,10.575146241379311,0.0,0.38016129,0.0,0.069,0.0
2025-05-08 23:00:00,0.1,0.0,10.475146241379312,0.0,0.38016129,0.0,0.072,0.0
2025-05-09 00:00:00,0.11,0.0,10.365146241379312,0.0,0.37016129,0.0,0.075,0.0
2025-05-09 01:00:00,0.1,0.0,10.265146241379313,0.0,0.37016129,0.0,0.071,0.0
2025-05-09 02:00:00,0.1,0.0,10.165146241379311,0.0,0.37016129,0.0,0.071,0.0
2025-05-09 03:00:00,0.4600000000000001,0.0,9.705146241379312,0.0,0.37016129,0.0,0.071,0.0
2025-05-09 04:00:00,0.5599999999999999,0.0,9.145146241379312,0.0,0.37016129,0.0,0.072,0.0
2025-05-09 05:00:00,1.01,0.039985,8.175131241379312,0.0,0.37016129,0.0,0.069,0.0
2025-05-09 06:00:00,0.11,0.7902830000000001,8.85541424137931,0.0,0.37016129,0.0,0.065,0.0
2025-05-09 07:00:00,0.21,2.248024,10.893438241379313,0.0,0.37016129,0.0,0.06,0.0
2025-05-09 08:00:00,0.2299999999999999,3.595373,13.5,0.0,0.37016129,3.365373,0.029,-0.097595817
2025-05-09 09:00:00,0.27,4.639805,13.5,0.0,0.37016129,4.3698049999999995,0.016,-0.06991687999999999
2025-05-09 10:00:00,2.48,5.333333,13.5,0.0,0.37016129,2.8533329999999997,0.012,-0.034239995999999995
2025-05-09 11:00:00,3.0247307692307692,5.333333,13.5,0.0,0.37016129,2.3086022307692304,0.016,-0.03693763569230769
2025-05-09 12:00:00,3.0447307692307692,5.333333,13.5,0.0,0.37016129,2.2886022307692304,0.013,-0.029751828999999994
2025-05-09 13:00:00,3.114730769230769,5.333333,13.5,0.0,0.37016129,2.2186022307692306,0.009,-0.019967420076923075
2025-05-09 14:00:00,2.47,4.835439999999999,13.5,0.0,0.37016129,2.365439999999999,0.009,-0.02128895999999999
2025-05-09 15:00:00,0.17,3.864784,13.5,0.0,0.38016129,3.6947840000000003,0.007,-0.025863488000000004
2025-05-09 16:00:00,0.16,2.5783850000000004,13.5,0.0,0.40016129,2.4183850000000002,0.014,-0.03385739
2025-05-09 17:00:00,1.7417068965517244,1.074111,12.832404103448276,0.0,0.40016129,0.0,0.033,0.0
2025-05-09 18:00:00,1.9017068965517243,0.122394,11.053091206896552,0.0,0.40016129,0.0,0.08,0.0
2025-05-09 19:00:00,0.1699999999999999,0.0,10.883091206896552,0.0,0.40016129,0.0,0.082,0.0
2025-05-09 20:00:00,0.18,0.0,10.703091206896552,0.0,0.40016129,0.0,0.073,0.0
2025-05-09 21:00:00,0.33,0.0,10.373091206896552,0.0,0.38016129,0.0,0.07,0.0
2025-05-09 22:00:00,0.1699999999999999,0.0,10.203091206896552,0.0,0.38016129,0.0,0.069,0.0
2025-05-09 23:00:00,0.11,0.0,10.093091206896553,0.0,0.38016129,0.0,0.072,0.0
2025-05-10 00:00:00,0.11,0.0,9.983091206896551,0.0,0.37016129,0.0,0.075,0.0
2025-05-10 01:00:00,0.1,0.0,9.883091206896554,0.0,0.37016129,0.0,0.071,0.0
2025-05-10 02:00:00,0.09,0.0,9.793091206896554,0.0,0.37016129,0.0,0.071,0.0
2025-05-10 03:00:00,0.1,0.0,9.693091206896554,0.0,0.37016129,0.0,0.071,0.0
2025-05-10 04:00:00,0.1,0.0,9.593091206896554,0.0,0.37016129,0.0,0.072,0.0
2025-05-10 05:00:00,0.41,0.047521,9.230612206896554,0.0,0.37016129,0.0,0.069,0.0
2025-05-10 06:00:00,0.8799999999999999,0.7937519999999999,9.144364206896554,0.0,0.37016129,0.0,0.065,0.0
2025-05-10 07:00:00,0.34,2.237996,11.042360206896554,0.0,0.37016129,0.0,0.06,0.0
2025-05-10 08:00:00,0.19,3.522676,13.5,0.0,0.37016129,3.332676,0.029,-0.09664760400000001
2025-05-10 09:00:00,0.12,4.461162,13.5,0.0,0.37016129,4.341162,0.016,-0.069458592
2025-05-10 10:00:00,2.42,5.093889,13.5,0.0,0.37016129,2.673889,0.012,-0.032086668
2025-05-10 11:00:00,3.0347307692307695,5.333333,13.5,0.0,0.37016129,2.29860223076923,0.016,-0.036777635692307686
2025-05-10 12:00:00,3.184730769230769,5.333333,13.5,0.0,0.37016129,2.1486022307692307,0.013,-0.027931829
2025-05-10 13:00:00,3.134730769230769,5.313298,13.5,0.0,0.37016129,2.1785672307692305,0.009,-0.019607105076923072
2025-05-10 14:00:00,2.55,4.7165,13.5,0.0,0.37016129,2.1665,0.009,-0.0194985
2025-05-10 15:00:00,0.22,3.775566,13.5,0.0,0.38016129,3.555566,0.007,-0.024888962
2025-05-10 16:00:00,0.2,2.5350970000000004,13.5,0.0,0.40016129,2.335097,0.014,-0.032691358000000004
2025-05-10 17:00:00,1.7317068965517244,1.068548,12.836841103448275,0.0,0.40016129,0.0,0.033,0.0
2025-05-10 18:00:00,1.801706896551724,0.127181,11.162315206896553,0.0,0.40016129,0.0,0.08,0.0
2025-05-10 19:00:00,0.13,0.0,11.03231520689655,0.0,0.40016129,0.0,0.082,0.0
2025-05-10 20:00:00,0.23,0.0,10.80231520689655,0.0,0.40016129,0.0,0.073,0.0
2025-05-10 21:00:00,0.25,0.0,10.55231520689655,0.0,0.38016129,0.0,0.07,0.0
2025-05-10 22:00:00,0.5700000000000001,0.0,9.98231520689655,0.0,0.38016129,0.0,0.069,0.0
2025-05-10 23:00:00,0.63,0.0,9.352315206896549,0.0,0.38016129,0.0,0.072,0.0
2025-05-11 00:00:00,0.1,0.0,9.252315206896547,0.0,0.37016129,0.0,0.075,0.0
2025-05-11 01:00:00,0.1,0.0,9.15231520689655,0.0,0.37016129,0.0,0.071,0.0
2025-05-11 02:00:00,0.46,0.0,8.692315206896549,0.0,0.37016129,0.0,0.071,0.0
2025-05-11 03:00:00,0.56,0.0,8.132315206896548,0.0,0.37016129,0.0,0.071,0.0
2025-05-11 04:00:00,1.02,0.0,7.1123152068965485,0.0,0.37016129,0.0,0.072,0.0
2025-05-11 05:00:00,0.57,0.064241,6.606556206896548,0.0,0.37016129,0.0,0.069,0.0
2025-05-11 06:00:00,0.5,0.477977,6.584533206896548,0.0,0.37016129,0.0,0.065,0.0
2025-05-11 07:00:00,1.94,1.18756,5.832093206896548,0.0,0.37016129,0.0,0.06,0.0
2025-05-11 08:00:00,1.02,3.50616,8.318253206896548,0.0,0.37016129,0.0,0.029,0.0
2025-05-11 09:00:00,0.19,2.982393,11.110646206896549,0.0,0.37016129,0.0,0.016,0.0
2025-05-11 10:00:00,2.46,3.398085,12.048731206896548,0.0,0.37016129,0.0,0.012,0.0
2025-05-11 11:00:00,2.605818681318681,5.333333,13.5,0.0,0.37016129,2.7275143186813184,0.016,-0.0436402290989011
2025-05-11 12:00:00,2.595818681318681,5.333333,13.5,0.0,0.37016129,2.7375143186813187,0.013,-0.03558768614285714
2025-05-11 13:00:00,2.7258186813186813,5.219916,13.5,0.0,0.37016129,2.4940973186813182,0.009,-0.022446875868131863
2025-05-11 14:00:00,2.52,4.649208,13.5,0.0,0.37016129,2.1292079999999998,0.009,-0.019162871999999997
2025-05-11 15:00:00,0.24,3.706536,13.5,0.0,0.38016129,3.4665359999999996,0.007,-0.024265751999999998
2025-05-11 16:00:00,0.13,2.484038,13.5,0.0,0.40016129,2.354038,0.014,-0.032956532000000004
2025-05-11 17:00:00,0.590772577996716,1.058075,13.5,0.0,0.40016129,0.4673024220032841,0.033,-0.015420979926108375
2025-05-11 18:00:00,0.600772577996716,0.1406359999999999,13.039863422003284,0.0,0.40016129,0.0,0.08,0.0
2025-05-11 19:00:00,0.16,0.0,12.879863422003284,0.0,0.40016129,0.0,0.082,0.0
2025-05-11 20:00:00,0.26,0.0,12.619863422003284,0.0,0.40016129,0.0,0.073,0.0
2025-05-11 21:00:00,0.26,0.0,12.359863422003285,0.0,0.38016129,0.0,0.07,0.0
2025-05-11 22:00:00,0.15,0.0,12.209863422003284,0.0,0.38016129,0.0,0.069,0.0
2025-05-11 23:00:00,0.11,0.0,12.099863422003285,0.0,0.38016129,0.0,0.072,0.0
2025-05-12 00:00:00,0.11,0.0,11.989863422003284,0.0,0.37016129,0.0,0.075,0.0
2025-05-12 01:00:00,0.11,0.0,11.879863422003286,0.0,0.37016129,0.0,0.071,0.0
2025-05-12 02:00:00,0.11,0.0,11.769863422003288,0.0,0.37016129,0.0,0.071,0.0
2025-05-12 03:00:00,0.12,0.0,11.649863422003287,0.0,0.37016129,0.0,0.071,0.0
2025-05-12 04:00:00,0.11,0.0,11.539863422003288,0.0,0.37016129,0.0,0.072,0.0
2025-05-12 05:00:00,0.4499999999999999,0.0629639999999999,11.152827422003288,0.0,0.37016129,0.0,0.069,0.0
2025-05-12 06:00:00,0.49,0.4818,11.144627422003287,0.0,0.37016129,0.0,0.065,0.0
2025-05-12 07:00:00,0.51,2.2262869999999997,12.860914422003288,0.0,0.37016129,0.0,0.06,0.0
2025-05-12 08:00:00,0.4800000000000001,3.505126,13.5,0.0,0.37016129,3.025126,0.029,-0.08772865400000002
2025-05-12 09:00:00,0.19,4.424141,13.5,0.0,0.37016129,4.234140999999999,0.016,-0.06774625599999999
2025-05-12 10:00:00,0.15,5.076864,13.5,0.0,0.37016129,4.926863999999999,0.012,-0.059122367999999995
2025-05-12 11:00:00,0.3858186813186813,5.333333,13.5,0.0,0.37016129,4.947514318681319,0.016,-0.0791602290989011
2025-05-12 12:00:00,0.3858186813186813,5.333333,13.5,0.0,0.37016129,4.947514318681319,0.013,-0.06431768614285714
2025-05-12 13:00:00,0.4558186813186814,5.223821,13.5,0.0,0.37016129,4.768002318681319,0.009,-0.04291202086813187
2025-05-12 14:00:00,0.24,4.659068,13.5,0.0,0.37016129,4.419068,0.009,-0.039771612
2025-05-12 15:00:00,0.15,3.755905,13.5,0.0,0.38016129,3.605905,0.007,-0.025241335
2025-05-12 16:00:00,0.28,2.534,13.5,0.0,0.40016129,2.2539999999999996,0.014,-0.031555999999999994
2025-05-12 17:00:00,0.640772577996716,1.073746,13.5,0.0,0.40016129,0.43297342200328404,0.033,-0.014288122926108374
2025-05-12 18:00:00,0.7807725779967161,0.132209,12.851436422003284,0.0,0.40016129,0.0,0.08,0.0
2025-05-12 19:00:00,0.14,0.0,12.711436422003285,0.0,0.40016129,0.0,0.082,0.0
2025-05-12 20:00:00,0.24,0.0,12.471436422003285,0.0,0.40016129,0.0,0.073,0.0
2025-05-12 21:00:00,0.21,0.0,12.261436422003282,0.0,0.38016129,0.0,0.07,0.0
2025-05-12 22:00:00,0.1,0.0,12.161436422003282,0.0,0.38016129,0.0,0.069,0.0
2025-05-12 23:00:00,0.11,0.0,12.051436422003285,0.0,0.38016129,0.0,0.072,0.0
2025-05-13 00:00:00,0.09,0.0,11.961436422003285,0.0,0.37016129,0.0,0.075,0.0
2025-05-13 01:00:00,0.1,0.0,11.861436422003283,0.0,0.37016129,0.0,0.071,0.0
2025-05-13 02:00:00,0.1,0.0,11.761436422003284,0.0,0.37016129,0.0,0.071,0.0
2025-05-13 03:00:00,0.11,0.0,11.651436422003284,0.0,0.37016129,0.0,0.071,0.0
2025-05-13 04:00:00,0.55,0.0,11.101436422003284,0.0,0.37016129,0.0,0.072,0.0
2025-05-13 05:00:00,0.74,0.065209,10.426645422003284,0.0,0.37016129,0.0,0.069,0.0
2025-05-13 06:00:00,0.11,0.4473399999999999,10.763985422003282,0.0,0.37016129,0.0,0.065,0.0
2025-05-13 07:00:00,0.12,1.000038,11.644023422003285,0.0,0.37016129,0.0,0.06,0.0
2025-05-13 08:00:00,0.43,1.155298,12.369321422003283,0.0,0.37016129,0.0,0.029,0.0
2025-05-13 09:00:00,0.1,2.115221,13.5,0.0,0.37016129,2.015221,0.016,-0.032243535999999996
2025-05-13 10:00:00,0.09,3.450417,13.5,0.0,0.37016129,3.360417,0.012,-0.040325004
2025-05-13 11:00:00,0.2558186813186813,3.978646,13.5,0.0,0.37016129,3.7228273186813188,0.016,-0.0595652370989011
2025-05-13 12:00:00,0.2658186813186813,4.007971,13.5,0.0,0.37016129,3.742152318681319,0.013,-0.04864798014285714
2025-05-13 13:00:00,0.2658186813186813,2.474225,13.5,0.0,0.37016129,2.2084063186813188,0.009,-0.019875656868131867
2025-05-13 14:00:00,0.11,2.2861089999999997,13.5,0.0,0.37016129,2.176109,0.009,-0.019584980999999998
2025-05-13 15:00:00,0.1,1.657261,13.5,0.0,0.38016129,1.557261,0.007,-0.010900827
2025-05-13 16:00:00,0.1,1.195347,13.5,0.0,0.40016129,1.0953469999999998,0.014,-0.015334857999999998
2025-05-13 17:00:00,0.610772577996716,0.426064,13.315291422003284,0.0,0.40016129,0.0,0.033,0.0
2025-05-13 18:00:00,0.580772577996716,0.146264,12.880782844006568,0.0,0.40016129,0.0,0.08,0.0
2025-05-13 19:00:00,0.1,0.0,12.780782844006568,0.0,0.40016129,0.0,0.082,0.0
2025-05-13 20:00:00,0.19,0.0,12.590782844006569,0.0,0.40016129,0.0,0.073,0.0
2025-05-13 21:00:00,0.26,0.0,12.330782844006569,0.0,0.38016129,0.0,0.07,0.0
2025-05-13 22:00:00,0.32,0.0,12.010782844006568,0.0,0.38016129,0.0,0.069,0.0
2025-05-13 23:00:00,0.1,0.0,11.910782844006569,0.0,0.38016129,0.0,0.072,0.0
2025-05-14 00:00:00,0.1,0.0,11.81078284400657,0.0,0.37016129,0.0,0.075,0.0
2025-05-14 01:00:00,0.1,0.0,11.71078284400657,0.0,0.37016129,0.0,0.071,0.0
2025-05-14 02:00:00,0.54,0.0,11.17078284400657,0.0,0.37016129,0.0,0.071,0.0
2025-05-14 03:00:00,0.49,0.0,10.68078284400657,0.0,0.37016129,0.0,0.071,0.0
2025-05-14 04:00:00,0.94,0.0,9.74078284400657,0.0,0.37016129,0.0,0.072,0.0
2025-05-14 05:00:00,0.5499999999999999,0.082343,9.273125844006572,0.0,0.37016129,0.0,0.069,0.0
2025-05-14 06:00:00,0.5700000000000001,0.413002,9.116127844006572,0.0,0.37016129,0.0,0.065,0.0
2025-05-14 07:00:00,0.21,0.296769,9.202896844006572,0.0,0.37016129,0.0,0.06,0.0
2025-05-14 08:00:00,0.21,1.1956600000000002,10.188556844006571,0.0,0.37016129,0.0,0.029,0.0
2025-05-14 09:00:00,0.2,1.09916,11.087716844006572,0.0,0.37016129,0.0,0.016,0.0
2025-05-14 10:00:00,2.47,1.134729,9.752445844006573,0.0,0.37016129,0.0,0.012,0.0
2025-05-14 11:00:00,2.5758186813186814,2.143446,9.32007316268789,0.0,0.37016129,0.0,0.016,0.0
2025-05-14 12:00:00,2.6858186813186813,2.332348,8.96660248136921,0.0,0.37016129,0.0,0.013,0.0
2025-05-14 13:00:00,2.5758186813186814,4.675828,11.066611800050527,0.0,0.37016129,0.0,0.009,0.0
2025-05-14 14:00:00,2.4099999999999997,2.8370369999999996,11.493648800050527,0.0,0.37016129,0.0,0.009,0.0
2025-05-14 15:00:00,0.1,2.843254,13.5,0.0,0.38016129,2.743254,0.007,-0.019202778
2025-05-14 16:00:00,0.11,1.218182,13.5,0.0,0.40016129,1.108182,0.014,-0.015514548
2025-05-14 17:00:00,1.520772577996716,0.457972,12.437199422003284,0.0,0.40016129,0.0,0.033,0.0
2025-05-14 18:00:00,2.5207725779967163,0.171555,10.087981844006569,0.0,0.40016129,0.0,0.08,0.0
2025-05-14 19:00:00,0.16,0.0,9.927981844006569,0.0,0.40016129,0.0,0.082,0.0
2025-05-14 20:00:00,0.56,0.0,9.367981844006566,0.0,0.40016129,0.0,0.073,0.0
2025-05-14 21:00:00,0.16,0.0,9.207981844006566,0.0,0.38016129,0.0,0.07,0.0
2025-05-14 22:00:00,0.43,0.0,8.777981844006566,0.0,0.38016129,0.0,0.069,0.0
2025-05-14 23:00:00,0.28,0.0,8.497981844006567,0.0,0.38016129,0.0,0.072,0.0
2025-05-15 00:00:00,0.6000000000000001,0.0,7.897981844006567,0.0,0.37016129,0.0,0.075,0.0
2025-05-15 01:00:00,0.1,0.0,7.797981844006568,0.0,0.37016129,0.0,0.071,0.0
2025-05-15 02:00:00,0.1,0.0,7.697981844006568,0.0,0.37016129,0.0,0.071,0.0
2025-05-15 03:00:00,0.79,0.0,6.907981844006568,0.0,0.37016129,0.0,0.071,0.0
2025-05-15 04:00:00,0.82,0.0,6.087981844006568,0.0,0.37016129,0.0,0.072,0.0
2025-05-15 05:00:00,0.6400000000000001,0.091862,5.539843844006568,0.0,0.37016129,0.0,0.069,0.0
2025-05-15 06:00:00,0.58,0.322021,5.281864844006568,0.0,0.37016129,0.0,0.065,0.0
2025-05-15 07:00:00,0.13,1.365357,6.517221844006569,0.0,0.37016129,0.0,0.06,0.0
2025-05-15 08:00:00,0.09,1.927145,8.354366844006568,0.0,0.37016129,0.0,0.029,0.0
2025-05-15 09:00:00,0.1,4.5861149999999995,12.840481844006568,0.0,0.37016129,0.0,0.016,0.0
2025-05-15 10:00:00,0.1,5.3064849999999995,13.5,0.0,0.37016129,5.206485,0.012,-0.062477819999999996
2025-05-15 11:00:00,0.2758186813186813,5.333333,13.5,0.0,0.37016129,5.057514318681318,0.016,-0.08092022909890109
2025-05-15 12:00:00,0.2658186813186813,5.333333,13.5,0.0,0.37016129,5.067514318681319,0.013,-0.06587768614285715
2025-05-15 13:00:00,0.2758186813186813,5.333333,13.5,0.0,0.37016129,5.057514318681318,0.009,-0.04551762886813186
2025-05-15 14:00:00,0.1,4.757604000000001,13.5,0.0,0.37016129,4.657604000000001,0.009,-0.041918436
2025-05-15 15:00:00,0.11,3.798182,13.5,0.0,0.38016129,3.6881820000000003,0.007,-0.025817274
2025-05-15 16:00:00,0.1,2.555282,13.5,0.0,0.40016129,2.455282,0.014,-0.034373948
2025-05-15 17:00:00,0.570772577996716,1.1095270000000002,13.5,0.0,0.40016129,0.5387544220032842,0.033,-0.017778895926108377
2025-05-15 18:00:00,2.860772577996716,0.168452,10.807679422003284,0.0,0.40016129,0.0,0.08,0.0
2025-05-15 19:00:00,0.86,0.0,9.947679422003285,0.0,0.40016129,0.0,0.082,0.0
2025-05-15 20:00:00,0.21,0.0,9.737679422003284,0.0,0.40016129,0.0,0.073,0.0
2025-05-15 21:00:00,0.1699999999999999,0.0,9.567679422003284,0.0,0.38016129,0.0,0.07,0.0
2025-05-15 22:00:00,0.16,0.0,9.407679422003284,0.0,0.38016129,0.0,0.069,0.0
2025-05-15 23:00:00,0.11,0.0,9.297679422003284,0.0,0.38016129,0.0,0.072,0.0
2025-05-16 00:00:00,0.11,0.0,9.187679422003283,0.0,0.37016129,0.0,0.075,0.0
2025-05-16 01:00:00,0.1,0.0,9.087679422003283,0.0,0.37016129,0.0,0.071,0.0
2025-05-16 02:00:00,0.1,0.0,8.987679422003286,0.0,0.37016129,0.0,0.071,0.0
2025-05-16 03:00:00,0.09,0.0,8.897679422003286,0.0,0.37016129,0.0,0.071,0.0
2025-05-16 04:00:00,0.72,0.0,8.177679422003285,0.0,0.37016129,0.0,0.072,0.0
2025-05-16 05:00:00,0.8600000000000001,0.084921,7.402600422003285,0.0,0.37016129,0.0,0.069,0.0
2025-05-16 06:00:00,0.49,0.847573,7.760173422003286,0.0,0.37016129,0.0,0.065,0.0
2025-05-16 07:00:00,0.27,2.276611,9.766784422003283,0.0,0.37016129,0.0,0.06,0.0
2025-05-16 08:00:00,0.22,3.5874740000000003,13.134258422003285,0.0,0.37016129,0.0,0.029,0.0
2025-05-16 09:00:00,0.12,4.5919669999999995,13.5,0.0,0.37016129,4.471966999999999,0.016,-0.07155147199999999
2025-05-16 10:00:00,2.47,4.102934,13.5,0.0,0.37016129,1.632934,0.012,-0.019595208000000003
2025-05-16 11:00:00,2.605818681318681,4.72454,13.5,0.0,0.37016129,2.118721318681319,0.016,-0.0338995410989011
2025-05-16 12:00:00,2.5758186813186814,5.333333,13.5,0.0,0.37016129,2.7575143186813182,0.013,-0.03584768614285713
2025-05-16 13:00:00,2.6258186813186812,4.773597,13.5,0.0,0.37016129,2.1477783186813184,0.009,-0.019330004868131863
2025-05-16 14:00:00,2.4099999999999997,4.223648,13.5,0.0,0.37016129,1.8136480000000001,0.009,-0.016322832
2025-05-16 15:00:00,0.11,2.881986,13.5,0.0,0.38016129,2.771986,0.007,-0.019403902
2025-05-16 16:00:00,0.12,2.4223820000000003,13.5,0.0,0.40016129,2.302382,0.014,-0.032233348
2025-05-16 17:00:00,1.640772577996716,1.120626,12.979853422003284,0.0,0.40016129,0.0,0.033,0.0
2025-05-16 18:00:00,1.880772577996716,0.1774079999999999,11.276488844006568,0.0,0.40016129,0.0,0.08,0.0
2025-05-16 19:00:00,0.23,0.0,11.046488844006568,0.0,0.40016129,0.0,0.082,0.0
2025-05-16 20:00:00,0.38,0.0,10.666488844006569,0.0,0.40016129,0.0,0.073,0.0
2025-05-16 21:00:00,0.21,0.0,10.456488844006566,0.0,0.38016129,0.0,0.07,0.0
2025-05-16 22:00:00,0.16,0.0,10.296488844006566,0.0,0.38016129,0.0,0.069,0.0
2025-05-16 23:00:00,0.11,0.0,10.186488844006568,0.0,0.38016129,0.0,0.072,0.0
2025-05-17 00:00:00,0.11,0.0,10.076488844006567,0.0,0.37016129,0.0,0.075,0.0
2025-05-17 01:00:00,0.09,0.0,9.986488844006567,0.0,0.37016129,0.0,0.071,0.0
2025-05-17 02:00:00,0.1,0.0,9.886488844006568,0.0,0.37016129,0.0,0.071,0.0
2025-05-17 03:00:00,0.6000000000000001,0.0,9.286488844006568,0.0,0.37016129,0.0,0.071,0.0
2025-05-17 04:00:00,0.5599999999999999,0.0,8.726488844006568,0.0,0.37016129,0.0,0.072,0.0
2025-05-17 05:00:00,0.94,0.093359,7.879847844006568,0.0,0.37016129,0.0,0.069,0.0
2025-05-17 06:00:00,0.63,0.793984,8.043831844006567,0.0,0.37016129,0.0,0.065,0.0
2025-05-17 07:00:00,0.65,1.883707,9.277538844006568,0.0,0.37016129,0.0,0.06,0.0
2025-05-17 08:00:00,0.66,3.654391,12.271929844006568,0.0,0.37016129,0.0,0.029,0.0
2025-05-17 09:00:00,0.11,4.6430050000000005,13.5,0.0,0.37016129,4.533005,0.016,-0.07252808000000001
2025-05-17 10:00:00,2.4,5.333333,13.5,0.0,0.37016129,2.9333329999999997,0.012,-0.035199996
2025-05-17 11:00:00,2.5758186813186814,5.333333,13.5,0.0,0.37016129,2.7575143186813182,0.016,-0.04412022909890109
2025-05-17 12:00:00,2.615818681318681,5.333333,13.5,0.0,0.37016129,2.7175143186813187,0.013,-0.03532768614285714
2025-05-17 13:00:00,2.5758186813186814,5.333333,13.5,0.0,0.37016129,2.7575143186813182,0.009,-0.024817628868131863
2025-05-17 14:00:00,2.4299999999999997,4.809468,13.5,0.0,0.37016129,2.379468,0.009,-0.021415212
2025-05-17 15:00:00,0.15,3.861771,13.5,0.0,0.38016129,3.711771,0.007,-0.025982397
2025-05-17 16:00:00,0.22,2.608655,13.5,0.0,0.40016129,2.388655,0.014,-0.03344117
2025-05-17 17:00:00,0.580772577996716,1.128675,13.5,0.0,0.40016129,0.5479024220032841,0.033,-0.018080779926108376
2025-05-17 18:00:00,0.7907725779967161,0.164441,12.873668422003284,0.0,0.40016129,0.0,0.08,0.0
2025-05-17 19:00:00,0.13,0.0,12.743668422003283,0.0,0.40016129,0.0,0.082,0.0
2025-05-17 20:00:00,0.16,0.0,12.583668422003283,0.0,0.40016129,0.0,0.073,0.0
2025-05-17 21:00:00,0.13,0.0,12.453668422003284,0.0,0.38016129,0.0,0.07,0.0
2025-05-17 22:00:00,0.2,0.0,12.253668422003283,0.0,0.38016129,0.0,0.069,0.0
2025-05-17 23:00:00,0.6100000000000001,0.0,11.643668422003284,0.0,0.38016129,0.0,0.072,0.0
2025-05-18 00:00:00,0.5599999999999999,0.0,11.083668422003283,0.0,0.37016129,0.0,0.075,0.0
2025-05-18 01:00:00,0.7000000000000001,0.0,10.383668422003284,0.0,0.37016129,0.0,0.071,0.0
2025-05-18 02:00:00,0.85,0.0,9.533668422003284,0.0,0.37016129,0.0,0.071,0.0
2025-05-18 03:00:00,1.27,0.0,8.263668422003285,0.0,0.37016129,0.0,0.071,0.0
2025-05-18 04:00:00,0.64,0.0,7.623668422003285,0.0,0.37016129,0.0,0.072,0.0
2025-05-18 05:00:00,1.0,0.095784,6.719452422003285,0.0,0.37016129,0.0,0.069,0.0
2025-05-18 06:00:00,1.02,0.8887039999999999,6.588156422003285,0.0,0.37016129,0.0,0.065,0.0
2025-05-18 07:00:00,0.27,2.359039,8.677195422003285,0.0,0.37016129,0.0,0.06,0.0
2025-05-18 08:00:00,0.45,3.671637,11.898832422003284,0.0,0.37016129,0.0,0.029,0.0
2025-05-18 09:00:00,0.22,4.650339,13.5,0.0,0.37016129,4.430339,0.016,-0.070885424
2025-05-18 10:00:00,2.51,5.3122430000000005,13.5,0.0,0.37016129,2.8022430000000007,0.012,-0.03362691600000001
2025-05-18 11:00:00,2.8073653846153848,5.333333,13.5,0.0,0.37016129,2.525967615384615,0.016,-0.04041548184615384
2025-05-18 12:00:00,2.8173653846153845,5.333333,13.5,0.0,0.37016129,2.515967615384615,0.013,-0.032707578999999994
2025-05-18 13:00:00,3.1673653846153846,5.333333,13.5,0.0,0.37016129,2.165967615384615,0.009,-0.019493708538461534
2025-05-18 14:00:00,4.85,4.746953,13.396953,0.0,0.37016129,0.0,0.009,0.0
2025-05-18 15:00:00,2.79,3.813284,13.5,0.0,0.38016129,1.0232839999999999,0.007,-0.0071629879999999995
2025-05-18 16:00:00,1.16,2.593708,13.5,0.0,0.40016129,1.433708,0.014,-0.020071912
2025-05-18 17:00:00,1.025853448275862,1.131441,13.5,0.0,0.40016129,0.10558755172413803,0.033,-0.003484389206896555
2025-05-18 18:00:00,1.1058534482758622,0.150274,12.544420551724135,0.0,0.40016129,0.0,0.08,0.0
2025-05-18 19:00:00,0.17,0.0,12.374420551724135,0.0,0.40016129,0.0,0.082,0.0
2025-05-18 20:00:00,0.28,0.0,12.094420551724138,0.0,0.40016129,0.0,0.073,0.0
2025-05-18 21:00:00,0.16,0.0,11.934420551724138,0.0,0.38016129,0.0,0.07,0.0
2025-05-18 22:00:00,0.11,0.0,11.824420551724138,0.0,0.38016129,0.0,0.069,0.0
2025-05-18 23:00:00,0.1,0.0,11.72442055172414,0.0,0.38016129,0.0,0.072,0.0
2025-05-19 00:00:00,0.1,0.0,11.62442055172414,0.0,0.37016129,0.0,0.075,0.0
2025-05-19 01:00:00,0.1,0.0,11.52442055172414,0.0,0.37016129,0.0,0.071,0.0
2025-05-19 02:00:00,0.1,0.0,11.42442055172414,0.0,0.37016129,0.0,0.071,0.0
2025-05-19 03:00:00,0.11,0.0,11.31442055172414,0.0,0.37016129,0.0,0.071,0.0
2025-05-19 04:00:00,0.15,0.0,11.16442055172414,0.0,0.37016129,0.0,0.072,0.0
2025-05-19 05:00:00,1.35,0.095633,9.91005355172414,0.0,0.37016129,0.0,0.069,0.0
2025-05-19 06:00:00,0.6,0.861266,10.17131955172414,0.0,0.37016129,0.0,0.065,0.0
2025-05-19 07:00:00,0.16,2.298717,12.31003655172414,0.0,0.37016129,0.0,0.06,0.0
2025-05-19 08:00:00,0.3299999999999999,3.5470590000000004,13.5,0.0,0.37016129,3.2170590000000003,0.029,-0.09329471100000002
2025-05-19 09:00:00,0.29,4.457195,13.5,0.0,0.37016129,4.1671949999999995,0.016,-0.06667511999999999
2025-05-19 10:00:00,0.14,5.10296,13.5,0.0,0.37016129,4.962960000000001,0.012,-0.05955552000000001
2025-05-19 11:00:00,0.5573653846153848,5.333333,13.5,0.0,0.37016129,4.775967615384615,0.016,-0.07641548184615383
2025-05-19 12:00:00,0.4273653846153847,5.333333,13.5,0.0,0.37016129,4.905967615384615,0.013,-0.06377757899999999
2025-05-19 13:00:00,0.3973653846153847,5.201563,13.5,0.0,0.37016129,4.8041976153846155,0.009,-0.04323777853846154
2025-05-19 14:00:00,0.16,4.5966059999999995,13.5,0.0,0.37016129,4.436605999999999,0.009,-0.03992945399999999
2025-05-19 15:00:00,0.14,3.704949,13.5,0.0,0.38016129,3.564949,0.007,-0.024954643
2025-05-19 16:00:00,0.21,2.51015,13.5,0.0,0.40016129,2.30015,0.014,-0.0322021
2025-05-19 17:00:00,1.005853448275862,1.103702,13.5,0.0,0.40016129,0.09784855172413787,0.033,-0.0032290022068965497
2025-05-19 18:00:00,1.005853448275862,0.158762,12.652908551724138,0.0,0.40016129,0.0,0.08,0.0
2025-05-19 19:00:00,0.15,0.0,12.502908551724138,0.0,0.40016129,0.0,0.082,0.0
2025-05-19 20:00:00,0.5700000000000001,0.0,11.932908551724138,0.0,0.40016129,0.0,0.073,0.0
2025-05-19 21:00:00,0.15,0.0,11.782908551724136,0.0,0.38016129,0.0,0.07,0.0
2025-05-19 22:00:00,0.21,0.0,11.572908551724137,0.0,0.38016129,0.0,0.069,0.0
2025-05-19 23:00:00,0.2,0.0,11.372908551724136,0.0,0.38016129,0.0,0.072,0.0
2025-05-20 00:00:00,0.2,0.0,11.172908551724138,0.0,0.37016129,0.0,0.075,0.0
2025-05-20 01:00:00,0.19,0.0,10.982908551724138,0.0,0.37016129,0.0,0.071,0.0
2025-05-20 02:00:00,0.19,0.0,10.79290855172414,0.0,0.37016129,0.0,0.071,0.0
2025-05-20 03:00:00,0.54,0.0,10.25290855172414,0.0,0.37016129,0.0,0.071,0.0
2025-05-20 04:00:00,0.63,0.0,9.62290855172414,0.0,0.37016129,0.0,0.072,0.0
2025-05-20 05:00:00,0.79,0.100127,8.933035551724139,0.0,0.37016129,0.0,0.069,0.0
2025-05-20 06:00:00,0.65,0.8470449999999999,9.130080551724138,0.0,0.37016129,0.0,0.065,0.0
2025-05-20 07:00:00,0.14,2.228431,11.218511551724138,0.0,0.37016129,0.0,0.06,0.0
2025-05-20 08:00:00,0.1,3.459383,13.5,0.0,0.37016129,3.359383,0.029,-0.097422107
2025-05-20 09:00:00,0.1,4.380276,13.5,0.0,0.37016129,4.280276000000001,0.016,-0.068484416
2025-05-20 10:00:00,0.1,5.011046,13.5,0.0,0.37016129,4.911046000000001,0.012,-0.058932552000000006
2025-05-20 11:00:00,0.3973653846153847,5.333333,13.5,0.0,0.37016129,4.935967615384615,0.016,-0.07897548184615384
2025-05-20 12:00:00,0.3873653846153847,5.333333,13.5,0.0,0.37016129,4.945967615384615,0.013,-0.064297579
2025-05-20 13:00:00,0.3873653846153847,5.158941,13.5,0.0,0.37016129,4.771575615384616,0.009,-0.04294418053846154
2025-05-20 14:00:00,0.1,4.589961000000001,13.5,0.0,0.37016129,4.489961000000001,0.009,-0.040409649000000006
2025-05-20 15:00:00,0.1,3.710704,13.5,0.0,0.38016129,3.6107039999999997,0.007,-0.025274928
2025-05-20 16:00:00,0.1,2.522913,13.5,0.0,0.40016129,2.422913,0.014,-0.033920782
2025-05-20 17:00:00,0.925853448275862,1.112732,13.5,0.0,0.40016129,0.18687855172413803,0.033,-0.006166992206896555
2025-05-20 18:00:00,1.0758534482758622,0.160644,12.584790551724138,0.0,0.40016129,0.0,0.08,0.0
2025-05-20 19:00:00,0.27,0.0,12.31479055172414,0.0,0.40016129,0.0,0.082,0.0
2025-05-20 20:00:00,0.21,0.0,12.104790551724138,0.0,0.40016129,0.0,0.073,0.0
2025-05-20 21:00:00,0.22,0.0,11.884790551724135,0.0,0.38016129,0.0,0.07,0.0
2025-05-20 22:00:00,0.21,0.0,11.674790551724136,0.0,0.38016129,0.0,0.069,0.0
2025-05-20 23:00:00,0.11,0.0,11.564790551724135,0.0,0.38016129,0.0,0.072,0.0
2025-05-21 00:00:00,0.11,0.0,11.454790551724138,0.0,0.37016129,0.0,0.075,0.0
2025-05-21 01:00:00,0.11,0.0,11.344790551724138,0.0,0.37016129,0.0,0.071,0.0
2025-05-21 02:00:00,0.46,0.0,10.884790551724135,0.0,0.37016129,0.0,0.071,0.0
2025-05-21 03:00:00,0.93,0.0,9.954790551724138,0.0,0.37016129,0.0,0.071,0.0
2025-05-21 04:00:00,0.5599999999999999,0.0,9.394790551724135,0.0,0.37016129,0.0,0.072,0.0
2025-05-21 05:00:00,0.93,0.105075,8.569865551724137,0.0,0.37016129,0.0,0.069,0.0
2025-05-21 06:00:00,0.64,0.845133,8.774998551724137,0.0,0.37016129,0.0,0.065,0.0
2025-05-21 07:00:00,0.1699999999999999,2.220384,10.825382551724136,0.0,0.37016129,0.0,0.06,0.0
2025-05-21 08:00:00,0.11,3.454534,13.5,0.0,0.37016129,3.3445340000000003,0.029,-0.09699148600000002
2025-05-21 09:00:00,0.08,4.40695,13.5,0.0,0.37016129,4.32695,0.016,-0.0692312
2025-05-21 10:00:00,2.4099999999999997,5.023135,13.5,0.0,0.37016129,2.613135,0.012,-0.03135762
2025-05-21 11:00:00,2.6973653846153844,5.333333,13.5,0.0,0.37016129,2.635967615384615,0.016,-0.04217548184615384
2025-05-21 12:00:00,2.6973653846153844,5.333333,13.5,0.0,0.37016129,2.635967615384615,0.013,-0.034267579
2025-05-21 13:00:00,2.6973653846153844,5.140016999999999,13.5,0.0,0.37016129,2.442651615384615,0.009,-0.021983864538461535
2025-05-21 14:00:00,2.4099999999999997,4.566706,13.5,0.0,0.37016129,2.1567060000000002,0.009,-0.019410354
2025-05-21 15:00:00,0.11,3.687587,13.5,0.0,0.38016129,3.5775870000000003,0.007,-0.025043109
2025-05-21 16:00:00,0.11,2.502522,13.5,0.0,0.40016129,2.392522,0.014,-0.033495308
2025-05-21 17:00:00,0.9558534482758622,0.907069,13.451215551724138,0.0,0.40016129,0.0,0.033,0.0
2025-05-21 18:00:00,1.295853448275862,0.164992,12.320354103448276,0.0,0.40016129,0.0,0.08,0.0
2025-05-21 19:00:00,0.29,0.0,12.030354103448277,0.0,0.40016129,0.0,0.082,0.0
2025-05-21 20:00:00,0.19,0.0,11.840354103448275,0.0,0.40016129,0.0,0.073,0.0
2025-05-21 21:00:00,0.26,0.0,11.580354103448276,0.0,0.38016129,0.0,0.07,0.0
2025-05-21 22:00:00,0.25,0.0,11.330354103448276,0.0,0.38016129,0.0,0.069,0.0
2025-05-21 23:00:00,0.21,0.0,11.120354103448276,0.0,0.38016129,0.0,0.072,0.0
2025-05-22 00:00:00,0.19,0.0,10.930354103448275,0.0,0.37016129,0.0,0.075,0.0
2025-05-22 01:00:00,0.5,0.0,10.430354103448275,0.0,0.37016129,0.0,0.071,0.0
2025-05-22 02:00:00,0.54,0.0,9.890354103448278,0.0,0.37016129,0.0,0.071,0.0
2025-05-22 03:00:00,1.02,0.0,8.870354103448278,0.0,0.37016129,0.0,0.071,0.0
2025-05-22 04:00:00,0.64,0.0,8.230354103448278,0.0,0.37016129,0.0,0.072,0.0
2025-05-22 05:00:00,0.89,0.1062999999999999,7.446654103448278,0.0,0.37016129,0.0,0.069,0.0
2025-05-22 06:00:00,0.53,0.527028,7.443682103448278,0.0,0.37016129,0.0,0.065,0.0
2025-05-22 07:00:00,0.13,1.768507,9.08218910344828,0.0,0.37016129,0.0,0.06,0.0
2025-05-22 08:00:00,0.11,2.797236,11.76942510344828,0.0,0.37016129,0.0,0.029,0.0
2025-05-22 09:00:00,0.36,3.4609490000000003,13.5,0.0,0.37016129,3.1009490000000004,0.016,-0.04961518400000001
2025-05-22 10:00:00,0.61,4.137283,13.5,0.0,0.37016129,3.527283,0.012,-0.042327396
2025-05-22 11:00:00,0.9631538461538462,4.433362,13.5,0.0,0.37016129,3.4702081538461536,0.016,-0.055523330461538456
2025-05-22 12:00:00,0.8531538461538463,5.333333,13.5,0.0,0.37016129,4.480179153846153,0.013,-0.05824232899999999
2025-05-22 13:00:00,0.5131538461538463,5.202354000000001,13.5,0.0,0.37016129,4.689200153846154,0.009,-0.042202801384615386
2025-05-22 14:00:00,0.11,4.621977,13.5,0.0,0.37016129,4.511977,0.009,-0.040607792999999996
2025-05-22 15:00:00,0.1,3.740146,13.5,0.0,0.38016129,3.640146,0.007,-0.025481022000000002
2025-05-22 16:00:00,0.1,2.550689,13.5,0.0,0.40016129,2.450689,0.014,-0.034309646
2025-05-22 17:00:00,1.1878045977011498,1.138864,13.451059402298853,0.0,0.40016129,0.0,0.033,0.0
2025-05-22 18:00:00,1.2678045977011496,0.180334,12.3635888045977,0.0,0.40016129,0.0,0.08,0.0
2025-05-22 19:00:00,0.12,0.0,12.2435888045977,0.0,0.40016129,0.0,0.082,0.0
2025-05-22 20:00:00,0.12,0.0,12.123588804597702,0.0,0.40016129,0.0,0.073,0.0
2025-05-22 21:00:00,0.24,0.0,11.883588804597702,0.0,0.38016129,0.0,0.07,0.0
2025-05-22 22:00:00,0.25,0.0,11.633588804597702,0.0,0.38016129,0.0,0.069,0.0
2025-05-22 23:00:00,0.21,0.0,11.4235888045977,0.0,0.38016129,0.0,0.072,0.0
2025-05-23 00:00:00,0.21,0.0,11.2135888045977,0.0,0.37016129,0.0,0.075,0.0
2025-05-23 01:00:00,0.21,0.0,11.0035888045977,0.0,0.37016129,0.0,0.071,0.0
2025-05-23 02:00:00,0.63,0.0,10.373588804597698,0.0,0.37016129,0.0,0.071,0.0
2025-05-23 03:00:00,0.64,0.0,9.733588804597698,0.0,0.37016129,0.0,0.071,0.0
2025-05-23 04:00:00,1.02,0.0,8.713588804597698,0.0,0.37016129,0.0,0.072,0.0
2025-05-23 05:00:00,0.58,0.110435,8.244023804597699,0.0,0.37016129,0.0,0.069,0.0
2025-05-23 06:00:00,1.04,0.6401209999999999,7.844144804597699,0.0,0.37016129,0.0,0.065,0.0
2025-05-23 07:00:00,0.65,2.26579,9.4599348045977,0.0,0.37016129,0.0,0.06,0.0
2025-05-23 08:00:00,0.24,3.500705,12.7206398045977,0.0,0.37016129,0.0,0.029,0.0
2025-05-23 09:00:00,0.18,2.778285,13.5,0.0,0.37016129,2.5982849999999997,0.016,-0.041572559999999995
2025-05-23 10:00:00,2.4299999999999997,3.542145,13.5,0.0,0.37016129,1.1121450000000004,0.012,-0.013345740000000005
2025-05-23 11:00:00,2.783153846153846,5.333333,13.5,0.0,0.37016129,2.5501791538461536,0.016,-0.04080286646153846
2025-05-23 12:00:00,2.893153846153846,5.333333,13.5,0.0,0.37016129,2.4401791538461537,0.013,-0.031722328999999994
2025-05-23 13:00:00,2.823153846153846,3.193406,13.5,0.0,0.37016129,0.37025215384615384,0.009,-0.0033322693846153844
2025-05-23 14:00:00,2.4499999999999997,2.13714,13.18714,0.0,0.37016129,0.0,0.009,0.0
2025-05-23 15:00:00,1.31,1.596773,13.473913,0.0,0.38016129,0.0,0.007,0.0
2025-05-23 16:00:00,1.74,1.089973,12.823886,0.0,0.40016129,0.0,0.014,0.0
2025-05-23 17:00:00,2.17780459770115,0.415706,11.061787402298853,0.0,0.40016129,0.0,0.033,0.0
2025-05-23 18:00:00,3.3678045977011495,0.177936,7.871918804597701,0.0,0.40016129,0.0,0.08,0.0
2025-05-23 19:00:00,1.55,0.0,6.3219188045977015,0.0,0.40016129,0.0,0.082,0.0
2025-05-23 20:00:00,0.8999999999999999,0.0,5.421918804597702,0.0,0.40016129,0.0,0.073,0.0
2025-05-23 21:00:00,1.16,0.0,4.261918804597702,0.0,0.38016129,0.0,0.07,0.0
2025-05-23 22:00:00,1.71,0.0,2.551918804597702,0.0,0.38016129,0.0,0.069,0.0
2025-05-23 23:00:00,1.45,0.0,1.101918804597702,0.0,0.38016129,0.0,0.072,0.0
2025-05-24 00:00:00,0.2,0.0,0.901918804597702,0.0,0.37016129,0.0,0.075,0.0
2025-05-24 01:00:00,0.2,0.0,0.7019188045977021,0.0,0.37016129,0.0,0.071,0.0
2025-05-24 02:00:00,0.3,0.0,0.4019188045977021,0.0,0.37016129,0.0,0.071,0.0
2025-05-24 03:00:00,0.22,0.0,0.181918804597702,0.0,0.37016129,0.0,0.071,0.0
2025-05-24 04:00:00,0.19,0.0,0.0,0.008081195402298014,0.37016129,0.0,0.072,0.0029913457148567015
2025-05-24 05:00:00,0.54,0.107259,0.0,0.43274100000000004,0.37016129,0.0,0.069,0.16018396679589
2025-05-24 06:00:00,0.76,0.8709690000000001,0.1109690000000001,0.0,0.37016129,0.0,0.065,0.0
2025-05-24 07:00:00,0.85,0.707619,0.0,0.031411999999999884,0.37016129,0.0,0.06,0.011627506441479956
2025-05-24 08:00:00,0.66,0.867291,0.207291,0.0,0.37016129,0.0,0.029,0.0
2025-05-24 09:00:00,0.64,1.288444,0.8557349999999999,0.0,0.37016129,0.0,0.016,0.0
2025-05-24 10:00:00,4.52,2.719964,0.0,0.9443009999999996,0.37016129,0.0,0.012,0.3495436763082898
2025-05-24 11:00:00,4.253153846153846,3.329717,0.0,0.9234368461538458,0.37016129,0.0,0.016,0.34182057420583906
2025-05-24 12:00:00,3.123153846153846,2.473694,0.0,0.6494598461538459,0.37016129,0.0,0.013,0.2404048944555091
2025-05-24 13:00:00,3.213153846153846,2.920259,0.0,0.29289484615384564,0.37016129,0.0,0.009,0.10841833408665903
2025-05-24 14:00:00,3.0,1.602358,0.0,1.397642,0.37016129,0.0,0.009,0.51735296567818
2025-05-24 15:00:00,0.44,1.137395,0.697395,0.0,0.38016129,0.0,0.007,0.0
2025-05-24 16:00:00,0.4,1.152187,1.449582,0.0,0.40016129,0.0,0.014,0.0
2025-05-24 17:00:00,1.6478045977011495,0.811594,0.6133714022988505,0.0,0.40016129,0.0,0.033,0.0
2025-05-24 18:00:00,1.7578045977011496,0.017332,0.0,1.1271011954022994,0.40016129,0.0,0.08,0.4510222683127262
2025-05-24 19:00:00,0.32,0.0,0.0,0.32,0.40016129,0.0,0.082,0.1280516128
2025-05-24 20:00:00,0.24,0.0,0.0,0.24,0.40016129,0.0,0.073,0.0960387096
2025-05-24 21:00:00,0.21,0.0,0.0,0.21,0.38016129,0.0,0.07,0.07983387089999999
2025-05-24 22:00:00,3.22,0.0,0.0,3.22,0.38016129,0.0,0.069,1.2241193538
2025-05-24 23:00:00,1.11,0.0,0.0,1.11,0.38016129,0.0,0.072,0.4219790319
2025-05-25 00:00:00,0.21,0.0,0.0,0.21,0.37016129,0.0,0.075,0.07773387089999999
2025-05-25 01:00:00,0.32,0.0,0.0,0.32,0.37016129,0.0,0.071,0.1184516128
2025-05-25 02:00:00,0.23,0.0,0.0,0.23,0.37016129,0.0,0.071,0.0851370967
2025-05-25 03:00:00,0.21,0.0,0.0,0.21,0.37016129,0.0,0.071,0.07773387089999999
2025-05-25 04:00:00,0.2,0.0,0.0,0.2,0.37016129,0.0,0.072,0.074032258
2025-05-25 05:00:00,0.55,0.119799,0.0,0.43020100000000006,0.37016129,0.0,0.069,0.15924375711929
2025-05-25 06:00:00,0.65,0.26018,0.0,0.38982,0.37016129,0.0,0.065,0.1442962740678
2025-05-25 07:00:00,0.71,1.631857,0.921857,0.0,0.37016129,0.0,0.06,0.0
2025-05-25 08:00:00,0.97,1.972525,1.924382,0.0,0.37016129,0.0,0.029,0.0
2025-05-25 09:00:00,0.52,2.486122,3.890504,0.0,0.37016129,0.0,0.016,0.0
2025-05-25 10:00:00,2.4299999999999997,2.365874,3.826378,0.0,0.37016129,0.0,0.012,0.0
2025-05-25 11:00:00,3.214730769230769,3.435842,4.047489230769231,0.0,0.37016129,0.0,0.016,0.0
2025-05-25 12:00:00,3.014730769230769,3.171628,4.204386461538462,0.0,0.37016129,0.0,0.013,0.0
2025-05-25 13:00:00,3.264730769230769,2.64371,3.583365692307693,0.0,0.37016129,0.0,0.009,0.0
2025-05-25 14:00:00,2.65,2.387133,3.320498692307693,0.0,0.37016129,0.0,0.009,0.0
2025-05-25 15:00:00,0.25,2.045774,5.116272692307692,0.0,0.38016129,0.0,0.007,0.0
2025-05-25 16:00:00,0.31,1.395267,6.201539692307692,0.0,0.40016129,0.0,0.014,0.0
2025-05-25 17:00:00,1.8917068965517243,0.95294,5.262772795755968,0.0,0.40016129,0.0,0.033,0.0
2025-05-25 18:00:00,1.8817068965517243,0.149977,3.5310428992042437,0.0,0.40016129,0.0,0.08,0.0
2025-05-25 19:00:00,0.24,0.0,3.2910428992042435,0.0,0.40016129,0.0,0.082,0.0
2025-05-25 20:00:00,0.14,0.0,3.1510428992042434,0.0,0.40016129,0.0,0.073,0.0
2025-05-25 21:00:00,0.15,0.0,3.0010428992042435,0.0,0.38016129,0.0,0.07,0.0
2025-05-25 22:00:00,1.89,0.0,1.1110428992042436,0.0,0.38016129,0.0,0.069,0.0
2025-05-25 23:00:00,0.32,0.0,0.7910428992042435,0.0,0.38016129,0.0,0.072,0.0
2025-05-26 00:00:00,0.32,0.0,0.4710428992042435,0.0,0.37016129,0.0,0.075,0.0
2025-05-26 01:00:00,0.21,0.0,0.2610428992042435,0.0,0.37016129,0.0,0.071,0.0
2025-05-26 02:00:00,0.22,0.0,0.0410428992042435,0.0,0.37016129,0.0,0.071,0.0
2025-05-26 03:00:00,0.19,0.0,0.0,0.1489571007957565,0.37016129,0.0,0.071,0.055138152585217245
2025-05-26 04:00:00,0.72,0.0,0.0,0.72,0.37016129,0.0,0.072,0.2665161288
2025-05-26 05:00:00,0.87,0.120862,0.0,0.749138,0.37016129,0.0,0.069,0.27730188846801995
2025-05-26 06:00:00,0.6499999999999999,0.7148150000000001,0.0648150000000001,0.0,0.37016129,0.0,0.065,0.0
2025-05-26 07:00:00,1.83,1.975659,0.2104740000000001,0.0,0.37016129,0.0,0.06,0.0
2025-05-26 08:00:00,1.41,3.467462,2.267936,0.0,0.37016129,0.0,0.029,0.0
2025-05-26 09:00:00,0.14,4.4086289999999995,6.5365649999999995,0.0,0.37016129,0.0,0.016,0.0
2025-05-26 10:00:00,0.22,5.126296999999999,11.442861999999998,0.0,0.37016129,0.0,0.012,0.0
2025-05-26 11:00:00,0.6847307692307694,5.333333,13.5,0.0,0.37016129,4.64860223076923,0.016,-0.07437763569230768
2025-05-26 12:00:00,0.6847307692307694,5.333333,13.5,0.0,0.37016129,4.64860223076923,0.013,-0.060431828999999986
2025-05-26 13:00:00,0.6847307692307694,5.240970999999999,13.5,0.0,0.37016129,4.55624023076923,0.009,-0.04100616207692307
2025-05-26 14:00:00,0.11,4.655461,13.5,0.0,0.37016129,4.5454609999999995,0.009,-0.04090914899999999
2025-05-26 15:00:00,2.0,3.773203,13.5,0.0,0.38016129,1.773203,0.007,-0.012412421000000002
2025-05-26 16:00:00,3.49,2.614745,12.624745,0.0,0.40016129,0.0,0.014,0.0
2025-05-26 17:00:00,4.201706896551724,1.1744480000000002,9.597486103448276,0.0,0.40016129,0.0,0.033,0.0
2025-05-26 18:00:00,2.531706896551724,0.141024,7.206803206896551,0.0,0.40016129,0.0,0.08,0.0
2025-05-26 19:00:00,0.32,0.0,6.886803206896551,0.0,0.40016129,0.0,0.082,0.0
2025-05-26 20:00:00,0.23,0.0,6.656803206896551,0.0,0.40016129,0.0,0.073,0.0
2025-05-26 21:00:00,0.15,0.0,6.50680320689655,0.0,0.38016129,0.0,0.07,0.0
2025-05-26 22:00:00,1.32,0.0,5.18680320689655,0.0,0.38016129,0.0,0.069,0.0
2025-05-26 23:00:00,0.11,0.0,5.07680320689655,0.0,0.38016129,0.0,0.072,0.0
2025-05-27 00:00:00,0.1,0.0,4.97680320689655,0.0,0.37016129,0.0,0.075,0.0
2025-05-27 01:00:00,0.1,0.0,4.87680320689655,0.0,0.37016129,0.0,0.071,0.0
2025-05-27 02:00:00,0.1,0.0,4.776803206896551,0.0,0.37016129,0.0,0.071,0.0
2025-05-27 03:00:00,0.1,0.0,4.676803206896551,0.0,0.37016129,0.0,0.071,0.0
2025-05-27 04:00:00,0.97,0.0,3.7068032068965513,0.0,0.37016129,0.0,0.072,0.0
2025-05-27 05:00:00,0.78,0.094915,3.0217182068965514,0.0,0.37016129,0.0,0.069,0.0
2025-05-27 06:00:00,1.09,0.855067,2.7867852068965515,0.0,0.37016129,0.0,0.065,0.0
2025-05-27 07:00:00,0.78,2.26884,4.275625206896551,0.0,0.37016129,0.0,0.06,0.0
2025-05-27 08:00:00,0.64,3.464053,7.0996782068965505,0.0,0.37016129,0.0,0.029,0.0
2025-05-27 09:00:00,0.38,4.364228,11.08390620689655,0.0,0.37016129,0.0,0.016,0.0
2025-05-27 10:00:00,0.34,4.993668,13.5,0.0,0.37016129,4.653668000000001,0.012,-0.05584401600000001
2025-05-27 11:00:00,1.408192307692308,5.331582999999999,13.5,0.0,0.37016129,3.9233906923076916,0.016,-0.06277425107692307
2025-05-27 12:00:00,1.418192307692308,5.333333,13.5,0.0,0.37016129,3.9151406923076917,0.013,-0.05089682899999999
2025-05-27 13:00:00,1.678192307692308,5.113671,13.5,0.0,0.37016129,3.435478692307692,0.009,-0.030919308230769226
2025-05-27 14:00:00,0.28,4.544690999999999,13.5,0.0,0.37016129,4.264690999999999,0.009,-0.03838221899999999
2025-05-27 15:00:00,0.35,3.691309,13.5,0.0,0.38016129,3.341309,0.007,-0.023389163
2025-05-27 16:00:00,0.33,2.563898,13.5,0.0,0.40016129,2.233898,0.014,-0.031274572
2025-05-27 17:00:00,3.501419540229885,1.156087,11.154667459770115,0.0,0.40016129,0.0,0.033,0.0
2025-05-27 18:00:00,3.871419540229885,0.150139,7.43338691954023,0.0,0.40016129,0.0,0.08,0.0
2025-05-27 19:00:00,2.99,0.0,4.44338691954023,0.0,0.40016129,0.0,0.082,0.0
2025-05-27 20:00:00,0.39,0.0,4.05338691954023,0.0,0.40016129,0.0,0.073,0.0
2025-05-27 21:00:00,0.41,0.0,3.64338691954023,0.0,0.38016129,0.0,0.07,0.0
2025-05-27 22:00:00,1.6800000000000002,0.0,1.96338691954023,0.0,0.38016129,0.0,0.069,0.0
2025-05-27 23:00:00,0.24,0.0,1.72338691954023,0.0,0.38016129,0.0,0.072,0.0
2025-05-28 00:00:00,0.22,0.0,1.50338691954023,0.0,0.37016129,0.0,0.075,0.0
2025-05-28 01:00:00,0.26,0.0,1.24338691954023,0.0,0.37016129,0.0,0.071,0.0
2025-05-28 02:00:00,0.3,0.0,0.94338691954023,0.0,0.37016129,0.0,0.071,0.0
2025-05-28 03:00:00,0.2299999999999999,0.0,0.7133869195402301,0.0,0.37016129,0.0,0.071,0.0
2025-05-28 04:00:00,0.44,0.0,0.2733869195402301,0.0,0.37016129,0.0,0.072,0.0
2025-05-28 05:00:00,1.02,0.104894,0.0,0.6417190804597699,0.37016129,0.0,0.069,0.2375395626406022
2025-05-28 06:00:00,0.6,0.8706240000000001,0.2706240000000001,0.0,0.37016129,0.0,0.065,0.0
2025-05-28 07:00:00,0.91,2.299747,1.660371,0.0,0.37016129,0.0,0.06,0.0
2025-05-28 08:00:00,0.77,3.509825,4.400195999999999,0.0,0.37016129,0.0,0.029,0.0
2025-05-28 09:00:00,0.63,4.378989,8.149185,0.0,0.37016129,0.0,0.016,0.0
2025-05-28 10:00:00,3.05,4.950134,10.049319,0.0,0.37016129,0.0,0.012,0.0
2025-05-28 11:00:00,3.2390961538461536,5.255572,12.065794846153846,0.0,0.37016129,0.0,0.016,0.0
2025-05-28 12:00:00,3.009096153846154,5.333333,13.5,0.0,0.37016129,2.3242368461538456,0.013,-0.030215078999999992
2025-05-28 13:00:00,3.009096153846154,4.146275999999999,13.5,0.0,0.37016129,1.1371798461538454,0.009,-0.010234618615384607
2025-05-28 14:00:00,2.44,4.084514,13.5,0.0,0.37016129,1.6445140000000005,0.009,-0.014800626000000002
2025-05-28 15:00:00,0.15,3.696154,13.5,0.0,0.38016129,3.546154,0.007,-0.024823078000000002
2025-05-28 16:00:00,0.11,2.3602510000000003,13.5,0.0,0.40016129,2.2502510000000004,0.014,-0.03150351400000001
2025-05-28 17:00:00,2.3657097701149423,0.708692,11.842982229885058,0.0,0.40016129,0.0,0.033,0.0
2025-05-28 18:00:00,4.455709770114942,0.203554,7.590826459770115,0.0,0.40016129,0.0,0.08,0.0
2025-05-28 19:00:00,0.49,0.0,7.100826459770115,0.0,0.40016129,0.0,0.082,0.0
2025-05-28 20:00:00,0.14,0.0,6.960826459770115,0.0,0.40016129,0.0,0.073,0.0
2025-05-28 21:00:00,0.2,0.0,6.760826459770115,0.0,0.38016129,0.0,0.07,0.0
2025-05-28 22:00:00,1.61,0.0,5.150826459770115,0.0,0.38016129,0.0,0.069,0.0
2025-05-28 23:00:00,0.11,0.0,5.0408264597701145,0.0,0.38016129,0.0,0.072,0.0
2025-05-29 00:00:00,0.11,0.0,4.930826459770114,0.0,0.37016129,0.0,0.075,0.0
2025-05-29 01:00:00,0.11,0.0,4.820826459770114,0.0,0.37016129,0.0,0.071,0.0
2025-05-29 02:00:00,0.1,0.0,4.720826459770114,0.0,0.37016129,0.0,0.071,0.0
2025-05-29 03:00:00,0.1,0.0,4.6208264597701145,0.0,0.37016129,0.0,0.071,0.0
2025-05-29 04:00:00,0.55,0.0,4.070826459770115,0.0,0.37016129,0.0,0.072,0.0
2025-05-29 05:00:00,0.97,0.132651,3.233477459770115,0.0,0.37016129,0.0,0.069,0.0
2025-05-29 06:00:00,0.69,0.554791,3.0982684597701153,0.0,0.37016129,0.0,0.065,0.0
2025-05-29 07:00:00,0.2,1.037382,3.935650459770115,0.0,0.37016129,0.0,0.06,0.0
2025-05-29 08:00:00,0.41,2.422649,5.948299459770115,0.0,0.37016129,0.0,0.029,0.0
2025-05-29 09:00:00,0.39,2.439289,7.997588459770115,0.0,0.37016129,0.0,0.016,0.0
2025-05-29 10:00:00,0.43,2.796756,10.364344459770114,0.0,0.37016129,0.0,0.012,0.0
2025-05-29 11:00:00,0.719096153846154,4.283141,13.5,0.0,0.37016129,3.5640448461538456,0.016,-0.057024717538461535
2025-05-29 12:00:00,0.7790961538461539,2.420621,13.5,0.0,0.37016129,1.641524846153846,0.013,-0.021339822999999997
2025-05-29 13:00:00,0.699096153846154,1.516007,13.5,0.0,0.37016129,0.8169108461538461,0.009,-0.007352197615384614
2025-05-29 14:00:00,0.35,1.001747,13.5,0.0,0.37016129,0.651747,0.009,-0.005865722999999999
2025-05-29 15:00:00,0.42,1.1031220000000002,13.5,0.0,0.38016129,0.6831220000000002,0.007,-0.004781854000000002
2025-05-29 16:00:00,0.23,0.4783659999999999,13.5,0.0,0.40016129,0.2483659999999999,0.014,-0.0034771239999999985
2025-05-29 17:00:00,3.375709770114942,0.275807,10.400097229885056,0.0,0.40016129,0.0,0.033,0.0
2025-05-29 18:00:00,3.1057097701149425,0.208966,7.503353459770115,0.0,0.40016129,0.0,0.08,0.0
2025-05-29 19:00:00,0.2,0.0,7.303353459770115,0.0,0.40016129,0.0,0.082,0.0
2025-05-29 20:00:00,0.14,0.0,7.163353459770115,0.0,0.40016129,0.0,0.073,0.0
2025-05-29 21:00:00,0.15,0.0,7.013353459770115,0.0,0.38016129,0.0,0.07,0.0
2025-05-29 22:00:00,1.75,0.0,5.263353459770115,0.0,0.38016129,0.0,0.069,0.0
2025-05-29 23:00:00,0.61,0.0,4.6533534597701145,0.0,0.38016129,0.0,0.072,0.0
2025-05-30 00:00:00,0.11,0.0,4.543353459770114,0.0,0.37016129,0.0,0.075,0.0
2025-05-30 01:00:00,0.11,0.0,4.433353459770114,0.0,0.37016129,0.0,0.071,0.0
2025-05-30 02:00:00,0.12,0.0,4.313353459770114,0.0,0.37016129,0.0,0.071,0.0
2025-05-30 03:00:00,0.1,0.0,4.213353459770114,0.0,0.37016129,0.0,0.071,0.0
2025-05-30 04:00:00,0.11,0.0,4.103353459770114,0.0,0.37016129,0.0,0.072,0.0
2025-05-30 05:00:00,0.11,0.138636,4.1319894597701134,0.0,0.37016129,0.0,0.069,0.0
2025-05-30 06:00:00,0.16,0.890154,4.862143459770113,0.0,0.37016129,0.0,0.065,0.0
2025-05-30 07:00:00,0.53,2.253243,6.585386459770113,0.0,0.37016129,0.0,0.06,0.0
2025-05-30 08:00:00,0.25,1.153087,7.4884734597701135,0.0,0.37016129,0.0,0.029,0.0
2025-05-30 09:00:00,0.15,1.385001,8.723474459770113,0.0,0.37016129,0.0,0.016,0.0
2025-05-30 10:00:00,2.57,1.634119,7.787593459770113,0.0,0.37016129,0.0,0.012,0.0
2025-05-30 11:00:00,3.009096153846154,2.498587,7.2770843059239585,0.0,0.37016129,0.0,0.016,0.0
2025-05-30 12:00:00,3.309096153846154,3.910875,7.8788631520778045,0.0,0.37016129,0.0,0.013,0.0
2025-05-30 13:00:00,3.059096153846154,5.196768,10.01653499823165,0.0,0.37016129,0.0,0.009,0.0
2025-05-30 14:00:00,2.48,4.614129,12.15066399823165,0.0,0.37016129,0.0,0.009,0.0
2025-05-30 15:00:00,0.22,3.753707,13.5,0.0,0.38016129,3.5337069999999997,0.007,-0.024735949
2025-05-30 16:00:00,0.16,2.593845,13.5,0.0,0.40016129,2.433845,0.014,-0.03407383
2025-05-30 17:00:00,1.7357097701149424,1.191767,12.956057229885058,0.0,0.40016129,0.0,0.033,0.0
2025-05-30 18:00:00,1.9757097701149424,0.200741,11.181088459770116,0.0,0.40016129,0.0,0.08,0.0
2025-05-30 19:00:00,0.2299999999999999,0.0,10.951088459770116,0.0,0.40016129,0.0,0.082,0.0
2025-05-30 20:00:00,0.21,0.0,10.741088459770117,0.0,0.40016129,0.0,0.073,0.0
2025-05-30 21:00:00,0.18,0.0,10.561088459770115,0.0,0.38016129,0.0,0.07,0.0
2025-05-30 22:00:00,0.22,0.0,10.341088459770114,0.0,0.38016129,0.0,0.069,0.0
2025-05-30 23:00:00,0.22,0.0,10.121088459770114,0.0,0.38016129,0.0,0.072,0.0
2025-05-31 00:00:00,0.2,0.0,9.921088459770116,0.0,0.37016129,0.0,0.075,0.0
2025-05-31 01:00:00,0.19,0.0,9.731088459770117,0.0,0.37016129,0.0,0.071,0.0
2025-05-31 02:00:00,0.86,0.0,8.871088459770116,0.0,0.37016129,0.0,0.071,0.0
2025-05-31 03:00:00,1.02,0.0,7.851088459770116,0.0,0.37016129,0.0,0.071,0.0
2025-05-31 04:00:00,0.7000000000000001,0.0,7.151088459770116,0.0,0.37016129,0.0,0.072,0.0
2025-05-31 05:00:00,1.07,0.130741,6.211829459770116,0.0,0.37016129,0.0,0.069,0.0
2025-05-31 06:00:00,0.2,0.918633,6.930462459770116,0.0,0.37016129,0.0,0.065,0.0
2025-05-31 07:00:00,0.24,0.6742999999999999,7.364762459770116,0.0,0.37016129,0.0,0.06,0.0
2025-05-31 08:00:00,0.14,1.471831,8.696593459770115,0.0,0.37016129,0.0,0.029,0.0
2025-05-31 09:00:00,1.89,2.034813,8.841406459770116,0.0,0.37016129,0.0,0.016,0.0
2025-05-31 10:00:00,4.76,3.555242,7.636648459770116,0.0,0.37016129,0.0,0.012,0.0
2025-05-31 11:00:00,3.179096153846154,5.333333,9.79088530592396,0.0,0.37016129,0.0,0.016,0.0
2025-05-31 12:00:00,3.019096153846154,5.333333,12.105122152077808,0.0,0.37016129,0.0,0.013,0.0
2025-05-31 13:00:00,3.119096153846154,5.333333,13.5,0.0,0.37016129,2.2142368461538458,0.009,-0.01992813161538461
2025-05-31 14:00:00,2.44,4.741479999999999,13.5,0.0,0.37016129,2.3014799999999993,0.009,-0.020713319999999993
2025-05-31 15:00:00,0.11,3.835899,13.5,0.0,0.38016129,3.725899,0.007,-0.026081293000000002
2025-05-31 16:00:00,0.12,2.68539,13.5,0.0,0.40016129,2.56539,0.014,-0.035915459999999996
2025-05-31 17:00:00,1.7157097701149426,1.2358399999999998,13.020130229885057,0.0,0.40016129,0.0,0.033,0.0
2025-05-31 18:00:00,1.9257097701149424,0.201601,11.296021459770117,0.0,0.40016129,0.0,0.08,0.0
2025-05-31 19:00:00,0.15,0.0,11.146021459770116,0.0,0.40016129,0.0,0.082,0.0
2025-05-31 20:00:00,0.14,0.0,11.006021459770114,0.0,0.40016129,0.0,0.073,0.0
2025-05-31 21:00:00,0.11,0.0,10.896021459770116,0.0,0.38016129,0.0,0.07,0.0
2025-05-31 22:00:00,0.62,0.0,10.276021459770115,0.0,0.38016129,0.0,0.069,0.0
2025-05-31 23:00:00,0.8,0.0,9.476021459770116,0.0,0.38016129,0.0,0.072,0.0
2025-05-31 23:59:59,0.1,0.0,9.476021459770116,0.1,150.0,0.0,0.0,15.0
2025-06-01 00:00:00,0.22,0.0,9.256021459770114,0.0,0.420833333,0.0,0.07927,0.0
2025-06-01 01:00:00,1.01,0.0,8.246021459770114,0.0,0.420833333,0.0,0.07407,0.0
2025-06-01 02:00:00,0.58,0.0,7.666021459770114,0.0,0.420833333,0.0,0.07337,0.0
2025-06-01 03:00:00,1.03,0.0,6.636021459770114,0.0,0.420833333,0.0,0.076,0.0
2025-06-01 04:00:00,1.11,0.0,5.526021459770114,0.0,0.420833333,0.0,0.07453,0.0
2025-06-01 05:00:00,0.8400000000000001,0.125029,4.811050459770113,0.0,0.420833333,0.0,0.0774,0.0
2025-06-01 06:00:00,0.71,0.8834529999999999,4.984503459770114,0.0,0.420833333,0.0,0.07575,0.0
2025-06-01 07:00:00,0.62,2.29647,6.660973459770114,0.0,0.420833333,0.0,0.07118,0.0
2025-06-01 08:00:00,0.7,3.525262,9.486235459770114,0.0,0.420833333,0.0,0.05545,0.0
2025-06-01 09:00:00,0.23,4.459956,13.5,0.0,0.420833333,4.229956,0.04501,-0.19039031956
2025-06-01 10:00:00,2.6599999999999997,5.130979999999999,13.5,0.0,0.420833333,2.4709799999999995,0.04187,-0.10345993259999997
2025-06-01 11:00:00,2.923153846153846,5.333333,13.5,0.0,0.420833333,2.4101791538461534,0.04093,-0.09864863276692307
2025-06-01 12:00:00,3.143153846153846,5.333333,13.5,0.0,0.420833333,2.1901791538461537,0.03947,-0.08644637120230768
2025-06-01 13:00:00,2.973153846153846,5.294213,13.5,0.0,0.420833333,2.321059153846154,0.04408,-0.10231228750153847
2025-06-01 14:00:00,2.52,4.699199999999999,13.5,0.0,0.420833333,2.1791999999999994,0.0408,-0.08891135999999998
2025-06-01 15:00:00,0.73,3.803632,13.5,0.0,0.470833333,3.073632,0.0384,-0.1180274688
2025-06-01 16:00:00,0.85,2.638681,13.5,0.0,0.630833333,1.788681,0.12416,-0.22208263296
2025-06-01 17:00:00,1.5078045977011496,1.21726,13.20945540229885,0.0,0.630833333,0.0,0.22896,0.0
2025-06-01 18:00:00,3.59780459770115,0.202357,9.8140078045977,0.0,0.630833333,0.0,0.26699,0.0
2025-06-01 19:00:00,0.6599999999999999,0.0,9.1540078045977,0.0,0.630833333,0.0,0.26207,0.0
2025-06-01 20:00:00,0.26,0.0,8.8940078045977,0.0,0.630833333,0.0,0.17572,0.0
2025-06-01 21:00:00,0.64,0.0,8.2540078045977,0.0,0.470833333,0.0,0.08224,0.0
2025-06-01 22:00:00,1.54,0.0,6.7140078045977,0.0,0.470833333,0.0,0.07558,0.0
2025-06-01 23:00:00,0.25,0.0,6.4640078045977,0.0,0.470833333,0.0,0.07432,0.0
2025-06-02 00:00:00,0.32,0.0,6.1440078045977,0.0,0.420833333,0.0,0.07927,0.0
2025-06-02 01:00:00,0.24,0.0,5.9040078045977,0.0,0.420833333,0.0,0.07407,0.0
2025-06-02 02:00:00,1.0,0.0,4.9040078045977,0.0,0.420833333,0.0,0.07337,0.0
2025-06-02 03:00:00,0.67,0.0,4.2340078045977,0.0,0.420833333,0.0,0.076,0.0
2025-06-02 04:00:00,0.8200000000000001,0.0,3.4140078045976994,0.0,0.420833333,0.0,0.07453,0.0
2025-06-02 05:00:00,1.03,0.130218,2.5142258045976993,0.0,0.420833333,0.0,0.0774,0.0
2025-06-02 06:00:00,0.69,0.8969020000000001,2.7211278045976997,0.0,0.420833333,0.0,0.07575,0.0
2025-06-02 07:00:00,0.97,2.3200010000000004,4.0711288045977,0.0,0.420833333,0.0,0.07118,0.0
2025-06-02 08:00:00,0.37,3.5709180000000003,7.2720468045977,0.0,0.420833333,0.0,0.05545,0.0
2025-06-02 09:00:00,0.41,4.5275479999999995,11.3895948045977,0.0,0.420833333,0.0,0.04501,0.0
2025-06-02 10:00:00,0.19,5.2253,13.5,0.0,0.420833333,5.035299999999999,0.04187,-0.21082801099999995
2025-06-02 11:00:00,0.6231538461538462,5.333333,13.5,0.0,0.420833333,4.710179153846154,0.04093,-0.19278763276692307
2025-06-02 12:00:00,1.1631538461538462,5.333333,13.5,0.0,0.420833333,4.170179153846154,0.03947,-0.16459697120230768
2025-06-02 13:00:00,1.0331538461538463,5.333333,13.5,0.0,0.420833333,4.300179153846154,0.04408,-0.18955189710153844
2025-06-02 14:00:00,0.7,4.813167,13.5,0.0,0.420833333,4.113167,0.0408,-0.16781721360000001
2025-06-02 15:00:00,0.47,3.919623,13.5,0.0,0.470833333,3.449623,0.0384,-0.1324655232
2025-06-02 16:00:00,0.22,2.733589,13.5,0.0,0.630833333,2.5135889999999996,0.12416,-0.31208721023999997
2025-06-02 17:00:00,1.2978045977011496,1.270116,13.47231140229885,0.0,0.630833333,0.0,0.22896,0.0
2025-06-02 18:00:00,1.3578045977011497,0.205821,12.3203278045977,0.0,0.630833333,0.0,0.26699,0.0
2025-06-02 19:00:00,0.54,0.0,11.7803278045977,0.0,0.630833333,0.0,0.26207,0.0
2025-06-02 20:00:00,0.6900000000000001,0.0,11.0903278045977,0.0,0.630833333,0.0,0.17572,0.0
2025-06-02 21:00:00,0.43,0.0,10.6603278045977,0.0,0.470833333,0.0,0.08224,0.0
2025-06-02 22:00:00,0.26,0.0,10.4003278045977,0.0,0.470833333,0.0,0.07558,0.0
2025-06-02 23:00:00,0.2299999999999999,0.0,10.1703278045977,0.0,0.470833333,0.0,0.07432,0.0
2025-06-03 00:00:00,0.22,0.0,9.9503278045977,0.0,0.420833333,0.0,0.07927,0.0
2025-06-03 01:00:00,0.22,0.0,9.7303278045977,0.0,0.420833333,0.0,0.07407,0.0
2025-06-03 02:00:00,0.22,0.0,9.5103278045977,0.0,0.420833333,0.0,0.07337,0.0
2025-06-03 03:00:00,0.2299999999999999,0.0,9.280327804597698,0.0,0.420833333,0.0,0.076,0.0
2025-06-03 04:00:00,0.96,0.0,8.3203278045977,0.0,0.420833333,0.0,0.07453,0.0
2025-06-03 05:00:00,0.56,0.139096,7.899423804597699,0.0,0.420833333,0.0,0.0774,0.0
2025-06-03 06:00:00,0.57,0.060245,7.389668804597699,0.0,0.420833333,0.0,0.07575,0.0
2025-06-03 07:00:00,0.2,0.707921,7.897589804597699,0.0,0.420833333,0.0,0.07118,0.0
2025-06-03 08:00:00,0.11,2.0582249999999997,9.845814804597698,0.0,0.420833333,0.0,0.05545,0.0
2025-06-03 09:00:00,0.1,1.213709,10.959523804597698,0.0,0.420833333,0.0,0.04501,0.0
2025-06-03 10:00:00,0.1,1.908653,12.768176804597696,0.0,0.420833333,0.0,0.04187,0.0
2025-06-03 11:00:00,0.4831538461538462,1.810674,13.5,0.0,0.420833333,1.3275201538461536,0.04093,-0.05433539989692307
2025-06-03 12:00:00,0.4831538461538462,3.232531,13.5,0.0,0.420833333,2.7493771538461536,0.03947,-0.10851791626230768
2025-06-03 13:00:00,0.4931538461538462,5.333333,13.5,0.0,0.420833333,4.840179153846154,0.04408,-0.21335509710153847
2025-06-03 14:00:00,0.11,4.749027,13.5,0.0,0.420833333,4.639027,0.0408,-0.1892723016
2025-06-03 15:00:00,0.11,2.586835,13.5,0.0,0.470833333,2.4768350000000003,0.0384,-0.095110464
2025-06-03 16:00:00,0.11,2.708433,13.5,0.0,0.630833333,2.598433,0.12416,-0.32262144128000003
2025-06-03 17:00:00,1.1978045977011498,1.258193,13.5,0.0,0.630833333,0.06038840229885012,0.22896,-0.013826528590344724
2025-06-03 18:00:00,1.2878045977011496,0.202612,12.41480740229885,0.0,0.630833333,0.0,0.26699,0.0
2025-06-03 19:00:00,0.16,0.0,12.25480740229885,0.0,0.630833333,0.0,0.26207,0.0
2025-06-03 20:00:00,0.15,0.0,12.10480740229885,0.0,0.630833333,0.0,0.17572,0.0
2025-06-03 21:00:00,0.11,0.0,11.99480740229885,0.0,0.470833333,0.0,0.08224,0.0
2025-06-03 22:00:00,0.22,0.0,11.77480740229885,0.0,0.470833333,0.0,0.07558,0.0
2025-06-03 23:00:00,0.19,0.0,11.58480740229885,0.0,0.470833333,0.0,0.07432,0.0
2025-06-04 00:00:00,0.19,0.0,11.39480740229885,0.0,0.420833333,0.0,0.07927,0.0
2025-06-04 01:00:00,0.61,0.0,10.784807402298853,0.0,0.420833333,0.0,0.07407,0.0
2025-06-04 02:00:00,0.95,0.0,9.834807402298852,0.0,0.420833333,0.0,0.07337,0.0
2025-06-04 03:00:00,0.72,0.0,9.114807402298853,0.0,0.420833333,0.0,0.076,0.0
2025-06-04 04:00:00,1.28,0.0,7.834807402298851,0.0,0.420833333,0.0,0.07453,0.0
2025-06-04 05:00:00,0.66,0.134742,7.309549402298851,0.0,0.420833333,0.0,0.0774,0.0
2025-06-04 06:00:00,0.5700000000000001,0.899273,7.638822402298851,0.0,0.420833333,0.0,0.07575,0.0
2025-06-04 07:00:00,0.59,0.5445220000000001,7.59334440229885,0.0,0.420833333,0.0,0.07118,0.0
2025-06-04 08:00:00,0.2299999999999999,0.8320489999999999,8.195393402298851,0.0,0.420833333,0.0,0.05545,0.0
2025-06-04 09:00:00,0.36,1.194278,9.02967140229885,0.0,0.420833333,0.0,0.04501,0.0
2025-06-04 10:00:00,2.53,1.530674,8.03034540229885,0.0,0.420833333,0.0,0.04187,0.0
2025-06-04 11:00:00,2.903153846153846,2.431404,7.558595556145004,0.0,0.420833333,0.0,0.04093,0.0
2025-06-04 12:00:00,2.903153846153846,2.294892,6.950333709991158,0.0,0.420833333,0.0,0.03947,0.0
2025-06-04 13:00:00,2.903153846153846,3.697362,7.744541863837312,0.0,0.420833333,0.0,0.04408,0.0
2025-06-04 14:00:00,2.52,4.803403,10.027944863837313,0.0,0.420833333,0.0,0.0408,0.0
2025-06-04 15:00:00,0.2299999999999999,3.922133,13.5,0.0,0.470833333,3.692133,0.0384,-0.1417779072
2025-06-04 16:00:00,0.2299999999999999,2.7656799999999997,13.5,0.0,0.630833333,2.5356799999999997,0.12416,-0.3148300288
2025-06-04 17:00:00,1.2478045977011496,1.291762,13.5,0.0,0.630833333,0.04395740229885048,0.22896,-0.010064486830344806
2025-06-04 18:00:00,1.2678045977011496,0.171092,12.40328740229885,0.0,0.630833333,0.0,0.26699,0.0
2025-06-04 19:00:00,0.14,0.0,12.26328740229885,0.0,0.630833333,0.0,0.26207,0.0
2025-06-04 20:00:00,0.14,0.0,12.12328740229885,0.0,0.630833333,0.0,0.17572,0.0
2025-06-04 21:00:00,0.29,0.0,11.83328740229885,0.0,0.470833333,0.0,0.08224,0.0
2025-06-04 22:00:00,0.29,0.0,11.543287402298851,0.0,0.470833333,0.0,0.07558,0.0
2025-06-04 23:00:00,0.22,0.0,11.32328740229885,0.0,0.470833333,0.0,0.07432,0.0
2025-06-05 00:00:00,0.2,0.0,11.123287402298851,0.0,0.420833333,0.0,0.07927,0.0
2025-06-05 01:00:00,0.2,0.0,10.923287402298852,0.0,0.420833333,0.0,0.07407,0.0
2025-06-05 02:00:00,0.2,0.0,10.723287402298851,0.0,0.420833333,0.0,0.07337,0.0
2025-06-05 03:00:00,0.47,0.0,10.253287402298852,0.0,0.420833333,0.0,0.076,0.0
2025-06-05 04:00:00,0.5599999999999999,0.0,9.693287402298852,0.0,0.420833333,0.0,0.07453,0.0
2025-06-05 05:00:00,0.67,0.104323,9.127610402298853,0.0,0.420833333,0.0,0.0774,0.0
2025-06-05 06:00:00,0.64,0.864919,9.352529402298853,0.0,0.420833333,0.0,0.07575,0.0
2025-06-05 07:00:00,0.53,0.807697,9.630226402298852,0.0,0.420833333,0.0,0.07118,0.0
2025-06-05 08:00:00,0.23,1.386952,10.787178402298853,0.0,0.420833333,0.0,0.05545,0.0
2025-06-05 09:00:00,0.47,0.0,10.317178402298852,0.0,0.420833333,0.0,0.04501,0.0
2025-06-05 10:00:00,0.65,5.172055,13.5,0.0,0.420833333,4.522055,0.04187,-0.18933844284999998
2025-06-05 11:00:00,1.1431538461538462,2.832721,13.5,0.0,0.420833333,1.6895671538461536,0.04093,-0.06915398360692307
2025-06-05 12:00:00,0.8831538461538462,2.214152,13.5,0.0,0.420833333,1.3309981538461537,0.03947,-0.052534497132307685
2025-06-05 13:00:00,0.6031538461538463,2.617883,13.5,0.0,0.420833333,2.0147291538461536,0.04408,-0.08880926110153846
2025-06-05 14:00:00,0.3,3.132015,13.5,0.0,0.420833333,2.832015,0.0408,-0.11554621200000001
2025-06-05 15:00:00,0.25,3.210285,13.5,0.0,0.470833333,2.960285,0.0384,-0.11367494399999999
2025-06-05 16:00:00,0.21,2.398875,13.5,0.0,0.630833333,2.188875,0.12416,-0.27177072
2025-06-05 17:00:00,1.3078045977011497,1.24555,13.43774540229885,0.0,0.630833333,0.0,0.22896,0.0
2025-06-05 18:00:00,1.3778045977011495,0.214118,12.2740588045977,0.0,0.630833333,0.0,0.26699,0.0
2025-06-05 19:00:00,0.12,0.0,12.1540588045977,0.0,0.630833333,0.0,0.26207,0.0
2025-06-05 20:00:00,0.44,0.0,11.714058804597702,0.0,0.630833333,0.0,0.17572,0.0
2025-06-05 21:00:00,0.14,0.0,11.5740588045977,0.0,0.470833333,0.0,0.08224,0.0
2025-06-05 22:00:00,0.22,0.0,11.3540588045977,0.0,0.470833333,0.0,0.07558,0.0
2025-06-05 23:00:00,0.21,0.0,11.1440588045977,0.0,0.470833333,0.0,0.07432,0.0
2025-06-06 00:00:00,0.21,0.0,10.9340588045977,0.0,0.420833333,0.0,0.07927,0.0
2025-06-06 01:00:00,0.2,0.0,10.7340588045977,0.0,0.420833333,0.0,0.07407,0.0
2025-06-06 02:00:00,0.27,0.0,10.4640588045977,0.0,0.420833333,0.0,0.07337,0.0
2025-06-06 03:00:00,0.25,0.0,10.2140588045977,0.0,0.420833333,0.0,0.076,0.0
2025-06-06 04:00:00,0.19,0.0,10.0240588045977,0.0,0.420833333,0.0,0.07453,0.0
2025-06-06 05:00:00,0.19,0.114483,9.9485418045977,0.0,0.420833333,0.0,0.0774,0.0
2025-06-06 06:00:00,0.21,0.878577,10.617118804597702,0.0,0.420833333,0.0,0.07575,0.0
2025-06-06 07:00:00,0.29,2.333678,12.660796804597702,0.0,0.420833333,0.0,0.07118,0.0
2025-06-06 08:00:00,0.1699999999999999,3.5987910000000003,13.5,0.0,0.420833333,3.4287910000000004,0.05545,-0.19012646095000002
2025-06-06 09:00:00,0.11,4.572859,13.5,0.0,0.420833333,4.462859,0.04501,-0.20087328359
2025-06-06 10:00:00,2.4,5.256226,13.5,0.0,0.420833333,2.856226,0.04187,-0.11959018261999999
2025-06-06 11:00:00,2.803153846153846,5.333333,13.5,0.0,0.420833333,2.5301791538461536,0.04093,-0.10356023276692307
2025-06-06 12:00:00,2.833153846153846,5.333333,13.5,0.0,0.420833333,2.5001791538461537,0.03947,-0.09868207120230768
2025-06-06 13:00:00,2.793153846153846,5.333333,13.5,0.0,0.420833333,2.540179153846154,0.04408,-0.11197109710153846
2025-06-06 14:00:00,2.5,4.782879,13.5,0.0,0.420833333,2.2828790000000003,0.0408,-0.09314146320000002
2025-06-06 15:00:00,0.17,3.882447,13.5,0.0,0.470833333,3.712447,0.0384,-0.1425579648
2025-06-06 16:00:00,0.14,2.708824,13.5,0.0,0.630833333,2.5688239999999998,0.12416,-0.31894518784
2025-06-06 17:00:00,1.2078045977011498,1.2616489999999998,13.5,0.0,0.630833333,0.053844402298850014,0.22896,-0.012328214350344698
2025-06-06 18:00:00,1.3778045977011495,0.177612,12.29980740229885,0.0,0.630833333,0.0,0.26699,0.0
2025-06-06 19:00:00,0.67,0.0,11.62980740229885,0.0,0.630833333,0.0,0.26207,0.0
2025-06-06 20:00:00,1.56,0.0,10.06980740229885,0.0,0.630833333,0.0,0.17572,0.0
2025-06-06 21:00:00,0.28,0.0,9.78980740229885,0.0,0.470833333,0.0,0.08224,0.0
2025-06-06 22:00:00,0.17,0.0,9.61980740229885,0.0,0.470833333,0.0,0.07558,0.0
2025-06-06 23:00:00,0.1,0.0,9.51980740229885,0.0,0.470833333,0.0,0.07432,0.0
2025-06-07 00:00:00,0.11,0.0,9.409807402298853,0.0,0.420833333,0.0,0.07927,0.0
2025-06-07 01:00:00,0.1,0.0,9.309807402298851,0.0,0.420833333,0.0,0.07407,0.0
2025-06-07 02:00:00,0.1,0.0,9.209807402298852,0.0,0.420833333,0.0,0.07337,0.0
2025-06-07 03:00:00,0.1,0.0,9.109807402298852,0.0,0.420833333,0.0,0.076,0.0
2025-06-07 04:00:00,0.11,0.0,8.999807402298853,0.0,0.420833333,0.0,0.07453,0.0
2025-06-07 05:00:00,0.11,0.120269,9.010076402298852,0.0,0.420833333,0.0,0.0774,0.0
2025-06-07 06:00:00,0.11,0.889649,9.789725402298853,0.0,0.420833333,0.0,0.07575,0.0
2025-06-07 07:00:00,2.1799999999999997,2.3687600000000004,9.978485402298851,0.0,0.420833333,0.0,0.07118,0.0
2025-06-07 08:00:00,2.34,3.663149,11.301634402298852,0.0,0.420833333,0.0,0.05545,0.0
2025-06-07 09:00:00,0.21,4.659604,13.5,0.0,0.420833333,4.449604,0.04501,-0.20027667604
2025-06-07 10:00:00,2.4,5.333333,13.5,0.0,0.420833333,2.9333329999999997,0.04187,-0.12281865270999998
2025-06-07 11:00:00,2.5577179487179484,5.333333,13.5,0.0,0.420833333,2.775615051282051,0.04093,-0.11360592404897436
2025-06-07 12:00:00,2.687717948717949,5.333333,13.5,0.0,0.420833333,2.645615051282051,0.03947,-0.10442242607410254
2025-06-07 13:00:00,2.5877179487179487,5.333333,13.5,0.0,0.420833333,2.745615051282051,0.04408,-0.1210267114605128
2025-06-07 14:00:00,2.84,4.956537,13.5,0.0,0.420833333,2.116537,0.0408,-0.08635470960000001
2025-06-07 15:00:00,0.6799999999999999,4.048734,13.5,0.0,0.470833333,3.368734,0.0384,-0.1293593856
2025-06-07 16:00:00,0.25,2.847527,13.5,0.0,0.630833333,2.597527,0.12416,-0.32250895232
2025-06-07 17:00:00,0.6426015325670499,1.34045,13.5,0.0,0.630833333,0.69784846743295,0.22896,-0.15977938510344825
2025-06-07 18:00:00,0.92260153256705,0.21072,12.78811846743295,0.0,0.630833333,0.0,0.26699,0.0
2025-06-07 19:00:00,0.37,0.0,12.41811846743295,0.0,0.630833333,0.0,0.26207,0.0
2025-06-07 20:00:00,0.51,0.0,11.908118467432953,0.0,0.630833333,0.0,0.17572,0.0
2025-06-07 21:00:00,0.24,0.0,11.66811846743295,0.0,0.470833333,0.0,0.08224,0.0
2025-06-07 22:00:00,0.17,0.0,11.49811846743295,0.0,0.470833333,0.0,0.07558,0.0
2025-06-07 23:00:00,0.1,0.0,11.398118467432951,0.0,0.470833333,0.0,0.07432,0.0
2025-06-08 00:00:00,0.1,0.0,11.298118467432952,0.0,0.420833333,0.0,0.07927,0.0
2025-06-08 01:00:00,0.1,0.0,11.198118467432952,0.0,0.420833333,0.0,0.07407,0.0
2025-06-08 02:00:00,0.11,0.0,11.088118467432952,0.0,0.420833333,0.0,0.07337,0.0
2025-06-08 03:00:00,0.27,0.0,10.818118467432951,0.0,0.420833333,0.0,0.076,0.0
2025-06-08 04:00:00,0.55,0.0,10.268118467432952,0.0,0.420833333,0.0,0.07453,0.0
2025-06-08 05:00:00,0.8300000000000001,0.130496,9.568614467432951,0.0,0.420833333,0.0,0.0774,0.0
2025-06-08 06:00:00,0.87,0.882419,9.58103346743295,0.0,0.420833333,0.0,0.07575,0.0
2025-06-08 07:00:00,0.4,2.31786,11.49889346743295,0.0,0.420833333,0.0,0.07118,0.0
2025-06-08 08:00:00,0.98,3.592551,13.5,0.0,0.420833333,2.612551,0.05545,-0.14486595295
2025-06-08 09:00:00,0.74,4.572553,13.5,0.0,0.420833333,3.832553,0.04501,-0.17250321053
2025-06-08 10:00:00,2.5,5.284331,13.5,0.0,0.420833333,2.784331,0.04187,-0.11657993896999999
2025-06-08 11:00:00,2.6177179487179485,5.333333,13.5,0.0,0.420833333,2.715615051282051,0.04093,-0.11115012404897436
2025-06-08 12:00:00,2.6177179487179485,5.333333,13.5,0.0,0.420833333,2.715615051282051,0.03947,-0.10718532607410255
2025-06-08 13:00:00,2.6277179487179487,3.662223,13.5,0.0,0.420833333,1.0345050512820513,0.04408,-0.04560098266051282
2025-06-08 14:00:00,2.49,4.8502,13.5,0.0,0.420833333,2.3602,0.0408,-0.09629616
2025-06-08 15:00:00,0.2,3.935379,13.5,0.0,0.470833333,3.735379,0.0384,-0.1434385536
2025-06-08 16:00:00,0.32,2.74533,13.5,0.0,0.630833333,2.42533,0.12416,-0.30112897280000006
2025-06-08 17:00:00,0.5626015325670499,1.047882,13.5,0.0,0.630833333,0.48528046743295006,0.22896,-0.11110981582344824
2025-06-08 18:00:00,0.5726015325670499,0.2566859999999999,13.18408446743295,0.0,0.630833333,0.0,0.26699,0.0
2025-06-08 19:00:00,0.21,0.0,12.974084467432949,0.0,0.630833333,0.0,0.26207,0.0
2025-06-08 20:00:00,0.21,0.0,12.764084467432948,0.0,0.630833333,0.0,0.17572,0.0
2025-06-08 21:00:00,0.21,0.0,12.554084467432949,0.0,0.470833333,0.0,0.08224,0.0
2025-06-08 22:00:00,0.19,0.0,12.364084467432948,0.0,0.470833333,0.0,0.07558,0.0
2025-06-08 23:00:00,0.2,0.0,12.164084467432948,0.0,0.470833333,0.0,0.07432,0.0
2025-06-09 00:00:00,0.19,0.0,11.974084467432949,0.0,0.420833333,0.0,0.07927,0.0
2025-06-09 01:00:00,0.19,0.0,11.78408446743295,0.0,0.420833333,0.0,0.07407,0.0
2025-06-09 02:00:00,0.19,0.0,11.59408446743295,0.0,0.420833333,0.0,0.07337,0.0
2025-06-09 03:00:00,0.19,0.0,11.40408446743295,0.0,0.420833333,0.0,0.076,0.0
2025-06-09 04:00:00,0.54,0.0,10.86408446743295,0.0,0.420833333,0.0,0.07453,0.0
2025-06-09 05:00:00,0.19,0.143648,10.817732467432949,0.0,0.420833333,0.0,0.0774,0.0
2025-06-09 06:00:00,0.86,0.8839600000000001,10.84169246743295,0.0,0.420833333,0.0,0.07575,0.0
2025-06-09 07:00:00,0.29,2.215859,12.767551467432948,0.0,0.420833333,0.0,0.07118,0.0
2025-06-09 08:00:00,0.46,3.424163,13.5,0.0,0.420833333,2.964163,0.05545,-0.16436283835
2025-06-09 09:00:00,0.46,4.34384,13.5,0.0,0.420833333,3.88384,0.04501,-0.17481163840000002
2025-06-09 10:00:00,0.2,5.020283999999999,13.5,0.0,0.420833333,4.820283999999999,0.04187,-0.20182529107999994
2025-06-09 11:00:00,0.3177179487179488,2.677904,13.5,0.0,0.420833333,2.360186051282051,0.04093,-0.09660241507897435
2025-06-09 12:00:00,0.3277179487179488,2.45579,13.5,0.0,0.420833333,2.128072051282051,0.03947,-0.08399500386410255
2025-06-09 13:00:00,0.3177179487179488,3.133068,13.5,0.0,0.420833333,2.8153500512820515,0.04408,-0.12410063026051284
2025-06-09 14:00:00,0.18,2.032236,13.5,0.0,0.420833333,1.8522360000000002,0.0408,-0.07557122880000001
2025-06-09 15:00:00,0.19,2.1613719999999996,13.5,0.0,0.470833333,1.9713719999999997,0.0384,-0.07570068479999999
2025-06-09 16:00:00,0.2,1.918672,13.5,0.0,0.630833333,1.718672,0.12416,-0.21339031552
2025-06-09 17:00:00,0.5526015325670499,1.285588,13.5,0.0,0.630833333,0.73298646743295,0.22896,-0.16782458158344823
2025-06-09 18:00:00,0.5726015325670499,0.245214,13.17261246743295,0.0,0.630833333,0.0,0.26699,0.0
2025-06-09 19:00:00,0.22,0.0,12.95261246743295,0.0,0.630833333,0.0,0.26207,0.0
2025-06-09 20:00:00,0.21,0.0,12.742612467432949,0.0,0.630833333,0.0,0.17572,0.0
2025-06-09 21:00:00,0.21,0.0,12.532612467432948,0.0,0.470833333,0.0,0.08224,0.0
2025-06-09 22:00:00,0.19,0.0,12.342612467432948,0.0,0.470833333,0.0,0.07558,0.0
2025-06-09 23:00:00,0.18,0.0,12.162612467432949,0.0,0.470833333,0.0,0.07432,0.0
2025-06-10 00:00:00,0.38,0.0,11.782612467432948,0.0,0.420833333,0.0,0.07927,0.0
2025-06-10 01:00:00,0.62,0.0,11.162612467432949,0.0,0.420833333,0.0,0.07407,0.0
2025-06-10 02:00:00,0.19,0.0,10.972612467432947,0.0,0.420833333,0.0,0.07337,0.0
2025-06-10 03:00:00,0.49,0.0,10.482612467432949,0.0,0.420833333,0.0,0.076,0.0
2025-06-10 04:00:00,0.63,0.0,9.852612467432948,0.0,0.420833333,0.0,0.07453,0.0
2025-06-10 05:00:00,0.56,0.096651,9.389263467432947,0.0,0.420833333,0.0,0.0774,0.0
2025-06-10 06:00:00,0.5499999999999999,0.470092,9.309355467432948,0.0,0.420833333,0.0,0.07575,0.0
2025-06-10 07:00:00,0.63,0.70504,9.384395467432949,0.0,0.420833333,0.0,0.07118,0.0
2025-06-10 08:00:00,0.6,1.018794,9.803189467432947,0.0,0.420833333,0.0,0.05545,0.0
2025-06-10 09:00:00,0.19,1.2551020000000002,10.868291467432948,0.0,0.420833333,0.0,0.04501,0.0
2025-06-10 10:00:00,0.5,1.538377,11.906668467432947,0.0,0.420833333,0.0,0.04187,0.0
2025-06-10 11:00:00,0.3177179487179488,1.913803,13.5,0.0,0.420833333,1.596085051282051,0.04093,-0.06532776114897434
2025-06-10 12:00:00,0.3177179487179488,1.803913,13.5,0.0,0.420833333,1.4861950512820514,0.03947,-0.05866011867410257
2025-06-10 13:00:00,0.3277179487179488,3.677148,13.5,0.0,0.420833333,3.349430051282051,0.04408,-0.14764287666051282
2025-06-10 14:00:00,0.19,4.7369650000000005,13.5,0.0,0.420833333,4.546965,0.0408,-0.185516172
2025-06-10 15:00:00,0.19,3.883706,13.5,0.0,0.470833333,3.693706,0.0384,-0.1418383104
2025-06-10 16:00:00,0.19,2.7316439999999997,13.5,0.0,0.630833333,2.541644,0.12416,-0.31557051904
2025-06-10 17:00:00,0.5526015325670499,1.305442,13.5,0.0,0.630833333,0.7528404674329501,0.22896,-0.17237035342344825
2025-06-10 18:00:00,0.5726015325670499,0.243437,13.17083546743295,0.0,0.630833333,0.0,0.26699,0.0
2025-06-10 19:00:00,0.21,0.0,12.960835467432949,0.0,0.630833333,0.0,0.26207,0.0
2025-06-10 20:00:00,0.21,0.0,12.750835467432948,0.0,0.630833333,0.0,0.17572,0.0
2025-06-10 21:00:00,0.21,0.0,12.540835467432949,0.0,0.470833333,0.0,0.08224,0.0
2025-06-10 22:00:00,0.19,0.0,12.350835467432947,0.0,0.470833333,0.0,0.07558,0.0
2025-06-10 23:00:00,0.47,0.0,11.880835467432949,0.0,0.470833333,0.0,0.07432,0.0
2025-06-11 00:00:00,0.62,0.0,11.260835467432948,0.0,0.420833333,0.0,0.07927,0.0
2025-06-11 01:00:00,0.64,0.0,10.620835467432949,0.0,0.420833333,0.0,0.07407,0.0
2025-06-11 02:00:00,0.8699999999999999,0.0,9.750835467432948,0.0,0.420833333,0.0,0.07337,0.0
2025-06-11 03:00:00,0.55,0.0,9.200835467432947,0.0,0.420833333,0.0,0.076,0.0
2025-06-11 04:00:00,0.5499999999999999,0.0,8.650835467432946,0.0,0.420833333,0.0,0.07453,0.0
2025-06-11 05:00:00,0.5599999999999999,0.158076,8.248911467432947,0.0,0.420833333,0.0,0.0774,0.0
2025-06-11 06:00:00,0.93,0.905909,8.224820467432947,0.0,0.420833333,0.0,0.07575,0.0
2025-06-11 07:00:00,0.5599999999999999,2.280471,9.945291467432948,0.0,0.420833333,0.0,0.07118,0.0
2025-06-11 08:00:00,0.63,3.54978,12.865071467432948,0.0,0.420833333,0.0,0.05545,0.0
2025-06-11 09:00:00,0.52,4.512581,13.5,0.0,0.420833333,3.992581,0.04501,-0.17970607081
2025-06-11 10:00:00,2.49,5.153054,13.5,0.0,0.420833333,2.663054,0.04187,-0.11150207097999998
2025-06-11 11:00:00,2.6177179487179485,5.333333,13.5,0.0,0.420833333,2.715615051282051,0.04093,-0.11115012404897436
2025-06-11 12:00:00,2.6177179487179485,5.333333,13.5,0.0,0.420833333,2.715615051282051,0.03947,-0.10718532607410255
2025-06-11 13:00:00,2.6177179487179485,5.2999719999999995,13.5,0.0,0.420833333,2.682254051282051,0.04408,-0.11823375858051281
2025-06-11 14:00:00,2.49,4.739757,13.5,0.0,0.420833333,2.249757,0.0408,-0.0917900856
2025-06-11 15:00:00,0.2,3.830813,13.5,0.0,0.470833333,3.630813,0.0384,-0.13942321919999998
2025-06-11 16:00:00,0.19,2.552228,13.5,0.0,0.630833333,2.362228,0.12416,-0.29329422848000003
2025-06-11 17:00:00,0.5526015325670499,1.119581,13.5,0.0,0.630833333,0.56697946743295,0.22896,-0.12981561886344822
2025-06-11 18:00:00,0.5826015325670498,0.282946,13.20034446743295,0.0,0.630833333,0.0,0.26699,0.0
2025-06-11 19:00:00,0.21,0.0,12.99034446743295,0.0,0.630833333,0.0,0.26207,0.0
2025-06-11 20:00:00,0.21,0.0,12.780344467432949,0.0,0.630833333,0.0,0.17572,0.0
2025-06-11 21:00:00,0.21,0.0,12.570344467432948,0.0,0.470833333,0.0,0.08224,0.0
2025-06-11 22:00:00,0.19,0.0,12.380344467432948,0.0,0.470833333,0.0,0.07558,0.0
2025-06-11 23:00:00,0.53,0.0,11.850344467432947,0.0,0.470833333,0.0,0.07432,0.0
2025-06-12 00:00:00,0.55,0.0,11.300344467432948,0.0,0.420833333,0.0,0.07927,0.0
2025-06-12 01:00:00,0.5499999999999999,0.0,10.750344467432948,0.0,0.420833333,0.0,0.07407,0.0
2025-06-12 02:00:00,0.63,0.0,10.120344467432949,0.0,0.420833333,0.0,0.07337,0.0
2025-06-12 03:00:00,0.5599999999999999,0.0,9.560344467432946,0.0,0.420833333,0.0,0.076,0.0
2025-06-12 04:00:00,0.7200000000000001,0.0,8.840344467432946,0.0,0.420833333,0.0,0.07453,0.0
2025-06-12 05:00:00,0.5499999999999999,0.139335,8.429679467432946,0.0,0.420833333,0.0,0.0774,0.0
2025-06-12 06:00:00,1.0,0.863472,8.293151467432946,0.0,0.420833333,0.0,0.07575,0.0
2025-06-12 07:00:00,0.63,2.219127,9.882278467432943,0.0,0.420833333,0.0,0.07118,0.0
2025-06-12 08:00:00,0.63,3.44425,12.696528467432945,0.0,0.420833333,0.0,0.05545,0.0
2025-06-12 09:00:00,0.19,4.3480799999999995,13.5,0.0,0.420833333,4.158079999999999,0.04501,-0.18715518079999996
2025-06-12 10:00:00,0.51,5.0327,13.5,0.0,0.420833333,4.5227,0.04187,-0.189365449
2025-06-12 11:00:00,0.4377179487179488,5.333333,13.5,0.0,0.420833333,4.895615051282051,0.04093,-0.20037752404897435
2025-06-12 12:00:00,0.3377179487179487,5.333333,13.5,0.0,0.420833333,4.995615051282051,0.03947,-0.19717692607410256
2025-06-12 13:00:00,0.3277179487179488,5.221862,13.5,0.0,0.420833333,4.894144051282051,0.04408,-0.21573386978051282
2025-06-12 14:00:00,0.19,4.653557,13.5,0.0,0.420833333,4.463557,0.0408,-0.1821131256
2025-06-12 15:00:00,0.19,3.80597,13.5,0.0,0.470833333,3.61597,0.0384,-0.13885324799999998
2025-06-12 16:00:00,0.2,2.684974,13.5,0.0,0.630833333,2.484974,0.12416,-0.30853437184
2025-06-12 17:00:00,0.5526015325670499,1.277634,13.5,0.0,0.630833333,0.72503246743295,0.22896,-0.16600343374344823
2025-06-12 18:00:00,0.5726015325670499,0.2238909999999999,13.15128946743295,0.0,0.630833333,0.0,0.26699,0.0
2025-06-12 19:00:00,0.21,0.0,12.941289467432949,0.0,0.630833333,0.0,0.26207,0.0
2025-06-12 20:00:00,0.2,0.0,12.74128946743295,0.0,0.630833333,0.0,0.17572,0.0
2025-06-12 21:00:00,0.21,0.0,12.531289467432948,0.0,0.470833333,0.0,0.08224,0.0
2025-06-12 22:00:00,0.2,0.0,12.33128946743295,0.0,0.470833333,0.0,0.07558,0.0
2025-06-12 23:00:00,0.27,0.0,12.06128946743295,0.0,0.470833333,0.0,0.07432,0.0
2025-06-13 00:00:00,0.54,0.0,11.52128946743295,0.0,0.420833333,0.0,0.07927,0.0
2025-06-13 01:00:00,0.62,0.0,10.901289467432951,0.0,0.420833333,0.0,0.07407,0.0
2025-06-13 02:00:00,0.92,0.0,9.981289467432951,0.0,0.420833333,0.0,0.07337,0.0
2025-06-13 03:00:00,0.63,0.0,9.35128946743295,0.0,0.420833333,0.0,0.076,0.0
2025-06-13 04:00:00,0.63,0.0,8.72128946743295,0.0,0.420833333,0.0,0.07453,0.0
2025-06-13 05:00:00,0.87,0.114908,7.966197467432949,0.0,0.420833333,0.0,0.0774,0.0
2025-06-13 06:00:00,0.98,0.867831,7.85402846743295,0.0,0.420833333,0.0,0.07575,0.0
2025-06-13 07:00:00,0.63,2.310488,9.53451646743295,0.0,0.420833333,0.0,0.07118,0.0
2025-06-13 08:00:00,0.63,3.570189,12.47470546743295,0.0,0.420833333,0.0,0.05545,0.0
2025-06-13 09:00:00,0.5599999999999999,4.532386000000001,13.5,0.0,0.420833333,3.9723860000000006,0.04501,-0.17879709386000003
2025-06-13 10:00:00,2.76,5.2118,13.5,0.0,0.420833333,2.4518000000000004,0.04187,-0.10265686600000001
2025-06-13 11:00:00,2.8077179487179484,5.333333,13.5,0.0,0.420833333,2.525615051282051,0.04093,-0.10337342404897436
2025-06-13 12:00:00,2.6177179487179485,5.333333,13.5,0.0,0.420833333,2.715615051282051,0.03947,-0.10718532607410255
2025-06-13 13:00:00,2.6177179487179485,5.321351,13.5,0.0,0.420833333,2.7036330512820514,0.04408,-0.11917614490051283
2025-06-13 14:00:00,2.49,4.716721,13.5,0.0,0.420833333,2.2267209999999995,0.0408,-0.09085021679999998
2025-06-13 15:00:00,0.19,3.835726,13.5,0.0,0.470833333,3.6457260000000002,0.0384,-0.1399958784
2025-06-13 16:00:00,0.19,2.697673,13.5,0.0,0.630833333,2.507673,0.12416,-0.31135267968
2025-06-13 17:00:00,0.5526015325670499,1.2861479999999998,13.5,0.0,0.630833333,0.7335464674329499,0.22896,-0.16795279918344821
2025-06-13 18:00:00,0.5726015325670499,0.202569,13.12996746743295,0.0,0.630833333,0.0,0.26699,0.0
2025-06-13 19:00:00,0.21,0.0,12.919967467432947,0.0,0.630833333,0.0,0.26207,0.0
2025-06-13 20:00:00,0.21,0.0,12.709967467432948,0.0,0.630833333,0.0,0.17572,0.0
2025-06-13 21:00:00,0.21,0.0,12.499967467432947,0.0,0.470833333,0.0,0.08224,0.0
2025-06-13 22:00:00,0.2,0.0,12.299967467432948,0.0,0.470833333,0.0,0.07558,0.0
2025-06-13 23:00:00,1.64,0.0,10.659967467432947,0.0,0.470833333,0.0,0.07432,0.0
2025-06-14 00:00:00,0.93,0.0,9.729967467432948,0.0,0.420833333,0.0,0.07927,0.0
2025-06-14 01:00:00,0.99,0.0,8.739967467432948,0.0,0.420833333,0.0,0.07407,0.0
2025-06-14 02:00:00,0.72,0.0,8.019967467432947,0.0,0.420833333,0.0,0.07337,0.0
2025-06-14 03:00:00,0.95,0.0,7.069967467432947,0.0,0.420833333,0.0,0.076,0.0
2025-06-14 04:00:00,1.03,0.0,6.039967467432946,0.0,0.420833333,0.0,0.07453,0.0
2025-06-14 05:00:00,0.56,0.114203,5.594170467432947,0.0,0.420833333,0.0,0.0774,0.0
2025-06-14 06:00:00,0.96,0.8397469999999999,5.473917467432947,0.0,0.420833333,0.0,0.07575,0.0
2025-06-14 07:00:00,0.5700000000000001,2.094139,6.998056467432947,0.0,0.420833333,0.0,0.07118,0.0
2025-06-14 08:00:00,0.18,3.4570749999999997,10.275131467432946,0.0,0.420833333,0.0,0.05545,0.0
2025-06-14 09:00:00,0.4,4.383896,13.5,0.0,0.420833333,3.983896,0.04501,-0.17931515896
2025-06-14 10:00:00,2.77,5.014334,13.5,0.0,0.420833333,2.244334,0.04187,-0.09397026457999999
2025-06-14 11:00:00,2.5377179487179484,5.333333,13.5,0.0,0.420833333,2.7956150512820512,0.04093,-0.11442452404897437
2025-06-14 12:00:00,2.5877179487179487,4.916256000000001,13.5,0.0,0.420833333,2.328538051282052,0.03947,-0.09190739688410259
2025-06-14 13:00:00,3.0377179487179484,5.246118999999999,13.5,0.0,0.420833333,2.208401051282051,0.04408,-0.0973463183405128
2025-06-14 14:00:00,2.42,4.687139,13.5,0.0,0.420833333,2.2671390000000002,0.0408,-0.09249927120000001
2025-06-14 15:00:00,0.12,3.856389,13.5,0.0,0.470833333,3.736389,0.0384,-0.14347733759999998
2025-06-14 16:00:00,0.1,2.320525,13.5,0.0,0.630833333,2.220525,0.12416,-0.275700384
2025-06-14 17:00:00,0.5126015325670499,0.969207,13.5,0.0,0.630833333,0.45660546743295016,0.22896,-0.10454438782344827
2025-06-14 18:00:00,0.5226015325670499,0.248036,13.225434467432953,0.0,0.630833333,0.0,0.26699,0.0
2025-06-14 19:00:00,0.13,0.0,13.09543446743295,0.0,0.630833333,0.0,0.26207,0.0
2025-06-14 20:00:00,0.21,0.0,12.88543446743295,0.0,0.630833333,0.0,0.17572,0.0
2025-06-14 21:00:00,0.15,0.0,12.735434467432947,0.0,0.470833333,0.0,0.08224,0.0
2025-06-14 22:00:00,0.23,0.0,12.505434467432949,0.0,0.470833333,0.0,0.07558,0.0
2025-06-14 23:00:00,0.19,0.0,12.315434467432947,0.0,0.470833333,0.0,0.07432,0.0
2025-06-15 00:00:00,0.2,0.0,12.11543446743295,0.0,0.420833333,0.0,0.07927,0.0
2025-06-15 01:00:00,0.46,0.0,11.655434467432949,0.0,0.420833333,0.0,0.07407,0.0
2025-06-15 02:00:00,0.49,0.0,11.165434467432949,0.0,0.420833333,0.0,0.07337,0.0
2025-06-15 03:00:00,0.67,0.0,10.495434467432949,0.0,0.420833333,0.0,0.076,0.0
2025-06-15 04:00:00,1.09,0.0,9.405434467432949,0.0,0.420833333,0.0,0.07453,0.0
2025-06-15 05:00:00,0.49,0.133293,9.048727467432949,0.0,0.420833333,0.0,0.0774,0.0
2025-06-15 06:00:00,1.04,0.8601810000000001,8.868908467432949,0.0,0.420833333,0.0,0.07575,0.0
2025-06-15 07:00:00,2.93,2.2317869999999997,8.170695467432948,0.0,0.420833333,0.0,0.07118,0.0
2025-06-15 08:00:00,1.07,3.449922,10.550617467432946,0.0,0.420833333,0.0,0.05545,0.0
2025-06-15 09:00:00,0.13,4.342912,13.5,0.0,0.420833333,4.212912,0.04501,-0.18962316912000002
2025-06-15 10:00:00,2.42,4.9680230000000005,13.5,0.0,0.420833333,2.5480230000000006,0.04187,-0.10668572301000002
2025-06-15 11:00:00,2.6277179487179487,5.320600000000001,13.5,0.0,0.420833333,2.692882051282052,0.04093,-0.11021966235897439
2025-06-15 12:00:00,2.5877179487179487,5.333333,13.5,0.0,0.420833333,2.745615051282051,0.03947,-0.10836942607410255
2025-06-15 13:00:00,2.5377179487179484,5.146185999999999,13.5,0.0,0.420833333,2.608468051282051,0.04408,-0.11498127170051281
2025-06-15 14:00:00,2.63,4.618272,13.5,0.0,0.420833333,1.9882720000000003,0.0408,-0.08112149760000002
2025-06-15 15:00:00,1.34,3.77107,13.5,0.0,0.470833333,2.43107,0.0384,-0.093353088
2025-06-15 16:00:00,0.11,2.682142,13.5,0.0,0.630833333,2.572142,0.12416,-0.31935715072
2025-06-15 17:00:00,2.1126015325670497,1.310054,12.69745246743295,0.0,0.630833333,0.0,0.22896,0.0
2025-06-15 18:00:00,2.0726015325670497,0.242337,10.8671879348659,0.0,0.630833333,0.0,0.26699,0.0
2025-06-15 19:00:00,0.18,0.0,10.6871879348659,0.0,0.630833333,0.0,0.26207,0.0
2025-06-15 20:00:00,0.28,0.0,10.4071879348659,0.0,0.630833333,0.0,0.17572,0.0
2025-06-15 21:00:00,0.56,0.0,9.8471879348659,0.0,0.470833333,0.0,0.08224,0.0
2025-06-15 22:00:00,0.71,0.0,9.1371879348659,0.0,0.470833333,0.0,0.07558,0.0
2025-06-15 23:00:00,0.11,0.0,9.0271879348659,0.0,0.470833333,0.0,0.07432,0.0
2025-06-16 00:00:00,0.11,0.0,8.9171879348659,0.0,0.420833333,0.0,0.07927,0.0
2025-06-16 01:00:00,0.1,0.0,8.8171879348659,0.0,0.420833333,0.0,0.07407,0.0
2025-06-16 02:00:00,0.1,0.0,8.717187934865901,0.0,0.420833333,0.0,0.07337,0.0
2025-06-16 03:00:00,0.46,0.0,8.2571879348659,0.0,0.420833333,0.0,0.076,0.0
2025-06-16 04:00:00,0.48,0.0,7.7771879348659,0.0,0.420833333,0.0,0.07453,0.0
2025-06-16 05:00:00,0.93,0.15094,6.9981279348659,0.0,0.420833333,0.0,0.0774,0.0
2025-06-16 06:00:00,0.49,0.867951,7.3760789348659,0.0,0.420833333,0.0,0.07575,0.0
2025-06-16 07:00:00,1.5199999999999998,2.2122689999999996,8.0683479348659,0.0,0.420833333,0.0,0.07118,0.0
2025-06-16 08:00:00,1.0,3.4276880000000003,10.4960359348659,0.0,0.420833333,0.0,0.05545,0.0
2025-06-16 09:00:00,0.17,4.370547999999999,13.5,0.0,0.420833333,4.2005479999999995,0.04501,-0.18906666547999998
2025-06-16 10:00:00,0.36,5.013549,13.5,0.0,0.420833333,4.653549,0.04187,-0.19484409663
2025-06-16 11:00:00,0.6973653846153847,5.333333,13.5,0.0,0.420833333,4.635967615384615,0.04093,-0.1897501544976923
2025-06-16 12:00:00,0.3973653846153847,5.333333,13.5,0.0,0.420833333,4.935967615384615,0.03947,-0.19482264177923075
2025-06-16 13:00:00,0.3873653846153847,5.200823000000001,13.5,0.0,0.420833333,4.813457615384616,0.04408,-0.21217721168615386
2025-06-16 14:00:00,0.1,2.811524,13.5,0.0,0.420833333,2.711524,0.0408,-0.1106301792
2025-06-16 15:00:00,0.1,1.937747,13.5,0.0,0.470833333,1.837747,0.0384,-0.0705694848
2025-06-16 16:00:00,0.1,1.5467840000000002,13.5,0.0,0.630833333,1.446784,0.12416,-0.17963270144000001
2025-06-16 17:00:00,0.915853448275862,1.324756,13.5,0.0,0.630833333,0.40890255172413803,0.22896,-0.09362232824275864
2025-06-16 18:00:00,0.9758534482758622,0.246756,12.770902551724138,0.0,0.630833333,0.0,0.26699,0.0
2025-06-16 19:00:00,0.12,0.0,12.65090255172414,0.0,0.630833333,0.0,0.26207,0.0
2025-06-16 20:00:00,0.14,0.0,12.510902551724138,0.0,0.630833333,0.0,0.17572,0.0
2025-06-16 21:00:00,0.12,0.0,12.39090255172414,0.0,0.470833333,0.0,0.08224,0.0
2025-06-16 22:00:00,0.12,0.0,12.27090255172414,0.0,0.470833333,0.0,0.07558,0.0
2025-06-16 23:00:00,0.54,0.0,11.73090255172414,0.0,0.470833333,0.0,0.07432,0.0
2025-06-17 00:00:00,0.96,0.0,10.770902551724138,0.0,0.420833333,0.0,0.07927,0.0
2025-06-17 01:00:00,0.57,0.0,10.200902551724138,0.0,0.420833333,0.0,0.07407,0.0
2025-06-17 02:00:00,0.88,0.0,9.320902551724137,0.0,0.420833333,0.0,0.07337,0.0
2025-06-17 03:00:00,0.95,0.0,8.370902551724138,0.0,0.420833333,0.0,0.076,0.0
2025-06-17 04:00:00,1.03,0.0,7.340902551724137,0.0,0.420833333,0.0,0.07453,0.0
2025-06-17 05:00:00,0.96,0.146533,6.527435551724137,0.0,0.420833333,0.0,0.0774,0.0
2025-06-17 06:00:00,0.49,0.412845,6.450280551724137,0.0,0.420833333,0.0,0.07575,0.0
2025-06-17 07:00:00,0.16,0.828639,7.118919551724137,0.0,0.420833333,0.0,0.07118,0.0
2025-06-17 08:00:00,0.22,1.737652,8.636571551724137,0.0,0.420833333,0.0,0.05545,0.0
2025-06-17 09:00:00,0.22,3.546608,11.963179551724137,0.0,0.420833333,0.0,0.04501,0.0
2025-06-17 10:00:00,0.21,5.090449,13.5,0.0,0.420833333,4.880449,0.04187,-0.20434439962999998
2025-06-17 11:00:00,0.4973653846153847,5.333333,13.5,0.0,0.420833333,4.8359676153846145,0.04093,-0.19793615449769228
2025-06-17 12:00:00,0.5073653846153847,5.333333,13.5,0.0,0.420833333,4.825967615384615,0.03947,-0.19048094177923072
2025-06-17 13:00:00,0.5073653846153847,5.2732470000000005,13.5,0.0,0.420833333,4.7658816153846155,0.04408,-0.21008006160615386
2025-06-17 14:00:00,0.22,4.721292,13.5,0.0,0.420833333,4.501292,0.0408,-0.18365271360000002
2025-06-17 15:00:00,0.22,3.858261,13.5,0.0,0.470833333,3.638261,0.0384,-0.1397092224
2025-06-17 16:00:00,0.22,2.735355,13.5,0.0,0.630833333,2.515355,0.12416,-0.3123064768
2025-06-17 17:00:00,1.035853448275862,1.251543,13.5,0.0,0.630833333,0.21568955172413817,0.22896,-0.04938427976275868
2025-06-17 18:00:00,1.1258534482758622,0.28651,12.660656551724138,0.0,0.630833333,0.0,0.26699,0.0
2025-06-17 19:00:00,0.35,0.0,12.310656551724138,0.0,0.630833333,0.0,0.26207,0.0
2025-06-17 20:00:00,0.22,0.0,12.090656551724138,0.0,0.630833333,0.0,0.17572,0.0
2025-06-17 21:00:00,0.12,0.0,11.970656551724138,0.0,0.470833333,0.0,0.08224,0.0
2025-06-17 22:00:00,0.22,0.0,11.750656551724138,0.0,0.470833333,0.0,0.07558,0.0
2025-06-17 23:00:00,0.2,0.0,11.550656551724138,0.0,0.470833333,0.0,0.07432,0.0
2025-06-18 00:00:00,0.19,0.0,11.36065655172414,0.0,0.420833333,0.0,0.07927,0.0
2025-06-18 01:00:00,0.19,0.0,11.17065655172414,0.0,0.420833333,0.0,0.07407,0.0
2025-06-18 02:00:00,0.19,0.0,10.98065655172414,0.0,0.420833333,0.0,0.07337,0.0
2025-06-18 03:00:00,0.22,0.0,10.76065655172414,0.0,0.420833333,0.0,0.076,0.0
2025-06-18 04:00:00,1.35,0.0,9.41065655172414,0.0,0.420833333,0.0,0.07453,0.0
2025-06-18 05:00:00,1.03,0.015978,8.396634551724139,0.0,0.420833333,0.0,0.0774,0.0
2025-06-18 06:00:00,1.35,0.192573,7.239207551724139,0.0,0.420833333,0.0,0.07575,0.0
2025-06-18 07:00:00,0.71,0.5459919999999999,7.075199551724139,0.0,0.420833333,0.0,0.07118,0.0
2025-06-18 08:00:00,0.16,0.796867,7.712066551724139,0.0,0.420833333,0.0,0.05545,0.0
2025-06-18 09:00:00,0.15,1.579778,9.14184455172414,0.0,0.420833333,0.0,0.04501,0.0
2025-06-18 10:00:00,2.46,2.71547,9.39731455172414,0.0,0.420833333,0.0,0.04187,0.0
2025-06-18 11:00:00,2.7473653846153843,5.333333,11.983282167108754,0.0,0.420833333,0.0,0.04093,0.0
2025-06-18 12:00:00,2.7073653846153847,5.333333,13.5,0.0,0.420833333,2.625967615384615,0.03947,-0.10364694177923074
2025-06-18 13:00:00,2.837365384615385,5.264004,13.5,0.0,0.420833333,2.426638615384615,0.04408,-0.10696623016615382
2025-06-18 14:00:00,2.55,4.721032,13.5,0.0,0.420833333,2.1710320000000003,0.0408,-0.08857810560000001
2025-06-18 15:00:00,0.16,3.86675,13.5,0.0,0.470833333,3.70675,0.0384,-0.1423392
2025-06-18 16:00:00,0.16,2.7515929999999997,13.5,0.0,0.630833333,2.5915929999999996,0.12416,-0.32177218688
2025-06-18 17:00:00,0.935853448275862,1.349569,13.5,0.0,0.630833333,0.413715551724138,0.22896,-0.09472431272275864
2025-06-18 18:00:00,1.0758534482758622,0.250762,12.674908551724137,0.0,0.630833333,0.0,0.26699,0.0
2025-06-18 19:00:00,0.28,0.0,12.394908551724138,0.0,0.630833333,0.0,0.26207,0.0
2025-06-18 20:00:00,0.14,0.0,12.254908551724135,0.0,0.630833333,0.0,0.17572,0.0
2025-06-18 21:00:00,0.13,0.0,12.124908551724136,0.0,0.470833333,0.0,0.08224,0.0
2025-06-18 22:00:00,0.22,0.0,11.904908551724136,0.0,0.470833333,0.0,0.07558,0.0
2025-06-18 23:00:00,0.21,0.0,11.694908551724136,0.0,0.470833333,0.0,0.07432,0.0
2025-06-19 00:00:00,0.2,0.0,11.494908551724135,0.0,0.420833333,0.0,0.07927,0.0
2025-06-19 01:00:00,0.21,0.0,11.284908551724136,0.0,0.420833333,0.0,0.07407,0.0
2025-06-19 02:00:00,0.22,0.0,11.064908551724134,0.0,0.420833333,0.0,0.07337,0.0
2025-06-19 03:00:00,0.92,0.0,10.144908551724134,0.0,0.420833333,0.0,0.076,0.0
2025-06-19 04:00:00,0.58,0.0,9.564908551724134,0.0,0.420833333,0.0,0.07453,0.0
2025-06-19 05:00:00,1.03,0.13832,8.673228551724133,0.0,0.420833333,0.0,0.0774,0.0
2025-06-19 06:00:00,0.75,0.859808,8.783036551724132,0.0,0.420833333,0.0,0.07575,0.0
2025-06-19 07:00:00,0.37,0.5915320000000001,9.004568551724132,0.0,0.420833333,0.0,0.07118,0.0
2025-06-19 08:00:00,0.8400000000000001,0.65631,8.820878551724132,0.0,0.420833333,0.0,0.05545,0.0
2025-06-19 09:00:00,0.26,1.102212,9.663090551724132,0.0,0.420833333,0.0,0.04501,0.0
2025-06-19 10:00:00,0.26,2.58415,11.987240551724131,0.0,0.420833333,0.0,0.04187,0.0
2025-06-19 11:00:00,0.4573653846153847,3.1065189999999996,13.5,0.0,0.420833333,2.649153615384615,0.04093,-0.10842985747769229
2025-06-19 12:00:00,0.6573653846153846,2.823373,13.5,0.0,0.420833333,2.1660076153846157,0.03947,-0.08549232057923078
2025-06-19 13:00:00,0.5473653846153848,2.4623809999999997,13.5,0.0,0.420833333,1.915015615384615,0.04408,-0.08441388832615383
2025-06-19 14:00:00,0.26,2.8500520000000003,13.5,0.0,0.420833333,2.590052,0.0408,-0.1056741216
2025-06-19 15:00:00,0.29,2.113023,13.5,0.0,0.470833333,1.823023,0.0384,-0.0700040832
2025-06-19 16:00:00,2.75,1.183245,11.933245,0.0,0.630833333,0.0,0.12416,0.0
2025-06-19 17:00:00,4.275853448275862,0.738139,8.395530551724137,0.0,0.630833333,0.0,0.22896,0.0
2025-06-19 18:00:00,1.9058534482758624,0.125478,6.615155103448275,0.0,0.630833333,0.0,0.26699,0.0
2025-06-19 19:00:00,0.33,0.0,6.285155103448275,0.0,0.630833333,0.0,0.26207,0.0
2025-06-19 20:00:00,0.1699999999999999,0.0,6.115155103448275,0.0,0.630833333,0.0,0.17572,0.0
2025-06-19 21:00:00,0.31,0.0,5.805155103448276,0.0,0.470833333,0.0,0.08224,0.0
2025-06-19 22:00:00,0.48,0.0,5.325155103448276,0.0,0.470833333,0.0,0.07558,0.0
2025-06-19 23:00:00,0.7100000000000001,0.0,4.615155103448276,0.0,0.470833333,0.0,0.07432,0.0
2025-06-20 00:00:00,0.6699999999999999,0.0,3.945155103448277,0.0,0.420833333,0.0,0.07927,0.0
2025-06-20 01:00:00,0.22,0.0,3.725155103448276,0.0,0.420833333,0.0,0.07407,0.0
2025-06-20 02:00:00,0.22,0.0,3.505155103448276,0.0,0.420833333,0.0,0.07337,0.0
2025-06-20 03:00:00,0.22,0.0,3.285155103448276,0.0,0.420833333,0.0,0.076,0.0
2025-06-20 04:00:00,0.58,0.0,2.7051551034482757,0.0,0.420833333,0.0,0.07453,0.0
2025-06-20 05:00:00,0.72,0.119792,2.104947103448276,0.0,0.420833333,0.0,0.0774,0.0
2025-06-20 06:00:00,1.03,0.836875,1.911822103448276,0.0,0.420833333,0.0,0.07575,0.0
2025-06-20 07:00:00,0.2299999999999999,0.574489,2.256311103448276,0.0,0.420833333,0.0,0.07118,0.0
2025-06-20 08:00:00,0.24,0.642231,2.658542103448276,0.0,0.420833333,0.0,0.05545,0.0
2025-06-20 09:00:00,0.25,1.230897,3.639439103448276,0.0,0.420833333,0.0,0.04501,0.0
2025-06-20 10:00:00,2.55,1.5821610000000002,2.6716001034482764,0.0,0.420833333,0.0,0.04187,0.0
2025-06-20 11:00:00,2.837365384615385,1.602868,1.437102718832891,0.0,0.420833333,0.0,0.04093,0.0
2025-06-20 12:00:00,2.9173653846153846,2.562814,1.0825513342175066,0.0,0.420833333,0.0,0.03947,0.0
2025-06-20 13:00:00,2.8273653846153843,2.211514,0.4666999496021224,0.0,0.420833333,0.0,0.04408,0.0
2025-06-20 14:00:00,2.5599999999999996,2.4740569999999997,0.3807569496021226,0.0,0.420833333,0.0,0.0408,0.0
2025-06-20 15:00:00,0.26,2.4709920000000003,2.5917489496021227,0.0,0.470833333,0.0,0.0384,0.0
2025-06-20 16:00:00,0.2299999999999999,2.811556,5.173304949602123,0.0,0.630833333,0.0,0.12416,0.0
2025-06-20 17:00:00,1.545853448275862,1.105958,4.733409501326261,0.0,0.630833333,0.0,0.22896,0.0
2025-06-20 18:00:00,2.245853448275862,0.249495,2.7370510530503993,0.0,0.630833333,0.0,0.26699,0.0
2025-06-20 19:00:00,0.39,0.0,2.347051053050399,0.0,0.630833333,0.0,0.26207,0.0
2025-06-20 20:00:00,0.57,0.0,1.7770510530503991,0.0,0.630833333,0.0,0.17572,0.0
2025-06-20 21:00:00,0.24,0.0,1.5370510530503994,0.0,0.470833333,0.0,0.08224,0.0
2025-06-20 22:00:00,0.18,0.0,1.3570510530503994,0.0,0.470833333,0.0,0.07558,0.0
2025-06-20 23:00:00,0.12,0.0,1.2370510530503993,0.0,0.470833333,0.0,0.07432,0.0
2025-06-21 00:00:00,0.11,0.0,1.1270510530503992,0.0,0.420833333,0.0,0.07927,0.0
2025-06-21 01:00:00,0.1,0.0,1.0270510530503991,0.0,0.420833333,0.0,0.07407,0.0
2025-06-21 02:00:00,0.1,0.0,0.9270510530503993,0.0,0.420833333,0.0,0.07337,0.0
2025-06-21 03:00:00,0.93,0.0,0.0,0.0029489469496007947,0.420833333,0.0,0.076,0.0012410151736406854
2025-06-21 04:00:00,0.5700000000000001,0.0,0.0,0.5700000000000001,0.420833333,0.0,0.07453,0.23987499981000002
2025-06-21 05:00:00,1.1,0.109598,0.0,0.9904020000000001,0.420833333,0.0,0.0774,0.416794174669866
2025-06-21 06:00:00,0.49,0.817078,0.327078,0.0,0.420833333,0.0,0.07575,0.0
2025-06-21 07:00:00,2.13,0.569976,0.0,1.2329459999999999,0.420833333,0.0,0.07118,0.5188647745890179
2025-06-21 08:00:00,0.54,1.094455,0.5544549999999999,0.0,0.420833333,0.0,0.05545,0.0
2025-06-21 09:00:00,0.13,1.776224,2.200679,0.0,0.420833333,0.0,0.04501,0.0
2025-06-21 10:00:00,2.4099999999999997,5.121915,4.912594,0.0,0.420833333,0.0,0.04187,0.0
2025-06-21 11:00:00,2.6973653846153844,5.333333,7.548561615384616,0.0,0.420833333,0.0,0.04093,0.0
2025-06-21 12:00:00,2.6973653846153844,3.897547,8.74874323076923,0.0,0.420833333,0.0,0.03947,0.0
2025-06-21 13:00:00,2.6973653846153844,5.302349,11.353726846153847,0.0,0.420833333,0.0,0.04408,0.0
2025-06-21 14:00:00,2.4099999999999997,4.747058,13.5,0.0,0.420833333,2.3370580000000003,0.0408,-0.09535196640000002
2025-06-21 15:00:00,0.17,3.885381,13.5,0.0,0.470833333,3.7153810000000003,0.0384,-0.1426706304
2025-06-21 16:00:00,0.01,2.76429,13.5,0.0,0.630833333,2.75429,0.12416,-0.3419726464
2025-06-21 17:00:00,0.8258534482758622,0.7774249999999999,13.451571551724138,0.0,0.630833333,0.0,0.22896,0.0
2025-06-21 18:00:00,0.8458534482758622,0.210224,12.815942103448275,0.0,0.630833333,0.0,0.26699,0.0
2025-06-21 19:00:00,0.01,0.0,12.805942103448276,0.0,0.630833333,0.0,0.26207,0.0
2025-06-21 20:00:00,0.04,0.0,12.765942103448277,0.0,0.630833333,0.0,0.17572,0.0
2025-06-21 21:00:00,0.0,0.0,12.765942103448277,0.0,0.470833333,0.0,0.08224,0.0
2025-06-21 22:00:00,0.02,0.0,12.745942103448275,0.0,0.470833333,0.0,0.07558,0.0
2025-06-21 23:00:00,0.02,0.0,12.725942103448276,0.0,0.470833333,0.0,0.07432,0.0
2025-06-22 00:00:00,0.0,0.0,12.725942103448276,0.0,0.420833333,0.0,0.07927,0.0
2025-06-22 01:00:00,0.04,0.0,12.685942103448278,0.0,0.420833333,0.0,0.07407,0.0
2025-06-22 02:00:00,0.02,0.0,12.66594210344828,0.0,0.420833333,0.0,0.07337,0.0
2025-06-22 03:00:00,0.06,0.0,12.605942103448278,0.0,0.420833333,0.0,0.076,0.0
2025-06-22 04:00:00,0.08,0.0,12.525942103448278,0.0,0.420833333,0.0,0.07453,0.0
2025-06-22 05:00:00,0.06,0.125326,12.59126810344828,0.0,0.420833333,0.0,0.0774,0.0
2025-06-22 06:00:00,0.07,0.8337870000000001,13.35505510344828,0.0,0.420833333,0.0,0.07575,0.0
2025-06-22 07:00:00,0.65,0.789188,13.49424310344828,0.0,0.420833333,0.0,0.07118,0.0
2025-06-22 08:00:00,0.29,1.72358,13.5,0.0,0.420833333,1.4335799999999999,0.05545,-0.07949201099999999
2025-06-22 09:00:00,0.15,2.418937,13.5,0.0,0.420833333,2.268937,0.04501,-0.10212485437000002
2025-06-22 10:00:00,2.42,2.531777,13.5,0.0,0.420833333,0.11177700000000002,0.04187,-0.004680102990000001
2025-06-22 11:00:00,2.7773653846153845,5.333333,13.5,0.0,0.420833333,2.555967615384615,0.04093,-0.1046157544976923
2025-06-22 12:00:00,2.7173653846153845,5.333333,13.5,0.0,0.420833333,2.615967615384615,0.03947,-0.10325224177923076
2025-06-22 13:00:00,2.7373653846153845,5.333333,13.5,0.0,0.420833333,2.595967615384615,0.04408,-0.11443025248615384
2025-06-22 14:00:00,2.4099999999999997,4.819394,13.5,0.0,0.420833333,2.4093940000000003,0.0408,-0.09830327520000001
2025-06-22 15:00:00,0.14,3.947317,13.5,0.0,0.470833333,3.807317,0.0384,-0.14620097279999997
2025-06-22 16:00:00,0.19,2.81642,13.5,0.0,0.630833333,2.62642,0.12416,-0.3260963072
2025-06-22 17:00:00,1.1058534482758622,1.378663,13.5,0.0,0.630833333,0.2728095517241378,0.22896,-0.062462474962758585
2025-06-22 18:00:00,4.2258534482758625,0.234509,9.508655551724138,0.0,0.630833333,0.0,0.26699,0.0
2025-06-22 19:00:00,0.29,0.0,9.218655551724138,0.0,0.630833333,0.0,0.26207,0.0
2025-06-22 20:00:00,0.16,0.0,9.058655551724138,0.0,0.630833333,0.0,0.17572,0.0
2025-06-22 21:00:00,0.22,0.0,8.838655551724138,0.0,0.470833333,0.0,0.08224,0.0
2025-06-22 22:00:00,0.69,0.0,8.148655551724138,0.0,0.470833333,0.0,0.07558,0.0
2025-06-22 23:00:00,0.57,0.0,7.578655551724138,0.0,0.470833333,0.0,0.07432,0.0
2025-06-23 00:00:00,0.22,0.0,7.358655551724138,0.0,0.420833333,0.0,0.07927,0.0
2025-06-23 01:00:00,0.21,0.0,7.148655551724138,0.0,0.420833333,0.0,0.07407,0.0
2025-06-23 02:00:00,0.21,0.0,6.938655551724138,0.0,0.420833333,0.0,0.07337,0.0
2025-06-23 03:00:00,0.62,0.0,6.318655551724138,0.0,0.420833333,0.0,0.076,0.0
2025-06-23 04:00:00,0.6599999999999999,0.0,5.658655551724138,0.0,0.420833333,0.0,0.07453,0.0
2025-06-23 05:00:00,0.6799999999999999,0.104668,5.083323551724138,0.0,0.420833333,0.0,0.0774,0.0
2025-06-23 06:00:00,0.76,0.818341,5.141664551724139,0.0,0.420833333,0.0,0.07575,0.0
2025-06-23 07:00:00,0.6000000000000001,0.528337,5.070001551724139,0.0,0.420833333,0.0,0.07118,0.0
2025-06-23 08:00:00,0.93,1.026359,5.166360551724138,0.0,0.420833333,0.0,0.05545,0.0
2025-06-23 09:00:00,0.43,2.1073139999999997,6.843674551724138,0.0,0.420833333,0.0,0.04501,0.0
2025-06-23 10:00:00,0.41,3.856708,10.29038255172414,0.0,0.420833333,0.0,0.04187,0.0
2025-06-23 11:00:00,0.9673653846153848,5.333333,13.5,0.0,0.420833333,4.365967615384615,0.04093,-0.1786990544976923
2025-06-23 12:00:00,0.9873653846153848,5.333333,13.5,0.0,0.420833333,4.345967615384615,0.03947,-0.17153534177923074
2025-06-23 13:00:00,0.6173653846153847,5.302802,13.5,0.0,0.420833333,4.685436615384615,0.04408,-0.20653404600615385
2025-06-23 14:00:00,0.52,4.769441,13.5,0.0,0.420833333,4.249440999999999,0.0408,-0.17337719279999997
2025-06-23 15:00:00,2.94,3.0941289999999997,13.5,0.0,0.470833333,0.15412899999999974,0.0384,-0.00591855359999999
2025-06-23 16:00:00,0.11,2.800177,13.5,0.0,0.630833333,2.6901770000000003,0.12416,-0.33401237632
2025-06-23 17:00:00,0.925853448275862,1.3809090000000002,13.5,0.0,0.630833333,0.45505555172413814,0.22896,-0.10418951912275867
2025-06-23 18:00:00,1.0858534482758622,0.214724,12.628870551724138,0.0,0.630833333,0.0,0.26699,0.0
2025-06-23 19:00:00,0.27,0.0,12.358870551724138,0.0,0.630833333,0.0,0.26207,0.0
2025-06-23 20:00:00,0.16,0.0,12.198870551724138,0.0,0.630833333,0.0,0.17572,0.0
2025-06-23 21:00:00,0.14,0.0,12.058870551724135,0.0,0.470833333,0.0,0.08224,0.0
2025-06-23 22:00:00,0.13,0.0,11.928870551724136,0.0,0.470833333,0.0,0.07558,0.0
2025-06-23 23:00:00,0.11,0.0,11.818870551724135,0.0,0.470833333,0.0,0.07432,0.0
2025-06-24 00:00:00,0.11,0.0,11.708870551724138,0.0,0.420833333,0.0,0.07927,0.0
2025-06-24 01:00:00,0.11,0.0,11.598870551724138,0.0,0.420833333,0.0,0.07407,0.0
2025-06-24 02:00:00,0.11,0.0,11.48887055172414,0.0,0.420833333,0.0,0.07337,0.0
2025-06-24 03:00:00,0.11,0.0,11.37887055172414,0.0,0.420833333,0.0,0.076,0.0
2025-06-24 04:00:00,0.1,0.0,11.27887055172414,0.0,0.420833333,0.0,0.07453,0.0
2025-06-24 05:00:00,0.56,0.0255829999999999,10.74445355172414,0.0,0.420833333,0.0,0.0774,0.0
2025-06-24 06:00:00,0.51,0.587347,10.82180055172414,0.0,0.420833333,0.0,0.07575,0.0
2025-06-24 07:00:00,0.51,0.96278,11.27458055172414,0.0,0.420833333,0.0,0.07118,0.0
2025-06-24 08:00:00,0.5,1.881351,12.65593155172414,0.0,0.420833333,0.0,0.05545,0.0
2025-06-24 09:00:00,0.4,1.517093,13.5,0.0,0.420833333,1.1170930000000001,0.04501,-0.050280355930000006
2025-06-24 10:00:00,0.1,5.205618,13.5,0.0,0.420833333,5.105618000000001,0.04187,-0.21377222566
2025-06-24 11:00:00,0.6473653846153847,5.333333,13.5,0.0,0.420833333,4.685967615384615,0.04093,-0.1917966544976923
2025-06-24 12:00:00,0.3873653846153847,5.333333,13.5,0.0,0.420833333,4.945967615384615,0.03947,-0.19521734177923072
2025-06-24 13:00:00,0.3973653846153847,5.333333,13.5,0.0,0.420833333,4.935967615384615,0.04408,-0.21757745248615384
2025-06-24 14:00:00,0.1,4.826574,13.5,0.0,0.420833333,4.726574,0.0408,-0.19284421920000003
2025-06-24 15:00:00,0.1,3.96896,13.5,0.0,0.470833333,3.86896,0.0384,-0.14856806399999997
2025-06-24 16:00:00,0.11,2.842352,13.5,0.0,0.630833333,2.732352,0.12416,-0.33924882432000003
2025-06-24 17:00:00,0.925853448275862,1.392521,13.5,0.0,0.630833333,0.4666675517241379,0.22896,-0.1068482026427586
2025-06-24 18:00:00,0.9858534482758622,0.215925,12.730071551724135,0.0,0.630833333,0.0,0.26699,0.0
2025-06-24 19:00:00,0.15,0.0,12.580071551724137,0.0,0.630833333,0.0,0.26207,0.0
2025-06-24 20:00:00,0.27,0.0,12.310071551724135,0.0,0.630833333,0.0,0.17572,0.0
2025-06-24 21:00:00,0.21,0.0,12.100071551724136,0.0,0.470833333,0.0,0.08224,0.0
2025-06-24 22:00:00,0.1,0.0,12.000071551724137,0.0,0.470833333,0.0,0.07558,0.0
2025-06-24 23:00:00,0.48,0.0,11.520071551724136,0.0,0.470833333,0.0,0.07432,0.0
2025-06-25 00:00:00,0.5,0.0,11.020071551724136,0.0,0.420833333,0.0,0.07927,0.0
2025-06-25 01:00:00,0.5,0.0,10.520071551724136,0.0,0.420833333,0.0,0.07407,0.0
2025-06-25 02:00:00,0.58,0.0,9.940071551724136,0.0,0.420833333,0.0,0.07337,0.0
2025-06-25 03:00:00,0.8899999999999999,0.0,9.050071551724136,0.0,0.420833333,0.0,0.076,0.0
2025-06-25 04:00:00,0.5700000000000001,0.0,8.480071551724135,0.0,0.420833333,0.0,0.07453,0.0
2025-06-25 05:00:00,0.5900000000000001,0.099906,7.989977551724135,0.0,0.420833333,0.0,0.0774,0.0
2025-06-25 06:00:00,0.5,0.8261860000000001,8.316163551724136,0.0,0.420833333,0.0,0.07575,0.0
2025-06-25 07:00:00,0.58,0.905579,8.641742551724136,0.0,0.420833333,0.0,0.07118,0.0
2025-06-25 08:00:00,0.48,3.5272159999999997,11.688958551724134,0.0,0.420833333,0.0,0.05545,0.0
2025-06-25 09:00:00,0.41,4.493912,13.5,0.0,0.420833333,4.083912,0.04501,-0.18381687912
2025-06-25 10:00:00,2.8499999999999996,5.166036,13.5,0.0,0.420833333,2.3160360000000004,0.04187,-0.09697242732000001
2025-06-25 11:00:00,2.957365384615384,5.333333,13.5,0.0,0.420833333,2.375967615384616,0.04093,-0.09724835449769233
2025-06-25 12:00:00,2.6873653846153847,5.333333,13.5,0.0,0.420833333,2.645967615384615,0.03947,-0.10443634177923075
2025-06-25 13:00:00,2.6873653846153847,5.333333,13.5,0.0,0.420833333,2.645967615384615,0.04408,-0.11663425248615383
2025-06-25 14:00:00,2.4,4.767637,13.5,0.0,0.420833333,2.3676369999999998,0.0408,-0.0965995896
2025-06-25 15:00:00,0.11,3.913788,13.5,0.0,0.470833333,3.803788,0.0384,-0.1460654592
2025-06-25 16:00:00,0.1,2.8002249999999997,13.5,0.0,0.630833333,2.7002249999999997,0.12416,-0.335259936
2025-06-25 17:00:00,1.495853448275862,1.377077,13.38122355172414,0.0,0.630833333,0.0,0.22896,0.0
2025-06-25 18:00:00,1.4258534482758622,0.214011,12.169381103448275,0.0,0.630833333,0.0,0.26699,0.0
2025-06-25 19:00:00,0.14,0.0,12.029381103448276,0.0,0.630833333,0.0,0.26207,0.0
2025-06-25 20:00:00,0.59,0.0,11.439381103448277,0.0,0.630833333,0.0,0.17572,0.0
2025-06-25 21:00:00,1.04,0.0,10.399381103448276,0.0,0.470833333,0.0,0.08224,0.0
2025-06-25 22:00:00,0.81,0.0,9.589381103448275,0.0,0.470833333,0.0,0.07558,0.0
2025-06-25 23:00:00,0.13,0.0,9.459381103448276,0.0,0.470833333,0.0,0.07432,0.0
2025-06-26 00:00:00,0.19,0.0,9.269381103448277,0.0,0.420833333,0.0,0.07927,0.0
2025-06-26 01:00:00,0.55,0.0,8.719381103448276,0.0,0.420833333,0.0,0.07407,0.0
2025-06-26 02:00:00,0.79,0.0,7.929381103448276,0.0,0.420833333,0.0,0.07337,0.0
2025-06-26 03:00:00,0.82,0.0,7.109381103448276,0.0,0.420833333,0.0,0.076,0.0
2025-06-26 04:00:00,0.65,0.0,6.459381103448275,0.0,0.420833333,0.0,0.07453,0.0
2025-06-26 05:00:00,1.13,0.099423,5.428804103448275,0.0,0.420833333,0.0,0.0774,0.0
2025-06-26 06:00:00,0.57,0.8018390000000001,5.660643103448275,0.0,0.420833333,0.0,0.07575,0.0
2025-06-26 07:00:00,0.24,2.2396909999999997,7.660334103448275,0.0,0.420833333,0.0,0.07118,0.0
2025-06-26 08:00:00,0.5599999999999999,3.528378,10.628712103448274,0.0,0.420833333,0.0,0.05545,0.0
2025-06-26 09:00:00,0.1,4.494281,13.5,0.0,0.420833333,4.394281,0.04501,-0.19778658781000003
2025-06-26 10:00:00,0.1,5.1601099999999995,13.5,0.0,0.420833333,5.06011,0.04187,-0.2118668057
2025-06-26 11:00:00,0.3873653846153847,5.333333,13.5,0.0,0.420833333,4.945967615384615,0.04093,-0.2024384544976923
2025-06-26 12:00:00,0.4673653846153847,5.333333,13.5,0.0,0.420833333,4.865967615384615,0.03947,-0.19205974177923074
2025-06-26 13:00:00,0.4573653846153847,5.333333,13.5,0.0,0.420833333,4.875967615384615,0.04408,-0.21493265248615384
2025-06-26 14:00:00,0.1,4.873912000000001,13.5,0.0,0.420833333,4.773912000000001,0.0408,-0.19477560960000007
2025-06-26 15:00:00,0.11,4.014697,13.5,0.0,0.470833333,3.904697,0.0384,-0.1499403648
2025-06-26 16:00:00,0.1,2.872531,13.5,0.0,0.630833333,2.772531,0.12416,-0.34423744896
2025-06-26 17:00:00,0.925853448275862,1.414472,13.5,0.0,0.630833333,0.48861855172413793,0.22896,-0.11187410360275862
2025-06-26 18:00:00,1.3558534482758622,0.245414,12.389560551724138,0.0,0.630833333,0.0,0.26699,0.0
2025-06-26 19:00:00,0.13,0.0,12.259560551724135,0.0,0.630833333,0.0,0.26207,0.0
2025-06-26 20:00:00,0.13,0.0,12.129560551724136,0.0,0.630833333,0.0,0.17572,0.0
2025-06-26 21:00:00,0.13,0.0,11.999560551724135,0.0,0.470833333,0.0,0.08224,0.0
2025-06-26 22:00:00,0.21,0.0,11.789560551724136,0.0,0.470833333,0.0,0.07558,0.0
2025-06-26 23:00:00,0.2,0.0,11.589560551724135,0.0,0.470833333,0.0,0.07432,0.0
2025-06-27 00:00:00,0.19,0.0,11.399560551724136,0.0,0.420833333,0.0,0.07927,0.0
2025-06-27 01:00:00,0.19,0.0,11.209560551724136,0.0,0.420833333,0.0,0.07407,0.0
2025-06-27 02:00:00,0.56,0.0,10.649560551724136,0.0,0.420833333,0.0,0.07337,0.0
2025-06-27 03:00:00,0.71,0.0,9.939560551724137,0.0,0.420833333,0.0,0.076,0.0
2025-06-27 04:00:00,1.02,0.0,8.919560551724135,0.0,0.420833333,0.0,0.07453,0.0
2025-06-27 05:00:00,0.58,0.109559,8.449119551724136,0.0,0.420833333,0.0,0.0774,0.0
2025-06-27 06:00:00,0.6,0.800983,8.650102551724137,0.0,0.420833333,0.0,0.07575,0.0
2025-06-27 07:00:00,0.19,2.202396,10.662498551724138,0.0,0.420833333,0.0,0.07118,0.0
2025-06-27 08:00:00,0.12,3.419197,13.5,0.0,0.420833333,3.299197,0.05545,-0.18294047365
2025-06-27 09:00:00,0.1,4.361974,13.5,0.0,0.420833333,4.261974,0.04501,-0.19183144974000002
2025-06-27 10:00:00,2.49,5.049167000000001,13.5,0.0,0.420833333,2.5591670000000004,0.04187,-0.10715232229
2025-06-27 11:00:00,2.7073653846153847,5.333333,13.5,0.0,0.420833333,2.625967615384615,0.04093,-0.10748085449769229
2025-06-27 12:00:00,2.8173653846153845,5.333333,13.5,0.0,0.420833333,2.515967615384615,0.03947,-0.09930524177923075
2025-06-27 13:00:00,2.7073653846153847,5.308287,13.5,0.0,0.420833333,2.6009216153846153,0.04408,-0.11464862480615384
2025-06-27 14:00:00,2.44,4.743742,13.5,0.0,0.420833333,2.303742,0.0408,-0.09399267360000002
2025-06-27 15:00:00,0.11,3.895079,13.5,0.0,0.470833333,3.785079,0.0384,-0.14534703359999998
2025-06-27 16:00:00,0.1,2.786899,13.5,0.0,0.630833333,2.686899,0.12416,-0.33360537984
2025-06-27 17:00:00,1.305853448275862,1.3795039999999998,13.5,0.0,0.630833333,0.07365055172413792,0.22896,-0.01686303032275862
2025-06-27 18:00:00,2.6558534482758622,0.269973,11.114119551724135,0.0,0.630833333,0.0,0.26699,0.0
2025-06-27 19:00:00,0.15,0.0,10.964119551724137,0.0,0.630833333,0.0,0.26207,0.0
2025-06-27 20:00:00,0.18,0.0,10.784119551724135,0.0,0.630833333,0.0,0.17572,0.0
2025-06-27 21:00:00,0.13,0.0,10.654119551724136,0.0,0.470833333,0.0,0.08224,0.0
2025-06-27 22:00:00,0.12,0.0,10.534119551724135,0.0,0.470833333,0.0,0.07558,0.0
2025-06-27 23:00:00,0.19,0.0,10.344119551724138,0.0,0.470833333,0.0,0.07432,0.0
2025-06-28 00:00:00,0.15,0.0,10.194119551724135,0.0,0.420833333,0.0,0.07927,0.0
2025-06-28 01:00:00,0.1,0.0,10.094119551724138,0.0,0.420833333,0.0,0.07407,0.0
2025-06-28 02:00:00,0.11,0.0,9.984119551724138,0.0,0.420833333,0.0,0.07337,0.0
2025-06-28 03:00:00,0.1,0.0,9.884119551724138,0.0,0.420833333,0.0,0.076,0.0
2025-06-28 04:00:00,0.14,0.0,9.744119551724138,0.0,0.420833333,0.0,0.07453,0.0
2025-06-28 05:00:00,0.19,0.1242429999999999,9.678362551724138,0.0,0.420833333,0.0,0.0774,0.0
2025-06-28 06:00:00,0.19,0.806539,10.294901551724138,0.0,0.420833333,0.0,0.07575,0.0
2025-06-28 07:00:00,0.32,2.153336,12.128237551724135,0.0,0.420833333,0.0,0.07118,0.0
2025-06-28 08:00:00,0.48,3.39439,13.5,0.0,0.420833333,2.91439,0.05545,-0.1616029255
2025-06-28 09:00:00,0.37,4.363215,13.5,0.0,0.420833333,3.993215,0.04501,-0.17973460715
2025-06-28 10:00:00,2.4099999999999997,5.012347,13.5,0.0,0.420833333,2.6023470000000004,0.04187,-0.10896026889000002
2025-06-28 11:00:00,2.7929999999999997,5.333333,13.5,0.0,0.420833333,2.540333,0.04093,-0.10397582969000001
2025-06-28 12:00:00,5.893,5.333333,12.940333,0.0,0.420833333,0.0,0.03947,0.0
2025-06-28 13:00:00,3.533,5.26477,13.5,0.0,0.420833333,1.7317700000000005,0.04408,-0.07633642160000002
2025-06-28 14:00:00,2.44,4.724068,13.5,0.0,0.420833333,2.284068,0.0408,-0.0931899744
2025-06-28 15:00:00,0.12,3.886813,13.5,0.0,0.470833333,3.766813,0.0384,-0.1446456192
2025-06-28 16:00:00,0.11,2.779575,13.5,0.0,0.630833333,2.669575,0.12416,-0.331454432
2025-06-28 17:00:00,0.9618505747126438,1.382389,13.5,0.0,0.630833333,0.4205384252873563,0.22896,-0.0962864778537931
2025-06-28 18:00:00,0.9718505747126438,0.276581,12.804730425287357,0.0,0.630833333,0.0,0.26699,0.0
2025-06-28 19:00:00,0.12,0.0,12.684730425287356,0.0,0.630833333,0.0,0.26207,0.0
2025-06-28 20:00:00,0.27,0.0,12.414730425287358,0.0,0.630833333,0.0,0.17572,0.0
2025-06-28 21:00:00,0.26,0.0,12.154730425287358,0.0,0.470833333,0.0,0.08224,0.0
2025-06-28 22:00:00,0.23,0.0,11.924730425287358,0.0,0.470833333,0.0,0.07558,0.0
2025-06-28 23:00:00,0.22,0.0,11.704730425287355,0.0,0.470833333,0.0,0.07432,0.0
2025-06-29 00:00:00,0.22,0.0,11.484730425287356,0.0,0.420833333,0.0,0.07927,0.0
2025-06-29 01:00:00,0.21,0.0,11.274730425287355,0.0,0.420833333,0.0,0.07407,0.0
2025-06-29 02:00:00,0.21,0.0,11.064730425287356,0.0,0.420833333,0.0,0.07337,0.0
2025-06-29 03:00:00,0.21,0.0,10.854730425287354,0.0,0.420833333,0.0,0.076,0.0
2025-06-29 04:00:00,0.62,0.0,10.234730425287356,0.0,0.420833333,0.0,0.07453,0.0
2025-06-29 05:00:00,1.05,0.11893,9.303660425287354,0.0,0.420833333,0.0,0.0774,0.0
2025-06-29 06:00:00,0.59,0.3487099999999999,9.062370425287355,0.0,0.420833333,0.0,0.07575,0.0
2025-06-29 07:00:00,0.32,1.53905,10.281420425287354,0.0,0.420833333,0.0,0.07118,0.0
2025-06-29 08:00:00,0.2299999999999999,2.168875,12.220295425287354,0.0,0.420833333,0.0,0.05545,0.0
2025-06-29 09:00:00,0.2299999999999999,4.24938,13.5,0.0,0.420833333,4.019380000000001,0.04501,-0.18091229380000004
2025-06-29 10:00:00,2.52,4.889674,13.5,0.0,0.420833333,2.3696740000000003,0.04187,-0.09921825038000001
2025-06-29 11:00:00,2.803,5.283849,13.5,0.0,0.420833333,2.480849,0.04093,-0.10154114957
2025-06-29 12:00:00,2.8129999999999997,5.333333,13.5,0.0,0.420833333,2.520333,0.03947,-0.09947754350999999
2025-06-29 13:00:00,3.323,5.143503,13.5,0.0,0.420833333,1.820503,0.04408,-0.08024777224
2025-06-29 14:00:00,3.09,4.6259,13.5,0.0,0.420833333,1.5358999999999998,0.0408,-0.06266472
2025-06-29 15:00:00,0.76,3.771648,13.5,0.0,0.470833333,3.011648,0.0384,-0.11564728319999999
2025-06-29 16:00:00,0.24,2.670817,13.5,0.0,0.630833333,2.4308170000000002,0.12416,-0.30181023872000007
2025-06-29 17:00:00,0.9918505747126438,1.335942,13.5,0.0,0.630833333,0.34409142528735615,0.22896,-0.07878317273379307
2025-06-29 18:00:00,1.0118505747126438,0.305394,12.793543425287355,0.0,0.630833333,0.0,0.26699,0.0
2025-06-29 19:00:00,0.12,0.0,12.673543425287358,0.0,0.630833333,0.0,0.26207,0.0
2025-06-29 20:00:00,0.1699999999999999,0.0,12.503543425287358,0.0,0.630833333,0.0,0.17572,0.0
2025-06-29 21:00:00,0.11,0.0,12.393543425287358,0.0,0.470833333,0.0,0.08224,0.0
2025-06-29 22:00:00,0.22,0.0,12.173543425287358,0.0,0.470833333,0.0,0.07558,0.0
2025-06-29 23:00:00,0.22,0.0,11.953543425287355,0.0,0.470833333,0.0,0.07432,0.0
2025-06-30 00:00:00,0.2299999999999999,0.0,11.723543425287357,0.0,0.420833333,0.0,0.07927,0.0
2025-06-30 01:00:00,0.22,0.0,11.503543425287356,0.0,0.420833333,0.0,0.07407,0.0
2025-06-30 02:00:00,0.22,0.0,11.283543425287355,0.0,0.420833333,0.0,0.07337,0.0
2025-06-30 03:00:00,0.21,0.0,11.073543425287356,0.0,0.420833333,0.0,0.076,0.0
2025-06-30 04:00:00,0.6399999999999999,0.0,10.433543425287354,0.0,0.420833333,0.0,0.07453,0.0
2025-06-30 05:00:00,0.61,0.127267,9.950810425287354,0.0,0.420833333,0.0,0.0774,0.0
2025-06-30 06:00:00,0.67,0.7834,10.064210425287357,0.0,0.420833333,0.0,0.07575,0.0
2025-06-30 07:00:00,1.4300000000000002,0.524475,9.158685425287354,0.0,0.420833333,0.0,0.07118,0.0
2025-06-30 08:00:00,0.24,0.818339,9.737024425287354,0.0,0.420833333,0.0,0.05545,0.0
2025-06-30 09:00:00,0.25,1.408472,10.895496425287352,0.0,0.420833333,0.0,0.04501,0.0
2025-06-30 10:00:00,0.24,1.625239,12.280735425287354,0.0,0.420833333,0.0,0.04187,0.0
2025-06-30 11:00:00,0.493,3.272115,13.5,0.0,0.420833333,2.779115,0.04093,-0.11374917695
2025-06-30 12:00:00,0.543,5.333333,13.5,0.0,0.420833333,4.7903329999999995,0.03947,-0.18907444350999997
2025-06-30 13:00:00,0.423,5.16086,13.5,0.0,0.420833333,4.7378599999999995,0.04408,-0.20884486879999997
2025-06-30 14:00:00,0.16,1.48695,13.5,0.0,0.420833333,1.32695,0.0408,-0.05413956000000001
2025-06-30 15:00:00,0.15,0.991819,13.5,0.0,0.470833333,0.841819,0.0384,-0.0323258496
2025-06-30 16:00:00,0.13,2.702928,13.5,0.0,0.630833333,2.572928,0.12416,-0.31945474048000005
2025-06-30 17:00:00,1.2718505747126438,1.44015,13.5,0.0,0.630833333,0.1682994252873562,0.22896,-0.03853383641379307
2025-06-30 18:00:00,2.1518505747126437,0.239367,11.587516425287356,0.0,0.630833333,0.0,0.26699,0.0
2025-06-30 19:00:00,0.16,0.0,11.427516425287356,0.0,0.630833333,0.0,0.26207,0.0
2025-06-30 20:00:00,0.22,0.0,11.207516425287356,0.0,0.630833333,0.0,0.17572,0.0
2025-06-30 21:00:00,0.17,0.0,11.037516425287356,0.0,0.470833333,0.0,0.08224,0.0
2025-06-30 22:00:00,0.13,0.0,10.907516425287357,0.0,0.470833333,0.0,0.07558,0.0
2025-06-30 23:00:00,0.1,0.0,10.807516425287355,0.0,0.470833333,0.0,0.07432,0.0
2025-06-30 23:59:59,0.1,0.0,10.807516425287355,0.1,150.0,0.0,0.0,15.0
2025-07-01 00:00:00,0.11,0.0,10.697516425287356,0.0,0.42016129,0.0,0.075,0.0
2025-07-01 01:00:00,0.11,0.0,10.587516425287356,0.0,0.42016129,0.0,0.072,0.0
2025-07-01 02:00:00,0.1,0.0,10.487516425287357,0.0,0.42016129,0.0,0.068,0.0
2025-07-01 03:00:00,0.1,0.0,10.387516425287355,0.0,0.42016129,0.0,0.067,0.0
2025-07-01 04:00:00,0.09,0.0,10.297516425287355,0.0,0.42016129,0.0,0.066,0.0
2025-07-01 05:00:00,0.11,0.090135,10.277651425287358,0.0,0.42016129,0.0,0.067,0.0
2025-07-01 06:00:00,0.8500000000000001,0.793175,10.220826425287358,0.0,0.42016129,0.0,0.071,0.0
2025-07-01 07:00:00,0.59,1.541031,11.171857425287358,0.0,0.42016129,0.0,0.065,0.0
2025-07-01 08:00:00,0.1,3.533292,13.5,0.0,0.42016129,3.433292,0.06,-0.20599752
2025-07-01 09:00:00,0.1,4.499875,13.5,0.0,0.42016129,4.399875000000001,0.052,-0.2287935
2025-07-01 10:00:00,0.1,5.172566,13.5,0.0,0.42016129,5.072566,0.055,-0.27899113000000003
2025-07-01 11:00:00,0.403,5.333333,13.5,0.0,0.42016129,4.930332999999999,0.053,-0.261307649
2025-07-01 12:00:00,0.383,5.333333,13.5,0.0,0.42016129,4.950333,0.053,-0.262367649
2025-07-01 13:00:00,0.393,5.333333,13.5,0.0,0.42016129,4.940333,0.05,-0.24701665
2025-07-01 14:00:00,0.1,4.854143,13.5,0.0,0.42016129,4.754143,0.046,-0.218690578
2025-07-01 15:00:00,0.1,4.00319,13.5,0.0,0.47016129,3.90319,0.05,-0.1951595
2025-07-01 16:00:00,0.11,2.878239,13.5,0.0,0.63016129,2.7682390000000003,0.137,-0.37924874300000005
2025-07-01 17:00:00,0.9318505747126438,1.418308,13.5,0.0,0.63016129,0.48645742528735614,0.32,-0.15566637609195397
2025-07-01 18:00:00,2.371850574712644,0.226698,11.354847425287357,0.0,0.63016129,0.0,0.358,0.0
2025-07-01 19:00:00,0.25,0.0,11.104847425287357,0.0,0.63016129,0.0,0.446,0.0
2025-07-01 20:00:00,0.16,0.0,10.944847425287357,0.0,0.63016129,0.0,0.276,0.0
2025-07-01 21:00:00,0.18,0.0,10.764847425287355,0.0,0.47016129,0.0,0.088,0.0
2025-07-01 22:00:00,0.23,0.0,10.534847425287357,0.0,0.47016129,0.0,0.08,0.0
2025-07-01 23:00:00,0.21,0.0,10.324847425287356,0.0,0.47016129,0.0,0.074,0.0
2025-07-02 00:00:00,0.2299999999999999,0.0,10.094847425287355,0.0,0.42016129,0.0,0.075,0.0
2025-07-02 01:00:00,0.22,0.0,9.874847425287356,0.0,0.42016129,0.0,0.072,0.0
2025-07-02 02:00:00,0.22,0.0,9.654847425287354,0.0,0.42016129,0.0,0.068,0.0
2025-07-02 03:00:00,0.63,0.0,9.024847425287351,0.0,0.42016129,0.0,0.067,0.0
2025-07-02 04:00:00,0.65,0.0,8.374847425287353,0.0,0.42016129,0.0,0.066,0.0
2025-07-02 05:00:00,0.68,0.097322,7.792169425287353,0.0,0.42016129,0.0,0.067,0.0
2025-07-02 06:00:00,0.68,0.7635069999999999,7.875676425287353,0.0,0.42016129,0.0,0.071,0.0
2025-07-02 07:00:00,0.6900000000000001,2.154259,9.339935425287354,0.0,0.42016129,0.0,0.065,0.0
2025-07-02 08:00:00,0.47,3.380363,12.250298425287356,0.0,0.42016129,0.0,0.06,0.0
2025-07-02 09:00:00,0.22,4.3131260000000005,13.5,0.0,0.42016129,4.093126000000001,0.052,-0.21284255200000002
2025-07-02 10:00:00,2.52,4.965752999999999,13.5,0.0,0.42016129,2.4457529999999994,0.055,-0.13451641499999997
2025-07-02 11:00:00,2.9106666666666667,5.333333,13.5,0.0,0.42016129,2.422666333333333,0.053,-0.12840131566666665
2025-07-02 12:00:00,2.9106666666666667,5.333333,13.5,0.0,0.42016129,2.422666333333333,0.053,-0.12840131566666665
2025-07-02 13:00:00,2.9106666666666667,5.204627,13.5,0.0,0.42016129,2.2939603333333336,0.05,-0.11469801666666668
2025-07-02 14:00:00,2.52,4.668734000000001,13.5,0.0,0.42016129,2.1487340000000006,0.046,-0.09884176400000003
2025-07-02 15:00:00,0.21,3.849609,13.5,0.0,0.47016129,3.639609,0.05,-0.18198045000000002
2025-07-02 16:00:00,0.22,2.7743629999999997,13.5,0.0,0.63016129,2.5543629999999995,0.137,-0.349947731
2025-07-02 17:00:00,3.5491340996168583,1.37929,11.330155900383142,0.0,0.63016129,0.0,0.32,0.0
2025-07-02 18:00:00,2.2491340996168585,0.231901,9.312922800766284,0.0,0.63016129,0.0,0.358,0.0
2025-07-02 19:00:00,0.17,0.0,9.142922800766284,0.0,0.63016129,0.0,0.446,0.0
2025-07-02 20:00:00,0.16,0.0,8.982922800766284,0.0,0.63016129,0.0,0.276,0.0
2025-07-02 21:00:00,0.5700000000000001,0.0,8.412922800766284,0.0,0.47016129,0.0,0.088,0.0
2025-07-02 22:00:00,0.74,0.0,7.672922800766283,0.0,0.47016129,0.0,0.08,0.0
2025-07-02 23:00:00,0.22,0.0,7.4529228007662836,0.0,0.47016129,0.0,0.074,0.0
2025-07-03 00:00:00,1.07,0.0,6.382922800766283,0.0,0.42016129,0.0,0.075,0.0
2025-07-03 01:00:00,0.48,0.0,5.902922800766284,0.0,0.42016129,0.0,0.072,0.0
2025-07-03 02:00:00,0.87,0.0,5.032922800766284,0.0,0.42016129,0.0,0.068,0.0
2025-07-03 03:00:00,0.4599999999999999,0.0,4.572922800766284,0.0,0.42016129,0.0,0.067,0.0
2025-07-03 04:00:00,1.05,0.0,3.522922800766284,0.0,0.42016129,0.0,0.066,0.0
2025-07-03 05:00:00,0.7300000000000001,0.079438,2.872360800766284,0.0,0.42016129,0.0,0.067,0.0
2025-07-03 06:00:00,0.75,0.754976,2.877336800766284,0.0,0.42016129,0.0,0.071,0.0
2025-07-03 07:00:00,0.6,1.084719,3.362055800766284,0.0,0.42016129,0.0,0.065,0.0
2025-07-03 08:00:00,0.56,1.82858,4.630635800766284,0.0,0.42016129,0.0,0.06,0.0
2025-07-03 09:00:00,0.73,2.952913,6.853548800766284,0.0,0.42016129,0.0,0.052,0.0
2025-07-03 10:00:00,0.76,2.700792,8.794340800766284,0.0,0.42016129,0.0,0.055,0.0
2025-07-03 11:00:00,1.1806666666666668,3.607364,11.221038134099617,0.0,0.42016129,0.0,0.053,0.0
2025-07-03 12:00:00,1.0306666666666668,3.336783,13.5,0.0,0.42016129,2.306116333333333,0.053,-0.12222416566666666
2025-07-03 13:00:00,0.7506666666666667,3.5311329999999996,13.5,0.0,0.42016129,2.780466333333333,0.05,-0.13902331666666665
2025-07-03 14:00:00,0.21,3.008521,13.5,0.0,0.42016129,2.798521,0.046,-0.128731966
2025-07-03 15:00:00,0.22,3.936682,13.5,0.0,0.47016129,3.7166819999999996,0.05,-0.1858341
2025-07-03 16:00:00,0.22,2.8428760000000004,13.5,0.0,0.63016129,2.622876,0.137,-0.35933401200000004
2025-07-03 17:00:00,1.3491340996168584,1.410826,13.5,0.0,0.63016129,0.06169190038314154,0.32,-0.019741408122605292
2025-07-03 18:00:00,4.469134099616858,0.232179,9.263044900383145,0.0,0.63016129,0.0,0.358,0.0
2025-07-03 19:00:00,0.27,0.0,8.993044900383143,0.0,0.63016129,0.0,0.446,0.0
2025-07-03 20:00:00,0.27,0.0,8.723044900383144,0.0,0.63016129,0.0,0.276,0.0
2025-07-03 21:00:00,0.24,0.0,8.483044900383144,0.0,0.47016129,0.0,0.088,0.0
2025-07-03 22:00:00,0.24,0.0,8.243044900383143,0.0,0.47016129,0.0,0.08,0.0
2025-07-03 23:00:00,0.22,0.0,8.023044900383143,0.0,0.47016129,0.0,0.074,0.0
2025-07-04 00:00:00,0.75,0.0,7.273044900383143,0.0,0.42016129,0.0,0.075,0.0
2025-07-04 01:00:00,0.77,0.0,6.503044900383143,0.0,0.42016129,0.0,0.072,0.0
2025-07-04 02:00:00,0.59,0.0,5.913044900383143,0.0,0.42016129,0.0,0.068,0.0
2025-07-04 03:00:00,1.05,0.0,4.8630449003831435,0.0,0.42016129,0.0,0.067,0.0
2025-07-04 04:00:00,0.5900000000000001,0.0,4.273044900383144,0.0,0.42016129,0.0,0.066,0.0
2025-07-04 05:00:00,0.91,0.08445,3.447494900383144,0.0,0.42016129,0.0,0.067,0.0
2025-07-04 06:00:00,0.8400000000000001,0.761846,3.369340900383144,0.0,0.42016129,0.0,0.071,0.0
2025-07-04 07:00:00,0.8200000000000001,2.158374,4.707714900383143,0.0,0.42016129,0.0,0.065,0.0
2025-07-04 08:00:00,0.8200000000000001,3.3940189999999997,7.281733900383143,0.0,0.42016129,0.0,0.06,0.0
2025-07-04 09:00:00,0.2,4.290832999999999,11.37256690038314,0.0,0.42016129,0.0,0.052,0.0
2025-07-04 10:00:00,2.4,4.928975,13.5,0.0,0.42016129,2.5289750000000004,0.055,-0.13909362500000003
2025-07-04 11:00:00,2.790666666666666,5.306095999999999,13.5,0.0,0.42016129,2.515429333333333,0.053,-0.13331775466666665
2025-07-04 12:00:00,4.310666666666666,5.333333,13.5,0.0,0.42016129,1.0226663333333335,0.053,-0.05420131566666667
2025-07-04 13:00:00,4.250666666666667,5.217867,13.5,0.0,0.42016129,0.9672003333333334,0.05,-0.04836001666666667
2025-07-04 14:00:00,2.54,4.707885,13.5,0.0,0.42016129,2.167885,0.046,-0.09972271
2025-07-04 15:00:00,0.13,3.880883,13.5,0.0,0.47016129,3.750883,0.05,-0.18754415000000002
2025-07-04 16:00:00,0.11,2.782973,13.5,0.0,0.63016129,2.6729730000000003,0.137,-0.3661973010000001
2025-07-04 17:00:00,1.3691340996168584,1.379865,13.5,0.0,0.63016129,0.010730900383141506,0.32,-0.0034338881226052822
2025-07-04 18:00:00,1.2691340996168583,0.267454,12.49831990038314,0.0,0.63016129,0.0,0.358,0.0
2025-07-04 19:00:00,0.12,0.0,12.378319900383142,0.0,0.63016129,0.0,0.446,0.0
2025-07-04 20:00:00,0.2,0.0,12.178319900383142,0.0,0.63016129,0.0,0.276,0.0
2025-07-04 21:00:00,0.65,0.0,11.528319900383142,0.0,0.47016129,0.0,0.088,0.0
2025-07-04 22:00:00,0.6699999999999999,0.0,10.858319900383142,0.0,0.47016129,0.0,0.08,0.0
2025-07-04 23:00:00,0.21,0.0,10.64831990038314,0.0,0.47016129,0.0,0.074,0.0
2025-07-05 00:00:00,0.62,0.0,10.028319900383142,0.0,0.42016129,0.0,0.075,0.0
2025-07-05 01:00:00,0.54,0.0,9.488319900383145,0.0,0.42016129,0.0,0.072,0.0
2025-07-05 02:00:00,0.71,0.0,8.778319900383142,0.0,0.42016129,0.0,0.068,0.0
2025-07-05 03:00:00,0.59,0.0,8.188319900383142,0.0,0.42016129,0.0,0.067,0.0
2025-07-05 04:00:00,0.6,0.0,7.5883199003831425,0.0,0.42016129,0.0,0.066,0.0
2025-07-05 05:00:00,0.8,0.116877,6.905196900383142,0.0,0.42016129,0.0,0.067,0.0
2025-07-05 06:00:00,0.93,0.752576,6.727772900383142,0.0,0.42016129,0.0,0.071,0.0
2025-07-05 07:00:00,0.6799999999999999,1.3580709999999998,7.405843900383142,0.0,0.42016129,0.0,0.065,0.0
2025-07-05 08:00:00,0.63,3.243788,10.019631900383144,0.0,0.42016129,0.0,0.06,0.0
2025-07-05 09:00:00,0.45,4.123567,13.5,0.0,0.42016129,3.6735670000000002,0.052,-0.191025484
2025-07-05 10:00:00,2.4099999999999997,4.730232,13.5,0.0,0.42016129,2.3202320000000003,0.055,-0.12761276000000002
2025-07-05 11:00:00,2.730182692307692,5.120081,13.5,0.0,0.42016129,2.3898983076923077,0.053,-0.1266646103076923
2025-07-05 12:00:00,2.8301826923076923,5.210103,13.5,0.0,0.42016129,2.379920307692308,0.053,-0.12613577630769232
2025-07-05 13:00:00,2.770182692307692,5.017698,13.5,0.0,0.42016129,2.247515307692308,0.05,-0.11237576538461541
2025-07-05 14:00:00,2.4099999999999997,4.505545,13.5,0.0,0.42016129,2.095545,0.046,-0.09639507
2025-07-05 15:00:00,0.1,3.700005,13.5,0.0,0.47016129,3.600005,0.05,-0.18000025
2025-07-05 16:00:00,0.11,2.016003,13.5,0.0,0.63016129,1.906003,0.137,-0.261122411
2025-07-05 17:00:00,2.423852011494253,0.791454,11.867601988505749,0.0,0.63016129,0.0,0.32,0.0
2025-07-05 18:00:00,1.643852011494253,0.12862,10.352369977011492,0.0,0.63016129,0.0,0.358,0.0
2025-07-05 19:00:00,0.12,0.0,10.232369977011494,0.0,0.63016129,0.0,0.446,0.0
2025-07-05 20:00:00,0.12,0.0,10.112369977011497,0.0,0.63016129,0.0,0.276,0.0
2025-07-05 21:00:00,0.13,0.0,9.982369977011494,0.0,0.47016129,0.0,0.088,0.0
2025-07-05 22:00:00,0.22,0.0,9.762369977011494,0.0,0.47016129,0.0,0.08,0.0
2025-07-05 23:00:00,0.25,0.0,9.512369977011494,0.0,0.47016129,0.0,0.074,0.0
2025-07-06 00:00:00,0.32,0.0,9.192369977011491,0.0,0.42016129,0.0,0.075,0.0
2025-07-06 01:00:00,0.22,0.0,8.972369977011493,0.0,0.42016129,0.0,0.072,0.0
2025-07-06 02:00:00,0.63,0.0,8.342369977011492,0.0,0.42016129,0.0,0.068,0.0
2025-07-06 03:00:00,0.63,0.0,7.712369977011492,0.0,0.42016129,0.0,0.067,0.0
2025-07-06 04:00:00,1.0,0.0,6.712369977011492,0.0,0.42016129,0.0,0.066,0.0
2025-07-06 05:00:00,0.6,0.107446,6.219815977011492,0.0,0.42016129,0.0,0.067,0.0
2025-07-06 06:00:00,1.06,0.748579,5.908394977011492,0.0,0.42016129,0.0,0.071,0.0
2025-07-06 07:00:00,1.29,1.332733,5.951127977011492,0.0,0.42016129,0.0,0.065,0.0
2025-07-06 08:00:00,0.81,3.323757,8.464884977011492,0.0,0.42016129,0.0,0.06,0.0
2025-07-06 09:00:00,0.59,2.192555,10.067439977011492,0.0,0.42016129,0.0,0.052,0.0
2025-07-06 10:00:00,2.71,2.318938,9.676377977011493,0.0,0.42016129,0.0,0.055,0.0
2025-07-06 11:00:00,2.7201826923076924,2.496799,9.4529942847038,0.0,0.42016129,0.0,0.053,0.0
2025-07-06 12:00:00,2.750182692307692,2.1269769999999997,8.829788592396108,0.0,0.42016129,0.0,0.053,0.0
2025-07-06 13:00:00,2.750182692307692,2.336633,8.416238900088416,0.0,0.42016129,0.0,0.05,0.0
2025-07-06 14:00:00,2.42,2.790586,8.786824900088416,0.0,0.42016129,0.0,0.046,0.0
2025-07-06 15:00:00,0.11,1.639782,10.316606900088416,0.0,0.47016129,0.0,0.05,0.0
2025-07-06 16:00:00,0.11,0.805831,11.012437900088416,0.0,0.63016129,0.0,0.137,0.0
2025-07-06 17:00:00,0.9538520114942528,0.460463,10.519048888594162,0.0,0.63016129,0.0,0.32,0.0
2025-07-06 18:00:00,1.083852011494253,0.2151529999999999,9.65034987709991,0.0,0.63016129,0.0,0.358,0.0
2025-07-06 19:00:00,0.26,0.0,9.39034987709991,0.0,0.63016129,0.0,0.446,0.0
2025-07-06 20:00:00,0.4599999999999999,0.0,8.93034987709991,0.0,0.63016129,0.0,0.276,0.0
2025-07-06 21:00:00,0.16,0.0,8.77034987709991,0.0,0.47016129,0.0,0.088,0.0
2025-07-06 22:00:00,0.2,0.0,8.570349877099911,0.0,0.47016129,0.0,0.08,0.0
2025-07-06 23:00:00,0.21,0.0,8.36034987709991,0.0,0.47016129,0.0,0.074,0.0
2025-07-07 00:00:00,0.21,0.0,8.15034987709991,0.0,0.42016129,0.0,0.075,0.0
2025-07-07 01:00:00,0.63,0.0,7.520349877099909,0.0,0.42016129,0.0,0.072,0.0
2025-07-07 02:00:00,0.83,0.0,6.6903498770999095,0.0,0.42016129,0.0,0.068,0.0
2025-07-07 03:00:00,0.74,0.0,5.950349877099909,0.0,0.42016129,0.0,0.067,0.0
2025-07-07 04:00:00,1.05,0.0,4.900349877099909,0.0,0.42016129,0.0,0.066,0.0
2025-07-07 05:00:00,0.6699999999999999,0.099073,4.329422877099909,0.0,0.42016129,0.0,0.067,0.0
2025-07-07 06:00:00,1.28,0.161136,3.210558877099909,0.0,0.42016129,0.0,0.071,0.0
2025-07-07 07:00:00,1.54,0.435741,2.106299877099909,0.0,0.42016129,0.0,0.065,0.0
2025-07-07 08:00:00,0.6799999999999999,0.896697,2.322996877099909,0.0,0.42016129,0.0,0.06,0.0
2025-07-07 09:00:00,1.07,1.41805,2.6710468770999087,0.0,0.42016129,0.0,0.052,0.0
2025-07-07 10:00:00,0.84,1.666317,3.4973638770999087,0.0,0.42016129,0.0,0.055,0.0
2025-07-07 11:00:00,0.5901826923076923,1.704046,4.611227184792217,0.0,0.42016129,0.0,0.053,0.0
2025-07-07 12:00:00,0.5401826923076923,1.646817,5.717861492484524,0.0,0.42016129,0.0,0.053,0.0
2025-07-07 13:00:00,0.5101826923076923,1.429191,6.636869800176832,0.0,0.42016129,0.0,0.05,0.0
2025-07-07 14:00:00,0.23,2.016397,8.423266800176833,0.0,0.42016129,0.0,0.046,0.0
2025-07-07 15:00:00,0.2299999999999999,1.49544,9.688706800176831,0.0,0.47016129,0.0,0.05,0.0
2025-07-07 16:00:00,0.22,1.021345,10.490051800176833,0.0,0.63016129,0.0,0.137,0.0
2025-07-07 17:00:00,1.083852011494253,0.734456,10.14065578868258,0.0,0.63016129,0.0,0.32,0.0
2025-07-07 18:00:00,1.093852011494253,0.137526,9.184329777188326,0.0,0.63016129,0.0,0.358,0.0
2025-07-07 19:00:00,0.22,0.0,8.964329777188325,0.0,0.63016129,0.0,0.446,0.0
2025-07-07 20:00:00,0.2,0.0,8.764329777188326,0.0,0.63016129,0.0,0.276,0.0
2025-07-07 21:00:00,0.12,0.0,8.644329777188327,0.0,0.47016129,0.0,0.088,0.0
2025-07-07 22:00:00,0.12,0.0,8.524329777188328,0.0,0.47016129,0.0,0.08,0.0
2025-07-07 23:00:00,0.11,0.0,8.414329777188328,0.0,0.47016129,0.0,0.074,0.0
2025-07-08 00:00:00,0.11,0.0,8.304329777188329,0.0,0.42016129,0.0,0.075,0.0
2025-07-08 01:00:00,0.11,0.0,8.19432977718833,0.0,0.42016129,0.0,0.072,0.0
2025-07-08 02:00:00,0.1,0.0,8.09432977718833,0.0,0.42016129,0.0,0.068,0.0
2025-07-08 03:00:00,0.1,0.0,7.99432977718833,0.0,0.42016129,0.0,0.067,0.0
2025-07-08 04:00:00,0.1,0.0,7.894329777188331,0.0,0.42016129,0.0,0.066,0.0
2025-07-08 05:00:00,0.1,0.102893,7.897222777188331,0.0,0.42016129,0.0,0.067,0.0
2025-07-08 06:00:00,0.52,0.739033,8.11625577718833,0.0,0.42016129,0.0,0.071,0.0
2025-07-08 07:00:00,0.13,0.982346,8.968601777188331,0.0,0.42016129,0.0,0.065,0.0
2025-07-08 08:00:00,0.11,3.2445459999999997,12.103147777188331,0.0,0.42016129,0.0,0.06,0.0
2025-07-08 09:00:00,0.1,4.193558,13.5,0.0,0.42016129,4.093558000000001,0.052,-0.21286501600000002
2025-07-08 10:00:00,0.11,4.84337,13.5,0.0,0.42016129,4.73337,0.055,-0.26033535
2025-07-08 11:00:00,0.3901826923076923,5.229132,13.5,0.0,0.42016129,4.838949307692308,0.053,-0.2564643133076923
2025-07-08 12:00:00,0.3901826923076923,5.3214440000000005,13.5,0.0,0.42016129,4.931261307692308,0.053,-0.2613568493076923
2025-07-08 13:00:00,0.4001826923076923,5.1123829999999995,13.5,0.0,0.42016129,4.712200307692307,0.05,-0.23561001538461537
2025-07-08 14:00:00,0.1,4.626702,13.5,0.0,0.42016129,4.526702,0.046,-0.208228292
2025-07-08 15:00:00,0.1,3.805992,13.5,0.0,0.47016129,3.7059919999999997,0.05,-0.1852996
2025-07-08 16:00:00,0.1,1.832529,13.5,0.0,0.63016129,1.732529,0.137,-0.237356473
2025-07-08 17:00:00,0.9338520114942528,1.377585,13.5,0.0,0.63016129,0.4437329885057473,0.32,-0.14199455632183913
2025-07-08 18:00:00,1.153852011494253,0.273864,12.620011988505746,0.0,0.63016129,0.0,0.358,0.0
2025-07-08 19:00:00,0.26,0.0,12.360011988505748,0.0,0.63016129,0.0,0.446,0.0
2025-07-08 20:00:00,0.1699999999999999,0.0,12.190011988505749,0.0,0.63016129,0.0,0.276,0.0
2025-07-08 21:00:00,0.2,0.0,11.990011988505747,0.0,0.47016129,0.0,0.088,0.0
2025-07-08 22:00:00,0.16,0.0,11.830011988505747,0.0,0.47016129,0.0,0.08,0.0
2025-07-08 23:00:00,0.11,0.0,11.720011988505748,0.0,0.47016129,0.0,0.074,0.0
2025-07-09 00:00:00,0.1,0.0,11.620011988505748,0.0,0.42016129,0.0,0.075,0.0
2025-07-09 01:00:00,0.1,0.0,11.520011988505749,0.0,0.42016129,0.0,0.072,0.0
2025-07-09 02:00:00,0.1,0.0,11.420011988505747,0.0,0.42016129,0.0,0.068,0.0
2025-07-09 03:00:00,0.11,0.0,11.31001198850575,0.0,0.42016129,0.0,0.067,0.0
2025-07-09 04:00:00,0.11,0.0,11.20001198850575,0.0,0.42016129,0.0,0.066,0.0
2025-07-09 05:00:00,0.1,0.108079,11.20809098850575,0.0,0.42016129,0.0,0.067,0.0
2025-07-09 06:00:00,0.11,0.739672,11.83776298850575,0.0,0.42016129,0.0,0.071,0.0
2025-07-09 07:00:00,0.12,1.112918,12.83068098850575,0.0,0.42016129,0.0,0.065,0.0
2025-07-09 08:00:00,0.1,1.713505,13.5,0.0,0.42016129,1.613505,0.06,-0.09681029999999999
2025-07-09 09:00:00,0.1,2.824257,13.5,0.0,0.42016129,2.7242569999999997,0.052,-0.14166136399999998
2025-07-09 10:00:00,2.4,4.8343609999999995,13.5,0.0,0.42016129,2.4343609999999996,0.055,-0.13388985499999997
2025-07-09 11:00:00,2.5289700854700854,5.268845000000001,13.5,0.0,0.42016129,2.7398749145299153,0.053,-0.1452133704700855
2025-07-09 12:00:00,2.5289700854700854,5.333333,13.5,0.0,0.42016129,2.8043629145299143,0.053,-0.14863123447008544
2025-07-09 13:00:00,2.5289700854700854,5.167099,13.5,0.0,0.42016129,2.638128914529915,0.05,-0.13190644572649576
2025-07-09 14:00:00,2.4099999999999997,4.653516,13.5,0.0,0.42016129,2.243516,0.046,-0.103201736
2025-07-09 15:00:00,0.11,3.827467,13.5,0.0,0.47016129,3.717467,0.05,-0.18587335000000002
2025-07-09 16:00:00,0.11,2.754647,13.5,0.0,0.63016129,2.644647,0.137,-0.36231663900000005
2025-07-09 17:00:00,0.4961564495530013,1.371703,13.5,0.0,0.63016129,0.8755465504469986,0.32,-0.28017489614303953
2025-07-09 18:00:00,0.7861564495530013,0.257071,12.970914550447,0.0,0.63016129,0.0,0.358,0.0
2025-07-09 19:00:00,0.41,0.0,12.560914550447,0.0,0.63016129,0.0,0.446,0.0
2025-07-09 20:00:00,0.51,0.0,12.050914550447,0.0,0.63016129,0.0,0.276,0.0
2025-07-09 21:00:00,0.28,0.0,11.770914550447,0.0,0.47016129,0.0,0.088,0.0
2025-07-09 22:00:00,0.5700000000000001,0.0,11.200914550447,0.0,0.47016129,0.0,0.08,0.0
2025-07-09 23:00:00,0.11,0.0,11.090914550447,0.0,0.47016129,0.0,0.074,0.0
2025-07-10 00:00:00,0.1,0.0,10.990914550447,0.0,0.42016129,0.0,0.075,0.0
2025-07-10 01:00:00,0.1,0.0,10.890914550447,0.0,0.42016129,0.0,0.072,0.0
2025-07-10 02:00:00,0.1,0.0,10.790914550447,0.0,0.42016129,0.0,0.068,0.0
2025-07-10 03:00:00,0.5,0.0,10.290914550447,0.0,0.42016129,0.0,0.067,0.0
2025-07-10 04:00:00,0.9,0.0,9.390914550447,0.0,0.42016129,0.0,0.066,0.0
2025-07-10 05:00:00,0.66,0.077822,8.808736550447,0.0,0.42016129,0.0,0.067,0.0
2025-07-10 06:00:00,0.57,0.699438,8.938174550447,0.0,0.42016129,0.0,0.071,0.0
2025-07-10 07:00:00,0.71,0.579781,8.807955550447,0.0,0.42016129,0.0,0.065,0.0
2025-07-10 08:00:00,0.44,1.083895,9.451850550447,0.0,0.42016129,0.0,0.06,0.0
2025-07-10 09:00:00,0.32,2.4521930000000003,11.584043550447,0.0,0.42016129,0.0,0.052,0.0
2025-07-10 10:00:00,0.1,4.6591689999999994,13.5,0.0,0.42016129,4.559169,0.055,-0.250754295
2025-07-10 11:00:00,0.2289700854700855,5.067354,13.5,0.0,0.42016129,4.838383914529914,0.053,-0.2564343474700855
2025-07-10 12:00:00,0.2289700854700855,4.359140999999999,13.5,0.0,0.42016129,4.130170914529914,0.053,-0.21889905847008542
2025-07-10 13:00:00,0.2289700854700855,4.924707000000001,13.5,0.0,0.42016129,4.695736914529915,0.05,-0.23478684572649577
2025-07-10 14:00:00,0.11,3.605805,13.5,0.0,0.42016129,3.4958050000000003,0.046,-0.16080703000000002
2025-07-10 15:00:00,0.11,1.855489,13.5,0.0,0.47016129,1.7454889999999998,0.05,-0.08727445
2025-07-10 16:00:00,0.1,1.570192,13.5,0.0,0.63016129,1.470192,0.137,-0.20141630400000002
2025-07-10 17:00:00,2.316156449553002,0.504217,11.688060550446998,0.0,0.63016129,0.0,0.32,0.0
2025-07-10 18:00:00,1.8361564495530016,0.258162,10.110066100893995,0.0,0.63016129,0.0,0.358,0.0
2025-07-10 19:00:00,0.3,0.0,9.810066100893996,0.0,0.63016129,0.0,0.446,0.0
2025-07-10 20:00:00,0.27,0.0,9.540066100893997,0.0,0.63016129,0.0,0.276,0.0
2025-07-10 21:00:00,0.21,0.0,9.330066100893996,0.0,0.47016129,0.0,0.088,0.0
2025-07-10 22:00:00,0.2,0.0,9.130066100893997,0.0,0.47016129,0.0,0.08,0.0
2025-07-10 23:00:00,0.22,0.0,8.910066100893996,0.0,0.47016129,0.0,0.074,0.0
2025-07-11 00:00:00,0.22,0.0,8.690066100893995,0.0,0.42016129,0.0,0.075,0.0
2025-07-11 01:00:00,0.22,0.0,8.470066100893995,0.0,0.42016129,0.0,0.072,0.0
2025-07-11 02:00:00,0.22,0.0,8.250066100893994,0.0,0.42016129,0.0,0.068,0.0
2025-07-11 03:00:00,0.22,0.0,8.030066100893993,0.0,0.42016129,0.0,0.067,0.0
2025-07-11 04:00:00,0.62,0.0,7.410066100893993,0.0,0.42016129,0.0,0.066,0.0
2025-07-11 05:00:00,0.65,0.085703,6.845769100893993,0.0,0.42016129,0.0,0.067,0.0
2025-07-11 06:00:00,0.65,0.6990040000000001,6.894773100893993,0.0,0.42016129,0.0,0.071,0.0
2025-07-11 07:00:00,0.31,1.4896040000000002,8.074377100893994,0.0,0.42016129,0.0,0.065,0.0
2025-07-11 08:00:00,0.25,1.567627,9.392004100893994,0.0,0.42016129,0.0,0.06,0.0
2025-07-11 09:00:00,0.22,3.035674,12.207678100893991,0.0,0.42016129,0.0,0.052,0.0
2025-07-11 10:00:00,2.53,2.792351,12.470029100893994,0.0,0.42016129,0.0,0.055,0.0
2025-07-11 11:00:00,2.6589700854700853,2.857165,12.66822401542391,0.0,0.42016129,0.0,0.053,0.0
2025-07-11 12:00:00,2.6489700854700855,5.333333,13.5,0.0,0.42016129,2.684362914529914,0.053,-0.14227123447008544
2025-07-11 13:00:00,2.6489700854700855,5.178603,13.5,0.0,0.42016129,2.5296329145299143,0.05,-0.12648164572649573
2025-07-11 14:00:00,2.52,4.655192,13.5,0.0,0.42016129,2.1351920000000004,0.046,-0.09821883200000002
2025-07-11 15:00:00,0.22,3.851091,13.5,0.0,0.47016129,3.6310909999999996,0.05,-0.18155454999999998
2025-07-11 16:00:00,0.22,2.7897849999999997,13.5,0.0,0.63016129,2.5697849999999995,0.137,-0.35206054499999995
2025-07-11 17:00:00,0.5761564495530014,1.387807,13.5,0.0,0.63016129,0.8116505504469986,0.32,-0.25972817614303956
2025-07-11 18:00:00,0.5761564495530014,0.226116,13.149959550447,0.0,0.63016129,0.0,0.358,0.0
2025-07-11 19:00:00,0.22,0.0,12.929959550446998,0.0,0.63016129,0.0,0.446,0.0
2025-07-11 20:00:00,0.22,0.0,12.709959550446998,0.0,0.63016129,0.0,0.276,0.0
2025-07-11 21:00:00,0.2299999999999999,0.0,12.479959550446996,0.0,0.47016129,0.0,0.088,0.0
2025-07-11 22:00:00,0.21,0.0,12.269959550446996,0.0,0.47016129,0.0,0.08,0.0
2025-07-11 23:00:00,0.22,0.0,12.049959550446996,0.0,0.47016129,0.0,0.074,0.0
2025-07-12 00:00:00,0.22,0.0,11.829959550446995,0.0,0.42016129,0.0,0.075,0.0
2025-07-12 01:00:00,0.25,0.0,11.579959550446995,0.0,0.42016129,0.0,0.072,0.0
2025-07-12 02:00:00,0.3,0.0,11.279959550446994,0.0,0.42016129,0.0,0.068,0.0
2025-07-12 03:00:00,0.22,0.0,11.059959550446994,0.0,0.42016129,0.0,0.067,0.0
2025-07-12 04:00:00,0.22,0.0,10.839959550446991,0.0,0.42016129,0.0,0.066,0.0
2025-07-12 05:00:00,0.21,0.01138,10.641339550446991,0.0,0.42016129,0.0,0.067,0.0
2025-07-12 06:00:00,0.21,0.2021349999999999,10.633474550446993,0.0,0.42016129,0.0,0.071,0.0
2025-07-12 07:00:00,0.21,1.394489,11.817963550446994,0.0,0.42016129,0.0,0.065,0.0
2025-07-12 08:00:00,0.21,2.457553,13.5,0.0,0.42016129,2.247553,0.06,-0.13485318
2025-07-12 09:00:00,0.21,3.629107,13.5,0.0,0.42016129,3.419107,0.052,-0.177793564
2025-07-12 10:00:00,2.51,4.913938,13.5,0.0,0.42016129,2.403938,0.055,-0.13221659
2025-07-12 11:00:00,2.6389700854700853,5.327494,13.5,0.0,0.42016129,2.6885239145299145,0.053,-0.14249176747008546
2025-07-12 12:00:00,2.6389700854700853,5.333333,13.5,0.0,0.42016129,2.6943629145299144,0.053,-0.14280123447008547
2025-07-12 13:00:00,2.6389700854700853,5.2264930000000005,13.5,0.0,0.42016129,2.5875229145299152,0.05,-0.12937614572649578
2025-07-12 14:00:00,2.51,4.72023,13.5,0.0,0.42016129,2.21023,0.046,-0.10167058000000001
2025-07-12 15:00:00,0.22,3.911601,13.5,0.0,0.47016129,3.691601,0.05,-0.18458005
2025-07-12 16:00:00,0.22,2.816871,13.5,0.0,0.63016129,2.5968709999999997,0.137,-0.35577132699999997
2025-07-12 17:00:00,0.5761564495530014,1.398508,13.5,0.0,0.63016129,0.8223515504469987,0.32,-0.2631524961430396
2025-07-12 18:00:00,0.5761564495530014,0.221349,13.145192550446998,0.0,0.63016129,0.0,0.358,0.0
2025-07-12 19:00:00,0.21,0.0,12.935192550446995,0.0,0.63016129,0.0,0.446,0.0
2025-07-12 20:00:00,0.21,0.0,12.725192550446996,0.0,0.63016129,0.0,0.276,0.0
2025-07-12 21:00:00,0.22,0.0,12.505192550446996,0.0,0.47016129,0.0,0.088,0.0
2025-07-12 22:00:00,0.22,0.0,12.285192550446997,0.0,0.47016129,0.0,0.08,0.0
2025-07-12 23:00:00,0.21,0.0,12.075192550446994,0.0,0.47016129,0.0,0.074,0.0
2025-07-13 00:00:00,0.22,0.0,11.855192550446992,0.0,0.42016129,0.0,0.075,0.0
2025-07-13 01:00:00,0.21,0.0,11.645192550446993,0.0,0.42016129,0.0,0.072,0.0
2025-07-13 02:00:00,0.22,0.0,11.425192550446992,0.0,0.42016129,0.0,0.068,0.0
2025-07-13 03:00:00,0.21,0.0,11.215192550446991,0.0,0.42016129,0.0,0.067,0.0
2025-07-13 04:00:00,0.2,0.0,11.015192550446992,0.0,0.42016129,0.0,0.066,0.0
2025-07-13 05:00:00,0.36,0.060485,10.715677550446992,0.0,0.42016129,0.0,0.067,0.0
2025-07-13 06:00:00,0.37,0.683921,11.029598550446991,0.0,0.42016129,0.0,0.071,0.0
2025-07-13 07:00:00,0.62,2.07057,12.480168550446994,0.0,0.42016129,0.0,0.065,0.0
2025-07-13 08:00:00,0.52,3.29577,13.5,0.0,0.42016129,2.77577,0.06,-0.1665462
2025-07-13 09:00:00,0.21,4.2235879999999995,13.5,0.0,0.42016129,4.0135879999999995,0.052,-0.20870657599999998
2025-07-13 10:00:00,2.51,4.878456,13.5,0.0,0.42016129,2.368456,0.055,-0.13026508
2025-07-13 11:00:00,2.6389700854700853,5.291591,13.5,0.0,0.42016129,2.652620914529915,0.053,-0.14058890847008548
2025-07-13 12:00:00,2.6389700854700853,5.333333,13.5,0.0,0.42016129,2.6943629145299144,0.053,-0.14280123447008547
2025-07-13 13:00:00,2.6389700854700853,5.185802,13.5,0.0,0.42016129,2.5468319145299145,0.05,-0.12734159572649573
2025-07-13 14:00:00,2.52,4.670169,13.5,0.0,0.42016129,2.1501689999999996,0.046,-0.09890777399999998
2025-07-13 15:00:00,0.21,2.206456,13.5,0.0,0.47016129,1.9964560000000002,0.05,-0.09982280000000002
2025-07-13 16:00:00,0.21,1.596794,13.5,0.0,0.63016129,1.386794,0.137,-0.18999077800000003
2025-07-13 17:00:00,0.5861564495530013,0.779391,13.5,0.0,0.63016129,0.19323455044699867,0.32,-0.06183505614303957
2025-07-13 18:00:00,0.5761564495530014,0.170996,13.094839550447,0.0,0.63016129,0.0,0.358,0.0
2025-07-13 19:00:00,0.21,0.0,12.884839550446998,0.0,0.63016129,0.0,0.446,0.0
2025-07-13 20:00:00,0.22,0.0,12.664839550446995,0.0,0.63016129,0.0,0.276,0.0
2025-07-13 21:00:00,0.22,0.0,12.444839550446996,0.0,0.47016129,0.0,0.088,0.0
2025-07-13 22:00:00,0.21,0.0,12.234839550446996,0.0,0.47016129,0.0,0.08,0.0
2025-07-13 23:00:00,0.21,0.0,12.024839550446996,0.0,0.47016129,0.0,0.074,0.0
2025-07-14 00:00:00,0.21,0.0,11.814839550446994,0.0,0.42016129,0.0,0.075,0.0
2025-07-14 01:00:00,0.21,0.0,11.604839550446991,0.0,0.42016129,0.0,0.072,0.0
2025-07-14 02:00:00,0.21,0.0,11.394839550446992,0.0,0.42016129,0.0,0.068,0.0
2025-07-14 03:00:00,0.21,0.0,11.184839550446991,0.0,0.42016129,0.0,0.067,0.0
2025-07-14 04:00:00,0.21,0.0,10.97483955044699,0.0,0.42016129,0.0,0.066,0.0
2025-07-14 05:00:00,0.21,0.059613,10.82445255044699,0.0,0.42016129,0.0,0.067,0.0
2025-07-14 06:00:00,0.54,0.6729510000000001,10.95740355044699,0.0,0.42016129,0.0,0.071,0.0
2025-07-14 07:00:00,0.52,0.62828,11.065683550446993,0.0,0.42016129,0.0,0.065,0.0
2025-07-14 08:00:00,0.21,1.003082,11.858765550446993,0.0,0.42016129,0.0,0.06,0.0
2025-07-14 09:00:00,0.21,1.374915,13.023680550446992,0.0,0.42016129,0.0,0.052,0.0
2025-07-14 10:00:00,0.21,1.681841,13.5,0.0,0.42016129,1.471841,0.055,-0.080951255
2025-07-14 11:00:00,0.3389700854700855,1.819417,13.5,0.0,0.42016129,1.4804469145299146,0.053,-0.07846368647008548
2025-07-14 12:00:00,0.3389700854700855,2.1708960000000004,13.5,0.0,0.42016129,1.831925914529915,0.053,-0.09709207347008549
2025-07-14 13:00:00,0.3489700854700854,2.7242930000000003,13.5,0.0,0.42016129,2.375322914529915,0.05,-0.11876614572649576
2025-07-14 14:00:00,0.22,2.13567,13.5,0.0,0.42016129,1.9156700000000002,0.046,-0.08812082
2025-07-14 15:00:00,0.21,1.623556,13.5,0.0,0.47016129,1.413556,0.05,-0.0706778
2025-07-14 16:00:00,0.21,0.861015,13.5,0.0,0.63016129,0.651015,0.137,-0.089189055
2025-07-14 17:00:00,0.5861564495530013,0.47213,13.385973550446998,0.0,0.63016129,0.0,0.32,0.0
2025-07-14 18:00:00,0.5861564495530013,0.239761,13.039578100893998,0.0,0.63016129,0.0,0.358,0.0
2025-07-14 19:00:00,0.22,0.0,12.819578100893995,0.0,0.63016129,0.0,0.446,0.0
2025-07-14 20:00:00,0.22,0.0,12.599578100893996,0.0,0.63016129,0.0,0.276,0.0
2025-07-14 21:00:00,0.22,0.0,12.379578100893996,0.0,0.47016129,0.0,0.088,0.0
2025-07-14 22:00:00,0.22,0.0,12.159578100893995,0.0,0.47016129,0.0,0.08,0.0
2025-07-14 23:00:00,0.21,0.0,11.949578100893994,0.0,0.47016129,0.0,0.074,0.0
2025-07-15 00:00:00,0.22,0.0,11.729578100893994,0.0,0.42016129,0.0,0.075,0.0
2025-07-15 01:00:00,0.22,0.0,11.509578100893991,0.0,0.42016129,0.0,0.072,0.0
2025-07-15 02:00:00,0.21,0.0,11.299578100893992,0.0,0.42016129,0.0,0.068,0.0
2025-07-15 03:00:00,0.21,0.0,11.089578100893991,0.0,0.42016129,0.0,0.067,0.0
2025-07-15 04:00:00,0.22,0.0,10.86957810089399,0.0,0.42016129,0.0,0.066,0.0
2025-07-15 05:00:00,0.21,0.057614,10.71719210089399,0.0,0.42016129,0.0,0.067,0.0
2025-07-15 06:00:00,0.21,0.666811,11.17400310089399,0.0,0.42016129,0.0,0.071,0.0
2025-07-15 07:00:00,0.2,0.844899,11.818902100893991,0.0,0.42016129,0.0,0.065,0.0
2025-07-15 08:00:00,0.21,1.179207,12.788109100893992,0.0,0.42016129,0.0,0.06,0.0
2025-07-15 09:00:00,0.22,4.300823,13.5,0.0,0.42016129,4.0808230000000005,0.052,-0.21220279600000003
2025-07-15 10:00:00,0.21,4.990412999999999,13.5,0.0,0.42016129,4.780412999999999,0.055,-0.262922715
2025-07-15 11:00:00,0.3389700854700855,5.333333,13.5,0.0,0.42016129,4.994362914529914,0.053,-0.2647012344700854
2025-07-15 12:00:00,0.3389700854700855,5.333333,13.5,0.0,0.42016129,4.994362914529914,0.053,-0.2647012344700854
2025-07-15 13:00:00,0.3389700854700855,3.353143,13.5,0.0,0.42016129,3.0141729145299148,0.05,-0.15070864572649575
2025-07-15 14:00:00,0.21,2.298527,13.5,0.0,0.42016129,2.088527,0.046,-0.096072242
2025-07-15 15:00:00,0.22,3.873071,13.5,0.0,0.47016129,3.6530709999999997,0.05,-0.18265355
2025-07-15 16:00:00,0.32,2.787748,13.5,0.0,0.63016129,2.4677480000000003,0.137,-0.33808147600000005
2025-07-15 17:00:00,0.6161564495530013,1.367083,13.5,0.0,0.63016129,0.7509265504469987,0.32,-0.2402964961430396
2025-07-15 18:00:00,0.5861564495530013,0.206463,13.120306550447,0.0,0.63016129,0.0,0.358,0.0
2025-07-15 19:00:00,0.22,0.0,12.900306550447,0.0,0.63016129,0.0,0.446,0.0
2025-07-15 20:00:00,0.22,0.0,12.680306550446998,0.0,0.63016129,0.0,0.276,0.0
2025-07-15 21:00:00,0.22,0.0,12.460306550446996,0.0,0.47016129,0.0,0.088,0.0
2025-07-15 22:00:00,0.21,0.0,12.250306550446997,0.0,0.47016129,0.0,0.08,0.0
2025-07-15 23:00:00,0.21,0.0,12.040306550446996,0.0,0.47016129,0.0,0.074,0.0
2025-07-16 00:00:00,0.21,0.0,11.830306550446997,0.0,0.42016129,0.0,0.075,0.0
2025-07-16 01:00:00,0.21,0.0,11.620306550446994,0.0,0.42016129,0.0,0.072,0.0
2025-07-16 02:00:00,0.22,0.0,11.400306550446992,0.0,0.42016129,0.0,0.068,0.0
2025-07-16 03:00:00,0.21,0.0,11.190306550446993,0.0,0.42016129,0.0,0.067,0.0
2025-07-16 04:00:00,0.22,0.0,10.970306550446992,0.0,0.42016129,0.0,0.066,0.0
2025-07-16 05:00:00,0.2,0.047813,10.818119550446992,0.0,0.42016129,0.0,0.067,0.0
2025-07-16 06:00:00,0.61,0.666418,10.874537550446991,0.0,0.42016129,0.0,0.071,0.0
2025-07-16 07:00:00,0.53,0.703226,11.047763550446993,0.0,0.42016129,0.0,0.065,0.0
2025-07-16 08:00:00,0.4,1.279551,11.927314550446992,0.0,0.42016129,0.0,0.06,0.0
2025-07-16 09:00:00,0.5700000000000001,1.591922,12.949236550446992,0.0,0.42016129,0.0,0.052,0.0
2025-07-16 10:00:00,2.52,1.460226,11.889462550446993,0.0,0.42016129,0.0,0.055,0.0
2025-07-16 11:00:00,2.6389700854700853,2.357537,11.608029464976909,0.0,0.42016129,0.0,0.053,0.0
2025-07-16 12:00:00,2.6389700854700853,3.1565909999999997,12.12565037950682,0.0,0.42016129,0.0,0.053,0.0
2025-07-16 13:00:00,2.6389700854700853,3.309266,12.795946294036735,0.0,0.42016129,0.0,0.05,0.0
2025-07-16 14:00:00,2.51,3.709208,13.5,0.0,0.42016129,1.199208,0.046,-0.055163568
2025-07-16 15:00:00,0.21,2.473469,13.5,0.0,0.47016129,2.263469,0.05,-0.11317345000000001
2025-07-16 16:00:00,0.22,1.174079,13.5,0.0,0.63016129,0.9540790000000001,0.137,-0.13070882300000003
2025-07-16 17:00:00,0.5761564495530014,0.619047,13.5,0.0,0.63016129,0.04289055044699863,0.32,-0.013724976143039563
2025-07-16 18:00:00,0.5861564495530013,0.205315,13.119158550447,0.0,0.63016129,0.0,0.358,0.0
2025-07-16 19:00:00,0.22,0.0,12.899158550446998,0.0,0.63016129,0.0,0.446,0.0
2025-07-16 20:00:00,0.22,0.0,12.679158550446996,0.0,0.63016129,0.0,0.276,0.0
2025-07-16 21:00:00,0.22,0.0,12.459158550446997,0.0,0.47016129,0.0,0.088,0.0
2025-07-16 22:00:00,0.21,0.0,12.249158550446996,0.0,0.47016129,0.0,0.08,0.0
2025-07-16 23:00:00,0.21,0.0,12.039158550446995,0.0,0.47016129,0.0,0.074,0.0
2025-07-17 00:00:00,0.22,0.0,11.819158550446994,0.0,0.42016129,0.0,0.075,0.0
2025-07-17 01:00:00,0.21,0.0,11.609158550446994,0.0,0.42016129,0.0,0.072,0.0
2025-07-17 02:00:00,0.21,0.0,11.399158550446993,0.0,0.42016129,0.0,0.068,0.0
2025-07-17 03:00:00,0.22,0.0,11.179158550446992,0.0,0.42016129,0.0,0.067,0.0
2025-07-17 04:00:00,0.21,0.0,10.969158550446991,0.0,0.42016129,0.0,0.066,0.0
2025-07-17 05:00:00,0.22,0.0,10.74915855044699,0.0,0.42016129,0.0,0.067,0.0
2025-07-17 06:00:00,0.21,0.298693,10.83785155044699,0.0,0.42016129,0.0,0.071,0.0
2025-07-17 07:00:00,0.21,1.094927,11.72277855044699,0.0,0.42016129,0.0,0.065,0.0
2025-07-17 08:00:00,0.2,0.863242,12.38602055044699,0.0,0.42016129,0.0,0.06,0.0
2025-07-17 09:00:00,0.45,1.412584,13.34860455044699,0.0,0.42016129,0.0,0.052,0.0
2025-07-17 10:00:00,0.72,2.40252,13.5,0.0,0.42016129,1.68252,0.055,-0.0925386
2025-07-17 11:00:00,0.7589700854700855,3.353669,13.5,0.0,0.42016129,2.5946989145299146,0.053,-0.13751904247008548
2025-07-17 12:00:00,0.5489700854700855,3.408518,13.5,0.0,0.42016129,2.8595479145299145,0.053,-0.15155603947008547
2025-07-17 13:00:00,0.3589700854700854,2.586497,13.5,0.0,0.42016129,2.2275269145299146,0.05,-0.11137634572649574
2025-07-17 14:00:00,0.21,2.531404,13.5,0.0,0.42016129,2.3214040000000002,0.046,-0.10678458400000002
2025-07-17 15:00:00,0.22,3.75558,13.5,0.0,0.47016129,3.53558,0.05,-0.17677900000000002
2025-07-17 16:00:00,0.21,1.076917,13.5,0.0,0.63016129,0.8669169999999999,0.137,-0.118767629
2025-07-17 17:00:00,0.5761564495530014,1.307113,13.5,0.0,0.63016129,0.7309565504469986,0.32,-0.23390609614303956
2025-07-17 18:00:00,0.5861564495530013,0.196022,13.109865550447,0.0,0.63016129,0.0,0.358,0.0
2025-07-17 19:00:00,0.21,0.0,12.899865550446998,0.0,0.63016129,0.0,0.446,0.0
2025-07-17 20:00:00,0.22,0.0,12.679865550446998,0.0,0.63016129,0.0,0.276,0.0
2025-07-17 21:00:00,0.22,0.0,12.459865550446995,0.0,0.47016129,0.0,0.088,0.0
2025-07-17 22:00:00,0.21,0.0,12.249865550446996,0.0,0.47016129,0.0,0.08,0.0
2025-07-17 23:00:00,0.22,0.0,12.029865550446996,0.0,0.47016129,0.0,0.074,0.0
2025-07-18 00:00:00,0.21,0.0,11.819865550446996,0.0,0.42016129,0.0,0.075,0.0
2025-07-18 01:00:00,0.21,0.0,11.609865550446994,0.0,0.42016129,0.0,0.072,0.0
2025-07-18 02:00:00,0.21,0.0,11.399865550446991,0.0,0.42016129,0.0,0.068,0.0
2025-07-18 03:00:00,0.21,0.0,11.189865550446992,0.0,0.42016129,0.0,0.067,0.0
2025-07-18 04:00:00,0.22,0.0,10.969865550446992,0.0,0.42016129,0.0,0.066,0.0
2025-07-18 05:00:00,0.21,0.041835,10.801700550446991,0.0,0.42016129,0.0,0.067,0.0
2025-07-18 06:00:00,0.22,0.619756,11.201456550446991,0.0,0.42016129,0.0,0.071,0.0
2025-07-18 07:00:00,0.21,1.956258,12.947714550446992,0.0,0.42016129,0.0,0.065,0.0
2025-07-18 08:00:00,0.21,3.228219,13.5,0.0,0.42016129,3.018219,0.06,-0.18109314
2025-07-18 09:00:00,0.21,4.217004,13.5,0.0,0.42016129,4.007004,0.052,-0.208364208
2025-07-18 10:00:00,2.51,4.891213,13.5,0.0,0.42016129,2.381213,0.055,-0.13096671499999998
2025-07-18 11:00:00,2.703455128205128,5.333333,13.5,0.0,0.42016129,2.629877871794872,0.053,-0.1393835272051282
2025-07-18 12:00:00,2.703455128205128,5.333333,13.5,0.0,0.42016129,2.629877871794872,0.053,-0.1393835272051282
2025-07-18 13:00:00,2.713455128205128,5.278707000000001,13.5,0.0,0.42016129,2.5652518717948727,0.05,-0.12826259358974365
2025-07-18 14:00:00,2.52,4.759351,13.5,0.0,0.42016129,2.2393509999999996,0.046,-0.10301014599999998
2025-07-18 15:00:00,0.21,3.939194,13.5,0.0,0.47016129,3.729194,0.05,-0.1864597
2025-07-18 16:00:00,0.21,2.8422669999999997,13.5,0.0,0.63016129,2.6322669999999997,0.137,-0.360620579
2025-07-18 17:00:00,0.759234674329502,1.389598,13.5,0.0,0.63016129,0.6303633256704981,0.32,-0.2017162642145594
2025-07-18 18:00:00,0.7692346743295019,0.199183,12.929948325670498,0.0,0.63016129,0.0,0.358,0.0
2025-07-18 19:00:00,0.21,0.0,12.719948325670495,0.0,0.63016129,0.0,0.446,0.0
2025-07-18 20:00:00,0.21,0.0,12.509948325670496,0.0,0.63016129,0.0,0.276,0.0
2025-07-18 21:00:00,0.22,0.0,12.289948325670496,0.0,0.47016129,0.0,0.088,0.0
2025-07-18 22:00:00,0.22,0.0,12.069948325670495,0.0,0.47016129,0.0,0.08,0.0
2025-07-18 23:00:00,0.21,0.0,11.859948325670494,0.0,0.47016129,0.0,0.074,0.0
2025-07-19 00:00:00,0.22,0.0,11.639948325670494,0.0,0.42016129,0.0,0.075,0.0
2025-07-19 01:00:00,0.21,0.0,11.429948325670493,0.0,0.42016129,0.0,0.072,0.0
2025-07-19 02:00:00,0.21,0.0,11.219948325670492,0.0,0.42016129,0.0,0.068,0.0
2025-07-19 03:00:00,0.21,0.0,11.009948325670493,0.0,0.42016129,0.0,0.067,0.0
2025-07-19 04:00:00,0.21,0.0,10.79994832567049,0.0,0.42016129,0.0,0.066,0.0
2025-07-19 05:00:00,0.21,0.032218,10.62216632567049,0.0,0.42016129,0.0,0.067,0.0
2025-07-19 06:00:00,0.21,0.641765,11.05393132567049,0.0,0.42016129,0.0,0.071,0.0
2025-07-19 07:00:00,0.2,2.0641149999999997,12.91804632567049,0.0,0.42016129,0.0,0.065,0.0
2025-07-19 08:00:00,0.51,3.360683,13.5,0.0,0.42016129,2.850683,0.06,-0.17104098
2025-07-19 09:00:00,0.52,4.345261000000001,13.5,0.0,0.42016129,3.8252610000000007,0.052,-0.19891357200000004
2025-07-19 10:00:00,2.5,5.0271989999999995,13.5,0.0,0.42016129,2.5271989999999995,0.055,-0.13899594499999998
2025-07-19 11:00:00,2.703455128205128,5.333333,13.5,0.0,0.42016129,2.629877871794872,0.053,-0.1393835272051282
2025-07-19 12:00:00,2.873455128205128,5.333333,13.5,0.0,0.42016129,2.4598778717948715,0.053,-0.13037352720512818
2025-07-19 13:00:00,2.703455128205128,5.309902,13.5,0.0,0.42016129,2.6064468717948723,0.05,-0.13032234358974362
2025-07-19 14:00:00,2.51,4.791716,13.5,0.0,0.42016129,2.2817160000000003,0.046,-0.10495893600000002
2025-07-19 15:00:00,0.21,3.948642,13.5,0.0,0.47016129,3.738642,0.05,-0.18693210000000002
2025-07-19 16:00:00,0.21,2.828082,13.5,0.0,0.63016129,2.6180820000000002,0.137,-0.35867723400000007
2025-07-19 17:00:00,0.7692346743295019,1.377054,13.5,0.0,0.63016129,0.6078193256704981,0.32,-0.1945021842145594
2025-07-19 18:00:00,0.7692346743295019,0.200428,12.9311933256705,0.0,0.63016129,0.0,0.358,0.0
2025-07-19 19:00:00,0.21,0.0,12.721193325670498,0.0,0.63016129,0.0,0.446,0.0
2025-07-19 20:00:00,0.22,0.0,12.501193325670496,0.0,0.63016129,0.0,0.276,0.0
2025-07-19 21:00:00,0.21,0.0,12.291193325670497,0.0,0.47016129,0.0,0.088,0.0
2025-07-19 22:00:00,0.21,0.0,12.081193325670496,0.0,0.47016129,0.0,0.08,0.0
2025-07-19 23:00:00,0.21,0.0,11.871193325670497,0.0,0.47016129,0.0,0.074,0.0
2025-07-20 00:00:00,0.21,0.0,11.661193325670494,0.0,0.42016129,0.0,0.075,0.0
2025-07-20 01:00:00,0.21,0.0,11.451193325670491,0.0,0.42016129,0.0,0.072,0.0
2025-07-20 02:00:00,0.21,0.0,11.241193325670492,0.0,0.42016129,0.0,0.068,0.0
2025-07-20 03:00:00,0.47,0.0,10.771193325670492,0.0,0.42016129,0.0,0.067,0.0
2025-07-20 04:00:00,0.53,0.0,10.241193325670492,0.0,0.42016129,0.0,0.066,0.0
2025-07-20 05:00:00,0.62,0.033188,9.654381325670492,0.0,0.42016129,0.0,0.067,0.0
2025-07-20 06:00:00,0.21,0.6230460000000001,10.067427325670492,0.0,0.42016129,0.0,0.071,0.0
2025-07-20 07:00:00,0.78,1.985327,11.272754325670492,0.0,0.42016129,0.0,0.065,0.0
2025-07-20 08:00:00,0.21,3.248062,13.5,0.0,0.42016129,3.038062,0.06,-0.18228371999999998
2025-07-20 09:00:00,0.52,4.186377,13.5,0.0,0.42016129,3.666377,0.052,-0.190651604
2025-07-20 10:00:00,2.51,4.875484,13.5,0.0,0.42016129,2.3654840000000004,0.055,-0.13010162000000003
2025-07-20 11:00:00,2.703455128205128,5.23795,13.5,0.0,0.42016129,2.534494871794872,0.053,-0.13432822820512821
2025-07-20 12:00:00,2.713455128205128,5.333333,13.5,0.0,0.42016129,2.6198778717948716,0.053,-0.1388535272051282
2025-07-20 13:00:00,2.703455128205128,5.111778,13.5,0.0,0.42016129,2.4083228717948724,0.05,-0.12041614358974362
2025-07-20 14:00:00,2.51,4.580753,13.5,0.0,0.42016129,2.070753,0.046,-0.09525463799999999
2025-07-20 15:00:00,0.21,1.578581,13.5,0.0,0.47016129,1.368581,0.05,-0.06842905
2025-07-20 16:00:00,0.21,1.090483,13.5,0.0,0.63016129,0.8804830000000001,0.137,-0.12062617100000003
2025-07-20 17:00:00,0.759234674329502,1.314855,13.5,0.0,0.63016129,0.5556203256704981,0.32,-0.1777985042145594
2025-07-20 18:00:00,0.759234674329502,0.18549,12.926255325670498,0.0,0.63016129,0.0,0.358,0.0
2025-07-20 19:00:00,0.2,0.0,12.7262553256705,0.0,0.63016129,0.0,0.446,0.0
2025-07-20 20:00:00,0.93,0.0,11.7962553256705,0.0,0.63016129,0.0,0.276,0.0
2025-07-20 21:00:00,0.72,0.0,11.076255325670498,0.0,0.47016129,0.0,0.088,0.0
2025-07-20 22:00:00,1.82,0.0,9.256255325670498,0.0,0.47016129,0.0,0.08,0.0
2025-07-20 23:00:00,0.94,0.0,8.316255325670499,0.0,0.47016129,0.0,0.074,0.0
2025-07-21 00:00:00,0.88,0.0,7.436255325670499,0.0,0.42016129,0.0,0.075,0.0
2025-07-21 01:00:00,0.43,0.0,7.006255325670499,0.0,0.42016129,0.0,0.072,0.0
2025-07-21 02:00:00,0.66,0.0,6.346255325670499,0.0,0.42016129,0.0,0.068,0.0
2025-07-21 03:00:00,0.61,0.0,5.7362553256704985,0.0,0.42016129,0.0,0.067,0.0
2025-07-21 04:00:00,0.55,0.0,5.186255325670499,0.0,0.42016129,0.0,0.066,0.0
2025-07-21 05:00:00,0.55,0.029882,4.6661373256704985,0.0,0.42016129,0.0,0.067,0.0
2025-07-21 06:00:00,0.54,0.5959009999999999,4.722038325670498,0.0,0.42016129,0.0,0.071,0.0
2025-07-21 07:00:00,0.62,0.4653759999999999,4.567414325670498,0.0,0.42016129,0.0,0.065,0.0
2025-07-21 08:00:00,1.02,1.481137,5.028551325670498,0.0,0.42016129,0.0,0.06,0.0
2025-07-21 09:00:00,0.22,4.106171000000001,8.914722325670498,0.0,0.42016129,0.0,0.052,0.0
2025-07-21 10:00:00,0.14,4.764297,13.5,0.0,0.42016129,4.624297,0.055,-0.254336335
2025-07-21 11:00:00,0.4934551282051282,5.149236,13.5,0.0,0.42016129,4.655780871794872,0.053,-0.24675638620512821
2025-07-21 12:00:00,0.3434551282051282,5.240794,13.5,0.0,0.42016129,4.897338871794872,0.053,-0.2595589602051282
2025-07-21 13:00:00,0.3134551282051282,5.078832,13.5,0.0,0.42016129,4.765376871794872,0.05,-0.2382688435897436
2025-07-21 14:00:00,0.14,4.583936,13.5,0.0,0.42016129,4.443936,0.046,-0.204421056
2025-07-21 15:00:00,0.27,3.794,13.5,0.0,0.47016129,3.524,0.05,-0.17620000000000002
2025-07-21 16:00:00,0.15,2.729688,13.5,0.0,0.63016129,2.579688,0.137,-0.353417256
2025-07-21 17:00:00,1.7592346743295018,1.324075,13.0648403256705,0.0,0.63016129,0.0,0.32,0.0
2025-07-21 18:00:00,1.889234674329502,0.183465,11.359070651340996,0.0,0.63016129,0.0,0.358,0.0
2025-07-21 19:00:00,0.21,0.0,11.149070651340995,0.0,0.63016129,0.0,0.446,0.0
2025-07-21 20:00:00,0.2299999999999999,0.0,10.919070651340997,0.0,0.63016129,0.0,0.276,0.0
2025-07-21 21:00:00,0.24,0.0,10.679070651340997,0.0,0.47016129,0.0,0.088,0.0
2025-07-21 22:00:00,0.22,0.0,10.459070651340994,0.0,0.47016129,0.0,0.08,0.0
2025-07-21 23:00:00,0.2299999999999999,0.0,10.229070651340994,0.0,0.47016129,0.0,0.074,0.0
2025-07-22 00:00:00,0.2299999999999999,0.0,9.999070651340991,0.0,0.42016129,0.0,0.075,0.0
2025-07-22 01:00:00,0.22,0.0,9.779070651340993,0.0,0.42016129,0.0,0.072,0.0
2025-07-22 02:00:00,0.22,0.0,9.559070651340992,0.0,0.42016129,0.0,0.068,0.0
2025-07-22 03:00:00,0.22,0.0,9.339070651340991,0.0,0.42016129,0.0,0.067,0.0
2025-07-22 04:00:00,0.59,0.0,8.749070651340991,0.0,0.42016129,0.0,0.066,0.0
2025-07-22 05:00:00,0.55,0.023644,8.222714651340992,0.0,0.42016129,0.0,0.067,0.0
2025-07-22 06:00:00,0.95,0.594391,7.867105651340991,0.0,0.42016129,0.0,0.071,0.0
2025-07-22 07:00:00,0.8,1.129123,8.196228651340991,0.0,0.42016129,0.0,0.065,0.0
2025-07-22 08:00:00,0.39,3.207719,11.013947651340992,0.0,0.42016129,0.0,0.06,0.0
2025-07-22 09:00:00,0.52,4.150236,13.5,0.0,0.42016129,3.6302359999999996,0.052,-0.18877227199999996
2025-07-22 10:00:00,0.22,4.803414,13.5,0.0,0.42016129,4.583414,0.055,-0.25208777000000004
2025-07-22 11:00:00,0.4034551282051282,5.201906,13.5,0.0,0.42016129,4.798450871794872,0.053,-0.2543178962051282
2025-07-22 12:00:00,0.4034551282051282,3.996996,13.5,0.0,0.42016129,3.593540871794872,0.053,-0.1904576662051282
2025-07-22 13:00:00,0.4034551282051282,5.105509,13.5,0.0,0.42016129,4.702053871794871,0.05,-0.23510269358974356
2025-07-22 14:00:00,0.21,2.2748939999999997,13.5,0.0,0.42016129,2.064894,0.046,-0.09498512399999999
2025-07-22 15:00:00,0.22,1.90475,13.5,0.0,0.47016129,1.68475,0.05,-0.0842375
2025-07-22 16:00:00,0.21,1.254641,13.5,0.0,0.63016129,1.044641,0.137,-0.143115817
2025-07-22 17:00:00,1.629234674329502,1.299979,13.170744325670498,0.0,0.63016129,0.0,0.32,0.0
2025-07-22 18:00:00,2.5792346743295016,0.192062,10.783571651340996,0.0,0.63016129,0.0,0.358,0.0
2025-07-22 19:00:00,0.2299999999999999,0.0,10.553571651340995,0.0,0.63016129,0.0,0.446,0.0
2025-07-22 20:00:00,0.36,0.0,10.193571651340996,0.0,0.63016129,0.0,0.276,0.0
2025-07-22 21:00:00,0.26,0.0,9.933571651340996,0.0,0.47016129,0.0,0.088,0.0
2025-07-22 22:00:00,0.23,0.0,9.703571651340996,0.0,0.47016129,0.0,0.08,0.0
2025-07-22 23:00:00,0.22,0.0,9.483571651340997,0.0,0.47016129,0.0,0.074,0.0
2025-07-23 00:00:00,0.22,0.0,9.263571651340994,0.0,0.42016129,0.0,0.075,0.0
2025-07-23 01:00:00,0.22,0.0,9.043571651340994,0.0,0.42016129,0.0,0.072,0.0
2025-07-23 02:00:00,0.21,0.0,8.833571651340993,0.0,0.42016129,0.0,0.068,0.0
2025-07-23 03:00:00,0.21,0.0,8.623571651340992,0.0,0.42016129,0.0,0.067,0.0
2025-07-23 04:00:00,0.61,0.0,8.013571651340992,0.0,0.42016129,0.0,0.066,0.0
2025-07-23 05:00:00,0.55,0.027335,7.490906651340992,0.0,0.42016129,0.0,0.067,0.0
2025-07-23 06:00:00,0.64,0.591707,7.442613651340992,0.0,0.42016129,0.0,0.071,0.0
2025-07-23 07:00:00,0.6900000000000001,0.925333,7.677946651340992,0.0,0.42016129,0.0,0.065,0.0
2025-07-23 08:00:00,0.24,1.734663,9.172609651340991,0.0,0.42016129,0.0,0.06,0.0
2025-07-23 09:00:00,0.24,4.2079960000000005,13.14060565134099,0.0,0.42016129,0.0,0.052,0.0
2025-07-23 10:00:00,2.53,4.903654,13.5,0.0,0.42016129,2.3736540000000006,0.055,-0.13055097000000004
2025-07-23 11:00:00,2.733455128205128,5.286707000000001,13.5,0.0,0.42016129,2.5532518717948727,0.053,-0.13532234920512826
2025-07-23 12:00:00,2.733455128205128,3.963667,13.5,0.0,0.42016129,1.230211871794872,0.053,-0.06520122920512822
2025-07-23 13:00:00,2.723455128205128,5.134601,13.5,0.0,0.42016129,2.411145871794872,0.05,-0.12055729358974361
2025-07-23 14:00:00,2.54,4.604481,13.5,0.0,0.42016129,2.064481,0.046,-0.09496612599999998
2025-07-23 15:00:00,0.22,3.781768,13.5,0.0,0.47016129,3.561768,0.05,-0.1780884
2025-07-23 16:00:00,0.24,2.695401,13.5,0.0,0.63016129,2.455401,0.137,-0.336389937
2025-07-23 17:00:00,0.7992346743295019,1.041938,13.5,0.0,0.63016129,0.24270332567049813,0.32,-0.0776650642145594
2025-07-23 18:00:00,0.8692346743295019,0.208773,12.839538325670498,0.0,0.63016129,0.0,0.358,0.0
2025-07-23 19:00:00,0.18,0.0,12.659538325670498,0.0,0.63016129,0.0,0.446,0.0
2025-07-23 20:00:00,0.27,0.0,12.3895383256705,0.0,0.63016129,0.0,0.276,0.0
2025-07-23 21:00:00,0.38,0.0,12.009538325670498,0.0,0.47016129,0.0,0.088,0.0
2025-07-23 22:00:00,0.57,0.0,11.439538325670496,0.0,0.47016129,0.0,0.08,0.0
2025-07-23 23:00:00,0.71,0.0,10.729538325670497,0.0,0.47016129,0.0,0.074,0.0
2025-07-24 00:00:00,0.22,0.0,10.509538325670496,0.0,0.42016129,0.0,0.075,0.0
2025-07-24 01:00:00,0.2299999999999999,0.0,10.279538325670496,0.0,0.42016129,0.0,0.072,0.0
2025-07-24 02:00:00,0.21,0.0,10.069538325670496,0.0,0.42016129,0.0,0.068,0.0
2025-07-24 03:00:00,0.22,0.0,9.849538325670494,0.0,0.42016129,0.0,0.067,0.0
2025-07-24 04:00:00,0.21,0.0,9.639538325670491,0.0,0.42016129,0.0,0.066,0.0
2025-07-24 05:00:00,0.22,0.028002,9.447540325670492,0.0,0.42016129,0.0,0.067,0.0
2025-07-24 06:00:00,0.22,0.4536139999999999,9.681154325670493,0.0,0.42016129,0.0,0.071,0.0
2025-07-24 07:00:00,0.37,0.4153639999999999,9.726518325670492,0.0,0.42016129,0.0,0.065,0.0
2025-07-24 08:00:00,0.21,0.759024,10.275542325670491,0.0,0.42016129,0.0,0.06,0.0
2025-07-24 09:00:00,0.21,1.321037,11.38657932567049,0.0,0.42016129,0.0,0.052,0.0
2025-07-24 10:00:00,0.22,1.533356,12.699935325670491,0.0,0.42016129,0.0,0.055,0.0
2025-07-24 11:00:00,0.5101826923076923,2.027377,13.5,0.0,0.42016129,1.5171943076923076,0.053,-0.0804112983076923
2025-07-24 12:00:00,0.5101826923076923,2.28898,13.5,0.0,0.42016129,1.7787973076923076,0.053,-0.0942762573076923
2025-07-24 13:00:00,0.5001826923076924,3.280373,13.5,0.0,0.42016129,2.7801903076923073,0.05,-0.13900951538461537
2025-07-24 14:00:00,0.21,3.434185,13.5,0.0,0.42016129,3.224185,0.046,-0.14831250999999998
2025-07-24 15:00:00,0.22,2.7851790000000003,13.5,0.0,0.47016129,2.565179,0.05,-0.12825895
2025-07-24 16:00:00,0.22,1.960701,13.5,0.0,0.63016129,1.740701,0.137,-0.23847603700000003
2025-07-24 17:00:00,1.093852011494253,1.065081,13.471228988505748,0.0,0.63016129,0.0,0.32,0.0
2025-07-24 18:00:00,3.7238520114942526,0.231645,9.979021977011492,0.0,0.63016129,0.0,0.358,0.0
2025-07-24 19:00:00,0.21,0.0,9.769021977011493,0.0,0.63016129,0.0,0.446,0.0
2025-07-24 20:00:00,0.21,0.0,9.559021977011492,0.0,0.63016129,0.0,0.276,0.0
2025-07-24 21:00:00,0.29,0.0,9.269021977011493,0.0,0.47016129,0.0,0.088,0.0
2025-07-24 22:00:00,0.12,0.0,9.149021977011492,0.0,0.47016129,0.0,0.08,0.0
2025-07-24 23:00:00,0.1,0.0,9.049021977011494,0.0,0.47016129,0.0,0.074,0.0
2025-07-25 00:00:00,0.11,0.0,8.939021977011494,0.0,0.42016129,0.0,0.075,0.0
2025-07-25 01:00:00,0.1,0.0,8.839021977011495,0.0,0.42016129,0.0,0.072,0.0
2025-07-25 02:00:00,0.11,0.0,8.729021977011495,0.0,0.42016129,0.0,0.068,0.0
2025-07-25 03:00:00,0.09,0.0,8.639021977011495,0.0,0.42016129,0.0,0.067,0.0
2025-07-25 04:00:00,0.1,0.0,8.539021977011496,0.0,0.42016129,0.0,0.066,0.0
2025-07-25 05:00:00,0.1,0.033442,8.472463977011495,0.0,0.42016129,0.0,0.067,0.0
2025-07-25 06:00:00,0.11,0.621469,8.983932977011495,0.0,0.42016129,0.0,0.071,0.0
2025-07-25 07:00:00,0.12,0.416746,9.280678977011496,0.0,0.42016129,0.0,0.065,0.0
2025-07-25 08:00:00,0.44,0.755554,9.596232977011496,0.0,0.42016129,0.0,0.06,0.0
2025-07-25 09:00:00,0.12,1.464122,10.940354977011497,0.0,0.42016129,0.0,0.052,0.0
2025-07-25 10:00:00,2.4099999999999997,1.960148,10.490502977011497,0.0,0.42016129,0.0,0.055,0.0
2025-07-25 11:00:00,2.710182692307692,2.224427,10.004747284703804,0.0,0.42016129,0.0,0.053,0.0
2025-07-25 12:00:00,2.710182692307692,2.925118,10.219682592396111,0.0,0.42016129,0.0,0.053,0.0
2025-07-25 13:00:00,2.690182692307692,2.708695,10.23819490008842,0.0,0.42016129,0.0,0.05,0.0
2025-07-25 14:00:00,2.42,1.6761510000000002,9.49434590008842,0.0,0.42016129,0.0,0.046,0.0
2025-07-25 15:00:00,0.12,1.3726189999999998,10.74696490008842,0.0,0.47016129,0.0,0.05,0.0
2025-07-25 16:00:00,0.11,0.775281,11.41224590008842,0.0,0.63016129,0.0,0.137,0.0
2025-07-25 17:00:00,0.9538520114942528,0.466244,10.924637888594168,0.0,0.63016129,0.0,0.32,0.0
2025-07-25 18:00:00,1.313852011494253,0.20297,9.813755877099917,0.0,0.63016129,0.0,0.358,0.0
2025-07-25 19:00:00,0.28,0.0,9.533755877099916,0.0,0.63016129,0.0,0.446,0.0
2025-07-25 20:00:00,0.25,0.0,9.283755877099916,0.0,0.63016129,0.0,0.276,0.0
2025-07-25 21:00:00,0.12,0.0,9.163755877099916,0.0,0.47016129,0.0,0.088,0.0
2025-07-25 22:00:00,0.12,0.0,9.043755877099915,0.0,0.47016129,0.0,0.08,0.0
2025-07-25 23:00:00,0.1,0.0,8.943755877099917,0.0,0.47016129,0.0,0.074,0.0
2025-07-26 00:00:00,0.11,0.0,8.833755877099918,0.0,0.42016129,0.0,0.075,0.0
2025-07-26 01:00:00,0.1,0.0,8.733755877099918,0.0,0.42016129,0.0,0.072,0.0
2025-07-26 02:00:00,0.1,0.0,8.633755877099919,0.0,0.42016129,0.0,0.068,0.0
2025-07-26 03:00:00,0.1,0.0,8.53375587709992,0.0,0.42016129,0.0,0.067,0.0
2025-07-26 04:00:00,0.09,0.0,8.44375587709992,0.0,0.42016129,0.0,0.066,0.0
2025-07-26 05:00:00,0.51,0.029146,7.962901877099919,0.0,0.42016129,0.0,0.067,0.0
2025-07-26 06:00:00,0.3999999999999999,0.090664,7.653565877099919,0.0,0.42016129,0.0,0.071,0.0
2025-07-26 07:00:00,0.52,0.448882,7.582447877099919,0.0,0.42016129,0.0,0.065,0.0
2025-07-26 08:00:00,0.6200000000000001,0.7325539999999999,7.695001877099919,0.0,0.42016129,0.0,0.06,0.0
2025-07-26 09:00:00,0.29,1.17207,8.57707187709992,0.0,0.42016129,0.0,0.052,0.0
2025-07-26 10:00:00,2.55,1.998309,8.02538087709992,0.0,0.42016129,0.0,0.055,0.0
2025-07-26 11:00:00,2.8301826923076923,2.716747,7.911945184792227,0.0,0.42016129,0.0,0.053,0.0
2025-07-26 12:00:00,2.8301826923076923,2.759968,7.841730492484535,0.0,0.42016129,0.0,0.053,0.0
2025-07-26 13:00:00,3.090182692307692,2.4579250000000004,7.209472800176844,0.0,0.42016129,0.0,0.05,0.0
2025-07-26 14:00:00,2.54,1.763756,6.433228800176844,0.0,0.42016129,0.0,0.046,0.0
2025-07-26 15:00:00,0.13,1.906664,8.209892800176844,0.0,0.47016129,0.0,0.05,0.0
2025-07-26 16:00:00,0.13,0.97066,9.050552800176844,0.0,0.63016129,0.0,0.137,0.0
2025-07-26 17:00:00,3.003852011494253,0.439525,6.4862257886825905,0.0,0.63016129,0.0,0.32,0.0
2025-07-26 18:00:00,1.7538520114942528,0.214252,4.946625777188338,0.0,0.63016129,0.0,0.358,0.0
2025-07-26 19:00:00,0.12,0.0,4.826625777188338,0.0,0.63016129,0.0,0.446,0.0
2025-07-26 20:00:00,0.53,0.0,4.296625777188337,0.0,0.63016129,0.0,0.276,0.0
2025-07-26 21:00:00,0.77,0.0,3.526625777188338,0.0,0.47016129,0.0,0.088,0.0
2025-07-26 22:00:00,0.44,0.0,3.0866257771883374,0.0,0.47016129,0.0,0.08,0.0
2025-07-26 23:00:00,0.11,0.0,2.9766257771883375,0.0,0.47016129,0.0,0.074,0.0
2025-07-27 00:00:00,0.11,0.0,2.8666257771883377,0.0,0.42016129,0.0,0.075,0.0
2025-07-27 01:00:00,0.11,0.0,2.756625777188338,0.0,0.42016129,0.0,0.072,0.0
2025-07-27 02:00:00,0.11,0.0,2.646625777188338,0.0,0.42016129,0.0,0.068,0.0
2025-07-27 03:00:00,0.1,0.0,2.546625777188338,0.0,0.42016129,0.0,0.067,0.0
2025-07-27 04:00:00,0.1,0.0,2.4466257771883377,0.0,0.42016129,0.0,0.066,0.0
2025-07-27 05:00:00,0.11,0.0260859999999999,2.3627117771883377,0.0,0.42016129,0.0,0.067,0.0
2025-07-27 06:00:00,0.11,0.610619,2.8633307771883376,0.0,0.42016129,0.0,0.071,0.0
2025-07-27 07:00:00,2.61,0.377998,0.6313287771883376,0.0,0.42016129,0.0,0.065,0.0
2025-07-27 08:00:00,1.95,0.838404,0.0,0.48026722281166245,0.42016129,0.0,0.06,0.20178969588126552
2025-07-27 09:00:00,0.19,1.653417,1.463417,0.0,0.42016129,0.0,0.052,0.0
2025-07-27 10:00:00,2.53,2.094684,1.0281010000000002,0.0,0.42016129,0.0,0.055,0.0
2025-07-27 11:00:00,2.9301826923076923,2.638209,0.7361273076923076,0.0,0.42016129,0.0,0.053,0.0
2025-07-27 12:00:00,2.7601826923076924,3.423834,1.399778615384615,0.0,0.42016129,0.0,0.053,0.0
2025-07-27 13:00:00,2.740182692307692,3.720799,2.3803949230769232,0.0,0.42016129,0.0,0.05,0.0
2025-07-27 14:00:00,2.4099999999999997,2.991655,2.9620499230769237,0.0,0.42016129,0.0,0.046,0.0
2025-07-27 15:00:00,0.14,2.090711,4.912760923076924,0.0,0.47016129,0.0,0.05,0.0
2025-07-27 16:00:00,0.24,1.025076,5.697836923076924,0.0,0.63016129,0.0,0.137,0.0
2025-07-27 17:00:00,0.9738520114942528,0.6257469999999999,5.349731911582671,0.0,0.63016129,0.0,0.32,0.0
2025-07-27 18:00:00,3.2738520114942533,0.192382,2.2682619000884174,0.0,0.63016129,0.0,0.358,0.0
2025-07-27 19:00:00,0.16,0.0,2.1082619000884173,0.0,0.63016129,0.0,0.446,0.0
2025-07-27 20:00:00,0.14,0.0,1.9682619000884172,0.0,0.63016129,0.0,0.276,0.0
2025-07-27 21:00:00,0.12,0.0,1.848261900088417,0.0,0.47016129,0.0,0.088,0.0
2025-07-27 22:00:00,0.12,0.0,1.728261900088417,0.0,0.47016129,0.0,0.08,0.0
2025-07-27 23:00:00,0.1,0.0,1.6282619000884169,0.0,0.47016129,0.0,0.074,0.0
2025-07-28 00:00:00,0.11,0.0,1.5182619000884168,0.0,0.42016129,0.0,0.075,0.0
2025-07-28 01:00:00,0.11,0.0,1.408261900088417,0.0,0.42016129,0.0,0.072,0.0
2025-07-28 02:00:00,0.11,0.0,1.2982619000884166,0.0,0.42016129,0.0,0.068,0.0
2025-07-28 03:00:00,0.11,0.0,1.1882619000884165,0.0,0.42016129,0.0,0.067,0.0
2025-07-28 04:00:00,0.11,0.0,1.0782619000884164,0.0,0.42016129,0.0,0.066,0.0
2025-07-28 05:00:00,0.11,0.02305,0.9913119000884164,0.0,0.42016129,0.0,0.067,0.0
2025-07-28 06:00:00,0.51,0.5962759999999999,1.0775879000884163,0.0,0.42016129,0.0,0.071,0.0
2025-07-28 07:00:00,0.63,0.665023,1.1126109000884163,0.0,0.42016129,0.0,0.065,0.0
2025-07-28 08:00:00,0.8200000000000001,1.192947,1.4855579000884165,0.0,0.42016129,0.0,0.06,0.0
2025-07-28 09:00:00,0.78,1.4730260000000002,2.1785839000884164,0.0,0.42016129,0.0,0.052,0.0
2025-07-28 10:00:00,0.25,1.981266,3.9098499000884166,0.0,0.42016129,0.0,0.055,0.0
2025-07-28 11:00:00,0.7106666666666668,3.191277,6.3904602334217495,0.0,0.42016129,0.0,0.053,0.0
2025-07-28 12:00:00,0.5606666666666668,5.333333,11.163126566755082,0.0,0.42016129,0.0,0.053,0.0
2025-07-28 13:00:00,0.5106666666666667,5.333333,13.5,0.0,0.42016129,4.822666333333333,0.05,-0.24113331666666668
2025-07-28 14:00:00,0.16,4.8153630000000005,13.5,0.0,0.42016129,4.655363,0.046,-0.21414669800000002
2025-07-28 15:00:00,0.26,3.949551,13.5,0.0,0.47016129,3.689551,0.05,-0.18447755
2025-07-28 16:00:00,0.22,2.81642,13.5,0.0,0.63016129,2.5964199999999997,0.137,-0.35570954
2025-07-28 17:00:00,1.2691340996168583,0.756,12.986865900383142,0.0,0.63016129,0.0,0.32,0.0
2025-07-28 18:00:00,1.3391340996168584,0.181043,11.828774800766285,0.0,0.63016129,0.0,0.358,0.0
2025-07-28 19:00:00,0.16,0.0,11.668774800766284,0.0,0.63016129,0.0,0.446,0.0
2025-07-28 20:00:00,0.17,0.0,11.498774800766284,0.0,0.63016129,0.0,0.276,0.0
2025-07-28 21:00:00,0.15,0.0,11.348774800766284,0.0,0.47016129,0.0,0.088,0.0
2025-07-28 22:00:00,0.16,0.0,11.188774800766284,0.0,0.47016129,0.0,0.08,0.0
2025-07-28 23:00:00,0.11,0.0,11.078774800766285,0.0,0.47016129,0.0,0.074,0.0
2025-07-29 00:00:00,0.11,0.0,10.968774800766283,0.0,0.42016129,0.0,0.075,0.0
2025-07-29 01:00:00,0.11,0.0,10.858774800766286,0.0,0.42016129,0.0,0.072,0.0
2025-07-29 02:00:00,0.11,0.0,10.748774800766286,0.0,0.42016129,0.0,0.068,0.0
2025-07-29 03:00:00,0.11,0.0,10.638774800766289,0.0,0.42016129,0.0,0.067,0.0
2025-07-29 04:00:00,0.11,0.0,10.528774800766287,0.0,0.42016129,0.0,0.066,0.0
2025-07-29 05:00:00,0.12,0.020044,10.428818800766289,0.0,0.42016129,0.0,0.067,0.0
2025-07-29 06:00:00,0.11,0.59435,10.913168800766286,0.0,0.42016129,0.0,0.071,0.0
2025-07-29 07:00:00,0.13,0.714886,11.498054800766289,0.0,0.42016129,0.0,0.065,0.0
2025-07-29 08:00:00,0.55,1.18362,12.131674800766287,0.0,0.42016129,0.0,0.06,0.0
2025-07-29 09:00:00,0.61,1.663908,13.185582800766287,0.0,0.42016129,0.0,0.052,0.0
2025-07-29 10:00:00,0.1,2.302811,13.5,0.0,0.42016129,2.202811,0.055,-0.121154605
2025-07-29 11:00:00,0.4906666666666667,5.333333,13.5,0.0,0.42016129,4.842666333333333,0.053,-0.2566613156666666
2025-07-29 12:00:00,0.4906666666666667,5.333333,13.5,0.0,0.42016129,4.842666333333333,0.053,-0.2566613156666666
2025-07-29 13:00:00,0.6006666666666667,5.289383,13.5,0.0,0.42016129,4.688716333333334,0.05,-0.23443581666666669
2025-07-29 14:00:00,0.14,2.64935,13.5,0.0,0.42016129,2.50935,0.046,-0.1154301
2025-07-29 15:00:00,0.12,3.889715,13.5,0.0,0.47016129,3.7697149999999997,0.05,-0.18848575
2025-07-29 16:00:00,0.11,2.782672,13.5,0.0,0.63016129,2.672672,0.137,-0.366156064
2025-07-29 17:00:00,1.2291340996168585,0.900788,13.17165390038314,0.0,0.63016129,0.0,0.32,0.0
2025-07-29 18:00:00,3.539134099616858,0.1881169999999999,9.820636800766284,0.0,0.63016129,0.0,0.358,0.0
2025-07-29 19:00:00,0.12,0.0,9.700636800766285,0.0,0.63016129,0.0,0.446,0.0
2025-07-29 20:00:00,0.15,0.0,9.550636800766284,0.0,0.63016129,0.0,0.276,0.0
2025-07-29 21:00:00,0.14,0.0,9.410636800766284,0.0,0.47016129,0.0,0.088,0.0
2025-07-29 22:00:00,0.14,0.0,9.270636800766283,0.0,0.47016129,0.0,0.08,0.0
2025-07-29 23:00:00,0.11,0.0,9.160636800766284,0.0,0.47016129,0.0,0.074,0.0
2025-07-30 00:00:00,0.1,0.0,9.060636800766284,0.0,0.42016129,0.0,0.075,0.0
2025-07-30 01:00:00,0.11,0.0,8.950636800766285,0.0,0.42016129,0.0,0.072,0.0
2025-07-30 02:00:00,0.11,0.0,8.840636800766285,0.0,0.42016129,0.0,0.068,0.0
2025-07-30 03:00:00,0.09,0.0,8.750636800766285,0.0,0.42016129,0.0,0.067,0.0
2025-07-30 04:00:00,0.1,0.0,8.650636800766286,0.0,0.42016129,0.0,0.066,0.0
2025-07-30 05:00:00,0.09,0.0,8.560636800766286,0.0,0.42016129,0.0,0.067,0.0
2025-07-30 06:00:00,0.12,0.5943630000000001,9.034999800766286,0.0,0.42016129,0.0,0.071,0.0
2025-07-30 07:00:00,0.12,1.044808,9.959807800766288,0.0,0.42016129,0.0,0.065,0.0
2025-07-30 08:00:00,0.55,2.414378,11.824185800766289,0.0,0.42016129,0.0,0.06,0.0
2025-07-30 09:00:00,0.15,4.293292,13.5,0.0,0.42016129,4.143292,0.052,-0.215451184
2025-07-30 10:00:00,2.44,4.953409,13.5,0.0,0.42016129,2.513409,0.055,-0.138237495
2025-07-30 11:00:00,2.8406666666666665,5.333333,13.5,0.0,0.42016129,2.492666333333333,0.053,-0.13211131566666665
2025-07-30 12:00:00,3.0206666666666666,5.333333,13.5,0.0,0.42016129,2.312666333333333,0.053,-0.12257131566666665
2025-07-30 13:00:00,2.9806666666666666,5.244018,13.5,0.0,0.42016129,2.263351333333333,0.05,-0.11316756666666666
2025-07-30 14:00:00,2.48,4.724468,13.5,0.0,0.42016129,2.244468,0.046,-0.10324552799999999
2025-07-30 15:00:00,0.15,3.871618,13.5,0.0,0.47016129,3.721618,0.05,-0.1860809
2025-07-30 16:00:00,0.29,2.756658,13.5,0.0,0.63016129,2.466658,0.137,-0.337932146
2025-07-30 17:00:00,1.2491340996168585,0.918833,13.16969890038314,0.0,0.63016129,0.0,0.32,0.0
2025-07-30 18:00:00,1.3691340996168584,0.1944139999999999,11.994978800766283,0.0,0.63016129,0.0,0.358,0.0
2025-07-30 19:00:00,0.13,0.0,11.864978800766282,0.0,0.63016129,0.0,0.446,0.0
2025-07-30 20:00:00,0.4,0.0,11.464978800766282,0.0,0.63016129,0.0,0.276,0.0
2025-07-30 21:00:00,0.22,0.0,11.24497880076628,0.0,0.47016129,0.0,0.088,0.0
2025-07-30 22:00:00,1.45,0.0,9.794978800766282,0.0,0.47016129,0.0,0.08,0.0
2025-07-30 23:00:00,0.11,0.0,9.684978800766284,0.0,0.47016129,0.0,0.074,0.0
2025-07-31 00:00:00,0.62,0.0,9.064978800766283,0.0,0.42016129,0.0,0.075,0.0
2025-07-31 01:00:00,0.63,0.0,8.434978800766283,0.0,0.42016129,0.0,0.072,0.0
2025-07-31 02:00:00,0.5800000000000001,0.0,7.854978800766283,0.0,0.42016129,0.0,0.068,0.0
2025-07-31 03:00:00,0.11,0.0,7.744978800766282,0.0,0.42016129,0.0,0.067,0.0
2025-07-31 04:00:00,0.53,0.0,7.214978800766282,0.0,0.42016129,0.0,0.066,0.0
2025-07-31 05:00:00,0.58,0.019611,6.654589800766282,0.0,0.42016129,0.0,0.067,0.0
2025-07-31 06:00:00,0.12,0.333051,6.867640800766282,0.0,0.42016129,0.0,0.071,0.0
2025-07-31 07:00:00,0.7100000000000001,0.8805510000000001,7.038191800766282,0.0,0.42016129,0.0,0.065,0.0
2025-07-31 08:00:00,0.35,1.3843530000000002,8.072544800766282,0.0,0.42016129,0.0,0.06,0.0
2025-07-31 09:00:00,0.53,1.5556690000000002,9.098213800766285,0.0,0.42016129,0.0,0.052,0.0
2025-07-31 10:00:00,0.7,2.874016,11.272229800766285,0.0,0.42016129,0.0,0.055,0.0
2025-07-31 11:00:00,1.246,3.5825050000000003,13.5,0.0,0.42016129,2.3365050000000003,0.053,-0.12383476500000001
2025-07-31 12:00:00,0.976,2.995571,13.5,0.0,0.42016129,2.019571,0.053,-0.107037263
2025-07-31 13:00:00,1.166,3.522656,13.5,0.0,0.42016129,2.356656,0.05,-0.11783280000000002
2025-07-31 14:00:00,0.16,2.462618,13.5,0.0,0.42016129,2.302618,0.046,-0.105920428
2025-07-31 15:00:00,0.16,2.394445,13.5,0.0,0.47016129,2.234445,0.05,-0.11172225000000001
2025-07-31 16:00:00,0.13,1.127037,13.5,0.0,0.63016129,0.9970370000000001,0.137,-0.136594069
2025-07-31 17:00:00,1.8037011494252877,0.5497580000000001,12.246056850574712,0.0,0.63016129,0.0,0.32,0.0
2025-07-31 18:00:00,1.9437011494252876,0.188855,10.491210701149424,0.0,0.63016129,0.0,0.358,0.0
2025-07-31 19:00:00,0.13,0.0,10.361210701149425,0.0,0.63016129,0.0,0.446,0.0
2025-07-31 20:00:00,0.2,0.0,10.161210701149423,0.0,0.63016129,0.0,0.276,0.0
2025-07-31 21:00:00,0.12,0.0,10.041210701149426,0.0,0.47016129,0.0,0.088,0.0
2025-07-31 22:00:00,0.97,0.0,9.071210701149424,0.0,0.47016129,0.0,0.08,0.0
2025-07-31 23:00:00,0.5,0.0,8.571210701149425,0.0,0.47016129,0.0,0.074,0.0
2025-07-31 23:59:59,0.1,0.0,8.571210701149425,0.1,150.0,0.0,0.0,15.0
2025-08-01 00:00:00,0.71,0.0,7.861210701149425,0.0,0.42016129,0.0,0.086,0.0
2025-08-01 01:00:00,0.64,0.0,7.221210701149426,0.0,0.42016129,0.0,0.088,0.0
2025-08-01 02:00:00,0.22,0.0,7.001210701149426,0.0,0.42016129,0.0,0.085,0.0
2025-08-01 03:00:00,0.64,0.0,6.361210701149426,0.0,0.42016129,0.0,0.08,0.0
2025-08-01 04:00:00,0.62,0.0,5.741210701149426,0.0,0.42016129,0.0,0.08,0.0
2025-08-01 05:00:00,0.22,0.023936,5.545146701149426,0.0,0.42016129,0.0,0.081,0.0
2025-08-01 06:00:00,0.58,0.577868,5.543014701149427,0.0,0.42016129,0.0,0.079,0.0
2025-08-01 07:00:00,0.33,0.488854,5.701868701149427,0.0,0.42016129,0.0,0.069,0.0
2025-08-01 08:00:00,0.16,0.999583,6.541451701149427,0.0,0.42016129,0.0,0.064,0.0
2025-08-01 09:00:00,0.6900000000000001,1.409373,7.260824701149427,0.0,0.42016129,0.0,0.063,0.0
2025-08-01 10:00:00,2.53,2.5979609999999997,7.328785701149426,0.0,0.42016129,0.0,0.063,0.0
2025-08-01 11:00:00,3.066,3.547208,7.809993701149427,0.0,0.42016129,0.0,0.062,0.0
2025-08-01 12:00:00,3.1159999999999997,5.333333,10.027326701149429,0.0,0.42016129,0.0,0.061,0.0
2025-08-01 13:00:00,3.006,5.300326,12.321652701149429,0.0,0.42016129,0.0,0.062,0.0
2025-08-01 14:00:00,2.44,4.7496540000000005,13.5,0.0,0.42016129,2.3096540000000005,0.063,-0.14550820200000003
2025-08-01 15:00:00,0.15,3.897817,13.5,0.0,0.47016129,3.747817,0.066,-0.247355922
2025-08-01 16:00:00,0.14,1.480517,13.5,0.0,0.63016129,1.3405170000000002,0.157,-0.21046116900000003
2025-08-01 17:00:00,1.8237011494252875,0.599187,12.275485850574713,0.0,0.63016129,0.0,0.825,0.0
2025-08-01 18:00:00,2.0337011494252875,0.163344,10.405128701149426,0.0,0.63016129,0.0,0.933,0.0
2025-08-01 19:00:00,0.16,0.0,10.245128701149426,0.0,0.63016129,0.0,1.034,0.0
2025-08-01 20:00:00,0.48,0.0,9.765128701149424,0.0,0.63016129,0.0,0.989,0.0
2025-08-01 21:00:00,0.22,0.0,9.545128701149425,0.0,0.47016129,0.0,0.72,0.0
2025-08-01 22:00:00,0.11,0.0,9.435128701149424,0.0,0.47016129,0.0,0.7,0.0
2025-08-01 23:00:00,0.5700000000000001,0.0,8.865128701149425,0.0,0.47016129,0.0,0.088,0.0
2025-08-02 00:00:00,0.13,0.0,8.735128701149424,0.0,0.42016129,0.0,0.086,0.0
2025-08-02 01:00:00,0.5,0.0,8.235128701149424,0.0,0.42016129,0.0,0.088,0.0
2025-08-02 02:00:00,0.1,0.0,8.135128701149425,0.0,0.42016129,0.0,0.085,0.0
2025-08-02 03:00:00,0.47,0.0,7.665128701149425,0.0,0.42016129,0.0,0.08,0.0
2025-08-02 04:00:00,0.52,0.0,7.145128701149424,0.0,0.42016129,0.0,0.08,0.0
2025-08-02 05:00:00,0.2,0.037462,6.982590701149425,0.0,0.42016129,0.0,0.081,0.0
2025-08-02 06:00:00,0.76,0.5524819999999999,6.7750727011494245,0.0,0.42016129,0.0,0.079,0.0
2025-08-02 07:00:00,1.53,0.54102,5.786092701149425,0.0,0.42016129,0.0,0.069,0.0
2025-08-02 08:00:00,0.2,0.901504,6.487596701149425,0.0,0.42016129,0.0,0.064,0.0
2025-08-02 09:00:00,0.5900000000000001,1.79478,7.692376701149424,0.0,0.42016129,0.0,0.063,0.0
2025-08-02 10:00:00,2.44,3.0504740000000004,8.302850701149424,0.0,0.42016129,0.0,0.063,0.0
2025-08-02 11:00:00,3.9573653846153847,3.354669,7.700154316534039,0.0,0.42016129,0.0,0.062,0.0
2025-08-02 12:00:00,2.8773653846153846,5.333333,10.156121931918657,0.0,0.42016129,0.0,0.061,0.0
2025-08-02 13:00:00,3.1573653846153844,5.1927010000000005,12.191457547303273,0.0,0.42016129,0.0,0.062,0.0
2025-08-02 14:00:00,3.07,3.466413,12.587870547303272,0.0,0.42016129,0.0,0.063,0.0
2025-08-02 15:00:00,0.13,2.533262,13.5,0.0,0.47016129,2.4032620000000002,0.066,-0.15861529200000002
2025-08-02 16:00:00,0.12,1.51193,13.5,0.0,0.63016129,1.39193,0.157,-0.21853300999999997
2025-08-02 17:00:00,0.935853448275862,0.595333,13.159479551724138,0.0,0.63016129,0.0,0.825,0.0
2025-08-02 18:00:00,1.1058534482758622,0.164461,12.218087103448276,0.0,0.63016129,0.0,0.933,0.0
2025-08-02 19:00:00,0.16,0.0,12.058087103448276,0.0,0.63016129,0.0,1.034,0.0
2025-08-02 20:00:00,0.17,0.0,11.888087103448276,0.0,0.63016129,0.0,0.989,0.0
2025-08-02 21:00:00,0.16,0.0,11.728087103448276,0.0,0.47016129,0.0,0.72,0.0
2025-08-02 22:00:00,0.24,0.0,11.488087103448276,0.0,0.47016129,0.0,0.7,0.0
2025-08-02 23:00:00,0.12,0.0,11.368087103448277,0.0,0.47016129,0.0,0.088,0.0
2025-08-03 00:00:00,0.11,0.0,11.258087103448275,0.0,0.42016129,0.0,0.086,0.0
2025-08-03 01:00:00,0.11,0.0,11.148087103448278,0.0,0.42016129,0.0,0.088,0.0
2025-08-03 02:00:00,0.53,0.0,10.618087103448278,0.0,0.42016129,0.0,0.085,0.0
2025-08-03 03:00:00,0.6200000000000001,0.0,9.998087103448276,0.0,0.42016129,0.0,0.08,0.0
2025-08-03 04:00:00,0.55,0.0,9.448087103448277,0.0,0.42016129,0.0,0.08,0.0
2025-08-03 05:00:00,0.49,0.0305539999999999,8.988641103448277,0.0,0.42016129,0.0,0.081,0.0
2025-08-03 06:00:00,0.11,0.559852,9.438493103448277,0.0,0.42016129,0.0,0.079,0.0
2025-08-03 07:00:00,1.36,0.545571,8.624064103448276,0.0,0.42016129,0.0,0.069,0.0
2025-08-03 08:00:00,0.9,1.140447,8.864511103448276,0.0,0.42016129,0.0,0.064,0.0
2025-08-03 09:00:00,0.13,1.822724,10.557235103448276,0.0,0.42016129,0.0,0.063,0.0
2025-08-03 10:00:00,2.65,3.0142089999999997,10.921444103448277,0.0,0.42016129,0.0,0.063,0.0
2025-08-03 11:00:00,5.457365384615384,3.455722,8.919800718832892,0.0,0.42016129,0.0,0.062,0.0
2025-08-03 12:00:00,3.207365384615384,5.333333,11.045768334217508,0.0,0.42016129,0.0,0.061,0.0
2025-08-03 13:00:00,2.9173653846153846,3.954571,12.082973949602124,0.0,0.42016129,0.0,0.062,0.0
2025-08-03 14:00:00,2.8099999999999996,3.563272,12.836245949602125,0.0,0.42016129,0.0,0.063,0.0
2025-08-03 15:00:00,0.43,2.7834,13.5,0.0,0.47016129,2.3533999999999997,0.066,-0.1553244
2025-08-03 16:00:00,0.49,1.490052,13.5,0.0,0.63016129,1.000052,0.157,-0.15700816399999998
2025-08-03 17:00:00,1.205853448275862,0.790409,13.084555551724138,0.0,0.63016129,0.0,0.825,0.0
2025-08-03 18:00:00,1.1358534482758622,0.156477,12.105179103448275,0.0,0.63016129,0.0,0.933,0.0
2025-08-03 19:00:00,0.19,0.0,11.915179103448276,0.0,0.63016129,0.0,1.034,0.0
2025-08-03 20:00:00,0.27,0.0,11.645179103448276,0.0,0.63016129,0.0,0.989,0.0
2025-08-03 21:00:00,0.26,0.0,11.385179103448277,0.0,0.47016129,0.0,0.72,0.0
2025-08-03 22:00:00,0.64,0.0,10.745179103448276,0.0,0.47016129,0.0,0.7,0.0
2025-08-03 23:00:00,0.66,0.0,10.085179103448276,0.0,0.47016129,0.0,0.088,0.0
2025-08-04 00:00:00,0.59,0.0,9.495179103448276,0.0,0.42016129,0.0,0.086,0.0
2025-08-04 01:00:00,0.1399999999999999,0.0,9.355179103448275,0.0,0.42016129,0.0,0.088,0.0
2025-08-04 02:00:00,0.64,0.0,8.715179103448275,0.0,0.42016129,0.0,0.085,0.0
2025-08-04 03:00:00,0.7200000000000001,0.0,7.995179103448275,0.0,0.42016129,0.0,0.08,0.0
2025-08-04 04:00:00,0.59,0.0,7.405179103448275,0.0,0.42016129,0.0,0.08,0.0
2025-08-04 05:00:00,0.59,0.016872,6.832051103448276,0.0,0.42016129,0.0,0.081,0.0
2025-08-04 06:00:00,0.29,0.443502,6.985553103448275,0.0,0.42016129,0.0,0.079,0.0
2025-08-04 07:00:00,0.18,0.949549,7.755102103448275,0.0,0.42016129,0.0,0.069,0.0
2025-08-04 08:00:00,0.48,1.485897,8.760999103448274,0.0,0.42016129,0.0,0.064,0.0
2025-08-04 09:00:00,0.16,2.1236819999999996,10.724681103448274,0.0,0.42016129,0.0,0.063,0.0
2025-08-04 10:00:00,0.12,3.540878,13.5,0.0,0.42016129,3.420878,0.063,-0.215515314
2025-08-04 11:00:00,0.3973653846153847,3.843363,13.5,0.0,0.42016129,3.4459976153846155,0.062,-0.21365185215384616
2025-08-04 12:00:00,0.4073653846153847,5.333333,13.5,0.0,0.42016129,4.925967615384615,0.061,-0.3004840245384615
2025-08-04 13:00:00,0.5273653846153847,3.480604,13.5,0.0,0.42016129,2.953238615384615,0.062,-0.18310079415384614
2025-08-04 14:00:00,0.69,3.008565,13.5,0.0,0.42016129,2.318565,0.063,-0.146069595
2025-08-04 15:00:00,0.61,1.4802270000000002,13.5,0.0,0.47016129,0.8702270000000002,0.066,-0.057434982000000016
2025-08-04 16:00:00,0.15,0.8291989999999999,13.5,0.0,0.63016129,0.6791989999999999,0.157,-0.10663424299999998
2025-08-04 17:00:00,1.045853448275862,0.489303,12.943449551724138,0.0,0.63016129,0.0,0.825,0.0
2025-08-04 18:00:00,3.2258534482758625,0.164158,9.881754103448277,0.0,0.63016129,0.0,0.933,0.0
2025-08-04 19:00:00,0.42,0.0,9.461754103448277,0.0,0.63016129,0.0,1.034,0.0
2025-08-04 20:00:00,0.27,0.0,9.191754103448275,0.0,0.63016129,0.0,0.989,0.0
2025-08-04 21:00:00,0.22,0.0,8.971754103448275,0.0,0.47016129,0.0,0.72,0.0
2025-08-04 22:00:00,0.14,0.0,8.831754103448274,0.0,0.47016129,0.0,0.7,0.0
2025-08-04 23:00:00,0.1,0.0,8.731754103448274,0.0,0.47016129,0.0,0.088,0.0
2025-08-05 00:00:00,0.11,0.0,8.621754103448275,0.0,0.42016129,0.0,0.086,0.0
2025-08-05 01:00:00,0.1,0.0,8.521754103448275,0.0,0.42016129,0.0,0.088,0.0
2025-08-05 02:00:00,0.11,0.0,8.411754103448276,0.0,0.42016129,0.0,0.085,0.0
2025-08-05 03:00:00,0.1,0.0,8.311754103448276,0.0,0.42016129,0.0,0.08,0.0
2025-08-05 04:00:00,0.09,0.0,8.221754103448276,0.0,0.42016129,0.0,0.08,0.0
2025-08-05 05:00:00,0.25,0.013488,7.985242103448276,0.0,0.42016129,0.0,0.081,0.0
2025-08-05 06:00:00,0.38,0.547505,8.152747103448275,0.0,0.42016129,0.0,0.079,0.0
2025-08-05 07:00:00,0.42,0.153546,7.886293103448276,0.0,0.42016129,0.0,0.069,0.0
2025-08-05 08:00:00,0.6799999999999999,0.7943859999999999,8.000679103448276,0.0,0.42016129,0.0,0.064,0.0
2025-08-05 09:00:00,0.44,1.158331,8.719010103448277,0.0,0.42016129,0.0,0.063,0.0
2025-08-05 10:00:00,0.22,1.562927,10.061937103448276,0.0,0.42016129,0.0,0.063,0.0
2025-08-05 11:00:00,0.4973653846153847,2.387041,11.951612718832893,0.0,0.42016129,0.0,0.062,0.0
2025-08-05 12:00:00,0.5073653846153847,1.579564,13.023811334217504,0.0,0.42016129,0.0,0.061,0.0
2025-08-05 13:00:00,0.4973653846153847,1.6922739999999998,13.5,0.0,0.42016129,1.1949086153846151,0.062,-0.07408433415384613
2025-08-05 14:00:00,0.21,1.106278,13.5,0.0,0.42016129,0.8962780000000001,0.063,-0.05646551400000001
2025-08-05 15:00:00,0.22,0.8730180000000001,13.5,0.0,0.47016129,0.6530180000000001,0.066,-0.04309918800000001
2025-08-05 16:00:00,0.22,0.535288,13.5,0.0,0.63016129,0.315288,0.157,-0.049500216
2025-08-05 17:00:00,1.0758534482758622,0.208176,12.63232255172414,0.0,0.63016129,0.0,0.825,0.0
2025-08-05 18:00:00,1.3758534482758622,0.144859,11.401328103448275,0.0,0.63016129,0.0,0.933,0.0
2025-08-05 19:00:00,0.27,0.0,11.131328103448276,0.0,0.63016129,0.0,1.034,0.0
2025-08-05 20:00:00,0.53,0.0,10.601328103448278,0.0,0.63016129,0.0,0.989,0.0
2025-08-05 21:00:00,0.29,0.0,10.31132810344828,0.0,0.47016129,0.0,0.72,0.0
2025-08-05 22:00:00,0.25,0.0,10.06132810344828,0.0,0.47016129,0.0,0.7,0.0
2025-08-05 23:00:00,0.22,0.0,9.841328103448278,0.0,0.47016129,0.0,0.088,0.0
2025-08-06 00:00:00,0.22,0.0,9.621328103448278,0.0,0.42016129,0.0,0.086,0.0
2025-08-06 01:00:00,0.22,0.0,9.401328103448275,0.0,0.42016129,0.0,0.088,0.0
2025-08-06 02:00:00,0.22,0.0,9.181328103448276,0.0,0.42016129,0.0,0.085,0.0
2025-08-06 03:00:00,0.18,0.0,9.001328103448277,0.0,0.42016129,0.0,0.08,0.0
2025-08-06 04:00:00,0.1,0.0,8.901328103448277,0.0,0.42016129,0.0,0.08,0.0
2025-08-06 05:00:00,0.45,0.013488,8.464816103448277,0.0,0.42016129,0.0,0.081,0.0
2025-08-06 06:00:00,0.56,0.5406340000000001,8.445450103448277,0.0,0.42016129,0.0,0.079,0.0
2025-08-06 07:00:00,0.21,0.514597,8.750047103448276,0.0,0.42016129,0.0,0.069,0.0
2025-08-06 08:00:00,0.15,0.549941,9.149988103448276,0.0,0.42016129,0.0,0.064,0.0
2025-08-06 09:00:00,0.11,1.309934,10.349922103448275,0.0,0.42016129,0.0,0.063,0.0
2025-08-06 10:00:00,2.4099999999999997,1.970621,9.910543103448276,0.0,0.42016129,0.0,0.063,0.0
2025-08-06 11:00:00,2.6973653846153844,2.252964,9.466141718832892,0.0,0.42016129,0.0,0.062,0.0
2025-08-06 12:00:00,2.6973653846153844,3.270313,10.039089334217508,0.0,0.42016129,0.0,0.061,0.0
2025-08-06 13:00:00,2.6973653846153844,3.368856,10.710579949602124,0.0,0.42016129,0.0,0.062,0.0
2025-08-06 14:00:00,2.4,2.9668110000000003,11.277390949602124,0.0,0.42016129,0.0,0.063,0.0
2025-08-06 15:00:00,0.11,2.716395,13.5,0.0,0.47016129,2.606395,0.066,-0.17202207
2025-08-06 16:00:00,0.11,1.866384,13.5,0.0,0.63016129,1.756384,0.157,-0.275752288
2025-08-06 17:00:00,1.6758534482758622,1.256524,13.080670551724138,0.0,0.63016129,0.0,0.825,0.0
2025-08-06 18:00:00,2.5158534482758625,0.14742,10.712237103448276,0.0,0.63016129,0.0,0.933,0.0
2025-08-06 19:00:00,0.15,0.0,10.562237103448275,0.0,0.63016129,0.0,1.034,0.0
2025-08-06 20:00:00,0.16,0.0,10.402237103448275,0.0,0.63016129,0.0,0.989,0.0
2025-08-06 21:00:00,0.13,0.0,10.272237103448274,0.0,0.47016129,0.0,0.72,0.0
2025-08-06 22:00:00,0.23,0.0,10.042237103448274,0.0,0.47016129,0.0,0.7,0.0
2025-08-06 23:00:00,0.22,0.0,9.822237103448272,0.0,0.47016129,0.0,0.088,0.0
2025-08-07 00:00:00,0.22,0.0,9.602237103448273,0.0,0.42016129,0.0,0.086,0.0
2025-08-07 01:00:00,0.22,0.0,9.382237103448272,0.0,0.42016129,0.0,0.088,0.0
2025-08-07 02:00:00,0.22,0.0,9.162237103448271,0.0,0.42016129,0.0,0.085,0.0
2025-08-07 03:00:00,0.21,0.0,8.95223710344827,0.0,0.42016129,0.0,0.08,0.0
2025-08-07 04:00:00,0.21,0.0,8.74223710344827,0.0,0.42016129,0.0,0.08,0.0
2025-08-07 05:00:00,0.21,0.01688,8.54911710344827,0.0,0.42016129,0.0,0.081,0.0
2025-08-07 06:00:00,0.6,0.5364070000000001,8.48552410344827,0.0,0.42016129,0.0,0.079,0.0
2025-08-07 07:00:00,0.22,0.6052240000000001,8.870748103448271,0.0,0.42016129,0.0,0.069,0.0
2025-08-07 08:00:00,0.1,3.2940050000000003,12.064753103448272,0.0,0.42016129,0.0,0.064,0.0
2025-08-07 09:00:00,0.12,2.458598,13.5,0.0,0.42016129,2.3385979999999997,0.063,-0.147331674
2025-08-07 10:00:00,0.1,2.135969,13.5,0.0,0.42016129,2.0359689999999997,0.063,-0.128266047
2025-08-07 11:00:00,0.3773653846153847,3.254118,13.5,0.0,0.42016129,2.8767526153846155,0.062,-0.17835866215384616
2025-08-07 12:00:00,0.3873653846153847,5.333333,13.5,0.0,0.42016129,4.945967615384615,0.061,-0.3017040245384615
2025-08-07 13:00:00,0.3873653846153847,5.312055,13.5,0.0,0.42016129,4.924689615384615,0.062,-0.30533075615384614
2025-08-07 14:00:00,0.1,4.7695240000000005,13.5,0.0,0.42016129,4.669524000000001,0.063,-0.29418001200000005
2025-08-07 15:00:00,0.11,3.903164,13.5,0.0,0.47016129,3.793164,0.066,-0.250348824
2025-08-07 16:00:00,0.1,2.744642,13.5,0.0,0.63016129,2.6446419999999997,0.157,-0.41520879399999994
2025-08-07 17:00:00,0.9658534482758622,1.23879,13.5,0.0,0.63016129,0.2729365517241379,0.825,-0.22517265517241375
2025-08-07 18:00:00,1.0758534482758622,0.131352,12.555498551724138,0.0,0.63016129,0.0,0.933,0.0
2025-08-07 19:00:00,0.19,0.0,12.36549855172414,0.0,0.63016129,0.0,1.034,0.0
2025-08-07 20:00:00,0.21,0.0,12.155498551724138,0.0,0.63016129,0.0,0.989,0.0
2025-08-07 21:00:00,0.17,0.0,11.985498551724138,0.0,0.47016129,0.0,0.72,0.0
2025-08-07 22:00:00,0.58,0.0,11.405498551724138,0.0,0.47016129,0.0,0.7,0.0
2025-08-07 23:00:00,0.61,0.0,10.79549855172414,0.0,0.47016129,0.0,0.088,0.0
2025-08-08 00:00:00,0.1,0.0,10.69549855172414,0.0,0.42016129,0.0,0.086,0.0
2025-08-08 01:00:00,0.11,0.0,10.58549855172414,0.0,0.42016129,0.0,0.088,0.0
2025-08-08 02:00:00,0.1,0.0,10.48549855172414,0.0,0.42016129,0.0,0.085,0.0
2025-08-08 03:00:00,0.11,0.0,10.37549855172414,0.0,0.42016129,0.0,0.08,0.0
2025-08-08 04:00:00,0.1,0.0,10.27549855172414,0.0,0.42016129,0.0,0.08,0.0
2025-08-08 05:00:00,0.11,0.013673,10.17917155172414,0.0,0.42016129,0.0,0.081,0.0
2025-08-08 06:00:00,0.1,0.5295059999999999,10.60867755172414,0.0,0.42016129,0.0,0.079,0.0
2025-08-08 07:00:00,0.11,0.358793,10.85747055172414,0.0,0.42016129,0.0,0.069,0.0
2025-08-08 08:00:00,0.22,0.6284529999999999,11.26592355172414,0.0,0.42016129,0.0,0.064,0.0
2025-08-08 09:00:00,0.15,0.924641,12.040564551724142,0.0,0.42016129,0.0,0.063,0.0
2025-08-08 10:00:00,2.4499999999999997,1.360586,10.951150551724142,0.0,0.42016129,0.0,0.063,0.0
2025-08-08 11:00:00,2.7373653846153845,1.822395,10.036180167108755,0.0,0.42016129,0.0,0.062,0.0
2025-08-08 12:00:00,2.7373653846153845,1.792826,9.091640782493371,0.0,0.42016129,0.0,0.061,0.0
2025-08-08 13:00:00,2.7173653846153845,1.802097,8.176372397877989,0.0,0.42016129,0.0,0.062,0.0
2025-08-08 14:00:00,2.44,1.892549,7.628921397877989,0.0,0.42016129,0.0,0.063,0.0
2025-08-08 15:00:00,0.79,1.384184,8.223105397877989,0.0,0.47016129,0.0,0.066,0.0
2025-08-08 16:00:00,0.27,0.636225,8.589330397877989,0.0,0.63016129,0.0,0.157,0.0
2025-08-08 17:00:00,1.005853448275862,0.3854599999999999,7.968936949602126,0.0,0.63016129,0.0,0.825,0.0
2025-08-08 18:00:00,1.1758534482758622,0.132343,6.925426501326264,0.0,0.63016129,0.0,0.933,0.0
2025-08-08 19:00:00,0.3,0.0,6.625426501326264,0.0,0.63016129,0.0,1.034,0.0
2025-08-08 20:00:00,0.42,0.0,6.205426501326264,0.0,0.63016129,0.0,0.989,0.0
2025-08-08 21:00:00,0.31,0.0,5.895426501326265,0.0,0.47016129,0.0,0.72,0.0
2025-08-08 22:00:00,0.35,0.0,5.545426501326265,0.0,0.47016129,0.0,0.7,0.0
2025-08-08 23:00:00,0.12,0.0,5.425426501326265,0.0,0.47016129,0.0,0.088,0.0
2025-08-09 00:00:00,0.1,0.0,5.325426501326265,0.0,0.42016129,0.0,0.086,0.0
2025-08-09 01:00:00,0.11,0.0,5.215426501326265,0.0,0.42016129,0.0,0.088,0.0
2025-08-09 02:00:00,0.11,0.0,5.1054265013262645,0.0,0.42016129,0.0,0.085,0.0
2025-08-09 03:00:00,0.11,0.0,4.995426501326264,0.0,0.42016129,0.0,0.08,0.0
2025-08-09 04:00:00,0.1,0.0,4.895426501326265,0.0,0.42016129,0.0,0.08,0.0
2025-08-09 05:00:00,0.1,0.010093,4.805519501326264,0.0,0.42016129,0.0,0.081,0.0
2025-08-09 06:00:00,0.1,0.513549,5.219068501326264,0.0,0.42016129,0.0,0.079,0.0
2025-08-09 07:00:00,0.12,0.38415,5.483218501326264,0.0,0.42016129,0.0,0.069,0.0
2025-08-09 08:00:00,0.42,0.6737190000000001,5.736937501326264,0.0,0.42016129,0.0,0.064,0.0
2025-08-09 09:00:00,2.33,1.406449,4.813386501326264,0.0,0.42016129,0.0,0.063,0.0
2025-08-09 10:00:00,4.66,2.332243,2.4856295013262644,0.0,0.42016129,0.0,0.063,0.0
2025-08-09 11:00:00,2.9973653846153843,3.163848,2.65211211671088,0.0,0.42016129,0.0,0.062,0.0
2025-08-09 12:00:00,2.8973653846153846,3.501469,3.2562157320954954,0.0,0.42016129,0.0,0.061,0.0
2025-08-09 13:00:00,3.2673653846153847,2.891928,2.8807783474801107,0.0,0.42016129,0.0,0.062,0.0
2025-08-09 14:00:00,2.51,4.636010000000001,5.006788347480112,0.0,0.42016129,0.0,0.063,0.0
2025-08-09 15:00:00,0.16,1.956919,6.8037073474801115,0.0,0.47016129,0.0,0.066,0.0
2025-08-09 16:00:00,0.11,0.913672,7.607379347480111,0.0,0.63016129,0.0,0.157,0.0
2025-08-09 17:00:00,2.1758534482758622,0.430418,5.861943899204249,0.0,0.63016129,0.0,0.825,0.0
2025-08-09 18:00:00,1.965853448275862,0.1293909999999999,4.025481450928387,0.0,0.63016129,0.0,0.933,0.0
2025-08-09 19:00:00,0.19,0.0,3.835481450928387,0.0,0.63016129,0.0,1.034,0.0
2025-08-09 20:00:00,0.19,0.0,3.6454814509283873,0.0,0.63016129,0.0,0.989,0.0
2025-08-09 21:00:00,0.27,0.0,3.3754814509283873,0.0,0.47016129,0.0,0.72,0.0
2025-08-09 22:00:00,0.25,0.0,3.1254814509283873,0.0,0.47016129,0.0,0.7,0.0
2025-08-09 23:00:00,0.2299999999999999,0.0,2.8954814509283873,0.0,0.47016129,0.0,0.088,0.0
2025-08-10 00:00:00,0.2299999999999999,0.0,2.6654814509283873,0.0,0.42016129,0.0,0.086,0.0
2025-08-10 01:00:00,0.22,0.0,2.445481450928387,0.0,0.42016129,0.0,0.088,0.0
2025-08-10 02:00:00,0.22,0.0,2.225481450928387,0.0,0.42016129,0.0,0.085,0.0
2025-08-10 03:00:00,0.22,0.0,2.0054814509283867,0.0,0.42016129,0.0,0.08,0.0
2025-08-10 04:00:00,0.22,0.0,1.7854814509283867,0.0,0.42016129,0.0,0.08,0.0
2025-08-10 05:00:00,0.25,0.0,1.5354814509283867,0.0,0.42016129,0.0,0.081,0.0
2025-08-10 06:00:00,0.53,0.3706689999999999,1.3761504509283866,0.0,0.42016129,0.0,0.079,0.0
2025-08-10 07:00:00,0.3,1.296398,2.3725484509283863,0.0,0.42016129,0.0,0.069,0.0
2025-08-10 08:00:00,1.27,3.2652609999999997,4.367809450928386,0.0,0.42016129,0.0,0.064,0.0
2025-08-10 09:00:00,2.77,4.262029999999999,5.859839450928385,0.0,0.42016129,0.0,0.063,0.0
2025-08-10 10:00:00,4.8,4.96894,6.028779450928385,0.0,0.42016129,0.0,0.063,0.0
2025-08-10 11:00:00,3.4073653846153844,5.333333,7.954747066313001,0.0,0.42016129,0.0,0.062,0.0
2025-08-10 12:00:00,2.8773653846153846,5.333333,10.410714681697616,0.0,0.42016129,0.0,0.061,0.0
2025-08-10 13:00:00,2.7973653846153845,5.315987,12.929336297082232,0.0,0.42016129,0.0,0.062,0.0
2025-08-10 14:00:00,2.52,4.77445,13.5,0.0,0.42016129,2.25445,0.063,-0.14203035
2025-08-10 15:00:00,0.12,3.872142,13.5,0.0,0.47016129,3.752142,0.066,-0.24764137200000003
2025-08-10 16:00:00,0.12,2.696136,13.5,0.0,0.63016129,2.576136,0.157,-0.404453352
2025-08-10 17:00:00,0.9458534482758622,1.192069,13.5,0.0,0.63016129,0.2462155517241379,0.825,-0.20312783017241376
2025-08-10 18:00:00,1.1358534482758622,0.117924,12.48207055172414,0.0,0.63016129,0.0,0.933,0.0
2025-08-10 19:00:00,0.21,0.0,12.272070551724138,0.0,0.63016129,0.0,1.034,0.0
2025-08-10 20:00:00,0.25,0.0,12.022070551724138,0.0,0.63016129,0.0,0.989,0.0
2025-08-10 21:00:00,0.4599999999999999,0.0,11.56207055172414,0.0,0.47016129,0.0,0.72,0.0
2025-08-10 22:00:00,0.4,0.0,11.162070551724138,0.0,0.47016129,0.0,0.7,0.0
2025-08-10 23:00:00,0.85,0.0,10.31207055172414,0.0,0.47016129,0.0,0.088,0.0
2025-08-11 00:00:00,0.26,0.0,10.05207055172414,0.0,0.42016129,0.0,0.086,0.0
2025-08-11 01:00:00,0.24,0.0,9.81207055172414,0.0,0.42016129,0.0,0.088,0.0
2025-08-11 02:00:00,0.2299999999999999,0.0,9.582070551724138,0.0,0.42016129,0.0,0.085,0.0
2025-08-11 03:00:00,0.2299999999999999,0.0,9.352070551724138,0.0,0.42016129,0.0,0.08,0.0
2025-08-11 04:00:00,0.2299999999999999,0.0,9.122070551724136,0.0,0.42016129,0.0,0.08,0.0
2025-08-11 05:00:00,0.24,0.0,8.882070551724137,0.0,0.42016129,0.0,0.081,0.0
2025-08-11 06:00:00,0.22,0.510443,9.172513551724135,0.0,0.42016129,0.0,0.079,0.0
2025-08-11 07:00:00,0.24,0.441926,9.374439551724135,0.0,0.42016129,0.0,0.069,0.0
2025-08-11 08:00:00,0.23,1.214787,10.359226551724138,0.0,0.42016129,0.0,0.064,0.0
2025-08-11 09:00:00,0.22,2.066277,12.20550355172414,0.0,0.42016129,0.0,0.063,0.0
2025-08-11 10:00:00,0.22,5.176643,13.5,0.0,0.42016129,4.956643000000001,0.063,-0.312268509
2025-08-11 11:00:00,0.5073653846153847,5.333333,13.5,0.0,0.42016129,4.825967615384615,0.062,-0.2992099921538461
2025-08-11 12:00:00,0.5073653846153847,5.333333,13.5,0.0,0.42016129,4.825967615384615,0.061,-0.29438402453846146
2025-08-11 13:00:00,0.5073653846153847,5.333333,13.5,0.0,0.42016129,4.825967615384615,0.062,-0.2992099921538461
2025-08-11 14:00:00,0.2299999999999999,4.846829,13.5,0.0,0.42016129,4.616829,0.063,-0.290860227
2025-08-11 15:00:00,0.22,3.94601,13.5,0.0,0.47016129,3.7260099999999996,0.066,-0.24591665999999998
2025-08-11 16:00:00,0.2299999999999999,2.7349319999999997,13.5,0.0,0.63016129,2.5049319999999997,0.157,-0.39327432399999995
2025-08-11 17:00:00,1.045853448275862,1.195831,13.5,0.0,0.63016129,0.14997755172413818,0.825,-0.12373148017241399
2025-08-11 18:00:00,1.435853448275862,0.10762,12.171766551724138,0.0,0.63016129,0.0,0.933,0.0
2025-08-11 19:00:00,0.19,0.0,11.98176655172414,0.0,0.63016129,0.0,1.034,0.0
2025-08-11 20:00:00,0.15,0.0,11.831766551724138,0.0,0.63016129,0.0,0.989,0.0
2025-08-11 21:00:00,0.14,0.0,11.691766551724138,0.0,0.47016129,0.0,0.72,0.0
2025-08-11 22:00:00,0.19,0.0,11.501766551724138,0.0,0.47016129,0.0,0.7,0.0
2025-08-11 23:00:00,0.23,0.0,11.271766551724138,0.0,0.47016129,0.0,0.088,0.0
2025-08-12 00:00:00,0.22,0.0,11.051766551724135,0.0,0.42016129,0.0,0.086,0.0
2025-08-12 01:00:00,0.22,0.0,10.831766551724137,0.0,0.42016129,0.0,0.088,0.0
2025-08-12 02:00:00,0.22,0.0,10.611766551724136,0.0,0.42016129,0.0,0.085,0.0
2025-08-12 03:00:00,0.22,0.0,10.391766551724135,0.0,0.42016129,0.0,0.08,0.0
2025-08-12 04:00:00,0.22,0.0,10.171766551724136,0.0,0.42016129,0.0,0.08,0.0
2025-08-12 05:00:00,0.23,0.0,9.941766551724134,0.0,0.42016129,0.0,0.081,0.0
2025-08-12 06:00:00,0.99,0.516946,9.468712551724137,0.0,0.42016129,0.0,0.079,0.0
2025-08-12 07:00:00,0.22,0.6570309999999999,9.905743551724134,0.0,0.42016129,0.0,0.069,0.0
2025-08-12 08:00:00,0.84,0.940887,10.006630551724134,0.0,0.42016129,0.0,0.064,0.0
2025-08-12 09:00:00,0.38,1.5255070000000002,11.152137551724136,0.0,0.42016129,0.0,0.063,0.0
2025-08-12 10:00:00,0.25,2.688459,13.5,0.0,0.42016129,2.438459,0.063,-0.153622917
2025-08-12 11:00:00,0.5673653846153848,5.333333,13.5,0.0,0.42016129,4.765967615384615,0.062,-0.29548999215384614
2025-08-12 12:00:00,0.5773653846153847,5.333333,13.5,0.0,0.42016129,4.755967615384615,0.061,-0.2901140245384615
2025-08-12 13:00:00,0.5173653846153847,5.333333,13.5,0.0,0.42016129,4.815967615384615,0.062,-0.29858999215384613
2025-08-12 14:00:00,0.22,4.86212,13.5,0.0,0.42016129,4.64212,0.063,-0.29245356
2025-08-12 15:00:00,0.23,3.952538,13.5,0.0,0.47016129,3.722538,0.066,-0.24568750800000003
2025-08-12 16:00:00,0.22,2.743281,13.5,0.0,0.63016129,2.523281,0.157,-0.396155117
2025-08-12 17:00:00,1.765853448275862,1.193115,12.927261551724138,0.0,0.63016129,0.0,0.825,0.0
2025-08-12 18:00:00,2.755853448275862,0.095378,10.266786103448275,0.0,0.63016129,0.0,0.933,0.0
2025-08-12 19:00:00,0.3399999999999999,0.0,9.926786103448276,0.0,0.63016129,0.0,1.034,0.0
2025-08-12 20:00:00,0.29,0.0,9.636786103448276,0.0,0.63016129,0.0,0.989,0.0
2025-08-12 21:00:00,0.26,0.0,9.376786103448277,0.0,0.47016129,0.0,0.72,0.0
2025-08-12 22:00:00,0.28,0.0,9.096786103448276,0.0,0.47016129,0.0,0.7,0.0
2025-08-12 23:00:00,0.22,0.0,8.876786103448277,0.0,0.47016129,0.0,0.088,0.0
2025-08-13 00:00:00,0.24,0.0,8.636786103448276,0.0,0.42016129,0.0,0.086,0.0
2025-08-13 01:00:00,0.22,0.0,8.416786103448276,0.0,0.42016129,0.0,0.088,0.0
2025-08-13 02:00:00,0.22,0.0,8.196786103448275,0.0,0.42016129,0.0,0.085,0.0
2025-08-13 03:00:00,0.22,0.0,7.976786103448275,0.0,0.42016129,0.0,0.08,0.0
2025-08-13 04:00:00,0.22,0.0,7.756786103448276,0.0,0.42016129,0.0,0.08,0.0
2025-08-13 05:00:00,0.54,0.0,7.216786103448276,0.0,0.42016129,0.0,0.081,0.0
2025-08-13 06:00:00,0.3,0.5073690000000001,7.424155103448276,0.0,0.42016129,0.0,0.079,0.0
2025-08-13 07:00:00,0.55,0.752513,7.626668103448275,0.0,0.42016129,0.0,0.069,0.0
2025-08-13 08:00:00,0.2299999999999999,1.043696,8.440364103448275,0.0,0.42016129,0.0,0.064,0.0
2025-08-13 09:00:00,0.29,2.255124,10.405488103448274,0.0,0.42016129,0.0,0.063,0.0
2025-08-13 10:00:00,3.07,5.091675,12.427163103448274,0.0,0.42016129,0.0,0.063,0.0
2025-08-13 11:00:00,2.7273653846153847,5.333333,13.5,0.0,0.42016129,2.605967615384615,0.062,-0.16156999215384613
2025-08-13 12:00:00,2.9873653846153845,5.333333,13.5,0.0,0.42016129,2.345967615384615,0.061,-0.14310402453846152
2025-08-13 13:00:00,2.9273653846153844,5.333333,13.5,0.0,0.42016129,2.4059676153846152,0.062,-0.14916999215384613
2025-08-13 14:00:00,3.04,4.801647,13.5,0.0,0.42016129,1.761647,0.063,-0.110983761
2025-08-13 15:00:00,1.23,3.913205,13.5,0.0,0.47016129,2.683205,0.066,-0.17709153000000002
2025-08-13 16:00:00,0.26,2.7146019999999997,13.5,0.0,0.63016129,2.4546019999999995,0.157,-0.38537251399999994
2025-08-13 17:00:00,1.1258534482758622,1.1672159999999998,13.5,0.0,0.63016129,0.04136255172413761,0.825,-0.03412410517241352
2025-08-13 18:00:00,1.1958534482758625,0.0874509999999999,12.391597551724136,0.0,0.63016129,0.0,0.933,0.0
2025-08-13 19:00:00,0.26,0.0,12.131597551724138,0.0,0.63016129,0.0,1.034,0.0
2025-08-13 20:00:00,0.22,0.0,11.911597551724135,0.0,0.63016129,0.0,0.989,0.0
2025-08-13 21:00:00,0.16,0.0,11.751597551724135,0.0,0.47016129,0.0,0.72,0.0
2025-08-13 22:00:00,0.22,0.0,11.531597551724136,0.0,0.47016129,0.0,0.7,0.0
2025-08-13 23:00:00,0.26,0.0,11.271597551724136,0.0,0.47016129,0.0,0.088,0.0
2025-08-14 00:00:00,0.27,0.0,11.001597551724135,0.0,0.42016129,0.0,0.086,0.0
2025-08-14 01:00:00,0.27,0.0,10.731597551724136,0.0,0.42016129,0.0,0.088,0.0
2025-08-14 02:00:00,0.26,0.0,10.471597551724138,0.0,0.42016129,0.0,0.085,0.0
2025-08-14 03:00:00,0.26,0.0,10.211597551724138,0.0,0.42016129,0.0,0.08,0.0
2025-08-14 04:00:00,0.26,0.0,9.951597551724138,0.0,0.42016129,0.0,0.08,0.0
2025-08-14 05:00:00,0.27,0.0,9.681597551724138,0.0,0.42016129,0.0,0.081,0.0
2025-08-14 06:00:00,0.26,0.497683,9.91928055172414,0.0,0.42016129,0.0,0.079,0.0
2025-08-14 07:00:00,1.02,0.61952,9.51880055172414,0.0,0.42016129,0.0,0.069,0.0
2025-08-14 08:00:00,0.19,1.135458,10.46425855172414,0.0,0.42016129,0.0,0.064,0.0
2025-08-14 09:00:00,0.43,1.606811,11.64106955172414,0.0,0.42016129,0.0,0.063,0.0
2025-08-14 10:00:00,0.49,2.376204,13.5,0.0,0.42016129,1.886204,0.063,-0.118830852
2025-08-14 11:00:00,1.073153846153846,2.513793,13.5,0.0,0.42016129,1.4406391538461543,0.062,-0.08931962753846157
2025-08-14 12:00:00,0.9931538461538464,2.448683,13.5,0.0,0.42016129,1.4555291538461534,0.061,-0.08878727838461536
2025-08-14 13:00:00,0.7031538461538462,2.163502,13.5,0.0,0.42016129,1.4603481538461536,0.062,-0.09054158553846152
2025-08-14 14:00:00,0.32,3.233724,13.5,0.0,0.42016129,2.913724,0.063,-0.18356461200000002
2025-08-14 15:00:00,0.3,3.771994,13.5,0.0,0.47016129,3.471994,0.066,-0.229151604
2025-08-14 16:00:00,0.34,2.599918,13.5,0.0,0.63016129,2.2599180000000003,0.157,-0.35480712600000003
2025-08-14 17:00:00,1.4578045977011498,1.105757,13.14795240229885,0.0,0.63016129,0.0,0.825,0.0
2025-08-14 18:00:00,1.4678045977011496,0.081209,11.7613568045977,0.0,0.63016129,0.0,0.933,0.0
2025-08-14 19:00:00,0.28,0.0,11.481356804597702,0.0,0.63016129,0.0,1.034,0.0
2025-08-14 20:00:00,0.35,0.0,11.131356804597702,0.0,0.63016129,0.0,0.989,0.0
2025-08-14 21:00:00,0.28,0.0,10.851356804597703,0.0,0.47016129,0.0,0.72,0.0
2025-08-14 22:00:00,0.29,0.0,10.561356804597704,0.0,0.47016129,0.0,0.7,0.0
2025-08-14 23:00:00,0.37,0.0,10.191356804597705,0.0,0.47016129,0.0,0.088,0.0
2025-08-15 00:00:00,0.24,0.0,9.951356804597705,0.0,0.42016129,0.0,0.086,0.0
2025-08-15 01:00:00,0.24,0.0,9.711356804597704,0.0,0.42016129,0.0,0.088,0.0
2025-08-15 02:00:00,0.2299999999999999,0.0,9.481356804597704,0.0,0.42016129,0.0,0.085,0.0
2025-08-15 03:00:00,0.25,0.0,9.231356804597704,0.0,0.42016129,0.0,0.08,0.0
2025-08-15 04:00:00,0.22,0.0,9.011356804597703,0.0,0.42016129,0.0,0.08,0.0
2025-08-15 05:00:00,0.22,0.0,8.791356804597703,0.0,0.42016129,0.0,0.081,0.0
2025-08-15 06:00:00,0.22,0.4806789999999999,9.052035804597702,0.0,0.42016129,0.0,0.079,0.0
2025-08-15 07:00:00,0.1699999999999999,0.593917,9.475952804597702,0.0,0.42016129,0.0,0.069,0.0
2025-08-15 08:00:00,0.1,1.391838,10.767790804597702,0.0,0.42016129,0.0,0.064,0.0
2025-08-15 09:00:00,0.1,2.019019,12.686809804597702,0.0,0.42016129,0.0,0.063,0.0
2025-08-15 10:00:00,2.4099999999999997,3.120131,13.396940804597705,0.0,0.42016129,0.0,0.063,0.0
2025-08-15 11:00:00,2.913153846153846,4.159395000000001,13.5,0.0,0.42016129,1.2462411538461549,0.062,-0.0772669515384616
2025-08-15 12:00:00,2.783153846153846,4.2260789999999995,13.5,0.0,0.42016129,1.4429251538461534,0.061,-0.08801843438461536
2025-08-15 13:00:00,2.783153846153846,5.333333,13.5,0.0,0.42016129,2.5501791538461536,0.062,-0.15811110753846153
2025-08-15 14:00:00,2.4099999999999997,4.802072,13.5,0.0,0.42016129,2.392072,0.063,-0.15070053600000002
2025-08-15 15:00:00,0.11,3.87676,13.5,0.0,0.47016129,3.76676,0.066,-0.24860616000000002
2025-08-15 16:00:00,0.18,2.6734180000000003,13.5,0.0,0.63016129,2.493418,0.157,-0.39146662600000004
2025-08-15 17:00:00,1.2878045977011496,1.128175,13.34037040229885,0.0,0.63016129,0.0,0.825,0.0
2025-08-15 18:00:00,1.2978045977011496,0.07762,12.1201858045977,0.0,0.63016129,0.0,0.933,0.0
2025-08-15 19:00:00,0.3,0.0,11.8201858045977,0.0,0.63016129,0.0,1.034,0.0
2025-08-15 20:00:00,0.15,0.0,11.6701858045977,0.0,0.63016129,0.0,0.989,0.0
2025-08-15 21:00:00,0.15,0.0,11.520185804597698,0.0,0.47016129,0.0,0.72,0.0
2025-08-15 22:00:00,0.13,0.0,11.390185804597698,0.0,0.47016129,0.0,0.7,0.0
2025-08-15 23:00:00,0.1,0.0,11.290185804597698,0.0,0.47016129,0.0,0.088,0.0
2025-08-16 00:00:00,0.1,0.0,11.190185804597698,0.0,0.42016129,0.0,0.086,0.0
2025-08-16 01:00:00,0.1,0.0,11.0901858045977,0.0,0.42016129,0.0,0.088,0.0
2025-08-16 02:00:00,0.11,0.0,10.9801858045977,0.0,0.42016129,0.0,0.085,0.0
2025-08-16 03:00:00,0.1,0.0,10.8801858045977,0.0,0.42016129,0.0,0.08,0.0
2025-08-16 04:00:00,0.1,0.0,10.7801858045977,0.0,0.42016129,0.0,0.08,0.0
2025-08-16 05:00:00,0.1,0.0,10.6801858045977,0.0,0.42016129,0.0,0.081,0.0
2025-08-16 06:00:00,0.12,0.477678,11.0378638045977,0.0,0.42016129,0.0,0.079,0.0
2025-08-16 07:00:00,3.22,0.641892,8.4597558045977,0.0,0.42016129,0.0,0.069,0.0
2025-08-16 08:00:00,1.86,1.187435,7.787190804597699,0.0,0.42016129,0.0,0.064,0.0
2025-08-16 09:00:00,0.8200000000000001,1.848835,8.8160258045977,0.0,0.42016129,0.0,0.063,0.0
2025-08-16 10:00:00,2.97,5.16847,11.0144958045977,0.0,0.42016129,0.0,0.063,0.0
2025-08-16 11:00:00,2.823153846153846,5.333333,13.5,0.0,0.42016129,2.5101791538461535,0.062,-0.15563110753846152
2025-08-16 12:00:00,3.043153846153846,5.333333,13.5,0.0,0.42016129,2.290179153846154,0.061,-0.13970092838461537
2025-08-16 13:00:00,4.953153846153846,5.333333,13.5,0.0,0.42016129,0.38017915384615364,0.062,-0.023571107538461526
2025-08-16 14:00:00,4.6899999999999995,4.896017,13.5,0.0,0.42016129,0.20601700000000012,0.063,-0.012979071000000007
2025-08-16 15:00:00,1.12,3.958687,13.5,0.0,0.47016129,2.8386869999999997,0.066,-0.18735334199999998
2025-08-16 16:00:00,0.3399999999999999,2.7144009999999996,13.5,0.0,0.63016129,2.3744009999999998,0.157,-0.37278095699999997
2025-08-16 17:00:00,1.4478045977011496,1.140147,13.19234240229885,0.0,0.63016129,0.0,0.825,0.0
2025-08-16 18:00:00,2.5278045977011496,0.071745,10.7362828045977,0.0,0.63016129,0.0,0.933,0.0
2025-08-16 19:00:00,0.15,0.0,10.5862828045977,0.0,0.63016129,0.0,1.034,0.0
2025-08-16 20:00:00,0.22,0.0,10.3662828045977,0.0,0.63016129,0.0,0.989,0.0
2025-08-16 21:00:00,0.16,0.0,10.2062828045977,0.0,0.47016129,0.0,0.72,0.0
2025-08-16 22:00:00,0.2,0.0,10.0062828045977,0.0,0.47016129,0.0,0.7,0.0
2025-08-16 23:00:00,0.33,0.0,9.6762828045977,0.0,0.47016129,0.0,0.088,0.0
2025-08-17 00:00:00,0.27,0.0,9.4062828045977,0.0,0.42016129,0.0,0.086,0.0
2025-08-17 01:00:00,0.2299999999999999,0.0,9.1762828045977,0.0,0.42016129,0.0,0.088,0.0
2025-08-17 02:00:00,0.2299999999999999,0.0,8.946282804597699,0.0,0.42016129,0.0,0.085,0.0
2025-08-17 03:00:00,0.22,0.0,8.726282804597698,0.0,0.42016129,0.0,0.08,0.0
2025-08-17 04:00:00,0.22,0.0,8.506282804597697,0.0,0.42016129,0.0,0.08,0.0
2025-08-17 05:00:00,0.22,0.0,8.286282804597697,0.0,0.42016129,0.0,0.081,0.0
2025-08-17 06:00:00,0.1699999999999999,0.487985,8.604267804597697,0.0,0.42016129,0.0,0.079,0.0
2025-08-17 07:00:00,0.26,1.981974,10.326241804597696,0.0,0.42016129,0.0,0.069,0.0
2025-08-17 08:00:00,0.22,3.3964589999999997,13.5,0.0,0.42016129,3.1764589999999995,0.064,-0.20329337599999997
2025-08-17 09:00:00,0.1,4.4553400000000005,13.5,0.0,0.42016129,4.355340000000001,0.063,-0.2743864200000001
2025-08-17 10:00:00,2.44,5.166006,13.5,0.0,0.42016129,2.7260060000000004,0.063,-0.17173837800000002
2025-08-17 11:00:00,3.013153846153846,5.333333,13.5,0.0,0.42016129,2.3201791538461536,0.062,-0.14385110753846153
2025-08-17 12:00:00,3.003153846153846,5.333333,13.5,0.0,0.42016129,2.330179153846154,0.061,-0.14214092838461537
2025-08-17 13:00:00,2.953153846153846,5.333333,13.5,0.0,0.42016129,2.3801791538461536,0.062,-0.14757110753846153
2025-08-17 14:00:00,2.53,4.769919,13.5,0.0,0.42016129,2.239919,0.063,-0.141114897
2025-08-17 15:00:00,0.24,3.849794,13.5,0.0,0.47016129,3.609794,0.066,-0.238246404
2025-08-17 16:00:00,0.2299999999999999,2.624316,13.5,0.0,0.63016129,2.394316,0.157,-0.375907612
2025-08-17 17:00:00,1.3478045977011497,1.090727,13.24292240229885,0.0,0.63016129,0.0,0.825,0.0
2025-08-17 18:00:00,3.55780459770115,0.072145,9.7572628045977,0.0,0.63016129,0.0,0.933,0.0
2025-08-17 19:00:00,0.2299999999999999,0.0,9.5272628045977,0.0,0.63016129,0.0,1.034,0.0
2025-08-17 20:00:00,0.31,0.0,9.2172628045977,0.0,0.63016129,0.0,0.989,0.0
2025-08-17 21:00:00,0.31,0.0,8.9072628045977,0.0,0.47016129,0.0,0.72,0.0
2025-08-17 22:00:00,0.28,0.0,8.6272628045977,0.0,0.47016129,0.0,0.7,0.0
2025-08-17 23:00:00,0.32,0.0,8.3072628045977,0.0,0.47016129,0.0,0.088,0.0
2025-08-18 00:00:00,0.22,0.0,8.0872628045977,0.0,0.42016129,0.0,0.086,0.0
2025-08-18 01:00:00,0.22,0.0,7.8672628045977,0.0,0.42016129,0.0,0.088,0.0
2025-08-18 02:00:00,0.22,0.0,7.6472628045977,0.0,0.42016129,0.0,0.085,0.0
2025-08-18 03:00:00,0.22,0.0,7.4272628045977,0.0,0.42016129,0.0,0.08,0.0
2025-08-18 04:00:00,0.22,0.0,7.2072628045977005,0.0,0.42016129,0.0,0.08,0.0
2025-08-18 05:00:00,0.3399999999999999,0.0,6.867262804597701,0.0,0.42016129,0.0,0.081,0.0
2025-08-18 06:00:00,0.4,0.467764,6.935026804597701,0.0,0.42016129,0.0,0.079,0.0
2025-08-18 07:00:00,0.65,1.939324,8.224350804597702,0.0,0.42016129,0.0,0.069,0.0
2025-08-18 08:00:00,0.23,1.812239,9.8065898045977,0.0,0.42016129,0.0,0.064,0.0
2025-08-18 09:00:00,0.17,4.398496,13.5,0.0,0.42016129,4.228496,0.063,-0.266395248
2025-08-18 10:00:00,0.16,5.1417209999999995,13.5,0.0,0.42016129,4.981720999999999,0.063,-0.313848423
2025-08-18 11:00:00,0.5631538461538462,5.333333,13.5,0.0,0.42016129,4.770179153846153,0.062,-0.2957511075384615
2025-08-18 12:00:00,0.5431538461538462,5.333333,13.5,0.0,0.42016129,4.790179153846154,0.061,-0.29220092838461537
2025-08-18 13:00:00,0.5331538461538462,5.333333,13.5,0.0,0.42016129,4.800179153846154,0.062,-0.29761110753846154
2025-08-18 14:00:00,0.62,4.77772,13.5,0.0,0.42016129,4.15772,0.063,-0.26193636000000003
2025-08-18 15:00:00,0.71,3.861866,13.5,0.0,0.47016129,3.151866,0.066,-0.20802315600000001
2025-08-18 16:00:00,0.26,2.6298310000000003,13.5,0.0,0.63016129,2.3698310000000005,0.157,-0.3720634670000001
2025-08-18 17:00:00,1.8378045977011497,1.077288,12.73948340229885,0.0,0.63016129,0.0,0.825,0.0
2025-08-18 18:00:00,3.0678045977011497,0.055304,9.7269828045977,0.0,0.63016129,0.0,0.933,0.0
2025-08-18 19:00:00,0.14,0.0,9.5869828045977,0.0,0.63016129,0.0,1.034,0.0
2025-08-18 20:00:00,0.38,0.0,9.2069828045977,0.0,0.63016129,0.0,0.989,0.0
2025-08-18 21:00:00,0.48,0.0,8.726982804597698,0.0,0.47016129,0.0,0.72,0.0
2025-08-18 22:00:00,0.25,0.0,8.476982804597698,0.0,0.47016129,0.0,0.7,0.0
2025-08-18 23:00:00,0.2299999999999999,0.0,8.246982804597698,0.0,0.47016129,0.0,0.088,0.0
2025-08-19 00:00:00,0.2299999999999999,0.0,8.016982804597697,0.0,0.42016129,0.0,0.086,0.0
2025-08-19 01:00:00,0.22,0.0,7.796982804597698,0.0,0.42016129,0.0,0.088,0.0
2025-08-19 02:00:00,0.22,0.0,7.576982804597698,0.0,0.42016129,0.0,0.085,0.0
2025-08-19 03:00:00,0.53,0.0,7.046982804597698,0.0,0.42016129,0.0,0.08,0.0
2025-08-19 04:00:00,0.84,0.0,6.206982804597698,0.0,0.42016129,0.0,0.08,0.0
2025-08-19 05:00:00,1.01,0.0,5.196982804597698,0.0,0.42016129,0.0,0.081,0.0
2025-08-19 06:00:00,0.62,0.449594,5.026576804597698,0.0,0.42016129,0.0,0.079,0.0
2025-08-19 07:00:00,0.6,0.731921,5.158497804597698,0.0,0.42016129,0.0,0.069,0.0
2025-08-19 08:00:00,0.24,3.096732,8.015229804597698,0.0,0.42016129,0.0,0.064,0.0
2025-08-19 09:00:00,0.31,4.04047,11.7456998045977,0.0,0.42016129,0.0,0.063,0.0
2025-08-19 10:00:00,0.22,4.719491,13.5,0.0,0.42016129,4.499491,0.063,-0.283467933
2025-08-19 11:00:00,0.6031538461538463,5.080937,13.5,0.0,0.42016129,4.477783153846153,0.062,-0.2776225555384615
2025-08-19 12:00:00,0.6031538461538463,5.150902,13.5,0.0,0.42016129,4.547748153846154,0.061,-0.27741263738461536
2025-08-19 13:00:00,0.6031538461538463,4.941457000000001,13.5,0.0,0.42016129,4.338303153846154,0.062,-0.26897479553846154
2025-08-19 14:00:00,0.22,4.422718,13.5,0.0,0.42016129,4.202718,0.063,-0.264771234
2025-08-19 15:00:00,0.22,3.563967,13.5,0.0,0.47016129,3.3439669999999997,0.066,-0.220701822
2025-08-19 16:00:00,0.22,2.4334499999999997,13.5,0.0,0.63016129,2.2134499999999995,0.157,-0.3475116499999999
2025-08-19 17:00:00,1.6978045977011496,0.989121,12.79131640229885,0.0,0.63016129,0.0,0.825,0.0
2025-08-19 18:00:00,3.1578045977011495,0.042023,9.6755348045977,0.0,0.63016129,0.0,0.933,0.0
2025-08-19 19:00:00,0.27,0.0,9.405534804597702,0.0,0.63016129,0.0,1.034,0.0
2025-08-19 20:00:00,0.28,0.0,9.125534804597702,0.0,0.63016129,0.0,0.989,0.0
2025-08-19 21:00:00,0.34,0.0,8.785534804597702,0.0,0.47016129,0.0,0.72,0.0
2025-08-19 22:00:00,0.25,0.0,8.535534804597702,0.0,0.47016129,0.0,0.7,0.0
2025-08-19 23:00:00,0.22,0.0,8.315534804597702,0.0,0.47016129,0.0,0.088,0.0
2025-08-20 00:00:00,0.22,0.0,8.095534804597701,0.0,0.42016129,0.0,0.086,0.0
2025-08-20 01:00:00,0.22,0.0,7.875534804597701,0.0,0.42016129,0.0,0.088,0.0
2025-08-20 02:00:00,0.21,0.0,7.665534804597701,0.0,0.42016129,0.0,0.085,0.0
2025-08-20 03:00:00,0.22,0.0,7.445534804597702,0.0,0.42016129,0.0,0.08,0.0
2025-08-20 04:00:00,0.21,0.0,7.235534804597702,0.0,0.42016129,0.0,0.08,0.0
2025-08-20 05:00:00,0.22,0.0,7.015534804597702,0.0,0.42016129,0.0,0.081,0.0
2025-08-20 06:00:00,0.22,0.430934,7.226468804597702,0.0,0.42016129,0.0,0.079,0.0
2025-08-20 07:00:00,0.5599999999999999,1.816571,8.483039804597702,0.0,0.42016129,0.0,0.069,0.0
2025-08-20 08:00:00,0.18,3.124775,11.427814804597702,0.0,0.42016129,0.0,0.064,0.0
2025-08-20 09:00:00,0.14,4.097664,13.5,0.0,0.42016129,3.957664,0.063,-0.249332832
2025-08-20 10:00:00,2.42,4.760962999999999,13.5,0.0,0.42016129,2.3409629999999995,0.063,-0.14748066899999998
2025-08-20 11:00:00,2.6873653846153847,5.168031,13.5,0.0,0.42016129,2.4806656153846154,0.062,-0.15380126815384615
2025-08-20 12:00:00,2.7673653846153847,5.265016999999999,13.5,0.0,0.42016129,2.4976516153846147,0.061,-0.15235674853846148
2025-08-20 13:00:00,2.7073653846153847,5.071188,13.5,0.0,0.42016129,2.3638226153846156,0.062,-0.14655700215384618
2025-08-20 14:00:00,2.4099999999999997,4.537028,13.5,0.0,0.42016129,2.1270280000000006,0.063,-0.13400276400000002
2025-08-20 15:00:00,0.11,3.662667,13.5,0.0,0.47016129,3.552667,0.066,-0.234476022
2025-08-20 16:00:00,0.11,2.487865,13.5,0.0,0.63016129,2.3778650000000003,0.157,-0.37332480500000004
2025-08-20 17:00:00,0.925853448275862,0.994927,13.5,0.0,0.63016129,0.06907355172413798,0.825,-0.05698568017241383
2025-08-20 18:00:00,1.1258534482758622,0.034996,12.409142551724138,0.0,0.63016129,0.0,0.933,0.0
2025-08-20 19:00:00,0.23,0.0,12.179142551724135,0.0,0.63016129,0.0,1.034,0.0
2025-08-20 20:00:00,0.15,0.0,12.029142551724137,0.0,0.63016129,0.0,0.989,0.0
2025-08-20 21:00:00,0.13,0.0,11.899142551724136,0.0,0.47016129,0.0,0.72,0.0
2025-08-20 22:00:00,0.19,0.0,11.709142551724137,0.0,0.47016129,0.0,0.7,0.0
2025-08-20 23:00:00,0.22,0.0,11.489142551724136,0.0,0.47016129,0.0,0.088,0.0
2025-08-21 00:00:00,0.21,0.0,11.279142551724137,0.0,0.42016129,0.0,0.086,0.0
2025-08-21 01:00:00,0.21,0.0,11.069142551724134,0.0,0.42016129,0.0,0.088,0.0
2025-08-21 02:00:00,0.21,0.0,10.859142551724132,0.0,0.42016129,0.0,0.085,0.0
2025-08-21 03:00:00,0.2299999999999999,0.0,10.629142551724131,0.0,0.42016129,0.0,0.08,0.0
2025-08-21 04:00:00,0.21,0.0,10.419142551724132,0.0,0.42016129,0.0,0.08,0.0
2025-08-21 05:00:00,0.21,0.0,10.209142551724131,0.0,0.42016129,0.0,0.081,0.0
2025-08-21 06:00:00,1.08,0.43278,9.56192255172413,0.0,0.42016129,0.0,0.079,0.0
2025-08-21 07:00:00,0.95,0.8268070000000001,9.43872955172413,0.0,0.42016129,0.0,0.069,0.0
2025-08-21 08:00:00,0.11,3.161165,12.48989455172413,0.0,0.42016129,0.0,0.064,0.0
2025-08-21 09:00:00,0.09,4.100318000000001,13.5,0.0,0.42016129,4.010318000000001,0.063,-0.252650034
2025-08-21 10:00:00,0.1,4.749959,13.5,0.0,0.42016129,4.649959,0.063,-0.292947417
2025-08-21 11:00:00,0.3873653846153847,5.132935000000001,13.5,0.0,0.42016129,4.745569615384616,0.062,-0.2942253161538462
2025-08-21 12:00:00,0.3873653846153847,5.229547999999999,13.5,0.0,0.42016129,4.842182615384615,0.061,-0.2953731395384615
2025-08-21 13:00:00,0.3973653846153847,5.012613999999999,13.5,0.0,0.42016129,4.615248615384615,0.062,-0.2861454141538461
2025-08-21 14:00:00,0.1,4.464272,13.5,0.0,0.42016129,4.364272000000001,0.063,-0.27494913600000004
2025-08-21 15:00:00,0.1,3.579614,13.5,0.0,0.47016129,3.4796139999999998,0.066,-0.229654524
2025-08-21 16:00:00,0.11,2.4180189999999997,13.5,0.0,0.63016129,2.308019,0.157,-0.36235898299999997
2025-08-21 17:00:00,0.925853448275862,0.955681,13.5,0.0,0.63016129,0.02982755172413798,0.825,-0.02460773017241383
2025-08-21 18:00:00,1.1258534482758622,0.031879,12.406025551724138,0.0,0.63016129,0.0,0.933,0.0
2025-08-21 19:00:00,0.24,0.0,12.166025551724138,0.0,0.63016129,0.0,1.034,0.0
2025-08-21 20:00:00,0.16,0.0,12.006025551724138,0.0,0.63016129,0.0,0.989,0.0
2025-08-21 21:00:00,0.13,0.0,11.876025551724137,0.0,0.47016129,0.0,0.72,0.0
2025-08-21 22:00:00,0.19,0.0,11.686025551724136,0.0,0.47016129,0.0,0.7,0.0
2025-08-21 23:00:00,0.22,0.0,11.466025551724137,0.0,0.47016129,0.0,0.088,0.0
2025-08-22 00:00:00,0.22,0.0,11.246025551724136,0.0,0.42016129,0.0,0.086,0.0
2025-08-22 01:00:00,0.22,0.0,11.026025551724135,0.0,0.42016129,0.0,0.088,0.0
2025-08-22 02:00:00,0.22,0.0,10.806025551724137,0.0,0.42016129,0.0,0.085,0.0
2025-08-22 03:00:00,0.18,0.0,10.626025551724137,0.0,0.42016129,0.0,0.08,0.0
2025-08-22 04:00:00,0.11,0.0,10.516025551724136,0.0,0.42016129,0.0,0.08,0.0
2025-08-22 05:00:00,0.11,0.0,10.406025551724136,0.0,0.42016129,0.0,0.081,0.0
2025-08-22 06:00:00,0.1,0.4372169999999999,10.743242551724135,0.0,0.42016129,0.0,0.079,0.0
2025-08-22 07:00:00,0.21,1.772286,12.305528551724136,0.0,0.42016129,0.0,0.069,0.0
2025-08-22 08:00:00,0.48,3.0573780000000004,13.5,0.0,0.42016129,2.5773780000000004,0.064,-0.16495219200000003
2025-08-22 09:00:00,0.48,3.990855,13.5,0.0,0.42016129,3.510855,0.063,-0.22118386499999998
2025-08-22 10:00:00,2.92,4.709159,13.5,0.0,0.42016129,1.7891589999999997,0.063,-0.11271701699999999
2025-08-22 11:00:00,2.9973653846153843,5.144546,13.5,0.0,0.42016129,2.147180615384616,0.062,-0.13312519815384619
2025-08-22 12:00:00,2.6873653846153847,5.26229,13.5,0.0,0.42016129,2.5749246153846155,0.061,-0.15707040153846155
2025-08-22 13:00:00,2.7373653846153845,5.084525999999999,13.5,0.0,0.42016129,2.347160615384615,0.062,-0.14552395815384614
2025-08-22 14:00:00,2.52,4.510142,13.5,0.0,0.42016129,1.990142,0.063,-0.12537894600000002
2025-08-22 15:00:00,0.14,3.629342,13.5,0.0,0.47016129,3.4893419999999997,0.066,-0.230296572
2025-08-22 16:00:00,0.1,2.4320500000000003,13.5,0.0,0.63016129,2.33205,0.157,-0.36613185000000004
2025-08-22 17:00:00,1.1158534482758622,0.960105,13.344251551724138,0.0,0.63016129,0.0,0.825,0.0
2025-08-22 18:00:00,1.165853448275862,0.0376839999999999,12.216082103448276,0.0,0.63016129,0.0,0.933,0.0
2025-08-22 19:00:00,0.14,0.0,12.076082103448275,0.0,0.63016129,0.0,1.034,0.0
2025-08-22 20:00:00,0.12,0.0,11.956082103448276,0.0,0.63016129,0.0,0.989,0.0
2025-08-22 21:00:00,0.53,0.0,11.426082103448277,0.0,0.47016129,0.0,0.72,0.0
2025-08-22 22:00:00,0.61,0.0,10.816082103448275,0.0,0.47016129,0.0,0.7,0.0
2025-08-22 23:00:00,0.18,0.0,10.636082103448278,0.0,0.47016129,0.0,0.088,0.0
2025-08-23 00:00:00,0.11,0.0,10.526082103448278,0.0,0.42016129,0.0,0.086,0.0
2025-08-23 01:00:00,0.1,0.0,10.426082103448278,0.0,0.42016129,0.0,0.088,0.0
2025-08-23 02:00:00,0.2,0.0,10.22608210344828,0.0,0.42016129,0.0,0.085,0.0
2025-08-23 03:00:00,0.48,0.0,9.74608210344828,0.0,0.42016129,0.0,0.08,0.0
2025-08-23 04:00:00,0.53,0.0,9.21608210344828,0.0,0.42016129,0.0,0.08,0.0
2025-08-23 05:00:00,0.54,0.0,8.67608210344828,0.0,0.42016129,0.0,0.081,0.0
2025-08-23 06:00:00,0.49,0.43381,8.61989210344828,0.0,0.42016129,0.0,0.079,0.0
2025-08-23 07:00:00,0.36,0.798233,9.05812510344828,0.0,0.42016129,0.0,0.069,0.0
2025-08-23 08:00:00,1.41,3.109726,10.75785110344828,0.0,0.42016129,0.0,0.064,0.0
2025-08-23 09:00:00,0.12,4.099412,13.5,0.0,0.42016129,3.979412,0.063,-0.250702956
2025-08-23 10:00:00,2.73,4.76785,13.5,0.0,0.42016129,2.03785,0.063,-0.12838455000000001
2025-08-23 11:00:00,2.7073653846153847,5.161438,13.5,0.0,0.42016129,2.4540726153846157,0.062,-0.15215250215384618
2025-08-23 12:00:00,3.2973653846153845,5.235111,13.5,0.0,0.42016129,1.9377456153846153,0.061,-0.11820248253846154
2025-08-23 13:00:00,4.907365384615384,5.028034,13.5,0.0,0.42016129,0.12066861538461549,0.062,-0.00748145415384616
2025-08-23 14:00:00,2.88,4.474043,13.5,0.0,0.42016129,1.594043,0.063,-0.100424709
2025-08-23 15:00:00,0.25,3.580018,13.5,0.0,0.47016129,3.330018,0.066,-0.21978118800000002
2025-08-23 16:00:00,0.14,1.179511,13.5,0.0,0.63016129,1.039511,0.157,-0.163203227
2025-08-23 17:00:00,2.0658534482758624,0.925936,12.360082551724137,0.0,0.63016129,0.0,0.825,0.0
2025-08-23 18:00:00,2.6458534482758624,0.030926,9.745155103448274,0.0,0.63016129,0.0,0.933,0.0
2025-08-23 19:00:00,0.14,0.0,9.605155103448274,0.0,0.63016129,0.0,1.034,0.0
2025-08-23 20:00:00,0.15,0.0,9.455155103448272,0.0,0.63016129,0.0,0.989,0.0
2025-08-23 21:00:00,0.14,0.0,9.315155103448271,0.0,0.47016129,0.0,0.72,0.0
2025-08-23 22:00:00,0.22,0.0,9.095155103448272,0.0,0.47016129,0.0,0.7,0.0
2025-08-23 23:00:00,0.22,0.0,8.875155103448272,0.0,0.47016129,0.0,0.088,0.0
2025-08-24 00:00:00,0.22,0.0,8.655155103448271,0.0,0.42016129,0.0,0.086,0.0
2025-08-24 01:00:00,0.22,0.0,8.43515510344827,0.0,0.42016129,0.0,0.088,0.0
2025-08-24 02:00:00,0.22,0.0,8.21515510344827,0.0,0.42016129,0.0,0.085,0.0
2025-08-24 03:00:00,0.22,0.0,7.99515510344827,0.0,0.42016129,0.0,0.08,0.0
2025-08-24 04:00:00,0.22,0.0,7.77515510344827,0.0,0.42016129,0.0,0.08,0.0
2025-08-24 05:00:00,0.22,0.0,7.5551551034482705,0.0,0.42016129,0.0,0.081,0.0
2025-08-24 06:00:00,0.23,0.429322,7.75447710344827,0.0,0.42016129,0.0,0.079,0.0
2025-08-24 07:00:00,0.22,0.350854,7.88533110344827,0.0,0.42016129,0.0,0.069,0.0
2025-08-24 08:00:00,1.28,0.936691,7.542022103448271,0.0,0.42016129,0.0,0.064,0.0
2025-08-24 09:00:00,0.13,4.158228,11.57025010344827,0.0,0.42016129,0.0,0.063,0.0
2025-08-24 10:00:00,2.71,4.833687,13.5,0.0,0.42016129,2.1236870000000003,0.063,-0.133792281
2025-08-24 11:00:00,2.6298923076923075,5.2415910000000006,13.5,0.0,0.42016129,2.611698692307693,0.062,-0.16192531892307696
2025-08-24 12:00:00,2.6598923076923073,5.291933,13.5,0.0,0.42016129,2.632040692307693,0.061,-0.16055448223076926
2025-08-24 13:00:00,2.6898923076923076,2.665139,13.475246692307692,0.0,0.42016129,0.0,0.062,0.0
2025-08-24 14:00:00,2.5599999999999996,2.070971,12.986217692307694,0.0,0.42016129,0.0,0.063,0.0
2025-08-24 15:00:00,0.14,3.567458,13.5,0.0,0.47016129,3.4274579999999997,0.066,-0.226212228
2025-08-24 16:00:00,0.12,0.970223,13.5,0.0,0.63016129,0.850223,0.157,-0.133485011
2025-08-24 17:00:00,0.8026827586206897,0.402447,13.09976424137931,0.0,0.63016129,0.0,0.825,0.0
2025-08-24 18:00:00,0.8026827586206897,0.026903,12.32398448275862,0.0,0.63016129,0.0,0.933,0.0
2025-08-24 19:00:00,0.21,0.0,12.11398448275862,0.0,0.63016129,0.0,1.034,0.0
2025-08-24 20:00:00,0.27,0.0,11.84398448275862,0.0,0.63016129,0.0,0.989,0.0
2025-08-24 21:00:00,0.5800000000000001,0.0,11.26398448275862,0.0,0.47016129,0.0,0.72,0.0
2025-08-24 22:00:00,0.23,0.0,11.03398448275862,0.0,0.47016129,0.0,0.7,0.0
2025-08-24 23:00:00,0.2299999999999999,0.0,10.80398448275862,0.0,0.47016129,0.0,0.088,0.0
2025-08-25 00:00:00,0.22,0.0,10.583984482758618,0.0,0.42016129,0.0,0.086,0.0
2025-08-25 01:00:00,0.26,0.0,10.323984482758618,0.0,0.42016129,0.0,0.088,0.0
2025-08-25 02:00:00,0.3,0.0,10.023984482758618,0.0,0.42016129,0.0,0.085,0.0
2025-08-25 03:00:00,0.22,0.0,9.803984482758615,0.0,0.42016129,0.0,0.08,0.0
2025-08-25 04:00:00,0.21,0.0,9.593984482758616,0.0,0.42016129,0.0,0.08,0.0
2025-08-25 05:00:00,0.22,0.0,9.373984482758615,0.0,0.42016129,0.0,0.081,0.0
2025-08-25 06:00:00,0.23,0.421216,9.565200482758616,0.0,0.42016129,0.0,0.079,0.0
2025-08-25 07:00:00,1.21,0.281697,8.636897482758616,0.0,0.42016129,0.0,0.069,0.0
2025-08-25 08:00:00,0.5800000000000001,0.676519,8.733416482758617,0.0,0.42016129,0.0,0.064,0.0
2025-08-25 09:00:00,0.12,1.013928,9.627344482758618,0.0,0.42016129,0.0,0.063,0.0
2025-08-25 10:00:00,0.14,2.132723,11.620067482758618,0.0,0.42016129,0.0,0.063,0.0
2025-08-25 11:00:00,0.3598923076923077,3.618136,13.5,0.0,0.42016129,3.2582436923076923,0.062,-0.20201110892307692
2025-08-25 12:00:00,0.4098923076923077,3.265101,13.5,0.0,0.42016129,2.8552086923076923,0.061,-0.17416773023076923
2025-08-25 13:00:00,0.7598923076923078,5.093579,13.5,0.0,0.42016129,4.333686692307692,0.062,-0.2686885749230769
2025-08-25 14:00:00,0.5700000000000001,4.527921999999999,13.5,0.0,0.42016129,3.957921999999999,0.063,-0.24934908599999994
2025-08-25 15:00:00,0.2,3.642825,13.5,0.0,0.47016129,3.442825,0.066,-0.22722645000000002
2025-08-25 16:00:00,0.21,2.402256,13.5,0.0,0.63016129,2.192256,0.157,-0.344184192
2025-08-25 17:00:00,2.50268275862069,0.909712,11.907029241379307,0.0,0.63016129,0.0,0.825,0.0
2025-08-25 18:00:00,1.9726827586206896,0.022749,9.95709548275862,0.0,0.63016129,0.0,0.933,0.0
2025-08-25 19:00:00,0.21,0.0,9.74709548275862,0.0,0.63016129,0.0,1.034,0.0
2025-08-25 20:00:00,0.36,0.0,9.38709548275862,0.0,0.63016129,0.0,0.989,0.0
2025-08-25 21:00:00,0.3399999999999999,0.0,9.04709548275862,0.0,0.47016129,0.0,0.72,0.0
2025-08-25 22:00:00,0.32,0.0,8.72709548275862,0.0,0.47016129,0.0,0.7,0.0
2025-08-25 23:00:00,0.38,0.0,8.347095482758618,0.0,0.47016129,0.0,0.088,0.0
2025-08-26 00:00:00,0.3,0.0,8.047095482758618,0.0,0.42016129,0.0,0.086,0.0
2025-08-26 01:00:00,0.26,0.0,7.787095482758618,0.0,0.42016129,0.0,0.088,0.0
2025-08-26 02:00:00,0.26,0.0,7.527095482758618,0.0,0.42016129,0.0,0.085,0.0
2025-08-26 03:00:00,0.27,0.0,7.257095482758619,0.0,0.42016129,0.0,0.08,0.0
2025-08-26 04:00:00,0.27,0.0,6.987095482758619,0.0,0.42016129,0.0,0.08,0.0
2025-08-26 05:00:00,0.26,0.0,6.727095482758619,0.0,0.42016129,0.0,0.081,0.0
2025-08-26 06:00:00,0.27,0.417809,6.874904482758619,0.0,0.42016129,0.0,0.079,0.0
2025-08-26 07:00:00,0.24,0.365008,6.999912482758619,0.0,0.42016129,0.0,0.069,0.0
2025-08-26 08:00:00,0.1,0.870509,7.770421482758619,0.0,0.42016129,0.0,0.064,0.0
2025-08-26 09:00:00,0.1,0.974562,8.644983482758619,0.0,0.42016129,0.0,0.063,0.0
2025-08-26 10:00:00,0.1,1.470253,10.01523648275862,0.0,0.42016129,0.0,0.063,0.0
2025-08-26 11:00:00,0.3398923076923077,2.293282,11.96862617506631,0.0,0.42016129,0.0,0.062,0.0
2025-08-26 12:00:00,0.3298923076923077,3.0988629999999997,13.5,0.0,0.42016129,2.768970692307692,0.061,-0.1689072122307692
2025-08-26 13:00:00,0.3298923076923077,3.016745,13.5,0.0,0.42016129,2.686852692307692,0.062,-0.16658486692307692
2025-08-26 14:00:00,0.1,2.738775,13.5,0.0,0.42016129,2.638775,0.063,-0.16624282499999998
2025-08-26 15:00:00,0.15,3.612628,13.5,0.0,0.47016129,3.462628,0.066,-0.228533448
2025-08-26 16:00:00,0.2,1.085041,13.5,0.0,0.63016129,0.885041,0.157,-0.13895143699999998
2025-08-26 17:00:00,2.5526827586206897,0.419093,11.36641024137931,0.0,0.63016129,0.0,0.825,0.0
2025-08-26 18:00:00,1.5426827586206897,0.02009,9.84381748275862,0.0,0.63016129,0.0,0.933,0.0
2025-08-26 19:00:00,0.16,0.0,9.68381748275862,0.0,0.63016129,0.0,1.034,0.0
2025-08-26 20:00:00,0.23,0.0,9.45381748275862,0.0,0.63016129,0.0,0.989,0.0
2025-08-26 21:00:00,0.26,0.0,9.19381748275862,0.0,0.47016129,0.0,0.72,0.0
2025-08-26 22:00:00,0.22,0.0,8.97381748275862,0.0,0.47016129,0.0,0.7,0.0
2025-08-26 23:00:00,0.2299999999999999,0.0,8.743817482758619,0.0,0.47016129,0.0,0.088,0.0
2025-08-27 00:00:00,0.22,0.0,8.523817482758618,0.0,0.42016129,0.0,0.086,0.0
2025-08-27 01:00:00,0.22,0.0,8.303817482758618,0.0,0.42016129,0.0,0.088,0.0
2025-08-27 02:00:00,0.22,0.0,8.083817482758617,0.0,0.42016129,0.0,0.085,0.0
2025-08-27 03:00:00,0.3,0.0,7.783817482758617,0.0,0.42016129,0.0,0.08,0.0
2025-08-27 04:00:00,0.28,0.0,7.503817482758617,0.0,0.42016129,0.0,0.08,0.0
2025-08-27 05:00:00,0.22,0.0,7.283817482758617,0.0,0.42016129,0.0,0.081,0.0
2025-08-27 06:00:00,0.22,0.422502,7.486319482758617,0.0,0.42016129,0.0,0.079,0.0
2025-08-27 07:00:00,0.15,0.848496,8.184815482758617,0.0,0.42016129,0.0,0.069,0.0
2025-08-27 08:00:00,0.1,1.222759,9.307574482758618,0.0,0.42016129,0.0,0.064,0.0
2025-08-27 09:00:00,0.1,4.069587,13.277161482758618,0.0,0.42016129,0.0,0.063,0.0
2025-08-27 10:00:00,2.4099999999999997,4.7660659999999995,13.5,0.0,0.42016129,2.3560659999999998,0.063,-0.14843215799999998
2025-08-27 11:00:00,2.639892307692308,3.170661,13.5,0.0,0.42016129,0.5307686923076917,0.062,-0.032907658923076885
2025-08-27 12:00:00,2.6298923076923075,3.4638829999999996,13.5,0.0,0.42016129,0.8339906923076921,0.061,-0.05087343223076921
2025-08-27 13:00:00,2.639892307692308,5.022685999999999,13.5,0.0,0.42016129,2.382793692307691,0.062,-0.14773320892307684
2025-08-27 14:00:00,2.4099999999999997,4.423818,13.5,0.0,0.42016129,2.013818,0.063,-0.126870534
2025-08-27 15:00:00,0.11,2.4691970000000003,13.5,0.0,0.47016129,2.3591970000000004,0.066,-0.15570700200000004
2025-08-27 16:00:00,0.11,2.318134,13.5,0.0,0.63016129,2.2081340000000003,0.157,-0.34667703800000005
2025-08-27 17:00:00,1.2926827586206897,0.842813,13.05013024137931,0.0,0.63016129,0.0,0.825,0.0
2025-08-27 18:00:00,2.17268275862069,0.0430619999999999,10.920509482758622,0.0,0.63016129,0.0,0.933,0.0
2025-08-27 19:00:00,0.3299999999999999,0.0,10.59050948275862,0.0,0.63016129,0.0,1.034,0.0
2025-08-27 20:00:00,0.26,0.0,10.330509482758622,0.0,0.63016129,0.0,0.989,0.0
2025-08-27 21:00:00,0.2299999999999999,0.0,10.10050948275862,0.0,0.47016129,0.0,0.72,0.0
2025-08-27 22:00:00,0.25,0.0,9.85050948275862,0.0,0.47016129,0.0,0.7,0.0
2025-08-27 23:00:00,0.2299999999999999,0.0,9.62050948275862,0.0,0.47016129,0.0,0.088,0.0
2025-08-28 00:00:00,0.22,0.0,9.40050948275862,0.0,0.42016129,0.0,0.086,0.0
2025-08-28 01:00:00,0.22,0.0,9.18050948275862,0.0,0.42016129,0.0,0.088,0.0
2025-08-28 02:00:00,0.21,0.0,8.970509482758619,0.0,0.42016129,0.0,0.085,0.0
2025-08-28 03:00:00,0.22,0.0,8.750509482758618,0.0,0.42016129,0.0,0.08,0.0
2025-08-28 04:00:00,0.22,0.0,8.530509482758617,0.0,0.42016129,0.0,0.08,0.0
2025-08-28 05:00:00,0.21,0.0,8.320509482758617,0.0,0.42016129,0.0,0.081,0.0
2025-08-28 06:00:00,0.24,0.3859599999999999,8.466469482758617,0.0,0.42016129,0.0,0.079,0.0
2025-08-28 07:00:00,0.33,1.680482,9.816951482758617,0.0,0.42016129,0.0,0.069,0.0
2025-08-28 08:00:00,0.15,2.936511,12.603462482758616,0.0,0.42016129,0.0,0.064,0.0
2025-08-28 09:00:00,0.35,3.855175,13.5,0.0,0.42016129,3.505175,0.063,-0.220826025
2025-08-28 10:00:00,0.5700000000000001,4.510759,13.5,0.0,0.42016129,3.940759,0.063,-0.248267817
2025-08-28 11:00:00,0.8998923076923078,4.914522,13.5,0.0,0.42016129,4.014629692307692,0.062,-0.24890704092307692
2025-08-28 12:00:00,0.6498923076923078,5.016524,13.5,0.0,0.42016129,4.366631692307693,0.061,-0.26636453323076925
2025-08-28 13:00:00,0.5698923076923077,4.778822,13.5,0.0,0.42016129,4.208929692307692,0.062,-0.26095364092307693
2025-08-28 14:00:00,0.11,4.2432229999999995,13.5,0.0,0.42016129,4.133222999999999,0.063,-0.26039304899999993
2025-08-28 15:00:00,0.11,3.359614,13.5,0.0,0.47016129,3.2496140000000002,0.066,-0.21447452400000003
2025-08-28 16:00:00,0.11,2.163914,13.5,0.0,0.63016129,2.0539140000000002,0.157,-0.32246449800000004
2025-08-28 17:00:00,0.7826827586206897,0.784079,13.5,0.0,0.63016129,0.0013962413793102701,0.825,-0.001151899137930973
2025-08-28 18:00:00,1.3026827586206895,0.018699,12.216016241379313,0.0,0.63016129,0.0,0.933,0.0
2025-08-28 19:00:00,0.32,0.0,11.89601624137931,0.0,0.63016129,0.0,1.034,0.0
2025-08-28 20:00:00,0.2,0.0,11.696016241379311,0.0,0.63016129,0.0,0.989,0.0
2025-08-28 21:00:00,0.42,0.0,11.276016241379311,0.0,0.47016129,0.0,0.72,0.0
2025-08-28 22:00:00,0.29,0.0,10.986016241379312,0.0,0.47016129,0.0,0.7,0.0
2025-08-28 23:00:00,0.68,0.0,10.306016241379313,0.0,0.47016129,0.0,0.088,0.0
2025-08-29 00:00:00,0.11,0.0,10.196016241379311,0.0,0.42016129,0.0,0.086,0.0
2025-08-29 01:00:00,0.1,0.0,10.096016241379314,0.0,0.42016129,0.0,0.088,0.0
2025-08-29 02:00:00,0.1,0.0,9.996016241379314,0.0,0.42016129,0.0,0.085,0.0
2025-08-29 03:00:00,0.11,0.0,9.886016241379314,0.0,0.42016129,0.0,0.08,0.0
2025-08-29 04:00:00,0.1,0.0,9.786016241379317,0.0,0.42016129,0.0,0.08,0.0
2025-08-29 05:00:00,0.09,0.0,9.696016241379317,0.0,0.42016129,0.0,0.081,0.0
2025-08-29 06:00:00,0.1,0.384812,9.980828241379315,0.0,0.42016129,0.0,0.079,0.0
2025-08-29 07:00:00,0.14,1.656239,11.497067241379316,0.0,0.42016129,0.0,0.069,0.0
2025-08-29 08:00:00,0.18,2.9312310000000004,13.5,0.0,0.42016129,2.751231,0.064,-0.17607878400000002
2025-08-29 09:00:00,0.16,3.892388,13.5,0.0,0.42016129,3.732388,0.063,-0.23514044399999998
2025-08-29 10:00:00,2.55,4.553308,13.5,0.0,0.42016129,2.0033080000000005,0.063,-0.12620840400000002
2025-08-29 11:00:00,2.8173653846153845,4.945826,13.5,0.0,0.42016129,2.1284606153846157,0.062,-0.13196455815384617
2025-08-29 12:00:00,2.7473653846153843,5.046155,13.5,0.0,0.42016129,2.2987896153846155,0.061,-0.14022616653846154
2025-08-29 13:00:00,2.7573653846153845,4.826052,13.5,0.0,0.42016129,2.0686866153846153,0.062,-0.12825857015384615
2025-08-29 14:00:00,2.47,4.26722,13.5,0.0,0.42016129,1.7972199999999998,0.063,-0.11322485999999998
2025-08-29 15:00:00,0.19,3.3907130000000003,13.5,0.0,0.47016129,3.2007130000000004,0.066,-0.21124705800000004
2025-08-29 16:00:00,0.16,2.196981,13.5,0.0,0.63016129,2.036981,0.157,-0.319806017
2025-08-29 17:00:00,2.075853448275862,0.7819170000000001,12.20606355172414,0.0,0.63016129,0.0,0.825,0.0
2025-08-29 18:00:00,2.625853448275862,0.012116,9.592326103448276,0.0,0.63016129,0.0,0.933,0.0
2025-08-29 19:00:00,0.37,0.0,9.222326103448276,0.0,0.63016129,0.0,1.034,0.0
2025-08-29 20:00:00,0.27,0.0,8.952326103448277,0.0,0.63016129,0.0,0.989,0.0
2025-08-29 21:00:00,0.55,0.0,8.402326103448276,0.0,0.47016129,0.0,0.72,0.0
2025-08-29 22:00:00,0.1,0.0,8.302326103448276,0.0,0.47016129,0.0,0.7,0.0
2025-08-29 23:00:00,0.1,0.0,8.202326103448277,0.0,0.47016129,0.0,0.088,0.0
2025-08-30 00:00:00,0.1,0.0,8.102326103448277,0.0,0.42016129,0.0,0.086,0.0
2025-08-30 01:00:00,0.1,0.0,8.002326103448278,0.0,0.42016129,0.0,0.088,0.0
2025-08-30 02:00:00,0.1,0.0,7.902326103448278,0.0,0.42016129,0.0,0.085,0.0
2025-08-30 03:00:00,0.1,0.0,7.802326103448278,0.0,0.42016129,0.0,0.08,0.0
2025-08-30 04:00:00,0.1,0.0,7.702326103448279,0.0,0.42016129,0.0,0.08,0.0
2025-08-30 05:00:00,0.11,0.0,7.592326103448278,0.0,0.42016129,0.0,0.081,0.0
2025-08-30 06:00:00,0.21,0.374473,7.756799103448278,0.0,0.42016129,0.0,0.079,0.0
2025-08-30 07:00:00,0.1,1.668742,9.32554110344828,0.0,0.42016129,0.0,0.069,0.0
2025-08-30 08:00:00,0.1,2.925776,12.151317103448278,0.0,0.42016129,0.0,0.064,0.0
2025-08-30 09:00:00,0.1,3.838756,13.5,0.0,0.42016129,3.738756,0.063,-0.235541628
2025-08-30 10:00:00,2.4099999999999997,4.497821,13.5,0.0,0.42016129,2.0878210000000004,0.063,-0.13153272300000002
2025-08-30 11:00:00,2.6873653846153847,4.889316,13.5,0.0,0.42016129,2.2019506153846153,0.062,-0.13652093815384614
2025-08-30 12:00:00,2.6973653846153844,4.999877000000001,13.5,0.0,0.42016129,2.302511615384616,0.061,-0.14045320853846158
2025-08-30 13:00:00,2.6873653846153847,4.781915,13.5,0.0,0.42016129,2.094549615384615,0.062,-0.12986207615384612
2025-08-30 14:00:00,2.4099999999999997,4.2098450000000005,13.5,0.0,0.42016129,1.7998450000000008,0.063,-0.11339023500000005
2025-08-30 15:00:00,0.11,3.34513,13.5,0.0,0.47016129,3.2351300000000003,0.066,-0.21351858000000004
2025-08-30 16:00:00,0.11,2.167358,13.5,0.0,0.63016129,2.0573580000000002,0.157,-0.32300520600000004
2025-08-30 17:00:00,0.915853448275862,0.7596040000000001,13.343750551724138,0.0,0.63016129,0.0,0.825,0.0
2025-08-30 18:00:00,0.915853448275862,0.008846,12.436743103448276,0.0,0.63016129,0.0,0.933,0.0
2025-08-30 19:00:00,0.11,0.0,12.326743103448276,0.0,0.63016129,0.0,1.034,0.0
2025-08-30 20:00:00,0.11,0.0,12.216743103448277,0.0,0.63016129,0.0,0.989,0.0
2025-08-30 21:00:00,0.11,0.0,12.106743103448276,0.0,0.47016129,0.0,0.72,0.0
2025-08-30 22:00:00,0.1,0.0,12.006743103448278,0.0,0.47016129,0.0,0.7,0.0
2025-08-30 23:00:00,0.1,0.0,11.906743103448278,0.0,0.47016129,0.0,0.088,0.0
2025-08-31 00:00:00,0.11,0.0,11.79674310344828,0.0,0.42016129,0.0,0.086,0.0
2025-08-31 01:00:00,0.1,0.0,11.69674310344828,0.0,0.42016129,0.0,0.088,0.0
2025-08-31 02:00:00,0.11,0.0,11.58674310344828,0.0,0.42016129,0.0,0.085,0.0
2025-08-31 03:00:00,0.1,0.0,11.48674310344828,0.0,0.42016129,0.0,0.08,0.0
2025-08-31 04:00:00,0.11,0.0,11.37674310344828,0.0,0.42016129,0.0,0.08,0.0
2025-08-31 05:00:00,0.1,0.0,11.27674310344828,0.0,0.42016129,0.0,0.081,0.0
2025-08-31 06:00:00,0.1,0.0,11.17674310344828,0.0,0.42016129,0.0,0.079,0.0
2025-08-31 07:00:00,0.1,0.6391979999999999,11.715941103448282,0.0,0.42016129,0.0,0.069,0.0
2025-08-31 08:00:00,0.09,0.3454379999999999,11.971379103448282,0.0,0.42016129,0.0,0.064,0.0
2025-08-31 09:00:00,0.1,1.672444,13.5,0.0,0.42016129,1.572444,0.063,-0.099063972
2025-08-31 10:00:00,2.4099999999999997,2.310464,13.400464,0.0,0.42016129,0.0,0.063,0.0
2025-08-31 11:00:00,2.6873653846153847,3.697849,13.5,0.0,0.42016129,1.0104836153846155,0.062,-0.06264998415384616
2025-08-31 12:00:00,2.6873653846153847,5.172874,13.5,0.0,0.42016129,2.4855086153846155,0.061,-0.15161602553846154
2025-08-31 13:00:00,2.6873653846153847,4.9232700000000005,13.5,0.0,0.42016129,2.235904615384616,0.062,-0.13862608615384617
2025-08-31 14:00:00,2.4,4.339967,13.5,0.0,0.42016129,1.9399669999999998,0.063,-0.122217921
2025-08-31 15:00:00,0.51,3.4533620000000003,13.5,0.0,0.47016129,2.9433620000000005,0.066,-0.19426189200000005
2025-08-31 16:00:00,0.11,2.181315,13.5,0.0,0.63016129,2.0713150000000002,0.157,-0.32519645500000005
2025-08-31 17:00:00,0.915853448275862,0.756904,13.341050551724138,0.0,0.63016129,0.0,0.825,0.0
2025-08-31 18:00:00,0.915853448275862,0.00591,12.431107103448277,0.0,0.63016129,0.0,0.933,0.0
2025-08-31 19:00:00,0.11,0.0,12.321107103448275,0.0,0.63016129,0.0,1.034,0.0
2025-08-31 20:00:00,0.11,0.0,12.211107103448276,0.0,0.63016129,0.0,0.989,0.0
2025-08-31 21:00:00,0.11,0.0,12.101107103448276,0.0,0.47016129,0.0,0.72,0.0
2025-08-31 22:00:00,0.1,0.0,12.001107103448277,0.0,0.47016129,0.0,0.7,0.0
2025-08-31 23:00:00,0.1,0.0,11.901107103448275,0.0,0.47016129,0.0,0.088,0.0
2025-08-31 23:59:59,0.1,0.0,11.901107103448275,0.1,150.0,0.0,0.0,15.0
2025-09-01 00:00:00,0.1,0.0,11.801107103448278,0.0,0.420833333,0.0,0.092,0.0
2025-09-01 01:00:00,0.1,0.0,11.701107103448278,0.0,0.420833333,0.0,0.089,0.0
2025-09-01 02:00:00,0.11,0.0,11.591107103448278,0.0,0.420833333,0.0,0.086,0.0
2025-09-01 03:00:00,0.1,0.0,11.49110710344828,0.0,0.420833333,0.0,0.084,0.0
2025-09-01 04:00:00,0.11,0.0,11.38110710344828,0.0,0.420833333,0.0,0.083,0.0
2025-09-01 05:00:00,0.1,0.0,11.28110710344828,0.0,0.420833333,0.0,0.085,0.0
2025-09-01 06:00:00,0.1,0.388546,11.56965310344828,0.0,0.420833333,0.0,0.084,0.0
2025-09-01 07:00:00,0.1,1.751949,13.22160210344828,0.0,0.420833333,0.0,0.071,0.0
2025-09-01 08:00:00,0.09,3.043463,13.5,0.0,0.420833333,2.953463,0.063,-0.186068169
2025-09-01 09:00:00,0.1,3.985598,13.5,0.0,0.420833333,3.885598,0.061,-0.23702147799999998
2025-09-01 10:00:00,0.09,4.701600999999999,13.5,0.0,0.420833333,4.611600999999999,0.06,-0.27669605999999997
2025-09-01 11:00:00,0.3873653846153847,5.14916,13.5,0.0,0.420833333,4.761794615384615,0.06,-0.2857076769230769
2025-09-01 12:00:00,0.3973653846153847,5.248903,13.5,0.0,0.420833333,4.851537615384616,0.059,-0.2862407193076923
2025-09-01 13:00:00,0.3873653846153847,4.992742,13.5,0.0,0.420833333,4.605376615384615,0.059,-0.27171722030769224
2025-09-01 14:00:00,0.11,4.394243,13.5,0.0,0.420833333,4.284243,0.059,-0.252770337
2025-09-01 15:00:00,0.11,3.488036,13.5,0.0,0.470833333,3.3780360000000003,0.062,-0.209438232
2025-09-01 16:00:00,0.13,2.225017,13.5,0.0,0.630833333,2.095017,0.073,-0.15293624099999997
2025-09-01 17:00:00,0.915853448275862,0.760895,13.34504155172414,0.0,0.630833333,0.0,0.125,0.0
2025-09-01 18:00:00,1.1058534482758622,0.0,12.239188103448276,0.0,0.630833333,0.0,0.368,0.0
2025-09-01 19:00:00,0.26,0.0,11.979188103448276,0.0,0.630833333,0.0,0.497,0.0
2025-09-01 20:00:00,0.22,0.0,11.759188103448276,0.0,0.630833333,0.0,0.292,0.0
2025-09-01 21:00:00,0.65,0.0,11.109188103448275,0.0,0.470833333,0.0,0.143,0.0
2025-09-01 22:00:00,0.36,0.0,10.749188103448276,0.0,0.470833333,0.0,0.136,0.0
2025-09-01 23:00:00,0.11,0.0,10.639188103448276,0.0,0.470833333,0.0,0.093,0.0
2025-09-02 00:00:00,0.1,0.0,10.539188103448277,0.0,0.420833333,0.0,0.092,0.0
2025-09-02 01:00:00,0.11,0.0,10.429188103448276,0.0,0.420833333,0.0,0.089,0.0
2025-09-02 02:00:00,0.1,0.0,10.329188103448278,0.0,0.420833333,0.0,0.086,0.0
2025-09-02 03:00:00,0.1,0.0,10.229188103448278,0.0,0.420833333,0.0,0.084,0.0
2025-09-02 04:00:00,0.1,0.0,10.129188103448278,0.0,0.420833333,0.0,0.083,0.0
2025-09-02 05:00:00,0.1,0.0,10.02918810344828,0.0,0.420833333,0.0,0.085,0.0
2025-09-02 06:00:00,0.1,0.38254,10.311728103448278,0.0,0.420833333,0.0,0.084,0.0
2025-09-02 07:00:00,0.13,1.7737,11.955428103448275,0.0,0.420833333,0.0,0.071,0.0
2025-09-02 08:00:00,0.11,3.106679,13.5,0.0,0.420833333,2.9966790000000003,0.063,-0.18879077700000002
2025-09-02 09:00:00,0.09,4.076549,13.5,0.0,0.420833333,3.986549,0.061,-0.243179489
2025-09-02 10:00:00,0.1,4.7882489999999995,13.5,0.0,0.420833333,4.688249,0.06,-0.28129494
2025-09-02 11:00:00,0.3298923076923077,5.217389,13.5,0.0,0.420833333,4.887496692307693,0.06,-0.29324980153846153
2025-09-02 12:00:00,0.3398923076923077,5.311764,13.5,0.0,0.420833333,4.971871692307692,0.059,-0.2933404298461538
2025-09-02 13:00:00,0.3298923076923077,5.067797,13.5,0.0,0.420833333,4.737904692307692,0.059,-0.27953637684615384
2025-09-02 14:00:00,0.1,4.441212999999999,13.5,0.0,0.420833333,4.341213,0.059,-0.25613156699999995
2025-09-02 15:00:00,0.11,3.503766,13.5,0.0,0.470833333,3.3937660000000003,0.062,-0.210413492
2025-09-02 16:00:00,0.11,2.2378139999999997,13.5,0.0,0.630833333,2.127814,0.073,-0.15533042199999997
2025-09-02 17:00:00,0.7526827586206897,0.7458089999999999,13.49312624137931,0.0,0.630833333,0.0,0.125,0.0
2025-09-02 18:00:00,1.6826827586206896,0.0,11.81044348275862,0.0,0.630833333,0.0,0.368,0.0
2025-09-02 19:00:00,0.28,0.0,11.53044348275862,0.0,0.630833333,0.0,0.497,0.0
2025-09-02 20:00:00,0.41,0.0,11.12044348275862,0.0,0.630833333,0.0,0.292,0.0
2025-09-02 21:00:00,0.3,0.0,10.82044348275862,0.0,0.470833333,0.0,0.143,0.0
2025-09-02 22:00:00,0.2,0.0,10.62044348275862,0.0,0.470833333,0.0,0.136,0.0
2025-09-02 23:00:00,0.22,0.0,10.40044348275862,0.0,0.470833333,0.0,0.093,0.0
2025-09-03 00:00:00,0.22,0.0,10.18044348275862,0.0,0.420833333,0.0,0.092,0.0
2025-09-03 01:00:00,0.21,0.0,9.970443482758618,0.0,0.420833333,0.0,0.089,0.0
2025-09-03 02:00:00,0.22,0.0,9.750443482758618,0.0,0.420833333,0.0,0.086,0.0
2025-09-03 03:00:00,0.21,0.0,9.540443482758617,0.0,0.420833333,0.0,0.084,0.0
2025-09-03 04:00:00,0.22,0.0,9.320443482758616,0.0,0.420833333,0.0,0.083,0.0
2025-09-03 05:00:00,0.22,0.0,9.100443482758616,0.0,0.420833333,0.0,0.085,0.0
2025-09-03 06:00:00,0.15,0.379813,9.330256482758616,0.0,0.420833333,0.0,0.084,0.0
2025-09-03 07:00:00,0.22,0.663144,9.773400482758616,0.0,0.420833333,0.0,0.071,0.0
2025-09-03 08:00:00,0.12,1.028181,10.681581482758617,0.0,0.420833333,0.0,0.063,0.0
2025-09-03 09:00:00,0.18,1.646373,12.147954482758616,0.0,0.420833333,0.0,0.061,0.0
2025-09-03 10:00:00,2.5,1.7898420000000002,11.437796482758618,0.0,0.420833333,0.0,0.06,0.0
2025-09-03 11:00:00,2.679892307692308,2.798924,11.55682817506631,0.0,0.420833333,0.0,0.06,0.0
2025-09-03 12:00:00,2.779892307692307,2.545104,11.322039867374002,0.0,0.420833333,0.0,0.059,0.0
2025-09-03 13:00:00,2.7998923076923075,2.5541729999999996,11.076320559681694,0.0,0.420833333,0.0,0.059,0.0
2025-09-03 14:00:00,2.46,2.0623829999999996,10.678703559681692,0.0,0.420833333,0.0,0.059,0.0
2025-09-03 15:00:00,0.17,1.594536,12.103239559681692,0.0,0.470833333,0.0,0.062,0.0
2025-09-03 16:00:00,0.15,0.676019,12.629258559681691,0.0,0.630833333,0.0,0.073,0.0
2025-09-03 17:00:00,2.50268275862069,0.357921,10.484496801061002,0.0,0.630833333,0.0,0.125,0.0
2025-09-03 18:00:00,1.7226827586206896,0.0,8.761814042440314,0.0,0.630833333,0.0,0.368,0.0
2025-09-03 19:00:00,0.17,0.0,8.591814042440314,0.0,0.630833333,0.0,0.497,0.0
2025-09-03 20:00:00,0.25,0.0,8.341814042440314,0.0,0.630833333,0.0,0.292,0.0
2025-09-03 21:00:00,0.27,0.0,8.071814042440314,0.0,0.470833333,0.0,0.143,0.0
2025-09-03 22:00:00,1.33,0.0,6.741814042440314,0.0,0.470833333,0.0,0.136,0.0
2025-09-03 23:00:00,0.32,0.0,6.421814042440314,0.0,0.470833333,0.0,0.093,0.0
2025-09-04 00:00:00,0.23,0.0,6.191814042440313,0.0,0.420833333,0.0,0.092,0.0
2025-09-04 01:00:00,0.14,0.0,6.051814042440314,0.0,0.420833333,0.0,0.089,0.0
2025-09-04 02:00:00,0.22,0.0,5.831814042440314,0.0,0.420833333,0.0,0.086,0.0
2025-09-04 03:00:00,0.22,0.0,5.611814042440314,0.0,0.420833333,0.0,0.084,0.0
2025-09-04 04:00:00,0.22,0.0,5.3918140424403145,0.0,0.420833333,0.0,0.083,0.0
2025-09-04 05:00:00,0.22,0.0,5.171814042440315,0.0,0.420833333,0.0,0.085,0.0
2025-09-04 06:00:00,0.22,0.370455,5.322269042440315,0.0,0.420833333,0.0,0.084,0.0
2025-09-04 07:00:00,0.25,1.776496,6.848765042440315,0.0,0.420833333,0.0,0.071,0.0
2025-09-04 08:00:00,0.12,3.186239,9.915004042440314,0.0,0.420833333,0.0,0.063,0.0
2025-09-04 09:00:00,0.1,4.218821,13.5,0.0,0.420833333,4.1188210000000005,0.061,-0.251248081
2025-09-04 10:00:00,0.09,4.95992,13.5,0.0,0.420833333,4.8699200000000005,0.06,-0.29219520000000004
2025-09-04 11:00:00,0.3398923076923077,5.333333,13.5,0.0,0.420833333,4.993440692307692,0.06,-0.2996064415384615
2025-09-04 12:00:00,0.3298923076923077,5.333333,13.5,0.0,0.420833333,5.0034406923076915,0.059,-0.2952030008461538
2025-09-04 13:00:00,0.3298923076923077,5.1685,13.5,0.0,0.420833333,4.838607692307692,0.059,-0.2854778538461538
2025-09-04 14:00:00,0.09,4.552995,13.5,0.0,0.420833333,4.462995,0.059,-0.263316705
2025-09-04 15:00:00,0.1,3.583785,13.5,0.0,0.470833333,3.483785,0.062,-0.21599467
2025-09-04 16:00:00,0.1,2.254569,13.5,0.0,0.630833333,2.154569,0.073,-0.15728353699999997
2025-09-04 17:00:00,0.8526827586206898,0.718245,13.36556224137931,0.0,0.630833333,0.0,0.125,0.0
2025-09-04 18:00:00,0.8926827586206897,0.0,12.47287948275862,0.0,0.630833333,0.0,0.368,0.0
2025-09-04 19:00:00,0.27,0.0,12.20287948275862,0.0,0.630833333,0.0,0.497,0.0
2025-09-04 20:00:00,1.2999999999999998,0.0,10.90287948275862,0.0,0.630833333,0.0,0.292,0.0
2025-09-04 21:00:00,0.98,0.0,9.92287948275862,0.0,0.470833333,0.0,0.143,0.0
2025-09-04 22:00:00,0.14,0.0,9.78287948275862,0.0,0.470833333,0.0,0.136,0.0
2025-09-04 23:00:00,0.1,0.0,9.68287948275862,0.0,0.470833333,0.0,0.093,0.0
2025-09-05 00:00:00,0.11,0.0,9.57287948275862,0.0,0.420833333,0.0,0.092,0.0
2025-09-05 01:00:00,0.1,0.0,9.47287948275862,0.0,0.420833333,0.0,0.089,0.0
2025-09-05 02:00:00,0.11,0.0,9.362879482758622,0.0,0.420833333,0.0,0.086,0.0
2025-09-05 03:00:00,0.1,0.0,9.262879482758622,0.0,0.420833333,0.0,0.084,0.0
2025-09-05 04:00:00,0.09,0.0,9.172879482758622,0.0,0.420833333,0.0,0.083,0.0
2025-09-05 05:00:00,0.11,0.0,9.062879482758625,0.0,0.420833333,0.0,0.085,0.0
2025-09-05 06:00:00,0.11,0.365139,9.318018482758625,0.0,0.420833333,0.0,0.084,0.0
2025-09-05 07:00:00,0.15,1.807155,10.975173482758622,0.0,0.420833333,0.0,0.071,0.0
2025-09-05 08:00:00,0.31,3.228159,13.5,0.0,0.420833333,2.9181589999999997,0.063,-0.18384401699999997
2025-09-05 09:00:00,0.16,4.274678,13.5,0.0,0.420833333,4.114678,0.061,-0.25099535799999995
2025-09-05 10:00:00,2.47,5.004639,13.5,0.0,0.420833333,2.534639,0.06,-0.15207833999999998
2025-09-05 11:00:00,2.8698923076923073,5.333333,13.5,0.0,0.420833333,2.4634406923076924,0.06,-0.14780644153846154
2025-09-05 12:00:00,2.8598923076923075,5.333333,13.5,0.0,0.420833333,2.473440692307692,0.059,-0.14593300084615382
2025-09-05 13:00:00,2.969892307692308,5.184972,13.5,0.0,0.420833333,2.2150796923076923,0.059,-0.13068970184615383
2025-09-05 14:00:00,2.97,4.558622000000001,13.5,0.0,0.420833333,1.5886220000000004,0.059,-0.09372869800000003
2025-09-05 15:00:00,0.18,3.585899,13.5,0.0,0.470833333,3.405899,0.062,-0.211165738
2025-09-05 16:00:00,0.23,2.255433,13.5,0.0,0.630833333,2.025433,0.073,-0.147856609
2025-09-05 17:00:00,0.8626827586206897,0.699533,13.33685024137931,0.0,0.630833333,0.0,0.125,0.0
2025-09-05 18:00:00,2.2826827586206897,0.0,11.05416748275862,0.0,0.630833333,0.0,0.368,0.0
2025-09-05 19:00:00,0.21,0.0,10.84416748275862,0.0,0.630833333,0.0,0.497,0.0
2025-09-05 20:00:00,0.26,0.0,10.58416748275862,0.0,0.630833333,0.0,0.292,0.0
2025-09-05 21:00:00,0.32,0.0,10.26416748275862,0.0,0.470833333,0.0,0.143,0.0
2025-09-05 22:00:00,0.16,0.0,10.10416748275862,0.0,0.470833333,0.0,0.136,0.0
2025-09-05 23:00:00,0.1,0.0,10.00416748275862,0.0,0.470833333,0.0,0.093,0.0
2025-09-06 00:00:00,0.1,0.0,9.90416748275862,0.0,0.420833333,0.0,0.092,0.0
2025-09-06 01:00:00,0.1,0.0,9.80416748275862,0.0,0.420833333,0.0,0.089,0.0
2025-09-06 02:00:00,0.11,0.0,9.69416748275862,0.0,0.420833333,0.0,0.086,0.0
2025-09-06 03:00:00,0.1,0.0,9.59416748275862,0.0,0.420833333,0.0,0.084,0.0
2025-09-06 04:00:00,0.2,0.0,9.394167482758622,0.0,0.420833333,0.0,0.083,0.0
2025-09-06 05:00:00,0.14,0.0,9.25416748275862,0.0,0.420833333,0.0,0.085,0.0
2025-09-06 06:00:00,0.1,0.0724549999999999,9.22662248275862,0.0,0.420833333,0.0,0.084,0.0
2025-09-06 07:00:00,0.12,0.815397,9.92201948275862,0.0,0.420833333,0.0,0.071,0.0
2025-09-06 08:00:00,0.1,3.221549,13.04356848275862,0.0,0.420833333,0.0,0.063,0.0
2025-09-06 09:00:00,0.27,4.272577,13.5,0.0,0.420833333,4.0025770000000005,0.061,-0.24415719700000002
2025-09-06 10:00:00,2.4499999999999997,5.00658,13.5,0.0,0.420833333,2.55658,0.06,-0.1533948
2025-09-06 11:00:00,2.6498923076923075,2.364621,13.214728692307691,0.0,0.420833333,0.0,0.06,0.0
2025-09-06 12:00:00,2.6598923076923073,2.059943,12.614779384615384,0.0,0.420833333,0.0,0.059,0.0
2025-09-06 13:00:00,2.9498923076923074,1.75068,11.41556707692308,0.0,0.420833333,0.0,0.059,0.0
2025-09-06 14:00:00,2.53,1.772409,10.65797607692308,0.0,0.420833333,0.0,0.059,0.0
2025-09-06 15:00:00,0.21,1.171157,11.61913307692308,0.0,0.470833333,0.0,0.062,0.0
2025-09-06 16:00:00,0.21,0.389423,11.79855607692308,0.0,0.630833333,0.0,0.073,0.0
2025-09-06 17:00:00,0.8026827586206897,0.032255,11.02812831830239,0.0,0.630833333,0.0,0.125,0.0
2025-09-06 18:00:00,0.7726827586206897,0.0,10.2554455596817,0.0,0.630833333,0.0,0.368,0.0
2025-09-06 19:00:00,0.11,0.0,10.1454455596817,0.0,0.630833333,0.0,0.497,0.0
2025-09-06 20:00:00,0.24,0.0,9.9054455596817,0.0,0.630833333,0.0,0.292,0.0
2025-09-06 21:00:00,0.5,0.0,9.4054455596817,0.0,0.470833333,0.0,0.143,0.0
2025-09-06 22:00:00,0.25,0.0,9.1554455596817,0.0,0.470833333,0.0,0.136,0.0
2025-09-06 23:00:00,0.2299999999999999,0.0,8.9254455596817,0.0,0.470833333,0.0,0.093,0.0
2025-09-07 00:00:00,0.2299999999999999,0.0,8.6954455596817,0.0,0.420833333,0.0,0.092,0.0
2025-09-07 01:00:00,0.22,0.0,8.475445559681699,0.0,0.420833333,0.0,0.089,0.0
2025-09-07 02:00:00,0.22,0.0,8.255445559681698,0.0,0.420833333,0.0,0.086,0.0
2025-09-07 03:00:00,0.32,0.0,7.935445559681698,0.0,0.420833333,0.0,0.084,0.0
2025-09-07 04:00:00,0.2,0.0,7.735445559681698,0.0,0.420833333,0.0,0.083,0.0
2025-09-07 05:00:00,0.11,0.0,7.6254455596816975,0.0,0.420833333,0.0,0.085,0.0
2025-09-07 06:00:00,0.11,0.0,7.515445559681697,0.0,0.420833333,0.0,0.084,0.0
2025-09-07 07:00:00,0.7799999999999999,0.329217,7.064662559681697,0.0,0.420833333,0.0,0.071,0.0
2025-09-07 08:00:00,2.97,0.571269,4.665931559681697,0.0,0.420833333,0.0,0.063,0.0
2025-09-07 09:00:00,1.22,1.865486,5.311417559681697,0.0,0.420833333,0.0,0.061,0.0
2025-09-07 10:00:00,2.5599999999999996,5.038037999999999,7.789455559681697,0.0,0.420833333,0.0,0.06,0.0
2025-09-07 11:00:00,2.8301826923076923,3.469223,8.428495867374004,0.0,0.420833333,0.0,0.06,0.0
2025-09-07 12:00:00,2.880182692307692,3.967763,9.516076175066312,0.0,0.420833333,0.0,0.059,0.0
2025-09-07 13:00:00,2.950182692307692,5.201205,11.76709848275862,0.0,0.420833333,0.0,0.059,0.0
2025-09-07 14:00:00,2.67,4.551491,13.5,0.0,0.420833333,1.8814910000000005,0.059,-0.11100796900000003
2025-09-07 15:00:00,0.49,3.5648530000000003,13.5,0.0,0.470833333,3.074853,0.062,-0.190640886
2025-09-07 16:00:00,0.35,2.199,13.5,0.0,0.630833333,1.8489999999999998,0.073,-0.13497699999999999
2025-09-07 17:00:00,1.1738520114942528,0.654462,12.980609988505748,0.0,0.630833333,0.0,0.125,0.0
2025-09-07 18:00:00,2.1438520114942525,0.0,10.836757977011494,0.0,0.630833333,0.0,0.368,0.0
2025-09-07 19:00:00,0.26,0.0,10.576757977011496,0.0,0.630833333,0.0,0.497,0.0
2025-09-07 20:00:00,0.26,0.0,10.316757977011497,0.0,0.630833333,0.0,0.292,0.0
2025-09-07 21:00:00,0.3,0.0,10.016757977011494,0.0,0.470833333,0.0,0.143,0.0
2025-09-07 22:00:00,0.15,0.0,9.866757977011494,0.0,0.470833333,0.0,0.136,0.0
2025-09-07 23:00:00,0.11,0.0,9.756757977011494,0.0,0.470833333,0.0,0.093,0.0
2025-09-08 00:00:00,0.2,0.0,9.556757977011497,0.0,0.420833333,0.0,0.092,0.0
2025-09-08 01:00:00,0.15,0.0,9.406757977011496,0.0,0.420833333,0.0,0.089,0.0
2025-09-08 02:00:00,0.11,0.0,9.296757977011495,0.0,0.420833333,0.0,0.086,0.0
2025-09-08 03:00:00,0.11,0.0,9.186757977011496,0.0,0.420833333,0.0,0.084,0.0
2025-09-08 04:00:00,0.11,0.0,9.076757977011496,0.0,0.420833333,0.0,0.083,0.0
2025-09-08 05:00:00,0.11,0.0,8.966757977011497,0.0,0.420833333,0.0,0.085,0.0
2025-09-08 06:00:00,0.12,0.360974,9.207731977011496,0.0,0.420833333,0.0,0.084,0.0
2025-09-08 07:00:00,0.1,1.800039,10.907770977011497,0.0,0.420833333,0.0,0.071,0.0
2025-09-08 08:00:00,0.22,3.2075859999999996,13.5,0.0,0.420833333,2.9875859999999994,0.063,-0.18821791799999996
2025-09-08 09:00:00,0.21,4.199063,13.5,0.0,0.420833333,3.989063,0.061,-0.243332843
2025-09-08 10:00:00,0.19,4.894532,13.5,0.0,0.420833333,4.7045319999999995,0.06,-0.28227191999999995
2025-09-08 11:00:00,0.4801826923076923,5.27957,13.5,0.0,0.420833333,4.7993873076923075,0.06,-0.28796323846153843
2025-09-08 12:00:00,0.5501826923076923,5.333333,13.5,0.0,0.420833333,4.783150307692307,0.059,-0.28220586815384613
2025-09-08 13:00:00,0.5601826923076924,5.119628,13.5,0.0,0.420833333,4.559445307692307,0.059,-0.2690072731538461
2025-09-08 14:00:00,0.19,4.474609,13.5,0.0,0.420833333,4.284609,0.059,-0.25279193099999997
2025-09-08 15:00:00,0.15,3.50464,13.5,0.0,0.470833333,3.3546400000000003,0.062,-0.20798768
2025-09-08 16:00:00,0.16,2.1545970000000003,13.5,0.0,0.630833333,1.9945970000000004,0.073,-0.145605581
2025-09-08 17:00:00,1.383852011494253,0.629382,12.745529988505748,0.0,0.630833333,0.0,0.125,0.0
2025-09-08 18:00:00,3.823852011494253,0.0,8.921677977011495,0.0,0.630833333,0.0,0.368,0.0
2025-09-08 19:00:00,0.42,0.0,8.501677977011495,0.0,0.630833333,0.0,0.497,0.0
2025-09-08 20:00:00,0.33,0.0,8.171677977011495,0.0,0.630833333,0.0,0.292,0.0
2025-09-08 21:00:00,0.45,0.0,7.7216779770114945,0.0,0.470833333,0.0,0.143,0.0
2025-09-08 22:00:00,0.66,0.0,7.061677977011494,0.0,0.470833333,0.0,0.136,0.0
2025-09-08 23:00:00,0.86,0.0,6.201677977011494,0.0,0.470833333,0.0,0.093,0.0
2025-09-09 00:00:00,0.3,0.0,5.901677977011494,0.0,0.420833333,0.0,0.092,0.0
2025-09-09 01:00:00,0.22,0.0,5.6816779770114945,0.0,0.420833333,0.0,0.089,0.0
2025-09-09 02:00:00,0.22,0.0,5.461677977011495,0.0,0.420833333,0.0,0.086,0.0
2025-09-09 03:00:00,0.2299999999999999,0.0,5.231677977011495,0.0,0.420833333,0.0,0.084,0.0
2025-09-09 04:00:00,0.22,0.0,5.011677977011495,0.0,0.420833333,0.0,0.083,0.0
2025-09-09 05:00:00,0.24,0.0,4.771677977011495,0.0,0.420833333,0.0,0.085,0.0
2025-09-09 06:00:00,0.22,0.34495,4.896627977011495,0.0,0.420833333,0.0,0.084,0.0
2025-09-09 07:00:00,0.21,1.769806,6.456433977011495,0.0,0.420833333,0.0,0.071,0.0
2025-09-09 08:00:00,0.24,3.152758,9.369191977011496,0.0,0.420833333,0.0,0.063,0.0
2025-09-09 09:00:00,0.22,4.1242659999999995,13.273457977011496,0.0,0.420833333,0.0,0.061,0.0
2025-09-09 10:00:00,0.22,4.749211,13.5,0.0,0.420833333,4.529211,0.06,-0.27175266
2025-09-09 11:00:00,0.5101826923076923,5.058945,13.5,0.0,0.420833333,4.548762307692307,0.06,-0.2729257384615384
2025-09-09 12:00:00,0.5001826923076924,5.133896,13.5,0.0,0.420833333,4.633713307692307,0.059,-0.27338908515384613
2025-09-09 13:00:00,0.5101826923076923,4.925757,13.5,0.0,0.420833333,4.4155743076923075,0.059,-0.2605188841538461
2025-09-09 14:00:00,0.22,4.358212000000001,13.5,0.0,0.420833333,4.138212000000001,0.059,-0.24415450800000005
2025-09-09 15:00:00,0.22,3.4312600000000004,13.5,0.0,0.470833333,3.2112600000000002,0.062,-0.19909812000000002
2025-09-09 16:00:00,0.22,2.105893,13.5,0.0,0.630833333,1.885893,0.073,-0.137670189
2025-09-09 17:00:00,1.0338520114942529,0.601716,13.067863988505747,0.0,0.630833333,0.0,0.125,0.0
2025-09-09 18:00:00,1.073852011494253,0.0,11.994011977011494,0.0,0.630833333,0.0,0.368,0.0
2025-09-09 19:00:00,0.19,0.0,11.804011977011497,0.0,0.630833333,0.0,0.497,0.0
2025-09-09 20:00:00,0.26,0.0,11.544011977011497,0.0,0.630833333,0.0,0.292,0.0
2025-09-09 21:00:00,0.26,0.0,11.284011977011495,0.0,0.470833333,0.0,0.143,0.0
2025-09-09 22:00:00,0.3,0.0,10.984011977011496,0.0,0.470833333,0.0,0.136,0.0
2025-09-09 23:00:00,0.25,0.0,10.734011977011496,0.0,0.470833333,0.0,0.093,0.0
2025-09-10 00:00:00,0.22,0.0,10.514011977011494,0.0,0.420833333,0.0,0.092,0.0
2025-09-10 01:00:00,0.2299999999999999,0.0,10.284011977011492,0.0,0.420833333,0.0,0.089,0.0
2025-09-10 02:00:00,0.2299999999999999,0.0,10.054011977011491,0.0,0.420833333,0.0,0.086,0.0
2025-09-10 03:00:00,0.22,0.0,9.834011977011492,0.0,0.420833333,0.0,0.084,0.0
2025-09-10 04:00:00,0.22,0.0,9.614011977011492,0.0,0.420833333,0.0,0.083,0.0
2025-09-10 05:00:00,0.2299999999999999,0.0,9.384011977011491,0.0,0.420833333,0.0,0.085,0.0
2025-09-10 06:00:00,0.11,0.337653,9.611664977011491,0.0,0.420833333,0.0,0.084,0.0
2025-09-10 07:00:00,0.14,1.735471,11.207135977011491,0.0,0.420833333,0.0,0.071,0.0
2025-09-10 08:00:00,0.24,3.094371,13.5,0.0,0.420833333,2.8543710000000004,0.063,-0.17982537300000004
2025-09-10 09:00:00,0.15,4.051957,13.5,0.0,0.420833333,3.901957,0.061,-0.23801937699999998
2025-09-10 10:00:00,2.4099999999999997,4.725141,13.5,0.0,0.420833333,2.315141,0.06,-0.13890846
2025-09-10 11:00:00,2.700182692307692,5.132778,13.5,0.0,0.420833333,2.432595307692308,0.06,-0.1459557184615385
2025-09-10 12:00:00,2.700182692307692,5.201386,13.5,0.0,0.420833333,2.5012033076923084,0.059,-0.1475709951538462
2025-09-10 13:00:00,2.700182692307692,4.922802,13.5,0.0,0.420833333,2.222619307692308,0.059,-0.13113453915384615
2025-09-10 14:00:00,2.4099999999999997,4.316666000000001,13.5,0.0,0.420833333,1.9066660000000009,0.059,-0.11249329400000005
2025-09-10 15:00:00,0.11,3.364594,13.5,0.0,0.470833333,3.254594,0.062,-0.201784828
2025-09-10 16:00:00,0.11,2.049245,13.5,0.0,0.630833333,1.9392449999999999,0.073,-0.14156488499999997
2025-09-10 17:00:00,0.9638520114942528,0.3749599999999999,12.911107988505748,0.0,0.630833333,0.0,0.125,0.0
2025-09-10 18:00:00,1.073852011494253,0.0,11.837255977011496,0.0,0.630833333,0.0,0.368,0.0
2025-09-10 19:00:00,0.19,0.0,11.647255977011495,0.0,0.630833333,0.0,0.497,0.0
2025-09-10 20:00:00,0.27,0.0,11.377255977011496,0.0,0.630833333,0.0,0.292,0.0
2025-09-10 21:00:00,0.18,0.0,11.197255977011496,0.0,0.470833333,0.0,0.143,0.0
2025-09-10 22:00:00,0.1699999999999999,0.0,11.027255977011496,0.0,0.470833333,0.0,0.136,0.0
2025-09-10 23:00:00,0.2299999999999999,0.0,10.797255977011496,0.0,0.470833333,0.0,0.093,0.0
2025-09-11 00:00:00,0.22,0.0,10.577255977011497,0.0,0.420833333,0.0,0.092,0.0
2025-09-11 01:00:00,0.22,0.0,10.357255977011494,0.0,0.420833333,0.0,0.089,0.0
2025-09-11 02:00:00,0.22,0.0,10.137255977011494,0.0,0.420833333,0.0,0.086,0.0
2025-09-11 03:00:00,0.21,0.0,9.927255977011493,0.0,0.420833333,0.0,0.084,0.0
2025-09-11 04:00:00,0.2299999999999999,0.0,9.697255977011492,0.0,0.420833333,0.0,0.083,0.0
2025-09-11 05:00:00,0.22,0.0,9.477255977011492,0.0,0.420833333,0.0,0.085,0.0
2025-09-11 06:00:00,0.23,0.2162899999999999,9.463545977011492,0.0,0.420833333,0.0,0.084,0.0
2025-09-11 07:00:00,0.23,0.821408,10.054953977011492,0.0,0.420833333,0.0,0.071,0.0
2025-09-11 08:00:00,0.11,1.461413,11.40636697701149,0.0,0.420833333,0.0,0.063,0.0
2025-09-11 09:00:00,0.35,4.06562,13.5,0.0,0.420833333,3.71562,0.061,-0.22665281999999998
2025-09-11 10:00:00,0.61,4.759682,13.5,0.0,0.420833333,4.149681999999999,0.06,-0.24898091999999997
2025-09-11 11:00:00,1.2603653846153846,5.140199,13.5,0.0,0.420833333,3.8798336153846154,0.06,-0.2327900169230769
2025-09-11 12:00:00,1.0203653846153846,5.212018,13.5,0.0,0.420833333,4.191652615384615,0.059,-0.24730750430769224
2025-09-11 13:00:00,0.8003653846153846,4.907258,13.5,0.0,0.420833333,4.106892615384615,0.059,-0.24230666430769224
2025-09-11 14:00:00,0.11,4.252492,13.5,0.0,0.420833333,4.142492,0.059,-0.24440702799999997
2025-09-11 15:00:00,0.1,2.419623,13.5,0.0,0.470833333,2.319623,0.062,-0.143816626
2025-09-11 16:00:00,0.11,1.119563,13.5,0.0,0.630833333,1.009563,0.073,-0.07369809899999999
2025-09-11 17:00:00,1.757704022988506,0.190274,11.932569977011497,0.0,0.630833333,0.0,0.125,0.0
2025-09-11 18:00:00,1.8477040229885056,0.0,10.08486595402299,0.0,0.630833333,0.0,0.368,0.0
2025-09-11 19:00:00,0.16,0.0,9.924865954022987,0.0,0.630833333,0.0,0.497,0.0
2025-09-11 20:00:00,0.29,0.0,9.63486595402299,0.0,0.630833333,0.0,0.292,0.0
2025-09-11 21:00:00,0.33,0.0,9.30486595402299,0.0,0.470833333,0.0,0.143,0.0
2025-09-11 22:00:00,0.14,0.0,9.16486595402299,0.0,0.470833333,0.0,0.136,0.0
2025-09-11 23:00:00,0.1,0.0,9.06486595402299,0.0,0.470833333,0.0,0.093,0.0
2025-09-12 00:00:00,0.12,0.0,8.94486595402299,0.0,0.420833333,0.0,0.092,0.0
2025-09-12 01:00:00,0.24,0.0,8.70486595402299,0.0,0.420833333,0.0,0.089,0.0
2025-09-12 02:00:00,0.12,0.0,8.584865954022991,0.0,0.420833333,0.0,0.086,0.0
2025-09-12 03:00:00,0.1,0.0,8.484865954022991,0.0,0.420833333,0.0,0.084,0.0
2025-09-12 04:00:00,0.1,0.0,8.384865954022992,0.0,0.420833333,0.0,0.083,0.0
2025-09-12 05:00:00,0.12,0.0,8.264865954022993,0.0,0.420833333,0.0,0.085,0.0
2025-09-12 06:00:00,0.1,0.327349,8.492214954022993,0.0,0.420833333,0.0,0.084,0.0
2025-09-12 07:00:00,0.13,0.261802,8.624016954022993,0.0,0.420833333,0.0,0.071,0.0
2025-09-12 08:00:00,0.16,0.66338,9.127396954022991,0.0,0.420833333,0.0,0.063,0.0
2025-09-12 09:00:00,0.1,1.018796,10.046192954022994,0.0,0.420833333,0.0,0.061,0.0
2025-09-12 10:00:00,2.4099999999999997,1.613968,9.250160954022991,0.0,0.420833333,0.0,0.06,0.0
2025-09-12 11:00:00,3.0103653846153846,2.526507,8.766302569407609,0.0,0.420833333,0.0,0.06,0.0
2025-09-12 12:00:00,3.1903653846153848,3.755766,9.331703184792223,0.0,0.420833333,0.0,0.059,0.0
2025-09-12 13:00:00,3.0803653846153844,4.9597299999999995,11.211067800176838,0.0,0.420833333,0.0,0.059,0.0
2025-09-12 14:00:00,2.73,2.727238,11.208305800176838,0.0,0.420833333,0.0,0.059,0.0
2025-09-12 15:00:00,0.15,1.657609,12.715914800176838,0.0,0.470833333,0.0,0.062,0.0
2025-09-12 16:00:00,0.2299999999999999,0.769182,13.25509680017684,0.0,0.630833333,0.0,0.073,0.0
2025-09-12 17:00:00,1.8777040229885056,0.520552,11.897944777188332,0.0,0.630833333,0.0,0.125,0.0
2025-09-12 18:00:00,3.1377040229885056,0.0,8.760240754199828,0.0,0.630833333,0.0,0.368,0.0
2025-09-12 19:00:00,0.1699999999999999,0.0,8.590240754199828,0.0,0.630833333,0.0,0.497,0.0
2025-09-12 20:00:00,0.2,0.0,8.390240754199828,0.0,0.630833333,0.0,0.292,0.0
2025-09-12 21:00:00,0.16,0.0,8.230240754199828,0.0,0.470833333,0.0,0.143,0.0
2025-09-12 22:00:00,0.29,0.0,7.940240754199828,0.0,0.470833333,0.0,0.136,0.0
2025-09-12 23:00:00,0.13,0.0,7.810240754199828,0.0,0.470833333,0.0,0.093,0.0
2025-09-13 00:00:00,0.12,0.0,7.690240754199828,0.0,0.420833333,0.0,0.092,0.0
2025-09-13 01:00:00,0.1,0.0,7.5902407541998285,0.0,0.420833333,0.0,0.089,0.0
2025-09-13 02:00:00,0.1,0.0,7.490240754199829,0.0,0.420833333,0.0,0.086,0.0
2025-09-13 03:00:00,0.48,0.0,7.010240754199829,0.0,0.420833333,0.0,0.084,0.0
2025-09-13 04:00:00,0.53,0.0,6.480240754199829,0.0,0.420833333,0.0,0.083,0.0
2025-09-13 05:00:00,0.11,0.0,6.370240754199829,0.0,0.420833333,0.0,0.085,0.0
2025-09-13 06:00:00,0.11,0.0508609999999999,6.311101754199829,0.0,0.420833333,0.0,0.084,0.0
2025-09-13 07:00:00,0.2,0.246645,6.3577467541998285,0.0,0.420833333,0.0,0.071,0.0
2025-09-13 08:00:00,0.64,0.5576960000000001,6.275442754199829,0.0,0.420833333,0.0,0.063,0.0
2025-09-13 09:00:00,0.72,1.148982,6.704424754199829,0.0,0.420833333,0.0,0.061,0.0
2025-09-13 10:00:00,2.51,1.52986,5.72428475419983,0.0,0.420833333,0.0,0.06,0.0
2025-09-13 11:00:00,2.6498923076923075,1.977085,5.051477446507522,0.0,0.420833333,0.0,0.06,0.0
2025-09-13 12:00:00,2.6898923076923076,2.745573,5.107158138815214,0.0,0.420833333,0.0,0.059,0.0
2025-09-13 13:00:00,2.7898923076923077,1.989763,4.307028831122906,0.0,0.420833333,0.0,0.059,0.0
2025-09-13 14:00:00,2.44,2.466454,4.3334828311229066,0.0,0.420833333,0.0,0.059,0.0
2025-09-13 15:00:00,0.12,1.722328,5.9358108311229065,0.0,0.470833333,0.0,0.062,0.0
2025-09-13 16:00:00,0.14,0.706712,6.502522831122906,0.0,0.630833333,0.0,0.073,0.0
2025-09-13 17:00:00,0.8026827586206897,0.514412,6.214252072502217,0.0,0.630833333,0.0,0.125,0.0
2025-09-13 18:00:00,0.7926827586206897,0.0,5.421569313881527,0.0,0.630833333,0.0,0.368,0.0
2025-09-13 19:00:00,0.19,0.0,5.2315693138815265,0.0,0.630833333,0.0,0.497,0.0
2025-09-13 20:00:00,0.18,0.0,5.051569313881527,0.0,0.630833333,0.0,0.292,0.0
2025-09-13 21:00:00,0.15,0.0,4.901569313881526,0.0,0.470833333,0.0,0.143,0.0
2025-09-13 22:00:00,0.15,0.0,4.751569313881526,0.0,0.470833333,0.0,0.136,0.0
2025-09-13 23:00:00,0.11,0.0,4.641569313881526,0.0,0.470833333,0.0,0.093,0.0
2025-09-14 00:00:00,0.1,0.0,4.541569313881526,0.0,0.420833333,0.0,0.092,0.0
2025-09-14 01:00:00,0.2,0.0,4.341569313881526,0.0,0.420833333,0.0,0.089,0.0
2025-09-14 02:00:00,0.15,0.0,4.1915693138815255,0.0,0.420833333,0.0,0.086,0.0
2025-09-14 03:00:00,0.21,0.0,3.9815693138815256,0.0,0.420833333,0.0,0.084,0.0
2025-09-14 04:00:00,0.23,0.0,3.7515693138815256,0.0,0.420833333,0.0,0.083,0.0
2025-09-14 05:00:00,0.22,0.0,3.5315693138815254,0.0,0.420833333,0.0,0.085,0.0
2025-09-14 06:00:00,0.21,0.055648,3.3772173138815256,0.0,0.420833333,0.0,0.084,0.0
2025-09-14 07:00:00,0.21,0.4289289999999999,3.5961463138815257,0.0,0.420833333,0.0,0.071,0.0
2025-09-14 08:00:00,0.21,1.3851179999999998,4.771264313881526,0.0,0.420833333,0.0,0.063,0.0
2025-09-14 09:00:00,0.1,1.503917,6.1751813138815255,0.0,0.420833333,0.0,0.061,0.0
2025-09-14 10:00:00,2.44,1.960561,5.695742313881525,0.0,0.420833333,0.0,0.06,0.0
2025-09-14 11:00:00,2.6598923076923073,2.9296379999999997,5.965488006189218,0.0,0.420833333,0.0,0.06,0.0
2025-09-14 12:00:00,2.6898923076923076,3.856942,7.13253769849691,0.0,0.420833333,0.0,0.059,0.0
2025-09-14 13:00:00,2.639892307692308,4.057766,8.550411390804602,0.0,0.420833333,0.0,0.059,0.0
2025-09-14 14:00:00,2.4099999999999997,3.606008,9.7464193908046,0.0,0.420833333,0.0,0.059,0.0
2025-09-14 15:00:00,0.11,3.070929,12.7073483908046,0.0,0.470833333,0.0,0.062,0.0
2025-09-14 16:00:00,0.11,1.602478,13.5,0.0,0.630833333,1.492478,0.073,-0.10895089399999999
2025-09-14 17:00:00,0.7526827586206897,0.302085,13.04940224137931,0.0,0.630833333,0.0,0.125,0.0
2025-09-14 18:00:00,0.8826827586206897,0.0,12.16671948275862,0.0,0.630833333,0.0,0.368,0.0
2025-09-14 19:00:00,0.2,0.0,11.966719482758622,0.0,0.630833333,0.0,0.497,0.0
2025-09-14 20:00:00,0.37,0.0,11.596719482758624,0.0,0.630833333,0.0,0.292,0.0
2025-09-14 21:00:00,0.3399999999999999,0.0,11.256719482758625,0.0,0.470833333,0.0,0.143,0.0
2025-09-14 22:00:00,0.22,0.0,11.036719482758622,0.0,0.470833333,0.0,0.136,0.0
2025-09-14 23:00:00,0.22,0.0,10.81671948275862,0.0,0.470833333,0.0,0.093,0.0
2025-09-15 00:00:00,0.22,0.0,10.59671948275862,0.0,0.420833333,0.0,0.092,0.0
2025-09-15 01:00:00,0.12,0.0,10.476719482758622,0.0,0.420833333,0.0,0.089,0.0
2025-09-15 02:00:00,0.1,0.0,10.376719482758622,0.0,0.420833333,0.0,0.086,0.0
2025-09-15 03:00:00,0.11,0.0,10.266719482758624,0.0,0.420833333,0.0,0.084,0.0
2025-09-15 04:00:00,0.1,0.0,10.166719482758625,0.0,0.420833333,0.0,0.083,0.0
2025-09-15 05:00:00,0.1,0.0,10.066719482758623,0.0,0.420833333,0.0,0.085,0.0
2025-09-15 06:00:00,0.11,0.305237,10.261956482758624,0.0,0.420833333,0.0,0.084,0.0
2025-09-15 07:00:00,0.12,0.4163159999999999,10.558272482758625,0.0,0.420833333,0.0,0.071,0.0
2025-09-15 08:00:00,0.12,1.172772,11.611044482758622,0.0,0.420833333,0.0,0.063,0.0
2025-09-15 09:00:00,0.23,4.190768,13.5,0.0,0.420833333,3.9607680000000003,0.061,-0.241606848
2025-09-15 10:00:00,0.11,4.9031139999999995,13.5,0.0,0.420833333,4.793113999999999,0.06,-0.28758683999999995
2025-09-15 11:00:00,0.3298923076923077,5.280093,13.5,0.0,0.420833333,4.950200692307693,0.06,-0.29701204153846156
2025-09-15 12:00:00,0.3298923076923077,3.826221,13.5,0.0,0.420833333,3.496328692307692,0.059,-0.20628339284615382
2025-09-15 13:00:00,0.3298923076923077,4.954282,13.5,0.0,0.420833333,4.624389692307693,0.059,-0.27283899184615384
2025-09-15 14:00:00,0.11,4.312588,13.5,0.0,0.420833333,4.2025879999999995,0.059,-0.24795269199999995
2025-09-15 15:00:00,0.11,3.321147,13.5,0.0,0.470833333,3.211147,0.062,-0.19909111399999999
2025-09-15 16:00:00,0.1,1.973531,13.5,0.0,0.630833333,1.8735309999999998,0.073,-0.136767763
2025-09-15 17:00:00,0.7726827586206897,0.47095,13.19826724137931,0.0,0.630833333,0.0,0.125,0.0
2025-09-15 18:00:00,3.9926827586206897,0.0,9.20558448275862,0.0,0.630833333,0.0,0.368,0.0
2025-09-15 19:00:00,0.1699999999999999,0.0,9.03558448275862,0.0,0.630833333,0.0,0.497,0.0
2025-09-15 20:00:00,0.22,0.0,8.81558448275862,0.0,0.630833333,0.0,0.292,0.0
2025-09-15 21:00:00,0.26,0.0,8.55558448275862,0.0,0.470833333,0.0,0.143,0.0
2025-09-15 22:00:00,0.22,0.0,8.33558448275862,0.0,0.470833333,0.0,0.136,0.0
2025-09-15 23:00:00,0.22,0.0,8.115584482758619,0.0,0.470833333,0.0,0.093,0.0
2025-09-16 00:00:00,0.22,0.0,7.895584482758619,0.0,0.420833333,0.0,0.092,0.0
2025-09-16 01:00:00,0.2299999999999999,0.0,7.66558448275862,0.0,0.420833333,0.0,0.089,0.0
2025-09-16 02:00:00,0.22,0.0,7.44558448275862,0.0,0.420833333,0.0,0.086,0.0
2025-09-16 03:00:00,0.22,0.0,7.22558448275862,0.0,0.420833333,0.0,0.084,0.0
2025-09-16 04:00:00,0.21,0.0,7.01558448275862,0.0,0.420833333,0.0,0.083,0.0
2025-09-16 05:00:00,0.22,0.0,6.7955844827586205,0.0,0.420833333,0.0,0.085,0.0
2025-09-16 06:00:00,0.22,0.035349,6.610933482758621,0.0,0.420833333,0.0,0.084,0.0
2025-09-16 07:00:00,0.13,0.984134,7.465067482758621,0.0,0.420833333,0.0,0.071,0.0
2025-09-16 08:00:00,0.11,1.211925,8.566992482758621,0.0,0.420833333,0.0,0.063,0.0
2025-09-16 09:00:00,0.09,4.110792999999999,12.58778548275862,0.0,0.420833333,0.0,0.061,0.0
2025-09-16 10:00:00,0.11,4.866584,13.5,0.0,0.420833333,4.756583999999999,0.06,-0.28539503999999993
2025-09-16 11:00:00,0.3298923076923077,5.231751,13.5,0.0,0.420833333,4.901858692307693,0.06,-0.29411152153846154
2025-09-16 12:00:00,0.3398923076923077,5.257355,13.5,0.0,0.420833333,4.917462692307692,0.059,-0.29013029884615377
2025-09-16 13:00:00,0.3498923076923077,4.960164,13.5,0.0,0.420833333,4.610271692307692,0.059,-0.2720060298461538
2025-09-16 14:00:00,0.1399999999999999,4.303008,13.5,0.0,0.420833333,4.1630080000000005,0.059,-0.245617472
2025-09-16 15:00:00,0.12,3.2823719999999996,13.5,0.0,0.470833333,3.1623719999999995,0.062,-0.19606706399999996
2025-09-16 16:00:00,0.11,1.909029,13.5,0.0,0.630833333,1.799029,0.073,-0.131329117
2025-09-16 17:00:00,2.17268275862069,0.436744,11.76406124137931,0.0,0.630833333,0.0,0.125,0.0
2025-09-16 18:00:00,2.0326827586206897,0.0,9.73137848275862,0.0,0.630833333,0.0,0.368,0.0
2025-09-16 19:00:00,0.15,0.0,9.58137848275862,0.0,0.630833333,0.0,0.497,0.0
2025-09-16 20:00:00,0.2299999999999999,0.0,9.35137848275862,0.0,0.630833333,0.0,0.292,0.0
2025-09-16 21:00:00,0.36,0.0,8.99137848275862,0.0,0.470833333,0.0,0.143,0.0
2025-09-16 22:00:00,0.6699999999999999,0.0,8.32137848275862,0.0,0.470833333,0.0,0.136,0.0
2025-09-16 23:00:00,0.73,0.0,7.5913784827586195,0.0,0.470833333,0.0,0.093,0.0
2025-09-17 00:00:00,0.2299999999999999,0.0,7.36137848275862,0.0,0.420833333,0.0,0.092,0.0
2025-09-17 01:00:00,0.22,0.0,7.14137848275862,0.0,0.420833333,0.0,0.089,0.0
2025-09-17 02:00:00,0.22,0.0,6.92137848275862,0.0,0.420833333,0.0,0.086,0.0
2025-09-17 03:00:00,0.22,0.0,6.701378482758621,0.0,0.420833333,0.0,0.084,0.0
2025-09-17 04:00:00,0.24,0.0,6.4613784827586205,0.0,0.420833333,0.0,0.083,0.0
2025-09-17 05:00:00,0.37,0.0,6.09137848275862,0.0,0.420833333,0.0,0.085,0.0
2025-09-17 06:00:00,0.25,0.280652,6.12203048275862,0.0,0.420833333,0.0,0.084,0.0
2025-09-17 07:00:00,0.12,1.689949,7.6919794827586205,0.0,0.420833333,0.0,0.071,0.0
2025-09-17 08:00:00,0.26,3.1524050000000003,10.58438448275862,0.0,0.420833333,0.0,0.063,0.0
2025-09-17 09:00:00,0.18,4.197616,13.5,0.0,0.420833333,4.017616,0.061,-0.24507457600000002
2025-09-17 10:00:00,2.48,4.898689,13.5,0.0,0.420833333,2.418689,0.06,-0.14512134
2025-09-17 11:00:00,2.7098923076923076,5.277442,13.5,0.0,0.420833333,2.567549692307692,0.06,-0.15405298153846153
2025-09-17 12:00:00,2.7298923076923076,5.300739999999999,13.5,0.0,0.420833333,2.5708476923076917,0.059,-0.15168001384615382
2025-09-17 13:00:00,2.639892307692308,5.020038,13.5,0.0,0.420833333,2.3801456923076914,0.059,-0.14042859584615378
2025-09-17 14:00:00,2.4099999999999997,4.326597,13.5,0.0,0.420833333,1.9165969999999999,0.059,-0.11307922299999999
2025-09-17 15:00:00,0.3,3.30926,13.5,0.0,0.470833333,3.0092600000000003,0.062,-0.18657412
2025-09-17 16:00:00,0.32,1.907608,13.5,0.0,0.630833333,1.587608,0.073,-0.11589538399999999
2025-09-17 17:00:00,0.9126827586206896,0.429765,13.01708224137931,0.0,0.630833333,0.0,0.125,0.0
2025-09-17 18:00:00,0.8726827586206897,0.0,12.14439948275862,0.0,0.630833333,0.0,0.368,0.0
2025-09-17 19:00:00,0.21,0.0,11.93439948275862,0.0,0.630833333,0.0,0.497,0.0
2025-09-17 20:00:00,0.15,0.0,11.78439948275862,0.0,0.630833333,0.0,0.292,0.0
2025-09-17 21:00:00,0.12,0.0,11.66439948275862,0.0,0.470833333,0.0,0.143,0.0
2025-09-17 22:00:00,0.26,0.0,11.40439948275862,0.0,0.470833333,0.0,0.136,0.0
2025-09-17 23:00:00,0.22,0.0,11.18439948275862,0.0,0.470833333,0.0,0.093,0.0
2025-09-18 00:00:00,0.22,0.0,10.96439948275862,0.0,0.420833333,0.0,0.092,0.0
2025-09-18 01:00:00,0.22,0.0,10.744399482758618,0.0,0.420833333,0.0,0.089,0.0
2025-09-18 02:00:00,0.21,0.0,10.534399482758618,0.0,0.420833333,0.0,0.086,0.0
2025-09-18 03:00:00,0.22,0.0,10.314399482758615,0.0,0.420833333,0.0,0.084,0.0
2025-09-18 04:00:00,0.33,0.0,9.984399482758617,0.0,0.420833333,0.0,0.083,0.0
2025-09-18 05:00:00,0.27,0.0,9.714399482758616,0.0,0.420833333,0.0,0.085,0.0
2025-09-18 06:00:00,0.2299999999999999,0.283174,9.767573482758618,0.0,0.420833333,0.0,0.084,0.0
2025-09-18 07:00:00,0.22,1.717051,11.264624482758617,0.0,0.420833333,0.0,0.071,0.0
2025-09-18 08:00:00,0.26,3.138143,13.5,0.0,0.420833333,2.8781429999999997,0.063,-0.18132300899999998
2025-09-18 09:00:00,0.5,4.154738,13.5,0.0,0.420833333,3.654738,0.061,-0.222939018
2025-09-18 10:00:00,0.46,4.841963,13.5,0.0,0.420833333,4.381963,0.06,-0.26291778
2025-09-18 11:00:00,0.9647307692307694,5.162371,13.5,0.0,0.420833333,4.197640230769231,0.06,-0.2518584138461539
2025-09-18 12:00:00,0.8647307692307694,5.1873689999999995,13.5,0.0,0.420833333,4.32263823076923,0.059,-0.25503565561538455
2025-09-18 13:00:00,0.7347307692307694,4.860746,13.5,0.0,0.420833333,4.12601523076923,0.059,-0.24343489861538456
2025-09-18 14:00:00,0.21,4.206742,13.5,0.0,0.420833333,3.9967420000000002,0.059,-0.235807778
2025-09-18 15:00:00,0.16,3.224408,13.5,0.0,0.470833333,3.064408,0.062,-0.18999329599999998
2025-09-18 16:00:00,0.2799999999999999,1.875111,13.5,0.0,0.630833333,1.5951110000000002,0.073,-0.116443103
2025-09-18 17:00:00,1.811706896551724,0.409703,12.097996103448276,0.0,0.630833333,0.0,0.125,0.0
2025-09-18 18:00:00,2.0217068965517244,0.0,10.07628920689655,0.0,0.630833333,0.0,0.368,0.0
2025-09-18 19:00:00,0.24,0.0,9.83628920689655,0.0,0.630833333,0.0,0.497,0.0
2025-09-18 20:00:00,0.3299999999999999,0.0,9.50628920689655,0.0,0.630833333,0.0,0.292,0.0
2025-09-18 21:00:00,0.24,0.0,9.26628920689655,0.0,0.470833333,0.0,0.143,0.0
2025-09-18 22:00:00,0.31,0.0,8.95628920689655,0.0,0.470833333,0.0,0.136,0.0
2025-09-18 23:00:00,0.23,0.0,8.72628920689655,0.0,0.470833333,0.0,0.093,0.0
2025-09-19 00:00:00,0.22,0.0,8.506289206896549,0.0,0.420833333,0.0,0.092,0.0
2025-09-19 01:00:00,0.2299999999999999,0.0,8.276289206896548,0.0,0.420833333,0.0,0.089,0.0
2025-09-19 02:00:00,0.32,0.0,7.956289206896548,0.0,0.420833333,0.0,0.086,0.0
2025-09-19 03:00:00,0.23,0.0,7.726289206896547,0.0,0.420833333,0.0,0.084,0.0
2025-09-19 04:00:00,0.22,0.0,7.506289206896548,0.0,0.420833333,0.0,0.083,0.0
2025-09-19 05:00:00,0.16,0.0,7.3462892068965475,0.0,0.420833333,0.0,0.085,0.0
2025-09-19 06:00:00,0.12,0.2757,7.501989206896548,0.0,0.420833333,0.0,0.084,0.0
2025-09-19 07:00:00,0.23,1.698256,8.970245206896548,0.0,0.420833333,0.0,0.071,0.0
2025-09-19 08:00:00,0.29,3.076339,11.756584206896548,0.0,0.420833333,0.0,0.063,0.0
2025-09-19 09:00:00,0.16,3.986258,13.5,0.0,0.420833333,3.8262579999999997,0.061,-0.23340173799999997
2025-09-19 10:00:00,2.4099999999999997,4.537768,13.5,0.0,0.420833333,2.127768,0.06,-0.12766608000000002
2025-09-19 11:00:00,3.0747307692307695,4.910203999999999,13.5,0.0,0.420833333,1.8354732307692299,0.06,-0.11012839384615379
2025-09-19 12:00:00,3.014730769230769,5.036013,13.5,0.0,0.420833333,2.0212822307692306,0.059,-0.1192556516153846
2025-09-19 13:00:00,2.984730769230769,4.734434,13.5,0.0,0.420833333,1.749703230769231,0.059,-0.10323249061538463
2025-09-19 14:00:00,2.4099999999999997,4.072856,13.5,0.0,0.420833333,1.6628560000000001,0.059,-0.098108504
2025-09-19 15:00:00,0.12,3.1042460000000003,13.5,0.0,0.470833333,2.984246,0.062,-0.185023252
2025-09-19 16:00:00,0.11,1.769269,13.5,0.0,0.630833333,1.6592689999999999,0.073,-0.12112663699999998
2025-09-19 17:00:00,1.9617068965517244,0.369425,11.907718103448277,0.0,0.630833333,0.0,0.125,0.0
2025-09-19 18:00:00,2.8617068965517243,0.0,9.046011206896551,0.0,0.630833333,0.0,0.368,0.0
2025-09-19 19:00:00,0.2,0.0,8.846011206896552,0.0,0.630833333,0.0,0.497,0.0
2025-09-19 20:00:00,0.32,0.0,8.526011206896552,0.0,0.630833333,0.0,0.292,0.0
2025-09-19 21:00:00,0.34,0.0,8.186011206896552,0.0,0.470833333,0.0,0.143,0.0
2025-09-19 22:00:00,0.86,0.0,7.326011206896552,0.0,0.470833333,0.0,0.136,0.0
2025-09-19 23:00:00,0.8500000000000001,0.0,6.476011206896551,0.0,0.470833333,0.0,0.093,0.0
2025-09-20 00:00:00,0.22,0.0,6.256011206896551,0.0,0.420833333,0.0,0.092,0.0
2025-09-20 01:00:00,0.22,0.0,6.036011206896552,0.0,0.420833333,0.0,0.089,0.0
2025-09-20 02:00:00,0.22,0.0,5.816011206896552,0.0,0.420833333,0.0,0.086,0.0
2025-09-20 03:00:00,0.22,0.0,5.596011206896552,0.0,0.420833333,0.0,0.084,0.0
2025-09-20 04:00:00,0.22,0.0,5.376011206896552,0.0,0.420833333,0.0,0.083,0.0
2025-09-20 05:00:00,0.24,0.0,5.136011206896552,0.0,0.420833333,0.0,0.085,0.0
2025-09-20 06:00:00,0.11,0.257047,5.283058206896552,0.0,0.420833333,0.0,0.084,0.0
2025-09-20 07:00:00,0.2,1.612382,6.695440206896552,0.0,0.420833333,0.0,0.071,0.0
2025-09-20 08:00:00,0.1,2.973583,9.569023206896553,0.0,0.420833333,0.0,0.063,0.0
2025-09-20 09:00:00,0.22,3.943907,13.292930206896552,0.0,0.420833333,0.0,0.061,0.0
2025-09-20 10:00:00,2.4,4.6231930000000006,13.5,0.0,0.420833333,2.2231930000000006,0.06,-0.13339158000000004
2025-09-20 11:00:00,2.783153846153846,5.006384,13.5,0.0,0.420833333,2.2232301538461536,0.06,-0.1333938092307692
2025-09-20 12:00:00,2.7731538461538463,5.085479,13.5,0.0,0.420833333,2.312325153846154,0.059,-0.13642718407692309
2025-09-20 13:00:00,2.863153846153846,4.834251,13.5,0.0,0.420833333,1.971097153846154,0.059,-0.11629473207692308
2025-09-20 14:00:00,2.4099999999999997,4.174152,13.5,0.0,0.420833333,1.7641520000000006,0.059,-0.10408496800000003
2025-09-20 15:00:00,0.1,3.190579,13.5,0.0,0.470833333,3.090579,0.062,-0.191615898
2025-09-20 16:00:00,0.39,1.80767,13.5,0.0,0.630833333,1.4176700000000002,0.073,-0.10348991
2025-09-20 17:00:00,1.6878045977011498,0.368071,12.18026640229885,0.0,0.630833333,0.0,0.125,0.0
2025-09-20 18:00:00,2.88780459770115,0.0,9.2924618045977,0.0,0.630833333,0.0,0.368,0.0
2025-09-20 19:00:00,0.23,0.0,9.0624618045977,0.0,0.630833333,0.0,0.497,0.0
2025-09-20 20:00:00,0.29,0.0,8.7724618045977,0.0,0.630833333,0.0,0.292,0.0
2025-09-20 21:00:00,0.27,0.0,8.5024618045977,0.0,0.470833333,0.0,0.143,0.0
2025-09-20 22:00:00,0.26,0.0,8.242461804597701,0.0,0.470833333,0.0,0.136,0.0
2025-09-20 23:00:00,0.2299999999999999,0.0,8.0124618045977,0.0,0.470833333,0.0,0.093,0.0
2025-09-21 00:00:00,0.22,0.0,7.792461804597701,0.0,0.420833333,0.0,0.092,0.0
2025-09-21 01:00:00,0.22,0.0,7.572461804597701,0.0,0.420833333,0.0,0.089,0.0
2025-09-21 02:00:00,0.22,0.0,7.352461804597701,0.0,0.420833333,0.0,0.086,0.0
2025-09-21 03:00:00,0.31,0.0,7.042461804597702,0.0,0.420833333,0.0,0.084,0.0
2025-09-21 04:00:00,0.26,0.0,6.782461804597702,0.0,0.420833333,0.0,0.083,0.0
2025-09-21 05:00:00,0.22,0.0,6.562461804597702,0.0,0.420833333,0.0,0.085,0.0
2025-09-21 06:00:00,0.21,0.256797,6.609258804597702,0.0,0.420833333,0.0,0.084,0.0
2025-09-21 07:00:00,0.1,0.5166219999999999,7.025880804597702,0.0,0.420833333,0.0,0.071,0.0
2025-09-21 08:00:00,0.2,1.0272329999999998,7.853113804597702,0.0,0.420833333,0.0,0.063,0.0
2025-09-21 09:00:00,0.16,1.613506,9.306619804597702,0.0,0.420833333,0.0,0.061,0.0
2025-09-21 10:00:00,2.42,3.349519,10.2361388045977,0.0,0.420833333,0.0,0.06,0.0
2025-09-21 11:00:00,2.783153846153846,5.062016,12.515000958443856,0.0,0.420833333,0.0,0.06,0.0
2025-09-21 12:00:00,2.783153846153846,2.412722,12.144569112290007,0.0,0.420833333,0.0,0.059,0.0
2025-09-21 13:00:00,2.8131538461538463,2.081775,11.413190266136162,0.0,0.420833333,0.0,0.059,0.0
2025-09-21 14:00:00,2.4099999999999997,1.947699,10.950889266136162,0.0,0.420833333,0.0,0.059,0.0
2025-09-21 15:00:00,0.36,1.731718,12.322607266136162,0.0,0.470833333,0.0,0.062,0.0
2025-09-21 16:00:00,0.63,0.620424,12.31303126613616,0.0,0.630833333,0.0,0.073,0.0
2025-09-21 17:00:00,2.3178045977011497,0.335357,10.330583668435011,0.0,0.630833333,0.0,0.125,0.0
2025-09-21 18:00:00,3.1778045977011495,0.0,7.152779070733862,0.0,0.630833333,0.0,0.368,0.0
2025-09-21 19:00:00,0.28,0.0,6.872779070733862,0.0,0.630833333,0.0,0.497,0.0
2025-09-21 20:00:00,0.33,0.0,6.542779070733862,0.0,0.630833333,0.0,0.292,0.0
2025-09-21 21:00:00,0.31,0.0,6.232779070733862,0.0,0.470833333,0.0,0.143,0.0
2025-09-21 22:00:00,0.25,0.0,5.982779070733862,0.0,0.470833333,0.0,0.136,0.0
2025-09-21 23:00:00,0.12,0.0,5.862779070733862,0.0,0.470833333,0.0,0.093,0.0
2025-09-22 00:00:00,0.11,0.0,5.752779070733862,0.0,0.420833333,0.0,0.092,0.0
2025-09-22 01:00:00,0.11,0.0,5.642779070733861,0.0,0.420833333,0.0,0.089,0.0
2025-09-22 02:00:00,0.1,0.0,5.542779070733862,0.0,0.420833333,0.0,0.086,0.0
2025-09-22 03:00:00,0.11,0.0,5.4327790707338615,0.0,0.420833333,0.0,0.084,0.0
2025-09-22 04:00:00,0.11,0.0,5.322779070733861,0.0,0.420833333,0.0,0.083,0.0
2025-09-22 05:00:00,0.11,0.0,5.212779070733861,0.0,0.420833333,0.0,0.085,0.0
2025-09-22 06:00:00,0.1,0.027863,5.140642070733861,0.0,0.420833333,0.0,0.084,0.0
2025-09-22 07:00:00,0.11,0.320314,5.3509560707338615,0.0,0.420833333,0.0,0.071,0.0
2025-09-22 08:00:00,0.15,1.646765,6.847721070733861,0.0,0.420833333,0.0,0.063,0.0
2025-09-22 09:00:00,0.15,4.048412,10.746133070733862,0.0,0.420833333,0.0,0.061,0.0
2025-09-22 10:00:00,0.22,3.243098,13.5,0.0,0.420833333,3.0230979999999996,0.06,-0.18138587999999997
2025-09-22 11:00:00,0.5831538461538462,5.069151,13.5,0.0,0.420833333,4.485997153846154,0.06,-0.2691598292307692
2025-09-22 12:00:00,0.6731538461538462,2.863955,13.5,0.0,0.420833333,2.1908011538461536,0.059,-0.12925726807692306
2025-09-22 13:00:00,0.5431538461538462,4.759393,13.5,0.0,0.420833333,4.216239153846154,0.059,-0.24875811007692308
2025-09-22 14:00:00,0.17,4.116321,13.5,0.0,0.420833333,3.946321,0.059,-0.232832939
2025-09-22 15:00:00,0.17,3.1211979999999997,13.5,0.0,0.470833333,2.9511979999999998,0.062,-0.182974276
2025-09-22 16:00:00,0.15,1.172806,13.5,0.0,0.630833333,1.022806,0.073,-0.074664838
2025-09-22 17:00:00,2.51780459770115,0.320184,11.30237940229885,0.0,0.630833333,0.0,0.125,0.0
2025-09-22 18:00:00,3.0878045977011497,0.0,8.214574804597701,0.0,0.630833333,0.0,0.368,0.0
2025-09-22 19:00:00,0.26,0.0,7.954574804597701,0.0,0.630833333,0.0,0.497,0.0
2025-09-22 20:00:00,0.32,0.0,7.634574804597701,0.0,0.630833333,0.0,0.292,0.0
2025-09-22 21:00:00,0.6599999999999999,0.0,6.974574804597701,0.0,0.470833333,0.0,0.143,0.0
2025-09-22 22:00:00,0.85,0.0,6.124574804597701,0.0,0.470833333,0.0,0.136,0.0
2025-09-22 23:00:00,0.39,0.0,5.734574804597702,0.0,0.470833333,0.0,0.093,0.0
2025-09-23 00:00:00,0.22,0.0,5.514574804597702,0.0,0.420833333,0.0,0.092,0.0
2025-09-23 01:00:00,0.2299999999999999,0.0,5.284574804597702,0.0,0.420833333,0.0,0.089,0.0
2025-09-23 02:00:00,0.2299999999999999,0.0,5.054574804597703,0.0,0.420833333,0.0,0.086,0.0
2025-09-23 03:00:00,0.2299999999999999,0.0,4.824574804597703,0.0,0.420833333,0.0,0.084,0.0
2025-09-23 04:00:00,0.22,0.0,4.6045748045977035,0.0,0.420833333,0.0,0.083,0.0
2025-09-23 05:00:00,0.22,0.0,4.384574804597704,0.0,0.420833333,0.0,0.085,0.0
2025-09-23 06:00:00,0.22,0.244155,4.408729804597704,0.0,0.420833333,0.0,0.084,0.0
2025-09-23 07:00:00,0.35,0.628617,4.687346804597704,0.0,0.420833333,0.0,0.071,0.0
2025-09-23 08:00:00,0.39,3.059078,7.356424804597704,0.0,0.420833333,0.0,0.063,0.0
2025-09-23 09:00:00,0.13,4.04363,11.270054804597704,0.0,0.420833333,0.0,0.061,0.0
2025-09-23 10:00:00,0.1,4.7107209999999995,13.5,0.0,0.420833333,4.610721,0.06,-0.27664326
2025-09-23 11:00:00,0.3298923076923077,5.093734,13.5,0.0,0.420833333,4.763841692307693,0.06,-0.28583050153846157
2025-09-23 12:00:00,1.0998923076923075,5.154637,13.5,0.0,0.420833333,4.054744692307692,0.059,-0.23922993684615385
2025-09-23 13:00:00,1.589892307692308,4.842975,13.5,0.0,0.420833333,3.253082692307692,0.059,-0.19193187884615381
2025-09-23 14:00:00,1.73,4.1833029999999995,13.5,0.0,0.420833333,2.4533029999999996,0.059,-0.14474487699999997
2025-09-23 15:00:00,1.28,3.190047,13.5,0.0,0.470833333,1.9100469999999998,0.062,-0.11842291399999999
2025-09-23 16:00:00,1.0,1.768,13.5,0.0,0.630833333,0.768,0.073,-0.056063999999999996
2025-09-23 17:00:00,1.77268275862069,0.3141589999999999,12.04147624137931,0.0,0.630833333,0.0,0.125,0.0
2025-09-23 18:00:00,4.01268275862069,0.0,8.028793482758621,0.0,0.630833333,0.0,0.368,0.0
2025-09-23 19:00:00,0.31,0.0,7.718793482758621,0.0,0.630833333,0.0,0.497,0.0
2025-09-23 20:00:00,0.42,0.0,7.298793482758621,0.0,0.630833333,0.0,0.292,0.0
2025-09-23 21:00:00,0.36,0.0,6.938793482758621,0.0,0.470833333,0.0,0.143,0.0
2025-09-23 22:00:00,0.29,0.0,6.648793482758621,0.0,0.470833333,0.0,0.136,0.0
2025-09-23 23:00:00,0.22,0.0,6.428793482758621,0.0,0.470833333,0.0,0.093,0.0
2025-09-24 00:00:00,0.22,0.0,6.2087934827586215,0.0,0.420833333,0.0,0.092,0.0
2025-09-24 01:00:00,0.2299999999999999,0.0,5.978793482758622,0.0,0.420833333,0.0,0.089,0.0
2025-09-24 02:00:00,0.2299999999999999,0.0,5.7487934827586225,0.0,0.420833333,0.0,0.086,0.0
2025-09-24 03:00:00,0.25,0.0,5.4987934827586225,0.0,0.420833333,0.0,0.084,0.0
2025-09-24 04:00:00,0.22,0.0,5.278793482758623,0.0,0.420833333,0.0,0.083,0.0
2025-09-24 05:00:00,0.22,0.0,5.058793482758623,0.0,0.420833333,0.0,0.085,0.0
2025-09-24 06:00:00,0.22,0.086713,4.925506482758623,0.0,0.420833333,0.0,0.084,0.0
2025-09-24 07:00:00,0.26,0.4390179999999999,5.104524482758623,0.0,0.420833333,0.0,0.071,0.0
2025-09-24 08:00:00,0.33,1.496594,6.271118482758623,0.0,0.420833333,0.0,0.063,0.0
2025-09-24 09:00:00,0.15,1.873077,7.994195482758623,0.0,0.420833333,0.0,0.061,0.0
2025-09-24 10:00:00,2.4299999999999997,2.846567,8.410762482758622,0.0,0.420833333,0.0,0.06,0.0
2025-09-24 11:00:00,2.6598923076923073,3.3984259999999997,9.149296175066317,0.0,0.420833333,0.0,0.06,0.0
2025-09-24 12:00:00,2.6598923076923073,3.090379,9.579782867374009,0.0,0.420833333,0.0,0.059,0.0
2025-09-24 13:00:00,2.6598923076923073,2.6167040000000004,9.5365945596817,0.0,0.420833333,0.0,0.059,0.0
2025-09-24 14:00:00,2.44,1.802408,8.8990025596817,0.0,0.420833333,0.0,0.059,0.0
2025-09-24 15:00:00,0.14,1.187715,9.9467175596817,0.0,0.470833333,0.0,0.062,0.0
2025-09-24 16:00:00,0.14,0.381754,10.1884715596817,0.0,0.630833333,0.0,0.073,0.0
2025-09-24 17:00:00,0.7926827586206897,0.04132,9.43710880106101,0.0,0.630833333,0.0,0.125,0.0
2025-09-24 18:00:00,0.8526827586206898,0.0,8.58442604244032,0.0,0.630833333,0.0,0.368,0.0
2025-09-24 19:00:00,0.35,0.0,8.23442604244032,0.0,0.630833333,0.0,0.497,0.0
2025-09-24 20:00:00,0.22,0.0,8.01442604244032,0.0,0.630833333,0.0,0.292,0.0
2025-09-24 21:00:00,0.14,0.0,7.87442604244032,0.0,0.470833333,0.0,0.143,0.0
2025-09-24 22:00:00,0.25,0.0,7.62442604244032,0.0,0.470833333,0.0,0.136,0.0
2025-09-24 23:00:00,0.22,0.0,7.40442604244032,0.0,0.470833333,0.0,0.093,0.0
2025-09-25 00:00:00,0.22,0.0,7.184426042440321,0.0,0.420833333,0.0,0.092,0.0
2025-09-25 01:00:00,0.22,0.0,6.964426042440321,0.0,0.420833333,0.0,0.089,0.0
2025-09-25 02:00:00,0.22,0.0,6.744426042440321,0.0,0.420833333,0.0,0.086,0.0
2025-09-25 03:00:00,0.22,0.0,6.5244260424403215,0.0,0.420833333,0.0,0.084,0.0
2025-09-25 04:00:00,0.22,0.0,6.304426042440322,0.0,0.420833333,0.0,0.083,0.0
2025-09-25 05:00:00,0.22,0.0,6.084426042440322,0.0,0.420833333,0.0,0.085,0.0
2025-09-25 06:00:00,0.2299999999999999,0.057059,5.911485042440322,0.0,0.420833333,0.0,0.084,0.0
2025-09-25 07:00:00,0.22,0.238585,5.930070042440322,0.0,0.420833333,0.0,0.071,0.0
2025-09-25 08:00:00,0.19,0.6603479999999999,6.400418042440322,0.0,0.420833333,0.0,0.063,0.0
2025-09-25 09:00:00,0.37,1.457805,7.488223042440321,0.0,0.420833333,0.0,0.061,0.0
2025-09-25 10:00:00,0.51,1.947272,8.925495042440321,0.0,0.420833333,0.0,0.06,0.0
2025-09-25 11:00:00,0.8098923076923078,2.164079,10.279681734748014,0.0,0.420833333,0.0,0.06,0.0
2025-09-25 12:00:00,0.5698923076923077,2.696263,12.406052427055704,0.0,0.420833333,0.0,0.059,0.0
2025-09-25 13:00:00,0.4998923076923077,2.324485,13.5,0.0,0.420833333,1.8245926923076925,0.059,-0.10765096884615385
2025-09-25 14:00:00,0.26,1.803481,13.5,0.0,0.420833333,1.5434809999999999,0.059,-0.09106537899999999
2025-09-25 15:00:00,0.44,1.164746,13.5,0.0,0.470833333,0.7247460000000001,0.062,-0.04493425200000001
2025-09-25 16:00:00,0.26,0.427206,13.5,0.0,0.630833333,0.16720599999999997,0.073,-0.012206037999999997
2025-09-25 17:00:00,0.8726827586206897,0.031181,12.658498241379313,0.0,0.630833333,0.0,0.125,0.0
2025-09-25 18:00:00,1.0426827586206897,0.0,11.615815482758622,0.0,0.630833333,0.0,0.368,0.0
2025-09-25 19:00:00,0.3,0.0,11.31581548275862,0.0,0.630833333,0.0,0.497,0.0
2025-09-25 20:00:00,0.28,0.0,11.035815482758622,0.0,0.630833333,0.0,0.292,0.0
2025-09-25 21:00:00,0.64,0.0,10.39581548275862,0.0,0.470833333,0.0,0.143,0.0
2025-09-25 22:00:00,0.75,0.0,9.64581548275862,0.0,0.470833333,0.0,0.136,0.0
2025-09-25 23:00:00,0.22,0.0,9.42581548275862,0.0,0.470833333,0.0,0.093,0.0
2025-09-26 00:00:00,0.22,0.0,9.20581548275862,0.0,0.420833333,0.0,0.092,0.0
2025-09-26 01:00:00,0.22,0.0,8.98581548275862,0.0,0.420833333,0.0,0.089,0.0
2025-09-26 02:00:00,0.22,0.0,8.765815482758619,0.0,0.420833333,0.0,0.086,0.0
2025-09-26 03:00:00,0.19,0.0,8.57581548275862,0.0,0.420833333,0.0,0.084,0.0
2025-09-26 04:00:00,0.11,0.0,8.46581548275862,0.0,0.420833333,0.0,0.083,0.0
2025-09-26 05:00:00,0.11,0.0,8.35581548275862,0.0,0.420833333,0.0,0.085,0.0
2025-09-26 06:00:00,0.11,0.0,8.245815482758621,0.0,0.420833333,0.0,0.084,0.0
2025-09-26 07:00:00,0.1,0.112049,8.25786448275862,0.0,0.420833333,0.0,0.071,0.0
2025-09-26 08:00:00,0.12,0.40448,8.54234448275862,0.0,0.420833333,0.0,0.063,0.0
2025-09-26 09:00:00,0.14,0.74475,9.14709448275862,0.0,0.420833333,0.0,0.061,0.0
2025-09-26 10:00:00,2.5799999999999996,1.092523,7.65961748275862,0.0,0.420833333,0.0,0.06,0.0
2025-09-26 11:00:00,2.7398923076923074,1.892455,6.812180175066312,0.0,0.420833333,0.0,0.06,0.0
2025-09-26 12:00:00,2.8498923076923077,2.140034,6.1023218673740045,0.0,0.420833333,0.0,0.059,0.0
2025-09-26 13:00:00,2.7398923076923074,1.988777,5.351206559681697,0.0,0.420833333,0.0,0.059,0.0
2025-09-26 14:00:00,2.4499999999999997,1.517861,4.4190675596816975,0.0,0.420833333,0.0,0.059,0.0
2025-09-26 15:00:00,0.24,0.770504,4.949571559681697,0.0,0.470833333,0.0,0.062,0.0
2025-09-26 16:00:00,0.4,0.389641,4.939212559681697,0.0,0.630833333,0.0,0.073,0.0
2025-09-26 17:00:00,0.9526827586206896,0.048279,4.034808801061008,0.0,0.630833333,0.0,0.125,0.0
2025-09-26 18:00:00,0.8526827586206898,0.0,3.182126042440318,0.0,0.630833333,0.0,0.368,0.0
2025-09-26 19:00:00,0.15,0.0,3.0321260424403182,0.0,0.630833333,0.0,0.497,0.0
2025-09-26 20:00:00,0.4,0.0,2.6321260424403183,0.0,0.630833333,0.0,0.292,0.0
2025-09-26 21:00:00,0.31,0.0,2.3221260424403183,0.0,0.470833333,0.0,0.143,0.0
2025-09-26 22:00:00,0.24,0.0,2.0821260424403185,0.0,0.470833333,0.0,0.136,0.0
2025-09-26 23:00:00,0.22,0.0,1.8621260424403183,0.0,0.470833333,0.0,0.093,0.0
2025-09-27 00:00:00,0.2299999999999999,0.0,1.6321260424403186,0.0,0.420833333,0.0,0.092,0.0
2025-09-27 01:00:00,0.22,0.0,1.4121260424403186,0.0,0.420833333,0.0,0.089,0.0
2025-09-27 02:00:00,0.21,0.0,1.2021260424403186,0.0,0.420833333,0.0,0.086,0.0
2025-09-27 03:00:00,0.22,0.0,0.9821260424403186,0.0,0.420833333,0.0,0.084,0.0
2025-09-27 04:00:00,0.22,0.0,0.7621260424403187,0.0,0.420833333,0.0,0.083,0.0
2025-09-27 05:00:00,0.5900000000000001,0.0,0.1721260424403186,0.0,0.420833333,0.0,0.085,0.0
2025-09-27 06:00:00,0.11,0.0,0.0621260424403185,0.0,0.420833333,0.0,0.084,0.0
2025-09-27 07:00:00,0.22,0.603306,0.4454320424403186,0.0,0.420833333,0.0,0.071,0.0
2025-09-27 08:00:00,0.38,0.148353,0.2137850424403186,0.0,0.420833333,0.0,0.063,0.0
2025-09-27 09:00:00,0.12,2.386275,2.4800600424403183,0.0,0.420833333,0.0,0.061,0.0
2025-09-27 10:00:00,2.4099999999999997,0.919626,0.9896860424403188,0.0,0.420833333,0.0,0.06,0.0
2025-09-27 11:00:00,2.7398923076923074,2.292181,0.5419747347480115,0.0,0.420833333,0.0,0.06,0.0
2025-09-27 12:00:00,3.689892307692307,1.945668,0.0,1.2022495729442957,0.420833333,0.0,0.059,0.5059466948799746
2025-09-27 13:00:00,3.709892307692307,1.658535,0.0,2.051357307692307,0.420833333,0.0,0.059,0.8632795329700601
2025-09-27 14:00:00,2.44,1.060642,0.0,1.3793579999999999,0.420833333,0.0,0.059,0.580479824540214
2025-09-27 15:00:00,0.12,1.011943,0.891943,0.0,0.470833333,0.0,0.062,0.0
2025-09-27 16:00:00,0.11,1.54191,2.323853,0.0,0.630833333,0.0,0.073,0.0
2025-09-27 17:00:00,0.7526827586206897,0.198424,1.7695942413793104,0.0,0.630833333,0.0,0.125,0.0
2025-09-27 18:00:00,1.0326827586206897,0.0,0.7369114827586207,0.0,0.630833333,0.0,0.368,0.0
2025-09-27 19:00:00,0.23,0.0,0.5069114827586207,0.0,0.630833333,0.0,0.497,0.0
2025-09-27 20:00:00,0.22,0.0,0.2869114827586208,0.0,0.630833333,0.0,0.292,0.0
2025-09-27 21:00:00,0.14,0.0,0.1469114827586207,0.0,0.470833333,0.0,0.143,0.0
2025-09-27 22:00:00,0.22,0.0,0.0,0.0730885172413793,0.470833333,0.0,0.136,0.03441251017678658
2025-09-27 23:00:00,0.31,0.0,0.0,0.31,0.470833333,0.0,0.093,0.14595833323000001
2025-09-28 00:00:00,0.25,0.0,0.0,0.25,0.420833333,0.0,0.092,0.10520833325
2025-09-28 01:00:00,0.22,0.0,0.0,0.22,0.420833333,0.0,0.089,0.09258333326
2025-09-28 02:00:00,0.22,0.0,0.0,0.22,0.420833333,0.0,0.086,0.09258333326
2025-09-28 03:00:00,0.21,0.0,0.0,0.21,0.420833333,0.0,0.084,0.08837499992999999
2025-09-28 04:00:00,0.1,0.0,0.0,0.1,0.420833333,0.0,0.083,0.0420833333
2025-09-28 05:00:00,0.11,0.0,0.0,0.11,0.420833333,0.0,0.085,0.04629166663
2025-09-28 06:00:00,0.18,0.170813,0.0,0.009187,0.420833333,0.0,0.084,0.003866195830271
2025-09-28 07:00:00,0.2,0.307521,0.1075209999999999,0.0,0.420833333,0.0,0.071,0.0
2025-09-28 08:00:00,0.2299999999999999,1.378817,1.256338,0.0,0.420833333,0.0,0.063,0.0
2025-09-28 09:00:00,0.22,1.730293,2.766631,0.0,0.420833333,0.0,0.061,0.0
2025-09-28 10:00:00,4.62,1.387901,0.0,0.465468,0.420833333,0.0,0.06,0.195884449844844
2025-09-28 11:00:00,5.397365384615385,1.784436,0.0,3.6129293846153847,0.420833333,0.0,0.06,1.5204411148213313
2025-09-28 12:00:00,2.9673653846153845,5.031294,2.0639286153846155,0.0,0.420833333,0.0,0.059,0.0
2025-09-28 13:00:00,3.2773653846153845,4.690145,3.476708230769231,0.0,0.420833333,0.0,0.059,0.0
2025-09-28 14:00:00,3.4799999999999995,3.984566,3.9812742307692313,0.0,0.420833333,0.0,0.059,0.0
2025-09-28 15:00:00,1.18,2.967118,5.768392230769232,0.0,0.470833333,0.0,0.062,0.0
2025-09-28 16:00:00,1.24,1.5442360000000002,6.072628230769232,0.0,0.630833333,0.0,0.073,0.0
2025-09-28 17:00:00,2.205853448275862,0.170595,4.03736978249337,0.0,0.630833333,0.0,0.125,0.0
2025-09-28 18:00:00,2.725853448275862,0.0,1.3115163342175076,0.0,0.630833333,0.0,0.368,0.0
2025-09-28 19:00:00,1.29,0.0,0.0215163342175075,0.0,0.630833333,0.0,0.497,0.0
2025-09-28 20:00:00,1.25,0.0,0.0,1.2284836657824925,0.630833333,0.0,0.292,0.7749684454216278
2025-09-28 21:00:00,1.19,0.0,0.0,1.19,0.470833333,0.0,0.143,0.56029166627
2025-09-28 22:00:00,1.61,0.0,0.0,1.61,0.470833333,0.0,0.136,0.7580416661300001
2025-09-28 23:00:00,1.74,0.0,0.0,1.74,0.470833333,0.0,0.093,0.81924999942
2025-09-29 00:00:00,1.25,0.0,0.0,1.25,0.420833333,0.0,0.092,0.5260416662499999
2025-09-29 01:00:00,1.19,0.0,0.0,1.19,0.420833333,0.0,0.089,0.5007916662699999
2025-09-29 02:00:00,1.19,0.0,0.0,1.19,0.420833333,0.0,0.086,0.5007916662699999
2025-09-29 03:00:00,1.19,0.0,0.0,1.19,0.420833333,0.0,0.084,0.5007916662699999
2025-09-29 04:00:00,1.19,0.0,0.0,1.19,0.420833333,0.0,0.083,0.5007916662699999
2025-09-29 05:00:00,1.19,0.0,0.0,1.19,0.420833333,0.0,0.085,0.5007916662699999
2025-09-29 06:00:00,1.2,0.146279,0.0,1.053721,0.420833333,0.0,0.084,0.44344092048209294
2025-09-29 07:00:00,1.27,0.4255899999999999,0.0,0.8444100000000001,0.420833333,0.0,0.071,0.35535587471853003
2025-09-29 08:00:00,0.42,0.99813,0.57813,0.0,0.420833333,0.0,0.063,0.0
2025-09-29 09:00:00,0.1,3.930746,4.408876,0.0,0.420833333,0.0,0.061,0.0
2025-09-29 10:00:00,0.11,4.648843,8.947719,0.0,0.420833333,0.0,0.06,0.0
2025-09-29 11:00:00,0.4273653846153847,5.031207,13.5,0.0,0.420833333,4.603841615384615,0.06,-0.2762304969230769
2025-09-29 12:00:00,0.4273653846153847,5.066096,13.5,0.0,0.420833333,4.638730615384615,0.059,-0.27368510630769227
2025-09-29 13:00:00,0.4673653846153847,4.739656,13.5,0.0,0.420833333,4.272290615384615,0.059,-0.2520651463076923
2025-09-29 14:00:00,0.22,4.016936,13.5,0.0,0.420833333,3.796936,0.059,-0.224019224
2025-09-29 15:00:00,0.1699999999999999,2.969202,13.5,0.0,0.470833333,2.799202,0.062,-0.173550524
2025-09-29 16:00:00,0.14,1.522634,13.5,0.0,0.630833333,1.382634,0.073,-0.10093228199999998
2025-09-29 17:00:00,2.925853448275862,0.138313,10.712459551724136,0.0,0.630833333,0.0,0.125,0.0
2025-09-29 18:00:00,1.535853448275862,0.0,9.176606103448275,0.0,0.630833333,0.0,0.368,0.0
2025-09-29 19:00:00,0.28,0.0,8.896606103448276,0.0,0.630833333,0.0,0.497,0.0
2025-09-29 20:00:00,0.29,0.0,8.606606103448277,0.0,0.630833333,0.0,0.292,0.0
2025-09-29 21:00:00,0.25,0.0,8.356606103448277,0.0,0.470833333,0.0,0.143,0.0
2025-09-29 22:00:00,0.24,0.0,8.116606103448277,0.0,0.470833333,0.0,0.136,0.0
2025-09-29 23:00:00,0.22,0.0,7.896606103448277,0.0,0.470833333,0.0,0.093,0.0
2025-09-30 00:00:00,0.2299999999999999,0.0,7.666606103448277,0.0,0.420833333,0.0,0.092,0.0
2025-09-30 01:00:00,0.22,0.0,7.446606103448278,0.0,0.420833333,0.0,0.089,0.0
2025-09-30 02:00:00,0.22,0.0,7.226606103448278,0.0,0.420833333,0.0,0.086,0.0
2025-09-30 03:00:00,0.2299999999999999,0.0,6.996606103448278,0.0,0.420833333,0.0,0.084,0.0
2025-09-30 04:00:00,0.12,0.0,6.876606103448278,0.0,0.420833333,0.0,0.083,0.0
2025-09-30 05:00:00,0.11,0.0,6.766606103448278,0.0,0.420833333,0.0,0.085,0.0
2025-09-30 06:00:00,0.15,0.123052,6.739658103448278,0.0,0.420833333,0.0,0.084,0.0
2025-09-30 07:00:00,0.34,1.443549,7.843207103448278,0.0,0.420833333,0.0,0.071,0.0
2025-09-30 08:00:00,0.12,2.8377130000000004,10.56092010344828,0.0,0.420833333,0.0,0.063,0.0
2025-09-30 09:00:00,0.1,3.843635,13.5,0.0,0.420833333,3.743635,0.061,-0.22836173499999998
2025-09-30 10:00:00,0.1,4.51976,13.5,0.0,0.420833333,4.41976,0.06,-0.2651856
2025-09-30 11:00:00,0.3873653846153847,4.912618,13.5,0.0,0.420833333,4.525252615384615,0.06,-0.27151515692307693
2025-09-30 12:00:00,0.3873653846153847,4.951876,13.5,0.0,0.420833333,4.5645106153846156,0.059,-0.2693061263076923
2025-09-30 13:00:00,0.3873653846153847,4.597231,13.5,0.0,0.420833333,4.209865615384615,0.059,-0.24838207130769227
2025-09-30 14:00:00,0.1,3.873591,13.5,0.0,0.420833333,3.7735909999999997,0.059,-0.22264186899999996
2025-09-30 15:00:00,0.11,2.780973,13.5,0.0,0.470833333,2.670973,0.062,-0.165600326
2025-09-30 16:00:00,0.11,1.447388,13.5,0.0,0.630833333,1.3373879999999998,0.073,-0.09762932399999998
2025-09-30 17:00:00,1.815853448275862,0.100837,11.78498355172414,0.0,0.630833333,0.0,0.125,0.0
2025-09-30 18:00:00,3.295853448275862,0.0,8.489130103448277,0.0,0.630833333,0.0,0.368,0.0
2025-09-30 19:00:00,0.39,0.0,8.099130103448276,0.0,0.630833333,0.0,0.497,0.0
2025-09-30 20:00:00,0.27,0.0,7.829130103448277,0.0,0.630833333,0.0,0.292,0.0
2025-09-30 21:00:00,0.3,0.0,7.529130103448277,0.0,0.470833333,0.0,0.143,0.0
2025-09-30 22:00:00,0.36,0.0,7.169130103448277,0.0,0.470833333,0.0,0.136,0.0
2025-09-30 23:00:00,0.26,0.0,6.909130103448277,0.0,0.470833333,0.0,0.093,0.0
2025-09-30 23:59:59,0.1,0.0,6.909130103448277,0.1,150.0,0.0,0.0,15.0
2025-10-01 00:00:00,0.22,0.0,6.689130103448277,0.0,0.37016129,0.0,0.089,0.0
2025-10-01 01:00:00,0.2299999999999999,0.0,6.4591301034482775,0.0,0.37016129,0.0,0.087,0.0
2025-10-01 02:00:00,0.22,0.0,6.239130103448278,0.0,0.37016129,0.0,0.084,0.0
2025-10-01 03:00:00,0.23,0.0,6.009130103448277,0.0,0.37016129,0.0,0.083,0.0
2025-10-01 04:00:00,0.22,0.0,5.789130103448278,0.0,0.37016129,0.0,0.081,0.0
2025-10-01 05:00:00,0.22,0.0,5.569130103448278,0.0,0.37016129,0.0,0.084,0.0
2025-10-01 06:00:00,0.31,0.11537,5.374500103448278,0.0,0.37016129,0.0,0.083,0.0
2025-10-01 07:00:00,0.29,1.474795,6.559295103448278,0.0,0.37016129,0.0,0.075,0.0
2025-10-01 08:00:00,0.2299999999999999,2.863863,9.193158103448278,0.0,0.37016129,0.0,0.064,0.0
2025-10-01 09:00:00,0.2299999999999999,3.804873,12.768031103448278,0.0,0.37016129,0.0,0.059,0.0
2025-10-01 10:00:00,2.53,4.414536,13.5,0.0,0.37016129,1.8845360000000002,0.059,-0.11118762400000001
2025-10-01 11:00:00,2.8073653846153848,4.648359,13.5,0.0,0.37016129,1.8409936153846154,0.059,-0.1086186233076923
2025-10-01 12:00:00,2.8073653846153848,4.659009,13.5,0.0,0.37016129,1.8516436153846154,0.058,-0.1073953296923077
2025-10-01 13:00:00,2.8073653846153848,4.387187,13.5,0.0,0.37016129,1.5798216153846152,0.057,-0.09004983207692308
2025-10-01 14:00:00,2.52,3.803778,13.5,0.0,0.37016129,1.2837779999999999,0.057,-0.07317534599999999
2025-10-01 15:00:00,0.22,2.831991,13.5,0.0,0.38016129,2.6119909999999997,0.058,-0.151495478
2025-10-01 16:00:00,0.22,1.447974,13.5,0.0,0.40016129,1.2279740000000001,0.062,-0.07613438800000001
2025-10-01 17:00:00,2.745853448275862,0.094119,10.848265551724138,0.0,0.40016129,0.0,0.092,0.0
2025-10-01 18:00:00,1.9058534482758624,0.0,8.942412103448275,0.0,0.40016129,0.0,0.103,0.0
2025-10-01 19:00:00,0.41,0.0,8.532412103448275,0.0,0.40016129,0.0,0.101,0.0
2025-10-01 20:00:00,0.71,0.0,7.822412103448275,0.0,0.40016129,0.0,0.091,0.0
2025-10-01 21:00:00,1.0,0.0,6.822412103448275,0.0,0.38016129,0.0,0.088,0.0
2025-10-01 22:00:00,1.11,0.0,5.712412103448274,0.0,0.38016129,0.0,0.091,0.0
2025-10-01 23:00:00,0.2299999999999999,0.0,5.482412103448275,0.0,0.38016129,0.0,0.09,0.0
2025-10-02 00:00:00,0.2299999999999999,0.0,5.252412103448275,0.0,0.37016129,0.0,0.089,0.0
2025-10-02 01:00:00,0.2299999999999999,0.0,5.022412103448276,0.0,0.37016129,0.0,0.087,0.0
2025-10-02 02:00:00,0.2299999999999999,0.0,4.792412103448276,0.0,0.37016129,0.0,0.084,0.0
2025-10-02 03:00:00,0.2299999999999999,0.0,4.562412103448277,0.0,0.37016129,0.0,0.083,0.0
2025-10-02 04:00:00,0.2299999999999999,0.0,4.332412103448277,0.0,0.37016129,0.0,0.081,0.0
2025-10-02 05:00:00,0.2299999999999999,0.0,4.102412103448278,0.0,0.37016129,0.0,0.084,0.0
2025-10-02 06:00:00,0.26,0.112939,3.955351103448278,0.0,0.37016129,0.0,0.083,0.0
2025-10-02 07:00:00,0.2,1.520656,5.276007103448277,0.0,0.37016129,0.0,0.075,0.0
2025-10-02 08:00:00,0.11,2.897102,8.063109103448276,0.0,0.37016129,0.0,0.064,0.0
2025-10-02 09:00:00,0.1,3.793662,11.756771103448276,0.0,0.37016129,0.0,0.059,0.0
2025-10-02 10:00:00,0.11,4.417156,13.5,0.0,0.37016129,4.307156,0.059,-0.25412220399999996
2025-10-02 11:00:00,0.3421461538461539,4.76723,13.5,0.0,0.37016129,4.4250838461538455,0.059,-0.2610799469230769
2025-10-02 12:00:00,0.3421461538461539,4.802313,13.5,0.0,0.37016129,4.460166846153846,0.058,-0.2586896770769231
2025-10-02 13:00:00,0.3421461538461539,4.518687,13.5,0.0,0.37016129,4.176540846153846,0.057,-0.2380628282307692
2025-10-02 14:00:00,0.11,3.870967,13.5,0.0,0.37016129,3.760967,0.057,-0.214375119
2025-10-02 15:00:00,0.1,2.868203,13.5,0.0,0.38016129,2.7682029999999997,0.058,-0.16055577399999998
2025-10-02 16:00:00,0.1,1.457839,13.5,0.0,0.40016129,1.357839,0.062,-0.084186018
2025-10-02 17:00:00,0.8190816091954024,0.086944,12.7678623908046,0.0,0.40016129,0.0,0.092,0.0
2025-10-02 18:00:00,0.8190816091954024,0.0,11.948780781609196,0.0,0.40016129,0.0,0.103,0.0
2025-10-02 19:00:00,0.44,0.0,11.508780781609197,0.0,0.40016129,0.0,0.101,0.0
2025-10-02 20:00:00,0.28,0.0,11.228780781609196,0.0,0.40016129,0.0,0.091,0.0
2025-10-02 21:00:00,0.2,0.0,11.028780781609198,0.0,0.38016129,0.0,0.088,0.0
2025-10-02 22:00:00,0.15,0.0,10.878780781609198,0.0,0.38016129,0.0,0.091,0.0
2025-10-02 23:00:00,0.24,0.0,10.638780781609196,0.0,0.38016129,0.0,0.09,0.0
2025-10-03 00:00:00,0.22,0.0,10.418780781609197,0.0,0.37016129,0.0,0.089,0.0
2025-10-03 01:00:00,0.2299999999999999,0.0,10.188780781609196,0.0,0.37016129,0.0,0.087,0.0
2025-10-03 02:00:00,0.22,0.0,9.968780781609196,0.0,0.37016129,0.0,0.084,0.0
2025-10-03 03:00:00,0.22,0.0,9.748780781609195,0.0,0.37016129,0.0,0.083,0.0
2025-10-03 04:00:00,0.22,0.0,9.528780781609196,0.0,0.37016129,0.0,0.081,0.0
2025-10-03 05:00:00,0.21,0.0,9.318780781609194,0.0,0.37016129,0.0,0.084,0.0
2025-10-03 06:00:00,0.22,0.100887,9.199667781609191,0.0,0.37016129,0.0,0.083,0.0
2025-10-03 07:00:00,0.2299999999999999,1.488565,10.458232781609194,0.0,0.37016129,0.0,0.075,0.0
2025-10-03 08:00:00,0.19,2.900727,13.168959781609194,0.0,0.37016129,0.0,0.064,0.0
2025-10-03 09:00:00,0.15,3.899236,13.5,0.0,0.37016129,3.7492360000000002,0.059,-0.221204924
2025-10-03 10:00:00,2.46,4.570661,13.5,0.0,0.37016129,2.1106610000000003,0.059,-0.12452899900000002
2025-10-03 11:00:00,2.8221461538461536,4.921781,13.5,0.0,0.37016129,2.0996348461538465,0.059,-0.12387845592307693
2025-10-03 12:00:00,2.7821461538461536,4.928488000000001,13.5,0.0,0.37016129,2.146341846153847,0.058,-0.12448782707692313
2025-10-03 13:00:00,2.7621461538461536,2.611482,13.349335846153846,0.0,0.37016129,0.0,0.057,0.0
2025-10-03 14:00:00,2.4299999999999997,1.0645129999999998,11.983848846153846,0.0,0.37016129,0.0,0.057,0.0
2025-10-03 15:00:00,0.21,0.698725,12.472573846153846,0.0,0.38016129,0.0,0.058,0.0
2025-10-03 16:00:00,0.48,0.385503,12.378076846153846,0.0,0.40016129,0.0,0.062,0.0
2025-10-03 17:00:00,4.159081609195402,0.0621349999999999,8.281130236958443,0.0,0.40016129,0.0,0.092,0.0
2025-10-03 18:00:00,0.7890816091954024,0.0,7.492048627763041,0.0,0.40016129,0.0,0.103,0.0
2025-10-03 19:00:00,0.19,0.0,7.302048627763041,0.0,0.40016129,0.0,0.101,0.0
2025-10-03 20:00:00,0.28,0.0,7.0220486277630405,0.0,0.40016129,0.0,0.091,0.0
2025-10-03 21:00:00,0.26,0.0,6.762048627763041,0.0,0.38016129,0.0,0.088,0.0
2025-10-03 22:00:00,0.2,0.0,6.5620486277630405,0.0,0.38016129,0.0,0.091,0.0
2025-10-03 23:00:00,0.2,0.0,6.36204862776304,0.0,0.38016129,0.0,0.09,0.0
2025-10-04 00:00:00,0.16,0.0,6.20204862776304,0.0,0.37016129,0.0,0.089,0.0
2025-10-04 01:00:00,0.11,0.0,6.09204862776304,0.0,0.37016129,0.0,0.087,0.0
2025-10-04 02:00:00,0.11,0.0,5.98204862776304,0.0,0.37016129,0.0,0.084,0.0
2025-10-04 03:00:00,0.11,0.0,5.872048627763039,0.0,0.37016129,0.0,0.083,0.0
2025-10-04 04:00:00,0.11,0.0,5.762048627763039,0.0,0.37016129,0.0,0.081,0.0
2025-10-04 05:00:00,0.11,0.0,5.652048627763039,0.0,0.37016129,0.0,0.084,0.0
2025-10-04 06:00:00,0.11,0.099717,5.641765627763038,0.0,0.37016129,0.0,0.083,0.0
2025-10-04 07:00:00,0.11,0.064025,5.595790627763038,0.0,0.37016129,0.0,0.075,0.0
2025-10-04 08:00:00,0.41,0.6449389999999999,5.830729627763038,0.0,0.37016129,0.0,0.064,0.0
2025-10-04 09:00:00,0.3,4.014718,9.54544762776304,0.0,0.37016129,0.0,0.059,0.0
2025-10-04 10:00:00,2.9,4.71603,11.36147762776304,0.0,0.37016129,0.0,0.059,0.0
2025-10-04 11:00:00,2.7421461538461536,2.395569,11.014900473916883,0.0,0.37016129,0.0,0.059,0.0
2025-10-04 12:00:00,2.7021461538461535,3.48206,11.794814320070731,0.0,0.37016129,0.0,0.058,0.0
2025-10-04 13:00:00,2.682146153846154,4.7329669999999995,13.5,0.0,0.37016129,2.0508208461538455,0.057,-0.1168967882307692
2025-10-04 14:00:00,2.5,1.725423,12.725423,0.0,0.37016129,0.0,0.057,0.0
2025-10-04 15:00:00,0.32,2.897146,13.5,0.0,0.38016129,2.5771460000000004,0.058,-0.14947446800000003
2025-10-04 16:00:00,0.16,1.418179,13.5,0.0,0.40016129,1.2581790000000002,0.062,-0.07800709800000001
2025-10-04 17:00:00,0.8190816091954024,0.065107,12.746025390804595,0.0,0.40016129,0.0,0.092,0.0
2025-10-04 18:00:00,0.8990816091954024,0.0,11.846943781609196,0.0,0.40016129,0.0,0.103,0.0
2025-10-04 19:00:00,0.23,0.0,11.616943781609194,0.0,0.40016129,0.0,0.101,0.0
2025-10-04 20:00:00,0.16,0.0,11.456943781609194,0.0,0.40016129,0.0,0.091,0.0
2025-10-04 21:00:00,0.16,0.0,11.296943781609194,0.0,0.38016129,0.0,0.088,0.0
2025-10-04 22:00:00,0.13,0.0,11.166943781609191,0.0,0.38016129,0.0,0.091,0.0
2025-10-04 23:00:00,0.1,0.0,11.066943781609194,0.0,0.38016129,0.0,0.09,0.0
2025-10-05 00:00:00,0.12,0.0,10.946943781609194,0.0,0.37016129,0.0,0.089,0.0
2025-10-05 01:00:00,0.1,0.0,10.846943781609196,0.0,0.37016129,0.0,0.087,0.0
2025-10-05 02:00:00,0.11,0.0,10.736943781609195,0.0,0.37016129,0.0,0.084,0.0
2025-10-05 03:00:00,0.1,0.0,10.636943781609196,0.0,0.37016129,0.0,0.083,0.0
2025-10-05 04:00:00,0.12,0.0,10.516943781609196,0.0,0.37016129,0.0,0.081,0.0
2025-10-05 05:00:00,0.1,0.0,10.416943781609197,0.0,0.37016129,0.0,0.084,0.0
2025-10-05 06:00:00,0.11,0.098064,10.405007781609196,0.0,0.37016129,0.0,0.083,0.0
2025-10-05 07:00:00,0.45,1.5279280000000002,11.482935781609196,0.0,0.37016129,0.0,0.075,0.0
2025-10-05 08:00:00,0.19,2.989372,13.5,0.0,0.37016129,2.799372,0.064,-0.179159808
2025-10-05 09:00:00,0.11,4.032169,13.5,0.0,0.37016129,3.922169,0.059,-0.23140797099999996
2025-10-05 10:00:00,2.4099999999999997,2.12241,13.21241,0.0,0.37016129,0.0,0.059,0.0
2025-10-05 11:00:00,2.642146153846154,3.424487,13.5,0.0,0.37016129,0.7823408461538461,0.059,-0.046158109923076916
2025-10-05 12:00:00,2.6521461538461537,5.03387,13.5,0.0,0.37016129,2.3817238461538466,0.058,-0.1381399830769231
2025-10-05 13:00:00,2.772146153846154,4.648496,13.5,0.0,0.37016129,1.876349846153846,0.057,-0.10695194123076922
2025-10-05 14:00:00,2.76,1.71108,12.45108,0.0,0.37016129,0.0,0.057,0.0
2025-10-05 15:00:00,0.51,0.073319,12.014399,0.0,0.38016129,0.0,0.058,0.0
2025-10-05 16:00:00,0.2299999999999999,1.054145,12.838544,0.0,0.40016129,0.0,0.062,0.0
2025-10-05 17:00:00,1.4990816091954025,0.0601649999999999,11.399627390804598,0.0,0.40016129,0.0,0.092,0.0
2025-10-05 18:00:00,0.9790816091954024,0.0,10.420545781609196,0.0,0.40016129,0.0,0.103,0.0
2025-10-05 19:00:00,0.21,0.0,10.210545781609197,0.0,0.40016129,0.0,0.101,0.0
2025-10-05 20:00:00,0.22,0.0,9.990545781609194,0.0,0.40016129,0.0,0.091,0.0
2025-10-05 21:00:00,0.17,0.0,9.820545781609194,0.0,0.38016129,0.0,0.088,0.0
2025-10-05 22:00:00,0.16,0.0,9.660545781609194,0.0,0.38016129,0.0,0.091,0.0
2025-10-05 23:00:00,0.23,0.0,9.430545781609194,0.0,0.38016129,0.0,0.09,0.0
2025-10-06 00:00:00,0.14,0.0,9.290545781609191,0.0,0.37016129,0.0,0.089,0.0
2025-10-06 01:00:00,0.12,0.0,9.170545781609194,0.0,0.37016129,0.0,0.087,0.0
2025-10-06 02:00:00,0.11,0.0,9.060545781609196,0.0,0.37016129,0.0,0.084,0.0
2025-10-06 03:00:00,0.19,0.0,8.870545781609195,0.0,0.37016129,0.0,0.083,0.0
2025-10-06 04:00:00,0.2299999999999999,0.0,8.640545781609195,0.0,0.37016129,0.0,0.081,0.0
2025-10-06 05:00:00,0.22,0.0,8.420545781609194,0.0,0.37016129,0.0,0.084,0.0
2025-10-06 06:00:00,0.24,0.090025,8.270570781609194,0.0,0.37016129,0.0,0.083,0.0
2025-10-06 07:00:00,0.2299999999999999,1.49145,9.532020781609194,0.0,0.37016129,0.0,0.075,0.0
2025-10-06 08:00:00,0.22,2.906985,12.219005781609194,0.0,0.37016129,0.0,0.064,0.0
2025-10-06 09:00:00,0.14,3.897135,13.5,0.0,0.37016129,3.757135,0.059,-0.22167096499999997
2025-10-06 10:00:00,0.16,4.623621,13.5,0.0,0.37016129,4.463621,0.059,-0.263353639
2025-10-06 11:00:00,0.3821461538461539,4.974379,13.5,0.0,0.37016129,4.592232846153846,0.059,-0.2709417379230769
2025-10-06 12:00:00,0.4021461538461539,5.00971,13.5,0.0,0.37016129,4.607563846153846,0.058,-0.2672387030769231
2025-10-06 13:00:00,0.3621461538461539,4.665391,13.5,0.0,0.37016129,4.303244846153846,0.057,-0.24528495623076924
2025-10-06 14:00:00,3.08,3.98487,13.5,0.0,0.37016129,0.9048699999999998,0.057,-0.05157758999999999
2025-10-06 15:00:00,1.38,2.931584,13.5,0.0,0.38016129,1.551584,0.058,-0.08999187200000001
2025-10-06 16:00:00,0.15,1.422955,13.5,0.0,0.40016129,1.272955,0.062,-0.07892321000000001
2025-10-06 17:00:00,0.7990816091954024,0.051594,12.752512390804595,0.0,0.40016129,0.0,0.092,0.0
2025-10-06 18:00:00,0.8990816091954024,0.0,11.853430781609196,0.0,0.40016129,0.0,0.103,0.0
2025-10-06 19:00:00,0.22,0.0,11.633430781609194,0.0,0.40016129,0.0,0.101,0.0
2025-10-06 20:00:00,0.17,0.0,11.463430781609194,0.0,0.40016129,0.0,0.091,0.0
2025-10-06 21:00:00,0.15,0.0,11.313430781609194,0.0,0.38016129,0.0,0.088,0.0
2025-10-06 22:00:00,0.22,0.0,11.093430781609191,0.0,0.38016129,0.0,0.091,0.0
2025-10-06 23:00:00,0.22,0.0,10.873430781609192,0.0,0.38016129,0.0,0.09,0.0
2025-10-07 00:00:00,0.22,0.0,10.653430781609192,0.0,0.37016129,0.0,0.089,0.0
2025-10-07 01:00:00,0.22,0.0,10.433430781609191,0.0,0.37016129,0.0,0.087,0.0
2025-10-07 02:00:00,0.22,0.0,10.21343078160919,0.0,0.37016129,0.0,0.084,0.0
2025-10-07 03:00:00,0.22,0.0,9.99343078160919,0.0,0.37016129,0.0,0.083,0.0
2025-10-07 04:00:00,0.22,0.0,9.77343078160919,0.0,0.37016129,0.0,0.081,0.0
2025-10-07 05:00:00,0.21,0.0,9.563430781609188,0.0,0.37016129,0.0,0.084,0.0
2025-10-07 06:00:00,0.23,0.076559,9.409989781609188,0.0,0.37016129,0.0,0.083,0.0
2025-10-07 07:00:00,0.25,1.535085,10.695074781609188,0.0,0.37016129,0.0,0.075,0.0
2025-10-07 08:00:00,0.5,0.562683,10.757757781609188,0.0,0.37016129,0.0,0.064,0.0
2025-10-07 09:00:00,0.63,1.523076,11.650833781609188,0.0,0.37016129,0.0,0.059,0.0
2025-10-07 10:00:00,0.1,4.726636,13.5,0.0,0.37016129,4.626636,0.059,-0.272971524
2025-10-07 11:00:00,0.4869102564102564,5.0512179999999995,13.5,0.0,0.37016129,4.564307743589743,0.059,-0.2692941568717948
2025-10-07 12:00:00,0.4869102564102564,5.061049,13.5,0.0,0.37016129,4.574138743589743,0.058,-0.2653000471282051
2025-10-07 13:00:00,0.4869102564102564,4.681076,13.5,0.0,0.37016129,4.1941657435897435,0.057,-0.23906744738461538
2025-10-07 14:00:00,0.1,3.955189,13.5,0.0,0.37016129,3.8551889999999998,0.057,-0.219745773
2025-10-07 15:00:00,0.1,2.8924969999999997,13.5,0.0,0.38016129,2.7924969999999996,0.058,-0.16196482599999998
2025-10-07 16:00:00,0.11,1.378762,13.5,0.0,0.40016129,1.268762,0.062,-0.078663244
2025-10-07 17:00:00,2.938469348659004,0.040113,10.601643651340996,0.0,0.40016129,0.0,0.092,0.0
2025-10-07 18:00:00,1.2584693486590035,0.0,9.343174302681993,0.0,0.40016129,0.0,0.103,0.0
2025-10-07 19:00:00,0.28,0.0,9.063174302681992,0.0,0.40016129,0.0,0.101,0.0
2025-10-07 20:00:00,0.5800000000000001,0.0,8.483174302681993,0.0,0.40016129,0.0,0.091,0.0
2025-10-07 21:00:00,0.59,0.0,7.893174302681993,0.0,0.38016129,0.0,0.088,0.0
2025-10-07 22:00:00,0.26,0.0,7.633174302681994,0.0,0.38016129,0.0,0.091,0.0
2025-10-07 23:00:00,0.2299999999999999,0.0,7.403174302681994,0.0,0.38016129,0.0,0.09,0.0
2025-10-08 00:00:00,0.22,0.0,7.183174302681994,0.0,0.37016129,0.0,0.089,0.0
2025-10-08 01:00:00,0.2299999999999999,0.0,6.953174302681995,0.0,0.37016129,0.0,0.087,0.0
2025-10-08 02:00:00,0.22,0.0,6.733174302681995,0.0,0.37016129,0.0,0.084,0.0
2025-10-08 03:00:00,0.22,0.0,6.513174302681995,0.0,0.37016129,0.0,0.083,0.0
2025-10-08 04:00:00,0.2299999999999999,0.0,6.283174302681996,0.0,0.37016129,0.0,0.081,0.0
2025-10-08 05:00:00,0.16,0.0,6.123174302681996,0.0,0.37016129,0.0,0.084,0.0
2025-10-08 06:00:00,0.1,0.074734,6.097908302681995,0.0,0.37016129,0.0,0.083,0.0
2025-10-08 07:00:00,0.12,1.465732,7.443640302681995,0.0,0.37016129,0.0,0.075,0.0
2025-10-08 08:00:00,0.23,2.9421350000000004,10.155775302681995,0.0,0.37016129,0.0,0.064,0.0
2025-10-08 09:00:00,0.13,3.990029,13.5,0.0,0.37016129,3.860029,0.059,-0.22774171099999999
2025-10-08 10:00:00,2.4099999999999997,4.707602,13.5,0.0,0.37016129,2.297602,0.059,-0.135558518
2025-10-08 11:00:00,2.776910256410256,5.051255,13.5,0.0,0.37016129,2.274344743589744,0.059,-0.1341863398717949
2025-10-08 12:00:00,2.7869102564102564,5.027247,13.5,0.0,0.37016129,2.2403367435897437,0.058,-0.12993953112820514
2025-10-08 13:00:00,2.776910256410256,4.65358,13.5,0.0,0.37016129,1.8766697435897437,0.057,-0.1069701753846154
2025-10-08 14:00:00,2.4,3.908785,13.5,0.0,0.37016129,1.508785,0.057,-0.086000745
2025-10-08 15:00:00,0.1,2.840464,13.5,0.0,0.38016129,2.740464,0.058,-0.158946912
2025-10-08 16:00:00,0.1,1.327584,13.5,0.0,0.40016129,1.227584,0.062,-0.076110208
2025-10-08 17:00:00,1.9084693486590036,0.028146,11.619676651340995,0.0,0.40016129,0.0,0.092,0.0
2025-10-08 18:00:00,3.3484693486590036,0.0,8.271207302681992,0.0,0.40016129,0.0,0.103,0.0
2025-10-08 19:00:00,0.19,0.0,8.081207302681992,0.0,0.40016129,0.0,0.101,0.0
2025-10-08 20:00:00,0.24,0.0,7.841207302681992,0.0,0.40016129,0.0,0.091,0.0
2025-10-08 21:00:00,0.2299999999999999,0.0,7.611207302681993,0.0,0.38016129,0.0,0.088,0.0
2025-10-08 22:00:00,0.21,0.0,7.401207302681993,0.0,0.38016129,0.0,0.091,0.0
2025-10-08 23:00:00,0.11,0.0,7.291207302681992,0.0,0.38016129,0.0,0.09,0.0
2025-10-09 00:00:00,0.1,0.0,7.191207302681993,0.0,0.37016129,0.0,0.089,0.0
2025-10-09 01:00:00,0.1,0.0,7.091207302681993,0.0,0.37016129,0.0,0.087,0.0
2025-10-09 02:00:00,0.09,0.0,7.001207302681993,0.0,0.37016129,0.0,0.084,0.0
2025-10-09 03:00:00,0.1,0.0,6.901207302681994,0.0,0.37016129,0.0,0.083,0.0
2025-10-09 04:00:00,0.1,0.0,6.801207302681994,0.0,0.37016129,0.0,0.081,0.0
2025-10-09 05:00:00,0.1,0.0,6.701207302681994,0.0,0.37016129,0.0,0.084,0.0
2025-10-09 06:00:00,0.12,0.0744819999999999,6.655689302681994,0.0,0.37016129,0.0,0.083,0.0
2025-10-09 07:00:00,0.1,1.4627629999999998,8.018452302681993,0.0,0.37016129,0.0,0.075,0.0
2025-10-09 08:00:00,0.1,2.874417,10.792869302681993,0.0,0.37016129,0.0,0.064,0.0
2025-10-09 09:00:00,0.3399999999999999,1.839722,12.292591302681991,0.0,0.37016129,0.0,0.059,0.0
2025-10-09 10:00:00,0.55,4.491299,13.5,0.0,0.37016129,3.941299,0.059,-0.232536641
2025-10-09 11:00:00,1.0369102564102564,4.844402,13.5,0.0,0.37016129,3.8074917435897433,0.059,-0.22464201287179483
2025-10-09 12:00:00,0.8169102564102564,4.864377,13.5,0.0,0.37016129,4.047466743589744,0.058,-0.23475307112820515
2025-10-09 13:00:00,0.8069102564102564,4.45713,13.5,0.0,0.37016129,3.650219743589744,0.057,-0.20806252538461542
2025-10-09 14:00:00,0.13,3.746055,13.5,0.0,0.37016129,3.6160550000000002,0.057,-0.20611513500000003
2025-10-09 15:00:00,0.11,2.687327,13.5,0.0,0.38016129,2.577327,0.058,-0.149484966
2025-10-09 16:00:00,0.1,1.231849,13.5,0.0,0.40016129,1.1318489999999999,0.062,-0.070174638
2025-10-09 17:00:00,1.228469348659004,0.016197,12.287727651340996,0.0,0.40016129,0.0,0.092,0.0
2025-10-09 18:00:00,1.208469348659004,0.0,11.079258302681993,0.0,0.40016129,0.0,0.103,0.0
2025-10-09 19:00:00,0.18,0.0,10.899258302681991,0.0,0.40016129,0.0,0.101,0.0
2025-10-09 20:00:00,0.3,0.0,10.599258302681992,0.0,0.40016129,0.0,0.091,0.0
2025-10-09 21:00:00,0.29,0.0,10.309258302681991,0.0,0.38016129,0.0,0.088,0.0
2025-10-09 22:00:00,0.23,0.0,10.079258302681993,0.0,0.38016129,0.0,0.091,0.0
2025-10-09 23:00:00,0.15,0.0,9.929258302681992,0.0,0.38016129,0.0,0.09,0.0
2025-10-10 00:00:00,0.22,0.0,9.709258302681992,0.0,0.37016129,0.0,0.089,0.0
2025-10-10 01:00:00,0.1,0.0,9.609258302681992,0.0,0.37016129,0.0,0.087,0.0
2025-10-10 02:00:00,0.1,0.0,9.509258302681992,0.0,0.37016129,0.0,0.084,0.0
2025-10-10 03:00:00,0.09,0.0,9.419258302681992,0.0,0.37016129,0.0,0.083,0.0
2025-10-10 04:00:00,0.1,0.0,9.319258302681993,0.0,0.37016129,0.0,0.081,0.0
2025-10-10 05:00:00,0.12,0.0,9.199258302681994,0.0,0.37016129,0.0,0.084,0.0
2025-10-10 06:00:00,0.1,0.0331659999999999,9.132424302681994,0.0,0.37016129,0.0,0.083,0.0
2025-10-10 07:00:00,0.11,0.844698,9.867122302681992,0.0,0.37016129,0.0,0.075,0.0
2025-10-10 08:00:00,0.13,1.486926,11.224048302681991,0.0,0.37016129,0.0,0.064,0.0
2025-10-10 09:00:00,0.14,3.840397,13.5,0.0,0.37016129,3.7003969999999997,0.059,-0.21832342299999996
2025-10-10 10:00:00,2.57,4.5210550000000005,13.5,0.0,0.37016129,1.9510550000000006,0.059,-0.11511224500000003
2025-10-10 11:00:00,2.771576923076923,2.255116,12.983539076923076,0.0,0.37016129,0.0,0.059,0.0
2025-10-10 12:00:00,2.651576923076923,4.809424,13.5,0.0,0.37016129,2.157847076923077,0.058,-0.12515513046153848
2025-10-10 13:00:00,2.631576923076923,4.448640999999999,13.5,0.0,0.37016129,1.8170640769230766,0.057,-0.10357265238461537
2025-10-10 14:00:00,2.4499999999999997,3.739486,13.5,0.0,0.37016129,1.2894860000000001,0.057,-0.07350070200000001
2025-10-10 15:00:00,0.13,0.927074,13.5,0.0,0.38016129,0.797074,0.058,-0.046230292
2025-10-10 16:00:00,0.44,1.18479,13.5,0.0,0.40016129,0.7447900000000001,0.062,-0.046176980000000006
2025-10-10 17:00:00,0.8339022988505749,0.0,12.666097701149424,0.0,0.40016129,0.0,0.092,0.0
2025-10-10 18:00:00,0.8839022988505748,0.0,11.78219540229885,0.0,0.40016129,0.0,0.103,0.0
2025-10-10 19:00:00,0.25,0.0,11.53219540229885,0.0,0.40016129,0.0,0.101,0.0
2025-10-10 20:00:00,0.43,0.0,11.10219540229885,0.0,0.40016129,0.0,0.091,0.0
2025-10-10 21:00:00,0.34,0.0,10.76219540229885,0.0,0.38016129,0.0,0.088,0.0
2025-10-10 22:00:00,0.18,0.0,10.58219540229885,0.0,0.38016129,0.0,0.091,0.0
2025-10-10 23:00:00,0.11,0.0,10.472195402298851,0.0,0.38016129,0.0,0.09,0.0
2025-10-11 00:00:00,0.11,0.0,10.362195402298852,0.0,0.37016129,0.0,0.089,0.0
2025-10-11 01:00:00,0.1,0.0,10.262195402298852,0.0,0.37016129,0.0,0.087,0.0
2025-10-11 02:00:00,0.11,0.0,10.152195402298853,0.0,0.37016129,0.0,0.084,0.0
2025-10-11 03:00:00,0.11,0.0,10.042195402298852,0.0,0.37016129,0.0,0.083,0.0
2025-10-11 04:00:00,0.11,0.0,9.932195402298854,0.0,0.37016129,0.0,0.081,0.0
2025-10-11 05:00:00,0.12,0.0,9.812195402298856,0.0,0.37016129,0.0,0.084,0.0
2025-10-11 06:00:00,0.1,0.041468,9.753663402298857,0.0,0.37016129,0.0,0.083,0.0
2025-10-11 07:00:00,0.1,0.028666,9.682329402298857,0.0,0.37016129,0.0,0.075,0.0
2025-10-11 08:00:00,0.3299999999999999,0.373524,9.725853402298856,0.0,0.37016129,0.0,0.064,0.0
2025-10-11 09:00:00,0.41,0.313683,9.629536402298854,0.0,0.37016129,0.0,0.059,0.0
2025-10-11 10:00:00,2.75,0.53277,7.412306402298854,0.0,0.37016129,0.0,0.059,0.0
2025-10-11 11:00:00,2.731576923076923,0.95549,5.636219479221931,0.0,0.37016129,0.0,0.059,0.0
2025-10-11 12:00:00,3.361576923076923,0.191342,2.4659845561450084,0.0,0.37016129,0.0,0.058,0.0
2025-10-11 13:00:00,3.171576923076923,0.135136,0.0,0.5704563669319143,0.37016129,0.0,0.057,0.21116086467223072
2025-10-11 14:00:00,2.4099999999999997,0.158211,0.0,2.2517889999999996,0.37016129,0.0,0.057,0.8335251210478098
2025-10-11 15:00:00,0.11,0.038539,0.0,0.071461,0.38016129,0.0,0.058,0.02716670594469
2025-10-11 16:00:00,0.11,0.0,0.0,0.11,0.40016129,0.0,0.062,0.0440177419
2025-10-11 17:00:00,0.6539022988505748,0.0,0.0,0.6539022988505748,0.40016129,0.0,0.092,0.26166638744201154
2025-10-11 18:00:00,0.6539022988505748,0.0,0.0,0.6539022988505748,0.40016129,0.0,0.103,0.26166638744201154
2025-10-11 19:00:00,0.11,0.0,0.0,0.11,0.40016129,0.0,0.101,0.0440177419
2025-10-11 20:00:00,0.11,0.0,0.0,0.11,0.40016129,0.0,0.091,0.0440177419
2025-10-11 21:00:00,0.12,0.0,0.0,0.12,0.38016129,0.0,0.088,0.0456193548
2025-10-11 22:00:00,0.1,0.0,0.0,0.1,0.38016129,0.0,0.091,0.038016129
2025-10-11 23:00:00,0.1,0.0,0.0,0.1,0.38016129,0.0,0.09,0.038016129
2025-10-12 00:00:00,0.1,0.0,0.0,0.1,0.37016129,0.0,0.089,0.037016129
2025-10-12 01:00:00,0.11,0.0,0.0,0.11,0.37016129,0.0,0.087,0.0407177419
2025-10-12 02:00:00,0.1,0.0,0.0,0.1,0.37016129,0.0,0.084,0.037016129
2025-10-12 03:00:00,0.11,0.0,0.0,0.11,0.37016129,0.0,0.083,0.0407177419
2025-10-12 04:00:00,0.09,0.0,0.0,0.09,0.37016129,0.0,0.081,0.0333145161
2025-10-12 05:00:00,0.1,0.0,0.0,0.1,0.37016129,0.0,0.084,0.037016129
2025-10-12 06:00:00,0.1,0.037395,0.0,0.06260500000000001,0.37016129,0.0,0.083,0.023173947560450003
2025-10-12 07:00:00,0.1,1.334191,1.234191,0.0,0.37016129,0.0,0.075,0.0
2025-10-12 08:00:00,0.1,0.407202,1.541393,0.0,0.37016129,0.0,0.064,0.0
2025-10-12 09:00:00,0.1,1.716673,3.158066,0.0,0.37016129,0.0,0.059,0.0
2025-10-12 10:00:00,2.3899999999999997,2.218498,2.986564,0.0,0.37016129,0.0,0.059,0.0
2025-10-12 11:00:00,2.591576923076923,1.476607,1.8715940769230772,0.0,0.37016129,0.0,0.059,0.0
2025-10-12 12:00:00,2.601576923076923,1.549775,0.8197921538461543,0.0,0.37016129,0.0,0.058,0.0
2025-10-12 13:00:00,2.591576923076923,1.427385,0.0,0.34439976923076854,0.37016129,0.0,0.057,0.1274834628541636
2025-10-12 14:00:00,2.4,1.6359849999999998,0.0,0.7640150000000001,0.37016129,0.0,0.057,0.28280877797935
2025-10-12 15:00:00,0.1,1.29728,1.19728,0.0,0.38016129,0.0,0.058,0.0
2025-10-12 16:00:00,0.11,0.445824,1.5331039999999998,0.0,0.40016129,0.0,0.062,0.0
2025-10-12 17:00:00,0.6439022988505748,0.0,0.889201701149425,0.0,0.40016129,0.0,0.092,0.0
2025-10-12 18:00:00,0.6539022988505748,0.0,0.2352994022988501,0.0,0.40016129,0.0,0.103,0.0
2025-10-12 19:00:00,0.11,0.0,0.1252994022988501,0.0,0.40016129,0.0,0.101,0.0
2025-10-12 20:00:00,0.11,0.0,0.0152994022988501,0.0,0.40016129,0.0,0.091,0.0
2025-10-12 21:00:00,0.11,0.0,0.0,0.0947005977011499,0.38016129,0.0,0.088,0.03600150138584018
2025-10-12 22:00:00,0.11,0.0,0.0,0.11,0.38016129,0.0,0.091,0.0418177419
2025-10-12 23:00:00,0.1,0.0,0.0,0.1,0.38016129,0.0,0.09,0.038016129
2025-10-13 00:00:00,0.1,0.0,0.0,0.1,0.37016129,0.0,0.089,0.037016129
2025-10-13 01:00:00,0.11,0.0,0.0,0.11,0.37016129,0.0,0.087,0.0407177419
2025-10-13 02:00:00,0.1,0.0,0.0,0.1,0.37016129,0.0,0.084,0.037016129
2025-10-13 03:00:00,0.11,0.0,0.0,0.11,0.37016129,0.0,0.083,0.0407177419
2025-10-13 04:00:00,0.09,0.0,0.0,0.09,0.37016129,0.0,0.081,0.0333145161
2025-10-13 05:00:00,0.1,0.0,0.0,0.1,0.37016129,0.0,0.084,0.037016129
2025-10-13 06:00:00,0.1,0.039531,0.0,0.06046900000000001,0.37016129,0.0,0.083,0.022383283045010003
2025-10-13 07:00:00,0.1,1.359251,1.259251,0.0,0.37016129,0.0,0.075,0.0
2025-10-13 08:00:00,0.1,2.788766,3.948017,0.0,0.37016129,0.0,0.064,0.0
2025-10-13 09:00:00,0.1,3.798376,7.646393,0.0,0.37016129,0.0,0.059,0.0
2025-10-13 10:00:00,0.09,4.492954,12.049347,0.0,0.37016129,0.0,0.059,0.0
2025-10-13 11:00:00,0.2915769230769231,4.837054,13.5,0.0,0.37016129,4.545477076923077,0.059,-0.2681831475384615
2025-10-13 12:00:00,0.2915769230769231,4.820424,13.5,0.0,0.37016129,4.528847076923077,0.058,-0.26267313046153845
2025-10-13 13:00:00,1.0415769230769232,4.437484,13.5,0.0,0.37016129,3.395907076923077,0.057,-0.1935667033846154
2025-10-13 14:00:00,1.79,3.726985,13.5,0.0,0.37016129,1.936985,0.057,-0.110408145
2025-10-13 15:00:00,1.7,2.67314,13.5,0.0,0.38016129,0.9731400000000001,0.058,-0.05644212000000001
2025-10-13 16:00:00,1.81,1.149451,12.839451,0.0,0.40016129,0.0,0.062,0.0
2025-10-13 17:00:00,2.313902298850575,0.0,10.525548701149424,0.0,0.40016129,0.0,0.092,0.0
2025-10-13 18:00:00,1.5439022988505748,0.0,8.98164640229885,0.0,0.40016129,0.0,0.103,0.0
2025-10-13 19:00:00,0.36,0.0,8.62164640229885,0.0,0.40016129,0.0,0.101,0.0
2025-10-13 20:00:00,0.25,0.0,8.37164640229885,0.0,0.40016129,0.0,0.091,0.0
2025-10-13 21:00:00,0.96,0.0,7.41164640229885,0.0,0.38016129,0.0,0.088,0.0
2025-10-13 22:00:00,0.82,0.0,6.59164640229885,0.0,0.38016129,0.0,0.091,0.0
2025-10-13 23:00:00,0.21,0.0,6.38164640229885,0.0,0.38016129,0.0,0.09,0.0
2025-10-14 00:00:00,0.14,0.0,6.2416464022988505,0.0,0.37016129,0.0,0.089,0.0
2025-10-14 01:00:00,1.04,0.0,5.2016464022988504,0.0,0.37016129,0.0,0.087,0.0
2025-10-14 02:00:00,0.49,0.0,4.71164640229885,0.0,0.37016129,0.0,0.084,0.0
2025-10-14 03:00:00,0.5800000000000001,0.0,4.13164640229885,0.0,0.37016129,0.0,0.083,0.0
2025-10-14 04:00:00,0.8999999999999999,0.0,3.2316464022988503,0.0,0.37016129,0.0,0.081,0.0
2025-10-14 05:00:00,0.5900000000000001,0.0,2.64164640229885,0.0,0.37016129,0.0,0.084,0.0
2025-10-14 06:00:00,0.98,0.0407719999999999,1.70241840229885,0.0,0.37016129,0.0,0.083,0.0
2025-10-14 07:00:00,1.39,1.385007,1.6974254022988502,0.0,0.37016129,0.0,0.075,0.0
2025-10-14 08:00:00,0.4499999999999999,2.83052,4.07794540229885,0.0,0.37016129,0.0,0.064,0.0
2025-10-14 09:00:00,0.1,3.825777,7.80372240229885,0.0,0.37016129,0.0,0.059,0.0
2025-10-14 10:00:00,0.11,2.9438,10.637522402298847,0.0,0.37016129,0.0,0.059,0.0
2025-10-14 11:00:00,0.2915769230769231,4.810774,13.5,0.0,0.37016129,4.519197076923077,0.059,-0.2666326275384615
2025-10-14 12:00:00,0.2915769230769231,4.795647,13.5,0.0,0.37016129,4.504070076923076,0.058,-0.26123606446153846
2025-10-14 13:00:00,0.2915769230769231,4.406476,13.5,0.0,0.37016129,4.114899076923076,0.057,-0.23454924738461536
2025-10-14 14:00:00,0.1,3.719679,13.5,0.0,0.37016129,3.619679,0.057,-0.20632170300000002
2025-10-14 15:00:00,0.1,2.6357429999999997,13.5,0.0,0.38016129,2.5357429999999996,0.058,-0.147073094
2025-10-14 16:00:00,0.1,1.128312,13.5,0.0,0.40016129,1.028312,0.062,-0.06375534399999999
2025-10-14 17:00:00,0.6739022988505748,0.0,12.826097701149424,0.0,0.40016129,0.0,0.092,0.0
2025-10-14 18:00:00,0.9439022988505748,0.0,11.882195402298851,0.0,0.40016129,0.0,0.103,0.0
2025-10-14 19:00:00,0.29,0.0,11.592195402298852,0.0,0.40016129,0.0,0.101,0.0
2025-10-14 20:00:00,0.19,0.0,11.402195402298853,0.0,0.40016129,0.0,0.091,0.0
2025-10-14 21:00:00,0.14,0.0,11.262195402298852,0.0,0.38016129,0.0,0.088,0.0
2025-10-14 22:00:00,0.1,0.0,11.162195402298853,0.0,0.38016129,0.0,0.091,0.0
2025-10-14 23:00:00,0.13,0.0,11.032195402298852,0.0,0.38016129,0.0,0.09,0.0
2025-10-15 00:00:00,0.11,0.0,10.922195402298852,0.0,0.37016129,0.0,0.089,0.0
2025-10-15 01:00:00,0.1,0.0,10.822195402298853,0.0,0.37016129,0.0,0.087,0.0
2025-10-15 02:00:00,0.38,0.0,10.442195402298852,0.0,0.37016129,0.0,0.084,0.0
2025-10-15 03:00:00,0.56,0.0,9.882195402298851,0.0,0.37016129,0.0,0.083,0.0
2025-10-15 04:00:00,0.33,0.0,9.552195402298851,0.0,0.37016129,0.0,0.081,0.0
2025-10-15 05:00:00,0.86,0.0,8.692195402298852,0.0,0.37016129,0.0,0.084,0.0
2025-10-15 06:00:00,0.59,0.03047,8.132665402298851,0.0,0.37016129,0.0,0.083,0.0
2025-10-15 07:00:00,0.53,1.348005,8.95067040229885,0.0,0.37016129,0.0,0.075,0.0
2025-10-15 08:00:00,0.5900000000000001,2.802896,11.163566402298851,0.0,0.37016129,0.0,0.064,0.0
2025-10-15 09:00:00,0.46,3.783045,13.5,0.0,0.37016129,3.323045,0.059,-0.196059655
2025-10-15 10:00:00,2.76,4.457195,13.5,0.0,0.37016129,1.6971949999999998,0.059,-0.10013450499999998
2025-10-15 11:00:00,2.591576923076923,4.760208,13.5,0.0,0.37016129,2.1686310769230777,0.059,-0.12794923353846158
2025-10-15 12:00:00,2.591576923076923,4.729026,13.5,0.0,0.37016129,2.1374490769230774,0.058,-0.12397204646153849
2025-10-15 13:00:00,2.601576923076923,4.373939999999999,13.5,0.0,0.37016129,1.7723630769230763,0.057,-0.10102469538461535
2025-10-15 14:00:00,2.4099999999999997,3.655543,13.5,0.0,0.37016129,1.2455430000000005,0.057,-0.07099595100000003
2025-10-15 15:00:00,0.1,2.598034,13.5,0.0,0.38016129,2.498034,0.058,-0.144885972
2025-10-15 16:00:00,0.1,1.094433,13.5,0.0,0.40016129,0.994433,0.062,-0.061654846
2025-10-15 17:00:00,0.8739022988505748,0.0,12.626097701149424,0.0,0.40016129,0.0,0.092,0.0
2025-10-15 18:00:00,3.183902298850575,0.0,9.44219540229885,0.0,0.40016129,0.0,0.103,0.0
2025-10-15 19:00:00,0.28,0.0,9.16219540229885,0.0,0.40016129,0.0,0.101,0.0
2025-10-15 20:00:00,0.24,0.0,8.92219540229885,0.0,0.40016129,0.0,0.091,0.0
2025-10-15 21:00:00,0.39,0.0,8.53219540229885,0.0,0.38016129,0.0,0.088,0.0
2025-10-15 22:00:00,0.2,0.0,8.33219540229885,0.0,0.38016129,0.0,0.091,0.0
2025-10-15 23:00:00,0.11,0.0,8.222195402298851,0.0,0.38016129,0.0,0.09,0.0
2025-10-16 00:00:00,0.44,0.0,7.782195402298851,0.0,0.37016129,0.0,0.089,0.0
2025-10-16 01:00:00,0.47,0.0,7.312195402298851,0.0,0.37016129,0.0,0.087,0.0
2025-10-16 02:00:00,0.5499999999999999,0.0,6.762195402298851,0.0,0.37016129,0.0,0.084,0.0
2025-10-16 03:00:00,0.96,0.0,5.802195402298851,0.0,0.37016129,0.0,0.083,0.0
2025-10-16 04:00:00,0.5,0.0,5.302195402298851,0.0,0.37016129,0.0,0.081,0.0
2025-10-16 05:00:00,0.75,0.0,4.552195402298851,0.0,0.37016129,0.0,0.084,0.0
2025-10-16 06:00:00,0.92,0.032459,3.664654402298851,0.0,0.37016129,0.0,0.083,0.0
2025-10-16 07:00:00,0.95,1.3318599999999998,4.046514402298851,0.0,0.37016129,0.0,0.075,0.0
2025-10-16 08:00:00,0.32,2.779915,6.506429402298851,0.0,0.37016129,0.0,0.064,0.0
2025-10-16 09:00:00,0.1,3.793105,10.199534402298852,0.0,0.37016129,0.0,0.059,0.0
2025-10-16 10:00:00,0.1,4.4821800000000005,13.5,0.0,0.37016129,4.382180000000001,0.059,-0.25854862000000006
2025-10-16 11:00:00,0.4931538461538462,4.820052,13.5,0.0,0.37016129,4.3268981538461535,0.059,-0.25528699107692304
2025-10-16 12:00:00,0.4831538461538462,4.809512,13.5,0.0,0.37016129,4.3263581538461535,0.058,-0.2509287729230769
2025-10-16 13:00:00,0.4831538461538462,4.419919,13.5,0.0,0.37016129,3.936765153846154,0.057,-0.22439561376923078
2025-10-16 14:00:00,0.1,3.713712,13.5,0.0,0.37016129,3.613712,0.057,-0.20598158400000002
2025-10-16 15:00:00,0.1,2.595411,13.5,0.0,0.38016129,2.495411,0.058,-0.144733838
2025-10-16 16:00:00,0.1,1.0882660000000002,13.5,0.0,0.40016129,0.9882660000000002,0.062,-0.06127249200000001
2025-10-16 17:00:00,1.2478045977011496,0.0,12.25219540229885,0.0,0.40016129,0.0,0.092,0.0
2025-10-16 18:00:00,1.6078045977011497,0.0,10.644390804597702,0.0,0.40016129,0.0,0.103,0.0
2025-10-16 19:00:00,0.45,0.0,10.194390804597704,0.0,0.40016129,0.0,0.101,0.0
2025-10-16 20:00:00,0.31,0.0,9.884390804597702,0.0,0.40016129,0.0,0.091,0.0
2025-10-16 21:00:00,0.44,0.0,9.444390804597704,0.0,0.38016129,0.0,0.088,0.0
2025-10-16 22:00:00,0.6699999999999999,0.0,8.774390804597703,0.0,0.38016129,0.0,0.091,0.0
2025-10-16 23:00:00,0.51,0.0,8.264390804597703,0.0,0.38016129,0.0,0.09,0.0
2025-10-17 00:00:00,0.21,0.0,8.054390804597702,0.0,0.37016129,0.0,0.089,0.0
2025-10-17 01:00:00,0.22,0.0,7.834390804597702,0.0,0.37016129,0.0,0.087,0.0
2025-10-17 02:00:00,0.54,0.0,7.294390804597702,0.0,0.37016129,0.0,0.084,0.0
2025-10-17 03:00:00,0.55,0.0,6.744390804597702,0.0,0.37016129,0.0,0.083,0.0
2025-10-17 04:00:00,0.96,0.0,5.784390804597702,0.0,0.37016129,0.0,0.081,0.0
2025-10-17 05:00:00,0.62,0.0,5.164390804597702,0.0,0.37016129,0.0,0.084,0.0
2025-10-17 06:00:00,0.64,0.0,4.524390804597703,0.0,0.37016129,0.0,0.083,0.0
2025-10-17 07:00:00,0.5700000000000001,1.435479,5.389869804597702,0.0,0.37016129,0.0,0.075,0.0
2025-10-17 08:00:00,0.22,2.956752,8.126621804597702,0.0,0.37016129,0.0,0.064,0.0
2025-10-17 09:00:00,0.22,4.014214,11.920835804597704,0.0,0.37016129,0.0,0.059,0.0
2025-10-17 10:00:00,2.53,4.691966000000001,13.5,0.0,0.37016129,2.161966000000001,0.059,-0.12755599400000006
2025-10-17 11:00:00,2.933153846153846,4.979449,13.5,0.0,0.37016129,2.046295153846154,0.059,-0.12073141407692307
2025-10-17 12:00:00,2.903153846153846,4.923152,13.5,0.0,0.37016129,2.0199981538461538,0.058,-0.11715989292307692
2025-10-17 13:00:00,2.903153846153846,4.4940050000000005,13.5,0.0,0.37016129,1.5908511538461543,0.057,-0.09067851576923079
2025-10-17 14:00:00,2.52,3.73443,13.5,0.0,0.37016129,1.2144300000000001,0.057,-0.06922251000000001
2025-10-17 15:00:00,0.2299999999999999,2.645416,13.5,0.0,0.38016129,2.415416,0.058,-0.140094128
2025-10-17 16:00:00,0.28,1.093653,13.5,0.0,0.40016129,0.813653,0.062,-0.050446486
2025-10-17 17:00:00,1.4278045977011495,0.0,12.072195402298853,0.0,0.40016129,0.0,0.092,0.0
2025-10-17 18:00:00,2.7978045977011496,0.0,9.2743908045977,0.0,0.40016129,0.0,0.103,0.0
2025-10-17 19:00:00,1.24,0.0,8.0343908045977,0.0,0.40016129,0.0,0.101,0.0
2025-10-17 20:00:00,0.35,0.0,7.684390804597701,0.0,0.40016129,0.0,0.091,0.0
2025-10-17 21:00:00,0.37,0.0,7.314390804597701,0.0,0.38016129,0.0,0.088,0.0
2025-10-17 22:00:00,0.47,0.0,6.844390804597701,0.0,0.38016129,0.0,0.091,0.0
2025-10-17 23:00:00,0.35,0.0,6.4943908045977015,0.0,0.38016129,0.0,0.09,0.0
2025-10-18 00:00:00,0.35,0.0,6.144390804597702,0.0,0.37016129,0.0,0.089,0.0
2025-10-18 01:00:00,0.33,0.0,5.814390804597702,0.0,0.37016129,0.0,0.087,0.0
2025-10-18 02:00:00,0.33,0.0,5.484390804597702,0.0,0.37016129,0.0,0.084,0.0
2025-10-18 03:00:00,0.36,0.0,5.124390804597701,0.0,0.37016129,0.0,0.083,0.0
2025-10-18 04:00:00,0.36,0.0,4.764390804597701,0.0,0.37016129,0.0,0.081,0.0
2025-10-18 05:00:00,0.3399999999999999,0.0,4.424390804597701,0.0,0.37016129,0.0,0.084,0.0
2025-10-18 06:00:00,0.35,0.0,4.0743908045977015,0.0,0.37016129,0.0,0.083,0.0
2025-10-18 07:00:00,0.53,1.355892,4.900282804597701,0.0,0.37016129,0.0,0.075,0.0
2025-10-18 08:00:00,0.6,2.850523,7.1508058045977005,0.0,0.37016129,0.0,0.064,0.0
2025-10-18 09:00:00,0.36,3.828651,10.6194568045977,0.0,0.37016129,0.0,0.059,0.0
2025-10-18 10:00:00,2.63,4.471966,12.4614228045977,0.0,0.37016129,0.0,0.059,0.0
2025-10-18 11:00:00,3.133153846153846,4.844333,13.5,0.0,0.37016129,1.7111791538461536,0.059,-0.10095957007692306
2025-10-18 12:00:00,3.353153846153846,4.854326,13.5,0.0,0.37016129,1.5011721538461544,0.058,-0.08706798492307696
2025-10-18 13:00:00,5.243153846153846,4.493374,12.750220153846154,0.0,0.37016129,0.0,0.057,0.0
2025-10-18 14:00:00,3.37,3.728367,13.108587153846154,0.0,0.37016129,0.0,0.057,0.0
2025-10-18 15:00:00,2.5700000000000003,2.573196,13.111783153846153,0.0,0.38016129,0.0,0.058,0.0
2025-10-18 16:00:00,1.78,1.030474,12.362257153846151,0.0,0.40016129,0.0,0.062,0.0
2025-10-18 17:00:00,1.2578045977011496,0.0,11.104452556145004,0.0,0.40016129,0.0,0.092,0.0
2025-10-18 18:00:00,1.2478045977011496,0.0,9.856647958443856,0.0,0.40016129,0.0,0.103,0.0
2025-10-18 19:00:00,0.2,0.0,9.656647958443855,0.0,0.40016129,0.0,0.101,0.0
2025-10-18 20:00:00,0.24,0.0,9.416647958443855,0.0,0.40016129,0.0,0.091,0.0
2025-10-18 21:00:00,0.12,0.0,9.296647958443856,0.0,0.38016129,0.0,0.088,0.0
2025-10-18 22:00:00,0.2,0.0,9.096647958443857,0.0,0.38016129,0.0,0.091,0.0
2025-10-18 23:00:00,0.25,0.0,8.846647958443857,0.0,0.38016129,0.0,0.09,0.0
2025-10-19 00:00:00,0.32,0.0,8.526647958443856,0.0,0.37016129,0.0,0.089,0.0
2025-10-19 01:00:00,0.2299999999999999,0.0,8.296647958443856,0.0,0.37016129,0.0,0.087,0.0
2025-10-19 02:00:00,0.2299999999999999,0.0,8.066647958443856,0.0,0.37016129,0.0,0.084,0.0
2025-10-19 03:00:00,0.2299999999999999,0.0,7.836647958443856,0.0,0.37016129,0.0,0.083,0.0
2025-10-19 04:00:00,0.22,0.0,7.616647958443856,0.0,0.37016129,0.0,0.081,0.0
2025-10-19 05:00:00,0.24,0.0,7.376647958443856,0.0,0.37016129,0.0,0.084,0.0
2025-10-19 06:00:00,0.88,0.0,6.496647958443856,0.0,0.37016129,0.0,0.083,0.0
2025-10-19 07:00:00,0.39,1.23731,7.343957958443856,0.0,0.37016129,0.0,0.075,0.0
2025-10-19 08:00:00,0.24,2.678397,9.782354958443856,0.0,0.37016129,0.0,0.064,0.0
2025-10-19 09:00:00,0.7,3.723422,12.805776958443856,0.0,0.37016129,0.0,0.059,0.0
2025-10-19 10:00:00,2.99,4.397801,13.5,0.0,0.37016129,1.407801,0.059,-0.083060259
2025-10-19 11:00:00,2.764548076923077,1.1025619999999998,11.838013923076923,0.0,0.37016129,0.0,0.059,0.0
2025-10-19 12:00:00,2.784548076923077,1.160674,10.214139846153849,0.0,0.37016129,0.0,0.058,0.0
2025-10-19 13:00:00,2.774548076923077,1.068666,8.50825776923077,0.0,0.37016129,0.0,0.057,0.0
2025-10-19 14:00:00,2.42,0.877796,6.96605376923077,0.0,0.37016129,0.0,0.057,0.0
2025-10-19 15:00:00,0.22,0.463278,7.20933176923077,0.0,0.38016129,0.0,0.058,0.0
2025-10-19 16:00:00,0.32,0.991768,7.881099769230771,0.0,0.40016129,0.0,0.062,0.0
2025-10-19 17:00:00,1.6578548850574713,0.0,6.223244884173299,0.0,0.40016129,0.0,0.092,0.0
2025-10-19 18:00:00,3.187854885057471,0.0,3.035389999115828,0.0,0.40016129,0.0,0.103,0.0
2025-10-19 19:00:00,0.21,0.0,2.825389999115828,0.0,0.40016129,0.0,0.101,0.0
2025-10-19 20:00:00,0.25,0.0,2.575389999115828,0.0,0.40016129,0.0,0.091,0.0
2025-10-19 21:00:00,0.3399999999999999,0.0,2.2353899991158284,0.0,0.38016129,0.0,0.088,0.0
2025-10-19 22:00:00,0.2299999999999999,0.0,2.0053899991158284,0.0,0.38016129,0.0,0.091,0.0
2025-10-19 23:00:00,0.22,0.0,1.7853899991158284,0.0,0.38016129,0.0,0.09,0.0
2025-10-20 00:00:00,0.2299999999999999,0.0,1.5553899991158284,0.0,0.37016129,0.0,0.089,0.0
2025-10-20 01:00:00,0.2299999999999999,0.0,1.3253899991158284,0.0,0.37016129,0.0,0.087,0.0
2025-10-20 02:00:00,0.11,0.0,1.2153899991158283,0.0,0.37016129,0.0,0.084,0.0
2025-10-20 03:00:00,0.2,0.0,1.0153899991158284,0.0,0.37016129,0.0,0.083,0.0
2025-10-20 04:00:00,0.4599999999999999,0.0,0.5553899991158284,0.0,0.37016129,0.0,0.081,0.0
2025-10-20 05:00:00,0.3999999999999999,0.0,0.1553899991158285,0.0,0.37016129,0.0,0.084,0.0
2025-10-20 06:00:00,0.49,0.0,0.0,0.3346100008841715,0.37016129,0.0,0.083,0.12385966957418605
2025-10-20 07:00:00,0.12,1.293265,1.1732650000000002,0.0,0.37016129,0.0,0.075,0.0
2025-10-20 08:00:00,0.14,0.389309,1.4225740000000002,0.0,0.37016129,0.0,0.064,0.0
2025-10-20 09:00:00,0.17,0.8061649999999999,2.058739,0.0,0.37016129,0.0,0.059,0.0
2025-10-20 10:00:00,0.15,1.302877,3.211616,0.0,0.37016129,0.0,0.059,0.0
2025-10-20 11:00:00,0.4345480769230769,2.6896060000000004,5.4666739230769235,0.0,0.37016129,0.0,0.059,0.0
2025-10-20 12:00:00,0.484548076923077,4.920812,9.902937846153849,0.0,0.37016129,0.0,0.058,0.0
2025-10-20 13:00:00,0.394548076923077,4.520766,13.5,0.0,0.37016129,4.126217923076923,0.057,-0.23519442161538462
2025-10-20 14:00:00,0.17,3.776612,13.5,0.0,0.37016129,3.606612,0.057,-0.20557688400000002
2025-10-20 15:00:00,0.16,2.602033,13.5,0.0,0.38016129,2.442033,0.058,-0.141637914
2025-10-20 16:00:00,0.27,1.021536,13.5,0.0,0.40016129,0.751536,0.062,-0.046595232
2025-10-20 17:00:00,1.2178548850574713,0.0,12.282145114942528,0.0,0.40016129,0.0,0.092,0.0
2025-10-20 18:00:00,1.3578548850574714,0.0,10.924290229885056,0.0,0.40016129,0.0,0.103,0.0
2025-10-20 19:00:00,0.16,0.0,10.764290229885056,0.0,0.40016129,0.0,0.101,0.0
2025-10-20 20:00:00,0.23,0.0,10.534290229885055,0.0,0.40016129,0.0,0.091,0.0
2025-10-20 21:00:00,0.36,0.0,10.174290229885056,0.0,0.38016129,0.0,0.088,0.0
2025-10-20 22:00:00,0.49,0.0,9.684290229885056,0.0,0.38016129,0.0,0.091,0.0
2025-10-20 23:00:00,0.64,0.0,9.044290229885055,0.0,0.38016129,0.0,0.09,0.0
2025-10-21 00:00:00,0.11,0.0,8.934290229885056,0.0,0.37016129,0.0,0.089,0.0
2025-10-21 01:00:00,0.1,0.0,8.834290229885056,0.0,0.37016129,0.0,0.087,0.0
2025-10-21 02:00:00,0.11,0.0,8.724290229885057,0.0,0.37016129,0.0,0.084,0.0
2025-10-21 03:00:00,0.11,0.0,8.614290229885057,0.0,0.37016129,0.0,0.083,0.0
2025-10-21 04:00:00,0.11,0.0,8.504290229885058,0.0,0.37016129,0.0,0.081,0.0
2025-10-21 05:00:00,0.11,0.0,8.394290229885058,0.0,0.37016129,0.0,0.084,0.0
2025-10-21 06:00:00,0.12,0.0,8.27429022988506,0.0,0.37016129,0.0,0.083,0.0
2025-10-21 07:00:00,0.12,0.92114,9.07543022988506,0.0,0.37016129,0.0,0.075,0.0
2025-10-21 08:00:00,0.15,1.01676,9.94219022988506,0.0,0.37016129,0.0,0.064,0.0
2025-10-21 09:00:00,0.14,2.795991,12.59818122988506,0.0,0.37016129,0.0,0.059,0.0
2025-10-21 10:00:00,0.15,3.175105,13.5,0.0,0.37016129,3.025105,0.059,-0.17848119499999998
2025-10-21 11:00:00,0.4345480769230769,5.03703,13.5,0.0,0.37016129,4.6024819230769225,0.059,-0.2715464334615384
2025-10-21 12:00:00,0.4345480769230769,3.98505,13.5,0.0,0.37016129,3.5505019230769235,0.058,-0.20592911153846158
2025-10-21 13:00:00,0.4345480769230769,4.518365,13.5,0.0,0.37016129,4.083816923076923,0.057,-0.23277756461538462
2025-10-21 14:00:00,0.15,3.724287,13.5,0.0,0.37016129,3.574287,0.057,-0.203734359
2025-10-21 15:00:00,0.14,2.521358,13.5,0.0,0.38016129,2.381358,0.058,-0.138118764
2025-10-21 16:00:00,0.14,0.956052,13.5,0.0,0.40016129,0.816052,0.062,-0.050595224
2025-10-21 17:00:00,2.597854885057471,0.0,10.90214511494253,0.0,0.40016129,0.0,0.092,0.0
2025-10-21 18:00:00,2.4178548850574715,0.0,8.484290229885058,0.0,0.40016129,0.0,0.103,0.0
2025-10-21 19:00:00,0.24,0.0,8.244290229885058,0.0,0.40016129,0.0,0.101,0.0
2025-10-21 20:00:00,0.24,0.0,8.004290229885058,0.0,0.40016129,0.0,0.091,0.0
2025-10-21 21:00:00,0.15,0.0,7.854290229885057,0.0,0.38016129,0.0,0.088,0.0
2025-10-21 22:00:00,0.22,0.0,7.634290229885058,0.0,0.38016129,0.0,0.091,0.0
2025-10-21 23:00:00,0.22,0.0,7.414290229885058,0.0,0.38016129,0.0,0.09,0.0
2025-10-22 00:00:00,0.22,0.0,7.194290229885058,0.0,0.37016129,0.0,0.089,0.0
2025-10-22 01:00:00,0.24,0.0,6.954290229885058,0.0,0.37016129,0.0,0.087,0.0
2025-10-22 02:00:00,0.22,0.0,6.734290229885058,0.0,0.37016129,0.0,0.084,0.0
2025-10-22 03:00:00,0.22,0.0,6.5142902298850585,0.0,0.37016129,0.0,0.083,0.0
2025-10-22 04:00:00,0.21,0.0,6.3042902298850585,0.0,0.37016129,0.0,0.081,0.0
2025-10-22 05:00:00,0.22,0.0,6.084290229885059,0.0,0.37016129,0.0,0.084,0.0
2025-10-22 06:00:00,0.2299999999999999,0.0,5.854290229885059,0.0,0.37016129,0.0,0.083,0.0
2025-10-22 07:00:00,0.22,0.058913,5.693203229885059,0.0,0.37016129,0.0,0.075,0.0
2025-10-22 08:00:00,0.41,2.785123,8.06832622988506,0.0,0.37016129,0.0,0.064,0.0
2025-10-22 09:00:00,0.22,3.932783,11.78110922988506,0.0,0.37016129,0.0,0.059,0.0
2025-10-22 10:00:00,2.52,2.978771,12.23988022988506,0.0,0.37016129,0.0,0.059,0.0
2025-10-22 11:00:00,2.7945480769230766,5.035281,13.5,0.0,0.37016129,2.2407329230769237,0.059,-0.1322032424615385
2025-10-22 12:00:00,2.7945480769230766,4.964287000000001,13.5,0.0,0.37016129,2.169738923076924,0.058,-0.12584485753846159
2025-10-22 13:00:00,2.7945480769230766,4.556039,13.5,0.0,0.37016129,1.7614909230769236,0.057,-0.10040498261538465
2025-10-22 14:00:00,2.6199999999999997,0.324993,11.204993,0.0,0.37016129,0.0,0.057,0.0
2025-10-22 15:00:00,0.36,2.5592930000000003,13.404286,0.0,0.38016129,0.0,0.058,0.0
2025-10-22 16:00:00,0.29,0.952001,13.5,0.0,0.40016129,0.6620010000000001,0.062,-0.041044062000000006
2025-10-22 17:00:00,2.2178548850574713,0.0,11.282145114942528,0.0,0.40016129,0.0,0.092,0.0
2025-10-22 18:00:00,3.3378548850574714,0.0,7.944290229885057,0.0,0.40016129,0.0,0.103,0.0
2025-10-22 19:00:00,0.55,0.0,7.3942902298850575,0.0,0.40016129,0.0,0.101,0.0
2025-10-22 20:00:00,0.38,0.0,7.014290229885058,0.0,0.40016129,0.0,0.091,0.0
2025-10-22 21:00:00,0.32,0.0,6.694290229885057,0.0,0.38016129,0.0,0.088,0.0
2025-10-22 22:00:00,0.27,0.0,6.424290229885058,0.0,0.38016129,0.0,0.091,0.0
2025-10-22 23:00:00,0.13,0.0,6.294290229885058,0.0,0.38016129,0.0,0.09,0.0
2025-10-23 00:00:00,0.11,0.0,6.1842902298850575,0.0,0.37016129,0.0,0.089,0.0
2025-10-23 01:00:00,0.11,0.0,6.074290229885057,0.0,0.37016129,0.0,0.087,0.0
2025-10-23 02:00:00,0.11,0.0,5.964290229885057,0.0,0.37016129,0.0,0.084,0.0
2025-10-23 03:00:00,0.11,0.0,5.8542902298850565,0.0,0.37016129,0.0,0.083,0.0
2025-10-23 04:00:00,0.11,0.0,5.744290229885056,0.0,0.37016129,0.0,0.081,0.0
2025-10-23 05:00:00,0.11,0.0,5.634290229885056,0.0,0.37016129,0.0,0.084,0.0
2025-10-23 06:00:00,0.12,0.0,5.514290229885056,0.0,0.37016129,0.0,0.083,0.0
2025-10-23 07:00:00,0.4,0.429232,5.543522229885056,0.0,0.37016129,0.0,0.075,0.0
2025-10-23 08:00:00,0.37,1.478025,6.651547229885056,0.0,0.37016129,0.0,0.064,0.0
2025-10-23 09:00:00,0.48,3.323042,9.494589229885056,0.0,0.37016129,0.0,0.059,0.0
2025-10-23 10:00:00,0.7,4.5035039999999995,13.298093229885056,0.0,0.37016129,0.0,0.059,0.0
2025-10-23 11:00:00,1.858192307692308,4.872824,13.5,0.0,0.37016129,3.0146316923076917,0.059,-0.1778632698461538
2025-10-23 12:00:00,1.848192307692308,4.862381,13.5,0.0,0.37016129,3.014188692307692,0.058,-0.17482294415384614
2025-10-23 13:00:00,2.118192307692308,4.477322,13.5,0.0,0.37016129,2.359129692307692,0.057,-0.13447039246153844
2025-10-23 14:00:00,0.68,3.669398,13.5,0.0,0.37016129,2.989398,0.057,-0.17039568600000002
2025-10-23 15:00:00,0.24,2.4815430000000003,13.5,0.0,0.38016129,2.241543,0.058,-0.130009494
2025-10-23 16:00:00,0.32,0.908289,13.5,0.0,0.40016129,0.5882890000000001,0.062,-0.036473918
2025-10-23 17:00:00,3.561419540229885,0.0,9.938580459770115,0.0,0.40016129,0.0,0.092,0.0
2025-10-23 18:00:00,3.711419540229885,0.0,6.22716091954023,0.0,0.40016129,0.0,0.103,0.0
2025-10-23 19:00:00,0.37,0.0,5.85716091954023,0.0,0.40016129,0.0,0.101,0.0
2025-10-23 20:00:00,0.28,0.0,5.57716091954023,0.0,0.40016129,0.0,0.091,0.0
2025-10-23 21:00:00,0.32,0.0,5.25716091954023,0.0,0.38016129,0.0,0.088,0.0
2025-10-23 22:00:00,0.26,0.0,4.99716091954023,0.0,0.38016129,0.0,0.091,0.0
2025-10-23 23:00:00,0.2299999999999999,0.0,4.76716091954023,0.0,0.38016129,0.0,0.09,0.0
2025-10-24 00:00:00,0.2299999999999999,0.0,4.537160919540231,0.0,0.37016129,0.0,0.089,0.0
2025-10-24 01:00:00,0.2299999999999999,0.0,4.307160919540231,0.0,0.37016129,0.0,0.087,0.0
2025-10-24 02:00:00,0.2299999999999999,0.0,4.077160919540232,0.0,0.37016129,0.0,0.084,0.0
2025-10-24 03:00:00,0.22,0.0,3.857160919540231,0.0,0.37016129,0.0,0.083,0.0
2025-10-24 04:00:00,0.2299999999999999,0.0,3.627160919540231,0.0,0.37016129,0.0,0.081,0.0
2025-10-24 05:00:00,0.6,0.0,3.0271609195402314,0.0,0.37016129,0.0,0.084,0.0
2025-10-24 06:00:00,0.55,0.0,2.477160919540231,0.0,0.37016129,0.0,0.083,0.0
2025-10-24 07:00:00,0.87,1.186323,2.7934839195402312,0.0,0.37016129,0.0,0.075,0.0
2025-10-24 08:00:00,0.6599999999999999,2.732108,4.865591919540231,0.0,0.37016129,0.0,0.064,0.0
2025-10-24 09:00:00,0.2299999999999999,3.816545,8.45213691954023,0.0,0.37016129,0.0,0.059,0.0
2025-10-24 10:00:00,2.5599999999999996,4.48571,10.37784691954023,0.0,0.37016129,0.0,0.059,0.0
2025-10-24 11:00:00,4.299096153846154,4.797224,10.875974765694076,0.0,0.37016129,0.0,0.059,0.0
2025-10-24 12:00:00,3.619096153846154,4.765689,12.022567611847922,0.0,0.37016129,0.0,0.058,0.0
2025-10-24 13:00:00,3.1990961538461535,4.37206,13.195531458001769,0.0,0.37016129,0.0,0.057,0.0
2025-10-24 14:00:00,2.52,3.607495,13.5,0.0,0.37016129,1.087495,0.057,-0.061987215000000005
2025-10-24 15:00:00,2.71,2.433612,13.223612,0.0,0.38016129,0.0,0.058,0.0
2025-10-24 16:00:00,0.98,0.118714,12.362326,0.0,0.40016129,0.0,0.062,0.0
2025-10-24 17:00:00,3.385709770114943,0.0,8.976616229885057,0.0,0.40016129,0.0,0.092,0.0
2025-10-24 18:00:00,2.1957097701149424,0.0,6.780906459770114,0.0,0.40016129,0.0,0.103,0.0
2025-10-24 19:00:00,1.01,0.0,5.7709064597701145,0.0,0.40016129,0.0,0.101,0.0
2025-10-24 20:00:00,0.17,0.0,5.600906459770115,0.0,0.40016129,0.0,0.091,0.0
2025-10-24 21:00:00,0.15,0.0,5.450906459770114,0.0,0.38016129,0.0,0.088,0.0
2025-10-24 22:00:00,1.18,0.0,4.2709064597701145,0.0,0.38016129,0.0,0.091,0.0
2025-10-24 23:00:00,0.84,0.0,3.4309064597701147,0.0,0.38016129,0.0,0.09,0.0
2025-10-25 00:00:00,0.45,0.0,2.9809064597701145,0.0,0.37016129,0.0,0.089,0.0
2025-10-25 01:00:00,0.12,0.0,2.8609064597701144,0.0,0.37016129,0.0,0.087,0.0
2025-10-25 02:00:00,0.1,0.0,2.7609064597701143,0.0,0.37016129,0.0,0.084,0.0
2025-10-25 03:00:00,0.11,0.0,2.6509064597701144,0.0,0.37016129,0.0,0.083,0.0
2025-10-25 04:00:00,0.11,0.0,2.5409064597701145,0.0,0.37016129,0.0,0.081,0.0
2025-10-25 05:00:00,0.13,0.0,2.410906459770114,0.0,0.37016129,0.0,0.084,0.0
2025-10-25 06:00:00,0.11,0.0,2.3009064597701148,0.0,0.37016129,0.0,0.083,0.0
2025-10-25 07:00:00,1.87,1.156996,1.5879024597701148,0.0,0.37016129,0.0,0.075,0.0
2025-10-25 08:00:00,2.28,2.6478,1.9557024597701151,0.0,0.37016129,0.0,0.064,0.0
2025-10-25 09:00:00,0.2,3.740369,5.496071459770115,0.0,0.37016129,0.0,0.059,0.0
2025-10-25 10:00:00,2.53,0.564064,3.5301354597701153,0.0,0.37016129,0.0,0.059,0.0
2025-10-25 11:00:00,3.2390961538461536,3.0586260000000003,3.349665305923962,0.0,0.37016129,0.0,0.059,0.0
2025-10-25 12:00:00,3.1690961538461537,4.6956999999999995,4.876269152077808,0.0,0.37016129,0.0,0.058,0.0
2025-10-25 13:00:00,3.2390961538461536,4.3012820000000005,5.938454998231655,0.0,0.37016129,0.0,0.057,0.0
2025-10-25 14:00:00,2.47,3.559628,7.028082998231655,0.0,0.37016129,0.0,0.057,0.0
2025-10-25 15:00:00,0.11,2.4035390000000003,9.321621998231656,0.0,0.38016129,0.0,0.058,0.0
2025-10-25 16:00:00,1.85,0.860591,8.332212998231656,0.0,0.40016129,0.0,0.062,0.0
2025-10-25 17:00:00,3.495709770114942,0.0,4.8365032281167135,0.0,0.40016129,0.0,0.092,0.0
2025-10-25 18:00:00,3.0557097701149427,0.0,1.7807934580017708,0.0,0.40016129,0.0,0.103,0.0
2025-10-25 19:00:00,0.35,0.0,1.4307934580017707,0.0,0.40016129,0.0,0.101,0.0
2025-10-25 20:00:00,0.33,0.0,1.1007934580017706,0.0,0.40016129,0.0,0.091,0.0
2025-10-25 21:00:00,0.25,0.0,0.8507934580017706,0.0,0.38016129,0.0,0.088,0.0
2025-10-25 22:00:00,0.8500000000000001,0.0,0.0007934580017705,0.0,0.38016129,0.0,0.091,0.0
2025-10-25 23:00:00,0.86,0.0,0.0,0.8592065419982294,0.38016129,0.0,0.09,0.32663706738248605
2025-10-26 00:00:00,0.28,0.0,0.0,0.28,0.37016129,0.0,0.089,0.1036451612
2025-10-26 01:00:00,0.24,0.0,0.0,0.24,0.37016129,0.0,0.087,0.0888387096
2025-10-26 02:00:00,0.27,0.0,0.0,0.27,0.37016129,0.0,0.084,0.0999435483
2025-10-26 03:00:00,0.25,0.0,0.0,0.25,0.37016129,0.0,0.083,0.0925403225
2025-10-26 04:00:00,0.2299999999999999,0.0,0.0,0.2299999999999999,0.37016129,0.0,0.081,0.08513709669999996
2025-10-26 05:00:00,0.2299999999999999,0.0,0.0,0.2299999999999999,0.37016129,0.0,0.084,0.08513709669999996
2025-10-26 06:00:00,0.2299999999999999,0.0,0.0,0.2299999999999999,0.37016129,0.0,0.083,0.08513709669999996
2025-10-26 07:00:00,0.71,1.198009,0.4880090000000001,0.0,0.37016129,0.0,0.075,0.0
2025-10-26 08:00:00,0.52,2.7046300000000003,2.672639,0.0,0.37016129,0.0,0.064,0.0
2025-10-26 09:00:00,0.33,3.761878,6.104517,0.0,0.37016129,0.0,0.059,0.0
2025-10-26 10:00:00,2.99,4.40896,7.523477000000001,0.0,0.37016129,0.0,0.059,0.0
2025-10-26 11:00:00,3.194730769230769,4.719517,9.048263230769232,0.0,0.37016129,0.0,0.059,0.0
2025-10-26 12:00:00,3.014730769230769,4.683652,10.717184461538462,0.0,0.37016129,0.0,0.058,0.0
2025-10-26 13:00:00,2.984730769230769,4.259605,11.992058692307692,0.0,0.37016129,0.0,0.057,0.0
2025-10-26 14:00:00,2.4099999999999997,3.496233,13.078291692307692,0.0,0.37016129,0.0,0.057,0.0
2025-10-26 15:00:00,0.1,2.338344,13.5,0.0,0.38016129,2.238344,0.058,-0.12982395200000002
2025-10-26 16:00:00,0.11,0.8180499999999999,13.5,0.0,0.40016129,0.70805,0.062,-0.043899099999999996
2025-10-26 17:00:00,1.7317068965517244,0.0,11.768293103448276,0.0,0.40016129,0.0,0.092,0.0
2025-10-26 18:00:00,1.7917068965517242,0.0,9.97658620689655,0.0,0.40016129,0.0,0.103,0.0
2025-10-26 19:00:00,0.5700000000000001,0.0,9.40658620689655,0.0,0.40016129,0.0,0.101,0.0
2025-10-26 20:00:00,0.48,0.0,8.92658620689655,0.0,0.40016129,0.0,0.091,0.0
2025-10-26 21:00:00,0.28,0.0,8.64658620689655,0.0,0.38016129,0.0,0.088,0.0
2025-10-26 22:00:00,0.36,0.0,8.286586206896551,0.0,0.38016129,0.0,0.091,0.0
2025-10-26 23:00:00,0.14,0.0,8.14658620689655,0.0,0.38016129,0.0,0.09,0.0
2025-10-27 00:00:00,0.1,0.0,8.046586206896551,0.0,0.37016129,0.0,0.089,0.0
2025-10-27 01:00:00,0.53,0.0,7.516586206896551,0.0,0.37016129,0.0,0.087,0.0
2025-10-27 02:00:00,0.51,0.0,7.006586206896551,0.0,0.37016129,0.0,0.084,0.0
2025-10-27 03:00:00,0.6000000000000001,0.0,6.4065862068965505,0.0,0.37016129,0.0,0.083,0.0
2025-10-27 04:00:00,0.48,0.0,5.92658620689655,0.0,0.37016129,0.0,0.081,0.0
2025-10-27 05:00:00,0.8600000000000001,0.0,5.06658620689655,0.0,0.37016129,0.0,0.084,0.0
2025-10-27 06:00:00,0.5499999999999999,0.0,4.51658620689655,0.0,0.37016129,0.0,0.083,0.0
2025-10-27 07:00:00,1.38,1.121566,4.2581522068965505,0.0,0.37016129,0.0,0.075,0.0
2025-10-27 08:00:00,1.37,2.569403,5.457555206896551,0.0,0.37016129,0.0,0.064,0.0
2025-10-27 09:00:00,0.32,3.586697,8.724252206896551,0.0,0.37016129,0.0,0.059,0.0
2025-10-27 10:00:00,0.25,4.268576,12.74282820689655,0.0,0.37016129,0.0,0.059,0.0
2025-10-27 11:00:00,0.7247307692307694,4.5884279999999995,13.5,0.0,0.37016129,3.86369723076923,0.059,-0.22795813661538455
2025-10-27 12:00:00,0.8347307692307694,4.5433699999999995,13.5,0.0,0.37016129,3.70863923076923,0.058,-0.21510107538461537
2025-10-27 13:00:00,0.7147307692307694,4.13912,13.5,0.0,0.37016129,3.424389230769231,0.057,-0.19519018615384617
2025-10-27 14:00:00,0.29,3.4008510000000003,13.5,0.0,0.37016129,3.1108510000000003,0.057,-0.17731850700000001
2025-10-27 15:00:00,0.21,2.3087,13.5,0.0,0.38016129,2.0987,0.058,-0.1217246
2025-10-27 16:00:00,0.29,0.7996230000000001,13.5,0.0,0.40016129,0.5096230000000002,0.062,-0.03159662600000001
2025-10-27 17:00:00,2.0817068965517245,0.0,11.418293103448276,0.0,0.40016129,0.0,0.092,0.0
2025-10-27 18:00:00,4.041706896551725,0.0,7.376586206896551,0.0,0.40016129,0.0,0.103,0.0
2025-10-27 19:00:00,0.53,0.0,6.846586206896551,0.0,0.40016129,0.0,0.101,0.0
2025-10-27 20:00:00,0.79,0.0,6.056586206896551,0.0,0.40016129,0.0,0.091,0.0
2025-10-27 21:00:00,0.81,0.0,5.24658620689655,0.0,0.38016129,0.0,0.088,0.0
2025-10-27 22:00:00,0.32,0.0,4.92658620689655,0.0,0.38016129,0.0,0.091,0.0
2025-10-27 23:00:00,0.15,0.0,4.77658620689655,0.0,0.38016129,0.0,0.09,0.0
2025-10-28 00:00:00,0.22,0.0,4.55658620689655,0.0,0.37016129,0.0,0.089,0.0
2025-10-28 01:00:00,0.15,0.0,4.40658620689655,0.0,0.37016129,0.0,0.087,0.0
2025-10-28 02:00:00,0.11,0.0,4.296586206896549,0.0,0.37016129,0.0,0.084,0.0
2025-10-28 03:00:00,0.11,0.0,4.186586206896549,0.0,0.37016129,0.0,0.083,0.0
2025-10-28 04:00:00,0.1,0.0,4.086586206896549,0.0,0.37016129,0.0,0.081,0.0
2025-10-28 05:00:00,0.11,0.0,3.9765862068965494,0.0,0.37016129,0.0,0.084,0.0
2025-10-28 06:00:00,0.74,0.0,3.2365862068965496,0.0,0.37016129,0.0,0.083,0.0
2025-10-28 07:00:00,0.34,1.097799,3.9943852068965495,0.0,0.37016129,0.0,0.075,0.0
2025-10-28 08:00:00,0.16,2.569128,6.40351320689655,0.0,0.37016129,0.0,0.064,0.0
2025-10-28 09:00:00,0.1,3.590892,9.89440520689655,0.0,0.37016129,0.0,0.059,0.0
2025-10-28 10:00:00,0.1,4.236162,13.5,0.0,0.37016129,4.136162000000001,0.059,-0.244033558
2025-10-28 11:00:00,0.6847307692307694,4.542406,13.5,0.0,0.37016129,3.8576752307692304,0.059,-0.22760283861538458
2025-10-28 12:00:00,0.6747307692307694,4.517798,13.5,0.0,0.37016129,3.843067230769231,0.058,-0.2228978993846154
2025-10-28 13:00:00,0.6847307692307694,4.132564,13.5,0.0,0.37016129,3.447833230769231,0.057,-0.19652649415384618
2025-10-28 14:00:00,0.11,3.421152,13.5,0.0,0.37016129,3.3111520000000003,0.057,-0.18873566400000003
2025-10-28 15:00:00,0.11,2.28577,13.5,0.0,0.38016129,2.17577,0.058,-0.12619466000000001
2025-10-28 16:00:00,0.11,0.77463,13.5,0.0,0.40016129,0.66463,0.062,-0.041207060000000004
2025-10-28 17:00:00,1.7417068965517244,0.0,11.758293103448276,0.0,0.40016129,0.0,0.092,0.0
2025-10-28 18:00:00,2.011706896551724,0.0,9.746586206896552,0.0,0.40016129,0.0,0.103,0.0
2025-10-28 19:00:00,0.36,0.0,9.386586206896553,0.0,0.40016129,0.0,0.101,0.0
2025-10-28 20:00:00,0.55,0.0,8.836586206896552,0.0,0.40016129,0.0,0.091,0.0
2025-10-28 21:00:00,0.75,0.0,8.086586206896552,0.0,0.38016129,0.0,0.088,0.0
2025-10-28 22:00:00,1.39,0.0,6.696586206896552,0.0,0.38016129,0.0,0.091,0.0
2025-10-28 23:00:00,1.06,0.0,5.636586206896553,0.0,0.38016129,0.0,0.09,0.0
2025-10-29 00:00:00,1.05,0.0,4.586586206896553,0.0,0.37016129,0.0,0.089,0.0
2025-10-29 01:00:00,1.05,0.0,3.536586206896553,0.0,0.37016129,0.0,0.087,0.0
2025-10-29 02:00:00,1.06,0.0,2.476586206896553,0.0,0.37016129,0.0,0.084,0.0
2025-10-29 03:00:00,1.05,0.0,1.426586206896553,0.0,0.37016129,0.0,0.083,0.0
2025-10-29 04:00:00,1.07,0.0,0.3565862068965528,0.0,0.37016129,0.0,0.081,0.0
2025-10-29 05:00:00,1.09,0.0,0.0,0.7334137931034472,0.37016129,0.0,0.084,0.2714813957589651
2025-10-29 06:00:00,1.07,0.0,0.0,1.07,0.37016129,0.0,0.083,0.3960725803
2025-10-29 07:00:00,1.13,1.178674,0.0486740000000001,0.0,0.37016129,0.0,0.075,0.0
2025-10-29 08:00:00,0.1,0.6553289999999999,0.6040030000000001,0.0,0.37016129,0.0,0.064,0.0
2025-10-29 09:00:00,0.09,1.887646,2.401649,0.0,0.37016129,0.0,0.059,0.0
2025-10-29 10:00:00,2.4,4.340876000000001,4.342525,0.0,0.37016129,0.0,0.059,0.0
2025-10-29 11:00:00,2.974730769230769,4.6147160000000005,5.982510230769232,0.0,0.37016129,0.0,0.059,0.0
2025-10-29 12:00:00,2.974730769230769,4.595409,7.603188461538463,0.0,0.37016129,0.0,0.058,0.0
2025-10-29 13:00:00,2.974730769230769,4.239084,8.867541692307693,0.0,0.37016129,0.0,0.057,0.0
2025-10-29 14:00:00,2.4,3.517004,9.984545692307693,0.0,0.37016129,0.0,0.057,0.0
2025-10-29 15:00:00,0.1,1.358018,11.242563692307693,0.0,0.38016129,0.0,0.058,0.0
2025-10-29 16:00:00,0.1,0.7899539999999999,11.932517692307693,0.0,0.40016129,0.0,0.062,0.0
2025-10-29 17:00:00,1.9317068965517243,0.0,10.000810795755967,0.0,0.40016129,0.0,0.092,0.0
2025-10-29 18:00:00,2.121706896551724,0.0,7.879103899204245,0.0,0.40016129,0.0,0.103,0.0
2025-10-29 19:00:00,0.29,0.0,7.589103899204245,0.0,0.40016129,0.0,0.101,0.0
2025-10-29 20:00:00,0.49,0.0,7.099103899204245,0.0,0.40016129,0.0,0.091,0.0
2025-10-29 21:00:00,0.44,0.0,6.659103899204244,0.0,0.38016129,0.0,0.088,0.0
2025-10-29 22:00:00,0.35,0.0,6.309103899204245,0.0,0.38016129,0.0,0.091,0.0
2025-10-29 23:00:00,0.2299999999999999,0.0,6.079103899204245,0.0,0.38016129,0.0,0.09,0.0
2025-10-30 00:00:00,0.2299999999999999,0.0,5.849103899204246,0.0,0.37016129,0.0,0.089,0.0
2025-10-30 01:00:00,0.17,0.0,5.679103899204246,0.0,0.37016129,0.0,0.087,0.0
2025-10-30 02:00:00,0.1,0.0,5.579103899204246,0.0,0.37016129,0.0,0.084,0.0
2025-10-30 03:00:00,0.1,0.0,5.4791038992042465,0.0,0.37016129,0.0,0.083,0.0
2025-10-30 04:00:00,0.11,0.0,5.369103899204246,0.0,0.37016129,0.0,0.081,0.0
2025-10-30 05:00:00,0.11,0.0,5.259103899204246,0.0,0.37016129,0.0,0.084,0.0
2025-10-30 06:00:00,0.23,0.0,5.029103899204245,0.0,0.37016129,0.0,0.083,0.0
2025-10-30 07:00:00,0.12,1.119212,6.028315899204245,0.0,0.37016129,0.0,0.075,0.0
2025-10-30 08:00:00,0.18,2.62596,8.474275899204246,0.0,0.37016129,0.0,0.064,0.0
2025-10-30 09:00:00,0.54,3.625409,11.559684899204246,0.0,0.37016129,0.0,0.059,0.0
2025-10-30 10:00:00,0.22,1.70828,13.047964899204246,0.0,0.37016129,0.0,0.059,0.0
2025-10-30 11:00:00,0.5336347577728666,4.585546,13.5,0.0,0.37016129,4.051911242227133,0.059,-0.23906276329140083
2025-10-30 12:00:00,0.4136347577728667,4.54911,13.5,0.0,0.37016129,4.135475242227133,0.058,-0.23985756404917372
2025-10-30 13:00:00,0.4036347577728667,4.158421000000001,13.5,0.0,0.37016129,3.7547862422271336,0.057,-0.21402281580694663
2025-10-30 14:00:00,0.22,1.768835,13.5,0.0,0.37016129,1.548835,0.057,-0.088283595
2025-10-30 15:00:00,0.21,0.461997,13.5,0.0,0.38016129,0.251997,0.058,-0.014615826000000002
2025-10-30 16:00:00,0.21,0.761676,13.5,0.0,0.40016129,0.551676,0.062,-0.034203912
2025-10-30 17:00:00,1.0997446571252651,0.0,12.400255342874734,0.0,0.40016129,0.0,0.092,0.0
2025-10-30 18:00:00,1.289744657125265,0.0,11.11051068574947,0.0,0.40016129,0.0,0.103,0.0
2025-10-30 19:00:00,0.26,0.0,10.85051068574947,0.0,0.40016129,0.0,0.101,0.0
2025-10-30 20:00:00,0.55,0.0,10.300510685749469,0.0,0.40016129,0.0,0.091,0.0
2025-10-30 21:00:00,0.43,0.0,9.870510685749467,0.0,0.38016129,0.0,0.088,0.0
2025-10-30 22:00:00,0.5,0.0,9.370510685749467,0.0,0.38016129,0.0,0.091,0.0
2025-10-30 23:00:00,0.54,0.0,8.83051068574947,0.0,0.38016129,0.0,0.09,0.0
2025-10-31 00:00:00,0.54,0.0,8.29051068574947,0.0,0.37016129,0.0,0.089,0.0
2025-10-31 01:00:00,0.6100000000000001,0.0,7.6805106857494705,0.0,0.37016129,0.0,0.087,0.0
2025-10-31 02:00:00,0.57,0.0,7.11051068574947,0.0,0.37016129,0.0,0.084,0.0
2025-10-31 03:00:00,0.51,0.0,6.60051068574947,0.0,0.37016129,0.0,0.083,0.0
2025-10-31 04:00:00,0.5499999999999999,0.0,6.050510685749471,0.0,0.37016129,0.0,0.081,0.0
2025-10-31 05:00:00,0.5499999999999999,0.0,5.500510685749471,0.0,0.37016129,0.0,0.084,0.0
2025-10-31 06:00:00,0.48,0.0,5.020510685749471,0.0,0.37016129,0.0,0.083,0.0
2025-10-31 07:00:00,0.48,0.0941949999999999,4.634705685749471,0.0,0.37016129,0.0,0.075,0.0
2025-10-31 08:00:00,1.63,1.564505,4.569210685749471,0.0,0.37016129,0.0,0.064,0.0
2025-10-31 09:00:00,0.2,1.335416,5.704626685749472,0.0,0.37016129,0.0,0.059,0.0
2025-10-31 10:00:00,2.8099999999999996,1.103168,3.997794685749472,0.0,0.37016129,0.0,0.059,0.0
2025-10-31 11:00:00,2.7436347577728664,1.562933,2.8170929279766055,0.0,0.37016129,0.0,0.059,0.0
2025-10-31 12:00:00,2.7236347577728663,0.695941,0.7893991702037391,0.0,0.37016129,0.0,0.058,0.0
2025-10-31 13:00:00,2.7036347577728663,0.873004,0.0,1.0412315875691274,0.37016129,0.0,0.057,0.38542362764333615
2025-10-31 14:00:00,3.74,0.6364270000000001,0.0,3.103573,0.37016129,0.0,0.057,1.1488225852891698
2025-10-31 15:00:00,0.4399999999999999,0.49881,0.05881,0.0,0.38016129,0.0,0.058,0.0
2025-10-31 16:00:00,0.12,0.806686,0.7454960000000002,0.0,0.40016129,0.0,0.062,0.0
2025-10-31 17:00:00,0.6597446571252652,0.0,0.0857513428747349,0.0,0.40016129,0.0,0.092,0.0
2025-10-31 18:00:00,0.6697446571252652,0.0,0.0,0.5839933142505302,0.40016129,0.0,0.103,0.23369151798186757
2025-10-31 19:00:00,0.12,0.0,0.0,0.12,0.40016129,0.0,0.101,0.0480193548
2025-10-31 20:00:00,0.21,0.0,0.0,0.21,0.40016129,0.0,0.091,0.0840338709
2025-10-31 21:00:00,0.12,0.0,0.0,0.12,0.38016129,0.0,0.088,0.0456193548
2025-10-31 22:00:00,0.25,0.0,0.0,0.25,0.38016129,0.0,0.091,0.0950403225
2025-10-31 23:00:00,0.48,0.0,0.0,0.48,0.38016129,0.0,0.09,0.1824774192
2025-10-31 23:59:59,0.1,0.0,0.0,0.1,150.0,0.0,0.0,15.0
2025-11-01 00:00:00,0.9034130984547936,0.0,0.0,0.9034130984547936,0.370833333,0.0,0.087,0.3350156903758482
2025-11-01 01:00:00,1.122886337062455,0.0,0.0,1.122886337062455,0.370833333,0.0,0.086,0.41640368295303165
2025-11-01 02:00:00,1.1509584954890164,0.0,0.0,1.1509584954890164,0.370833333,0.0,0.084,0.4268137750268574
2025-11-01 03:00:00,1.263247129195262,0.0,0.0,1.263247129195262,0.370833333,0.0,0.083,0.4684541433221606
2025-11-01 04:00:00,1.209654826744554,0.0,0.0,1.209654826744554,0.370833333,0.0,0.086,0.4485803311812205
2025-11-01 05:00:00,1.3066313740363114,0.0,0.0,1.3066313740363114,0.370833333,0.0,0.087,0.484542467436255
2025-11-01 06:00:00,1.3423595756701163,0.0,0.0,1.3423595756701163,0.370833333,0.0,0.083,0.4977916755302149
2025-11-01 07:00:00,1.270903172402506,1.16396,0.0,0.10694317240250584,0.370833333,0.0,0.072,0.039658093063614855
2025-11-01 08:00:00,1.1024702218431377,2.759263,1.656792778156862,0.0,0.370833333,0.0,0.064,0.0
2025-11-01 09:00:00,1.1713746107083336,3.822849,4.308267167448529,0.0,0.370833333,0.0,0.061,0.0
2025-11-01 10:00:00,2.9303475573964235,4.494764,5.872683610052105,0.0,0.370833333,0.0,0.061,0.0
2025-11-01 11:00:00,3.070390012718582,4.772013,7.574306597333523,0.0,0.370833333,0.0,0.06,0.0
2025-11-01 12:00:00,2.6416515931129174,4.676672,9.609327004220606,0.0,0.370833333,0.0,0.06,0.0
2025-11-01 13:00:00,2.718212025185357,4.239464,11.13057897903525,0.0,0.370833333,0.0,0.058,0.0
2025-11-01 14:00:00,2.476088993766612,3.475395,12.129884985268635,0.0,0.370833333,0.0,0.058,0.0
2025-11-01 15:00:00,0.1837450369738561,2.282324,13.5,0.0,0.380833333,2.098578963026144,0.064,-0.1343090536336732
2025-11-01 16:00:00,0.6941479174567904,0.7238490000000001,13.5,0.0,0.400833333,0.02970108254320969,0.09,-0.002673097428888872
2025-11-01 17:00:00,1.9916327944895544,0.0,11.508367205510446,0.0,0.400833333,0.0,0.095,0.0
2025-11-01 18:00:00,2.1753778314634102,0.0,9.332989374047036,0.0,0.400833333,0.0,0.088,0.0
2025-11-01 19:00:00,0.5052988516781047,0.0,8.827690522368929,0.0,0.400833333,0.0,0.085,0.0
2025-11-01 20:00:00,0.5614431685312274,0.0,8.266247353837702,0.0,0.400833333,0.0,0.085,0.0
2025-11-01 21:00:00,0.8549248248089145,0.0,7.411322529028787,0.0,0.380833333,0.0,0.088,0.0
2025-11-01 22:00:00,1.1994467691348951,0.0,6.211875759893892,0.0,0.380833333,0.0,0.088,0.0
2025-11-01 23:00:00,0.8523728104065,0.0,5.359502949487392,0.0,0.380833333,0.0,0.086,0.0
2025-11-02 00:00:00,1.0105977033562097,0.0,4.348905246131182,0.0,0.370833333,0.0,0.087,0.0
2025-11-02 01:00:00,0.9876295737344774,0.0,3.361275672396705,0.0,0.370833333,0.0,0.086,0.0
2025-11-02 02:00:00,0.9799735305272336,0.0,2.3813021418694715,0.0,0.370833333,0.0,0.084,0.0
2025-11-02 03:00:00,1.1075742506479669,0.0,1.2737278912215046,0.0,0.370833333,0.0,0.083,0.0
2025-11-02 04:00:00,1.122886337062455,0.0,0.1508415541590495,0.0,0.370833333,0.0,0.086,0.0
2025-11-02 05:00:00,1.1866866971228216,0.0,0.0,1.035845142963772,0.370833333,0.0,0.087,0.38412590683711706
2025-11-02 06:00:00,1.255591085988018,0.0,0.0,1.255591085988018,0.370833333,0.0,0.083,0.46561502730202625
2025-11-02 07:00:00,1.2147588555493831,1.020565,0.0,0.19419385554938318,0.370833333,0.0,0.072,0.07201355470149831
2025-11-02 08:00:00,1.2122068411469684,2.555602,1.3433951588530315,0.0,0.370833333,0.0,0.064,0.0
2025-11-02 09:00:00,0.6992519462616196,3.620266,4.264409212591412,0.0,0.370833333,0.0,0.061,0.0
2025-11-02 10:00:00,2.889515326957788,4.289769000000001,5.664662885633625,0.0,0.370833333,0.0,0.061,0.0
2025-11-02 11:00:00,3.242914313945689,4.498187,6.919935571687936,0.0,0.370833333,0.0,0.06,0.0
2025-11-02 12:00:00,3.758421223233453,4.40814,7.569654348454483,0.0,0.370833333,0.0,0.06,0.0
2025-11-02 13:00:00,3.0055769745211247,4.057995,8.622072373933358,0.0,0.370833333,0.0,0.058,0.0
2025-11-02 14:00:00,2.7312904340080792,3.3384389999999997,9.22922093992528,0.0,0.370833333,0.0,0.058,0.0
2025-11-02 15:00:00,0.4823307220563727,2.1705,10.917390217868906,0.0,0.380833333,0.0,0.064,0.0
2025-11-02 16:00:00,0.6482116582133262,0.6337050000000001,10.90288355965558,0.0,0.400833333,0.0,0.09,0.0
2025-11-02 17:00:00,1.8090020386521,0.0,9.09388152100348,0.0,0.400833333,0.0,0.095,0.0
2025-11-02 18:00:00,3.1539136287246317,0.0,5.939967892278848,0.0,0.400833333,0.0,0.088,0.0
2025-11-02 19:00:00,1.2836632444145792,0.0,4.656304647864269,0.0,0.400833333,0.0,0.085,0.0
2025-11-02 20:00:00,1.1203343226600406,0.0,3.5359703252042287,0.0,0.400833333,0.0,0.085,0.0
2025-11-02 21:00:00,1.2096548267445535,0.0,2.326315498459675,0.0,0.380833333,0.0,0.088,0.0
2025-11-02 22:00:00,1.2300709419638711,0.0,1.0962445564958043,0.0,0.380833333,0.0,0.088,0.0
2025-11-02 23:00:00,1.2913192876218231,0.0,0.0,0.1950747311260188,0.380833333,0.0,0.086,0.07429096003880059
2025-11-03 00:00:00,1.6434972751550478,0.0,0.0,1.6434972751550478,0.370833333,0.0,0.087,0.6094635723221644
2025-11-03 01:00:00,1.5950090015091694,0.0,0.0,1.5950090015091694,0.370833333,0.0,0.086,0.5914825041946473
2025-11-03 02:00:00,1.6894335343985118,0.0,0.0,1.6894335343985118,0.370833333,0.0,0.084,0.6264982684429703
2025-11-03 03:00:00,1.6996415920081709,0.0,0.0,1.6996415920081709,0.370833333,0.0,0.083,0.6302837564698162
2025-11-03 04:00:00,1.804274182507172,0.0,0.0,1.804274182507172,0.370833333,0.0,0.086,0.6690850087449849
2025-11-03 05:00:00,1.6383932463502184,0.0,0.0,1.6383932463502184,0.370833333,0.0,0.087,0.6075708283087415
2025-11-03 06:00:00,1.9089067730061735,0.0,0.0,1.9089067730061735,0.370833333,0.0,0.083,0.7078862610201537
2025-11-03 07:00:00,1.81958626892166,1.008503,0.0,0.81108326892166,0.370833333,0.0,0.072,0.3007767119547545
2025-11-03 08:00:00,0.9850775593320628,2.485194,1.500116440667937,0.0,0.370833333,0.0,0.064,0.0
2025-11-03 09:00:00,0.4236343908008352,3.779802,4.856284049867102,0.0,0.370833333,0.0,0.061,0.0
2025-11-03 10:00:00,0.4236343908008353,4.535105,8.967754659066266,0.0,0.370833333,0.0,0.061,0.0
2025-11-03 11:00:00,0.4625722763324766,2.533448,11.038630382733787,0.0,0.370833333,0.0,0.06,0.0
2025-11-03 12:00:00,0.5467887516121608,1.081919,11.573760631121628,0.0,0.370833333,0.0,0.06,0.0
2025-11-03 13:00:00,0.6692854429280649,2.4551529999999997,13.359628188193565,0.0,0.370833333,0.0,0.058,0.0
2025-11-03 14:00:00,1.2096548267445535,0.384757,12.534730361449007,0.0,0.370833333,0.0,0.058,0.0
2025-11-03 15:00:00,0.882996983235476,0.0,11.651733378213532,0.0,0.380833333,0.0,0.064,0.0
2025-11-03 16:00:00,0.3266578435090776,0.075252,11.400327534704456,0.0,0.400833333,0.0,0.09,0.0
2025-11-03 17:00:00,1.279957056241134,0.0,10.120370478463322,0.0,0.400833333,0.0,0.095,0.0
2025-11-03 18:00:00,2.071081520989682,0.0,8.049288957473639,0.0,0.400833333,0.0,0.088,0.0
2025-11-03 19:00:00,0.6482116582133262,0.0,7.401077299260312,0.0,0.400833333,0.0,0.085,0.0
2025-11-03 20:00:00,0.7349801478954251,0.0,6.6660971513648875,0.0,0.400833333,0.0,0.085,0.0
2025-11-03 21:00:00,1.036117847380356,0.0,5.629979303984531,0.0,0.380833333,0.0,0.088,0.0
2025-11-03 22:00:00,1.1203343226600402,0.0,4.509644981324492,0.0,0.380833333,0.0,0.088,0.0
2025-11-03 23:00:00,1.0948141786358936,0.0,3.414830802688598,0.0,0.380833333,0.0,0.086,0.0
2025-11-04 00:00:00,1.2453830283783591,0.0,2.169447774310239,0.0,0.370833333,0.0,0.087,0.0
2025-11-04 01:00:00,1.3627756908894342,0.0,0.8066720834208048,0.0,0.370833333,0.0,0.086,0.0
2025-11-04 02:00:00,1.1892387115252363,0.0,0.0,0.38256662810443154,0.370833333,0.0,0.084,0.14186845779453783
2025-11-04 03:00:00,1.2760072012073354,0.0,0.0,1.2760072012073354,0.370833333,0.0,0.083,0.47318600335571775
2025-11-04 04:00:00,1.3806397917063369,0.0,0.0,1.3806397917063369,0.370833333,0.0,0.086,0.5119872556308867
2025-11-04 05:00:00,1.2913192876218234,0.0,0.0,1.2913192876218234,0.370833333,0.0,0.087,0.4788642353959864
2025-11-04 06:00:00,1.5056884974246558,0.0,0.0,1.5056884974246558,0.370833333,0.0,0.083,0.558359483959747
2025-11-04 07:00:00,1.4597522381811916,0.106751,0.0,1.3530012381811916,0.370833333,0.0,0.072,0.5017379587078581
2025-11-04 08:00:00,0.7145640326761076,0.592937,0.0,0.12162703267610753,0.370833333,0.0,0.064,0.045103357910180865
2025-11-04 09:00:00,0.5001948228732753,2.044236,1.5440411771267248,0.0,0.370833333,0.0,0.061,0.0
2025-11-04 10:00:00,0.2449933826318082,2.320777,3.619824794494917,0.0,0.370833333,0.0,0.061,0.0
2025-11-04 11:00:00,0.5008524923686966,1.647694,4.76666630212622,0.0,0.370833333,0.0,0.06,0.0
2025-11-04 12:00:00,0.4600202619300619,1.286094,5.5927400401961584,0.0,0.370833333,0.0,0.06,0.0
2025-11-04 13:00:00,0.4421561611131592,2.882112,8.032695879083,0.0,0.370833333,0.0,0.058,0.0
2025-11-04 14:00:00,0.15312086414488,0.4741019999999999,8.353677014938121,0.0,0.370833333,0.0,0.058,0.0
2025-11-04 15:00:00,0.1556728785472948,0.013496,8.211500136390827,0.0,0.380833333,0.0,0.064,0.0
2025-11-04 16:00:00,0.1990571233883442,0.0,8.012443013002482,0.0,0.400833333,0.0,0.09,0.0
2025-11-04 17:00:00,1.2978211570580367,0.0,6.714621855944445,0.0,0.400833333,0.0,0.095,0.0
2025-11-04 18:00:00,2.379875263681857,0.0,4.334746592262588,0.0,0.400833333,0.0,0.088,0.0
2025-11-04 19:00:00,0.5588911541288126,0.0,3.775855438133775,0.0,0.400833333,0.0,0.085,0.0
2025-11-04 20:00:00,0.9723174873199896,0.0,2.803537950813786,0.0,0.400833333,0.0,0.085,0.0
2025-11-04 21:00:00,0.959557415307916,0.0,1.8439805355058696,0.0,0.380833333,0.0,0.088,0.0
2025-11-04 22:00:00,1.0616379914045029,0.0,0.7823425441013669,0.0,0.380833333,0.0,0.088,0.0
2025-11-04 23:00:00,0.9493493576982572,0.0,0.0,0.1670068135968903,0.380833333,0.0,0.086,0.06360176145581345
2025-11-05 00:00:00,1.192301128808134,0.0,0.0,1.192301128808134,0.370833333,0.0,0.087,0.4421450015355826
2025-11-05 01:00:00,1.1412608407598408,0.0,0.0,1.1412608407598408,0.370833333,0.0,0.086,0.423217561401354
2025-11-05 02:00:00,1.3127562086021063,0.0,0.0,1.3127562086021063,0.370833333,0.0,0.084,0.48681376025236234
2025-11-05 03:00:00,1.261715920553813,0.0,0.0,1.261715920553813,0.370833333,0.0,0.083,0.4678863201181337
2025-11-05 04:00:00,1.255591085988018,0.0,0.0,1.255591085988018,0.370833333,0.0,0.086,0.46561502730202625
2025-11-05 05:00:00,1.286215258816994,0.0,0.0,1.286215258816994,0.370833333,0.0,0.087,0.4769714913825635
2025-11-05 06:00:00,1.3842126118697171,0.0,0.0,1.3842126118697171,0.370833333,0.0,0.083,0.5133121764402825
2025-11-05 07:00:00,1.2331333592467688,0.896521,0.0,0.3366123592467688,0.370833333,0.0,0.072,0.12482708310847264
2025-11-05 08:00:00,0.8901426235622371,1.308549,0.4184063764377629,0.0,0.370833333,0.0,0.064,0.0
2025-11-05 09:00:00,0.8105197742068992,3.5331930000000003,3.141079602230864,0.0,0.370833333,0.0,0.061,0.0
2025-11-05 10:00:00,2.863484780053159,3.78075,4.0583448221777045,0.0,0.370833333,0.0,0.061,0.0
2025-11-05 11:00:00,3.33682530876317,4.494679,5.216198513414534,0.0,0.370833333,0.0,0.06,0.0
2025-11-05 12:00:00,3.108164818306815,4.4196040000000005,6.527637695107719,0.0,0.370833333,0.0,0.06,0.0
2025-11-05 13:00:00,3.0407916380830677,4.092439,7.579285057024651,0.0,0.370833333,0.0,0.058,0.0
2025-11-05 14:00:00,2.5837840015485107,3.3297109999999996,8.32521205547614,0.0,0.370833333,0.0,0.058,0.0
2025-11-05 15:00:00,0.4777370961320262,2.139415,9.986889959344111,0.0,0.380833333,0.0,0.064,0.0
2025-11-05 16:00:00,0.6288163487549747,0.592189,9.95026261058914,0.0,0.400833333,0.0,0.09,0.0
2025-11-05 17:00:00,2.089697121757805,0.0,7.860565488831334,0.0,0.400833333,0.0,0.095,0.0
2025-11-05 18:00:00,3.049254537065721,0.0,4.811310951765613,0.0,0.400833333,0.0,0.088,0.0
2025-11-05 19:00:00,0.579817672228613,0.0,4.231493279537,0.0,0.400833333,0.0,0.085,0.0
2025-11-05 20:00:00,0.4348632541714597,0.0,3.79663002536554,0.0,0.400833333,0.0,0.085,0.0
2025-11-05 21:00:00,0.5206109380925927,0.0,3.276019087272948,0.0,0.380833333,0.0,0.088,0.0
2025-11-05 22:00:00,0.7227304787638346,0.0,2.553288608509113,0.0,0.380833333,0.0,0.088,0.0
2025-11-05 23:00:00,1.0800124951018883,0.0,1.4732761134072248,0.0,0.380833333,0.0,0.086,0.0
2025-11-06 00:00:00,1.0636796029264346,0.0,0.4095965104807901,0.0,0.370833333,0.0,0.087,0.0
2025-11-06 01:00:00,1.2453830283783591,0.0,0.0,0.835786517897569,0.370833333,0.0,0.086,0.30993750010841964
2025-11-06 02:00:00,1.1392192292379089,0.0,0.0,1.1392192292379089,0.370833333,0.0,0.084,0.4224604637959848
2025-11-06 03:00:00,1.1555521214133628,0.0,0.0,1.1555521214133628,0.370833333,0.0,0.083,0.428517244638938
2025-11-06 04:00:00,1.16371856750109,0.0,0.0,1.16371856750109,0.370833333,0.0,0.086,0.43154563506041466
2025-11-06 05:00:00,1.3617548851284682,0.0,0.0,1.3617548851284682,0.370833333,0.0,0.087,0.504984102781222
2025-11-06 06:00:00,1.261715920553813,0.0,0.0,1.261715920553813,0.370833333,0.0,0.083,0.4678863201181337
2025-11-06 07:00:00,1.3045897625143796,0.931982,0.0,0.37260776251437966,0.370833333,0.0,0.072,0.13817537847487987
2025-11-06 08:00:00,0.6288163487549746,0.636321,0.0075046512450254,0.0,0.370833333,0.0,0.064,0.0
2025-11-06 09:00:00,0.4695706500442992,1.72752,1.2654540012007265,0.0,0.370833333,0.0,0.061,0.0
2025-11-06 10:00:00,0.4940699883074801,4.281277,5.052661012893246,0.0,0.370833333,0.0,0.061,0.0
2025-11-06 11:00:00,1.0325167537356046,4.578024,8.598168259157642,0.0,0.370833333,0.0,0.06,0.0
2025-11-06 12:00:00,1.0529328689549218,4.526123999999999,12.07135939020272,0.0,0.370833333,0.0,0.06,0.0
2025-11-06 13:00:00,0.750774363709025,2.456649,13.5,0.0,0.370833333,1.7058746362909751,0.058,-0.09894072890487657
2025-11-06 14:00:00,0.2409101595879447,1.627694,13.5,0.0,0.370833333,1.3867838404120554,0.058,-0.08043346274389922
2025-11-06 15:00:00,0.2939920591581699,0.7158300000000001,13.5,0.0,0.380833333,0.4218379408418302,0.064,-0.026997628213877134
2025-11-06 16:00:00,0.4736538730881626,0.1187,13.145046126911838,0.0,0.400833333,0.0,0.09,0.0
2025-11-06 17:00:00,1.7586448547604117,0.0,11.386401272151426,0.0,0.400833333,0.0,0.095,0.0
2025-11-06 18:00:00,2.9468627605246827,0.0,8.439538511626743,0.0,0.400833333,0.0,0.088,0.0
2025-11-06 19:00:00,0.610441845057589,0.0,7.829096666569154,0.0,0.400833333,0.0,0.085,0.0
2025-11-06 20:00:00,0.4573209809127088,0.0,7.371775685656446,0.0,0.400833333,0.0,0.085,0.0
2025-11-06 21:00:00,0.4961115998294118,0.0,6.875664085827034,0.0,0.380833333,0.0,0.088,0.0
2025-11-06 22:00:00,0.6614821331058826,0.0,6.214181952721152,0.0,0.380833333,0.0,0.088,0.0
2025-11-06 23:00:00,0.7023143635445173,0.0,5.511867589176634,0.0,0.380833333,0.0,0.086,0.0
2025-11-07 00:00:00,0.610441845057589,0.0,4.901425744119045,0.0,0.370833333,0.0,0.087,0.0
2025-11-07 01:00:00,0.8166446087726945,0.0,4.084781135346351,0.0,0.370833333,0.0,0.086,0.0
2025-11-07 02:00:00,0.6247331257111113,0.0,3.4600480096352393,0.0,0.370833333,0.0,0.084,0.0
2025-11-07 03:00:00,0.8391023355139435,0.0,2.6209456741212955,0.0,0.370833333,0.0,0.083,0.0
2025-11-07 04:00:00,0.8329775009481484,0.0,1.7879681731731472,0.0,0.370833333,0.0,0.086,0.0
2025-11-07 05:00:00,0.8533936161674658,0.0,0.9345745570056814,0.0,0.370833333,0.0,0.087,0.0
2025-11-07 06:00:00,0.9473077461763256,0.0,0.0,0.012733189170644255,0.370833333,0.0,0.083,0.004721890979869515
2025-11-07 07:00:00,1.0800124951018883,0.839945,0.0,0.2400674951018883,0.370833333,0.0,0.072,0.08902502935359441
2025-11-07 08:00:00,1.0657212144483663,0.114339,0.0,0.9513822144483663,0.370833333,0.0,0.064,0.3528042375408084
2025-11-07 09:00:00,0.6778150252813364,1.010613,0.3327979747186635,0.0,0.370833333,0.0,0.061,0.0
2025-11-07 10:00:00,2.93494118332077,4.046926,1.4447827913978937,0.0,0.370833333,0.0,0.061,0.0
2025-11-07 11:00:00,3.690880746980506,4.359224,2.1131260444173883,0.0,0.370833333,0.0,0.06,0.0
2025-11-07 12:00:00,3.0498147290939404,4.2884530000000005,3.3517643153234484,0.0,0.370833333,0.0,0.06,0.0
2025-11-07 13:00:00,3.121271132361551,3.889181,4.119674182961898,0.0,0.370833333,0.0,0.058,0.0
2025-11-07 14:00:00,2.7185303619960055,1.289116,2.6902598209658923,0.0,0.370833333,0.0,0.058,0.0
2025-11-07 15:00:00,0.4389464772153231,1.931802,4.183115343750569,0.0,0.380833333,0.0,0.064,0.0
2025-11-07 16:00:00,0.5532767224435003,0.4622509999999999,4.0920896213070685,0.0,0.400833333,0.0,0.09,0.0
2025-11-07 17:00:00,2.447698145623628,0.0,1.6443914756834404,0.0,0.400833333,0.0,0.095,0.0
2025-11-07 18:00:00,2.823354665659068,0.0,0.0,1.1789631899756277,0.400833333,0.0,0.088,0.472567744922243
2025-11-07 19:00:00,1.0779708835799569,0.0,0.0,1.0779708835799569,0.400833333,0.0,0.085,0.4320866621423091
2025-11-07 20:00:00,0.6206499026672478,0.0,0.0,0.6206499026672478,0.400833333,0.0,0.085,0.24877716911223854
2025-11-07 21:00:00,0.7411049824612201,0.0,0.0,0.7411049824612201,0.380833333,0.0,0.088,0.28223748057361303
2025-11-07 22:00:00,0.6859814713690634,0.0,0.0,0.6859814713690634,0.380833333,0.0,0.088,0.2612446101177245
2025-11-07 23:00:00,0.9330164655228036,0.0,0.0,0.9330164655228036,0.380833333,0.0,0.086,0.35532377030892887
2025-11-08 00:00:00,0.9034130984547936,0.0,0.0,0.9034130984547936,0.370833333,0.0,0.087,0.3350156903758482
2025-11-08 01:00:00,1.122886337062455,0.0,0.0,1.122886337062455,0.370833333,0.0,0.086,0.41640368295303165
2025-11-08 02:00:00,1.1509584954890164,0.0,0.0,1.1509584954890164,0.370833333,0.0,0.084,0.4268137750268574
2025-11-08 03:00:00,1.263247129195262,0.0,0.0,1.263247129195262,0.370833333,0.0,0.083,0.4684541433221606
2025-11-08 04:00:00,1.209654826744554,0.0,0.0,1.209654826744554,0.370833333,0.0,0.086,0.4485803311812205
2025-11-08 05:00:00,1.3066313740363114,0.0,0.0,1.3066313740363114,0.370833333,0.0,0.087,0.484542467436255
2025-11-08 06:00:00,1.3423595756701163,0.0,0.0,1.3423595756701163,0.370833333,0.0,0.083,0.4977916755302149
2025-11-08 07:00:00,1.270903172402506,0.067632,0.0,1.203271172402506,0.370833333,0.0,0.072,0.4462130593648389
2025-11-08 08:00:00,1.1024702218431377,0.298858,0.0,0.8036122218431376,0.370833333,0.0,0.064,0.2980061986656261
2025-11-08 09:00:00,1.1713746107083336,0.29578,0.0,0.8755946107083337,0.370833333,0.0,0.061,0.32469966784580884
2025-11-08 10:00:00,2.9303475573964235,0.384683,0.0,2.5456645573964236,0.370833333,0.0,0.061,0.9440172725192856
2025-11-08 11:00:00,3.1672073916050154,0.783347,0.0,2.3838603916050154,0.370833333,0.0,0.06,0.884014894425573
2025-11-08 12:00:00,2.7384689719993505,0.247351,0.0,2.4911179719993504,0.370833333,0.0,0.06,0.9237895804527197
2025-11-08 13:00:00,2.8150294040717907,0.249596,0.0,2.5654334040717908,0.370833333,0.0,0.058,0.9513482198214779
2025-11-08 14:00:00,2.476088993766612,0.240583,0.0,2.235505993766612,0.370833333,0.0,0.058,0.8290001386099499
2025-11-08 15:00:00,0.1837450369738561,0.17167,0.0,0.012075036973856118,0.380833333,0.0,0.064,0.004598576576851859
2025-11-08 16:00:00,0.6941479174567904,0.013919,0.0,0.6802289174567904,0.400833333,0.0,0.09,0.27265842418718716
2025-11-08 17:00:00,2.2665051230521867,0.0,0.0,2.2665051230521867,0.400833333,0.0,0.095,0.9084908027345832
2025-11-08 18:00:00,2.4502501600260427,0.0,0.0,2.4502501600260427,0.400833333,0.0,0.088,0.9821419383270221
2025-11-08 19:00:00,0.5052988516781047,0.0,0.0,0.5052988516781047,0.400833333,0.0,0.085,0.20254062287920738
2025-11-08 20:00:00,0.5614431685312274,0.0,0.0,0.5614431685312274,0.400833333,0.0,0.085,0.22504513653245262
2025-11-08 21:00:00,0.8549248248089145,0.0,0.0,0.8549248248089145,0.380833333,0.0,0.088,0.32558387049642
2025-11-08 22:00:00,1.1994467691348951,0.0,0.0,1.1994467691348951,0.380833333,0.0,0.088,0.4567893108457236
2025-11-08 23:00:00,0.8523728104065,0.0,0.0,0.8523728104065,0.380833333,0.0,0.086,0.3246119783456845
2025-11-09 00:00:00,1.0105977033562097,0.0,0.0,1.0105977033562097,0.370833333,0.0,0.087,0.3747633146577285
2025-11-09 01:00:00,0.9876295737344774,0.0,0.0,0.9876295737344774,0.370833333,0.0,0.086,0.3662459665973255
2025-11-09 02:00:00,0.9799735305272336,0.0,0.0,0.9799735305272336,0.370833333,0.0,0.084,0.36340685057719124
2025-11-09 03:00:00,1.1075742506479669,0.0,0.0,1.1075742506479669,0.370833333,0.0,0.083,0.41072545091276297
2025-11-09 04:00:00,1.122886337062455,0.0,0.0,1.122886337062455,0.370833333,0.0,0.086,0.41640368295303165
2025-11-09 05:00:00,1.1866866971228216,0.0,0.0,1.1866866971228216,0.370833333,0.0,0.087,0.44006298312081743
2025-11-09 06:00:00,1.255591085988018,0.0,0.0,1.255591085988018,0.370833333,0.0,0.083,0.46561502730202625
2025-11-09 07:00:00,1.2147588555493831,0.203,0.0,1.011758855549383,0.370833333,0.0,0.072,0.3751939085956433
2025-11-09 08:00:00,1.2122068411469684,0.443569,0.0,0.7686378411469684,0.370833333,0.0,0.064,0.2850365325024548
2025-11-09 09:00:00,0.6992519462616196,0.716448,0.0171960537383804,0.0,0.370833333,0.0,0.061,0.0
2025-11-09 10:00:00,2.889515326957788,1.989842,0.0,0.8824772732194073,0.370833333,0.0,0.061,0.32725198852470444
2025-11-09 11:00:00,3.242914313945689,0.8789669999999999,0.0,2.363947313945689,0.370833333,0.0,0.06,0.8766304614668772
2025-11-09 12:00:00,3.758421223233453,0.4362479999999999,0.0,3.322173223233453,0.370833333,0.0,0.06,1.2319725691750143
2025-11-09 13:00:00,3.0055769745211247,2.7549,0.0,0.2506769745211246,0.370833333,0.0,0.058,0.09295937796802471
2025-11-09 14:00:00,2.7312904340080792,1.160419,0.0,1.5708714340080792,0.370833333,0.0,0.058,0.5825314895877055
2025-11-09 15:00:00,0.4823307220563727,0.8401430000000001,0.3578122779436274,0.0,0.380833333,0.0,0.064,0.0
2025-11-09 16:00:00,0.6482116582133262,0.0827939999999999,0.0,0.20760538026969882,0.400833333,0.0,0.09,0.08321515652223582
2025-11-09 17:00:00,1.8090020386521,0.0,0.0,1.8090020386521,0.400833333,0.0,0.095,0.725108316556716
2025-11-09 18:00:00,3.1539136287246317,0.0,0.0,3.1539136287246317,0.400833333,0.0,0.088,1.2641937117958186
2025-11-09 19:00:00,1.2836632444145792,0.0,0.0,1.2836632444145792,0.400833333,0.0,0.085,0.5145350167082895
2025-11-09 20:00:00,1.1203343226600406,0.0,0.0,1.1203343226600406,0.400833333,0.0,0.085,0.4490673406261215
2025-11-09 21:00:00,1.2096548267445535,0.0,0.0,1.2096548267445535,0.380833333,0.0,0.088,0.46067687944866587
2025-11-09 22:00:00,1.2300709419638711,0.0,0.0,1.2300709419638711,0.380833333,0.0,0.088,0.4684520166545506
2025-11-09 23:00:00,1.2913192876218231,0.0,0.0,1.2913192876218231,0.380833333,0.0,0.086,0.49177742827220455
2025-11-10 00:00:00,1.6434972751550478,0.0,0.0,1.6434972751550478,0.370833333,0.0,0.087,0.6094635723221644
2025-11-10 01:00:00,1.5950090015091694,0.0,0.0,1.5950090015091694,0.370833333,0.0,0.086,0.5914825041946473
2025-11-10 02:00:00,1.6894335343985118,0.0,0.0,1.6894335343985118,0.370833333,0.0,0.084,0.6264982684429703
2025-11-10 03:00:00,1.6996415920081709,0.0,0.0,1.6996415920081709,0.370833333,0.0,0.083,0.6302837564698162
2025-11-10 04:00:00,1.804274182507172,0.0,0.0,1.804274182507172,0.370833333,0.0,0.086,0.6690850087449849
2025-11-10 05:00:00,1.6383932463502184,0.0,0.0,1.6383932463502184,0.370833333,0.0,0.087,0.6075708283087415
2025-11-10 06:00:00,1.9089067730061735,0.0,0.0,1.9089067730061735,0.370833333,0.0,0.083,0.7078862610201537
2025-11-10 07:00:00,1.81958626892166,0.810057,0.0,1.00952926892166,0.370833333,0.0,0.072,0.3743671035552725
2025-11-10 08:00:00,0.9850775593320628,0.033795,0.0,0.9512825593320627,0.370833333,0.0,0.064,0.3527672821018791
2025-11-10 09:00:00,0.4236343908008352,0.301677,0.0,0.12195739080083523,0.370833333,0.0,0.061,0.04522586571465727
2025-11-10 10:00:00,0.4236343908008353,2.272193,1.8485586091991648,0.0,0.370833333,0.0,0.061,0.0
2025-11-10 11:00:00,0.4625722763324766,1.083675,2.4696613328666883,0.0,0.370833333,0.0,0.06,0.0
2025-11-10 12:00:00,0.5467887516121608,0.600911,2.5237835812545275,0.0,0.370833333,0.0,0.06,0.0
2025-11-10 13:00:00,0.6692854429280649,1.920495,3.7749931383264625,0.0,0.370833333,0.0,0.058,0.0
2025-11-10 14:00:00,1.2096548267445535,1.764258,4.329596311581909,0.0,0.370833333,0.0,0.058,0.0
2025-11-10 15:00:00,0.882996983235476,1.986714,5.433313328346433,0.0,0.380833333,0.0,0.064,0.0
2025-11-10 16:00:00,0.3266578435090776,0.463767,5.570422484837355,0.0,0.400833333,0.0,0.09,0.0
2025-11-10 17:00:00,1.279957056241134,0.0,4.290465428596221,0.0,0.400833333,0.0,0.095,0.0
2025-11-10 18:00:00,2.071081520989682,0.0,2.219383907606539,0.0,0.400833333,0.0,0.088,0.0
2025-11-10 19:00:00,0.6482116582133262,0.0,1.5711722493932128,0.0,0.400833333,0.0,0.085,0.0
2025-11-10 20:00:00,0.7349801478954251,0.0,0.8361921014977877,0.0,0.400833333,0.0,0.085,0.0
2025-11-10 21:00:00,1.036117847380356,0.0,0.0,0.1999257458825684,0.380833333,0.0,0.088,0.07613838815696955
2025-11-10 22:00:00,1.1203343226600402,0.0,0.0,1.1203343226600402,0.380833333,0.0,0.088,0.42666065417292054
2025-11-10 23:00:00,1.0948141786358936,0.0,0.0,1.0948141786358936,0.380833333,0.0,0.086,0.4169417326655647
2025-11-11 00:00:00,1.2453830283783591,0.0,0.0,1.2453830283783591,0.370833333,0.0,0.087,0.4618295392751805
2025-11-11 01:00:00,1.3627756908894342,0.0,0.0,1.3627756908894342,0.370833333,0.0,0.086,0.5053626515839066
2025-11-11 02:00:00,1.1892387115252363,0.0,0.0,1.1892387115252363,0.370833333,0.0,0.084,0.44100935512752887
2025-11-11 03:00:00,1.2760072012073354,0.0,0.0,1.2760072012073354,0.370833333,0.0,0.083,0.47318600335571775
2025-11-11 04:00:00,1.3806397917063369,0.0,0.0,1.3806397917063369,0.370833333,0.0,0.086,0.5119872556308867
2025-11-11 05:00:00,1.2913192876218234,0.0,0.0,1.2913192876218234,0.370833333,0.0,0.087,0.4788642353959864
2025-11-11 06:00:00,1.5056884974246558,0.0,0.0,1.5056884974246558,0.370833333,0.0,0.083,0.558359483959747
2025-11-11 07:00:00,1.4597522381811916,0.0,0.0,1.4597522381811916,0.370833333,0.0,0.072,0.5413247878389411
2025-11-11 08:00:00,0.7145640326761076,0.080398,0.0,0.6341660326761076,0.370833333,0.0,0.064,0.23516990357266787
2025-11-11 09:00:00,0.5001948228732753,0.338904,0.0,0.16129082287327534,0.370833333,0.0,0.061,0.059812013428409326
2025-11-11 10:00:00,0.2449933826318082,0.147083,0.0,0.09791038263180821,0.370833333,0.0,0.061,0.036308433526658745
2025-11-11 11:00:00,0.5008524923686966,0.350232,0.0,0.15062049236869657,0.370833333,0.0,0.06,0.055855099203184815
2025-11-11 12:00:00,0.4600202619300619,0.088437,0.0,0.3715832619300619,0.370833333,0.0,0.06,0.13779545950853686
2025-11-11 13:00:00,0.4421561611131592,1.149488,0.7073318388868408,0.0,0.370833333,0.0,0.058,0.0
2025-11-11 14:00:00,0.15312086414488,0.305093,0.8593039747419609,0.0,0.370833333,0.0,0.058,0.0
2025-11-11 15:00:00,0.1556728785472948,2.007724,2.711355096194666,0.0,0.380833333,0.0,0.064,0.0
2025-11-11 16:00:00,0.1990571233883442,0.463849,2.976146972806322,0.0,0.400833333,0.0,0.09,0.0
2025-11-11 17:00:00,1.2978211570580367,0.0,1.6783258157482854,0.0,0.400833333,0.0,0.095,0.0
2025-11-11 18:00:00,2.379875263681857,0.0,0.0,0.7015494479335715,0.400833333,0.0,0.088,0.28120440347952347
2025-11-11 19:00:00,0.5588911541288126,0.0,0.0,0.5588911541288126,0.400833333,0.0,0.085,0.2240222040936687
2025-11-11 20:00:00,0.9723174873199896,0.0,0.0,0.9723174873199896,0.400833333,0.0,0.085,0.3897372591766567
2025-11-11 21:00:00,0.959557415307916,0.0,0.0,0.959557415307916,0.380833333,0.0,0.088,0.3654314486765789
2025-11-11 22:00:00,1.0616379914045029,0.0,0.0,1.0616379914045029,0.380833333,0.0,0.088,0.40430713470600216
2025-11-11 23:00:00,0.9493493576982572,0.0,0.0,0.9493493576982572,0.380833333,0.0,0.086,0.3615438800736365
2025-11-12 00:00:00,1.192301128808134,0.0,0.0,1.192301128808134,0.370833333,0.0,0.087,0.4421450015355826
2025-11-12 01:00:00,1.1412608407598408,0.0,0.0,1.1412608407598408,0.370833333,0.0,0.086,0.423217561401354
2025-11-12 02:00:00,1.3127562086021063,0.0,0.0,1.3127562086021063,0.370833333,0.0,0.084,0.48681376025236234
2025-11-12 03:00:00,1.261715920553813,0.0,0.0,1.261715920553813,0.370833333,0.0,0.083,0.4678863201181337
2025-11-12 04:00:00,1.255591085988018,0.0,0.0,1.255591085988018,0.370833333,0.0,0.086,0.46561502730202625
2025-11-12 05:00:00,1.286215258816994,0.0,0.0,1.286215258816994,0.370833333,0.0,0.087,0.4769714913825635
2025-11-12 06:00:00,1.3842126118697171,0.0,0.0,1.3842126118697171,0.370833333,0.0,0.083,0.5133121764402825
2025-11-12 07:00:00,1.2331333592467688,0.7910839999999999,0.0,0.4420493592467689,0.370833333,0.0,0.072,0.16392663723999368
2025-11-12 08:00:00,0.8901426235622371,2.339778,1.449635376437763,0.0,0.370833333,0.0,0.064,0.0
2025-11-12 09:00:00,0.8105197742068992,3.474874,4.1139896022308635,0.0,0.370833333,0.0,0.061,0.0
2025-11-12 10:00:00,2.863484780053159,4.193144,5.443648822177705,0.0,0.370833333,0.0,0.061,0.0
2025-11-12 11:00:00,3.33682530876317,4.53216,6.638983513414535,0.0,0.370833333,0.0,0.06,0.0
2025-11-12 12:00:00,3.108164818306815,4.482797,8.01361569510772,0.0,0.370833333,0.0,0.06,0.0
2025-11-12 13:00:00,3.0407916380830677,4.051762,9.024586057024653,0.0,0.370833333,0.0,0.058,0.0
2025-11-12 14:00:00,2.5837840015485107,3.006719,9.44752105547614,0.0,0.370833333,0.0,0.058,0.0
2025-11-12 15:00:00,0.4777370961320262,0.615381,9.585164959344114,0.0,0.380833333,0.0,0.064,0.0
2025-11-12 16:00:00,0.6288163487549747,0.015086,8.971434610589139,0.0,0.400833333,0.0,0.09,0.0
2025-11-12 17:00:00,2.089697121757805,0.0,6.881737488831334,0.0,0.400833333,0.0,0.095,0.0
2025-11-12 18:00:00,3.049254537065721,0.0,3.8324829517656127,0.0,0.400833333,0.0,0.088,0.0
2025-11-12 19:00:00,0.579817672228613,0.0,3.2526652795369997,0.0,0.400833333,0.0,0.085,0.0
2025-11-12 20:00:00,0.4348632541714597,0.0,2.81780202536554,0.0,0.400833333,0.0,0.085,0.0
2025-11-12 21:00:00,0.5206109380925927,0.0,2.297191087272947,0.0,0.380833333,0.0,0.088,0.0
2025-11-12 22:00:00,0.7227304787638346,0.0,1.5744606085091122,0.0,0.380833333,0.0,0.088,0.0
2025-11-12 23:00:00,1.0800124951018883,0.0,0.4944481134072238,0.0,0.380833333,0.0,0.086,0.0
2025-11-13 00:00:00,1.0636796029264346,0.0,0.0,0.5692314895192108,0.370833333,0.0,0.087,0.2110900105069635
2025-11-13 01:00:00,1.2453830283783591,0.0,0.0,1.2453830283783591,0.370833333,0.0,0.086,0.4618295392751805
2025-11-13 02:00:00,1.1392192292379089,0.0,0.0,1.1392192292379089,0.370833333,0.0,0.084,0.4224604637959848
2025-11-13 03:00:00,1.1555521214133628,0.0,0.0,1.1555521214133628,0.370833333,0.0,0.083,0.428517244638938
2025-11-13 04:00:00,1.16371856750109,0.0,0.0,1.16371856750109,0.370833333,0.0,0.086,0.43154563506041466
2025-11-13 05:00:00,1.3617548851284682,0.0,0.0,1.3617548851284682,0.370833333,0.0,0.087,0.504984102781222
2025-11-13 06:00:00,1.261715920553813,0.0,0.0,1.261715920553813,0.370833333,0.0,0.083,0.4678863201181337
2025-11-13 07:00:00,1.3045897625143796,0.7442559999999999,0.0,0.5603337625143797,0.370833333,0.0,0.072,0.20779043674563788
2025-11-13 08:00:00,0.6288163487549746,2.303352,1.6745356512450251,0.0,0.370833333,0.0,0.064,0.0
2025-11-13 09:00:00,0.4695706500442992,3.464306,4.669271001200726,0.0,0.370833333,0.0,0.061,0.0
2025-11-13 10:00:00,0.4940699883074801,4.169720999999999,8.344922012893246,0.0,0.370833333,0.0,0.061,0.0
2025-11-13 11:00:00,1.0325167537356046,4.506755,11.81916025915764,0.0,0.370833333,0.0,0.06,0.0
2025-11-13 12:00:00,1.0529328689549218,4.497046999999999,13.5,0.0,0.370833333,3.444114131045078,0.06,-0.20664684786270465
2025-11-13 13:00:00,0.750774363709025,4.082978,13.5,0.0,0.370833333,3.332203636290975,0.058,-0.19326781090487655
2025-11-13 14:00:00,0.2409101595879447,3.246083,13.5,0.0,0.370833333,3.0051728404120555,0.058,-0.17430002474389922
2025-11-13 15:00:00,0.2939920591581699,2.004454,13.5,0.0,0.380833333,1.71046194084183,0.064,-0.10946956421387713
2025-11-13 16:00:00,0.4736538730881626,0.391336,13.417682126911837,0.0,0.400833333,0.0,0.09,0.0
2025-11-13 17:00:00,1.7586448547604117,0.0,11.659037272151425,0.0,0.400833333,0.0,0.095,0.0
2025-11-13 18:00:00,2.9468627605246827,0.0,8.712174511626742,0.0,0.400833333,0.0,0.088,0.0
2025-11-13 19:00:00,0.610441845057589,0.0,8.101732666569152,0.0,0.400833333,0.0,0.085,0.0
2025-11-13 20:00:00,0.4573209809127088,0.0,7.6444116856564435,0.0,0.400833333,0.0,0.085,0.0
2025-11-13 21:00:00,0.4961115998294118,0.0,7.148300085827032,0.0,0.380833333,0.0,0.088,0.0
2025-11-13 22:00:00,0.6614821331058826,0.0,6.486817952721149,0.0,0.380833333,0.0,0.088,0.0
2025-11-13 23:00:00,0.7023143635445173,0.0,5.784503589176632,0.0,0.380833333,0.0,0.086,0.0
2025-11-14 00:00:00,0.610441845057589,0.0,5.174061744119043,0.0,0.370833333,0.0,0.087,0.0
2025-11-14 01:00:00,0.8166446087726945,0.0,4.357417135346348,0.0,0.370833333,0.0,0.086,0.0
2025-11-14 02:00:00,0.6247331257111113,0.0,3.732684009635237,0.0,0.370833333,0.0,0.084,0.0
2025-11-14 03:00:00,0.8391023355139435,0.0,2.893581674121293,0.0,0.370833333,0.0,0.083,0.0
2025-11-14 04:00:00,0.8329775009481484,0.0,2.060604173173145,0.0,0.370833333,0.0,0.086,0.0
2025-11-14 05:00:00,0.8533936161674658,0.0,1.207210557005679,0.0,0.370833333,0.0,0.087,0.0
2025-11-14 06:00:00,0.9473077461763256,0.0,0.2599028108293534,0.0,0.370833333,0.0,0.083,0.0
2025-11-14 07:00:00,1.0800124951018883,0.711754,0.0,0.10835568427253495,0.370833333,0.0,0.072,0.04018189954827981
2025-11-14 08:00:00,1.0657212144483663,1.457465,0.3917437855516337,0.0,0.370833333,0.0,0.064,0.0
2025-11-14 09:00:00,0.6778150252813364,2.012354,1.7262827602702977,0.0,0.370833333,0.0,0.061,0.0
2025-11-14 10:00:00,2.93494118332077,3.227475,2.018816576949527,0.0,0.370833333,0.0,0.061,0.0
2025-11-14 11:00:00,3.690880746980506,3.210393,1.5383288299690214,0.0,0.370833333,0.0,0.06,0.0
2025-11-14 12:00:00,3.0498147290939404,3.350285,1.838799100875081,0.0,0.370833333,0.0,0.06,0.0
2025-11-14 13:00:00,3.121271132361551,2.797714,1.51524196851353,0.0,0.370833333,0.0,0.058,0.0
2025-11-14 14:00:00,2.7185303619960055,1.964725,0.7614366065175242,0.0,0.370833333,0.0,0.058,0.0
2025-11-14 15:00:00,0.4389464772153231,1.118291,1.440781129302201,0.0,0.380833333,0.0,0.064,0.0
2025-11-14 16:00:00,0.5532767224435003,0.192821,1.0803254068587007,0.0,0.400833333,0.0,0.09,0.0
2025-11-14 17:00:00,2.447698145623628,0.0,0.0,1.3673727387649275,0.400833333,0.0,0.095,0.5480885723324842
2025-11-14 18:00:00,2.823354665659068,0.0,0.0,2.823354665659068,0.400833333,0.0,0.088,1.131694660877225
2025-11-14 19:00:00,1.0779708835799569,0.0,0.0,1.0779708835799569,0.400833333,0.0,0.085,0.4320866621423091
2025-11-14 20:00:00,0.6206499026672478,0.0,0.0,0.6206499026672478,0.400833333,0.0,0.085,0.24877716911223854
2025-11-14 21:00:00,0.7411049824612201,0.0,0.0,0.7411049824612201,0.380833333,0.0,0.088,0.28223748057361303
2025-11-14 22:00:00,0.6859814713690634,0.0,0.0,0.6859814713690634,0.380833333,0.0,0.088,0.2612446101177245
2025-11-14 23:00:00,0.9330164655228036,0.0,0.0,0.9330164655228036,0.380833333,0.0,0.086,0.35532377030892887
2025-11-15 00:00:00,0.9034130984547936,0.0,0.0,0.9034130984547936,0.370833333,0.0,0.087,0.3350156903758482
2025-11-15 01:00:00,1.122886337062455,0.0,0.0,1.122886337062455,0.370833333,0.0,0.086,0.41640368295303165
2025-11-15 02:00:00,1.1509584954890164,0.0,0.0,1.1509584954890164,0.370833333,0.0,0.084,0.4268137750268574
2025-11-15 03:00:00,1.263247129195262,0.0,0.0,1.263247129195262,0.370833333,0.0,0.083,0.4684541433221606
2025-11-15 04:00:00,1.209654826744554,0.0,0.0,1.209654826744554,0.370833333,0.0,0.086,0.4485803311812205
2025-11-15 05:00:00,1.3066313740363114,0.0,0.0,1.3066313740363114,0.370833333,0.0,0.087,0.484542467436255
2025-11-15 06:00:00,1.3423595756701163,0.0,0.0,1.3423595756701163,0.370833333,0.0,0.083,0.4977916755302149
2025-11-15 07:00:00,1.270903172402506,0.42044,0.0,0.850463172402506,0.370833333,0.0,0.072,0.3153800928157749
2025-11-15 08:00:00,1.1024702218431377,1.414066,0.3115957781568623,0.0,0.370833333,0.0,0.064,0.0
2025-11-15 09:00:00,1.1713746107083336,2.285163,1.4253841674485286,0.0,0.370833333,0.0,0.061,0.0
2025-11-15 10:00:00,2.9303475573964235,2.432689,0.927725610052105,0.0,0.370833333,0.0,0.061,0.0
2025-11-15 11:00:00,3.1672073916050154,2.6037109999999997,0.3642292184470892,0.0,0.370833333,0.0,0.06,0.0
2025-11-15 12:00:00,2.7384689719993505,2.969308,0.5950682464477386,0.0,0.370833333,0.0,0.06,0.0
2025-11-15 13:00:00,2.8150294040717907,2.57369,0.3537288423759479,0.0,0.370833333,0.0,0.058,0.0
2025-11-15 14:00:00,2.476088993766612,1.932819,0.0,0.18954115139066396,0.370833333,0.0,0.058,0.0702881769108575
2025-11-15 15:00:00,0.1837450369738561,1.083383,0.8996379630261438,0.0,0.380833333,0.0,0.064,0.0
2025-11-15 16:00:00,0.6941479174567904,0.210387,0.4158770455693534,0.0,0.400833333,0.0,0.09,0.0
2025-11-15 17:00:00,2.2665051230521867,0.0,0.0,1.8506280774828332,0.400833333,0.0,0.095,0.7417934204408263
2025-11-15 18:00:00,2.4502501600260427,0.0,0.0,2.4502501600260427,0.400833333,0.0,0.088,0.9821419383270221
2025-11-15 19:00:00,0.5052988516781047,0.0,0.0,0.5052988516781047,0.400833333,0.0,0.085,0.20254062287920738
2025-11-15 20:00:00,0.5614431685312274,0.0,0.0,0.5614431685312274,0.400833333,0.0,0.085,0.22504513653245262
2025-11-15 21:00:00,0.8549248248089145,0.0,0.0,0.8549248248089145,0.380833333,0.0,0.088,0.32558387049642
2025-11-15 22:00:00,1.1994467691348951,0.0,0.0,1.1994467691348951,0.380833333,0.0,0.088,0.4567893108457236
2025-11-15 23:00:00,0.8523728104065,0.0,0.0,0.8523728104065,0.380833333,0.0,0.086,0.3246119783456845
2025-11-16 00:00:00,1.0105977033562097,0.0,0.0,1.0105977033562097,0.370833333,0.0,0.087,0.3747633146577285
2025-11-16 01:00:00,0.9876295737344774,0.0,0.0,0.9876295737344774,0.370833333,0.0,0.086,0.3662459665973255
2025-11-16 02:00:00,0.9799735305272336,0.0,0.0,0.9799735305272336,0.370833333,0.0,0.084,0.36340685057719124
2025-11-16 03:00:00,1.1075742506479669,0.0,0.0,1.1075742506479669,0.370833333,0.0,0.083,0.41072545091276297
2025-11-16 04:00:00,1.122886337062455,0.0,0.0,1.122886337062455,0.370833333,0.0,0.086,0.41640368295303165
2025-11-16 05:00:00,1.1866866971228216,0.0,0.0,1.1866866971228216,0.370833333,0.0,0.087,0.44006298312081743
2025-11-16 06:00:00,1.255591085988018,0.0,0.0,1.255591085988018,0.370833333,0.0,0.083,0.46561502730202625
2025-11-16 07:00:00,1.2147588555493831,0.504277,0.0,0.7104818555493831,0.370833333,0.0,0.072,0.26347035452940226
2025-11-16 08:00:00,1.2122068411469684,0.459764,0.0,0.7524428411469684,0.370833333,0.0,0.064,0.2790308866745198
2025-11-16 09:00:00,0.6992519462616196,2.5305549999999997,1.83130305373838,0.0,0.370833333,0.0,0.061,0.0
2025-11-16 10:00:00,2.889515326957788,2.521055,1.4628427267805924,0.0,0.370833333,0.0,0.061,0.0
2025-11-16 11:00:00,3.242914313945689,3.35127,1.5711984128349037,0.0,0.370833333,0.0,0.06,0.0
2025-11-16 12:00:00,3.758421223233453,4.138108,1.9508851896014503,0.0,0.370833333,0.0,0.06,0.0
2025-11-16 13:00:00,3.0055769745211247,3.792334,2.7376422150803257,0.0,0.370833333,0.0,0.058,0.0
2025-11-16 14:00:00,2.7312904340080792,2.4117469999999996,2.418098781072246,0.0,0.370833333,0.0,0.058,0.0
2025-11-16 15:00:00,0.4823307220563727,0.842291,2.778059059015874,0.0,0.380833333,0.0,0.064,0.0
2025-11-16 16:00:00,0.6482116582133262,0.083563,2.2134104008025473,0.0,0.400833333,0.0,0.09,0.0
2025-11-16 17:00:00,1.8090020386521,0.0,0.4044083621504473,0.0,0.400833333,0.0,0.095,0.0
2025-11-16 18:00:00,3.1539136287246317,0.0,0.0,2.749505266574184,0.400833333,0.0,0.088,1.1020933601019838
2025-11-16 19:00:00,1.2836632444145792,0.0,0.0,1.2836632444145792,0.400833333,0.0,0.085,0.5145350167082895
2025-11-16 20:00:00,1.1203343226600406,0.0,0.0,1.1203343226600406,0.400833333,0.0,0.085,0.4490673406261215
2025-11-16 21:00:00,1.2096548267445535,0.0,0.0,1.2096548267445535,0.380833333,0.0,0.088,0.46067687944866587
2025-11-16 22:00:00,1.2300709419638711,0.0,0.0,1.2300709419638711,0.380833333,0.0,0.088,0.4684520166545506
2025-11-16 23:00:00,1.2913192876218231,0.0,0.0,1.2913192876218231,0.380833333,0.0,0.086,0.49177742827220455
2025-11-17 00:00:00,1.6434972751550478,0.0,0.0,1.6434972751550478,0.370833333,0.0,0.087,0.6094635723221644
2025-11-17 01:00:00,1.5950090015091694,0.0,0.0,1.5950090015091694,0.370833333,0.0,0.086,0.5914825041946473
2025-11-17 02:00:00,1.6894335343985118,0.0,0.0,1.6894335343985118,0.370833333,0.0,0.084,0.6264982684429703
2025-11-17 03:00:00,1.6996415920081709,0.0,0.0,1.6996415920081709,0.370833333,0.0,0.083,0.6302837564698162
2025-11-17 04:00:00,1.804274182507172,0.0,0.0,1.804274182507172,0.370833333,0.0,0.086,0.6690850087449849
2025-11-17 05:00:00,1.6383932463502184,0.0,0.0,1.6383932463502184,0.370833333,0.0,0.087,0.6075708283087415
2025-11-17 06:00:00,1.9089067730061735,0.0,0.0,1.9089067730061735,0.370833333,0.0,0.083,0.7078862610201537
2025-11-17 07:00:00,1.81958626892166,0.590419,0.0,1.22916726892166,0.370833333,0.0,0.072,0.45581619514872646
2025-11-17 08:00:00,0.9850775593320628,2.083665,1.098587440667937,0.0,0.370833333,0.0,0.064,0.0
2025-11-17 09:00:00,0.4236343908008352,3.213754,3.8887070498671017,0.0,0.370833333,0.0,0.061,0.0
2025-11-17 10:00:00,0.4236343908008353,3.938138,7.403210659066266,0.0,0.370833333,0.0,0.061,0.0
2025-11-17 11:00:00,0.4625722763324766,4.218153,11.158791382733789,0.0,0.370833333,0.0,0.06,0.0
2025-11-17 12:00:00,0.5467887516121608,4.149075,13.5,0.0,0.370833333,3.602286248387839,0.06,-0.21613717490327033
2025-11-17 13:00:00,0.6692854429280649,3.743079,13.5,0.0,0.370833333,3.073793557071935,0.058,-0.17828002631017223
2025-11-17 14:00:00,1.2096548267445535,3.035392,13.5,0.0,0.370833333,1.8257371732554464,0.058,-0.1058927560488159
2025-11-17 15:00:00,0.882996983235476,1.854163,13.5,0.0,0.380833333,0.971166016764524,0.064,-0.062154625072929535
2025-11-17 16:00:00,0.3266578435090776,0.285017,13.458359156490925,0.0,0.400833333,0.0,0.09,0.0
2025-11-17 17:00:00,1.279957056241134,0.0,12.178402100249787,0.0,0.400833333,0.0,0.095,0.0
2025-11-17 18:00:00,2.071081520989682,0.0,10.107320579260108,0.0,0.400833333,0.0,0.088,0.0
2025-11-17 19:00:00,0.6482116582133262,0.0,9.459108921046782,0.0,0.400833333,0.0,0.085,0.0
2025-11-17 20:00:00,0.7349801478954251,0.0,8.724128773151357,0.0,0.400833333,0.0,0.085,0.0
2025-11-17 21:00:00,1.036117847380356,0.0,7.688010925771,0.0,0.380833333,0.0,0.088,0.0
2025-11-17 22:00:00,1.1203343226600402,0.0,6.567676603110961,0.0,0.380833333,0.0,0.088,0.0
2025-11-17 23:00:00,1.0948141786358936,0.0,5.472862424475068,0.0,0.380833333,0.0,0.086,0.0
2025-11-18 00:00:00,1.2453830283783591,0.0,4.227479396096708,0.0,0.370833333,0.0,0.087,0.0
2025-11-18 01:00:00,1.3627756908894342,0.0,2.864703705207274,0.0,0.370833333,0.0,0.086,0.0
2025-11-18 02:00:00,1.1892387115252363,0.0,1.6754649936820376,0.0,0.370833333,0.0,0.084,0.0
2025-11-18 03:00:00,1.2760072012073354,0.0,0.3994577924747022,0.0,0.370833333,0.0,0.083,0.0
2025-11-18 04:00:00,1.3806397917063369,0.0,0.0,0.9811819992316346,0.370833333,0.0,0.086,0.3638549910546705
2025-11-18 05:00:00,1.2913192876218234,0.0,0.0,1.2913192876218234,0.370833333,0.0,0.087,0.4788642353959864
2025-11-18 06:00:00,1.5056884974246558,0.0,0.0,1.5056884974246558,0.370833333,0.0,0.083,0.558359483959747
2025-11-18 07:00:00,1.4597522381811916,0.627771,0.0,0.8319812381811916,0.370833333,0.0,0.072,0.3085263755481981
2025-11-18 08:00:00,0.7145640326761076,0.411169,0.0,0.30339503267610757,0.370833333,0.0,0.064,0.11250899118292487
2025-11-18 09:00:00,0.5001948228732753,1.613541,1.1133461771267246,0.0,0.370833333,0.0,0.061,0.0
2025-11-18 10:00:00,0.2449933826318082,4.040733,4.909085794494917,0.0,0.370833333,0.0,0.061,0.0
2025-11-18 11:00:00,0.5008524923686966,4.386836000000001,8.79506930212622,0.0,0.370833333,0.0,0.06,0.0
2025-11-18 12:00:00,0.4600202619300619,3.02262,11.35766904019616,0.0,0.370833333,0.0,0.06,0.0
2025-11-18 13:00:00,0.4421561611131592,2.885232,13.5,0.0,0.370833333,2.4430758388868408,0.058,-0.14169839865543676
2025-11-18 14:00:00,0.15312086414488,3.192386,13.5,0.0,0.370833333,3.03926513585512,0.058,-0.17627737787959696
2025-11-18 15:00:00,0.1556728785472948,1.968142,13.5,0.0,0.380833333,1.8124691214527053,0.064,-0.11599802377297315
2025-11-18 16:00:00,0.1990571233883442,0.288973,13.5,0.0,0.400833333,0.08991587661165579,0.09,-0.00809242889504902
2025-11-18 17:00:00,1.2978211570580367,0.0,12.202178842941963,0.0,0.400833333,0.0,0.095,0.0
2025-11-18 18:00:00,2.379875263681857,0.0,9.822303579260106,0.0,0.400833333,0.0,0.088,0.0
2025-11-18 19:00:00,0.5588911541288126,0.0,9.263412425131294,0.0,0.400833333,0.0,0.085,0.0
2025-11-18 20:00:00,0.9723174873199896,0.0,8.291094937811305,0.0,0.400833333,0.0,0.085,0.0
2025-11-18 21:00:00,0.959557415307916,0.0,7.331537522503389,0.0,0.380833333,0.0,0.088,0.0
2025-11-18 22:00:00,1.0616379914045029,0.0,6.269899531098886,0.0,0.380833333,0.0,0.088,0.0
2025-11-18 23:00:00,0.9493493576982572,0.0,5.320550173400629,0.0,0.380833333,0.0,0.086,0.0
2025-11-19 00:00:00,1.192301128808134,0.0,4.128249044592495,0.0,0.370833333,0.0,0.087,0.0
2025-11-19 01:00:00,1.1412608407598408,0.0,2.9869882038326545,0.0,0.370833333,0.0,0.086,0.0
2025-11-19 02:00:00,1.3127562086021063,0.0,1.6742319952305482,0.0,0.370833333,0.0,0.084,0.0
2025-11-19 03:00:00,1.261715920553813,0.0,0.4125160746767351,0.0,0.370833333,0.0,0.083,0.0
2025-11-19 04:00:00,1.255591085988018,0.0,0.0,0.8430750113112828,0.370833333,0.0,0.086,0.3126403164135757
2025-11-19 05:00:00,1.286215258816994,0.0,0.0,1.286215258816994,0.370833333,0.0,0.087,0.4769714913825635
2025-11-19 06:00:00,1.3842126118697171,0.0,0.0,1.3842126118697171,0.370833333,0.0,0.083,0.5133121764402825
2025-11-19 07:00:00,1.2331333592467688,0.6468079999999999,0.0,0.5863253592467689,0.370833333,0.0,0.072,0.21742898719190165
2025-11-19 08:00:00,0.8901426235622371,2.292857,1.4027143764377632,0.0,0.370833333,0.0,0.064,0.0
2025-11-19 09:00:00,0.8105197742068992,3.5442150000000003,4.136409602230865,0.0,0.370833333,0.0,0.061,0.0
2025-11-19 10:00:00,2.863484780053159,4.307404,5.580328822177705,0.0,0.370833333,0.0,0.061,0.0
2025-11-19 11:00:00,3.33682530876317,4.674668,6.918171513414535,0.0,0.370833333,0.0,0.06,0.0
2025-11-19 12:00:00,3.108164818306815,4.622713,8.43271969510772,0.0,0.370833333,0.0,0.06,0.0
2025-11-19 13:00:00,3.0407916380830677,4.161446,9.553374057024651,0.0,0.370833333,0.0,0.058,0.0
2025-11-19 14:00:00,2.5837840015485107,3.307472,10.27706205547614,0.0,0.370833333,0.0,0.058,0.0
2025-11-19 15:00:00,0.4777370961320262,2.013109,11.812433959344114,0.0,0.380833333,0.0,0.064,0.0
2025-11-19 16:00:00,0.6288163487549747,0.2839839999999999,11.46760161058914,0.0,0.400833333,0.0,0.09,0.0
2025-11-19 17:00:00,2.089697121757805,0.0,9.377904488831334,0.0,0.400833333,0.0,0.095,0.0
2025-11-19 18:00:00,3.049254537065721,0.0,6.3286499517656125,0.0,0.400833333,0.0,0.088,0.0
2025-11-19 19:00:00,0.579817672228613,0.0,5.748832279537,0.0,0.400833333,0.0,0.085,0.0
2025-11-19 20:00:00,0.4348632541714597,0.0,5.31396902536554,0.0,0.400833333,0.0,0.085,0.0
2025-11-19 21:00:00,0.5206109380925927,0.0,4.7933580872729475,0.0,0.380833333,0.0,0.088,0.0
2025-11-19 22:00:00,0.7227304787638346,0.0,4.070627608509113,0.0,0.380833333,0.0,0.088,0.0
2025-11-19 23:00:00,1.0800124951018883,0.0,2.990615113407225,0.0,0.380833333,0.0,0.086,0.0
2025-11-20 00:00:00,1.0636796029264346,0.0,1.9269355104807904,0.0,0.370833333,0.0,0.087,0.0
2025-11-20 01:00:00,1.2453830283783591,0.0,0.6815524821024312,0.0,0.370833333,0.0,0.086,0.0
2025-11-20 02:00:00,1.1392192292379089,0.0,0.0,0.4576667471354776,0.370833333,0.0,0.084,0.16971808524351736
2025-11-20 03:00:00,1.1555521214133628,0.0,0.0,1.1555521214133628,0.370833333,0.0,0.083,0.428517244638938
2025-11-20 04:00:00,1.16371856750109,0.0,0.0,1.16371856750109,0.370833333,0.0,0.086,0.43154563506041466
2025-11-20 05:00:00,1.3617548851284682,0.0,0.0,1.3617548851284682,0.370833333,0.0,0.087,0.504984102781222
2025-11-20 06:00:00,1.261715920553813,0.0,0.0,1.261715920553813,0.370833333,0.0,0.083,0.4678863201181337
2025-11-20 07:00:00,1.3045897625143796,0.706598,0.0,0.5979917625143797,0.370833333,0.0,0.072,0.22175527839975187
2025-11-20 08:00:00,0.6288163487549746,2.42635,1.797533651245025,0.0,0.370833333,0.0,0.064,0.0
2025-11-20 09:00:00,0.4695706500442992,3.644595,4.972558001200726,0.0,0.370833333,0.0,0.061,0.0
2025-11-20 10:00:00,0.4940699883074801,4.391464,8.869952012893247,0.0,0.370833333,0.0,0.061,0.0
2025-11-20 11:00:00,1.0325167537356046,4.7119,12.549335259157642,0.0,0.370833333,0.0,0.06,0.0
2025-11-20 12:00:00,1.0529328689549218,4.635727,13.5,0.0,0.370833333,3.5827941310450786,0.06,-0.2149676478627047
2025-11-20 13:00:00,0.750774363709025,4.176659,13.5,0.0,0.370833333,3.425884636290975,0.058,-0.19870130890487656
2025-11-20 14:00:00,0.2409101595879447,3.343285,13.5,0.0,0.370833333,3.1023748404120552,0.058,-0.1799377407438992
2025-11-20 15:00:00,0.2939920591581699,2.073701,13.5,0.0,0.380833333,1.7797089408418298,0.064,-0.11390137221387711
2025-11-20 16:00:00,0.4736538730881626,0.312382,13.338728126911835,0.0,0.400833333,0.0,0.09,0.0
2025-11-20 17:00:00,1.7586448547604117,0.0,11.580083272151423,0.0,0.400833333,0.0,0.095,0.0
2025-11-20 18:00:00,2.9468627605246827,0.0,8.633220511626742,0.0,0.400833333,0.0,0.088,0.0
2025-11-20 19:00:00,0.610441845057589,0.0,8.022778666569153,0.0,0.400833333,0.0,0.085,0.0
2025-11-20 20:00:00,0.4573209809127088,0.0,7.565457685656444,0.0,0.400833333,0.0,0.085,0.0
2025-11-20 21:00:00,0.4961115998294118,0.0,7.069346085827032,0.0,0.380833333,0.0,0.088,0.0
2025-11-20 22:00:00,0.6614821331058826,0.0,6.40786395272115,0.0,0.380833333,0.0,0.088,0.0
2025-11-20 23:00:00,0.7023143635445173,0.0,5.705549589176632,0.0,0.380833333,0.0,0.086,0.0
2025-11-21 00:00:00,0.610441845057589,0.0,5.095107744119043,0.0,0.370833333,0.0,0.087,0.0
2025-11-21 01:00:00,0.8166446087726945,0.0,4.278463135346349,0.0,0.370833333,0.0,0.086,0.0
2025-11-21 02:00:00,0.6247331257111113,0.0,3.6537300096352374,0.0,0.370833333,0.0,0.084,0.0
2025-11-21 03:00:00,0.8391023355139435,0.0,2.8146276741212937,0.0,0.370833333,0.0,0.083,0.0
2025-11-21 04:00:00,0.8329775009481484,0.0,1.9816501731731453,0.0,0.370833333,0.0,0.086,0.0
2025-11-21 05:00:00,0.8533936161674658,0.0,1.1282565570056795,0.0,0.370833333,0.0,0.087,0.0
2025-11-21 06:00:00,0.9473077461763256,0.0,0.1809488108293538,0.0,0.370833333,0.0,0.083,0.0
2025-11-21 07:00:00,1.0800124951018883,0.672588,0.0,0.2264756842725346,0.370833333,0.0,0.072,0.08398473284223967
2025-11-21 08:00:00,1.0657212144483663,2.411388,1.3456667855516338,0.0,0.370833333,0.0,0.064,0.0
2025-11-21 09:00:00,0.6778150252813364,3.655986,4.3238377602702975,0.0,0.370833333,0.0,0.061,0.0
2025-11-21 10:00:00,2.93494118332077,4.4422049999999995,5.831101576949527,0.0,0.370833333,0.0,0.061,0.0
2025-11-21 11:00:00,3.690880746980506,4.814438,6.954658829969021,0.0,0.370833333,0.0,0.06,0.0
2025-11-21 12:00:00,3.0498147290939404,4.766038,8.67088210087508,0.0,0.370833333,0.0,0.06,0.0
2025-11-21 13:00:00,3.121271132361551,4.2908100000000005,9.840420968513529,0.0,0.370833333,0.0,0.058,0.0
2025-11-21 14:00:00,2.7185303619960055,3.445616,10.567506606517522,0.0,0.370833333,0.0,0.058,0.0
2025-11-21 15:00:00,0.4389464772153231,2.119384,12.2479441293022,0.0,0.380833333,0.0,0.064,0.0
2025-11-21 16:00:00,0.5532767224435003,0.3091,12.0037674068587,0.0,0.400833333,0.0,0.09,0.0
2025-11-21 17:00:00,2.447698145623628,0.0,9.556069261235072,0.0,0.400833333,0.0,0.095,0.0
2025-11-21 18:00:00,2.823354665659068,0.0,6.732714595576004,0.0,0.400833333,0.0,0.088,0.0
2025-11-21 19:00:00,1.0779708835799569,0.0,5.654743711996048,0.0,0.400833333,0.0,0.085,0.0
2025-11-21 20:00:00,0.6206499026672478,0.0,5.0340938093288,0.0,0.400833333,0.0,0.085,0.0
2025-11-21 21:00:00,0.7411049824612201,0.0,4.29298882686758,0.0,0.380833333,0.0,0.088,0.0
2025-11-21 22:00:00,0.6859814713690634,0.0,3.6070073554985167,0.0,0.380833333,0.0,0.088,0.0
2025-11-21 23:00:00,0.9330164655228036,0.0,2.673990889975713,0.0,0.380833333,0.0,0.086,0.0
2025-11-22 00:00:00,0.9034130984547936,0.0,1.770577791520919,0.0,0.370833333,0.0,0.087,0.0
2025-11-22 01:00:00,1.122886337062455,0.0,0.6476914544584642,0.0,0.370833333,0.0,0.086,0.0
2025-11-22 02:00:00,1.1509584954890164,0.0,0.0,0.5032670410305522,0.370833333,0.0,0.084,0.18662819421440743
2025-11-22 03:00:00,1.263247129195262,0.0,0.0,1.263247129195262,0.370833333,0.0,0.083,0.4684541433221606
2025-11-22 04:00:00,1.209654826744554,0.0,0.0,1.209654826744554,0.370833333,0.0,0.086,0.4485803311812205
2025-11-22 05:00:00,1.3066313740363114,0.0,0.0,1.3066313740363114,0.370833333,0.0,0.087,0.484542467436255
2025-11-22 06:00:00,1.3423595756701163,0.0,0.0,1.3423595756701163,0.370833333,0.0,0.083,0.4977916755302149
2025-11-22 07:00:00,1.270903172402506,0.5901649999999999,0.0,0.680738172402506,0.370833333,0.0,0.072,0.2524404053723499
2025-11-22 08:00:00,1.1024702218431377,1.092171,0.0,0.010299221843137696,0.370833333,0.0,0.064,0.003819294763397155
2025-11-22 09:00:00,1.1713746107083336,3.040837,1.8694623892916664,0.0,0.370833333,0.0,0.061,0.0
2025-11-22 10:00:00,2.9303475573964235,3.417539,2.356653831895243,0.0,0.370833333,0.0,0.061,0.0
2025-11-22 11:00:00,3.1672073916050154,4.381076,3.570522440290228,0.0,0.370833333,0.0,0.06,0.0
2025-11-22 12:00:00,2.7384689719993505,4.333859,5.165912468290878,0.0,0.370833333,0.0,0.06,0.0
2025-11-22 13:00:00,2.8150294040717907,3.181022,5.531905064219087,0.0,0.370833333,0.0,0.058,0.0
2025-11-22 14:00:00,2.476088993766612,3.159034,6.214850070452475,0.0,0.370833333,0.0,0.058,0.0
2025-11-22 15:00:00,0.1837450369738561,1.933199,7.964304033478619,0.0,0.380833333,0.0,0.064,0.0
2025-11-22 16:00:00,0.6941479174567904,0.26263,7.532786116021829,0.0,0.400833333,0.0,0.09,0.0
2025-11-22 17:00:00,2.2665051230521867,0.0,5.266280992969643,0.0,0.400833333,0.0,0.095,0.0
2025-11-22 18:00:00,2.4502501600260427,0.0,2.8160308329436,0.0,0.400833333,0.0,0.088,0.0
2025-11-22 19:00:00,0.5052988516781047,0.0,2.310731981265495,0.0,0.400833333,0.0,0.085,0.0
2025-11-22 20:00:00,0.5614431685312274,0.0,1.7492888127342678,0.0,0.400833333,0.0,0.085,0.0
2025-11-22 21:00:00,0.8549248248089145,0.0,0.8943639879253533,0.0,0.380833333,0.0,0.088,0.0
2025-11-22 22:00:00,1.1994467691348951,0.0,0.0,0.3050827812095418,0.380833333,0.0,0.088,0.11618569240893957
2025-11-22 23:00:00,0.8523728104065,0.0,0.0,0.8523728104065,0.380833333,0.0,0.086,0.3246119783456845
2025-11-23 00:00:00,1.0105977033562097,0.0,0.0,1.0105977033562097,0.370833333,0.0,0.087,0.3747633146577285
2025-11-23 01:00:00,0.9876295737344774,0.0,0.0,0.9876295737344774,0.370833333,0.0,0.086,0.3662459665973255
2025-11-23 02:00:00,0.9799735305272336,0.0,0.0,0.9799735305272336,0.370833333,0.0,0.084,0.36340685057719124
2025-11-23 03:00:00,1.1075742506479669,0.0,0.0,1.1075742506479669,0.370833333,0.0,0.083,0.41072545091276297
2025-11-23 04:00:00,1.122886337062455,0.0,0.0,1.122886337062455,0.370833333,0.0,0.086,0.41640368295303165
2025-11-23 05:00:00,1.1866866971228216,0.0,0.0,1.1866866971228216,0.370833333,0.0,0.087,0.44006298312081743
2025-11-23 06:00:00,1.255591085988018,0.0,0.0,1.255591085988018,0.370833333,0.0,0.083,0.46561502730202625
2025-11-23 07:00:00,1.2147588555493831,0.46416,0.0,0.7505988555493831,0.370833333,0.0,0.072,0.27834707534936326
2025-11-23 08:00:00,1.2122068411469684,0.467152,0.0,0.7450548411469684,0.370833333,0.0,0.064,0.27629117001031583
2025-11-23 09:00:00,0.6992519462616196,3.286446,2.58719405373838,0.0,0.370833333,0.0,0.061,0.0
2025-11-23 10:00:00,2.889515326957788,4.001431999999999,3.699110726780592,0.0,0.370833333,0.0,0.061,0.0
2025-11-23 11:00:00,3.242914313945689,4.360656,4.816852412834903,0.0,0.370833333,0.0,0.06,0.0
2025-11-23 12:00:00,3.758421223233453,4.33191,5.39034118960145,0.0,0.370833333,0.0,0.06,0.0
2025-11-23 13:00:00,3.0055769745211247,3.907377,6.292141215080326,0.0,0.370833333,0.0,0.058,0.0
2025-11-23 14:00:00,2.7312904340080792,3.091838,6.652688781072246,0.0,0.370833333,0.0,0.058,0.0
2025-11-23 15:00:00,0.4823307220563727,1.849024,8.019382059015873,0.0,0.380833333,0.0,0.064,0.0
2025-11-23 16:00:00,0.6482116582133262,0.2228379999999999,7.594008400802547,0.0,0.400833333,0.0,0.09,0.0
2025-11-23 17:00:00,1.8090020386521,0.0,5.7850063621504475,0.0,0.400833333,0.0,0.095,0.0
2025-11-23 18:00:00,3.1539136287246317,0.0,2.631092733425816,0.0,0.400833333,0.0,0.088,0.0
2025-11-23 19:00:00,1.2836632444145792,0.0,1.3474294890112366,0.0,0.400833333,0.0,0.085,0.0
2025-11-23 20:00:00,1.1203343226600406,0.0,0.2270951663511959,0.0,0.400833333,0.0,0.085,0.0
2025-11-23 21:00:00,1.2096548267445535,0.0,0.0,0.9825596603933576,0.380833333,0.0,0.088,0.37419147033895045
2025-11-23 22:00:00,1.2300709419638711,0.0,0.0,1.2300709419638711,0.380833333,0.0,0.088,0.4684520166545506
2025-11-23 23:00:00,1.2913192876218231,0.0,0.0,1.2913192876218231,0.380833333,0.0,0.086,0.49177742827220455
2025-11-24 00:00:00,1.6434972751550478,0.0,0.0,1.6434972751550478,0.370833333,0.0,0.087,0.6094635723221644
2025-11-24 01:00:00,1.5950090015091694,0.0,0.0,1.5950090015091694,0.370833333,0.0,0.086,0.5914825041946473
2025-11-24 02:00:00,1.6894335343985118,0.0,0.0,1.6894335343985118,0.370833333,0.0,0.084,0.6264982684429703
2025-11-24 03:00:00,1.6996415920081709,0.0,0.0,1.6996415920081709,0.370833333,0.0,0.083,0.6302837564698162
2025-11-24 04:00:00,1.804274182507172,0.0,0.0,1.804274182507172,0.370833333,0.0,0.086,0.6690850087449849
2025-11-24 05:00:00,1.6383932463502184,0.0,0.0,1.6383932463502184,0.370833333,0.0,0.087,0.6075708283087415
2025-11-24 06:00:00,1.9089067730061735,0.0,0.0,1.9089067730061735,0.370833333,0.0,0.083,0.7078862610201537
2025-11-24 07:00:00,1.81958626892166,0.445259,0.0,1.37432726892166,0.370833333,0.0,0.072,0.5096463617670064
2025-11-24 08:00:00,0.9850775593320628,2.0702040000000004,1.0851264406679375,0.0,0.370833333,0.0,0.064,0.0
2025-11-24 09:00:00,0.4236343908008352,3.2494319999999997,3.910924049867102,0.0,0.370833333,0.0,0.061,0.0
2025-11-24 10:00:00,0.4236343908008353,3.907048,7.394337659066267,0.0,0.370833333,0.0,0.061,0.0
2025-11-24 11:00:00,0.4625722763324766,4.217207999999999,11.14897338273379,0.0,0.370833333,0.0,0.06,0.0
2025-11-24 12:00:00,0.5467887516121608,4.193052,13.5,0.0,0.370833333,3.646263248387839,0.06,-0.21877579490327034
2025-11-24 13:00:00,0.6692854429280649,3.742182,13.5,0.0,0.370833333,3.0728965570719353,0.058,-0.17822800031017225
2025-11-24 14:00:00,1.2096548267445535,2.9767979999999996,13.5,0.0,0.370833333,1.7671431732554461,0.058,-0.10249430404881588
2025-11-24 15:00:00,0.882996983235476,1.759929,13.5,0.0,0.380833333,0.876932016764524,0.064,-0.05612364907292954
2025-11-24 16:00:00,0.3266578435090776,0.172434,13.345776156490922,0.0,0.400833333,0.0,0.09,0.0
2025-11-24 17:00:00,1.279957056241134,0.0,12.065819100249788,0.0,0.400833333,0.0,0.095,0.0
2025-11-24 18:00:00,2.071081520989682,0.0,9.994737579260107,0.0,0.400833333,0.0,0.088,0.0
2025-11-24 19:00:00,0.6482116582133262,0.0,9.346525921046782,0.0,0.400833333,0.0,0.085,0.0
2025-11-24 20:00:00,0.7349801478954251,0.0,8.611545773151356,0.0,0.400833333,0.0,0.085,0.0
2025-11-24 21:00:00,1.036117847380356,0.0,7.575427925771,0.0,0.380833333,0.0,0.088,0.0
2025-11-24 22:00:00,1.1203343226600402,0.0,6.45509360311096,0.0,0.380833333,0.0,0.088,0.0
2025-11-24 23:00:00,1.0948141786358936,0.0,5.360279424475067,0.0,0.380833333,0.0,0.086,0.0
2025-11-25 00:00:00,1.2453830283783591,0.0,4.114896396096707,0.0,0.370833333,0.0,0.087,0.0
2025-11-25 01:00:00,1.3627756908894342,0.0,2.752120705207273,0.0,0.370833333,0.0,0.086,0.0
2025-11-25 02:00:00,1.1892387115252363,0.0,1.5628819936820368,0.0,0.370833333,0.0,0.084,0.0
2025-11-25 03:00:00,1.2760072012073354,0.0,0.2868747924747015,0.0,0.370833333,0.0,0.083,0.0
2025-11-25 04:00:00,1.3806397917063369,0.0,0.0,1.0937649992316354,0.370833333,0.0,0.086,0.40560452018380977
2025-11-25 05:00:00,1.2913192876218234,0.0,0.0,1.2913192876218234,0.370833333,0.0,0.087,0.4788642353959864
2025-11-25 06:00:00,1.5056884974246558,0.0,0.0,1.5056884974246558,0.370833333,0.0,0.083,0.558359483959747
2025-11-25 07:00:00,1.4597522381811916,0.01995,0.0,1.4398022381811917,0.370833333,0.0,0.072,0.5339266628455912
2025-11-25 08:00:00,0.7145640326761076,0.27559,0.0,0.4389740326761076,0.370833333,0.0,0.064,0.16278620363773189
2025-11-25 09:00:00,0.5001948228732753,0.7392369999999999,0.2390421771267246,0.0,0.370833333,0.0,0.061,0.0
2025-11-25 10:00:00,0.2449933826318082,1.624002,1.6180507944949163,0.0,0.370833333,0.0,0.061,0.0
2025-11-25 11:00:00,0.5008524923686966,2.962418,4.07961630212622,0.0,0.370833333,0.0,0.06,0.0
2025-11-25 12:00:00,0.4600202619300619,1.566833,5.186429040196158,0.0,0.370833333,0.0,0.06,0.0
2025-11-25 13:00:00,0.4421561611131592,0.223621,4.9678938790829985,0.0,0.370833333,0.0,0.058,0.0
2025-11-25 14:00:00,0.15312086414488,0.6246670000000001,5.439440014938119,0.0,0.370833333,0.0,0.058,0.0
2025-11-25 15:00:00,0.1556728785472948,0.1870929999999999,5.470860136390824,0.0,0.380833333,0.0,0.064,0.0
2025-11-25 16:00:00,0.1990571233883442,0.2280509999999999,5.49985401300248,0.0,0.400833333,0.0,0.09,0.0
2025-11-25 17:00:00,1.2978211570580367,0.0,4.202032855944443,0.0,0.400833333,0.0,0.095,0.0
2025-11-25 18:00:00,2.379875263681857,0.0,1.8221575922625863,0.0,0.400833333,0.0,0.088,0.0
2025-11-25 19:00:00,0.5588911541288126,0.0,1.2632664381337737,0.0,0.400833333,0.0,0.085,0.0
2025-11-25 20:00:00,0.9723174873199896,0.0,0.2909489508137841,0.0,0.400833333,0.0,0.085,0.0
2025-11-25 21:00:00,0.959557415307916,0.0,0.0,0.6686084644941319,0.380833333,0.0,0.088,0.2546283900053124
2025-11-25 22:00:00,1.0616379914045029,0.0,0.0,1.0616379914045029,0.380833333,0.0,0.088,0.40430713470600216
2025-11-25 23:00:00,0.9493493576982572,0.0,0.0,0.9493493576982572,0.380833333,0.0,0.086,0.3615438800736365
2025-11-26 00:00:00,1.192301128808134,0.0,0.0,1.192301128808134,0.370833333,0.0,0.087,0.4421450015355826
2025-11-26 01:00:00,1.1412608407598408,0.0,0.0,1.1412608407598408,0.370833333,0.0,0.086,0.423217561401354
2025-11-26 02:00:00,1.3127562086021063,0.0,0.0,1.3127562086021063,0.370833333,0.0,0.084,0.48681376025236234
2025-11-26 03:00:00,1.261715920553813,0.0,0.0,1.261715920553813,0.370833333,0.0,0.083,0.4678863201181337
2025-11-26 04:00:00,1.255591085988018,0.0,0.0,1.255591085988018,0.370833333,0.0,0.086,0.46561502730202625
2025-11-26 05:00:00,1.286215258816994,0.0,0.0,1.286215258816994,0.370833333,0.0,0.087,0.4769714913825635
2025-11-26 06:00:00,1.3842126118697171,0.0,0.0,1.3842126118697171,0.370833333,0.0,0.083,0.5133121764402825
2025-11-26 07:00:00,1.2331333592467688,0.314276,0.0,0.9188573592467688,0.370833333,0.0,0.072,0.34074293708105763
2025-11-26 08:00:00,0.8901426235622371,1.911206,1.021063376437763,0.0,0.370833333,0.0,0.064,0.0
2025-11-26 09:00:00,0.8105197742068992,3.095134,3.3056776022308636,0.0,0.370833333,0.0,0.061,0.0
2025-11-26 10:00:00,2.863484780053159,3.804438,4.246630822177705,0.0,0.370833333,0.0,0.061,0.0
2025-11-26 11:00:00,3.33682530876317,2.252219,3.1620245134145355,0.0,0.370833333,0.0,0.06,0.0
2025-11-26 12:00:00,3.108164818306815,2.64352,2.6973796951077205,0.0,0.370833333,0.0,0.06,0.0
2025-11-26 13:00:00,3.0407916380830677,2.326172,1.9827600570246529,0.0,0.370833333,0.0,0.058,0.0
2025-11-26 14:00:00,2.5837840015485107,1.467035,0.8660110554761422,0.0,0.370833333,0.0,0.058,0.0
2025-11-26 15:00:00,0.4777370961320262,0.623851,1.0121249593441162,0.0,0.380833333,0.0,0.064,0.0
2025-11-26 16:00:00,0.6288163487549747,0.002663,0.3859716105891414,0.0,0.400833333,0.0,0.09,0.0
2025-11-26 17:00:00,2.089697121757805,0.0,0.0,1.7037255111686633,0.400833333,0.0,0.095,0.6829099751588641
2025-11-26 18:00:00,3.049254537065721,0.0,0.0,3.049254537065721,0.400833333,0.0,0.088,1.222242859257425
2025-11-26 19:00:00,0.579817672228613,0.0,0.0,0.579817672228613,0.400833333,0.0,0.085,0.2324102500916965
2025-11-26 20:00:00,0.4348632541714597,0.0,0.0,0.4348632541714597,0.400833333,0.0,0.085,0.17430768756877235
2025-11-26 21:00:00,0.5206109380925927,0.0,0.0,0.5206109380925927,0.380833333,0.0,0.088,0.19826599875005876
2025-11-26 22:00:00,0.7227304787638346,0.0,0.0,0.7227304787638346,0.380833333,0.0,0.088,0.27523985708831683
2025-11-26 23:00:00,1.0800124951018883,0.0,0.0,1.0800124951018883,0.380833333,0.0,0.086,0.4113047581912983
2025-11-27 00:00:00,1.0636796029264346,0.0,0.0,1.0636796029264346,0.370833333,0.0,0.087,0.39444785239732627
2025-11-27 01:00:00,1.2453830283783591,0.0,0.0,1.2453830283783591,0.370833333,0.0,0.086,0.4618295392751805
2025-11-27 02:00:00,1.1392192292379089,0.0,0.0,1.1392192292379089,0.370833333,0.0,0.084,0.4224604637959848
2025-11-27 03:00:00,1.1555521214133628,0.0,0.0,1.1555521214133628,0.370833333,0.0,0.083,0.428517244638938
2025-11-27 04:00:00,1.16371856750109,0.0,0.0,1.16371856750109,0.370833333,0.0,0.086,0.43154563506041466
2025-11-27 05:00:00,1.3617548851284682,0.0,0.0,1.3617548851284682,0.370833333,0.0,0.087,0.504984102781222
2025-11-27 06:00:00,1.261715920553813,0.0,0.0,1.261715920553813,0.370833333,0.0,0.083,0.4678863201181337
2025-11-27 07:00:00,1.3045897625143796,0.272471,0.0,1.0321187625143797,0.370833333,0.0,0.072,0.38274404075504287
2025-11-27 08:00:00,0.6288163487549746,0.174057,0.0,0.4547593487549746,0.370833333,0.0,0.064,0.16863992501171662
2025-11-27 09:00:00,0.4695706500442992,0.8339489999999999,0.3643783499557007,0.0,0.370833333,0.0,0.061,0.0
2025-11-27 10:00:00,0.4940699883074801,4.167358,4.0376663616482205,0.0,0.370833333,0.0,0.061,0.0
2025-11-27 11:00:00,1.0325167537356046,4.600661,7.605810607912615,0.0,0.370833333,0.0,0.06,0.0
2025-11-27 12:00:00,1.0529328689549218,4.6039769999999995,11.156854738957694,0.0,0.370833333,0.0,0.06,0.0
2025-11-27 13:00:00,0.750774363709025,4.1640820000000005,13.5,0.0,0.370833333,3.4133076362909756,0.058,-0.1979718429048766
2025-11-27 14:00:00,0.2409101595879447,3.322851,13.5,0.0,0.370833333,3.0819408404120554,0.058,-0.17875256874389922
2025-11-27 15:00:00,0.2939920591581699,2.002138,13.5,0.0,0.380833333,1.70814594084183,0.064,-0.10932134021387713
2025-11-27 16:00:00,0.4736538730881626,0.2617339999999999,13.288080126911836,0.0,0.400833333,0.0,0.09,0.0
2025-11-27 17:00:00,1.7586448547604117,0.0,11.529435272151424,0.0,0.400833333,0.0,0.095,0.0
2025-11-27 18:00:00,2.9468627605246827,0.0,8.582572511626742,0.0,0.400833333,0.0,0.088,0.0
2025-11-27 19:00:00,0.610441845057589,0.0,7.972130666569153,0.0,0.400833333,0.0,0.085,0.0
2025-11-27 20:00:00,0.4573209809127088,0.0,7.514809685656444,0.0,0.400833333,0.0,0.085,0.0
2025-11-27 21:00:00,0.4961115998294118,0.0,7.018698085827032,0.0,0.380833333,0.0,0.088,0.0
2025-11-27 22:00:00,0.6614821331058826,0.0,6.35721595272115,0.0,0.380833333,0.0,0.088,0.0
2025-11-27 23:00:00,0.7023143635445173,0.0,5.6549015891766325,0.0,0.380833333,0.0,0.086,0.0
2025-11-28 00:00:00,0.610441845057589,0.0,5.0444597441190435,0.0,0.370833333,0.0,0.087,0.0
2025-11-28 01:00:00,0.8166446087726945,0.0,4.227815135346349,0.0,0.370833333,0.0,0.086,0.0
2025-11-28 02:00:00,0.6247331257111113,0.0,3.6030820096352376,0.0,0.370833333,0.0,0.084,0.0
2025-11-28 03:00:00,0.8391023355139435,0.0,2.763979674121294,0.0,0.370833333,0.0,0.083,0.0
2025-11-28 04:00:00,0.8329775009481484,0.0,1.9310021731731457,0.0,0.370833333,0.0,0.086,0.0
2025-11-28 05:00:00,0.8533936161674658,0.0,1.0776085570056797,0.0,0.370833333,0.0,0.087,0.0
2025-11-28 06:00:00,0.9473077461763256,0.0,0.130300810829354,0.0,0.370833333,0.0,0.083,0.0
2025-11-28 07:00:00,1.0800124951018883,0.357747,0.0,0.5919646842725343,0.370833333,0.0,0.072,0.2195202368870766
2025-11-28 08:00:00,1.0657212144483663,2.246178,1.1804567855516337,0.0,0.370833333,0.0,0.064,0.0
2025-11-28 09:00:00,0.6778150252813364,3.58901,4.091651760270297,0.0,0.370833333,0.0,0.061,0.0
2025-11-28 10:00:00,2.93494118332077,4.38071,5.537420576949527,0.0,0.370833333,0.0,0.061,0.0
2025-11-28 11:00:00,3.690880746980506,4.771993999999999,6.618533829969021,0.0,0.370833333,0.0,0.06,0.0
2025-11-28 12:00:00,3.0498147290939404,4.751167000000001,8.319886100875081,0.0,0.370833333,0.0,0.06,0.0
2025-11-28 13:00:00,3.121271132361551,4.285742,9.48435696851353,0.0,0.370833333,0.0,0.058,0.0
2025-11-28 14:00:00,2.7185303619960055,3.441778,10.207604606517524,0.0,0.370833333,0.0,0.058,0.0
2025-11-28 15:00:00,0.4389464772153231,2.096134,11.8647921293022,0.0,0.380833333,0.0,0.064,0.0
2025-11-28 16:00:00,0.5532767224435003,0.288919,11.6004344068587,0.0,0.400833333,0.0,0.09,0.0
2025-11-28 17:00:00,2.447698145623628,0.0,9.152736261235072,0.0,0.400833333,0.0,0.095,0.0
2025-11-28 18:00:00,2.823354665659068,0.0,6.329381595576004,0.0,0.400833333,0.0,0.088,0.0
2025-11-28 19:00:00,1.0779708835799569,0.0,5.251410711996048,0.0,0.400833333,0.0,0.085,0.0
2025-11-28 20:00:00,0.6206499026672478,0.0,4.6307608093288,0.0,0.400833333,0.0,0.085,0.0
2025-11-28 21:00:00,0.7411049824612201,0.0,3.88965582686758,0.0,0.380833333,0.0,0.088,0.0
2025-11-28 22:00:00,0.6859814713690634,0.0,3.2036743554985168,0.0,0.380833333,0.0,0.088,0.0
2025-11-28 23:00:00,0.9330164655228036,0.0,2.270657889975713,0.0,0.380833333,0.0,0.086,0.0
2025-11-29 00:00:00,0.9034130984547936,0.0,1.3672447915209194,0.0,0.370833333,0.0,0.087,0.0
2025-11-29 01:00:00,1.122886337062455,0.0,0.2443584544584642,0.0,0.370833333,0.0,0.086,0.0
2025-11-29 02:00:00,1.1509584954890164,0.0,0.0,0.9066000410305521,0.370833333,0.0,0.084,0.3361975149132964
2025-11-29 03:00:00,1.263247129195262,0.0,0.0,1.263247129195262,0.370833333,0.0,0.083,0.4684541433221606
2025-11-29 04:00:00,1.209654826744554,0.0,0.0,1.209654826744554,0.370833333,0.0,0.086,0.4485803311812205
2025-11-29 05:00:00,1.3066313740363114,0.0,0.0,1.3066313740363114,0.370833333,0.0,0.087,0.484542467436255
2025-11-29 06:00:00,1.3423595756701163,0.0,0.0,1.3423595756701163,0.370833333,0.0,0.083,0.4977916755302149
2025-11-29 07:00:00,1.270903172402506,0.345452,0.0,0.925451172402506,0.370833333,0.0,0.072,0.3431881427907789
2025-11-29 08:00:00,1.1024702218431377,2.013789,0.9113187781568624,0.0,0.370833333,0.0,0.064,0.0
2025-11-29 09:00:00,1.1713746107083336,3.506757,3.2467011674485287,0.0,0.370833333,0.0,0.061,0.0
2025-11-29 10:00:00,2.9303475573964235,4.255585,4.571938610052105,0.0,0.370833333,0.0,0.061,0.0
2025-11-29 11:00:00,3.1672073916050154,4.543387,5.94811821844709,0.0,0.370833333,0.0,0.06,0.0
2025-11-29 12:00:00,2.7384689719993505,4.481329,7.690978246447739,0.0,0.370833333,0.0,0.06,0.0
2025-11-29 13:00:00,2.8150294040717907,3.5896999999999997,8.465648842375948,0.0,0.370833333,0.0,0.058,0.0
2025-11-29 14:00:00,2.476088993766612,2.033941,8.023500848609336,0.0,0.370833333,0.0,0.058,0.0
2025-11-29 15:00:00,0.1837450369738561,0.308202,8.14795781163548,0.0,0.380833333,0.0,0.064,0.0
2025-11-29 16:00:00,0.6941479174567904,0.006417,7.46022689417869,0.0,0.400833333,0.0,0.09,0.0
2025-11-29 17:00:00,2.2665051230521867,0.0,5.193721771126503,0.0,0.400833333,0.0,0.095,0.0
2025-11-29 18:00:00,2.4502501600260427,0.0,2.7434716111004604,0.0,0.400833333,0.0,0.088,0.0
2025-11-29 19:00:00,0.5052988516781047,0.0,2.2381727594223557,0.0,0.400833333,0.0,0.085,0.0
2025-11-29 20:00:00,0.5614431685312274,0.0,1.6767295908911284,0.0,0.400833333,0.0,0.085,0.0
2025-11-29 21:00:00,0.8549248248089145,0.0,0.8218047660822139,0.0,0.380833333,0.0,0.088,0.0
2025-11-29 22:00:00,1.1994467691348951,0.0,0.0,0.37764200305268125,0.380833333,0.0,0.088,0.14381866270334878
2025-11-29 23:00:00,0.8523728104065,0.0,0.0,0.8523728104065,0.380833333,0.0,0.086,0.3246119783456845
2025-11-30 00:00:00,1.0105977033562097,0.0,0.0,1.0105977033562097,0.370833333,0.0,0.087,0.3747633146577285
2025-11-30 01:00:00,0.9876295737344774,0.0,0.0,0.9876295737344774,0.370833333,0.0,0.086,0.3662459665973255
2025-11-30 02:00:00,0.9799735305272336,0.0,0.0,0.9799735305272336,0.370833333,0.0,0.084,0.36340685057719124
2025-11-30 03:00:00,1.1075742506479669,0.0,0.0,1.1075742506479669,0.370833333,0.0,0.083,0.41072545091276297
2025-11-30 04:00:00,1.122886337062455,0.0,0.0,1.122886337062455,0.370833333,0.0,0.086,0.41640368295303165
2025-11-30 05:00:00,1.1866866971228216,0.0,0.0,1.1866866971228216,0.370833333,0.0,0.087,0.44006298312081743
2025-11-30 06:00:00,1.255591085988018,0.0,0.0,1.255591085988018,0.370833333,0.0,0.083,0.46561502730202625
2025-11-30 07:00:00,1.2147588555493831,0.254015,0.0,0.9607438555493831,0.370833333,0.0,0.072,0.3562758461126483
2025-11-30 08:00:00,1.2122068411469684,1.047844,0.0,0.16436284114696842,0.370833333,0.0,0.064,0.06095122020387984
2025-11-30 09:00:00,0.6992519462616196,3.2193449999999997,2.52009305373838,0.0,0.370833333,0.0,0.061,0.0
2025-11-30 10:00:00,2.889515326957788,4.014875,3.645452726780592,0.0,0.370833333,0.0,0.061,0.0
2025-11-30 11:00:00,3.242914313945689,4.377091,4.779629412834904,0.0,0.370833333,0.0,0.06,0.0
2025-11-30 12:00:00,3.758421223233453,4.347779,5.368987189601452,0.0,0.370833333,0.0,0.06,0.0
2025-11-30 13:00:00,3.0055769745211247,3.922801,6.286211215080327,0.0,0.370833333,0.0,0.058,0.0
2025-11-30 14:00:00,2.7312904340080792,3.111008,6.665928781072248,0.0,0.370833333,0.0,0.058,0.0
2025-11-30 15:00:00,0.4823307220563727,1.850522,8.034120059015875,0.0,0.380833333,0.0,0.064,0.0
2025-11-30 16:00:00,0.6482116582133262,0.238456,7.624364400802548,0.0,0.400833333,0.0,0.09,0.0
2025-11-30 17:00:00,1.8090020386521,0.0,5.815362362150449,0.0,0.400833333,0.0,0.095,0.0
2025-11-30 18:00:00,3.1539136287246317,0.0,2.661448733425817,0.0,0.400833333,0.0,0.088,0.0
2025-11-30 19:00:00,1.2836632444145792,0.0,1.3777854890112378,0.0,0.400833333,0.0,0.085,0.0
2025-11-30 20:00:00,1.1203343226600406,0.0,0.2574511663511971,0.0,0.400833333,0.0,0.085,0.0
2025-11-30 21:00:00,1.2096548267445535,0.0,0.0,0.9522036603933564,0.380833333,0.0,0.088,0.362630893682402
2025-11-30 22:00:00,1.2300709419638711,0.0,0.0,1.2300709419638711,0.380833333,0.0,0.088,0.4684520166545506
2025-11-30 23:00:00,1.2913192876218231,0.0,0.0,1.2913192876218231,0.380833333,0.0,0.086,0.49177742827220455
2025-11-30 23:59:59,0.1,0.0,0.0,0.1,150.0,0.0,0.0,15.0
2025-12-01 00:00:00,1.5953504784789492,0.0,0.0,1.5953504784789492,0.37016129,0.0,0.089,0.590536991115885
2025-12-01 01:00:00,1.5482826848592284,0.0,0.0,1.5482826848592284,0.37016129,0.0,0.085,0.5731143159121554
2025-12-01 02:00:00,1.6399410198028948,0.0,0.0,1.6399410198028948,0.37016129,0.0,0.082,0.607042683414155
2025-12-01 03:00:00,1.649850028985994,0.0,0.0,1.649850028985994,0.37016129,0.0,0.082,0.6107106150359929
2025-12-01 04:00:00,1.7514173731127594,0.0,0.0,1.7514173731127594,0.37016129,0.0,0.085,0.6483069141598303
2025-12-01 05:00:00,1.5903959738873996,0.0,0.0,1.5903959738873996,0.37016129,0.0,0.089,0.5887030253049661
2025-12-01 06:00:00,1.8529847172395248,0.0,0.0,1.8529847172395248,0.37016129,0.0,0.09,0.6859032132836678
2025-12-01 07:00:00,1.766280886887408,0.273394,0.0,1.492886886887408,0.37016129,0.0,0.083,0.5526089358743269
2025-12-01 08:00:00,0.9562193861690595,1.971125,1.0149056138309405,0.0,0.37016129,0.0,0.074,0.0
2025-12-01 09:00:00,0.411223881098611,3.2058470000000003,3.8095287327323297,0.0,0.37016129,0.0,0.069,0.0
2025-12-01 10:00:00,0.411223881098611,4.006734,7.4050388516337184,0.0,0.37016129,0.0,0.069,0.0
2025-12-01 11:00:00,0.4528091575594098,4.362604,11.31483369407431,0.0,0.37016129,0.0,0.063,0.0
2025-12-01 12:00:00,0.5345584833199772,4.342020000000001,13.5,0.0,0.37016129,3.807461516680023,0.063,-0.23987007555084147
2025-12-01 13:00:00,0.6534665935171661,3.920325,13.5,0.0,0.37016129,3.266858406482834,0.061,-0.19927836279545288
2025-12-01 14:00:00,1.1742175881972388,3.164648,13.5,0.0,0.37016129,1.9904304118027614,0.062,-0.1234066855317712
2025-12-01 15:00:00,0.8571292943380688,1.934493,13.5,0.0,0.38016129,1.0773637056619312,0.069,-0.07433809569067326
2025-12-01 16:00:00,0.3170882938591698,0.258619,13.44153070614083,0.0,0.40016129,0.0,0.091,0.0
2025-12-01 17:00:00,1.2532149805652202,0.0,12.18831572557561,0.0,0.40016129,0.0,0.095,0.0
2025-12-01 18:00:00,2.021163192255398,0.0,10.167152533320213,0.0,0.40016129,0.0,0.091,0.0
2025-12-01 19:00:00,0.6292220831267904,0.0,9.53793045019342,0.0,0.40016129,0.0,0.089,0.0
2025-12-01 20:00:00,0.7134486611831324,0.0,8.824481789010289,0.0,0.40016129,0.0,0.088,0.0
2025-12-01 21:00:00,1.005764432084555,0.0,7.818717356925734,0.0,0.38016129,0.0,0.09,0.0
2025-12-01 22:00:00,1.0875137578451222,0.0,6.731203599080612,0.0,0.38016129,0.0,0.09,0.0
2025-12-01 23:00:00,1.0627412348873746,0.0,5.668462364193237,0.0,0.38016129,0.0,0.091,0.0
2025-12-02 00:00:00,1.2088991203380857,0.0,4.459563243855151,0.0,0.37016129,0.0,0.089,0.0
2025-12-02 01:00:00,1.3228527259437248,0.0,3.1367105179114265,0.0,0.37016129,0.0,0.085,0.0
2025-12-02 02:00:00,1.1543995698310408,0.0,1.9823109480803855,0.0,0.37016129,0.0,0.082,0.0
2025-12-02 03:00:00,1.2386261478873828,0.0,0.743684800193003,0.0,0.37016129,0.0,0.082,0.0
2025-12-02 04:00:00,1.3401934920141485,0.0,0.0,0.5965086918211455,0.37016129,0.0,0.085,0.22080442686072765
2025-12-02 05:00:00,1.2534896616620312,0.0,0.0,1.2534896616620312,0.37016129,0.0,0.089,0.463993350162481
2025-12-02 06:00:00,1.4615788545071118,0.0,0.0,1.4615788545071118,0.37016129,0.0,0.09,0.5410199142210748
2025-12-02 07:00:00,1.416988313183166,0.297431,0.0,1.119557313183166,0.37016129,0.0,0.083,0.4144167792768147
2025-12-02 08:00:00,0.6936306428169343,2.100586,1.4069553571830655,0.0,0.37016129,0.0,0.074,0.0
2025-12-02 09:00:00,0.485541449971854,3.425669,4.347082907211211,0.0,0.37016129,0.0,0.069,0.0
2025-12-02 10:00:00,0.2378162203943774,4.198970999999999,8.308237686816833,0.0,0.37016129,0.0,0.069,0.0
2025-12-02 11:00:00,0.4899679419960313,4.56184,12.380109744820802,0.0,0.37016129,0.0,0.063,0.0
2025-12-02 12:00:00,0.4503319052636352,4.520352,13.5,0.0,0.37016129,4.070020094736365,0.063,-0.256411265968391
2025-12-02 13:00:00,0.4329911391932117,4.0873919999999995,13.5,0.0,0.37016129,3.654400860806788,0.061,-0.22291845250921405
2025-12-02 14:00:00,0.1486351377464856,3.26715,13.5,0.0,0.37016129,3.1185148622535146,0.062,-0.1933479214597179
2025-12-02 15:00:00,0.1511123900422604,1.965414,13.5,0.0,0.38016129,1.8143016099577396,0.069,-0.12518681108708404
2025-12-02 16:00:00,0.1932256790704316,0.259005,13.5,0.0,0.40016129,0.0657793209295684,0.091,-0.005985918204590724
2025-12-02 17:00:00,1.2705557466356434,0.0,12.229444253364356,0.0,0.40016129,0.0,0.095,0.0
2025-12-02 18:00:00,2.3209107200441443,0.0,9.908533533320211,0.0,0.40016129,0.0,0.091,0.0
2025-12-02 19:00:00,0.5425182527746735,0.0,9.366015280545538,0.0,0.40016129,0.0,0.089,0.0
2025-12-02 20:00:00,0.9438331246901857,0.0,8.422182155855353,0.0,0.40016129,0.0,0.088,0.0
2025-12-02 21:00:00,0.931446863211312,0.0,7.490735292644041,0.0,0.38016129,0.0,0.09,0.0
2025-12-02 22:00:00,1.0305369550423027,0.0,6.460198337601739,0.0,0.38016129,0.0,0.09,0.0
2025-12-02 23:00:00,0.9215378540282128,0.0,5.538660483573526,0.0,0.38016129,0.0,0.091,0.0
2025-12-03 00:00:00,1.1573722725859703,0.0,4.381288210987556,0.0,0.37016129,0.0,0.089,0.0
2025-12-03 01:00:00,1.1078272266704752,0.0,3.2734609843170808,0.0,0.37016129,0.0,0.085,0.0
2025-12-03 02:00:00,1.2742985809465392,0.0,1.9991624033705415,0.0,0.37016129,0.0,0.082,0.0
2025-12-03 03:00:00,1.224753535031044,0.0,0.7744088683394976,0.0,0.37016129,0.0,0.082,0.0
2025-12-03 04:00:00,1.2188081295211846,0.0,0.0,0.44439926118168693,0.37016129,0.0,0.085,0.16449940379406014
2025-12-03 05:00:00,1.248535157070482,0.0,0.0,1.248535157070482,0.37016129,0.0,0.089,0.4621593843515622
2025-12-03 06:00:00,1.343661645228233,0.0,0.0,1.343661645228233,0.37016129,0.0,0.09,0.49737152792120504
2025-12-03 07:00:00,1.1970083093183668,0.257391,0.0,0.9396173093183668,0.37016129,0.0,0.083,0.3478099553236157
2025-12-03 08:00:00,0.8640656007662383,1.992696,1.1286303992337618,0.0,0.37016129,0.0,0.074,0.0
2025-12-03 09:00:00,0.7867753291380655,3.303105,3.644960070095697,0.0,0.37016129,0.0,0.069,0.0
2025-12-03 10:00:00,2.846977306907068,4.076942,4.874924763188629,0.0,0.37016129,0.0,0.069,0.0
2025-12-03 11:00:00,3.3126012423408744,4.417472,5.9797955208477545,0.0,0.37016129,0.0,0.063,0.0
2025-12-03 12:00:00,3.0906394366394556,4.325327000000001,7.214483084208299,0.0,0.37016129,0.0,0.063,0.0
2025-12-03 13:00:00,3.025239976031002,3.921211,8.110454108177297,0.0,0.37016129,0.0,0.061,0.0
2025-12-03 14:00:00,2.5754704552901537,3.125926,8.660909652887144,0.0,0.37016129,0.0,0.062,0.0
2025-12-03 15:00:00,0.4637416297690361,1.903171,10.100339023118106,0.0,0.38016129,0.0,0.069,0.0
2025-12-03 16:00:00,0.6103949656789022,0.251804,9.741748057439205,0.0,0.40016129,0.0,0.091,0.0
2025-12-03 17:00:00,2.0459393083383643,0.0,7.69580874910084,0.0,0.40016129,0.0,0.095,0.0
2025-12-03 18:00:00,2.9773861715496768,0.0,4.718422577551164,0.0,0.40016129,0.0,0.091,0.0
2025-12-03 19:00:00,0.5628317216000266,0.0,4.155590855951137,0.0,0.40016129,0.0,0.089,0.0
2025-12-03 20:00:00,0.4221237912000199,0.0,3.733467064751117,0.0,0.40016129,0.0,0.088,0.0
2025-12-03 21:00:00,0.505359468338052,0.0,3.228107596413065,0.0,0.38016129,0.0,0.09,0.0
2025-12-03 22:00:00,0.7015578501634135,0.0,2.5265497462496516,0.0,0.38016129,0.0,0.09,0.0
2025-12-03 23:00:00,1.048373171571881,0.0,1.4781765746777706,0.0,0.38016129,0.0,0.091,0.0
2025-12-04 00:00:00,1.0325187568789225,0.0,0.4456578177988481,0.0,0.37016129,0.0,0.089,0.0
2025-12-04 01:00:00,1.2088991203380854,0.0,0.0,0.7632413025392373,0.37016129,0.0,0.085,0.2825223851292043
2025-12-04 02:00:00,1.1058454248338554,0.0,0.0,1.1058454248338554,0.37016129,0.0,0.082,0.40934116899709794
2025-12-04 03:00:00,1.1216998395268138,0.0,0.0,1.1216998395268138,0.37016129,0.0,0.082,0.4152098595920384
2025-12-04 04:00:00,1.1296270468732932,0.0,0.0,1.1296270468732932,0.37016129,0.0,0.085,0.41814420488950865
2025-12-04 05:00:00,1.3218618250254148,0.0,0.0,1.3218618250254148,0.37016129,0.0,0.089,0.4893020783531618
2025-12-04 06:00:00,1.2247535350310443,0.0,0.0,1.2247535350310443,0.37016129,0.0,0.09,0.4533563484591515
2025-12-04 07:00:00,1.26637137360006,0.253017,0.0,1.0133543736000599,0.37016129,0.0,0.083,0.37510456215894006
2025-12-04 08:00:00,0.6103949656789021,1.976388,1.3659930343210978,0.0,0.37016129,0.0,0.074,0.0
2025-12-04 09:00:00,0.4558144224225568,3.276435,4.186613611898541,0.0,0.37016129,0.0,0.069,0.0
2025-12-04 10:00:00,0.4795960444619944,4.070799,7.777816567436547,0.0,0.37016129,0.0,0.069,0.0
2025-12-04 11:00:00,1.0083891973556534,4.41422,11.183647370080894,0.0,0.37016129,0.0,0.063,0.0
2025-12-04 12:00:00,1.0282072157218514,4.376914,13.5,0.0,0.37016129,3.348706784278149,0.063,-0.2109685274095234
2025-12-04 13:00:00,0.7349005439021192,3.963518,13.5,0.0,0.37016129,3.228617456097881,0.061,-0.19694566482197073
2025-12-04 14:00:00,0.2338526167211377,3.206668,13.5,0.0,0.37016129,2.972815383278862,0.062,-0.18431455376328945
2025-12-04 15:00:00,0.2853794644732529,1.948383,13.5,0.0,0.38016129,1.6630035355267472,0.069,-0.11474724395134557
2025-12-04 16:00:00,0.4597780260957963,0.2563399999999999,13.296561973904204,0.0,0.40016129,0.0,0.091,0.0
2025-12-04 17:00:00,1.7245009765720831,0.0,11.57206099733212,0.0,0.40016129,0.0,0.095,0.0
2025-12-04 18:00:00,2.877909645484814,0.0,8.694151351847307,0.0,0.40016129,0.0,0.091,0.0
2025-12-04 19:00:00,0.5925587491493239,0.0,8.101592602697982,0.0,0.40016129,0.0,0.089,0.0
2025-12-04 20:00:00,0.4439236114028378,0.0,7.657668991295145,0.0,0.40016129,0.0,0.088,0.0
2025-12-04 21:00:00,0.4815778462986143,0.0,7.176091144996531,0.0,0.38016129,0.0,0.09,0.0
2025-12-04 22:00:00,0.6421037950648191,0.0,6.533987349931712,0.0,0.38016129,0.0,0.09,0.0
2025-12-04 23:00:00,0.6817398317972154,0.0,5.852247518134496,0.0,0.38016129,0.0,0.091,0.0
2025-12-05 00:00:00,0.5925587491493238,0.0,5.259688768985173,0.0,0.37016129,0.0,0.089,0.0
2025-12-05 01:00:00,0.7927207346479249,0.0,4.466968034337248,0.0,0.37016129,0.0,0.085,0.0
2025-12-05 02:00:00,0.6064313620056625,0.0,3.8605366723315857,0.0,0.37016129,0.0,0.082,0.0
2025-12-05 03:00:00,0.8145205548507428,0.0,3.0460161174808427,0.0,0.37016129,0.0,0.082,0.0
2025-12-05 04:00:00,0.8085751493408835,0.0,2.237440968139959,0.0,0.37016129,0.0,0.085,0.0
2025-12-05 05:00:00,0.8283931677070815,0.0,1.4090478004328777,0.0,0.37016129,0.0,0.089,0.0
2025-12-05 06:00:00,0.919556052191593,0.0,0.4894917482412847,0.0,0.37016129,0.0,0.09,0.0
2025-12-05 07:00:00,1.0483731715718807,0.2599789999999999,0.0,0.298902423330596,0.37016129,0.0,0.083,0.11064210660417952
2025-12-05 08:00:00,1.034500558715542,2.004077,0.969576441284458,0.0,0.37016129,0.0,0.074,0.0
2025-12-05 09:00:00,0.6579582097577776,3.303974,3.615592231526681,0.0,0.37016129,0.0,0.069,0.0
2025-12-05 10:00:00,2.9163403711887614,4.056185,4.75543686033792,0.0,0.37016129,0.0,0.069,0.0
2025-12-05 11:00:00,3.653941093352681,4.421327,5.5228227669852386,0.0,0.37016129,0.0,0.063,0.0
2025-12-05 12:00:00,3.0316553166540596,4.390975,6.8821424503311786,0.0,0.37016129,0.0,0.063,0.0
2025-12-05 13:00:00,3.101018380935753,3.976742,7.757866069395426,0.0,0.37016129,0.0,0.061,0.0
2025-12-05 14:00:00,2.7062693765070613,3.196986,8.248582692888364,0.0,0.37016129,0.0,0.062,0.0
2025-12-05 15:00:00,0.4260873948732596,1.960159,9.782654298015103,0.0,0.38016129,0.0,0.069,0.0
2025-12-05 16:00:00,0.537068297723969,0.263883,9.509469000291135,0.0,0.40016129,0.0,0.091,0.0
2025-12-05 17:00:00,2.3867994272783455,0.0,7.122669573012789,0.0,0.40016129,0.0,0.095,0.0
2025-12-05 18:00:00,2.751450965216391,0.0,4.371218607796399,0.0,0.40016129,0.0,0.091,0.0
2025-12-05 19:00:00,1.046391369735261,0.0,3.324827238061138,0.0,0.40016129,0.0,0.089,0.0
2025-12-05 20:00:00,0.6024677583324228,0.0,2.722359479728715,0.0,0.40016129,0.0,0.088,0.0
2025-12-05 21:00:00,0.7193940666929919,0.0,2.002965413035723,0.0,0.38016129,0.0,0.09,0.0
2025-12-05 22:00:00,0.6658854171042569,0.0,1.3370799959314663,0.0,0.38016129,0.0,0.09,0.0
2025-12-05 23:00:00,0.9056834393352544,0.0,0.4313965565962119,0.0,0.38016129,0.0,0.091,0.0
2025-12-06 00:00:00,0.876947312704267,0.0,0.0,0.44555075610805506,0.37016129,0.0,0.089,0.16492564264143303
2025-12-06 01:00:00,1.089991010140897,0.0,0.0,1.089991010140897,0.37016129,0.0,0.085,0.40347247840215744
2025-12-06 02:00:00,1.1172407853944193,0.0,0.0,1.1172407853944193,0.37016129,0.0,0.082,0.4135592903622114
2025-12-06 03:00:00,1.2262398864085091,0.0,0.0,1.2262398864085091,0.37016129,0.0,0.082,0.45390653820242716
2025-12-06 04:00:00,1.174217588197239,0.0,0.0,1.174217588197239,0.37016129,0.0,0.085,0.43464989718777874
2025-12-06 05:00:00,1.26835317543668,0.0,0.0,1.26835317543668,0.37016129,0.0,0.089,0.4694952475952377
2025-12-06 06:00:00,1.3030347075775266,0.0,0.0,1.3030347075775266,0.37016129,0.0,0.09,0.48233300827166997
2025-12-06 07:00:00,1.2336716432958332,0.220519,0.0,1.0131526432958333,0.37016129,0.0,0.083,0.3750298894092955
2025-12-06 08:00:00,1.0701729917746987,1.926293,0.8561200082253011,0.0,0.37016129,0.0,0.074,0.0
2025-12-06 09:00:00,1.1370588037606175,3.237625,2.956686204464684,0.0,0.37016129,0.0,0.069,0.0
2025-12-06 10:00:00,2.911881317056367,4.03564,4.080444887408317,0.0,0.37016129,0.0,0.069,0.0
2025-12-06 11:00:00,3.145608922259699,4.36557,5.3004059651486175,0.0,0.37016129,0.0,0.063,0.0
2025-12-06 12:00:00,2.729430536569538,4.323051,6.89402642857908,0.0,0.37016129,0.0,0.063,0.0
2025-12-06 13:00:00,2.8037481054427813,3.924296,8.014574323136298,0.0,0.37016129,0.0,0.061,0.0
2025-12-06 14:00:00,2.4709304084084587,3.140648,8.68429191472784,0.0,0.37016129,0.0,0.062,0.0
2025-12-06 15:00:00,0.1783621652957829,1.913694,10.419623749432056,0.0,0.38016129,0.0,0.069,0.0
2025-12-06 16:00:00,0.6738126244507361,0.249107,9.99491812498132,0.0,0.40016129,0.0,0.091,0.0
2025-12-06 17:00:00,2.210914514278337,0.0,7.784003610702984,0.0,0.40016129,0.0,0.095,0.0
2025-12-06 18:00:00,2.3892766795741203,0.0,5.394726931128864,0.0,0.40016129,0.0,0.091,0.0
2025-12-06 19:00:00,0.4904959545634034,0.0,4.904230976565461,0.0,0.40016129,0.0,0.089,0.0
2025-12-06 20:00:00,0.5449955050704482,0.0,4.359235471495012,0.0,0.40016129,0.0,0.088,0.0
2025-12-06 21:00:00,0.8298795190845464,0.0,3.5293559524104654,0.0,0.38016129,0.0,0.09,0.0
2025-12-06 22:00:00,1.16430857901414,0.0,2.365047373396325,0.0,0.38016129,0.0,0.09,0.0
2025-12-06 23:00:00,0.8274022667887718,0.0,1.5376451066075534,0.0,0.38016129,0.0,0.091,0.0
2025-12-07 00:00:00,0.9809919091268072,0.0,0.5566531974807462,0.0,0.37016129,0.0,0.089,0.0
2025-12-07 01:00:00,0.958696638464834,0.0,0.0,0.40204344098408784,0.37016129,0.0,0.085,0.14882091875070882
2025-12-07 02:00:00,0.95126488157751,0.0,0.0,0.95126488157751,0.37016129,0.0,0.082,0.3521214356964283
2025-12-07 03:00:00,1.0751274963662485,0.0,0.0,1.0751274963662485,0.37016129,0.0,0.082,0.39797058096940086
2025-12-07 04:00:00,1.089991010140897,0.0,0.0,1.089991010140897,0.37016129,0.0,0.085,0.40347247840215744
2025-12-07 05:00:00,1.151922317535266,0.0,0.0,1.151922317535266,0.37016129,0.0,0.089,0.42639705103864367
2025-12-07 06:00:00,1.2188081295211848,0.0,0.0,1.2188081295211848,0.37016129,0.0,0.09,0.45115558948604884
2025-12-07 07:00:00,1.1791720927887883,0.183172,0.0,0.9960000927887883,0.37016129,0.0,0.083,0.3686806791868176
2025-12-07 08:00:00,1.1766948404930138,1.922977,0.7462821595069864,0.0,0.37016129,0.0,0.074,0.0
2025-12-07 09:00:00,0.6787671290422856,3.258819,3.3263340304647,0.0,0.37016129,0.0,0.069,0.0
2025-12-07 10:00:00,2.87224528032397,4.058962,4.51305075014073,0.0,0.37016129,0.0,0.069,0.0
2025-12-07 11:00:00,3.219153692445021,4.3560110000000005,5.6499080576957095,0.0,0.37016129,0.0,0.063,0.0
2025-12-07 12:00:00,3.719558656191523,4.2975900000000005,6.227939401504187,0.0,0.37016129,0.0,0.063,0.0
2025-12-07 13:00:00,2.9887692289379677,3.918776,7.15794617256622,0.0,0.37016129,0.0,0.061,0.0
2025-12-07 14:00:00,2.7186556379859352,3.141343,7.580633534580285,0.0,0.37016129,0.0,0.062,0.0
2025-12-07 15:00:00,0.4682006839014306,1.908661,9.021093850678854,0.0,0.38016129,0.0,0.069,0.0
2025-12-07 16:00:00,0.6292220831267904,0.2459,8.637771767552064,0.0,0.40016129,0.0,0.091,0.0
2025-12-07 17:00:00,1.7669722913752768,0.0,6.870799476176787,0.0,0.40016129,0.0,0.095,0.0
2025-12-07 18:00:00,3.0724842512485786,0.0,3.798315224928208,0.0,0.40016129,0.0,0.091,0.0
2025-12-07 19:00:00,1.2460579047747071,0.0,2.552257320153501,0.0,0.40016129,0.0,0.089,0.0
2025-12-07 20:00:00,1.0875137578451222,0.0,1.4647435623083789,0.0,0.40016129,0.0,0.088,0.0
2025-12-07 21:00:00,1.174217588197239,0.0,0.2905259741111399,0.0,0.38016129,0.0,0.09,0.0
2025-12-07 22:00:00,1.194035606563437,0.0,0.0,0.9035096324522971,0.38016129,0.0,0.09,0.3434793874004911
2025-12-07 23:00:00,1.2534896616620317,0.0,0.0,1.2534896616620317,0.38016129,0.0,0.091,0.4765282467791015
2025-12-08 00:00:00,1.5953504784789492,0.0,0.0,1.5953504784789492,0.37016129,0.0,0.089,0.590536991115885
2025-12-08 01:00:00,1.5482826848592284,0.0,0.0,1.5482826848592284,0.37016129,0.0,0.085,0.5731143159121554
2025-12-08 02:00:00,1.6399410198028948,0.0,0.0,1.6399410198028948,0.37016129,0.0,0.082,0.607042683414155
2025-12-08 03:00:00,1.649850028985994,0.0,0.0,1.649850028985994,0.37016129,0.0,0.082,0.6107106150359929
2025-12-08 04:00:00,1.7514173731127594,0.0,0.0,1.7514173731127594,0.37016129,0.0,0.085,0.6483069141598303
2025-12-08 05:00:00,1.5903959738873996,0.0,0.0,1.5903959738873996,0.37016129,0.0,0.089,0.5887030253049661
2025-12-08 06:00:00,1.8529847172395248,0.0,0.0,1.8529847172395248,0.37016129,0.0,0.09,0.6859032132836678
2025-12-08 07:00:00,1.766280886887408,0.003959,0.0,1.762321886887408,0.37016129,0.0,0.083,0.652343343045477
2025-12-08 08:00:00,0.9562193861690595,0.370423,0.0,0.5857963861690596,0.37016129,0.0,0.074,0.21683914598167725
2025-12-08 09:00:00,0.411223881098611,0.404797,0.0,0.006426881098611004,0.37016129,0.0,0.069,0.0023789825981384662
2025-12-08 10:00:00,0.411223881098611,2.402081,1.9908571189013888,0.0,0.37016129,0.0,0.069,0.0
2025-12-08 11:00:00,0.4528091575594098,1.474873,3.012920961341979,0.0,0.37016129,0.0,0.063,0.0
2025-12-08 12:00:00,0.5345584833199772,0.954394,3.432756478022002,0.0,0.37016129,0.0,0.063,0.0
2025-12-08 13:00:00,0.6534665935171661,0.148904,2.928193884504836,0.0,0.37016129,0.0,0.061,0.0
2025-12-08 14:00:00,1.1742175881972388,0.371046,2.125022296307597,0.0,0.37016129,0.0,0.062,0.0
2025-12-08 15:00:00,0.8571292943380688,0.122583,1.390476001969528,0.0,0.38016129,0.0,0.069,0.0
2025-12-08 16:00:00,0.3170882938591698,0.0,1.0733877081103582,0.0,0.40016129,0.0,0.091,0.0
2025-12-08 17:00:00,1.2532149805652202,0.0,0.0,0.17982727245486196,0.40016129,0.0,0.095,0.07195991332271903
2025-12-08 18:00:00,2.021163192255398,0.0,0.0,2.021163192255398,0.40016129,0.0,0.091,0.808791270313438
2025-12-08 19:00:00,0.6292220831267904,0.0,0.0,0.6292220831267904,0.40016129,0.0,0.089,0.2517903204805037
2025-12-08 20:00:00,0.7134486611831324,0.0,0.0,0.7134486611831324,0.40016129,0.0,0.088,0.2854945366078152
2025-12-08 21:00:00,1.005764432084555,0.0,0.0,1.005764432084555,0.38016129,0.0,0.09,0.38235270393738174
2025-12-08 22:00:00,1.0875137578451222,0.0,0.0,1.0875137578451222,0.38016129,0.0,0.09,0.41343063307514927
2025-12-08 23:00:00,1.0627412348873746,0.0,0.0,1.0627412348873746,0.38016129,0.0,0.091,0.4040130787909773
2025-12-09 00:00:00,1.2088991203380857,0.0,0.0,1.2088991203380857,0.37016129,0.0,0.089,0.447487657864211
2025-12-09 01:00:00,1.3228527259437248,0.0,0.0,1.3228527259437248,0.37016129,0.0,0.085,0.4896688715153456
2025-12-09 02:00:00,1.1543995698310408,0.0,0.0,1.1543995698310408,0.37016129,0.0,0.082,0.4273140339441031
2025-12-09 03:00:00,1.2386261478873828,0.0,0.0,1.2386261478873828,0.37016129,0.0,0.082,0.45849145272972436
2025-12-09 04:00:00,1.3401934920141485,0.0,0.0,1.3401934920141485,0.37016129,0.0,0.085,0.49608775185356185
2025-12-09 05:00:00,1.2534896616620312,0.0,0.0,1.2534896616620312,0.37016129,0.0,0.089,0.463993350162481
2025-12-09 06:00:00,1.4615788545071118,0.0,0.0,1.4615788545071118,0.37016129,0.0,0.09,0.5410199142210748
2025-12-09 07:00:00,1.416988313183166,0.061176,0.0,1.355812313183166,0.37016129,0.0,0.083,0.5018692348457647
2025-12-09 08:00:00,0.6936306428169343,0.409053,0.0,0.2845776428169343,0.37016129,0.0,0.074,0.10533962737027563
2025-12-09 09:00:00,0.485541449971854,2.90742,2.421878550028146,0.0,0.37016129,0.0,0.069,0.0
2025-12-09 10:00:00,0.2378162203943774,0.106358,2.290420329633769,0.0,0.37016129,0.0,0.069,0.0
2025-12-09 11:00:00,0.4899679419960313,0.069214,1.8696663876377375,0.0,0.37016129,0.0,0.063,0.0
2025-12-09 12:00:00,0.4503319052636352,4.266855,5.686189482374102,0.0,0.37016129,0.0,0.063,0.0
2025-12-09 13:00:00,0.4329911391932117,1.299926,6.55312434318089,0.0,0.37016129,0.0,0.061,0.0
2025-12-09 14:00:00,0.1486351377464856,1.089939,7.494428205434405,0.0,0.37016129,0.0,0.062,0.0
2025-12-09 15:00:00,0.1511123900422604,0.013217,7.356532815392144,0.0,0.38016129,0.0,0.069,0.0
2025-12-09 16:00:00,0.1932256790704316,0.0,7.163307136321713,0.0,0.40016129,0.0,0.091,0.0
2025-12-09 17:00:00,1.2705557466356434,0.0,5.892751389686069,0.0,0.40016129,0.0,0.095,0.0
2025-12-09 18:00:00,2.3209107200441443,0.0,3.5718406696419245,0.0,0.40016129,0.0,0.091,0.0
2025-12-09 19:00:00,0.5425182527746735,0.0,3.029322416867251,0.0,0.40016129,0.0,0.089,0.0
2025-12-09 20:00:00,0.9438331246901857,0.0,2.0854892921770656,0.0,0.40016129,0.0,0.088,0.0
2025-12-09 21:00:00,0.931446863211312,0.0,1.1540424289657536,0.0,0.38016129,0.0,0.09,0.0
2025-12-09 22:00:00,1.0305369550423027,0.0,0.1235054739234509,0.0,0.38016129,0.0,0.09,0.0
2025-12-09 23:00:00,0.9215378540282128,0.0,0.0,0.7980323801047619,0.38016129,0.0,0.091,0.30338101908239656
2025-12-10 00:00:00,1.1573722725859703,0.0,0.0,1.1573722725859703,0.37016129,0.0,0.089,0.4284144134306544
2025-12-10 01:00:00,1.1078272266704752,0.0,0.0,1.1078272266704752,0.37016129,0.0,0.085,0.4100747553214655
2025-12-10 02:00:00,1.2742985809465392,0.0,0.0,1.2742985809465392,0.37016129,0.0,0.082,0.4716960065683404
2025-12-10 03:00:00,1.224753535031044,0.0,0.0,1.224753535031044,0.37016129,0.0,0.082,0.45335634845915135
2025-12-10 04:00:00,1.2188081295211846,0.0,0.0,1.2188081295211846,0.37016129,0.0,0.085,0.4511555894860487
2025-12-10 05:00:00,1.248535157070482,0.0,0.0,1.248535157070482,0.37016129,0.0,0.089,0.4621593843515622
2025-12-10 06:00:00,1.343661645228233,0.0,0.0,1.343661645228233,0.37016129,0.0,0.09,0.49737152792120504
2025-12-10 07:00:00,1.1970083093183668,0.0,0.0,1.1970083093183668,0.37016129,0.0,0.083,0.44308613991800566
2025-12-10 08:00:00,0.8640656007662383,0.0,0.0,0.8640656007662383,0.37016129,0.0,0.074,0.31984363742425576
2025-12-10 09:00:00,0.7867753291380655,0.097953,0.0,0.6888223291380655,0.37016129,0.0,0.069,0.2549753619345509
2025-12-10 10:00:00,2.846977306907068,3.464391,0.6174136930929319,0.0,0.37016129,0.0,0.069,0.0
2025-12-10 11:00:00,3.3126012423408744,3.969788,1.2746004507520574,0.0,0.37016129,0.0,0.063,0.0
2025-12-10 12:00:00,3.0906394366394556,2.907962,1.0919230141126015,0.0,0.37016129,0.0,0.063,0.0
2025-12-10 13:00:00,3.025239976031002,3.1243220000000003,1.1910050380816002,0.0,0.37016129,0.0,0.061,0.0
2025-12-10 14:00:00,2.5754704552901537,2.082994,0.6985285827914467,0.0,0.37016129,0.0,0.062,0.0
2025-12-10 15:00:00,0.4637416297690361,1.4805229999999998,1.7153099530224103,0.0,0.38016129,0.0,0.069,0.0
2025-12-10 16:00:00,0.6103949656789022,0.056799,1.161713987343508,0.0,0.40016129,0.0,0.091,0.0
2025-12-10 17:00:00,2.0459393083383643,0.0,0.0,0.8842253209948563,0.40016129,0.0,0.095,0.35383274509996576
2025-12-10 18:00:00,2.9773861715496768,0.0,0.0,2.9773861715496768,0.40016129,0.0,0.091,1.19143469123548
2025-12-10 19:00:00,0.5628317216000266,0.0,0.0,0.5628317216000266,0.40016129,0.0,0.089,0.2252234677683875
2025-12-10 20:00:00,0.4221237912000199,0.0,0.0,0.4221237912000199,0.40016129,0.0,0.088,0.16891760082629062
2025-12-10 21:00:00,0.505359468338052,0.0,0.0,0.505359468338052,0.38016129,0.0,0.09,0.192118107397108
2025-12-10 22:00:00,0.7015578501634135,0.0,0.0,0.7015578501634135,0.38016129,0.0,0.09,0.26670513732775
2025-12-10 23:00:00,1.048373171571881,0.0,0.0,1.048373171571881,0.38016129,0.0,0.091,0.39855089730615756
2025-12-11 00:00:00,1.0325187568789225,0.0,0.0,1.0325187568789225,0.37016129,0.0,0.089,0.3821984749954983
2025-12-11 01:00:00,1.2088991203380854,0.0,0.0,1.2088991203380854,0.37016129,0.0,0.085,0.4474876578642109
2025-12-11 02:00:00,1.1058454248338554,0.0,0.0,1.1058454248338554,0.37016129,0.0,0.082,0.40934116899709794
2025-12-11 03:00:00,1.1216998395268138,0.0,0.0,1.1216998395268138,0.37016129,0.0,0.082,0.4152098595920384
2025-12-11 04:00:00,1.1296270468732932,0.0,0.0,1.1296270468732932,0.37016129,0.0,0.085,0.41814420488950865
2025-12-11 05:00:00,1.3218618250254148,0.0,0.0,1.3218618250254148,0.37016129,0.0,0.089,0.4893020783531618
2025-12-11 06:00:00,1.2247535350310443,0.0,0.0,1.2247535350310443,0.37016129,0.0,0.09,0.4533563484591515
2025-12-11 07:00:00,1.26637137360006,0.0,0.0,1.26637137360006,0.37016129,0.0,0.083,0.4687616612708701
2025-12-11 08:00:00,0.6103949656789021,0.029061,0.0,0.581333965678902,0.37016129,0.0,0.074,0.2151873306565181
2025-12-11 09:00:00,0.4558144224225568,0.324133,0.0,0.13168142242255682,0.37016129,0.0,0.069,0.048743365192968555
2025-12-11 10:00:00,0.4795960444619944,2.436634,1.9570379555380055,0.0,0.37016129,0.0,0.069,0.0
2025-12-11 11:00:00,1.0083891973556534,0.6667569999999999,1.6154057581823524,0.0,0.37016129,0.0,0.063,0.0
2025-12-11 12:00:00,1.0282072157218514,0.455672,1.0428705424605011,0.0,0.37016129,0.0,0.063,0.0
2025-12-11 13:00:00,0.7349005439021192,1.784952,2.0929219985583822,0.0,0.37016129,0.0,0.061,0.0
2025-12-11 14:00:00,0.2338526167211377,0.04934,1.9084093818372443,0.0,0.37016129,0.0,0.062,0.0
2025-12-11 15:00:00,0.2853794644732529,0.8914690000000001,2.5144989173639916,0.0,0.38016129,0.0,0.069,0.0
2025-12-11 16:00:00,0.4597780260957963,0.02635,2.0810708912681952,0.0,0.40016129,0.0,0.091,0.0
2025-12-11 17:00:00,1.7245009765720831,0.0,0.3565699146961121,0.0,0.40016129,0.0,0.095,0.0
2025-12-11 18:00:00,2.877909645484814,0.0,0.0,2.5213397307887018,0.40016129,0.0,0.091,1.0089425592006596
2025-12-11 19:00:00,0.5925587491493239,0.0,0.0,0.5925587491493239,0.40016129,0.0,0.089,0.23711907346037986
2025-12-11 20:00:00,0.4439236114028378,0.0,0.0,0.4439236114028378,0.40016129,0.0,0.088,0.1776410450004183
2025-12-11 21:00:00,0.4815778462986143,0.0,0.0,0.4815778462986143,0.38016129,0.0,0.09,0.1830772552843029
2025-12-11 22:00:00,0.6421037950648191,0.0,0.0,0.6421037950648191,0.38016129,0.0,0.09,0.24410300704573723
2025-12-11 23:00:00,0.6817398317972154,0.0,0.0,0.6817398317972154,0.38016129,0.0,0.091,0.25917109390041243
2025-12-12 00:00:00,0.5925587491493238,0.0,0.0,0.5925587491493238,0.37016129,0.0,0.089,0.2193423109859001
2025-12-12 01:00:00,0.7927207346479249,0.0,0.0,0.7927207346479249,0.37016129,0.0,0.085,0.29343452974702355
2025-12-12 02:00:00,0.6064313620056625,0.0,0.0,0.6064313620056625,0.37016129,0.0,0.082,0.224477415256473
2025-12-12 03:00:00,0.8145205548507428,0.0,0.0,0.8145205548507428,0.37016129,0.0,0.082,0.3015039793150667
2025-12-12 04:00:00,0.8085751493408835,0.0,0.0,0.8085751493408835,0.37016129,0.0,0.085,0.29930322034196405
2025-12-12 05:00:00,0.8283931677070815,0.0,0.0,0.8283931677070815,0.37016129,0.0,0.089,0.3066390835856396
2025-12-12 06:00:00,0.919556052191593,0.0,0.0,0.919556052191593,0.37016129,0.0,0.09,0.34038405450654735
2025-12-12 07:00:00,1.0483731715718807,0.0,0.0,1.0483731715718807,0.37016129,0.0,0.083,0.3880671655904387
2025-12-12 08:00:00,1.034500558715542,0.0,0.0,1.034500558715542,0.37016129,0.0,0.074,0.38293206131986574
2025-12-12 09:00:00,0.6579582097577776,0.123483,0.0,0.5344752097577776,0.37016129,0.0,0.069,0.19784203311695955
2025-12-12 10:00:00,2.9163403711887614,0.365885,0.0,2.5504553711887614,0.37016129,0.0,0.069,0.9440798502866607
2025-12-12 11:00:00,3.653941093352681,0.48081,0.0,3.173131093352681,0.37016129,0.0,0.063,1.1745702988545388
2025-12-12 12:00:00,3.0316553166540596,0.730209,0.0,2.3014463166540597,0.37016129,0.0,0.063,0.8519063374384152
2025-12-12 13:00:00,3.101018380935753,0.068964,0.0,3.032054380935753,0.37016129,0.0,0.061,1.1223491609973297
2025-12-12 14:00:00,2.7062693765070613,0.186104,0.0,2.5201653765070615,0.37016129,0.0,0.062,0.9328676667811895
2025-12-12 15:00:00,0.4260873948732596,0.223876,0.0,0.2022113948732596,0.38016129,0.0,0.069,0.07687294472771775
2025-12-12 16:00:00,0.537068297723969,0.158598,0.0,0.378470297723969,0.40016129,0.0,0.091,0.1514491625639075
2025-12-12 17:00:00,2.3867994272783455,0.0,0.0,2.3867994272783455,0.40016129,0.0,0.095,0.9551047377909639
2025-12-12 18:00:00,2.751450965216391,0.0,0.0,2.751450965216391,0.40016129,0.0,0.091,1.1010241676127361
2025-12-12 19:00:00,1.046391369735261,0.0,0.0,1.046391369735261,0.40016129,0.0,0.089,0.418725320358129
2025-12-12 20:00:00,0.6024677583324228,0.0,0.0,0.6024677583324228,0.40016129,0.0,0.088,0.24108427535771057
2025-12-12 21:00:00,0.7193940666929919,0.0,0.0,0.7193940666929919,0.38016129,0.0,0.09,0.27348577641235383
2025-12-12 22:00:00,0.6658854171042569,0.0,0.0,0.6658854171042569,0.38016129,0.0,0.09,0.2531438591585423
2025-12-12 23:00:00,0.9056834393352544,0.0,0.0,0.9056834393352544,0.38016129,0.0,0.091,0.34430578462932704
2025-12-13 00:00:00,0.876947312704267,0.0,0.0,0.876947312704267,0.37016129,0.0,0.089,0.3246119485326448
2025-12-13 01:00:00,1.089991010140897,0.0,0.0,1.089991010140897,0.37016129,0.0,0.085,0.40347247840215744
2025-12-13 02:00:00,1.1172407853944193,0.0,0.0,1.1172407853944193,0.37016129,0.0,0.082,0.4135592903622114
2025-12-13 03:00:00,1.2262398864085091,0.0,0.0,1.2262398864085091,0.37016129,0.0,0.082,0.45390653820242716
2025-12-13 04:00:00,1.174217588197239,0.0,0.0,1.174217588197239,0.37016129,0.0,0.085,0.43464989718777874
2025-12-13 05:00:00,1.26835317543668,0.0,0.0,1.26835317543668,0.37016129,0.0,0.089,0.4694952475952377
2025-12-13 06:00:00,1.3030347075775266,0.0,0.0,1.3030347075775266,0.37016129,0.0,0.09,0.48233300827166997
2025-12-13 07:00:00,1.2336716432958332,0.0,0.0,1.2336716432958332,0.37016129,0.0,0.083,0.4566574869188055
2025-12-13 08:00:00,1.0701729917746987,0.012823,0.0,1.0573499917746987,0.37016129,0.0,0.074,0.39139003693681185
2025-12-13 09:00:00,1.1370588037606175,0.11803,0.0,1.0190288037606174,0.37016129,0.0,0.069,0.37720501654718697
2025-12-13 10:00:00,2.911881317056367,0.321578,0.0,2.590303317056367,0.37016129,0.0,0.069,0.9588300173328638
2025-12-13 11:00:00,3.145608922259699,0.753458,0.0,2.392150922259699,0.37016129,0.0,0.063,0.8854816712583398
2025-12-13 12:00:00,2.729430536569538,0.34424,0.0,2.385190536569538,0.37016129,0.0,0.063,0.8829052059123722
2025-12-13 13:00:00,2.8037481054427813,0.885398,0.0,1.9183501054427814,0.37016129,0.0,0.061,0.7100989497023359
2025-12-13 14:00:00,2.4709304084084587,0.127298,0.0,2.3436324084084585,0.37016129,0.0,0.062,0.8675219955822818
2025-12-13 15:00:00,0.1783621652957829,0.0178399999999999,0.0,0.16052216529578298,0.38016129,0.0,0.069,0.06102431343243808
2025-12-13 16:00:00,0.6738126244507361,0.0,0.0,0.6738126244507361,0.40016129,0.0,0.091,0.2696337290184921
2025-12-13 17:00:00,2.210914514278337,0.0,0.0,2.210914514278337,0.40016129,0.0,0.095,0.8847224041133428
2025-12-13 18:00:00,2.3892766795741203,0.0,0.0,2.3892766795741203,0.40016129,0.0,0.091,0.9560960382652967
2025-12-13 19:00:00,0.4904959545634034,0.0,0.0,0.4904959545634034,0.40016129,0.0,0.089,0.1962774939178729
2025-12-13 20:00:00,0.5449955050704482,0.0,0.0,0.5449955050704482,0.40016129,0.0,0.088,0.21808610435319212
2025-12-13 21:00:00,0.8298795190845464,0.0,0.0,0.8298795190845464,0.38016129,0.0,0.09,0.31548806851976074
2025-12-13 22:00:00,1.16430857901414,0.0,0.0,1.16430857901414,0.38016129,0.0,0.09,0.44262505135608243
2025-12-13 23:00:00,0.8274022667887718,0.0,0.0,0.8274022667887718,0.38016129,0.0,0.091,0.3145463130913436
2025-12-14 00:00:00,0.9809919091268072,0.0,0.0,0.9809919091268072,0.37016129,0.0,0.089,0.36312523056194174
2025-12-14 01:00:00,0.958696638464834,0.0,0.0,0.958696638464834,0.37016129,0.0,0.085,0.35487238441280655
2025-12-14 02:00:00,0.95126488157751,0.0,0.0,0.95126488157751,0.37016129,0.0,0.082,0.3521214356964283
2025-12-14 03:00:00,1.0751274963662485,0.0,0.0,1.0751274963662485,0.37016129,0.0,0.082,0.39797058096940086
2025-12-14 04:00:00,1.089991010140897,0.0,0.0,1.089991010140897,0.37016129,0.0,0.085,0.40347247840215744
2025-12-14 05:00:00,1.151922317535266,0.0,0.0,1.151922317535266,0.37016129,0.0,0.089,0.42639705103864367
2025-12-14 06:00:00,1.2188081295211848,0.0,0.0,1.2188081295211848,0.37016129,0.0,0.09,0.45115558948604884
2025-12-14 07:00:00,1.1791720927887883,0.0,0.0,1.1791720927887883,0.37016129,0.0,0.083,0.43648386299869757
2025-12-14 08:00:00,1.1766948404930138,0.0,0.0,1.1766948404930138,0.37016129,0.0,0.074,0.4355668800932382
2025-12-14 09:00:00,0.6787671290422856,0.023262,0.0,0.6555051290422856,0.37016129,0.0,0.069,0.2426426241679089
2025-12-14 10:00:00,2.87224528032397,0.283528,0.0,2.58871728032397,0.37016129,0.0,0.069,0.9582429279300123
2025-12-14 11:00:00,3.219153692445021,0.7417,0.0,2.477453692445021,0.37016129,0.0,0.063,0.9170574547107122
2025-12-14 12:00:00,3.719558656191523,1.103352,0.0,2.616206656191523,0.37016129,0.0,0.063,0.9684184307624405
2025-12-14 13:00:00,2.9887692289379677,0.402173,0.0,2.586596228937968,0.37016129,0.0,0.061,0.9574577968128134
2025-12-14 14:00:00,2.7186556379859352,0.52763,0.0,2.191025637985935,0.37016129,0.0,0.062,0.8110328765799466
2025-12-14 15:00:00,0.4682006839014306,0.5249320000000001,0.0567313160985694,0.0,0.38016129,0.0,0.069,0.0
2025-12-14 16:00:00,0.6292220831267904,0.019216,0.0,0.553274767028221,0.40016129,0.0,0.091,0.22139914449846237
2025-12-14 17:00:00,1.7669722913752768,0.0,0.0,1.7669722913752768,0.40016129,0.0,0.095,0.7070739115109866
2025-12-14 18:00:00,3.0724842512485786,0.0,0.0,3.0724842512485786,0.40016129,0.0,0.091,1.2294892614843154
2025-12-14 19:00:00,1.2460579047747071,0.0,0.0,1.2460579047747071,0.40016129,0.0,0.089,0.49862413858934396
2025-12-14 20:00:00,1.0875137578451222,0.0,0.0,1.0875137578451222,0.40016129,0.0,0.088,0.4351809082320517
2025-12-14 21:00:00,1.174217588197239,0.0,0.0,1.174217588197239,0.38016129,0.0,0.09,0.44639207306975115
2025-12-14 22:00:00,1.194035606563437,0.0,0.0,1.194035606563437,0.38016129,0.0,0.09,0.45392611649708864
2025-12-14 23:00:00,1.2534896616620317,0.0,0.0,1.2534896616620317,0.38016129,0.0,0.091,0.4765282467791015
2025-12-15 00:00:00,1.5953504784789492,0.0,0.0,1.5953504784789492,0.37016129,0.0,0.089,0.590536991115885
2025-12-15 01:00:00,1.5482826848592284,0.0,0.0,1.5482826848592284,0.37016129,0.0,0.085,0.5731143159121554
2025-12-15 02:00:00,1.6399410198028948,0.0,0.0,1.6399410198028948,0.37016129,0.0,0.082,0.607042683414155
2025-12-15 03:00:00,1.649850028985994,0.0,0.0,1.649850028985994,0.37016129,0.0,0.082,0.6107106150359929
2025-12-15 04:00:00,1.7514173731127594,0.0,0.0,1.7514173731127594,0.37016129,0.0,0.085,0.6483069141598303
2025-12-15 05:00:00,1.5903959738873996,0.0,0.0,1.5903959738873996,0.37016129,0.0,0.089,0.5887030253049661
2025-12-15 06:00:00,1.8529847172395248,0.0,0.0,1.8529847172395248,0.37016129,0.0,0.09,0.6859032132836678
2025-12-15 07:00:00,1.766280886887408,0.000426,0.0,1.765854886887408,0.37016129,0.0,0.083,0.6536511228830469
2025-12-15 08:00:00,0.9562193861690595,0.783109,0.0,0.1731103861690595,0.37016129,0.0,0.074,0.06407876385673722
2025-12-15 09:00:00,0.411223881098611,2.63793,2.226706118901389,0.0,0.37016129,0.0,0.069,0.0
2025-12-15 10:00:00,0.411223881098611,3.813486,5.628968237802777,0.0,0.37016129,0.0,0.069,0.0
2025-12-15 11:00:00,0.4528091575594098,3.575967,8.752126080243368,0.0,0.37016129,0.0,0.063,0.0
2025-12-15 12:00:00,0.5345584833199772,2.897616,11.11518359692339,0.0,0.37016129,0.0,0.063,0.0
2025-12-15 13:00:00,0.6534665935171661,2.48678,12.948497003406224,0.0,0.37016129,0.0,0.061,0.0
2025-12-15 14:00:00,1.1742175881972388,2.253467,13.5,0.0,0.37016129,1.0792494118027613,0.062,-0.0669134635317712
2025-12-15 15:00:00,0.8571292943380688,0.953803,13.5,0.0,0.38016129,0.09667370566193112,0.069,-0.006670485690673248
2025-12-15 16:00:00,0.3170882938591698,0.0434159999999999,13.22632770614083,0.0,0.40016129,0.0,0.091,0.0
2025-12-15 17:00:00,1.2532149805652202,0.0,11.97311272557561,0.0,0.40016129,0.0,0.095,0.0
2025-12-15 18:00:00,2.021163192255398,0.0,9.951949533320214,0.0,0.40016129,0.0,0.091,0.0
2025-12-15 19:00:00,0.6292220831267904,0.0,9.322727450193424,0.0,0.40016129,0.0,0.089,0.0
2025-12-15 20:00:00,0.7134486611831324,0.0,8.60927878901029,0.0,0.40016129,0.0,0.088,0.0
2025-12-15 21:00:00,1.005764432084555,0.0,7.603514356925735,0.0,0.38016129,0.0,0.09,0.0
2025-12-15 22:00:00,1.0875137578451222,0.0,6.516000599080613,0.0,0.38016129,0.0,0.09,0.0
2025-12-15 23:00:00,1.0627412348873746,0.0,5.453259364193238,0.0,0.38016129,0.0,0.091,0.0
2025-12-16 00:00:00,1.2088991203380857,0.0,4.244360243855152,0.0,0.37016129,0.0,0.089,0.0
2025-12-16 01:00:00,1.3228527259437248,0.0,2.9215075179114276,0.0,0.37016129,0.0,0.085,0.0
2025-12-16 02:00:00,1.1543995698310408,0.0,1.7671079480803868,0.0,0.37016129,0.0,0.082,0.0
2025-12-16 03:00:00,1.2386261478873828,0.0,0.5284818001930041,0.0,0.37016129,0.0,0.082,0.0
2025-12-16 04:00:00,1.3401934920141485,0.0,0.0,0.8117116918211444,0.37016129,0.0,0.085,0.30046424695259727
2025-12-16 05:00:00,1.2534896616620312,0.0,0.0,1.2534896616620312,0.37016129,0.0,0.089,0.463993350162481
2025-12-16 06:00:00,1.4615788545071118,0.0,0.0,1.4615788545071118,0.37016129,0.0,0.09,0.5410199142210748
2025-12-16 07:00:00,1.416988313183166,0.0,0.0,1.416988313183166,0.37016129,0.0,0.083,0.5245142219228047
2025-12-16 08:00:00,0.6936306428169343,0.460493,0.0,0.23313764281693433,0.37016129,0.0,0.074,0.08629853061267564
2025-12-16 09:00:00,0.485541449971854,0.0,0.0,0.485541449971854,0.37016129,0.0,0.069,0.17972864947005193
2025-12-16 10:00:00,0.2378162203943774,2.8451060000000004,2.607289779605623,0.0,0.37016129,0.0,0.069,0.0
2025-12-16 11:00:00,0.4899679419960313,1.88665,4.003971837609592,0.0,0.37016129,0.0,0.063,0.0
2025-12-16 12:00:00,0.4503319052636352,2.4927759999999997,6.0464159323459565,0.0,0.37016129,0.0,0.063,0.0
2025-12-16 13:00:00,0.4329911391932117,1.935269,7.548693793152744,0.0,0.37016129,0.0,0.061,0.0
2025-12-16 14:00:00,0.1486351377464856,0.66491,8.06496865540626,0.0,0.37016129,0.0,0.062,0.0
2025-12-16 15:00:00,0.1511123900422604,0.8056760000000001,8.719532265363998,0.0,0.38016129,0.0,0.069,0.0
2025-12-16 16:00:00,0.1932256790704316,0.035216,8.561522586293567,0.0,0.40016129,0.0,0.091,0.0
2025-12-16 17:00:00,1.2705557466356434,0.0,7.290966839657923,0.0,0.40016129,0.0,0.095,0.0
2025-12-16 18:00:00,2.3209107200441443,0.0,4.970056119613778,0.0,0.40016129,0.0,0.091,0.0
2025-12-16 19:00:00,0.5425182527746735,0.0,4.4275378668391046,0.0,0.40016129,0.0,0.089,0.0
2025-12-16 20:00:00,0.9438331246901857,0.0,3.4837047421489187,0.0,0.40016129,0.0,0.088,0.0
2025-12-16 21:00:00,0.931446863211312,0.0,2.5522578789376067,0.0,0.38016129,0.0,0.09,0.0
2025-12-16 22:00:00,1.0305369550423027,0.0,1.521720923895304,0.0,0.38016129,0.0,0.09,0.0
2025-12-16 23:00:00,0.9215378540282128,0.0,0.6001830698670912,0.0,0.38016129,0.0,0.091,0.0
2025-12-17 00:00:00,1.1573722725859703,0.0,0.0,0.5571892027188791,0.37016129,0.0,0.089,0.20624987405249176
2025-12-17 01:00:00,1.1078272266704752,0.0,0.0,1.1078272266704752,0.37016129,0.0,0.085,0.4100747553214655
2025-12-17 02:00:00,1.2742985809465392,0.0,0.0,1.2742985809465392,0.37016129,0.0,0.082,0.4716960065683404
2025-12-17 03:00:00,1.224753535031044,0.0,0.0,1.224753535031044,0.37016129,0.0,0.082,0.45335634845915135
2025-12-17 04:00:00,1.2188081295211846,0.0,0.0,1.2188081295211846,0.37016129,0.0,0.085,0.4511555894860487
2025-12-17 05:00:00,1.248535157070482,0.0,0.0,1.248535157070482,0.37016129,0.0,0.089,0.4621593843515622
2025-12-17 06:00:00,1.343661645228233,0.0,0.0,1.343661645228233,0.37016129,0.0,0.09,0.49737152792120504
2025-12-17 07:00:00,1.1970083093183668,0.022784,0.0,1.1742243093183669,0.37016129,0.0,0.083,0.43465238508664567
2025-12-17 08:00:00,0.8640656007662383,1.458998,0.5949323992337617,0.0,0.37016129,0.0,0.074,0.0
2025-12-17 09:00:00,0.7867753291380655,2.861447,2.669604070095696,0.0,0.37016129,0.0,0.069,0.0
2025-12-17 10:00:00,2.846977306907068,3.847614,3.670240763188628,0.0,0.37016129,0.0,0.069,0.0
2025-12-17 11:00:00,3.3126012423408744,4.283113999999999,4.640753520847753,0.0,0.37016129,0.0,0.063,0.0
2025-12-17 12:00:00,3.0906394366394556,4.337065,5.887179084208297,0.0,0.37016129,0.0,0.063,0.0
2025-12-17 13:00:00,3.025239976031002,4.027049,6.888988108177295,0.0,0.37016129,0.0,0.061,0.0
2025-12-17 14:00:00,2.5754704552901537,3.259158,7.572675652887141,0.0,0.37016129,0.0,0.062,0.0
2025-12-17 15:00:00,0.4637416297690361,2.015234,9.124168023118106,0.0,0.38016129,0.0,0.069,0.0
2025-12-17 16:00:00,0.6103949656789022,0.2982579999999999,8.812031057439203,0.0,0.40016129,0.0,0.091,0.0
2025-12-17 17:00:00,2.0459393083383643,0.0,6.7660917491008385,0.0,0.40016129,0.0,0.095,0.0
2025-12-17 18:00:00,2.9773861715496768,0.0,3.7887055775511618,0.0,0.40016129,0.0,0.091,0.0
2025-12-17 19:00:00,0.5628317216000266,0.0,3.2258738559511353,0.0,0.40016129,0.0,0.089,0.0
2025-12-17 20:00:00,0.4221237912000199,0.0,2.8037500647511155,0.0,0.40016129,0.0,0.088,0.0
2025-12-17 21:00:00,0.505359468338052,0.0,2.2983905964130633,0.0,0.38016129,0.0,0.09,0.0
2025-12-17 22:00:00,0.7015578501634135,0.0,1.5968327462496497,0.0,0.38016129,0.0,0.09,0.0
2025-12-17 23:00:00,1.048373171571881,0.0,0.5484595746777687,0.0,0.38016129,0.0,0.091,0.0
2025-12-18 00:00:00,1.0325187568789225,0.0,0.0,0.48405918220115374,0.37016129,0.0,0.089,0.1791799713199241
2025-12-18 01:00:00,1.2088991203380854,0.0,0.0,1.2088991203380854,0.37016129,0.0,0.085,0.4474876578642109
2025-12-18 02:00:00,1.1058454248338554,0.0,0.0,1.1058454248338554,0.37016129,0.0,0.082,0.40934116899709794
2025-12-18 03:00:00,1.1216998395268138,0.0,0.0,1.1216998395268138,0.37016129,0.0,0.082,0.4152098595920384
2025-12-18 04:00:00,1.1296270468732932,0.0,0.0,1.1296270468732932,0.37016129,0.0,0.085,0.41814420488950865
2025-12-18 05:00:00,1.3218618250254148,0.0,0.0,1.3218618250254148,0.37016129,0.0,0.089,0.4893020783531618
2025-12-18 06:00:00,1.2247535350310443,0.0,0.0,1.2247535350310443,0.37016129,0.0,0.09,0.4533563484591515
2025-12-18 07:00:00,1.26637137360006,0.0,0.0,1.26637137360006,0.37016129,0.0,0.083,0.4687616612708701
2025-12-18 08:00:00,0.6103949656789021,1.898234,1.287839034321098,0.0,0.37016129,0.0,0.074,0.0
2025-12-18 09:00:00,0.4558144224225568,3.31194,4.143964611898541,0.0,0.37016129,0.0,0.069,0.0
2025-12-18 10:00:00,0.4795960444619944,4.176569000000001,7.840937567436548,0.0,0.37016129,0.0,0.069,0.0
2025-12-18 11:00:00,1.0083891973556534,4.608732,11.441280370080896,0.0,0.37016129,0.0,0.063,0.0
2025-12-18 12:00:00,1.0282072157218514,4.6408819999999995,13.5,0.0,0.37016129,3.6126747842781484,0.063,-0.22759851140952334
2025-12-18 13:00:00,0.7349005439021192,4.254613,13.5,0.0,0.37016129,3.5197124560978805,0.061,-0.2147024598219707
2025-12-18 14:00:00,0.2338526167211377,3.46835,13.5,0.0,0.37016129,3.234497383278862,0.062,-0.20053883776328946
2025-12-18 15:00:00,0.2853794644732529,2.1957739999999997,13.5,0.0,0.38016129,1.9103945355267467,0.069,-0.13181722295134554
2025-12-18 16:00:00,0.4597780260957963,0.3516809999999999,13.391902973904203,0.0,0.40016129,0.0,0.091,0.0
2025-12-18 17:00:00,1.7245009765720831,0.0,11.66740199733212,0.0,0.40016129,0.0,0.095,0.0
2025-12-18 18:00:00,2.877909645484814,0.0,8.789492351847308,0.0,0.40016129,0.0,0.091,0.0
2025-12-18 19:00:00,0.5925587491493239,0.0,8.196933602697984,0.0,0.40016129,0.0,0.089,0.0
2025-12-18 20:00:00,0.4439236114028378,0.0,7.753009991295146,0.0,0.40016129,0.0,0.088,0.0
2025-12-18 21:00:00,0.4815778462986143,0.0,7.271432144996532,0.0,0.38016129,0.0,0.09,0.0
2025-12-18 22:00:00,0.6421037950648191,0.0,6.629328349931713,0.0,0.38016129,0.0,0.09,0.0
2025-12-18 23:00:00,0.6817398317972154,0.0,5.947588518134498,0.0,0.38016129,0.0,0.091,0.0
2025-12-19 00:00:00,0.5925587491493238,0.0,5.355029768985174,0.0,0.37016129,0.0,0.089,0.0
2025-12-19 01:00:00,0.7927207346479249,0.0,4.562309034337249,0.0,0.37016129,0.0,0.085,0.0
2025-12-19 02:00:00,0.6064313620056625,0.0,3.955877672331587,0.0,0.37016129,0.0,0.082,0.0
2025-12-19 03:00:00,0.8145205548507428,0.0,3.141357117480844,0.0,0.37016129,0.0,0.082,0.0
2025-12-19 04:00:00,0.8085751493408835,0.0,2.3327819681399604,0.0,0.37016129,0.0,0.085,0.0
2025-12-19 05:00:00,0.8283931677070815,0.0,1.504388800432879,0.0,0.37016129,0.0,0.089,0.0
2025-12-19 06:00:00,0.919556052191593,0.0,0.584832748241286,0.0,0.37016129,0.0,0.09,0.0
2025-12-19 07:00:00,1.0483731715718807,0.0,0.0,0.46354042333059475,0.37016129,0.0,0.083,0.17158472106719905
2025-12-19 08:00:00,1.034500558715542,1.8010119999999998,0.7665114412844578,0.0,0.37016129,0.0,0.074,0.0
2025-12-19 09:00:00,0.6579582097577776,3.1776280000000003,3.2861812315266805,0.0,0.37016129,0.0,0.069,0.0
2025-12-19 10:00:00,2.9163403711887614,3.98481,4.3546508603379195,0.0,0.37016129,0.0,0.069,0.0
2025-12-19 11:00:00,3.653941093352681,4.3294809999999995,5.030190766985238,0.0,0.37016129,0.0,0.063,0.0
2025-12-19 12:00:00,3.0316553166540596,4.276223,6.274758450331179,0.0,0.37016129,0.0,0.063,0.0
2025-12-19 13:00:00,3.101018380935753,3.849838,7.023578069395426,0.0,0.37016129,0.0,0.061,0.0
2025-12-19 14:00:00,2.7062693765070613,3.128476,7.445784692888365,0.0,0.37016129,0.0,0.062,0.0
2025-12-19 15:00:00,0.4260873948732596,1.970917,8.990614298015105,0.0,0.38016129,0.0,0.069,0.0
2025-12-19 16:00:00,0.537068297723969,0.283084,8.736630000291136,0.0,0.40016129,0.0,0.091,0.0
2025-12-19 17:00:00,2.3867994272783455,0.0,6.34983057301279,0.0,0.40016129,0.0,0.095,0.0
2025-12-19 18:00:00,2.751450965216391,0.0,3.598379607796399,0.0,0.40016129,0.0,0.091,0.0
2025-12-19 19:00:00,1.046391369735261,0.0,2.551988238061138,0.0,0.40016129,0.0,0.089,0.0
2025-12-19 20:00:00,0.6024677583324228,0.0,1.9495204797287151,0.0,0.40016129,0.0,0.088,0.0
2025-12-19 21:00:00,0.7193940666929919,0.0,1.2301264130357232,0.0,0.38016129,0.0,0.09,0.0
2025-12-19 22:00:00,0.6658854171042569,0.0,0.5642409959314664,0.0,0.38016129,0.0,0.09,0.0
2025-12-19 23:00:00,0.9056834393352544,0.0,0.0,0.34144244340378804,0.38016129,0.0,0.091,0.12980319974513604
2025-12-20 00:00:00,0.876947312704267,0.0,0.0,0.876947312704267,0.37016129,0.0,0.089,0.3246119485326448
2025-12-20 01:00:00,1.089991010140897,0.0,0.0,1.089991010140897,0.37016129,0.0,0.085,0.40347247840215744
2025-12-20 02:00:00,1.1172407853944193,0.0,0.0,1.1172407853944193,0.37016129,0.0,0.082,0.4135592903622114
2025-12-20 03:00:00,1.2262398864085091,0.0,0.0,1.2262398864085091,0.37016129,0.0,0.082,0.45390653820242716
2025-12-20 04:00:00,1.174217588197239,0.0,0.0,1.174217588197239,0.37016129,0.0,0.085,0.43464989718777874
2025-12-20 05:00:00,1.26835317543668,0.0,0.0,1.26835317543668,0.37016129,0.0,0.089,0.4694952475952377
2025-12-20 06:00:00,1.3030347075775266,0.0,0.0,1.3030347075775266,0.37016129,0.0,0.09,0.48233300827166997
2025-12-20 07:00:00,1.2336716432958332,0.0,0.0,1.2336716432958332,0.37016129,0.0,0.083,0.4566574869188055
2025-12-20 08:00:00,1.0701729917746987,0.5607530000000001,0.0,0.5094199917746987,0.37016129,0.0,0.074,0.18856756130711183
2025-12-20 09:00:00,1.1370588037606175,2.150074,1.0130151962393823,0.0,0.37016129,0.0,0.069,0.0
2025-12-20 10:00:00,2.911881317056367,1.46428,0.0,0.4345861208169848,0.37016129,0.0,0.069,0.16086695909771093
2025-12-20 11:00:00,3.145608922259699,3.1946,0.0489910777403008,0.0,0.37016129,0.0,0.063,0.0
2025-12-20 12:00:00,2.729430536569538,4.22253,1.5420905411707628,0.0,0.37016129,0.0,0.063,0.0
2025-12-20 13:00:00,2.8037481054427813,3.857635,2.5959774357279817,0.0,0.37016129,0.0,0.061,0.0
2025-12-20 14:00:00,2.4709304084084587,3.091867,3.216914027319523,0.0,0.37016129,0.0,0.062,0.0
2025-12-20 15:00:00,0.1783621652957829,0.401757,3.4403088620237403,0.0,0.38016129,0.0,0.069,0.0
2025-12-20 16:00:00,0.6738126244507361,0.246384,3.0128802375730044,0.0,0.40016129,0.0,0.091,0.0
2025-12-20 17:00:00,2.210914514278337,0.0,0.8019657232946673,0.0,0.40016129,0.0,0.095,0.0
2025-12-20 18:00:00,2.3892766795741203,0.0,0.0,1.587310956279453,0.40016129,0.0,0.091,0.6351803998959195
2025-12-20 19:00:00,0.4904959545634034,0.0,0.0,0.4904959545634034,0.40016129,0.0,0.089,0.1962774939178729
2025-12-20 20:00:00,0.5449955050704482,0.0,0.0,0.5449955050704482,0.40016129,0.0,0.088,0.21808610435319212
2025-12-20 21:00:00,0.8298795190845464,0.0,0.0,0.8298795190845464,0.38016129,0.0,0.09,0.31548806851976074
2025-12-20 22:00:00,1.16430857901414,0.0,0.0,1.16430857901414,0.38016129,0.0,0.09,0.44262505135608243
2025-12-20 23:00:00,0.8274022667887718,0.0,0.0,0.8274022667887718,0.38016129,0.0,0.091,0.3145463130913436
2025-12-21 00:00:00,0.9809919091268072,0.0,0.0,0.9809919091268072,0.37016129,0.0,0.089,0.36312523056194174
2025-12-21 01:00:00,0.958696638464834,0.0,0.0,0.958696638464834,0.37016129,0.0,0.085,0.35487238441280655
2025-12-21 02:00:00,0.95126488157751,0.0,0.0,0.95126488157751,0.37016129,0.0,0.082,0.3521214356964283
2025-12-21 03:00:00,1.0751274963662485,0.0,0.0,1.0751274963662485,0.37016129,0.0,0.082,0.39797058096940086
2025-12-21 04:00:00,1.089991010140897,0.0,0.0,1.089991010140897,0.37016129,0.0,0.085,0.40347247840215744
2025-12-21 05:00:00,1.151922317535266,0.0,0.0,1.151922317535266,0.37016129,0.0,0.089,0.42639705103864367
2025-12-21 06:00:00,1.2188081295211848,0.0,0.0,1.2188081295211848,0.37016129,0.0,0.09,0.45115558948604884
2025-12-21 07:00:00,1.1791720927887883,0.0,0.0,1.1791720927887883,0.37016129,0.0,0.083,0.43648386299869757
2025-12-21 08:00:00,1.1766948404930138,0.2192299999999999,0.0,0.9574648404930138,0.37016129,0.0,0.074,0.3544164204865382
2025-12-21 09:00:00,0.6787671290422856,0.045189,0.0,0.6335781290422856,0.37016129,0.0,0.069,0.2345260975620789
2025-12-21 10:00:00,2.87224528032397,0.249834,0.0,2.6224112803239703,0.37016129,0.0,0.069,0.9707151424352723
2025-12-21 11:00:00,3.219153692445021,0.4018879999999999,0.0,2.817265692445021,0.37016129,0.0,0.063,1.0428427029881921
2025-12-21 12:00:00,3.719558656191523,0.373982,0.0,3.3455766561915232,0.37016129,0.0,0.063,1.2384029708497406
2025-12-21 13:00:00,2.9887692289379677,0.096831,0.0,2.891938228937968,0.37016129,0.0,0.061,1.0704835854239934
2025-12-21 14:00:00,2.7186556379859352,0.049716,0.0,2.668939637985935,0.37016129,0.0,0.062,0.9879381393290066
2025-12-21 15:00:00,0.4682006839014306,0.346503,0.0,0.1216976839014306,0.38016129,0.0,0.069,0.046264748501980084
2025-12-21 16:00:00,0.6292220831267904,0.0161,0.0,0.6131220831267904,0.40016129,0.0,0.091,0.24534772371150368
2025-12-21 17:00:00,1.7669722913752768,0.0,0.0,1.7669722913752768,0.40016129,0.0,0.095,0.7070739115109866
2025-12-21 18:00:00,3.0724842512485786,0.0,0.0,3.0724842512485786,0.40016129,0.0,0.091,1.2294892614843154
2025-12-21 19:00:00,1.2460579047747071,0.0,0.0,1.2460579047747071,0.40016129,0.0,0.089,0.49862413858934396
2025-12-21 20:00:00,1.0875137578451222,0.0,0.0,1.0875137578451222,0.40016129,0.0,0.088,0.4351809082320517
2025-12-21 21:00:00,1.174217588197239,0.0,0.0,1.174217588197239,0.38016129,0.0,0.09,0.44639207306975115
2025-12-21 22:00:00,1.194035606563437,0.0,0.0,1.194035606563437,0.38016129,0.0,0.09,0.45392611649708864
2025-12-21 23:00:00,1.2534896616620317,0.0,0.0,1.2534896616620317,0.38016129,0.0,0.091,0.4765282467791015
2025-12-22 00:00:00,1.5953504784789492,0.0,0.0,1.5953504784789492,0.37016129,0.0,0.089,0.590536991115885
2025-12-22 01:00:00,1.5482826848592284,0.0,0.0,1.5482826848592284,0.37016129,0.0,0.085,0.5731143159121554
2025-12-22 02:00:00,1.6399410198028948,0.0,0.0,1.6399410198028948,0.37016129,0.0,0.082,0.607042683414155
2025-12-22 03:00:00,1.649850028985994,0.0,0.0,1.649850028985994,0.37016129,0.0,0.082,0.6107106150359929
2025-12-22 04:00:00,1.7514173731127594,0.0,0.0,1.7514173731127594,0.37016129,0.0,0.085,0.6483069141598303
2025-12-22 05:00:00,1.5903959738873996,0.0,0.0,1.5903959738873996,0.37016129,0.0,0.089,0.5887030253049661
2025-12-22 06:00:00,1.8529847172395248,0.0,0.0,1.8529847172395248,0.37016129,0.0,0.09,0.6859032132836678
2025-12-22 07:00:00,1.766280886887408,0.0,0.0,1.766280886887408,0.37016129,0.0,0.083,0.653808811592587
2025-12-22 08:00:00,0.9562193861690595,1.6819849999999998,0.7257656138309403,0.0,0.37016129,0.0,0.074,0.0
2025-12-22 09:00:00,0.411223881098611,3.116482,3.431023732732329,0.0,0.37016129,0.0,0.069,0.0
2025-12-22 10:00:00,0.411223881098611,3.980758,7.000557851633718,0.0,0.37016129,0.0,0.069,0.0
2025-12-22 11:00:00,0.4528091575594098,4.432065,10.979813694074307,0.0,0.37016129,0.0,0.063,0.0
2025-12-22 12:00:00,0.5345584833199772,4.453624,13.5,0.0,0.37016129,3.919065516680022,0.063,-0.2469011275508414
2025-12-22 13:00:00,0.6534665935171661,4.098115,13.5,0.0,0.37016129,3.444648406482834,0.061,-0.21012355279545286
2025-12-22 14:00:00,1.1742175881972388,3.315135,13.5,0.0,0.37016129,2.1409174118027616,0.062,-0.1327368795317712
2025-12-22 15:00:00,0.8571292943380688,2.0913150000000003,13.5,0.0,0.38016129,1.2341857056619314,0.069,-0.08515881369067327
2025-12-22 16:00:00,0.3170882938591698,0.347883,13.5,0.0,0.40016129,0.030794706140830186,0.091,-0.002802318258815547
2025-12-22 17:00:00,1.2532149805652202,0.0,12.24678501943478,0.0,0.40016129,0.0,0.095,0.0
2025-12-22 18:00:00,2.021163192255398,0.0,10.22562182717938,0.0,0.40016129,0.0,0.091,0.0
2025-12-22 19:00:00,0.6292220831267904,0.0,9.59639974405259,0.0,0.40016129,0.0,0.089,0.0
2025-12-22 20:00:00,0.7134486611831324,0.0,8.882951082869457,0.0,0.40016129,0.0,0.088,0.0
2025-12-22 21:00:00,1.005764432084555,0.0,7.877186650784902,0.0,0.38016129,0.0,0.09,0.0
2025-12-22 22:00:00,1.0875137578451222,0.0,6.78967289293978,0.0,0.38016129,0.0,0.09,0.0
2025-12-22 23:00:00,1.0627412348873746,0.0,5.726931658052406,0.0,0.38016129,0.0,0.091,0.0
2025-12-23 00:00:00,1.2088991203380857,0.0,4.51803253771432,0.0,0.37016129,0.0,0.089,0.0
2025-12-23 01:00:00,1.3228527259437248,0.0,3.195179811770595,0.0,0.37016129,0.0,0.085,0.0
2025-12-23 02:00:00,1.1543995698310408,0.0,2.0407802419395544,0.0,0.37016129,0.0,0.082,0.0
2025-12-23 03:00:00,1.2386261478873828,0.0,0.8021540940521716,0.0,0.37016129,0.0,0.082,0.0
2025-12-23 04:00:00,1.3401934920141485,0.0,0.0,0.5380393979619769,0.37016129,0.0,0.085,0.19916135762042872
2025-12-23 05:00:00,1.2534896616620312,0.0,0.0,1.2534896616620312,0.37016129,0.0,0.089,0.463993350162481
2025-12-23 06:00:00,1.4615788545071118,0.0,0.0,1.4615788545071118,0.37016129,0.0,0.09,0.5410199142210748
2025-12-23 07:00:00,1.416988313183166,0.0,0.0,1.416988313183166,0.37016129,0.0,0.083,0.5245142219228047
2025-12-23 08:00:00,0.6936306428169343,1.519213,0.8255823571830656,0.0,0.37016129,0.0,0.074,0.0
2025-12-23 09:00:00,0.485541449971854,2.773855,3.113895907211212,0.0,0.37016129,0.0,0.069,0.0
2025-12-23 10:00:00,0.2378162203943774,2.803082,5.679161686816834,0.0,0.37016129,0.0,0.069,0.0
2025-12-23 11:00:00,0.4899679419960313,2.973058,8.162251744820804,0.0,0.37016129,0.0,0.063,0.0
2025-12-23 12:00:00,0.4503319052636352,4.029308,11.741227839557167,0.0,0.37016129,0.0,0.063,0.0
2025-12-23 13:00:00,0.4329911391932117,3.698612,13.5,0.0,0.37016129,3.2656208608067883,0.061,-0.1992028725092141
2025-12-23 14:00:00,0.1486351377464856,2.2861979999999997,13.5,0.0,0.37016129,2.1375628622535143,0.062,-0.13252889745971788
2025-12-23 15:00:00,0.1511123900422604,1.808997,13.5,0.0,0.38016129,1.6578846099577396,0.069,-0.11439403808708404
2025-12-23 16:00:00,0.1932256790704316,0.274351,13.5,0.0,0.40016129,0.08112532092956842,0.091,-0.007382404204590727
2025-12-23 17:00:00,1.2705557466356434,0.0,12.229444253364356,0.0,0.40016129,0.0,0.095,0.0
2025-12-23 18:00:00,2.3209107200441443,0.0,9.908533533320211,0.0,0.40016129,0.0,0.091,0.0
2025-12-23 19:00:00,0.5425182527746735,0.0,9.366015280545538,0.0,0.40016129,0.0,0.089,0.0
2025-12-23 20:00:00,0.9438331246901857,0.0,8.422182155855353,0.0,0.40016129,0.0,0.088,0.0
2025-12-23 21:00:00,0.931446863211312,0.0,7.490735292644041,0.0,0.38016129,0.0,0.09,0.0
2025-12-23 22:00:00,1.0305369550423027,0.0,6.460198337601739,0.0,0.38016129,0.0,0.09,0.0
2025-12-23 23:00:00,0.9215378540282128,0.0,5.538660483573526,0.0,0.38016129,0.0,0.091,0.0
2025-12-24 00:00:00,1.1573722725859703,0.0,4.381288210987556,0.0,0.37016129,0.0,0.089,0.0
2025-12-24 01:00:00,1.1078272266704752,0.0,3.2734609843170808,0.0,0.37016129,0.0,0.085,0.0
2025-12-24 02:00:00,1.2742985809465392,0.0,1.9991624033705415,0.0,0.37016129,0.0,0.082,0.0
2025-12-24 03:00:00,1.224753535031044,0.0,0.7744088683394976,0.0,0.37016129,0.0,0.082,0.0
2025-12-24 04:00:00,1.2188081295211846,0.0,0.0,0.44439926118168693,0.37016129,0.0,0.085,0.16449940379406014
2025-12-24 05:00:00,1.248535157070482,0.0,0.0,1.248535157070482,0.37016129,0.0,0.089,0.4621593843515622
2025-12-24 06:00:00,1.343661645228233,0.0,0.0,1.343661645228233,0.37016129,0.0,0.09,0.49737152792120504
2025-12-24 07:00:00,1.1970083093183668,0.0,0.0,1.1970083093183668,0.37016129,0.0,0.083,0.44308613991800566
2025-12-24 08:00:00,0.8640656007662383,0.645573,0.0,0.21849260076623833,0.37016129,0.0,0.074,0.08087750295508576
2025-12-24 09:00:00,0.7867753291380655,0.8390080000000001,0.0522326708619346,0.0,0.37016129,0.0,0.069,0.0
2025-12-24 10:00:00,2.846977306907068,2.224455,0.0,0.5702896360451336,0.37016129,0.0,0.069,0.21109914735209714
2025-12-24 11:00:00,3.3126012423408744,2.105361,0.0,1.2072402423408746,0.37016129,0.0,0.063,0.4468736054448107
2025-12-24 12:00:00,3.0906394366394556,1.732145,0.0,1.3584944366394556,0.37016129,0.0,0.063,0.5028620531242841
2025-12-24 13:00:00,3.025239976031002,0.88716,0.0,2.138079976031002,0.37016129,0.0,0.061,0.7914344420508047
2025-12-24 14:00:00,2.5754704552901537,0.373547,0.0,2.201923455290154,0.37016129,0.0,0.062,0.8150668266914606
2025-12-24 15:00:00,0.4637416297690361,1.412216,0.9484743702309638,0.0,0.38016129,0.0,0.069,0.0
2025-12-24 16:00:00,0.6103949656789022,0.01985,0.3579294045520617,0.0,0.40016129,0.0,0.091,0.0
2025-12-24 17:00:00,2.0459393083383643,0.0,0.0,1.6880099037863028,0.40016129,0.0,0.095,0.6754762206319028
2025-12-24 18:00:00,2.9773861715496768,0.0,0.0,2.9773861715496768,0.40016129,0.0,0.091,1.19143469123548
2025-12-24 19:00:00,0.5628317216000266,0.0,0.0,0.5628317216000266,0.40016129,0.0,0.089,0.2252234677683875
2025-12-24 20:00:00,0.4221237912000199,0.0,0.0,0.4221237912000199,0.40016129,0.0,0.088,0.16891760082629062
2025-12-24 21:00:00,0.505359468338052,0.0,0.0,0.505359468338052,0.38016129,0.0,0.09,0.192118107397108
2025-12-24 22:00:00,0.7015578501634135,0.0,0.0,0.7015578501634135,0.38016129,0.0,0.09,0.26670513732775
2025-12-24 23:00:00,1.048373171571881,0.0,0.0,1.048373171571881,0.38016129,0.0,0.091,0.39855089730615756
2025-12-25 00:00:00,1.0325187568789225,0.0,0.0,1.0325187568789225,0.37016129,0.0,0.089,0.3821984749954983
2025-12-25 01:00:00,1.2088991203380854,0.0,0.0,1.2088991203380854,0.37016129,0.0,0.085,0.4474876578642109
2025-12-25 02:00:00,1.1058454248338554,0.0,0.0,1.1058454248338554,0.37016129,0.0,0.082,0.40934116899709794
2025-12-25 03:00:00,1.1216998395268138,0.0,0.0,1.1216998395268138,0.37016129,0.0,0.082,0.4152098595920384
2025-12-25 04:00:00,1.1296270468732932,0.0,0.0,1.1296270468732932,0.37016129,0.0,0.085,0.41814420488950865
2025-12-25 05:00:00,1.3218618250254148,0.0,0.0,1.3218618250254148,0.37016129,0.0,0.089,0.4893020783531618
2025-12-25 06:00:00,1.2247535350310443,0.0,0.0,1.2247535350310443,0.37016129,0.0,0.09,0.4533563484591515
2025-12-25 07:00:00,1.26637137360006,0.0,0.0,1.26637137360006,0.37016129,0.0,0.083,0.4687616612708701
2025-12-25 08:00:00,0.6103949656789021,0.182292,0.0,0.42810296567890205,0.37016129,0.0,0.074,0.1584671460285281
2025-12-25 09:00:00,0.4558144224225568,1.330799,0.8749845775774432,0.0,0.37016129,0.0,0.069,0.0
2025-12-25 10:00:00,0.4795960444619944,2.55054,2.945928533115449,0.0,0.37016129,0.0,0.069,0.0
2025-12-25 11:00:00,1.0083891973556534,1.400374,3.337913335759795,0.0,0.37016129,0.0,0.063,0.0
2025-12-25 12:00:00,1.0282072157218514,1.738727,4.048433120037944,0.0,0.37016129,0.0,0.063,0.0
2025-12-25 13:00:00,0.7349005439021192,2.7841579999999997,6.097690576135824,0.0,0.37016129,0.0,0.061,0.0
2025-12-25 14:00:00,0.2338526167211377,2.3878209999999997,8.251658959414687,0.0,0.37016129,0.0,0.062,0.0
2025-12-25 15:00:00,0.2853794644732529,0.048964,8.015243494941434,0.0,0.38016129,0.0,0.069,0.0
2025-12-25 16:00:00,0.4597780260957963,0.0,7.555465468845637,0.0,0.40016129,0.0,0.091,0.0
2025-12-25 17:00:00,1.7245009765720831,0.0,5.830964492273553,0.0,0.40016129,0.0,0.095,0.0
2025-12-25 18:00:00,2.877909645484814,0.0,2.9530548467887394,0.0,0.40016129,0.0,0.091,0.0
2025-12-25 19:00:00,0.5925587491493239,0.0,2.3604960976394156,0.0,0.40016129,0.0,0.089,0.0
2025-12-25 20:00:00,0.4439236114028378,0.0,1.9165724862365776,0.0,0.40016129,0.0,0.088,0.0
2025-12-25 21:00:00,0.4815778462986143,0.0,1.4349946399379636,0.0,0.38016129,0.0,0.09,0.0
2025-12-25 22:00:00,0.6421037950648191,0.0,0.7928908448731445,0.0,0.38016129,0.0,0.09,0.0
2025-12-25 23:00:00,0.6817398317972154,0.0,0.1111510130759291,0.0,0.38016129,0.0,0.091,0.0
2025-12-26 00:00:00,0.5925587491493238,0.0,0.0,0.4814077360733947,0.37016129,0.0,0.089,0.1781985086009073
2025-12-26 01:00:00,0.7927207346479249,0.0,0.0,0.7927207346479249,0.37016129,0.0,0.085,0.29343452974702355
2025-12-26 02:00:00,0.6064313620056625,0.0,0.0,0.6064313620056625,0.37016129,0.0,0.082,0.224477415256473
2025-12-26 03:00:00,0.8145205548507428,0.0,0.0,0.8145205548507428,0.37016129,0.0,0.082,0.3015039793150667
2025-12-26 04:00:00,0.8085751493408835,0.0,0.0,0.8085751493408835,0.37016129,0.0,0.085,0.29930322034196405
2025-12-26 05:00:00,0.8283931677070815,0.0,0.0,0.8283931677070815,0.37016129,0.0,0.089,0.3066390835856396
2025-12-26 06:00:00,0.919556052191593,0.0,0.0,0.919556052191593,0.37016129,0.0,0.09,0.34038405450654735
2025-12-26 07:00:00,1.0483731715718807,0.0,0.0,1.0483731715718807,0.37016129,0.0,0.083,0.3880671655904387
2025-12-26 08:00:00,1.034500558715542,0.038166,0.0,0.996334558715542,0.37016129,0.0,0.074,0.36880448552572576
2025-12-26 09:00:00,0.6579582097577776,0.134374,0.0,0.5235842097577776,0.37016129,0.0,0.069,0.19381060650756954
2025-12-26 10:00:00,2.9163403711887614,0.318847,0.0,2.5974933711887616,0.37016129,0.0,0.069,0.9614914970456807
2025-12-26 11:00:00,3.653941093352681,1.3070350000000002,0.0,2.346906093352681,0.37016129,0.0,0.063,0.8687337870242887
2025-12-26 12:00:00,3.0316553166540596,0.431959,0.0,2.5996963166540596,0.37016129,0.0,0.063,0.9623069421809152
2025-12-26 13:00:00,3.101018380935753,0.3406619999999999,0.0,2.760356380935753,0.37016129,0.0,0.061,1.0217770788269096
2025-12-26 14:00:00,2.7062693765070613,0.232155,0.0,2.4741143765070612,0.37016129,0.0,0.062,0.9158213692153995
2025-12-26 15:00:00,0.4260873948732596,0.096334,0.0,0.3297533948732596,0.38016129,0.0,0.069,0.12535947597689776
2025-12-26 16:00:00,0.537068297723969,0.0,0.0,0.537068297723969,0.40016129,0.0,0.091,0.2149139428353275
2025-12-26 17:00:00,2.3867994272783455,0.0,0.0,2.3867994272783455,0.40016129,0.0,0.095,0.9551047377909639
2025-12-26 18:00:00,2.751450965216391,0.0,0.0,2.751450965216391,0.40016129,0.0,0.091,1.1010241676127361
2025-12-26 19:00:00,1.046391369735261,0.0,0.0,1.046391369735261,0.40016129,0.0,0.089,0.418725320358129
2025-12-26 20:00:00,0.6024677583324228,0.0,0.0,0.6024677583324228,0.40016129,0.0,0.088,0.24108427535771057
2025-12-26 21:00:00,0.7193940666929919,0.0,0.0,0.7193940666929919,0.38016129,0.0,0.09,0.27348577641235383
2025-12-26 22:00:00,0.6658854171042569,0.0,0.0,0.6658854171042569,0.38016129,0.0,0.09,0.2531438591585423
2025-12-26 23:00:00,0.9056834393352544,0.0,0.0,0.9056834393352544,0.38016129,0.0,0.091,0.34430578462932704
2025-12-27 00:00:00,0.876947312704267,0.0,0.0,0.876947312704267,0.37016129,0.0,0.089,0.3246119485326448
2025-12-27 01:00:00,1.089991010140897,0.0,0.0,1.089991010140897,0.37016129,0.0,0.085,0.40347247840215744
2025-12-27 02:00:00,1.1172407853944193,0.0,0.0,1.1172407853944193,0.37016129,0.0,0.082,0.4135592903622114
2025-12-27 03:00:00,1.2262398864085091,0.0,0.0,1.2262398864085091,0.37016129,0.0,0.082,0.45390653820242716
2025-12-27 04:00:00,1.174217588197239,0.0,0.0,1.174217588197239,0.37016129,0.0,0.085,0.43464989718777874
2025-12-27 05:00:00,1.26835317543668,0.0,0.0,1.26835317543668,0.37016129,0.0,0.089,0.4694952475952377
2025-12-27 06:00:00,1.3030347075775266,0.0,0.0,1.3030347075775266,0.37016129,0.0,0.09,0.48233300827166997
2025-12-27 07:00:00,1.2336716432958332,0.0,0.0,1.2336716432958332,0.37016129,0.0,0.083,0.4566574869188055
2025-12-27 08:00:00,1.0701729917746987,1.33413,0.2639570082253013,0.0,0.37016129,0.0,0.074,0.0
2025-12-27 09:00:00,1.1370588037606175,2.769225,1.896123204464684,0.0,0.37016129,0.0,0.069,0.0
2025-12-27 10:00:00,2.911881317056367,3.758001,2.7422428874083167,0.0,0.37016129,0.0,0.069,0.0
2025-12-27 11:00:00,3.145608922259699,4.313962999999999,3.910596965148617,0.0,0.37016129,0.0,0.063,0.0
2025-12-27 12:00:00,2.729430536569538,4.4667330000000005,5.64789942857908,0.0,0.37016129,0.0,0.063,0.0
2025-12-27 13:00:00,2.8037481054427813,4.110215,6.954366323136298,0.0,0.37016129,0.0,0.061,0.0
2025-12-27 14:00:00,2.4709304084084587,3.356248,7.839683914727839,0.0,0.37016129,0.0,0.062,0.0
2025-12-27 15:00:00,0.1783621652957829,2.163325,9.824646749432056,0.0,0.38016129,0.0,0.069,0.0
2025-12-27 16:00:00,0.6738126244507361,0.410682,9.56151612498132,0.0,0.40016129,0.0,0.091,0.0
2025-12-27 17:00:00,2.210914514278337,0.0,7.350601610702982,0.0,0.40016129,0.0,0.095,0.0
2025-12-27 18:00:00,2.3892766795741203,0.0,4.961324931128861,0.0,0.40016129,0.0,0.091,0.0
2025-12-27 19:00:00,0.4904959545634034,0.0,4.470828976565458,0.0,0.40016129,0.0,0.089,0.0
2025-12-27 20:00:00,0.5449955050704482,0.0,3.9258334714950096,0.0,0.40016129,0.0,0.088,0.0
2025-12-27 21:00:00,0.8298795190845464,0.0,3.095953952410463,0.0,0.38016129,0.0,0.09,0.0
2025-12-27 22:00:00,1.16430857901414,0.0,1.931645373396323,0.0,0.38016129,0.0,0.09,0.0
2025-12-27 23:00:00,0.8274022667887718,0.0,1.104243106607551,0.0,0.38016129,0.0,0.091,0.0
2025-12-28 00:00:00,0.9809919091268072,0.0,0.1232511974807438,0.0,0.37016129,0.0,0.089,0.0
2025-12-28 01:00:00,0.958696638464834,0.0,0.0,0.8354454409840902,0.37016129,0.0,0.085,0.30924956215928967
2025-12-28 02:00:00,0.95126488157751,0.0,0.0,0.95126488157751,0.37016129,0.0,0.082,0.3521214356964283
2025-12-28 03:00:00,1.0751274963662485,0.0,0.0,1.0751274963662485,0.37016129,0.0,0.082,0.39797058096940086
2025-12-28 04:00:00,1.089991010140897,0.0,0.0,1.089991010140897,0.37016129,0.0,0.085,0.40347247840215744
2025-12-28 05:00:00,1.151922317535266,0.0,0.0,1.151922317535266,0.37016129,0.0,0.089,0.42639705103864367
2025-12-28 06:00:00,1.2188081295211848,0.0,0.0,1.2188081295211848,0.37016129,0.0,0.09,0.45115558948604884
2025-12-28 07:00:00,1.1791720927887883,0.0,0.0,1.1791720927887883,0.37016129,0.0,0.083,0.43648386299869757
2025-12-28 08:00:00,1.1766948404930138,1.737575,0.5608801595069863,0.0,0.37016129,0.0,0.074,0.0
2025-12-28 09:00:00,0.6787671290422856,3.220551,3.102664030464701,0.0,0.37016129,0.0,0.069,0.0
2025-12-28 10:00:00,2.87224528032397,4.136441,4.36685975014073,0.0,0.37016129,0.0,0.069,0.0
2025-12-28 11:00:00,3.219153692445021,4.623399,5.771105057695709,0.0,0.37016129,0.0,0.063,0.0
2025-12-28 12:00:00,3.719558656191523,4.671641999999999,6.723188401504185,0.0,0.37016129,0.0,0.063,0.0
2025-12-28 13:00:00,2.9887692289379677,4.3049,8.039319172566216,0.0,0.37016129,0.0,0.061,0.0
2025-12-28 14:00:00,2.7186556379859352,3.522304,8.842967534580282,0.0,0.37016129,0.0,0.062,0.0
2025-12-28 15:00:00,0.4682006839014306,2.287216,10.661982850678852,0.0,0.38016129,0.0,0.069,0.0
2025-12-28 16:00:00,0.6292220831267904,0.502412,10.535172767552062,0.0,0.40016129,0.0,0.091,0.0
2025-12-28 17:00:00,1.7669722913752768,0.0,8.768200476176785,0.0,0.40016129,0.0,0.095,0.0
2025-12-28 18:00:00,3.0724842512485786,0.0,5.695716224928207,0.0,0.40016129,0.0,0.091,0.0
2025-12-28 19:00:00,1.2460579047747071,0.0,4.4496583201535,0.0,0.40016129,0.0,0.089,0.0
2025-12-28 20:00:00,1.0875137578451222,0.0,3.3621445623083774,0.0,0.40016129,0.0,0.088,0.0
2025-12-28 21:00:00,1.174217588197239,0.0,2.1879269741111385,0.0,0.38016129,0.0,0.09,0.0
2025-12-28 22:00:00,1.194035606563437,0.0,0.9938913675477016,0.0,0.38016129,0.0,0.09,0.0
2025-12-28 23:00:00,1.2534896616620317,0.0,0.0,0.2595982941143301,0.38016129,0.0,0.091,0.09868922237230314
2025-12-29 00:00:00,1.5953504784789492,0.0,0.0,1.5953504784789492,0.37016129,0.0,0.089,0.590536991115885
2025-12-29 01:00:00,1.5482826848592284,0.0,0.0,1.5482826848592284,0.37016129,0.0,0.085,0.5731143159121554
2025-12-29 02:00:00,1.6399410198028948,0.0,0.0,1.6399410198028948,0.37016129,0.0,0.082,0.607042683414155
2025-12-29 03:00:00,1.649850028985994,0.0,0.0,1.649850028985994,0.37016129,0.0,0.082,0.6107106150359929
2025-12-29 04:00:00,1.7514173731127594,0.0,0.0,1.7514173731127594,0.37016129,0.0,0.085,0.6483069141598303
2025-12-29 05:00:00,1.5903959738873996,0.0,0.0,1.5903959738873996,0.37016129,0.0,0.089,0.5887030253049661
2025-12-29 06:00:00,1.8529847172395248,0.0,0.0,1.8529847172395248,0.37016129,0.0,0.09,0.6859032132836678
2025-12-29 07:00:00,1.766280886887408,0.0,0.0,1.766280886887408,0.37016129,0.0,0.083,0.653808811592587
2025-12-29 08:00:00,0.9562193861690595,0.828825,0.0,0.12739438616905951,0.37016129,0.0,0.074,0.04715647032309723
2025-12-29 09:00:00,0.411223881098611,2.147542,1.736318118901389,0.0,0.37016129,0.0,0.069,0.0
2025-12-29 10:00:00,0.411223881098611,3.207756,4.532850237802778,0.0,0.37016129,0.0,0.069,0.0
2025-12-29 11:00:00,0.4528091575594098,3.049305,7.129346080243368,0.0,0.37016129,0.0,0.063,0.0
2025-12-29 12:00:00,0.5345584833199772,3.747425,10.342212596923392,0.0,0.37016129,0.0,0.063,0.0
2025-12-29 13:00:00,0.6534665935171661,3.5372719999999997,13.226018003406226,0.0,0.37016129,0.0,0.061,0.0
2025-12-29 14:00:00,1.1742175881972388,2.4039650000000004,13.5,0.0,0.37016129,1.2297474118027616,0.062,-0.07624433953177122
2025-12-29 15:00:00,0.8571292943380688,0.824476,13.467346705661932,0.0,0.38016129,0.0,0.069,0.0
2025-12-29 16:00:00,0.3170882938591698,0.516753,13.5,0.0,0.40016129,0.1996647061408302,0.091,-0.01816948825881555
2025-12-29 17:00:00,1.2532149805652202,0.0,12.24678501943478,0.0,0.40016129,0.0,0.095,0.0
2025-12-29 18:00:00,2.021163192255398,0.0,10.22562182717938,0.0,0.40016129,0.0,0.091,0.0
2025-12-29 19:00:00,0.6292220831267904,0.0,9.59639974405259,0.0,0.40016129,0.0,0.089,0.0
2025-12-29 20:00:00,0.7134486611831324,0.0,8.882951082869457,0.0,0.40016129,0.0,0.088,0.0
2025-12-29 21:00:00,1.005764432084555,0.0,7.877186650784902,0.0,0.38016129,0.0,0.09,0.0
2025-12-29 22:00:00,1.0875137578451222,0.0,6.78967289293978,0.0,0.38016129,0.0,0.09,0.0
2025-12-29 23:00:00,1.0627412348873746,0.0,5.726931658052406,0.0,0.38016129,0.0,0.091,0.0
2025-12-30 00:00:00,1.2088991203380857,0.0,4.51803253771432,0.0,0.37016129,0.0,0.089,0.0
2025-12-30 01:00:00,1.3228527259437248,0.0,3.195179811770595,0.0,0.37016129,0.0,0.085,0.0
2025-12-30 02:00:00,1.1543995698310408,0.0,2.0407802419395544,0.0,0.37016129,0.0,0.082,0.0
2025-12-30 03:00:00,1.2386261478873828,0.0,0.8021540940521716,0.0,0.37016129,0.0,0.082,0.0
2025-12-30 04:00:00,1.3401934920141485,0.0,0.0,0.5380393979619769,0.37016129,0.0,0.085,0.19916135762042872
2025-12-30 05:00:00,1.2534896616620312,0.0,0.0,1.2534896616620312,0.37016129,0.0,0.089,0.463993350162481
2025-12-30 06:00:00,1.4615788545071118,0.0,0.0,1.4615788545071118,0.37016129,0.0,0.09,0.5410199142210748
2025-12-30 07:00:00,1.416988313183166,0.0,0.0,1.416988313183166,0.37016129,0.0,0.083,0.5245142219228047
2025-12-30 08:00:00,0.6936306428169343,1.546811,0.8531803571830656,0.0,0.37016129,0.0,0.074,0.0
2025-12-30 09:00:00,0.485541449971854,2.9223809999999997,3.290019907211211,0.0,0.37016129,0.0,0.069,0.0
2025-12-30 10:00:00,0.2378162203943774,3.752696,6.804899686816833,0.0,0.37016129,0.0,0.069,0.0
2025-12-30 11:00:00,0.4899679419960313,4.211024,10.525955744820802,0.0,0.37016129,0.0,0.063,0.0
2025-12-30 12:00:00,0.4503319052636352,4.258614,13.5,0.0,0.37016129,3.8082820947363647,0.063,-0.23992177196839098
2025-12-30 13:00:00,0.4329911391932117,3.86822,13.5,0.0,0.37016129,3.4352288608067885,0.061,-0.2095489605092141
2025-12-30 14:00:00,0.1486351377464856,3.15279,13.5,0.0,0.37016129,3.0041548622535146,0.062,-0.1862576014597179
2025-12-30 15:00:00,0.1511123900422604,2.011851,13.5,0.0,0.38016129,1.8607386099577397,0.069,-0.12839096408708406
2025-12-30 16:00:00,0.1932256790704316,0.2053259999999999,13.5,0.0,0.40016129,0.012100320929568309,0.091,-0.001101129204590716
2025-12-30 17:00:00,1.2705557466356434,0.0,12.229444253364356,0.0,0.40016129,0.0,0.095,0.0
2025-12-30 18:00:00,2.3209107200441443,0.0,9.908533533320211,0.0,0.40016129,0.0,0.091,0.0
2025-12-30 19:00:00,0.5425182527746735,0.0,9.366015280545538,0.0,0.40016129,0.0,0.089,0.0
2025-12-30 20:00:00,0.9438331246901857,0.0,8.422182155855353,0.0,0.40016129,0.0,0.088,0.0
2025-12-30 21:00:00,0.931446863211312,0.0,7.490735292644041,0.0,0.38016129,0.0,0.09,0.0
2025-12-30 22:00:00,1.0305369550423027,0.0,6.460198337601739,0.0,0.38016129,0.0,0.09,0.0
2025-12-30 23:00:00,0.9215378540282128,0.0,5.538660483573526,0.0,0.38016129,0.0,0.091,0.0
2025-12-31 00:00:00,1.1573722725859703,0.0,4.381288210987556,0.0,0.37016129,0.0,0.089,0.0
2025-12-31 01:00:00,1.1078272266704752,0.0,3.2734609843170808,0.0,0.37016129,0.0,0.085,0.0
2025-12-31 02:00:00,1.2742985809465392,0.0,1.9991624033705415,0.0,0.37016129,0.0,0.082,0.0
2025-12-31 03:00:00,1.224753535031044,0.0,0.7744088683394976,0.0,0.37016129,0.0,0.082,0.0
2025-12-31 04:00:00,1.2188081295211846,0.0,0.0,0.44439926118168693,0.37016129,0.0,0.085,0.16449940379406014
2025-12-31 05:00:00,1.248535157070482,0.0,0.0,1.248535157070482,0.37016129,0.0,0.089,0.4621593843515622
2025-12-31 06:00:00,1.343661645228233,0.0,0.0,1.343661645228233,0.37016129,0.0,0.09,0.49737152792120504
2025-12-31 07:00:00,1.1970083093183668,0.0,0.0,1.1970083093183668,0.37016129,0.0,0.083,0.44308613991800566
2025-12-31 08:00:00,0.8640656007662383,0.267076,0.0,0.5969896007662383,0.37016129,0.0,0.074,0.22098244073621576
2025-12-31 09:00:00,0.7867753291380655,0.99502,0.2082446708619345,0.0,0.37016129,0.0,0.069,0.0
2025-12-31 10:00:00,2.846977306907068,0.715626,0.0,1.9231066360451337,0.37016129,0.0,0.069,0.7118596332060271
2025-12-31 11:00:00,3.3126012423408744,0.708474,0.0,2.6041272423408746,0.37016129,0.0,0.063,0.9639470993490407
2025-12-31 12:00:00,3.0906394366394556,0.685846,0.0,2.404793436639456,0.37016129,0.0,0.063,0.8901614406899941
2025-12-31 13:00:00,3.025239976031002,0.636335,0.0,2.388904976031002,0.37016129,0.0,0.061,0.8842801476150547
2025-12-31 14:00:00,2.5754704552901537,0.344141,0.0,2.2313294552901537,0.37016129,0.0,0.062,0.8259517895852005
2025-12-31 15:00:00,0.4637416297690361,0.18384,0.0,0.2799016297690361,0.38016129,0.0,0.069,0.10640776464609916
2025-12-31 16:00:00,0.6103949656789022,0.040472,0.0,0.5699229656789022,0.40016129,0.0,0.091,0.22806110914669525
2025-12-31 17:00:00,2.0459393083383643,0.0,0.0,2.0459393083383643,0.40016129,0.0,0.095,0.8187057128863876
2025-12-31 18:00:00,2.9773861715496768,0.0,0.0,2.9773861715496768,0.40016129,0.0,0.091,1.19143469123548
2025-12-31 19:00:00,0.5628317216000266,0.0,0.0,0.5628317216000266,0.40016129,0.0,0.089,0.2252234677683875
2025-12-31 20:00:00,0.4221237912000199,0.0,0.0,0.4221237912000199,0.40016129,0.0,0.088,0.16891760082629062
2025-12-31 21:00:00,0.505359468338052,0.0,0.0,0.505359468338052,0.38016129,0.0,0.09,0.192118107397108
2025-12-31 22:00:00,0.7015578501634135,0.0,0.0,0.7015578501634135,0.38016129,0.0,0.09,0.26670513732775
2025-12-31 23:00:00,1.048373171571881,0.0,0.0,1.048373171571881,0.38016129,0.0,0.091,0.39855089730615756
2025-12-31 23:59:59,0.1,0.0,0.0,0.1,150.0,0.0,0.0,15.0
