timestamp,base_kwh,water_heat_kwh,ev_charge_kwh,total_demand_kwh,generation_kwh,battery_soc_kwh,battery_charge_kwh,battery_discharge_kwh,grid_import_kwh,grid_export_kwh
2025-01-01 00:00:00,1.46,0.0,0.0,1.46,0.0,12.04,0.0,1.46,0.0,0.0
2025-01-01 01:00:00,0.95,0.0,0.0,0.95,0.0,11.09,0.0,0.95,0.0,0.0
2025-01-01 02:00:00,1.24,0.0,0.0,1.24,0.0,9.85,0.0,1.24,0.0,0.0
2025-01-01 03:00:00,1.52,0.0,0.0,1.52,0.0,8.33,0.0,1.52,0.0,0.0
2025-01-01 04:00:00,1.4,0.0,0.0,1.4,0.0,6.93,0.0,1.4,0.0,0.0
2025-01-01 05:00:00,1.5,0.0,0.0,1.5,0.0,5.43,0.0,1.5,0.0,0.0
2025-01-01 06:00:00,1.26,0.0,0.0,1.26,0.0,4.17,0.0,1.26,0.0,0.0
2025-01-01 07:00:00,1.0,0.0,0.0,1.0,0.0,3.17,0.0,1.0,0.0,0.0
2025-01-01 08:00:00,1.09,0.0,0.0,1.09,1.967031,4.047031,0.8770309999999999,0.0,0.0,0.0
2025-01-01 09:00:00,1.51,0.0,0.0,1.51,0.046551,2.583582,0.0,1.463449,0.0,0.0
2025-01-01 10:00:00,1.39,0.0,0.0,1.39,1.920455,3.1140369999999997,0.5304550000000001,0.0,0.0,0.0
2025-01-01 11:00:00,1.52,1.8571692307692311,0.0,3.377169230769231,4.846743999999999,4.583611769230767,1.4695747692307681,0.0,0.0,0.0
2025-01-01 12:00:00,0.77,1.8571692307692311,0.0,2.627169230769231,4.710872,6.667314538461536,2.083702769230769,0.0,0.0,0.0
2025-01-01 13:00:00,0.8400000000000001,1.8571692307692311,0.0,2.697169230769231,2.198774,6.168919307692304,0.0,0.4983952307692312,0.0,0.0
2025-01-01 14:00:00,0.55,0.0,0.0,0.55,2.111025,7.729944307692304,1.561025,0.0,0.0,0.0
2025-01-01 15:00:00,1.54,0.0,0.0,1.54,1.832744,8.022688307692304,0.2927439999999999,0.0,0.0,0.0
2025-01-01 16:00:00,2.02,0.0,0.0,2.02,0.31493,6.317618307692304,0.0,1.70507,0.0,0.0
2025-01-01 17:00:00,2.13,0.0,0.0,2.13,0.0,4.187618307692304,0.0,2.13,0.0,0.0
2025-01-01 18:00:00,2.37,0.0,0.0,2.37,0.0,1.817618307692304,0.0,2.37,0.0,0.0
2025-01-01 19:00:00,0.48,0.0,0.0,0.48,0.0,1.337618307692304,0.0,0.48,0.0,0.0
2025-01-01 20:00:00,0.29,0.0,0.0,0.29,0.0,1.047618307692304,0.0,0.29,0.0,0.0
2025-01-01 21:00:00,0.25,0.0,0.0,0.25,0.0,0.797618307692304,0.0,0.25,0.0,0.0
2025-01-01 22:00:00,0.41,0.0,0.0,0.41,0.0,0.38761830769230404,0.0,0.41,0.0,0.0
2025-01-01 23:00:00,0.75,0.0,0.0,0.75,0.0,0.0,0.0,0.38761830769230404,0.36238169230769596,0.0
2025-01-02 00:00:00,0.86,0.0,0.0,0.86,0.0,0.0,0.0,0.0,0.86,0.0
2025-01-02 01:00:00,1.36,0.0,0.0,1.36,0.0,0.0,0.0,0.0,1.36,0.0
2025-01-02 02:00:00,1.06,0.0,0.0,1.06,0.0,0.0,0.0,0.0,1.06,0.0
2025-01-02 03:00:00,1.06,0.0,0.0,1.06,0.0,0.0,0.0,0.0,1.06,0.0
2025-01-02 04:00:00,1.07,0.0,0.0,1.07,0.0,0.0,0.0,0.0,1.07,0.0
2025-01-02 05:00:00,1.12,0.0,0.0,1.12,0.0,0.0,0.0,0.0,1.12,0.0
2025-01-02 06:00:00,1.39,0.0,0.0,1.39,0.0,0.0,0.0,0.0,1.39,0.0
2025-01-02 07:00:00,1.3199999999999998,0.0,0.0,1.3199999999999998,0.0,0.0,0.0,0.0,1.3199999999999998,0.0
2025-01-02 08:00:00,0.56,0.0,0.0,0.56,0.0,0.0,0.0,0.0,0.56,0.0
2025-01-02 09:00:00,0.17,0.0,0.0,0.17,0.23748,0.06747999999999998,0.06747999999999998,0.0,0.0,0.0
2025-01-02 10:00:00,0.72,0.0,0.0,0.72,0.124869,0.0,0.0,0.06747999999999998,0.527651,0.0
2025-01-02 11:00:00,0.6499999999999999,0.6190564102564103,0.0,1.2690564102564101,0.891496,0.0,0.0,0.0,0.3775604102564102,0.0
2025-01-02 12:00:00,0.74,0.6190564102564103,0.0,1.3590564102564104,0.629684,0.0,0.0,0.0,0.7293724102564104,0.0
2025-01-02 13:00:00,0.1,0.6190564102564103,0.0,0.7190564102564103,0.9045979999999999,0.18554158974358959,0.18554158974358959,0.0,0.0,0.0
2025-01-02 14:00:00,0.2,0.0,0.0,0.2,0.379685,0.36522658974358957,0.17968499999999998,0.0,0.0,0.0
2025-01-02 15:00:00,0.56,0.0,0.0,0.56,0.37448899999999996,0.17971558974358948,0.0,0.1855110000000001,0.0,0.0
2025-01-02 16:00:00,0.93,0.0,0.0,0.93,0.043142,0.0,0.0,0.17971558974358948,0.7071424102564106,0.0
2025-01-02 17:00:00,0.25,0.0,0.0,0.25,0.0,0.0,0.0,0.0,0.25,0.0
2025-01-02 18:00:00,0.8500000000000001,0.0,0.0,0.8500000000000001,0.0,0.0,0.0,0.0,0.8500000000000001,0.0
2025-01-02 19:00:00,0.96,0.0,0.0,0.96,0.0,0.0,0.0,0.0,0.96,0.0
2025-01-02 20:00:00,0.6000000000000001,0.0,0.0,0.6000000000000001,0.0,0.0,0.0,0.0,0.6000000000000001,0.0
2025-01-02 21:00:00,0.61,0.0,0.0,0.61,0.0,0.0,0.0,0.0,0.61,0.0
2025-01-02 22:00:00,0.76,0.0,0.0,0.76,0.0,0.0,0.0,0.0,0.76,0.0
2025-01-02 23:00:00,0.5499999999999999,0.0,0.0,0.5499999999999999,0.0,0.0,0.0,0.0,0.5499999999999999,0.0
2025-01-03 00:00:00,0.92,0.0,0.0,0.92,0.0,0.0,0.0,0.0,0.92,0.0
2025-01-03 01:00:00,0.92,0.0,0.0,0.92,0.0,0.0,0.0,0.0,0.92,0.0
2025-01-03 02:00:00,0.5700000000000001,0.0,0.0,0.5700000000000001,0.0,0.0,0.0,0.0,0.5700000000000001,0.0
2025-01-03 03:00:00,0.67,0.0,0.0,0.67,0.0,0.0,0.0,0.0,0.67,0.0
2025-01-03 04:00:00,0.91,0.0,0.0,0.91,0.0,0.0,0.0,0.0,0.91,0.0
2025-01-03 05:00:00,0.63,0.0,0.0,0.63,0.0,0.0,0.0,0.0,0.63,0.0
2025-01-03 06:00:00,0.57,0.0,0.0,0.57,0.0,0.0,0.0,0.0,0.57,0.0
2025-01-03 07:00:00,1.39,0.0,0.0,1.39,0.0,0.0,0.0,0.0,1.39,0.0
2025-01-03 08:00:00,1.6,0.0,0.0,1.6,0.020739999999999998,0.0,0.0,0.0,1.57926,0.0
2025-01-03 09:00:00,0.92,0.0,0.0,0.92,1.375786,0.4557859999999999,0.4557859999999999,0.0,0.0,0.0
2025-01-03 10:00:00,0.91,0.0,0.0,0.91,3.2656680000000002,2.811454,2.355668,0.0,0.0,0.0
2025-01-03 11:00:00,2.49,0.6190564102564103,0.0,3.1090564102564104,1.43454,1.1369375897435894,0.0,1.6745164102564105,0.0,0.0
2025-01-03 12:00:00,0.55,0.6190564102564103,0.0,1.1690564102564105,1.0549190000000002,1.022800179487179,0.0,0.11413741025641033,0.0,0.0
2025-01-03 13:00:00,0.26,0.6190564102564103,0.0,0.8790564102564103,0.99978,1.1435237692307687,0.12072358974358965,0.0,0.0,0.0
2025-01-03 14:00:00,0.2299999999999999,0.0,0.0,0.2299999999999999,1.093839,2.007362769230769,0.8638390000000001,0.0,0.0,0.0
2025-01-03 15:00:00,0.2299999999999999,0.0,0.0,0.2299999999999999,0.994068,2.771430769230769,0.7640680000000001,0.0,0.0,0.0
2025-01-03 16:00:00,0.26,0.0,0.0,0.26,0.053263,2.564693769230769,0.0,0.206737,0.0,0.0
2025-01-03 17:00:00,0.58,0.0,0.0,0.58,0.0,1.984693769230769,0.0,0.58,0.0,0.0
2025-01-03 18:00:00,1.86,0.0,0.0,1.86,0.0,0.1246937692307688,0.0,1.86,0.0,0.0
2025-01-03 19:00:00,1.26,0.0,0.0,1.26,0.0,0.0,0.0,0.1246937692307688,1.1353062307692312,0.0
2025-01-03 20:00:00,0.6799999999999999,0.0,0.0,0.6799999999999999,0.0,0.0,0.0,0.0,0.6799999999999999,0.0
2025-01-03 21:00:00,0.98,0.0,0.0,0.98,0.0,0.0,0.0,0.0,0.98,0.0
2025-01-03 22:00:00,0.67,0.0,0.0,0.67,0.0,0.0,0.0,0.0,0.67,0.0
2025-01-03 23:00:00,1.09,0.0,0.0,1.09,0.0,0.0,0.0,0.0,1.09,0.0
2025-01-04 00:00:00,0.65,0.0,0.0,0.65,0.0,0.0,0.0,0.0,0.65,0.0
2025-01-04 01:00:00,1.04,0.0,0.0,1.04,0.0,0.0,0.0,0.0,1.04,0.0
2025-01-04 02:00:00,1.11,0.0,0.0,1.11,0.0,0.0,0.0,0.0,1.11,0.0
2025-01-04 03:00:00,1.03,0.0,0.0,1.03,0.0,0.0,0.0,0.0,1.03,0.0
2025-01-04 04:00:00,1.23,0.0,0.0,1.23,0.0,0.0,0.0,0.0,1.23,0.0
2025-01-04 05:00:00,1.1,0.0,0.0,1.1,0.0,0.0,0.0,0.0,1.1,0.0
2025-01-04 06:00:00,1.08,0.0,0.0,1.08,0.0,0.0,0.0,0.0,1.08,0.0
2025-01-04 07:00:00,1.2,0.0,0.0,1.2,0.0,0.0,0.0,0.0,1.2,0.0
2025-01-04 08:00:00,1.06,0.0,0.0,1.06,0.979305,0.0,0.0,0.0,0.08069500000000007,0.0
2025-01-04 09:00:00,0.92,0.0,0.0,0.92,2.611236,1.691236,1.691236,0.0,0.0,0.0
2025-01-04 10:00:00,0.63,0.0,0.0,0.63,0.308736,1.369972,0.0,0.321264,0.0,0.0
2025-01-04 11:00:00,0.76,0.6190564102564103,0.0,1.3790564102564105,2.1270770000000003,2.11799258974359,0.7480205897435899,0.0,0.0,0.0
2025-01-04 12:00:00,0.14,0.6190564102564103,0.0,0.7590564102564104,2.4620509999999998,3.8209871794871795,1.7029945897435894,0.0,0.0,0.0
2025-01-04 13:00:00,0.32,0.6190564102564103,0.0,0.9390564102564103,2.206337,5.088267769230769,1.2672805897435897,0.0,0.0,0.0
2025-01-04 14:00:00,0.16,0.0,0.0,0.16,0.313169,5.241436769230769,0.15316899999999997,0.0,0.0,0.0
2025-01-04 15:00:00,0.31,0.0,0.0,0.31,1.806528,6.737964769230769,1.4965279999999999,0.0,0.0,0.0
2025-01-04 16:00:00,2.29,0.0,0.0,2.29,0.019048,4.467012769230768,0.0,2.270952,0.0,0.0
2025-01-04 17:00:00,2.56,0.0,0.0,2.56,0.0,1.9070127692307683,0.0,2.56,0.0,0.0
2025-01-04 18:00:00,1.8,0.0,0.0,1.8,0.0,0.1070127692307683,0.0,1.8,0.0,0.0
2025-01-04 19:00:00,0.73,0.0,0.0,0.73,0.0,0.0,0.0,0.1070127692307683,0.6229872307692317,0.0
2025-01-04 20:00:00,0.64,0.0,0.0,0.64,0.0,0.0,0.0,0.0,0.64,0.0
2025-01-04 21:00:00,1.04,0.0,0.0,1.04,0.0,0.0,0.0,0.0,1.04,0.0
2025-01-04 22:00:00,0.81,0.0,0.0,0.81,0.0,0.0,0.0,0.0,0.81,0.0
2025-01-04 23:00:00,0.91,0.0,0.0,0.91,0.0,0.0,0.0,0.0,0.91,0.0
2025-01-05 00:00:00,1.06,0.0,0.0,1.06,0.0,0.0,0.0,0.0,1.06,0.0
2025-01-05 01:00:00,1.13,0.0,0.0,1.13,0.0,0.0,0.0,0.0,1.13,0.0
2025-01-05 02:00:00,0.97,0.0,0.0,0.97,0.0,0.0,0.0,0.0,0.97,0.0
2025-01-05 03:00:00,1.19,0.0,0.0,1.19,0.0,0.0,0.0,0.0,1.19,0.0
2025-01-05 04:00:00,1.21,0.0,0.0,1.21,0.0,0.0,0.0,0.0,1.21,0.0
2025-01-05 05:00:00,0.99,0.0,0.0,0.99,0.0,0.0,0.0,0.0,0.99,0.0
2025-01-05 06:00:00,1.16,0.0,0.0,1.16,0.0,0.0,0.0,0.0,1.16,0.0
2025-01-05 07:00:00,1.41,0.0,0.0,1.41,0.0,0.0,0.0,0.0,1.41,0.0
2025-01-05 08:00:00,1.71,0.0,0.0,1.71,0.14282499999999998,0.0,0.0,0.0,1.567175,0.0
2025-01-05 09:00:00,0.13,0.0,0.0,0.13,0.739797,0.609797,0.609797,0.0,0.0,0.0
2025-01-05 10:00:00,0.2,0.0,0.0,0.2,0.8731720000000001,1.282969,0.6731720000000001,0.0,0.0,0.0
2025-01-05 11:00:00,0.15,0.6130461538461539,0.0,0.7630461538461539,0.343392,0.863314846153846,0.0,0.41965415384615395,0.0,0.0
2025-01-05 12:00:00,0.1,0.6130461538461539,0.0,0.7130461538461539,1.1341130000000001,1.2843816923076923,0.42106684615384626,0.0,0.0,0.0
2025-01-05 13:00:00,0.21,0.6130461538461539,0.0,0.8230461538461539,0.32768400000000003,0.7890195384615384,0.0,0.49536215384615384,0.0,0.0
2025-01-05 14:00:00,0.45,0.0,0.0,0.45,0.334629,0.6736485384615384,0.0,0.115371,0.0,0.0
2025-01-05 15:00:00,0.15,0.0,0.0,0.15,0.197109,0.7207575384615383,0.04710900000000001,0.0,0.0,0.0
2025-01-05 16:00:00,0.32,0.0,0.0,0.32,0.341864,0.7426215384615383,0.021863999999999995,0.0,0.0,0.0
2025-01-05 17:00:00,0.29,0.0,0.0,0.29,0.0,0.45262153846153835,0.0,0.29,0.0,0.0
2025-01-05 18:00:00,1.43,0.0,0.0,1.43,0.0,0.0,0.0,0.45262153846153835,0.9773784615384615,0.0
2025-01-05 19:00:00,0.78,0.0,0.0,0.78,0.0,0.0,0.0,0.0,0.78,0.0
2025-01-05 20:00:00,0.6900000000000001,0.0,0.0,0.6900000000000001,0.0,0.0,0.0,0.0,0.6900000000000001,0.0
2025-01-05 21:00:00,1.26,0.0,0.0,1.26,0.0,0.0,0.0,0.0,1.26,0.0
2025-01-05 22:00:00,0.8700000000000001,0.0,0.0,0.8700000000000001,0.0,0.0,0.0,0.0,0.8700000000000001,0.0
2025-01-05 23:00:00,1.5,0.0,0.0,1.5,0.0,0.0,0.0,0.0,1.5,0.0
2025-01-06 00:00:00,1.52,0.0,0.0,1.52,0.0,0.0,0.0,0.0,1.52,0.0
2025-01-06 01:00:00,1.84,0.0,0.0,1.84,0.0,0.0,0.0,0.0,1.84,0.0
2025-01-06 02:00:00,1.85,0.0,0.0,1.85,0.0,0.0,0.0,0.0,1.85,0.0
2025-01-06 03:00:00,2.17,0.0,0.0,2.17,0.0,0.0,0.0,0.0,2.17,0.0
2025-01-06 04:00:00,1.84,0.0,0.0,1.84,0.0,0.0,0.0,0.0,1.84,0.0
2025-01-06 05:00:00,1.92,0.0,0.0,1.92,0.0,0.0,0.0,0.0,1.92,0.0
2025-01-06 06:00:00,1.93,0.0,0.0,1.93,0.0,0.0,0.0,0.0,1.93,0.0
2025-01-06 07:00:00,2.05,0.0,0.0,2.05,0.0,0.0,0.0,0.0,2.05,0.0
2025-01-06 08:00:00,0.7300000000000001,0.0,0.0,0.7300000000000001,2.242549,1.512549,1.512549,0.0,0.0,0.0
2025-01-06 09:00:00,0.38,0.0,0.0,0.38,3.7403690000000003,4.872918,3.3603690000000004,0.0,0.0,0.0
2025-01-06 10:00:00,0.47,0.0,0.0,0.47,4.533104000000001,8.936022000000001,4.063104000000001,0.0,0.0,0.0
2025-01-06 11:00:00,0.28,0.6130461538461539,0.0,0.8930461538461539,4.825627000000001,12.868602846153848,3.9325808461538467,0.0,0.0,0.0
2025-01-06 12:00:00,0.66,0.6130461538461539,0.0,1.273046153846154,4.7063950000000006,13.5,0.6313971538461516,0.0,0.0,2.801951692307695
2025-01-06 13:00:00,1.05,0.6130461538461539,0.0,1.663046153846154,4.187468,13.5,0.0,0.0,0.0,2.524421846153846
2025-01-06 14:00:00,1.3199999999999998,0.0,0.0,1.3199999999999998,1.953689,13.5,0.0,0.0,0.0,0.6336890000000002
2025-01-06 15:00:00,0.7000000000000001,0.0,0.0,0.7000000000000001,1.925684,13.5,0.0,0.0,0.0,1.2256839999999998
2025-01-06 16:00:00,0.28,0.0,0.0,0.28,0.41464999999999996,13.5,0.0,0.0,0.0,0.13464999999999994
2025-01-06 17:00:00,1.26,0.0,0.0,1.26,0.0,12.24,0.0,1.26,0.0,0.0
2025-01-06 18:00:00,1.66,0.0,0.0,1.66,0.0,10.58,0.0,1.66,0.0,0.0
2025-01-06 19:00:00,1.7600000000000002,0.0,0.0,1.7600000000000002,0.0,8.82,0.0,1.7600000000000002,0.0,0.0
2025-01-06 20:00:00,1.5,0.0,0.0,1.5,0.0,7.32,0.0,1.5,0.0,0.0
2025-01-06 21:00:00,1.4500000000000002,0.0,0.0,1.4500000000000002,0.0,5.87,0.0,1.4500000000000002,0.0,0.0
2025-01-06 22:00:00,1.87,0.0,0.0,1.87,0.0,4.0,0.0,1.87,0.0,0.0
2025-01-06 23:00:00,1.73,0.0,0.0,1.73,0.0,2.27,0.0,1.73,0.0,0.0
2025-01-07 00:00:00,1.83,0.0,0.0,1.83,0.0,0.43999999999999995,0.0,1.83,0.0,0.0
2025-01-07 01:00:00,1.9,0.0,0.0,1.9,0.0,0.0,0.0,0.43999999999999995,1.46,0.0
2025-01-07 02:00:00,1.74,0.0,0.0,1.74,0.0,0.0,0.0,0.0,1.74,0.0
2025-01-07 03:00:00,1.82,0.0,0.0,1.82,0.0,0.0,0.0,0.0,1.82,0.0
2025-01-07 04:00:00,2.03,0.0,0.0,2.03,0.0,0.0,0.0,0.0,2.03,0.0
2025-01-07 05:00:00,1.82,0.0,0.0,1.82,0.0,0.0,0.0,0.0,1.82,0.0
2025-01-07 06:00:00,2.19,0.0,0.0,2.19,0.0,0.0,0.0,0.0,2.19,0.0
2025-01-07 07:00:00,1.79,0.0,0.0,1.79,0.0,0.0,0.0,0.0,1.79,0.0
2025-01-07 08:00:00,0.62,0.0,0.0,0.62,0.0,0.0,0.0,0.0,0.62,0.0
2025-01-07 09:00:00,0.52,0.0,0.0,0.52,1.139058,0.6190579999999999,0.6190579999999999,0.0,0.0,0.0
2025-01-07 10:00:00,0.53,0.0,0.0,0.53,0.779029,0.8680869999999998,0.24902899999999994,0.0,0.0,0.0
2025-01-07 11:00:00,0.4,0.6130461538461539,0.0,1.013046153846154,0.441941,0.2969818461538458,0.0,0.571105153846154,0.0,0.0
2025-01-07 12:00:00,0.24,0.6130461538461539,0.0,0.8530461538461539,0.604857,0.0487926923076919,0.0,0.24818915384615392,0.0,0.0
2025-01-07 13:00:00,0.15,0.6130461538461539,0.0,0.7630461538461539,0.63827,0.0,0.0,0.0487926923076919,0.07598346153846203,0.0
2025-01-07 14:00:00,0.1,0.0,0.0,0.1,0.481573,0.38157299999999994,0.38157299999999994,0.0,0.0,0.0
2025-01-07 15:00:00,0.12,0.0,0.0,0.12,0.619755,0.8813279999999999,0.49975499999999995,0.0,0.0,0.0
2025-01-07 16:00:00,0.21,0.0,0.0,0.21,0.092417,0.7637449999999999,0.0,0.117583,0.0,0.0
2025-01-07 17:00:00,0.19,0.0,0.0,0.19,0.0,0.573745,0.0,0.19,0.0,0.0
2025-01-07 18:00:00,2.11,0.0,0.0,2.11,0.0,0.0,0.0,0.573745,1.536255,0.0
2025-01-07 19:00:00,0.38,0.0,0.0,0.38,0.0,0.0,0.0,0.0,0.38,0.0
2025-01-07 20:00:00,0.56,0.0,0.0,0.56,0.0,0.0,0.0,0.0,0.56,0.0
2025-01-07 21:00:00,0.62,0.0,0.0,0.62,0.0,0.0,0.0,0.0,0.62,0.0
2025-01-07 22:00:00,0.6900000000000001,0.0,0.0,0.6900000000000001,0.0,0.0,0.0,0.0,0.6900000000000001,0.0
2025-01-07 23:00:00,0.58,0.0,0.0,0.58,0.0,0.0,0.0,0.0,0.58,0.0
2025-01-08 00:00:00,0.51,0.0,0.0,0.51,0.0,0.0,0.0,0.0,0.51,0.0
2025-01-08 01:00:00,0.69,0.0,0.0,0.69,0.0,0.0,0.0,0.0,0.69,0.0
2025-01-08 02:00:00,0.78,0.0,0.0,0.78,0.0,0.0,0.0,0.0,0.78,0.0
2025-01-08 03:00:00,0.78,0.0,0.0,0.78,0.0,0.0,0.0,0.0,0.78,0.0
2025-01-08 04:00:00,0.79,0.0,0.0,0.79,0.0,0.0,0.0,0.0,0.79,0.0
2025-01-08 05:00:00,0.79,0.0,0.0,0.79,0.0,0.0,0.0,0.0,0.79,0.0
2025-01-08 06:00:00,0.8800000000000001,0.0,0.0,0.8800000000000001,0.0,0.0,0.0,0.0,0.8800000000000001,0.0
2025-01-08 07:00:00,1.0,0.0,0.0,1.0,0.0,0.0,0.0,0.0,1.0,0.0
2025-01-08 08:00:00,0.52,0.0,0.0,0.52,2.16947,1.64947,1.64947,0.0,0.0,0.0
2025-01-08 09:00:00,0.18,0.0,0.0,0.18,0.021289000000000002,1.490759,0.0,0.158711,0.0,0.0
2025-01-08 10:00:00,0.16,0.0,0.0,0.16,1.982075,3.312834,1.8220750000000001,0.0,0.0,0.0
2025-01-08 11:00:00,0.14,0.4597846153846154,0.0,0.5997846153846154,0.55031,3.2633593846153848,0.0,0.049474615384615395,0.0,0.0
2025-01-08 12:00:00,0.13,0.4597846153846154,0.0,0.5897846153846154,0.268092,2.9416667692307694,0.0,0.32169261538461535,0.0,0.0
2025-01-08 13:00:00,0.13,0.4597846153846154,0.0,0.5897846153846154,0.060539,2.412421153846154,0.0,0.5292456153846153,0.0,0.0
2025-01-08 14:00:00,0.13,0.0,0.0,0.13,0.571357,2.853778153846154,0.441357,0.0,0.0,0.0
2025-01-08 15:00:00,0.14,0.0,0.0,0.14,0.165329,2.8791071538461543,0.02532899999999999,0.0,0.0,0.0
2025-01-08 16:00:00,0.2,0.0,0.0,0.2,0.0,2.679107153846154,0.0,0.2,0.0,0.0
2025-01-08 17:00:00,0.18,0.0,0.0,0.18,0.0,2.499107153846154,0.0,0.18,0.0,0.0
2025-01-08 18:00:00,0.59,0.0,0.0,0.59,0.0,1.9091071538461541,0.0,0.59,0.0,0.0
2025-01-08 19:00:00,0.32,0.0,0.0,0.32,0.0,1.589107153846154,0.0,0.32,0.0,0.0
2025-01-08 20:00:00,0.33,0.0,0.0,0.33,0.0,1.259107153846154,0.0,0.33,0.0,0.0
2025-01-08 21:00:00,0.44,0.0,0.0,0.44,0.0,0.8191071538461541,0.0,0.44,0.0,0.0
2025-01-08 22:00:00,1.45,0.0,0.0,1.45,0.0,0.0,0.0,0.8191071538461541,0.6308928461538459,0.0
2025-01-08 23:00:00,1.76,0.0,0.0,1.76,0.0,0.0,0.0,0.0,1.76,0.0
2025-01-09 00:00:00,1.85,0.0,0.0,1.85,0.0,0.0,0.0,0.0,1.85,0.0
2025-01-09 01:00:00,1.93,0.0,0.0,1.93,0.0,0.0,0.0,0.0,1.93,0.0
2025-01-09 02:00:00,1.65,0.0,0.0,1.65,0.0,0.0,0.0,0.0,1.65,0.0
2025-01-09 03:00:00,2.05,0.0,0.0,2.05,0.0,0.0,0.0,0.0,2.05,0.0
2025-01-09 04:00:00,1.77,0.0,0.0,1.77,0.0,0.0,0.0,0.0,1.77,0.0
2025-01-09 05:00:00,2.05,0.0,0.0,2.05,0.0,0.0,0.0,0.0,2.05,0.0
2025-01-09 06:00:00,1.88,0.0,0.0,1.88,0.0,0.0,0.0,0.0,1.88,0.0
2025-01-09 07:00:00,1.99,0.0,0.0,1.99,0.0,0.0,0.0,0.0,1.99,0.0
2025-01-09 08:00:00,0.54,0.0,0.0,0.54,0.734669,0.19466899999999998,0.19466899999999998,0.0,0.0,0.0
2025-01-09 09:00:00,0.2,0.0,0.0,0.2,0.72224,0.716909,0.52224,0.0,0.0,0.0
2025-01-09 10:00:00,0.2,0.0,0.0,0.2,1.212346,1.729255,1.012346,0.0,0.0,0.0
2025-01-09 11:00:00,0.21,0.4597846153846154,0.0,0.6697846153846154,3.348221,4.407691384615385,2.6784363846153845,0.0,0.0,0.0
2025-01-09 12:00:00,0.2,0.4597846153846154,0.0,0.6597846153846154,2.747467,6.495373769230769,2.0876823846153845,0.0,0.0,0.0
2025-01-09 13:00:00,0.21,0.4597846153846154,0.0,0.6697846153846154,2.53402,8.359609153846153,1.8642353846153845,0.0,0.0,0.0
2025-01-09 14:00:00,0.21,0.0,0.0,0.21,2.281253,10.430862153846153,2.071253,0.0,0.0,0.0
2025-01-09 15:00:00,0.21,0.0,0.0,0.21,1.412075,11.632937153846154,1.202075,0.0,0.0,0.0
2025-01-09 16:00:00,0.2,0.0,0.0,0.2,0.114843,11.547780153846153,0.0,0.08515700000000001,0.0,0.0
2025-01-09 17:00:00,0.27,0.0,0.0,0.27,0.0,11.277780153846154,0.0,0.27,0.0,0.0
2025-01-09 18:00:00,2.76,0.0,0.0,2.76,0.0,8.517780153846154,0.0,2.76,0.0,0.0
2025-01-09 19:00:00,0.75,0.0,0.0,0.75,0.0,7.767780153846154,0.0,0.75,0.0,0.0
2025-01-09 20:00:00,0.2,0.0,0.0,0.2,0.0,7.5677801538461535,0.0,0.2,0.0,0.0
2025-01-09 21:00:00,0.16,0.0,0.0,0.16,0.0,7.407780153846153,0.0,0.16,0.0,0.0
2025-01-09 22:00:00,0.14,0.0,0.0,0.14,0.0,7.267780153846154,0.0,0.14,0.0,0.0
2025-01-09 23:00:00,0.09,0.0,0.0,0.09,0.0,7.177780153846154,0.0,0.09,0.0,0.0
2025-01-10 00:00:00,0.09,0.0,0.0,0.09,0.0,7.087780153846154,0.0,0.09,0.0,0.0
2025-01-10 01:00:00,0.1,0.0,0.0,0.1,0.0,6.987780153846154,0.0,0.1,0.0,0.0
2025-01-10 02:00:00,0.1,0.0,0.0,0.1,0.0,6.887780153846155,0.0,0.1,0.0,0.0
2025-01-10 03:00:00,0.41,0.0,0.0,0.41,0.0,6.477780153846155,0.0,0.41,0.0,0.0
2025-01-10 04:00:00,0.69,0.0,0.0,0.69,0.0,5.787780153846155,0.0,0.69,0.0,0.0
2025-01-10 05:00:00,0.51,0.0,0.0,0.51,0.0,5.277780153846155,0.0,0.51,0.0,0.0
2025-01-10 06:00:00,0.94,0.0,0.0,0.94,0.0,4.337780153846156,0.0,0.94,0.0,0.0
2025-01-10 07:00:00,0.51,0.0,0.0,0.51,0.0,3.827780153846156,0.0,0.51,0.0,0.0
2025-01-10 08:00:00,0.4499999999999999,0.0,0.0,0.4499999999999999,0.142984,3.520764153846156,0.0,0.3070159999999999,0.0,0.0
2025-01-10 09:00:00,0.09,0.0,0.0,0.09,0.5697150000000001,4.000479153846156,0.4797150000000001,0.0,0.0,0.0
2025-01-10 10:00:00,0.1,0.0,0.0,0.1,0.642365,4.542844153846156,0.542365,0.0,0.0,0.0
2025-01-10 11:00:00,0.11,0.4597846153846154,0.0,0.5697846153846154,2.167701,6.1407605384615405,1.5979163846153845,0.0,0.0,0.0
2025-01-10 12:00:00,0.09,0.4597846153846154,0.0,0.5497846153846154,4.856969,10.447944923076925,4.307184384615385,0.0,0.0,0.0
2025-01-10 13:00:00,0.1,0.4597846153846154,0.0,0.5597846153846154,3.032103,12.92026330769231,2.472318384615385,0.0,0.0,0.0
2025-01-10 14:00:00,0.09,0.0,0.13347330769230936,0.22347330769230936,0.8032100000000001,13.5,0.5797366923076908,0.0,0.0,0.0
2025-01-10 15:00:00,0.1,0.0,0.376957,0.47695699999999996,0.476957,13.5,0.0,0.0,0.0,0.0
2025-01-10 16:00:00,0.99,0.0,0.0,0.99,0.16887799999999997,12.678878,0.0,0.821122,0.0,0.0
2025-01-10 17:00:00,2.72,0.0,0.0,2.72,0.0,9.958877999999999,0.0,2.72,0.0,0.0
2025-01-10 18:00:00,0.97,0.0,0.0,0.97,0.0,8.988877999999998,0.0,0.97,0.0,0.0
2025-01-10 19:00:00,0.17,0.0,0.0,0.17,0.0,8.818877999999998,0.0,0.17,0.0,0.0
2025-01-10 20:00:00,0.19,0.0,0.0,0.19,0.0,8.628877999999998,0.0,0.19,0.0,0.0
2025-01-10 21:00:00,0.14,0.0,0.0,0.14,0.0,8.488877999999998,0.0,0.14,0.0,0.0
2025-01-10 22:00:00,0.15,0.0,0.0,0.15,0.0,8.338877999999998,0.0,0.15,0.0,0.0
2025-01-10 23:00:00,0.1,0.0,0.0,0.1,0.0,8.238877999999998,0.0,0.1,0.0,0.0
2025-01-11 00:00:00,0.51,0.0,0.0,0.51,0.0,7.728877999999998,0.0,0.51,0.0,0.0
2025-01-11 01:00:00,0.66,0.0,0.0,0.66,0.0,7.068877999999998,0.0,0.66,0.0,0.0
2025-01-11 02:00:00,0.94,0.0,0.0,0.94,0.0,6.1288779999999985,0.0,0.94,0.0,0.0
2025-01-11 03:00:00,0.87,0.0,0.0,0.87,0.0,5.258877999999998,0.0,0.87,0.0,0.0
2025-01-11 04:00:00,0.86,0.0,0.0,0.86,0.0,4.398877999999998,0.0,0.86,0.0,0.0
2025-01-11 05:00:00,1.24,0.0,0.0,1.24,0.0,3.158877999999998,0.0,1.24,0.0,0.0
2025-01-11 06:00:00,0.96,0.0,0.0,0.96,0.0,2.198877999999998,0.0,0.96,0.0,0.0
2025-01-11 07:00:00,0.97,0.0,0.0,0.97,0.0,1.228877999999998,0.0,0.97,0.0,0.0
2025-01-11 08:00:00,0.5700000000000001,0.0,0.0,0.5700000000000001,1.840124,2.499001999999998,1.270124,0.0,0.0,0.0
2025-01-11 09:00:00,0.66,0.0,0.0,0.66,3.734106,5.573107999999998,3.074106,0.0,0.0,0.0
2025-01-11 10:00:00,0.21,0.0,0.0,0.21,4.680936,10.044043999999998,4.470936,0.0,0.0,0.0
2025-01-11 11:00:00,0.21,0.4597846153846154,0.9109603846153824,1.5807449999999978,5.036701,13.5,3.4559560000000022,0.0,0.0,0.0
2025-01-11 12:00:00,0.19,0.4597846153846154,4.258854384615384,4.908639,4.908639,13.5,0.0,0.0,0.0,0.0
2025-01-11 13:00:00,0.11,0.4597846153846154,1.3903463846153845,1.960131,1.960131,13.5,0.0,0.0,0.0,0.0
2025-01-11 14:00:00,0.11,0.0,1.38072,1.49072,1.49072,13.5,0.0,0.0,0.0,0.0
2025-01-11 15:00:00,0.11,0.0,1.86618,1.97618,1.97618,13.5,0.0,0.0,0.0,0.0
2025-01-11 16:00:00,0.13,0.0,0.347421,0.477421,0.477421,13.5,0.0,0.0,0.0,0.0
2025-01-11 17:00:00,0.54,0.0,0.0,0.54,0.0,12.96,0.0,0.54,0.0,0.0
2025-01-11 18:00:00,2.51,0.0,0.0,2.51,0.0,10.450000000000001,0.0,2.51,0.0,0.0
2025-01-11 19:00:00,0.19,0.0,0.0,0.19,0.0,10.260000000000002,0.0,0.19,0.0,0.0
2025-01-11 20:00:00,0.22,0.0,0.0,0.22,0.0,10.040000000000001,0.0,0.22,0.0,0.0
2025-01-11 21:00:00,0.77,0.0,0.0,0.77,0.0,9.270000000000001,0.0,0.77,0.0,0.0
2025-01-11 22:00:00,1.61,0.0,0.0,1.61,0.0,7.660000000000001,0.0,1.61,0.0,0.0
2025-01-11 23:00:00,0.56,0.0,0.0,0.56,0.0,7.100000000000001,0.0,0.56,0.0,0.0
2025-01-12 00:00:00,0.72,0.0,0.0,0.72,0.0,6.380000000000002,0.0,0.72,0.0,0.0
2025-01-12 01:00:00,0.87,0.0,0.0,0.87,0.0,5.510000000000002,0.0,0.87,0.0,0.0
2025-01-12 02:00:00,0.58,0.0,0.0,0.58,0.0,4.9300000000000015,0.0,0.58,0.0,0.0
2025-01-12 03:00:00,1.02,0.0,0.0,1.02,0.0,3.9100000000000015,0.0,1.02,0.0,0.0
2025-01-12 04:00:00,0.9,0.0,0.0,0.9,0.0,3.0100000000000016,0.0,0.9,0.0,0.0
2025-01-12 05:00:00,0.98,0.0,0.0,0.98,0.0,2.0300000000000016,0.0,0.98,0.0,0.0
2025-01-12 06:00:00,1.2,0.0,0.0,1.2,0.0,0.8300000000000016,0.0,1.2,0.0,0.0
2025-01-12 07:00:00,0.8,0.0,0.0,0.8,0.0,0.03000000000000158,0.0,0.8,0.0,0.0
2025-01-12 08:00:00,0.57,0.0,0.0,0.57,2.519627,1.9796270000000016,1.949627,0.0,0.0,0.0
2025-01-12 09:00:00,0.56,0.0,0.0,0.56,3.931741,5.351368000000002,3.371741,0.0,0.0,0.0
2025-01-12 10:00:00,0.26,0.0,0.0,0.26,4.699993999999999,9.791362000000001,4.4399939999999996,0.0,0.0,0.0
2025-01-12 11:00:00,1.24,0.6130461538461539,0.0,1.853046153846154,5.022366,12.960681846153847,3.169319846153846,0.0,0.0,0.0
2025-01-12 12:00:00,2.73,0.6130461538461539,1.046290692307693,4.389336846153847,4.928655,13.5,0.5393181538461533,0.0,0.0,0.0
2025-01-12 13:00:00,0.5800000000000001,0.6130461538461539,3.193639846153846,4.386686,4.386686,13.5,0.0,0.0,0.0,0.0
2025-01-12 14:00:00,0.26,0.0,3.232188,3.4921879999999996,3.492188,13.5,0.0,0.0,0.0,0.0
2025-01-12 15:00:00,0.11,0.0,2.0192390000000002,2.129239,2.129239,13.5,0.0,0.0,0.0,0.0
2025-01-12 16:00:00,0.09,0.0,0.465449,0.555449,0.555449,13.5,0.0,0.0,0.0,0.0
2025-01-12 17:00:00,0.62,0.0,0.0,0.62,0.0,12.88,0.0,0.62,0.0,0.0
2025-01-12 18:00:00,2.26,0.0,0.0,2.26,0.0,10.620000000000001,0.0,2.26,0.0,0.0
2025-01-12 19:00:00,1.14,0.0,0.0,1.14,0.0,9.48,0.0,1.14,0.0,0.0
2025-01-12 20:00:00,0.49,0.0,0.0,0.49,0.0,8.99,0.0,0.49,0.0,0.0
2025-01-12 21:00:00,0.6,0.0,0.0,0.6,0.0,8.39,0.0,0.6,0.0,0.0
2025-01-12 22:00:00,0.59,0.0,0.0,0.59,0.0,7.800000000000001,0.0,0.59,0.0,0.0
2025-01-12 23:00:00,0.6,0.0,0.0,0.6,0.0,7.200000000000001,0.0,0.6,0.0,0.0
2025-01-13 00:00:00,0.7000000000000001,0.0,0.0,0.7000000000000001,0.0,6.500000000000001,0.0,0.7000000000000001,0.0,0.0
2025-01-13 01:00:00,0.86,0.0,0.0,0.86,0.0,5.640000000000001,0.0,0.86,0.0,0.0
2025-01-13 02:00:00,0.9,0.0,0.0,0.9,0.0,4.74,0.0,0.9,0.0,0.0
2025-01-13 03:00:00,1.3,0.0,0.0,1.3,0.0,3.4400000000000004,0.0,1.3,0.0,0.0
2025-01-13 04:00:00,1.23,0.0,0.0,1.23,0.0,2.2100000000000004,0.0,1.23,0.0,0.0
2025-01-13 05:00:00,1.06,0.0,0.0,1.06,0.0,1.1500000000000004,0.0,1.06,0.0,0.0
2025-01-13 06:00:00,1.36,0.0,0.0,1.36,0.0,0.0,0.0,1.1500000000000004,0.20999999999999974,0.0
2025-01-13 07:00:00,1.29,0.0,0.0,1.29,0.0,0.0,0.0,0.0,1.29,0.0
2025-01-13 08:00:00,0.68,0.0,0.0,0.68,0.179106,0.0,0.0,0.0,0.5008940000000001,0.0
2025-01-13 09:00:00,0.42,0.0,0.0,0.42,0.48610000000000003,0.06610000000000005,0.06610000000000005,0.0,0.0,0.0
2025-01-13 10:00:00,0.52,0.0,0.0,0.52,1.070526,0.6166260000000001,0.5505260000000001,0.0,0.0,0.0
2025-01-13 11:00:00,0.19,0.6130461538461539,0.0,0.803046153846154,1.017325,0.8309048461538462,0.21427884615384607,0.0,0.0,0.0
2025-01-13 12:00:00,0.15,0.6130461538461539,0.0,0.7630461538461539,1.519492,1.5873506923076923,0.7564458461538461,0.0,0.0,0.0
2025-01-13 13:00:00,0.13,0.6130461538461539,0.0,0.7430461538461539,1.59674,2.4410445384615382,0.8536938461538461,0.0,0.0,0.0
2025-01-13 14:00:00,0.14,0.0,0.0,0.14,1.23726,3.538304538461538,1.09726,0.0,0.0,0.0
2025-01-13 15:00:00,0.14,0.0,0.0,0.14,0.50486,3.903164538461538,0.36485999999999996,0.0,0.0,0.0
2025-01-13 16:00:00,0.24,0.0,0.0,0.24,0.06363300000000001,3.726797538461538,0.0,0.176367,0.0,0.0
2025-01-13 17:00:00,0.17,0.0,0.0,0.17,0.0,3.556797538461538,0.0,0.17,0.0,0.0
2025-01-13 18:00:00,1.66,0.0,0.0,1.66,0.0,1.896797538461538,0.0,1.66,0.0,0.0
2025-01-13 19:00:00,0.26,0.0,0.0,0.26,0.0,1.636797538461538,0.0,0.26,0.0,0.0
2025-01-13 20:00:00,0.98,0.0,0.0,0.98,0.0,0.6567975384615381,0.0,0.98,0.0,0.0
2025-01-13 21:00:00,0.89,0.0,0.0,0.89,0.0,0.0,0.0,0.6567975384615381,0.2332024615384619,0.0
2025-01-13 22:00:00,1.09,0.0,0.0,1.09,0.0,0.0,0.0,0.0,1.09,0.0
2025-01-13 23:00:00,0.94,0.0,0.0,0.94,0.0,0.0,0.0,0.0,0.94,0.0
2025-01-14 00:00:00,0.93,0.0,0.0,0.93,0.0,0.0,0.0,0.0,0.93,0.0
2025-01-14 01:00:00,1.21,0.0,0.0,1.21,0.0,0.0,0.0,0.0,1.21,0.0
2025-01-14 02:00:00,0.86,0.0,0.0,0.86,0.0,0.0,0.0,0.0,0.86,0.0
2025-01-14 03:00:00,1.24,0.0,0.0,1.24,0.0,0.0,0.0,0.0,1.24,0.0
2025-01-14 04:00:00,0.98,0.0,0.0,0.98,0.0,0.0,0.0,0.0,0.98,0.0
2025-01-14 05:00:00,1.39,0.0,0.0,1.39,0.0,0.0,0.0,0.0,1.39,0.0
2025-01-14 06:00:00,1.02,0.0,0.0,1.02,0.0,0.0,0.0,0.0,1.02,0.0
2025-01-14 07:00:00,1.27,0.0,0.0,1.27,0.0,0.0,0.0,0.0,1.27,0.0
2025-01-14 08:00:00,1.0,0.0,0.0,1.0,2.5813919999999997,1.5813919999999997,1.5813919999999997,0.0,0.0,0.0
2025-01-14 09:00:00,0.41,0.0,0.0,0.41,4.0388850000000005,5.210277,3.6288850000000004,0.0,0.0,0.0
2025-01-14 10:00:00,0.1,0.0,0.0,0.1,4.7863050000000005,9.896582,4.686305000000001,0.0,0.0,0.0
2025-01-14 11:00:00,0.1,0.6130461538461539,0.0,0.7130461538461539,4.293997,13.477532846153846,3.580950846153846,0.0,0.0,0.0
2025-01-14 12:00:00,0.1,0.6130461538461539,0.0,0.7130461538461539,4.105296,13.5,0.022467153846154275,0.0,0.0,3.369782692307692
2025-01-14 13:00:00,0.11,0.6130461538461539,0.0,0.7230461538461539,4.389483,13.5,0.0,0.0,0.0,3.6664368461538466
2025-01-14 14:00:00,0.18,0.0,0.0,0.18,3.443815,13.5,0.0,0.0,0.0,3.2638149999999997
2025-01-14 15:00:00,0.17,0.0,0.0,0.17,2.107884,13.5,0.0,0.0,0.0,1.937884
2025-01-14 16:00:00,0.2299999999999999,0.0,0.0,0.2299999999999999,0.33387599999999995,13.5,0.0,0.0,0.0,0.10387600000000005
2025-01-14 17:00:00,1.34,0.0,0.0,1.34,0.0,12.16,0.0,1.34,0.0,0.0
2025-01-14 18:00:00,1.4300000000000002,0.0,0.0,1.4300000000000002,0.0,10.73,0.0,1.4300000000000002,0.0,0.0
2025-01-14 19:00:00,1.1,0.0,0.0,1.1,0.0,9.63,0.0,1.1,0.0,0.0
2025-01-14 20:00:00,1.83,0.0,0.0,1.83,0.0,7.800000000000001,0.0,1.83,0.0,0.0
2025-01-14 21:00:00,1.46,0.0,0.0,1.46,0.0,6.340000000000001,0.0,1.46,0.0,0.0
2025-01-14 22:00:00,1.92,0.0,0.0,1.92,0.0,4.420000000000001,0.0,1.92,0.0,0.0
2025-01-14 23:00:00,1.53,0.0,0.0,1.53,0.0,2.8900000000000006,0.0,1.53,0.0,0.0
2025-01-15 00:00:00,1.89,0.0,0.0,1.89,0.0,1.0000000000000007,0.0,1.89,0.0,0.0
2025-01-15 01:00:00,1.95,0.0,0.0,1.95,0.0,0.0,0.0,1.0000000000000007,0.9499999999999993,0.0
2025-01-15 02:00:00,2.06,0.0,0.0,2.06,0.0,0.0,0.0,0.0,2.06,0.0
2025-01-15 03:00:00,1.94,0.0,0.0,1.94,0.0,0.0,0.0,0.0,1.94,0.0
2025-01-15 04:00:00,2.06,0.0,0.0,2.06,0.0,0.0,0.0,0.0,2.06,0.0
2025-01-15 05:00:00,2.04,0.0,0.0,2.04,0.0,0.0,0.0,0.0,2.04,0.0
2025-01-15 06:00:00,2.24,0.0,0.0,2.24,0.0,0.0,0.0,0.0,2.24,0.0
2025-01-15 07:00:00,1.83,0.0,0.0,1.83,0.0,0.0,0.0,0.0,1.83,0.0
2025-01-15 08:00:00,1.22,0.0,0.0,1.22,0.547736,0.0,0.0,0.0,0.672264,0.0
2025-01-15 09:00:00,1.03,0.0,0.0,1.03,2.686388,1.656388,1.656388,0.0,0.0,0.0
2025-01-15 10:00:00,0.21,0.0,0.0,0.21,2.871778,4.318166,2.661778,0.0,0.0,0.0
2025-01-15 11:00:00,0.11,0.9195692307692308,0.0,1.0295692307692308,3.148562,6.437158769230769,2.1189927692307693,0.0,0.0,0.0
2025-01-15 12:00:00,0.12,0.9195692307692308,0.0,1.0395692307692308,3.106513,8.504102538461538,2.066943769230769,0.0,0.0,0.0
2025-01-15 13:00:00,0.11,0.9195692307692308,0.0,1.0295692307692308,2.5280489999999998,10.002582307692307,1.498479769230769,0.0,0.0,0.0
2025-01-15 14:00:00,0.12,0.0,0.0,0.12,1.382657,11.265239307692308,1.262657,0.0,0.0,0.0
2025-01-15 15:00:00,0.11,0.0,0.0,0.11,1.028894,12.184133307692308,0.918894,0.0,0.0,0.0
2025-01-15 16:00:00,0.19,0.0,0.0,0.19,0.285866,12.279999307692307,0.095866,0.0,0.0,0.0
2025-01-15 17:00:00,0.37,0.0,0.0,0.37,0.0,11.909999307692308,0.0,0.37,0.0,0.0
2025-01-15 18:00:00,2.1,0.0,0.0,2.1,0.0,9.809999307692308,0.0,2.1,0.0,0.0
2025-01-15 19:00:00,0.33,0.0,0.0,0.33,0.0,9.479999307692308,0.0,0.33,0.0,0.0
2025-01-15 20:00:00,0.27,0.0,0.0,0.27,0.0,9.209999307692309,0.0,0.27,0.0,0.0
2025-01-15 21:00:00,0.22,0.0,0.0,0.22,0.0,8.989999307692308,0.0,0.22,0.0,0.0
2025-01-15 22:00:00,0.5,0.0,0.0,0.5,0.0,8.489999307692308,0.0,0.5,0.0,0.0
2025-01-15 23:00:00,0.8600000000000001,0.0,0.0,0.8600000000000001,0.0,7.629999307692308,0.0,0.8600000000000001,0.0,0.0
2025-01-16 00:00:00,0.94,0.0,0.0,0.94,0.0,6.689999307692307,0.0,0.94,0.0,0.0
2025-01-16 01:00:00,1.01,0.0,0.0,1.01,0.0,5.679999307692308,0.0,1.01,0.0,0.0
2025-01-16 02:00:00,0.8500000000000001,0.0,0.0,0.8500000000000001,0.0,4.829999307692308,0.0,0.8500000000000001,0.0,0.0
2025-01-16 03:00:00,0.92,0.0,0.0,0.92,0.0,3.909999307692308,0.0,0.92,0.0,0.0
2025-01-16 04:00:00,1.05,0.0,0.0,1.05,0.0,2.8599993076923083,0.0,1.05,0.0,0.0
2025-01-16 05:00:00,1.2999999999999998,0.0,0.0,1.2999999999999998,0.0,1.5599993076923084,0.0,1.2999999999999998,0.0,0.0
2025-01-16 06:00:00,0.93,0.0,0.0,0.93,0.0,0.6299993076923084,0.0,0.93,0.0,0.0
2025-01-16 07:00:00,1.16,0.0,0.0,1.16,0.0,0.0,0.0,0.6299993076923084,0.5300006923076915,0.0
2025-01-16 08:00:00,0.75,0.0,0.0,0.75,2.3076280000000002,1.5576280000000002,1.5576280000000002,0.0,0.0,0.0
2025-01-16 09:00:00,0.85,0.0,0.0,0.85,3.7995970000000003,4.507225,2.9495970000000002,0.0,0.0,0.0
2025-01-16 10:00:00,0.51,0.0,0.0,0.51,4.621289,8.618514000000001,4.111289,0.0,0.0,0.0
2025-01-16 11:00:00,1.4,0.9195692307692308,0.0,2.319569230769231,4.900707000000001,11.19965176923077,2.5811377692307698,0.0,0.0,0.0
2025-01-16 12:00:00,0.8200000000000001,0.9195692307692308,0.0,1.7395692307692308,4.79794,13.5,2.300348230769229,0.0,0.0,0.7580225384615398
2025-01-16 13:00:00,0.49,0.9195692307692308,0.0,1.4095692307692307,4.303895000000001,13.5,0.0,0.0,0.0,2.89432576923077
2025-01-16 14:00:00,0.12,0.0,0.0,0.12,3.390055,13.5,0.0,0.0,0.0,3.2700549999999997
2025-01-16 15:00:00,0.1,0.0,0.0,0.1,2.081778,13.5,0.0,0.0,0.0,1.9817779999999998
2025-01-16 16:00:00,0.11,0.0,0.0,0.11,0.5848300000000001,13.5,0.0,0.0,0.0,0.4748300000000001
2025-01-16 17:00:00,0.13,0.0,0.0,0.13,0.0,13.37,0.0,0.13,0.0,0.0
2025-01-16 18:00:00,0.6499999999999999,0.0,0.0,0.6499999999999999,0.0,12.719999999999999,0.0,0.6499999999999999,0.0,0.0
2025-01-16 19:00:00,0.25,0.0,0.0,0.25,0.0,12.469999999999999,0.0,0.25,0.0,0.0
2025-01-16 20:00:00,0.3,0.0,0.0,0.3,0.0,12.169999999999998,0.0,0.3,0.0,0.0
2025-01-16 21:00:00,0.13,0.0,0.0,0.13,0.0,12.039999999999997,0.0,0.13,0.0,0.0
2025-01-16 22:00:00,0.54,0.0,0.0,0.54,0.0,11.499999999999996,0.0,0.54,0.0,0.0
2025-01-16 23:00:00,0.8500000000000001,0.0,0.0,0.8500000000000001,0.0,10.649999999999997,0.0,0.8500000000000001,0.0,0.0
2025-01-17 00:00:00,0.72,0.0,0.0,0.72,0.0,9.929999999999996,0.0,0.72,0.0,0.0
2025-01-17 01:00:00,0.79,0.0,0.0,0.79,0.0,9.139999999999997,0.0,0.79,0.0,0.0
2025-01-17 02:00:00,0.78,0.0,0.0,0.78,0.0,8.359999999999998,0.0,0.78,0.0,0.0
2025-01-17 03:00:00,0.86,0.0,0.0,0.86,0.0,7.499999999999997,0.0,0.86,0.0,0.0
2025-01-17 04:00:00,0.87,0.0,0.0,0.87,0.0,6.629999999999997,0.0,0.87,0.0,0.0
2025-01-17 05:00:00,0.93,0.0,0.0,0.93,0.0,5.6999999999999975,0.0,0.93,0.0,0.0
2025-01-17 06:00:00,1.16,0.0,0.0,1.16,0.0,4.539999999999997,0.0,1.16,0.0,0.0
2025-01-17 07:00:00,1.1,0.0,0.0,1.1,0.0,3.4399999999999973,0.0,1.1,0.0,0.0
2025-01-17 08:00:00,0.77,0.0,0.0,0.77,0.016011,2.686010999999997,0.0,0.753989,0.0,0.0
2025-01-17 09:00:00,1.02,0.0,0.0,1.02,2.7321500000000003,4.398160999999997,1.7121500000000003,0.0,0.0,0.0
2025-01-17 10:00:00,0.6,0.0,0.0,0.6,3.017913,6.816073999999997,2.417913,0.0,0.0,0.0
2025-01-17 11:00:00,1.14,0.3125333333333334,0.0,1.4525333333333332,3.164205,8.527745666666664,1.7116716666666667,0.0,0.0,0.0
2025-01-17 12:00:00,0.46,0.3125333333333334,0.0,0.7725333333333334,3.805739,11.560951333333332,3.0332056666666665,0.0,0.0,0.0
2025-01-17 13:00:00,0.61,0.3125333333333334,0.0,0.9225333333333334,2.641794,13.280211999999999,1.7192606666666665,0.0,0.0,0.0
2025-01-17 14:00:00,0.5499999999999999,0.0,1.146692999999999,1.696692999999999,1.916481,13.5,0.2197880000000012,0.0,0.0,0.0
2025-01-17 15:00:00,0.5499999999999999,0.0,0.9448820000000001,1.494882,1.494882,13.5,0.0,0.0,0.0,0.0
2025-01-17 16:00:00,0.6400000000000001,0.0,0.0,0.6400000000000001,0.333695,13.193695,0.0,0.3063050000000001,0.0,0.0
2025-01-17 17:00:00,1.43,0.0,0.0,1.43,0.0,11.763695,0.0,1.43,0.0,0.0
2025-01-17 18:00:00,2.14,0.0,0.0,2.14,0.0,9.623695,0.0,2.14,0.0,0.0
2025-01-17 19:00:00,0.81,0.0,0.0,0.81,0.0,8.813695,0.0,0.81,0.0,0.0
2025-01-17 20:00:00,0.72,0.0,0.0,0.72,0.0,8.093694999999999,0.0,0.72,0.0,0.0
2025-01-17 21:00:00,0.92,0.0,0.0,0.92,0.0,7.173694999999999,0.0,0.92,0.0,0.0
2025-01-17 22:00:00,0.54,0.0,0.0,0.54,0.0,6.633694999999999,0.0,0.54,0.0,0.0
2025-01-17 23:00:00,1.15,0.0,0.0,1.15,0.0,5.483694999999999,0.0,1.15,0.0,0.0
2025-01-18 00:00:00,0.93,0.0,0.0,0.93,0.0,4.553694999999999,0.0,0.93,0.0,0.0
2025-01-18 01:00:00,0.88,0.0,0.0,0.88,0.0,3.6736949999999995,0.0,0.88,0.0,0.0
2025-01-18 02:00:00,0.93,0.0,0.0,0.93,0.0,2.7436949999999993,0.0,0.93,0.0,0.0
2025-01-18 03:00:00,1.08,0.0,0.0,1.08,0.0,1.6636949999999993,0.0,1.08,0.0,0.0
2025-01-18 04:00:00,0.82,0.0,0.0,0.82,0.0,0.8436949999999993,0.0,0.82,0.0,0.0
2025-01-18 05:00:00,0.96,0.0,0.0,0.96,0.0,0.0,0.0,0.8436949999999993,0.11630500000000066,0.0
2025-01-18 06:00:00,1.33,0.0,0.0,1.33,0.0,0.0,0.0,0.0,1.33,0.0
2025-01-18 07:00:00,0.94,0.0,0.0,0.94,0.0,0.0,0.0,0.0,0.94,0.0
2025-01-18 08:00:00,0.87,0.0,0.0,0.87,2.193151,1.3231509999999997,1.3231509999999997,0.0,0.0,0.0
2025-01-18 09:00:00,1.56,0.0,0.0,1.56,0.9363319999999999,0.6994829999999996,0.0,0.6236680000000001,0.0,0.0
2025-01-18 10:00:00,0.51,0.0,0.0,0.51,3.675507,3.8649899999999997,3.165507,0.0,0.0,0.0
2025-01-18 11:00:00,0.1699999999999999,0.3125333333333334,0.0,0.48253333333333326,5.052058,8.434514666666665,4.569524666666666,0.0,0.0,0.0
2025-01-18 12:00:00,0.15,0.3125333333333334,0.0,0.46253333333333335,4.9518450000000005,12.923826333333333,4.4893116666666675,0.0,0.0,0.0
2025-01-18 13:00:00,0.22,0.3125333333333334,2.241776999999999,2.7743103333333323,3.350484,13.5,0.5761736666666675,0.0,0.0,0.0
2025-01-18 14:00:00,0.16,0.0,3.320101,3.4801010000000003,3.4801010000000003,13.5,0.0,0.0,0.0,0.0
2025-01-18 15:00:00,0.1,0.0,2.055361,2.155361,2.155361,13.5,0.0,0.0,0.0,0.0
2025-01-18 16:00:00,0.12,0.0,0.496537,0.616537,0.616537,13.5,0.0,0.0,0.0,0.0
2025-01-18 17:00:00,0.12,0.0,0.0,0.12,0.0,13.38,0.0,0.12,0.0,0.0
2025-01-18 18:00:00,0.18,0.0,0.0,0.18,0.0,13.200000000000001,0.0,0.18,0.0,0.0
2025-01-18 19:00:00,0.59,0.0,0.0,0.59,0.0,12.610000000000001,0.0,0.59,0.0,0.0
2025-01-18 20:00:00,1.06,0.0,0.0,1.06,0.0,11.55,0.0,1.06,0.0,0.0
2025-01-18 21:00:00,0.8300000000000001,0.0,0.0,0.8300000000000001,0.0,10.72,0.0,0.8300000000000001,0.0,0.0
2025-01-18 22:00:00,0.8,0.0,0.0,0.8,0.0,9.92,0.0,0.8,0.0,0.0
2025-01-18 23:00:00,0.95,0.0,0.0,0.95,0.0,8.97,0.0,0.95,0.0,0.0
2025-01-19 00:00:00,1.25,0.0,0.0,1.25,0.0,7.720000000000001,0.0,1.25,0.0,0.0
2025-01-19 01:00:00,0.9,0.0,0.0,0.9,0.0,6.82,0.0,0.9,0.0,0.0
2025-01-19 02:00:00,1.25,0.0,0.0,1.25,0.0,5.57,0.0,1.25,0.0,0.0
2025-01-19 03:00:00,1.09,0.0,0.0,1.09,0.0,4.48,0.0,1.09,0.0,0.0
2025-01-19 04:00:00,1.04,0.0,0.0,1.04,0.0,3.4400000000000004,0.0,1.04,0.0,0.0
2025-01-19 05:00:00,0.94,0.0,0.0,0.94,0.0,2.5000000000000004,0.0,0.94,0.0,0.0
2025-01-19 06:00:00,1.19,0.0,0.0,1.19,0.0,1.3100000000000005,0.0,1.19,0.0,0.0
2025-01-19 07:00:00,1.18,0.0,0.0,1.18,0.0,0.13000000000000056,0.0,1.18,0.0,0.0
2025-01-19 08:00:00,0.95,0.0,0.0,0.95,2.4990279999999996,1.6790280000000002,1.5490279999999996,0.0,0.0,0.0
2025-01-19 09:00:00,0.92,0.0,0.0,0.92,3.9772220000000003,4.73625,3.0572220000000003,0.0,0.0,0.0
2025-01-19 10:00:00,0.8699999999999999,0.0,0.0,0.8699999999999999,4.851062,8.717312,3.9810619999999997,0.0,0.0,0.0
2025-01-19 11:00:00,0.6,0.3125333333333334,0.0,0.9125333333333334,5.113575,12.918353666666667,4.201041666666667,0.0,0.0,0.0
2025-01-19 12:00:00,1.06,0.3125333333333334,3.0029513333333337,4.375484666666667,4.957131,13.5,0.5816463333333335,0.0,0.0,0.0
2025-01-19 13:00:00,0.55,0.3125333333333334,3.5459666666666667,4.4085,4.4085,13.5,0.0,0.0,0.0,0.0
2025-01-19 14:00:00,0.45,0.0,3.066297,3.5162970000000002,3.5162970000000002,13.5,0.0,0.0,0.0,0.0
2025-01-19 15:00:00,1.04,0.0,1.169454,2.209454,2.209454,13.5,0.0,0.0,0.0,0.0
2025-01-19 16:00:00,1.53,0.0,0.0,1.53,0.6593640000000001,12.629364,0.0,0.870636,0.0,0.0
2025-01-19 17:00:00,1.84,0.0,0.0,1.84,0.0,10.789364,0.0,1.84,0.0,0.0
2025-01-19 18:00:00,1.89,0.0,0.0,1.89,0.0,8.899364,0.0,1.89,0.0,0.0
2025-01-19 19:00:00,1.99,0.0,0.0,1.99,0.0,6.909364,0.0,1.99,0.0,0.0
2025-01-19 20:00:00,2.26,0.0,0.0,2.26,0.0,4.649364,0.0,2.26,0.0,0.0
2025-01-19 21:00:00,1.87,0.0,0.0,1.87,0.0,2.779364,0.0,1.87,0.0,0.0
2025-01-19 22:00:00,2.22,0.0,0.0,2.22,0.0,0.559364,0.0,2.22,0.0,0.0
2025-01-19 23:00:00,1.88,0.0,0.0,1.88,0.0,0.0,0.0,0.559364,1.320636,0.0
2025-01-20 00:00:00,3.21,0.0,0.0,3.21,0.0,0.0,0.0,0.0,3.21,0.0
2025-01-20 01:00:00,2.26,0.0,0.0,2.26,0.0,0.0,0.0,0.0,2.26,0.0
2025-01-20 02:00:00,2.28,0.0,0.0,2.28,0.0,0.0,0.0,0.0,2.28,0.0
2025-01-20 03:00:00,2.1,0.0,0.0,2.1,0.0,0.0,0.0,0.0,2.1,0.0
2025-01-20 04:00:00,2.3,0.0,0.0,2.3,0.0,0.0,0.0,0.0,2.3,0.0
2025-01-20 05:00:00,2.24,0.0,0.0,2.24,0.0,0.0,0.0,0.0,2.24,0.0
2025-01-20 06:00:00,2.62,0.0,0.0,2.62,0.0,0.0,0.0,0.0,2.62,0.0
2025-01-20 07:00:00,2.49,0.0,0.0,2.49,0.0,0.0,0.0,0.0,2.49,0.0
2025-01-20 08:00:00,1.47,0.0,0.0,1.47,2.50413,1.03413,1.03413,0.0,0.0,0.0
2025-01-20 09:00:00,0.39,0.0,0.0,0.39,3.959653,4.603783,3.5696529999999997,0.0,0.0,0.0
2025-01-20 10:00:00,0.57,0.0,0.0,0.57,4.755962,8.789745,4.185962,0.0,0.0,0.0
2025-01-20 11:00:00,0.1,0.3125333333333334,0.0,0.4125333333333334,4.937617,13.314828666666667,4.525083666666667,0.0,0.0,0.0
2025-01-20 12:00:00,0.1,0.3125333333333334,0.0,0.4125333333333334,4.678769,13.5,0.1851713333333329,0.0,0.0,4.081064333333334
2025-01-20 13:00:00,0.21,0.3125333333333334,0.0,0.5225333333333334,4.201150999999999,13.5,0.0,0.0,0.0,3.678617666666666
2025-01-20 14:00:00,3.1799999999999997,0.0,0.0,3.1799999999999997,3.1411979999999997,13.461198,0.0,0.038802,0.0,0.0
2025-01-20 15:00:00,2.51,0.0,0.0,2.51,1.108404,12.059602,0.0,1.4015959999999998,0.0,0.0
2025-01-20 16:00:00,0.64,0.0,0.0,0.64,0.333535,11.753137,0.0,0.306465,0.0,0.0
2025-01-20 17:00:00,0.14,0.0,0.0,0.14,0.0,11.613137,0.0,0.14,0.0,0.0
2025-01-20 18:00:00,0.23,0.0,0.0,0.23,0.0,11.383137,0.0,0.23,0.0,0.0
2025-01-20 19:00:00,0.18,0.0,0.0,0.18,0.0,11.203137,0.0,0.18,0.0,0.0
2025-01-20 20:00:00,0.18,0.0,0.0,0.18,0.0,11.023137,0.0,0.18,0.0,0.0
2025-01-20 21:00:00,0.92,0.0,0.0,0.92,0.0,10.103137,0.0,0.92,0.0,0.0
2025-01-20 22:00:00,0.56,0.0,0.0,0.56,0.0,9.543137,0.0,0.56,0.0,0.0
2025-01-20 23:00:00,0.81,0.0,0.0,0.81,0.0,8.733137,0.0,0.81,0.0,0.0
2025-01-21 00:00:00,0.99,0.0,0.0,0.99,0.0,7.743136999999999,0.0,0.99,0.0,0.0
2025-01-21 01:00:00,1.01,0.0,0.0,1.01,0.0,6.733136999999999,0.0,1.01,0.0,0.0
2025-01-21 02:00:00,1.0,0.0,0.0,1.0,0.0,5.733136999999999,0.0,1.0,0.0,0.0
2025-01-21 03:00:00,1.03,0.0,0.0,1.03,0.0,4.703136999999999,0.0,1.03,0.0,0.0
2025-01-21 04:00:00,1.36,0.0,0.0,1.36,0.0,3.3431369999999987,0.0,1.36,0.0,0.0
2025-01-21 05:00:00,0.98,0.0,0.0,0.98,0.0,2.3631369999999987,0.0,0.98,0.0,0.0
2025-01-21 06:00:00,1.31,0.0,0.0,1.31,0.0,1.0531369999999987,0.0,1.31,0.0,0.0
2025-01-21 07:00:00,1.65,0.0,0.0,1.65,0.0,0.0,0.0,1.0531369999999987,0.5968630000000013,0.0
2025-01-21 08:00:00,0.62,0.0,0.0,0.62,2.43498,1.8149799999999998,1.8149799999999998,0.0,0.0,0.0
2025-01-21 09:00:00,0.55,0.0,0.0,0.55,3.791442,5.0564219999999995,3.241442,0.0,0.0,0.0
2025-01-21 10:00:00,0.22,0.0,0.0,0.22,4.499623,9.336044999999999,4.279623,0.0,0.0,0.0
2025-01-21 11:00:00,0.2299999999999999,0.3125333333333334,0.0,0.5425333333333333,4.686109,13.479620666666666,4.143575666666667,0.0,0.0,0.0
2025-01-21 12:00:00,0.22,0.3125333333333334,0.0,0.5325333333333334,4.562093,13.5,0.020379333333334415,0.0,0.0,4.009180333333332
2025-01-21 13:00:00,0.2299999999999999,0.3125333333333334,0.0,0.5425333333333333,4.1688860000000005,13.5,0.0,0.0,0.0,3.6263526666666674
2025-01-21 14:00:00,0.22,0.0,0.0,0.22,3.4248119999999997,13.5,0.0,0.0,0.0,3.2048119999999995
2025-01-21 15:00:00,0.22,0.0,0.0,0.22,2.2087660000000002,13.5,0.0,0.0,0.0,1.9887660000000003
2025-01-21 16:00:00,0.22,0.0,0.0,0.22,0.688211,13.5,0.0,0.0,0.0,0.46821100000000004
2025-01-21 17:00:00,0.18,0.0,0.0,0.18,0.0,13.32,0.0,0.18,0.0,0.0
2025-01-21 18:00:00,2.35,0.0,0.0,2.35,0.0,10.97,0.0,2.35,0.0,0.0
2025-01-21 19:00:00,0.44,0.0,0.0,0.44,0.0,10.530000000000001,0.0,0.44,0.0,0.0
2025-01-21 20:00:00,0.5700000000000001,0.0,0.0,0.5700000000000001,0.0,9.96,0.0,0.5700000000000001,0.0,0.0
2025-01-21 21:00:00,0.72,0.0,0.0,0.72,0.0,9.24,0.0,0.72,0.0,0.0
2025-01-21 22:00:00,0.6,0.0,0.0,0.6,0.0,8.64,0.0,0.6,0.0,0.0
2025-01-21 23:00:00,0.88,0.0,0.0,0.88,0.0,7.760000000000001,0.0,0.88,0.0,0.0
2025-01-22 00:00:00,1.12,0.0,0.0,1.12,0.0,6.640000000000001,0.0,1.12,0.0,0.0
2025-01-22 01:00:00,1.06,0.0,0.0,1.06,0.0,5.58,0.0,1.06,0.0,0.0
2025-01-22 02:00:00,1.18,0.0,0.0,1.18,0.0,4.4,0.0,1.18,0.0,0.0
2025-01-22 03:00:00,1.2000000000000002,0.0,0.0,1.2000000000000002,0.0,3.2,0.0,1.2000000000000002,0.0,0.0
2025-01-22 04:00:00,1.02,0.0,0.0,1.02,0.0,2.18,0.0,1.02,0.0,0.0
2025-01-22 05:00:00,1.16,0.0,0.0,1.16,0.0,1.0200000000000002,0.0,1.16,0.0,0.0
2025-01-22 06:00:00,1.44,0.0,0.0,1.44,0.0,0.0,0.0,1.0200000000000002,0.4199999999999997,0.0
2025-01-22 07:00:00,1.11,0.0,0.0,1.11,0.0,0.0,0.0,0.0,1.11,0.0
2025-01-22 08:00:00,0.59,0.0,0.0,0.59,2.555993,1.965993,1.965993,0.0,0.0,0.0
2025-01-22 09:00:00,0.52,0.0,0.0,0.52,3.96619,5.412183000000001,3.44619,0.0,0.0,0.0
2025-01-22 10:00:00,0.11,0.0,0.0,0.11,3.09346,8.395643,2.98346,0.0,0.0,0.0
2025-01-22 11:00:00,0.11,0.3125333333333334,0.0,0.42253333333333337,4.976432,12.949541666666667,4.553898666666667,0.0,0.0,0.0
2025-01-22 12:00:00,0.12,0.3125333333333334,3.800284333333333,4.232817666666667,4.783276,13.5,0.5504583333333333,0.0,0.0,0.0
2025-01-22 13:00:00,0.11,0.3125333333333334,3.824654666666667,4.247188,4.247188,13.5,0.0,0.0,0.0,0.0
2025-01-22 14:00:00,0.11,0.0,3.287091,3.397091,3.397091,13.5,0.0,0.0,0.0,0.0
2025-01-22 15:00:00,0.11,0.0,2.0690120000000003,2.179012,2.179012,13.5,0.0,0.0,0.0,0.0
2025-01-22 16:00:00,0.27,0.0,0.15712199999999998,0.427122,0.427122,13.5,0.0,0.0,0.0,0.0
2025-01-22 17:00:00,0.53,0.0,0.0,0.53,0.0,12.97,0.0,0.53,0.0,0.0
2025-01-22 18:00:00,0.56,0.0,0.0,0.56,0.0,12.41,0.0,0.56,0.0,0.0
2025-01-22 19:00:00,0.16,0.0,0.0,0.16,0.0,12.25,0.0,0.16,0.0,0.0
2025-01-22 20:00:00,0.19,0.0,0.0,0.19,0.0,12.06,0.0,0.19,0.0,0.0
2025-01-22 21:00:00,0.16,0.0,0.0,0.16,0.0,11.9,0.0,0.16,0.0,0.0
2025-01-22 22:00:00,0.21,0.0,0.0,0.21,0.0,11.69,0.0,0.21,0.0,0.0
2025-01-22 23:00:00,0.8,0.0,0.0,0.8,0.0,10.889999999999999,0.0,0.8,0.0,0.0
2025-01-23 00:00:00,0.4299999999999999,0.0,0.0,0.4299999999999999,0.0,10.459999999999999,0.0,0.4299999999999999,0.0,0.0
2025-01-23 01:00:00,0.86,0.0,0.0,0.86,0.0,9.6,0.0,0.86,0.0,0.0
2025-01-23 02:00:00,0.9,0.0,0.0,0.9,0.0,8.7,0.0,0.9,0.0,0.0
2025-01-23 03:00:00,0.75,0.0,0.0,0.75,0.0,7.949999999999999,0.0,0.75,0.0,0.0
2025-01-23 04:00:00,0.94,0.0,0.0,0.94,0.0,7.01,0.0,0.94,0.0,0.0
2025-01-23 05:00:00,0.85,0.0,0.0,0.85,0.0,6.16,0.0,0.85,0.0,0.0
2025-01-23 06:00:00,1.12,0.0,0.0,1.12,0.0,5.04,0.0,1.12,0.0,0.0
2025-01-23 07:00:00,0.52,0.0,0.0,0.52,0.0,4.52,0.0,0.52,0.0,0.0
2025-01-23 08:00:00,0.1,0.0,0.0,0.1,2.3099380000000003,6.729938,2.209938,0.0,0.0,0.0
2025-01-23 09:00:00,0.13,0.0,0.0,0.13,1.736453,8.336390999999999,1.6064530000000001,0.0,0.0,0.0
2025-01-23 10:00:00,0.13,0.0,0.0,0.13,4.429354,12.635745,4.299354,0.0,0.0,0.0
2025-01-23 11:00:00,0.11,0.4688,0.0,0.5788,4.725429,13.5,0.864255,0.0,0.0,3.282374
2025-01-23 12:00:00,0.23,0.4688,0.0,0.6988,4.611147,13.5,0.0,0.0,0.0,3.912347
2025-01-23 13:00:00,0.11,0.4688,0.0,0.5788,4.157166,13.5,0.0,0.0,0.0,3.578366
2025-01-23 14:00:00,0.1,0.0,0.0,0.1,3.283545,13.5,0.0,0.0,0.0,3.183545
2025-01-23 15:00:00,0.1,0.0,0.0,0.1,2.0566109999999997,13.5,0.0,0.0,0.0,1.9566109999999997
2025-01-23 16:00:00,0.1,0.0,0.0,0.1,0.638294,13.5,0.0,0.0,0.0,0.538294
2025-01-23 17:00:00,0.45,0.0,0.0,0.45,0.0,13.05,0.0,0.45,0.0,0.0
2025-01-23 18:00:00,2.29,0.0,0.0,2.29,0.0,10.760000000000002,0.0,2.29,0.0,0.0
2025-01-23 19:00:00,0.28,0.0,0.0,0.28,0.0,10.480000000000002,0.0,0.28,0.0,0.0
2025-01-23 20:00:00,0.17,0.0,0.0,0.17,0.0,10.310000000000002,0.0,0.17,0.0,0.0
2025-01-23 21:00:00,0.16,0.0,0.0,0.16,0.0,10.150000000000002,0.0,0.16,0.0,0.0
2025-01-23 22:00:00,0.7100000000000001,0.0,0.0,0.7100000000000001,0.0,9.440000000000001,0.0,0.7100000000000001,0.0,0.0
2025-01-23 23:00:00,0.7100000000000001,0.0,0.0,0.7100000000000001,0.0,8.73,0.0,0.7100000000000001,0.0,0.0
2025-01-24 00:00:00,0.41,0.0,0.0,0.41,0.0,8.32,0.0,0.41,0.0,0.0
2025-01-24 01:00:00,0.6799999999999999,0.0,0.0,0.6799999999999999,0.0,7.640000000000001,0.0,0.6799999999999999,0.0,0.0
2025-01-24 02:00:00,0.6799999999999999,0.0,0.0,0.6799999999999999,0.0,6.960000000000001,0.0,0.6799999999999999,0.0,0.0
2025-01-24 03:00:00,0.88,0.0,0.0,0.88,0.0,6.080000000000001,0.0,0.88,0.0,0.0
2025-01-24 04:00:00,0.75,0.0,0.0,0.75,0.0,5.330000000000001,0.0,0.75,0.0,0.0
2025-01-24 05:00:00,0.94,0.0,0.0,0.94,0.0,4.390000000000001,0.0,0.94,0.0,0.0
2025-01-24 06:00:00,0.93,0.0,0.0,0.93,0.0,3.4600000000000004,0.0,0.93,0.0,0.0
2025-01-24 07:00:00,1.0,0.0,0.0,1.0,0.003985,2.4639850000000005,0.0,0.996015,0.0,0.0
2025-01-24 08:00:00,0.45,0.0,0.0,0.45,0.122583,2.1365680000000005,0.0,0.327417,0.0,0.0
2025-01-24 09:00:00,0.27,0.0,0.0,0.27,1.475468,3.3420360000000002,1.205468,0.0,0.0,0.0
2025-01-24 10:00:00,0.27,0.0,0.0,0.27,3.547571,6.619607,3.277571,0.0,0.0,0.0
2025-01-24 11:00:00,0.26,0.4688,0.0,0.7288,2.885839,8.776646,2.1570389999999997,0.0,0.0,0.0
2025-01-24 12:00:00,0.26,0.4688,0.0,0.7288,4.107063,12.154909,3.378263,0.0,0.0,0.0
2025-01-24 13:00:00,0.22,0.4688,0.972899,1.661699,3.00679,13.5,1.345091,0.0,0.0,0.0
2025-01-24 14:00:00,0.21,0.0,3.117388,3.327388,3.327388,13.5,0.0,0.0,0.0,0.0
2025-01-24 15:00:00,0.22,0.0,1.467157,1.687157,1.687157,13.5,0.0,0.0,0.0,0.0
2025-01-24 16:00:00,0.21,0.0,0.02379300000000001,0.233793,0.233793,13.5,0.0,0.0,0.0,0.0
2025-01-24 17:00:00,0.63,0.0,0.0,0.63,0.0,12.87,0.0,0.63,0.0,0.0
2025-01-24 18:00:00,3.28,0.0,0.0,3.28,0.0,9.59,0.0,3.28,0.0,0.0
2025-01-24 19:00:00,2.3200000000000003,0.0,0.0,2.3200000000000003,0.0,7.27,0.0,2.3200000000000003,0.0,0.0
2025-01-24 20:00:00,1.11,0.0,0.0,1.11,0.0,6.159999999999999,0.0,1.11,0.0,0.0
2025-01-24 21:00:00,1.17,0.0,0.0,1.17,0.0,4.989999999999999,0.0,1.17,0.0,0.0
2025-01-24 22:00:00,1.46,0.0,0.0,1.46,0.0,3.5299999999999994,0.0,1.46,0.0,0.0
2025-01-24 23:00:00,1.82,0.0,0.0,1.82,0.0,1.7099999999999993,0.0,1.82,0.0,0.0
2025-01-25 00:00:00,1.4500000000000002,0.0,0.0,1.4500000000000002,0.0,0.2599999999999991,0.0,1.4500000000000002,0.0,0.0
2025-01-25 01:00:00,1.82,0.0,0.0,1.82,0.0,0.0,0.0,0.2599999999999991,1.560000000000001,0.0
2025-01-25 02:00:00,1.53,0.0,0.0,1.53,0.0,0.0,0.0,0.0,1.53,0.0
2025-01-25 03:00:00,1.97,0.0,0.0,1.97,0.0,0.0,0.0,0.0,1.97,0.0
2025-01-25 04:00:00,1.83,0.0,0.0,1.83,0.0,0.0,0.0,0.0,1.83,0.0
2025-01-25 05:00:00,1.82,0.0,0.0,1.82,0.0,0.0,0.0,0.0,1.82,0.0
2025-01-25 06:00:00,1.89,0.0,0.0,1.89,0.0,0.0,0.0,0.0,1.89,0.0
2025-01-25 07:00:00,1.87,0.0,0.0,1.87,0.0,0.0,0.0,0.0,1.87,0.0
2025-01-25 08:00:00,1.82,0.0,0.0,1.82,0.268736,0.0,0.0,0.0,1.5512640000000002,0.0
2025-01-25 09:00:00,1.4500000000000002,0.0,0.0,1.4500000000000002,2.82679,1.3767899999999997,1.3767899999999997,0.0,0.0,0.0
2025-01-25 10:00:00,1.12,0.0,0.0,1.12,0.21773699999999999,0.4745269999999996,0.0,0.9022630000000001,0.0,0.0
2025-01-25 11:00:00,1.12,0.4688,0.0,1.5888,0.722696,0.0,0.0,0.4745269999999996,0.3915770000000004,0.0
2025-01-25 12:00:00,0.1,0.4688,0.0,0.5688,0.440035,0.0,0.0,0.0,0.12876499999999996,0.0
2025-01-25 13:00:00,0.23,0.4688,0.0,0.6988,0.37342000000000003,0.0,0.0,0.0,0.32537999999999995,0.0
2025-01-25 14:00:00,0.26,0.0,0.0,0.26,0.39416,0.13416,0.13416,0.0,0.0,0.0
2025-01-25 15:00:00,0.2,0.0,0.0,0.2,0.273285,0.207445,0.07328499999999999,0.0,0.0,0.0
2025-01-25 16:00:00,0.18,0.0,0.0,0.18,0.165522,0.192967,0.0,0.014477999999999991,0.0,0.0
2025-01-25 17:00:00,2.43,0.0,0.0,2.43,0.0,0.0,0.0,0.192967,2.2370330000000003,0.0
2025-01-25 18:00:00,1.88,0.0,0.0,1.88,0.0,0.0,0.0,0.0,1.88,0.0
2025-01-25 19:00:00,0.47,0.0,0.0,0.47,0.0,0.0,0.0,0.0,0.47,0.0
2025-01-25 20:00:00,0.28,0.0,0.0,0.28,0.0,0.0,0.0,0.0,0.28,0.0
2025-01-25 21:00:00,0.71,0.0,0.0,0.71,0.0,0.0,0.0,0.0,0.71,0.0
2025-01-25 22:00:00,1.48,0.0,0.0,1.48,0.0,0.0,0.0,0.0,1.48,0.0
2025-01-25 23:00:00,0.92,0.0,0.0,0.92,0.0,0.0,0.0,0.0,0.92,0.0
2025-01-26 00:00:00,0.93,0.0,0.0,0.93,0.0,0.0,0.0,0.0,0.93,0.0
2025-01-26 01:00:00,0.97,0.0,0.0,0.97,0.0,0.0,0.0,0.0,0.97,0.0
2025-01-26 02:00:00,1.04,0.0,0.0,1.04,0.0,0.0,0.0,0.0,1.04,0.0
2025-01-26 03:00:00,1.04,0.0,0.0,1.04,0.0,0.0,0.0,0.0,1.04,0.0
2025-01-26 04:00:00,1.25,0.0,0.0,1.25,0.0,0.0,0.0,0.0,1.25,0.0
2025-01-26 05:00:00,1.74,0.0,0.0,1.74,0.0,0.0,0.0,0.0,1.74,0.0
2025-01-26 06:00:00,1.37,0.0,0.0,1.37,0.0,0.0,0.0,0.0,1.37,0.0
2025-01-26 07:00:00,1.37,0.0,0.0,1.37,0.0,0.0,0.0,0.0,1.37,0.0
2025-01-26 08:00:00,1.52,0.0,0.0,1.52,0.317813,0.0,0.0,0.0,1.202187,0.0
2025-01-26 09:00:00,1.13,0.0,0.0,1.13,1.885243,0.7552430000000001,0.7552430000000001,0.0,0.0,0.0
2025-01-26 10:00:00,0.98,0.0,0.0,0.98,2.661183,2.436426,1.6811829999999999,0.0,0.0,0.0
2025-01-26 11:00:00,0.5499999999999999,0.4688,0.0,1.0188,5.0663800000000005,6.484006000000001,4.047580000000001,0.0,0.0,0.0
2025-01-26 12:00:00,0.6699999999999999,0.4688,0.0,1.1387999999999998,5.001027,10.346233000000002,3.862227,0.0,0.0,0.0
2025-01-26 13:00:00,0.27,0.4688,0.6276010000000016,1.3664010000000015,4.520168,13.5,3.1537669999999984,0.0,0.0,0.0
2025-01-26 14:00:00,0.53,0.0,1.9425659999999996,2.4725659999999996,2.4725659999999996,13.5,0.0,0.0,0.0,0.0
2025-01-26 15:00:00,0.59,0.0,0.0,0.59,0.015814,12.925814,0.0,0.574186,0.0,0.0
2025-01-26 16:00:00,0.6,0.0,0.0,0.6,0.473782,12.799596000000001,0.0,0.126218,0.0,0.0
2025-01-26 17:00:00,1.06,0.0,0.0,1.06,0.0,11.739596,0.0,1.06,0.0,0.0
2025-01-26 18:00:00,3.5,0.0,0.0,3.5,0.0,8.239596,0.0,3.5,0.0,0.0
2025-01-26 19:00:00,1.12,0.0,0.0,1.12,0.0,7.1195960000000005,0.0,1.12,0.0,0.0
2025-01-26 20:00:00,0.95,0.0,0.0,0.95,0.0,6.169596,0.0,0.95,0.0,0.0
2025-01-26 21:00:00,1.01,0.0,0.0,1.01,0.0,5.1595960000000005,0.0,1.01,0.0,0.0
2025-01-26 22:00:00,1.14,0.0,0.0,1.14,0.0,4.019596000000001,0.0,1.14,0.0,0.0
2025-01-26 23:00:00,1.08,0.0,0.0,1.08,0.0,2.9395960000000008,0.0,1.08,0.0,0.0
2025-01-27 00:00:00,1.01,0.0,0.0,1.01,0.0,1.9295960000000008,0.0,1.01,0.0,0.0
2025-01-27 01:00:00,1.29,0.0,0.0,1.29,0.0,0.6395960000000007,0.0,1.29,0.0,0.0
2025-01-27 02:00:00,1.59,0.0,0.0,1.59,0.0,0.0,0.0,0.6395960000000007,0.9504039999999994,0.0
2025-01-27 03:00:00,1.09,0.0,0.0,1.09,0.0,0.0,0.0,0.0,1.09,0.0
2025-01-27 04:00:00,1.7000000000000002,0.0,0.0,1.7000000000000002,0.0,0.0,0.0,0.0,1.7000000000000002,0.0
2025-01-27 05:00:00,1.2000000000000002,0.0,0.0,1.2000000000000002,0.0,0.0,0.0,0.0,1.2000000000000002,0.0
2025-01-27 06:00:00,1.57,0.0,0.0,1.57,0.0,0.0,0.0,0.0,1.57,0.0
2025-01-27 07:00:00,1.3,0.0,0.0,1.3,0.003811,0.0,0.0,0.0,1.296189,0.0
2025-01-27 08:00:00,0.98,0.0,0.0,0.98,1.355866,0.37586600000000003,0.37586600000000003,0.0,0.0,0.0
2025-01-27 09:00:00,0.47,0.0,0.0,0.47,2.8388899999999997,2.7447559999999998,2.3688899999999995,0.0,0.0,0.0
2025-01-27 10:00:00,0.1,0.0,0.0,0.1,0.923155,3.5679109999999996,0.823155,0.0,0.0,0.0
2025-01-27 11:00:00,0.11,0.4688,0.0,0.5788,1.7079010000000001,4.697012,1.1291010000000001,0.0,0.0,0.0
2025-01-27 12:00:00,0.1,0.4688,0.0,0.5688,1.4711690000000002,5.599381,0.9023690000000002,0.0,0.0,0.0
2025-01-27 13:00:00,0.1,0.4688,0.0,0.5688,0.566774,5.597355,0.0,0.0020259999999999723,0.0,0.0
2025-01-27 14:00:00,0.1,0.0,0.0,0.1,1.980255,7.47761,1.880255,0.0,0.0,0.0
2025-01-27 15:00:00,0.11,0.0,0.0,0.11,0.6596420000000001,8.027252,0.5496420000000001,0.0,0.0,0.0
2025-01-27 16:00:00,0.12,0.0,0.0,0.12,0.161239,8.068491,0.041239,0.0,0.0,0.0
2025-01-27 17:00:00,0.23,0.0,0.0,0.23,0.0,7.838490999999999,0.0,0.23,0.0,0.0
2025-01-27 18:00:00,1.35,0.0,0.0,1.35,0.0,6.488491,0.0,1.35,0.0,0.0
2025-01-27 19:00:00,0.3399999999999999,0.0,0.0,0.3399999999999999,0.0,6.148491,0.0,0.3399999999999999,0.0,0.0
2025-01-27 20:00:00,0.22,0.0,0.0,0.22,0.0,5.928491,0.0,0.22,0.0,0.0
2025-01-27 21:00:00,0.8,0.0,0.0,0.8,0.0,5.128491,0.0,0.8,0.0,0.0
2025-01-27 22:00:00,0.87,0.0,0.0,0.87,0.0,4.258491,0.0,0.87,0.0,0.0
2025-01-27 23:00:00,0.81,0.0,0.0,0.81,0.0,3.448491,0.0,0.81,0.0,0.0
2025-01-28 00:00:00,1.13,0.0,0.0,1.13,0.0,2.3184910000000003,0.0,1.13,0.0,0.0
2025-01-28 01:00:00,1.22,0.0,0.0,1.22,0.0,1.0984910000000003,0.0,1.22,0.0,0.0
2025-01-28 02:00:00,1.06,0.0,0.0,1.06,0.0,0.038491000000000275,0.0,1.06,0.0,0.0
2025-01-28 03:00:00,0.91,0.0,0.0,0.91,0.0,0.0,0.0,0.038491000000000275,0.8715089999999998,0.0
2025-01-28 04:00:00,1.04,0.0,0.0,1.04,0.0,0.0,0.0,0.0,1.04,0.0
2025-01-28 05:00:00,0.87,0.0,0.0,0.87,0.0,0.0,0.0,0.0,0.87,0.0
2025-01-28 06:00:00,1.38,0.0,0.0,1.38,0.0,0.0,0.0,0.0,1.38,0.0
2025-01-28 07:00:00,1.01,0.0,0.0,1.01,0.0,0.0,0.0,0.0,1.01,0.0
2025-01-28 08:00:00,0.56,0.0,0.0,0.56,1.040979,0.48097900000000005,0.48097900000000005,0.0,0.0,0.0
2025-01-28 09:00:00,0.48,0.0,0.0,0.48,3.419368,3.420347,2.939368,0.0,0.0,0.0
2025-01-28 10:00:00,0.11,0.0,0.0,0.11,4.690988,8.001335,4.580988,0.0,0.0,0.0
2025-01-28 11:00:00,0.1,0.4688,0.0,0.5688,5.113423,12.545957999999999,4.544623,0.0,0.0,0.0
2025-01-28 12:00:00,0.11,0.4688,0.0,0.5788,5.061515999999999,13.5,0.9540420000000012,0.0,0.0,3.528673999999998
2025-01-28 13:00:00,0.11,0.4688,0.0,0.5788,2.883863,13.5,0.0,0.0,0.0,2.3050629999999996
2025-01-28 14:00:00,0.1,0.0,0.0,0.1,3.654566,13.5,0.0,0.0,0.0,3.554566
2025-01-28 15:00:00,0.1,0.0,0.0,0.1,0.092334,13.492334,0.0,0.007666000000000006,0.0,0.0
2025-01-28 16:00:00,0.12,0.0,0.0,0.12,0.796907,13.5,0.007666000000000395,0.0,0.0,0.6692409999999996
2025-01-28 17:00:00,0.16,0.0,0.0,0.16,0.0,13.34,0.0,0.16,0.0,0.0
2025-01-28 18:00:00,0.22,0.0,0.0,0.22,0.0,13.12,0.0,0.22,0.0,0.0
2025-01-28 19:00:00,0.27,0.0,0.0,0.27,0.0,12.85,0.0,0.27,0.0,0.0
2025-01-28 20:00:00,0.85,0.0,0.0,0.85,0.0,12.0,0.0,0.85,0.0,0.0
2025-01-28 21:00:00,0.96,0.0,0.0,0.96,0.0,11.04,0.0,0.96,0.0,0.0
2025-01-28 22:00:00,0.95,0.0,0.0,0.95,0.0,10.09,0.0,0.95,0.0,0.0
2025-01-28 23:00:00,0.73,0.0,0.0,0.73,0.0,9.36,0.0,0.73,0.0,0.0
2025-01-29 00:00:00,0.86,0.0,0.0,0.86,0.0,8.5,0.0,0.86,0.0,0.0
2025-01-29 01:00:00,0.94,0.0,0.0,0.94,0.0,7.5600000000000005,0.0,0.94,0.0,0.0
2025-01-29 02:00:00,1.17,0.0,0.0,1.17,0.0,6.390000000000001,0.0,1.17,0.0,0.0
2025-01-29 03:00:00,0.74,0.0,0.0,0.74,0.0,5.65,0.0,0.74,0.0,0.0
2025-01-29 04:00:00,0.8800000000000001,0.0,0.0,0.8800000000000001,0.0,4.7700000000000005,0.0,0.8800000000000001,0.0,0.0
2025-01-29 05:00:00,0.81,0.0,0.0,0.81,0.0,3.9600000000000004,0.0,0.81,0.0,0.0
2025-01-29 06:00:00,0.96,0.0,0.0,0.96,0.0,3.0000000000000004,0.0,0.96,0.0,0.0
2025-01-29 07:00:00,1.1,0.0,0.0,1.1,0.219474,2.1194740000000003,0.0,0.8805260000000001,0.0,0.0
2025-01-29 08:00:00,0.94,0.0,0.0,0.94,2.697159,3.8766330000000004,1.7571590000000001,0.0,0.0,0.0
2025-01-29 09:00:00,0.73,0.0,0.0,0.73,4.124129,7.270762,3.394129,0.0,0.0,0.0
2025-01-29 10:00:00,0.8899999999999999,0.0,0.0,0.8899999999999999,4.948076,11.328838000000001,4.058076000000001,0.0,0.0,0.0
2025-01-29 11:00:00,0.8999999999999999,0.4688,1.6975200000000013,3.066320000000001,5.237482,13.5,2.171161999999999,0.0,0.0,0.0
2025-01-29 12:00:00,0.52,0.4688,4.159733999999999,5.148534,5.148534,13.5,0.0,0.0,0.0,0.0
2025-01-29 13:00:00,0.14,0.4688,4.024557,4.633357,4.633357,13.5,0.0,0.0,0.0,0.0
2025-01-29 14:00:00,0.48,0.0,3.26478,3.74478,3.74478,13.5,0.0,0.0,0.0,0.0
2025-01-29 15:00:00,0.44,0.0,2.0081480000000003,2.448148,2.448148,13.5,0.0,0.0,0.0,0.0
2025-01-29 16:00:00,0.4,0.0,0.45170299999999997,0.851703,0.851703,13.5,0.0,0.0,0.0,0.0
2025-01-29 17:00:00,0.5,0.0,0.0,0.5,0.0,13.0,0.0,0.5,0.0,0.0
2025-01-29 18:00:00,2.79,0.0,0.0,2.79,0.0,10.21,0.0,2.79,0.0,0.0
2025-01-29 19:00:00,1.55,0.0,0.0,1.55,0.0,8.66,0.0,1.55,0.0,0.0
2025-01-29 20:00:00,1.05,0.0,0.0,1.05,0.0,7.61,0.0,1.05,0.0,0.0
2025-01-29 21:00:00,1.48,0.0,0.0,1.48,0.0,6.130000000000001,0.0,1.48,0.0,0.0
2025-01-29 22:00:00,0.97,0.0,0.0,0.97,0.0,5.160000000000001,0.0,0.97,0.0,0.0
2025-01-29 23:00:00,1.12,0.0,0.0,1.12,0.0,4.040000000000001,0.0,1.12,0.0,0.0
2025-01-30 00:00:00,1.13,0.0,0.0,1.13,0.0,2.910000000000001,0.0,1.13,0.0,0.0
2025-01-30 01:00:00,0.94,0.0,0.0,0.94,0.0,1.970000000000001,0.0,0.94,0.0,0.0
2025-01-30 02:00:00,1.12,0.0,0.0,1.12,0.0,0.850000000000001,0.0,1.12,0.0,0.0
2025-01-30 03:00:00,0.88,0.0,0.0,0.88,0.0,0.0,0.0,0.850000000000001,0.029999999999999027,0.0
2025-01-30 04:00:00,0.87,0.0,0.0,0.87,0.0,0.0,0.0,0.0,0.87,0.0
2025-01-30 05:00:00,1.35,0.0,0.0,1.35,0.0,0.0,0.0,0.0,1.35,0.0
2025-01-30 06:00:00,0.86,0.0,0.0,0.86,0.0,0.0,0.0,0.0,0.86,0.0
2025-01-30 07:00:00,1.4,0.0,0.0,1.4,0.360593,0.0,0.0,0.0,1.039407,0.0
2025-01-30 08:00:00,1.13,0.0,0.0,1.13,2.852726,1.7227260000000002,1.7227260000000002,0.0,0.0,0.0
2025-01-30 09:00:00,0.95,0.0,0.0,0.95,4.242604,5.0153300000000005,3.292604,0.0,0.0,0.0
2025-01-30 10:00:00,0.86,0.0,0.0,0.86,4.3422030000000005,8.497533,3.4822030000000006,0.0,0.0,0.0
2025-01-30 11:00:00,0.4,0.4688,0.0,0.8688,5.209188,12.837921000000001,4.340388,0.0,0.0,0.0
2025-01-30 12:00:00,0.88,0.4688,0.0,1.3488,4.511163,13.5,0.6620789999999985,0.0,0.0,2.5002840000000015
2025-01-30 13:00:00,0.48,0.4688,0.0,0.9488,4.313763,13.5,0.0,0.0,0.0,3.364963
2025-01-30 14:00:00,0.55,0.0,0.0,0.55,3.7237489999999998,13.5,0.0,0.0,0.0,3.173749
2025-01-30 15:00:00,0.47,0.0,0.0,0.47,2.440985,13.5,0.0,0.0,0.0,1.970985
2025-01-30 16:00:00,0.98,0.0,0.0,0.98,0.856211,13.376211,0.0,0.12378899999999993,0.0,0.0
2025-01-30 17:00:00,1.02,0.0,0.0,1.02,0.0,12.356211,0.0,1.02,0.0,0.0
2025-01-30 18:00:00,1.39,0.0,0.0,1.39,0.0,10.966211,0.0,1.39,0.0,0.0
2025-01-30 19:00:00,0.75,0.0,0.0,0.75,0.0,10.216211,0.0,0.75,0.0,0.0
2025-01-30 20:00:00,0.97,0.0,0.0,0.97,0.0,9.246210999999999,0.0,0.97,0.0,0.0
2025-01-30 21:00:00,1.37,0.0,0.0,1.37,0.0,7.876210999999999,0.0,1.37,0.0,0.0
2025-01-30 22:00:00,1.09,0.0,0.0,1.09,0.0,6.786210999999999,0.0,1.09,0.0,0.0
2025-01-30 23:00:00,1.24,0.0,0.0,1.24,0.0,5.546210999999999,0.0,1.24,0.0,0.0
2025-01-31 00:00:00,0.85,0.0,0.0,0.85,0.0,4.696210999999999,0.0,0.85,0.0,0.0
2025-01-31 01:00:00,1.51,0.0,0.0,1.51,0.0,3.1862109999999992,0.0,1.51,0.0,0.0
2025-01-31 02:00:00,0.93,0.0,0.0,0.93,0.0,2.256210999999999,0.0,0.93,0.0,0.0
2025-01-31 03:00:00,1.29,0.0,0.0,1.29,0.0,0.966210999999999,0.0,1.29,0.0,0.0
2025-01-31 04:00:00,0.8600000000000001,0.0,0.0,0.8600000000000001,0.0,0.10621099999999895,0.0,0.8600000000000001,0.0,0.0
2025-01-31 05:00:00,1.17,0.0,0.0,1.17,0.0,0.0,0.0,0.10621099999999895,1.063789000000001,0.0
2025-01-31 06:00:00,1.04,0.0,0.0,1.04,0.0,0.0,0.0,0.0,1.04,0.0
2025-01-31 07:00:00,1.29,0.0,0.0,1.29,0.007732,0.0,0.0,0.0,1.282268,0.0
2025-01-31 08:00:00,1.95,0.0,0.0,1.95,1.044193,0.0,0.0,0.0,0.905807,0.0
2025-01-31 09:00:00,1.02,0.0,0.0,1.02,4.02146,3.0014600000000002,3.0014600000000002,0.0,0.0,0.0
2025-01-31 10:00:00,1.23,0.0,0.0,1.23,4.855099,6.626559,3.625099,0.0,0.0,0.0
2025-01-31 11:00:00,1.39,0.6250666666666668,0.0,2.015066666666667,5.163515,9.775007333333335,3.1484483333333335,0.0,0.0,0.0
2025-01-31 12:00:00,0.89,0.6250666666666668,0.0,1.5150666666666668,5.048529,13.308469666666667,3.5334623333333335,0.0,0.0,0.0
2025-01-31 13:00:00,1.41,0.6250666666666668,2.310457000000001,4.345523666666668,4.537054,13.5,0.1915303333333327,0.0,0.0,0.0
2025-01-31 14:00:00,0.97,0.0,2.7111599999999996,3.6811599999999993,3.6811599999999998,13.5,0.0,0.0,0.0,0.0
2025-01-31 15:00:00,1.05,0.0,0.768864,1.818864,1.818864,13.5,0.0,0.0,0.0,0.0
2025-01-31 16:00:00,0.61,0.0,0.0,0.61,0.43261700000000003,13.322617,0.0,0.17738299999999996,0.0,0.0
2025-01-31 17:00:00,2.59,0.0,0.0,2.59,0.0,10.732617,0.0,2.59,0.0,0.0
2025-01-31 18:00:00,1.54,0.0,0.0,1.54,0.0,9.192616999999998,0.0,1.54,0.0,0.0
2025-01-31 19:00:00,0.7200000000000001,0.0,0.0,0.7200000000000001,0.0,8.472616999999998,0.0,0.7200000000000001,0.0,0.0
2025-01-31 20:00:00,0.34,0.0,0.0,0.34,0.0,8.132616999999998,0.0,0.34,0.0,0.0
2025-01-31 21:00:00,0.42,0.0,0.0,0.42,0.0,7.712616999999998,0.0,0.42,0.0,0.0
2025-01-31 22:00:00,0.54,0.0,0.0,0.54,0.0,7.172616999999998,0.0,0.54,0.0,0.0
2025-01-31 23:00:00,0.41,0.0,0.0,0.41,0.0,6.762616999999998,0.0,0.41,0.0,0.0
2025-02-01 00:00:00,0.72,0.0,0.0,0.72,0.0,6.042616999999998,0.0,0.72,0.0,0.0
2025-02-01 01:00:00,0.5,0.0,0.0,0.5,0.0,5.542616999999998,0.0,0.5,0.0,0.0
2025-02-01 02:00:00,0.68,0.0,0.0,0.68,0.0,4.862616999999998,0.0,0.68,0.0,0.0
2025-02-01 03:00:00,0.1699999999999999,0.0,0.0,0.1699999999999999,0.0,4.6926169999999985,0.0,0.1699999999999999,0.0,0.0
2025-02-01 04:00:00,0.61,0.0,0.0,0.61,0.0,4.082616999999998,0.0,0.61,0.0,0.0
2025-02-01 05:00:00,0.61,0.0,0.0,0.61,0.0,3.4726169999999983,0.0,0.61,0.0,0.0
2025-02-01 06:00:00,0.6699999999999999,0.0,0.0,0.6699999999999999,0.0,2.8026169999999984,0.0,0.6699999999999999,0.0,0.0
2025-02-01 07:00:00,0.65,0.0,0.0,0.65,0.042548,2.1951649999999985,0.0,0.607452,0.0,0.0
2025-02-01 08:00:00,0.5800000000000001,0.0,0.0,0.5800000000000001,2.6732359999999997,4.288400999999999,2.0932359999999997,0.0,0.0,0.0
2025-02-01 09:00:00,1.58,0.0,0.0,1.58,4.01761,6.726010999999999,2.4376100000000003,0.0,0.0,0.0
2025-02-01 10:00:00,0.71,0.0,0.0,0.71,4.661933,10.677944,3.9519330000000004,0.0,0.0,0.0
2025-02-01 11:00:00,0.8400000000000001,0.6250666666666668,0.7257513333333332,2.190818,5.012874,13.5,2.822056,0.0,0.0,0.0
2025-02-01 12:00:00,0.8999999999999999,0.6250666666666668,3.4259543333333333,4.951021,4.951021,13.5,0.0,0.0,0.0,0.0
2025-02-01 13:00:00,1.4300000000000002,0.6250666666666668,2.5129113333333333,4.567978,4.567978,13.5,0.0,0.0,0.0,0.0
2025-02-01 14:00:00,1.77,0.0,1.9298989999999998,3.699899,3.699899,13.5,0.0,0.0,0.0,0.0
2025-02-01 15:00:00,1.07,0.0,1.3846,2.4546,2.4546,13.5,0.0,0.0,0.0,0.0
2025-02-01 16:00:00,1.52,0.0,0.0,1.52,0.877319,12.857319,0.0,0.6426810000000001,0.0,0.0
2025-02-01 17:00:00,1.53,0.0,0.0,1.53,0.0,11.327319000000001,0.0,1.53,0.0,0.0
2025-02-01 18:00:00,2.0700000000000003,0.0,0.0,2.0700000000000003,0.0,9.257319,0.0,2.0700000000000003,0.0,0.0
2025-02-01 19:00:00,1.56,0.0,0.0,1.56,0.0,7.697319,0.0,1.56,0.0,0.0
2025-02-01 20:00:00,1.35,0.0,0.0,1.35,0.0,6.347319000000001,0.0,1.35,0.0,0.0
2025-02-01 21:00:00,1.17,0.0,0.0,1.17,0.0,5.177319000000001,0.0,1.17,0.0,0.0
2025-02-01 22:00:00,1.24,0.0,0.0,1.24,0.0,3.9373190000000005,0.0,1.24,0.0,0.0
2025-02-01 23:00:00,1.11,0.0,0.0,1.11,0.0,2.827319,0.0,1.11,0.0,0.0
2025-02-02 00:00:00,1.15,0.0,0.0,1.15,0.0,1.6773190000000002,0.0,1.15,0.0,0.0
2025-02-02 01:00:00,1.6,0.0,0.0,1.6,0.0,0.07731900000000014,0.0,1.6,0.0,0.0
2025-02-02 02:00:00,1.2000000000000002,0.0,0.0,1.2000000000000002,0.0,0.0,0.0,0.07731900000000014,1.122681,0.0
2025-02-02 03:00:00,1.71,0.0,0.0,1.71,0.0,0.0,0.0,0.0,1.71,0.0
2025-02-02 04:00:00,1.51,0.0,0.0,1.51,0.0,0.0,0.0,0.0,1.51,0.0
2025-02-02 05:00:00,1.41,0.0,0.0,1.41,0.0,0.0,0.0,0.0,1.41,0.0
2025-02-02 06:00:00,1.42,0.0,0.0,1.42,0.0,0.0,0.0,0.0,1.42,0.0
2025-02-02 07:00:00,1.5,0.0,0.0,1.5,0.39897699999999997,0.0,0.0,0.0,1.101023,0.0
2025-02-02 08:00:00,1.56,0.0,0.0,1.56,2.752837,1.192837,1.192837,0.0,0.0,0.0
2025-02-02 09:00:00,2.23,0.0,0.0,2.23,4.110802,3.0736389999999996,1.8808019999999996,0.0,0.0,0.0
2025-02-02 10:00:00,0.63,0.0,0.0,0.63,4.920723,7.364362,4.290723,0.0,0.0,0.0
2025-02-02 11:00:00,0.63,0.6250666666666668,0.0,1.2550666666666668,5.215854,11.325149333333332,3.960787333333333,0.0,0.0,0.0
2025-02-02 12:00:00,0.5,0.6250666666666668,1.8174426666666652,2.942509333333332,5.11736,13.5,2.174850666666668,0.0,0.0,0.0
2025-02-02 13:00:00,0.68,0.6250666666666668,3.292940333333333,4.598007,4.598007,13.5,0.0,0.0,0.0,0.0
2025-02-02 14:00:00,0.48,0.0,3.2758049999999996,3.7558049999999996,3.7558049999999996,13.5,0.0,0.0,0.0,0.0
2025-02-02 15:00:00,0.79,0.0,1.6995900000000002,2.48959,2.48959,13.5,0.0,0.0,0.0,0.0
2025-02-02 16:00:00,0.87,0.0,0.03169000000000011,0.9016900000000001,0.9016900000000001,13.5,0.0,0.0,0.0,0.0
2025-02-02 17:00:00,0.5800000000000001,0.0,0.0,0.5800000000000001,0.0,12.92,0.0,0.5800000000000001,0.0,0.0
2025-02-02 18:00:00,0.5499999999999999,0.0,0.0,0.5499999999999999,0.0,12.37,0.0,0.5499999999999999,0.0,0.0
2025-02-02 19:00:00,0.76,0.0,0.0,0.76,0.0,11.61,0.0,0.76,0.0,0.0
2025-02-02 20:00:00,0.33,0.0,0.0,0.33,0.0,11.28,0.0,0.33,0.0,0.0
2025-02-02 21:00:00,0.29,0.0,0.0,0.29,0.0,10.99,0.0,0.29,0.0,0.0
2025-02-02 22:00:00,0.55,0.0,0.0,0.55,0.0,10.44,0.0,0.55,0.0,0.0
2025-02-02 23:00:00,0.1,0.0,0.0,0.1,0.0,10.34,0.0,0.1,0.0,0.0
2025-02-03 00:00:00,0.54,0.0,0.0,0.54,0.0,9.8,0.0,0.54,0.0,0.0
2025-02-03 01:00:00,0.45,0.0,0.0,0.45,0.0,9.350000000000001,0.0,0.45,0.0,0.0
2025-02-03 02:00:00,0.46,0.0,0.0,0.46,0.0,8.89,0.0,0.46,0.0,0.0
2025-02-03 03:00:00,0.8200000000000001,0.0,0.0,0.8200000000000001,0.0,8.07,0.0,0.8200000000000001,0.0,0.0
2025-02-03 04:00:00,0.5700000000000001,0.0,0.0,0.5700000000000001,0.0,7.5,0.0,0.5700000000000001,0.0,0.0
2025-02-03 05:00:00,0.64,0.0,0.0,0.64,0.0,6.86,0.0,0.64,0.0,0.0
2025-02-03 06:00:00,0.96,0.0,0.0,0.96,0.0,5.9,0.0,0.96,0.0,0.0
2025-02-03 07:00:00,0.57,0.0,0.0,0.57,0.37366699999999997,5.703667,0.0,0.19633299999999998,0.0,0.0
2025-02-03 08:00:00,0.5499999999999999,0.0,0.0,0.5499999999999999,0.425526,5.579193,0.0,0.12447399999999992,0.0,0.0
2025-02-03 09:00:00,0.56,0.0,0.0,0.56,2.569293,7.588486,2.009293,0.0,0.0,0.0
2025-02-03 10:00:00,0.18,0.0,0.0,0.18,4.924772,12.333258,4.744772,0.0,0.0,0.0
2025-02-03 11:00:00,0.17,0.3786461538461539,0.0,0.5486461538461539,5.2491319999999995,13.5,1.1667419999999993,0.0,0.0,3.533743846153846
2025-02-03 12:00:00,0.23,0.3786461538461539,0.0,0.608646153846154,5.1332439999999995,13.5,0.0,0.0,0.0,4.524597846153846
2025-02-03 13:00:00,0.16,0.3786461538461539,0.0,0.5386461538461539,4.6229499999999994,13.5,0.0,0.0,0.0,4.084303846153846
2025-02-03 14:00:00,0.17,0.0,0.0,0.17,3.766992,13.5,0.0,0.0,0.0,3.596992
2025-02-03 15:00:00,0.17,0.0,0.0,0.17,2.517942,13.5,0.0,0.0,0.0,2.347942
2025-02-03 16:00:00,0.3,0.0,0.0,0.3,0.933757,13.5,0.0,0.0,0.0,0.6337569999999999
2025-02-03 17:00:00,0.4599999999999999,0.0,0.0,0.4599999999999999,0.0,13.040000000000001,0.0,0.4599999999999999,0.0,0.0
2025-02-03 18:00:00,2.3899999999999997,0.0,0.0,2.3899999999999997,0.0,10.650000000000002,0.0,2.3899999999999997,0.0,0.0
2025-02-03 19:00:00,0.5,0.0,0.0,0.5,0.0,10.150000000000002,0.0,0.5,0.0,0.0
2025-02-03 20:00:00,1.7,0.0,0.0,1.7,0.0,8.450000000000003,0.0,1.7,0.0,0.0
2025-02-03 21:00:00,1.0,0.0,0.0,1.0,0.0,7.450000000000003,0.0,1.0,0.0,0.0
2025-02-03 22:00:00,0.32,0.0,0.0,0.32,0.0,7.130000000000003,0.0,0.32,0.0,0.0
2025-02-03 23:00:00,0.62,0.0,0.0,0.62,0.0,6.5100000000000025,0.0,0.62,0.0,0.0
2025-02-04 00:00:00,0.74,0.0,0.0,0.74,0.0,5.770000000000002,0.0,0.74,0.0,0.0
2025-02-04 01:00:00,0.6,0.0,0.0,0.6,0.0,5.170000000000003,0.0,0.6,0.0,0.0
2025-02-04 02:00:00,0.94,0.0,0.0,0.94,0.0,4.230000000000002,0.0,0.94,0.0,0.0
2025-02-04 03:00:00,0.51,0.0,0.0,0.51,0.0,3.7200000000000024,0.0,0.51,0.0,0.0
2025-02-04 04:00:00,0.91,0.0,0.0,0.91,0.0,2.8100000000000023,0.0,0.91,0.0,0.0
2025-02-04 05:00:00,0.6,0.0,0.0,0.6,0.0,2.210000000000002,0.0,0.6,0.0,0.0
2025-02-04 06:00:00,0.91,0.0,0.0,0.91,0.0,1.300000000000002,0.0,0.91,0.0,0.0
2025-02-04 07:00:00,0.63,0.0,0.0,0.63,0.528442,1.198442000000002,0.0,0.10155800000000004,0.0,0.0
2025-02-04 08:00:00,0.87,0.0,0.0,0.87,0.44257,0.771012000000002,0.0,0.42743,0.0,0.0
2025-02-04 09:00:00,1.02,0.0,0.0,1.02,4.427186,4.178198000000002,3.407186,0.0,0.0,0.0
2025-02-04 10:00:00,0.5599999999999999,0.0,0.0,0.5599999999999999,5.158502,8.776700000000002,4.598502000000001,0.0,0.0,0.0
2025-02-04 11:00:00,0.97,0.3786461538461539,0.0,1.3486461538461538,5.403008,12.831061846153847,4.054361846153846,0.0,0.0,0.0
2025-02-04 12:00:00,0.42,0.3786461538461539,0.0,0.7986461538461539,5.241466999999999,13.5,0.6689381538461525,0.0,0.0,3.7738826923076925
2025-02-04 13:00:00,0.97,0.3786461538461539,0.0,1.3486461538461538,4.726088,13.5,0.0,0.0,0.0,3.377441846153846
2025-02-04 14:00:00,0.54,0.0,0.0,0.54,3.8489389999999997,13.5,0.0,0.0,0.0,3.3089389999999996
2025-02-04 15:00:00,0.49,0.0,0.0,0.49,2.612065,13.5,0.0,0.0,0.0,2.122065
2025-02-04 16:00:00,0.39,0.0,0.0,0.39,0.984626,13.5,0.0,0.0,0.0,0.594626
2025-02-04 17:00:00,1.08,0.0,0.0,1.08,0.0,12.42,0.0,1.08,0.0,0.0
2025-02-04 18:00:00,1.68,0.0,0.0,1.68,0.0,10.74,0.0,1.68,0.0,0.0
2025-02-04 19:00:00,1.0,0.0,0.0,1.0,0.0,9.74,0.0,1.0,0.0,0.0
2025-02-04 20:00:00,0.8699999999999999,0.0,0.0,0.8699999999999999,0.0,8.870000000000001,0.0,0.8699999999999999,0.0,0.0
2025-02-04 21:00:00,1.18,0.0,0.0,1.18,0.0,7.690000000000001,0.0,1.18,0.0,0.0
2025-02-04 22:00:00,1.1,0.0,0.0,1.1,0.0,6.590000000000002,0.0,1.1,0.0,0.0
2025-02-04 23:00:00,1.96,0.0,0.0,1.96,0.0,4.630000000000002,0.0,1.96,0.0,0.0
2025-02-05 00:00:00,1.25,0.0,0.0,1.25,0.0,3.3800000000000017,0.0,1.25,0.0,0.0
2025-02-05 01:00:00,1.34,0.0,0.0,1.34,0.0,2.040000000000002,0.0,1.34,0.0,0.0
2025-02-05 02:00:00,1.28,0.0,0.0,1.28,0.0,0.7600000000000018,0.0,1.28,0.0,0.0
2025-02-05 03:00:00,2.03,0.0,0.0,2.03,0.0,0.0,0.0,0.7600000000000018,1.269999999999998,0.0
2025-02-05 04:00:00,1.4,0.0,0.0,1.4,0.0,0.0,0.0,0.0,1.4,0.0
2025-02-05 05:00:00,1.83,0.0,0.0,1.83,0.0,0.0,0.0,0.0,1.83,0.0
2025-02-05 06:00:00,1.38,0.0,0.0,1.38,0.0,0.0,0.0,0.0,1.38,0.0
2025-02-05 07:00:00,1.55,0.0,0.0,1.55,0.48812099999999997,0.0,0.0,0.0,1.061879,0.0
2025-02-05 08:00:00,0.57,0.0,0.0,0.57,1.447788,0.8777880000000001,0.8777880000000001,0.0,0.0,0.0
2025-02-05 09:00:00,0.49,0.0,0.0,0.49,2.069181,2.456969,1.579181,0.0,0.0,0.0
2025-02-05 10:00:00,0.12,0.0,0.0,0.12,3.691056,6.0280249999999995,3.571056,0.0,0.0,0.0
2025-02-05 11:00:00,0.13,0.3786461538461539,0.0,0.508646153846154,2.0796080000000003,7.598986846153846,1.5709618461538464,0.0,0.0,0.0
2025-02-05 12:00:00,0.11,0.3786461538461539,0.0,0.4886461538461539,3.2406230000000003,10.350963692307692,2.7519768461538465,0.0,0.0,0.0
2025-02-05 13:00:00,0.13,0.3786461538461539,0.9895075384615373,1.4981536923076912,4.647189999999999,13.5,3.149036307692308,0.0,0.0,0.0
2025-02-05 14:00:00,0.11,0.0,3.699051,3.8090509999999997,3.8090509999999997,13.5,0.0,0.0,0.0,0.0
2025-02-05 15:00:00,0.12,0.0,2.4427890000000003,2.5627890000000004,2.5627890000000004,13.5,0.0,0.0,0.0,0.0
2025-02-05 16:00:00,0.12,0.0,0.8530650000000001,0.9730650000000001,0.9730650000000001,13.5,0.0,0.0,0.0,0.0
2025-02-05 17:00:00,0.13,0.0,0.0,0.13,0.0,13.37,0.0,0.13,0.0,0.0
2025-02-05 18:00:00,2.29,0.0,0.0,2.29,0.0,11.079999999999998,0.0,2.29,0.0,0.0
2025-02-05 19:00:00,0.99,0.0,0.0,0.99,0.0,10.089999999999998,0.0,0.99,0.0,0.0
2025-02-05 20:00:00,1.32,0.0,0.0,1.32,0.0,8.769999999999998,0.0,1.32,0.0,0.0
2025-02-05 21:00:00,0.93,0.0,0.0,0.93,0.0,7.839999999999998,0.0,0.93,0.0,0.0
2025-02-05 22:00:00,1.28,0.0,0.0,1.28,0.0,6.559999999999998,0.0,1.28,0.0,0.0
2025-02-05 23:00:00,1.17,0.0,0.0,1.17,0.0,5.389999999999998,0.0,1.17,0.0,0.0
2025-02-06 00:00:00,1.18,0.0,0.0,1.18,0.0,4.209999999999998,0.0,1.18,0.0,0.0
2025-02-06 01:00:00,1.7400000000000002,0.0,0.0,1.7400000000000002,0.0,2.469999999999998,0.0,1.7400000000000002,0.0,0.0
2025-02-06 02:00:00,1.33,0.0,0.0,1.33,0.0,1.139999999999998,0.0,1.33,0.0,0.0
2025-02-06 03:00:00,1.1800000000000002,0.0,0.0,1.1800000000000002,0.0,0.0,0.0,1.139999999999998,0.040000000000002256,0.0
2025-02-06 04:00:00,1.53,0.0,0.0,1.53,0.0,0.0,0.0,0.0,1.53,0.0
2025-02-06 05:00:00,1.27,0.0,0.0,1.27,0.0,0.0,0.0,0.0,1.27,0.0
2025-02-06 06:00:00,1.38,0.0,0.0,1.38,0.0,0.0,0.0,0.0,1.38,0.0
2025-02-06 07:00:00,1.44,0.0,0.0,1.44,0.455818,0.0,0.0,0.0,0.9841819999999999,0.0
2025-02-06 08:00:00,1.56,0.0,0.0,1.56,0.114373,0.0,0.0,0.0,1.445627,0.0
2025-02-06 09:00:00,1.12,0.0,0.0,1.12,0.569816,0.0,0.0,0.0,0.5501840000000001,0.0
2025-02-06 10:00:00,1.6,0.0,0.0,1.6,0.684494,0.0,0.0,0.0,0.915506,0.0
2025-02-06 11:00:00,0.92,0.3786461538461539,0.0,1.298646153846154,1.412222,0.11357584615384608,0.11357584615384608,0.0,0.0,0.0
2025-02-06 12:00:00,1.22,0.3786461538461539,0.0,1.5986461538461538,3.31325,1.8281796923076923,1.7146038461538462,0.0,0.0,0.0
2025-02-06 13:00:00,0.92,0.3786461538461539,0.0,1.298646153846154,2.446208,2.975741538461538,1.147561846153846,0.0,0.0,0.0
2025-02-06 14:00:00,0.4599999999999999,0.0,0.0,0.4599999999999999,1.859712,4.375453538461539,1.399712,0.0,0.0,0.0
2025-02-06 15:00:00,0.7,0.0,0.0,0.7,1.387915,5.063368538461539,0.687915,0.0,0.0,0.0
2025-02-06 16:00:00,0.51,0.0,0.0,0.51,0.526159,5.079527538461539,0.016159000000000034,0.0,0.0,0.0
2025-02-06 17:00:00,0.56,0.0,0.0,0.56,0.0,4.5195275384615385,0.0,0.56,0.0,0.0
2025-02-06 18:00:00,2.46,0.0,0.0,2.46,0.0,2.0595275384615386,0.0,2.46,0.0,0.0
2025-02-06 19:00:00,0.6,0.0,0.0,0.6,0.0,1.4595275384615385,0.0,0.6,0.0,0.0
2025-02-06 20:00:00,0.41,0.0,0.0,0.41,0.0,1.0495275384615386,0.0,0.41,0.0,0.0
2025-02-06 21:00:00,0.5399999999999999,0.0,0.0,0.5399999999999999,0.0,0.5095275384615386,0.0,0.5399999999999999,0.0,0.0
2025-02-06 22:00:00,0.85,0.0,0.0,0.85,0.0,0.0,0.0,0.5095275384615386,0.34047246153846134,0.0
2025-02-06 23:00:00,0.6,0.0,0.0,0.6,0.0,0.0,0.0,0.0,0.6,0.0
2025-02-07 00:00:00,1.19,0.0,0.0,1.19,0.0,0.0,0.0,0.0,1.19,0.0
2025-02-07 01:00:00,0.81,0.0,0.0,0.81,0.0,0.0,0.0,0.0,0.81,0.0
2025-02-07 02:00:00,0.87,0.0,0.0,0.87,0.0,0.0,0.0,0.0,0.87,0.0
2025-02-07 03:00:00,1.19,0.0,0.0,1.19,0.0,0.0,0.0,0.0,1.19,0.0
2025-02-07 04:00:00,0.93,0.0,0.0,0.93,0.0,0.0,0.0,0.0,0.93,0.0
2025-02-07 05:00:00,1.02,0.0,0.0,1.02,0.0,0.0,0.0,0.0,1.02,0.0
2025-02-07 06:00:00,1.2,0.0,0.0,1.2,0.0,0.0,0.0,0.0,1.2,0.0
2025-02-07 07:00:00,0.97,0.0,0.0,0.97,0.0,0.0,0.0,0.0,0.97,0.0
2025-02-07 08:00:00,1.29,0.0,0.0,1.29,0.785941,0.0,0.0,0.0,0.504059,0.0
2025-02-07 09:00:00,0.8200000000000001,0.0,0.0,0.8200000000000001,0.913802,0.09380199999999994,0.09380199999999994,0.0,0.0,0.0
2025-02-07 10:00:00,1.01,0.0,0.0,1.01,0.971299,0.055100999999999956,0.0,0.038700999999999985,0.0,0.0
2025-02-07 11:00:00,0.92,0.3786461538461539,0.0,1.298646153846154,1.987508,0.743962846153846,0.688861846153846,0.0,0.0,0.0
2025-02-07 12:00:00,0.1399999999999999,0.3786461538461539,0.0,0.5186461538461538,1.240125,1.4654416923076923,0.7214788461538462,0.0,0.0,0.0
2025-02-07 13:00:00,0.13,0.3786461538461539,0.0,0.508646153846154,1.085705,2.042500538461538,0.577058846153846,0.0,0.0,0.0
2025-02-07 14:00:00,0.15,0.0,0.0,0.15,0.567549,2.460049538461538,0.41754899999999995,0.0,0.0,0.0
2025-02-07 15:00:00,0.15,0.0,0.0,0.15,0.6209020000000001,2.9309515384615383,0.47090200000000004,0.0,0.0,0.0
2025-02-07 16:00:00,0.21,0.0,0.0,0.21,0.332269,3.0532205384615385,0.12226899999999999,0.0,0.0,0.0
2025-02-07 17:00:00,0.13,0.0,0.0,0.13,0.0,2.9232205384615386,0.0,0.13,0.0,0.0
2025-02-07 18:00:00,2.79,0.0,0.0,2.79,0.0,0.13322053846153858,0.0,2.79,0.0,0.0
2025-02-07 19:00:00,0.8600000000000001,0.0,0.0,0.8600000000000001,0.0,0.0,0.0,0.13322053846153858,0.7267794615384615,0.0
2025-02-07 20:00:00,1.0,0.0,0.0,1.0,0.0,0.0,0.0,0.0,1.0,0.0
2025-02-07 21:00:00,1.2,0.0,0.0,1.2,0.0,0.0,0.0,0.0,1.2,0.0
2025-02-07 22:00:00,1.42,0.0,0.0,1.42,0.0,0.0,0.0,0.0,1.42,0.0
2025-02-07 23:00:00,0.87,0.0,0.0,0.87,0.0,0.0,0.0,0.0,0.87,0.0
2025-02-08 00:00:00,1.02,0.0,0.0,1.02,0.0,0.0,0.0,0.0,1.02,0.0
2025-02-08 01:00:00,1.23,0.0,0.0,1.23,0.0,0.0,0.0,0.0,1.23,0.0
2025-02-08 02:00:00,1.68,0.0,0.0,1.68,0.0,0.0,0.0,0.0,1.68,0.0
2025-02-08 03:00:00,1.29,0.0,0.0,1.29,0.0,0.0,0.0,0.0,1.29,0.0
2025-02-08 04:00:00,1.9,0.0,0.0,1.9,0.0,0.0,0.0,0.0,1.9,0.0
2025-02-08 05:00:00,1.51,0.0,0.0,1.51,0.0,0.0,0.0,0.0,1.51,0.0
2025-02-08 06:00:00,1.48,0.0,0.0,1.48,0.0,0.0,0.0,0.0,1.48,0.0
2025-02-08 07:00:00,1.67,0.0,0.0,1.67,0.598702,0.0,0.0,0.0,1.071298,0.0
2025-02-08 08:00:00,0.67,0.0,0.0,0.67,3.0408380000000004,2.3708380000000004,2.3708380000000004,0.0,0.0,0.0
2025-02-08 09:00:00,0.5,0.0,0.0,0.5,3.0210630000000003,4.891901000000001,2.5210630000000003,0.0,0.0,0.0
2025-02-08 10:00:00,0.12,0.0,0.0,0.12,4.622682,9.394583,4.502682,0.0,0.0,0.0
2025-02-08 11:00:00,0.1699999999999999,0.6250666666666668,0.5780773333333338,1.3731440000000004,5.478561,13.5,4.105416999999999,0.0,0.0,0.0
2025-02-08 12:00:00,0.24,0.6250666666666668,4.482362333333334,5.347429,5.347429,13.5,0.0,0.0,0.0,0.0
2025-02-08 13:00:00,0.25,0.6250666666666668,3.9384783333333337,4.813545,4.813545,13.5,0.0,0.0,0.0,0.0
2025-02-08 14:00:00,0.16,0.0,3.760893,3.920893,3.920893,13.5,0.0,0.0,0.0,0.0
2025-02-08 15:00:00,0.11,0.0,2.5568150000000003,2.666815,2.666815,13.5,0.0,0.0,0.0,0.0
2025-02-08 16:00:00,0.12,0.0,0.909998,1.029998,1.029998,13.5,0.0,0.0,0.0,0.0
2025-02-08 17:00:00,0.27,0.0,0.0,0.27,0.007168,13.237168,0.0,0.262832,0.0,0.0
2025-02-08 18:00:00,1.23,0.0,0.0,1.23,0.0,12.007168,0.0,1.23,0.0,0.0
2025-02-08 19:00:00,0.62,0.0,0.0,0.62,0.0,11.387168,0.0,0.62,0.0,0.0
2025-02-08 20:00:00,0.63,0.0,0.0,0.63,0.0,10.757168,0.0,0.63,0.0,0.0
2025-02-08 21:00:00,1.1,0.0,0.0,1.1,0.0,9.657168,0.0,1.1,0.0,0.0
2025-02-08 22:00:00,1.3199999999999998,0.0,0.0,1.3199999999999998,0.0,8.337168,0.0,1.3199999999999998,0.0,0.0
2025-02-08 23:00:00,1.03,0.0,0.0,1.03,0.0,7.307168,0.0,1.03,0.0,0.0
2025-02-09 00:00:00,1.42,0.0,0.0,1.42,0.0,5.887168,0.0,1.42,0.0,0.0
2025-02-09 01:00:00,1.23,0.0,0.0,1.23,0.0,4.657168,0.0,1.23,0.0,0.0
2025-02-09 02:00:00,1.63,0.0,0.0,1.63,0.0,3.0271680000000005,0.0,1.63,0.0,0.0
2025-02-09 03:00:00,1.07,0.0,0.0,1.07,0.0,1.9571680000000005,0.0,1.07,0.0,0.0
2025-02-09 04:00:00,1.67,0.0,0.0,1.67,0.0,0.28716800000000053,0.0,1.67,0.0,0.0
2025-02-09 05:00:00,1.58,0.0,0.0,1.58,0.0,0.0,0.0,0.28716800000000053,1.2928319999999995,0.0
2025-02-09 06:00:00,1.3,0.0,0.0,1.3,0.0,0.0,0.0,0.0,1.3,0.0
2025-02-09 07:00:00,1.49,0.0,0.0,1.49,0.6543239999999999,0.0,0.0,0.0,0.8356760000000001,0.0
2025-02-09 08:00:00,0.6599999999999999,0.0,0.0,0.6599999999999999,3.126314,2.4663139999999997,2.4663139999999997,0.0,0.0,0.0
2025-02-09 09:00:00,0.12,0.0,0.0,0.12,4.49052,6.836834,4.37052,0.0,0.0,0.0
2025-02-09 10:00:00,0.42,0.0,0.0,0.42,5.214396,11.631229999999999,4.794396,0.0,0.0,0.0
2025-02-09 11:00:00,1.29,0.6250666666666668,1.7234343333333313,3.638500999999998,5.507270999999999,13.5,1.8687700000000014,0.0,0.0,0.0
2025-02-09 12:00:00,1.15,0.6250666666666668,3.587484333333334,5.362551000000001,5.362551000000001,13.5,0.0,0.0,0.0,0.0
2025-02-09 13:00:00,1.27,0.6250666666666668,2.9404303333333335,4.835497,4.835497,13.5,0.0,0.0,0.0,0.0
2025-02-09 14:00:00,1.09,0.0,2.8558960000000004,3.9458960000000003,3.9458960000000003,13.5,0.0,0.0,0.0,0.0
2025-02-09 15:00:00,1.06,0.0,1.6350250000000002,2.6950250000000002,2.6950250000000002,13.5,0.0,0.0,0.0,0.0
2025-02-09 16:00:00,1.06,0.0,0.0,1.06,1.048707,13.488707,0.0,0.011292999999999997,0.0,0.0
2025-02-09 17:00:00,1.65,0.0,0.0,1.65,0.010324,11.849031,0.0,1.639676,0.0,0.0
2025-02-09 18:00:00,3.11,0.0,0.0,3.11,0.0,8.739031,0.0,3.11,0.0,0.0
2025-02-09 19:00:00,1.82,0.0,0.0,1.82,0.0,6.919031,0.0,1.82,0.0,0.0
2025-02-09 20:00:00,0.6900000000000001,0.0,0.0,0.6900000000000001,0.0,6.229031,0.0,0.6900000000000001,0.0,0.0
2025-02-09 21:00:00,0.8300000000000001,0.0,0.0,0.8300000000000001,0.0,5.399031,0.0,0.8300000000000001,0.0,0.0
2025-02-09 22:00:00,1.26,0.0,0.0,1.26,0.0,4.139031,0.0,1.26,0.0,0.0
2025-02-09 23:00:00,1.6700000000000002,0.0,0.0,1.6700000000000002,0.0,2.469031,0.0,1.6700000000000002,0.0,0.0
2025-02-10 00:00:00,1.8,0.0,0.0,1.8,0.0,0.6690310000000002,0.0,1.8,0.0,0.0
2025-02-10 01:00:00,1.06,0.0,0.0,1.06,0.0,0.0,0.0,0.6690310000000002,0.3909689999999999,0.0
2025-02-10 02:00:00,1.37,0.0,0.0,1.37,0.0,0.0,0.0,0.0,1.37,0.0
2025-02-10 03:00:00,1.7,0.0,0.0,1.7,0.0,0.0,0.0,0.0,1.7,0.0
2025-02-10 04:00:00,1.21,0.0,0.0,1.21,0.0,0.0,0.0,0.0,1.21,0.0
2025-02-10 05:00:00,1.6,0.0,0.0,1.6,0.0,0.0,0.0,0.0,1.6,0.0
2025-02-10 06:00:00,1.59,0.0,0.0,1.59,0.0,0.0,0.0,0.0,1.59,0.0
2025-02-10 07:00:00,1.22,0.0,0.0,1.22,0.634907,0.0,0.0,0.0,0.585093,0.0
2025-02-10 08:00:00,0.6699999999999999,0.0,0.0,0.6699999999999999,3.012063,2.342063,2.342063,0.0,0.0,0.0
2025-02-10 09:00:00,0.39,0.0,0.0,0.39,4.291417999999999,6.243480999999999,3.901417999999999,0.0,0.0,0.0
2025-02-10 10:00:00,0.39,0.0,0.0,0.39,4.954367,10.807848,4.564367000000001,0.0,0.0,0.0
2025-02-10 11:00:00,0.11,0.6250666666666668,0.0,0.7350666666666668,5.202361,13.5,2.692152,0.0,0.0,1.7751423333333332
2025-02-10 12:00:00,0.11,0.6250666666666668,0.0,0.7350666666666668,5.125605999999999,13.5,0.0,0.0,0.0,4.390539333333333
2025-02-10 13:00:00,0.11,0.6250666666666668,0.0,0.7350666666666668,4.641089,13.5,0.0,0.0,0.0,3.9060223333333335
2025-02-10 14:00:00,0.1,0.0,0.0,0.1,3.7976419999999997,13.5,0.0,0.0,0.0,3.6976419999999997
2025-02-10 15:00:00,0.1,0.0,0.0,0.1,2.6131480000000002,13.5,0.0,0.0,0.0,2.513148
2025-02-10 16:00:00,0.11,0.0,0.0,0.11,0.931071,13.5,0.0,0.0,0.0,0.821071
2025-02-10 17:00:00,0.15,0.0,0.0,0.15,0.023267,13.373267,0.0,0.12673299999999998,0.0,0.0
2025-02-10 18:00:00,2.1900000000000004,0.0,0.0,2.1900000000000004,0.0,11.183267,0.0,2.1900000000000004,0.0,0.0
2025-02-10 19:00:00,1.96,0.0,0.0,1.96,0.0,9.223267,0.0,1.96,0.0,0.0
2025-02-10 20:00:00,0.8,0.0,0.0,0.8,0.0,8.423267,0.0,0.8,0.0,0.0
2025-02-10 21:00:00,1.05,0.0,0.0,1.05,0.0,7.373266999999999,0.0,1.05,0.0,0.0
2025-02-10 22:00:00,1.12,0.0,0.0,1.12,0.0,6.253266999999999,0.0,1.12,0.0,0.0
2025-02-10 23:00:00,0.9,0.0,0.0,0.9,0.0,5.353266999999999,0.0,0.9,0.0,0.0
2025-02-11 00:00:00,1.79,0.0,0.0,1.79,0.0,3.563266999999999,0.0,1.79,0.0,0.0
2025-02-11 01:00:00,0.98,0.0,0.0,0.98,0.0,2.583266999999999,0.0,0.98,0.0,0.0
2025-02-11 02:00:00,1.61,0.0,0.0,1.61,0.0,0.9732669999999988,0.0,1.61,0.0,0.0
2025-02-11 03:00:00,1.4,0.0,0.0,1.4,0.0,0.0,0.0,0.9732669999999988,0.42673300000000114,0.0
2025-02-11 04:00:00,1.63,0.0,0.0,1.63,0.0,0.0,0.0,0.0,1.63,0.0
2025-02-11 05:00:00,1.5299999999999998,0.0,0.0,1.5299999999999998,0.0,0.0,0.0,0.0,1.5299999999999998,0.0
2025-02-11 06:00:00,1.59,0.0,0.0,1.59,0.0,0.0,0.0,0.0,1.59,0.0
2025-02-11 07:00:00,1.4300000000000002,0.0,0.0,1.4300000000000002,0.367721,0.0,0.0,0.0,1.0622790000000002,0.0
2025-02-11 08:00:00,0.11,0.0,0.0,0.11,0.8271430000000001,0.7171430000000001,0.7171430000000001,0.0,0.0,0.0
2025-02-11 09:00:00,0.09,0.0,0.0,0.09,3.694589,4.321732000000001,3.6045890000000003,0.0,0.0,0.0
2025-02-11 10:00:00,0.13,0.0,0.0,0.13,4.389487,8.581219,4.259487,0.0,0.0,0.0
2025-02-11 11:00:00,0.44,0.2678857142857143,0.0,0.7078857142857142,4.480623,12.353956285714286,3.7727372857142853,0.0,0.0,0.0
2025-02-11 12:00:00,0.11,0.2678857142857143,0.0,0.37788571428571427,5.120796,13.5,1.1460437142857138,0.0,0.0,3.5968665714285724
2025-02-11 13:00:00,0.1,0.2678857142857143,0.0,0.36788571428571426,3.883558,13.5,0.0,0.0,0.0,3.5156722857142855
2025-02-11 14:00:00,0.54,0.0,0.0,0.54,2.798721,13.5,0.0,0.0,0.0,2.258721
2025-02-11 15:00:00,0.1,0.0,0.0,0.1,2.2026120000000002,13.5,0.0,0.0,0.0,2.102612
2025-02-11 16:00:00,1.4500000000000002,0.0,0.0,1.4500000000000002,1.038124,13.088124,0.0,0.41187600000000013,0.0,0.0
2025-02-11 17:00:00,1.7999999999999998,0.0,0.0,1.7999999999999998,0.033712000000000006,11.321836000000001,0.0,1.7662879999999999,0.0,0.0
2025-02-11 18:00:00,2.38,0.0,0.0,2.38,0.0,8.941836000000002,0.0,2.38,0.0,0.0
2025-02-11 19:00:00,2.36,0.0,0.0,2.36,0.0,6.581836000000003,0.0,2.36,0.0,0.0
2025-02-11 20:00:00,0.7300000000000001,0.0,0.0,0.7300000000000001,0.0,5.851836000000002,0.0,0.7300000000000001,0.0,0.0
2025-02-11 21:00:00,1.4500000000000002,0.0,0.0,1.4500000000000002,0.0,4.401836000000002,0.0,1.4500000000000002,0.0,0.0
2025-02-11 22:00:00,0.8300000000000001,0.0,0.0,0.8300000000000001,0.0,3.571836000000002,0.0,0.8300000000000001,0.0,0.0
2025-02-11 23:00:00,1.39,0.0,0.0,1.39,0.0,2.1818360000000023,0.0,1.39,0.0,0.0
2025-02-12 00:00:00,1.28,0.0,0.0,1.28,0.0,0.9018360000000023,0.0,1.28,0.0,0.0
2025-02-12 01:00:00,1.51,0.0,0.0,1.51,0.0,0.0,0.0,0.9018360000000023,0.6081639999999977,0.0
2025-02-12 02:00:00,1.5,0.0,0.0,1.5,0.0,0.0,0.0,0.0,1.5,0.0
2025-02-12 03:00:00,1.27,0.0,0.0,1.27,0.0,0.0,0.0,0.0,1.27,0.0
2025-02-12 04:00:00,1.46,0.0,0.0,1.46,0.0,0.0,0.0,0.0,1.46,0.0
2025-02-12 05:00:00,1.39,0.0,0.0,1.39,0.0,0.0,0.0,0.0,1.39,0.0
2025-02-12 06:00:00,1.86,0.0,0.0,1.86,0.0,0.0,0.0,0.0,1.86,0.0
2025-02-12 07:00:00,1.34,0.0,0.0,1.34,0.658137,0.0,0.0,0.0,0.6818630000000001,0.0
2025-02-12 08:00:00,1.15,0.0,0.0,1.15,2.969981,1.8199810000000003,1.8199810000000003,0.0,0.0,0.0
2025-02-12 09:00:00,1.09,0.0,0.0,1.09,2.6930169999999998,3.4229979999999998,1.6030169999999997,0.0,0.0,0.0
2025-02-12 10:00:00,0.59,0.0,0.0,0.59,4.888255,7.721253,4.298255,0.0,0.0,0.0
2025-02-12 11:00:00,1.03,0.2678857142857143,0.0,1.2978857142857143,5.1831819999999995,11.606549285714285,3.8852962857142854,0.0,0.0,0.0
2025-02-12 12:00:00,0.7000000000000001,0.2678857142857143,2.2642885714285717,3.232174285714286,5.125625,13.5,1.8934507142857147,0.0,0.0,0.0
2025-02-12 13:00:00,0.5700000000000001,0.2678857142857143,2.964937285714286,3.802823,3.802823,13.5,0.0,0.0,0.0,0.0
2025-02-12 14:00:00,0.42,0.0,2.8575369999999998,3.2775369999999997,3.2775369999999997,13.5,0.0,0.0,0.0,0.0
2025-02-12 15:00:00,0.58,0.0,1.355591,1.935591,1.9355909999999998,13.5,0.0,0.0,0.0,0.0
2025-02-12 16:00:00,1.15,0.0,0.0,1.15,0.688449,13.038449,0.0,0.46155099999999993,0.0,0.0
2025-02-12 17:00:00,1.13,0.0,0.0,1.13,0.037481,11.94593,0.0,1.0925189999999998,0.0,0.0
2025-02-12 18:00:00,0.97,0.0,0.0,0.97,0.0,10.97593,0.0,0.97,0.0,0.0
2025-02-12 19:00:00,2.61,0.0,0.0,2.61,0.0,8.36593,0.0,2.61,0.0,0.0
2025-02-12 20:00:00,2.4299999999999997,0.0,0.0,2.4299999999999997,0.0,5.935930000000001,0.0,2.4299999999999997,0.0,0.0
2025-02-12 21:00:00,2.4000000000000004,0.0,0.0,2.4000000000000004,0.0,3.5359300000000005,0.0,2.4000000000000004,0.0,0.0
2025-02-12 22:00:00,2.52,0.0,0.0,2.52,0.0,1.0159300000000004,0.0,2.52,0.0,0.0
2025-02-12 23:00:00,2.6,0.0,0.0,2.6,0.0,0.0,0.0,1.0159300000000004,1.5840699999999996,0.0
2025-02-13 00:00:00,2.35,0.0,0.0,2.35,0.0,0.0,0.0,0.0,2.35,0.0
2025-02-13 01:00:00,2.28,0.0,0.0,2.28,0.0,0.0,0.0,0.0,2.28,0.0
2025-02-13 02:00:00,1.91,0.0,0.0,1.91,0.0,0.0,0.0,0.0,1.91,0.0
2025-02-13 03:00:00,2.47,0.0,0.0,2.47,0.0,0.0,0.0,0.0,2.47,0.0
2025-02-13 04:00:00,1.95,0.0,0.0,1.95,0.0,0.0,0.0,0.0,1.95,0.0
2025-02-13 05:00:00,1.13,0.0,0.0,1.13,0.0,0.0,0.0,0.0,1.13,0.0
2025-02-13 06:00:00,1.42,0.0,0.0,1.42,0.0,0.0,0.0,0.0,1.42,0.0
2025-02-13 07:00:00,1.03,0.0,0.0,1.03,0.0,0.0,0.0,0.0,1.03,0.0
2025-02-13 08:00:00,0.8400000000000001,0.0,0.0,0.8400000000000001,0.13516499999999998,0.0,0.0,0.0,0.7048350000000001,0.0
2025-02-13 09:00:00,0.64,0.0,0.0,0.64,0.145285,0.0,0.0,0.0,0.494715,0.0
2025-02-13 10:00:00,0.67,0.0,0.0,0.67,0.5436230000000001,0.0,0.0,0.0,0.12637699999999996,0.0
2025-02-13 11:00:00,1.4200000000000002,0.2678857142857143,0.0,1.6878857142857144,0.891713,0.0,0.0,0.0,0.7961727142857145,0.0
2025-02-13 12:00:00,1.16,0.2678857142857143,0.0,1.4278857142857142,1.1855250000000002,0.0,0.0,0.0,0.24236071428571404,0.0
2025-02-13 13:00:00,0.3399999999999999,0.2678857142857143,0.0,0.6078857142857141,0.954979,0.3470932857142859,0.3470932857142859,0.0,0.0,0.0
2025-02-13 14:00:00,1.57,0.0,0.0,1.57,0.575773,0.0,0.0,0.3470932857142859,0.6471337142857142,0.0
2025-02-13 15:00:00,0.7,0.0,0.0,0.7,0.238291,0.0,0.0,0.0,0.4617089999999999,0.0
2025-02-13 16:00:00,0.49,0.0,0.0,0.49,0.21252600000000002,0.0,0.0,0.0,0.277474,0.0
2025-02-13 17:00:00,1.26,0.0,0.0,1.26,0.0,0.0,0.0,0.0,1.26,0.0
2025-02-13 18:00:00,2.01,0.0,0.0,2.01,0.0,0.0,0.0,0.0,2.01,0.0
2025-02-13 19:00:00,0.93,0.0,0.0,0.93,0.0,0.0,0.0,0.0,0.93,0.0
2025-02-13 20:00:00,0.64,0.0,0.0,0.64,0.0,0.0,0.0,0.0,0.64,0.0
2025-02-13 21:00:00,0.9,0.0,0.0,0.9,0.0,0.0,0.0,0.0,0.9,0.0
2025-02-13 22:00:00,0.81,0.0,0.0,0.81,0.0,0.0,0.0,0.0,0.81,0.0
2025-02-13 23:00:00,0.57,0.0,0.0,0.57,0.0,0.0,0.0,0.0,0.57,0.0
2025-02-14 00:00:00,0.93,0.0,0.0,0.93,0.0,0.0,0.0,0.0,0.93,0.0
2025-02-14 01:00:00,0.64,0.0,0.0,0.64,0.0,0.0,0.0,0.0,0.64,0.0
2025-02-14 02:00:00,0.95,0.0,0.0,0.95,0.0,0.0,0.0,0.0,0.95,0.0
2025-02-14 03:00:00,0.95,0.0,0.0,0.95,0.0,0.0,0.0,0.0,0.95,0.0
2025-02-14 04:00:00,1.0,0.0,0.0,1.0,0.0,0.0,0.0,0.0,1.0,0.0
2025-02-14 05:00:00,0.49,0.0,0.0,0.49,0.0,0.0,0.0,0.0,0.49,0.0
2025-02-14 06:00:00,1.46,0.0,0.0,1.46,0.0,0.0,0.0,0.0,1.46,0.0
2025-02-14 07:00:00,0.8,0.0,0.0,0.8,0.6874969999999999,0.0,0.0,0.0,0.11250300000000013,0.0
2025-02-14 08:00:00,0.73,0.0,0.0,0.73,2.5907489999999997,1.8607489999999998,1.8607489999999998,0.0,0.0,0.0
2025-02-14 09:00:00,0.16,0.0,0.0,0.16,3.78938,5.490129,3.62938,0.0,0.0,0.0
2025-02-14 10:00:00,0.14,0.0,0.0,0.14,4.498152,9.848281,4.3581520000000005,0.0,0.0,0.0
2025-02-14 11:00:00,0.14,0.2678857142857143,0.7135912857142852,1.1214769999999996,4.7731959999999996,13.5,3.651719,0.0,0.0,0.0
2025-02-14 12:00:00,0.72,0.2678857142857143,3.7558732857142854,4.743759,4.743759,13.5,0.0,0.0,0.0,0.0
2025-02-14 13:00:00,2.56,0.2678857142857143,1.5139812857142863,4.341867000000001,4.341867000000001,13.5,0.0,0.0,0.0,0.0
2025-02-14 14:00:00,2.72,0.0,0.0,2.72,1.9891800000000002,12.76918,0.0,0.73082,0.0,0.0
2025-02-14 15:00:00,1.26,0.0,0.0,1.26,1.081093,12.590273,0.0,0.17890699999999993,0.0,0.0
2025-02-14 16:00:00,0.42,0.0,0.0,0.42,0.31888299999999997,12.489156,0.0,0.10111700000000001,0.0,0.0
2025-02-14 17:00:00,0.5,0.0,0.0,0.5,0.034694,12.02385,0.0,0.465306,0.0,0.0
2025-02-14 18:00:00,0.11,0.0,0.0,0.11,0.0,11.91385,0.0,0.11,0.0,0.0
2025-02-14 19:00:00,0.48,0.0,0.0,0.48,0.0,11.43385,0.0,0.48,0.0,0.0
2025-02-14 20:00:00,0.16,0.0,0.0,0.16,0.0,11.27385,0.0,0.16,0.0,0.0
2025-02-14 21:00:00,0.5,0.0,0.0,0.5,0.0,10.77385,0.0,0.5,0.0,0.0
2025-02-14 22:00:00,0.43,0.0,0.0,0.43,0.0,10.34385,0.0,0.43,0.0,0.0
2025-02-14 23:00:00,0.16,0.0,0.0,0.16,0.0,10.18385,0.0,0.16,0.0,0.0
2025-02-15 00:00:00,0.5,0.0,0.0,0.5,0.0,9.68385,0.0,0.5,0.0,0.0
2025-02-15 01:00:00,1.18,0.0,0.0,1.18,0.0,8.50385,0.0,1.18,0.0,0.0
2025-02-15 02:00:00,0.86,0.0,0.0,0.86,0.0,7.64385,0.0,0.86,0.0,0.0
2025-02-15 03:00:00,0.96,0.0,0.0,0.96,0.0,6.68385,0.0,0.96,0.0,0.0
2025-02-15 04:00:00,1.39,0.0,0.0,1.39,0.0,5.29385,0.0,1.39,0.0,0.0
2025-02-15 05:00:00,0.94,0.0,0.0,0.94,0.0,4.3538499999999996,0.0,0.94,0.0,0.0
2025-02-15 06:00:00,0.93,0.0,0.0,0.93,0.0,3.4238499999999994,0.0,0.93,0.0,0.0
2025-02-15 07:00:00,1.19,0.0,0.0,1.19,0.7968970000000001,3.0307469999999994,0.0,0.39310299999999987,0.0,0.0
2025-02-15 08:00:00,0.7300000000000001,0.0,0.0,0.7300000000000001,0.182064,2.4828109999999994,0.0,0.5479360000000001,0.0,0.0
2025-02-15 09:00:00,0.47,0.0,0.0,0.47,1.392888,3.4056989999999994,0.9228879999999999,0.0,0.0,0.0
2025-02-15 10:00:00,0.5,0.0,0.0,0.5,4.967988,7.873686999999999,4.467988,0.0,0.0,0.0
2025-02-15 11:00:00,0.11,0.2678857142857143,0.0,0.37788571428571427,3.587467,11.083268285714286,3.209581285714286,0.0,0.0,0.0
2025-02-15 12:00:00,0.09,0.2678857142857143,0.38834057142857237,0.7462262857142866,3.162958,13.5,2.4167317142857137,0.0,0.0,0.0
2025-02-15 13:00:00,0.1,0.2678857142857143,1.5072172857142858,1.8751030000000002,1.875103,13.5,0.0,0.0,0.0,0.0
2025-02-15 14:00:00,0.1,0.0,2.442834,2.542834,2.542834,13.5,0.0,0.0,0.0,0.0
2025-02-15 15:00:00,0.09,0.0,2.1019,2.1919,2.1919,13.5,0.0,0.0,0.0,0.0
2025-02-15 16:00:00,0.1,0.0,0.9802799999999999,1.08028,1.08028,13.5,0.0,0.0,0.0,0.0
2025-02-15 17:00:00,0.49,0.0,0.0,0.49,0.023632,13.033632,0.0,0.466368,0.0,0.0
2025-02-15 18:00:00,0.1,0.0,0.0,0.1,0.0,12.933632000000001,0.0,0.1,0.0,0.0
2025-02-15 19:00:00,0.54,0.0,0.0,0.54,0.0,12.393632,0.0,0.54,0.0,0.0
2025-02-15 20:00:00,0.11,0.0,0.0,0.11,0.0,12.283632,0.0,0.11,0.0,0.0
2025-02-15 21:00:00,0.53,0.0,0.0,0.53,0.0,11.753632000000001,0.0,0.53,0.0,0.0
2025-02-15 22:00:00,0.09,0.0,0.0,0.09,0.0,11.663632000000002,0.0,0.09,0.0,0.0
2025-02-15 23:00:00,0.7000000000000001,0.0,0.0,0.7000000000000001,0.0,10.963632000000002,0.0,0.7000000000000001,0.0,0.0
2025-02-16 00:00:00,1.09,0.0,0.0,1.09,0.0,9.873632000000002,0.0,1.09,0.0,0.0
2025-02-16 01:00:00,0.4,0.0,0.0,0.4,0.0,9.473632000000002,0.0,0.4,0.0,0.0
2025-02-16 02:00:00,1.16,0.0,0.0,1.16,0.0,8.313632000000002,0.0,1.16,0.0,0.0
2025-02-16 03:00:00,0.85,0.0,0.0,0.85,0.0,7.463632000000002,0.0,0.85,0.0,0.0
2025-02-16 04:00:00,1.04,0.0,0.0,1.04,0.0,6.423632000000002,0.0,1.04,0.0,0.0
2025-02-16 05:00:00,0.94,0.0,0.0,0.94,0.0,5.483632000000002,0.0,0.94,0.0,0.0
2025-02-16 06:00:00,0.94,0.0,0.0,0.94,0.0,4.543632000000002,0.0,0.94,0.0,0.0
2025-02-16 07:00:00,0.89,0.0,0.0,0.89,0.96977,4.623402000000002,0.07977000000000001,0.0,0.0,0.0
2025-02-16 08:00:00,0.54,0.0,0.0,0.54,3.0336030000000003,7.1170050000000025,2.4936030000000002,0.0,0.0,0.0
2025-02-16 09:00:00,0.48,0.0,0.0,0.48,2.6269099999999996,9.263915000000003,2.1469099999999997,0.0,0.0,0.0
2025-02-16 10:00:00,0.42,0.0,0.0,0.42,3.606477,12.450392000000003,3.186477,0.0,0.0,0.0
2025-02-16 11:00:00,0.4,0.2678857142857143,1.750726285714288,2.418612000000002,3.4682199999999996,13.5,1.0496079999999974,0.0,0.0,0.0
2025-02-16 12:00:00,0.1,0.2678857142857143,2.053873285714286,2.421759,2.421759,13.5,0.0,0.0,0.0,0.0
2025-02-16 13:00:00,0.1,0.2678857142857143,1.2480262857142859,1.6159120000000002,1.615912,13.5,0.0,0.0,0.0,0.0
2025-02-16 14:00:00,0.1,0.0,1.2575299999999998,1.35753,1.35753,13.5,0.0,0.0,0.0,0.0
2025-02-16 15:00:00,0.09,0.0,0.007315000000000002,0.097315,0.097315,13.5,0.0,0.0,0.0,0.0
2025-02-16 16:00:00,0.1,0.0,0.347448,0.44744799999999996,0.44744799999999996,13.5,0.0,0.0,0.0,0.0
2025-02-16 17:00:00,0.1,0.0,0.0,0.1,0.0,13.4,0.0,0.1,0.0,0.0
2025-02-16 18:00:00,0.11,0.0,0.0,0.11,0.0,13.290000000000001,0.0,0.11,0.0,0.0
2025-02-16 19:00:00,0.1,0.0,0.0,0.1,0.0,13.190000000000001,0.0,0.1,0.0,0.0
2025-02-16 20:00:00,0.54,0.0,0.0,0.54,0.0,12.650000000000002,0.0,0.54,0.0,0.0
2025-02-16 21:00:00,0.1,0.0,0.0,0.1,0.0,12.550000000000002,0.0,0.1,0.0,0.0
2025-02-16 22:00:00,0.1,0.0,0.0,0.1,0.0,12.450000000000003,0.0,0.1,0.0,0.0
2025-02-16 23:00:00,0.5,0.0,0.0,0.5,0.0,11.950000000000003,0.0,0.5,0.0,0.0
2025-02-17 00:00:00,0.1,0.0,0.0,0.1,0.0,11.850000000000003,0.0,0.1,0.0,0.0
2025-02-17 01:00:00,0.49,0.0,0.0,0.49,0.0,11.360000000000003,0.0,0.49,0.0,0.0
2025-02-17 02:00:00,0.3399999999999999,0.0,0.0,0.3399999999999999,0.0,11.020000000000003,0.0,0.3399999999999999,0.0,0.0
2025-02-17 03:00:00,0.71,0.0,0.0,0.71,0.0,10.310000000000002,0.0,0.71,0.0,0.0
2025-02-17 04:00:00,1.04,0.0,0.0,1.04,0.0,9.270000000000003,0.0,1.04,0.0,0.0
2025-02-17 05:00:00,0.5700000000000001,0.0,0.0,0.5700000000000001,0.0,8.700000000000003,0.0,0.5700000000000001,0.0,0.0
2025-02-17 06:00:00,0.7200000000000001,0.0,0.0,0.7200000000000001,0.0,7.980000000000003,0.0,0.7200000000000001,0.0,0.0
2025-02-17 07:00:00,0.8400000000000001,0.0,0.0,0.8400000000000001,0.519659,7.659659000000003,0.0,0.3203410000000001,0.0,0.0
2025-02-17 08:00:00,0.5399999999999999,0.0,0.0,0.5399999999999999,2.8997640000000002,10.019423000000003,2.359764,0.0,0.0,0.0
2025-02-17 09:00:00,0.37,0.0,0.0,0.37,4.377993999999999,13.5,3.4805769999999967,0.0,0.0,0.5274170000000025
2025-02-17 10:00:00,0.43,0.0,0.0,0.43,5.2583,13.5,0.0,0.0,0.0,4.8283000000000005
2025-02-17 11:00:00,0.1,0.2678857142857143,0.0,0.36788571428571426,5.576067,13.5,0.0,0.0,0.0,5.208181285714286
2025-02-17 12:00:00,0.09,0.2678857142857143,0.0,0.35788571428571425,2.363311,13.5,0.0,0.0,0.0,2.005425285714286
2025-02-17 13:00:00,0.1,0.2678857142857143,0.0,0.36788571428571426,4.979946,13.5,0.0,0.0,0.0,4.612060285714286
2025-02-17 14:00:00,0.1,0.0,0.0,0.1,4.066328,13.5,0.0,0.0,0.0,3.9663280000000003
2025-02-17 15:00:00,0.1,0.0,0.0,0.1,2.7745369999999996,13.5,0.0,0.0,0.0,2.6745369999999995
2025-02-17 16:00:00,0.94,0.0,0.0,0.94,1.1217750000000002,13.5,0.0,0.0,0.0,0.18177500000000024
2025-02-17 17:00:00,0.75,0.0,0.0,0.75,0.030052,12.780052,0.0,0.719948,0.0,0.0
2025-02-17 18:00:00,1.93,0.0,0.0,1.93,0.0,10.850052,0.0,1.93,0.0,0.0
2025-02-17 19:00:00,0.91,0.0,0.0,0.91,0.0,9.940052,0.0,0.91,0.0,0.0
2025-02-17 20:00:00,0.6599999999999999,0.0,0.0,0.6599999999999999,0.0,9.280052,0.0,0.6599999999999999,0.0,0.0
2025-02-17 21:00:00,1.34,0.0,0.0,1.34,0.0,7.940052,0.0,1.34,0.0,0.0
2025-02-17 22:00:00,1.42,0.0,0.0,1.42,0.0,6.520052,0.0,1.42,0.0,0.0
2025-02-17 23:00:00,1.11,0.0,0.0,1.11,0.0,5.410051999999999,0.0,1.11,0.0,0.0
2025-02-18 00:00:00,1.02,0.0,0.0,1.02,0.0,4.390051999999999,0.0,1.02,0.0,0.0
2025-02-18 01:00:00,1.12,0.0,0.0,1.12,0.0,3.270051999999999,0.0,1.12,0.0,0.0
2025-02-18 02:00:00,1.02,0.0,0.0,1.02,0.0,2.250051999999999,0.0,1.02,0.0,0.0
2025-02-18 03:00:00,1.35,0.0,0.0,1.35,0.0,0.9000519999999987,0.0,1.35,0.0,0.0
2025-02-18 04:00:00,0.94,0.0,0.0,0.94,0.0,0.0,0.0,0.9000519999999987,0.039948000000001205,0.0
2025-02-18 05:00:00,1.61,0.0,0.0,1.61,0.0,0.0,0.0,0.0,1.61,0.0
2025-02-18 06:00:00,1.13,0.0,0.0,1.13,0.0,0.0,0.0,0.0,1.13,0.0
2025-02-18 07:00:00,1.25,0.0,0.0,1.25,0.11028199999999999,0.0,0.0,0.0,1.139718,0.0
2025-02-18 08:00:00,0.18,0.0,0.0,0.18,0.570433,0.390433,0.390433,0.0,0.0,0.0
2025-02-18 09:00:00,0.14,0.0,0.0,0.14,1.044055,1.2944879999999999,0.9040549999999999,0.0,0.0,0.0
2025-02-18 10:00:00,0.15,0.0,0.0,0.15,2.801939,3.946427,2.651939,0.0,0.0,0.0
2025-02-18 11:00:00,0.14,0.4642923076923078,0.0,0.6042923076923078,3.152685,6.494819692307692,2.5483926923076923,0.0,0.0,0.0
2025-02-18 12:00:00,0.16,0.4642923076923078,0.0,0.6242923076923078,3.3404659999999997,9.210993384615383,2.716173692307692,0.0,0.0,0.0
2025-02-18 13:00:00,0.13,0.4642923076923078,0.0,0.5942923076923078,2.367707,10.984408076923074,1.7734146923076919,0.0,0.0,0.0
2025-02-18 14:00:00,0.14,0.0,0.0,0.14,2.020104,12.864512076923074,1.8801039999999998,0.0,0.0,0.0
2025-02-18 15:00:00,0.14,0.0,0.0,0.14,1.239142,13.5,0.6354879230769264,0.0,0.0,0.4636540769230737
2025-02-18 16:00:00,0.15,0.0,0.0,0.15,0.224186,13.5,0.0,0.0,0.0,0.074186
2025-02-18 17:00:00,0.12,0.0,0.0,0.12,0.0,13.38,0.0,0.12,0.0,0.0
2025-02-18 18:00:00,0.11,0.0,0.0,0.11,0.0,13.270000000000001,0.0,0.11,0.0,0.0
2025-02-18 19:00:00,0.11,0.0,0.0,0.11,0.0,13.160000000000002,0.0,0.11,0.0,0.0
2025-02-18 20:00:00,0.13,0.0,0.0,0.13,0.0,13.030000000000001,0.0,0.13,0.0,0.0
2025-02-18 21:00:00,0.45,0.0,0.0,0.45,0.0,12.580000000000002,0.0,0.45,0.0,0.0
2025-02-18 22:00:00,0.5800000000000001,0.0,0.0,0.5800000000000001,0.0,12.000000000000002,0.0,0.5800000000000001,0.0,0.0
2025-02-18 23:00:00,0.76,0.0,0.0,0.76,0.0,11.240000000000002,0.0,0.76,0.0,0.0
2025-02-19 00:00:00,0.72,0.0,0.0,0.72,0.0,10.520000000000001,0.0,0.72,0.0,0.0
2025-02-19 01:00:00,0.78,0.0,0.0,0.78,0.0,9.740000000000002,0.0,0.78,0.0,0.0
2025-02-19 02:00:00,0.95,0.0,0.0,0.95,0.0,8.790000000000003,0.0,0.95,0.0,0.0
2025-02-19 03:00:00,0.57,0.0,0.0,0.57,0.0,8.220000000000002,0.0,0.57,0.0,0.0
2025-02-19 04:00:00,0.94,0.0,0.0,0.94,0.0,7.280000000000003,0.0,0.94,0.0,0.0
2025-02-19 05:00:00,0.8,0.0,0.0,0.8,0.0,6.480000000000003,0.0,0.8,0.0,0.0
2025-02-19 06:00:00,0.95,0.0,0.0,0.95,0.0,5.530000000000003,0.0,0.95,0.0,0.0
2025-02-19 07:00:00,0.5900000000000001,0.0,0.0,0.5900000000000001,0.0,4.940000000000003,0.0,0.5900000000000001,0.0,0.0
2025-02-19 08:00:00,0.49,0.0,0.0,0.49,1.5553050000000002,6.0053050000000034,1.0653050000000002,0.0,0.0,0.0
2025-02-19 09:00:00,0.66,0.0,0.0,0.66,1.315323,6.6606280000000035,0.655323,0.0,0.0,0.0
2025-02-19 10:00:00,0.8900000000000001,0.0,0.0,0.8900000000000001,0.529277,6.299905000000003,0.0,0.3607230000000001,0.0,0.0
2025-02-19 11:00:00,1.1,0.4642923076923078,0.0,1.5642923076923079,1.351142,6.086754692307696,0.0,0.2131503076923078,0.0,0.0
2025-02-19 12:00:00,0.4,0.4642923076923078,0.0,0.8642923076923078,1.087462,6.309924384615388,0.22316969230769212,0.0,0.0,0.0
2025-02-19 13:00:00,1.04,0.4642923076923078,0.0,1.5042923076923078,0.228863,5.03449507692308,0.0,1.2754293076923078,0.0,0.0
2025-02-19 14:00:00,0.5900000000000001,0.0,0.0,0.5900000000000001,0.303873,4.74836807692308,0.0,0.2861270000000001,0.0,0.0
2025-02-19 15:00:00,0.69,0.0,0.0,0.69,0.43702300000000005,4.49539107692308,0.0,0.2529769999999999,0.0,0.0
2025-02-19 16:00:00,0.15,0.0,0.0,0.15,0.0010149999999999998,4.34640607692308,0.0,0.148985,0.0,0.0
2025-02-19 17:00:00,0.16,0.0,0.0,0.16,0.03201,4.218416076923081,0.0,0.12799,0.0,0.0
2025-02-19 18:00:00,0.47,0.0,0.0,0.47,0.0,3.748416076923081,0.0,0.47,0.0,0.0
2025-02-19 19:00:00,0.94,0.0,0.0,0.94,0.0,2.808416076923081,0.0,0.94,0.0,0.0
2025-02-19 20:00:00,0.27,0.0,0.0,0.27,0.0,2.538416076923081,0.0,0.27,0.0,0.0
2025-02-19 21:00:00,1.08,0.0,0.0,1.08,0.0,1.458416076923081,0.0,1.08,0.0,0.0
2025-02-19 22:00:00,0.62,0.0,0.0,0.62,0.0,0.838416076923081,0.0,0.62,0.0,0.0
2025-02-19 23:00:00,0.15,0.0,0.0,0.15,0.0,0.6884160769230809,0.0,0.15,0.0,0.0
2025-02-20 00:00:00,0.98,0.0,0.0,0.98,0.0,0.0,0.0,0.6884160769230809,0.29158392307691905,0.0
2025-02-20 01:00:00,0.49,0.0,0.0,0.49,0.0,0.0,0.0,0.0,0.49,0.0
2025-02-20 02:00:00,1.24,0.0,0.0,1.24,0.0,0.0,0.0,0.0,1.24,0.0
2025-02-20 03:00:00,0.65,0.0,0.0,0.65,0.0,0.0,0.0,0.0,0.65,0.0
2025-02-20 04:00:00,1.01,0.0,0.0,1.01,0.0,0.0,0.0,0.0,1.01,0.0
2025-02-20 05:00:00,0.95,0.0,0.0,0.95,0.0,0.0,0.0,0.0,0.95,0.0
2025-02-20 06:00:00,1.1,0.0,0.0,1.1,0.0,0.0,0.0,0.0,1.1,0.0
2025-02-20 07:00:00,1.08,0.0,0.0,1.08,0.107431,0.0,0.0,0.0,0.972569,0.0
2025-02-20 08:00:00,0.21,0.0,0.0,0.21,0.174998,0.0,0.0,0.0,0.035002000000000005,0.0
2025-02-20 09:00:00,0.1,0.0,0.0,0.1,4.276997000000001,4.176997000000001,4.176997000000001,0.0,0.0,0.0
2025-02-20 10:00:00,0.1399999999999999,0.0,0.0,0.1399999999999999,2.527929,6.564926000000001,2.3879289999999997,0.0,0.0,0.0
2025-02-20 11:00:00,0.12,0.4642923076923078,0.0,0.5842923076923078,1.651805,7.632438692307693,1.0675126923076923,0.0,0.0,0.0
2025-02-20 12:00:00,0.24,0.4642923076923078,0.0,0.7042923076923078,3.523288,10.451434384615386,2.818995692307692,0.0,0.0,0.0
2025-02-20 13:00:00,0.13,0.4642923076923078,0.0,0.5942923076923078,2.405874,12.263016076923078,1.811581692307692,0.0,0.0,0.0
2025-02-20 14:00:00,0.24,0.0,0.0,0.24,3.7877330000000002,13.5,1.236983923076922,0.0,0.0,2.310749076923078
2025-02-20 15:00:00,0.11,0.0,0.0,0.11,2.6050859999999996,13.5,0.0,0.0,0.0,2.4950859999999997
2025-02-20 16:00:00,0.19,0.0,0.0,0.19,1.090872,13.5,0.0,0.0,0.0,0.9008720000000001
2025-02-20 17:00:00,0.21,0.0,0.0,0.21,0.041409999999999995,13.33141,0.0,0.16859,0.0,0.0
2025-02-20 18:00:00,2.46,0.0,0.0,2.46,0.0,10.871410000000001,0.0,2.46,0.0,0.0
2025-02-20 19:00:00,1.19,0.0,0.0,1.19,0.0,9.681410000000001,0.0,1.19,0.0,0.0
2025-02-20 20:00:00,0.3,0.0,0.0,0.3,0.0,9.38141,0.0,0.3,0.0,0.0
2025-02-20 21:00:00,0.31,0.0,0.0,0.31,0.0,9.07141,0.0,0.31,0.0,0.0
2025-02-20 22:00:00,0.64,0.0,0.0,0.64,0.0,8.43141,0.0,0.64,0.0,0.0
2025-02-20 23:00:00,0.79,0.0,0.0,0.79,0.0,7.64141,0.0,0.79,0.0,0.0
2025-02-21 00:00:00,0.15,0.0,0.0,0.15,0.0,7.491409999999999,0.0,0.15,0.0,0.0
2025-02-21 01:00:00,0.52,0.0,0.0,0.52,0.0,6.971409999999999,0.0,0.52,0.0,0.0
2025-02-21 02:00:00,0.84,0.0,0.0,0.84,0.0,6.131409999999999,0.0,0.84,0.0,0.0
2025-02-21 03:00:00,0.95,0.0,0.0,0.95,0.0,5.181409999999999,0.0,0.95,0.0,0.0
2025-02-21 04:00:00,1.1,0.0,0.0,1.1,0.0,4.081409999999998,0.0,1.1,0.0,0.0
2025-02-21 05:00:00,1.0,0.0,0.0,1.0,0.0,3.081409999999998,0.0,1.0,0.0,0.0
2025-02-21 06:00:00,0.6400000000000001,0.0,0.0,0.6400000000000001,0.0,2.441409999999998,0.0,0.6400000000000001,0.0,0.0
2025-02-21 07:00:00,0.95,0.0,0.0,0.95,0.07043600000000001,1.5618459999999983,0.0,0.8795639999999999,0.0,0.0
2025-02-21 08:00:00,0.5800000000000001,0.0,0.0,0.5800000000000001,1.190771,2.172616999999998,0.610771,0.0,0.0,0.0
2025-02-21 09:00:00,0.29,0.0,0.0,0.29,2.516443,4.399059999999999,2.226443,0.0,0.0,0.0
2025-02-21 10:00:00,0.24,0.0,0.0,0.24,4.829359999999999,8.988419999999998,4.589359999999999,0.0,0.0,0.0
2025-02-21 11:00:00,0.25,0.4642923076923078,0.0,0.7142923076923078,4.505139,12.77926669230769,3.7908466923076922,0.0,0.0,0.0
2025-02-21 12:00:00,0.29,0.4642923076923078,3.511823384615383,4.26611569230769,4.986849,13.5,0.7207333076923099,0.0,0.0,0.0
2025-02-21 13:00:00,0.25,0.4642923076923078,3.093776692307692,3.8080689999999997,3.808069,13.5,0.0,0.0,0.0,0.0
2025-02-21 14:00:00,0.26,0.0,3.5371619999999995,3.7971619999999993,3.7971619999999997,13.5,0.0,0.0,0.0,0.0
2025-02-21 15:00:00,0.3,0.0,2.349594,2.649594,2.649594,13.5,0.0,0.0,0.0,0.0
2025-02-21 16:00:00,0.2299999999999999,0.0,0.8956160000000001,1.125616,1.125616,13.5,0.0,0.0,0.0,0.0
2025-02-21 17:00:00,0.2299999999999999,0.0,0.0,0.2299999999999999,0.045607,13.315607,0.0,0.1843929999999999,0.0,0.0
2025-02-21 18:00:00,0.2299999999999999,0.0,0.0,0.2299999999999999,0.0,13.085607,0.0,0.2299999999999999,0.0,0.0
2025-02-21 19:00:00,0.2299999999999999,0.0,0.0,0.2299999999999999,0.0,12.855607,0.0,0.2299999999999999,0.0,0.0
2025-02-21 20:00:00,1.76,0.0,0.0,1.76,0.0,11.095607,0.0,1.76,0.0,0.0
2025-02-21 21:00:00,1.37,0.0,0.0,1.37,0.0,9.725607,0.0,1.37,0.0,0.0
2025-02-21 22:00:00,0.24,0.0,0.0,0.24,0.0,9.485607,0.0,0.24,0.0,0.0
2025-02-21 23:00:00,0.22,0.0,0.0,0.22,0.0,9.265607,0.0,0.22,0.0,0.0
2025-02-22 00:00:00,0.21,0.0,0.0,0.21,0.0,9.055606999999998,0.0,0.21,0.0,0.0
2025-02-22 01:00:00,0.5700000000000001,0.0,0.0,0.5700000000000001,0.0,8.485606999999998,0.0,0.5700000000000001,0.0,0.0
2025-02-22 02:00:00,0.96,0.0,0.0,0.96,0.0,7.525606999999998,0.0,0.96,0.0,0.0
2025-02-22 03:00:00,0.96,0.0,0.0,0.96,0.0,6.565606999999998,0.0,0.96,0.0,0.0
2025-02-22 04:00:00,0.8999999999999999,0.0,0.0,0.8999999999999999,0.0,5.665606999999998,0.0,0.8999999999999999,0.0,0.0
2025-02-22 05:00:00,1.05,0.0,0.0,1.05,0.0,4.615606999999998,0.0,1.05,0.0,0.0
2025-02-22 06:00:00,1.21,0.0,0.0,1.21,0.0,3.405606999999998,0.0,1.21,0.0,0.0
2025-02-22 07:00:00,0.78,0.0,0.0,0.78,0.126273,2.751879999999998,0.0,0.6537270000000001,0.0,0.0
2025-02-22 08:00:00,0.44,0.0,0.0,0.44,1.175657,3.487536999999998,0.735657,0.0,0.0,0.0
2025-02-22 09:00:00,0.21,0.0,0.0,0.21,3.9868560000000004,7.264392999999998,3.7768560000000004,0.0,0.0,0.0
2025-02-22 10:00:00,0.22,0.0,0.0,0.22,4.636528,11.680920999999998,4.4165280000000005,0.0,0.0,0.0
2025-02-22 11:00:00,0.22,0.1721118881118881,2.2859321118881093,2.678043999999997,4.497122999999999,13.5,1.819079000000002,0.0,0.0,0.0
2025-02-22 12:00:00,0.21,0.1721118881118881,3.881075111888112,4.263187,4.263187,13.5,0.0,0.0,0.0,0.0
2025-02-22 13:00:00,0.21,0.1721118881118881,3.673093111888112,4.055205,4.055205,13.5,0.0,0.0,0.0,0.0
2025-02-22 14:00:00,0.24,0.0,3.053222,3.293222,3.293222,13.5,0.0,0.0,0.0,0.0
2025-02-22 15:00:00,0.24,0.0,1.1996010000000001,1.4396010000000001,1.4396010000000001,13.5,0.0,0.0,0.0,0.0
2025-02-22 16:00:00,0.35,0.0,0.15240200000000004,0.502402,0.502402,13.5,0.0,0.0,0.0,0.0
2025-02-22 17:00:00,0.27,0.0,0.0,0.27,0.01848,13.24848,0.0,0.25152,0.0,0.0
2025-02-22 18:00:00,0.28,0.0,0.0,0.28,0.0,12.968480000000001,0.0,0.28,0.0,0.0
2025-02-22 19:00:00,0.32,0.0,0.0,0.32,0.0,12.648480000000001,0.0,0.32,0.0,0.0
2025-02-22 20:00:00,0.11,0.0,0.0,0.11,0.0,12.538480000000002,0.0,0.11,0.0,0.0
2025-02-22 21:00:00,0.19,0.0,0.0,0.19,0.0,12.348480000000002,0.0,0.19,0.0,0.0
2025-02-22 22:00:00,0.18,0.0,0.0,0.18,0.0,12.168480000000002,0.0,0.18,0.0,0.0
2025-02-22 23:00:00,0.11,0.0,0.0,0.11,0.0,12.058480000000003,0.0,0.11,0.0,0.0
2025-02-23 00:00:00,0.11,0.0,0.0,0.11,0.0,11.948480000000004,0.0,0.11,0.0,0.0
2025-02-23 01:00:00,0.1,0.0,0.0,0.1,0.0,11.848480000000004,0.0,0.1,0.0,0.0
2025-02-23 02:00:00,0.49,0.0,0.0,0.49,0.0,11.358480000000004,0.0,0.49,0.0,0.0
2025-02-23 03:00:00,0.85,0.0,0.0,0.85,0.0,10.508480000000004,0.0,0.85,0.0,0.0
2025-02-23 04:00:00,0.78,0.0,0.0,0.78,0.0,9.728480000000005,0.0,0.78,0.0,0.0
2025-02-23 05:00:00,0.74,0.0,0.0,0.74,0.0,8.988480000000004,0.0,0.74,0.0,0.0
2025-02-23 06:00:00,0.95,0.0,0.0,0.95,0.0,8.038480000000005,0.0,0.95,0.0,0.0
2025-02-23 07:00:00,0.38,0.0,0.0,0.38,1.393605,9.052085000000005,1.013605,0.0,0.0,0.0
2025-02-23 08:00:00,0.47,0.0,0.0,0.47,3.283871,11.865956000000004,2.813871,0.0,0.0,0.0
2025-02-23 09:00:00,0.54,0.0,0.0,0.54,0.575456,11.901412000000004,0.03545599999999993,0.0,0.0,0.0
2025-02-23 10:00:00,0.1,0.0,3.5845040000000044,3.6845040000000044,5.283092,13.5,1.598587999999996,0.0,0.0,0.0
2025-02-23 11:00:00,0.09,0.1721118881118881,5.308737111888112,5.570849,5.570849,13.5,0.0,0.0,0.0,0.0
2025-02-23 12:00:00,0.09,0.1721118881118881,3.2623601118881123,3.5244720000000003,3.5244720000000003,13.5,0.0,0.0,0.0,0.0
2025-02-23 13:00:00,0.1,0.1721118881118881,3.3689131118881117,3.641025,3.641025,13.5,0.0,0.0,0.0,0.0
2025-02-23 14:00:00,0.1,0.0,2.8085799999999996,2.9085799999999997,2.9085799999999997,13.5,0.0,0.0,0.0,0.0
2025-02-23 15:00:00,0.23,0.0,0.03360825174824811,0.2636082517482481,1.918901,13.5,0.0,0.0,0.0,1.6552927482517519
2025-02-23 16:00:00,0.27,0.0,0.0,0.27,1.175367,13.5,0.0,0.0,0.0,0.905367
2025-02-23 17:00:00,0.12,0.0,0.0,0.12,0.076298,13.456298,0.0,0.04370199999999999,0.0,0.0
2025-02-23 18:00:00,0.14,0.0,0.0,0.14,0.0,13.316298,0.0,0.14,0.0,0.0
2025-02-23 19:00:00,0.15,0.0,0.0,0.15,0.0,13.166298,0.0,0.15,0.0,0.0
2025-02-23 20:00:00,0.16,0.0,0.0,0.16,0.0,13.006298,0.0,0.16,0.0,0.0
2025-02-23 21:00:00,0.19,0.0,0.0,0.19,0.0,12.816298,0.0,0.19,0.0,0.0
2025-02-23 22:00:00,0.13,0.0,0.0,0.13,0.0,12.686297999999999,0.0,0.13,0.0,0.0
2025-02-23 23:00:00,0.46,0.0,0.0,0.46,0.0,12.226297999999998,0.0,0.46,0.0,0.0
2025-02-24 00:00:00,0.8899999999999999,0.0,0.0,0.8899999999999999,0.0,11.336297999999998,0.0,0.8899999999999999,0.0,0.0
2025-02-24 01:00:00,0.57,0.0,0.0,0.57,0.0,10.766297999999997,0.0,0.57,0.0,0.0
2025-02-24 02:00:00,0.41,0.0,0.0,0.41,0.0,10.356297999999997,0.0,0.41,0.0,0.0
2025-02-24 03:00:00,0.95,0.0,0.0,0.95,0.0,9.406297999999998,0.0,0.95,0.0,0.0
2025-02-24 04:00:00,0.5800000000000001,0.0,0.0,0.5800000000000001,0.0,8.826297999999998,0.0,0.5800000000000001,0.0,0.0
2025-02-24 05:00:00,0.5700000000000001,0.0,0.0,0.5700000000000001,0.0,8.256297999999997,0.0,0.5700000000000001,0.0,0.0
2025-02-24 06:00:00,0.5700000000000001,0.0,0.0,0.5700000000000001,0.0,7.686297999999997,0.0,0.5700000000000001,0.0,0.0
2025-02-24 07:00:00,0.8200000000000001,0.0,0.0,0.8200000000000001,1.45878,8.325077999999998,0.6387799999999999,0.0,0.0,0.0
2025-02-24 08:00:00,0.37,0.0,0.0,0.37,3.33717,11.292247999999997,2.96717,0.0,0.0,0.0
2025-02-24 09:00:00,0.47,0.0,0.0,0.47,4.543777,13.5,2.207752000000003,0.0,0.0,1.8660249999999978
2025-02-24 10:00:00,0.19,0.0,0.0,0.19,5.20024,13.5,0.0,0.0,0.0,5.01024
2025-02-24 11:00:00,0.12,0.1721118881118881,0.0,0.2921118881118881,5.474411,13.5,0.0,0.0,0.0,5.182299111888112
2025-02-24 12:00:00,0.1,0.1721118881118881,0.0,0.27211188811188813,5.4173800000000005,13.5,0.0,0.0,0.0,5.145268111888113
2025-02-24 13:00:00,0.1,0.1721118881118881,0.0,0.27211188811188813,4.926265,13.5,0.0,0.0,0.0,4.654153111888112
2025-02-24 14:00:00,0.1,0.0,0.0,0.1,4.066056,13.5,0.0,0.0,0.0,3.9660559999999996
2025-02-24 15:00:00,0.11,0.0,0.0,0.11,2.8496599999999996,13.5,0.0,0.0,0.0,2.7396599999999998
2025-02-24 16:00:00,0.13,0.0,0.0,0.13,1.217868,13.5,0.0,0.0,0.0,1.0878679999999998
2025-02-24 17:00:00,0.15,0.0,0.0,0.15,0.07062900000000001,13.420629,0.0,0.07937099999999998,0.0,0.0
2025-02-24 18:00:00,0.18,0.0,0.0,0.18,0.0,13.240629,0.0,0.18,0.0,0.0
2025-02-24 19:00:00,0.27,0.0,0.0,0.27,0.0,12.970629,0.0,0.27,0.0,0.0
2025-02-24 20:00:00,0.18,0.0,0.0,0.18,0.0,12.790629000000001,0.0,0.18,0.0,0.0
2025-02-24 21:00:00,0.15,0.0,0.0,0.15,0.0,12.640629,0.0,0.15,0.0,0.0
2025-02-24 22:00:00,0.1699999999999999,0.0,0.0,0.1699999999999999,0.0,12.470629,0.0,0.1699999999999999,0.0,0.0
2025-02-24 23:00:00,0.18,0.0,0.0,0.18,0.0,12.290629000000001,0.0,0.18,0.0,0.0
2025-02-25 00:00:00,0.54,0.0,0.0,0.54,0.0,11.750629,0.0,0.54,0.0,0.0
2025-02-25 01:00:00,0.48,0.0,0.0,0.48,0.0,11.270629,0.0,0.48,0.0,0.0
2025-02-25 02:00:00,0.8,0.0,0.0,0.8,0.0,10.470628999999999,0.0,0.8,0.0,0.0
2025-02-25 03:00:00,0.94,0.0,0.0,0.94,0.0,9.530629,0.0,0.94,0.0,0.0
2025-02-25 04:00:00,0.5700000000000001,0.0,0.0,0.5700000000000001,0.0,8.960628999999999,0.0,0.5700000000000001,0.0,0.0
2025-02-25 05:00:00,0.89,0.0,0.0,0.89,0.0,8.070628999999998,0.0,0.89,0.0,0.0
2025-02-25 06:00:00,0.99,0.0,0.0,0.99,0.0,7.080628999999998,0.0,0.99,0.0,0.0
2025-02-25 07:00:00,0.58,0.0,0.0,0.58,1.523775,8.024403999999999,0.9437750000000001,0.0,0.0,0.0
2025-02-25 08:00:00,0.11,0.0,0.0,0.11,3.4076060000000004,11.322009999999999,3.2976060000000005,0.0,0.0,0.0
2025-02-25 09:00:00,0.1,0.0,0.0,0.1,4.613946,13.5,2.177990000000001,0.0,0.0,2.3359559999999995
2025-02-25 10:00:00,0.1,0.0,0.0,0.1,5.217723,13.5,0.0,0.0,0.0,5.117723000000001
2025-02-25 11:00:00,0.1,0.1721118881118881,0.0,0.27211188811188813,5.457139,13.5,0.0,0.0,0.0,5.185027111888112
2025-02-25 12:00:00,0.1,0.1721118881118881,0.0,0.27211188811188813,5.345799,13.5,0.0,0.0,0.0,5.073687111888113
2025-02-25 13:00:00,0.11,0.1721118881118881,0.0,0.2821118881118881,4.8581959999999995,13.5,0.0,0.0,0.0,4.576084111888111
2025-02-25 14:00:00,0.1,0.0,0.0,0.1,4.031202,13.5,0.0,0.0,0.0,3.9312020000000003
2025-02-25 15:00:00,0.1,0.0,0.0,0.1,2.8316779999999997,13.5,0.0,0.0,0.0,2.7316779999999996
2025-02-25 16:00:00,0.1,0.0,0.0,0.1,1.22144,13.5,0.0,0.0,0.0,1.12144
2025-02-25 17:00:00,0.11,0.0,0.0,0.11,0.06821899999999999,13.458219,0.0,0.04178100000000001,0.0,0.0
2025-02-25 18:00:00,1.97,0.0,0.0,1.97,0.0,11.488218999999999,0.0,1.97,0.0,0.0
2025-02-25 19:00:00,0.91,0.0,0.0,0.91,0.0,10.578218999999999,0.0,0.91,0.0,0.0
2025-02-25 20:00:00,0.19,0.0,0.0,0.19,0.0,10.388219,0.0,0.19,0.0,0.0
2025-02-25 21:00:00,0.36,0.0,0.0,0.36,0.0,10.028219,0.0,0.36,0.0,0.0
2025-02-25 22:00:00,0.45,0.0,0.0,0.45,0.0,9.578219,0.0,0.45,0.0,0.0
2025-02-25 23:00:00,0.2,0.0,0.0,0.2,0.0,9.378219000000001,0.0,0.2,0.0,0.0
2025-02-26 00:00:00,0.11,0.0,0.0,0.11,0.0,9.268219000000002,0.0,0.11,0.0,0.0
2025-02-26 01:00:00,0.53,0.0,0.0,0.53,0.0,8.738219000000003,0.0,0.53,0.0,0.0
2025-02-26 02:00:00,0.64,0.0,0.0,0.64,0.0,8.098219000000002,0.0,0.64,0.0,0.0
2025-02-26 03:00:00,0.86,0.0,0.0,0.86,0.0,7.238219000000002,0.0,0.86,0.0,0.0
2025-02-26 04:00:00,1.85,0.0,0.0,1.85,0.0,5.388219000000001,0.0,1.85,0.0,0.0
2025-02-26 05:00:00,1.03,0.0,0.0,1.03,0.0,4.358219000000001,0.0,1.03,0.0,0.0
2025-02-26 06:00:00,0.8500000000000001,0.0,0.0,0.8500000000000001,0.0,3.508219000000001,0.0,0.8500000000000001,0.0,0.0
2025-02-26 07:00:00,0.24,0.0,0.0,0.24,1.536823,4.805042000000001,1.296823,0.0,0.0,0.0
2025-02-26 08:00:00,0.18,0.0,0.0,0.18,3.399972,8.025014,3.219972,0.0,0.0,0.0
2025-02-26 09:00:00,0.13,0.0,0.0,0.13,4.636959,12.531973,4.506959,0.0,0.0,0.0
2025-02-26 10:00:00,0.14,0.0,4.167935000000002,4.307935000000001,5.275962000000001,13.5,0.9680269999999993,0.0,0.0,0.0
2025-02-26 11:00:00,0.15,0.1721118881118881,5.164242111888113,5.486354,5.486354,13.5,0.0,0.0,0.0,0.0
2025-02-26 12:00:00,0.21,0.1721118881118881,4.174373111888111,4.5564849999999995,4.5564849999999995,13.5,0.0,0.0,0.0,0.0
2025-02-26 13:00:00,0.11,0.1721118881118881,3.566502111888112,3.848614,3.848614,13.5,0.0,0.0,0.0,0.0
2025-02-26 14:00:00,0.11,0.0,3.036607,3.146607,3.146607,13.5,0.0,0.0,0.0,0.0
2025-02-26 15:00:00,0.12,0.0,1.892105,2.012105,2.012105,13.5,0.0,0.0,0.0,0.0
2025-02-26 16:00:00,0.22,0.0,0.657107,0.877107,0.877107,13.5,0.0,0.0,0.0,0.0
2025-02-26 17:00:00,0.16,0.0,0.0,0.16,0.096988,13.436988,0.0,0.063012,0.0,0.0
2025-02-26 18:00:00,0.13,0.0,0.0,0.13,0.0,13.306987999999999,0.0,0.13,0.0,0.0
2025-02-26 19:00:00,0.13,0.0,0.0,0.13,0.0,13.176987999999998,0.0,0.13,0.0,0.0
2025-02-26 20:00:00,0.1699999999999999,0.0,0.0,0.1699999999999999,0.0,13.006987999999998,0.0,0.1699999999999999,0.0,0.0
2025-02-26 21:00:00,0.15,0.0,0.0,0.15,0.0,12.856987999999998,0.0,0.15,0.0,0.0
2025-02-26 22:00:00,0.17,0.0,0.0,0.17,0.0,12.686987999999998,0.0,0.17,0.0,0.0
2025-02-26 23:00:00,0.12,0.0,0.0,0.12,0.0,12.566987999999998,0.0,0.12,0.0,0.0
2025-02-27 00:00:00,0.1,0.0,0.0,0.1,0.0,12.466987999999999,0.0,0.1,0.0,0.0
2025-02-27 01:00:00,0.11,0.0,0.0,0.11,0.0,12.356988,0.0,0.11,0.0,0.0
2025-02-27 02:00:00,0.1,0.0,0.0,0.1,0.0,12.256988,0.0,0.1,0.0,0.0
2025-02-27 03:00:00,0.11,0.0,0.0,0.11,0.0,12.146988,0.0,0.11,0.0,0.0
2025-02-27 04:00:00,0.48,0.0,0.0,0.48,0.0,11.666988,0.0,0.48,0.0,0.0
2025-02-27 05:00:00,0.51,0.0,0.0,0.51,0.0,11.156988,0.0,0.51,0.0,0.0
2025-02-27 06:00:00,0.92,0.0,0.0,0.92,0.0,10.236988,0.0,0.92,0.0,0.0
2025-02-27 07:00:00,0.4,0.0,0.0,0.4,0.196855,10.033843000000001,0.0,0.20314500000000002,0.0,0.0
2025-02-27 08:00:00,0.2,0.0,0.0,0.2,3.075957,12.9098,2.8759569999999997,0.0,0.0,0.0
2025-02-27 09:00:00,0.33,0.0,0.0,0.33,3.646991,13.5,0.5901999999999994,0.0,0.0,2.7267910000000004
2025-02-27 10:00:00,0.4599999999999999,0.0,0.0,0.4599999999999999,4.65622,13.5,0.0,0.0,0.0,4.19622
2025-02-27 11:00:00,0.4,0.1721118881118881,0.0,0.5721118881118881,5.412623,13.5,0.0,0.0,0.0,4.840511111888112
2025-02-27 12:00:00,0.22,0.1721118881118881,0.0,0.39211188811188813,5.310944999999999,13.5,0.0,0.0,0.0,4.9188331118881115
2025-02-27 13:00:00,0.19,0.1721118881118881,0.0,0.3621118881118881,3.924799,13.5,0.0,0.0,0.0,3.562687111888112
2025-02-27 14:00:00,0.17,0.0,0.0,0.17,3.18939,13.5,0.0,0.0,0.0,3.01939
2025-02-27 15:00:00,0.16,0.0,0.0,0.16,2.177125,13.5,0.0,0.0,0.0,2.017125
2025-02-27 16:00:00,0.15,0.0,0.0,0.15,0.815468,13.5,0.0,0.0,0.0,0.665468
2025-02-27 17:00:00,0.26,0.0,0.0,0.26,0.10076099999999999,13.340761,0.0,0.15923900000000002,0.0,0.0
2025-02-27 18:00:00,0.15,0.0,0.0,0.15,0.0,13.190761,0.0,0.15,0.0,0.0
2025-02-27 19:00:00,0.14,0.0,0.0,0.14,0.0,13.050761,0.0,0.14,0.0,0.0
2025-02-27 20:00:00,0.17,0.0,0.0,0.17,0.0,12.880761,0.0,0.17,0.0,0.0
2025-02-27 21:00:00,0.21,0.0,0.0,0.21,0.0,12.670760999999999,0.0,0.21,0.0,0.0
2025-02-27 22:00:00,0.12,0.0,0.0,0.12,0.0,12.550761,0.0,0.12,0.0,0.0
2025-02-27 23:00:00,0.1,0.0,0.0,0.1,0.0,12.450761,0.0,0.1,0.0,0.0
2025-02-28 00:00:00,0.09,0.0,0.0,0.09,0.0,12.360761,0.0,0.09,0.0,0.0
2025-02-28 01:00:00,0.1,0.0,0.0,0.1,0.0,12.260761,0.0,0.1,0.0,0.0
2025-02-28 02:00:00,0.09,0.0,0.0,0.09,0.0,12.170761,0.0,0.09,0.0,0.0
2025-02-28 03:00:00,0.11,0.0,0.0,0.11,0.0,12.060761000000001,0.0,0.11,0.0,0.0
2025-02-28 04:00:00,0.1,0.0,0.0,0.1,0.0,11.960761000000002,0.0,0.1,0.0,0.0
2025-02-28 05:00:00,0.1,0.0,0.0,0.1,0.0,11.860761000000002,0.0,0.1,0.0,0.0
2025-02-28 06:00:00,0.09,0.0,0.0,0.09,0.0,11.770761000000002,0.0,0.09,0.0,0.0
2025-02-28 07:00:00,0.62,0.0,0.0,0.62,1.7002449999999998,12.851006000000002,1.0802449999999997,0.0,0.0,0.0
2025-02-28 08:00:00,0.6900000000000001,0.0,2.138361000000002,2.828361000000002,3.477355,13.5,0.6489939999999983,0.0,0.0,0.0
2025-02-28 09:00:00,0.74,0.0,3.8018959999999993,4.5418959999999995,4.5418959999999995,13.5,0.0,0.0,0.0,0.0
2025-02-28 10:00:00,0.63,0.0,4.5712790000000005,5.201279,5.201279,13.5,0.0,0.0,0.0,0.0
2025-02-28 11:00:00,0.3,0.1721118881118881,4.9923961118881115,5.4645079999999995,5.4645079999999995,13.5,0.0,0.0,0.0,0.0
2025-02-28 12:00:00,0.26,0.1721118881118881,4.935114111888112,5.367226,5.367226,13.5,0.0,0.0,0.0,0.0
2025-02-28 13:00:00,0.26,0.1721118881118881,2.9020824405594325,3.3341943286713205,4.927808,13.5,0.0,0.0,0.0,1.5936136713286793
2025-02-28 14:00:00,0.44,0.0,0.0,0.44,4.0933980000000005,13.5,0.0,0.0,0.0,3.6533980000000006
2025-02-28 15:00:00,0.27,0.0,0.0,0.27,2.88624,13.5,0.0,0.0,0.0,2.61624
2025-02-28 16:00:00,0.22,0.0,0.0,0.22,1.282939,13.5,0.0,0.0,0.0,1.062939
2025-02-28 17:00:00,0.2299999999999999,0.0,0.0,0.2299999999999999,0.10068600000000001,13.370686000000001,0.0,0.12931399999999987,0.0,0.0
2025-02-28 18:00:00,0.22,0.0,0.0,0.22,0.0,13.150686,0.0,0.22,0.0,0.0
2025-02-28 19:00:00,0.22,0.0,0.0,0.22,0.0,12.930686,0.0,0.22,0.0,0.0
2025-02-28 20:00:00,0.2299999999999999,0.0,0.0,0.2299999999999999,0.0,12.700686,0.0,0.2299999999999999,0.0,0.0
2025-02-28 21:00:00,0.16,0.0,0.0,0.16,0.0,12.540685999999999,0.0,0.16,0.0,0.0
2025-02-28 22:00:00,0.23,0.0,0.0,0.23,0.0,12.310685999999999,0.0,0.23,0.0,0.0
2025-02-28 23:00:00,0.12,0.0,0.0,0.12,0.0,12.190686,0.0,0.12,0.0,0.0
2025-03-01 00:00:00,0.11,0.0,0.0,0.11,0.0,12.080686,0.0,0.11,0.0,0.0
2025-03-01 01:00:00,0.1,0.0,0.0,0.1,0.0,11.980686,0.0,0.1,0.0,0.0
2025-03-01 02:00:00,0.09,0.0,0.0,0.09,0.0,11.890686,0.0,0.09,0.0,0.0
2025-03-01 03:00:00,0.53,0.0,0.0,0.53,0.0,11.360686000000001,0.0,0.53,0.0,0.0
2025-03-01 04:00:00,0.71,0.0,0.0,0.71,0.0,10.650686,0.0,0.71,0.0,0.0
2025-03-01 05:00:00,0.48,0.0,0.0,0.48,0.0,10.170686,0.0,0.48,0.0,0.0
2025-03-01 06:00:00,0.8,0.0,0.0,0.8,0.0,9.370686,0.0,0.8,0.0,0.0
2025-03-01 07:00:00,0.8500000000000001,0.0,0.0,0.8500000000000001,0.005897,8.526582999999999,0.0,0.844103,0.0,0.0
2025-03-01 08:00:00,0.87,0.0,0.0,0.87,0.302465,7.959047999999998,0.0,0.567535,0.0,0.0
2025-03-01 09:00:00,0.6699999999999999,0.0,0.0,0.6699999999999999,1.115243,8.404290999999999,0.44524300000000006,0.0,0.0,0.0
2025-03-01 10:00:00,0.42,0.0,0.0,0.42,3.710558,11.694848999999998,3.290558,0.0,0.0,0.0
2025-03-01 11:00:00,0.38,0.1721118881118881,0.0,0.552111888111888,3.107946,13.5,1.8051510000000022,0.0,0.0,0.7506831118881099
2025-03-01 12:00:00,0.45,0.1721118881118881,0.0,0.6221118881118881,2.409359,13.5,0.0,0.0,0.0,1.7872471118881117
2025-03-01 13:00:00,0.3,0.1721118881118881,0.0,0.4721118881118881,4.887861,13.5,0.0,0.0,0.0,4.415749111888112
2025-03-01 14:00:00,0.9,0.0,0.0,0.9,3.1794789999999997,13.5,0.0,0.0,0.0,2.279479
2025-03-01 15:00:00,0.7999999999999999,0.0,0.0,0.7999999999999999,2.805783,13.5,0.0,0.0,0.0,2.005783
2025-03-01 16:00:00,0.66,0.0,0.0,0.66,1.189218,13.5,0.0,0.0,0.0,0.5292180000000001
2025-03-01 17:00:00,2.12,0.0,0.0,2.12,0.130977,11.510977,0.0,1.989023,0.0,0.0
2025-03-01 18:00:00,2.35,0.0,0.0,2.35,0.0,9.160977,0.0,2.35,0.0,0.0
2025-03-01 19:00:00,0.25,0.0,0.0,0.25,0.0,8.910977,0.0,0.25,0.0,0.0
2025-03-01 20:00:00,0.29,0.0,0.0,0.29,0.0,8.620977000000002,0.0,0.29,0.0,0.0
2025-03-01 21:00:00,0.72,0.0,0.0,0.72,0.0,7.900977000000002,0.0,0.72,0.0,0.0
2025-03-01 22:00:00,0.12,0.0,0.0,0.12,0.0,7.780977000000002,0.0,0.12,0.0,0.0
2025-03-01 23:00:00,0.54,0.0,0.0,0.54,0.0,7.240977000000002,0.0,0.54,0.0,0.0
2025-03-02 00:00:00,0.49,0.0,0.0,0.49,0.0,6.750977000000002,0.0,0.49,0.0,0.0
2025-03-02 01:00:00,0.67,0.0,0.0,0.67,0.0,6.080977000000002,0.0,0.67,0.0,0.0
2025-03-02 02:00:00,0.94,0.0,0.0,0.94,0.0,5.140977000000001,0.0,0.94,0.0,0.0
2025-03-02 03:00:00,0.56,0.0,0.0,0.56,0.0,4.580977000000001,0.0,0.56,0.0,0.0
2025-03-02 04:00:00,1.02,0.0,0.0,1.02,0.0,3.5609770000000007,0.0,1.02,0.0,0.0
2025-03-02 05:00:00,0.82,0.0,0.0,0.82,0.0,2.740977000000001,0.0,0.82,0.0,0.0
2025-03-02 06:00:00,0.87,0.0,0.0,0.87,0.0,1.8709770000000008,0.0,0.87,0.0,0.0
2025-03-02 07:00:00,1.24,0.0,0.0,1.24,1.623624,2.254601000000001,0.38362399999999997,0.0,0.0,0.0
2025-03-02 08:00:00,0.56,0.0,0.0,0.56,3.433439,5.12804,2.873439,0.0,0.0,0.0
2025-03-02 09:00:00,0.11,0.0,0.0,0.11,4.649023000000001,9.667063,4.539023,0.0,0.0,0.0
2025-03-02 10:00:00,0.1,0.0,0.0,0.1,5.330116,13.5,3.8329369999999994,0.0,0.0,1.3971790000000013
2025-03-02 11:00:00,0.12,0.1721118881118881,0.0,0.2921118881118881,5.623546,13.5,0.0,0.0,0.0,5.331434111888112
2025-03-02 12:00:00,0.25,0.1721118881118881,0.0,0.4221118881118881,5.488736,13.5,0.0,0.0,0.0,5.066624111888112
2025-03-02 13:00:00,0.11,0.1721118881118881,0.0,0.2821118881118881,4.9654679999999995,13.5,0.0,0.0,0.0,4.683356111888111
2025-03-02 14:00:00,0.54,0.0,0.0,0.54,4.102861,13.5,0.0,0.0,0.0,3.562861
2025-03-02 15:00:00,0.65,0.0,0.0,0.65,2.8756060000000003,13.5,0.0,0.0,0.0,2.2256060000000004
2025-03-02 16:00:00,0.18,0.0,0.0,0.18,1.244937,13.5,0.0,0.0,0.0,1.064937
2025-03-02 17:00:00,0.16,0.0,0.0,0.16,0.095312,13.435312,0.0,0.06468800000000001,0.0,0.0
2025-03-02 18:00:00,0.14,0.0,0.0,0.14,0.0,13.295312,0.0,0.14,0.0,0.0
2025-03-02 19:00:00,0.7500000000000001,0.0,0.0,0.7500000000000001,0.0,12.545312,0.0,0.7500000000000001,0.0,0.0
2025-03-02 20:00:00,0.15,0.0,0.0,0.15,0.0,12.395311999999999,0.0,0.15,0.0,0.0
2025-03-02 21:00:00,0.83,0.0,0.0,0.83,0.0,11.565311999999999,0.0,0.83,0.0,0.0
2025-03-02 22:00:00,1.06,0.0,0.0,1.06,0.0,10.505311999999998,0.0,1.06,0.0,0.0
2025-03-02 23:00:00,0.8699999999999999,0.0,0.0,0.8699999999999999,0.0,9.635311999999999,0.0,0.8699999999999999,0.0,0.0
2025-03-03 00:00:00,0.99,0.0,0.0,0.99,0.0,8.645311999999999,0.0,0.99,0.0,0.0
2025-03-03 01:00:00,1.19,0.0,0.0,1.19,0.0,7.455311999999999,0.0,1.19,0.0,0.0
2025-03-03 02:00:00,1.08,0.0,0.0,1.08,0.0,6.375311999999999,0.0,1.08,0.0,0.0
2025-03-03 03:00:00,1.44,0.0,0.0,1.44,0.0,4.935312,0.0,1.44,0.0,0.0
2025-03-03 04:00:00,1.01,0.0,0.0,1.01,0.0,3.925312,0.0,1.01,0.0,0.0
2025-03-03 05:00:00,1.35,0.0,0.0,1.35,0.0,2.575312,0.0,1.35,0.0,0.0
2025-03-03 06:00:00,1.28,0.0,0.0,1.28,0.0,1.2953119999999998,0.0,1.28,0.0,0.0
2025-03-03 07:00:00,0.44,0.0,0.0,0.44,1.75198,2.607292,1.3119800000000001,0.0,0.0,0.0
2025-03-03 08:00:00,0.54,0.0,0.0,0.54,3.5040259999999996,5.571318,2.9640259999999996,0.0,0.0,0.0
2025-03-03 09:00:00,0.15,0.0,0.0,0.15,4.675927,10.097245,4.525926999999999,0.0,0.0,0.0
2025-03-03 10:00:00,0.44,0.0,0.0,0.44,5.2832,13.5,3.402755000000001,0.0,0.0,1.4404449999999986
2025-03-03 11:00:00,0.13,0.1721118881118881,0.0,0.3021118881118881,5.490416,13.5,0.0,0.0,0.0,5.188304111888112
2025-03-03 12:00:00,0.22,0.1721118881118881,0.0,0.39211188811188813,4.503333,13.5,0.0,0.0,0.0,4.111221111888112
2025-03-03 13:00:00,0.19,0.1721118881118881,0.0,0.3621118881118881,4.7606980000000005,13.5,0.0,0.0,0.0,4.398586111888113
2025-03-03 14:00:00,0.15,0.0,0.0,0.15,3.9510810000000003,13.5,0.0,0.0,0.0,3.8010810000000004
2025-03-03 15:00:00,0.15,0.0,0.0,0.15,2.694604,13.5,0.0,0.0,0.0,2.544604
2025-03-03 16:00:00,0.11,0.0,0.0,0.11,1.184247,13.5,0.0,0.0,0.0,1.074247
2025-03-03 17:00:00,0.11,0.0,0.0,0.11,0.13031600000000002,13.5,0.0,0.0,0.0,0.020316000000000015
2025-03-03 18:00:00,0.1,0.0,0.0,0.1,0.0,13.4,0.0,0.1,0.0,0.0
2025-03-03 19:00:00,0.11,0.0,0.0,0.11,0.0,13.290000000000001,0.0,0.11,0.0,0.0
2025-03-03 20:00:00,0.14,0.0,0.0,0.14,0.0,13.15,0.0,0.14,0.0,0.0
2025-03-03 21:00:00,0.25,0.0,0.0,0.25,0.0,12.9,0.0,0.25,0.0,0.0
2025-03-03 22:00:00,0.47,0.0,0.0,0.47,0.0,12.43,0.0,0.47,0.0,0.0
2025-03-03 23:00:00,0.93,0.0,0.0,0.93,0.0,11.5,0.0,0.93,0.0,0.0
2025-03-04 00:00:00,0.55,0.0,0.0,0.55,0.0,10.95,0.0,0.55,0.0,0.0
2025-03-04 01:00:00,1.09,0.0,0.0,1.09,0.0,9.86,0.0,1.09,0.0,0.0
2025-03-04 02:00:00,1.04,0.0,0.0,1.04,0.0,8.82,0.0,1.04,0.0,0.0
2025-03-04 03:00:00,0.56,0.0,0.0,0.56,0.0,8.26,0.0,0.56,0.0,0.0
2025-03-04 04:00:00,1.19,0.0,0.0,1.19,0.0,7.07,0.0,1.19,0.0,0.0
2025-03-04 05:00:00,0.55,0.0,0.0,0.55,0.0,6.5200000000000005,0.0,0.55,0.0,0.0
2025-03-04 06:00:00,0.95,0.0,0.0,0.95,0.0,5.57,0.0,0.95,0.0,0.0
2025-03-04 07:00:00,1.2399999999999998,0.0,0.0,1.2399999999999998,1.247,5.577000000000001,0.007000000000000339,0.0,0.0,0.0
2025-03-04 08:00:00,0.56,0.0,0.0,0.56,2.022387,7.039387000000001,1.462387,0.0,0.0,0.0
2025-03-04 09:00:00,0.47,0.0,0.0,0.47,3.516502,10.085889000000002,3.0465020000000003,0.0,0.0,0.0
2025-03-04 10:00:00,0.76,0.0,0.0,0.76,4.2319700000000005,13.5,3.4141109999999983,0.0,0.0,0.057859000000002325
2025-03-04 11:00:00,0.2,0.1721118881118881,0.0,0.3721118881118881,3.860623,13.5,0.0,0.0,0.0,3.488511111888112
2025-03-04 12:00:00,0.36,0.1721118881118881,0.0,0.532111888111888,4.458354999999999,13.5,0.0,0.0,0.0,3.926243111888111
2025-03-04 13:00:00,0.1,0.1721118881118881,0.0,0.27211188811188813,3.773731,13.5,0.0,0.0,0.0,3.501619111888112
2025-03-04 14:00:00,0.09,0.0,0.0,0.09,3.4016460000000004,13.5,0.0,0.0,0.0,3.3116460000000005
2025-03-04 15:00:00,0.1,0.0,0.0,0.1,1.782991,13.5,0.0,0.0,0.0,1.682991
2025-03-04 16:00:00,0.09,0.0,0.0,0.09,1.1039649999999999,13.5,0.0,0.0,0.0,1.0139649999999998
2025-03-04 17:00:00,1.39,0.0,0.0,1.39,0.138494,12.248494,0.0,1.251506,0.0,0.0
2025-03-04 18:00:00,0.63,0.0,0.0,0.63,0.0,11.618494,0.0,0.63,0.0,0.0
2025-03-04 19:00:00,0.24,0.0,0.0,0.24,0.0,11.378494,0.0,0.24,0.0,0.0
2025-03-04 20:00:00,0.14,0.0,0.0,0.14,0.0,11.238494,0.0,0.14,0.0,0.0
2025-03-04 21:00:00,0.5599999999999999,0.0,0.0,0.5599999999999999,0.0,10.678493999999999,0.0,0.5599999999999999,0.0,0.0
2025-03-04 22:00:00,0.51,0.0,0.0,0.51,0.0,10.168493999999999,0.0,0.51,0.0,0.0
2025-03-04 23:00:00,0.56,0.0,0.0,0.56,0.0,9.608493999999999,0.0,0.56,0.0,0.0
2025-03-05 00:00:00,0.8699999999999999,0.0,0.0,0.8699999999999999,0.0,8.738494,0.0,0.8699999999999999,0.0,0.0
2025-03-05 01:00:00,0.42,0.0,0.0,0.42,0.0,8.318494,0.0,0.42,0.0,0.0
2025-03-05 02:00:00,1.04,0.0,0.0,1.04,0.0,7.278493999999999,0.0,1.04,0.0,0.0
2025-03-05 03:00:00,0.71,0.0,0.0,0.71,0.0,6.568493999999999,0.0,0.71,0.0,0.0
2025-03-05 04:00:00,0.5,0.0,0.0,0.5,0.0,6.068493999999999,0.0,0.5,0.0,0.0
2025-03-05 05:00:00,0.78,0.0,0.0,0.78,0.0,5.288493999999999,0.0,0.78,0.0,0.0
2025-03-05 06:00:00,0.56,0.0,0.0,0.56,0.0,4.7284939999999995,0.0,0.56,0.0,0.0
2025-03-05 07:00:00,1.0,0.0,0.0,1.0,0.670202,4.398695999999999,0.0,0.32979800000000004,0.0,0.0
2025-03-05 08:00:00,0.59,0.0,0.0,0.59,1.9357149999999999,5.7444109999999995,1.3457149999999998,0.0,0.0,0.0
2025-03-05 09:00:00,0.6,0.0,0.0,0.6,3.0022159999999998,8.146626999999999,2.4022159999999997,0.0,0.0,0.0
2025-03-05 10:00:00,0.76,0.0,0.0,0.76,3.717364,11.103990999999999,2.957364,0.0,0.0,0.0
2025-03-05 11:00:00,0.5700000000000001,0.1839138461538461,2.1759141538461533,2.9298279999999997,5.325837000000001,13.5,2.396009000000001,0.0,0.0,0.0
2025-03-05 12:00:00,0.13,0.1839138461538461,4.853339153846154,5.167253,5.167253,13.5,0.0,0.0,0.0,0.0
2025-03-05 13:00:00,0.15,0.1839138461538461,4.338208153846153,4.672122,4.672122,13.5,0.0,0.0,0.0,0.0
2025-03-05 14:00:00,0.54,0.0,3.3870109999999998,3.927011,3.927011,13.5,0.0,0.0,0.0,0.0
2025-03-05 15:00:00,0.28,0.0,2.0386869999999995,2.3186869999999997,2.3186869999999997,13.5,0.0,0.0,0.0,0.0
2025-03-05 16:00:00,0.13,0.0,1.0128589999999997,1.1428589999999996,1.1428589999999998,13.5,0.0,0.0,0.0,0.0
2025-03-05 17:00:00,0.1,0.0,0.013287000000000007,0.11328700000000001,0.11328700000000001,13.5,0.0,0.0,0.0,0.0
2025-03-05 18:00:00,0.8300000000000001,0.0,0.0,0.8300000000000001,0.0,12.67,0.0,0.8300000000000001,0.0,0.0
2025-03-05 19:00:00,0.48,0.0,0.0,0.48,0.0,12.19,0.0,0.48,0.0,0.0
2025-03-05 20:00:00,1.03,0.0,0.0,1.03,0.0,11.16,0.0,1.03,0.0,0.0
2025-03-05 21:00:00,0.8,0.0,0.0,0.8,0.0,10.36,0.0,0.8,0.0,0.0
2025-03-05 22:00:00,1.31,0.0,0.0,1.31,0.0,9.049999999999999,0.0,1.31,0.0,0.0
2025-03-05 23:00:00,0.9,0.0,0.0,0.9,0.0,8.149999999999999,0.0,0.9,0.0,0.0
2025-03-06 00:00:00,1.1,0.0,0.0,1.1,0.0,7.049999999999999,0.0,1.1,0.0,0.0
2025-03-06 01:00:00,0.93,0.0,0.0,0.93,0.0,6.119999999999999,0.0,0.93,0.0,0.0
2025-03-06 02:00:00,1.01,0.0,0.0,1.01,0.0,5.109999999999999,0.0,1.01,0.0,0.0
2025-03-06 03:00:00,1.05,0.0,0.0,1.05,0.0,4.06,0.0,1.05,0.0,0.0
2025-03-06 04:00:00,1.63,0.0,0.0,1.63,0.0,2.4299999999999997,0.0,1.63,0.0,0.0
2025-03-06 05:00:00,0.97,0.0,0.0,0.97,0.0,1.4599999999999997,0.0,0.97,0.0,0.0
2025-03-06 06:00:00,1.09,0.0,0.0,1.09,0.0,0.36999999999999966,0.0,1.09,0.0,0.0
2025-03-06 07:00:00,0.86,0.0,0.0,0.86,1.753021,1.2630209999999997,0.893021,0.0,0.0,0.0
2025-03-06 08:00:00,0.39,0.0,0.0,0.39,3.352019,4.22504,2.9620189999999997,0.0,0.0,0.0
2025-03-06 09:00:00,0.1,0.0,0.0,0.1,3.220676,7.3457159999999995,3.120676,0.0,0.0,0.0
2025-03-06 10:00:00,0.39,0.0,0.0,0.39,4.88549,11.841206,4.49549,0.0,0.0,0.0
2025-03-06 11:00:00,0.39,0.1839138461538461,0.0,0.5739138461538461,5.171399,13.5,1.6587940000000003,0.0,0.0,2.938691153846154
2025-03-06 12:00:00,0.1,0.1839138461538461,0.0,0.2839138461538461,5.151054,13.5,0.0,0.0,0.0,4.8671401538461545
2025-03-06 13:00:00,0.09,0.1839138461538461,0.0,0.27391384615384606,2.456742,13.5,0.0,0.0,0.0,2.1828281538461543
2025-03-06 14:00:00,0.1,0.0,0.0,0.1,2.985891,13.5,0.0,0.0,0.0,2.885891
2025-03-06 15:00:00,0.1,0.0,0.0,0.1,1.1352119999999999,13.5,0.0,0.0,0.0,1.0352119999999998
2025-03-06 16:00:00,0.1,0.0,0.0,0.1,0.71688,13.5,0.0,0.0,0.0,0.61688
2025-03-06 17:00:00,0.1,0.0,0.0,0.1,0.14112200000000003,13.5,0.0,0.0,0.0,0.04112200000000002
2025-03-06 18:00:00,0.16,0.0,0.0,0.16,0.0,13.34,0.0,0.16,0.0,0.0
2025-03-06 19:00:00,0.14,0.0,0.0,0.14,0.0,13.2,0.0,0.14,0.0,0.0
2025-03-06 20:00:00,0.16,0.0,0.0,0.16,0.0,13.04,0.0,0.16,0.0,0.0
2025-03-06 21:00:00,0.14,0.0,0.0,0.14,0.0,12.899999999999999,0.0,0.14,0.0,0.0
2025-03-06 22:00:00,0.87,0.0,0.0,0.87,0.0,12.03,0.0,0.87,0.0,0.0
2025-03-06 23:00:00,0.8500000000000001,0.0,0.0,0.8500000000000001,0.0,11.18,0.0,0.8500000000000001,0.0,0.0
2025-03-07 00:00:00,1.01,0.0,0.0,1.01,0.0,10.17,0.0,1.01,0.0,0.0
2025-03-07 01:00:00,0.93,0.0,0.0,0.93,0.0,9.24,0.0,0.93,0.0,0.0
2025-03-07 02:00:00,1.06,0.0,0.0,1.06,0.0,8.18,0.0,1.06,0.0,0.0
2025-03-07 03:00:00,1.12,0.0,0.0,1.12,0.0,7.06,0.0,1.12,0.0,0.0
2025-03-07 04:00:00,1.0,0.0,0.0,1.0,0.0,6.06,0.0,1.0,0.0,0.0
2025-03-07 05:00:00,0.97,0.0,0.0,0.97,0.0,5.09,0.0,0.97,0.0,0.0
2025-03-07 06:00:00,1.4300000000000002,0.0,0.0,1.4300000000000002,0.0,3.6599999999999997,0.0,1.4300000000000002,0.0,0.0
2025-03-07 07:00:00,0.5,0.0,0.0,0.5,1.476617,4.636616999999999,0.9766170000000001,0.0,0.0,0.0
2025-03-07 08:00:00,0.49,0.0,0.0,0.49,1.645629,5.792246,1.155629,0.0,0.0,0.0
2025-03-07 09:00:00,0.1,0.0,0.0,0.1,3.516203,9.208449,3.416203,0.0,0.0,0.0
2025-03-07 10:00:00,0.1,0.0,0.0,0.1,1.994277,11.102726,1.894277,0.0,0.0,0.0
2025-03-07 11:00:00,0.09,0.1839138461538461,1.1767581538461545,1.4506720000000004,3.847946,13.5,2.3972739999999995,0.0,0.0,0.0
2025-03-07 12:00:00,0.11,0.1839138461538461,5.115918153846154,5.409832000000001,5.409832000000001,13.5,0.0,0.0,0.0,0.0
2025-03-07 13:00:00,0.1,0.1839138461538461,4.598215153846154,4.882129,4.882129,13.5,0.0,0.0,0.0,0.0
2025-03-07 14:00:00,0.11,0.0,3.909641,4.019641,4.019641,13.5,0.0,0.0,0.0,0.0
2025-03-07 15:00:00,0.1,0.0,0.36518700000000004,0.465187,0.465187,13.5,0.0,0.0,0.0,0.0
2025-03-07 16:00:00,0.1,0.0,0.225081,0.325081,0.325081,13.5,0.0,0.0,0.0,0.0
2025-03-07 17:00:00,0.1,0.0,0.061387,0.161387,0.161387,13.5,0.0,0.0,0.0,0.0
2025-03-07 18:00:00,0.11,0.0,0.0,0.11,0.0,13.39,0.0,0.11,0.0,0.0
2025-03-07 19:00:00,0.11,0.0,0.0,0.11,0.0,13.280000000000001,0.0,0.11,0.0,0.0
2025-03-07 20:00:00,0.26,0.0,0.0,0.26,0.0,13.020000000000001,0.0,0.26,0.0,0.0
2025-03-07 21:00:00,0.29,0.0,0.0,0.29,0.0,12.730000000000002,0.0,0.29,0.0,0.0
2025-03-07 22:00:00,0.25,0.0,0.0,0.25,0.0,12.480000000000002,0.0,0.25,0.0,0.0
2025-03-07 23:00:00,0.8300000000000001,0.0,0.0,0.8300000000000001,0.0,11.650000000000002,0.0,0.8300000000000001,0.0,0.0
2025-03-08 00:00:00,0.55,0.0,0.0,0.55,0.0,11.100000000000001,0.0,0.55,0.0,0.0
2025-03-08 01:00:00,1.0,0.0,0.0,1.0,0.0,10.100000000000001,0.0,1.0,0.0,0.0
2025-03-08 02:00:00,1.02,0.0,0.0,1.02,0.0,9.080000000000002,0.0,1.02,0.0,0.0
2025-03-08 03:00:00,0.55,0.0,0.0,0.55,0.0,8.530000000000001,0.0,0.55,0.0,0.0
2025-03-08 04:00:00,0.86,0.0,0.0,0.86,0.0,7.670000000000001,0.0,0.86,0.0,0.0
2025-03-08 05:00:00,1.03,0.0,0.0,1.03,0.0,6.640000000000001,0.0,1.03,0.0,0.0
2025-03-08 06:00:00,1.16,0.0,0.0,1.16,0.0,5.48,0.0,1.16,0.0,0.0
2025-03-08 07:00:00,1.05,0.0,0.0,1.05,0.816295,5.246295,0.0,0.23370500000000005,0.0,0.0
2025-03-08 08:00:00,0.6,0.0,0.0,0.6,3.508719,8.155014,2.908719,0.0,0.0,0.0
2025-03-08 09:00:00,0.49,0.0,0.0,0.49,4.702215,12.367228999999998,4.212215,0.0,0.0,0.0
2025-03-08 10:00:00,0.58,0.0,3.649931999999999,4.229931999999999,5.362703000000001,13.5,1.1327710000000017,0.0,0.0,0.0
2025-03-08 11:00:00,0.37,0.1839138461538461,5.076174153846154,5.630088,5.630088,13.5,0.0,0.0,0.0,0.0
2025-03-08 12:00:00,0.1,0.1839138461538461,4.0024009230769195,4.286314769230765,5.529536,13.5,0.0,0.0,0.0,1.243221230769235
2025-03-08 13:00:00,0.23,0.1839138461538461,0.0,0.4139138461538461,5.002466999999999,13.5,0.0,0.0,0.0,4.588553153846153
2025-03-08 14:00:00,0.54,0.0,0.0,0.54,3.650636,13.5,0.0,0.0,0.0,3.110636
2025-03-08 15:00:00,0.2299999999999999,0.0,0.0,0.2299999999999999,2.392941,13.5,0.0,0.0,0.0,2.162941
2025-03-08 16:00:00,0.23,0.0,0.0,0.23,1.185201,13.5,0.0,0.0,0.0,0.955201
2025-03-08 17:00:00,0.2299999999999999,0.0,0.0,0.2299999999999999,0.162415,13.432415,0.0,0.0675849999999999,0.0,0.0
2025-03-08 18:00:00,0.22,0.0,0.0,0.22,0.0,13.212415,0.0,0.22,0.0,0.0
2025-03-08 19:00:00,0.2299999999999999,0.0,0.0,0.2299999999999999,0.0,12.982415,0.0,0.2299999999999999,0.0,0.0
2025-03-08 20:00:00,0.2,0.0,0.0,0.2,0.0,12.782415,0.0,0.2,0.0,0.0
2025-03-08 21:00:00,0.14,0.0,0.0,0.14,0.0,12.642415,0.0,0.14,0.0,0.0
2025-03-08 22:00:00,0.12,0.0,0.0,0.12,0.0,12.522415,0.0,0.12,0.0,0.0
2025-03-08 23:00:00,0.52,0.0,0.0,0.52,0.0,12.002415000000001,0.0,0.52,0.0,0.0
2025-03-09 00:00:00,1.0,0.0,0.0,1.0,0.0,11.002415000000001,0.0,1.0,0.0,0.0
2025-03-09 01:00:00,0.87,0.0,0.0,0.87,0.0,10.132415000000002,0.0,0.87,0.0,0.0
2025-03-09 02:00:00,0.13,0.0,0.0,0.13,0.0,10.002415000000001,0.0,0.13,0.0,0.0
2025-03-09 03:00:00,0.8,0.0,0.0,0.8,0.0,9.202415,0.0,0.8,0.0,0.0
2025-03-09 04:00:00,1.52,0.0,0.0,1.52,0.0,7.682415000000001,0.0,1.52,0.0,0.0
2025-03-09 05:00:00,0.94,0.0,0.0,0.94,0.0,6.742415000000001,0.0,0.94,0.0,0.0
2025-03-09 06:00:00,0.85,0.0,0.0,0.85,0.0,5.8924150000000015,0.0,0.85,0.0,0.0
2025-03-09 07:00:00,0.94,0.0,0.0,0.94,0.460923,5.413338000000001,0.0,0.4790769999999999,0.0,0.0
2025-03-09 08:00:00,0.48,0.0,0.0,0.48,0.99572,5.929058000000001,0.5157200000000001,0.0,0.0,0.0
2025-03-09 09:00:00,0.66,0.0,0.0,0.66,3.283054,8.552112000000001,2.6230539999999998,0.0,0.0,0.0
2025-03-09 10:00:00,0.13,0.0,0.0,0.13,3.626786,12.048898000000001,3.496786,0.0,0.0,0.0
2025-03-09 11:00:00,0.1,0.1839138461538461,0.0,0.2839138461538461,5.159585,13.5,1.4511019999999988,0.0,0.0,3.4245691538461553
2025-03-09 12:00:00,0.1,0.1839138461538461,0.0,0.2839138461538461,4.722403,13.5,0.0,0.0,0.0,4.438489153846154
2025-03-09 13:00:00,0.09,0.1839138461538461,0.0,0.27391384615384606,4.093437,13.5,0.0,0.0,0.0,3.819523153846154
2025-03-09 14:00:00,0.1,0.0,0.0,0.1,3.584175,13.5,0.0,0.0,0.0,3.484175
2025-03-09 15:00:00,0.1,0.0,0.0,0.1,2.381123,13.5,0.0,0.0,0.0,2.281123
2025-03-09 16:00:00,0.12,0.0,0.0,0.12,1.245733,13.5,0.0,0.0,0.0,1.1257329999999999
2025-03-09 17:00:00,0.11,0.0,0.0,0.11,0.147214,13.5,0.0,0.0,0.0,0.03721400000000001
2025-03-09 18:00:00,0.11,0.0,0.0,0.11,0.0,13.39,0.0,0.11,0.0,0.0
2025-03-09 19:00:00,0.1699999999999999,0.0,0.0,0.1699999999999999,0.0,13.22,0.0,0.1699999999999999,0.0,0.0
2025-03-09 20:00:00,0.24,0.0,0.0,0.24,0.0,12.98,0.0,0.24,0.0,0.0
2025-03-09 21:00:00,0.15,0.0,0.0,0.15,0.0,12.83,0.0,0.15,0.0,0.0
2025-03-09 22:00:00,0.24,0.0,0.0,0.24,0.0,12.59,0.0,0.24,0.0,0.0
2025-03-09 23:00:00,0.53,0.0,0.0,0.53,0.0,12.06,0.0,0.53,0.0,0.0
2025-03-10 00:00:00,0.56,0.0,0.0,0.56,0.0,11.5,0.0,0.56,0.0,0.0
2025-03-10 01:00:00,1.25,0.0,0.0,1.25,0.0,10.25,0.0,1.25,0.0,0.0
2025-03-10 02:00:00,0.88,0.0,0.0,0.88,0.0,9.37,0.0,0.88,0.0,0.0
2025-03-10 03:00:00,0.8600000000000001,0.0,0.0,0.8600000000000001,0.0,8.51,0.0,0.8600000000000001,0.0,0.0
2025-03-10 04:00:00,0.95,0.0,0.0,0.95,0.0,7.56,0.0,0.95,0.0,0.0
2025-03-10 05:00:00,1.0,0.0,0.0,1.0,0.0,6.56,0.0,1.0,0.0,0.0
2025-03-10 06:00:00,1.51,0.0,0.0,1.51,0.0,5.05,0.0,1.51,0.0,0.0
2025-03-10 07:00:00,1.08,0.0,0.0,1.08,1.878896,5.848896,0.7988959999999998,0.0,0.0,0.0
2025-03-10 08:00:00,0.94,0.0,0.0,0.94,3.466295,8.375191000000001,2.526295,0.0,0.0,0.0
2025-03-10 09:00:00,0.51,0.0,0.0,0.51,4.542221,12.407412,4.032221,0.0,0.0,0.0
2025-03-10 10:00:00,0.74,0.0,0.0,0.74,5.161528000000001,13.5,1.0925879999999992,0.0,0.0,3.328940000000001
2025-03-10 11:00:00,0.14,0.1839138461538461,0.0,0.3239138461538461,4.441519,13.5,0.0,0.0,0.0,4.117605153846155
2025-03-10 12:00:00,0.24,0.1839138461538461,0.0,0.4239138461538461,5.311995,13.5,0.0,0.0,0.0,4.888081153846153
2025-03-10 13:00:00,0.14,0.1839138461538461,0.0,0.3239138461538461,4.05194,13.5,0.0,0.0,0.0,3.728026153846154
2025-03-10 14:00:00,0.09,0.0,0.0,0.09,3.020429,13.5,0.0,0.0,0.0,2.930429
2025-03-10 15:00:00,0.1,0.0,0.0,0.1,1.992853,13.5,0.0,0.0,0.0,1.892853
2025-03-10 16:00:00,0.1,0.0,0.0,0.1,1.236705,13.5,0.0,0.0,0.0,1.1367049999999999
2025-03-10 17:00:00,0.1,0.0,0.0,0.1,0.136586,13.5,0.0,0.0,0.0,0.03658600000000001
2025-03-10 18:00:00,2.33,0.0,0.0,2.33,0.0,11.17,0.0,2.33,0.0,0.0
2025-03-10 19:00:00,1.43,0.0,0.0,1.43,0.0,9.74,0.0,1.43,0.0,0.0
2025-03-10 20:00:00,0.29,0.0,0.0,0.29,0.0,9.450000000000001,0.0,0.29,0.0,0.0
2025-03-10 21:00:00,0.14,0.0,0.0,0.14,0.0,9.31,0.0,0.14,0.0,0.0
2025-03-10 22:00:00,0.12,0.0,0.0,0.12,0.0,9.190000000000001,0.0,0.12,0.0,0.0
2025-03-10 23:00:00,0.09,0.0,0.0,0.09,0.0,9.100000000000001,0.0,0.09,0.0,0.0
2025-03-11 00:00:00,0.74,0.0,0.0,0.74,0.0,8.360000000000001,0.0,0.74,0.0,0.0
2025-03-11 01:00:00,0.64,0.0,0.0,0.64,0.0,7.7200000000000015,0.0,0.64,0.0,0.0
2025-03-11 02:00:00,0.94,0.0,0.0,0.94,0.0,6.780000000000001,0.0,0.94,0.0,0.0
2025-03-11 03:00:00,0.93,0.0,0.0,0.93,0.0,5.850000000000001,0.0,0.93,0.0,0.0
2025-03-11 04:00:00,1.16,0.0,0.0,1.16,0.0,4.690000000000001,0.0,1.16,0.0,0.0
2025-03-11 05:00:00,1.18,0.0,0.0,1.18,0.0,3.5100000000000016,0.0,1.18,0.0,0.0
2025-03-11 06:00:00,0.95,0.0,0.0,0.95,0.0,2.5600000000000014,0.0,0.95,0.0,0.0
2025-03-11 07:00:00,1.04,0.0,0.0,1.04,0.776519,2.2965190000000013,0.0,0.2634810000000001,0.0,0.0
2025-03-11 08:00:00,0.53,0.0,0.0,0.53,2.7130900000000002,4.479609000000002,2.18309,0.0,0.0,0.0
2025-03-11 09:00:00,0.15,0.0,0.0,0.15,3.368427,7.698036000000002,3.218427,0.0,0.0,0.0
2025-03-11 10:00:00,0.37,0.0,0.0,0.37,4.261312,11.589348000000001,3.891312,0.0,0.0,0.0
2025-03-11 11:00:00,0.13,0.1839138461538461,0.0,0.3139138461538461,5.519875,13.5,1.910651999999999,0.0,0.0,3.295309153846155
2025-03-11 12:00:00,0.18,0.1839138461538461,0.0,0.3639138461538461,5.3776090000000005,13.5,0.0,0.0,0.0,5.013695153846155
2025-03-11 13:00:00,0.2,0.1839138461538461,0.0,0.3839138461538461,4.896285,13.5,0.0,0.0,0.0,4.5123711538461535
2025-03-11 14:00:00,0.17,0.0,0.0,0.17,4.023853,13.5,0.0,0.0,0.0,3.853853
2025-03-11 15:00:00,0.15,0.0,0.0,0.15,2.8628560000000003,13.5,0.0,0.0,0.0,2.7128560000000004
2025-03-11 16:00:00,0.14,0.0,0.0,0.14,1.2746089999999999,13.5,0.0,0.0,0.0,1.1346089999999998
2025-03-11 17:00:00,0.16,0.0,0.0,0.16,0.12375,13.46375,0.0,0.036250000000000004,0.0,0.0
2025-03-11 18:00:00,0.12,0.0,0.0,0.12,0.0,13.34375,0.0,0.12,0.0,0.0
2025-03-11 19:00:00,0.11,0.0,0.0,0.11,0.0,13.23375,0.0,0.11,0.0,0.0
2025-03-11 20:00:00,0.16,0.0,0.0,0.16,0.0,13.07375,0.0,0.16,0.0,0.0
2025-03-11 21:00:00,0.15,0.0,0.0,0.15,0.0,12.92375,0.0,0.15,0.0,0.0
2025-03-11 22:00:00,0.14,0.0,0.0,0.14,0.0,12.78375,0.0,0.14,0.0,0.0
2025-03-11 23:00:00,0.11,0.0,0.0,0.11,0.0,12.67375,0.0,0.11,0.0,0.0
2025-03-12 00:00:00,0.11,0.0,0.0,0.11,0.0,12.56375,0.0,0.11,0.0,0.0
2025-03-12 01:00:00,0.11,0.0,0.0,0.11,0.0,12.453750000000001,0.0,0.11,0.0,0.0
2025-03-12 02:00:00,0.11,0.0,0.0,0.11,0.0,12.343750000000002,0.0,0.11,0.0,0.0
2025-03-12 03:00:00,0.51,0.0,0.0,0.51,0.0,11.833750000000002,0.0,0.51,0.0,0.0
2025-03-12 04:00:00,0.88,0.0,0.0,0.88,0.0,10.953750000000001,0.0,0.88,0.0,0.0
2025-03-12 05:00:00,0.5599999999999999,0.0,0.0,0.5599999999999999,0.0,10.39375,0.0,0.5599999999999999,0.0,0.0
2025-03-12 06:00:00,0.8,0.0,0.0,0.8,0.0,9.59375,0.0,0.8,0.0,0.0
2025-03-12 07:00:00,0.8600000000000001,0.0,0.0,0.8600000000000001,1.920261,10.654011,1.060261,0.0,0.0,0.0
2025-03-12 08:00:00,0.7000000000000001,0.0,0.0,0.7000000000000001,3.482699,13.436710000000001,2.782699,0.0,0.0,0.0
2025-03-12 09:00:00,0.74,0.0,3.749129000000001,4.489129000000001,4.5524189999999995,13.5,0.06328999999999851,0.0,0.0,0.0
2025-03-12 10:00:00,0.8200000000000001,0.0,4.294962,5.114962,5.114962,13.5,0.0,0.0,0.0,0.0
2025-03-12 11:00:00,0.8600000000000001,0.1839138461538461,3.8449811538461542,4.888895000000001,4.888895000000001,13.5,0.0,0.0,0.0,0.0
2025-03-12 12:00:00,0.41,0.1839138461538461,4.061745153846154,4.655659,4.655659,13.5,0.0,0.0,0.0,0.0
2025-03-12 13:00:00,0.74,0.1839138461538461,3.0502121538461537,3.974126,3.974126,13.5,0.0,0.0,0.0,0.0
2025-03-12 14:00:00,0.56,0.0,2.657321,3.217321,3.217321,13.5,0.0,0.0,0.0,0.0
2025-03-12 15:00:00,0.51,0.0,1.969451,2.479451,2.479451,13.5,0.0,0.0,0.0,0.0
2025-03-12 16:00:00,0.98,0.0,0.175632,1.155632,1.155632,13.5,0.0,0.0,0.0,0.0
2025-03-12 17:00:00,0.85,0.0,0.0,0.85,0.155742,12.805742,0.0,0.694258,0.0,0.0
2025-03-12 18:00:00,0.92,0.0,0.0,0.92,0.0,11.885742,0.0,0.92,0.0,0.0
2025-03-12 19:00:00,0.9,0.0,0.0,0.9,0.0,10.985742,0.0,0.9,0.0,0.0
2025-03-12 20:00:00,0.5599999999999999,0.0,0.0,0.5599999999999999,0.0,10.425742,0.0,0.5599999999999999,0.0,0.0
2025-03-12 21:00:00,0.98,0.0,0.0,0.98,0.0,9.445742,0.0,0.98,0.0,0.0
2025-03-12 22:00:00,0.92,0.0,0.0,0.92,0.0,8.525742,0.0,0.92,0.0,0.0
2025-03-12 23:00:00,1.4,0.0,0.0,1.4,0.0,7.125741999999999,0.0,1.4,0.0,0.0
2025-03-13 00:00:00,0.6,0.0,0.0,0.6,0.0,6.525741999999999,0.0,0.6,0.0,0.0
2025-03-13 01:00:00,1.14,0.0,0.0,1.14,0.0,5.385742,0.0,1.14,0.0,0.0
2025-03-13 02:00:00,1.34,0.0,0.0,1.34,0.0,4.045742,0.0,1.34,0.0,0.0
2025-03-13 03:00:00,0.99,0.0,0.0,0.99,0.0,3.0557419999999995,0.0,0.99,0.0,0.0
2025-03-13 04:00:00,1.24,0.0,0.0,1.24,0.0,1.8157419999999995,0.0,1.24,0.0,0.0
2025-03-13 05:00:00,1.02,0.0,0.0,1.02,0.0,0.7957419999999995,0.0,1.02,0.0,0.0
2025-03-13 06:00:00,1.5,0.0,0.0,1.5,0.0,0.0,0.0,0.7957419999999995,0.7042580000000005,0.0
2025-03-13 07:00:00,1.47,0.0,0.0,1.47,1.9978,0.5278,0.5278,0.0,0.0,0.0
2025-03-13 08:00:00,1.15,0.0,0.0,1.15,1.218502,0.5963020000000001,0.06850200000000006,0.0,0.0,0.0
2025-03-13 09:00:00,0.87,0.0,0.0,0.87,2.584479,2.310781,1.7144789999999999,0.0,0.0,0.0
2025-03-13 10:00:00,0.7,0.0,0.0,0.7,5.205915,6.816696,4.505915,0.0,0.0,0.0
2025-03-13 11:00:00,0.43,0.1839138461538461,0.0,0.613913846153846,3.6433809999999998,9.846163153846154,3.029467153846154,0.0,0.0,0.0
2025-03-13 12:00:00,0.42,0.1839138461538461,0.0,0.603913846153846,3.9419679999999997,13.184217307692307,3.3380541538461537,0.0,0.0,0.0
2025-03-13 13:00:00,0.47,0.1839138461538461,0.0,0.6539138461538461,3.3702240000000003,13.5,0.3157826923076925,0.0,0.0,2.400527461538462
2025-03-13 14:00:00,0.13,0.0,0.0,0.13,1.632898,13.5,0.0,0.0,0.0,1.502898
2025-03-13 15:00:00,0.13,0.0,0.0,0.13,2.868768,13.5,0.0,0.0,0.0,2.7387680000000003
2025-03-13 16:00:00,0.14,0.0,0.0,0.14,1.300942,13.5,0.0,0.0,0.0,1.160942
2025-03-13 17:00:00,0.24,0.0,0.0,0.24,0.139822,13.399822,0.0,0.10017799999999999,0.0,0.0
2025-03-13 18:00:00,0.8300000000000001,0.0,0.0,0.8300000000000001,0.0,12.569822,0.0,0.8300000000000001,0.0,0.0
2025-03-13 19:00:00,0.28,0.0,0.0,0.28,0.0,12.289822000000001,0.0,0.28,0.0,0.0
2025-03-13 20:00:00,1.01,0.0,0.0,1.01,0.0,11.279822000000001,0.0,1.01,0.0,0.0
2025-03-13 21:00:00,0.99,0.0,0.0,0.99,0.0,10.289822000000001,0.0,0.99,0.0,0.0
2025-03-13 22:00:00,0.63,0.0,0.0,0.63,0.0,9.659822,0.0,0.63,0.0,0.0
2025-03-13 23:00:00,1.07,0.0,0.0,1.07,0.0,8.589822,0.0,1.07,0.0,0.0
2025-03-14 00:00:00,1.07,0.0,0.0,1.07,0.0,7.519822,0.0,1.07,0.0,0.0
2025-03-14 01:00:00,0.99,0.0,0.0,0.99,0.0,6.529821999999999,0.0,0.99,0.0,0.0
2025-03-14 02:00:00,1.05,0.0,0.0,1.05,0.0,5.4798219999999995,0.0,1.05,0.0,0.0
2025-03-14 03:00:00,1.28,0.0,0.0,1.28,0.0,4.199821999999999,0.0,1.28,0.0,0.0
2025-03-14 04:00:00,1.6,0.0,0.0,1.6,0.0,2.599821999999999,0.0,1.6,0.0,0.0
2025-03-14 05:00:00,1.68,0.0,0.0,1.68,0.0,0.9198219999999993,0.0,1.68,0.0,0.0
2025-03-14 06:00:00,1.46,0.0,0.0,1.46,0.0,0.0,0.0,0.9198219999999993,0.5401780000000007,0.0
2025-03-14 07:00:00,1.82,0.0,0.0,1.82,0.373227,0.0,0.0,0.0,1.446773,0.0
2025-03-14 08:00:00,1.62,0.0,0.0,1.62,2.028298,0.4082979999999998,0.4082979999999998,0.0,0.0,0.0
2025-03-14 09:00:00,1.38,0.0,0.0,1.38,4.919707000000001,3.9480050000000007,3.539707000000001,0.0,0.0,0.0
2025-03-14 10:00:00,1.45,0.0,0.0,1.45,5.530339,8.028344,4.0803389999999995,0.0,0.0,0.0
2025-03-14 11:00:00,1.47,0.1839138461538461,0.0,1.653913846153846,5.773018,12.147448153846156,4.119104153846155,0.0,0.0,0.0
2025-03-14 12:00:00,0.71,0.1839138461538461,3.3583383076923097,4.252252153846156,5.604804,13.5,1.352551846153844,0.0,0.0,0.0
2025-03-14 13:00:00,0.1,0.1839138461538461,4.807911153846154,5.091825,5.091825,13.5,0.0,0.0,0.0,0.0
2025-03-14 14:00:00,0.1,0.0,3.628708,3.728708,3.728708,13.5,0.0,0.0,0.0,0.0
2025-03-14 15:00:00,0.45,0.0,2.177241,2.627241,2.627241,13.5,0.0,0.0,0.0,0.0
2025-03-14 16:00:00,0.09,0.0,0.921857,1.011857,1.011857,13.5,0.0,0.0,0.0,0.0
2025-03-14 17:00:00,0.12,0.0,0.02010300000000001,0.140103,0.140103,13.5,0.0,0.0,0.0,0.0
2025-03-14 18:00:00,2.45,0.0,0.0,2.45,0.0,11.05,0.0,2.45,0.0,0.0
2025-03-14 19:00:00,1.1,0.0,0.0,1.1,0.0,9.950000000000001,0.0,1.1,0.0,0.0
2025-03-14 20:00:00,0.68,0.0,0.0,0.68,0.0,9.270000000000001,0.0,0.68,0.0,0.0
2025-03-14 21:00:00,0.19,0.0,0.0,0.19,0.0,9.080000000000002,0.0,0.19,0.0,0.0
2025-03-14 22:00:00,0.51,0.0,0.0,0.51,0.0,8.570000000000002,0.0,0.51,0.0,0.0
2025-03-14 23:00:00,0.71,0.0,0.0,0.71,0.0,7.860000000000002,0.0,0.71,0.0,0.0
2025-03-15 00:00:00,0.65,0.0,0.0,0.65,0.0,7.210000000000002,0.0,0.65,0.0,0.0
2025-03-15 01:00:00,1.09,0.0,0.0,1.09,0.0,6.120000000000002,0.0,1.09,0.0,0.0
2025-03-15 02:00:00,0.72,0.0,0.0,0.72,0.0,5.400000000000002,0.0,0.72,0.0,0.0
2025-03-15 03:00:00,1.03,0.0,0.0,1.03,0.0,4.370000000000002,0.0,1.03,0.0,0.0
2025-03-15 04:00:00,0.8600000000000001,0.0,0.0,0.8600000000000001,0.0,3.5100000000000016,0.0,0.8600000000000001,0.0,0.0
2025-03-15 05:00:00,1.04,0.0,0.0,1.04,0.0,2.4700000000000015,0.0,1.04,0.0,0.0
2025-03-15 06:00:00,1.02,0.0,0.0,1.02,0.0,1.4500000000000015,0.0,1.02,0.0,0.0
2025-03-15 07:00:00,0.98,0.0,0.0,0.98,2.123005,2.5930050000000016,1.143005,0.0,0.0,0.0
2025-03-15 08:00:00,0.97,0.0,0.0,0.97,3.702013,5.325018000000002,2.7320130000000002,0.0,0.0,0.0
2025-03-15 09:00:00,0.11,0.0,0.0,0.11,4.719965,9.934983000000003,4.609965,0.0,0.0,0.0
2025-03-15 10:00:00,0.51,0.0,1.2428460000000028,1.7528460000000028,5.317863,13.5,3.5650169999999974,0.0,0.0,0.0
2025-03-15 11:00:00,0.1,0.9195692307692308,4.483894769230769,5.503464,5.503464,13.5,0.0,0.0,0.0,0.0
2025-03-15 12:00:00,0.12,0.9195692307692308,1.5556673076922891,2.5952365384615197,5.355232,13.5,0.0,0.0,0.0,2.7599954615384803
2025-03-15 13:00:00,0.11,0.9195692307692308,0.0,1.0295692307692308,4.89339,13.5,0.0,0.0,0.0,3.8638207692307693
2025-03-15 14:00:00,0.19,0.0,0.0,0.19,4.071586,13.5,0.0,0.0,0.0,3.881586
2025-03-15 15:00:00,0.22,0.0,0.0,0.22,2.9030709999999997,13.5,0.0,0.0,0.0,2.6830709999999995
2025-03-15 16:00:00,0.11,0.0,0.0,0.11,1.3174780000000001,13.5,0.0,0.0,0.0,1.207478
2025-03-15 17:00:00,0.15,0.0,0.0,0.15,0.138014,13.488014,0.0,0.011985999999999997,0.0,0.0
2025-03-15 18:00:00,0.37,0.0,0.0,0.37,0.0,13.118014,0.0,0.37,0.0,0.0
2025-03-15 19:00:00,0.26,0.0,0.0,0.26,0.0,12.858014,0.0,0.26,0.0,0.0
2025-03-15 20:00:00,0.1699999999999999,0.0,0.0,0.1699999999999999,0.0,12.688014,0.0,0.1699999999999999,0.0,0.0
2025-03-15 21:00:00,0.11,0.0,0.0,0.11,0.0,12.578014000000001,0.0,0.11,0.0,0.0
2025-03-15 22:00:00,0.13,0.0,0.0,0.13,0.0,12.448014,0.0,0.13,0.0,0.0
2025-03-15 23:00:00,0.11,0.0,0.0,0.11,0.0,12.338014000000001,0.0,0.11,0.0,0.0
2025-03-16 00:00:00,0.12,0.0,0.0,0.12,0.0,12.218014000000002,0.0,0.12,0.0,0.0
2025-03-16 01:00:00,1.22,0.0,0.0,1.22,0.0,10.998014000000001,0.0,1.22,0.0,0.0
2025-03-16 02:00:00,0.97,0.0,0.0,0.97,0.0,10.028014,0.0,0.97,0.0,0.0
2025-03-16 03:00:00,0.7999999999999999,0.0,0.0,0.7999999999999999,0.0,9.228014,0.0,0.7999999999999999,0.0,0.0
2025-03-16 04:00:00,0.79,0.0,0.0,0.79,0.0,8.438013999999999,0.0,0.79,0.0,0.0
2025-03-16 05:00:00,0.93,0.0,0.0,0.93,0.0,7.508013999999999,0.0,0.93,0.0,0.0
2025-03-16 06:00:00,0.71,0.0,0.0,0.71,0.065018,6.863032,0.0,0.6449819999999999,0.0,0.0
2025-03-16 07:00:00,1.1,0.0,0.0,1.1,2.06781,7.830842,0.9678100000000001,0.0,0.0,0.0
2025-03-16 08:00:00,0.67,0.0,0.0,0.67,3.5215050000000003,10.682347,2.8515050000000004,0.0,0.0,0.0
2025-03-16 09:00:00,1.25,0.0,0.0,1.25,4.474123,13.5,2.817653,0.0,0.0,0.40646999999999966
2025-03-16 10:00:00,0.81,0.0,0.0,0.81,4.941683,13.5,0.0,0.0,0.0,4.131683000000001
2025-03-16 11:00:00,0.1,0.9195692307692308,0.0,1.0195692307692308,5.070549,13.5,0.0,0.0,0.0,4.050979769230769
2025-03-16 12:00:00,0.42,0.9195692307692308,0.0,1.3395692307692308,5.049264,13.5,0.0,0.0,0.0,3.709694769230769
2025-03-16 13:00:00,0.1,0.9195692307692308,0.0,1.0195692307692308,4.7386,13.5,0.0,0.0,0.0,3.719030769230769
2025-03-16 14:00:00,0.15,0.0,0.0,0.15,3.994117,13.5,0.0,0.0,0.0,3.8441170000000002
2025-03-16 15:00:00,0.2,0.0,0.0,0.2,2.860082,13.5,0.0,0.0,0.0,2.6600819999999996
2025-03-16 16:00:00,0.28,0.0,0.0,0.28,1.309831,13.5,0.0,0.0,0.0,1.029831
2025-03-16 17:00:00,0.18,0.0,0.0,0.18,0.13744499999999998,13.457445,0.0,0.04255500000000001,0.0,0.0
2025-03-16 18:00:00,1.31,0.0,0.0,1.31,0.0,12.147445,0.0,1.31,0.0,0.0
2025-03-16 19:00:00,0.48,0.0,0.0,0.48,0.0,11.667444999999999,0.0,0.48,0.0,0.0
2025-03-16 20:00:00,0.29,0.0,0.0,0.29,0.0,11.377445,0.0,0.29,0.0,0.0
2025-03-16 21:00:00,0.15,0.0,0.0,0.15,0.0,11.227445,0.0,0.15,0.0,0.0
2025-03-16 22:00:00,0.55,0.0,0.0,0.55,0.0,10.677444999999999,0.0,0.55,0.0,0.0
2025-03-16 23:00:00,0.8999999999999999,0.0,0.0,0.8999999999999999,0.0,9.777444999999998,0.0,0.8999999999999999,0.0,0.0
2025-03-17 00:00:00,0.5800000000000001,0.0,0.0,0.5800000000000001,0.0,9.197444999999998,0.0,0.5800000000000001,0.0,0.0
2025-03-17 01:00:00,1.01,0.0,0.0,1.01,0.0,8.187444999999999,0.0,1.01,0.0,0.0
2025-03-17 02:00:00,0.55,0.0,0.0,0.55,0.0,7.637444999999999,0.0,0.55,0.0,0.0
2025-03-17 03:00:00,0.93,0.0,0.0,0.93,0.0,6.707444999999999,0.0,0.93,0.0,0.0
2025-03-17 04:00:00,0.8800000000000001,0.0,0.0,0.8800000000000001,0.0,5.827444999999999,0.0,0.8800000000000001,0.0,0.0
2025-03-17 05:00:00,1.07,0.0,0.0,1.07,0.0,4.757444999999999,0.0,1.07,0.0,0.0
2025-03-17 06:00:00,0.69,0.0,0.0,0.69,0.0,4.067444999999999,0.0,0.69,0.0,0.0
2025-03-17 07:00:00,0.85,0.0,0.0,0.85,0.045871,3.263315999999999,0.0,0.804129,0.0,0.0
2025-03-17 08:00:00,0.99,0.0,0.0,0.99,0.477932,2.7512479999999995,0.0,0.512068,0.0,0.0
2025-03-17 09:00:00,0.18,0.0,0.0,0.18,0.851074,3.4223219999999994,0.671074,0.0,0.0,0.0
2025-03-17 10:00:00,0.14,0.0,0.0,0.14,1.12601,4.408332,0.9860099999999999,0.0,0.0,0.0
2025-03-17 11:00:00,0.39,0.3678276923076923,0.0,0.7578276923076923,1.678456,5.3289603076923076,0.9206283076923076,0.0,0.0,0.0
2025-03-17 12:00:00,0.29,0.3678276923076923,0.0,0.6578276923076922,2.419493,7.090625615384615,1.761665307692308,0.0,0.0,0.0
2025-03-17 13:00:00,0.23,0.3678276923076923,0.0,0.5978276923076923,1.889747,8.382544923076923,1.2919193076923077,0.0,0.0,0.0
2025-03-17 14:00:00,0.18,0.0,0.0,0.18,2.004348,10.206892923076923,1.8243479999999999,0.0,0.0,0.0
2025-03-17 15:00:00,0.15,0.0,0.0,0.15,2.159971,12.216863923076923,2.009971,0.0,0.0,0.0
2025-03-17 16:00:00,0.15,0.0,0.0,0.15,1.319037,13.385900923076923,1.169037,0.0,0.0,0.0
2025-03-17 17:00:00,0.53,0.0,0.0,0.53,0.169104,13.025004923076922,0.0,0.360896,0.0,0.0
2025-03-17 18:00:00,3.04,0.0,0.0,3.04,0.0,9.985004923076922,0.0,3.04,0.0,0.0
2025-03-17 19:00:00,0.25,0.0,0.0,0.25,0.0,9.735004923076922,0.0,0.25,0.0,0.0
2025-03-17 20:00:00,0.5599999999999999,0.0,0.0,0.5599999999999999,0.0,9.175004923076921,0.0,0.5599999999999999,0.0,0.0
2025-03-17 21:00:00,0.19,0.0,0.0,0.19,0.0,8.985004923076922,0.0,0.19,0.0,0.0
2025-03-17 22:00:00,0.64,0.0,0.0,0.64,0.0,8.345004923076921,0.0,0.64,0.0,0.0
2025-03-17 23:00:00,0.8400000000000001,0.0,0.0,0.8400000000000001,0.0,7.505004923076921,0.0,0.8400000000000001,0.0,0.0
2025-03-18 00:00:00,1.15,0.0,0.0,1.15,0.0,6.355004923076921,0.0,1.15,0.0,0.0
2025-03-18 01:00:00,0.97,0.0,0.0,0.97,0.0,5.385004923076921,0.0,0.97,0.0,0.0
2025-03-18 02:00:00,1.39,0.0,0.0,1.39,0.0,3.9950049230769213,0.0,1.39,0.0,0.0
2025-03-18 03:00:00,0.98,0.0,0.0,0.98,0.0,3.0150049230769214,0.0,0.98,0.0,0.0
2025-03-18 04:00:00,1.6,0.0,0.0,1.6,0.0,1.4150049230769213,0.0,1.6,0.0,0.0
2025-03-18 05:00:00,1.42,0.0,0.0,1.42,0.0,0.0,0.0,1.4150049230769213,0.004995076923078656,0.0
2025-03-18 06:00:00,1.8,0.0,0.0,1.8,0.0,0.0,0.0,0.0,1.8,0.0
2025-03-18 07:00:00,1.3,0.0,0.0,1.3,0.207337,0.0,0.0,0.0,1.092663,0.0
2025-03-18 08:00:00,0.77,0.0,0.0,0.77,0.686303,0.0,0.0,0.0,0.08369700000000002,0.0
2025-03-18 09:00:00,0.38,0.0,0.0,0.38,2.899206,2.519206,2.519206,0.0,0.0,0.0
2025-03-18 10:00:00,0.1,0.0,0.0,0.1,5.487607,7.5192060000000005,5.0,0.0,0.0,0.38760700000000003
2025-03-18 11:00:00,0.1,0.3678276923076923,0.0,0.4678276923076923,5.687538,12.519206,5.0,0.0,0.0,0.21971030769230815
2025-03-18 12:00:00,0.1,0.3678276923076923,0.0,0.4678276923076923,5.541817,13.5,0.9807939999999995,0.0,0.0,4.093195307692309
2025-03-18 13:00:00,0.1,0.3678276923076923,0.0,0.4678276923076923,3.115784,13.5,0.0,0.0,0.0,2.647956307692308
2025-03-18 14:00:00,0.1,0.0,0.0,0.1,1.778249,13.5,0.0,0.0,0.0,1.6782489999999999
2025-03-18 15:00:00,0.1,0.0,0.0,0.1,1.0814359999999998,13.5,0.0,0.0,0.0,0.9814359999999999
2025-03-18 16:00:00,0.1,0.0,0.0,0.1,0.493449,13.5,0.0,0.0,0.0,0.39344900000000005
2025-03-18 17:00:00,0.1,0.0,0.0,0.1,0.15822999999999998,13.5,0.0,0.0,0.0,0.058229999999999976
2025-03-18 18:00:00,0.28,0.0,0.0,0.28,0.0,13.22,0.0,0.28,0.0,0.0
2025-03-18 19:00:00,0.31,0.0,0.0,0.31,0.0,12.91,0.0,0.31,0.0,0.0
2025-03-18 20:00:00,0.33,0.0,0.0,0.33,0.0,12.58,0.0,0.33,0.0,0.0
2025-03-18 21:00:00,0.15,0.0,0.0,0.15,0.0,12.43,0.0,0.15,0.0,0.0
2025-03-18 22:00:00,0.25,0.0,0.0,0.25,0.0,12.18,0.0,0.25,0.0,0.0
2025-03-18 23:00:00,0.79,0.0,0.0,0.79,0.0,11.39,0.0,0.79,0.0,0.0
2025-03-19 00:00:00,1.04,0.0,0.0,1.04,0.0,10.350000000000001,0.0,1.04,0.0,0.0
2025-03-19 01:00:00,0.7000000000000001,0.0,0.0,0.7000000000000001,0.0,9.650000000000002,0.0,0.7000000000000001,0.0,0.0
2025-03-19 02:00:00,1.2,0.0,0.0,1.2,0.0,8.450000000000003,0.0,1.2,0.0,0.0
2025-03-19 03:00:00,1.5299999999999998,0.0,0.0,1.5299999999999998,0.0,6.9200000000000035,0.0,1.5299999999999998,0.0,0.0
2025-03-19 04:00:00,1.13,0.0,0.0,1.13,0.0,5.790000000000004,0.0,1.13,0.0,0.0
2025-03-19 05:00:00,1.35,0.0,0.0,1.35,0.0,4.440000000000003,0.0,1.35,0.0,0.0
2025-03-19 06:00:00,1.14,0.0,0.0,1.14,0.0,3.3000000000000034,0.0,1.14,0.0,0.0
2025-03-19 07:00:00,1.02,0.0,0.0,1.02,0.082214,2.3622140000000034,0.0,0.937786,0.0,0.0
2025-03-19 08:00:00,0.93,0.0,0.0,0.93,1.207121,2.6393350000000035,0.27712100000000006,0.0,0.0,0.0
2025-03-19 09:00:00,0.65,0.0,0.0,0.65,3.710989,5.700324000000004,3.060989,0.0,0.0,0.0
2025-03-19 10:00:00,0.1,0.0,0.0,0.1,3.597389,9.197713000000004,3.497389,0.0,0.0,0.0
2025-03-19 11:00:00,0.1,0.3678276923076923,0.0,0.4678276923076923,4.188101,12.917986307692312,3.7202733076923074,0.0,0.0,0.0
2025-03-19 12:00:00,0.1,0.3678276923076923,0.40338461538461945,0.8712123076923117,1.4532260000000001,13.5,0.5820136923076884,0.0,0.0,0.0
2025-03-19 13:00:00,0.09,0.3678276923076923,1.547114307692308,2.0049420000000002,2.0049420000000002,13.5,0.0,0.0,0.0,0.0
2025-03-19 14:00:00,0.09,0.0,1.570727,1.660727,1.660727,13.5,0.0,0.0,0.0,0.0
2025-03-19 15:00:00,0.1,0.0,1.809236,1.9092360000000002,1.9092360000000002,13.5,0.0,0.0,0.0,0.0
2025-03-19 16:00:00,0.1,0.0,0.697926,0.797926,0.797926,13.5,0.0,0.0,0.0,0.0
2025-03-19 17:00:00,0.12,0.0,0.040074000000000026,0.16007400000000002,0.16007400000000002,13.5,0.0,0.0,0.0,0.0
2025-03-19 18:00:00,1.88,0.0,0.0,1.88,0.0,11.620000000000001,0.0,1.88,0.0,0.0
2025-03-19 19:00:00,1.03,0.0,0.0,1.03,0.0,10.590000000000002,0.0,1.03,0.0,0.0
2025-03-19 20:00:00,0.67,0.0,0.0,0.67,0.0,9.920000000000002,0.0,0.67,0.0,0.0
2025-03-19 21:00:00,0.2,0.0,0.0,0.2,0.0,9.720000000000002,0.0,0.2,0.0,0.0
2025-03-19 22:00:00,0.16,0.0,0.0,0.16,0.0,9.560000000000002,0.0,0.16,0.0,0.0
2025-03-19 23:00:00,0.11,0.0,0.0,0.11,0.0,9.450000000000003,0.0,0.11,0.0,0.0
2025-03-20 00:00:00,0.5,0.0,0.0,0.5,0.0,8.950000000000003,0.0,0.5,0.0,0.0
2025-03-20 01:00:00,1.0,0.0,0.0,1.0,0.0,7.950000000000003,0.0,1.0,0.0,0.0
2025-03-20 02:00:00,0.55,0.0,0.0,0.55,0.0,7.400000000000003,0.0,0.55,0.0,0.0
2025-03-20 03:00:00,1.09,0.0,0.0,1.09,0.0,6.310000000000003,0.0,1.09,0.0,0.0
2025-03-20 04:00:00,1.17,0.0,0.0,1.17,0.0,5.140000000000003,0.0,1.17,0.0,0.0
2025-03-20 05:00:00,0.88,0.0,0.0,0.88,0.0,4.260000000000003,0.0,0.88,0.0,0.0
2025-03-20 06:00:00,1.41,0.0,0.0,1.41,0.0,2.850000000000003,0.0,1.41,0.0,0.0
2025-03-20 07:00:00,1.09,0.0,0.0,1.09,0.020898,1.7808980000000032,0.0,1.069102,0.0,0.0
2025-03-20 08:00:00,0.14,0.0,0.0,0.14,0.164569,1.8054670000000033,0.02456899999999998,0.0,0.0,0.0
2025-03-20 09:00:00,0.14,0.0,0.0,0.14,0.392415,2.0578820000000033,0.252415,0.0,0.0,0.0
2025-03-20 10:00:00,0.13,0.0,0.0,0.13,1.463508,3.3913900000000035,1.3335080000000001,0.0,0.0,0.0
2025-03-20 11:00:00,0.14,0.3678276923076923,0.0,0.5078276923076923,2.264671,5.148233307692311,1.7568433076923076,0.0,0.0,0.0
2025-03-20 12:00:00,0.13,0.3678276923076923,0.0,0.4978276923076923,3.7881,8.438505615384619,3.290272307692308,0.0,0.0,0.0
2025-03-20 13:00:00,0.14,0.3678276923076923,0.0,0.5078276923076923,5.085716000000001,13.016393923076928,4.577888307692309,0.0,0.0,0.0
2025-03-20 14:00:00,0.15,0.0,0.0,0.15,4.232454,13.5,0.48360607692307234,0.0,0.0,3.598847923076927
2025-03-20 15:00:00,0.14,0.0,0.0,0.14,3.001388,13.5,0.0,0.0,0.0,2.861388
2025-03-20 16:00:00,0.15,0.0,0.0,0.15,1.113126,13.5,0.0,0.0,0.0,0.963126
2025-03-20 17:00:00,0.15,0.0,0.0,0.15,0.184254,13.5,0.0,0.0,0.0,0.03425400000000001
2025-03-20 18:00:00,0.3,0.0,0.0,0.3,0.0,13.2,0.0,0.3,0.0,0.0
2025-03-20 19:00:00,0.27,0.0,0.0,0.27,0.0,12.93,0.0,0.27,0.0,0.0
2025-03-20 20:00:00,0.19,0.0,0.0,0.19,0.0,12.74,0.0,0.19,0.0,0.0
2025-03-20 21:00:00,0.15,0.0,0.0,0.15,0.0,12.59,0.0,0.15,0.0,0.0
2025-03-20 22:00:00,0.15,0.0,0.0,0.15,0.0,12.44,0.0,0.15,0.0,0.0
2025-03-20 23:00:00,0.1,0.0,0.0,0.1,0.0,12.34,0.0,0.1,0.0,0.0
2025-03-21 00:00:00,0.97,0.0,0.0,0.97,0.0,11.37,0.0,0.97,0.0,0.0
2025-03-21 01:00:00,0.68,0.0,0.0,0.68,0.0,10.69,0.0,0.68,0.0,0.0
2025-03-21 02:00:00,0.98,0.0,0.0,0.98,0.0,9.709999999999999,0.0,0.98,0.0,0.0
2025-03-21 03:00:00,1.08,0.0,0.0,1.08,0.0,8.629999999999999,0.0,1.08,0.0,0.0
2025-03-21 04:00:00,1.02,0.0,0.0,1.02,0.0,7.609999999999999,0.0,1.02,0.0,0.0
2025-03-21 05:00:00,1.1,0.0,0.0,1.1,0.0,6.51,0.0,1.1,0.0,0.0
2025-03-21 06:00:00,1.22,0.0,0.0,1.22,0.175111,5.465111,0.0,1.044889,0.0,0.0
2025-03-21 07:00:00,1.14,0.0,0.0,1.14,2.186457,6.5115680000000005,1.046457,0.0,0.0,0.0
2025-03-21 08:00:00,0.5700000000000001,0.0,0.0,0.5700000000000001,3.8171060000000003,9.758674000000001,3.2471060000000005,0.0,0.0,0.0
2025-03-21 09:00:00,0.43,0.0,0.7589200000000016,1.1889200000000015,4.930246,13.5,3.741325999999999,0.0,0.0,0.0
2025-03-21 10:00:00,0.39,0.0,5.182063,5.572063,5.572063,13.5,0.0,0.0,0.0,0.0
2025-03-21 11:00:00,0.09,0.3678276923076923,5.352473307692309,5.810301000000001,5.810301000000001,13.5,0.0,0.0,0.0,0.0
2025-03-21 12:00:00,0.1,0.3678276923076923,5.1810273076923075,5.648854999999999,5.648854999999999,13.5,0.0,0.0,0.0,0.0
2025-03-21 13:00:00,0.1,0.3678276923076923,4.6537553076923075,5.121582999999999,5.121582999999999,13.5,0.0,0.0,0.0,0.0
2025-03-21 14:00:00,0.1,0.0,4.131379,4.231379,4.231379,13.5,0.0,0.0,0.0,0.0
2025-03-21 15:00:00,0.1,0.0,2.9061049999999997,3.006105,3.006105,13.5,0.0,0.0,0.0,0.0
2025-03-21 16:00:00,0.11,0.0,1.255336,1.365336,1.365336,13.5,0.0,0.0,0.0,0.0
2025-03-21 17:00:00,0.12,0.0,0.046154,0.166154,0.166154,13.5,0.0,0.0,0.0,0.0
2025-03-21 18:00:00,1.06,0.0,0.0,1.06,0.0,12.44,0.0,1.06,0.0,0.0
2025-03-21 19:00:00,0.3,0.0,0.0,0.3,0.0,12.139999999999999,0.0,0.3,0.0,0.0
2025-03-21 20:00:00,0.4,0.0,0.0,0.4,0.0,11.739999999999998,0.0,0.4,0.0,0.0
2025-03-21 21:00:00,0.88,0.0,0.0,0.88,0.0,10.859999999999998,0.0,0.88,0.0,0.0
2025-03-21 22:00:00,0.6199999999999999,0.0,0.0,0.6199999999999999,0.0,10.239999999999998,0.0,0.6199999999999999,0.0,0.0
2025-03-21 23:00:00,0.11,0.0,0.0,0.11,0.0,10.129999999999999,0.0,0.11,0.0,0.0
2025-03-22 00:00:00,0.11,0.0,0.0,0.11,0.0,10.02,0.0,0.11,0.0,0.0
2025-03-22 01:00:00,0.1,0.0,0.0,0.1,0.0,9.92,0.0,0.1,0.0,0.0
2025-03-22 02:00:00,0.11,0.0,0.0,0.11,0.0,9.81,0.0,0.11,0.0,0.0
2025-03-22 03:00:00,0.99,0.0,0.0,0.99,0.0,8.82,0.0,0.99,0.0,0.0
2025-03-22 04:00:00,0.49,0.0,0.0,0.49,0.0,8.33,0.0,0.49,0.0,0.0
2025-03-22 05:00:00,0.71,0.0,0.0,0.71,0.0,7.62,0.0,0.71,0.0,0.0
2025-03-22 06:00:00,1.13,0.0,0.0,1.13,0.227745,6.717745,0.0,0.9022549999999999,0.0,0.0
2025-03-22 07:00:00,0.59,0.0,0.0,0.59,2.300657,8.428402,1.7106570000000003,0.0,0.0,0.0
2025-03-22 08:00:00,0.62,0.0,0.0,0.62,3.833559,11.641961,3.213559,0.0,0.0,0.0
2025-03-22 09:00:00,0.22,0.0,2.7713670000000006,2.9913670000000008,4.849406,13.5,1.8580389999999998,0.0,0.0,0.0
2025-03-22 10:00:00,0.23,0.0,5.138101999999999,5.3681019999999995,5.3681019999999995,13.5,0.0,0.0,0.0,0.0
2025-03-22 11:00:00,0.1,0.6190564102564103,2.5548561538461527,3.273912564102563,5.581108,13.5,0.0,0.0,0.0,2.3071954358974374
2025-03-22 12:00:00,0.27,0.6190564102564103,0.0,0.8890564102564104,3.7489969999999997,13.5,0.0,0.0,0.0,2.8599405897435894
2025-03-22 13:00:00,0.34,0.6190564102564103,0.0,0.9590564102564103,4.9289819999999995,13.5,0.0,0.0,0.0,3.969925589743589
2025-03-22 14:00:00,0.33,0.0,0.0,0.33,4.1172830000000005,13.5,0.0,0.0,0.0,3.7872830000000004
2025-03-22 15:00:00,0.11,0.0,0.0,0.11,2.9395369999999996,13.5,0.0,0.0,0.0,2.8295369999999997
2025-03-22 16:00:00,0.19,0.0,0.0,0.19,1.344059,13.5,0.0,0.0,0.0,1.154059
2025-03-22 17:00:00,0.12,0.0,0.0,0.12,0.18268199999999998,13.5,0.0,0.0,0.0,0.06268199999999999
2025-03-22 18:00:00,1.41,0.0,0.0,1.41,0.0,12.09,0.0,1.41,0.0,0.0
2025-03-22 19:00:00,0.48,0.0,0.0,0.48,0.0,11.61,0.0,0.48,0.0,0.0
2025-03-22 20:00:00,0.23,0.0,0.0,0.23,0.0,11.379999999999999,0.0,0.23,0.0,0.0
2025-03-22 21:00:00,0.12,0.0,0.0,0.12,0.0,11.26,0.0,0.12,0.0,0.0
2025-03-22 22:00:00,0.1,0.0,0.0,0.1,0.0,11.16,0.0,0.1,0.0,0.0
2025-03-22 23:00:00,0.46,0.0,0.0,0.46,0.0,10.7,0.0,0.46,0.0,0.0
2025-03-23 00:00:00,0.49,0.0,0.0,0.49,0.0,10.209999999999999,0.0,0.49,0.0,0.0
2025-03-23 01:00:00,0.99,0.0,0.0,0.99,0.0,9.219999999999999,0.0,0.99,0.0,0.0
2025-03-23 02:00:00,0.56,0.0,0.0,0.56,0.0,8.659999999999998,0.0,0.56,0.0,0.0
2025-03-23 03:00:00,0.94,0.0,0.0,0.94,0.0,7.719999999999999,0.0,0.94,0.0,0.0
2025-03-23 04:00:00,1.02,0.0,0.0,1.02,0.0,6.699999999999999,0.0,1.02,0.0,0.0
2025-03-23 05:00:00,0.56,0.0,0.0,0.56,0.0,6.139999999999999,0.0,0.56,0.0,0.0
2025-03-23 06:00:00,1.26,0.0,0.0,1.26,0.204024,5.0840239999999985,0.0,1.055976,0.0,0.0
2025-03-23 07:00:00,0.63,0.0,0.0,0.63,2.2176460000000002,6.671669999999999,1.5876460000000003,0.0,0.0,0.0
2025-03-23 08:00:00,1.59,0.0,0.0,1.59,3.701039,8.782708999999999,2.111039,0.0,0.0,0.0
2025-03-23 09:00:00,0.29,0.0,0.0,0.29,4.699856,13.192564999999998,4.4098559999999996,0.0,0.0,0.0
2025-03-23 10:00:00,0.31,0.0,0.0,0.31,5.253115,13.5,0.3074350000000017,0.0,0.0,4.635679999999999
2025-03-23 11:00:00,1.28,0.6190564102564103,0.0,1.8990564102564105,5.4660720000000005,13.5,0.0,0.0,0.0,3.56701558974359
2025-03-23 12:00:00,0.7,0.6190564102564103,0.0,1.3190564102564104,5.335020999999999,13.5,0.0,0.0,0.0,4.015964589743589
2025-03-23 13:00:00,0.21,0.6190564102564103,0.0,0.8290564102564103,4.8841719999999995,13.5,0.0,0.0,0.0,4.055115589743589
2025-03-23 14:00:00,0.25,0.0,0.0,0.25,4.079066,13.5,0.0,0.0,0.0,3.829066
2025-03-23 15:00:00,0.36,0.0,0.0,0.36,2.8867220000000002,13.5,0.0,0.0,0.0,2.5267220000000004
2025-03-23 16:00:00,0.14,0.0,0.0,0.14,1.312602,13.5,0.0,0.0,0.0,1.172602
2025-03-23 17:00:00,0.24,0.0,0.0,0.24,0.15732300000000002,13.417323,0.0,0.08267699999999997,0.0,0.0
2025-03-23 18:00:00,0.2299999999999999,0.0,0.0,0.2299999999999999,0.0,13.187323,0.0,0.2299999999999999,0.0,0.0
2025-03-23 19:00:00,0.27,0.0,0.0,0.27,0.0,12.917323,0.0,0.27,0.0,0.0
2025-03-23 20:00:00,0.19,0.0,0.0,0.19,0.0,12.727323,0.0,0.19,0.0,0.0
2025-03-23 21:00:00,0.26,0.0,0.0,0.26,0.0,12.467323,0.0,0.26,0.0,0.0
2025-03-23 22:00:00,0.14,0.0,0.0,0.14,0.0,12.327323,0.0,0.14,0.0,0.0
2025-03-23 23:00:00,0.1,0.0,0.0,0.1,0.0,12.227323,0.0,0.1,0.0,0.0
2025-03-24 00:00:00,0.1,0.0,0.0,0.1,0.0,12.127323,0.0,0.1,0.0,0.0
2025-03-24 01:00:00,0.98,0.0,0.0,0.98,0.0,11.147323,0.0,0.98,0.0,0.0
2025-03-24 02:00:00,0.54,0.0,0.0,0.54,0.0,10.607323000000001,0.0,0.54,0.0,0.0
2025-03-24 03:00:00,0.78,0.0,0.0,0.78,0.0,9.827323000000002,0.0,0.78,0.0,0.0
2025-03-24 04:00:00,0.55,0.0,0.0,0.55,0.0,9.277323,0.0,0.55,0.0,0.0
2025-03-24 05:00:00,0.7,0.0,0.0,0.7,0.0,8.577323000000002,0.0,0.7,0.0,0.0
2025-03-24 06:00:00,0.67,0.0,0.0,0.67,0.0,7.907323000000002,0.0,0.67,0.0,0.0
2025-03-24 07:00:00,0.2299999999999999,0.0,0.0,0.2299999999999999,0.38105399999999995,8.058377000000002,0.15105400000000005,0.0,0.0,0.0
2025-03-24 08:00:00,0.1699999999999999,0.0,0.0,0.1699999999999999,0.570468,8.458845000000002,0.40046800000000005,0.0,0.0,0.0
2025-03-24 09:00:00,0.21,0.0,0.0,0.21,0.732793,8.981638000000002,0.5227930000000001,0.0,0.0,0.0
2025-03-24 10:00:00,0.16,0.0,0.0,0.16,1.613478,10.435116000000003,1.453478,0.0,0.0,0.0
2025-03-24 11:00:00,0.15,0.6190564102564103,0.0,0.7690564102564104,2.0019400000000003,11.667999589743593,1.23288358974359,0.0,0.0,0.0
2025-03-24 12:00:00,0.17,0.6190564102564103,0.0,0.7890564102564104,2.197712,13.076655179487183,1.4086555897435897,0.0,0.0,0.0
2025-03-24 13:00:00,0.16,0.6190564102564103,0.0,0.7790564102564104,2.118404,13.5,0.42334482051281697,0.0,0.0,0.9160027692307726
2025-03-24 14:00:00,0.15,0.0,0.0,0.15,1.237523,13.5,0.0,0.0,0.0,1.087523
2025-03-24 15:00:00,0.15,0.0,0.0,0.15,1.252281,13.5,0.0,0.0,0.0,1.102281
2025-03-24 16:00:00,0.14,0.0,0.0,0.14,0.512325,13.5,0.0,0.0,0.0,0.372325
2025-03-24 17:00:00,0.11,0.0,0.0,0.11,0.167934,13.5,0.0,0.0,0.0,0.057934
2025-03-24 18:00:00,0.12,0.0,0.0,0.12,0.0,13.38,0.0,0.12,0.0,0.0
2025-03-24 19:00:00,0.34,0.0,0.0,0.34,0.0,13.040000000000001,0.0,0.34,0.0,0.0
2025-03-24 20:00:00,0.29,0.0,0.0,0.29,0.0,12.750000000000002,0.0,0.29,0.0,0.0
2025-03-24 21:00:00,0.95,0.0,0.0,0.95,0.0,11.800000000000002,0.0,0.95,0.0,0.0
2025-03-24 22:00:00,1.17,0.0,0.0,1.17,0.0,10.630000000000003,0.0,1.17,0.0,0.0
2025-03-24 23:00:00,1.13,0.0,0.0,1.13,0.0,9.500000000000004,0.0,1.13,0.0,0.0
2025-03-25 00:00:00,1.08,0.0,0.0,1.08,0.0,8.420000000000003,0.0,1.08,0.0,0.0
2025-03-25 01:00:00,1.06,0.0,0.0,1.06,0.0,7.360000000000003,0.0,1.06,0.0,0.0
2025-03-25 02:00:00,1.07,0.0,0.0,1.07,0.0,6.290000000000003,0.0,1.07,0.0,0.0
2025-03-25 03:00:00,1.09,0.0,0.0,1.09,0.0,5.200000000000003,0.0,1.09,0.0,0.0
2025-03-25 04:00:00,1.08,0.0,0.0,1.08,0.0,4.120000000000003,0.0,1.08,0.0,0.0
2025-03-25 05:00:00,1.08,0.0,0.0,1.08,0.0,3.0400000000000027,0.0,1.08,0.0,0.0
2025-03-25 06:00:00,1.07,0.0,0.0,1.07,0.007432,1.9774320000000027,0.0,1.062568,0.0,0.0
2025-03-25 07:00:00,1.2,0.0,0.0,1.2,0.716687,1.4941190000000026,0.0,0.483313,0.0,0.0
2025-03-25 08:00:00,0.15,0.0,0.0,0.15,2.2497089999999997,3.5938280000000025,2.099709,0.0,0.0,0.0
2025-03-25 09:00:00,0.11,0.0,0.0,0.11,3.165204,6.649032000000003,3.0552040000000003,0.0,0.0,0.0
2025-03-25 10:00:00,0.1,0.0,0.0,0.1,3.6584969999999997,10.207529000000003,3.5584969999999996,0.0,0.0,0.0
2025-03-25 11:00:00,0.1,0.4642923076923078,0.0,0.5642923076923078,3.42447,13.067706692307695,2.8601776923076923,0.0,0.0,0.0
2025-03-25 12:00:00,0.11,0.4642923076923078,0.0,0.5742923076923078,3.3493090000000003,13.5,0.432293307692305,0.0,0.0,2.3427233846153874
2025-03-25 13:00:00,0.11,0.4642923076923078,0.0,0.5742923076923078,2.66417,13.5,0.0,0.0,0.0,2.089877692307692
2025-03-25 14:00:00,0.1,0.0,0.0,0.1,1.2919159999999998,13.5,0.0,0.0,0.0,1.1919159999999998
2025-03-25 15:00:00,0.11,0.0,0.0,0.11,1.6865999999999999,13.5,0.0,0.0,0.0,1.5765999999999998
2025-03-25 16:00:00,0.12,0.0,0.0,0.12,0.640401,13.5,0.0,0.0,0.0,0.520401
2025-03-25 17:00:00,0.19,0.0,0.0,0.19,0.264423,13.5,0.0,0.0,0.0,0.07442300000000002
2025-03-25 18:00:00,2.16,0.0,0.0,2.16,0.0,11.34,0.0,2.16,0.0,0.0
2025-03-25 19:00:00,0.16,0.0,0.0,0.16,0.0,11.18,0.0,0.16,0.0,0.0
2025-03-25 20:00:00,0.14,0.0,0.0,0.14,0.0,11.04,0.0,0.14,0.0,0.0
2025-03-25 21:00:00,0.2,0.0,0.0,0.2,0.0,10.84,0.0,0.2,0.0,0.0
2025-03-25 22:00:00,0.1699999999999999,0.0,0.0,0.1699999999999999,0.0,10.67,0.0,0.1699999999999999,0.0,0.0
2025-03-25 23:00:00,0.1,0.0,0.0,0.1,0.0,10.57,0.0,0.1,0.0,0.0
2025-03-26 00:00:00,0.1,0.0,0.0,0.1,0.0,10.47,0.0,0.1,0.0,0.0
2025-03-26 01:00:00,0.1,0.0,0.0,0.1,0.0,10.370000000000001,0.0,0.1,0.0,0.0
2025-03-26 02:00:00,0.1,0.0,0.0,0.1,0.0,10.270000000000001,0.0,0.1,0.0,0.0
2025-03-26 03:00:00,0.1,0.0,0.0,0.1,0.0,10.170000000000002,0.0,0.1,0.0,0.0
2025-03-26 04:00:00,0.1,0.0,0.0,0.1,0.0,10.070000000000002,0.0,0.1,0.0,0.0
2025-03-26 05:00:00,0.1,0.0,0.0,0.1,0.0,9.970000000000002,0.0,0.1,0.0,0.0
2025-03-26 06:00:00,0.11,0.0,0.0,0.11,0.355062,10.215062000000003,0.245062,0.0,0.0,0.0
2025-03-26 07:00:00,0.19,0.0,0.0,0.19,0.7395349999999999,10.764597000000004,0.5495349999999999,0.0,0.0,0.0
2025-03-26 08:00:00,0.1699999999999999,0.0,0.0,0.1699999999999999,1.492318,12.086915000000005,1.322318,0.0,0.0,0.0
2025-03-26 09:00:00,0.17,0.0,0.2944860000000047,0.46448600000000473,1.8775709999999999,13.5,1.4130849999999953,0.0,0.0,0.0
2025-03-26 10:00:00,0.14,0.0,1.680497,1.820497,1.820497,13.5,0.0,0.0,0.0,0.0
2025-03-26 11:00:00,0.18,0.4642923076923078,1.5316516923076922,2.175944,2.175944,13.5,0.0,0.0,0.0,0.0
2025-03-26 12:00:00,0.15,0.4642923076923078,0.785365692307692,1.3996579999999998,1.3996579999999998,13.5,0.0,0.0,0.0,0.0
2025-03-26 13:00:00,0.16,0.4642923076923078,1.235490692307692,1.8597829999999997,1.859783,13.5,0.0,0.0,0.0,0.0
2025-03-26 14:00:00,0.15,0.0,0.067744,0.217744,0.217744,13.5,0.0,0.0,0.0,0.0
2025-03-26 15:00:00,0.14,0.0,0.42791200000000007,0.5679120000000001,0.5679120000000001,13.5,0.0,0.0,0.0,0.0
2025-03-26 16:00:00,0.19,0.0,0.152883,0.342883,0.342883,13.5,0.0,0.0,0.0,0.0
2025-03-26 17:00:00,0.15,0.0,0.055621000000000004,0.205621,0.205621,13.5,0.0,0.0,0.0,0.0
2025-03-26 18:00:00,1.42,0.0,0.0,1.42,0.0,12.08,0.0,1.42,0.0,0.0
2025-03-26 19:00:00,0.73,0.0,0.0,0.73,0.0,11.35,0.0,0.73,0.0,0.0
2025-03-26 20:00:00,0.29,0.0,0.0,0.29,0.0,11.06,0.0,0.29,0.0,0.0
2025-03-26 21:00:00,0.15,0.0,0.0,0.15,0.0,10.91,0.0,0.15,0.0,0.0
2025-03-26 22:00:00,0.13,0.0,0.0,0.13,0.0,10.78,0.0,0.13,0.0,0.0
2025-03-26 23:00:00,0.1,0.0,0.0,0.1,0.0,10.68,0.0,0.1,0.0,0.0
2025-03-27 00:00:00,0.1,0.0,0.0,0.1,0.0,10.58,0.0,0.1,0.0,0.0
2025-03-27 01:00:00,0.1,0.0,0.0,0.1,0.0,10.48,0.0,0.1,0.0,0.0
2025-03-27 02:00:00,0.1,0.0,0.0,0.1,0.0,10.38,0.0,0.1,0.0,0.0
2025-03-27 03:00:00,0.43,0.0,0.0,0.43,0.0,9.950000000000001,0.0,0.43,0.0,0.0
2025-03-27 04:00:00,0.45,0.0,0.0,0.45,0.0,9.500000000000002,0.0,0.45,0.0,0.0
2025-03-27 05:00:00,0.7,0.0,0.0,0.7,0.0,8.800000000000002,0.0,0.7,0.0,0.0
2025-03-27 06:00:00,0.49,0.0,0.0,0.49,0.490261,8.800261000000003,0.0002610000000000112,0.0,0.0,0.0
2025-03-27 07:00:00,0.5599999999999999,0.0,0.0,0.5599999999999999,2.527459,10.767720000000002,1.9674589999999998,0.0,0.0,0.0
2025-03-27 08:00:00,0.43,0.0,0.0,0.43,4.07669,13.5,2.7322799999999976,0.0,0.0,0.9144100000000024
2025-03-27 09:00:00,0.1,0.0,0.0,0.1,5.135276,13.5,0.0,0.0,0.0,5.0352760000000005
2025-03-27 10:00:00,0.1,0.0,0.0,0.1,5.740513,13.5,0.0,0.0,0.0,5.640513
2025-03-27 11:00:00,0.1,0.4642923076923078,0.0,0.5642923076923078,6.015742,13.5,0.0,0.0,0.0,5.451449692307692
2025-03-27 12:00:00,0.11,0.4642923076923078,0.0,0.5742923076923078,5.891381999999999,13.5,0.0,0.0,0.0,5.317089692307691
2025-03-27 13:00:00,0.1,0.4642923076923078,0.0,0.5642923076923078,5.302458,13.5,0.0,0.0,0.0,4.738165692307692
2025-03-27 14:00:00,0.1,0.0,0.0,0.1,4.3160039999999995,13.5,0.0,0.0,0.0,4.216004
2025-03-27 15:00:00,0.6799999999999999,0.0,0.0,0.6799999999999999,2.992963,13.5,0.0,0.0,0.0,2.312963
2025-03-27 16:00:00,2.0700000000000003,0.0,0.0,2.0700000000000003,1.396339,12.826338999999999,0.0,0.6736610000000003,0.0,0.0
2025-03-27 17:00:00,0.23,0.0,0.0,0.23,0.28481,12.881148999999999,0.05481,0.0,0.0,0.0
2025-03-27 18:00:00,0.39,0.0,0.0,0.39,0.0,12.491148999999998,0.0,0.39,0.0,0.0
2025-03-27 19:00:00,0.32,0.0,0.0,0.32,0.0,12.171148999999998,0.0,0.32,0.0,0.0
2025-03-27 20:00:00,0.53,0.0,0.0,0.53,0.0,11.641148999999999,0.0,0.53,0.0,0.0
2025-03-27 21:00:00,0.75,0.0,0.0,0.75,0.0,10.891148999999999,0.0,0.75,0.0,0.0
2025-03-27 22:00:00,0.52,0.0,0.0,0.52,0.0,10.371148999999999,0.0,0.52,0.0,0.0
2025-03-27 23:00:00,0.11,0.0,0.0,0.11,0.0,10.261149,0.0,0.11,0.0,0.0
2025-03-28 00:00:00,0.1,0.0,0.0,0.1,0.0,10.161149,0.0,0.1,0.0,0.0
2025-03-28 01:00:00,0.1,0.0,0.0,0.1,0.0,10.061149,0.0,0.1,0.0,0.0
2025-03-28 02:00:00,0.77,0.0,0.0,0.77,0.0,9.291149,0.0,0.77,0.0,0.0
2025-03-28 03:00:00,0.5599999999999999,0.0,0.0,0.5599999999999999,0.0,8.731149,0.0,0.5599999999999999,0.0,0.0
2025-03-28 04:00:00,0.49,0.0,0.0,0.49,0.0,8.241149,0.0,0.49,0.0,0.0
2025-03-28 05:00:00,0.5599999999999999,0.0,0.0,0.5599999999999999,0.0,7.6811490000000004,0.0,0.5599999999999999,0.0,0.0
2025-03-28 06:00:00,0.8799999999999999,0.0,0.0,0.8799999999999999,0.552361,7.353510000000001,0.0,0.3276389999999999,0.0,0.0
2025-03-28 07:00:00,0.63,0.0,0.0,0.63,2.605014,9.328524000000002,1.9750140000000003,0.0,0.0,0.0
2025-03-28 08:00:00,1.64,0.0,0.0,1.64,4.154043,11.842567000000003,2.514043,0.0,0.0,0.0
2025-03-28 09:00:00,1.32,0.0,2.202477000000002,3.522477000000002,5.17991,13.5,1.6574329999999975,0.0,0.0,0.0
2025-03-28 10:00:00,1.65,0.0,4.160116,5.810116000000001,5.810116,13.5,0.0,0.0,0.0,0.0
2025-03-28 11:00:00,0.19,0.4642923076923078,5.349227692307693,6.003520000000001,6.003520000000001,13.5,0.0,0.0,0.0,0.0
2025-03-28 12:00:00,0.79,0.4642923076923078,4.575603692307692,5.829896,5.829896,13.5,0.0,0.0,0.0,0.0
2025-03-28 13:00:00,0.5700000000000001,0.4642923076923078,4.214860692307693,5.249153000000001,5.249153000000001,13.5,0.0,0.0,0.0,0.0
2025-03-28 14:00:00,0.15,0.0,4.157534999999999,4.307535,4.307535,13.5,0.0,0.0,0.0,0.0
2025-03-28 15:00:00,0.14,0.0,2.898002,3.038002,3.038002,13.5,0.0,0.0,0.0,0.0
2025-03-28 16:00:00,0.15,0.0,1.232328,1.382328,1.382328,13.5,0.0,0.0,0.0,0.0
2025-03-28 17:00:00,1.84,0.0,0.0,1.84,0.186754,11.846754,0.0,1.653246,0.0,0.0
2025-03-28 18:00:00,3.84,0.0,0.0,3.84,0.0,8.006754,0.0,3.84,0.0,0.0
2025-03-28 19:00:00,1.95,0.0,0.0,1.95,0.0,6.056754000000001,0.0,1.95,0.0,0.0
2025-03-28 20:00:00,1.61,0.0,0.0,1.61,0.0,4.446754,0.0,1.61,0.0,0.0
2025-03-28 21:00:00,1.62,0.0,0.0,1.62,0.0,2.826754,0.0,1.62,0.0,0.0
2025-03-28 22:00:00,3.07,0.0,0.0,3.07,0.0,0.0,0.0,2.826754,0.24324599999999963,0.0
2025-03-28 23:00:00,2.56,0.0,0.0,2.56,0.0,0.0,0.0,0.0,2.56,0.0
2025-03-29 00:00:00,2.0700000000000003,0.0,0.0,2.0700000000000003,0.0,0.0,0.0,0.0,2.0700000000000003,0.0
2025-03-29 01:00:00,2.1,0.0,0.0,2.1,0.0,0.0,0.0,0.0,2.1,0.0
2025-03-29 02:00:00,2.15,0.0,0.0,2.15,0.0,0.0,0.0,0.0,2.15,0.0
2025-03-29 03:00:00,2.06,0.0,0.0,2.06,0.0,0.0,0.0,0.0,2.06,0.0
2025-03-29 04:00:00,2.13,0.0,0.0,2.13,0.0,0.0,0.0,0.0,2.13,0.0
2025-03-29 05:00:00,2.24,0.0,0.0,2.24,0.0,0.0,0.0,0.0,2.24,0.0
2025-03-29 06:00:00,1.96,0.0,0.0,1.96,0.637069,0.0,0.0,0.0,1.322931,0.0
2025-03-29 07:00:00,2.47,0.0,0.0,2.47,2.638663,0.168663,0.168663,0.0,0.0,0.0
2025-03-29 08:00:00,2.63,0.0,0.0,2.63,4.107174,1.6458369999999998,1.4771739999999998,0.0,0.0,0.0
2025-03-29 09:00:00,1.92,0.0,0.0,1.92,5.0291559999999995,4.754992999999999,3.1091559999999996,0.0,0.0,0.0
2025-03-29 10:00:00,1.64,0.0,0.0,1.64,5.552970999999999,8.667963999999998,3.9129709999999998,0.0,0.0,0.0
2025-03-29 11:00:00,1.13,0.9285846153846156,0.0,2.0585846153846155,5.738571,12.347950384615382,3.679986384615385,0.0,0.0,0.0
2025-03-29 12:00:00,0.2299999999999999,0.9285846153846156,2.6546007692307665,3.813185384615382,4.965235,13.5,1.1520496153846178,0.0,0.0,0.0
2025-03-29 13:00:00,0.32,0.9285846153846156,3.2123153846153842,4.4609,4.4609,13.5,0.0,0.0,0.0,0.0
2025-03-29 14:00:00,0.33,0.0,3.227842,3.557842,3.557842,13.5,0.0,0.0,0.0,0.0
2025-03-29 15:00:00,0.49,0.0,1.8834406923076799,2.37344069230768,2.960276,13.5,0.0,0.0,0.0,0.5868353076923203
2025-03-29 16:00:00,0.75,0.0,0.0,0.75,1.352991,13.5,0.0,0.0,0.0,0.602991
2025-03-29 17:00:00,0.56,0.0,0.0,0.56,0.189704,13.129704,0.0,0.37029600000000007,0.0,0.0
2025-03-29 18:00:00,0.2299999999999999,0.0,0.0,0.2299999999999999,0.0,12.899704,0.0,0.2299999999999999,0.0,0.0
2025-03-29 19:00:00,0.2299999999999999,0.0,0.0,0.2299999999999999,0.0,12.669704,0.0,0.2299999999999999,0.0,0.0
2025-03-29 20:00:00,0.27,0.0,0.0,0.27,0.0,12.399704,0.0,0.27,0.0,0.0
2025-03-29 21:00:00,0.14,0.0,0.0,0.14,0.0,12.259704,0.0,0.14,0.0,0.0
2025-03-29 22:00:00,1.27,0.0,0.0,1.27,0.0,10.989704,0.0,1.27,0.0,0.0
2025-03-29 23:00:00,1.05,0.0,0.0,1.05,0.0,9.939703999999999,0.0,1.05,0.0,0.0
2025-03-30 00:00:00,1.02,0.0,0.0,1.02,0.0,8.919704,0.0,1.02,0.0,0.0
2025-03-30 01:00:00,0.72,0.0,0.0,0.72,0.0,8.199703999999999,0.0,0.72,0.0,0.0
2025-03-30 02:00:00,1.0499999999999998,0.0,0.0,1.0499999999999998,0.0,7.149703999999999,0.0,1.0499999999999998,0.0,0.0
2025-03-30 03:00:00,0.78,0.0,0.0,0.78,0.0,6.369703999999999,0.0,0.78,0.0,0.0
2025-03-30 04:00:00,0.83,0.0,0.0,0.83,0.0,5.539703999999999,0.0,0.83,0.0,0.0
2025-03-30 05:00:00,1.07,0.0,0.0,1.07,0.0,4.469703999999998,0.0,1.07,0.0,0.0
2025-03-30 06:00:00,1.02,0.0,0.0,1.02,0.576112,4.025815999999998,0.0,0.44388800000000006,0.0,0.0
2025-03-30 07:00:00,0.78,0.0,0.0,0.78,2.436957,5.682772999999998,1.656957,0.0,0.0,0.0
2025-03-30 08:00:00,1.04,0.0,0.0,1.04,3.792384,8.435156999999998,2.752384,0.0,0.0,0.0
2025-03-30 09:00:00,0.52,0.0,0.0,0.52,4.697621,12.612777999999999,4.177621,0.0,0.0,0.0
2025-03-30 10:00:00,1.03,0.0,0.0,1.03,5.2851300000000005,13.5,0.8872220000000013,0.0,0.0,3.367907999999999
2025-03-30 11:00:00,0.12,0.9285846153846156,0.0,1.0485846153846157,5.515942,13.5,0.0,0.0,0.0,4.467357384615385
2025-03-30 12:00:00,0.13,0.9285846153846156,0.0,1.0585846153846155,5.428962,13.5,0.0,0.0,0.0,4.370377384615384
2025-03-30 13:00:00,0.58,0.9285846153846156,0.0,1.5085846153846156,4.972136000000001,13.5,0.0,0.0,0.0,3.463551384615385
2025-03-30 14:00:00,0.15,0.0,0.0,0.15,4.156143,13.5,0.0,0.0,0.0,4.006143
2025-03-30 15:00:00,0.13,0.0,0.0,0.13,2.5148479999999998,13.5,0.0,0.0,0.0,2.384848
2025-03-30 16:00:00,2.29,0.0,0.0,2.29,1.356565,12.566565,0.0,0.933435,0.0,0.0
2025-03-30 17:00:00,2.67,0.0,0.0,2.67,0.21808699999999998,10.114652000000001,0.0,2.451913,0.0,0.0
2025-03-30 18:00:00,1.35,0.0,0.0,1.35,0.0,8.764652000000002,0.0,1.35,0.0,0.0
2025-03-30 19:00:00,0.29,0.0,0.0,0.29,0.0,8.474652000000003,0.0,0.29,0.0,0.0
2025-03-30 20:00:00,0.54,0.0,0.0,0.54,0.0,7.9346520000000025,0.0,0.54,0.0,0.0
2025-03-30 21:00:00,0.18,0.0,0.0,0.18,0.0,7.754652000000003,0.0,0.18,0.0,0.0
2025-03-30 22:00:00,0.6900000000000001,0.0,0.0,0.6900000000000001,0.0,7.064652000000002,0.0,0.6900000000000001,0.0,0.0
2025-03-30 23:00:00,0.6400000000000001,0.0,0.0,0.6400000000000001,0.0,6.424652000000002,0.0,0.6400000000000001,0.0,0.0
2025-03-31 00:00:00,0.6600000000000001,0.0,0.0,0.6600000000000001,0.0,5.764652000000002,0.0,0.6600000000000001,0.0,0.0
2025-03-31 01:00:00,0.6000000000000001,0.0,0.0,0.6000000000000001,0.0,5.164652000000002,0.0,0.6000000000000001,0.0,0.0
2025-03-31 02:00:00,0.53,0.0,0.0,0.53,0.0,4.634652000000002,0.0,0.53,0.0,0.0
2025-03-31 03:00:00,0.55,0.0,0.0,0.55,0.0,4.084652000000002,0.0,0.55,0.0,0.0
2025-03-31 04:00:00,1.01,0.0,0.0,1.01,0.0,3.074652000000002,0.0,1.01,0.0,0.0
2025-03-31 05:00:00,0.5900000000000001,0.0,0.0,0.5900000000000001,0.0,2.4846520000000023,0.0,0.5900000000000001,0.0,0.0
2025-03-31 06:00:00,0.3399999999999999,0.0,0.0,0.3399999999999999,0.577956,2.7226080000000024,0.2379560000000001,0.0,0.0,0.0
2025-03-31 07:00:00,0.79,0.0,0.0,0.79,2.421448,4.354056000000002,1.6314479999999998,0.0,0.0,0.0
2025-03-31 08:00:00,0.14,0.0,0.0,0.14,3.878228,8.092284000000001,3.738228,0.0,0.0,0.0
2025-03-31 09:00:00,0.54,0.0,0.0,0.54,4.861398,12.413682000000001,4.321398,0.0,0.0,0.0
2025-03-31 10:00:00,0.47,0.0,0.0,0.47,5.4604,13.5,1.0863179999999986,0.0,0.0,3.9040820000000016
2025-03-31 11:00:00,0.41,0.4597846153846154,0.0,0.8697846153846154,5.678682,13.5,0.0,0.0,0.0,4.808897384615385
2025-03-31 12:00:00,0.38,0.4597846153846154,0.0,0.8397846153846154,5.509965,13.5,0.0,0.0,0.0,4.670180384615385
2025-03-31 13:00:00,0.14,0.4597846153846154,0.0,0.5997846153846154,4.262135,13.5,0.0,0.0,0.0,3.6623503846153844
2025-03-31 14:00:00,0.14,0.0,0.0,0.14,3.3450830000000003,13.5,0.0,0.0,0.0,3.205083
2025-03-31 15:00:00,0.55,0.0,0.0,0.55,2.914677,13.5,0.0,0.0,0.0,2.3646770000000004
2025-03-31 16:00:00,0.14,0.0,0.0,0.14,1.387569,13.5,0.0,0.0,0.0,1.247569
2025-03-31 17:00:00,0.32,0.0,0.0,0.32,0.159561,13.339561,0.0,0.160439,0.0,0.0
2025-03-31 18:00:00,0.32,0.0,0.0,0.32,0.0,13.019561,0.0,0.32,0.0,0.0
2025-03-31 19:00:00,0.27,0.0,0.0,0.27,0.0,12.749561,0.0,0.27,0.0,0.0
2025-03-31 20:00:00,0.35,0.0,0.0,0.35,0.0,12.399561,0.0,0.35,0.0,0.0
2025-03-31 21:00:00,0.76,0.0,0.0,0.76,0.0,11.639561,0.0,0.76,0.0,0.0
2025-03-31 22:00:00,0.5,0.0,0.0,0.5,0.0,11.139561,0.0,0.5,0.0,0.0
2025-03-31 23:00:00,0.11,0.0,0.0,0.11,0.0,11.029561000000001,0.0,0.11,0.0,0.0
2025-04-01 00:00:00,0.1,0.0,0.0,0.1,0.0,10.929561000000001,0.0,0.1,0.0,0.0
2025-04-01 01:00:00,0.29,0.0,0.0,0.29,0.0,10.639561000000002,0.0,0.29,0.0,0.0
2025-04-01 02:00:00,0.7200000000000001,0.0,0.0,0.7200000000000001,0.0,9.919561000000002,0.0,0.7200000000000001,0.0,0.0
2025-04-01 03:00:00,0.78,0.0,0.0,0.78,0.0,9.139561000000002,0.0,0.78,0.0,0.0
2025-04-01 04:00:00,0.8899999999999999,0.0,0.0,0.8899999999999999,0.0,8.249561000000002,0.0,0.8899999999999999,0.0,0.0
2025-04-01 05:00:00,0.53,0.0,0.0,0.53,0.0,7.7195610000000014,0.0,0.53,0.0,0.0
2025-04-01 06:00:00,0.8799999999999999,0.0,0.0,0.8799999999999999,0.6270119999999999,7.466573000000001,0.0,0.252988,0.0,0.0
2025-04-01 07:00:00,0.59,0.0,0.0,0.59,2.520994,9.397567000000002,1.930994,0.0,0.0,0.0
2025-04-01 08:00:00,0.5599999999999999,0.0,0.0,0.5599999999999999,4.071109,12.908676000000002,3.511109,0.0,0.0,0.0
2025-04-01 09:00:00,0.48,0.0,0.0,0.48,5.114111,13.5,0.5913239999999984,0.0,0.0,4.042787000000002
2025-04-01 10:00:00,0.48,0.0,0.0,0.48,5.791482,13.5,0.0,0.0,0.0,5.311482
2025-04-01 11:00:00,0.11,0.4597846153846154,0.0,0.5697846153846154,6.020714,13.5,0.0,0.0,0.0,5.450929384615384
2025-04-01 12:00:00,0.11,0.4597846153846154,0.0,0.5697846153846154,5.827823,13.5,0.0,0.0,0.0,5.258038384615385
2025-04-01 13:00:00,0.54,0.4597846153846154,0.0,0.9997846153846155,5.2555309999999995,13.5,0.0,0.0,0.0,4.255746384615384
2025-04-01 14:00:00,1.31,0.0,0.0,1.31,4.305877000000001,13.5,0.0,0.0,0.0,2.9958770000000006
2025-04-01 15:00:00,1.37,0.0,0.0,1.37,3.04155,13.5,0.0,0.0,0.0,1.6715499999999999
2025-04-01 16:00:00,1.14,0.0,0.0,1.14,1.387667,13.5,0.0,0.0,0.0,0.24766700000000008
2025-04-01 17:00:00,0.39,0.0,0.0,0.39,0.21460200000000001,13.324602,0.0,0.175398,0.0,0.0
2025-04-01 18:00:00,0.26,0.0,0.0,0.26,0.0,13.064602,0.0,0.26,0.0,0.0
2025-04-01 19:00:00,0.3,0.0,0.0,0.3,0.0,12.764602,0.0,0.3,0.0,0.0
2025-04-01 20:00:00,0.84,0.0,0.0,0.84,0.0,11.924602,0.0,0.84,0.0,0.0
2025-04-01 21:00:00,0.9,0.0,0.0,0.9,0.0,11.024602,0.0,0.9,0.0,0.0
2025-04-01 22:00:00,0.4599999999999999,0.0,0.0,0.4599999999999999,0.0,10.564602,0.0,0.4599999999999999,0.0,0.0
2025-04-01 23:00:00,0.84,0.0,0.0,0.84,0.0,9.724602,0.0,0.84,0.0,0.0
2025-04-02 00:00:00,0.98,0.0,0.0,0.98,0.0,8.744602,0.0,0.98,0.0,0.0
2025-04-02 01:00:00,1.22,0.0,0.0,1.22,0.0,7.524602000000001,0.0,1.22,0.0,0.0
2025-04-02 02:00:00,0.94,0.0,0.0,0.94,0.0,6.584602,0.0,0.94,0.0,0.0
2025-04-02 03:00:00,1.25,0.0,0.0,1.25,0.0,5.334602,0.0,1.25,0.0,0.0
2025-04-02 04:00:00,0.91,0.0,0.0,0.91,0.0,4.424602,0.0,0.91,0.0,0.0
2025-04-02 05:00:00,1.41,0.0,0.0,1.41,0.0,3.014602,0.0,1.41,0.0,0.0
2025-04-02 06:00:00,1.19,0.0,0.0,1.19,0.13788,1.962482,0.0,1.05212,0.0,0.0
2025-04-02 07:00:00,0.78,0.0,0.0,0.78,0.767501,1.949983,0.0,0.012499000000000038,0.0,0.0
2025-04-02 08:00:00,0.42,0.0,0.0,0.42,3.8399340000000004,5.369917000000001,3.4199340000000005,0.0,0.0,0.0
2025-04-02 09:00:00,0.1,0.0,0.0,0.1,3.956721,9.226638000000001,3.856721,0.0,0.0,0.0
2025-04-02 10:00:00,0.1,0.0,0.0,0.1,4.332807,13.459445000000002,4.232807,0.0,0.0,0.0
2025-04-02 11:00:00,0.1,0.4597846153846154,4.178465384615387,4.7382500000000025,4.778805,13.5,0.040554999999997676,0.0,0.0,0.0
2025-04-02 12:00:00,0.1,0.4597846153846154,3.935565384615385,4.49535,4.49535,13.5,0.0,0.0,0.0,0.0
2025-04-02 13:00:00,0.1,0.4597846153846154,3.4088013846153844,3.9685859999999997,3.9685859999999997,13.5,0.0,0.0,0.0,0.0
2025-04-02 14:00:00,0.11,0.0,3.0534250000000003,3.163425,3.163425,13.5,0.0,0.0,0.0,0.0
2025-04-02 15:00:00,0.11,0.0,1.878642,1.988642,1.988642,13.5,0.0,0.0,0.0,0.0
2025-04-02 16:00:00,0.11,0.0,0.963353,1.073353,1.073353,13.5,0.0,0.0,0.0,0.0
2025-04-02 17:00:00,0.12,0.0,0.19425400000000004,0.31425400000000003,0.31425400000000003,13.5,0.0,0.0,0.0,0.0
2025-04-02 18:00:00,1.2400000000000002,0.0,0.0,1.2400000000000002,0.0,12.26,0.0,1.2400000000000002,0.0,0.0
2025-04-02 19:00:00,0.14,0.0,0.0,0.14,0.0,12.12,0.0,0.14,0.0,0.0
2025-04-02 20:00:00,0.13,0.0,0.0,0.13,0.0,11.989999999999998,0.0,0.13,0.0,0.0
2025-04-02 21:00:00,0.18,0.0,0.0,0.18,0.0,11.809999999999999,0.0,0.18,0.0,0.0
2025-04-02 22:00:00,0.13,0.0,0.0,0.13,0.0,11.679999999999998,0.0,0.13,0.0,0.0
2025-04-02 23:00:00,0.09,0.0,0.0,0.09,0.0,11.589999999999998,0.0,0.09,0.0,0.0
2025-04-03 00:00:00,0.94,0.0,0.0,0.94,0.0,10.649999999999999,0.0,0.94,0.0,0.0
2025-04-03 01:00:00,1.05,0.0,0.0,1.05,0.0,9.599999999999998,0.0,1.05,0.0,0.0
2025-04-03 02:00:00,1.34,0.0,0.0,1.34,0.0,8.259999999999998,0.0,1.34,0.0,0.0
2025-04-03 03:00:00,0.92,0.0,0.0,0.92,0.0,7.339999999999998,0.0,0.92,0.0,0.0
2025-04-03 04:00:00,1.08,0.0,0.0,1.08,0.0,6.259999999999998,0.0,1.08,0.0,0.0
2025-04-03 05:00:00,1.03,0.0,0.0,1.03,0.0,5.229999999999998,0.0,1.03,0.0,0.0
2025-04-03 06:00:00,1.08,0.0,0.0,1.08,0.048005000000000006,4.1980049999999975,0.0,1.031995,0.0,0.0
2025-04-03 07:00:00,1.13,0.0,0.0,1.13,1.644831,4.712835999999998,0.514831,0.0,0.0,0.0
2025-04-03 08:00:00,0.16,0.0,0.0,0.16,2.9602150000000003,7.513050999999997,2.800215,0.0,0.0,0.0
2025-04-03 09:00:00,0.16,0.0,0.0,0.16,3.509574,10.862624999999998,3.349574,0.0,0.0,0.0
2025-04-03 10:00:00,0.14,0.0,0.0,0.14,4.775784,13.5,2.6373750000000022,0.0,0.0,1.9984089999999979
2025-04-03 11:00:00,0.14,0.4597846153846154,0.0,0.5997846153846154,4.751143,13.5,0.0,0.0,0.0,4.151358384615385
2025-04-03 12:00:00,0.16,0.4597846153846154,0.0,0.6197846153846154,5.399578,13.5,0.0,0.0,0.0,4.779793384615385
2025-04-03 13:00:00,0.25,0.4597846153846154,0.0,0.7097846153846155,4.101751,13.5,0.0,0.0,0.0,3.391966384615385
2025-04-03 14:00:00,0.19,0.0,0.0,0.19,4.004222,13.5,0.0,0.0,0.0,3.8142220000000004
2025-04-03 15:00:00,0.18,0.0,0.0,0.18,1.335814,13.5,0.0,0.0,0.0,1.1558140000000001
2025-04-03 16:00:00,0.14,0.0,0.0,0.14,0.539226,13.5,0.0,0.0,0.0,0.39922599999999997
2025-04-03 17:00:00,0.11,0.0,0.0,0.11,0.27107299999999995,13.5,0.0,0.0,0.0,0.16107299999999997
2025-04-03 18:00:00,0.36,0.0,0.0,0.36,0.0,13.14,0.0,0.36,0.0,0.0
2025-04-03 19:00:00,0.15,0.0,0.0,0.15,0.0,12.99,0.0,0.15,0.0,0.0
2025-04-03 20:00:00,0.18,0.0,0.0,0.18,0.0,12.81,0.0,0.18,0.0,0.0
2025-04-03 21:00:00,0.16,0.0,0.0,0.16,0.0,12.65,0.0,0.16,0.0,0.0
2025-04-03 22:00:00,0.11,0.0,0.0,0.11,0.0,12.540000000000001,0.0,0.11,0.0,0.0
2025-04-03 23:00:00,0.12,0.0,0.0,0.12,0.0,12.420000000000002,0.0,0.12,0.0,0.0
2025-04-04 00:00:00,0.1,0.0,0.0,0.1,0.0,12.320000000000002,0.0,0.1,0.0,0.0
2025-04-04 01:00:00,0.6000000000000001,0.0,0.0,0.6000000000000001,0.0,11.720000000000002,0.0,0.6000000000000001,0.0,0.0
2025-04-04 02:00:00,0.92,0.0,0.0,0.92,0.0,10.800000000000002,0.0,0.92,0.0,0.0
2025-04-04 03:00:00,0.86,0.0,0.0,0.86,0.0,9.940000000000003,0.0,0.86,0.0,0.0
2025-04-04 04:00:00,0.98,0.0,0.0,0.98,0.0,8.960000000000003,0.0,0.98,0.0,0.0
2025-04-04 05:00:00,1.12,0.0,0.0,1.12,0.0,7.8400000000000025,0.0,1.12,0.0,0.0
2025-04-04 06:00:00,1.04,0.0,0.0,1.04,0.755591,7.555591000000002,0.0,0.284409,0.0,0.0
2025-04-04 07:00:00,0.52,0.0,0.0,0.52,2.664149,9.699740000000002,2.144149,0.0,0.0,0.0
2025-04-04 08:00:00,0.41,0.0,0.0,0.41,4.160538,13.450278,3.7505379999999997,0.0,0.0,0.0
2025-04-04 09:00:00,0.09,0.0,5.082921000000001,5.1729210000000005,5.222643,13.5,0.049721999999999156,0.0,0.0,0.0
2025-04-04 10:00:00,0.1,0.0,5.760314000000001,5.860314000000001,5.860314000000001,13.5,0.0,0.0,0.0,0.0
2025-04-04 11:00:00,0.1,0.4552769230769231,5.572901076923077,6.128178,6.128178,13.5,0.0,0.0,0.0,0.0
2025-04-04 12:00:00,0.09,0.4552769230769231,5.430555076923078,5.9758320000000005,5.9758320000000005,13.5,0.0,0.0,0.0,0.0
2025-04-04 13:00:00,0.11,0.4552769230769231,4.842601076923076,5.407877999999999,5.407877999999999,13.5,0.0,0.0,0.0,0.0
2025-04-04 14:00:00,0.12,0.0,1.6982016153846118,1.818201615384612,4.436669,13.5,0.0,0.0,0.0,2.6184673846153883
2025-04-04 15:00:00,0.19,0.0,0.0,0.19,3.135116,13.5,0.0,0.0,0.0,2.945116
2025-04-04 16:00:00,0.18,0.0,0.0,0.18,1.439495,13.5,0.0,0.0,0.0,1.259495
2025-04-04 17:00:00,0.15,0.0,0.0,0.15,0.244263,13.5,0.0,0.0,0.0,0.09426300000000001
2025-04-04 18:00:00,0.41,0.0,0.0,0.41,0.0,13.09,0.0,0.41,0.0,0.0
2025-04-04 19:00:00,0.26,0.0,0.0,0.26,0.0,12.83,0.0,0.26,0.0,0.0
2025-04-04 20:00:00,0.24,0.0,0.0,0.24,0.0,12.59,0.0,0.24,0.0,0.0
2025-04-04 21:00:00,0.74,0.0,0.0,0.74,0.0,11.85,0.0,0.74,0.0,0.0
2025-04-04 22:00:00,0.1,0.0,0.0,0.1,0.0,11.75,0.0,0.1,0.0,0.0
2025-04-04 23:00:00,0.1,0.0,0.0,0.1,0.0,11.65,0.0,0.1,0.0,0.0
2025-04-05 00:00:00,0.1,0.0,0.0,0.1,0.0,11.55,0.0,0.1,0.0,0.0
2025-04-05 01:00:00,0.1,0.0,0.0,0.1,0.0,11.450000000000001,0.0,0.1,0.0,0.0
2025-04-05 02:00:00,0.1,0.0,0.0,0.1,0.0,11.350000000000001,0.0,0.1,0.0,0.0
2025-04-05 03:00:00,0.1,0.0,0.0,0.1,0.0,11.250000000000002,0.0,0.1,0.0,0.0
2025-04-05 04:00:00,0.22,0.0,0.0,0.22,0.0,11.030000000000001,0.0,0.22,0.0,0.0
2025-04-05 05:00:00,0.8200000000000001,0.0,0.0,0.8200000000000001,0.0,10.21,0.0,0.8200000000000001,0.0,0.0
2025-04-05 06:00:00,0.58,0.0,0.0,0.58,0.8566849999999999,10.486685000000001,0.27668499999999996,0.0,0.0,0.0
2025-04-05 07:00:00,0.93,0.0,0.0,0.93,2.793488,12.350173000000002,1.8634879999999998,0.0,0.0,0.0
2025-04-05 08:00:00,0.33,0.0,0.0,0.33,4.3034989999999995,13.5,1.1498269999999984,0.0,0.0,2.823672000000001
2025-04-05 09:00:00,0.5900000000000001,0.0,0.0,0.5900000000000001,5.341654999999999,13.5,0.0,0.0,0.0,4.7516549999999995
2025-04-05 10:00:00,0.35,0.0,0.0,0.35,5.987247999999999,13.5,0.0,0.0,0.0,5.637248
2025-04-05 11:00:00,0.1,0.4552769230769231,0.0,0.5552769230769231,6.18579,13.5,0.0,0.0,0.0,5.6305130769230765
2025-04-05 12:00:00,0.12,0.4552769230769231,0.0,0.575276923076923,5.992895000000001,13.5,0.0,0.0,0.0,5.417618076923078
2025-04-05 13:00:00,0.12,0.4552769230769231,0.0,0.575276923076923,5.360606,13.5,0.0,0.0,0.0,4.785329076923077
2025-04-05 14:00:00,0.14,0.0,0.0,0.14,4.391948,13.5,0.0,0.0,0.0,4.2519480000000005
2025-04-05 15:00:00,0.86,0.0,0.0,0.86,3.107386,13.5,0.0,0.0,0.0,2.247386
2025-04-05 16:00:00,2.22,0.0,0.0,2.22,1.430854,12.710854,0.0,0.7891460000000001,0.0,0.0
2025-04-05 17:00:00,1.58,0.0,0.0,1.58,0.254772,11.385625999999998,0.0,1.325228,0.0,0.0
2025-04-05 18:00:00,2.17,0.0,0.0,2.17,0.0,9.215625999999999,0.0,2.17,0.0,0.0
2025-04-05 19:00:00,0.65,0.0,0.0,0.65,0.0,8.565625999999998,0.0,0.65,0.0,0.0
2025-04-05 20:00:00,0.49,0.0,0.0,0.49,0.0,8.075625999999998,0.0,0.49,0.0,0.0
2025-04-05 21:00:00,0.21,0.0,0.0,0.21,0.0,7.865625999999998,0.0,0.21,0.0,0.0
2025-04-05 22:00:00,0.14,0.0,0.0,0.14,0.0,7.725625999999998,0.0,0.14,0.0,0.0
2025-04-05 23:00:00,0.12,0.0,0.0,0.12,0.0,7.605625999999998,0.0,0.12,0.0,0.0
2025-04-06 00:00:00,0.1,0.0,0.0,0.1,0.0,7.505625999999999,0.0,0.1,0.0,0.0
2025-04-06 01:00:00,0.1,0.0,0.0,0.1,0.0,7.405625999999999,0.0,0.1,0.0,0.0
2025-04-06 02:00:00,0.1699999999999999,0.0,0.0,0.1699999999999999,0.0,7.235625999999999,0.0,0.1699999999999999,0.0,0.0
2025-04-06 03:00:00,0.91,0.0,0.0,0.91,0.0,6.325625999999999,0.0,0.91,0.0,0.0
2025-04-06 04:00:00,0.48,0.0,0.0,0.48,0.0,5.845625999999999,0.0,0.48,0.0,0.0
2025-04-06 05:00:00,0.94,0.0,0.0,0.94,0.0,4.905626,0.0,0.94,0.0,0.0
2025-04-06 06:00:00,0.81,0.0,0.0,0.81,0.789728,4.8853539999999995,0.0,0.020272000000000068,0.0,0.0
2025-04-06 07:00:00,0.53,0.0,0.0,0.53,2.6348380000000002,6.9901919999999995,2.104838,0.0,0.0,0.0
2025-04-06 08:00:00,0.45,0.0,0.0,0.45,4.062612,10.602803999999999,3.6126119999999995,0.0,0.0,0.0
2025-04-06 09:00:00,0.1,0.0,0.0,0.1,5.039149999999999,13.5,2.897196000000001,0.0,0.0,2.0419539999999987
2025-04-06 10:00:00,0.11,0.0,0.0,0.11,5.636711,13.5,0.0,0.0,0.0,5.526711
2025-04-06 11:00:00,0.36,0.4552769230769231,0.0,0.815276923076923,5.7868580000000005,13.5,0.0,0.0,0.0,4.971581076923077
2025-04-06 12:00:00,0.21,0.4552769230769231,0.0,0.6652769230769231,5.657896,13.5,0.0,0.0,0.0,4.992619076923077
2025-04-06 13:00:00,0.21,0.4552769230769231,0.0,0.6652769230769231,5.137223,13.5,0.0,0.0,0.0,4.471946076923077
2025-04-06 14:00:00,0.14,0.0,0.0,0.14,4.270796000000001,13.5,0.0,0.0,0.0,4.130796000000001
2025-04-06 15:00:00,0.21,0.0,0.0,0.21,3.029598,13.5,0.0,0.0,0.0,2.819598
2025-04-06 16:00:00,0.11,0.0,0.0,0.11,1.419981,13.5,0.0,0.0,0.0,1.3099809999999998
2025-04-06 17:00:00,0.91,0.0,0.0,0.91,0.23788499999999999,12.827885,0.0,0.672115,0.0,0.0
2025-04-06 18:00:00,2.5,0.0,0.0,2.5,0.0,10.327885,0.0,2.5,0.0,0.0
2025-04-06 19:00:00,0.22,0.0,0.0,0.22,0.0,10.107885,0.0,0.22,0.0,0.0
2025-04-06 20:00:00,0.19,0.0,0.0,0.19,0.0,9.917885,0.0,0.19,0.0,0.0
2025-04-06 21:00:00,0.16,0.0,0.0,0.16,0.0,9.757885,0.0,0.16,0.0,0.0
2025-04-06 22:00:00,0.13,0.0,0.0,0.13,0.0,9.627885,0.0,0.13,0.0,0.0
2025-04-06 23:00:00,0.1,0.0,0.0,0.1,0.0,9.527885,0.0,0.1,0.0,0.0
2025-04-07 00:00:00,0.1,0.0,0.0,0.1,0.0,9.427885,0.0,0.1,0.0,0.0
2025-04-07 01:00:00,0.1,0.0,0.0,0.1,0.0,9.327885,0.0,0.1,0.0,0.0
2025-04-07 02:00:00,0.1,0.0,0.0,0.1,0.0,9.227885,0.0,0.1,0.0,0.0
2025-04-07 03:00:00,0.1,0.0,0.0,0.1,0.0,9.127885000000001,0.0,0.1,0.0,0.0
2025-04-07 04:00:00,0.1,0.0,0.0,0.1,0.0,9.027885000000001,0.0,0.1,0.0,0.0
2025-04-07 05:00:00,0.1,0.0,0.0,0.1,0.0,8.927885000000002,0.0,0.1,0.0,0.0
2025-04-07 06:00:00,0.25,0.0,0.0,0.25,0.44499,9.122875000000002,0.19499,0.0,0.0,0.0
2025-04-07 07:00:00,0.4,0.0,0.0,0.4,1.670846,10.393721000000003,1.2708460000000001,0.0,0.0,0.0
2025-04-07 08:00:00,0.49,0.0,0.0,0.49,3.799772,13.5,3.106278999999997,0.0,0.0,0.2034930000000026
2025-04-07 09:00:00,0.18,0.0,0.0,0.18,3.949878,13.5,0.0,0.0,0.0,3.769878
2025-04-07 10:00:00,0.14,0.0,0.0,0.14,5.297754,13.5,0.0,0.0,0.0,5.157754000000001
2025-04-07 11:00:00,0.14,0.4552769230769231,0.0,0.595276923076923,4.849714,13.5,0.0,0.0,0.0,4.254437076923077
2025-04-07 12:00:00,0.22,0.4552769230769231,0.0,0.6752769230769231,5.485113,13.5,0.0,0.0,0.0,4.809836076923077
2025-04-07 13:00:00,0.1699999999999999,0.4552769230769231,0.0,0.625276923076923,4.992198999999999,13.5,0.0,0.0,0.0,4.3669220769230765
2025-04-07 14:00:00,0.18,0.0,0.0,0.18,4.147524000000001,13.5,0.0,0.0,0.0,3.9675240000000005
2025-04-07 15:00:00,0.15,0.0,0.0,0.15,2.7043690000000002,13.5,0.0,0.0,0.0,2.5543690000000003
2025-04-07 16:00:00,0.13,0.0,0.0,0.13,1.1779819999999999,13.5,0.0,0.0,0.0,1.0479819999999997
2025-04-07 17:00:00,0.4499999999999999,0.0,0.0,0.4499999999999999,0.315642,13.365642,0.0,0.13435799999999992,0.0,0.0
2025-04-07 18:00:00,2.16,0.0,0.0,2.16,0.0,11.205642,0.0,2.16,0.0,0.0
2025-04-07 19:00:00,0.2,0.0,0.0,0.2,0.0,11.005642,0.0,0.2,0.0,0.0
2025-04-07 20:00:00,0.19,0.0,0.0,0.19,0.0,10.815642,0.0,0.19,0.0,0.0
2025-04-07 21:00:00,0.16,0.0,0.0,0.16,0.0,10.655642,0.0,0.16,0.0,0.0
2025-04-07 22:00:00,0.14,0.0,0.0,0.14,0.0,10.515642,0.0,0.14,0.0,0.0
2025-04-07 23:00:00,0.1,0.0,0.0,0.1,0.0,10.415642,0.0,0.1,0.0,0.0
2025-04-08 00:00:00,0.1,0.0,0.0,0.1,0.0,10.315642,0.0,0.1,0.0,0.0
2025-04-08 01:00:00,0.11,0.0,0.0,0.11,0.0,10.205642000000001,0.0,0.11,0.0,0.0
2025-04-08 02:00:00,0.41,0.0,0.0,0.41,0.0,9.795642,0.0,0.41,0.0,0.0
2025-04-08 03:00:00,0.48,0.0,0.0,0.48,0.0,9.315642,0.0,0.48,0.0,0.0
2025-04-08 04:00:00,0.57,0.0,0.0,0.57,0.0,8.745642,0.0,0.57,0.0,0.0
2025-04-08 05:00:00,0.77,0.0,0.0,0.77,0.0,7.975642000000001,0.0,0.77,0.0,0.0
2025-04-08 06:00:00,0.5800000000000001,0.0,0.0,0.5800000000000001,0.21762600000000001,7.613268000000001,0.0,0.3623740000000001,0.0,0.0
2025-04-08 07:00:00,0.2299999999999999,0.0,0.0,0.2299999999999999,2.5317350000000003,9.915003,2.3017350000000003,0.0,0.0,0.0
2025-04-08 08:00:00,0.45,0.0,0.0,0.45,3.90057,13.365573000000001,3.45057,0.0,0.0,0.0
2025-04-08 09:00:00,0.1,0.0,0.0,0.1,3.991299,13.5,0.13442699999999874,0.0,0.0,3.7568720000000013
2025-04-08 10:00:00,0.1,0.0,0.0,0.1,4.905659,13.5,0.0,0.0,0.0,4.805659
2025-04-08 11:00:00,0.1,0.9105538461538464,0.0,1.0105538461538464,4.828713,13.5,0.0,0.0,0.0,3.8181591538461532
2025-04-08 12:00:00,0.1,0.9105538461538464,0.0,1.0105538461538464,4.674293,13.5,0.0,0.0,0.0,3.6637391538461532
2025-04-08 13:00:00,0.1,0.9105538461538464,0.0,1.0105538461538464,4.357164,13.5,0.0,0.0,0.0,3.3466101538461537
2025-04-08 14:00:00,0.2,0.0,0.0,0.2,3.183976,13.5,0.0,0.0,0.0,2.9839759999999997
2025-04-08 15:00:00,0.12,0.0,0.0,0.12,1.4978479999999998,13.5,0.0,0.0,0.0,1.3778479999999997
2025-04-08 16:00:00,0.11,0.0,0.0,0.11,1.256963,13.5,0.0,0.0,0.0,1.146963
2025-04-08 17:00:00,1.31,0.0,0.0,1.31,0.356823,12.546823,0.0,0.953177,0.0,0.0
2025-04-08 18:00:00,0.84,0.0,0.0,0.84,0.0,11.706823,0.0,0.84,0.0,0.0
2025-04-08 19:00:00,0.32,0.0,0.0,0.32,0.0,11.386823,0.0,0.32,0.0,0.0
2025-04-08 20:00:00,0.26,0.0,0.0,0.26,0.0,11.126823,0.0,0.26,0.0,0.0
2025-04-08 21:00:00,0.2,0.0,0.0,0.2,0.0,10.926823,0.0,0.2,0.0,0.0
2025-04-08 22:00:00,0.14,0.0,0.0,0.14,0.0,10.786823,0.0,0.14,0.0,0.0
2025-04-08 23:00:00,0.11,0.0,0.0,0.11,0.0,10.676823,0.0,0.11,0.0,0.0
2025-04-09 00:00:00,0.11,0.0,0.0,0.11,0.0,10.566823000000001,0.0,0.11,0.0,0.0
2025-04-09 01:00:00,0.1,0.0,0.0,0.1,0.0,10.466823000000002,0.0,0.1,0.0,0.0
2025-04-09 02:00:00,0.11,0.0,0.0,0.11,0.0,10.356823000000002,0.0,0.11,0.0,0.0
2025-04-09 03:00:00,0.1,0.0,0.0,0.1,0.0,10.256823000000002,0.0,0.1,0.0,0.0
2025-04-09 04:00:00,0.47,0.0,0.0,0.47,0.0,9.786823000000002,0.0,0.47,0.0,0.0
2025-04-09 05:00:00,0.78,0.0,0.0,0.78,0.0,9.006823000000002,0.0,0.78,0.0,0.0
2025-04-09 06:00:00,0.6699999999999999,0.0,0.0,0.6699999999999999,0.11563,8.452453000000002,0.0,0.5543699999999999,0.0,0.0
2025-04-09 07:00:00,0.5399999999999999,0.0,0.0,0.5399999999999999,0.861839,8.774292000000003,0.3218390000000001,0.0,0.0,0.0
2025-04-09 08:00:00,0.59,0.0,0.0,0.59,3.051609,11.235901000000002,2.461609,0.0,0.0,0.0
2025-04-09 09:00:00,0.96,0.0,0.7883880000000021,1.748388000000002,4.012487,13.5,2.264098999999998,0.0,0.0,0.0
2025-04-09 10:00:00,0.79,0.0,3.5870319999999998,4.377032,4.377032,13.5,0.0,0.0,0.0,0.0
2025-04-09 11:00:00,0.73,0.9105538461538464,2.8330361538461535,4.47359,4.47359,13.5,0.0,0.0,0.0,0.0
2025-04-09 12:00:00,0.6,0.9105538461538464,2.619676153846153,4.130229999999999,4.130229999999999,13.5,0.0,0.0,0.0,0.0
2025-04-09 13:00:00,0.37,0.9105538461538464,2.416130153846154,3.6966840000000003,3.6966840000000003,13.5,0.0,0.0,0.0,0.0
2025-04-09 14:00:00,0.16,0.0,3.030387,3.1903870000000003,3.1903870000000003,13.5,0.0,0.0,0.0,0.0
2025-04-09 15:00:00,0.15,0.0,1.398339,1.548339,1.548339,13.5,0.0,0.0,0.0,0.0
2025-04-09 16:00:00,0.14,0.0,1.0446690000000003,1.1846690000000004,1.1846690000000002,13.5,0.0,0.0,0.0,0.0
2025-04-09 17:00:00,0.12,0.0,0.22461599999999998,0.344616,0.344616,13.5,0.0,0.0,0.0,0.0
2025-04-09 18:00:00,0.12,0.0,0.0,0.12,0.0,13.38,0.0,0.12,0.0,0.0
2025-04-09 19:00:00,0.29,0.0,0.0,0.29,0.0,13.090000000000002,0.0,0.29,0.0,0.0
2025-04-09 20:00:00,0.29,0.0,0.0,0.29,0.0,12.800000000000002,0.0,0.29,0.0,0.0
2025-04-09 21:00:00,0.27,0.0,0.0,0.27,0.0,12.530000000000003,0.0,0.27,0.0,0.0
2025-04-09 22:00:00,0.17,0.0,0.0,0.17,0.0,12.360000000000003,0.0,0.17,0.0,0.0
2025-04-09 23:00:00,0.11,0.0,0.0,0.11,0.0,12.250000000000004,0.0,0.11,0.0,0.0
2025-04-10 00:00:00,0.1,0.0,0.0,0.1,0.0,12.150000000000004,0.0,0.1,0.0,0.0
2025-04-10 01:00:00,0.1,0.0,0.0,0.1,0.0,12.050000000000004,0.0,0.1,0.0,0.0
2025-04-10 02:00:00,0.1,0.0,0.0,0.1,0.0,11.950000000000005,0.0,0.1,0.0,0.0
2025-04-10 03:00:00,0.12,0.0,0.0,0.12,0.0,11.830000000000005,0.0,0.12,0.0,0.0
2025-04-10 04:00:00,0.1,0.0,0.0,0.1,0.0,11.730000000000006,0.0,0.1,0.0,0.0
2025-04-10 05:00:00,0.11,0.0,0.0,0.11,0.0,11.620000000000006,0.0,0.11,0.0,0.0
2025-04-10 06:00:00,0.31,0.0,0.0,0.31,0.089306,11.399306000000006,0.0,0.220694,0.0,0.0
2025-04-10 07:00:00,0.77,0.0,0.0,0.77,0.5225420000000001,11.151848000000006,0.0,0.24745799999999996,0.0,0.0
2025-04-10 08:00:00,0.19,0.0,0.0,0.19,0.415658,11.377506000000006,0.22565800000000003,0.0,0.0,0.0
2025-04-10 09:00:00,0.7300000000000001,0.0,0.0,0.7300000000000001,0.384856,11.032362000000006,0.0,0.3451440000000001,0.0,0.0
2025-04-10 10:00:00,0.2,0.0,0.0,0.2,0.261964,11.094326000000006,0.061963999999999964,0.0,0.0,0.0
2025-04-10 11:00:00,0.18,0.6070358974358975,0.0,0.7870358974358975,0.704509,11.011799102564108,0.0,0.08252689743589747,0.0,0.0
2025-04-10 12:00:00,0.18,0.6070358974358975,0.0,0.7870358974358975,0.7352839999999999,10.96004720512821,0.0,0.05175189743589759,0.0,0.0
2025-04-10 13:00:00,0.18,0.6070358974358975,0.0,0.7870358974358975,0.978163,11.151174307692314,0.19112710256410248,0.0,0.0,0.0
2025-04-10 14:00:00,0.18,0.0,0.0,0.18,0.87022,11.841394307692314,0.6902200000000001,0.0,0.0,0.0
2025-04-10 15:00:00,0.18,0.0,0.0,0.18,0.501724,12.163118307692313,0.32172399999999995,0.0,0.0,0.0
2025-04-10 16:00:00,0.12,0.0,0.0,0.12,0.48274,12.525858307692314,0.36274,0.0,0.0,0.0
2025-04-10 17:00:00,0.86,0.0,0.0,0.86,0.050825,11.716683307692314,0.0,0.809175,0.0,0.0
2025-04-10 18:00:00,1.61,0.0,0.0,1.61,0.0,10.106683307692315,0.0,1.61,0.0,0.0
2025-04-10 19:00:00,0.17,0.0,0.0,0.17,0.0,9.936683307692315,0.0,0.17,0.0,0.0
2025-04-10 20:00:00,0.18,0.0,0.0,0.18,0.0,9.756683307692315,0.0,0.18,0.0,0.0
2025-04-10 21:00:00,0.17,0.0,0.0,0.17,0.0,9.586683307692315,0.0,0.17,0.0,0.0
2025-04-10 22:00:00,0.25,0.0,0.0,0.25,0.0,9.336683307692315,0.0,0.25,0.0,0.0
2025-04-10 23:00:00,0.13,0.0,0.0,0.13,0.0,9.206683307692314,0.0,0.13,0.0,0.0
2025-04-11 00:00:00,0.11,0.0,0.0,0.11,0.0,9.096683307692315,0.0,0.11,0.0,0.0
2025-04-11 01:00:00,0.11,0.0,0.0,0.11,0.0,8.986683307692315,0.0,0.11,0.0,0.0
2025-04-11 02:00:00,0.1,0.0,0.0,0.1,0.0,8.886683307692316,0.0,0.1,0.0,0.0
2025-04-11 03:00:00,0.1,0.0,0.0,0.1,0.0,8.786683307692316,0.0,0.1,0.0,0.0
2025-04-11 04:00:00,0.1,0.0,0.0,0.1,0.0,8.686683307692316,0.0,0.1,0.0,0.0
2025-04-11 05:00:00,0.1,0.0,0.0,0.1,0.0,8.586683307692317,0.0,0.1,0.0,0.0
2025-04-11 06:00:00,0.13,0.0,0.0,0.13,0.996732,9.453415307692318,0.866732,0.0,0.0,0.0
2025-04-11 07:00:00,0.65,0.0,0.0,0.65,2.77328,11.576695307692319,2.1232800000000003,0.0,0.0,0.0
2025-04-11 08:00:00,0.17,0.0,2.0756753076923182,2.245675307692318,4.1689799999999995,13.5,1.9233046923076813,0.0,0.0,0.0
2025-04-11 09:00:00,0.16,0.0,4.9876689999999995,5.147669,5.147669,13.5,0.0,0.0,0.0,0.0
2025-04-11 10:00:00,0.59,0.0,3.3807080000000003,3.970708,3.970708,13.5,0.0,0.0,0.0,0.0
2025-04-11 11:00:00,0.17,0.6070358974358975,3.570022102564102,4.347058,4.347058,13.5,0.0,0.0,0.0,0.0
2025-04-11 12:00:00,0.12,0.6070358974358975,3.3235231025641023,4.050559,4.050559,13.5,0.0,0.0,0.0,0.0
2025-04-11 13:00:00,1.19,0.6070358974358975,1.895346102564103,3.6923820000000003,3.6923820000000003,13.5,0.0,0.0,0.0,0.0
2025-04-11 14:00:00,4.14,0.0,0.0,4.14,2.4148020000000003,11.774802000000001,0.0,1.7251979999999993,0.0,0.0
2025-04-11 15:00:00,1.5,0.0,0.0,1.5,2.055434,12.330236000000001,0.555434,0.0,0.0,0.0
2025-04-11 16:00:00,1.1,0.0,0.0,1.1,1.205088,12.435324000000001,0.10508799999999985,0.0,0.0,0.0
2025-04-11 17:00:00,1.23,0.0,0.0,1.23,0.219721,11.425045,0.0,1.010279,0.0,0.0
2025-04-11 18:00:00,1.24,0.0,0.0,1.24,0.0069900000000000006,10.192035,0.0,1.23301,0.0,0.0
2025-04-11 19:00:00,1.37,0.0,0.0,1.37,0.0,8.822035,0.0,1.37,0.0,0.0
2025-04-11 20:00:00,2.0,0.0,0.0,2.0,0.0,6.822035,0.0,2.0,0.0,0.0
2025-04-11 21:00:00,2.73,0.0,0.0,2.73,0.0,4.092034999999999,0.0,2.73,0.0,0.0
2025-04-11 22:00:00,1.74,0.0,0.0,1.74,0.0,2.352034999999999,0.0,1.74,0.0,0.0
2025-04-11 23:00:00,1.98,0.0,0.0,1.98,0.0,0.372034999999999,0.0,1.98,0.0,0.0
2025-04-12 00:00:00,1.46,0.0,0.0,1.46,0.0,0.0,0.0,0.372034999999999,1.087965000000001,0.0
2025-04-12 01:00:00,1.89,0.0,0.0,1.89,0.0,0.0,0.0,0.0,1.89,0.0
2025-04-12 02:00:00,1.23,0.0,0.0,1.23,0.0,0.0,0.0,0.0,1.23,0.0
2025-04-12 03:00:00,1.07,0.0,0.0,1.07,0.0,0.0,0.0,0.0,1.07,0.0
2025-04-12 04:00:00,1.41,0.0,0.0,1.41,0.0,0.0,0.0,0.0,1.41,0.0
2025-04-12 05:00:00,1.89,0.0,0.0,1.89,0.0,0.0,0.0,0.0,1.89,0.0
2025-04-12 06:00:00,2.06,0.0,0.0,2.06,0.859446,0.0,0.0,0.0,1.200554,0.0
2025-04-12 07:00:00,1.1,0.0,0.0,1.1,2.608341,1.5083409999999997,1.5083409999999997,0.0,0.0,0.0
2025-04-12 08:00:00,0.11,0.0,0.0,0.11,1.3273309999999998,2.7256719999999994,1.2173309999999997,0.0,0.0,0.0
2025-04-12 09:00:00,0.11,0.0,0.0,0.11,5.0637550000000005,7.679427,4.953755,0.0,0.0,0.0
2025-04-12 10:00:00,0.47,0.0,0.0,0.47,4.600703,11.810130000000001,4.1307030000000005,0.0,0.0,0.0
2025-04-12 11:00:00,0.11,0.6070358974358975,1.4617971025641037,2.178833000000001,3.868703,13.5,1.689869999999999,0.0,0.0,0.0
2025-04-12 12:00:00,0.27,0.6070358974358975,2.2502521025641027,3.127288,3.127288,13.5,0.0,0.0,0.0,0.0
2025-04-12 13:00:00,0.46,0.6070358974358975,1.6040311025641023,2.671067,2.671067,13.5,0.0,0.0,0.0,0.0
2025-04-12 14:00:00,0.37,0.0,1.4125459999999999,1.782546,1.782546,13.5,0.0,0.0,0.0,0.0
2025-04-12 15:00:00,0.23,0.0,1.051932,1.281932,1.281932,13.5,0.0,0.0,0.0,0.0
2025-04-12 16:00:00,0.21,0.0,0.26238700000000004,0.472387,0.472387,13.5,0.0,0.0,0.0,0.0
2025-04-12 17:00:00,0.21,0.0,0.16565100000000002,0.375651,0.375651,13.5,0.0,0.0,0.0,0.0
2025-04-12 18:00:00,2.88,0.0,0.0,2.88,0.0,10.620000000000001,0.0,2.88,0.0,0.0
2025-04-12 19:00:00,0.33,0.0,0.0,0.33,0.0,10.290000000000001,0.0,0.33,0.0,0.0
2025-04-12 20:00:00,0.8,0.0,0.0,0.8,0.0,9.49,0.0,0.8,0.0,0.0
2025-04-12 21:00:00,0.41,0.0,0.0,0.41,0.0,9.08,0.0,0.41,0.0,0.0
2025-04-12 22:00:00,0.6,0.0,0.0,0.6,0.0,8.48,0.0,0.6,0.0,0.0
2025-04-12 23:00:00,1.62,0.0,0.0,1.62,0.0,6.86,0.0,1.62,0.0,0.0
2025-04-13 00:00:00,1.12,0.0,0.0,1.12,0.0,5.74,0.0,1.12,0.0,0.0
2025-04-13 01:00:00,1.04,0.0,0.0,1.04,0.0,4.7,0.0,1.04,0.0,0.0
2025-04-13 02:00:00,0.93,0.0,0.0,0.93,0.0,3.77,0.0,0.93,0.0,0.0
2025-04-13 03:00:00,0.53,0.0,0.0,0.53,0.0,3.24,0.0,0.53,0.0,0.0
2025-04-13 04:00:00,0.1,0.0,0.0,0.1,0.0,3.14,0.0,0.1,0.0,0.0
2025-04-13 05:00:00,0.48,0.0,0.0,0.48,0.0,2.66,0.0,0.48,0.0,0.0
2025-04-13 06:00:00,0.85,0.0,0.0,0.85,0.337598,2.1475980000000003,0.0,0.512402,0.0,0.0
2025-04-13 07:00:00,0.68,0.0,0.0,0.68,2.644402,4.112,1.9644019999999998,0.0,0.0,0.0
2025-04-13 08:00:00,0.1999999999999999,0.0,0.0,0.1999999999999999,4.030567,7.942567,3.830567,0.0,0.0,0.0
2025-04-13 09:00:00,0.14,0.0,0.0,0.14,5.0706750000000005,12.873242000000001,4.930675000000001,0.0,0.0,0.0
2025-04-13 10:00:00,0.51,0.0,0.6161866153846063,1.1261866153846063,4.580353,13.5,0.6267579999999988,0.0,0.0,2.827408384615395
2025-04-13 11:00:00,0.46,0.6070358974358975,0.0,1.0670358974358976,5.991675,13.5,0.0,0.0,0.0,4.924639102564102
2025-04-13 12:00:00,0.38,0.6070358974358975,0.0,0.9870358974358975,5.832174,13.5,0.0,0.0,0.0,4.8451381025641025
2025-04-13 13:00:00,0.63,0.6070358974358975,0.0,1.2370358974358975,5.252886999999999,13.5,0.0,0.0,0.0,4.015851102564102
2025-04-13 14:00:00,0.56,0.0,0.0,0.56,4.326732,13.5,0.0,0.0,0.0,3.7667319999999997
2025-04-13 15:00:00,0.16,0.0,0.0,0.16,3.041071,13.5,0.0,0.0,0.0,2.881071
2025-04-13 16:00:00,0.12,0.0,0.0,0.12,1.4088150000000002,13.5,0.0,0.0,0.0,1.288815
2025-04-13 17:00:00,0.14,0.0,0.0,0.14,0.25068199999999996,13.5,0.0,0.0,0.0,0.11068199999999995
2025-04-13 18:00:00,0.1699999999999999,0.0,0.0,0.1699999999999999,0.017559,13.347559,0.0,0.1524409999999999,0.0,0.0
2025-04-13 19:00:00,0.2,0.0,0.0,0.2,0.0,13.147559000000001,0.0,0.2,0.0,0.0
2025-04-13 20:00:00,0.14,0.0,0.0,0.14,0.0,13.007559,0.0,0.14,0.0,0.0
2025-04-13 21:00:00,0.16,0.0,0.0,0.16,0.0,12.847559,0.0,0.16,0.0,0.0
2025-04-13 22:00:00,0.95,0.0,0.0,0.95,0.0,11.897559000000001,0.0,0.95,0.0,0.0
2025-04-13 23:00:00,0.15,0.0,0.0,0.15,0.0,11.747559,0.0,0.15,0.0,0.0
2025-04-14 00:00:00,0.11,0.0,0.0,0.11,0.0,11.637559000000001,0.0,0.11,0.0,0.0
2025-04-14 01:00:00,0.1,0.0,0.0,0.1,0.0,11.537559000000002,0.0,0.1,0.0,0.0
2025-04-14 02:00:00,0.11,0.0,0.0,0.11,0.0,11.427559000000002,0.0,0.11,0.0,0.0
2025-04-14 03:00:00,0.1,0.0,0.0,0.1,0.0,11.327559000000003,0.0,0.1,0.0,0.0
2025-04-14 04:00:00,0.11,0.0,0.0,0.11,0.0,11.217559000000003,0.0,0.11,0.0,0.0
2025-04-14 05:00:00,0.6300000000000001,0.0,0.0,0.6300000000000001,0.0,10.587559000000002,0.0,0.6300000000000001,0.0,0.0
2025-04-14 06:00:00,0.86,0.0,0.0,0.86,1.126894,10.854453000000003,0.2668940000000001,0.0,0.0,0.0
2025-04-14 07:00:00,0.26,0.0,0.0,0.26,2.9275230000000003,13.5,2.645546999999997,0.0,0.0,0.021976000000003104
2025-04-14 08:00:00,1.01,0.0,0.0,1.01,4.30933,13.5,0.0,0.0,0.0,3.2993300000000003
2025-04-14 09:00:00,0.19,0.0,0.0,0.19,5.247311,13.5,0.0,0.0,0.0,5.0573109999999994
2025-04-14 10:00:00,0.38,0.0,0.0,0.38,5.802104999999999,13.5,0.0,0.0,0.0,5.422104999999999
2025-04-14 11:00:00,0.17,0.6070358974358975,0.0,0.7770358974358975,5.963786,13.5,0.0,0.0,0.0,5.186750102564102
2025-04-14 12:00:00,0.3399999999999999,0.6070358974358975,0.0,0.9470358974358974,5.741868,13.5,0.0,0.0,0.0,4.7948321025641025
2025-04-14 13:00:00,0.33,0.6070358974358975,0.0,0.9370358974358974,5.139899000000001,13.5,0.0,0.0,0.0,4.202863102564104
2025-04-14 14:00:00,0.2,0.0,0.0,0.2,4.19146,13.5,0.0,0.0,0.0,3.99146
2025-04-14 15:00:00,0.53,0.0,0.0,0.53,2.975223,13.5,0.0,0.0,0.0,2.4452230000000004
2025-04-14 16:00:00,0.52,0.0,0.0,0.52,1.381546,13.5,0.0,0.0,0.0,0.8615459999999999
2025-04-14 17:00:00,0.87,0.0,0.0,0.87,0.256021,12.886021,0.0,0.613979,0.0,0.0
2025-04-14 18:00:00,3.37,0.0,0.0,3.37,0.020461,9.536482,0.0,3.349539,0.0,0.0
2025-04-14 19:00:00,0.6599999999999999,0.0,0.0,0.6599999999999999,0.0,8.876482,0.0,0.6599999999999999,0.0,0.0
2025-04-14 20:00:00,1.5,0.0,0.0,1.5,0.0,7.376481999999999,0.0,1.5,0.0,0.0
2025-04-14 21:00:00,1.83,0.0,0.0,1.83,0.0,5.546481999999999,0.0,1.83,0.0,0.0
2025-04-14 22:00:00,0.7300000000000001,0.0,0.0,0.7300000000000001,0.0,4.816481999999999,0.0,0.7300000000000001,0.0,0.0
2025-04-14 23:00:00,0.22,0.0,0.0,0.22,0.0,4.596481999999999,0.0,0.22,0.0,0.0
2025-04-15 00:00:00,0.14,0.0,0.0,0.14,0.0,4.456481999999999,0.0,0.14,0.0,0.0
2025-04-15 01:00:00,0.11,0.0,0.0,0.11,0.0,4.346481999999999,0.0,0.11,0.0,0.0
2025-04-15 02:00:00,0.11,0.0,0.0,0.11,0.0,4.236481999999999,0.0,0.11,0.0,0.0
2025-04-15 03:00:00,0.1,0.0,0.0,0.1,0.0,4.136481999999999,0.0,0.1,0.0,0.0
2025-04-15 04:00:00,0.11,0.0,0.0,0.11,0.0,4.026481999999999,0.0,0.11,0.0,0.0
2025-04-15 05:00:00,0.13,0.0,0.0,0.13,0.0,3.896481999999999,0.0,0.13,0.0,0.0
2025-04-15 06:00:00,0.5499999999999999,0.0,0.0,0.5499999999999999,1.007331,4.353812999999999,0.45733100000000004,0.0,0.0,0.0
2025-04-15 07:00:00,1.25,0.0,0.0,1.25,0.336904,3.440716999999999,0.0,0.913096,0.0,0.0
2025-04-15 08:00:00,1.44,0.0,0.0,1.44,0.672595,2.6733119999999992,0.0,0.7674049999999999,0.0,0.0
2025-04-15 09:00:00,2.05,0.0,0.0,2.05,1.306702,1.9300139999999995,0.0,0.7432979999999998,0.0,0.0
2025-04-15 10:00:00,0.65,0.0,0.0,0.65,2.396959,3.6769729999999994,1.746959,0.0,0.0,0.0
2025-04-15 11:00:00,1.44,0.6070358974358975,0.0,2.0470358974358973,5.709535,7.339472102564102,3.6624991025641025,0.0,0.0,0.0
2025-04-15 12:00:00,0.97,0.6070358974358975,0.0,1.5770358974358976,5.521347,11.283783205128204,3.944311102564102,0.0,0.0,0.0
2025-04-15 13:00:00,0.25,0.6070358974358975,0.0,0.8570358974358975,4.991212000000001,13.5,2.216216794871796,0.0,0.0,1.917959307692307
2025-04-15 14:00:00,0.26,0.0,0.0,0.26,4.11566,13.5,0.0,0.0,0.0,3.8556600000000003
2025-04-15 15:00:00,0.56,0.0,0.0,0.56,2.926362,13.5,0.0,0.0,0.0,2.366362
2025-04-15 16:00:00,0.21,0.0,0.0,0.21,1.3613199999999999,13.5,0.0,0.0,0.0,1.15132
2025-04-15 17:00:00,0.2,0.0,0.0,0.2,0.244822,13.5,0.0,0.0,0.0,0.044822
2025-04-15 18:00:00,2.78,0.0,0.0,2.78,0.011706,10.731706,0.0,2.7682939999999996,0.0,0.0
2025-04-15 19:00:00,0.24,0.0,0.0,0.24,0.0,10.491706,0.0,0.24,0.0,0.0
2025-04-15 20:00:00,0.49,0.0,0.0,0.49,0.0,10.001706,0.0,0.49,0.0,0.0
2025-04-15 21:00:00,1.0,0.0,0.0,1.0,0.0,9.001706,0.0,1.0,0.0,0.0
2025-04-15 22:00:00,0.16,0.0,0.0,0.16,0.0,8.841706,0.0,0.16,0.0,0.0
2025-04-15 23:00:00,0.12,0.0,0.0,0.12,0.0,8.721706000000001,0.0,0.12,0.0,0.0
2025-04-16 00:00:00,0.11,0.0,0.0,0.11,0.0,8.611706000000002,0.0,0.11,0.0,0.0
2025-04-16 01:00:00,0.1,0.0,0.0,0.1,0.0,8.511706000000002,0.0,0.1,0.0,0.0
2025-04-16 02:00:00,0.11,0.0,0.0,0.11,0.0,8.401706000000003,0.0,0.11,0.0,0.0
2025-04-16 03:00:00,0.1,0.0,0.0,0.1,0.0,8.301706000000003,0.0,0.1,0.0,0.0
2025-04-16 04:00:00,0.5499999999999999,0.0,0.0,0.5499999999999999,0.0,7.751706000000003,0.0,0.5499999999999999,0.0,0.0
2025-04-16 05:00:00,0.1,0.0,0.0,0.1,0.0,7.6517060000000034,0.0,0.1,0.0,0.0
2025-04-16 06:00:00,0.11,0.0,0.0,0.11,0.34211,7.883816000000003,0.23211000000000004,0.0,0.0,0.0
2025-04-16 07:00:00,0.94,0.0,0.0,0.94,2.0657620000000003,9.009578000000003,1.1257620000000004,0.0,0.0,0.0
2025-04-16 08:00:00,0.16,0.0,0.0,0.16,3.260234,12.109812000000003,3.100234,0.0,0.0,0.0
2025-04-16 09:00:00,0.26,0.0,3.3393020000000035,3.5993020000000033,4.98949,13.5,1.3901879999999966,0.0,0.0,0.0
2025-04-16 10:00:00,0.8600000000000001,0.0,4.698287999999999,5.558287999999999,5.558287999999999,13.5,0.0,0.0,0.0,0.0
2025-04-16 11:00:00,0.15,0.6070358974358975,4.936041102564103,5.693077000000001,5.693077000000001,13.5,0.0,0.0,0.0,0.0
2025-04-16 12:00:00,0.17,0.6070358974358975,4.722709102564102,5.499745,5.499745,13.5,0.0,0.0,0.0,0.0
2025-04-16 13:00:00,0.29,0.6070358974358975,4.110916102564103,5.0079519999999995,5.007952,13.5,0.0,0.0,0.0,0.0
2025-04-16 14:00:00,0.3,0.0,3.1580390000000005,3.4580390000000003,3.4580390000000003,13.5,0.0,0.0,0.0,0.0
2025-04-16 15:00:00,0.16,0.0,2.173942,2.333942,2.333942,13.5,0.0,0.0,0.0,0.0
2025-04-16 16:00:00,1.23,0.0,0.0,1.23,0.886691,13.156691,0.0,0.343309,0.0,0.0
2025-04-16 17:00:00,0.88,0.0,0.0,0.88,0.38631299999999996,12.663004,0.0,0.49368700000000004,0.0,0.0
2025-04-16 18:00:00,0.27,0.0,0.0,0.27,0.0,12.393004000000001,0.0,0.27,0.0,0.0
2025-04-16 19:00:00,0.1699999999999999,0.0,0.0,0.1699999999999999,0.0,12.223004000000001,0.0,0.1699999999999999,0.0,0.0
2025-04-16 20:00:00,0.94,0.0,0.0,0.94,0.0,11.283004000000002,0.0,0.94,0.0,0.0
2025-04-16 21:00:00,1.86,0.0,0.0,1.86,0.0,9.423004000000002,0.0,1.86,0.0,0.0
2025-04-16 22:00:00,0.7200000000000001,0.0,0.0,0.7200000000000001,0.0,8.703004000000002,0.0,0.7200000000000001,0.0,0.0
2025-04-16 23:00:00,0.14,0.0,0.0,0.14,0.0,8.563004000000001,0.0,0.14,0.0,0.0
2025-04-17 00:00:00,0.24,0.0,0.0,0.24,0.0,8.323004000000001,0.0,0.24,0.0,0.0
2025-04-17 01:00:00,0.12,0.0,0.0,0.12,0.0,8.203004000000002,0.0,0.12,0.0,0.0
2025-04-17 02:00:00,0.11,0.0,0.0,0.11,0.0,8.093004000000002,0.0,0.11,0.0,0.0
2025-04-17 03:00:00,0.11,0.0,0.0,0.11,0.0,7.983004000000002,0.0,0.11,0.0,0.0
2025-04-17 04:00:00,0.11,0.0,0.0,0.11,0.0,7.873004000000002,0.0,0.11,0.0,0.0
2025-04-17 05:00:00,0.11,0.0,0.0,0.11,0.0,7.763004000000001,0.0,0.11,0.0,0.0
2025-04-17 06:00:00,0.7100000000000001,0.0,0.0,0.7100000000000001,1.0044600000000001,8.057464000000001,0.29446000000000006,0.0,0.0,0.0
2025-04-17 07:00:00,1.32,0.0,0.0,1.32,0.382639,7.120103000000001,0.0,0.9373610000000001,0.0,0.0
2025-04-17 08:00:00,0.59,0.0,0.0,0.59,0.48151799999999995,7.011621000000001,0.0,0.10848200000000002,0.0,0.0
2025-04-17 09:00:00,0.5,0.0,0.0,0.5,1.3642729999999998,7.875894000000001,0.8642729999999998,0.0,0.0,0.0
2025-04-17 10:00:00,0.8799999999999999,0.0,0.0,0.8799999999999999,3.125727,10.121621000000001,2.245727,0.0,0.0,0.0
2025-04-17 11:00:00,0.18,0.6070358974358975,0.0,0.7870358974358975,3.7250639999999997,13.059649102564103,2.938028102564102,0.0,0.0,0.0
2025-04-17 12:00:00,0.41,0.6070358974358975,0.0,1.0170358974358975,3.090237,13.5,0.4403508974358967,0.0,0.0,1.632850205128206
2025-04-17 13:00:00,0.5,0.6070358974358975,0.0,1.1070358974358974,2.24426,13.5,0.0,0.0,0.0,1.1372241025641028
2025-04-17 14:00:00,0.71,0.0,0.0,0.71,3.1490259999999997,13.5,0.0,0.0,0.0,2.4390259999999997
2025-04-17 15:00:00,2.35,0.0,0.0,2.35,2.066422,13.216422,0.0,0.2835779999999999,0.0,0.0
2025-04-17 16:00:00,1.73,0.0,0.0,1.73,1.377456,12.863878,0.0,0.35254399999999997,0.0,0.0
2025-04-17 17:00:00,1.22,0.0,0.0,1.22,0.268357,11.912234999999999,0.0,0.951643,0.0,0.0
2025-04-17 18:00:00,3.35,0.0,0.0,3.35,0.0,8.562235,0.0,3.35,0.0,0.0
2025-04-17 19:00:00,1.35,0.0,0.0,1.35,0.0,7.212235,0.0,1.35,0.0,0.0
2025-04-17 20:00:00,1.28,0.0,0.0,1.28,0.0,5.9322349999999995,0.0,1.28,0.0,0.0
2025-04-17 21:00:00,2.34,0.0,0.0,2.34,0.0,3.5922349999999996,0.0,2.34,0.0,0.0
2025-04-17 22:00:00,1.54,0.0,0.0,1.54,0.0,2.0522349999999996,0.0,1.54,0.0,0.0
2025-04-17 23:00:00,1.06,0.0,0.0,1.06,0.0,0.9922349999999995,0.0,1.06,0.0,0.0
2025-04-18 00:00:00,1.06,0.0,0.0,1.06,0.0,0.0,0.0,0.9922349999999995,0.06776500000000052,0.0
2025-04-18 01:00:00,1.06,0.0,0.0,1.06,0.0,0.0,0.0,0.0,1.06,0.0
2025-04-18 02:00:00,1.06,0.0,0.0,1.06,0.0,0.0,0.0,0.0,1.06,0.0
2025-04-18 03:00:00,1.07,0.0,0.0,1.07,0.0,0.0,0.0,0.0,1.07,0.0
2025-04-18 04:00:00,1.42,0.0,0.0,1.42,0.0,0.0,0.0,0.0,1.42,0.0
2025-04-18 05:00:00,2.02,0.0,0.0,2.02,0.0,0.0,0.0,0.0,2.02,0.0
2025-04-18 06:00:00,1.97,0.0,0.0,1.97,0.158883,0.0,0.0,0.0,1.8111169999999999,0.0
2025-04-18 07:00:00,3.53,0.0,0.0,3.53,2.6719209999999998,0.0,0.0,0.0,0.858079,0.0
2025-04-18 08:00:00,1.54,0.0,0.0,1.54,3.957955,2.417955,2.417955,0.0,0.0,0.0
2025-04-18 09:00:00,0.73,0.0,0.0,0.73,4.871872000000001,6.559827000000001,4.141872000000001,0.0,0.0,0.0
2025-04-18 10:00:00,1.23,0.0,0.0,1.23,5.46486,10.794687,4.234859999999999,0.0,0.0,0.0
2025-04-18 11:00:00,1.09,0.6070358974358975,1.2364371025641017,2.9334729999999993,5.638786,13.5,2.7053130000000003,0.0,0.0,0.0
2025-04-18 12:00:00,0.8300000000000001,0.6070358974358975,4.023452102564104,5.460488000000002,5.460488000000001,13.5,0.0,0.0,0.0,0.0
2025-04-18 13:00:00,0.6799999999999999,0.6070358974358975,3.5728231025641026,4.859859,4.859859,13.5,0.0,0.0,0.0,0.0
2025-04-18 14:00:00,2.1500000000000004,0.0,1.8395979999999996,3.989598,3.989598,13.5,0.0,0.0,0.0,0.0
2025-04-18 15:00:00,2.3899999999999997,0.0,0.0,2.3899999999999997,2.3455100000000004,13.45551,0.0,0.04448999999999925,0.0,0.0
2025-04-18 16:00:00,1.33,0.0,0.0,1.33,1.1523510000000001,13.277861,0.0,0.17764899999999995,0.0,0.0
2025-04-18 17:00:00,0.3,0.0,0.0,0.3,0.265599,13.243459999999999,0.0,0.034401000000000015,0.0,0.0
2025-04-18 18:00:00,0.41,0.0,0.0,0.41,0.022293,12.855752999999998,0.0,0.38770699999999997,0.0,0.0
2025-04-18 19:00:00,0.8899999999999999,0.0,0.0,0.8899999999999999,0.0,11.965752999999998,0.0,0.8899999999999999,0.0,0.0
2025-04-18 20:00:00,0.73,0.0,0.0,0.73,0.0,11.235752999999997,0.0,0.73,0.0,0.0
2025-04-18 21:00:00,0.86,0.0,0.0,0.86,0.0,10.375752999999998,0.0,0.86,0.0,0.0
2025-04-18 22:00:00,1.39,0.0,0.0,1.39,0.0,8.985752999999997,0.0,1.39,0.0,0.0
2025-04-18 23:00:00,1.02,0.0,0.0,1.02,0.0,7.965752999999998,0.0,1.02,0.0,0.0
2025-04-19 00:00:00,0.31,0.0,0.0,0.31,0.0,7.655752999999998,0.0,0.31,0.0,0.0
2025-04-19 01:00:00,0.31,0.0,0.0,0.31,0.0,7.345752999999998,0.0,0.31,0.0,0.0
2025-04-19 02:00:00,0.32,0.0,0.0,0.32,0.0,7.025752999999998,0.0,0.32,0.0,0.0
2025-04-19 03:00:00,0.44,0.0,0.0,0.44,0.0,6.585752999999998,0.0,0.44,0.0,0.0
2025-04-19 04:00:00,0.8200000000000001,0.0,0.0,0.8200000000000001,0.0,5.7657529999999975,0.0,0.8200000000000001,0.0,0.0
2025-04-19 05:00:00,1.12,0.0,0.0,1.12,0.0,4.645752999999997,0.0,1.12,0.0,0.0
2025-04-19 06:00:00,0.66,0.0,0.0,0.66,1.067826,5.053578999999997,0.4078259999999999,0.0,0.0,0.0
2025-04-19 07:00:00,1.59,0.0,0.0,1.59,1.159565,4.623143999999997,0.0,0.4304350000000001,0.0,0.0
2025-04-19 08:00:00,0.91,0.0,0.0,0.91,3.885549,7.598692999999997,2.975549,0.0,0.0,0.0
2025-04-19 09:00:00,0.5700000000000001,0.0,0.0,0.5700000000000001,4.801271,11.829963999999997,4.231271,0.0,0.0,0.0
2025-04-19 10:00:00,1.05,0.0,2.6387199999999975,3.6887199999999973,5.3587560000000005,13.5,1.6700360000000032,0.0,0.0,0.0
2025-04-19 11:00:00,0.46,0.9105538461538464,4.151736153846153,5.52229,5.52229,13.5,0.0,0.0,0.0,0.0
2025-04-19 12:00:00,1.12,0.9105538461538464,1.3979962307692304,3.428550076923077,5.323292,13.5,0.0,0.0,0.0,1.8947419230769236
2025-04-19 13:00:00,1.64,0.9105538461538464,0.0,2.5505538461538464,4.789108000000001,13.5,0.0,0.0,0.0,2.238554153846154
2025-04-19 14:00:00,0.27,0.0,0.0,0.27,3.933155,13.5,0.0,0.0,0.0,3.663155
2025-04-19 15:00:00,0.74,0.0,0.0,0.74,2.7785369999999996,13.5,0.0,0.0,0.0,2.038537
2025-04-19 16:00:00,0.84,0.0,0.0,0.84,1.2885170000000001,13.5,0.0,0.0,0.0,0.44851700000000017
2025-04-19 17:00:00,1.91,0.0,0.0,1.91,0.189765,11.779765,0.0,1.720235,0.0,0.0
2025-04-19 18:00:00,0.58,0.0,0.0,0.58,0.01737,11.217134999999999,0.0,0.56263,0.0,0.0
2025-04-19 19:00:00,1.02,0.0,0.0,1.02,0.0,10.197135,0.0,1.02,0.0,0.0
2025-04-19 20:00:00,1.09,0.0,0.0,1.09,0.0,9.107135,0.0,1.09,0.0,0.0
2025-04-19 21:00:00,1.02,0.0,0.0,1.02,0.0,8.087135,0.0,1.02,0.0,0.0
2025-04-19 22:00:00,0.69,0.0,0.0,0.69,0.0,7.3971350000000005,0.0,0.69,0.0,0.0
2025-04-19 23:00:00,0.2,0.0,0.0,0.2,0.0,7.197135,0.0,0.2,0.0,0.0
2025-04-20 00:00:00,0.21,0.0,0.0,0.21,0.0,6.987135,0.0,0.21,0.0,0.0
2025-04-20 01:00:00,0.32,0.0,0.0,0.32,0.0,6.667135,0.0,0.32,0.0,0.0
2025-04-20 02:00:00,0.21,0.0,0.0,0.21,0.0,6.457135,0.0,0.21,0.0,0.0
2025-04-20 03:00:00,0.19,0.0,0.0,0.19,0.0,6.267135,0.0,0.19,0.0,0.0
2025-04-20 04:00:00,0.19,0.0,0.0,0.19,0.0,6.077134999999999,0.0,0.19,0.0,0.0
2025-04-20 05:00:00,0.61,0.0,0.0,0.61,0.0,5.467134999999999,0.0,0.61,0.0,0.0
2025-04-20 06:00:00,0.25,0.0,0.0,0.25,1.144194,6.361328999999999,0.8941939999999999,0.0,0.0,0.0
2025-04-20 07:00:00,1.37,0.0,0.0,1.37,2.813843,7.805171999999999,1.4438429999999998,0.0,0.0,0.0
2025-04-20 08:00:00,1.03,0.0,0.0,1.03,3.997243,10.772414999999999,2.967243,0.0,0.0,0.0
2025-04-20 09:00:00,1.69,0.0,0.0,1.69,4.848359,13.5,2.7275850000000013,0.0,0.0,0.4307739999999991
2025-04-20 10:00:00,1.03,0.0,0.0,1.03,5.333189999999999,13.5,0.0,0.0,0.0,4.303189999999999
2025-04-20 11:00:00,1.17,0.9105538461538464,0.0,2.080553846153846,5.486404,13.5,0.0,0.0,0.0,3.405850153846154
2025-04-20 12:00:00,1.08,0.9105538461538464,0.0,1.9905538461538463,5.294097,13.5,0.0,0.0,0.0,3.3035431538461535
2025-04-20 13:00:00,0.51,0.9105538461538464,0.0,1.4205538461538465,4.791564,13.5,0.0,0.0,0.0,3.3710101538461537
2025-04-20 14:00:00,0.63,0.0,0.0,0.63,3.973266,13.5,0.0,0.0,0.0,3.3432660000000003
2025-04-20 15:00:00,0.24,0.0,0.0,0.24,2.8295630000000003,13.5,0.0,0.0,0.0,2.589563
2025-04-20 16:00:00,0.21,0.0,0.0,0.21,1.304144,13.5,0.0,0.0,0.0,1.094144
2025-04-20 17:00:00,2.81,0.0,0.0,2.81,0.18948099999999998,10.879481,0.0,2.6205190000000003,0.0,0.0
2025-04-20 18:00:00,0.58,0.0,0.0,0.58,0.016616,10.316097000000001,0.0,0.563384,0.0,0.0
2025-04-20 19:00:00,0.24,0.0,0.0,0.24,0.0,10.076097,0.0,0.24,0.0,0.0
2025-04-20 20:00:00,1.19,0.0,0.0,1.19,0.0,8.886097000000001,0.0,1.19,0.0,0.0
2025-04-20 21:00:00,1.0,0.0,0.0,1.0,0.0,7.886097000000001,0.0,1.0,0.0,0.0
2025-04-20 22:00:00,0.8300000000000001,0.0,0.0,0.8300000000000001,0.0,7.056097000000001,0.0,0.8300000000000001,0.0,0.0
2025-04-20 23:00:00,0.17,0.0,0.0,0.17,0.0,6.886097000000001,0.0,0.17,0.0,0.0
2025-04-21 00:00:00,0.15,0.0,0.0,0.15,0.0,6.736097000000001,0.0,0.15,0.0,0.0
2025-04-21 01:00:00,0.12,0.0,0.0,0.12,0.0,6.616097000000001,0.0,0.12,0.0,0.0
2025-04-21 02:00:00,0.12,0.0,0.0,0.12,0.0,6.496097000000001,0.0,0.12,0.0,0.0
2025-04-21 03:00:00,0.24,0.0,0.0,0.24,0.0,6.2560970000000005,0.0,0.24,0.0,0.0
2025-04-21 04:00:00,0.69,0.0,0.0,0.69,0.0,5.566097000000001,0.0,0.69,0.0,0.0
2025-04-21 05:00:00,0.5599999999999999,0.0,0.0,0.5599999999999999,0.0,5.006097000000001,0.0,0.5599999999999999,0.0,0.0
2025-04-21 06:00:00,0.8,0.0,0.0,0.8,1.205793,5.411890000000001,0.40579299999999985,0.0,0.0,0.0
2025-04-21 07:00:00,1.38,0.0,0.0,1.38,2.793655,6.825545000000002,1.4136550000000003,0.0,0.0,0.0
2025-04-21 08:00:00,0.61,0.0,0.0,0.61,3.908009,10.123554000000002,3.298009,0.0,0.0,0.0
2025-04-21 09:00:00,0.2,0.0,0.0,0.2,4.662625,13.5,3.376445999999998,0.0,0.0,1.0861790000000022
2025-04-21 10:00:00,0.21,0.0,0.0,0.21,5.069388,13.5,0.0,0.0,0.0,4.859388
2025-04-21 11:00:00,0.19,0.6070358974358975,0.0,0.7970358974358975,5.166073,13.5,0.0,0.0,0.0,4.369037102564103
2025-04-21 12:00:00,0.16,0.6070358974358975,0.0,0.7670358974358975,5.020223,13.5,0.0,0.0,0.0,4.253187102564102
2025-04-21 13:00:00,0.3,0.6070358974358975,0.0,0.9070358974358974,4.607132,13.5,0.0,0.0,0.0,3.7000961025641024
2025-04-21 14:00:00,0.17,0.0,0.0,0.17,3.8650059999999997,13.5,0.0,0.0,0.0,3.695006
2025-04-21 15:00:00,0.18,0.0,0.0,0.18,2.781505,13.5,0.0,0.0,0.0,2.601505
2025-04-21 16:00:00,0.23,0.0,0.0,0.23,1.291592,13.5,0.0,0.0,0.0,1.061592
2025-04-21 17:00:00,0.22,0.0,0.0,0.22,0.192767,13.472767,0.0,0.027233000000000007,0.0,0.0
2025-04-21 18:00:00,2.44,0.0,0.0,2.44,0.019248,11.052014999999999,0.0,2.420752,0.0,0.0
2025-04-21 19:00:00,2.02,0.0,0.0,2.02,0.0,9.032015,0.0,2.02,0.0,0.0
2025-04-21 20:00:00,0.41,0.0,0.0,0.41,0.0,8.622015,0.0,0.41,0.0,0.0
2025-04-21 21:00:00,0.2299999999999999,0.0,0.0,0.2299999999999999,0.0,8.392014999999999,0.0,0.2299999999999999,0.0,0.0
2025-04-21 22:00:00,0.2,0.0,0.0,0.2,0.0,8.192015,0.0,0.2,0.0,0.0
2025-04-21 23:00:00,0.12,0.0,0.0,0.12,0.0,8.072015,0.0,0.12,0.0,0.0
2025-04-22 00:00:00,0.23,0.0,0.0,0.23,0.0,7.842015,0.0,0.23,0.0,0.0
2025-04-22 01:00:00,0.14,0.0,0.0,0.14,0.0,7.702015,0.0,0.14,0.0,0.0
2025-04-22 02:00:00,0.12,0.0,0.0,0.12,0.0,7.582015,0.0,0.12,0.0,0.0
2025-04-22 03:00:00,0.11,0.0,0.0,0.11,0.0,7.472015,0.0,0.11,0.0,0.0
2025-04-22 04:00:00,0.11,0.0,0.0,0.11,0.0,7.3620149999999995,0.0,0.11,0.0,0.0
2025-04-22 05:00:00,0.12,0.0,0.0,0.12,0.0,7.242014999999999,0.0,0.12,0.0,0.0
2025-04-22 06:00:00,0.8300000000000001,0.0,0.0,0.8300000000000001,1.174854,7.586868999999999,0.344854,0.0,0.0,0.0
2025-04-22 07:00:00,0.66,0.0,0.0,0.66,2.7715859999999997,9.698455,2.1115859999999995,0.0,0.0,0.0
2025-04-22 08:00:00,0.55,0.0,0.0,0.55,3.9982480000000002,13.146702999999999,3.4482480000000004,0.0,0.0,0.0
2025-04-22 09:00:00,0.38,0.0,0.0,0.38,4.841743,13.5,0.3532970000000013,0.0,0.0,4.108445999999999
2025-04-22 10:00:00,0.1,0.0,0.0,0.1,5.343579,13.5,0.0,0.0,0.0,5.243579
2025-04-22 11:00:00,0.1,0.6070358974358975,0.0,0.7070358974358975,5.497255,13.5,0.0,0.0,0.0,4.7902191025641025
2025-04-22 12:00:00,0.11,0.6070358974358975,0.0,0.7170358974358975,5.331332000000001,13.5,0.0,0.0,0.0,4.614296102564103
2025-04-22 13:00:00,0.1,0.6070358974358975,0.0,0.7070358974358975,4.814625,13.5,0.0,0.0,0.0,4.107589102564103
2025-04-22 14:00:00,0.12,0.0,0.0,0.12,3.982539,13.5,0.0,0.0,0.0,3.862539
2025-04-22 15:00:00,0.36,0.0,0.0,0.36,1.545468,13.5,0.0,0.0,0.0,1.1854680000000002
2025-04-22 16:00:00,0.37,0.0,0.0,0.37,0.7341449999999999,13.5,0.0,0.0,0.0,0.36414499999999994
2025-04-22 17:00:00,0.1,0.0,0.0,0.1,0.35146499999999997,13.5,0.0,0.0,0.0,0.25146499999999994
2025-04-22 18:00:00,0.11,0.0,0.0,0.11,0.026498999999999998,13.416499,0.0,0.083501,0.0,0.0
2025-04-22 19:00:00,0.11,0.0,0.0,0.11,0.0,13.306499,0.0,0.11,0.0,0.0
2025-04-22 20:00:00,0.14,0.0,0.0,0.14,0.0,13.166499,0.0,0.14,0.0,0.0
2025-04-22 21:00:00,0.11,0.0,0.0,0.11,0.0,13.056499,0.0,0.11,0.0,0.0
2025-04-22 22:00:00,0.16,0.0,0.0,0.16,0.0,12.896499,0.0,0.16,0.0,0.0
2025-04-22 23:00:00,0.12,0.0,0.0,0.12,0.0,12.776499000000001,0.0,0.12,0.0,0.0
2025-04-23 00:00:00,0.71,0.0,0.0,0.71,0.0,12.066499,0.0,0.71,0.0,0.0
2025-04-23 01:00:00,0.48,0.0,0.0,0.48,0.0,11.586499,0.0,0.48,0.0,0.0
2025-04-23 02:00:00,1.08,0.0,0.0,1.08,0.0,10.506499,0.0,1.08,0.0,0.0
2025-04-23 03:00:00,0.5599999999999999,0.0,0.0,0.5599999999999999,0.0,9.946499,0.0,0.5599999999999999,0.0,0.0
2025-04-23 04:00:00,0.8700000000000001,0.0,0.0,0.8700000000000001,0.0,9.076498999999998,0.0,0.8700000000000001,0.0,0.0
2025-04-23 05:00:00,0.8300000000000001,0.0,0.0,0.8300000000000001,0.0,8.246498999999998,0.0,0.8300000000000001,0.0,0.0
2025-04-23 06:00:00,0.89,0.0,0.0,0.89,0.308952,7.665450999999998,0.0,0.581048,0.0,0.0
2025-04-23 07:00:00,1.03,0.0,0.0,1.03,0.353565,6.989015999999999,0.0,0.676435,0.0,0.0
2025-04-23 08:00:00,0.89,0.0,0.0,0.89,1.95047,8.049485999999998,1.06047,0.0,0.0,0.0
2025-04-23 09:00:00,0.77,0.0,0.0,0.77,1.8523910000000001,9.131876999999998,1.082391,0.0,0.0,0.0
2025-04-23 10:00:00,0.6900000000000001,0.0,0.0,0.6900000000000001,3.890946,12.332822999999998,3.200946,0.0,0.0,0.0
2025-04-23 11:00:00,0.17,0.6070358974358975,0.4485501025641001,1.2255859999999976,2.392763,13.5,1.1671770000000024,0.0,0.0,0.0
2025-04-23 12:00:00,0.16,0.6070358974358975,2.1820851025641024,2.949121,2.949121,13.5,0.0,0.0,0.0,0.0
2025-04-23 13:00:00,0.18,0.6070358974358975,2.2360221025641023,3.023058,3.023058,13.5,0.0,0.0,0.0,0.0
2025-04-23 14:00:00,0.27,0.0,2.5017869999999998,2.771787,2.771787,13.5,0.0,0.0,0.0,0.0
2025-04-23 15:00:00,0.12,0.0,1.960454,2.080454,2.080454,13.5,0.0,0.0,0.0,0.0
2025-04-23 16:00:00,0.1,0.0,0.837688,0.937688,0.937688,13.5,0.0,0.0,0.0,0.0
2025-04-23 17:00:00,0.11,0.0,0.136166,0.246166,0.246166,13.5,0.0,0.0,0.0,0.0
2025-04-23 18:00:00,0.62,0.0,0.0,0.62,0.030376,12.910376,0.0,0.589624,0.0,0.0
2025-04-23 19:00:00,0.23,0.0,0.0,0.23,0.0,12.680375999999999,0.0,0.23,0.0,0.0
2025-04-23 20:00:00,0.54,0.0,0.0,0.54,0.0,12.140376,0.0,0.54,0.0,0.0
2025-04-23 21:00:00,0.57,0.0,0.0,0.57,0.0,11.570376,0.0,0.57,0.0,0.0
2025-04-23 22:00:00,0.97,0.0,0.0,0.97,0.0,10.600375999999999,0.0,0.97,0.0,0.0
2025-04-23 23:00:00,0.5700000000000001,0.0,0.0,0.5700000000000001,0.0,10.030375999999999,0.0,0.5700000000000001,0.0,0.0
2025-04-24 00:00:00,0.5900000000000001,0.0,0.0,0.5900000000000001,0.0,9.440375999999999,0.0,0.5900000000000001,0.0,0.0
2025-04-24 01:00:00,0.99,0.0,0.0,0.99,0.0,8.450375999999999,0.0,0.99,0.0,0.0
2025-04-24 02:00:00,0.9,0.0,0.0,0.9,0.0,7.550375999999998,0.0,0.9,0.0,0.0
2025-04-24 03:00:00,1.12,0.0,0.0,1.12,0.0,6.430375999999998,0.0,1.12,0.0,0.0
2025-04-24 04:00:00,0.56,0.0,0.0,0.56,0.0,5.8703759999999985,0.0,0.56,0.0,0.0
2025-04-24 05:00:00,0.75,0.0,0.0,0.75,0.0,5.1203759999999985,0.0,0.75,0.0,0.0
2025-04-24 06:00:00,0.94,0.0,0.0,0.94,0.30047,4.480845999999999,0.0,0.6395299999999999,0.0,0.0
2025-04-24 07:00:00,0.72,0.0,0.0,0.72,0.7221920000000001,4.483037999999999,0.0021920000000000828,0.0,0.0,0.0
2025-04-24 08:00:00,1.39,0.0,0.0,1.39,1.0596869999999998,4.1527249999999984,0.0,0.3303130000000001,0.0,0.0
2025-04-24 09:00:00,1.4500000000000002,0.0,0.0,1.4500000000000002,3.1327640000000003,5.835488999999999,1.6827640000000001,0.0,0.0,0.0
2025-04-24 10:00:00,1.24,0.0,0.0,1.24,1.265147,5.8606359999999995,0.02514700000000003,0.0,0.0,0.0
2025-04-24 11:00:00,0.9,0.9105538461538464,0.0,1.8105538461538464,5.3291710000000005,9.379253153846154,3.5186171538461544,0.0,0.0,0.0
2025-04-24 12:00:00,0.53,0.9105538461538464,0.0,1.4405538461538465,5.203446,13.142145307692306,3.762892153846153,0.0,0.0,0.0
2025-04-24 13:00:00,0.74,0.9105538461538464,0.0,1.6505538461538465,4.707938,13.5,0.3578546923076935,0.0,0.0,2.6995294615384604
2025-04-24 14:00:00,0.17,0.0,0.0,0.17,3.907076,13.5,0.0,0.0,0.0,3.737076
2025-04-24 15:00:00,0.12,0.0,0.0,0.12,2.327424,13.5,0.0,0.0,0.0,2.207424
2025-04-24 16:00:00,0.11,0.0,0.0,0.11,1.1533499999999999,13.5,0.0,0.0,0.0,1.0433499999999998
2025-04-24 17:00:00,0.14,0.0,0.0,0.14,0.28925599999999996,13.5,0.0,0.0,0.0,0.14925599999999994
2025-04-24 18:00:00,0.24,0.0,0.0,0.24,0.036222000000000004,13.296222,0.0,0.203778,0.0,0.0
2025-04-24 19:00:00,0.7,0.0,0.0,0.7,0.0,12.596222000000001,0.0,0.7,0.0,0.0
2025-04-24 20:00:00,0.18,0.0,0.0,0.18,0.0,12.416222000000001,0.0,0.18,0.0,0.0
2025-04-24 21:00:00,0.15,0.0,0.0,0.15,0.0,12.266222,0.0,0.15,0.0,0.0
2025-04-24 22:00:00,0.61,0.0,0.0,0.61,0.0,11.656222000000001,0.0,0.61,0.0,0.0
2025-04-24 23:00:00,0.1,0.0,0.0,0.1,0.0,11.556222000000002,0.0,0.1,0.0,0.0
2025-04-25 00:00:00,0.92,0.0,0.0,0.92,0.0,10.636222000000002,0.0,0.92,0.0,0.0
2025-04-25 01:00:00,0.48,0.0,0.0,0.48,0.0,10.156222000000001,0.0,0.48,0.0,0.0
2025-04-25 02:00:00,0.99,0.0,0.0,0.99,0.0,9.166222000000001,0.0,0.99,0.0,0.0
2025-04-25 03:00:00,0.93,0.0,0.0,0.93,0.0,8.236222000000001,0.0,0.93,0.0,0.0
2025-04-25 04:00:00,0.8300000000000001,0.0,0.0,0.8300000000000001,0.0,7.406222000000001,0.0,0.8300000000000001,0.0,0.0
2025-04-25 05:00:00,0.66,0.0,0.0,0.66,0.0,6.746222000000001,0.0,0.66,0.0,0.0
2025-04-25 06:00:00,0.64,0.0,0.0,0.64,0.558553,6.6647750000000014,0.0,0.08144700000000005,0.0,0.0
2025-04-25 07:00:00,1.11,0.0,0.0,1.11,0.121505,5.676280000000001,0.0,0.9884950000000001,0.0,0.0
2025-04-25 08:00:00,0.8200000000000001,0.0,0.0,0.8200000000000001,0.184506,5.040786000000001,0.0,0.635494,0.0,0.0
2025-04-25 09:00:00,0.5399999999999999,0.0,0.0,0.5399999999999999,2.068513,6.569299000000001,1.5285129999999998,0.0,0.0,0.0
2025-04-25 10:00:00,0.1,0.0,0.0,0.1,2.600556,9.069855,2.500556,0.0,0.0,0.0
2025-04-25 11:00:00,0.44,0.9105538461538464,0.0,1.3505538461538464,3.8614859999999998,11.580787153846153,2.510932153846153,0.0,0.0,0.0
2025-04-25 12:00:00,0.36,0.9105538461538464,0.979735307692307,2.250289153846153,4.1695020000000005,13.5,1.9192128461538474,0.0,0.0,0.0
2025-04-25 13:00:00,0.1,0.9105538461538464,3.2061731538461533,4.216727,4.216727,13.5,0.0,0.0,0.0,0.0
2025-04-25 14:00:00,0.15,0.0,3.0519890000000003,3.201989,3.201989,13.5,0.0,0.0,0.0,0.0
2025-04-25 15:00:00,0.15,0.0,2.366242,2.516242,2.516242,13.5,0.0,0.0,0.0,0.0
2025-04-25 16:00:00,0.14,0.0,0.0,0.14,0.064249,13.424249,0.0,0.07575100000000001,0.0,0.0
2025-04-25 17:00:00,0.14,0.0,0.0,0.14,0.0055650000000000005,13.289814,0.0,0.13443500000000003,0.0,0.0
2025-04-25 18:00:00,0.19,0.0,0.0,0.19,0.0,13.099814,0.0,0.19,0.0,0.0
2025-04-25 19:00:00,0.24,0.0,0.0,0.24,0.0,12.859814,0.0,0.24,0.0,0.0
2025-04-25 20:00:00,0.15,0.0,0.0,0.15,0.0,12.709814,0.0,0.15,0.0,0.0
2025-04-25 21:00:00,0.22,0.0,0.0,0.22,0.0,12.489813999999999,0.0,0.22,0.0,0.0
2025-04-25 22:00:00,0.22,0.0,0.0,0.22,0.0,12.269813999999998,0.0,0.22,0.0,0.0
2025-04-25 23:00:00,0.1,0.0,0.0,0.1,0.0,12.169813999999999,0.0,0.1,0.0,0.0
2025-04-26 00:00:00,0.98,0.0,0.0,0.98,0.0,11.189813999999998,0.0,0.98,0.0,0.0
2025-04-26 01:00:00,1.09,0.0,0.0,1.09,0.0,10.099813999999999,0.0,1.09,0.0,0.0
2025-04-26 02:00:00,0.8300000000000001,0.0,0.0,0.8300000000000001,0.0,9.269813999999998,0.0,0.8300000000000001,0.0,0.0
2025-04-26 03:00:00,1.0699999999999998,0.0,0.0,1.0699999999999998,0.0,8.199813999999998,0.0,1.0699999999999998,0.0,0.0
2025-04-26 04:00:00,0.9,0.0,0.0,0.9,0.0,7.299813999999998,0.0,0.9,0.0,0.0
2025-04-26 05:00:00,1.17,0.0,0.0,1.17,0.004942,6.134755999999998,0.0,1.165058,0.0,0.0
2025-04-26 06:00:00,0.96,0.0,0.0,0.96,0.0,5.174755999999998,0.0,0.96,0.0,0.0
2025-04-26 07:00:00,1.12,0.0,0.0,1.12,0.195612,4.250367999999997,0.0,0.9243880000000001,0.0,0.0
2025-04-26 08:00:00,0.24,0.0,0.0,0.24,1.323145,5.333512999999997,1.083145,0.0,0.0,0.0
2025-04-26 09:00:00,0.47,0.0,0.0,0.47,1.241579,6.105091999999997,0.771579,0.0,0.0,0.0
2025-04-26 10:00:00,0.14,0.0,0.0,0.14,4.2881670000000005,10.253258999999998,4.148167000000001,0.0,0.0,0.0
2025-04-26 11:00:00,0.16,0.4597846153846154,2.1376683846153828,2.757452999999998,6.004194,13.5,3.246741000000002,0.0,0.0,0.0
2025-04-26 12:00:00,0.23,0.4597846153846154,5.1209693846153845,5.810754,5.810754,13.5,0.0,0.0,0.0,0.0
2025-04-26 13:00:00,0.23,0.4597846153846154,4.490141384615384,5.179926,5.179926,13.5,0.0,0.0,0.0,0.0
2025-04-26 14:00:00,0.28,0.0,3.9933129999999997,4.273313,4.273313,13.5,0.0,0.0,0.0,0.0
2025-04-26 15:00:00,0.14,0.0,2.8864549999999998,3.026455,3.026455,13.5,0.0,0.0,0.0,0.0
2025-04-26 16:00:00,0.11,0.0,1.317318,1.427318,1.427318,13.5,0.0,0.0,0.0,0.0
2025-04-26 17:00:00,0.11,0.0,0.14857100000000006,0.25857100000000005,0.25857100000000005,13.5,0.0,0.0,0.0,0.0
2025-04-26 18:00:00,0.11,0.0,0.0,0.11,0.057927,13.447927,0.0,0.052073,0.0,0.0
2025-04-26 19:00:00,0.13,0.0,0.0,0.13,0.0,13.317927,0.0,0.13,0.0,0.0
2025-04-26 20:00:00,0.13,0.0,0.0,0.13,0.0,13.187926999999998,0.0,0.13,0.0,0.0
2025-04-26 21:00:00,0.11,0.0,0.0,0.11,0.0,13.077926999999999,0.0,0.11,0.0,0.0
2025-04-26 22:00:00,0.12,0.0,0.0,0.12,0.0,12.957927,0.0,0.12,0.0,0.0
2025-04-26 23:00:00,0.98,0.0,0.0,0.98,0.0,11.977927,0.0,0.98,0.0,0.0
2025-04-27 00:00:00,0.57,0.0,0.0,0.57,0.0,11.407926999999999,0.0,0.57,0.0,0.0
2025-04-27 01:00:00,0.5599999999999999,0.0,0.0,0.5599999999999999,0.0,10.847926999999999,0.0,0.5599999999999999,0.0,0.0
2025-04-27 02:00:00,0.56,0.0,0.0,0.56,0.0,10.287926999999998,0.0,0.56,0.0,0.0
2025-04-27 03:00:00,0.74,0.0,0.0,0.74,0.0,9.547926999999998,0.0,0.74,0.0,0.0
2025-04-27 04:00:00,1.0,0.0,0.0,1.0,0.0,8.547926999999998,0.0,1.0,0.0,0.0
2025-04-27 05:00:00,0.79,0.0,0.0,0.79,0.00736,7.765286999999998,0.0,0.78264,0.0,0.0
2025-04-27 06:00:00,0.6,0.0,0.0,0.6,1.2981859999999998,8.463472999999999,0.6981859999999999,0.0,0.0,0.0
2025-04-27 07:00:00,2.16,0.0,0.0,2.16,2.995462,9.298934999999998,0.8354619999999997,0.0,0.0,0.0
2025-04-27 08:00:00,0.81,0.0,0.0,0.81,4.26422,12.753154999999998,3.45422,0.0,0.0,0.0
2025-04-27 09:00:00,1.16,0.0,3.262750999999997,4.422750999999997,5.169595999999999,13.5,0.7468450000000022,0.0,0.0,0.0
2025-04-27 10:00:00,1.09,0.0,2.7359210769230913,3.825921076923091,5.655117000000001,13.5,0.0,0.0,0.0,1.8291959230769095
2025-04-27 11:00:00,0.12,0.4597846153846154,0.0,0.5797846153846153,5.785216999999999,13.5,0.0,0.0,0.0,5.205432384615384
2025-04-27 12:00:00,0.28,0.4597846153846154,0.0,0.7397846153846155,5.580043,13.5,0.0,0.0,0.0,4.840258384615384
2025-04-27 13:00:00,1.13,0.4597846153846154,0.0,1.5897846153846154,5.008386000000001,13.5,0.0,0.0,0.0,3.4186013846153855
2025-04-27 14:00:00,3.2,0.0,0.0,3.2,4.121069,13.5,0.0,0.0,0.0,0.9210690000000001
2025-04-27 15:00:00,0.87,0.0,0.0,0.87,2.610926,13.5,0.0,0.0,0.0,1.740926
2025-04-27 16:00:00,0.29,0.0,0.0,0.29,1.396767,13.5,0.0,0.0,0.0,1.106767
2025-04-27 17:00:00,0.37,0.0,0.0,0.37,0.29968900000000004,13.429689,0.0,0.07031099999999996,0.0,0.0
2025-04-27 18:00:00,0.4,0.0,0.0,0.4,0.061630000000000004,13.091319,0.0,0.33837,0.0,0.0
2025-04-27 19:00:00,0.25,0.0,0.0,0.25,0.0,12.841319,0.0,0.25,0.0,0.0
2025-04-27 20:00:00,0.26,0.0,0.0,0.26,0.0,12.581319,0.0,0.26,0.0,0.0
2025-04-27 21:00:00,0.15,0.0,0.0,0.15,0.0,12.431319,0.0,0.15,0.0,0.0
2025-04-27 22:00:00,0.1,0.0,0.0,0.1,0.0,12.331319,0.0,0.1,0.0,0.0
2025-04-27 23:00:00,0.1,0.0,0.0,0.1,0.0,12.231319000000001,0.0,0.1,0.0,0.0
2025-04-28 00:00:00,0.12,0.0,0.0,0.12,0.0,12.111319000000002,0.0,0.12,0.0,0.0
2025-04-28 01:00:00,0.22,0.0,0.0,0.22,0.0,11.891319000000001,0.0,0.22,0.0,0.0
2025-04-28 02:00:00,0.92,0.0,0.0,0.92,0.0,10.971319000000001,0.0,0.92,0.0,0.0
2025-04-28 03:00:00,0.5499999999999999,0.0,0.0,0.5499999999999999,0.0,10.421319,0.0,0.5499999999999999,0.0,0.0
2025-04-28 04:00:00,1.0,0.0,0.0,1.0,0.0,9.421319,0.0,1.0,0.0,0.0
2025-04-28 05:00:00,0.82,0.0,0.0,0.82,0.014934,8.616253,0.0,0.805066,0.0,0.0
2025-04-28 06:00:00,0.66,0.0,0.0,0.66,1.276224,9.232477000000001,0.616224,0.0,0.0,0.0
2025-04-28 07:00:00,0.5,0.0,0.0,0.5,2.8725039999999997,11.604981,2.3725039999999997,0.0,0.0,0.0
2025-04-28 08:00:00,0.15,0.0,0.0,0.15,4.12788,13.5,1.8950189999999996,0.0,0.0,2.0828610000000007
2025-04-28 09:00:00,0.24,0.0,0.0,0.24,4.9972389999999995,13.5,0.0,0.0,0.0,4.757238999999999
2025-04-28 10:00:00,0.14,0.0,0.0,0.14,5.542384,13.5,0.0,0.0,0.0,5.4023840000000005
2025-04-28 11:00:00,0.14,0.4597846153846154,0.0,0.5997846153846154,5.675591000000001,13.5,0.0,0.0,0.0,5.075806384615385
2025-04-28 12:00:00,0.1699999999999999,0.4597846153846154,0.0,0.6297846153846153,5.465274,13.5,0.0,0.0,0.0,4.835489384615385
2025-04-28 13:00:00,0.21,0.4597846153846154,0.0,0.6697846153846154,4.914427,13.5,0.0,0.0,0.0,4.244642384615385
2025-04-28 14:00:00,0.14,0.0,0.0,0.14,4.055298,13.5,0.0,0.0,0.0,3.9152979999999995
2025-04-28 15:00:00,0.44,0.0,0.0,0.44,2.8710940000000003,13.5,0.0,0.0,0.0,2.4310940000000003
2025-04-28 16:00:00,0.13,0.0,0.0,0.13,1.3677739999999998,13.5,0.0,0.0,0.0,1.237774
2025-04-28 17:00:00,0.13,0.0,0.0,0.13,0.31595100000000004,13.5,0.0,0.0,0.0,0.18595100000000003
2025-04-28 18:00:00,0.13,0.0,0.0,0.13,0.07543899999999999,13.445439,0.0,0.05456100000000001,0.0,0.0
2025-04-28 19:00:00,1.3,0.0,0.0,1.3,0.0,12.145439,0.0,1.3,0.0,0.0
2025-04-28 20:00:00,0.21,0.0,0.0,0.21,0.0,11.935438999999999,0.0,0.21,0.0,0.0
2025-04-28 21:00:00,0.15,0.0,0.0,0.15,0.0,11.785438999999998,0.0,0.15,0.0,0.0
2025-04-28 22:00:00,0.14,0.0,0.0,0.14,0.0,11.645438999999998,0.0,0.14,0.0,0.0
2025-04-28 23:00:00,0.1,0.0,0.0,0.1,0.0,11.545438999999998,0.0,0.1,0.0,0.0
2025-04-29 00:00:00,0.1,0.0,0.0,0.1,0.0,11.445438999999999,0.0,0.1,0.0,0.0
2025-04-29 01:00:00,0.1,0.0,0.0,0.1,0.0,11.345438999999999,0.0,0.1,0.0,0.0
2025-04-29 02:00:00,0.1,0.0,0.0,0.1,0.0,11.245439,0.0,0.1,0.0,0.0
2025-04-29 03:00:00,0.53,0.0,0.0,0.53,0.0,10.715439,0.0,0.53,0.0,0.0
2025-04-29 04:00:00,0.88,0.0,0.0,0.88,0.0,9.835439,0.0,0.88,0.0,0.0
2025-04-29 05:00:00,0.5399999999999999,0.0,0.0,0.5399999999999999,0.010123,9.305561999999998,0.0,0.5298769999999999,0.0,0.0
2025-04-29 06:00:00,0.5700000000000001,0.0,0.0,0.5700000000000001,1.197422,9.932983999999998,0.6274219999999999,0.0,0.0,0.0
2025-04-29 07:00:00,0.22,0.0,0.0,0.22,2.773727,12.486710999999998,2.553727,0.0,0.0,0.0
2025-04-29 08:00:00,0.1,0.0,0.0,0.1,3.9857020000000003,13.5,1.013289000000002,0.0,0.0,2.872412999999998
2025-04-29 09:00:00,0.13,0.0,0.0,0.13,4.813095000000001,13.5,0.0,0.0,0.0,4.683095000000001
2025-04-29 10:00:00,1.36,0.0,0.0,1.36,5.3122489999999996,13.5,0.0,0.0,0.0,3.9522489999999992
2025-04-29 11:00:00,2.52,0.4597846153846154,0.0,2.9797846153846153,5.501256000000001,13.5,0.0,0.0,0.0,2.5214713846153853
2025-04-29 12:00:00,0.22,0.4597846153846154,0.0,0.6797846153846154,5.291682,13.5,0.0,0.0,0.0,4.611897384615384
2025-04-29 13:00:00,0.1,0.4597846153846154,0.0,0.5597846153846154,4.7701400000000005,13.5,0.0,0.0,0.0,4.210355384615385
2025-04-29 14:00:00,0.12,0.0,0.0,0.12,3.9484969999999997,13.5,0.0,0.0,0.0,3.8284969999999996
2025-04-29 15:00:00,0.1,0.0,0.0,0.1,2.825041,13.5,0.0,0.0,0.0,2.725041
2025-04-29 16:00:00,0.11,0.0,0.0,0.11,1.37995,13.5,0.0,0.0,0.0,1.26995
2025-04-29 17:00:00,0.33,0.0,0.0,0.33,0.33617899999999995,13.5,0.0,0.0,0.0,0.0061789999999999345
2025-04-29 18:00:00,1.5799999999999998,0.0,0.0,1.5799999999999998,0.085303,12.005303,0.0,1.494697,0.0,0.0
2025-04-29 19:00:00,0.16,0.0,0.0,0.16,0.0,11.845303,0.0,0.16,0.0,0.0
2025-04-29 20:00:00,0.5700000000000001,0.0,0.0,0.5700000000000001,0.0,11.275303,0.0,0.5700000000000001,0.0,0.0
2025-04-29 21:00:00,0.72,0.0,0.0,0.72,0.0,10.555302999999999,0.0,0.72,0.0,0.0
2025-04-29 22:00:00,0.38,0.0,0.0,0.38,0.0,10.175302999999998,0.0,0.38,0.0,0.0
2025-04-29 23:00:00,0.13,0.0,0.0,0.13,0.0,10.045302999999997,0.0,0.13,0.0,0.0
2025-04-30 00:00:00,0.11,0.0,0.0,0.11,0.0,9.935302999999998,0.0,0.11,0.0,0.0
2025-04-30 01:00:00,0.11,0.0,0.0,0.11,0.0,9.825302999999998,0.0,0.11,0.0,0.0
2025-04-30 02:00:00,0.12,0.0,0.0,0.12,0.0,9.705302999999999,0.0,0.12,0.0,0.0
2025-04-30 03:00:00,0.12,0.0,0.0,0.12,0.0,9.585303,0.0,0.12,0.0,0.0
2025-04-30 04:00:00,0.11,0.0,0.0,0.11,0.0,9.475303,0.0,0.11,0.0,0.0
2025-04-30 05:00:00,0.11,0.0,0.0,0.11,0.010316,9.375619,0.0,0.099684,0.0,0.0
2025-04-30 06:00:00,0.88,0.0,0.0,0.88,1.159747,9.655366,0.2797470000000001,0.0,0.0,0.0
2025-04-30 07:00:00,0.64,0.0,0.0,0.64,2.745234,11.7606,2.105234,0.0,0.0,0.0
2025-04-30 08:00:00,0.15,0.0,2.060693,2.210693,3.950093,13.5,1.7393999999999998,0.0,0.0,0.0
2025-04-30 09:00:00,0.24,0.0,4.579387,4.819387,4.819387,13.5,0.0,0.0,0.0,0.0
2025-04-30 10:00:00,0.14,0.0,5.219760000000001,5.3597600000000005,5.3597600000000005,13.5,0.0,0.0,0.0,0.0
2025-04-30 11:00:00,0.14,0.4597846153846154,4.435034384615385,5.034819000000001,5.034819000000001,13.5,0.0,0.0,0.0,0.0
2025-04-30 12:00:00,0.15,0.4597846153846154,4.135749384615384,4.745533999999999,4.745533999999999,13.5,0.0,0.0,0.0,0.0
2025-04-30 13:00:00,0.17,0.4597846153846154,3.7798513846153856,4.409636000000001,4.409636000000001,13.5,0.0,0.0,0.0,0.0
2025-04-30 14:00:00,0.16,0.0,2.9920579999999997,3.152058,3.152058,13.5,0.0,0.0,0.0,0.0
2025-04-30 15:00:00,0.15,0.0,2.406825,2.556825,2.556825,13.5,0.0,0.0,0.0,0.0
2025-04-30 16:00:00,0.18,0.0,1.1422260000000002,1.3222260000000001,1.3222260000000001,13.5,0.0,0.0,0.0,0.0
2025-04-30 17:00:00,0.13,0.0,0.129353,0.259353,0.259353,13.5,0.0,0.0,0.0,0.0
2025-04-30 18:00:00,0.3399999999999999,0.0,0.0,0.3399999999999999,0.074567,13.234567,0.0,0.2654329999999999,0.0,0.0
2025-04-30 19:00:00,0.18,0.0,0.0,0.18,0.0,13.054567,0.0,0.18,0.0,0.0
2025-04-30 20:00:00,0.3,0.0,0.0,0.3,0.0,12.754567,0.0,0.3,0.0,0.0
2025-04-30 21:00:00,0.25,0.0,0.0,0.25,0.0,12.504567,0.0,0.25,0.0,0.0
2025-04-30 22:00:00,0.16,0.0,0.0,0.16,0.0,12.344567,0.0,0.16,0.0,0.0
2025-04-30 23:00:00,0.11,0.0,0.0,0.11,0.0,12.234567,0.0,0.11,0.0,0.0
2025-05-01 00:00:00,0.11,0.0,0.0,0.11,0.0,12.124567,0.0,0.11,0.0,0.0
2025-05-01 01:00:00,0.1,0.0,0.0,0.1,0.0,12.024567000000001,0.0,0.1,0.0,0.0
2025-05-01 02:00:00,0.11,0.0,0.0,0.11,0.0,11.914567000000002,0.0,0.11,0.0,0.0
2025-05-01 03:00:00,0.16,0.0,0.0,0.16,0.0,11.754567000000002,0.0,0.16,0.0,0.0
2025-05-01 04:00:00,0.93,0.0,0.0,0.93,0.0,10.824567000000002,0.0,0.93,0.0,0.0
2025-05-01 05:00:00,0.6400000000000001,0.0,0.0,0.6400000000000001,0.0,10.184567000000001,0.0,0.6400000000000001,0.0,0.0
2025-05-01 06:00:00,0.49,0.0,0.0,0.49,0.16960499999999998,9.864172000000002,0.0,0.320395,0.0,0.0
2025-05-01 07:00:00,0.26,0.0,0.0,0.26,0.85622,10.460392000000002,0.59622,0.0,0.0,0.0
2025-05-01 08:00:00,0.56,0.0,0.0,0.56,2.411406,12.311798000000003,1.8514059999999999,0.0,0.0,0.0
2025-05-01 09:00:00,0.22,0.0,0.0,0.22,2.662007,13.5,1.1882019999999969,0.0,0.0,1.253805000000003
2025-05-01 10:00:00,0.21,0.0,0.0,0.21,3.719034,13.5,0.0,0.0,0.0,3.509034
2025-05-01 11:00:00,0.22,0.4597846153846154,0.0,0.6797846153846154,3.584216,13.5,0.0,0.0,0.0,2.9044313846153846
2025-05-01 12:00:00,0.22,0.4597846153846154,0.0,0.6797846153846154,3.449239,13.5,0.0,0.0,0.0,2.7694543846153845
2025-05-01 13:00:00,0.22,0.4597846153846154,0.0,0.6797846153846154,3.931578,13.5,0.0,0.0,0.0,3.2517933846153846
2025-05-01 14:00:00,0.22,0.0,0.0,0.22,3.5807480000000003,13.5,0.0,0.0,0.0,3.360748
2025-05-01 15:00:00,0.21,0.0,0.0,0.21,2.679903,13.5,0.0,0.0,0.0,2.469903
2025-05-01 16:00:00,0.21,0.0,0.0,0.21,1.209129,13.5,0.0,0.0,0.0,0.9991289999999999
2025-05-01 17:00:00,0.21,0.0,0.0,0.21,0.324182,13.5,0.0,0.0,0.0,0.11418200000000003
2025-05-01 18:00:00,0.31,0.0,0.0,0.31,0.044194000000000004,13.234194,0.0,0.265806,0.0,0.0
2025-05-01 19:00:00,0.12,0.0,0.0,0.12,0.0,13.114194000000001,0.0,0.12,0.0,0.0
2025-05-01 20:00:00,0.17,0.0,0.0,0.17,0.0,12.944194000000001,0.0,0.17,0.0,0.0
2025-05-01 21:00:00,0.21,0.0,0.0,0.21,0.0,12.734194,0.0,0.21,0.0,0.0
2025-05-01 22:00:00,0.12,0.0,0.0,0.12,0.0,12.614194000000001,0.0,0.12,0.0,0.0
2025-05-01 23:00:00,0.09,0.0,0.0,0.09,0.0,12.524194000000001,0.0,0.09,0.0,0.0
2025-05-02 00:00:00,0.95,0.0,0.0,0.95,0.0,11.574194000000002,0.0,0.95,0.0,0.0
2025-05-02 01:00:00,0.46,0.0,0.0,0.46,0.0,11.114194000000001,0.0,0.46,0.0,0.0
2025-05-02 02:00:00,0.94,0.0,0.0,0.94,0.0,10.174194000000002,0.0,0.94,0.0,0.0
2025-05-02 03:00:00,0.56,0.0,0.0,0.56,0.0,9.614194000000001,0.0,0.56,0.0,0.0
2025-05-02 04:00:00,0.94,0.0,0.0,0.94,0.0,8.674194000000002,0.0,0.94,0.0,0.0
2025-05-02 05:00:00,0.86,0.0,0.0,0.86,0.0,7.814194000000001,0.0,0.86,0.0,0.0
2025-05-02 06:00:00,0.8200000000000001,0.0,0.0,0.8200000000000001,0.262167,7.256361000000002,0.0,0.557833,0.0,0.0
2025-05-02 07:00:00,0.54,0.0,0.0,0.54,0.688881,7.405242000000002,0.14888099999999993,0.0,0.0,0.0
2025-05-02 08:00:00,0.53,0.0,0.0,0.53,0.917264,7.792506000000002,0.38726399999999994,0.0,0.0,0.0
2025-05-02 09:00:00,0.2299999999999999,0.0,0.0,0.2299999999999999,3.253674,10.816180000000003,3.023674,0.0,0.0,0.0
2025-05-02 10:00:00,0.13,0.0,0.0,0.13,2.05757,12.743750000000002,1.9275700000000002,0.0,0.0,0.0
2025-05-02 11:00:00,0.43,0.4597846153846154,1.1219613846153869,2.0117460000000023,2.767996,13.5,0.7562499999999979,0.0,0.0,0.0
2025-05-02 12:00:00,0.29,0.4597846153846154,0.48232538461538443,1.2321099999999998,1.2321099999999998,13.5,0.0,0.0,0.0,0.0
2025-05-02 13:00:00,0.14,0.4597846153846154,0.27739738461538466,0.877182,0.877182,13.5,0.0,0.0,0.0,0.0
2025-05-02 14:00:00,0.2,0.0,0.47290499999999996,0.672905,0.672905,13.5,0.0,0.0,0.0,0.0
2025-05-02 15:00:00,0.11,0.0,0.05479400000000002,0.16479400000000002,0.16479400000000002,13.5,0.0,0.0,0.0,0.0
2025-05-02 16:00:00,0.1,0.0,0.9142609999999999,1.0142609999999999,1.0142609999999999,13.5,0.0,0.0,0.0,0.0
2025-05-02 17:00:00,0.28,0.0,0.06151799999999996,0.341518,0.341518,13.5,0.0,0.0,0.0,0.0
2025-05-02 18:00:00,0.19,0.0,0.0,0.19,0.0,13.31,0.0,0.19,0.0,0.0
2025-05-02 19:00:00,0.12,0.0,0.0,0.12,0.0,13.190000000000001,0.0,0.12,0.0,0.0
2025-05-02 20:00:00,0.47,0.0,0.0,0.47,0.0,12.72,0.0,0.47,0.0,0.0
2025-05-02 21:00:00,0.36,0.0,0.0,0.36,0.0,12.360000000000001,0.0,0.36,0.0,0.0
2025-05-02 22:00:00,0.53,0.0,0.0,0.53,0.0,11.830000000000002,0.0,0.53,0.0,0.0
2025-05-02 23:00:00,0.1,0.0,0.0,0.1,0.0,11.730000000000002,0.0,0.1,0.0,0.0
2025-05-03 00:00:00,0.39,0.0,0.0,0.39,0.0,11.340000000000002,0.0,0.39,0.0,0.0
2025-05-03 01:00:00,0.56,0.0,0.0,0.56,0.0,10.780000000000001,0.0,0.56,0.0,0.0
2025-05-03 02:00:00,0.5700000000000001,0.0,0.0,0.5700000000000001,0.0,10.21,0.0,0.5700000000000001,0.0,0.0
2025-05-03 03:00:00,0.8099999999999999,0.0,0.0,0.8099999999999999,0.0,9.4,0.0,0.8099999999999999,0.0,0.0
2025-05-03 04:00:00,0.76,0.0,0.0,0.76,0.0,8.64,0.0,0.76,0.0,0.0
2025-05-03 05:00:00,0.59,0.0,0.0,0.59,0.0,8.05,0.0,0.59,0.0,0.0
2025-05-03 06:00:00,0.8,0.0,0.0,0.8,0.327733,7.577733,0.0,0.47226700000000005,0.0,0.0
2025-05-03 07:00:00,1.33,0.0,0.0,1.33,1.081796,7.329529,0.0,0.2482040000000001,0.0,0.0
2025-05-03 08:00:00,1.63,0.0,0.0,1.63,1.811024,7.510553,0.18102400000000007,0.0,0.0,0.0
2025-05-03 09:00:00,0.6,0.0,0.0,0.6,2.8769679999999997,9.787521,2.2769679999999997,0.0,0.0,0.0
2025-05-03 10:00:00,0.6399999999999999,0.0,0.0,0.6399999999999999,2.309506,11.457027,1.669506,0.0,0.0,0.0
2025-05-03 11:00:00,0.2299999999999999,0.4597846153846154,0.0,0.6897846153846153,2.035023,12.802265384615385,1.3452383846153846,0.0,0.0,0.0
2025-05-03 12:00:00,0.26,0.4597846153846154,2.76844576923077,3.4882303846153855,4.185965,13.5,0.6977346153846149,0.0,0.0,0.0
2025-05-03 13:00:00,0.19,0.4597846153846154,4.208646384615384,4.8584309999999995,4.8584309999999995,13.5,0.0,0.0,0.0,0.0
2025-05-03 14:00:00,0.27,0.0,3.766645,4.036645,4.036645,13.5,0.0,0.0,0.0,0.0
2025-05-03 15:00:00,0.19,0.0,0.9901635384615304,1.1801635384615303,2.875442,13.5,0.0,0.0,0.0,1.6952784615384697
2025-05-03 16:00:00,0.11,0.0,0.0,0.11,1.297772,13.5,0.0,0.0,0.0,1.1877719999999998
2025-05-03 17:00:00,0.1699999999999999,0.0,0.0,0.1699999999999999,0.47507900000000003,13.5,0.0,0.0,0.0,0.3050790000000001
2025-05-03 18:00:00,0.1699999999999999,0.0,0.0,0.1699999999999999,0.108727,13.438727,0.0,0.0612729999999999,0.0,0.0
2025-05-03 19:00:00,0.29,0.0,0.0,0.29,0.0,13.148727000000001,0.0,0.29,0.0,0.0
2025-05-03 20:00:00,0.37,0.0,0.0,0.37,0.0,12.778727000000002,0.0,0.37,0.0,0.0
2025-05-03 21:00:00,0.35,0.0,0.0,0.35,0.0,12.428727000000002,0.0,0.35,0.0,0.0
2025-05-03 22:00:00,0.18,0.0,0.0,0.18,0.0,12.248727000000002,0.0,0.18,0.0,0.0
2025-05-03 23:00:00,0.1,0.0,0.0,0.1,0.0,12.148727000000003,0.0,0.1,0.0,0.0
2025-05-04 00:00:00,0.6000000000000001,0.0,0.0,0.6000000000000001,0.0,11.548727000000003,0.0,0.6000000000000001,0.0,0.0
2025-05-04 01:00:00,1.01,0.0,0.0,1.01,0.0,10.538727000000003,0.0,1.01,0.0,0.0
2025-05-04 02:00:00,0.96,0.0,0.0,0.96,0.0,9.578727000000004,0.0,0.96,0.0,0.0
2025-05-04 03:00:00,1.01,0.0,0.0,1.01,0.0,8.568727000000004,0.0,1.01,0.0,0.0
2025-05-04 04:00:00,0.96,0.0,0.0,0.96,0.0,7.6087270000000045,0.0,0.96,0.0,0.0
2025-05-04 05:00:00,0.68,0.0,0.0,0.68,0.038649,6.967376000000004,0.0,0.641351,0.0,0.0
2025-05-04 06:00:00,1.02,0.0,0.0,1.02,0.181127,6.128503000000004,0.0,0.838873,0.0,0.0
2025-05-04 07:00:00,0.66,0.0,0.0,0.66,1.019347,6.4878500000000034,0.35934699999999997,0.0,0.0,0.0
2025-05-04 08:00:00,0.14,0.0,0.0,0.14,1.6602080000000001,8.008058000000004,1.5202080000000002,0.0,0.0,0.0
2025-05-04 09:00:00,0.1,0.0,0.0,0.1,1.154301,9.062359000000004,1.054301,0.0,0.0,0.0
2025-05-04 10:00:00,0.1,0.0,0.0,0.1,3.4608049999999997,12.423164000000003,3.3608049999999996,0.0,0.0,0.0
2025-05-04 11:00:00,0.1,0.3678276923076923,0.0,0.4678276923076923,3.871615,13.5,1.0768359999999966,0.0,0.0,2.326951307692311
2025-05-04 12:00:00,0.16,0.3678276923076923,0.0,0.5278276923076923,5.509546,13.5,0.0,0.0,0.0,4.981718307692308
2025-05-04 13:00:00,3.11,0.3678276923076923,0.0,3.477827692307692,5.00239,13.5,0.0,0.0,0.0,1.524562307692308
2025-05-04 14:00:00,1.81,0.0,0.0,1.81,4.137701,13.5,0.0,0.0,0.0,2.327701
2025-05-04 15:00:00,0.16,0.0,0.0,0.16,2.932197,13.5,0.0,0.0,0.0,2.772197
2025-05-04 16:00:00,0.11,0.0,0.0,0.11,1.3953019999999998,13.5,0.0,0.0,0.0,1.2853019999999997
2025-05-04 17:00:00,0.1,0.0,0.0,0.1,0.278227,13.5,0.0,0.0,0.0,0.178227
2025-05-04 18:00:00,0.28,0.0,0.0,0.28,0.100517,13.320517,0.0,0.17948300000000003,0.0,0.0
2025-05-04 19:00:00,0.18,0.0,0.0,0.18,0.0,13.140517000000001,0.0,0.18,0.0,0.0
2025-05-04 20:00:00,0.14,0.0,0.0,0.14,0.0,13.000517,0.0,0.14,0.0,0.0
2025-05-04 21:00:00,0.11,0.0,0.0,0.11,0.0,12.890517000000001,0.0,0.11,0.0,0.0
2025-05-04 22:00:00,0.16,0.0,0.0,0.16,0.0,12.730517,0.0,0.16,0.0,0.0
2025-05-04 23:00:00,0.1,0.0,0.0,0.1,0.0,12.630517000000001,0.0,0.1,0.0,0.0
2025-05-05 00:00:00,0.1,0.0,0.0,0.1,0.0,12.530517000000001,0.0,0.1,0.0,0.0
2025-05-05 01:00:00,0.11,0.0,0.0,0.11,0.0,12.420517000000002,0.0,0.11,0.0,0.0
2025-05-05 02:00:00,0.2,0.0,0.0,0.2,0.0,12.220517000000003,0.0,0.2,0.0,0.0
2025-05-05 03:00:00,0.12,0.0,0.0,0.12,0.0,12.100517000000004,0.0,0.12,0.0,0.0
2025-05-05 04:00:00,0.42,0.0,0.0,0.42,0.0,11.680517000000004,0.0,0.42,0.0,0.0
2025-05-05 05:00:00,0.39,0.0,0.0,0.39,0.047667,11.338184000000004,0.0,0.342333,0.0,0.0
2025-05-05 06:00:00,0.4,0.0,0.0,0.4,0.902857,11.841041000000004,0.502857,0.0,0.0,0.0
2025-05-05 07:00:00,0.19,0.0,0.0,0.19,2.301529,13.5,1.6589589999999959,0.0,0.0,0.45257000000000414
2025-05-05 08:00:00,0.18,0.0,0.0,0.18,3.614965,13.5,0.0,0.0,0.0,3.434965
2025-05-05 09:00:00,0.18,0.0,0.0,0.18,4.893107,13.5,0.0,0.0,0.0,4.713107
2025-05-05 10:00:00,0.15,0.0,0.0,0.15,5.530372000000001,13.5,0.0,0.0,0.0,5.380372
2025-05-05 11:00:00,0.2,0.3678276923076923,0.0,0.5678276923076924,5.723368000000001,13.5,0.0,0.0,0.0,5.155540307692308
2025-05-05 12:00:00,0.19,0.3678276923076923,0.0,0.5578276923076924,5.008876,13.5,0.0,0.0,0.0,4.451048307692307
2025-05-05 13:00:00,0.18,0.3678276923076923,0.0,0.5478276923076923,4.463887,13.5,0.0,0.0,0.0,3.9160593076923074
2025-05-05 14:00:00,0.18,0.0,0.0,0.18,4.045761,13.5,0.0,0.0,0.0,3.8657609999999996
2025-05-05 15:00:00,0.6200000000000001,0.0,0.0,0.6200000000000001,2.877585,13.5,0.0,0.0,0.0,2.2575849999999997
2025-05-05 16:00:00,0.63,0.0,0.0,0.63,1.4663130000000002,13.5,0.0,0.0,0.0,0.8363130000000002
2025-05-05 17:00:00,0.11,0.0,0.0,0.11,0.29236700000000004,13.5,0.0,0.0,0.0,0.18236700000000006
2025-05-05 18:00:00,0.18,0.0,0.0,0.18,0.08695699999999999,13.406957,0.0,0.093043,0.0,0.0
2025-05-05 19:00:00,0.2,0.0,0.0,0.2,0.0,13.206957000000001,0.0,0.2,0.0,0.0
2025-05-05 20:00:00,0.26,0.0,0.0,0.26,0.0,12.946957000000001,0.0,0.26,0.0,0.0
2025-05-05 21:00:00,0.28,0.0,0.0,0.28,0.0,12.666957000000002,0.0,0.28,0.0,0.0
2025-05-05 22:00:00,0.22,0.0,0.0,0.22,0.0,12.446957000000001,0.0,0.22,0.0,0.0
2025-05-05 23:00:00,0.14,0.0,0.0,0.14,0.0,12.306957,0.0,0.14,0.0,0.0
2025-05-06 00:00:00,0.11,0.0,0.0,0.11,0.0,12.196957000000001,0.0,0.11,0.0,0.0
2025-05-06 01:00:00,0.14,0.0,0.0,0.14,0.0,12.056957,0.0,0.14,0.0,0.0
2025-05-06 02:00:00,0.19,0.0,0.0,0.19,0.0,11.866957000000001,0.0,0.19,0.0,0.0
2025-05-06 03:00:00,0.19,0.0,0.0,0.19,0.0,11.676957000000002,0.0,0.19,0.0,0.0
2025-05-06 04:00:00,0.19,0.0,0.0,0.19,0.0,11.486957000000002,0.0,0.19,0.0,0.0
2025-05-06 05:00:00,0.19,0.0,0.0,0.19,0.035988,11.332945000000002,0.0,0.154012,0.0,0.0
2025-05-06 06:00:00,0.22,0.0,0.0,0.22,1.286737,12.399682000000002,1.066737,0.0,0.0,0.0
2025-05-06 07:00:00,0.15,0.0,0.0,0.15,2.873393,13.5,1.100317999999998,0.0,0.0,1.6230750000000023
2025-05-06 08:00:00,0.1,0.0,0.0,0.1,4.118056999999999,13.5,0.0,0.0,0.0,4.018057
2025-05-06 09:00:00,0.1,0.0,0.0,0.1,4.988653,13.5,0.0,0.0,0.0,4.888653000000001
2025-05-06 10:00:00,0.11,0.0,0.0,0.11,4.670153,13.5,0.0,0.0,0.0,4.560153
2025-05-06 11:00:00,0.1,0.3678276923076923,0.0,0.4678276923076923,4.216951,13.5,0.0,0.0,0.0,3.7491233076923076
2025-05-06 12:00:00,0.11,0.3678276923076923,0.0,0.4778276923076923,4.136198,13.5,0.0,0.0,0.0,3.6583703076923078
2025-05-06 13:00:00,0.1,0.3678276923076923,0.0,0.4678276923076923,3.8163,13.5,0.0,0.0,0.0,3.3484723076923077
2025-05-06 14:00:00,0.1,0.0,0.0,0.1,0.9049550000000001,13.5,0.0,0.0,0.0,0.8049550000000001
2025-05-06 15:00:00,0.1,0.0,0.0,0.1,1.240501,13.5,0.0,0.0,0.0,1.140501
2025-05-06 16:00:00,0.11,0.0,0.0,0.11,0.34198,13.5,0.0,0.0,0.0,0.23198000000000002
2025-05-06 17:00:00,0.11,0.0,0.0,0.11,0.490165,13.5,0.0,0.0,0.0,0.38016500000000003
2025-05-06 18:00:00,0.28,0.0,0.0,0.28,0.104461,13.324461,0.0,0.17553900000000003,0.0,0.0
2025-05-06 19:00:00,0.35,0.0,0.0,0.35,0.0,12.974461,0.0,0.35,0.0,0.0
2025-05-06 20:00:00,0.51,0.0,0.0,0.51,0.0,12.464461,0.0,0.51,0.0,0.0
2025-05-06 21:00:00,0.19,0.0,0.0,0.19,0.0,12.274461,0.0,0.19,0.0,0.0
2025-05-06 22:00:00,0.14,0.0,0.0,0.14,0.0,12.134461,0.0,0.14,0.0,0.0
2025-05-06 23:00:00,0.1,0.0,0.0,0.1,0.0,12.034461,0.0,0.1,0.0,0.0
2025-05-07 00:00:00,0.1,0.0,0.0,0.1,0.0,11.934461,0.0,0.1,0.0,0.0
2025-05-07 01:00:00,0.1,0.0,0.0,0.1,0.0,11.834461000000001,0.0,0.1,0.0,0.0
2025-05-07 02:00:00,0.1,0.0,0.0,0.1,0.0,11.734461000000001,0.0,0.1,0.0,0.0
2025-05-07 03:00:00,0.1,0.0,0.0,0.1,0.0,11.634461000000002,0.0,0.1,0.0,0.0
2025-05-07 04:00:00,0.11,0.0,0.0,0.11,0.0,11.524461000000002,0.0,0.11,0.0,0.0
2025-05-07 05:00:00,0.92,0.0,0.0,0.92,0.070801,10.675262000000002,0.0,0.849199,0.0,0.0
2025-05-07 06:00:00,0.39,0.0,0.0,0.39,0.5223450000000001,10.807607000000003,0.13234500000000005,0.0,0.0,0.0
2025-05-07 07:00:00,0.26,0.0,0.0,0.26,1.352632,11.900239000000003,1.092632,0.0,0.0,0.0
2025-05-07 08:00:00,0.38,0.0,0.0,0.38,1.677565,13.197804000000003,1.297565,0.0,0.0,0.0
2025-05-07 09:00:00,0.13,0.0,4.645442000000004,4.7754420000000035,5.077638,13.5,0.3021959999999968,0.0,0.0,0.0
2025-05-07 10:00:00,0.15,0.0,5.418559,5.5685590000000005,5.5685590000000005,13.5,0.0,0.0,0.0,0.0
2025-05-07 11:00:00,0.15,0.3678276923076923,5.223992307692307,5.74182,5.74182,13.5,0.0,0.0,0.0,0.0
2025-05-07 12:00:00,0.18,0.3678276923076923,4.992006307692307,5.539833999999999,5.539834,13.5,0.0,0.0,0.0,0.0
2025-05-07 13:00:00,0.14,0.3678276923076923,4.476523307692307,4.984351,4.984350999999999,13.5,0.0,0.0,0.0,0.0
2025-05-07 14:00:00,0.14,0.0,3.98493,4.12493,4.12493,13.5,0.0,0.0,0.0,0.0
2025-05-07 15:00:00,0.15,0.0,2.780082,2.930082,2.930082,13.5,0.0,0.0,0.0,0.0
2025-05-07 16:00:00,0.11,0.0,1.3493249999999999,1.459325,1.459325,13.5,0.0,0.0,0.0,0.0
2025-05-07 17:00:00,1.45,0.0,0.0,1.45,0.431889,12.481889,0.0,1.018111,0.0,0.0
2025-05-07 18:00:00,1.36,0.0,0.0,1.36,0.138406,11.260295000000001,0.0,1.221594,0.0,0.0
2025-05-07 19:00:00,0.23,0.0,0.0,0.23,0.0,11.030295,0.0,0.23,0.0,0.0
2025-05-07 20:00:00,0.14,0.0,0.0,0.14,0.0,10.890295,0.0,0.14,0.0,0.0
2025-05-07 21:00:00,0.12,0.0,0.0,0.12,0.0,10.770295,0.0,0.12,0.0,0.0
2025-05-07 22:00:00,0.14,0.0,0.0,0.14,0.0,10.630295,0.0,0.14,0.0,0.0
2025-05-07 23:00:00,0.1,0.0,0.0,0.1,0.0,10.530295,0.0,0.1,0.0,0.0
2025-05-08 00:00:00,0.09,0.0,0.0,0.09,0.0,10.440295,0.0,0.09,0.0,0.0
2025-05-08 01:00:00,0.11,0.0,0.0,0.11,0.0,10.330295000000001,0.0,0.11,0.0,0.0
2025-05-08 02:00:00,0.45,0.0,0.0,0.45,0.0,9.880295000000002,0.0,0.45,0.0,0.0
2025-05-08 03:00:00,0.55,0.0,0.0,0.55,0.0,9.330295000000001,0.0,0.55,0.0,0.0
2025-05-08 04:00:00,0.56,0.0,0.0,0.56,0.0,8.770295,0.0,0.56,0.0,0.0
2025-05-08 05:00:00,0.92,0.0,0.0,0.92,0.0,7.850295000000001,0.0,0.92,0.0,0.0
2025-05-08 06:00:00,0.41,0.0,0.0,0.41,0.685761,8.126056,0.275761,0.0,0.0,0.0
2025-05-08 07:00:00,0.97,0.0,0.0,0.97,2.8058069999999997,9.961863,1.8358069999999997,0.0,0.0,0.0
2025-05-08 08:00:00,0.8099999999999999,0.0,0.0,0.8099999999999999,4.085319,13.237181999999999,3.275319,0.0,0.0,0.0
2025-05-08 09:00:00,1.26,0.0,0.0,1.26,5.036264,13.5,0.2628180000000011,0.0,0.0,3.513445999999999
2025-05-08 10:00:00,0.6699999999999999,0.0,0.0,0.6699999999999999,5.670201,13.5,0.0,0.0,0.0,5.000201
2025-05-08 11:00:00,0.62,0.3678276923076923,0.0,0.9878276923076923,5.866223,13.5,0.0,0.0,0.0,4.8783953076923074
2025-05-08 12:00:00,0.32,0.3678276923076923,0.0,0.6878276923076923,5.649634,13.5,0.0,0.0,0.0,4.961806307692307
2025-05-08 13:00:00,0.31,0.3678276923076923,0.0,0.6778276923076922,5.065018,13.5,0.0,0.0,0.0,4.387190307692308
2025-05-08 14:00:00,0.11,0.0,0.0,0.11,4.174339,13.5,0.0,0.0,0.0,4.0643389999999995
2025-05-08 15:00:00,0.1,0.0,0.0,0.1,2.952956,13.5,0.0,0.0,0.0,2.852956
2025-05-08 16:00:00,0.1,0.0,0.0,0.1,1.463179,13.5,0.0,0.0,0.0,1.363179
2025-05-08 17:00:00,0.1,0.0,0.0,0.1,0.376221,13.5,0.0,0.0,0.0,0.27622100000000005
2025-05-08 18:00:00,1.72,0.0,0.0,1.72,0.140392,11.920392,0.0,1.579608,0.0,0.0
2025-05-08 19:00:00,0.18,0.0,0.0,0.18,0.0,11.740392,0.0,0.18,0.0,0.0
2025-05-08 20:00:00,0.19,0.0,0.0,0.19,0.0,11.550392,0.0,0.19,0.0,0.0
2025-05-08 21:00:00,0.15,0.0,0.0,0.15,0.0,11.400392,0.0,0.15,0.0,0.0
2025-05-08 22:00:00,0.18,0.0,0.0,0.18,0.0,11.220392,0.0,0.18,0.0,0.0
2025-05-08 23:00:00,0.1,0.0,0.0,0.1,0.0,11.120392,0.0,0.1,0.0,0.0
2025-05-09 00:00:00,0.11,0.0,0.0,0.11,0.0,11.010392000000001,0.0,0.11,0.0,0.0
2025-05-09 01:00:00,0.1,0.0,0.0,0.1,0.0,10.910392000000002,0.0,0.1,0.0,0.0
2025-05-09 02:00:00,0.1,0.0,0.0,0.1,0.0,10.810392000000002,0.0,0.1,0.0,0.0
2025-05-09 03:00:00,0.4600000000000001,0.0,0.0,0.4600000000000001,0.0,10.350392000000001,0.0,0.4600000000000001,0.0,0.0
2025-05-09 04:00:00,0.5599999999999999,0.0,0.0,0.5599999999999999,0.0,9.790392,0.0,0.5599999999999999,0.0,0.0
2025-05-09 05:00:00,1.01,0.0,0.0,1.01,0.074866,8.855258000000001,0.0,0.935134,0.0,0.0
2025-05-09 06:00:00,0.11,0.0,0.0,0.11,1.392598,10.137856000000001,1.282598,0.0,0.0,0.0
2025-05-09 07:00:00,0.21,0.0,0.0,0.21,2.991395,12.919251000000001,2.781395,0.0,0.0,0.0
2025-05-09 08:00:00,0.2299999999999999,0.0,3.4246290000000013,3.6546290000000012,4.235378,13.5,0.5807489999999991,0.0,0.0,0.0
2025-05-09 09:00:00,0.27,0.0,4.881207999999999,5.151207999999999,5.151208,13.5,0.0,0.0,0.0,0.0
2025-05-09 10:00:00,0.18,0.0,4.823303076923075,5.003303076923075,5.643233,13.5,0.0,0.0,0.0,0.6399299230769255
2025-05-09 11:00:00,0.15,0.9195692307692308,0.0,1.0695692307692308,5.828533999999999,13.5,0.0,0.0,0.0,4.758964769230769
2025-05-09 12:00:00,0.17,0.9195692307692308,0.0,1.0895692307692308,5.634609,13.5,0.0,0.0,0.0,4.545039769230769
2025-05-09 13:00:00,0.24,0.9195692307692308,0.0,1.1595692307692307,5.073668,13.5,0.0,0.0,0.0,3.914098769230769
2025-05-09 14:00:00,0.1699999999999999,0.0,0.0,0.1699999999999999,4.177468,13.5,0.0,0.0,0.0,4.007468
2025-05-09 15:00:00,0.17,0.0,0.0,0.17,2.9757179999999996,13.5,0.0,0.0,0.0,2.8057179999999997
2025-05-09 16:00:00,0.16,0.0,0.0,0.16,1.427929,13.5,0.0,0.0,0.0,1.267929
2025-05-09 17:00:00,0.11,0.0,0.0,0.11,0.296755,13.5,0.0,0.0,0.0,0.186755
2025-05-09 18:00:00,0.27,0.0,0.0,0.27,0.117408,13.347408,0.0,0.152592,0.0,0.0
2025-05-09 19:00:00,0.1699999999999999,0.0,0.0,0.1699999999999999,0.0,13.177408,0.0,0.1699999999999999,0.0,0.0
2025-05-09 20:00:00,0.18,0.0,0.0,0.18,0.0,12.997408,0.0,0.18,0.0,0.0
2025-05-09 21:00:00,0.33,0.0,0.0,0.33,0.0,12.667408,0.0,0.33,0.0,0.0
2025-05-09 22:00:00,0.1699999999999999,0.0,0.0,0.1699999999999999,0.0,12.497408,0.0,0.1699999999999999,0.0,0.0
2025-05-09 23:00:00,0.11,0.0,0.0,0.11,0.0,12.387408,0.0,0.11,0.0,0.0
2025-05-10 00:00:00,0.11,0.0,0.0,0.11,0.0,12.277408000000001,0.0,0.11,0.0,0.0
2025-05-10 01:00:00,0.1,0.0,0.0,0.1,0.0,12.177408000000002,0.0,0.1,0.0,0.0
2025-05-10 02:00:00,0.09,0.0,0.0,0.09,0.0,12.087408000000002,0.0,0.09,0.0,0.0
2025-05-10 03:00:00,0.1,0.0,0.0,0.1,0.0,11.987408000000002,0.0,0.1,0.0,0.0
2025-05-10 04:00:00,0.1,0.0,0.0,0.1,0.0,11.887408000000002,0.0,0.1,0.0,0.0
2025-05-10 05:00:00,0.41,0.0,0.0,0.41,0.089467,11.566875000000003,0.0,0.32053299999999996,0.0,0.0
2025-05-10 06:00:00,0.8799999999999999,0.0,0.0,0.8799999999999999,1.4052229999999999,12.092098000000004,0.525223,0.0,0.0,0.0
2025-05-10 07:00:00,0.34,0.0,0.0,0.34,2.9755149999999997,13.5,1.4079019999999964,0.0,0.0,1.2276130000000034
2025-05-10 08:00:00,0.19,0.0,0.0,0.19,4.140975999999999,13.5,0.0,0.0,0.0,3.9509759999999994
2025-05-10 09:00:00,0.12,0.0,0.0,0.12,4.919752000000001,13.5,0.0,0.0,0.0,4.799752000000001
2025-05-10 10:00:00,0.12,0.0,0.0,0.12,5.369236,13.5,0.0,0.0,0.0,5.249236
2025-05-10 11:00:00,0.16,0.9195692307692308,0.0,1.0795692307692308,5.572212,13.5,0.0,0.0,0.0,4.49264276923077
2025-05-10 12:00:00,0.31,0.9195692307692308,0.0,1.2295692307692307,5.402444999999999,13.5,0.0,0.0,0.0,4.172875769230768
2025-05-10 13:00:00,0.26,0.9195692307692308,0.0,1.1795692307692307,4.914078000000001,13.5,0.0,0.0,0.0,3.73450876923077
2025-05-10 14:00:00,0.25,0.0,0.0,0.25,4.076592,13.5,0.0,0.0,0.0,3.8265919999999998
2025-05-10 15:00:00,0.22,0.0,0.0,0.22,2.915448,13.5,0.0,0.0,0.0,2.695448
2025-05-10 16:00:00,0.2,0.0,0.0,0.2,1.406348,13.5,0.0,0.0,0.0,1.206348
2025-05-10 17:00:00,0.1,0.0,0.0,0.1,0.29349000000000003,13.5,0.0,0.0,0.0,0.19349000000000002
2025-05-10 18:00:00,0.1699999999999999,0.0,0.0,0.1699999999999999,0.121457,13.451457,0.0,0.048542999999999906,0.0,0.0
2025-05-10 19:00:00,0.13,0.0,0.0,0.13,0.0,13.321456999999999,0.0,0.13,0.0,0.0
2025-05-10 20:00:00,0.23,0.0,0.0,0.23,0.0,13.091456999999998,0.0,0.23,0.0,0.0
2025-05-10 21:00:00,0.25,0.0,0.0,0.25,0.0,12.841456999999998,0.0,0.25,0.0,0.0
2025-05-10 22:00:00,0.5700000000000001,0.0,0.0,0.5700000000000001,0.0,12.271456999999998,0.0,0.5700000000000001,0.0,0.0
2025-05-10 23:00:00,0.63,0.0,0.0,0.63,0.0,11.641456999999997,0.0,0.63,0.0,0.0
2025-05-11 00:00:00,0.1,0.0,0.0,0.1,0.0,11.541456999999998,0.0,0.1,0.0,0.0
2025-05-11 01:00:00,0.1,0.0,0.0,0.1,0.0,11.441456999999998,0.0,0.1,0.0,0.0
2025-05-11 02:00:00,0.46,0.0,0.0,0.46,0.0,10.981456999999997,0.0,0.46,0.0,0.0
2025-05-11 03:00:00,0.56,0.0,0.0,0.56,0.0,10.421456999999997,0.0,0.56,0.0,0.0
2025-05-11 04:00:00,1.02,0.0,0.0,1.02,0.0,9.401456999999997,0.0,1.02,0.0,0.0
2025-05-11 05:00:00,0.57,0.0,0.0,0.57,0.09493,8.926386999999997,0.0,0.47506999999999994,0.0,0.0
2025-05-11 06:00:00,0.5,0.0,0.0,0.5,0.48429700000000003,8.910683999999996,0.0,0.015702999999999967,0.0,0.0
2025-05-11 07:00:00,1.94,0.0,0.0,1.94,1.28659,8.257273999999995,0.0,0.65341,0.0,0.0
2025-05-11 08:00:00,1.02,0.0,0.0,1.02,4.121267,11.358540999999995,3.1012669999999996,0.0,0.0,0.0
2025-05-11 09:00:00,0.19,0.0,0.0,0.19,3.1560590000000004,13.5,2.1414590000000047,0.0,0.0,0.8245999999999958
2025-05-11 10:00:00,0.16,0.0,0.0,0.16,3.496983,13.5,0.0,0.0,0.0,3.336983
2025-05-11 11:00:00,0.14,0.2653098901098901,0.0,0.4053098901098901,5.555097,13.5,0.0,0.0,0.0,5.14978710989011
2025-05-11 12:00:00,0.13,0.2653098901098901,0.0,0.3953098901098901,5.36045,13.5,0.0,0.0,0.0,4.96514010989011
2025-05-11 13:00:00,0.26,0.2653098901098901,0.0,0.52530989010989,4.826655,13.5,0.0,0.0,0.0,4.30134510989011
2025-05-11 14:00:00,0.22,0.0,0.0,0.22,4.0192,13.5,0.0,0.0,0.0,3.7991999999999995
2025-05-11 15:00:00,0.24,0.0,0.0,0.24,2.863588,13.5,0.0,0.0,0.0,2.623588
2025-05-11 16:00:00,0.13,0.0,0.0,0.13,1.390081,13.5,0.0,0.0,0.0,1.260081
2025-05-11 17:00:00,0.12,0.0,0.0,0.12,0.321784,13.5,0.0,0.0,0.0,0.20178400000000002
2025-05-11 18:00:00,0.13,0.0,0.0,0.13,0.133899,13.5,0.0,0.0,0.0,0.003898999999999986
2025-05-11 19:00:00,0.16,0.0,0.0,0.16,0.0,13.34,0.0,0.16,0.0,0.0
2025-05-11 20:00:00,0.26,0.0,0.0,0.26,0.0,13.08,0.0,0.26,0.0,0.0
2025-05-11 21:00:00,0.26,0.0,0.0,0.26,0.0,12.82,0.0,0.26,0.0,0.0
2025-05-11 22:00:00,0.15,0.0,0.0,0.15,0.0,12.67,0.0,0.15,0.0,0.0
2025-05-11 23:00:00,0.11,0.0,0.0,0.11,0.0,12.56,0.0,0.11,0.0,0.0
2025-05-12 00:00:00,0.11,0.0,0.0,0.11,0.0,12.450000000000001,0.0,0.11,0.0,0.0
2025-05-12 01:00:00,0.11,0.0,0.0,0.11,0.0,12.340000000000002,0.0,0.11,0.0,0.0
2025-05-12 02:00:00,0.11,0.0,0.0,0.11,0.0,12.230000000000002,0.0,0.11,0.0,0.0
2025-05-12 03:00:00,0.12,0.0,0.0,0.12,0.0,12.110000000000003,0.0,0.12,0.0,0.0
2025-05-12 04:00:00,0.11,0.0,0.0,0.11,0.0,12.000000000000004,0.0,0.11,0.0,0.0
2025-05-12 05:00:00,0.4499999999999999,0.0,0.0,0.4499999999999999,0.117657,11.667657000000004,0.0,0.3323429999999999,0.0,0.0
2025-05-12 06:00:00,0.49,0.0,0.0,0.49,0.48891399999999996,11.666571000000003,0.0,0.0010860000000000314,0.0,0.0
2025-05-12 07:00:00,0.51,0.0,0.0,0.51,2.948658,13.5,1.833428999999997,0.0,0.0,0.6052290000000031
2025-05-12 08:00:00,0.4800000000000001,0.0,0.0,0.4800000000000001,4.109611,13.5,0.0,0.0,0.0,3.629611
2025-05-12 09:00:00,0.19,0.0,0.0,0.19,4.871156,13.5,0.0,0.0,0.0,4.681156
2025-05-12 10:00:00,0.15,0.0,0.0,0.15,5.346264,13.5,0.0,0.0,0.0,5.196263999999999
2025-05-12 11:00:00,0.22,0.2653098901098901,0.0,0.4853098901098901,5.484890999999999,13.5,0.0,0.0,0.0,4.9995811098901095
2025-05-12 12:00:00,0.22,0.2653098901098901,0.0,0.4853098901098901,5.335734,13.5,0.0,0.0,0.0,4.850424109890111
2025-05-12 13:00:00,0.29,0.2653098901098901,0.0,0.5553098901098901,4.8278609999999995,13.5,0.0,0.0,0.0,4.2725511098901094
2025-05-12 14:00:00,0.24,0.0,0.0,0.24,4.024858,13.5,0.0,0.0,0.0,3.784858
2025-05-12 15:00:00,0.15,0.0,0.0,0.15,2.886473,13.5,0.0,0.0,0.0,2.736473
2025-05-12 16:00:00,0.28,0.0,0.0,0.28,1.39104,13.5,0.0,0.0,0.0,1.11104
2025-05-12 17:00:00,0.17,0.0,0.0,0.17,0.28099599999999997,13.5,0.0,0.0,0.0,0.11099599999999996
2025-05-12 18:00:00,0.31,0.0,0.0,0.31,0.125027,13.315027,0.0,0.184973,0.0,0.0
2025-05-12 19:00:00,0.14,0.0,0.0,0.14,0.0,13.175027,0.0,0.14,0.0,0.0
2025-05-12 20:00:00,0.24,0.0,0.0,0.24,0.0,12.935027,0.0,0.24,0.0,0.0
2025-05-12 21:00:00,0.21,0.0,0.0,0.21,0.0,12.725026999999999,0.0,0.21,0.0,0.0
2025-05-12 22:00:00,0.1,0.0,0.0,0.1,0.0,12.625027,0.0,0.1,0.0,0.0
2025-05-12 23:00:00,0.11,0.0,0.0,0.11,0.0,12.515027,0.0,0.11,0.0,0.0
2025-05-13 00:00:00,0.09,0.0,0.0,0.09,0.0,12.425027,0.0,0.09,0.0,0.0
2025-05-13 01:00:00,0.1,0.0,0.0,0.1,0.0,12.325027,0.0,0.1,0.0,0.0
2025-05-13 02:00:00,0.1,0.0,0.0,0.1,0.0,12.225027,0.0,0.1,0.0,0.0
2025-05-13 03:00:00,0.11,0.0,0.0,0.11,0.0,12.115027000000001,0.0,0.11,0.0,0.0
2025-05-13 04:00:00,0.55,0.0,0.0,0.55,0.0,11.565027,0.0,0.55,0.0,0.0
2025-05-13 05:00:00,0.74,0.0,0.0,0.74,0.124546,10.949573000000001,0.0,0.615454,0.0,0.0
2025-05-13 06:00:00,0.11,0.0,0.0,0.11,0.43877499999999997,11.278348000000001,0.328775,0.0,0.0,0.0
2025-05-13 07:00:00,0.12,0.0,0.0,0.12,1.0481310000000001,12.206479000000002,0.9281310000000002,0.0,0.0,0.0
2025-05-13 08:00:00,0.43,0.0,0.0,0.43,1.1430930000000001,12.919572000000002,0.7130930000000002,0.0,0.0,0.0
2025-05-13 09:00:00,0.1,0.0,0.0,0.1,2.166623,13.5,0.5804279999999977,0.0,0.0,1.4861950000000022
2025-05-13 10:00:00,0.09,0.0,0.0,0.09,3.5515239999999997,13.5,0.0,0.0,0.0,3.461524
2025-05-13 11:00:00,0.09,0.2653098901098901,0.0,0.3553098901098901,4.009829,13.5,0.0,0.0,0.0,3.65451910989011
2025-05-13 12:00:00,0.1,0.2653098901098901,0.0,0.3653098901098901,3.907008,13.5,0.0,0.0,0.0,3.5416981098901097
2025-05-13 13:00:00,0.1,0.2653098901098901,0.0,0.3653098901098901,2.34847,13.5,0.0,0.0,0.0,1.9831601098901097
2025-05-13 14:00:00,0.11,0.0,0.0,0.11,2.110353,13.5,0.0,0.0,0.0,2.000353
2025-05-13 15:00:00,0.1,0.0,0.0,0.1,1.4902149999999998,13.5,0.0,0.0,0.0,1.3902149999999998
2025-05-13 16:00:00,0.1,0.0,0.0,0.1,1.014812,13.5,0.0,0.0,0.0,0.9148120000000001
2025-05-13 17:00:00,0.14,0.0,0.0,0.14,0.393947,13.5,0.0,0.0,0.0,0.253947
2025-05-13 18:00:00,0.11,0.0,0.0,0.11,0.138055,13.5,0.0,0.0,0.0,0.02805500000000001
2025-05-13 19:00:00,0.1,0.0,0.0,0.1,0.0,13.4,0.0,0.1,0.0,0.0
2025-05-13 20:00:00,0.19,0.0,0.0,0.19,0.0,13.21,0.0,0.19,0.0,0.0
2025-05-13 21:00:00,0.26,0.0,0.0,0.26,0.0,12.950000000000001,0.0,0.26,0.0,0.0
2025-05-13 22:00:00,0.32,0.0,0.0,0.32,0.0,12.63,0.0,0.32,0.0,0.0
2025-05-13 23:00:00,0.1,0.0,0.0,0.1,0.0,12.530000000000001,0.0,0.1,0.0,0.0
2025-05-14 00:00:00,0.1,0.0,0.0,0.1,0.0,12.430000000000001,0.0,0.1,0.0,0.0
2025-05-14 01:00:00,0.1,0.0,0.0,0.1,0.0,12.330000000000002,0.0,0.1,0.0,0.0
2025-05-14 02:00:00,0.54,0.0,0.0,0.54,0.0,11.790000000000003,0.0,0.54,0.0,0.0
2025-05-14 03:00:00,0.49,0.0,0.0,0.49,0.0,11.300000000000002,0.0,0.49,0.0,0.0
2025-05-14 04:00:00,0.94,0.0,0.0,0.94,0.0,10.360000000000003,0.0,0.94,0.0,0.0
2025-05-14 05:00:00,0.5499999999999999,0.0,0.0,0.5499999999999999,0.127877,9.937877000000004,0.0,0.4221229999999999,0.0,0.0
2025-05-14 06:00:00,0.5700000000000001,0.0,0.0,0.5700000000000001,0.401209,9.769086000000003,0.0,0.16879100000000008,0.0,0.0
2025-05-14 07:00:00,0.21,0.0,0.0,0.21,0.27899599999999997,9.838082000000004,0.06899599999999997,0.0,0.0,0.0
2025-05-14 08:00:00,0.21,0.0,0.0,0.21,1.184056,10.812138000000004,0.974056,0.0,0.0,0.0
2025-05-14 09:00:00,0.2,0.0,0.0,0.2,1.071978,11.684116000000005,0.8719780000000001,0.0,0.0,0.0
2025-05-14 10:00:00,0.1699999999999999,0.0,0.0,0.1699999999999999,1.102646,12.616762000000005,0.9326460000000001,0.0,0.0,0.0
2025-05-14 11:00:00,0.11,0.2653098901098901,0.8556901098901146,1.2310000000000048,2.114238,13.5,0.8832379999999951,0.0,0.0,0.0
2025-05-14 12:00:00,0.22,0.2653098901098901,1.77722810989011,2.262538,2.262538,13.5,0.0,0.0,0.0,0.0
2025-05-14 13:00:00,0.11,0.2653098901098901,3.97941310989011,4.354723,4.354723,13.5,0.0,0.0,0.0,0.0
2025-05-14 14:00:00,0.11,0.0,2.4668780000000003,2.5768780000000002,2.5768780000000002,13.5,0.0,0.0,0.0,0.0
2025-05-14 15:00:00,0.1,0.0,2.249295,2.349295,2.349295,13.5,0.0,0.0,0.0,0.0
2025-05-14 16:00:00,0.11,0.0,0.9229000000000002,1.0329000000000002,1.0329000000000002,13.5,0.0,0.0,0.0,0.0
2025-05-14 17:00:00,1.05,0.0,0.0,1.05,0.421885,12.871885,0.0,0.628115,0.0,0.0
2025-05-14 18:00:00,2.0500000000000003,0.0,0.0,2.0500000000000003,0.161917,10.983802,0.0,1.8880830000000002,0.0,0.0
2025-05-14 19:00:00,0.16,0.0,0.0,0.16,0.0,10.823802,0.0,0.16,0.0,0.0
2025-05-14 20:00:00,0.56,0.0,0.0,0.56,0.0,10.263802,0.0,0.56,0.0,0.0
2025-05-14 21:00:00,0.16,0.0,0.0,0.16,0.0,10.103802,0.0,0.16,0.0,0.0
2025-05-14 22:00:00,0.43,0.0,0.0,0.43,0.0,9.673802,0.0,0.43,0.0,0.0
2025-05-14 23:00:00,0.28,0.0,0.0,0.28,0.0,9.393802,0.0,0.28,0.0,0.0
2025-05-15 00:00:00,0.6000000000000001,0.0,0.0,0.6000000000000001,0.0,8.793802000000001,0.0,0.6000000000000001,0.0,0.0
2025-05-15 01:00:00,0.1,0.0,0.0,0.1,0.0,8.693802000000002,0.0,0.1,0.0,0.0
2025-05-15 02:00:00,0.1,0.0,0.0,0.1,0.0,8.593802000000002,0.0,0.1,0.0,0.0
2025-05-15 03:00:00,0.79,0.0,0.0,0.79,0.0,7.803802000000002,0.0,0.79,0.0,0.0
2025-05-15 04:00:00,0.82,0.0,0.0,0.82,0.0,6.983802000000002,0.0,0.82,0.0,0.0
2025-05-15 05:00:00,0.6400000000000001,0.0,0.0,0.6400000000000001,0.13625,6.4800520000000015,0.0,0.5037500000000001,0.0,0.0
2025-05-15 06:00:00,0.58,0.0,0.0,0.58,0.305589,6.205641000000002,0.0,0.27441099999999996,0.0,0.0
2025-05-15 07:00:00,0.13,0.0,0.0,0.13,1.539193,7.614834000000002,1.4091930000000001,0.0,0.0,0.0
2025-05-15 08:00:00,0.09,0.0,0.0,0.09,2.030977,9.555811000000002,1.940977,0.0,0.0,0.0
2025-05-15 09:00:00,0.1,0.0,0.0,0.1,5.061317,13.5,3.944188999999998,0.0,0.0,1.0171280000000023
2025-05-15 10:00:00,0.1,0.0,0.0,0.1,5.601589,13.5,0.0,0.0,0.0,5.501589
2025-05-15 11:00:00,0.11,0.2653098901098901,0.0,0.3753098901098901,5.739962,13.5,0.0,0.0,0.0,5.36465210989011
2025-05-15 12:00:00,0.1,0.2653098901098901,0.0,0.3653098901098901,5.526732,13.5,0.0,0.0,0.0,5.161422109890109
2025-05-15 13:00:00,0.11,0.2653098901098901,0.0,0.3753098901098901,4.998970999999999,13.5,0.0,0.0,0.0,4.623661109890109
2025-05-15 14:00:00,0.1,0.0,0.0,0.1,4.104715000000001,13.5,0.0,0.0,0.0,4.004715000000001
2025-05-15 15:00:00,0.11,0.0,0.0,0.11,2.928551,13.5,0.0,0.0,0.0,2.8185510000000003
2025-05-15 16:00:00,0.1,0.0,0.0,0.1,1.46449,13.5,0.0,0.0,0.0,1.36449
2025-05-15 17:00:00,0.1,0.0,0.0,0.1,0.382238,13.5,0.0,0.0,0.0,0.282238
2025-05-15 18:00:00,2.39,0.0,0.0,2.39,0.158285,11.268284999999999,0.0,2.2317150000000003,0.0,0.0
2025-05-15 19:00:00,0.86,0.0,0.0,0.86,0.0,10.408285,0.0,0.86,0.0,0.0
2025-05-15 20:00:00,0.21,0.0,0.0,0.21,0.0,10.198284999999998,0.0,0.21,0.0,0.0
2025-05-15 21:00:00,0.1699999999999999,0.0,0.0,0.1699999999999999,0.0,10.028284999999999,0.0,0.1699999999999999,0.0,0.0
2025-05-15 22:00:00,0.16,0.0,0.0,0.16,0.0,9.868284999999998,0.0,0.16,0.0,0.0
2025-05-15 23:00:00,0.11,0.0,0.0,0.11,0.0,9.758284999999999,0.0,0.11,0.0,0.0
2025-05-16 00:00:00,0.11,0.0,0.0,0.11,0.0,9.648285,0.0,0.11,0.0,0.0
2025-05-16 01:00:00,0.1,0.0,0.0,0.1,0.0,9.548285,0.0,0.1,0.0,0.0
2025-05-16 02:00:00,0.1,0.0,0.0,0.1,0.0,9.448285,0.0,0.1,0.0,0.0
2025-05-16 03:00:00,0.09,0.0,0.0,0.09,0.0,9.358285,0.0,0.09,0.0,0.0
2025-05-16 04:00:00,0.72,0.0,0.0,0.72,0.0,8.638285,0.0,0.72,0.0,0.0
2025-05-16 05:00:00,0.8600000000000001,0.0,0.0,0.8600000000000001,0.076194,7.8544789999999995,0.0,0.7838060000000001,0.0,0.0
2025-05-16 06:00:00,0.49,0.0,0.0,0.49,1.445395,8.809873999999999,0.955395,0.0,0.0,0.0
2025-05-16 07:00:00,0.27,0.0,0.0,0.27,2.992623,11.532497,2.722623,0.0,0.0,0.0
2025-05-16 08:00:00,0.22,0.0,2.0105669999999987,2.230566999999999,4.1980699999999995,13.5,1.9675030000000007,0.0,0.0,0.0
2025-05-16 09:00:00,0.12,0.0,4.950333,5.070333,5.070333,13.5,0.0,0.0,0.0,0.0
2025-05-16 10:00:00,0.17,0.0,4.0996049999999995,4.269604999999999,4.269604999999999,13.5,0.0,0.0,0.0,0.0
2025-05-16 11:00:00,0.14,0.2653098901098901,4.371540109890111,4.7768500000000005,4.7768500000000005,13.5,0.0,0.0,0.0,0.0
2025-05-16 12:00:00,0.11,0.2653098901098901,5.11873610989011,5.494046,5.494046,13.5,0.0,0.0,0.0,0.0
2025-05-16 13:00:00,0.16,0.2653098901098901,4.01180210989011,4.437112,4.437112,13.5,0.0,0.0,0.0,0.0
2025-05-16 14:00:00,0.11,0.0,3.581131,3.691131,3.691131,13.5,0.0,0.0,0.0,0.0
2025-05-16 15:00:00,0.11,0.0,2.262734,2.372734,2.372734,13.5,0.0,0.0,0.0,0.0
2025-05-16 16:00:00,0.12,0.0,1.237832,1.3578320000000001,1.3578320000000001,13.5,0.0,0.0,0.0,0.0
2025-05-16 17:00:00,1.17,0.0,0.0,1.17,0.321774,12.651774,0.0,0.8482259999999999,0.0,0.0
2025-05-16 18:00:00,1.41,0.0,0.0,1.41,0.16441399999999998,11.406188,0.0,1.2455859999999999,0.0,0.0
2025-05-16 19:00:00,0.23,0.0,0.0,0.23,0.0,11.176188,0.0,0.23,0.0,0.0
2025-05-16 20:00:00,0.38,0.0,0.0,0.38,0.0,10.796187999999999,0.0,0.38,0.0,0.0
2025-05-16 21:00:00,0.21,0.0,0.0,0.21,0.0,10.586187999999998,0.0,0.21,0.0,0.0
2025-05-16 22:00:00,0.16,0.0,0.0,0.16,0.0,10.426187999999998,0.0,0.16,0.0,0.0
2025-05-16 23:00:00,0.11,0.0,0.0,0.11,0.0,10.316187999999999,0.0,0.11,0.0,0.0
2025-05-17 00:00:00,0.11,0.0,0.0,0.11,0.0,10.206188,0.0,0.11,0.0,0.0
2025-05-17 01:00:00,0.09,0.0,0.0,0.09,0.0,10.116188,0.0,0.09,0.0,0.0
2025-05-17 02:00:00,0.1,0.0,0.0,0.1,0.0,10.016188,0.0,0.1,0.0,0.0
2025-05-17 03:00:00,0.6000000000000001,0.0,0.0,0.6000000000000001,0.0,9.416188,0.0,0.6000000000000001,0.0,0.0
2025-05-17 04:00:00,0.5599999999999999,0.0,0.0,0.5599999999999999,0.0,8.856188,0.0,0.5599999999999999,0.0,0.0
2025-05-17 05:00:00,0.94,0.0,0.0,0.94,0.13600299999999999,8.052190999999999,0.0,0.803997,0.0,0.0
2025-05-17 06:00:00,0.63,0.0,0.0,0.63,1.454663,8.876853999999998,0.824663,0.0,0.0,0.0
2025-05-17 07:00:00,0.65,0.0,0.0,0.65,2.352224,10.579077999999999,1.7022240000000002,0.0,0.0,0.0
2025-05-17 08:00:00,0.66,0.0,0.6972819999999986,1.3572819999999988,4.278204,13.5,2.920922000000001,0.0,0.0,0.0
2025-05-17 09:00:00,0.11,0.0,1.4070333406593392,1.5170333406593393,5.108193,13.5,0.0,0.0,0.0,3.5911596593406605
2025-05-17 10:00:00,0.1,0.0,0.0,0.1,5.630111,13.5,0.0,0.0,0.0,5.530111000000001
2025-05-17 11:00:00,0.11,0.2653098901098901,0.0,0.3753098901098901,5.774983,13.5,0.0,0.0,0.0,5.399673109890109
2025-05-17 12:00:00,0.15,0.2653098901098901,0.0,0.41530989010989006,5.561546999999999,13.5,0.0,0.0,0.0,5.146237109890109
2025-05-17 13:00:00,0.11,0.2653098901098901,0.0,0.3753098901098901,5.022117000000001,13.5,0.0,0.0,0.0,4.64680710989011
2025-05-17 14:00:00,0.13,0.0,0.0,0.13,4.138565,13.5,0.0,0.0,0.0,4.008565
2025-05-17 15:00:00,0.15,0.0,0.0,0.15,2.9595830000000003,13.5,0.0,0.0,0.0,2.8095830000000004
2025-05-17 16:00:00,0.22,0.0,0.0,0.22,1.4365340000000002,13.5,0.0,0.0,0.0,1.2165340000000002
2025-05-17 17:00:00,0.11,0.0,0.0,0.11,0.309821,13.5,0.0,0.0,0.0,0.19982100000000003
2025-05-17 18:00:00,0.32,0.0,0.0,0.32,0.152761,13.332761,0.0,0.167239,0.0,0.0
2025-05-17 19:00:00,0.13,0.0,0.0,0.13,0.0,13.202760999999999,0.0,0.13,0.0,0.0
2025-05-17 20:00:00,0.16,0.0,0.0,0.16,0.0,13.042760999999999,0.0,0.16,0.0,0.0
2025-05-17 21:00:00,0.13,0.0,0.0,0.13,0.0,12.912760999999998,0.0,0.13,0.0,0.0
2025-05-17 22:00:00,0.2,0.0,0.0,0.2,0.0,12.712760999999999,0.0,0.2,0.0,0.0
2025-05-17 23:00:00,0.6100000000000001,0.0,0.0,0.6100000000000001,0.0,12.102761,0.0,0.6100000000000001,0.0,0.0
2025-05-18 00:00:00,0.5599999999999999,0.0,0.0,0.5599999999999999,0.0,11.542760999999999,0.0,0.5599999999999999,0.0,0.0
2025-05-18 01:00:00,0.7000000000000001,0.0,0.0,0.7000000000000001,0.0,10.842761,0.0,0.7000000000000001,0.0,0.0
2025-05-18 02:00:00,0.85,0.0,0.0,0.85,0.0,9.992761,0.0,0.85,0.0,0.0
2025-05-18 03:00:00,1.27,0.0,0.0,1.27,0.0,8.722761,0.0,1.27,0.0,0.0
2025-05-18 04:00:00,0.64,0.0,0.0,0.64,0.0,8.082761,0.0,0.64,0.0,0.0
2025-05-18 05:00:00,1.0,0.0,0.0,1.0,0.183621,7.266382,0.0,0.816379,0.0,0.0
2025-05-18 06:00:00,1.02,0.0,0.0,1.02,1.538397,7.784779,0.518397,0.0,0.0,0.0
2025-05-18 07:00:00,0.27,0.0,0.0,0.27,3.09491,10.609689,2.82491,0.0,0.0,0.0
2025-05-18 08:00:00,0.45,0.0,0.0,0.45,4.286384,13.5,2.8903110000000005,0.0,0.0,0.9460729999999993
2025-05-18 09:00:00,0.22,0.0,0.0,0.22,5.1249899999999995,13.5,0.0,0.0,0.0,4.90499
2025-05-18 10:00:00,0.21,0.0,0.0,0.21,5.581096,13.5,0.0,0.0,0.0,5.371096
2025-05-18 11:00:00,0.22,0.4597846153846154,0.0,0.6797846153846154,5.706593,13.5,0.0,0.0,0.0,5.026808384615384
2025-05-18 12:00:00,0.2299999999999999,0.4597846153846154,0.0,0.6897846153846153,5.474349,13.5,0.0,0.0,0.0,4.7845643846153845
2025-05-18 13:00:00,0.5800000000000001,0.4597846153846154,0.0,1.0397846153846155,4.951912,13.5,0.0,0.0,0.0,3.912127384615385
2025-05-18 14:00:00,2.55,0.0,0.0,2.55,4.088299,13.5,0.0,0.0,0.0,1.5382990000000003
2025-05-18 15:00:00,2.79,0.0,0.0,2.79,2.922198,13.5,0.0,0.0,0.0,0.13219799999999982
2025-05-18 16:00:00,1.16,0.0,0.0,1.16,1.433656,13.5,0.0,0.0,0.0,0.2736560000000001
2025-05-18 17:00:00,0.21,0.0,0.0,0.21,0.277459,13.5,0.0,0.0,0.0,0.06745900000000002
2025-05-18 18:00:00,0.29,0.0,0.0,0.29,0.14052699999999999,13.350527,0.0,0.149473,0.0,0.0
2025-05-18 19:00:00,0.17,0.0,0.0,0.17,0.0,13.180527,0.0,0.17,0.0,0.0
2025-05-18 20:00:00,0.28,0.0,0.0,0.28,0.0,12.900527,0.0,0.28,0.0,0.0
2025-05-18 21:00:00,0.16,0.0,0.0,0.16,0.0,12.740527,0.0,0.16,0.0,0.0
2025-05-18 22:00:00,0.11,0.0,0.0,0.11,0.0,12.630527,0.0,0.11,0.0,0.0
2025-05-18 23:00:00,0.1,0.0,0.0,0.1,0.0,12.530527000000001,0.0,0.1,0.0,0.0
2025-05-19 00:00:00,0.1,0.0,0.0,0.1,0.0,12.430527000000001,0.0,0.1,0.0,0.0
2025-05-19 01:00:00,0.1,0.0,0.0,0.1,0.0,12.330527000000002,0.0,0.1,0.0,0.0
2025-05-19 02:00:00,0.1,0.0,0.0,0.1,0.0,12.230527000000002,0.0,0.1,0.0,0.0
2025-05-19 03:00:00,0.11,0.0,0.0,0.11,0.0,12.120527000000003,0.0,0.11,0.0,0.0
2025-05-19 04:00:00,0.15,0.0,0.0,0.15,0.0,11.970527000000002,0.0,0.15,0.0,0.0
2025-05-19 05:00:00,1.35,0.0,0.0,1.35,0.186118,10.806645000000003,0.0,1.163882,0.0,0.0
2025-05-19 06:00:00,0.6,0.0,0.0,0.6,1.49339,11.700035000000003,0.89339,0.0,0.0,0.0
2025-05-19 07:00:00,0.16,0.0,0.0,0.16,3.005248,13.5,1.7999649999999967,0.0,0.0,1.045283000000003
2025-05-19 08:00:00,0.3299999999999999,0.0,0.0,0.3299999999999999,4.1327169999999995,13.5,0.0,0.0,0.0,3.8027169999999995
2025-05-19 09:00:00,0.29,0.0,0.0,0.29,4.885221,13.5,0.0,0.0,0.0,4.595221
2025-05-19 10:00:00,0.14,0.0,0.0,0.14,5.354014,13.5,0.0,0.0,0.0,5.214014000000001
2025-05-19 11:00:00,0.27,0.4597846153846154,0.0,0.7297846153846155,5.487947,13.5,0.0,0.0,0.0,4.758162384615384
2025-05-19 12:00:00,0.14,0.4597846153846154,0.0,0.5997846153846154,5.2891639999999995,13.5,0.0,0.0,0.0,4.689379384615384
2025-05-19 13:00:00,0.11,0.4597846153846154,0.0,0.5697846153846154,4.792286,13.5,0.0,0.0,0.0,4.222501384615384
2025-05-19 14:00:00,0.16,0.0,0.0,0.16,3.9624520000000003,13.5,0.0,0.0,0.0,3.802452
2025-05-19 15:00:00,0.14,0.0,0.0,0.14,2.850172,13.5,0.0,0.0,0.0,2.710172
2025-05-19 16:00:00,0.21,0.0,0.0,0.21,1.398128,13.5,0.0,0.0,0.0,1.188128
2025-05-19 17:00:00,0.19,0.0,0.0,0.19,0.306593,13.5,0.0,0.0,0.0,0.116593
2025-05-19 18:00:00,0.19,0.0,0.0,0.19,0.145869,13.455869,0.0,0.044131000000000004,0.0,0.0
2025-05-19 19:00:00,0.15,0.0,0.0,0.15,0.0,13.305869,0.0,0.15,0.0,0.0
2025-05-19 20:00:00,0.5700000000000001,0.0,0.0,0.5700000000000001,0.0,12.735869,0.0,0.5700000000000001,0.0,0.0
2025-05-19 21:00:00,0.15,0.0,0.0,0.15,0.0,12.585868999999999,0.0,0.15,0.0,0.0
2025-05-19 22:00:00,0.21,0.0,0.0,0.21,0.0,12.375868999999998,0.0,0.21,0.0,0.0
2025-05-19 23:00:00,0.2,0.0,0.0,0.2,0.0,12.175868999999999,0.0,0.2,0.0,0.0
2025-05-20 00:00:00,0.2,0.0,0.0,0.2,0.0,11.975869,0.0,0.2,0.0,0.0
2025-05-20 01:00:00,0.19,0.0,0.0,0.19,0.0,11.785869,0.0,0.19,0.0,0.0
2025-05-20 02:00:00,0.19,0.0,0.0,0.19,0.0,11.595869,0.0,0.19,0.0,0.0
2025-05-20 03:00:00,0.54,0.0,0.0,0.54,0.0,11.055869000000001,0.0,0.54,0.0,0.0
2025-05-20 04:00:00,0.63,0.0,0.0,0.63,0.0,10.425869,0.0,0.63,0.0,0.0
2025-05-20 05:00:00,0.79,0.0,0.0,0.79,0.182525,9.818394000000001,0.0,0.607475,0.0,0.0
2025-05-20 06:00:00,0.65,0.0,0.0,0.65,1.432394,10.600788000000001,0.7823939999999999,0.0,0.0,0.0
2025-05-20 07:00:00,0.14,0.0,0.0,0.14,2.9107979999999998,13.371586,2.7707979999999997,0.0,0.0,0.0
2025-05-20 08:00:00,0.1,0.0,0.0,0.1,4.02889,13.5,0.12841399999999936,0.0,0.0,3.800476
2025-05-20 09:00:00,0.1,0.0,0.0,0.1,4.819426999999999,13.5,0.0,0.0,0.0,4.719427
2025-05-20 10:00:00,0.1,0.0,0.0,0.1,5.257720999999999,13.5,0.0,0.0,0.0,5.157721
2025-05-20 11:00:00,0.11,0.4597846153846154,0.0,0.5697846153846154,5.391576,13.5,0.0,0.0,0.0,4.821791384615384
2025-05-20 12:00:00,0.1,0.4597846153846154,0.0,0.5597846153846154,5.211034,13.5,0.0,0.0,0.0,4.651249384615384
2025-05-20 13:00:00,0.1,0.4597846153846154,0.0,0.5597846153846154,4.746457,13.5,0.0,0.0,0.0,4.186672384615385
2025-05-20 14:00:00,0.1,0.0,0.0,0.1,3.9495270000000002,13.5,0.0,0.0,0.0,3.849527
2025-05-20 15:00:00,0.1,0.0,0.0,0.1,2.8470720000000003,13.5,0.0,0.0,0.0,2.747072
2025-05-20 16:00:00,0.1,0.0,0.0,0.1,1.395511,13.5,0.0,0.0,0.0,1.2955109999999999
2025-05-20 17:00:00,0.11,0.0,0.0,0.11,0.294874,13.5,0.0,0.0,0.0,0.18487400000000004
2025-05-20 18:00:00,0.26,0.0,0.0,0.26,0.146851,13.386851,0.0,0.113149,0.0,0.0
2025-05-20 19:00:00,0.27,0.0,0.0,0.27,0.0,13.116851,0.0,0.27,0.0,0.0
2025-05-20 20:00:00,0.21,0.0,0.0,0.21,0.0,12.906851,0.0,0.21,0.0,0.0
2025-05-20 21:00:00,0.22,0.0,0.0,0.22,0.0,12.686850999999999,0.0,0.22,0.0,0.0
2025-05-20 22:00:00,0.21,0.0,0.0,0.21,0.0,12.476850999999998,0.0,0.21,0.0,0.0
2025-05-20 23:00:00,0.11,0.0,0.0,0.11,0.0,12.366850999999999,0.0,0.11,0.0,0.0
2025-05-21 00:00:00,0.11,0.0,0.0,0.11,0.0,12.256851,0.0,0.11,0.0,0.0
2025-05-21 01:00:00,0.11,0.0,0.0,0.11,0.0,12.146851,0.0,0.11,0.0,0.0
2025-05-21 02:00:00,0.46,0.0,0.0,0.46,0.0,11.686850999999999,0.0,0.46,0.0,0.0
2025-05-21 03:00:00,0.93,0.0,0.0,0.93,0.0,10.756851,0.0,0.93,0.0,0.0
2025-05-21 04:00:00,0.5599999999999999,0.0,0.0,0.5599999999999999,0.0,10.196850999999999,0.0,0.5599999999999999,0.0,0.0
2025-05-21 05:00:00,0.93,0.0,0.0,0.93,0.187522,9.454372999999999,0.0,0.7424780000000001,0.0,0.0
2025-05-21 06:00:00,0.64,0.0,0.0,0.64,1.42397,10.238342999999999,0.78397,0.0,0.0,0.0
2025-05-21 07:00:00,0.1699999999999999,0.0,0.0,0.1699999999999999,2.895085,12.963427999999999,2.725085,0.0,0.0,0.0
2025-05-21 08:00:00,0.11,0.0,3.375008999999999,3.485008999999999,4.021581,13.5,0.5365720000000014,0.0,0.0,0.0
2025-05-21 09:00:00,0.08,0.0,4.768979999999999,4.848979999999999,4.848979999999999,13.5,0.0,0.0,0.0,0.0
2025-05-21 10:00:00,0.11,0.0,5.159118,5.269118000000001,5.269118000000001,13.5,0.0,0.0,0.0,0.0
2025-05-21 11:00:00,0.11,0.4597846153846154,4.8291963846153845,5.398981,5.398981,13.5,0.0,0.0,0.0,0.0
2025-05-21 12:00:00,0.11,0.4597846153846154,4.657482384615384,5.227266999999999,5.227266999999999,13.5,0.0,0.0,0.0,0.0
2025-05-21 13:00:00,0.11,0.4597846153846154,4.157783384615384,4.727568,4.727568,13.5,0.0,0.0,0.0,0.0
2025-05-21 14:00:00,0.11,0.0,3.819464,3.929464,3.929464,13.5,0.0,0.0,0.0,0.0
2025-05-21 15:00:00,0.11,0.0,2.7207190000000003,2.830719,2.830719,13.5,0.0,0.0,0.0,0.0
2025-05-21 16:00:00,0.11,0.0,1.279055,1.3890550000000002,1.3890550000000002,13.5,0.0,0.0,0.0,0.0
2025-05-21 17:00:00,0.14,0.0,0.346861,0.486861,0.486861,13.5,0.0,0.0,0.0,0.0
2025-05-21 18:00:00,0.48,0.0,0.0,0.48,0.150348,13.170348,0.0,0.32965199999999995,0.0,0.0
2025-05-21 19:00:00,0.29,0.0,0.0,0.29,0.0,12.880348000000001,0.0,0.29,0.0,0.0
2025-05-21 20:00:00,0.19,0.0,0.0,0.19,0.0,12.690348000000002,0.0,0.19,0.0,0.0
2025-05-21 21:00:00,0.26,0.0,0.0,0.26,0.0,12.430348000000002,0.0,0.26,0.0,0.0
2025-05-21 22:00:00,0.25,0.0,0.0,0.25,0.0,12.180348000000002,0.0,0.25,0.0,0.0
2025-05-21 23:00:00,0.21,0.0,0.0,0.21,0.0,11.970348000000001,0.0,0.21,0.0,0.0
2025-05-22 00:00:00,0.19,0.0,0.0,0.19,0.0,11.780348000000002,0.0,0.19,0.0,0.0
2025-05-22 01:00:00,0.5,0.0,0.0,0.5,0.0,11.280348000000002,0.0,0.5,0.0,0.0
2025-05-22 02:00:00,0.54,0.0,0.0,0.54,0.0,10.740348000000001,0.0,0.54,0.0,0.0
2025-05-22 03:00:00,1.02,0.0,0.0,1.02,0.0,9.720348000000001,0.0,1.02,0.0,0.0
2025-05-22 04:00:00,0.64,0.0,0.0,0.64,0.0,9.080348,0.0,0.64,0.0,0.0
2025-05-22 05:00:00,0.89,0.0,0.0,0.89,0.194197,8.384545000000001,0.0,0.695803,0.0,0.0
2025-05-22 06:00:00,0.53,0.0,0.0,0.53,0.5353479999999999,8.389893,0.005347999999999908,0.0,0.0,0.0
2025-05-22 07:00:00,0.13,0.0,0.0,0.13,2.127998,10.387891,1.997998,0.0,0.0,0.0
2025-05-22 08:00:00,0.11,0.0,0.0,0.11,3.132911,13.410802,3.022911,0.0,0.0,0.0
2025-05-22 09:00:00,0.36,0.0,0.0,0.36,3.709118,13.5,0.08919799999999967,0.0,0.0,3.2599200000000006
2025-05-22 10:00:00,0.61,0.0,0.0,0.61,4.319707999999999,13.5,0.0,0.0,0.0,3.7097079999999996
2025-05-22 11:00:00,0.5800000000000001,0.6130461538461539,0.0,1.1930461538461539,4.471853,13.5,0.0,0.0,0.0,3.2788068461538464
2025-05-22 12:00:00,0.47,0.6130461538461539,0.0,1.083046153846154,5.305796,13.5,0.0,0.0,0.0,4.222749846153846
2025-05-22 13:00:00,0.13,0.6130461538461539,0.0,0.7430461538461539,4.785777,13.5,0.0,0.0,0.0,4.042730846153846
2025-05-22 14:00:00,0.11,0.0,0.0,0.11,3.980133,13.5,0.0,0.0,0.0,3.870133
2025-05-22 15:00:00,0.1,0.0,0.0,0.1,2.877131,13.5,0.0,0.0,0.0,2.777131
2025-05-22 16:00:00,0.1,0.0,0.0,0.1,1.4247539999999999,13.5,0.0,0.0,0.0,1.3247539999999998
2025-05-22 17:00:00,0.1,0.0,0.0,0.1,0.31909899999999997,13.5,0.0,0.0,0.0,0.21909899999999996
2025-05-22 18:00:00,0.18,0.0,0.0,0.18,0.164154,13.484154,0.0,0.015846,0.0,0.0
2025-05-22 19:00:00,0.12,0.0,0.0,0.12,0.0,13.364154000000001,0.0,0.12,0.0,0.0
2025-05-22 20:00:00,0.12,0.0,0.0,0.12,0.0,13.244154000000002,0.0,0.12,0.0,0.0
2025-05-22 21:00:00,0.24,0.0,0.0,0.24,0.0,13.004154000000002,0.0,0.24,0.0,0.0
2025-05-22 22:00:00,0.25,0.0,0.0,0.25,0.0,12.754154000000002,0.0,0.25,0.0,0.0
2025-05-22 23:00:00,0.21,0.0,0.0,0.21,0.0,12.544154,0.0,0.21,0.0,0.0
2025-05-23 00:00:00,0.21,0.0,0.0,0.21,0.0,12.334154,0.0,0.21,0.0,0.0
2025-05-23 01:00:00,0.21,0.0,0.0,0.21,0.0,12.124153999999999,0.0,0.21,0.0,0.0
2025-05-23 02:00:00,0.63,0.0,0.0,0.63,0.0,11.494153999999998,0.0,0.63,0.0,0.0
2025-05-23 03:00:00,0.64,0.0,0.0,0.64,0.0,10.854153999999998,0.0,0.64,0.0,0.0
2025-05-23 04:00:00,1.02,0.0,0.0,1.02,0.0,9.834153999999998,0.0,1.02,0.0,0.0
2025-05-23 05:00:00,0.58,0.0,0.0,0.58,0.202533,9.456686999999999,0.0,0.377467,0.0,0.0
2025-05-23 06:00:00,1.04,0.0,0.0,1.04,0.7662100000000001,9.182896999999999,0.0,0.27379,0.0,0.0
2025-05-23 07:00:00,0.65,0.0,0.0,0.65,2.94235,11.475247,2.29235,0.0,0.0,0.0
2025-05-23 08:00:00,0.24,0.0,1.798621999999999,2.0386219999999993,4.063375,13.5,2.0247530000000005,0.0,0.0,0.0
2025-05-23 09:00:00,0.18,0.0,2.7333339999999997,2.913334,2.913334,13.5,0.0,0.0,0.0,0.0
2025-05-23 10:00:00,0.13,0.0,3.505823,3.635823,3.635823,13.5,0.0,0.0,0.0,0.0
2025-05-23 11:00:00,0.1,0.6130461538461539,2.8485528461538507,3.5615990000000046,5.437893,13.5,0.0,0.0,0.0,1.8762939999999952
2025-05-23 12:00:00,0.21,0.6130461538461539,0.0,0.8230461538461539,5.219278,13.5,0.0,0.0,0.0,4.396231846153846
2025-05-23 13:00:00,0.14,0.6130461538461539,0.0,0.7530461538461539,3.006521,13.5,0.0,0.0,0.0,2.2534748461538463
2025-05-23 14:00:00,0.15,0.0,0.0,0.15,1.9771690000000002,13.5,0.0,0.0,0.0,1.8271690000000003
2025-05-23 15:00:00,1.31,0.0,0.0,1.31,1.441571,13.5,0.0,0.0,0.0,0.13157099999999988
2025-05-23 16:00:00,1.74,0.0,0.0,1.74,0.950444,12.710444,0.0,0.789556,0.0,0.0
2025-05-23 17:00:00,1.09,0.0,0.0,1.09,0.387293,12.007737,0.0,0.7027070000000001,0.0,0.0
2025-05-23 18:00:00,2.28,0.0,0.0,2.28,0.160742,9.888479,0.0,2.119258,0.0,0.0
2025-05-23 19:00:00,1.55,0.0,0.0,1.55,0.0,8.338479,0.0,1.55,0.0,0.0
2025-05-23 20:00:00,0.8999999999999999,0.0,0.0,0.8999999999999999,0.0,7.438478999999999,0.0,0.8999999999999999,0.0,0.0
2025-05-23 21:00:00,1.16,0.0,0.0,1.16,0.0,6.278478999999999,0.0,1.16,0.0,0.0
2025-05-23 22:00:00,1.71,0.0,0.0,1.71,0.0,4.568478999999999,0.0,1.71,0.0,0.0
2025-05-23 23:00:00,1.45,0.0,0.0,1.45,0.0,3.118478999999999,0.0,1.45,0.0,0.0
2025-05-24 00:00:00,0.2,0.0,0.0,0.2,0.0,2.9184789999999987,0.0,0.2,0.0,0.0
2025-05-24 01:00:00,0.2,0.0,0.0,0.2,0.0,2.7184789999999985,0.0,0.2,0.0,0.0
2025-05-24 02:00:00,0.3,0.0,0.0,0.3,0.0,2.4184789999999987,0.0,0.3,0.0,0.0
2025-05-24 03:00:00,0.22,0.0,0.0,0.22,0.0,2.1984789999999985,0.0,0.22,0.0,0.0
2025-05-24 04:00:00,0.19,0.0,0.0,0.19,0.0,2.0084789999999986,0.0,0.19,0.0,0.0
2025-05-24 05:00:00,0.54,0.0,0.0,0.54,0.207214,1.6756929999999985,0.0,0.332786,0.0,0.0
2025-05-24 06:00:00,0.76,0.0,0.0,0.76,1.492915,2.4086079999999983,0.732915,0.0,0.0,0.0
2025-05-24 07:00:00,0.85,0.0,0.0,0.85,0.687316,2.2459239999999983,0.0,0.16268399999999994,0.0,0.0
2025-05-24 08:00:00,0.66,0.0,0.0,0.66,0.8412029999999999,2.4271269999999983,0.1812029999999999,0.0,0.0,0.0
2025-05-24 09:00:00,0.64,0.0,0.0,0.64,1.262047,3.049173999999998,0.6220469999999999,0.0,0.0,0.0
2025-05-24 10:00:00,2.22,0.0,0.0,2.22,2.741832,3.571005999999998,0.5218319999999999,0.0,0.0,0.0
2025-05-24 11:00:00,1.57,0.6130461538461539,0.0,2.183046153846154,3.321571,4.709530846153844,1.138524846153846,0.0,0.0,0.0
2025-05-24 12:00:00,0.44,0.6130461538461539,0.0,1.053046153846154,2.396417,6.05290169230769,1.343370846153846,0.0,0.0,0.0
2025-05-24 13:00:00,0.53,0.6130461538461539,0.0,1.143046153846154,2.758785,7.668640538461536,1.615738846153846,0.0,0.0,0.0
2025-05-24 14:00:00,0.7,0.0,0.0,0.7,1.510667,8.479307538461535,0.810667,0.0,0.0,0.0
2025-05-24 15:00:00,0.44,0.0,0.0,0.44,1.064927,9.104234538461535,0.624927,0.0,0.0,0.0
2025-05-24 16:00:00,0.4,0.0,0.0,0.4,0.997641,9.701875538461534,0.597641,0.0,0.0,0.0
2025-05-24 17:00:00,0.56,0.0,0.0,0.56,0.561172,9.703047538461535,0.0011719999999999509,0.0,0.0,0.0
2025-05-24 18:00:00,0.67,0.0,0.0,0.67,0.009635999999999999,9.042683538461535,0.0,0.6603640000000001,0.0,0.0
2025-05-24 19:00:00,0.32,0.0,0.0,0.32,0.0,8.722683538461535,0.0,0.32,0.0,0.0
2025-05-24 20:00:00,0.24,0.0,0.0,0.24,0.0,8.482683538461535,0.0,0.24,0.0,0.0
2025-05-24 21:00:00,0.21,0.0,0.0,0.21,0.0,8.272683538461534,0.0,0.21,0.0,0.0
2025-05-24 22:00:00,3.22,0.0,0.0,3.22,0.0,5.052683538461533,0.0,3.22,0.0,0.0
2025-05-24 23:00:00,1.11,0.0,0.0,1.11,0.0,3.942683538461533,0.0,1.11,0.0,0.0
2025-05-25 00:00:00,0.21,0.0,0.0,0.21,0.0,3.732683538461533,0.0,0.21,0.0,0.0
2025-05-25 01:00:00,0.32,0.0,0.0,0.32,0.0,3.412683538461533,0.0,0.32,0.0,0.0
2025-05-25 02:00:00,0.23,0.0,0.0,0.23,0.0,3.182683538461533,0.0,0.23,0.0,0.0
2025-05-25 03:00:00,0.21,0.0,0.0,0.21,0.0,2.972683538461533,0.0,0.21,0.0,0.0
2025-05-25 04:00:00,0.2,0.0,0.0,0.2,0.0,2.772683538461533,0.0,0.2,0.0,0.0
2025-05-25 05:00:00,0.55,0.0,0.0,0.55,0.206581,2.429264538461533,0.0,0.34341900000000003,0.0,0.0
2025-05-25 06:00:00,0.65,0.0,0.0,0.65,0.243666,2.022930538461533,0.0,0.40633400000000003,0.0,0.0
2025-05-25 07:00:00,0.71,0.0,0.0,0.71,1.916765,3.2296955384615327,1.206765,0.0,0.0,0.0
2025-05-25 08:00:00,0.97,0.0,0.0,0.97,2.0739389999999998,4.333634538461532,1.1039389999999998,0.0,0.0,0.0
2025-05-25 09:00:00,0.52,0.0,0.0,0.52,2.558394,6.372028538461532,2.038394,0.0,0.0,0.0
2025-05-25 10:00:00,0.13,0.0,0.0,0.13,2.3739470000000003,8.615975538461532,2.2439470000000004,0.0,0.0,0.0
2025-05-25 11:00:00,0.34,0.9195692307692308,0.0,1.2595692307692308,3.42851,10.784916307692301,2.1689407692307694,0.0,0.0,0.0
2025-05-25 12:00:00,0.14,0.9195692307692308,0.0,1.0595692307692308,3.073741,12.79908807692307,2.014171769230769,0.0,0.0,0.0
2025-05-25 13:00:00,0.39,0.9195692307692308,0.0,1.3095692307692308,2.503964,13.5,0.7009119230769301,0.0,0.0,0.49348284615383897
2025-05-25 14:00:00,0.35,0.0,0.0,0.35,2.198219,13.5,0.0,0.0,0.0,1.8482189999999998
2025-05-25 15:00:00,0.25,0.0,0.0,0.25,1.803409,13.5,0.0,0.0,0.0,1.553409
2025-05-25 16:00:00,0.31,0.0,0.0,0.31,1.149111,13.5,0.0,0.0,0.0,0.8391109999999999
2025-05-25 17:00:00,0.26,0.0,0.0,0.26,0.501435,13.5,0.0,0.0,0.0,0.24143499999999996
2025-05-25 18:00:00,0.25,0.0,0.0,0.25,0.13743100000000003,13.387431,0.0,0.11256899999999997,0.0,0.0
2025-05-25 19:00:00,0.24,0.0,0.0,0.24,0.0,13.147431,0.0,0.24,0.0,0.0
2025-05-25 20:00:00,0.14,0.0,0.0,0.14,0.0,13.007430999999999,0.0,0.14,0.0,0.0
2025-05-25 21:00:00,0.15,0.0,0.0,0.15,0.0,12.857430999999998,0.0,0.15,0.0,0.0
2025-05-25 22:00:00,1.89,0.0,0.0,1.89,0.0,10.967430999999998,0.0,1.89,0.0,0.0
2025-05-25 23:00:00,0.32,0.0,0.0,0.32,0.0,10.647430999999997,0.0,0.32,0.0,0.0
2025-05-26 00:00:00,0.32,0.0,0.0,0.32,0.0,10.327430999999997,0.0,0.32,0.0,0.0
2025-05-26 01:00:00,0.21,0.0,0.0,0.21,0.0,10.117430999999996,0.0,0.21,0.0,0.0
2025-05-26 02:00:00,0.22,0.0,0.0,0.22,0.0,9.897430999999996,0.0,0.22,0.0,0.0
2025-05-26 03:00:00,0.19,0.0,0.0,0.19,0.0,9.707430999999996,0.0,0.19,0.0,0.0
2025-05-26 04:00:00,0.72,0.0,0.0,0.72,0.0,8.987430999999996,0.0,0.72,0.0,0.0
2025-05-26 05:00:00,0.87,0.0,0.0,0.87,0.173674,8.291104999999995,0.0,0.696326,0.0,0.0
2025-05-26 06:00:00,0.6499999999999999,0.0,0.0,0.6499999999999999,0.948604,8.589708999999996,0.2986040000000001,0.0,0.0,0.0
2025-05-26 07:00:00,1.83,0.0,0.0,1.83,2.4696700000000003,9.229378999999996,0.6396700000000002,0.0,0.0,0.0
2025-05-26 08:00:00,1.41,0.0,0.0,1.41,4.023324,11.842702999999997,2.6133239999999995,0.0,0.0,0.0
2025-05-26 09:00:00,0.14,0.0,0.0,0.14,4.820749,13.5,1.6572970000000034,0.0,0.0,3.023451999999997
2025-05-26 10:00:00,0.22,0.0,0.0,0.22,5.369634,13.5,0.0,0.0,0.0,5.149634
2025-05-26 11:00:00,0.11,0.9195692307692308,0.0,1.0295692307692308,5.518281,13.5,0.0,0.0,0.0,4.488711769230769
2025-05-26 12:00:00,0.11,0.9195692307692308,0.0,1.0295692307692308,5.325843,13.5,0.0,0.0,0.0,4.296273769230769
2025-05-26 13:00:00,0.11,0.9195692307692308,0.0,1.0295692307692308,4.813236,13.5,0.0,0.0,0.0,3.783666769230769
2025-05-26 14:00:00,0.11,0.0,0.0,0.11,3.994808,13.5,0.0,0.0,0.0,3.884808
2025-05-26 15:00:00,2.0,0.0,0.0,2.0,2.889045,13.5,0.0,0.0,0.0,0.8890449999999999
2025-05-26 16:00:00,3.49,0.0,0.0,3.49,1.415543,11.425543,0.0,2.074457,0.0,0.0
2025-05-26 17:00:00,2.57,0.0,0.0,2.57,0.253536,9.109079,0.0,2.316464,0.0,0.0
2025-05-26 18:00:00,0.9,0.0,0.0,0.9,0.121952,8.331031,0.0,0.7780480000000001,0.0,0.0
2025-05-26 19:00:00,0.32,0.0,0.0,0.32,0.0,8.011031,0.0,0.32,0.0,0.0
2025-05-26 20:00:00,0.23,0.0,0.0,0.23,0.0,7.781030999999999,0.0,0.23,0.0,0.0
2025-05-26 21:00:00,0.15,0.0,0.0,0.15,0.0,7.631030999999998,0.0,0.15,0.0,0.0
2025-05-26 22:00:00,1.32,0.0,0.0,1.32,0.0,6.311030999999998,0.0,1.32,0.0,0.0
2025-05-26 23:00:00,0.11,0.0,0.0,0.11,0.0,6.201030999999998,0.0,0.11,0.0,0.0
2025-05-27 00:00:00,0.1,0.0,0.0,0.1,0.0,6.101030999999998,0.0,0.1,0.0,0.0
2025-05-27 01:00:00,0.1,0.0,0.0,0.1,0.0,6.0010309999999984,0.0,0.1,0.0,0.0
2025-05-27 02:00:00,0.1,0.0,0.0,0.1,0.0,5.901030999999999,0.0,0.1,0.0,0.0
2025-05-27 03:00:00,0.1,0.0,0.0,0.1,0.0,5.801030999999999,0.0,0.1,0.0,0.0
2025-05-27 04:00:00,0.97,0.0,0.0,0.97,0.0,4.831030999999999,0.0,0.97,0.0,0.0
2025-05-27 05:00:00,0.78,0.0,0.0,0.78,0.217362,4.268393,0.0,0.562638,0.0,0.0
2025-05-27 06:00:00,1.09,0.0,0.0,1.09,1.507128,4.685521,0.41712799999999994,0.0,0.0,0.0
2025-05-27 07:00:00,0.78,0.0,0.0,0.78,2.959192,6.864712999999999,2.1791919999999996,0.0,0.0,0.0
2025-05-27 08:00:00,0.64,0.0,0.0,0.64,4.009018,10.233730999999999,3.369018,0.0,0.0,0.0
2025-05-27 09:00:00,0.38,0.0,0.0,0.38,4.772417000000001,13.5,3.266269000000001,0.0,0.0,1.1261479999999997
2025-05-27 10:00:00,0.34,0.0,0.0,0.34,5.226712,13.5,0.0,0.0,0.0,4.886712
2025-05-27 11:00:00,0.27,1.8211076923076923,0.0,2.091107692307692,5.364196,13.5,0.0,0.0,0.0,3.2730883076923076
2025-05-27 12:00:00,0.28,1.8211076923076923,0.0,2.1011076923076923,5.1808320000000005,13.5,0.0,0.0,0.0,3.079724307692308
2025-05-27 13:00:00,0.54,1.8211076923076923,0.0,2.3611076923076926,4.697832999999999,13.5,0.0,0.0,0.0,2.3367253076923067
2025-05-27 14:00:00,0.28,0.0,0.0,0.28,3.902615,13.5,0.0,0.0,0.0,3.6226149999999997
2025-05-27 15:00:00,0.35,0.0,0.0,0.35,2.8312869999999997,13.5,0.0,0.0,0.0,2.4812869999999996
2025-05-27 16:00:00,0.33,0.0,0.0,0.33,1.398641,13.5,0.0,0.0,0.0,1.068641
2025-05-27 17:00:00,0.27,0.0,0.0,0.27,0.241679,13.471679,0.0,0.028321000000000013,0.0,0.0
2025-05-27 18:00:00,0.64,0.0,0.0,0.64,0.129828,12.961507,0.0,0.5101720000000001,0.0,0.0
2025-05-27 19:00:00,2.99,0.0,0.0,2.99,0.0,9.971506999999999,0.0,2.99,0.0,0.0
2025-05-27 20:00:00,0.39,0.0,0.0,0.39,0.0,9.581506999999998,0.0,0.39,0.0,0.0
2025-05-27 21:00:00,0.41,0.0,0.0,0.41,0.0,9.171506999999998,0.0,0.41,0.0,0.0
2025-05-27 22:00:00,1.6800000000000002,0.0,0.0,1.6800000000000002,0.0,7.491506999999999,0.0,1.6800000000000002,0.0,0.0
2025-05-27 23:00:00,0.24,0.0,0.0,0.24,0.0,7.251506999999998,0.0,0.24,0.0,0.0
2025-05-28 00:00:00,0.22,0.0,0.0,0.22,0.0,7.031506999999999,0.0,0.22,0.0,0.0
2025-05-28 01:00:00,0.26,0.0,0.0,0.26,0.0,6.771506999999999,0.0,0.26,0.0,0.0
2025-05-28 02:00:00,0.3,0.0,0.0,0.3,0.0,6.471506999999999,0.0,0.3,0.0,0.0
2025-05-28 03:00:00,0.2299999999999999,0.0,0.0,0.2299999999999999,0.0,6.2415069999999995,0.0,0.2299999999999999,0.0,0.0
2025-05-28 04:00:00,0.44,0.0,0.0,0.44,0.0,5.801506999999999,0.0,0.44,0.0,0.0
2025-05-28 05:00:00,1.02,0.0,0.0,1.02,0.225131,5.006637999999999,0.0,0.794869,0.0,0.0
2025-05-28 06:00:00,0.6,0.0,0.0,0.6,1.51647,5.923107999999999,0.91647,0.0,0.0,0.0
2025-05-28 07:00:00,0.91,0.0,0.0,0.91,2.990785,8.003892999999998,2.0807849999999997,0.0,0.0,0.0
2025-05-28 08:00:00,0.77,0.0,0.0,0.77,4.0748359999999995,11.308728999999998,3.3048359999999994,0.0,0.0,0.0
2025-05-28 09:00:00,0.63,0.0,1.9623009999999983,2.592300999999998,4.783572,13.5,2.191271000000002,0.0,0.0,0.0
2025-05-28 10:00:00,0.75,0.0,4.426476,5.176476,5.176476,13.5,0.0,0.0,0.0,0.0
2025-05-28 11:00:00,0.37,0.9105538461538464,4.0054641538461535,5.286018,5.286018,13.5,0.0,0.0,0.0,0.0
2025-05-28 12:00:00,0.14,0.9105538461538464,4.097485153846153,5.148039,5.148039,13.5,0.0,0.0,0.0,0.0
2025-05-28 13:00:00,0.14,0.9105538461538464,2.8056201538461534,3.8561739999999998,3.8561739999999998,13.5,0.0,0.0,0.0,0.0
2025-05-28 14:00:00,0.14,0.0,3.426443,3.566443,3.566443,13.5,0.0,0.0,0.0,0.0
2025-05-28 15:00:00,0.15,0.0,2.6760050000000004,2.8260050000000003,2.8260050000000003,13.5,0.0,0.0,0.0,0.0
2025-05-28 16:00:00,0.11,0.0,1.2554,1.3654000000000002,1.3654000000000002,13.5,0.0,0.0,0.0,0.0
2025-05-28 17:00:00,0.75,0.0,0.0,0.75,0.561988,13.311988,0.0,0.18801199999999996,0.0,0.0
2025-05-28 18:00:00,2.84,0.0,0.0,2.84,0.183291,10.655279,0.0,2.6567089999999998,0.0,0.0
2025-05-28 19:00:00,0.49,0.0,0.0,0.49,0.0,10.165279,0.0,0.49,0.0,0.0
2025-05-28 20:00:00,0.14,0.0,0.0,0.14,0.0,10.025279,0.0,0.14,0.0,0.0
2025-05-28 21:00:00,0.2,0.0,0.0,0.2,0.0,9.825279,0.0,0.2,0.0,0.0
2025-05-28 22:00:00,1.61,0.0,0.0,1.61,0.0,8.215279,0.0,1.61,0.0,0.0
2025-05-28 23:00:00,0.11,0.0,0.0,0.11,0.0,8.105279000000001,0.0,0.11,0.0,0.0
2025-05-29 00:00:00,0.11,0.0,0.0,0.11,0.0,7.995279000000001,0.0,0.11,0.0,0.0
2025-05-29 01:00:00,0.11,0.0,0.0,0.11,0.0,7.885279000000001,0.0,0.11,0.0,0.0
2025-05-29 02:00:00,0.1,0.0,0.0,0.1,0.0,7.785279000000001,0.0,0.1,0.0,0.0
2025-05-29 03:00:00,0.1,0.0,0.0,0.1,0.0,7.685279000000001,0.0,0.1,0.0,0.0
2025-05-29 04:00:00,0.55,0.0,0.0,0.55,0.0,7.1352790000000015,0.0,0.55,0.0,0.0
2025-05-29 05:00:00,0.97,0.0,0.0,0.97,0.13311,6.298389000000002,0.0,0.8368899999999999,0.0,0.0
2025-05-29 06:00:00,0.69,0.0,0.0,0.69,0.567233,6.175622000000002,0.0,0.12276699999999996,0.0,0.0
2025-05-29 07:00:00,0.2,0.0,0.0,0.2,1.079038,7.054660000000002,0.879038,0.0,0.0,0.0
2025-05-29 08:00:00,0.41,0.0,0.0,0.41,2.6328139999999998,9.277474000000002,2.2228139999999996,0.0,0.0,0.0
2025-05-29 09:00:00,0.39,0.0,0.0,0.39,2.505431,11.392905000000003,2.115431,0.0,0.0,0.0
2025-05-29 10:00:00,0.43,0.0,0.0,0.43,2.820076,13.5,2.1070949999999975,0.0,0.0,0.28298100000000215
2025-05-29 11:00:00,0.15,0.9105538461538464,0.0,1.0605538461538464,4.29695,13.5,0.0,0.0,0.0,3.2363961538461536
2025-05-29 12:00:00,0.21,0.9105538461538464,0.0,1.1205538461538465,2.343855,13.5,0.0,0.0,0.0,1.2233011538461536
2025-05-29 13:00:00,0.13,0.9105538461538464,0.0,1.0405538461538464,1.446585,13.5,0.0,0.0,0.0,0.4060311538461536
2025-05-29 14:00:00,0.35,0.0,0.0,0.35,0.9503630000000001,13.5,0.0,0.0,0.0,0.6003630000000001
2025-05-29 15:00:00,0.42,0.0,0.0,0.42,1.034031,13.5,0.0,0.0,0.0,0.614031
2025-05-29 16:00:00,0.23,0.0,0.0,0.23,0.45331099999999996,13.5,0.0,0.0,0.0,0.22331099999999995
2025-05-29 17:00:00,1.7599999999999998,0.0,0.0,1.7599999999999998,0.258711,11.998711,0.0,1.5012889999999999,0.0,0.0
2025-05-29 18:00:00,1.49,0.0,0.0,1.49,0.183348,10.692059,0.0,1.306652,0.0,0.0
2025-05-29 19:00:00,0.2,0.0,0.0,0.2,0.0,10.492059000000001,0.0,0.2,0.0,0.0
2025-05-29 20:00:00,0.14,0.0,0.0,0.14,0.0,10.352059,0.0,0.14,0.0,0.0
2025-05-29 21:00:00,0.15,0.0,0.0,0.15,0.0,10.202059,0.0,0.15,0.0,0.0
2025-05-29 22:00:00,1.75,0.0,0.0,1.75,0.0,8.452059,0.0,1.75,0.0,0.0
2025-05-29 23:00:00,0.61,0.0,0.0,0.61,0.0,7.842059,0.0,0.61,0.0,0.0
2025-05-30 00:00:00,0.11,0.0,0.0,0.11,0.0,7.732059,0.0,0.11,0.0,0.0
2025-05-30 01:00:00,0.11,0.0,0.0,0.11,0.0,7.622058999999999,0.0,0.11,0.0,0.0
2025-05-30 02:00:00,0.12,0.0,0.0,0.12,0.0,7.502058999999999,0.0,0.12,0.0,0.0
2025-05-30 03:00:00,0.1,0.0,0.0,0.1,0.0,7.4020589999999995,0.0,0.1,0.0,0.0
2025-05-30 04:00:00,0.11,0.0,0.0,0.11,0.0,7.292058999999999,0.0,0.11,0.0,0.0
2025-05-30 05:00:00,0.11,0.0,0.0,0.11,0.228006,7.4100649999999995,0.11800599999999999,0.0,0.0,0.0
2025-05-30 06:00:00,0.16,0.0,0.0,0.16,1.442543,8.692608,1.282543,0.0,0.0,0.0
2025-05-30 07:00:00,0.53,0.0,0.0,0.53,2.9022829999999997,11.064891,2.3722829999999995,0.0,0.0,0.0
2025-05-30 08:00:00,0.25,0.0,0.0,0.25,1.135709,11.9506,0.8857090000000001,0.0,0.0,0.0
2025-05-30 09:00:00,0.15,0.0,0.0,0.15,1.359323,13.159923,1.2093230000000001,0.0,0.0,0.0
2025-05-30 10:00:00,0.27,0.0,0.9884899999999992,1.2584899999999992,1.598567,13.5,0.34007700000000085,0.0,0.0,0.0
2025-05-30 11:00:00,0.14,0.9105538461538464,1.4146041538461533,2.4651579999999997,2.4651579999999997,13.5,0.0,0.0,0.0,0.0
2025-05-30 12:00:00,0.44,0.9105538461538464,2.4390751538461535,3.7896289999999997,3.7896289999999997,13.5,0.0,0.0,0.0,0.0
2025-05-30 13:00:00,0.19,0.9105538461538464,3.668206153846154,4.76876,4.76876,13.5,0.0,0.0,0.0,0.0
2025-05-30 14:00:00,0.18,0.0,3.7822539999999996,3.9622539999999997,3.9622539999999997,13.5,0.0,0.0,0.0,0.0
2025-05-30 15:00:00,0.22,0.0,2.657293,2.8772930000000003,2.8772930000000003,13.5,0.0,0.0,0.0,0.0
2025-05-30 16:00:00,0.16,0.0,1.290273,1.450273,1.450273,13.5,0.0,0.0,0.0,0.0
2025-05-30 17:00:00,0.12,0.0,0.21265699999999998,0.332657,0.332657,13.5,0.0,0.0,0.0,0.0
2025-05-30 18:00:00,0.36,0.0,0.0,0.36,0.17367,13.31367,0.0,0.18633,0.0,0.0
2025-05-30 19:00:00,0.2299999999999999,0.0,0.0,0.2299999999999999,0.0,13.08367,0.0,0.2299999999999999,0.0,0.0
2025-05-30 20:00:00,0.21,0.0,0.0,0.21,0.0,12.873669999999999,0.0,0.21,0.0,0.0
2025-05-30 21:00:00,0.18,0.0,0.0,0.18,0.0,12.69367,0.0,0.18,0.0,0.0
2025-05-30 22:00:00,0.22,0.0,0.0,0.22,0.0,12.473669999999998,0.0,0.22,0.0,0.0
2025-05-30 23:00:00,0.22,0.0,0.0,0.22,0.0,12.253669999999998,0.0,0.22,0.0,0.0
2025-05-31 00:00:00,0.2,0.0,0.0,0.2,0.0,12.053669999999999,0.0,0.2,0.0,0.0
2025-05-31 01:00:00,0.19,0.0,0.0,0.19,0.0,11.863669999999999,0.0,0.19,0.0,0.0
2025-05-31 02:00:00,0.86,0.0,0.0,0.86,0.0,11.00367,0.0,0.86,0.0,0.0
2025-05-31 03:00:00,1.02,0.0,0.0,1.02,0.0,9.98367,0.0,1.02,0.0,0.0
2025-05-31 04:00:00,0.7000000000000001,0.0,0.0,0.7000000000000001,0.0,9.28367,0.0,0.7000000000000001,0.0,0.0
2025-05-31 05:00:00,1.07,0.0,0.0,1.07,0.236708,8.450378,0.0,0.833292,0.0,0.0
2025-05-31 06:00:00,0.2,0.0,0.0,0.2,1.5307039999999998,9.781082000000001,1.3307039999999999,0.0,0.0,0.0
2025-05-31 07:00:00,0.24,0.0,0.0,0.24,0.6527350000000001,10.193817000000001,0.4127350000000001,0.0,0.0,0.0
2025-05-31 08:00:00,0.14,0.0,0.0,0.14,1.505597,11.559414,1.3655970000000002,0.0,0.0,0.0
2025-05-31 09:00:00,1.89,0.0,0.0,1.89,2.067717,11.737131,0.17771700000000012,0.0,0.0,0.0
2025-05-31 10:00:00,2.46,0.0,0.0,2.46,3.641977,12.919108,1.1819769999999998,0.0,0.0,0.0
2025-05-31 11:00:00,0.31,0.9105538461538464,3.847494153846153,5.068047999999999,5.64894,13.5,0.5808920000000004,0.0,0.0,0.0
2025-05-31 12:00:00,0.15,0.9105538461538464,1.0444589230769168,2.105012769230763,5.432819,13.5,0.0,0.0,0.0,3.3278062307692373
2025-05-31 13:00:00,0.25,0.9105538461538464,0.0,1.1605538461538463,4.904718,13.5,0.0,0.0,0.0,3.7441641538461536
2025-05-31 14:00:00,0.14,0.0,0.0,0.14,4.072621,13.5,0.0,0.0,0.0,3.9326209999999997
2025-05-31 15:00:00,0.11,0.0,0.0,0.11,2.9494540000000002,13.5,0.0,0.0,0.0,2.8394540000000004
2025-05-31 16:00:00,0.12,0.0,0.0,0.12,1.496298,13.5,0.0,0.0,0.0,1.3762979999999998
2025-05-31 17:00:00,0.1,0.0,0.0,0.1,0.297009,13.5,0.0,0.0,0.0,0.19700900000000002
2025-05-31 18:00:00,0.31,0.0,0.0,0.31,0.174351,13.364351,0.0,0.135649,0.0,0.0
2025-05-31 19:00:00,0.15,0.0,0.0,0.15,0.0,13.214350999999999,0.0,0.15,0.0,0.0
2025-05-31 20:00:00,0.14,0.0,0.0,0.14,0.0,13.074350999999998,0.0,0.14,0.0,0.0
2025-05-31 21:00:00,0.11,0.0,0.0,0.11,0.0,12.964350999999999,0.0,0.11,0.0,0.0
2025-05-31 22:00:00,0.62,0.0,0.0,0.62,0.0,12.344351,0.0,0.62,0.0,0.0
2025-05-31 23:00:00,0.8,0.0,0.0,0.8,0.0,11.544350999999999,0.0,0.8,0.0,0.0
2025-06-01 00:00:00,0.22,0.0,0.0,0.22,0.0,11.324350999999998,0.0,0.22,0.0,0.0
2025-06-01 01:00:00,1.01,0.0,0.0,1.01,0.0,10.314350999999998,0.0,1.01,0.0,0.0
2025-06-01 02:00:00,0.58,0.0,0.0,0.58,0.0,9.734350999999998,0.0,0.58,0.0,0.0
2025-06-01 03:00:00,1.03,0.0,0.0,1.03,0.0,8.704350999999999,0.0,1.03,0.0,0.0
2025-06-01 04:00:00,1.11,0.0,0.0,1.11,0.0,7.594350999999999,0.0,1.11,0.0,0.0
2025-06-01 05:00:00,0.8400000000000001,0.0,0.0,0.8400000000000001,0.232917,6.9872679999999985,0.0,0.607083,0.0,0.0
2025-06-01 06:00:00,0.71,0.0,0.0,0.71,1.4987709999999999,7.776038999999998,0.7887709999999999,0.0,0.0,0.0
2025-06-01 07:00:00,0.62,0.0,0.0,0.62,2.98109,10.137128999999998,2.36109,0.0,0.0,0.0
2025-06-01 08:00:00,0.7,0.0,0.0,0.7,4.092198,13.5,3.362871000000002,0.0,0.0,0.02932699999999766
2025-06-01 09:00:00,0.23,0.0,0.0,0.23,4.875098,13.5,0.0,0.0,0.0,4.645098
2025-06-01 10:00:00,0.36,0.0,0.0,0.36,5.367532,13.5,0.0,0.0,0.0,5.007531999999999
2025-06-01 11:00:00,0.24,0.6130461538461539,0.0,0.8530461538461539,5.51743,13.5,0.0,0.0,0.0,4.6643838461538465
2025-06-01 12:00:00,0.46,0.6130461538461539,0.0,1.073046153846154,5.320508,13.5,0.0,0.0,0.0,4.247461846153846
2025-06-01 13:00:00,0.29,0.6130461538461539,0.0,0.9030461538461538,4.849728,13.5,0.0,0.0,0.0,3.946681846153846
2025-06-01 14:00:00,0.22,0.0,0.0,0.22,4.02349,13.5,0.0,0.0,0.0,3.8034899999999996
2025-06-01 15:00:00,0.73,0.0,0.0,0.73,2.915353,13.5,0.0,0.0,0.0,2.185353
2025-06-01 16:00:00,0.85,0.0,0.0,0.85,1.463055,13.5,0.0,0.0,0.0,0.613055
2025-06-01 17:00:00,0.42,0.0,0.0,0.42,0.293317,13.373317,0.0,0.126683,0.0,0.0
2025-06-01 18:00:00,2.51,0.0,0.0,2.51,0.1739,11.037217,0.0,2.3360999999999996,0.0,0.0
2025-06-01 19:00:00,0.6599999999999999,0.0,0.0,0.6599999999999999,0.0,10.377217,0.0,0.6599999999999999,0.0,0.0
2025-06-01 20:00:00,0.26,0.0,0.0,0.26,0.0,10.117217,0.0,0.26,0.0,0.0
2025-06-01 21:00:00,0.64,0.0,0.0,0.64,0.0,9.477217,0.0,0.64,0.0,0.0
2025-06-01 22:00:00,1.54,0.0,0.0,1.54,0.0,7.9372169999999995,0.0,1.54,0.0,0.0
2025-06-01 23:00:00,0.25,0.0,0.0,0.25,0.0,7.6872169999999995,0.0,0.25,0.0,0.0
2025-06-02 00:00:00,0.32,0.0,0.0,0.32,0.0,7.367216999999999,0.0,0.32,0.0,0.0
2025-06-02 01:00:00,0.24,0.0,0.0,0.24,0.0,7.127216999999999,0.0,0.24,0.0,0.0
2025-06-02 02:00:00,1.0,0.0,0.0,1.0,0.0,6.127216999999999,0.0,1.0,0.0,0.0
2025-06-02 03:00:00,0.67,0.0,0.0,0.67,0.0,5.457216999999999,0.0,0.67,0.0,0.0
2025-06-02 04:00:00,0.8200000000000001,0.0,0.0,0.8200000000000001,0.0,4.637216999999999,0.0,0.8200000000000001,0.0,0.0
2025-06-02 05:00:00,1.03,0.0,0.0,1.03,0.239619,3.846835999999999,0.0,0.790381,0.0,0.0
2025-06-02 06:00:00,0.69,0.0,0.0,0.69,1.5178779999999998,4.674713999999999,0.8278779999999999,0.0,0.0,0.0
2025-06-02 07:00:00,0.97,0.0,0.0,0.97,3.006739,6.711452999999999,2.036739,0.0,0.0,0.0
2025-06-02 08:00:00,0.37,0.0,0.0,0.37,4.141806,10.483258999999999,3.7718059999999998,0.0,0.0,0.0
2025-06-02 09:00:00,0.41,0.0,0.0,0.41,4.947509,13.5,3.0167410000000014,0.0,0.0,1.5207679999999986
2025-06-02 10:00:00,0.19,0.0,0.0,0.19,5.466118000000001,13.5,0.0,0.0,0.0,5.276118
2025-06-02 11:00:00,0.24,0.6130461538461539,0.0,0.8530461538461539,5.643153,13.5,0.0,0.0,0.0,4.790106846153846
2025-06-02 12:00:00,0.78,0.6130461538461539,0.0,1.393046153846154,5.445881,13.5,0.0,0.0,0.0,4.052834846153846
2025-06-02 13:00:00,0.65,0.6130461538461539,0.0,1.263046153846154,4.954474,13.5,0.0,0.0,0.0,3.6914278461538466
2025-06-02 14:00:00,0.7,0.0,0.0,0.7,4.122604999999999,13.5,0.0,0.0,0.0,3.422604999999999
2025-06-02 15:00:00,0.47,0.0,0.0,0.47,3.005245,13.5,0.0,0.0,0.0,2.5352449999999997
2025-06-02 16:00:00,0.22,0.0,0.0,0.22,1.508556,13.5,0.0,0.0,0.0,1.288556
2025-06-02 17:00:00,0.21,0.0,0.0,0.21,0.290341,13.5,0.0,0.0,0.0,0.08034100000000002
2025-06-02 18:00:00,0.27,0.0,0.0,0.27,0.19025999999999998,13.42026,0.0,0.07974000000000003,0.0,0.0
2025-06-02 19:00:00,0.54,0.0,0.0,0.54,0.0,12.88026,0.0,0.54,0.0,0.0
2025-06-02 20:00:00,0.6900000000000001,0.0,0.0,0.6900000000000001,0.0,12.19026,0.0,0.6900000000000001,0.0,0.0
2025-06-02 21:00:00,0.43,0.0,0.0,0.43,0.0,11.76026,0.0,0.43,0.0,0.0
2025-06-02 22:00:00,0.26,0.0,0.0,0.26,0.0,11.50026,0.0,0.26,0.0,0.0
2025-06-02 23:00:00,0.2299999999999999,0.0,0.0,0.2299999999999999,0.0,11.27026,0.0,0.2299999999999999,0.0,0.0
2025-06-03 00:00:00,0.22,0.0,0.0,0.22,0.0,11.05026,0.0,0.22,0.0,0.0
2025-06-03 01:00:00,0.22,0.0,0.0,0.22,0.0,10.830259999999999,0.0,0.22,0.0,0.0
2025-06-03 02:00:00,0.22,0.0,0.0,0.22,0.0,10.610259999999998,0.0,0.22,0.0,0.0
2025-06-03 03:00:00,0.2299999999999999,0.0,0.0,0.2299999999999999,0.0,10.380259999999998,0.0,0.2299999999999999,0.0,0.0
2025-06-03 04:00:00,0.96,0.0,0.0,0.96,0.0,9.420259999999999,0.0,0.96,0.0,0.0
2025-06-03 05:00:00,0.56,0.0,0.0,0.56,0.24450899999999998,9.104769,0.0,0.3154910000000001,0.0,0.0
2025-06-03 06:00:00,0.57,0.0,0.0,0.57,0.050936,8.585704999999999,0.0,0.519064,0.0,0.0
2025-06-03 07:00:00,0.2,0.0,0.0,0.2,0.686991,9.072695999999999,0.486991,0.0,0.0,0.0
2025-06-03 08:00:00,0.11,0.0,0.0,0.11,2.1988600000000003,11.161556,2.0888600000000004,0.0,0.0,0.0
2025-06-03 09:00:00,0.1,0.0,0.0,0.1,1.1862270000000001,12.247782999999998,1.086227,0.0,0.0,0.0
2025-06-03 10:00:00,0.1,0.0,0.0,0.1,1.9020789999999999,13.5,1.2522170000000017,0.0,0.0,0.5498619999999981
2025-06-03 11:00:00,0.1,0.6130461538461539,0.0,0.7130461538461539,1.760189,13.5,0.0,0.0,0.0,1.0471428461538461
2025-06-03 12:00:00,0.1,0.6130461538461539,0.0,0.7130461538461539,3.1355399999999998,13.5,0.0,0.0,0.0,2.422493846153846
2025-06-03 13:00:00,0.11,0.6130461538461539,0.0,0.7230461538461539,4.892168,13.5,0.0,0.0,0.0,4.169121846153846
2025-06-03 14:00:00,0.11,0.0,0.0,0.11,4.074674,13.5,0.0,0.0,0.0,3.964674
2025-06-03 15:00:00,0.11,0.0,0.0,0.11,2.194486,13.5,0.0,0.0,0.0,2.084486
2025-06-03 16:00:00,0.11,0.0,0.0,0.11,1.5086769999999998,13.5,0.0,0.0,0.0,1.3986769999999997
2025-06-03 17:00:00,0.11,0.0,0.0,0.11,0.29119799999999996,13.5,0.0,0.0,0.0,0.18119799999999997
2025-06-03 18:00:00,0.2,0.0,0.0,0.2,0.169683,13.469683,0.0,0.03031700000000001,0.0,0.0
2025-06-03 19:00:00,0.16,0.0,0.0,0.16,0.0,13.309683,0.0,0.16,0.0,0.0
2025-06-03 20:00:00,0.15,0.0,0.0,0.15,0.0,13.159683,0.0,0.15,0.0,0.0
2025-06-03 21:00:00,0.11,0.0,0.0,0.11,0.0,13.049683,0.0,0.11,0.0,0.0
2025-06-03 22:00:00,0.22,0.0,0.0,0.22,0.0,12.829683,0.0,0.22,0.0,0.0
2025-06-03 23:00:00,0.19,0.0,0.0,0.19,0.0,12.639683,0.0,0.19,0.0,0.0
2025-06-04 00:00:00,0.19,0.0,0.0,0.19,0.0,12.449683,0.0,0.19,0.0,0.0
2025-06-04 01:00:00,0.61,0.0,0.0,0.61,0.0,11.839683,0.0,0.61,0.0,0.0
2025-06-04 02:00:00,0.95,0.0,0.0,0.95,0.0,10.889683000000002,0.0,0.95,0.0,0.0
2025-06-04 03:00:00,0.72,0.0,0.0,0.72,0.0,10.169683000000001,0.0,0.72,0.0,0.0
2025-06-04 04:00:00,1.28,0.0,0.0,1.28,0.0,8.889683000000002,0.0,1.28,0.0,0.0
2025-06-04 05:00:00,0.66,0.0,0.0,0.66,0.242465,8.472148,0.0,0.417535,0.0,0.0
2025-06-04 06:00:00,0.5700000000000001,0.0,0.0,0.5700000000000001,1.515029,9.417177,0.9450289999999999,0.0,0.0,0.0
2025-06-04 07:00:00,0.59,0.0,0.0,0.59,0.521849,9.349026,0.0,0.06815099999999996,0.0,0.0
2025-06-04 08:00:00,0.2299999999999999,0.0,0.0,0.2299999999999999,0.805001,9.924027,0.5750010000000001,0.0,0.0,0.0
2025-06-04 09:00:00,0.36,0.0,0.0,0.36,1.166318,10.730345,0.806318,0.0,0.0,0.0
2025-06-04 10:00:00,0.2299999999999999,0.0,0.0,0.2299999999999999,1.494937,11.995282,1.264937,0.0,0.0,0.0
2025-06-04 11:00:00,0.22,0.6130461538461539,0.059215846153845675,0.8922619999999996,2.39698,13.5,1.5047180000000004,0.0,0.0,0.0
2025-06-04 12:00:00,0.22,0.6130461538461539,1.388031846153846,2.221078,2.221078,13.5,0.0,0.0,0.0,0.0
2025-06-04 13:00:00,0.22,0.6130461538461539,2.627839846153846,3.460886,3.460886,13.5,0.0,0.0,0.0,0.0
2025-06-04 14:00:00,0.22,0.0,3.8938329999999994,4.113833,4.113833,13.5,0.0,0.0,0.0,0.0
2025-06-04 15:00:00,0.2299999999999999,0.0,2.7756149999999997,3.0056149999999997,3.0056149999999997,13.5,0.0,0.0,0.0,0.0
2025-06-04 16:00:00,0.2299999999999999,0.0,1.282088,1.5120879999999999,1.5120879999999999,13.5,0.0,0.0,0.0,0.0
2025-06-04 17:00:00,0.16,0.0,0.11008399999999999,0.270084,0.270084,13.5,0.0,0.0,0.0,0.0
2025-06-04 18:00:00,0.18,0.0,0.0,0.18,0.13403,13.45403,0.0,0.04596999999999998,0.0,0.0
2025-06-04 19:00:00,0.14,0.0,0.0,0.14,0.0,13.314029999999999,0.0,0.14,0.0,0.0
2025-06-04 20:00:00,0.14,0.0,0.0,0.14,0.0,13.174029999999998,0.0,0.14,0.0,0.0
2025-06-04 21:00:00,0.29,0.0,0.0,0.29,0.0,12.88403,0.0,0.29,0.0,0.0
2025-06-04 22:00:00,0.29,0.0,0.0,0.29,0.0,12.59403,0.0,0.29,0.0,0.0
2025-06-04 23:00:00,0.22,0.0,0.0,0.22,0.0,12.37403,0.0,0.22,0.0,0.0
2025-06-05 00:00:00,0.2,0.0,0.0,0.2,0.0,12.17403,0.0,0.2,0.0,0.0
2025-06-05 01:00:00,0.2,0.0,0.0,0.2,0.0,11.97403,0.0,0.2,0.0,0.0
2025-06-05 02:00:00,0.2,0.0,0.0,0.2,0.0,11.774030000000002,0.0,0.2,0.0,0.0
2025-06-05 03:00:00,0.47,0.0,0.0,0.47,0.0,11.304030000000001,0.0,0.47,0.0,0.0
2025-06-05 04:00:00,0.5599999999999999,0.0,0.0,0.5599999999999999,0.0,10.74403,0.0,0.5599999999999999,0.0,0.0
2025-06-05 05:00:00,0.67,0.0,0.0,0.67,0.23594,10.30997,0.0,0.43406,0.0,0.0
2025-06-05 06:00:00,0.64,0.0,0.0,0.64,1.527194,11.197163999999999,0.8871939999999999,0.0,0.0,0.0
2025-06-05 07:00:00,0.53,0.0,0.0,0.53,0.79159,11.458753999999999,0.26159,0.0,0.0,0.0
2025-06-05 08:00:00,0.23,0.0,0.0,0.23,1.382677,12.611431,1.152677,0.0,0.0,0.0
2025-06-05 09:00:00,0.47,0.0,0.0,0.47,0.0,12.141430999999999,0.0,0.47,0.0,0.0
2025-06-05 10:00:00,0.65,0.0,0.0,0.65,5.410521,13.5,1.358569000000001,0.0,0.0,3.4019519999999988
2025-06-05 11:00:00,0.76,0.6130461538461539,0.0,1.373046153846154,2.7988760000000004,13.5,0.0,0.0,0.0,1.4258298461538463
2025-06-05 12:00:00,0.5,0.6130461538461539,0.0,1.1130461538461538,2.1425419999999997,13.5,0.0,0.0,0.0,1.029495846153846
2025-06-05 13:00:00,0.22,0.6130461538461539,0.0,0.8330461538461539,2.476147,13.5,0.0,0.0,0.0,1.643100846153846
2025-06-05 14:00:00,0.3,0.0,0.0,0.3,2.8185599999999997,13.5,0.0,0.0,0.0,2.51856
2025-06-05 15:00:00,0.25,0.0,0.0,0.25,2.567291,13.5,0.0,0.0,0.0,2.317291
2025-06-05 16:00:00,0.21,0.0,0.0,0.21,1.43699,13.5,0.0,0.0,0.0,1.22699
2025-06-05 17:00:00,0.22,0.0,0.0,0.22,0.313998,13.5,0.0,0.0,0.0,0.093998
2025-06-05 18:00:00,0.29,0.0,0.0,0.29,0.178314,13.388314,0.0,0.11168599999999998,0.0,0.0
2025-06-05 19:00:00,0.12,0.0,0.0,0.12,0.0,13.268314,0.0,0.12,0.0,0.0
2025-06-05 20:00:00,0.44,0.0,0.0,0.44,0.0,12.828314,0.0,0.44,0.0,0.0
2025-06-05 21:00:00,0.14,0.0,0.0,0.14,0.0,12.688314,0.0,0.14,0.0,0.0
2025-06-05 22:00:00,0.22,0.0,0.0,0.22,0.0,12.468314,0.0,0.22,0.0,0.0
2025-06-05 23:00:00,0.21,0.0,0.0,0.21,0.0,12.258313999999999,0.0,0.21,0.0,0.0
2025-06-06 00:00:00,0.21,0.0,0.0,0.21,0.0,12.048313999999998,0.0,0.21,0.0,0.0
2025-06-06 01:00:00,0.2,0.0,0.0,0.2,0.0,11.848313999999998,0.0,0.2,0.0,0.0
2025-06-06 02:00:00,0.27,0.0,0.0,0.27,0.0,11.578313999999999,0.0,0.27,0.0,0.0
2025-06-06 03:00:00,0.25,0.0,0.0,0.25,0.0,11.328313999999999,0.0,0.25,0.0,0.0
2025-06-06 04:00:00,0.19,0.0,0.0,0.19,0.0,11.138314,0.0,0.19,0.0,0.0
2025-06-06 05:00:00,0.19,0.0,0.0,0.19,0.238412,11.186726,0.04841200000000001,0.0,0.0,0.0
2025-06-06 06:00:00,0.21,0.0,0.0,0.21,1.539812,12.516538,1.329812,0.0,0.0,0.0
2025-06-06 07:00:00,0.29,0.0,1.7755090000000004,2.0655090000000005,3.048971,13.5,0.9834619999999994,0.0,0.0,0.0
2025-06-06 08:00:00,0.1699999999999999,0.0,4.000995,4.170995,4.170995,13.5,0.0,0.0,0.0,0.0
2025-06-06 09:00:00,0.11,0.0,4.896163,5.006163,5.006163,13.5,0.0,0.0,0.0,0.0
2025-06-06 10:00:00,0.1,0.0,5.400930000000001,5.50093,5.50093,13.5,0.0,0.0,0.0,0.0
2025-06-06 11:00:00,0.12,0.6130461538461539,4.900781846153846,5.633827999999999,5.633828,13.5,0.0,0.0,0.0,0.0
2025-06-06 12:00:00,0.15,0.6130461538461539,4.691371846153846,5.4544179999999995,5.4544179999999995,13.5,0.0,0.0,0.0,0.0
2025-06-06 13:00:00,0.11,0.6130461538461539,4.195107846153847,4.918154,4.918154,13.5,0.0,0.0,0.0,0.0
2025-06-06 14:00:00,0.2,0.0,3.8843189999999996,4.084319,4.084319,13.5,0.0,0.0,0.0,0.0
2025-06-06 15:00:00,0.17,0.0,0.11811492307692362,0.28811492307692366,2.9655479999999996,13.5,0.0,0.0,0.0,2.677433076923076
2025-06-06 16:00:00,0.14,0.0,0.0,0.14,1.478669,13.5,0.0,0.0,0.0,1.3386689999999999
2025-06-06 17:00:00,0.12,0.0,0.0,0.12,0.27192700000000003,13.5,0.0,0.0,0.0,0.15192700000000003
2025-06-06 18:00:00,0.29,0.0,0.0,0.29,0.138133,13.348133,0.0,0.15186699999999997,0.0,0.0
2025-06-06 19:00:00,0.67,0.0,0.0,0.67,0.0,12.678133,0.0,0.67,0.0,0.0
2025-06-06 20:00:00,1.56,0.0,0.0,1.56,0.0,11.118133,0.0,1.56,0.0,0.0
2025-06-06 21:00:00,0.28,0.0,0.0,0.28,0.0,10.838133000000001,0.0,0.28,0.0,0.0
2025-06-06 22:00:00,0.17,0.0,0.0,0.17,0.0,10.668133000000001,0.0,0.17,0.0,0.0
2025-06-06 23:00:00,0.1,0.0,0.0,0.1,0.0,10.568133000000001,0.0,0.1,0.0,0.0
2025-06-07 00:00:00,0.11,0.0,0.0,0.11,0.0,10.458133000000002,0.0,0.11,0.0,0.0
2025-06-07 01:00:00,0.1,0.0,0.0,0.1,0.0,10.358133000000002,0.0,0.1,0.0,0.0
2025-06-07 02:00:00,0.1,0.0,0.0,0.1,0.0,10.258133000000003,0.0,0.1,0.0,0.0
2025-06-07 03:00:00,0.1,0.0,0.0,0.1,0.0,10.158133000000003,0.0,0.1,0.0,0.0
2025-06-07 04:00:00,0.11,0.0,0.0,0.11,0.0,10.048133000000004,0.0,0.11,0.0,0.0
2025-06-07 05:00:00,0.11,0.0,0.0,0.11,0.244678,10.182811000000003,0.13467800000000002,0.0,0.0,0.0
2025-06-07 06:00:00,0.11,0.0,0.0,0.11,1.555647,11.628458000000002,1.445647,0.0,0.0,0.0
2025-06-07 07:00:00,2.1799999999999997,0.0,0.0,2.1799999999999997,3.0930239999999998,12.541482000000002,0.9130240000000001,0.0,0.0,0.0
2025-06-07 08:00:00,2.34,0.0,0.0,2.34,4.244207,13.5,0.958517999999998,0.0,0.0,0.9456890000000024
2025-06-07 09:00:00,0.21,0.0,0.0,0.21,5.09969,13.5,0.0,0.0,0.0,4.88969
2025-06-07 10:00:00,0.1,0.0,0.0,0.1,5.611121,13.5,0.0,0.0,0.0,5.511121
2025-06-07 11:00:00,0.13,0.2043487179487179,0.0,0.3343487179487179,5.761965,13.5,0.0,0.0,0.0,5.427616282051282
2025-06-07 12:00:00,0.26,0.2043487179487179,0.0,0.4643487179487179,5.593501,13.5,0.0,0.0,0.0,5.129152282051282
2025-06-07 13:00:00,0.16,0.2043487179487179,0.0,0.3643487179487179,5.064665,13.5,0.0,0.0,0.0,4.700316282051282
2025-06-07 14:00:00,0.54,0.0,0.0,0.54,4.23288,13.5,0.0,0.0,0.0,3.6928799999999997
2025-06-07 15:00:00,0.6799999999999999,0.0,0.0,0.6799999999999999,3.094742,13.5,0.0,0.0,0.0,2.4147420000000004
2025-06-07 16:00:00,0.25,0.0,0.0,0.25,1.5616489999999998,13.5,0.0,0.0,0.0,1.3116489999999998
2025-06-07 17:00:00,0.28,0.0,0.0,0.28,0.310805,13.5,0.0,0.0,0.0,0.03080499999999997
2025-06-07 18:00:00,0.56,0.0,0.0,0.56,0.168547,13.108547,0.0,0.39145300000000005,0.0,0.0
2025-06-07 19:00:00,0.37,0.0,0.0,0.37,0.0,12.738547,0.0,0.37,0.0,0.0
2025-06-07 20:00:00,0.51,0.0,0.0,0.51,0.0,12.228547,0.0,0.51,0.0,0.0
2025-06-07 21:00:00,0.24,0.0,0.0,0.24,0.0,11.988547,0.0,0.24,0.0,0.0
2025-06-07 22:00:00,0.17,0.0,0.0,0.17,0.0,11.818547,0.0,0.17,0.0,0.0
2025-06-07 23:00:00,0.1,0.0,0.0,0.1,0.0,11.718547000000001,0.0,0.1,0.0,0.0
2025-06-08 00:00:00,0.1,0.0,0.0,0.1,0.0,11.618547000000001,0.0,0.1,0.0,0.0
2025-06-08 01:00:00,0.1,0.0,0.0,0.1,0.0,11.518547000000002,0.0,0.1,0.0,0.0
2025-06-08 02:00:00,0.11,0.0,0.0,0.11,0.0,11.408547000000002,0.0,0.11,0.0,0.0
2025-06-08 03:00:00,0.27,0.0,0.0,0.27,0.0,11.138547000000003,0.0,0.27,0.0,0.0
2025-06-08 04:00:00,0.55,0.0,0.0,0.55,0.0,10.588547000000002,0.0,0.55,0.0,0.0
2025-06-08 05:00:00,0.8300000000000001,0.0,0.0,0.8300000000000001,0.238998,9.997545000000002,0.0,0.591002,0.0,0.0
2025-06-08 06:00:00,0.87,0.0,0.0,0.87,1.501346,10.628891000000003,0.6313460000000001,0.0,0.0,0.0
2025-06-08 07:00:00,0.4,0.0,0.0,0.4,3.012348,13.241239000000004,2.612348,0.0,0.0,0.0
2025-06-08 08:00:00,0.98,0.0,0.0,0.98,4.153742,13.5,0.25876099999999624,0.0,0.0,2.914981000000004
2025-06-08 09:00:00,0.74,0.0,0.0,0.74,4.998255,13.5,0.0,0.0,0.0,4.258255
2025-06-08 10:00:00,0.2,0.0,0.0,0.2,5.52634,13.5,0.0,0.0,0.0,5.32634
2025-06-08 11:00:00,0.19,0.2043487179487179,0.0,0.3943487179487179,5.675147,13.5,0.0,0.0,0.0,5.280798282051282
2025-06-08 12:00:00,0.19,0.2043487179487179,0.0,0.3943487179487179,5.498645000000001,13.5,0.0,0.0,0.0,5.1042962820512825
2025-06-08 13:00:00,0.2,0.2043487179487179,0.0,0.4043487179487179,3.4297429999999998,13.5,0.0,0.0,0.0,3.025394282051282
2025-06-08 14:00:00,0.19,0.0,0.0,0.19,4.15043,13.5,0.0,0.0,0.0,3.96043
2025-06-08 15:00:00,0.2,0.0,0.0,0.2,3.0240720000000003,13.5,0.0,0.0,0.0,2.824072
2025-06-08 16:00:00,0.32,0.0,0.0,0.32,1.552381,13.5,0.0,0.0,0.0,1.232381
2025-06-08 17:00:00,0.2,0.0,0.0,0.2,0.561979,13.5,0.0,0.0,0.0,0.361979
2025-06-08 18:00:00,0.21,0.0,0.0,0.21,0.213696,13.5,0.0,0.0,0.0,0.003696000000000005
2025-06-08 19:00:00,0.21,0.0,0.0,0.21,0.0,13.29,0.0,0.21,0.0,0.0
2025-06-08 20:00:00,0.21,0.0,0.0,0.21,0.0,13.079999999999998,0.0,0.21,0.0,0.0
2025-06-08 21:00:00,0.21,0.0,0.0,0.21,0.0,12.869999999999997,0.0,0.21,0.0,0.0
2025-06-08 22:00:00,0.19,0.0,0.0,0.19,0.0,12.679999999999998,0.0,0.19,0.0,0.0
2025-06-08 23:00:00,0.2,0.0,0.0,0.2,0.0,12.479999999999999,0.0,0.2,0.0,0.0
2025-06-09 00:00:00,0.19,0.0,0.0,0.19,0.0,12.29,0.0,0.19,0.0,0.0
2025-06-09 01:00:00,0.19,0.0,0.0,0.19,0.0,12.1,0.0,0.19,0.0,0.0
2025-06-09 02:00:00,0.19,0.0,0.0,0.19,0.0,11.91,0.0,0.19,0.0,0.0
2025-06-09 03:00:00,0.19,0.0,0.0,0.19,0.0,11.72,0.0,0.19,0.0,0.0
2025-06-09 04:00:00,0.54,0.0,0.0,0.54,0.0,11.18,0.0,0.54,0.0,0.0
2025-06-09 05:00:00,0.19,0.0,0.0,0.19,0.2393,11.2293,0.04930000000000001,0.0,0.0,0.0
2025-06-09 06:00:00,0.86,0.0,0.0,0.86,1.4442519999999999,11.813552,0.5842519999999999,0.0,0.0,0.0
2025-06-09 07:00:00,0.29,0.0,0.0,0.29,2.8439,13.5,1.6864480000000004,0.0,0.0,0.8674519999999997
2025-06-09 08:00:00,0.46,0.0,0.0,0.46,3.946048,13.5,0.0,0.0,0.0,3.486048
2025-06-09 09:00:00,0.46,0.0,0.0,0.46,4.7455929999999995,13.5,0.0,0.0,0.0,4.2855929999999995
2025-06-09 10:00:00,0.2,0.0,0.0,0.2,5.240810000000001,13.5,0.0,0.0,0.0,5.0408100000000005
2025-06-09 11:00:00,0.19,0.2043487179487179,0.0,0.3943487179487179,2.64354,13.5,0.0,0.0,0.0,2.249191282051282
2025-06-09 12:00:00,0.2,0.2043487179487179,0.0,0.4043487179487179,2.376945,13.5,0.0,0.0,0.0,1.9725962820512821
2025-06-09 13:00:00,0.19,0.2043487179487179,0.0,0.3943487179487179,2.947955,13.5,0.0,0.0,0.0,2.553606282051282
2025-06-09 14:00:00,0.18,0.0,0.0,0.18,1.885221,13.5,0.0,0.0,0.0,1.705221
2025-06-09 15:00:00,0.19,0.0,0.0,0.19,1.902574,13.5,0.0,0.0,0.0,1.712574
2025-06-09 16:00:00,0.2,0.0,0.0,0.2,1.398021,13.5,0.0,0.0,0.0,1.198021
2025-06-09 17:00:00,0.19,0.0,0.0,0.19,0.36515,13.5,0.0,0.0,0.0,0.17514999999999997
2025-06-09 18:00:00,0.21,0.0,0.0,0.21,0.20031800000000002,13.490318,0.0,0.009681999999999968,0.0,0.0
2025-06-09 19:00:00,0.22,0.0,0.0,0.22,0.0,13.270318,0.0,0.22,0.0,0.0
2025-06-09 20:00:00,0.21,0.0,0.0,0.21,0.0,13.060317999999999,0.0,0.21,0.0,0.0
2025-06-09 21:00:00,0.21,0.0,0.0,0.21,0.0,12.850317999999998,0.0,0.21,0.0,0.0
2025-06-09 22:00:00,0.19,0.0,0.0,0.19,0.0,12.660317999999998,0.0,0.19,0.0,0.0
2025-06-09 23:00:00,0.18,0.0,0.0,0.18,0.0,12.480317999999999,0.0,0.18,0.0,0.0
2025-06-10 00:00:00,0.38,0.0,0.0,0.38,0.0,12.100317999999998,0.0,0.38,0.0,0.0
2025-06-10 01:00:00,0.62,0.0,0.0,0.62,0.0,11.480317999999999,0.0,0.62,0.0,0.0
2025-06-10 02:00:00,0.19,0.0,0.0,0.19,0.0,11.290318,0.0,0.19,0.0,0.0
2025-06-10 03:00:00,0.49,0.0,0.0,0.49,0.0,10.800317999999999,0.0,0.49,0.0,0.0
2025-06-10 04:00:00,0.63,0.0,0.0,0.63,0.0,10.170317999999998,0.0,0.63,0.0,0.0
2025-06-10 05:00:00,0.56,0.0,0.0,0.56,0.086038,9.696355999999998,0.0,0.47396200000000005,0.0,0.0
2025-06-10 06:00:00,0.5499999999999999,0.0,0.0,0.5499999999999999,0.456881,9.603236999999998,0.0,0.09311899999999995,0.0,0.0
2025-06-10 07:00:00,0.63,0.0,0.0,0.63,0.683725,9.656961999999998,0.05372500000000002,0.0,0.0,0.0
2025-06-10 08:00:00,0.6,0.0,0.0,0.6,0.996032,10.052993999999998,0.39603200000000005,0.0,0.0,0.0
2025-06-10 09:00:00,0.19,0.0,0.0,0.19,1.2272480000000001,11.090241999999998,1.0372480000000002,0.0,0.0,0.0
2025-06-10 10:00:00,0.5,0.0,0.0,0.5,1.502394,12.092635999999999,1.002394,0.0,0.0,0.0
2025-06-10 11:00:00,0.19,0.2043487179487179,0.0,0.3943487179487179,1.861823,13.5,1.4073640000000012,0.0,0.0,0.06011028205128088
2025-06-10 12:00:00,0.19,0.2043487179487179,0.0,0.3943487179487179,1.738124,13.5,0.0,0.0,0.0,1.343775282051282
2025-06-10 13:00:00,0.2,0.2043487179487179,0.0,0.4043487179487179,3.443998,13.5,0.0,0.0,0.0,3.039649282051282
2025-06-10 14:00:00,0.19,0.0,0.0,0.19,4.067045,13.5,0.0,0.0,0.0,3.8770450000000003
2025-06-10 15:00:00,0.19,0.0,0.0,0.19,2.984734,13.5,0.0,0.0,0.0,2.794734
2025-06-10 16:00:00,0.19,0.0,0.0,0.19,1.553306,13.5,0.0,0.0,0.0,1.3633060000000001
2025-06-10 17:00:00,0.19,0.0,0.0,0.19,0.339886,13.5,0.0,0.0,0.0,0.14988600000000002
2025-06-10 18:00:00,0.21,0.0,0.0,0.21,0.19809000000000002,13.48809,0.0,0.011909999999999976,0.0,0.0
2025-06-10 19:00:00,0.21,0.0,0.0,0.21,0.0,13.278089999999999,0.0,0.21,0.0,0.0
2025-06-10 20:00:00,0.21,0.0,0.0,0.21,0.0,13.068089999999998,0.0,0.21,0.0,0.0
2025-06-10 21:00:00,0.21,0.0,0.0,0.21,0.0,12.858089999999997,0.0,0.21,0.0,0.0
2025-06-10 22:00:00,0.19,0.0,0.0,0.19,0.0,12.668089999999998,0.0,0.19,0.0,0.0
2025-06-10 23:00:00,0.47,0.0,0.0,0.47,0.0,12.198089999999997,0.0,0.47,0.0,0.0
2025-06-11 00:00:00,0.62,0.0,0.0,0.62,0.0,11.578089999999998,0.0,0.62,0.0,0.0
2025-06-11 01:00:00,0.64,0.0,0.0,0.64,0.0,10.938089999999997,0.0,0.64,0.0,0.0
2025-06-11 02:00:00,0.8699999999999999,0.0,0.0,0.8699999999999999,0.0,10.068089999999998,0.0,0.8699999999999999,0.0,0.0
2025-06-11 03:00:00,0.55,0.0,0.0,0.55,0.0,9.518089999999997,0.0,0.55,0.0,0.0
2025-06-11 04:00:00,0.5499999999999999,0.0,0.0,0.5499999999999999,0.0,8.968089999999997,0.0,0.5499999999999999,0.0,0.0
2025-06-11 05:00:00,0.5599999999999999,0.0,0.0,0.5599999999999999,0.248189,8.656278999999996,0.0,0.31181099999999995,0.0,0.0
2025-06-11 06:00:00,0.93,0.0,0.0,0.93,1.453094,9.179372999999996,0.5230940000000001,0.0,0.0,0.0
2025-06-11 07:00:00,0.5599999999999999,0.0,0.0,0.5599999999999999,2.943851,11.563223999999996,2.383851,0.0,0.0,0.0
2025-06-11 08:00:00,0.63,0.0,1.5414719999999962,2.171471999999996,4.108248,13.5,1.9367760000000036,0.0,0.0,0.0
2025-06-11 09:00:00,0.52,0.0,4.4042010000000005,4.924201,4.924201,13.5,0.0,0.0,0.0,0.0
2025-06-11 10:00:00,0.19,0.0,5.191122999999999,5.381123,5.381123,13.5,0.0,0.0,0.0,0.0
2025-06-11 11:00:00,0.19,0.2043487179487179,5.108505282051282,5.502854,5.502854,13.5,0.0,0.0,0.0,0.0
2025-06-11 12:00:00,0.19,0.2043487179487179,4.914674282051282,5.309023,5.309023,13.5,0.0,0.0,0.0,0.0
2025-06-11 13:00:00,0.19,0.2043487179487179,4.464214282051282,4.858563,4.858563,13.5,0.0,0.0,0.0,0.0
2025-06-11 14:00:00,0.19,0.0,3.8822360000000002,4.072236,4.072236,13.5,0.0,0.0,0.0,0.0
2025-06-11 15:00:00,0.2,0.0,2.76265,2.96265,2.96265,13.5,0.0,0.0,0.0,0.0
2025-06-11 16:00:00,0.19,0.0,1.289903,1.479903,1.479903,13.5,0.0,0.0,0.0,0.0
2025-06-11 17:00:00,0.19,0.0,0.31564,0.50564,0.50564,13.5,0.0,0.0,0.0,0.0
2025-06-11 18:00:00,0.22,0.0,0.015534999999999993,0.235535,0.235535,13.5,0.0,0.0,0.0,0.0
2025-06-11 19:00:00,0.21,0.0,0.0,0.21,0.0,13.29,0.0,0.21,0.0,0.0
2025-06-11 20:00:00,0.21,0.0,0.0,0.21,0.0,13.079999999999998,0.0,0.21,0.0,0.0
2025-06-11 21:00:00,0.21,0.0,0.0,0.21,0.0,12.869999999999997,0.0,0.21,0.0,0.0
2025-06-11 22:00:00,0.19,0.0,0.0,0.19,0.0,12.679999999999998,0.0,0.19,0.0,0.0
2025-06-11 23:00:00,0.53,0.0,0.0,0.53,0.0,12.149999999999999,0.0,0.53,0.0,0.0
2025-06-12 00:00:00,0.55,0.0,0.0,0.55,0.0,11.599999999999998,0.0,0.55,0.0,0.0
2025-06-12 01:00:00,0.5499999999999999,0.0,0.0,0.5499999999999999,0.0,11.049999999999997,0.0,0.5499999999999999,0.0,0.0
2025-06-12 02:00:00,0.63,0.0,0.0,0.63,0.0,10.419999999999996,0.0,0.63,0.0,0.0
2025-06-12 03:00:00,0.5599999999999999,0.0,0.0,0.5599999999999999,0.0,9.859999999999996,0.0,0.5599999999999999,0.0,0.0
2025-06-12 04:00:00,0.7200000000000001,0.0,0.0,0.7200000000000001,0.0,9.139999999999995,0.0,0.7200000000000001,0.0,0.0
2025-06-12 05:00:00,0.5499999999999999,0.0,0.0,0.5499999999999999,0.233113,8.823112999999996,0.0,0.3168869999999999,0.0,0.0
2025-06-12 06:00:00,1.0,0.0,0.0,1.0,1.430025,9.253137999999996,0.4300250000000001,0.0,0.0,0.0
2025-06-12 07:00:00,0.63,0.0,0.0,0.63,2.876449,11.499586999999996,2.246449,0.0,0.0,0.0
2025-06-12 08:00:00,0.63,0.0,0.0,0.63,3.986664,13.5,2.0004130000000035,0.0,0.0,1.3562509999999968
2025-06-12 09:00:00,0.19,0.0,0.0,0.19,4.7433119999999995,13.5,0.0,0.0,0.0,4.553311999999999
2025-06-12 10:00:00,0.51,0.0,0.0,0.51,5.2586059999999994,13.5,0.0,0.0,0.0,4.748606
2025-06-12 11:00:00,0.31,0.2043487179487179,0.0,0.5143487179487178,5.40534,13.5,0.0,0.0,0.0,4.8909912820512815
2025-06-12 12:00:00,0.21,0.2043487179487179,0.0,0.41434871794871786,5.257833,13.5,0.0,0.0,0.0,4.843484282051282
2025-06-12 13:00:00,0.2,0.2043487179487179,0.0,0.4043487179487179,4.784084,13.5,0.0,0.0,0.0,4.379735282051282
2025-06-12 14:00:00,0.19,0.0,0.0,0.19,3.989878,13.5,0.0,0.0,0.0,3.799878
2025-06-12 15:00:00,0.19,0.0,0.0,0.19,2.9319830000000002,13.5,0.0,0.0,0.0,2.7419830000000003
2025-06-12 16:00:00,0.2,0.0,0.0,0.2,1.511568,13.5,0.0,0.0,0.0,1.311568
2025-06-12 17:00:00,0.19,0.0,0.0,0.19,0.30815800000000004,13.5,0.0,0.0,0.0,0.11815800000000004
2025-06-12 18:00:00,0.21,0.0,0.0,0.21,0.174891,13.464891,0.0,0.035109,0.0,0.0
2025-06-12 19:00:00,0.21,0.0,0.0,0.21,0.0,13.254890999999999,0.0,0.21,0.0,0.0
2025-06-12 20:00:00,0.2,0.0,0.0,0.2,0.0,13.054891,0.0,0.2,0.0,0.0
2025-06-12 21:00:00,0.21,0.0,0.0,0.21,0.0,12.844890999999999,0.0,0.21,0.0,0.0
2025-06-12 22:00:00,0.2,0.0,0.0,0.2,0.0,12.644891,0.0,0.2,0.0,0.0
2025-06-12 23:00:00,0.27,0.0,0.0,0.27,0.0,12.374891,0.0,0.27,0.0,0.0
2025-06-13 00:00:00,0.54,0.0,0.0,0.54,0.0,11.834890999999999,0.0,0.54,0.0,0.0
2025-06-13 01:00:00,0.62,0.0,0.0,0.62,0.0,11.214891,0.0,0.62,0.0,0.0
2025-06-13 02:00:00,0.92,0.0,0.0,0.92,0.0,10.294891,0.0,0.92,0.0,0.0
2025-06-13 03:00:00,0.63,0.0,0.0,0.63,0.0,9.664890999999999,0.0,0.63,0.0,0.0
2025-06-13 04:00:00,0.63,0.0,0.0,0.63,0.0,9.034890999999998,0.0,0.63,0.0,0.0
2025-06-13 05:00:00,0.87,0.0,0.0,0.87,0.23265,8.397540999999999,0.0,0.63735,0.0,0.0
2025-06-13 06:00:00,0.98,0.0,0.0,0.98,1.522423,8.939963999999998,0.5424230000000001,0.0,0.0,0.0
2025-06-13 07:00:00,0.63,0.0,0.0,0.63,3.0165680000000004,11.326531999999998,2.3865680000000005,0.0,0.0,0.0
2025-06-13 08:00:00,0.63,0.0,1.3263089999999984,1.9563089999999983,4.129777,13.5,2.1734680000000015,0.0,0.0,0.0
2025-06-13 09:00:00,0.5599999999999999,0.0,4.394572,4.954572,4.954572,13.5,0.0,0.0,0.0,0.0
2025-06-13 10:00:00,0.4599999999999999,0.0,4.989941,5.449941,5.449941,13.5,0.0,0.0,0.0,0.0
2025-06-13 11:00:00,0.38,0.2043487179487179,1.399024153846156,1.983372871794874,5.587618,13.5,0.0,0.0,0.0,3.604245128205126
2025-06-13 12:00:00,0.19,0.2043487179487179,0.0,0.3943487179487179,5.379527,13.5,0.0,0.0,0.0,4.985178282051282
2025-06-13 13:00:00,0.19,0.2043487179487179,0.0,0.3943487179487179,4.870365,13.5,0.0,0.0,0.0,4.476016282051281
2025-06-13 14:00:00,0.19,0.0,0.0,0.19,4.037369,13.5,0.0,0.0,0.0,3.847369
2025-06-13 15:00:00,0.19,0.0,0.0,0.19,2.9469369999999997,13.5,0.0,0.0,0.0,2.7569369999999997
2025-06-13 16:00:00,0.19,0.0,0.0,0.19,1.499941,13.5,0.0,0.0,0.0,1.309941
2025-06-13 17:00:00,0.19,0.0,0.0,0.19,0.300615,13.5,0.0,0.0,0.0,0.11061500000000002
2025-06-13 18:00:00,0.21,0.0,0.0,0.21,0.150042,13.440042,0.0,0.059957999999999984,0.0,0.0
2025-06-13 19:00:00,0.21,0.0,0.0,0.21,0.0,13.230042,0.0,0.21,0.0,0.0
2025-06-13 20:00:00,0.21,0.0,0.0,0.21,0.0,13.020041999999998,0.0,0.21,0.0,0.0
2025-06-13 21:00:00,0.21,0.0,0.0,0.21,0.0,12.810041999999997,0.0,0.21,0.0,0.0
2025-06-13 22:00:00,0.2,0.0,0.0,0.2,0.0,12.610041999999998,0.0,0.2,0.0,0.0
2025-06-13 23:00:00,1.64,0.0,0.0,1.64,0.0,10.970041999999998,0.0,1.64,0.0,0.0
2025-06-14 00:00:00,0.93,0.0,0.0,0.93,0.0,10.040041999999998,0.0,0.93,0.0,0.0
2025-06-14 01:00:00,0.99,0.0,0.0,0.99,0.0,9.050041999999998,0.0,0.99,0.0,0.0
2025-06-14 02:00:00,0.72,0.0,0.0,0.72,0.0,8.330041999999997,0.0,0.72,0.0,0.0
2025-06-14 03:00:00,0.95,0.0,0.0,0.95,0.0,7.380041999999997,0.0,0.95,0.0,0.0
2025-06-14 04:00:00,1.03,0.0,0.0,1.03,0.0,6.350041999999997,0.0,1.03,0.0,0.0
2025-06-14 05:00:00,0.56,0.0,0.0,0.56,0.226042,6.016083999999997,0.0,0.3339580000000001,0.0,0.0
2025-06-14 06:00:00,0.96,0.0,0.0,0.96,1.461917,6.518000999999996,0.501917,0.0,0.0,0.0
2025-06-14 07:00:00,0.5700000000000001,0.0,0.0,0.5700000000000001,2.701816,8.649816999999995,2.1318159999999997,0.0,0.0,0.0
2025-06-14 08:00:00,0.18,0.0,0.0,0.18,3.9927289999999998,12.462545999999994,3.8127289999999996,0.0,0.0,0.0
2025-06-14 09:00:00,0.4,0.0,0.0,0.4,4.787311,13.5,1.0374540000000056,0.0,0.0,3.349856999999994
2025-06-14 10:00:00,0.47,0.0,0.0,0.47,5.238579,13.5,0.0,0.0,0.0,4.768579
2025-06-14 11:00:00,0.11,0.2043487179487179,0.0,0.3143487179487179,5.408907,13.5,0.0,0.0,0.0,5.094558282051282
2025-06-14 12:00:00,0.16,0.2043487179487179,0.0,0.3643487179487179,4.760825,13.5,0.0,0.0,0.0,4.396476282051282
2025-06-14 13:00:00,0.61,0.2043487179487179,0.0,0.8143487179487179,4.809856,13.5,0.0,0.0,0.0,3.995507282051282
2025-06-14 14:00:00,0.12,0.0,0.0,0.12,4.026536999999999,13.5,0.0,0.0,0.0,3.9065369999999993
2025-06-14 15:00:00,0.12,0.0,0.0,0.12,2.973135,13.5,0.0,0.0,0.0,2.853135
2025-06-14 16:00:00,0.1,0.0,0.0,0.1,1.479047,13.5,0.0,0.0,0.0,1.379047
2025-06-14 17:00:00,0.15,0.0,0.0,0.15,0.621929,13.5,0.0,0.0,0.0,0.47192899999999993
2025-06-14 18:00:00,0.16,0.0,0.0,0.16,0.20362,13.5,0.0,0.0,0.0,0.04361999999999999
2025-06-14 19:00:00,0.13,0.0,0.0,0.13,0.0,13.37,0.0,0.13,0.0,0.0
2025-06-14 20:00:00,0.21,0.0,0.0,0.21,0.0,13.159999999999998,0.0,0.21,0.0,0.0
2025-06-14 21:00:00,0.15,0.0,0.0,0.15,0.0,13.009999999999998,0.0,0.15,0.0,0.0
2025-06-14 22:00:00,0.23,0.0,0.0,0.23,0.0,12.779999999999998,0.0,0.23,0.0,0.0
2025-06-14 23:00:00,0.19,0.0,0.0,0.19,0.0,12.589999999999998,0.0,0.19,0.0,0.0
2025-06-15 00:00:00,0.2,0.0,0.0,0.2,0.0,12.389999999999999,0.0,0.2,0.0,0.0
2025-06-15 01:00:00,0.46,0.0,0.0,0.46,0.0,11.929999999999998,0.0,0.46,0.0,0.0
2025-06-15 02:00:00,0.49,0.0,0.0,0.49,0.0,11.439999999999998,0.0,0.49,0.0,0.0
2025-06-15 03:00:00,0.67,0.0,0.0,0.67,0.0,10.769999999999998,0.0,0.67,0.0,0.0
2025-06-15 04:00:00,1.09,0.0,0.0,1.09,0.0,9.679999999999998,0.0,1.09,0.0,0.0
2025-06-15 05:00:00,0.49,0.0,0.0,0.49,0.23084200000000002,9.420841999999999,0.0,0.259158,0.0,0.0
2025-06-15 06:00:00,1.04,0.0,0.0,1.04,1.453751,9.834592999999998,0.413751,0.0,0.0,0.0
2025-06-15 07:00:00,2.93,0.0,0.0,2.93,2.887309,9.791901999999999,0.0,0.042691000000000034,0.0,0.0
2025-06-15 08:00:00,1.07,0.0,0.0,1.07,3.9878159999999996,12.709717999999999,2.9178159999999993,0.0,0.0,0.0
2025-06-15 09:00:00,0.13,0.0,0.0,0.13,4.733787,13.5,0.7902820000000013,0.0,0.0,3.8135049999999993
2025-06-15 10:00:00,0.12,0.0,0.0,0.12,5.18675,13.5,0.0,0.0,0.0,5.06675
2025-06-15 11:00:00,0.2,0.2043487179487179,0.0,0.4043487179487179,5.342227,13.5,0.0,0.0,0.0,4.937878282051282
2025-06-15 12:00:00,0.16,0.2043487179487179,0.0,0.3643487179487179,5.177441,13.5,0.0,0.0,0.0,4.813092282051282
2025-06-15 13:00:00,0.11,0.2043487179487179,0.0,0.3143487179487179,4.726227,13.5,0.0,0.0,0.0,4.411878282051282
2025-06-15 14:00:00,0.33,0.0,0.0,0.33,3.9735189999999996,13.5,0.0,0.0,0.0,3.6435189999999995
2025-06-15 15:00:00,1.34,0.0,0.0,1.34,2.922853,13.5,0.0,0.0,0.0,1.5828529999999998
2025-06-15 16:00:00,0.11,0.0,0.0,0.11,1.52605,13.5,0.0,0.0,0.0,1.4160499999999998
2025-06-15 17:00:00,1.75,0.0,0.0,1.75,0.323795,12.073795,0.0,1.426205,0.0,0.0
2025-06-15 18:00:00,1.71,0.0,0.0,1.71,0.187143,10.550938,0.0,1.522857,0.0,0.0
2025-06-15 19:00:00,0.18,0.0,0.0,0.18,0.0,10.370938,0.0,0.18,0.0,0.0
2025-06-15 20:00:00,0.28,0.0,0.0,0.28,0.0,10.090938000000001,0.0,0.28,0.0,0.0
2025-06-15 21:00:00,0.56,0.0,0.0,0.56,0.0,9.530938,0.0,0.56,0.0,0.0
2025-06-15 22:00:00,0.71,0.0,0.0,0.71,0.0,8.820938000000002,0.0,0.71,0.0,0.0
2025-06-15 23:00:00,0.11,0.0,0.0,0.11,0.0,8.710938000000002,0.0,0.11,0.0,0.0
2025-06-16 00:00:00,0.11,0.0,0.0,0.11,0.0,8.600938000000003,0.0,0.11,0.0,0.0
2025-06-16 01:00:00,0.1,0.0,0.0,0.1,0.0,8.500938000000003,0.0,0.1,0.0,0.0
2025-06-16 02:00:00,0.1,0.0,0.0,0.1,0.0,8.400938000000004,0.0,0.1,0.0,0.0
2025-06-16 03:00:00,0.46,0.0,0.0,0.46,0.0,7.940938000000004,0.0,0.46,0.0,0.0
2025-06-16 04:00:00,0.48,0.0,0.0,0.48,0.0,7.460938000000004,0.0,0.48,0.0,0.0
2025-06-16 05:00:00,0.93,0.0,0.0,0.93,0.23734899999999998,6.768287000000004,0.0,0.6926510000000001,0.0,0.0
2025-06-16 06:00:00,0.49,0.0,0.0,0.49,1.420266,7.698553000000004,0.930266,0.0,0.0,0.0
2025-06-16 07:00:00,1.5199999999999998,0.0,0.0,1.5199999999999998,2.8515140000000003,9.030067000000004,1.3315140000000005,0.0,0.0,0.0
2025-06-16 08:00:00,1.0,0.0,0.0,1.0,3.955855,11.985922000000004,2.955855,0.0,0.0,0.0
2025-06-16 09:00:00,0.17,0.0,0.0,0.17,4.7794300000000005,13.5,1.514077999999996,0.0,0.0,3.0953520000000045
2025-06-16 10:00:00,0.36,0.0,0.0,0.36,5.234403,13.5,0.0,0.0,0.0,4.874403
2025-06-16 11:00:00,0.41,0.4597846153846154,0.0,0.8697846153846154,5.400220999999999,13.5,0.0,0.0,0.0,4.530436384615384
2025-06-16 12:00:00,0.11,0.4597846153846154,0.0,0.5697846153846154,5.231198,13.5,0.0,0.0,0.0,4.6614133846153845
2025-06-16 13:00:00,0.1,0.4597846153846154,0.0,0.5597846153846154,4.776526,13.5,0.0,0.0,0.0,4.216741384615384
2025-06-16 14:00:00,0.1,0.0,0.0,0.1,2.5542249999999997,13.5,0.0,0.0,0.0,2.4542249999999997
2025-06-16 15:00:00,0.1,0.0,0.0,0.1,1.727643,13.5,0.0,0.0,0.0,1.627643
2025-06-16 16:00:00,0.1,0.0,0.0,0.1,1.265548,13.5,0.0,0.0,0.0,1.1655479999999998
2025-06-16 17:00:00,0.1,0.0,0.0,0.1,0.33142099999999997,13.5,0.0,0.0,0.0,0.23142099999999996
2025-06-16 18:00:00,0.16,0.0,0.0,0.16,0.18981800000000001,13.5,0.0,0.0,0.0,0.02981800000000001
2025-06-16 19:00:00,0.12,0.0,0.0,0.12,0.0,13.38,0.0,0.12,0.0,0.0
2025-06-16 20:00:00,0.14,0.0,0.0,0.14,0.0,13.24,0.0,0.14,0.0,0.0
2025-06-16 21:00:00,0.12,0.0,0.0,0.12,0.0,13.120000000000001,0.0,0.12,0.0,0.0
2025-06-16 22:00:00,0.12,0.0,0.0,0.12,0.0,13.000000000000002,0.0,0.12,0.0,0.0
2025-06-16 23:00:00,0.54,0.0,0.0,0.54,0.0,12.46,0.0,0.54,0.0,0.0
2025-06-17 00:00:00,0.96,0.0,0.0,0.96,0.0,11.5,0.0,0.96,0.0,0.0
2025-06-17 01:00:00,0.57,0.0,0.0,0.57,0.0,10.93,0.0,0.57,0.0,0.0
2025-06-17 02:00:00,0.88,0.0,0.0,0.88,0.0,10.049999999999999,0.0,0.88,0.0,0.0
2025-06-17 03:00:00,0.95,0.0,0.0,0.95,0.0,9.1,0.0,0.95,0.0,0.0
2025-06-17 04:00:00,1.03,0.0,0.0,1.03,0.0,8.07,0.0,1.03,0.0,0.0
2025-06-17 05:00:00,0.96,0.0,0.0,0.96,0.232903,7.342903000000001,0.0,0.727097,0.0,0.0
2025-06-17 06:00:00,0.49,0.0,0.0,0.49,0.39740800000000004,7.250311000000001,0.0,0.09259199999999995,0.0,0.0
2025-06-17 07:00:00,0.16,0.0,0.0,0.16,0.814553,7.904864000000001,0.6545529999999999,0.0,0.0,0.0
2025-06-17 08:00:00,0.22,0.0,0.0,0.22,1.80078,9.485644,1.58078,0.0,0.0,0.0
2025-06-17 09:00:00,0.22,0.0,0.0,0.22,3.8200279999999998,13.085672,3.6000279999999996,0.0,0.0,0.0
2025-06-17 10:00:00,0.21,0.0,0.0,0.21,5.316782,13.5,0.41432799999999936,0.0,0.0,4.692454000000001
2025-06-17 11:00:00,0.21,0.4597846153846154,0.0,0.6697846153846154,5.4731760000000005,13.5,0.0,0.0,0.0,4.803391384615385
2025-06-17 12:00:00,0.22,0.4597846153846154,0.0,0.6797846153846154,5.305544,13.5,0.0,0.0,0.0,4.625759384615385
2025-06-17 13:00:00,0.22,0.4597846153846154,0.0,0.6797846153846154,4.8408299999999995,13.5,0.0,0.0,0.0,4.1610453846153845
2025-06-17 14:00:00,0.22,0.0,0.0,0.22,4.062537,13.5,0.0,0.0,0.0,3.8425369999999996
2025-06-17 15:00:00,0.22,0.0,0.0,0.22,2.993486,13.5,0.0,0.0,0.0,2.7734859999999997
2025-06-17 16:00:00,0.22,0.0,0.0,0.22,1.573145,13.5,0.0,0.0,0.0,1.353145
2025-06-17 17:00:00,0.22,0.0,0.0,0.22,0.340942,13.5,0.0,0.0,0.0,0.12094200000000002
2025-06-17 18:00:00,0.31,0.0,0.0,0.31,0.260561,13.450561,0.0,0.04943900000000001,0.0,0.0
2025-06-17 19:00:00,0.35,0.0,0.0,0.35,0.0,13.100561,0.0,0.35,0.0,0.0
2025-06-17 20:00:00,0.22,0.0,0.0,0.22,0.0,12.880561,0.0,0.22,0.0,0.0
2025-06-17 21:00:00,0.12,0.0,0.0,0.12,0.0,12.760561000000001,0.0,0.12,0.0,0.0
2025-06-17 22:00:00,0.22,0.0,0.0,0.22,0.0,12.540561,0.0,0.22,0.0,0.0
2025-06-17 23:00:00,0.2,0.0,0.0,0.2,0.0,12.340561000000001,0.0,0.2,0.0,0.0
2025-06-18 00:00:00,0.19,0.0,0.0,0.19,0.0,12.150561000000001,0.0,0.19,0.0,0.0
2025-06-18 01:00:00,0.19,0.0,0.0,0.19,0.0,11.960561000000002,0.0,0.19,0.0,0.0
2025-06-18 02:00:00,0.19,0.0,0.0,0.19,0.0,11.770561000000002,0.0,0.19,0.0,0.0
2025-06-18 03:00:00,0.22,0.0,0.0,0.22,0.0,11.550561000000002,0.0,0.22,0.0,0.0
2025-06-18 04:00:00,1.35,0.0,0.0,1.35,0.0,10.200561000000002,0.0,1.35,0.0,0.0
2025-06-18 05:00:00,1.03,0.0,0.0,1.03,0.008335,9.178896000000002,0.0,1.021665,0.0,0.0
2025-06-18 06:00:00,1.35,0.0,0.0,1.35,0.178424,8.007320000000002,0.0,1.1715760000000002,0.0,0.0
2025-06-18 07:00:00,0.71,0.0,0.0,0.71,0.523457,7.820777000000001,0.0,0.18654300000000001,0.0,0.0
2025-06-18 08:00:00,0.16,0.0,0.0,0.16,0.769907,8.430684000000001,0.609907,0.0,0.0,0.0
2025-06-18 09:00:00,0.15,0.0,0.0,0.15,1.5584529999999999,9.839137000000001,1.408453,0.0,0.0,0.0
2025-06-18 10:00:00,0.16,0.0,0.0,0.16,2.7343200000000003,12.413457000000001,2.57432,0.0,0.0,0.0
2025-06-18 11:00:00,0.16,0.4597846153846154,3.7549423846153864,4.374727000000002,5.461270000000001,13.5,1.086542999999999,0.0,0.0,0.0
2025-06-18 12:00:00,0.12,0.4597846153846154,4.734054384615384,5.313839,5.313839,13.5,0.0,0.0,0.0,0.0
2025-06-18 13:00:00,0.25,0.4597846153846154,4.125435384615385,4.8352200000000005,4.8352200000000005,13.5,0.0,0.0,0.0,0.0
2025-06-18 14:00:00,0.25,0.0,3.814852,4.064852,4.064852,13.5,0.0,0.0,0.0,0.0
2025-06-18 15:00:00,0.16,0.0,2.843054,3.003054,3.003054,13.5,0.0,0.0,0.0,0.0
2025-06-18 16:00:00,0.16,0.0,1.417031,1.5770309999999998,1.5770309999999998,13.5,0.0,0.0,0.0,0.0
2025-06-18 17:00:00,0.12,0.0,0.21776600000000002,0.337766,0.337766,13.5,0.0,0.0,0.0,0.0
2025-06-18 18:00:00,0.26,0.0,0.0,0.26,0.189333,13.429333,0.0,0.07066700000000001,0.0,0.0
2025-06-18 19:00:00,0.28,0.0,0.0,0.28,0.0,13.149333,0.0,0.28,0.0,0.0
2025-06-18 20:00:00,0.14,0.0,0.0,0.14,0.0,13.009333,0.0,0.14,0.0,0.0
2025-06-18 21:00:00,0.13,0.0,0.0,0.13,0.0,12.879332999999999,0.0,0.13,0.0,0.0
2025-06-18 22:00:00,0.22,0.0,0.0,0.22,0.0,12.659332999999998,0.0,0.22,0.0,0.0
2025-06-18 23:00:00,0.21,0.0,0.0,0.21,0.0,12.449332999999998,0.0,0.21,0.0,0.0
2025-06-19 00:00:00,0.2,0.0,0.0,0.2,0.0,12.249332999999998,0.0,0.2,0.0,0.0
2025-06-19 01:00:00,0.21,0.0,0.0,0.21,0.0,12.039332999999997,0.0,0.21,0.0,0.0
2025-06-19 02:00:00,0.22,0.0,0.0,0.22,0.0,11.819332999999997,0.0,0.22,0.0,0.0
2025-06-19 03:00:00,0.92,0.0,0.0,0.92,0.0,10.899332999999997,0.0,0.92,0.0,0.0
2025-06-19 04:00:00,0.58,0.0,0.0,0.58,0.0,10.319332999999997,0.0,0.58,0.0,0.0
2025-06-19 05:00:00,1.03,0.0,0.0,1.03,0.22809100000000002,9.517423999999997,0.0,0.801909,0.0,0.0
2025-06-19 06:00:00,0.75,0.0,0.0,0.75,1.434745,10.202168999999996,0.6847449999999999,0.0,0.0,0.0
2025-06-19 07:00:00,0.37,0.0,0.0,0.37,0.5691430000000001,10.401311999999995,0.19914300000000007,0.0,0.0,0.0
2025-06-19 08:00:00,0.8400000000000001,0.0,0.0,0.8400000000000001,0.6302129999999999,10.191524999999995,0.0,0.20978700000000017,0.0,0.0
2025-06-19 09:00:00,0.26,0.0,0.0,0.26,1.074193,11.005717999999995,0.814193,0.0,0.0,0.0
2025-06-19 10:00:00,0.26,0.0,0.0,0.26,2.5981170000000002,13.343834999999995,2.3381170000000004,0.0,0.0,0.0
2025-06-19 11:00:00,0.17,0.4597846153846154,0.0,0.6297846153846154,3.075123,13.5,0.156165000000005,0.0,0.0,2.2891733846153794
2025-06-19 12:00:00,0.37,0.4597846153846154,0.0,0.8297846153846153,2.7345059999999997,13.5,0.0,0.0,0.0,1.9047213846153843
2025-06-19 13:00:00,0.26,0.4597846153846154,0.0,0.7197846153846155,2.334369,13.5,0.0,0.0,0.0,1.6145843846153847
2025-06-19 14:00:00,0.26,0.0,0.0,0.26,2.588507,13.5,0.0,0.0,0.0,2.328507
2025-06-19 15:00:00,0.29,0.0,0.0,0.29,1.867664,13.5,0.0,0.0,0.0,1.577664
2025-06-19 16:00:00,2.75,0.0,0.0,2.75,1.032875,11.782875,0.0,1.717125,0.0,0.0
2025-06-19 17:00:00,3.46,0.0,0.0,3.46,0.610895,8.93377,0.0,2.8491049999999998,0.0,0.0
2025-06-19 18:00:00,1.09,0.0,0.0,1.09,0.113758,7.957528000000001,0.0,0.976242,0.0,0.0
2025-06-19 19:00:00,0.33,0.0,0.0,0.33,0.0,7.627528000000001,0.0,0.33,0.0,0.0
2025-06-19 20:00:00,0.1699999999999999,0.0,0.0,0.1699999999999999,0.0,7.457528000000001,0.0,0.1699999999999999,0.0,0.0
2025-06-19 21:00:00,0.31,0.0,0.0,0.31,0.0,7.147528000000001,0.0,0.31,0.0,0.0
2025-06-19 22:00:00,0.48,0.0,0.0,0.48,0.0,6.667528000000001,0.0,0.48,0.0,0.0
2025-06-19 23:00:00,0.7100000000000001,0.0,0.0,0.7100000000000001,0.0,5.957528000000001,0.0,0.7100000000000001,0.0,0.0
2025-06-20 00:00:00,0.6699999999999999,0.0,0.0,0.6699999999999999,0.0,5.287528000000001,0.0,0.6699999999999999,0.0,0.0
2025-06-20 01:00:00,0.22,0.0,0.0,0.22,0.0,5.067528000000001,0.0,0.22,0.0,0.0
2025-06-20 02:00:00,0.22,0.0,0.0,0.22,0.0,4.847528000000001,0.0,0.22,0.0,0.0
2025-06-20 03:00:00,0.22,0.0,0.0,0.22,0.0,4.627528000000002,0.0,0.22,0.0,0.0
2025-06-20 04:00:00,0.58,0.0,0.0,0.58,0.0,4.047528000000002,0.0,0.58,0.0,0.0
2025-06-20 05:00:00,0.72,0.0,0.0,0.72,0.21979400000000002,3.5473220000000016,0.0,0.5002059999999999,0.0,0.0
2025-06-20 06:00:00,1.03,0.0,0.0,1.03,1.452251,3.9695730000000014,0.42225099999999993,0.0,0.0,0.0
2025-06-20 07:00:00,0.2299999999999999,0.0,0.0,0.2299999999999999,0.551987,4.291560000000001,0.32198700000000013,0.0,0.0,0.0
2025-06-20 08:00:00,0.24,0.0,0.0,0.24,0.616168,4.667728000000001,0.37616800000000006,0.0,0.0,0.0
2025-06-20 09:00:00,0.25,0.0,0.0,0.25,1.203244,5.620972000000001,0.953244,0.0,0.0,0.0
2025-06-20 10:00:00,0.25,0.0,0.0,0.25,1.546268,6.917240000000001,1.296268,0.0,0.0,0.0
2025-06-20 11:00:00,0.25,0.4597846153846154,0.0,0.7097846153846155,1.5556199999999998,7.7630753846153855,0.8458353846153843,0.0,0.0,0.0
2025-06-20 12:00:00,0.33,0.4597846153846154,0.0,0.7897846153846154,2.48168,9.45497076923077,1.6918953846153846,0.0,0.0,0.0
2025-06-20 13:00:00,0.24,0.4597846153846154,0.0,0.6997846153846154,2.099413,10.854599153846154,1.3996283846153847,0.0,0.0,0.0
2025-06-20 14:00:00,0.26,0.0,0.0,0.26,2.2759720000000003,12.870571153846154,2.0159720000000005,0.0,0.0,0.0
2025-06-20 15:00:00,0.26,0.0,1.2338701538461534,1.4938701538461534,2.123299,13.5,0.6294288461538464,0.0,0.0,0.0
2025-06-20 16:00:00,0.2299999999999999,0.0,1.369676,1.5996759999999999,1.5996759999999999,13.5,0.0,0.0,0.0,0.0
2025-06-20 17:00:00,0.73,0.0,0.0,0.73,0.582176,13.352176,0.0,0.14782399999999996,0.0,0.0
2025-06-20 18:00:00,1.43,0.0,0.0,1.43,0.183326,12.105502,0.0,1.246674,0.0,0.0
2025-06-20 19:00:00,0.39,0.0,0.0,0.39,0.0,11.715501999999999,0.0,0.39,0.0,0.0
2025-06-20 20:00:00,0.57,0.0,0.0,0.57,0.0,11.145501999999999,0.0,0.57,0.0,0.0
2025-06-20 21:00:00,0.24,0.0,0.0,0.24,0.0,10.905501999999998,0.0,0.24,0.0,0.0
2025-06-20 22:00:00,0.18,0.0,0.0,0.18,0.0,10.725501999999999,0.0,0.18,0.0,0.0
2025-06-20 23:00:00,0.12,0.0,0.0,0.12,0.0,10.605502,0.0,0.12,0.0,0.0
2025-06-21 00:00:00,0.11,0.0,0.0,0.11,0.0,10.495502,0.0,0.11,0.0,0.0
2025-06-21 01:00:00,0.1,0.0,0.0,0.1,0.0,10.395502,0.0,0.1,0.0,0.0
2025-06-21 02:00:00,0.1,0.0,0.0,0.1,0.0,10.295502,0.0,0.1,0.0,0.0
2025-06-21 03:00:00,0.93,0.0,0.0,0.93,0.0,9.365502000000001,0.0,0.93,0.0,0.0
2025-06-21 04:00:00,0.5700000000000001,0.0,0.0,0.5700000000000001,0.0,8.795502,0.0,0.5700000000000001,0.0,0.0
2025-06-21 05:00:00,1.1,0.0,0.0,1.1,0.21084999999999998,7.906352000000001,0.0,0.8891500000000001,0.0,0.0
2025-06-21 06:00:00,0.49,0.0,0.0,0.49,1.4372729999999998,8.853625000000001,0.9472729999999998,0.0,0.0,0.0
2025-06-21 07:00:00,2.13,0.0,0.0,2.13,0.547415,7.271040000000001,0.0,1.582585,0.0,0.0
2025-06-21 08:00:00,0.54,0.0,0.0,0.54,1.074467,7.805507000000001,0.534467,0.0,0.0,0.0
2025-06-21 09:00:00,0.13,0.0,0.0,0.13,1.793234,9.468741000000001,1.663234,0.0,0.0,0.0
2025-06-21 10:00:00,0.11,0.0,1.2170750000000012,1.3270750000000013,5.358334,13.5,4.031258999999999,0.0,0.0,0.0
2025-06-21 11:00:00,0.11,0.4597846153846154,4.9450023846153845,5.514787,5.514787,13.5,0.0,0.0,0.0,0.0
2025-06-21 12:00:00,0.11,0.4597846153846154,3.2064723846153846,3.776257,3.776257,13.5,0.0,0.0,0.0,0.0
2025-06-21 13:00:00,0.11,0.4597846153846154,4.2941023846153845,4.863887,4.863887,13.5,0.0,0.0,0.0,0.0
2025-06-21 14:00:00,0.11,0.0,3.9693910000000003,4.079391,4.079391,13.5,0.0,0.0,0.0,0.0
2025-06-21 15:00:00,0.17,0.0,2.841923,3.011923,3.011923,13.5,0.0,0.0,0.0,0.0
2025-06-21 16:00:00,0.01,0.0,1.5696400000000001,1.5796400000000002,1.5796400000000002,13.5,0.0,0.0,0.0,0.0
2025-06-21 17:00:00,0.01,0.0,0.44571253846153525,0.45571253846153525,0.630181,13.5,0.0,0.0,0.0,0.17446846153846474
2025-06-21 18:00:00,0.03,0.0,0.0,0.03,0.194897,13.5,0.0,0.0,0.0,0.164897
2025-06-21 19:00:00,0.01,0.0,0.0,0.01,0.0,13.49,0.0,0.01,0.0,0.0
2025-06-21 20:00:00,0.04,0.0,0.0,0.04,0.0,13.450000000000001,0.0,0.04,0.0,0.0
2025-06-21 21:00:00,0.0,0.0,0.0,0.0,0.0,13.450000000000001,0.0,0.0,0.0,0.0
2025-06-21 22:00:00,0.02,0.0,0.0,0.02,0.0,13.430000000000001,0.0,0.02,0.0,0.0
2025-06-21 23:00:00,0.02,0.0,0.0,0.02,0.0,13.410000000000002,0.0,0.02,0.0,0.0
2025-06-22 00:00:00,0.0,0.0,0.0,0.0,0.0,13.410000000000002,0.0,0.0,0.0,0.0
2025-06-22 01:00:00,0.04,0.0,0.0,0.04,0.0,13.370000000000003,0.0,0.04,0.0,0.0
2025-06-22 02:00:00,0.02,0.0,0.0,0.02,0.0,13.350000000000003,0.0,0.02,0.0,0.0
2025-06-22 03:00:00,0.06,0.0,0.0,0.06,0.0,13.290000000000003,0.0,0.06,0.0,0.0
2025-06-22 04:00:00,0.08,0.0,0.0,0.08,0.0,13.210000000000003,0.0,0.08,0.0,0.0
2025-06-22 05:00:00,0.06,0.0,0.0,0.06,0.21752000000000002,13.367520000000003,0.15752000000000002,0.0,0.0,0.0
2025-06-22 06:00:00,0.07,0.0,0.0,0.07,1.44194,13.5,0.1324799999999975,0.0,0.0,1.2394600000000024
2025-06-22 07:00:00,0.65,0.0,0.0,0.65,0.771653,13.5,0.0,0.0,0.0,0.12165300000000001
2025-06-22 08:00:00,0.29,0.0,0.0,0.29,1.785173,13.5,0.0,0.0,0.0,1.4951729999999999
2025-06-22 09:00:00,0.15,0.0,0.0,0.15,2.480925,13.5,0.0,0.0,0.0,2.330925
2025-06-22 10:00:00,0.12,0.0,0.0,0.12,2.543117,13.5,0.0,0.0,0.0,2.423117
2025-06-22 11:00:00,0.19,0.4597846153846154,0.0,0.6497846153846154,5.5699440000000005,13.5,0.0,0.0,0.0,4.920159384615385
2025-06-22 12:00:00,0.13,0.4597846153846154,0.0,0.5897846153846154,5.409757,13.5,0.0,0.0,0.0,4.819972384615385
2025-06-22 13:00:00,0.15,0.4597846153846154,0.0,0.6097846153846154,4.927645,13.5,0.0,0.0,0.0,4.3178603846153845
2025-06-22 14:00:00,0.11,0.0,0.0,0.11,4.140173,13.5,0.0,0.0,0.0,4.030173
2025-06-22 15:00:00,0.14,0.0,0.0,0.14,3.053377,13.5,0.0,0.0,0.0,2.9133769999999997
2025-06-22 16:00:00,0.19,0.0,0.0,0.19,1.596286,13.5,0.0,0.0,0.0,1.4062860000000001
2025-06-22 17:00:00,0.29,0.0,0.0,0.29,0.33839600000000003,13.5,0.0,0.0,0.0,0.04839600000000005
2025-06-22 18:00:00,3.41,0.0,0.0,3.41,0.16402699999999998,10.254027,0.0,3.245973,0.0,0.0
2025-06-22 19:00:00,0.29,0.0,0.0,0.29,0.0,9.964027000000002,0.0,0.29,0.0,0.0
2025-06-22 20:00:00,0.16,0.0,0.0,0.16,0.0,9.804027000000001,0.0,0.16,0.0,0.0
2025-06-22 21:00:00,0.22,0.0,0.0,0.22,0.0,9.584027,0.0,0.22,0.0,0.0
2025-06-22 22:00:00,0.69,0.0,0.0,0.69,0.0,8.894027000000001,0.0,0.69,0.0,0.0
2025-06-22 23:00:00,0.57,0.0,0.0,0.57,0.0,8.324027000000001,0.0,0.57,0.0,0.0
2025-06-23 00:00:00,0.22,0.0,0.0,0.22,0.0,8.104027,0.0,0.22,0.0,0.0
2025-06-23 01:00:00,0.21,0.0,0.0,0.21,0.0,7.894027,0.0,0.21,0.0,0.0
2025-06-23 02:00:00,0.21,0.0,0.0,0.21,0.0,7.684027,0.0,0.21,0.0,0.0
2025-06-23 03:00:00,0.62,0.0,0.0,0.62,0.0,7.064027,0.0,0.62,0.0,0.0
2025-06-23 04:00:00,0.6599999999999999,0.0,0.0,0.6599999999999999,0.0,6.404027,0.0,0.6599999999999999,0.0,0.0
2025-06-23 05:00:00,0.6799999999999999,0.0,0.0,0.6799999999999999,0.20555,5.929577,0.0,0.4744499999999999,0.0,0.0
2025-06-23 06:00:00,0.76,0.0,0.0,0.76,1.45598,6.625557000000001,0.69598,0.0,0.0,0.0
2025-06-23 07:00:00,0.6000000000000001,0.0,0.0,0.6000000000000001,0.5057010000000001,6.531258,0.0,0.09429900000000002,0.0,0.0
2025-06-23 08:00:00,0.93,0.0,0.0,0.93,1.003884,6.605142,0.07388399999999995,0.0,0.0,0.0
2025-06-23 09:00:00,0.43,0.0,0.0,0.43,2.145174,8.320316,1.715174,0.0,0.0,0.0
2025-06-23 10:00:00,0.41,0.0,0.0,0.41,3.986815,11.897131,3.576815,0.0,0.0,0.0
2025-06-23 11:00:00,0.6799999999999999,0.4597846153846154,0.0,1.1397846153846154,5.509603,13.5,1.602869,0.0,0.0,2.766949384615385
2025-06-23 12:00:00,0.7000000000000001,0.4597846153846154,0.0,1.1597846153846154,5.358604000000001,13.5,0.0,0.0,0.0,4.198819384615385
2025-06-23 13:00:00,0.33,0.4597846153846154,0.0,0.7897846153846154,4.870158,13.5,0.0,0.0,0.0,4.080373384615385
2025-06-23 14:00:00,0.52,0.0,0.0,0.52,4.10385,13.5,0.0,0.0,0.0,3.5838500000000004
2025-06-23 15:00:00,2.94,0.0,0.0,2.94,2.549305,13.109304999999999,0.0,0.390695,0.0,0.0
2025-06-23 16:00:00,0.11,0.0,0.0,0.11,1.589375,13.5,0.3906950000000009,0.0,0.0,1.088679999999999
2025-06-23 17:00:00,0.11,0.0,0.0,0.11,0.331375,13.5,0.0,0.0,0.0,0.221375
2025-06-23 18:00:00,0.27,0.0,0.0,0.27,0.14438900000000002,13.374389,0.0,0.125611,0.0,0.0
2025-06-23 19:00:00,0.27,0.0,0.0,0.27,0.0,13.104389000000001,0.0,0.27,0.0,0.0
2025-06-23 20:00:00,0.16,0.0,0.0,0.16,0.0,12.944389000000001,0.0,0.16,0.0,0.0
2025-06-23 21:00:00,0.14,0.0,0.0,0.14,0.0,12.804389,0.0,0.14,0.0,0.0
2025-06-23 22:00:00,0.13,0.0,0.0,0.13,0.0,12.674389,0.0,0.13,0.0,0.0
2025-06-23 23:00:00,0.11,0.0,0.0,0.11,0.0,12.564389,0.0,0.11,0.0,0.0
2025-06-24 00:00:00,0.11,0.0,0.0,0.11,0.0,12.454389,0.0,0.11,0.0,0.0
2025-06-24 01:00:00,0.11,0.0,0.0,0.11,0.0,12.344389000000001,0.0,0.11,0.0,0.0
2025-06-24 02:00:00,0.11,0.0,0.0,0.11,0.0,12.234389000000002,0.0,0.11,0.0,0.0
2025-06-24 03:00:00,0.11,0.0,0.0,0.11,0.0,12.124389000000003,0.0,0.11,0.0,0.0
2025-06-24 04:00:00,0.1,0.0,0.0,0.1,0.0,12.024389000000003,0.0,0.1,0.0,0.0
2025-06-24 05:00:00,0.56,0.0,0.0,0.56,0.017575,11.481964000000003,0.0,0.542425,0.0,0.0
2025-06-24 06:00:00,0.51,0.0,0.0,0.51,0.6400800000000001,11.612044000000003,0.13008000000000008,0.0,0.0,0.0
2025-06-24 07:00:00,0.51,0.0,0.0,0.51,0.966839,12.068883000000003,0.456839,0.0,0.0,0.0
2025-06-24 08:00:00,0.5,0.0,0.0,0.5,1.966258,13.5,1.4311169999999969,0.0,0.0,0.0351410000000032
2025-06-24 09:00:00,0.4,0.0,0.0,0.4,1.4939369999999998,13.5,0.0,0.0,0.0,1.093937
2025-06-24 10:00:00,0.1,0.0,0.0,0.1,5.450113,13.5,0.0,0.0,0.0,5.350113
2025-06-24 11:00:00,0.36,0.4597846153846154,0.0,0.8197846153846153,5.609712,13.5,0.0,0.0,0.0,4.7899273846153845
2025-06-24 12:00:00,0.1,0.4597846153846154,0.0,0.5597846153846154,5.445281,13.5,0.0,0.0,0.0,4.885496384615384
2025-06-24 13:00:00,0.11,0.4597846153846154,0.0,0.5697846153846154,4.952985,13.5,0.0,0.0,0.0,4.383200384615384
2025-06-24 14:00:00,0.1,0.0,0.0,0.1,4.144177,13.5,0.0,0.0,0.0,4.044177
2025-06-24 15:00:00,0.1,0.0,0.0,0.1,3.067475,13.5,0.0,0.0,0.0,2.967475
2025-06-24 16:00:00,0.11,0.0,0.0,0.11,1.6243040000000002,13.5,0.0,0.0,0.0,1.514304
2025-06-24 17:00:00,0.11,0.0,0.0,0.11,0.312053,13.5,0.0,0.0,0.0,0.20205300000000004
2025-06-24 18:00:00,0.17,0.0,0.0,0.17,0.139642,13.469642,0.0,0.030358000000000024,0.0,0.0
2025-06-24 19:00:00,0.15,0.0,0.0,0.15,0.0,13.319642,0.0,0.15,0.0,0.0
2025-06-24 20:00:00,0.27,0.0,0.0,0.27,0.0,13.049642,0.0,0.27,0.0,0.0
2025-06-24 21:00:00,0.21,0.0,0.0,0.21,0.0,12.839642,0.0,0.21,0.0,0.0
2025-06-24 22:00:00,0.1,0.0,0.0,0.1,0.0,12.739642,0.0,0.1,0.0,0.0
2025-06-24 23:00:00,0.48,0.0,0.0,0.48,0.0,12.259642,0.0,0.48,0.0,0.0
2025-06-25 00:00:00,0.5,0.0,0.0,0.5,0.0,11.759642,0.0,0.5,0.0,0.0
2025-06-25 01:00:00,0.5,0.0,0.0,0.5,0.0,11.259642,0.0,0.5,0.0,0.0
2025-06-25 02:00:00,0.58,0.0,0.0,0.58,0.0,10.679642,0.0,0.58,0.0,0.0
2025-06-25 03:00:00,0.8899999999999999,0.0,0.0,0.8899999999999999,0.0,9.789641999999999,0.0,0.8899999999999999,0.0,0.0
2025-06-25 04:00:00,0.5700000000000001,0.0,0.0,0.5700000000000001,0.0,9.219641999999999,0.0,0.5700000000000001,0.0,0.0
2025-06-25 05:00:00,0.5900000000000001,0.0,0.0,0.5900000000000001,0.20123,8.830872,0.0,0.38877000000000006,0.0,0.0
2025-06-25 06:00:00,0.5,0.0,0.0,0.5,1.474491,9.805363,0.974491,0.0,0.0,0.0
2025-06-25 07:00:00,0.58,0.0,0.0,0.58,0.902691,10.128054,0.32269100000000006,0.0,0.0,0.0
2025-06-25 08:00:00,0.48,0.0,0.23905800000000044,0.7190580000000004,4.091004,13.5,3.3719459999999994,0.0,0.0,0.0
2025-06-25 09:00:00,0.41,0.0,4.512224,4.922224,4.922224,13.5,0.0,0.0,0.0,0.0
2025-06-25 10:00:00,0.5499999999999999,0.0,4.860782,5.410782,5.410782,13.5,0.0,0.0,0.0,0.0
2025-06-25 11:00:00,0.37,0.4597846153846154,4.748613384615385,5.578398,5.578398,13.5,0.0,0.0,0.0,0.0
2025-06-25 12:00:00,0.1,0.4597846153846154,4.841924384615384,5.401708999999999,5.401708999999999,13.5,0.0,0.0,0.0,0.0
2025-06-25 13:00:00,0.1,0.4597846153846154,4.340540384615384,4.900325,4.900325,13.5,0.0,0.0,0.0,0.0
2025-06-25 14:00:00,0.1,0.0,3.997111,4.097111,4.097111,13.5,0.0,0.0,0.0,0.0
2025-06-25 15:00:00,0.11,0.0,2.9214070000000003,3.031407,3.031407,13.5,0.0,0.0,0.0,0.0
2025-06-25 16:00:00,0.1,0.0,1.480461,1.5804610000000001,1.5804610000000001,13.5,0.0,0.0,0.0,0.0
2025-06-25 17:00:00,0.68,0.0,0.0,0.68,0.31482299999999996,13.134823,0.0,0.3651770000000001,0.0,0.0
2025-06-25 18:00:00,0.61,0.0,0.0,0.61,0.137993,12.662816000000001,0.0,0.47200699999999995,0.0,0.0
2025-06-25 19:00:00,0.14,0.0,0.0,0.14,0.0,12.522816,0.0,0.14,0.0,0.0
2025-06-25 20:00:00,0.59,0.0,0.0,0.59,0.0,11.932816,0.0,0.59,0.0,0.0
2025-06-25 21:00:00,1.04,0.0,0.0,1.04,0.0,10.892816,0.0,1.04,0.0,0.0
2025-06-25 22:00:00,0.81,0.0,0.0,0.81,0.0,10.082816,0.0,0.81,0.0,0.0
2025-06-25 23:00:00,0.13,0.0,0.0,0.13,0.0,9.952815999999999,0.0,0.13,0.0,0.0
2025-06-26 00:00:00,0.19,0.0,0.0,0.19,0.0,9.762815999999999,0.0,0.19,0.0,0.0
2025-06-26 01:00:00,0.55,0.0,0.0,0.55,0.0,9.212815999999998,0.0,0.55,0.0,0.0
2025-06-26 02:00:00,0.79,0.0,0.0,0.79,0.0,8.422815999999997,0.0,0.79,0.0,0.0
2025-06-26 03:00:00,0.82,0.0,0.0,0.82,0.0,7.602815999999997,0.0,0.82,0.0,0.0
2025-06-26 04:00:00,0.65,0.0,0.0,0.65,0.0,6.952815999999997,0.0,0.65,0.0,0.0
2025-06-26 05:00:00,1.13,0.0,0.0,1.13,0.195987,6.018802999999997,0.0,0.9340129999999999,0.0,0.0
2025-06-26 06:00:00,0.57,0.0,0.0,0.57,1.4494,6.898202999999997,0.8794000000000001,0.0,0.0,0.0
2025-06-26 07:00:00,0.24,0.0,0.0,0.24,2.9534830000000003,9.611685999999997,2.713483,0.0,0.0,0.0
2025-06-26 08:00:00,0.5599999999999999,0.0,0.0,0.5599999999999999,4.096647,13.148332999999997,3.536647,0.0,0.0,0.0
2025-06-26 09:00:00,0.1,0.0,0.0,0.1,4.926541,13.5,0.3516670000000026,0.0,0.0,4.474873999999998
2025-06-26 10:00:00,0.1,0.0,0.0,0.1,5.406166,13.5,0.0,0.0,0.0,5.306166
2025-06-26 11:00:00,0.1,0.4597846153846154,0.0,0.5597846153846154,5.5941790000000005,13.5,0.0,0.0,0.0,5.034394384615385
2025-06-26 12:00:00,0.18,0.4597846153846154,0.0,0.6397846153846154,5.442017,13.5,0.0,0.0,0.0,4.802232384615385
2025-06-26 13:00:00,0.17,0.4597846153846154,0.0,0.6297846153846154,4.977863999999999,13.5,0.0,0.0,0.0,4.348079384615384
2025-06-26 14:00:00,0.1,0.0,0.0,0.1,4.187199,13.5,0.0,0.0,0.0,4.087199
2025-06-26 15:00:00,0.11,0.0,0.0,0.11,3.111771,13.5,0.0,0.0,0.0,3.001771
2025-06-26 16:00:00,0.1,0.0,0.0,0.1,1.632104,13.5,0.0,0.0,0.0,1.532104
2025-06-26 17:00:00,0.11,0.0,0.0,0.11,0.346845,13.5,0.0,0.0,0.0,0.23684500000000003
2025-06-26 18:00:00,0.54,0.0,0.0,0.54,0.168363,13.128363,0.0,0.371637,0.0,0.0
2025-06-26 19:00:00,0.13,0.0,0.0,0.13,0.0,12.998363,0.0,0.13,0.0,0.0
2025-06-26 20:00:00,0.13,0.0,0.0,0.13,0.0,12.868362999999999,0.0,0.13,0.0,0.0
2025-06-26 21:00:00,0.13,0.0,0.0,0.13,0.0,12.738362999999998,0.0,0.13,0.0,0.0
2025-06-26 22:00:00,0.21,0.0,0.0,0.21,0.0,12.528362999999997,0.0,0.21,0.0,0.0
2025-06-26 23:00:00,0.2,0.0,0.0,0.2,0.0,12.328362999999998,0.0,0.2,0.0,0.0
2025-06-27 00:00:00,0.19,0.0,0.0,0.19,0.0,12.138362999999998,0.0,0.19,0.0,0.0
2025-06-27 01:00:00,0.19,0.0,0.0,0.19,0.0,11.948362999999999,0.0,0.19,0.0,0.0
2025-06-27 02:00:00,0.56,0.0,0.0,0.56,0.0,11.388362999999998,0.0,0.56,0.0,0.0
2025-06-27 03:00:00,0.71,0.0,0.0,0.71,0.0,10.678362999999997,0.0,0.71,0.0,0.0
2025-06-27 04:00:00,1.02,0.0,0.0,1.02,0.0,9.658362999999998,0.0,1.02,0.0,0.0
2025-06-27 05:00:00,0.58,0.0,0.0,0.58,0.19609100000000002,9.274453999999999,0.0,0.38390899999999994,0.0,0.0
2025-06-27 06:00:00,0.6,0.0,0.0,0.6,1.4226690000000002,10.097122999999998,0.8226690000000002,0.0,0.0,0.0
2025-06-27 07:00:00,0.19,0.0,0.0,0.19,2.8905149999999997,12.797637999999997,2.7005149999999998,0.0,0.0,0.0
2025-06-27 08:00:00,0.12,0.0,3.1336289999999973,3.2536289999999974,3.955991,13.5,0.7023620000000026,0.0,0.0,0.0
2025-06-27 09:00:00,0.1,0.0,4.670272000000001,4.770272,4.770272,13.5,0.0,0.0,0.0,0.0
2025-06-27 10:00:00,0.19,0.0,5.097042,5.2870420000000005,5.2870420000000005,13.5,0.0,0.0,0.0,0.0
2025-06-27 11:00:00,0.12,0.4597846153846154,1.1569358461538428,1.7367204615384582,5.480614999999999,13.5,0.0,0.0,0.0,3.743894538461541
2025-06-27 12:00:00,0.23,0.4597846153846154,0.0,0.6897846153846154,5.3462380000000005,13.5,0.0,0.0,0.0,4.656453384615385
2025-06-27 13:00:00,0.12,0.4597846153846154,0.0,0.5797846153846153,4.880002999999999,13.5,0.0,0.0,0.0,4.300218384615384
2025-06-27 14:00:00,0.14,0.0,0.0,0.14,4.088902,13.5,0.0,0.0,0.0,3.948902
2025-06-27 15:00:00,0.11,0.0,0.0,0.11,3.0373930000000002,13.5,0.0,0.0,0.0,2.9273930000000004
2025-06-27 16:00:00,0.1,0.0,0.0,0.1,1.617363,13.5,0.0,0.0,0.0,1.517363
2025-06-27 17:00:00,0.49,0.0,0.0,0.49,0.36133499999999996,13.371335,0.0,0.12866500000000003,0.0,0.0
2025-06-27 18:00:00,1.84,0.0,0.0,1.84,0.19701400000000002,11.728349,0.0,1.642986,0.0,0.0
2025-06-27 19:00:00,0.15,0.0,0.0,0.15,0.0,11.578349,0.0,0.15,0.0,0.0
2025-06-27 20:00:00,0.18,0.0,0.0,0.18,0.0,11.398349,0.0,0.18,0.0,0.0
2025-06-27 21:00:00,0.13,0.0,0.0,0.13,0.0,11.268348999999999,0.0,0.13,0.0,0.0
2025-06-27 22:00:00,0.12,0.0,0.0,0.12,0.0,11.148349,0.0,0.12,0.0,0.0
2025-06-27 23:00:00,0.19,0.0,0.0,0.19,0.0,10.958349,0.0,0.19,0.0,0.0
2025-06-28 00:00:00,0.15,0.0,0.0,0.15,0.0,10.808349,0.0,0.15,0.0,0.0
2025-06-28 01:00:00,0.1,0.0,0.0,0.1,0.0,10.708349,0.0,0.1,0.0,0.0
2025-06-28 02:00:00,0.11,0.0,0.0,0.11,0.0,10.598349,0.0,0.11,0.0,0.0
2025-06-28 03:00:00,0.1,0.0,0.0,0.1,0.0,10.498349000000001,0.0,0.1,0.0,0.0
2025-06-28 04:00:00,0.14,0.0,0.0,0.14,0.0,10.358349,0.0,0.14,0.0,0.0
2025-06-28 05:00:00,0.19,0.0,0.0,0.19,0.194106,10.362455,0.0041059999999999985,0.0,0.0,0.0
2025-06-28 06:00:00,0.19,0.0,0.0,0.19,1.365734,11.538189000000001,1.175734,0.0,0.0,0.0
2025-06-28 07:00:00,0.32,0.0,0.0,0.32,2.809669,13.5,1.961810999999999,0.0,0.0,0.527858000000001
2025-06-28 08:00:00,0.48,0.0,0.0,0.48,3.93628,13.5,0.0,0.0,0.0,3.45628
2025-06-28 09:00:00,0.37,0.0,0.0,0.37,4.787298,13.5,0.0,0.0,0.0,4.417298
2025-06-28 10:00:00,0.11,0.0,0.0,0.11,5.246068,13.5,0.0,0.0,0.0,5.136068
2025-06-28 11:00:00,0.2,0.4688,0.0,0.6688000000000001,5.424044,13.5,0.0,0.0,0.0,4.755244
2025-06-28 12:00:00,3.3,0.4688,0.0,3.7687999999999997,5.286220999999999,13.5,0.0,0.0,0.0,1.5174209999999997
2025-06-28 13:00:00,0.94,0.4688,0.0,1.4087999999999998,4.845724000000001,13.5,0.0,0.0,0.0,3.4369240000000008
2025-06-28 14:00:00,0.14,0.0,0.0,0.14,4.081387,13.5,0.0,0.0,0.0,3.941387
2025-06-28 15:00:00,0.12,0.0,0.0,0.12,3.0324299999999997,13.5,0.0,0.0,0.0,2.9124299999999996
2025-06-28 16:00:00,0.11,0.0,0.0,0.11,1.637743,13.5,0.0,0.0,0.0,1.5277429999999999
2025-06-28 17:00:00,0.13,0.0,0.0,0.13,0.39040499999999995,13.5,0.0,0.0,0.0,0.26040499999999994
2025-06-28 18:00:00,0.14,0.0,0.0,0.14,0.203854,13.5,0.0,0.0,0.0,0.063854
2025-06-28 19:00:00,0.12,0.0,0.0,0.12,0.0,13.38,0.0,0.12,0.0,0.0
2025-06-28 20:00:00,0.27,0.0,0.0,0.27,0.0,13.110000000000001,0.0,0.27,0.0,0.0
2025-06-28 21:00:00,0.26,0.0,0.0,0.26,0.0,12.850000000000001,0.0,0.26,0.0,0.0
2025-06-28 22:00:00,0.23,0.0,0.0,0.23,0.0,12.620000000000001,0.0,0.23,0.0,0.0
2025-06-28 23:00:00,0.22,0.0,0.0,0.22,0.0,12.4,0.0,0.22,0.0,0.0
2025-06-29 00:00:00,0.22,0.0,0.0,0.22,0.0,12.18,0.0,0.22,0.0,0.0
2025-06-29 01:00:00,0.21,0.0,0.0,0.21,0.0,11.969999999999999,0.0,0.21,0.0,0.0
2025-06-29 02:00:00,0.21,0.0,0.0,0.21,0.0,11.759999999999998,0.0,0.21,0.0,0.0
2025-06-29 03:00:00,0.21,0.0,0.0,0.21,0.0,11.549999999999997,0.0,0.21,0.0,0.0
2025-06-29 04:00:00,0.62,0.0,0.0,0.62,0.0,10.929999999999998,0.0,0.62,0.0,0.0
2025-06-29 05:00:00,1.05,0.0,0.0,1.05,0.186682,10.066681999999998,0.0,0.863318,0.0,0.0
2025-06-29 06:00:00,0.59,0.0,0.0,0.59,0.332204,9.808885999999998,0.0,0.25779599999999997,0.0,0.0
2025-06-29 07:00:00,0.32,0.0,0.0,0.32,1.803156,11.292041999999997,1.483156,0.0,0.0,0.0
2025-06-29 08:00:00,0.2299999999999999,0.0,0.0,0.2299999999999999,2.3377730000000003,13.399814999999997,2.1077730000000003,0.0,0.0,0.0
2025-06-29 09:00:00,0.2299999999999999,0.0,0.0,0.2299999999999999,4.656104999999999,13.5,0.1001850000000033,0.0,0.0,4.325919999999996
2025-06-29 10:00:00,0.22,0.0,0.0,0.22,5.115310999999999,13.5,0.0,0.0,0.0,4.8953109999999995
2025-06-29 11:00:00,0.21,0.4688,0.0,0.6788,5.316324,13.5,0.0,0.0,0.0,4.637524
2025-06-29 12:00:00,0.22,0.4688,0.0,0.6888,5.178924,13.5,0.0,0.0,0.0,4.490124000000001
2025-06-29 13:00:00,0.73,0.4688,0.0,1.1987999999999999,4.738671,13.5,0.0,0.0,0.0,3.539871
2025-06-29 14:00:00,0.79,0.0,0.0,0.79,3.9993290000000004,13.5,0.0,0.0,0.0,3.2093290000000003
2025-06-29 15:00:00,0.76,0.0,0.0,0.76,2.958528,13.5,0.0,0.0,0.0,2.1985279999999996
2025-06-29 16:00:00,0.24,0.0,0.0,0.24,1.600748,13.5,0.0,0.0,0.0,1.360748
2025-06-29 17:00:00,0.16,0.0,0.0,0.16,0.45221300000000003,13.5,0.0,0.0,0.0,0.29221300000000006
2025-06-29 18:00:00,0.18,0.0,0.0,0.18,0.236537,13.5,0.0,0.0,0.0,0.056537000000000004
2025-06-29 19:00:00,0.12,0.0,0.0,0.12,0.0,13.38,0.0,0.12,0.0,0.0
2025-06-29 20:00:00,0.1699999999999999,0.0,0.0,0.1699999999999999,0.0,13.21,0.0,0.1699999999999999,0.0,0.0
2025-06-29 21:00:00,0.11,0.0,0.0,0.11,0.0,13.100000000000001,0.0,0.11,0.0,0.0
2025-06-29 22:00:00,0.22,0.0,0.0,0.22,0.0,12.88,0.0,0.22,0.0,0.0
2025-06-29 23:00:00,0.22,0.0,0.0,0.22,0.0,12.66,0.0,0.22,0.0,0.0
2025-06-30 00:00:00,0.2299999999999999,0.0,0.0,0.2299999999999999,0.0,12.43,0.0,0.2299999999999999,0.0,0.0
2025-06-30 01:00:00,0.22,0.0,0.0,0.22,0.0,12.209999999999999,0.0,0.22,0.0,0.0
2025-06-30 02:00:00,0.22,0.0,0.0,0.22,0.0,11.989999999999998,0.0,0.22,0.0,0.0
2025-06-30 03:00:00,0.21,0.0,0.0,0.21,0.0,11.779999999999998,0.0,0.21,0.0,0.0
2025-06-30 04:00:00,0.6399999999999999,0.0,0.0,0.6399999999999999,0.0,11.139999999999997,0.0,0.6399999999999999,0.0,0.0
2025-06-30 05:00:00,0.61,0.0,0.0,0.61,0.185433,10.715432999999997,0.0,0.424567,0.0,0.0
2025-06-30 06:00:00,0.67,0.0,0.0,0.67,1.270858,11.316290999999998,0.600858,0.0,0.0,0.0
2025-06-30 07:00:00,1.4300000000000002,0.0,0.0,1.4300000000000002,0.502428,10.388718999999998,0.0,0.9275720000000002,0.0,0.0
2025-06-30 08:00:00,0.24,0.0,0.0,0.24,0.792006,10.940724999999999,0.552006,0.0,0.0,0.0
2025-06-30 09:00:00,0.25,0.0,0.0,0.25,1.384776,12.075501,1.134776,0.0,0.0,0.0
2025-06-30 10:00:00,0.24,0.0,0.0,0.24,1.590839,13.42634,1.350839,0.0,0.0,0.0
2025-06-30 11:00:00,0.2,0.4688,0.0,0.6688000000000001,3.265491,13.5,0.07366000000000028,0.0,0.0,2.5230309999999996
2025-06-30 12:00:00,0.25,0.4688,0.0,0.7188,5.204631,13.5,0.0,0.0,0.0,4.485831
2025-06-30 13:00:00,0.13,0.4688,0.0,0.5988,4.7563379999999995,13.5,0.0,0.0,0.0,4.157538
2025-06-30 14:00:00,0.16,0.0,0.0,0.16,1.4057380000000002,13.5,0.0,0.0,0.0,1.2457380000000002
2025-06-30 15:00:00,0.15,0.0,0.0,0.15,0.934816,13.5,0.0,0.0,0.0,0.784816
2025-06-30 16:00:00,0.13,0.0,0.0,0.13,1.580414,13.5,0.0,0.0,0.0,1.4504139999999999
2025-06-30 17:00:00,0.44,0.0,0.0,0.44,0.34333400000000003,13.403334,0.0,0.09666599999999997,0.0,0.0
2025-06-30 18:00:00,1.32,0.0,0.0,1.32,0.155024,12.238358,0.0,1.164976,0.0,0.0
2025-06-30 19:00:00,0.16,0.0,0.0,0.16,0.0,12.078358,0.0,0.16,0.0,0.0
2025-06-30 20:00:00,0.22,0.0,0.0,0.22,0.0,11.858357999999999,0.0,0.22,0.0,0.0
2025-06-30 21:00:00,0.17,0.0,0.0,0.17,0.0,11.688358,0.0,0.17,0.0,0.0
2025-06-30 22:00:00,0.13,0.0,0.0,0.13,0.0,11.558357999999998,0.0,0.13,0.0,0.0
2025-06-30 23:00:00,0.1,0.0,0.0,0.1,0.0,11.458357999999999,0.0,0.1,0.0,0.0
2025-07-01 00:00:00,0.11,0.0,0.0,0.11,0.0,11.348358,0.0,0.11,0.0,0.0
2025-07-01 01:00:00,0.11,0.0,0.0,0.11,0.0,11.238358,0.0,0.11,0.0,0.0
2025-07-01 02:00:00,0.1,0.0,0.0,0.1,0.0,11.138358,0.0,0.1,0.0,0.0
2025-07-01 03:00:00,0.1,0.0,0.0,0.1,0.0,11.038358,0.0,0.1,0.0,0.0
2025-07-01 04:00:00,0.09,0.0,0.0,0.09,0.0,10.948358,0.0,0.09,0.0,0.0
2025-07-01 05:00:00,0.11,0.0,0.0,0.11,0.18024600000000002,11.018604,0.07024600000000002,0.0,0.0,0.0
2025-07-01 06:00:00,0.8500000000000001,0.0,0.0,0.8500000000000001,1.4535689999999999,11.622173,0.6035689999999998,0.0,0.0,0.0
2025-07-01 07:00:00,0.59,0.0,0.0,0.59,1.779659,12.811832,1.1896590000000002,0.0,0.0,0.0
2025-07-01 08:00:00,0.1,0.0,0.0,0.1,4.110647,13.5,0.6881679999999992,0.0,0.0,3.3224790000000013
2025-07-01 09:00:00,0.1,0.0,0.0,0.1,4.93585,13.5,0.0,0.0,0.0,4.835850000000001
2025-07-01 10:00:00,0.1,0.0,0.0,0.1,5.4237,13.5,0.0,0.0,0.0,5.3237000000000005
2025-07-01 11:00:00,0.11,0.4688,0.0,0.5788,5.591819,13.5,0.0,0.0,0.0,5.013019
2025-07-01 12:00:00,0.09,0.4688,0.0,0.5588,5.448965,13.5,0.0,0.0,0.0,4.8901650000000005
2025-07-01 13:00:00,0.1,0.4688,0.0,0.5688,4.972799,13.5,0.0,0.0,0.0,4.403999000000001
2025-07-01 14:00:00,0.1,0.0,0.0,0.1,4.178736,13.5,0.0,0.0,0.0,4.078736
2025-07-01 15:00:00,0.1,0.0,0.0,0.1,3.106988,13.5,0.0,0.0,0.0,3.0069879999999998
2025-07-01 16:00:00,0.11,0.0,0.0,0.11,1.6449559999999999,13.5,0.0,0.0,0.0,1.5349559999999998
2025-07-01 17:00:00,0.1,0.0,0.0,0.1,0.307454,13.5,0.0,0.0,0.0,0.207454
2025-07-01 18:00:00,1.54,0.0,0.0,1.54,0.145672,12.105672,0.0,1.394328,0.0,0.0
2025-07-01 19:00:00,0.25,0.0,0.0,0.25,0.0,11.855672,0.0,0.25,0.0,0.0
2025-07-01 20:00:00,0.16,0.0,0.0,0.16,0.0,11.695672,0.0,0.16,0.0,0.0
2025-07-01 21:00:00,0.18,0.0,0.0,0.18,0.0,11.515672,0.0,0.18,0.0,0.0
2025-07-01 22:00:00,0.23,0.0,0.0,0.23,0.0,11.285672,0.0,0.23,0.0,0.0
2025-07-01 23:00:00,0.21,0.0,0.0,0.21,0.0,11.075671999999999,0.0,0.21,0.0,0.0
2025-07-02 00:00:00,0.2299999999999999,0.0,0.0,0.2299999999999999,0.0,10.845671999999999,0.0,0.2299999999999999,0.0,0.0
2025-07-02 01:00:00,0.22,0.0,0.0,0.22,0.0,10.625671999999998,0.0,0.22,0.0,0.0
2025-07-02 02:00:00,0.22,0.0,0.0,0.22,0.0,10.405671999999997,0.0,0.22,0.0,0.0
2025-07-02 03:00:00,0.63,0.0,0.0,0.63,0.0,9.775671999999997,0.0,0.63,0.0,0.0
2025-07-02 04:00:00,0.65,0.0,0.0,0.65,0.0,9.125671999999996,0.0,0.65,0.0,0.0
2025-07-02 05:00:00,0.68,0.0,0.0,0.68,0.160125,8.605796999999995,0.0,0.5198750000000001,0.0,0.0
2025-07-02 06:00:00,0.68,0.0,0.0,0.68,1.395094,9.320890999999996,0.715094,0.0,0.0,0.0
2025-07-02 07:00:00,0.6900000000000001,0.0,0.0,0.6900000000000001,2.854848,11.485738999999995,2.164848,0.0,0.0,0.0
2025-07-02 08:00:00,0.47,0.0,1.4414819999999953,1.9114819999999952,3.9257429999999998,13.5,2.0142610000000047,0.0,0.0,0.0
2025-07-02 09:00:00,0.22,0.0,4.507868,4.727868,4.727868,13.5,0.0,0.0,0.0,0.0
2025-07-02 10:00:00,0.22,0.0,4.986765000000001,5.206765000000001,5.206765000000001,13.5,0.0,0.0,0.0,0.0
2025-07-02 11:00:00,0.22,0.6250666666666668,4.534211333333333,5.379278,5.379278,13.5,0.0,0.0,0.0,0.0
2025-07-02 12:00:00,0.22,0.6250666666666668,4.409799333333333,5.254866,5.254866,13.5,0.0,0.0,0.0,0.0
2025-07-02 13:00:00,0.22,0.6250666666666668,3.946369333333333,4.791436,4.791436,13.5,0.0,0.0,0.0,0.0
2025-07-02 14:00:00,0.22,0.0,3.8092379999999992,4.029237999999999,4.029237999999999,13.5,0.0,0.0,0.0,0.0
2025-07-02 15:00:00,0.21,0.0,2.796103,3.006103,3.006103,13.5,0.0,0.0,0.0,0.0
2025-07-02 16:00:00,0.22,0.0,1.374155,1.594155,1.594155,13.5,0.0,0.0,0.0,0.0
2025-07-02 17:00:00,2.44,0.0,0.0,2.44,0.3408,11.4008,0.0,2.0991999999999997,0.0,0.0
2025-07-02 18:00:00,1.14,0.0,0.0,1.14,0.150728,10.411528,0.0,0.9892719999999999,0.0,0.0
2025-07-02 19:00:00,0.17,0.0,0.0,0.17,0.0,10.241528,0.0,0.17,0.0,0.0
2025-07-02 20:00:00,0.16,0.0,0.0,0.16,0.0,10.081528,0.0,0.16,0.0,0.0
2025-07-02 21:00:00,0.5700000000000001,0.0,0.0,0.5700000000000001,0.0,9.511528,0.0,0.5700000000000001,0.0,0.0
2025-07-02 22:00:00,0.74,0.0,0.0,0.74,0.0,8.771528,0.0,0.74,0.0,0.0
2025-07-02 23:00:00,0.22,0.0,0.0,0.22,0.0,8.551528,0.0,0.22,0.0,0.0
2025-07-03 00:00:00,1.07,0.0,0.0,1.07,0.0,7.481527999999999,0.0,1.07,0.0,0.0
2025-07-03 01:00:00,0.48,0.0,0.0,0.48,0.0,7.001527999999999,0.0,0.48,0.0,0.0
2025-07-03 02:00:00,0.87,0.0,0.0,0.87,0.0,6.1315279999999985,0.0,0.87,0.0,0.0
2025-07-03 03:00:00,0.4599999999999999,0.0,0.0,0.4599999999999999,0.0,5.671527999999999,0.0,0.4599999999999999,0.0,0.0
2025-07-03 04:00:00,1.05,0.0,0.0,1.05,0.0,4.621527999999999,0.0,1.05,0.0,0.0
2025-07-03 05:00:00,0.7300000000000001,0.0,0.0,0.7300000000000001,0.16406800000000002,4.055595999999999,0.0,0.5659320000000001,0.0,0.0
2025-07-03 06:00:00,0.75,0.0,0.0,0.75,1.427621,4.733216999999999,0.677621,0.0,0.0,0.0
2025-07-03 07:00:00,0.6,0.0,0.0,0.6,1.145273,5.278489999999999,0.545273,0.0,0.0,0.0
2025-07-03 08:00:00,0.56,0.0,0.0,0.56,1.9132550000000001,6.631744999999999,1.353255,0.0,0.0,0.0
2025-07-03 09:00:00,0.73,0.0,0.0,0.73,3.10989,9.011634999999998,2.37989,0.0,0.0,0.0
2025-07-03 10:00:00,0.76,0.0,0.0,0.76,2.724518,10.976152999999998,1.9645180000000002,0.0,0.0,0.0
2025-07-03 11:00:00,0.79,0.6250666666666668,0.0,1.4150666666666667,3.604517,13.165603333333332,2.1894503333333333,0.0,0.0,0.0
2025-07-03 12:00:00,0.64,0.6250666666666668,0.0,1.2650666666666668,3.243367,13.5,0.33439666666666845,0.0,0.0,1.6439036666666649
2025-07-03 13:00:00,0.36,0.6250666666666668,0.0,0.9850666666666668,3.3207020000000003,13.5,0.0,0.0,0.0,2.3356353333333333
2025-07-03 14:00:00,0.21,0.0,0.0,0.21,2.728676,13.5,0.0,0.0,0.0,2.518676
2025-07-03 15:00:00,0.22,0.0,0.0,0.22,3.067354,13.5,0.0,0.0,0.0,2.8473539999999997
2025-07-03 16:00:00,0.22,0.0,0.0,0.22,1.646137,13.5,0.0,0.0,0.0,1.426137
2025-07-03 17:00:00,0.24,0.0,0.0,0.24,0.33303,13.5,0.0,0.0,0.0,0.09303
2025-07-03 18:00:00,3.36,0.0,0.0,3.36,0.14778200000000002,10.287782,0.0,3.212218,0.0,0.0
2025-07-03 19:00:00,0.27,0.0,0.0,0.27,0.0,10.017782,0.0,0.27,0.0,0.0
2025-07-03 20:00:00,0.27,0.0,0.0,0.27,0.0,9.747782,0.0,0.27,0.0,0.0
2025-07-03 21:00:00,0.24,0.0,0.0,0.24,0.0,9.507782,0.0,0.24,0.0,0.0
2025-07-03 22:00:00,0.24,0.0,0.0,0.24,0.0,9.267782,0.0,0.24,0.0,0.0
2025-07-03 23:00:00,0.22,0.0,0.0,0.22,0.0,9.047782,0.0,0.22,0.0,0.0
2025-07-04 00:00:00,0.75,0.0,0.0,0.75,0.0,8.297782,0.0,0.75,0.0,0.0
2025-07-04 01:00:00,0.77,0.0,0.0,0.77,0.0,7.527782,0.0,0.77,0.0,0.0
2025-07-04 02:00:00,0.59,0.0,0.0,0.59,0.0,6.937782,0.0,0.59,0.0,0.0
2025-07-04 03:00:00,1.05,0.0,0.0,1.05,0.0,5.8877820000000005,0.0,1.05,0.0,0.0
2025-07-04 04:00:00,0.5900000000000001,0.0,0.0,0.5900000000000001,0.0,5.297782000000001,0.0,0.5900000000000001,0.0,0.0
2025-07-04 05:00:00,0.91,0.0,0.0,0.91,0.163858,4.551640000000001,0.0,0.7461420000000001,0.0,0.0
2025-07-04 06:00:00,0.8400000000000001,0.0,0.0,0.8400000000000001,1.399113,5.110753000000001,0.559113,0.0,0.0,0.0
2025-07-04 07:00:00,0.8200000000000001,0.0,0.0,0.8200000000000001,2.8653560000000002,7.156109000000001,2.045356,0.0,0.0,0.0
2025-07-04 08:00:00,0.8200000000000001,0.0,0.0,0.8200000000000001,3.9415590000000003,10.277668000000002,3.1215590000000004,0.0,0.0,0.0
2025-07-04 09:00:00,0.2,0.0,1.2796090000000016,1.4796090000000015,4.701941,13.5,3.222331999999998,0.0,0.0,0.0
2025-07-04 10:00:00,0.1,0.0,5.067318,5.167318,5.167318,13.5,0.0,0.0,0.0,0.0
2025-07-04 11:00:00,0.1,0.6250666666666668,4.6236093333333335,5.348676,5.348676,13.5,0.0,0.0,0.0,0.0
2025-07-04 12:00:00,1.62,0.6250666666666668,3.000565333333333,5.245632,5.245632,13.5,0.0,0.0,0.0,0.0
2025-07-04 13:00:00,1.56,0.6250666666666668,0.2229073333333318,2.4079739999999985,4.8098019999999995,13.5,0.0,0.0,0.0,2.401828000000001
2025-07-04 14:00:00,0.24,0.0,0.0,0.24,4.0687489999999995,13.5,0.0,0.0,0.0,3.8287489999999993
2025-07-04 15:00:00,0.13,0.0,0.0,0.13,3.039092,13.5,0.0,0.0,0.0,2.9090920000000002
2025-07-04 16:00:00,0.11,0.0,0.0,0.11,1.625138,13.5,0.0,0.0,0.0,1.5151379999999999
2025-07-04 17:00:00,0.26,0.0,0.0,0.26,0.362411,13.5,0.0,0.0,0.0,0.10241099999999997
2025-07-04 18:00:00,0.16,0.0,0.0,0.16,0.189768,13.5,0.0,0.0,0.0,0.02976799999999999
2025-07-04 19:00:00,0.12,0.0,0.0,0.12,0.0,13.38,0.0,0.12,0.0,0.0
2025-07-04 20:00:00,0.2,0.0,0.0,0.2,0.0,13.180000000000001,0.0,0.2,0.0,0.0
2025-07-04 21:00:00,0.65,0.0,0.0,0.65,0.0,12.530000000000001,0.0,0.65,0.0,0.0
2025-07-04 22:00:00,0.6699999999999999,0.0,0.0,0.6699999999999999,0.0,11.860000000000001,0.0,0.6699999999999999,0.0,0.0
2025-07-04 23:00:00,0.21,0.0,0.0,0.21,0.0,11.65,0.0,0.21,0.0,0.0
2025-07-05 00:00:00,0.62,0.0,0.0,0.62,0.0,11.030000000000001,0.0,0.62,0.0,0.0
2025-07-05 01:00:00,0.54,0.0,0.0,0.54,0.0,10.490000000000002,0.0,0.54,0.0,0.0
2025-07-05 02:00:00,0.71,0.0,0.0,0.71,0.0,9.780000000000001,0.0,0.71,0.0,0.0
2025-07-05 03:00:00,0.59,0.0,0.0,0.59,0.0,9.190000000000001,0.0,0.59,0.0,0.0
2025-07-05 04:00:00,0.6,0.0,0.0,0.6,0.0,8.590000000000002,0.0,0.6,0.0,0.0
2025-07-05 05:00:00,0.8,0.0,0.0,0.8,0.11759900000000001,7.907599000000001,0.0,0.682401,0.0,0.0
2025-07-05 06:00:00,0.93,0.0,0.0,0.93,1.307963,8.285562,0.37796299999999994,0.0,0.0,0.0
2025-07-05 07:00:00,0.6799999999999999,0.0,0.0,0.6799999999999999,1.534688,9.14025,0.8546880000000001,0.0,0.0,0.0
2025-07-05 08:00:00,0.63,0.0,0.0,0.63,3.766356,12.276606000000001,3.136356,0.0,0.0,0.0
2025-07-05 09:00:00,0.45,0.0,0.0,0.45,4.509238,13.5,1.223393999999999,0.0,0.0,2.8358440000000007
2025-07-05 10:00:00,0.11,0.0,0.0,0.11,4.968586,13.5,0.0,0.0,0.0,4.858586
2025-07-05 11:00:00,0.14,0.4642923076923078,0.0,0.6042923076923078,5.174032,13.5,0.0,0.0,0.0,4.569739692307692
2025-07-05 12:00:00,0.24,0.4642923076923078,0.0,0.7042923076923078,5.054072,13.5,0.0,0.0,0.0,4.349779692307692
2025-07-05 13:00:00,0.18,0.4642923076923078,0.0,0.6442923076923077,4.6327240000000005,13.5,0.0,0.0,0.0,3.988431692307693
2025-07-05 14:00:00,0.11,0.0,0.0,0.11,3.9064769999999998,13.5,0.0,0.0,0.0,3.796477
2025-07-05 15:00:00,0.1,0.0,0.0,0.1,2.911381,13.5,0.0,0.0,0.0,2.811381
2025-07-05 16:00:00,0.11,0.0,0.0,0.11,1.458241,13.5,0.0,0.0,0.0,1.3482409999999998
2025-07-05 17:00:00,1.6,0.0,0.0,1.6,0.6311760000000001,12.531176,0.0,0.968824,0.0,0.0
2025-07-05 18:00:00,0.82,0.0,0.0,0.82,0.116787,11.827963,0.0,0.703213,0.0,0.0
2025-07-05 19:00:00,0.12,0.0,0.0,0.12,0.0,11.707963000000001,0.0,0.12,0.0,0.0
2025-07-05 20:00:00,0.12,0.0,0.0,0.12,0.0,11.587963000000002,0.0,0.12,0.0,0.0
2025-07-05 21:00:00,0.13,0.0,0.0,0.13,0.0,11.457963000000001,0.0,0.13,0.0,0.0
2025-07-05 22:00:00,0.22,0.0,0.0,0.22,0.0,11.237963,0.0,0.22,0.0,0.0
2025-07-05 23:00:00,0.25,0.0,0.0,0.25,0.0,10.987963,0.0,0.25,0.0,0.0
2025-07-06 00:00:00,0.32,0.0,0.0,0.32,0.0,10.667963,0.0,0.32,0.0,0.0
2025-07-06 01:00:00,0.22,0.0,0.0,0.22,0.0,10.447963,0.0,0.22,0.0,0.0
2025-07-06 02:00:00,0.63,0.0,0.0,0.63,0.0,9.817962999999999,0.0,0.63,0.0,0.0
2025-07-06 03:00:00,0.63,0.0,0.0,0.63,0.0,9.187962999999998,0.0,0.63,0.0,0.0
2025-07-06 04:00:00,1.0,0.0,0.0,1.0,0.0,8.187962999999998,0.0,1.0,0.0,0.0
2025-07-06 05:00:00,0.6,0.0,0.0,0.6,0.15971700000000003,7.747679999999998,0.0,0.440283,0.0,0.0
2025-07-06 06:00:00,1.06,0.0,0.0,1.06,1.293528,7.981207999999998,0.23352799999999996,0.0,0.0,0.0
2025-07-06 07:00:00,1.29,0.0,0.0,1.29,1.500305,8.191512999999997,0.21030499999999996,0.0,0.0,0.0
2025-07-06 08:00:00,0.81,0.0,0.0,0.81,3.871547,11.253059999999998,3.061547,0.0,0.0,0.0
2025-07-06 09:00:00,0.59,0.0,0.0,0.59,2.244687,12.907746999999997,1.654687,0.0,0.0,0.0
2025-07-06 10:00:00,0.41,0.0,0.0,0.41,2.328754,13.5,0.592253000000003,0.0,0.0,1.326500999999997
2025-07-06 11:00:00,0.13,0.4642923076923078,0.0,0.5942923076923078,2.468213,13.5,0.0,0.0,0.0,1.873920692307692
2025-07-06 12:00:00,0.16,0.4642923076923078,0.0,0.6242923076923078,2.062714,13.5,0.0,0.0,0.0,1.4384216923076925
2025-07-06 13:00:00,0.16,0.4642923076923078,0.0,0.6242923076923078,2.22105,13.5,0.0,0.0,0.0,1.5967576923076923
2025-07-06 14:00:00,0.12,0.0,0.0,0.12,2.545786,13.5,0.0,0.0,0.0,2.425786
2025-07-06 15:00:00,0.11,0.0,0.0,0.11,1.488112,13.5,0.0,0.0,0.0,1.378112
2025-07-06 16:00:00,0.11,0.0,0.0,0.11,0.755499,13.5,0.0,0.0,0.0,0.645499
2025-07-06 17:00:00,0.13,0.0,0.0,0.13,0.430194,13.5,0.0,0.0,0.0,0.300194
2025-07-06 18:00:00,0.26,0.0,0.0,0.26,0.19939500000000002,13.439395,0.0,0.06060499999999999,0.0,0.0
2025-07-06 19:00:00,0.26,0.0,0.0,0.26,0.0,13.179395,0.0,0.26,0.0,0.0
2025-07-06 20:00:00,0.4599999999999999,0.0,0.0,0.4599999999999999,0.0,12.719395,0.0,0.4599999999999999,0.0,0.0
2025-07-06 21:00:00,0.16,0.0,0.0,0.16,0.0,12.559395,0.0,0.16,0.0,0.0
2025-07-06 22:00:00,0.2,0.0,0.0,0.2,0.0,12.359395000000001,0.0,0.2,0.0,0.0
2025-07-06 23:00:00,0.21,0.0,0.0,0.21,0.0,12.149395,0.0,0.21,0.0,0.0
2025-07-07 00:00:00,0.21,0.0,0.0,0.21,0.0,11.939395,0.0,0.21,0.0,0.0
2025-07-07 01:00:00,0.63,0.0,0.0,0.63,0.0,11.309394999999999,0.0,0.63,0.0,0.0
2025-07-07 02:00:00,0.83,0.0,0.0,0.83,0.0,10.479394999999998,0.0,0.83,0.0,0.0
2025-07-07 03:00:00,0.74,0.0,0.0,0.74,0.0,9.739394999999998,0.0,0.74,0.0,0.0
2025-07-07 04:00:00,1.05,0.0,0.0,1.05,0.0,8.689394999999998,0.0,1.05,0.0,0.0
2025-07-07 05:00:00,0.6699999999999999,0.0,0.0,0.6699999999999999,0.15407400000000002,8.173468999999997,0.0,0.5159259999999999,0.0,0.0
2025-07-07 06:00:00,1.28,0.0,0.0,1.28,0.148107,7.041575999999997,0.0,1.131893,0.0,0.0
2025-07-07 07:00:00,1.54,0.0,0.0,1.54,0.413814,5.915389999999997,0.0,1.1261860000000001,0.0,0.0
2025-07-07 08:00:00,0.6799999999999999,0.0,0.0,0.6799999999999999,0.871774,6.107163999999997,0.1917740000000001,0.0,0.0,0.0
2025-07-07 09:00:00,1.07,0.0,0.0,1.07,1.3945139999999998,6.431677999999997,0.32451399999999975,0.0,0.0,0.0
2025-07-07 10:00:00,0.84,0.0,0.0,0.84,1.632115,7.223792999999997,0.792115,0.0,0.0,0.0
2025-07-07 11:00:00,0.3,0.4642923076923078,0.0,0.7642923076923078,1.656738,8.11623869230769,0.8924456923076922,0.0,0.0,0.0
2025-07-07 12:00:00,0.25,0.4642923076923078,0.0,0.7142923076923078,1.587521,8.98946738461538,0.8732286923076922,0.0,0.0,0.0
2025-07-07 13:00:00,0.22,0.4642923076923078,0.0,0.6842923076923078,1.36521,9.670385076923074,0.6809176923076923,0.0,0.0,0.0
2025-07-07 14:00:00,0.23,0.0,0.0,0.23,1.8764269999999998,11.316812076923073,1.6464269999999999,0.0,0.0,0.0
2025-07-07 15:00:00,0.2299999999999999,0.0,0.0,0.2299999999999999,1.3859249999999999,12.472737076923073,1.1559249999999999,0.0,0.0,0.0
2025-07-07 16:00:00,0.22,0.0,0.0,0.22,0.934877,13.187614076923072,0.714877,0.0,0.0,0.0
2025-07-07 17:00:00,0.26,0.0,0.0,0.26,0.613676,13.5,0.3123859230769277,0.0,0.0,0.041290076923072294
2025-07-07 18:00:00,0.27,0.0,0.0,0.27,0.125375,13.355375,0.0,0.14462500000000003,0.0,0.0
2025-07-07 19:00:00,0.22,0.0,0.0,0.22,0.0,13.135375,0.0,0.22,0.0,0.0
2025-07-07 20:00:00,0.2,0.0,0.0,0.2,0.0,12.935375,0.0,0.2,0.0,0.0
2025-07-07 21:00:00,0.12,0.0,0.0,0.12,0.0,12.815375000000001,0.0,0.12,0.0,0.0
2025-07-07 22:00:00,0.12,0.0,0.0,0.12,0.0,12.695375000000002,0.0,0.12,0.0,0.0
2025-07-07 23:00:00,0.11,0.0,0.0,0.11,0.0,12.585375000000003,0.0,0.11,0.0,0.0
2025-07-08 00:00:00,0.11,0.0,0.0,0.11,0.0,12.475375000000003,0.0,0.11,0.0,0.0
2025-07-08 01:00:00,0.11,0.0,0.0,0.11,0.0,12.365375000000004,0.0,0.11,0.0,0.0
2025-07-08 02:00:00,0.1,0.0,0.0,0.1,0.0,12.265375000000004,0.0,0.1,0.0,0.0
2025-07-08 03:00:00,0.1,0.0,0.0,0.1,0.0,12.165375000000004,0.0,0.1,0.0,0.0
2025-07-08 04:00:00,0.1,0.0,0.0,0.1,0.0,12.065375000000005,0.0,0.1,0.0,0.0
2025-07-08 05:00:00,0.1,0.0,0.0,0.1,0.15440500000000001,12.119780000000004,0.05440500000000001,0.0,0.0,0.0
2025-07-08 06:00:00,0.52,0.0,0.0,0.52,1.285634,12.885414000000004,0.7656339999999999,0.0,0.0,0.0
2025-07-08 07:00:00,0.13,0.0,0.0,0.13,1.024249,13.5,0.6145859999999956,0.0,0.0,0.2796630000000043
2025-07-08 08:00:00,0.11,0.0,0.0,0.11,3.7654989999999997,13.5,0.0,0.0,0.0,3.655499
2025-07-08 09:00:00,0.1,0.0,0.0,0.1,4.605559,13.5,0.0,0.0,0.0,4.505559000000001
2025-07-08 10:00:00,0.11,0.0,0.0,0.11,5.078386999999999,13.5,0.0,0.0,0.0,4.968386999999999
2025-07-08 11:00:00,0.1,0.4642923076923078,0.0,0.5642923076923078,5.275383,13.5,0.0,0.0,0.0,4.711090692307692
2025-07-08 12:00:00,0.1,0.4642923076923078,0.0,0.5642923076923078,5.1571750000000005,13.5,0.0,0.0,0.0,4.592882692307692
2025-07-08 13:00:00,0.11,0.4642923076923078,0.0,0.5742923076923078,4.728197,13.5,0.0,0.0,0.0,4.153904692307692
2025-07-08 14:00:00,0.1,0.0,0.0,0.1,4.017644,13.5,0.0,0.0,0.0,3.9176439999999997
2025-07-08 15:00:00,0.1,0.0,0.0,0.1,3.000404,13.5,0.0,0.0,0.0,2.900404
2025-07-08 16:00:00,0.1,0.0,0.0,0.1,1.410412,13.5,0.0,0.0,0.0,1.310412
2025-07-08 17:00:00,0.11,0.0,0.0,0.11,0.383307,13.5,0.0,0.0,0.0,0.273307
2025-07-08 18:00:00,0.33,0.0,0.0,0.33,0.198232,13.368232,0.0,0.13176800000000002,0.0,0.0
2025-07-08 19:00:00,0.26,0.0,0.0,0.26,0.0,13.108232000000001,0.0,0.26,0.0,0.0
2025-07-08 20:00:00,0.1699999999999999,0.0,0.0,0.1699999999999999,0.0,12.938232000000001,0.0,0.1699999999999999,0.0,0.0
2025-07-08 21:00:00,0.2,0.0,0.0,0.2,0.0,12.738232000000002,0.0,0.2,0.0,0.0
2025-07-08 22:00:00,0.16,0.0,0.0,0.16,0.0,12.578232000000002,0.0,0.16,0.0,0.0
2025-07-08 23:00:00,0.11,0.0,0.0,0.11,0.0,12.468232000000002,0.0,0.11,0.0,0.0
2025-07-09 00:00:00,0.1,0.0,0.0,0.1,0.0,12.368232000000003,0.0,0.1,0.0,0.0
2025-07-09 01:00:00,0.1,0.0,0.0,0.1,0.0,12.268232000000003,0.0,0.1,0.0,0.0
2025-07-09 02:00:00,0.1,0.0,0.0,0.1,0.0,12.168232000000003,0.0,0.1,0.0,0.0
2025-07-09 03:00:00,0.11,0.0,0.0,0.11,0.0,12.058232000000004,0.0,0.11,0.0,0.0
2025-07-09 04:00:00,0.11,0.0,0.0,0.11,0.0,11.948232000000004,0.0,0.11,0.0,0.0
2025-07-09 05:00:00,0.1,0.0,0.0,0.1,0.13573500000000002,11.983967000000005,0.03573500000000002,0.0,0.0,0.0
2025-07-09 06:00:00,0.11,0.0,0.0,0.11,1.175346,13.049313000000005,1.065346,0.0,0.0,0.0
2025-07-09 07:00:00,0.12,0.0,0.615193000000005,0.735193000000005,1.18588,13.5,0.45068699999999495,0.0,0.0,0.0
2025-07-09 08:00:00,0.1,0.0,1.6852619999999998,1.785262,1.785262,13.5,0.0,0.0,0.0,0.0
2025-07-09 09:00:00,0.1,0.0,2.871018,2.971018,2.971018,13.5,0.0,0.0,0.0,0.0
2025-07-09 10:00:00,0.1,0.0,4.989901000000001,5.089901,5.089901,13.5,0.0,0.0,0.0,0.0
2025-07-09 11:00:00,0.1,0.2063521367521368,5.025967863247862,5.332319999999999,5.332319999999999,13.5,0.0,0.0,0.0,0.0
2025-07-09 12:00:00,0.1,0.2063521367521368,4.887764863247863,5.194117,5.194117,13.5,0.0,0.0,0.0,0.0
2025-07-09 13:00:00,0.1,0.2063521367521368,4.473908863247863,4.780261,4.780261,13.5,0.0,0.0,0.0,0.0
2025-07-09 14:00:00,0.11,0.0,3.9288020000000006,4.0388020000000004,4.0388020000000004,13.5,0.0,0.0,0.0,0.0
2025-07-09 15:00:00,0.11,0.0,2.903162,3.013162,3.013162,13.5,0.0,0.0,0.0,0.0
2025-07-09 16:00:00,0.11,0.0,1.529141,1.6391410000000002,1.6391410000000002,13.5,0.0,0.0,0.0,0.0
2025-07-09 17:00:00,0.13,0.0,0.243834,0.373834,0.373834,13.5,0.0,0.0,0.0,0.0
2025-07-09 18:00:00,0.42,0.0,0.0,0.42,0.17919300000000002,13.259193,0.0,0.24080699999999997,0.0,0.0
2025-07-09 19:00:00,0.41,0.0,0.0,0.41,0.0,12.849193,0.0,0.41,0.0,0.0
2025-07-09 20:00:00,0.51,0.0,0.0,0.51,0.0,12.339193,0.0,0.51,0.0,0.0
2025-07-09 21:00:00,0.28,0.0,0.0,0.28,0.0,12.059193,0.0,0.28,0.0,0.0
2025-07-09 22:00:00,0.5700000000000001,0.0,0.0,0.5700000000000001,0.0,11.489193,0.0,0.5700000000000001,0.0,0.0
2025-07-09 23:00:00,0.11,0.0,0.0,0.11,0.0,11.379193,0.0,0.11,0.0,0.0
2025-07-10 00:00:00,0.1,0.0,0.0,0.1,0.0,11.279193000000001,0.0,0.1,0.0,0.0
2025-07-10 01:00:00,0.1,0.0,0.0,0.1,0.0,11.179193000000001,0.0,0.1,0.0,0.0
2025-07-10 02:00:00,0.1,0.0,0.0,0.1,0.0,11.079193000000002,0.0,0.1,0.0,0.0
2025-07-10 03:00:00,0.5,0.0,0.0,0.5,0.0,10.579193000000002,0.0,0.5,0.0,0.0
2025-07-10 04:00:00,0.9,0.0,0.0,0.9,0.0,9.679193000000001,0.0,0.9,0.0,0.0
2025-07-10 05:00:00,0.66,0.0,0.0,0.66,0.132596,9.151789,0.0,0.527404,0.0,0.0
2025-07-10 06:00:00,0.57,0.0,0.0,0.57,1.2825199999999999,9.864309,0.7125199999999999,0.0,0.0,0.0
2025-07-10 07:00:00,0.71,0.0,0.0,0.71,0.5583680000000001,9.712677000000001,0.0,0.15163199999999988,0.0,0.0
2025-07-10 08:00:00,0.44,0.0,0.0,0.44,1.066714,10.339391,0.626714,0.0,0.0,0.0
2025-07-10 09:00:00,0.32,0.0,0.0,0.32,2.5608910000000003,12.580282,2.2408910000000004,0.0,0.0,0.0
2025-07-10 10:00:00,0.1,0.0,0.0,0.1,4.910882,13.5,0.9197179999999996,0.0,0.0,3.8911640000000007
2025-07-10 11:00:00,0.1,0.2063521367521368,0.0,0.3063521367521368,5.138274999999999,13.5,0.0,0.0,0.0,4.831922863247862
2025-07-10 12:00:00,0.1,0.2063521367521368,0.0,0.3063521367521368,4.243975000000001,13.5,0.0,0.0,0.0,3.937622863247864
2025-07-10 13:00:00,0.1,0.2063521367521368,0.0,0.3063521367521368,4.570399,13.5,0.0,0.0,0.0,4.264046863247863
2025-07-10 14:00:00,0.11,0.0,0.0,0.11,3.2262820000000003,13.5,0.0,0.0,0.0,3.1162820000000004
2025-07-10 15:00:00,0.11,0.0,0.0,0.11,1.6696220000000002,13.5,0.0,0.0,0.0,1.559622
2025-07-10 16:00:00,0.1,0.0,0.0,0.1,1.2930160000000002,13.5,0.0,0.0,0.0,1.193016
2025-07-10 17:00:00,1.95,0.0,0.0,1.95,0.46869099999999997,12.018691,0.0,1.481309,0.0,0.0
2025-07-10 18:00:00,1.47,0.0,0.0,1.47,0.238602,10.787293,0.0,1.231398,0.0,0.0
2025-07-10 19:00:00,0.3,0.0,0.0,0.3,0.0,10.487293,0.0,0.3,0.0,0.0
2025-07-10 20:00:00,0.27,0.0,0.0,0.27,0.0,10.217293,0.0,0.27,0.0,0.0
2025-07-10 21:00:00,0.21,0.0,0.0,0.21,0.0,10.007292999999999,0.0,0.21,0.0,0.0
2025-07-10 22:00:00,0.2,0.0,0.0,0.2,0.0,9.807293,0.0,0.2,0.0,0.0
2025-07-10 23:00:00,0.22,0.0,0.0,0.22,0.0,9.587292999999999,0.0,0.22,0.0,0.0
2025-07-11 00:00:00,0.22,0.0,0.0,0.22,0.0,9.367292999999998,0.0,0.22,0.0,0.0
2025-07-11 01:00:00,0.22,0.0,0.0,0.22,0.0,9.147292999999998,0.0,0.22,0.0,0.0
2025-07-11 02:00:00,0.22,0.0,0.0,0.22,0.0,8.927292999999997,0.0,0.22,0.0,0.0
2025-07-11 03:00:00,0.22,0.0,0.0,0.22,0.0,8.707292999999996,0.0,0.22,0.0,0.0
2025-07-11 04:00:00,0.62,0.0,0.0,0.62,0.0,8.087292999999997,0.0,0.62,0.0,0.0
2025-07-11 05:00:00,0.65,0.0,0.0,0.65,0.125248,7.562540999999997,0.0,0.524752,0.0,0.0
2025-07-11 06:00:00,0.65,0.0,0.0,0.65,1.182634,8.095174999999998,0.5326339999999999,0.0,0.0,0.0
2025-07-11 07:00:00,0.31,0.0,0.0,0.31,1.764442,9.549616999999998,1.454442,0.0,0.0,0.0
2025-07-11 08:00:00,0.25,0.0,0.0,0.25,1.621583,10.921199999999997,1.371583,0.0,0.0,0.0
2025-07-11 09:00:00,0.22,0.0,0.441865999999997,0.661865999999997,3.240666,13.5,2.578800000000003,0.0,0.0,0.0
2025-07-11 10:00:00,0.2299999999999999,0.0,2.594755,2.824755,2.824755,13.5,0.0,0.0,0.0,0.0
2025-07-11 11:00:00,0.2299999999999999,0.2063521367521368,2.3963568632478633,2.832709,2.832709,13.5,0.0,0.0,0.0,0.0
2025-07-11 12:00:00,0.22,0.2063521367521368,4.856323863247864,5.282676,5.282676,13.5,0.0,0.0,0.0,0.0
2025-07-11 13:00:00,0.22,0.2063521367521368,2.556743683760672,2.983095820512809,4.790431,13.5,0.0,0.0,0.0,1.8073351794871915
2025-07-11 14:00:00,0.22,0.0,0.0,0.22,4.043534,13.5,0.0,0.0,0.0,3.823534
2025-07-11 15:00:00,0.22,0.0,0.0,0.22,3.0323629999999997,13.5,0.0,0.0,0.0,2.8123629999999995
2025-07-11 16:00:00,0.22,0.0,0.0,0.22,1.625263,13.5,0.0,0.0,0.0,1.405263
2025-07-11 17:00:00,0.21,0.0,0.0,0.21,0.340637,13.5,0.0,0.0,0.0,0.13063700000000003
2025-07-11 18:00:00,0.21,0.0,0.0,0.21,0.144517,13.434517,0.0,0.06548299999999999,0.0,0.0
2025-07-11 19:00:00,0.22,0.0,0.0,0.22,0.0,13.214516999999999,0.0,0.22,0.0,0.0
2025-07-11 20:00:00,0.22,0.0,0.0,0.22,0.0,12.994516999999998,0.0,0.22,0.0,0.0
2025-07-11 21:00:00,0.2299999999999999,0.0,0.0,0.2299999999999999,0.0,12.764516999999998,0.0,0.2299999999999999,0.0,0.0
2025-07-11 22:00:00,0.21,0.0,0.0,0.21,0.0,12.554516999999997,0.0,0.21,0.0,0.0
2025-07-11 23:00:00,0.22,0.0,0.0,0.22,0.0,12.334516999999996,0.0,0.22,0.0,0.0
2025-07-12 00:00:00,0.22,0.0,0.0,0.22,0.0,12.114516999999996,0.0,0.22,0.0,0.0
2025-07-12 01:00:00,0.25,0.0,0.0,0.25,0.0,11.864516999999996,0.0,0.25,0.0,0.0
2025-07-12 02:00:00,0.3,0.0,0.0,0.3,0.0,11.564516999999995,0.0,0.3,0.0,0.0
2025-07-12 03:00:00,0.22,0.0,0.0,0.22,0.0,11.344516999999994,0.0,0.22,0.0,0.0
2025-07-12 04:00:00,0.22,0.0,0.0,0.22,0.0,11.124516999999994,0.0,0.22,0.0,0.0
2025-07-12 05:00:00,0.21,0.0,0.0,0.21,0.003919,10.918435999999994,0.0,0.206081,0.0,0.0
2025-07-12 06:00:00,0.21,0.0,0.0,0.21,0.18765600000000002,10.896091999999994,0.0,0.022343999999999975,0.0,0.0
2025-07-12 07:00:00,0.21,0.0,0.0,0.21,1.6028959999999999,12.288987999999994,1.392896,0.0,0.0,0.0
2025-07-12 08:00:00,0.21,0.0,0.0,0.21,2.736368,13.5,1.2110120000000055,0.0,0.0,1.3153559999999946
2025-07-12 09:00:00,0.21,0.0,0.0,0.21,3.953706,13.5,0.0,0.0,0.0,3.743706
2025-07-12 10:00:00,0.21,0.0,0.0,0.21,5.167639,13.5,0.0,0.0,0.0,4.957639
2025-07-12 11:00:00,0.21,0.2063521367521368,0.0,0.4163521367521368,5.385741,13.5,0.0,0.0,0.0,4.969388863247864
2025-07-12 12:00:00,0.21,0.2063521367521368,0.0,0.4163521367521368,5.26776,13.5,0.0,0.0,0.0,4.851407863247863
2025-07-12 13:00:00,0.21,0.2063521367521368,0.0,0.4163521367521368,4.836045,13.5,0.0,0.0,0.0,4.419692863247864
2025-07-12 14:00:00,0.21,0.0,0.0,0.21,4.096904,13.5,0.0,0.0,0.0,3.8869040000000004
2025-07-12 15:00:00,0.22,0.0,0.0,0.22,3.069978,13.5,0.0,0.0,0.0,2.8499779999999997
2025-07-12 16:00:00,0.22,0.0,0.0,0.22,1.641797,13.5,0.0,0.0,0.0,1.421797
2025-07-12 17:00:00,0.21,0.0,0.0,0.21,0.311488,13.5,0.0,0.0,0.0,0.101488
2025-07-12 18:00:00,0.21,0.0,0.0,0.21,0.141542,13.431542,0.0,0.06845799999999999,0.0,0.0
2025-07-12 19:00:00,0.21,0.0,0.0,0.21,0.0,13.221542,0.0,0.21,0.0,0.0
2025-07-12 20:00:00,0.21,0.0,0.0,0.21,0.0,13.011541999999999,0.0,0.21,0.0,0.0
2025-07-12 21:00:00,0.22,0.0,0.0,0.22,0.0,12.791541999999998,0.0,0.22,0.0,0.0
2025-07-12 22:00:00,0.22,0.0,0.0,0.22,0.0,12.571541999999997,0.0,0.22,0.0,0.0
2025-07-12 23:00:00,0.21,0.0,0.0,0.21,0.0,12.361541999999996,0.0,0.21,0.0,0.0
2025-07-13 00:00:00,0.22,0.0,0.0,0.22,0.0,12.141541999999996,0.0,0.22,0.0,0.0
2025-07-13 01:00:00,0.21,0.0,0.0,0.21,0.0,11.931541999999995,0.0,0.21,0.0,0.0
2025-07-13 02:00:00,0.22,0.0,0.0,0.22,0.0,11.711541999999994,0.0,0.22,0.0,0.0
2025-07-13 03:00:00,0.21,0.0,0.0,0.21,0.0,11.501541999999993,0.0,0.21,0.0,0.0
2025-07-13 04:00:00,0.2,0.0,0.0,0.2,0.0,11.301541999999994,0.0,0.2,0.0,0.0
2025-07-13 05:00:00,0.36,0.0,0.0,0.36,0.114807,11.056348999999994,0.0,0.245193,0.0,0.0
2025-07-13 06:00:00,0.37,0.0,0.0,0.37,1.313704,12.000052999999994,0.943704,0.0,0.0,0.0
2025-07-13 07:00:00,0.62,0.0,0.0,0.62,2.792536,13.5,1.499947000000006,0.0,0.0,0.6725889999999941
2025-07-13 08:00:00,0.52,0.0,0.0,0.52,3.848723,13.5,0.0,0.0,0.0,3.328723
2025-07-13 09:00:00,0.21,0.0,0.0,0.21,4.644982,13.5,0.0,0.0,0.0,4.434982
2025-07-13 10:00:00,0.21,0.0,0.0,0.21,5.131386,13.5,0.0,0.0,0.0,4.921386
2025-07-13 11:00:00,0.21,0.2063521367521368,0.0,0.4163521367521368,5.351814,13.5,0.0,0.0,0.0,4.9354618632478635
2025-07-13 12:00:00,0.21,0.2063521367521368,0.0,0.4163521367521368,5.259578,13.5,0.0,0.0,0.0,4.843225863247864
2025-07-13 13:00:00,0.21,0.2063521367521368,0.0,0.4163521367521368,4.801123,13.5,0.0,0.0,0.0,4.384770863247863
2025-07-13 14:00:00,0.22,0.0,0.0,0.22,4.057205,13.5,0.0,0.0,0.0,3.8372049999999995
2025-07-13 15:00:00,0.21,0.0,0.0,0.21,1.931353,13.5,0.0,0.0,0.0,1.7213530000000001
2025-07-13 16:00:00,0.21,0.0,0.0,0.21,1.282019,13.5,0.0,0.0,0.0,1.072019
2025-07-13 17:00:00,0.22,0.0,0.0,0.22,0.62519,13.5,0.0,0.0,0.0,0.40519000000000005
2025-07-13 18:00:00,0.21,0.0,0.0,0.21,0.157671,13.447671,0.0,0.05232899999999999,0.0,0.0
2025-07-13 19:00:00,0.21,0.0,0.0,0.21,0.0,13.237670999999999,0.0,0.21,0.0,0.0
2025-07-13 20:00:00,0.22,0.0,0.0,0.22,0.0,13.017670999999998,0.0,0.22,0.0,0.0
2025-07-13 21:00:00,0.22,0.0,0.0,0.22,0.0,12.797670999999998,0.0,0.22,0.0,0.0
2025-07-13 22:00:00,0.21,0.0,0.0,0.21,0.0,12.587670999999997,0.0,0.21,0.0,0.0
2025-07-13 23:00:00,0.21,0.0,0.0,0.21,0.0,12.377670999999996,0.0,0.21,0.0,0.0
2025-07-14 00:00:00,0.21,0.0,0.0,0.21,0.0,12.167670999999995,0.0,0.21,0.0,0.0
2025-07-14 01:00:00,0.21,0.0,0.0,0.21,0.0,11.957670999999994,0.0,0.21,0.0,0.0
2025-07-14 02:00:00,0.21,0.0,0.0,0.21,0.0,11.747670999999993,0.0,0.21,0.0,0.0
2025-07-14 03:00:00,0.21,0.0,0.0,0.21,0.0,11.537670999999992,0.0,0.21,0.0,0.0
2025-07-14 04:00:00,0.21,0.0,0.0,0.21,0.0,11.327670999999992,0.0,0.21,0.0,0.0
2025-07-14 05:00:00,0.21,0.0,0.0,0.21,0.10911799999999999,11.226788999999991,0.0,0.100882,0.0,0.0
2025-07-14 06:00:00,0.54,0.0,0.0,0.54,1.30974,11.996528999999992,0.7697399999999999,0.0,0.0,0.0
2025-07-14 07:00:00,0.52,0.0,0.0,0.52,0.608259,12.084787999999993,0.08825899999999998,0.0,0.0,0.0
2025-07-14 08:00:00,0.21,0.0,0.0,0.21,0.983637,12.858424999999993,0.773637,0.0,0.0,0.0
2025-07-14 09:00:00,0.21,0.0,0.0,0.21,1.35276,13.5,0.6415750000000067,0.0,0.0,0.5011849999999933
2025-07-14 10:00:00,0.21,0.0,0.0,0.21,1.649596,13.5,0.0,0.0,0.0,1.439596
2025-07-14 11:00:00,0.21,0.2063521367521368,0.0,0.4163521367521368,1.772304,13.5,0.0,0.0,0.0,1.3559518632478633
2025-07-14 12:00:00,0.21,0.2063521367521368,0.0,0.4163521367521368,2.108065,13.5,0.0,0.0,0.0,1.691712863247863
2025-07-14 13:00:00,0.22,0.2063521367521368,0.0,0.4263521367521368,2.586472,13.5,0.0,0.0,0.0,2.1601198632478633
2025-07-14 14:00:00,0.22,0.0,0.0,0.22,1.984429,13.5,0.0,0.0,0.0,1.764429
2025-07-14 15:00:00,0.21,0.0,0.0,0.21,1.4743330000000001,13.5,0.0,0.0,0.0,1.2643330000000002
2025-07-14 16:00:00,0.21,0.0,0.0,0.21,0.801585,13.5,0.0,0.0,0.0,0.591585
2025-07-14 17:00:00,0.22,0.0,0.0,0.22,0.439732,13.5,0.0,0.0,0.0,0.219732
2025-07-14 18:00:00,0.22,0.0,0.0,0.22,0.163905,13.443905,0.0,0.056095000000000006,0.0,0.0
2025-07-14 19:00:00,0.22,0.0,0.0,0.22,0.0,13.223905,0.0,0.22,0.0,0.0
2025-07-14 20:00:00,0.22,0.0,0.0,0.22,0.0,13.003905,0.0,0.22,0.0,0.0
2025-07-14 21:00:00,0.22,0.0,0.0,0.22,0.0,12.783904999999999,0.0,0.22,0.0,0.0
2025-07-14 22:00:00,0.22,0.0,0.0,0.22,0.0,12.563904999999998,0.0,0.22,0.0,0.0
2025-07-14 23:00:00,0.21,0.0,0.0,0.21,0.0,12.353904999999997,0.0,0.21,0.0,0.0
2025-07-15 00:00:00,0.22,0.0,0.0,0.22,0.0,12.133904999999997,0.0,0.22,0.0,0.0
2025-07-15 01:00:00,0.22,0.0,0.0,0.22,0.0,11.913904999999996,0.0,0.22,0.0,0.0
2025-07-15 02:00:00,0.21,0.0,0.0,0.21,0.0,11.703904999999995,0.0,0.21,0.0,0.0
2025-07-15 03:00:00,0.21,0.0,0.0,0.21,0.0,11.493904999999994,0.0,0.21,0.0,0.0
2025-07-15 04:00:00,0.22,0.0,0.0,0.22,0.0,11.273904999999994,0.0,0.22,0.0,0.0
2025-07-15 05:00:00,0.21,0.0,0.0,0.21,0.10182899999999999,11.165733999999993,0.0,0.108171,0.0,0.0
2025-07-15 06:00:00,0.21,0.0,0.0,0.21,1.292249,12.247982999999994,1.082249,0.0,0.0,0.0
2025-07-15 07:00:00,0.2,0.0,0.0,0.2,0.843654,12.891636999999994,0.643654,0.0,0.0,0.0
2025-07-15 08:00:00,0.21,0.0,0.0,0.21,1.1687290000000001,13.5,0.608363000000006,0.0,0.0,0.3503659999999942
2025-07-15 09:00:00,0.22,0.0,0.0,0.22,4.749288,13.5,0.0,0.0,0.0,4.529288
2025-07-15 10:00:00,0.21,0.0,0.0,0.21,5.262937,13.5,0.0,0.0,0.0,5.052937
2025-07-15 11:00:00,0.21,0.2063521367521368,0.0,0.4163521367521368,5.4386719999999995,13.5,0.0,0.0,0.0,5.022319863247863
2025-07-15 12:00:00,0.21,0.2063521367521368,0.0,0.4163521367521368,5.296908,13.5,0.0,0.0,0.0,4.880555863247864
2025-07-15 13:00:00,0.21,0.2063521367521368,0.0,0.4163521367521368,3.166411,13.5,0.0,0.0,0.0,2.7500588632478635
2025-07-15 14:00:00,0.21,0.0,0.0,0.21,2.1286199999999997,13.5,0.0,0.0,0.0,1.9186199999999998
2025-07-15 15:00:00,0.22,0.0,0.0,0.22,3.036549,13.5,0.0,0.0,0.0,2.8165489999999997
2025-07-15 16:00:00,0.32,0.0,0.0,0.32,1.626291,13.5,0.0,0.0,0.0,1.3062909999999999
2025-07-15 17:00:00,0.25,0.0,0.0,0.25,0.315805,13.5,0.0,0.0,0.0,0.065805
2025-07-15 18:00:00,0.22,0.0,0.0,0.22,0.129156,13.409156,0.0,0.09084400000000001,0.0,0.0
2025-07-15 19:00:00,0.22,0.0,0.0,0.22,0.0,13.189155999999999,0.0,0.22,0.0,0.0
2025-07-15 20:00:00,0.22,0.0,0.0,0.22,0.0,12.969155999999998,0.0,0.22,0.0,0.0
2025-07-15 21:00:00,0.22,0.0,0.0,0.22,0.0,12.749155999999997,0.0,0.22,0.0,0.0
2025-07-15 22:00:00,0.21,0.0,0.0,0.21,0.0,12.539155999999997,0.0,0.21,0.0,0.0
2025-07-15 23:00:00,0.21,0.0,0.0,0.21,0.0,12.329155999999996,0.0,0.21,0.0,0.0
2025-07-16 00:00:00,0.21,0.0,0.0,0.21,0.0,12.119155999999995,0.0,0.21,0.0,0.0
2025-07-16 01:00:00,0.21,0.0,0.0,0.21,0.0,11.909155999999994,0.0,0.21,0.0,0.0
2025-07-16 02:00:00,0.22,0.0,0.0,0.22,0.0,11.689155999999993,0.0,0.22,0.0,0.0
2025-07-16 03:00:00,0.21,0.0,0.0,0.21,0.0,11.479155999999993,0.0,0.21,0.0,0.0
2025-07-16 04:00:00,0.22,0.0,0.0,0.22,0.0,11.259155999999992,0.0,0.22,0.0,0.0
2025-07-16 05:00:00,0.2,0.0,0.0,0.2,0.093559,11.152714999999992,0.0,0.10644100000000001,0.0,0.0
2025-07-16 06:00:00,0.61,0.0,0.0,0.61,1.3195350000000001,11.862249999999992,0.7095350000000001,0.0,0.0,0.0
2025-07-16 07:00:00,0.53,0.0,0.0,0.53,0.685141,12.017390999999993,0.15514099999999997,0.0,0.0,0.0
2025-07-16 08:00:00,0.4,0.0,0.0,0.4,1.2758099999999999,12.893200999999992,0.8758099999999999,0.0,0.0,0.0
2025-07-16 09:00:00,0.5700000000000001,0.0,0.3989259999999921,0.9689259999999922,1.5757249999999998,13.5,0.6067990000000076,0.0,0.0,0.0
2025-07-16 10:00:00,0.22,0.0,1.2070530000000002,1.4270530000000001,1.4270530000000001,13.5,0.0,0.0,0.0,0.0
2025-07-16 11:00:00,0.21,0.2063521367521368,1.9152038632478632,2.331556,2.331556,13.5,0.0,0.0,0.0,0.0
2025-07-16 12:00:00,0.21,0.2063521367521368,2.652212863247863,3.0685649999999995,3.068565,13.5,0.0,0.0,0.0,0.0
2025-07-16 13:00:00,0.21,0.2063521367521368,2.711305863247863,3.1276579999999994,3.127658,13.5,0.0,0.0,0.0,0.0
2025-07-16 14:00:00,0.21,0.0,3.107632,3.317632,3.317632,13.5,0.0,0.0,0.0,0.0
2025-07-16 15:00:00,0.21,0.0,1.9307800000000004,2.1407800000000003,2.1407800000000003,13.5,0.0,0.0,0.0,0.0
2025-07-16 16:00:00,0.22,0.0,0.80891,1.02891,1.02891,13.5,0.0,0.0,0.0,0.0
2025-07-16 17:00:00,0.21,0.0,0.35399800000000003,0.563998,0.563998,13.5,0.0,0.0,0.0,0.0
2025-07-16 18:00:00,0.22,0.0,0.0,0.22,0.126982,13.406982,0.0,0.09301799999999999,0.0,0.0
2025-07-16 19:00:00,0.22,0.0,0.0,0.22,0.0,13.186981999999999,0.0,0.22,0.0,0.0
2025-07-16 20:00:00,0.22,0.0,0.0,0.22,0.0,12.966981999999998,0.0,0.22,0.0,0.0
2025-07-16 21:00:00,0.22,0.0,0.0,0.22,0.0,12.746981999999997,0.0,0.22,0.0,0.0
2025-07-16 22:00:00,0.21,0.0,0.0,0.21,0.0,12.536981999999997,0.0,0.21,0.0,0.0
2025-07-16 23:00:00,0.21,0.0,0.0,0.21,0.0,12.326981999999996,0.0,0.21,0.0,0.0
2025-07-17 00:00:00,0.22,0.0,0.0,0.22,0.0,12.106981999999995,0.0,0.22,0.0,0.0
2025-07-17 01:00:00,0.21,0.0,0.0,0.21,0.0,11.896981999999994,0.0,0.21,0.0,0.0
2025-07-17 02:00:00,0.21,0.0,0.0,0.21,0.0,11.686981999999993,0.0,0.21,0.0,0.0
2025-07-17 03:00:00,0.22,0.0,0.0,0.22,0.0,11.466981999999993,0.0,0.22,0.0,0.0
2025-07-17 04:00:00,0.21,0.0,0.0,0.21,0.0,11.256981999999992,0.0,0.21,0.0,0.0
2025-07-17 05:00:00,0.22,0.0,0.0,0.22,0.0,11.036981999999991,0.0,0.22,0.0,0.0
2025-07-17 06:00:00,0.21,0.0,0.0,0.21,0.28274400000000005,11.109725999999991,0.07274400000000006,0.0,0.0,0.0
2025-07-17 07:00:00,0.21,0.0,0.0,0.21,1.177318,12.077043999999992,0.9673180000000001,0.0,0.0,0.0
2025-07-17 08:00:00,0.2,0.0,0.0,0.2,0.839404,12.716447999999993,0.6394040000000001,0.0,0.0,0.0
2025-07-17 09:00:00,0.45,0.0,0.0,0.45,1.391747,13.5,0.7835520000000074,0.0,0.0,0.15819499999999276
2025-07-17 10:00:00,0.72,0.0,0.0,0.72,2.4214499999999997,13.5,0.0,0.0,0.0,1.7014499999999997
2025-07-17 11:00:00,0.63,0.2063521367521368,0.0,0.8363521367521368,3.360508,13.5,0.0,0.0,0.0,2.524155863247863
2025-07-17 12:00:00,0.42,0.2063521367521368,0.0,0.6263521367521367,3.324415,13.5,0.0,0.0,0.0,2.6980628632478636
2025-07-17 13:00:00,0.2299999999999999,0.2063521367521368,0.0,0.4363521367521367,2.4589499999999997,13.5,0.0,0.0,0.0,2.022597863247863
2025-07-17 14:00:00,0.21,0.0,0.0,0.21,2.335622,13.5,0.0,0.0,0.0,2.125622
2025-07-17 15:00:00,0.22,0.0,0.0,0.22,2.953628,13.5,0.0,0.0,0.0,2.733628
2025-07-17 16:00:00,0.21,0.0,0.0,0.21,0.976292,13.5,0.0,0.0,0.0,0.7662920000000001
2025-07-17 17:00:00,0.21,0.0,0.0,0.21,0.307184,13.5,0.0,0.0,0.0,0.09718400000000002
2025-07-17 18:00:00,0.22,0.0,0.0,0.22,0.125325,13.405325,0.0,0.09467500000000001,0.0,0.0
2025-07-17 19:00:00,0.21,0.0,0.0,0.21,0.0,13.195324999999999,0.0,0.21,0.0,0.0
2025-07-17 20:00:00,0.22,0.0,0.0,0.22,0.0,12.975324999999998,0.0,0.22,0.0,0.0
2025-07-17 21:00:00,0.22,0.0,0.0,0.22,0.0,12.755324999999997,0.0,0.22,0.0,0.0
2025-07-17 22:00:00,0.21,0.0,0.0,0.21,0.0,12.545324999999997,0.0,0.21,0.0,0.0
2025-07-17 23:00:00,0.22,0.0,0.0,0.22,0.0,12.325324999999996,0.0,0.22,0.0,0.0
2025-07-18 00:00:00,0.21,0.0,0.0,0.21,0.0,12.115324999999995,0.0,0.21,0.0,0.0
2025-07-18 01:00:00,0.21,0.0,0.0,0.21,0.0,11.905324999999994,0.0,0.21,0.0,0.0
2025-07-18 02:00:00,0.21,0.0,0.0,0.21,0.0,11.695324999999993,0.0,0.21,0.0,0.0
2025-07-18 03:00:00,0.21,0.0,0.0,0.21,0.0,11.485324999999992,0.0,0.21,0.0,0.0
2025-07-18 04:00:00,0.22,0.0,0.0,0.22,0.0,11.265324999999992,0.0,0.22,0.0,0.0
2025-07-18 05:00:00,0.21,0.0,0.0,0.21,0.072004,11.127328999999992,0.0,0.137996,0.0,0.0
2025-07-18 06:00:00,0.22,0.0,0.0,0.22,1.202502,12.109830999999993,0.982502,0.0,0.0,0.0
2025-07-18 07:00:00,0.21,0.0,1.0438799999999926,1.2538799999999926,2.644049,13.5,1.3901690000000073,0.0,0.0,0.0
2025-07-18 08:00:00,0.21,0.0,3.595972,3.805972,3.805972,13.5,0.0,0.0,0.0,0.0
2025-07-18 09:00:00,0.21,0.0,4.450991,4.660991,4.660991,13.5,0.0,0.0,0.0,0.0
2025-07-18 10:00:00,0.21,0.0,4.9509549999999996,5.1609549999999995,5.1609549999999995,13.5,0.0,0.0,0.0,0.0
2025-07-18 11:00:00,0.21,0.3095282051282051,4.9066727948717945,5.426201,5.426201,13.5,0.0,0.0,0.0,0.0
2025-07-18 12:00:00,0.21,0.3095282051282051,4.808336794871795,5.327865,5.327865,13.5,0.0,0.0,0.0,0.0
2025-07-18 13:00:00,0.22,0.3095282051282051,4.364115794871795,4.893644,4.893644,13.5,0.0,0.0,0.0,0.0
2025-07-18 14:00:00,0.22,0.0,2.7930550256410456,3.0130550256410458,4.136554,13.5,0.0,0.0,0.0,1.1234989743589545
2025-07-18 15:00:00,0.21,0.0,0.0,0.21,3.093825,13.5,0.0,0.0,0.0,2.883825
2025-07-18 16:00:00,0.21,0.0,0.0,0.21,1.652527,13.5,0.0,0.0,0.0,1.4425270000000001
2025-07-18 17:00:00,0.21,0.0,0.0,0.21,0.298847,13.5,0.0,0.0,0.0,0.08884699999999998
2025-07-18 18:00:00,0.22,0.0,0.0,0.22,0.126872,13.406872,0.0,0.09312799999999999,0.0,0.0
2025-07-18 19:00:00,0.21,0.0,0.0,0.21,0.0,13.196871999999999,0.0,0.21,0.0,0.0
2025-07-18 20:00:00,0.21,0.0,0.0,0.21,0.0,12.986871999999998,0.0,0.21,0.0,0.0
2025-07-18 21:00:00,0.22,0.0,0.0,0.22,0.0,12.766871999999998,0.0,0.22,0.0,0.0
2025-07-18 22:00:00,0.22,0.0,0.0,0.22,0.0,12.546871999999997,0.0,0.22,0.0,0.0
2025-07-18 23:00:00,0.21,0.0,0.0,0.21,0.0,12.336871999999996,0.0,0.21,0.0,0.0
2025-07-19 00:00:00,0.22,0.0,0.0,0.22,0.0,12.116871999999995,0.0,0.22,0.0,0.0
2025-07-19 01:00:00,0.21,0.0,0.0,0.21,0.0,11.906871999999995,0.0,0.21,0.0,0.0
2025-07-19 02:00:00,0.21,0.0,0.0,0.21,0.0,11.696871999999994,0.0,0.21,0.0,0.0
2025-07-19 03:00:00,0.21,0.0,0.0,0.21,0.0,11.486871999999993,0.0,0.21,0.0,0.0
2025-07-19 04:00:00,0.21,0.0,0.0,0.21,0.0,11.276871999999992,0.0,0.21,0.0,0.0
2025-07-19 05:00:00,0.21,0.0,0.0,0.21,0.06710200000000001,11.133973999999991,0.0,0.14289799999999997,0.0,0.0
2025-07-19 06:00:00,0.21,0.0,0.0,0.21,1.301488,12.225461999999991,1.091488,0.0,0.0,0.0
2025-07-19 07:00:00,0.2,0.0,0.0,0.2,2.8321680000000002,13.5,1.2745380000000086,0.0,0.0,1.3576299999999915
2025-07-19 08:00:00,0.51,0.0,0.0,0.51,3.965449,13.5,0.0,0.0,0.0,3.4554489999999998
2025-07-19 09:00:00,0.52,0.0,0.0,0.52,4.815306,13.5,0.0,0.0,0.0,4.295306
2025-07-19 10:00:00,0.2,0.0,0.0,0.2,5.313522,13.5,0.0,0.0,0.0,5.113522
2025-07-19 11:00:00,0.21,0.3095282051282051,0.0,0.5195282051282051,5.498400999999999,13.5,0.0,0.0,0.0,4.978872794871794
2025-07-19 12:00:00,0.38,0.3095282051282051,0.0,0.6895282051282051,5.348883,13.5,0.0,0.0,0.0,4.659354794871795
2025-07-19 13:00:00,0.21,0.3095282051282051,0.0,0.5195282051282051,4.917236,13.5,0.0,0.0,0.0,4.397707794871795
2025-07-19 14:00:00,0.21,0.0,0.0,0.21,4.156981,13.5,0.0,0.0,0.0,3.946981
2025-07-19 15:00:00,0.21,0.0,0.0,0.21,3.095806,13.5,0.0,0.0,0.0,2.885806
2025-07-19 16:00:00,0.21,0.0,0.0,0.21,1.652012,13.5,0.0,0.0,0.0,1.442012
2025-07-19 17:00:00,0.22,0.0,0.0,0.22,0.314264,13.5,0.0,0.0,0.0,0.09426399999999999
2025-07-19 18:00:00,0.22,0.0,0.0,0.22,0.127452,13.407452,0.0,0.09254799999999999,0.0,0.0
2025-07-19 19:00:00,0.21,0.0,0.0,0.21,0.0,13.197451999999998,0.0,0.21,0.0,0.0
2025-07-19 20:00:00,0.22,0.0,0.0,0.22,0.0,12.977451999999998,0.0,0.22,0.0,0.0
2025-07-19 21:00:00,0.21,0.0,0.0,0.21,0.0,12.767451999999997,0.0,0.21,0.0,0.0
2025-07-19 22:00:00,0.21,0.0,0.0,0.21,0.0,12.557451999999996,0.0,0.21,0.0,0.0
2025-07-19 23:00:00,0.21,0.0,0.0,0.21,0.0,12.347451999999995,0.0,0.21,0.0,0.0
2025-07-20 00:00:00,0.21,0.0,0.0,0.21,0.0,12.137451999999994,0.0,0.21,0.0,0.0
2025-07-20 01:00:00,0.21,0.0,0.0,0.21,0.0,11.927451999999994,0.0,0.21,0.0,0.0
2025-07-20 02:00:00,0.21,0.0,0.0,0.21,0.0,11.717451999999993,0.0,0.21,0.0,0.0
2025-07-20 03:00:00,0.47,0.0,0.0,0.47,0.0,11.247451999999992,0.0,0.47,0.0,0.0
2025-07-20 04:00:00,0.53,0.0,0.0,0.53,0.0,10.717451999999993,0.0,0.53,0.0,0.0
2025-07-20 05:00:00,0.62,0.0,0.0,0.62,0.060182,10.157633999999993,0.0,0.559818,0.0,0.0
2025-07-20 06:00:00,0.21,0.0,0.0,0.21,1.2335440000000002,11.181177999999992,1.0235440000000002,0.0,0.0,0.0
2025-07-20 07:00:00,0.78,0.0,0.0,0.78,2.705657,13.106834999999991,1.925657,0.0,0.0,0.0
2025-07-20 08:00:00,0.21,0.0,0.0,0.21,3.839242,13.5,0.39316500000000865,0.0,0.0,3.2360769999999914
2025-07-20 09:00:00,0.52,0.0,0.0,0.52,4.633403,13.5,0.0,0.0,0.0,4.113403
2025-07-20 10:00:00,0.21,0.0,0.0,0.21,5.1539719999999996,13.5,0.0,0.0,0.0,4.943972
2025-07-20 11:00:00,0.21,0.3095282051282051,0.0,0.5195282051282051,5.315781,13.5,0.0,0.0,0.0,4.796252794871795
2025-07-20 12:00:00,0.22,0.3095282051282051,0.0,0.5295282051282051,5.193084,13.5,0.0,0.0,0.0,4.663555794871795
2025-07-20 13:00:00,0.21,0.3095282051282051,0.0,0.5195282051282051,4.742805000000001,13.5,0.0,0.0,0.0,4.223276794871795
2025-07-20 14:00:00,0.21,0.0,0.0,0.21,3.9855430000000003,13.5,0.0,0.0,0.0,3.7755430000000003
2025-07-20 15:00:00,0.21,0.0,0.0,0.21,1.437243,13.5,0.0,0.0,0.0,1.227243
2025-07-20 16:00:00,0.21,0.0,0.0,0.21,0.984976,13.5,0.0,0.0,0.0,0.774976
2025-07-20 17:00:00,0.21,0.0,0.0,0.21,0.298844,13.5,0.0,0.0,0.0,0.088844
2025-07-20 18:00:00,0.21,0.0,0.0,0.21,0.117414,13.407414,0.0,0.09258599999999999,0.0,0.0
2025-07-20 19:00:00,0.2,0.0,0.0,0.2,0.0,13.207414,0.0,0.2,0.0,0.0
2025-07-20 20:00:00,0.93,0.0,0.0,0.93,0.0,12.277414,0.0,0.93,0.0,0.0
2025-07-20 21:00:00,0.72,0.0,0.0,0.72,0.0,11.557414,0.0,0.72,0.0,0.0
2025-07-20 22:00:00,1.82,0.0,0.0,1.82,0.0,9.737414,0.0,1.82,0.0,0.0
2025-07-20 23:00:00,0.94,0.0,0.0,0.94,0.0,8.797414,0.0,0.94,0.0,0.0
2025-07-21 00:00:00,0.88,0.0,0.0,0.88,0.0,7.917414,0.0,0.88,0.0,0.0
2025-07-21 01:00:00,0.43,0.0,0.0,0.43,0.0,7.487414,0.0,0.43,0.0,0.0
2025-07-21 02:00:00,0.66,0.0,0.0,0.66,0.0,6.827414,0.0,0.66,0.0,0.0
2025-07-21 03:00:00,0.61,0.0,0.0,0.61,0.0,6.217414,0.0,0.61,0.0,0.0
2025-07-21 04:00:00,0.55,0.0,0.0,0.55,0.0,5.667414,0.0,0.55,0.0,0.0
2025-07-21 05:00:00,0.55,0.0,0.0,0.55,0.054543999999999995,5.171958,0.0,0.49545600000000006,0.0,0.0
2025-07-21 06:00:00,0.54,0.0,0.0,0.54,1.195959,5.827917,0.655959,0.0,0.0,0.0
2025-07-21 07:00:00,0.62,0.0,0.0,0.62,0.444377,5.652294,0.0,0.17562299999999997,0.0,0.0
2025-07-21 08:00:00,1.02,0.0,0.0,1.02,1.534454,6.166748,0.514454,0.0,0.0,0.0
2025-07-21 09:00:00,0.22,0.0,0.0,0.22,4.544015,10.490763000000001,4.324015,0.0,0.0,0.0
2025-07-21 10:00:00,0.14,0.0,0.0,0.14,5.035183,13.5,3.009236999999999,0.0,0.0,1.8859460000000015
2025-07-21 11:00:00,0.3,0.3095282051282051,0.0,0.6095282051282052,5.227417,13.5,0.0,0.0,0.0,4.617888794871795
2025-07-21 12:00:00,0.15,0.3095282051282051,0.0,0.45952820512820514,5.107862,13.5,0.0,0.0,0.0,4.648333794871795
2025-07-21 13:00:00,0.12,0.3095282051282051,0.0,0.4295282051282051,4.7189250000000005,13.5,0.0,0.0,0.0,4.289396794871795
2025-07-21 14:00:00,0.14,0.0,0.0,0.14,3.993697,13.5,0.0,0.0,0.0,3.853697
2025-07-21 15:00:00,0.27,0.0,0.0,0.27,2.990054,13.5,0.0,0.0,0.0,2.720054
2025-07-21 16:00:00,0.15,0.0,0.0,0.15,1.601408,13.5,0.0,0.0,0.0,1.451408
2025-07-21 17:00:00,1.21,0.0,0.0,1.21,0.303497,12.593497,0.0,0.906503,0.0,0.0
2025-07-21 18:00:00,1.34,0.0,0.0,1.34,0.117029,11.370526,0.0,1.222971,0.0,0.0
2025-07-21 19:00:00,0.21,0.0,0.0,0.21,0.0,11.160525999999999,0.0,0.21,0.0,0.0
2025-07-21 20:00:00,0.2299999999999999,0.0,0.0,0.2299999999999999,0.0,10.930525999999999,0.0,0.2299999999999999,0.0,0.0
2025-07-21 21:00:00,0.24,0.0,0.0,0.24,0.0,10.690525999999998,0.0,0.24,0.0,0.0
2025-07-21 22:00:00,0.22,0.0,0.0,0.22,0.0,10.470525999999998,0.0,0.22,0.0,0.0
2025-07-21 23:00:00,0.2299999999999999,0.0,0.0,0.2299999999999999,0.0,10.240525999999997,0.0,0.2299999999999999,0.0,0.0
2025-07-22 00:00:00,0.2299999999999999,0.0,0.0,0.2299999999999999,0.0,10.010525999999997,0.0,0.2299999999999999,0.0,0.0
2025-07-22 01:00:00,0.22,0.0,0.0,0.22,0.0,9.790525999999996,0.0,0.22,0.0,0.0
2025-07-22 02:00:00,0.22,0.0,0.0,0.22,0.0,9.570525999999996,0.0,0.22,0.0,0.0
2025-07-22 03:00:00,0.22,0.0,0.0,0.22,0.0,9.350525999999995,0.0,0.22,0.0,0.0
2025-07-22 04:00:00,0.59,0.0,0.0,0.59,0.0,8.760525999999995,0.0,0.59,0.0,0.0
2025-07-22 05:00:00,0.55,0.0,0.0,0.55,0.050424,8.260949999999996,0.0,0.499576,0.0,0.0
2025-07-22 06:00:00,0.95,0.0,0.0,0.95,1.226011,8.536960999999996,0.276011,0.0,0.0,0.0
2025-07-22 07:00:00,0.8,0.0,0.0,0.8,1.2356749999999999,8.972635999999996,0.4356749999999998,0.0,0.0,0.0
2025-07-22 08:00:00,0.39,0.0,0.0,0.39,3.78843,12.371065999999995,3.39843,0.0,0.0,0.0
2025-07-22 09:00:00,0.52,0.0,0.0,0.52,4.602548,13.5,1.1289340000000045,0.0,0.0,2.9536139999999946
2025-07-22 10:00:00,0.22,0.0,0.0,0.22,5.082097,13.5,0.0,0.0,0.0,4.862097
2025-07-22 11:00:00,0.21,0.3095282051282051,0.0,0.5195282051282051,5.284371,13.5,0.0,0.0,0.0,4.764842794871795
2025-07-22 12:00:00,0.21,0.3095282051282051,0.0,0.5195282051282051,3.910903,13.5,0.0,0.0,0.0,3.391374794871795
2025-07-22 13:00:00,0.21,0.3095282051282051,0.0,0.5195282051282051,4.740571,13.5,0.0,0.0,0.0,4.221042794871795
2025-07-22 14:00:00,0.21,0.0,0.0,0.21,2.1104589999999996,13.5,0.0,0.0,0.0,1.9004589999999997
2025-07-22 15:00:00,0.22,0.0,0.0,0.22,1.707274,13.5,0.0,0.0,0.0,1.487274
2025-07-22 16:00:00,0.21,0.0,0.0,0.21,1.080912,13.5,0.0,0.0,0.0,0.8709120000000001
2025-07-22 17:00:00,1.08,0.0,0.0,1.08,0.325432,12.745432,0.0,0.7545680000000001,0.0,0.0
2025-07-22 18:00:00,2.03,0.0,0.0,2.03,0.13047999999999998,10.845911999999998,0.0,1.8995199999999999,0.0,0.0
2025-07-22 19:00:00,0.2299999999999999,0.0,0.0,0.2299999999999999,0.0,10.615911999999998,0.0,0.2299999999999999,0.0,0.0
2025-07-22 20:00:00,0.36,0.0,0.0,0.36,0.0,10.255911999999999,0.0,0.36,0.0,0.0
2025-07-22 21:00:00,0.26,0.0,0.0,0.26,0.0,9.995911999999999,0.0,0.26,0.0,0.0
2025-07-22 22:00:00,0.23,0.0,0.0,0.23,0.0,9.765911999999998,0.0,0.23,0.0,0.0
2025-07-22 23:00:00,0.22,0.0,0.0,0.22,0.0,9.545911999999998,0.0,0.22,0.0,0.0
2025-07-23 00:00:00,0.22,0.0,0.0,0.22,0.0,9.325911999999997,0.0,0.22,0.0,0.0
2025-07-23 01:00:00,0.22,0.0,0.0,0.22,0.0,9.105911999999996,0.0,0.22,0.0,0.0
2025-07-23 02:00:00,0.21,0.0,0.0,0.21,0.0,8.895911999999996,0.0,0.21,0.0,0.0
2025-07-23 03:00:00,0.21,0.0,0.0,0.21,0.0,8.685911999999995,0.0,0.21,0.0,0.0
2025-07-23 04:00:00,0.61,0.0,0.0,0.61,0.0,8.075911999999995,0.0,0.61,0.0,0.0
2025-07-23 05:00:00,0.55,0.0,0.0,0.55,0.050461,7.576372999999995,0.0,0.49953900000000007,0.0,0.0
2025-07-23 06:00:00,0.64,0.0,0.0,0.64,1.210679,8.147051999999995,0.570679,0.0,0.0,0.0
2025-07-23 07:00:00,0.6900000000000001,0.0,0.0,0.6900000000000001,0.971171,8.428222999999996,0.28117099999999995,0.0,0.0,0.0
2025-07-23 08:00:00,0.24,0.0,0.0,0.24,1.827776,10.015998999999995,1.587776,0.0,0.0,0.0
2025-07-23 09:00:00,0.24,0.0,0.9492779999999961,1.189277999999996,4.673279000000001,13.5,3.4840010000000046,0.0,0.0,0.0
2025-07-23 10:00:00,0.2299999999999999,0.0,4.965435000000001,5.195435000000001,5.195435000000001,13.5,0.0,0.0,0.0,0.0
2025-07-23 11:00:00,0.24,0.3095282051282051,4.824033794871795,5.373562,5.373562,13.5,0.0,0.0,0.0,0.0
2025-07-23 12:00:00,0.24,0.3095282051282051,3.329754794871795,3.879283,3.879283,13.5,0.0,0.0,0.0,0.0
2025-07-23 13:00:00,0.2299999999999999,0.3095282051282051,4.228831794871795,4.7683599999999995,4.7683599999999995,13.5,0.0,0.0,0.0,0.0
2025-07-23 14:00:00,0.24,0.0,3.771153,4.011153,4.011153,13.5,0.0,0.0,0.0,0.0
2025-07-23 15:00:00,0.22,0.0,2.765217,2.985217,2.985217,13.5,0.0,0.0,0.0,0.0
2025-07-23 16:00:00,0.24,0.0,1.347325,1.587325,1.587325,13.5,0.0,0.0,0.0,0.0
2025-07-23 17:00:00,0.25,0.0,0.33323500000000006,0.5832350000000001,0.5832350000000001,13.5,0.0,0.0,0.0,0.0
2025-07-23 18:00:00,0.32,0.0,0.0,0.32,0.154768,13.334768,0.0,0.16523200000000002,0.0,0.0
2025-07-23 19:00:00,0.18,0.0,0.0,0.18,0.0,13.154768,0.0,0.18,0.0,0.0
2025-07-23 20:00:00,0.27,0.0,0.0,0.27,0.0,12.884768000000001,0.0,0.27,0.0,0.0
2025-07-23 21:00:00,0.38,0.0,0.0,0.38,0.0,12.504768,0.0,0.38,0.0,0.0
2025-07-23 22:00:00,0.57,0.0,0.0,0.57,0.0,11.934768,0.0,0.57,0.0,0.0
2025-07-23 23:00:00,0.71,0.0,0.0,0.71,0.0,11.224768000000001,0.0,0.71,0.0,0.0
2025-07-24 00:00:00,0.22,0.0,0.0,0.22,0.0,11.004768,0.0,0.22,0.0,0.0
2025-07-24 01:00:00,0.2299999999999999,0.0,0.0,0.2299999999999999,0.0,10.774768,0.0,0.2299999999999999,0.0,0.0
2025-07-24 02:00:00,0.21,0.0,0.0,0.21,0.0,10.564767999999999,0.0,0.21,0.0,0.0
2025-07-24 03:00:00,0.22,0.0,0.0,0.22,0.0,10.344767999999998,0.0,0.22,0.0,0.0
2025-07-24 04:00:00,0.21,0.0,0.0,0.21,0.0,10.134767999999998,0.0,0.21,0.0,0.0
2025-07-24 05:00:00,0.22,0.0,0.0,0.22,0.048171,9.962938999999997,0.0,0.171829,0.0,0.0
2025-07-24 06:00:00,0.22,0.0,0.0,0.22,0.493093,10.236031999999996,0.27309300000000003,0.0,0.0,0.0
2025-07-24 07:00:00,0.37,0.0,0.0,0.37,0.39431700000000003,10.260348999999996,0.024317000000000033,0.0,0.0,0.0
2025-07-24 08:00:00,0.21,0.0,0.0,0.21,0.733968,10.784316999999996,0.523968,0.0,0.0,0.0
2025-07-24 09:00:00,0.21,0.0,0.0,0.21,1.299491,11.873807999999997,1.089491,0.0,0.0,0.0
2025-07-24 10:00:00,0.22,0.0,0.0,0.22,1.502392,13.156199999999997,1.282392,0.0,0.0,0.0
2025-07-24 11:00:00,0.22,0.4642923076923078,0.0,0.6842923076923078,2.003437,13.5,0.34380000000000344,0.0,0.0,0.9753446923076887
2025-07-24 12:00:00,0.22,0.4642923076923078,0.0,0.6842923076923078,2.227002,13.5,0.0,0.0,0.0,1.5427096923076924
2025-07-24 13:00:00,0.21,0.4642923076923078,0.0,0.6742923076923077,3.107567,13.5,0.0,0.0,0.0,2.433274692307692
2025-07-24 14:00:00,0.21,0.0,0.0,0.21,3.095884,13.5,0.0,0.0,0.0,2.885884
2025-07-24 15:00:00,0.22,0.0,0.0,0.22,2.3590859999999996,13.5,0.0,0.0,0.0,2.1390859999999994
2025-07-24 16:00:00,0.22,0.0,0.0,0.22,1.4445999999999999,13.5,0.0,0.0,0.0,1.2246
2025-07-24 17:00:00,0.27,0.0,0.0,0.27,0.5717949999999999,13.5,0.0,0.0,0.0,0.3017949999999999
2025-07-24 18:00:00,2.9,0.0,0.0,2.9,0.174405,10.774405,0.0,2.7255949999999998,0.0,0.0
2025-07-24 19:00:00,0.21,0.0,0.0,0.21,0.0,10.564404999999999,0.0,0.21,0.0,0.0
2025-07-24 20:00:00,0.21,0.0,0.0,0.21,0.0,10.354404999999998,0.0,0.21,0.0,0.0
2025-07-24 21:00:00,0.29,0.0,0.0,0.29,0.0,10.064404999999999,0.0,0.29,0.0,0.0
2025-07-24 22:00:00,0.12,0.0,0.0,0.12,0.0,9.944405,0.0,0.12,0.0,0.0
2025-07-24 23:00:00,0.1,0.0,0.0,0.1,0.0,9.844405,0.0,0.1,0.0,0.0
2025-07-25 00:00:00,0.11,0.0,0.0,0.11,0.0,9.734405,0.0,0.11,0.0,0.0
2025-07-25 01:00:00,0.1,0.0,0.0,0.1,0.0,9.634405000000001,0.0,0.1,0.0,0.0
2025-07-25 02:00:00,0.11,0.0,0.0,0.11,0.0,9.524405000000002,0.0,0.11,0.0,0.0
2025-07-25 03:00:00,0.09,0.0,0.0,0.09,0.0,9.434405000000002,0.0,0.09,0.0,0.0
2025-07-25 04:00:00,0.1,0.0,0.0,0.1,0.0,9.334405000000002,0.0,0.1,0.0,0.0
2025-07-25 05:00:00,0.1,0.0,0.0,0.1,0.04976,9.284165000000002,0.0,0.05024000000000001,0.0,0.0
2025-07-25 06:00:00,0.11,0.0,0.0,0.11,1.2294100000000001,10.403575000000002,1.11941,0.0,0.0,0.0
2025-07-25 07:00:00,0.12,0.0,0.0,0.12,0.395719,10.679294000000002,0.275719,0.0,0.0,0.0
2025-07-25 08:00:00,0.44,0.0,0.0,0.44,0.730568,10.969862000000003,0.290568,0.0,0.0,0.0
2025-07-25 09:00:00,0.12,0.0,0.0,0.12,1.446801,12.296663000000002,1.3268010000000001,0.0,0.0,0.0
2025-07-25 10:00:00,0.11,0.0,0.6522980000000023,0.7622980000000023,1.965635,13.5,1.2033369999999977,0.0,0.0,0.0
2025-07-25 11:00:00,0.12,0.4642923076923078,1.6178546923076924,2.202147,2.202147,13.5,0.0,0.0,0.0,0.0
2025-07-25 12:00:00,0.12,0.4642923076923078,2.2656696923076924,2.849962,2.849962,13.5,0.0,0.0,0.0,0.0
2025-07-25 13:00:00,0.1,0.4642923076923078,2.0136266923076924,2.577919,2.577919,13.5,0.0,0.0,0.0,0.0
2025-07-25 14:00:00,0.12,0.0,1.462637,1.582637,1.5826369999999998,13.5,0.0,0.0,0.0,0.0
2025-07-25 15:00:00,0.12,0.0,1.1581320000000002,1.2781320000000003,1.278132,13.5,0.0,0.0,0.0,0.0
2025-07-25 16:00:00,0.11,0.0,0.61717,0.72717,0.72717,13.5,0.0,0.0,0.0,0.0
2025-07-25 17:00:00,0.13,0.0,0.303461,0.433461,0.433461,13.5,0.0,0.0,0.0,0.0
2025-07-25 18:00:00,0.49,0.0,0.0,0.49,0.144617,13.154617,0.0,0.345383,0.0,0.0
2025-07-25 19:00:00,0.28,0.0,0.0,0.28,0.0,12.874617,0.0,0.28,0.0,0.0
2025-07-25 20:00:00,0.25,0.0,0.0,0.25,0.0,12.624617,0.0,0.25,0.0,0.0
2025-07-25 21:00:00,0.12,0.0,0.0,0.12,0.0,12.504617000000001,0.0,0.12,0.0,0.0
2025-07-25 22:00:00,0.12,0.0,0.0,0.12,0.0,12.384617000000002,0.0,0.12,0.0,0.0
2025-07-25 23:00:00,0.1,0.0,0.0,0.1,0.0,12.284617000000003,0.0,0.1,0.0,0.0
2025-07-26 00:00:00,0.11,0.0,0.0,0.11,0.0,12.174617000000003,0.0,0.11,0.0,0.0
2025-07-26 01:00:00,0.1,0.0,0.0,0.1,0.0,12.074617000000003,0.0,0.1,0.0,0.0
2025-07-26 02:00:00,0.1,0.0,0.0,0.1,0.0,11.974617000000004,0.0,0.1,0.0,0.0
2025-07-26 03:00:00,0.1,0.0,0.0,0.1,0.0,11.874617000000004,0.0,0.1,0.0,0.0
2025-07-26 04:00:00,0.09,0.0,0.0,0.09,0.0,11.784617000000004,0.0,0.09,0.0,0.0
2025-07-26 05:00:00,0.51,0.0,0.0,0.51,0.046553,11.321170000000004,0.0,0.463447,0.0,0.0
2025-07-26 06:00:00,0.3999999999999999,0.0,0.0,0.3999999999999999,0.080251,11.001421000000004,0.0,0.3197489999999999,0.0,0.0
2025-07-26 07:00:00,0.52,0.0,0.0,0.52,0.427948,10.909369000000003,0.0,0.09205200000000002,0.0,0.0
2025-07-26 08:00:00,0.6200000000000001,0.0,0.0,0.6200000000000001,0.7076699999999999,10.997039000000003,0.0876699999999998,0.0,0.0,0.0
2025-07-26 09:00:00,0.29,0.0,0.0,0.29,1.147996,11.855035000000003,0.857996,0.0,0.0,0.0
2025-07-26 10:00:00,0.25,0.0,0.11117800000000289,0.3611780000000029,2.0061430000000002,13.5,1.6449649999999973,0.0,0.0,0.0
2025-07-26 11:00:00,0.24,0.4642923076923078,1.9969256923076921,2.701218,2.701218,13.5,0.0,0.0,0.0,0.0
2025-07-26 12:00:00,0.24,0.4642923076923078,1.9851176923076919,2.6894099999999996,2.6894099999999996,13.5,0.0,0.0,0.0,0.0
2025-07-26 13:00:00,0.5,0.4642923076923078,1.3786126923076922,2.342905,2.342905,13.5,0.0,0.0,0.0,0.0
2025-07-26 14:00:00,0.24,0.0,1.4113040000000001,1.651304,1.651304,13.5,0.0,0.0,0.0,0.0
2025-07-26 15:00:00,0.13,0.0,1.580663,1.7106629999999998,1.710663,13.5,0.0,0.0,0.0,0.0
2025-07-26 16:00:00,0.13,0.0,0.759618,0.889618,0.889618,13.5,0.0,0.0,0.0,0.0
2025-07-26 17:00:00,2.18,0.0,0.0,2.18,0.40980399999999995,11.729804,0.0,1.7701960000000003,0.0,0.0
2025-07-26 18:00:00,0.93,0.0,0.0,0.93,0.1601,10.959904,0.0,0.7699,0.0,0.0
2025-07-26 19:00:00,0.12,0.0,0.0,0.12,0.0,10.839904,0.0,0.12,0.0,0.0
2025-07-26 20:00:00,0.53,0.0,0.0,0.53,0.0,10.309904000000001,0.0,0.53,0.0,0.0
2025-07-26 21:00:00,0.77,0.0,0.0,0.77,0.0,9.539904000000002,0.0,0.77,0.0,0.0
2025-07-26 22:00:00,0.44,0.0,0.0,0.44,0.0,9.099904000000002,0.0,0.44,0.0,0.0
2025-07-26 23:00:00,0.11,0.0,0.0,0.11,0.0,8.989904000000003,0.0,0.11,0.0,0.0
2025-07-27 00:00:00,0.11,0.0,0.0,0.11,0.0,8.879904000000003,0.0,0.11,0.0,0.0
2025-07-27 01:00:00,0.11,0.0,0.0,0.11,0.0,8.769904000000004,0.0,0.11,0.0,0.0
2025-07-27 02:00:00,0.11,0.0,0.0,0.11,0.0,8.659904000000004,0.0,0.11,0.0,0.0
2025-07-27 03:00:00,0.1,0.0,0.0,0.1,0.0,8.559904000000005,0.0,0.1,0.0,0.0
2025-07-27 04:00:00,0.1,0.0,0.0,0.1,0.0,8.459904000000005,0.0,0.1,0.0,0.0
2025-07-27 05:00:00,0.11,0.0,0.0,0.11,0.043751,8.393655000000006,0.0,0.066249,0.0,0.0
2025-07-27 06:00:00,0.11,0.0,0.0,0.11,1.255233,9.538888000000005,1.145233,0.0,0.0,0.0
2025-07-27 07:00:00,2.61,0.0,0.0,2.61,0.35761000000000004,7.286498000000005,0.0,2.2523899999999997,0.0,0.0
2025-07-27 08:00:00,1.95,0.0,0.0,1.95,0.815217,6.151715000000005,0.0,1.134783,0.0,0.0
2025-07-27 09:00:00,0.19,0.0,0.0,0.19,1.6786020000000001,7.640317000000005,1.4886020000000002,0.0,0.0,0.0
2025-07-27 10:00:00,0.23,0.0,0.0,0.23,2.1077600000000003,9.518077000000005,1.8777600000000003,0.0,0.0,0.0
2025-07-27 11:00:00,0.3399999999999999,0.4642923076923078,0.0,0.8042923076923076,2.623081,11.336865692307697,1.8187886923076924,0.0,0.0,0.0
2025-07-27 12:00:00,0.17,0.4642923076923078,0.17146846153845985,0.8057607692307677,3.350084,13.5,2.163134307692303,0.0,0.0,0.381188923076929
2025-07-27 13:00:00,0.15,0.4642923076923078,0.0,0.6142923076923078,3.5175949999999996,13.5,0.0,0.0,0.0,2.9033026923076917
2025-07-27 14:00:00,0.11,0.0,0.0,0.11,2.730512,13.5,0.0,0.0,0.0,2.620512
2025-07-27 15:00:00,0.14,0.0,0.0,0.14,1.858008,13.5,0.0,0.0,0.0,1.7180080000000002
2025-07-27 16:00:00,0.24,0.0,0.0,0.24,0.931557,13.5,0.0,0.0,0.0,0.691557
2025-07-27 17:00:00,0.15,0.0,0.0,0.15,0.556133,13.5,0.0,0.0,0.0,0.40613299999999997
2025-07-27 18:00:00,2.45,0.0,0.0,2.45,0.138934,11.188934,0.0,2.3110660000000003,0.0,0.0
2025-07-27 19:00:00,0.16,0.0,0.0,0.16,0.0,11.028934,0.0,0.16,0.0,0.0
2025-07-27 20:00:00,0.14,0.0,0.0,0.14,0.0,10.888933999999999,0.0,0.14,0.0,0.0
2025-07-27 21:00:00,0.12,0.0,0.0,0.12,0.0,10.768934,0.0,0.12,0.0,0.0
2025-07-27 22:00:00,0.12,0.0,0.0,0.12,0.0,10.648934,0.0,0.12,0.0,0.0
2025-07-27 23:00:00,0.1,0.0,0.0,0.1,0.0,10.548934000000001,0.0,0.1,0.0,0.0
2025-07-28 00:00:00,0.11,0.0,0.0,0.11,0.0,10.438934000000001,0.0,0.11,0.0,0.0
2025-07-28 01:00:00,0.11,0.0,0.0,0.11,0.0,10.328934000000002,0.0,0.11,0.0,0.0
2025-07-28 02:00:00,0.11,0.0,0.0,0.11,0.0,10.218934000000003,0.0,0.11,0.0,0.0
2025-07-28 03:00:00,0.11,0.0,0.0,0.11,0.0,10.108934000000003,0.0,0.11,0.0,0.0
2025-07-28 04:00:00,0.11,0.0,0.0,0.11,0.0,9.998934000000004,0.0,0.11,0.0,0.0
2025-07-28 05:00:00,0.11,0.0,0.0,0.11,0.040909,9.929843000000004,0.0,0.069091,0.0,0.0
2025-07-28 06:00:00,0.51,0.0,0.0,0.51,1.252785,10.672628000000003,0.742785,0.0,0.0,0.0
2025-07-28 07:00:00,0.63,0.0,0.0,0.63,0.648617,10.691245000000004,0.018616999999999995,0.0,0.0,0.0
2025-07-28 08:00:00,0.8200000000000001,0.0,0.0,0.8200000000000001,1.189104,11.060349000000004,0.3691039999999999,0.0,0.0,0.0
2025-07-28 09:00:00,0.78,0.0,0.0,0.78,1.457534,11.737883000000004,0.6775340000000001,0.0,0.0,0.0
2025-07-28 10:00:00,0.25,0.0,0.0,0.25,1.989751,13.477634000000004,1.739751,0.0,0.0,0.0
2025-07-28 11:00:00,0.32,0.6250666666666668,0.0,0.9450666666666667,3.206765,13.5,0.022365999999996333,0.0,0.0,2.239332333333337
2025-07-28 12:00:00,0.17,0.6250666666666668,0.0,0.7950666666666668,5.408158,13.5,0.0,0.0,0.0,4.613091333333333
2025-07-28 13:00:00,0.12,0.6250666666666668,0.0,0.7450666666666668,4.973726,13.5,0.0,0.0,0.0,4.228659333333333
2025-07-28 14:00:00,0.16,0.0,0.0,0.16,4.203193000000001,13.5,0.0,0.0,0.0,4.0431930000000005
2025-07-28 15:00:00,0.26,0.0,0.0,0.26,3.120838,13.5,0.0,0.0,0.0,2.860838
2025-07-28 16:00:00,0.22,0.0,0.0,0.22,1.640995,13.5,0.0,0.0,0.0,1.420995
2025-07-28 17:00:00,0.16,0.0,0.0,0.16,0.593149,13.5,0.0,0.0,0.0,0.433149
2025-07-28 18:00:00,0.23,0.0,0.0,0.23,0.129781,13.399781,0.0,0.100219,0.0,0.0
2025-07-28 19:00:00,0.16,0.0,0.0,0.16,0.0,13.239781,0.0,0.16,0.0,0.0
2025-07-28 20:00:00,0.17,0.0,0.0,0.17,0.0,13.069781,0.0,0.17,0.0,0.0
2025-07-28 21:00:00,0.15,0.0,0.0,0.15,0.0,12.919781,0.0,0.15,0.0,0.0
2025-07-28 22:00:00,0.16,0.0,0.0,0.16,0.0,12.759781,0.0,0.16,0.0,0.0
2025-07-28 23:00:00,0.11,0.0,0.0,0.11,0.0,12.649781,0.0,0.11,0.0,0.0
2025-07-29 00:00:00,0.11,0.0,0.0,0.11,0.0,12.539781000000001,0.0,0.11,0.0,0.0
2025-07-29 01:00:00,0.11,0.0,0.0,0.11,0.0,12.429781000000002,0.0,0.11,0.0,0.0
2025-07-29 02:00:00,0.11,0.0,0.0,0.11,0.0,12.319781000000003,0.0,0.11,0.0,0.0
2025-07-29 03:00:00,0.11,0.0,0.0,0.11,0.0,12.209781000000003,0.0,0.11,0.0,0.0
2025-07-29 04:00:00,0.11,0.0,0.0,0.11,0.0,12.099781000000004,0.0,0.11,0.0,0.0
2025-07-29 05:00:00,0.12,0.0,0.0,0.12,0.038661,12.018442000000004,0.0,0.081339,0.0,0.0
2025-07-29 06:00:00,0.11,0.0,0.0,0.11,1.267283,13.175725000000003,1.1572829999999998,0.0,0.0,0.0
2025-07-29 07:00:00,0.13,0.0,0.0,0.13,0.702349,13.5,0.32427499999999654,0.0,0.0,0.24807400000000346
2025-07-29 08:00:00,0.55,0.0,0.0,0.55,1.1788699999999999,13.5,0.0,0.0,0.0,0.6288699999999998
2025-07-29 09:00:00,0.61,0.0,0.0,0.61,1.6902819999999998,13.5,0.0,0.0,0.0,1.080282
2025-07-29 10:00:00,0.1,0.0,0.0,0.1,2.32521,13.5,0.0,0.0,0.0,2.22521
2025-07-29 11:00:00,0.1,0.6250666666666668,0.0,0.7250666666666667,5.561882,13.5,0.0,0.0,0.0,4.836815333333333
2025-07-29 12:00:00,0.1,0.6250666666666668,0.0,0.7250666666666667,5.403674,13.5,0.0,0.0,0.0,4.678607333333333
2025-07-29 13:00:00,0.21,0.6250666666666668,0.0,0.8350666666666667,4.930359,13.5,0.0,0.0,0.0,4.095292333333333
2025-07-29 14:00:00,0.14,0.0,0.0,0.14,2.433821,13.5,0.0,0.0,0.0,2.293821
2025-07-29 15:00:00,0.12,0.0,0.0,0.12,3.0842899999999998,13.5,0.0,0.0,0.0,2.9642899999999996
2025-07-29 16:00:00,0.11,0.0,0.0,0.11,1.6276110000000001,13.5,0.0,0.0,0.0,1.517611
2025-07-29 17:00:00,0.12,0.0,0.0,0.12,0.590366,13.5,0.0,0.0,0.0,0.47036599999999995
2025-07-29 18:00:00,2.4299999999999997,0.0,0.0,2.4299999999999997,0.14066900000000002,11.210669,0.0,2.289331,0.0,0.0
2025-07-29 19:00:00,0.12,0.0,0.0,0.12,0.0,11.090669,0.0,0.12,0.0,0.0
2025-07-29 20:00:00,0.15,0.0,0.0,0.15,0.0,10.940669,0.0,0.15,0.0,0.0
2025-07-29 21:00:00,0.14,0.0,0.0,0.14,0.0,10.800669,0.0,0.14,0.0,0.0
2025-07-29 22:00:00,0.14,0.0,0.0,0.14,0.0,10.660668999999999,0.0,0.14,0.0,0.0
2025-07-29 23:00:00,0.11,0.0,0.0,0.11,0.0,10.550669,0.0,0.11,0.0,0.0
2025-07-30 00:00:00,0.1,0.0,0.0,0.1,0.0,10.450669,0.0,0.1,0.0,0.0
2025-07-30 01:00:00,0.11,0.0,0.0,0.11,0.0,10.340669,0.0,0.11,0.0,0.0
2025-07-30 02:00:00,0.11,0.0,0.0,0.11,0.0,10.230669,0.0,0.11,0.0,0.0
2025-07-30 03:00:00,0.09,0.0,0.0,0.09,0.0,10.140669,0.0,0.09,0.0,0.0
2025-07-30 04:00:00,0.1,0.0,0.0,0.1,0.0,10.040669000000001,0.0,0.1,0.0,0.0
2025-07-30 05:00:00,0.09,0.0,0.0,0.09,0.0,9.950669000000001,0.0,0.09,0.0,0.0
2025-07-30 06:00:00,0.12,0.0,0.0,0.12,1.238051,11.06872,1.118051,0.0,0.0,0.0
2025-07-30 07:00:00,0.12,0.0,0.0,0.12,1.136594,12.085314,1.016594,0.0,0.0,0.0
2025-07-30 08:00:00,0.55,0.0,0.7626010000000001,1.3126010000000001,2.727287,13.5,1.4146859999999997,0.0,0.0,0.0
2025-07-30 09:00:00,0.15,0.0,4.6260129999999995,4.776013,4.776013,13.5,0.0,0.0,0.0,0.0
2025-07-30 10:00:00,0.14,0.0,5.1169210000000005,5.256921,5.256921,13.5,0.0,0.0,0.0,0.0
2025-07-30 11:00:00,0.15,0.6250666666666668,4.678094333333333,5.453161,5.453161,13.5,0.0,0.0,0.0,0.0
2025-07-30 12:00:00,0.33,0.6250666666666668,4.372524333333333,5.327591,5.327591,13.5,0.0,0.0,0.0,0.0
2025-07-30 13:00:00,0.29,0.6250666666666668,3.979833333333333,4.8949,4.8949,13.5,0.0,0.0,0.0,0.0
2025-07-30 14:00:00,0.18,0.0,3.958332999999999,4.138332999999999,4.138332999999999,13.5,0.0,0.0,0.0,0.0
2025-07-30 15:00:00,0.15,0.0,2.923331,3.073331,3.073331,13.5,0.0,0.0,0.0,0.0
2025-07-30 16:00:00,0.29,0.0,1.339402,1.629402,1.629402,13.5,0.0,0.0,0.0,0.0
2025-07-30 17:00:00,0.14,0.0,0.43906500000000004,0.579065,0.579065,13.5,0.0,0.0,0.0,0.0
2025-07-30 18:00:00,0.26,0.0,0.0,0.26,0.150392,13.390392,0.0,0.10960800000000001,0.0,0.0
2025-07-30 19:00:00,0.13,0.0,0.0,0.13,0.0,13.260392,0.0,0.13,0.0,0.0
2025-07-30 20:00:00,0.4,0.0,0.0,0.4,0.0,12.860392,0.0,0.4,0.0,0.0
2025-07-30 21:00:00,0.22,0.0,0.0,0.22,0.0,12.640391999999999,0.0,0.22,0.0,0.0
2025-07-30 22:00:00,1.45,0.0,0.0,1.45,0.0,11.190392,0.0,1.45,0.0,0.0
2025-07-30 23:00:00,0.11,0.0,0.0,0.11,0.0,11.080392,0.0,0.11,0.0,0.0
2025-07-31 00:00:00,0.62,0.0,0.0,0.62,0.0,10.460392,0.0,0.62,0.0,0.0
2025-07-31 01:00:00,0.63,0.0,0.0,0.63,0.0,9.830392,0.0,0.63,0.0,0.0
2025-07-31 02:00:00,0.5800000000000001,0.0,0.0,0.5800000000000001,0.0,9.250392,0.0,0.5800000000000001,0.0,0.0
2025-07-31 03:00:00,0.11,0.0,0.0,0.11,0.0,9.140392,0.0,0.11,0.0,0.0
2025-07-31 04:00:00,0.53,0.0,0.0,0.53,0.0,8.610392000000001,0.0,0.53,0.0,0.0
2025-07-31 05:00:00,0.58,0.0,0.0,0.58,0.030115,8.060507000000001,0.0,0.549885,0.0,0.0
2025-07-31 06:00:00,0.12,0.0,0.0,0.12,0.32252600000000003,8.263033000000002,0.20252600000000004,0.0,0.0,0.0
2025-07-31 07:00:00,0.7100000000000001,0.0,0.0,0.7100000000000001,0.925278,8.478311000000001,0.21527799999999997,0.0,0.0,0.0
2025-07-31 08:00:00,0.35,0.0,0.0,0.35,1.4332049999999998,9.561516000000001,1.083205,0.0,0.0,0.0
2025-07-31 09:00:00,0.53,0.0,0.0,0.53,1.545144,10.57666,1.015144,0.0,0.0,0.0
2025-07-31 10:00:00,0.7,0.0,0.0,0.7,2.959145,12.835805,2.259145,0.0,0.0,0.0
2025-07-31 11:00:00,0.66,0.9376,0.0,1.5976,3.610214,13.5,0.6641949999999994,0.0,0.0,1.3484190000000007
2025-07-31 12:00:00,0.39,0.9376,0.0,1.3276,2.923514,13.5,0.0,0.0,0.0,1.595914
2025-07-31 13:00:00,0.5800000000000001,0.9376,0.0,1.5176,3.339219,13.5,0.0,0.0,0.0,1.8216189999999999
2025-07-31 14:00:00,0.16,0.0,0.0,0.16,2.279831,13.5,0.0,0.0,0.0,2.119831
2025-07-31 15:00:00,0.16,0.0,0.0,0.16,2.080915,13.5,0.0,0.0,0.0,1.9209150000000002
2025-07-31 16:00:00,0.13,0.0,0.0,0.13,0.986432,13.5,0.0,0.0,0.0,0.856432
2025-07-31 17:00:00,0.14,0.0,0.0,0.14,0.50301,13.5,0.0,0.0,0.0,0.36300999999999994
2025-07-31 18:00:00,0.28,0.0,0.0,0.28,0.14744300000000002,13.367443,0.0,0.132557,0.0,0.0
2025-07-31 19:00:00,0.13,0.0,0.0,0.13,0.0,13.237442999999999,0.0,0.13,0.0,0.0
2025-07-31 20:00:00,0.2,0.0,0.0,0.2,0.0,13.037443,0.0,0.2,0.0,0.0
2025-07-31 21:00:00,0.12,0.0,0.0,0.12,0.0,12.917443,0.0,0.12,0.0,0.0
2025-07-31 22:00:00,0.97,0.0,0.0,0.97,0.0,11.947443,0.0,0.97,0.0,0.0
2025-07-31 23:00:00,0.5,0.0,0.0,0.5,0.0,11.447443,0.0,0.5,0.0,0.0
2025-08-01 00:00:00,0.71,0.0,0.0,0.71,0.0,10.737442999999999,0.0,0.71,0.0,0.0
2025-08-01 01:00:00,0.64,0.0,0.0,0.64,0.0,10.097442999999998,0.0,0.64,0.0,0.0
2025-08-01 02:00:00,0.22,0.0,0.0,0.22,0.0,9.877442999999998,0.0,0.22,0.0,0.0
2025-08-01 03:00:00,0.64,0.0,0.0,0.64,0.0,9.237442999999997,0.0,0.64,0.0,0.0
2025-08-01 04:00:00,0.62,0.0,0.0,0.62,0.0,8.617442999999998,0.0,0.62,0.0,0.0
2025-08-01 05:00:00,0.22,0.0,0.0,0.22,0.025578,8.423020999999999,0.0,0.194422,0.0,0.0
2025-08-01 06:00:00,0.58,0.0,0.0,0.58,1.22725,9.070270999999998,0.64725,0.0,0.0,0.0
2025-08-01 07:00:00,0.33,0.0,0.0,0.33,0.46867000000000003,9.208940999999998,0.13867000000000002,0.0,0.0,0.0
2025-08-01 08:00:00,0.16,0.0,0.0,0.16,0.983872,10.032812999999997,0.8238719999999999,0.0,0.0,0.0
2025-08-01 09:00:00,0.6900000000000001,0.0,0.0,0.6900000000000001,1.393188,10.736000999999998,0.703188,0.0,0.0,0.0
2025-08-01 10:00:00,0.23,0.0,0.0,0.23,2.638931,13.144931999999997,2.408931,0.0,0.0,0.0
2025-08-01 11:00:00,0.18,0.9376,2.102471999999997,3.220071999999997,3.5751399999999998,13.5,0.3550680000000028,0.0,0.0,0.0
2025-08-01 12:00:00,0.2299999999999999,0.9376,4.234418,5.402018,5.402018,13.5,0.0,0.0,0.0,0.0
2025-08-01 13:00:00,0.12,0.9376,3.89307,4.95067,4.95067,13.5,0.0,0.0,0.0,0.0
2025-08-01 14:00:00,0.14,0.0,3.573922000000003,3.7139220000000033,4.162937,13.5,0.0,0.0,0.0,0.4490149999999975
2025-08-01 15:00:00,0.15,0.0,0.0,0.15,3.094659,13.5,0.0,0.0,0.0,2.944659
2025-08-01 16:00:00,0.14,0.0,0.0,0.14,1.216751,13.5,0.0,0.0,0.0,1.0767509999999998
2025-08-01 17:00:00,0.16,0.0,0.0,0.16,0.5341359999999999,13.5,0.0,0.0,0.0,0.3741359999999999
2025-08-01 18:00:00,0.37,0.0,0.0,0.37,0.122986,13.252986,0.0,0.247014,0.0,0.0
2025-08-01 19:00:00,0.16,0.0,0.0,0.16,0.0,13.092986,0.0,0.16,0.0,0.0
2025-08-01 20:00:00,0.48,0.0,0.0,0.48,0.0,12.612986,0.0,0.48,0.0,0.0
2025-08-01 21:00:00,0.22,0.0,0.0,0.22,0.0,12.392985999999999,0.0,0.22,0.0,0.0
2025-08-01 22:00:00,0.11,0.0,0.0,0.11,0.0,12.282986,0.0,0.11,0.0,0.0
2025-08-01 23:00:00,0.5700000000000001,0.0,0.0,0.5700000000000001,0.0,11.712985999999999,0.0,0.5700000000000001,0.0,0.0
2025-08-02 00:00:00,0.13,0.0,0.0,0.13,0.0,11.582985999999998,0.0,0.13,0.0,0.0
2025-08-02 01:00:00,0.5,0.0,0.0,0.5,0.0,11.082985999999998,0.0,0.5,0.0,0.0
2025-08-02 02:00:00,0.1,0.0,0.0,0.1,0.0,10.982985999999999,0.0,0.1,0.0,0.0
2025-08-02 03:00:00,0.47,0.0,0.0,0.47,0.0,10.512985999999998,0.0,0.47,0.0,0.0
2025-08-02 04:00:00,0.52,0.0,0.0,0.52,0.0,9.992985999999998,0.0,0.52,0.0,0.0
2025-08-02 05:00:00,0.2,0.0,0.0,0.2,0.029753,9.822738999999999,0.0,0.170247,0.0,0.0
2025-08-02 06:00:00,0.76,0.0,0.0,0.76,1.16771,10.230448999999998,0.40771,0.0,0.0,0.0
2025-08-02 07:00:00,1.53,0.0,0.0,1.53,0.5219579999999999,9.222406999999999,0.0,1.008042,0.0,0.0
2025-08-02 08:00:00,0.2,0.0,0.0,0.2,0.8814059999999999,9.903813,0.681406,0.0,0.0,0.0
2025-08-02 09:00:00,0.5900000000000001,0.0,0.0,0.5900000000000001,1.834095,11.147908,1.244095,0.0,0.0,0.0
2025-08-02 10:00:00,0.14,0.0,0.0,0.14,3.149891,13.5,2.3520920000000007,0.0,0.0,0.6577989999999994
2025-08-02 11:00:00,1.37,0.4597846153846154,0.0,1.8297846153846156,3.3792220000000004,13.5,0.0,0.0,0.0,1.5494373846153848
2025-08-02 12:00:00,0.29,0.4597846153846154,0.0,0.7497846153846154,5.266447,13.5,0.0,0.0,0.0,4.516662384615385
2025-08-02 13:00:00,0.5700000000000001,0.4597846153846154,0.0,1.0297846153846155,4.851576,13.5,0.0,0.0,0.0,3.821791384615384
2025-08-02 14:00:00,0.77,0.0,0.0,0.77,3.130778,13.5,0.0,0.0,0.0,2.360778
2025-08-02 15:00:00,0.13,0.0,0.0,0.13,2.184978,13.5,0.0,0.0,0.0,2.054978
2025-08-02 16:00:00,0.12,0.0,0.0,0.12,1.2178579999999999,13.5,0.0,0.0,0.0,1.097858
2025-08-02 17:00:00,0.12,0.0,0.0,0.12,0.529377,13.5,0.0,0.0,0.0,0.409377
2025-08-02 18:00:00,0.29,0.0,0.0,0.29,0.128228,13.338228,0.0,0.16177199999999997,0.0,0.0
2025-08-02 19:00:00,0.16,0.0,0.0,0.16,0.0,13.178228,0.0,0.16,0.0,0.0
2025-08-02 20:00:00,0.17,0.0,0.0,0.17,0.0,13.008228,0.0,0.17,0.0,0.0
2025-08-02 21:00:00,0.16,0.0,0.0,0.16,0.0,12.848228,0.0,0.16,0.0,0.0
2025-08-02 22:00:00,0.24,0.0,0.0,0.24,0.0,12.608228,0.0,0.24,0.0,0.0
2025-08-02 23:00:00,0.12,0.0,0.0,0.12,0.0,12.488228000000001,0.0,0.12,0.0,0.0
2025-08-03 00:00:00,0.11,0.0,0.0,0.11,0.0,12.378228000000002,0.0,0.11,0.0,0.0
2025-08-03 01:00:00,0.11,0.0,0.0,0.11,0.0,12.268228000000002,0.0,0.11,0.0,0.0
2025-08-03 02:00:00,0.53,0.0,0.0,0.53,0.0,11.738228000000003,0.0,0.53,0.0,0.0
2025-08-03 03:00:00,0.6200000000000001,0.0,0.0,0.6200000000000001,0.0,11.118228000000002,0.0,0.6200000000000001,0.0,0.0
2025-08-03 04:00:00,0.55,0.0,0.0,0.55,0.0,10.568228000000001,0.0,0.55,0.0,0.0
2025-08-03 05:00:00,0.49,0.0,0.0,0.49,0.023029,10.101257000000002,0.0,0.46697099999999997,0.0,0.0
2025-08-03 06:00:00,0.11,0.0,0.0,0.11,1.165614,11.156871000000002,1.0556139999999998,0.0,0.0,0.0
2025-08-03 07:00:00,1.36,0.0,0.0,1.36,0.526841,10.323712000000002,0.0,0.8331590000000001,0.0,0.0
2025-08-03 08:00:00,0.9,0.0,0.0,0.9,1.136038,10.559750000000003,0.23603800000000008,0.0,0.0,0.0
2025-08-03 09:00:00,0.13,0.0,0.0,0.13,1.8652229999999999,12.294973000000002,1.735223,0.0,0.0,0.0
2025-08-03 10:00:00,0.35,0.0,0.0,0.35,3.112931,13.5,1.2050269999999976,0.0,0.0,1.5579040000000024
2025-08-03 11:00:00,2.87,0.4597846153846154,0.0,3.3297846153846153,3.48436,13.5,0.0,0.0,0.0,0.15457538461538478
2025-08-03 12:00:00,0.62,0.4597846153846154,0.0,1.0797846153846153,5.296889,13.5,0.0,0.0,0.0,4.217104384615385
2025-08-03 13:00:00,0.33,0.4597846153846154,0.0,0.7897846153846154,3.7393449999999997,13.5,0.0,0.0,0.0,2.9495603846153844
2025-08-03 14:00:00,0.51,0.0,0.0,0.51,3.210976,13.5,0.0,0.0,0.0,2.700976
2025-08-03 15:00:00,0.43,0.0,0.0,0.43,2.3538200000000002,13.5,0.0,0.0,0.0,1.9238200000000003
2025-08-03 16:00:00,0.49,0.0,0.0,0.49,1.201055,13.5,0.0,0.0,0.0,0.711055
2025-08-03 17:00:00,0.39,0.0,0.0,0.39,0.557042,13.5,0.0,0.0,0.0,0.16704200000000002
2025-08-03 18:00:00,0.32,0.0,0.0,0.32,0.121827,13.301827,0.0,0.198173,0.0,0.0
2025-08-03 19:00:00,0.19,0.0,0.0,0.19,0.0,13.111827,0.0,0.19,0.0,0.0
2025-08-03 20:00:00,0.27,0.0,0.0,0.27,0.0,12.841827,0.0,0.27,0.0,0.0
2025-08-03 21:00:00,0.26,0.0,0.0,0.26,0.0,12.581827,0.0,0.26,0.0,0.0
2025-08-03 22:00:00,0.64,0.0,0.0,0.64,0.0,11.941827,0.0,0.64,0.0,0.0
2025-08-03 23:00:00,0.66,0.0,0.0,0.66,0.0,11.281827,0.0,0.66,0.0,0.0
2025-08-04 00:00:00,0.59,0.0,0.0,0.59,0.0,10.691827,0.0,0.59,0.0,0.0
2025-08-04 01:00:00,0.1399999999999999,0.0,0.0,0.1399999999999999,0.0,10.551827,0.0,0.1399999999999999,0.0,0.0
2025-08-04 02:00:00,0.64,0.0,0.0,0.64,0.0,9.911826999999999,0.0,0.64,0.0,0.0
2025-08-04 03:00:00,0.7200000000000001,0.0,0.0,0.7200000000000001,0.0,9.191826999999998,0.0,0.7200000000000001,0.0,0.0
2025-08-04 04:00:00,0.59,0.0,0.0,0.59,0.0,8.601826999999998,0.0,0.59,0.0,0.0
2025-08-04 05:00:00,0.59,0.0,0.0,0.59,0.016125,8.027951999999999,0.0,0.5738749999999999,0.0,0.0
2025-08-04 06:00:00,0.29,0.0,0.0,0.29,0.5595829999999999,8.297535,0.26958299999999996,0.0,0.0,0.0
2025-08-04 07:00:00,0.18,0.0,0.0,0.18,1.021178,9.138713,0.841178,0.0,0.0,0.0
2025-08-04 08:00:00,0.48,0.0,0.0,0.48,1.5538530000000002,10.212565999999999,1.0738530000000002,0.0,0.0,0.0
2025-08-04 09:00:00,0.16,0.0,0.0,0.16,2.195191,12.247756999999998,2.0351909999999998,0.0,0.0,0.0
2025-08-04 10:00:00,0.12,0.0,0.0,0.12,3.707822,13.5,1.2522430000000018,0.0,0.0,2.3355789999999983
2025-08-04 11:00:00,0.11,0.4597846153846154,0.0,0.5697846153846154,3.9041550000000003,13.5,0.0,0.0,0.0,3.3343703846153847
2025-08-04 12:00:00,0.12,0.4597846153846154,0.0,0.5797846153846153,5.270936,13.5,0.0,0.0,0.0,4.6911513846153845
2025-08-04 13:00:00,0.24,0.4597846153846154,0.0,0.6997846153846154,3.302576,13.5,0.0,0.0,0.0,2.6027913846153847
2025-08-04 14:00:00,0.69,0.0,0.0,0.69,2.747717,13.5,0.0,0.0,0.0,2.0577170000000002
2025-08-04 15:00:00,0.61,0.0,0.0,0.61,1.351798,13.5,0.0,0.0,0.0,0.7417980000000001
2025-08-04 16:00:00,0.15,0.0,0.0,0.15,0.770505,13.5,0.0,0.0,0.0,0.620505
2025-08-04 17:00:00,0.2299999999999999,0.0,0.0,0.2299999999999999,0.449746,13.5,0.0,0.0,0.0,0.21974600000000008
2025-08-04 18:00:00,2.41,0.0,0.0,2.41,0.133351,11.223351000000001,0.0,2.276649,0.0,0.0
2025-08-04 19:00:00,0.42,0.0,0.0,0.42,0.0,10.803351000000001,0.0,0.42,0.0,0.0
2025-08-04 20:00:00,0.27,0.0,0.0,0.27,0.0,10.533351000000001,0.0,0.27,0.0,0.0
2025-08-04 21:00:00,0.22,0.0,0.0,0.22,0.0,10.313351,0.0,0.22,0.0,0.0
2025-08-04 22:00:00,0.14,0.0,0.0,0.14,0.0,10.173351,0.0,0.14,0.0,0.0
2025-08-04 23:00:00,0.1,0.0,0.0,0.1,0.0,10.073351,0.0,0.1,0.0,0.0
2025-08-05 00:00:00,0.11,0.0,0.0,0.11,0.0,9.963351000000001,0.0,0.11,0.0,0.0
2025-08-05 01:00:00,0.1,0.0,0.0,0.1,0.0,9.863351000000002,0.0,0.1,0.0,0.0
2025-08-05 02:00:00,0.11,0.0,0.0,0.11,0.0,9.753351000000002,0.0,0.11,0.0,0.0
2025-08-05 03:00:00,0.1,0.0,0.0,0.1,0.0,9.653351000000002,0.0,0.1,0.0,0.0
2025-08-05 04:00:00,0.09,0.0,0.0,0.09,0.0,9.563351000000003,0.0,0.09,0.0,0.0
2025-08-05 05:00:00,0.25,0.0,0.0,0.25,0.012447,9.325798000000002,0.0,0.23755300000000001,0.0,0.0
2025-08-05 06:00:00,0.38,0.0,0.0,0.38,1.196311,10.142109000000003,0.8163109999999999,0.0,0.0,0.0
2025-08-05 07:00:00,0.42,0.0,0.0,0.42,0.14082499999999998,9.862934000000003,0.0,0.279175,0.0,0.0
2025-08-05 08:00:00,0.6799999999999999,0.0,0.0,0.6799999999999999,0.7703110000000001,9.953245000000003,0.09031100000000014,0.0,0.0,0.0
2025-08-05 09:00:00,0.44,0.0,0.0,0.44,1.135058,10.648303000000002,0.695058,0.0,0.0,0.0
2025-08-05 10:00:00,0.22,0.0,0.0,0.22,1.533423,11.961726000000002,1.313423,0.0,0.0,0.0
2025-08-05 11:00:00,0.21,0.4597846153846154,0.0,0.6697846153846154,2.3707040000000004,13.5,1.5382739999999977,0.0,0.0,0.16264538461538725
2025-08-05 12:00:00,0.22,0.4597846153846154,0.0,0.6797846153846154,1.525183,13.5,0.0,0.0,0.0,0.8453983846153845
2025-08-05 13:00:00,0.21,0.4597846153846154,0.0,0.6697846153846154,1.61888,13.5,0.0,0.0,0.0,0.9490953846153847
2025-08-05 14:00:00,0.21,0.0,0.0,0.21,1.0500429999999998,13.5,0.0,0.0,0.0,0.8400429999999999
2025-08-05 15:00:00,0.22,0.0,0.0,0.22,0.825415,13.5,0.0,0.0,0.0,0.605415
2025-08-05 16:00:00,0.22,0.0,0.0,0.22,0.505925,13.5,0.0,0.0,0.0,0.285925
2025-08-05 17:00:00,0.26,0.0,0.0,0.26,0.19345400000000001,13.433454,0.0,0.066546,0.0,0.0
2025-08-05 18:00:00,0.56,0.0,0.0,0.56,0.115875,12.989329,0.0,0.44412500000000005,0.0,0.0
2025-08-05 19:00:00,0.27,0.0,0.0,0.27,0.0,12.719329,0.0,0.27,0.0,0.0
2025-08-05 20:00:00,0.53,0.0,0.0,0.53,0.0,12.189329,0.0,0.53,0.0,0.0
2025-08-05 21:00:00,0.29,0.0,0.0,0.29,0.0,11.899329000000002,0.0,0.29,0.0,0.0
2025-08-05 22:00:00,0.25,0.0,0.0,0.25,0.0,11.649329000000002,0.0,0.25,0.0,0.0
2025-08-05 23:00:00,0.22,0.0,0.0,0.22,0.0,11.429329000000001,0.0,0.22,0.0,0.0
2025-08-06 00:00:00,0.22,0.0,0.0,0.22,0.0,11.209329,0.0,0.22,0.0,0.0
2025-08-06 01:00:00,0.22,0.0,0.0,0.22,0.0,10.989329,0.0,0.22,0.0,0.0
2025-08-06 02:00:00,0.22,0.0,0.0,0.22,0.0,10.769328999999999,0.0,0.22,0.0,0.0
2025-08-06 03:00:00,0.18,0.0,0.0,0.18,0.0,10.589329,0.0,0.18,0.0,0.0
2025-08-06 04:00:00,0.1,0.0,0.0,0.1,0.0,10.489329,0.0,0.1,0.0,0.0
2025-08-06 05:00:00,0.45,0.0,0.0,0.45,0.01085,10.050179,0.0,0.43915,0.0,0.0
2025-08-06 06:00:00,0.56,0.0,0.0,0.56,1.1551500000000001,10.645329,0.5951500000000001,0.0,0.0,0.0
2025-08-06 07:00:00,0.21,0.0,0.0,0.21,0.49505,10.930379,0.28505,0.0,0.0,0.0
2025-08-06 08:00:00,0.15,0.0,0.0,0.15,0.5257269999999999,11.306106,0.3757269999999999,0.0,0.0,0.0
2025-08-06 09:00:00,0.11,0.0,0.0,0.11,1.290461,12.486566999999999,1.180461,0.0,0.0,0.0
2025-08-06 10:00:00,0.11,0.0,0.8583009999999989,0.9683009999999989,1.9817339999999999,13.5,1.013433000000001,0.0,0.0,0.0
2025-08-06 11:00:00,0.11,0.4597846153846154,1.6657493846153844,2.235534,2.235534,13.5,0.0,0.0,0.0,0.0
2025-08-06 12:00:00,0.11,0.4597846153846154,2.6372553846153846,3.20704,3.20704,13.5,0.0,0.0,0.0,0.0
2025-08-06 13:00:00,0.11,0.4597846153846154,2.6302253846153847,3.2000100000000002,3.2000100000000002,13.5,0.0,0.0,0.0,0.0
2025-08-06 14:00:00,0.1,0.0,2.613635,2.713635,2.713635,13.5,0.0,0.0,0.0,0.0
2025-08-06 15:00:00,0.11,0.0,2.1986260000000004,2.3086260000000003,2.3086260000000003,13.5,0.0,0.0,0.0,0.0
2025-08-06 16:00:00,0.11,0.0,1.2658969999999998,1.375897,1.375897,13.5,0.0,0.0,0.0,0.0
2025-08-06 17:00:00,0.86,0.0,0.0,0.86,0.300348,12.940348,0.0,0.559652,0.0,0.0
2025-08-06 18:00:00,1.7000000000000002,0.0,0.0,1.7000000000000002,0.120673,11.361021000000001,0.0,1.5793270000000001,0.0,0.0
2025-08-06 19:00:00,0.15,0.0,0.0,0.15,0.0,11.211021,0.0,0.15,0.0,0.0
2025-08-06 20:00:00,0.16,0.0,0.0,0.16,0.0,11.051021,0.0,0.16,0.0,0.0
2025-08-06 21:00:00,0.13,0.0,0.0,0.13,0.0,10.921021,0.0,0.13,0.0,0.0
2025-08-06 22:00:00,0.23,0.0,0.0,0.23,0.0,10.691021,0.0,0.23,0.0,0.0
2025-08-06 23:00:00,0.22,0.0,0.0,0.22,0.0,10.471020999999999,0.0,0.22,0.0,0.0
2025-08-07 00:00:00,0.22,0.0,0.0,0.22,0.0,10.251020999999998,0.0,0.22,0.0,0.0
2025-08-07 01:00:00,0.22,0.0,0.0,0.22,0.0,10.031020999999997,0.0,0.22,0.0,0.0
2025-08-07 02:00:00,0.22,0.0,0.0,0.22,0.0,9.811020999999997,0.0,0.22,0.0,0.0
2025-08-07 03:00:00,0.21,0.0,0.0,0.21,0.0,9.601020999999996,0.0,0.21,0.0,0.0
2025-08-07 04:00:00,0.21,0.0,0.0,0.21,0.0,9.391020999999995,0.0,0.21,0.0,0.0
2025-08-07 05:00:00,0.21,0.0,0.0,0.21,0.009720000000000001,9.190740999999996,0.0,0.20027999999999999,0.0,0.0
2025-08-07 06:00:00,0.6,0.0,0.0,0.6,1.159912,9.750652999999996,0.5599120000000001,0.0,0.0,0.0
2025-08-07 07:00:00,0.22,0.0,0.0,0.22,0.588562,10.119214999999997,0.36856200000000006,0.0,0.0,0.0
2025-08-07 08:00:00,0.1,0.0,0.0,0.1,3.9599830000000003,13.5,3.380785000000003,0.0,0.0,0.4791979999999971
2025-08-07 09:00:00,0.12,0.0,0.0,0.12,2.60112,13.5,0.0,0.0,0.0,2.4811199999999998
2025-08-07 10:00:00,0.1,0.0,0.0,0.1,2.155184,13.5,0.0,0.0,0.0,2.055184
2025-08-07 11:00:00,0.09,0.4597846153846154,0.0,0.5497846153846154,3.279877,13.5,0.0,0.0,0.0,2.7300923846153844
2025-08-07 12:00:00,0.1,0.4597846153846154,0.0,0.5597846153846154,5.463688,13.5,0.0,0.0,0.0,4.9039033846153846
2025-08-07 13:00:00,0.1,0.4597846153846154,0.0,0.5597846153846154,4.968985,13.5,0.0,0.0,0.0,4.409200384615384
2025-08-07 14:00:00,0.1,0.0,0.0,0.1,4.183694,13.5,0.0,0.0,0.0,4.083694
2025-08-07 15:00:00,0.11,0.0,0.0,0.11,3.095754,13.5,0.0,0.0,0.0,2.985754
2025-08-07 16:00:00,0.1,0.0,0.0,0.1,1.594343,13.5,0.0,0.0,0.0,1.494343
2025-08-07 17:00:00,0.15,0.0,0.0,0.15,0.29158300000000004,13.5,0.0,0.0,0.0,0.14158300000000004
2025-08-07 18:00:00,0.26,0.0,0.0,0.26,0.106776,13.346776,0.0,0.15322400000000003,0.0,0.0
2025-08-07 19:00:00,0.19,0.0,0.0,0.19,0.0,13.156776,0.0,0.19,0.0,0.0
2025-08-07 20:00:00,0.21,0.0,0.0,0.21,0.0,12.946776,0.0,0.21,0.0,0.0
2025-08-07 21:00:00,0.17,0.0,0.0,0.17,0.0,12.776776,0.0,0.17,0.0,0.0
2025-08-07 22:00:00,0.58,0.0,0.0,0.58,0.0,12.196776,0.0,0.58,0.0,0.0
2025-08-07 23:00:00,0.61,0.0,0.0,0.61,0.0,11.586776,0.0,0.61,0.0,0.0
2025-08-08 00:00:00,0.1,0.0,0.0,0.1,0.0,11.486776,0.0,0.1,0.0,0.0
2025-08-08 01:00:00,0.11,0.0,0.0,0.11,0.0,11.376776000000001,0.0,0.11,0.0,0.0
2025-08-08 02:00:00,0.1,0.0,0.0,0.1,0.0,11.276776000000002,0.0,0.1,0.0,0.0
2025-08-08 03:00:00,0.11,0.0,0.0,0.11,0.0,11.166776000000002,0.0,0.11,0.0,0.0
2025-08-08 04:00:00,0.1,0.0,0.0,0.1,0.0,11.066776000000003,0.0,0.1,0.0,0.0
2025-08-08 05:00:00,0.11,0.0,0.0,0.11,0.006599,10.963375000000003,0.0,0.103401,0.0,0.0
2025-08-08 06:00:00,0.1,0.0,0.0,0.1,1.1650019999999999,12.028377000000003,1.0650019999999998,0.0,0.0,0.0
2025-08-08 07:00:00,0.11,0.0,0.0,0.11,0.33888,12.257257000000003,0.22888000000000003,0.0,0.0,0.0
2025-08-08 08:00:00,0.22,0.0,0.0,0.22,0.6040639999999999,12.641321000000003,0.38406399999999996,0.0,0.0,0.0
2025-08-08 09:00:00,0.15,0.0,0.0,0.15,0.898616,13.389937000000003,0.748616,0.0,0.0,0.0
2025-08-08 10:00:00,0.15,0.0,1.0707420000000034,1.2207420000000033,1.330805,13.5,0.11006299999999669,0.0,0.0,0.0
2025-08-08 11:00:00,0.15,0.4597846153846154,1.1702093846153845,1.7799939999999999,1.7799939999999999,13.5,0.0,0.0,0.0,0.0
2025-08-08 12:00:00,0.15,0.4597846153846154,1.1242753846153846,1.73406,1.73406,13.5,0.0,0.0,0.0,0.0
2025-08-08 13:00:00,0.13,0.4597846153846154,1.1345673846153848,1.724352,1.724352,13.5,0.0,0.0,0.0,0.0
2025-08-08 14:00:00,0.14,0.0,1.629581,1.769581,1.7695809999999998,13.5,0.0,0.0,0.0,0.0
2025-08-08 15:00:00,0.79,0.0,0.49497100000000005,1.284971,1.284971,13.5,0.0,0.0,0.0,0.0
2025-08-08 16:00:00,0.27,0.0,0.328553,0.598553,0.598553,13.5,0.0,0.0,0.0,0.0
2025-08-08 17:00:00,0.19,0.0,0.168921,0.358921,0.358921,13.5,0.0,0.0,0.0,0.0
2025-08-08 18:00:00,0.36,0.0,0.0,0.36,0.110669,13.250669,0.0,0.24933099999999997,0.0,0.0
2025-08-08 19:00:00,0.3,0.0,0.0,0.3,0.0,12.950669,0.0,0.3,0.0,0.0
2025-08-08 20:00:00,0.42,0.0,0.0,0.42,0.0,12.530669,0.0,0.42,0.0,0.0
2025-08-08 21:00:00,0.31,0.0,0.0,0.31,0.0,12.220669,0.0,0.31,0.0,0.0
2025-08-08 22:00:00,0.35,0.0,0.0,0.35,0.0,11.870669,0.0,0.35,0.0,0.0
2025-08-08 23:00:00,0.12,0.0,0.0,0.12,0.0,11.750669,0.0,0.12,0.0,0.0
2025-08-09 00:00:00,0.1,0.0,0.0,0.1,0.0,11.650669,0.0,0.1,0.0,0.0
2025-08-09 01:00:00,0.11,0.0,0.0,0.11,0.0,11.540669000000001,0.0,0.11,0.0,0.0
2025-08-09 02:00:00,0.11,0.0,0.0,0.11,0.0,11.430669000000002,0.0,0.11,0.0,0.0
2025-08-09 03:00:00,0.11,0.0,0.0,0.11,0.0,11.320669000000002,0.0,0.11,0.0,0.0
2025-08-09 04:00:00,0.1,0.0,0.0,0.1,0.0,11.220669000000003,0.0,0.1,0.0,0.0
2025-08-09 05:00:00,0.1,0.0,0.0,0.1,0.003114,11.123783000000003,0.0,0.096886,0.0,0.0
2025-08-09 06:00:00,0.1,0.0,0.0,0.1,1.15795,12.181733000000003,1.05795,0.0,0.0,0.0
2025-08-09 07:00:00,0.12,0.0,0.0,0.12,0.363723,12.425456000000002,0.24372300000000002,0.0,0.0,0.0
2025-08-09 08:00:00,0.42,0.0,0.0,0.42,0.6495789999999999,12.655035000000002,0.22957899999999992,0.0,0.0,0.0
2025-08-09 09:00:00,2.33,0.0,0.0,2.33,1.392603,11.717638,0.0,0.937397,0.0,0.0
2025-08-09 10:00:00,2.3600000000000003,0.0,0.0,2.3600000000000003,2.363953,11.721591,0.003952999999999651,0.0,0.0,0.0
2025-08-09 11:00:00,0.41,0.4597846153846154,0.5419813846153847,1.411766,3.190175,13.5,1.778409,0.0,0.0,0.0
2025-08-09 12:00:00,0.31,0.4597846153846154,2.6675153846153847,3.4373,3.4373,13.5,0.0,0.0,0.0,0.0
2025-08-09 13:00:00,0.6799999999999999,0.4597846153846154,1.6153953846153843,2.7551799999999997,2.7551799999999997,13.5,0.0,0.0,0.0,0.0
2025-08-09 14:00:00,0.21,0.0,3.8640619999999997,4.074062,4.074062,13.5,0.0,0.0,0.0,0.0
2025-08-09 15:00:00,0.16,0.0,1.584958,1.744958,1.744958,13.5,0.0,0.0,0.0,0.0
2025-08-09 16:00:00,0.11,0.0,0.726346,0.836346,0.836346,13.5,0.0,0.0,0.0,0.0
2025-08-09 17:00:00,1.36,0.0,0.0,1.36,0.39729000000000003,12.53729,0.0,0.9627100000000001,0.0,0.0
2025-08-09 18:00:00,1.15,0.0,0.0,1.15,0.110288,11.497578,0.0,1.039712,0.0,0.0
2025-08-09 19:00:00,0.19,0.0,0.0,0.19,0.0,11.307578000000001,0.0,0.19,0.0,0.0
2025-08-09 20:00:00,0.19,0.0,0.0,0.19,0.0,11.117578000000002,0.0,0.19,0.0,0.0
2025-08-09 21:00:00,0.27,0.0,0.0,0.27,0.0,10.847578000000002,0.0,0.27,0.0,0.0
2025-08-09 22:00:00,0.25,0.0,0.0,0.25,0.0,10.597578000000002,0.0,0.25,0.0,0.0
2025-08-09 23:00:00,0.2299999999999999,0.0,0.0,0.2299999999999999,0.0,10.367578000000002,0.0,0.2299999999999999,0.0,0.0
2025-08-10 00:00:00,0.2299999999999999,0.0,0.0,0.2299999999999999,0.0,10.137578000000001,0.0,0.2299999999999999,0.0,0.0
2025-08-10 01:00:00,0.22,0.0,0.0,0.22,0.0,9.917578,0.0,0.22,0.0,0.0
2025-08-10 02:00:00,0.22,0.0,0.0,0.22,0.0,9.697578,0.0,0.22,0.0,0.0
2025-08-10 03:00:00,0.22,0.0,0.0,0.22,0.0,9.477578,0.0,0.22,0.0,0.0
2025-08-10 04:00:00,0.22,0.0,0.0,0.22,0.0,9.257577999999999,0.0,0.22,0.0,0.0
2025-08-10 05:00:00,0.25,0.0,0.0,0.25,0.0,9.007577999999999,0.0,0.25,0.0,0.0
2025-08-10 06:00:00,0.53,0.0,0.0,0.53,0.410373,8.887951,0.0,0.11962700000000004,0.0,0.0
2025-08-10 07:00:00,0.3,0.0,0.0,0.3,1.567067,10.155017999999998,1.267067,0.0,0.0,0.0
2025-08-10 08:00:00,1.27,0.0,0.0,1.27,3.9215720000000003,12.806589999999998,2.6515720000000003,0.0,0.0,0.0
2025-08-10 09:00:00,2.77,0.0,1.3194369999999975,4.0894369999999975,4.782846999999999,13.5,0.6934100000000019,0.0,0.0,0.0
2025-08-10 10:00:00,2.5,0.0,2.811006,5.311006,5.311006,13.5,0.0,0.0,0.0,0.0
2025-08-10 11:00:00,0.8200000000000001,0.4597846153846154,4.249716384615384,5.529501,5.529501,13.5,0.0,0.0,0.0,0.0
2025-08-10 12:00:00,0.29,0.4597846153846154,4.667576384615384,5.417361,5.417361,13.5,0.0,0.0,0.0,0.0
2025-08-10 13:00:00,0.21,0.4597846153846154,0.9604967692307724,1.6302813846153879,4.977821,13.5,0.0,0.0,0.0,3.347539615384612
2025-08-10 14:00:00,0.22,0.0,0.0,0.22,4.188569,13.5,0.0,0.0,0.0,3.968569
2025-08-10 15:00:00,0.12,0.0,0.0,0.12,3.069848,13.5,0.0,0.0,0.0,2.949848
2025-08-10 16:00:00,0.12,0.0,0.0,0.12,1.557607,13.5,0.0,0.0,0.0,1.4376069999999999
2025-08-10 17:00:00,0.13,0.0,0.0,0.13,0.276227,13.5,0.0,0.0,0.0,0.146227
2025-08-10 18:00:00,0.32,0.0,0.0,0.32,0.100706,13.280706,0.0,0.219294,0.0,0.0
2025-08-10 19:00:00,0.21,0.0,0.0,0.21,0.0,13.070706,0.0,0.21,0.0,0.0
2025-08-10 20:00:00,0.25,0.0,0.0,0.25,0.0,12.820706,0.0,0.25,0.0,0.0
2025-08-10 21:00:00,0.4599999999999999,0.0,0.0,0.4599999999999999,0.0,12.360706,0.0,0.4599999999999999,0.0,0.0
2025-08-10 22:00:00,0.4,0.0,0.0,0.4,0.0,11.960706,0.0,0.4,0.0,0.0
2025-08-10 23:00:00,0.85,0.0,0.0,0.85,0.0,11.110706,0.0,0.85,0.0,0.0
2025-08-11 00:00:00,0.26,0.0,0.0,0.26,0.0,10.850706,0.0,0.26,0.0,0.0
2025-08-11 01:00:00,0.24,0.0,0.0,0.24,0.0,10.610706,0.0,0.24,0.0,0.0
2025-08-11 02:00:00,0.2299999999999999,0.0,0.0,0.2299999999999999,0.0,10.380706,0.0,0.2299999999999999,0.0,0.0
2025-08-11 03:00:00,0.2299999999999999,0.0,0.0,0.2299999999999999,0.0,10.150706,0.0,0.2299999999999999,0.0,0.0
2025-08-11 04:00:00,0.2299999999999999,0.0,0.0,0.2299999999999999,0.0,9.920706,0.0,0.2299999999999999,0.0,0.0
2025-08-11 05:00:00,0.24,0.0,0.0,0.24,0.0,9.680705999999999,0.0,0.24,0.0,0.0
2025-08-11 06:00:00,0.22,0.0,0.0,0.22,1.187257,10.647962999999999,0.967257,0.0,0.0,0.0
2025-08-11 07:00:00,0.24,0.0,0.0,0.24,0.421867,10.82983,0.181867,0.0,0.0,0.0
2025-08-11 08:00:00,0.23,0.0,0.0,0.23,1.219148,11.818978,0.9891479999999999,0.0,0.0,0.0
2025-08-11 09:00:00,0.22,0.0,0.0,0.22,2.136185,13.5,1.6810220000000005,0.0,0.0,0.23516299999999934
2025-08-11 10:00:00,0.22,0.0,0.0,0.22,5.547148,13.5,0.0,0.0,0.0,5.327148
2025-08-11 11:00:00,0.22,0.4597846153846154,0.0,0.6797846153846154,5.744053,13.5,0.0,0.0,0.0,5.064268384615385
2025-08-11 12:00:00,0.22,0.4597846153846154,0.0,0.6797846153846154,5.589525,13.5,0.0,0.0,0.0,4.909740384615384
2025-08-11 13:00:00,0.22,0.4597846153846154,0.0,0.6797846153846154,5.103789,13.5,0.0,0.0,0.0,4.424004384615385
2025-08-11 14:00:00,0.2299999999999999,0.0,0.0,0.2299999999999999,4.251060000000001,13.5,0.0,0.0,0.0,4.021060000000001
2025-08-11 15:00:00,0.22,0.0,0.0,0.22,3.124256,13.5,0.0,0.0,0.0,2.9042559999999997
2025-08-11 16:00:00,0.2299999999999999,0.0,0.0,0.2299999999999999,1.5755029999999999,13.5,0.0,0.0,0.0,1.345503
2025-08-11 17:00:00,0.23,0.0,0.0,0.23,0.262261,13.5,0.0,0.0,0.0,0.03226100000000001
2025-08-11 18:00:00,0.62,0.0,0.0,0.62,0.092217,12.972217,0.0,0.527783,0.0,0.0
2025-08-11 19:00:00,0.19,0.0,0.0,0.19,0.0,12.782217000000001,0.0,0.19,0.0,0.0
2025-08-11 20:00:00,0.15,0.0,0.0,0.15,0.0,12.632217,0.0,0.15,0.0,0.0
2025-08-11 21:00:00,0.14,0.0,0.0,0.14,0.0,12.492217,0.0,0.14,0.0,0.0
2025-08-11 22:00:00,0.19,0.0,0.0,0.19,0.0,12.302217,0.0,0.19,0.0,0.0
2025-08-11 23:00:00,0.23,0.0,0.0,0.23,0.0,12.072217,0.0,0.23,0.0,0.0
2025-08-12 00:00:00,0.22,0.0,0.0,0.22,0.0,11.852217,0.0,0.22,0.0,0.0
2025-08-12 01:00:00,0.22,0.0,0.0,0.22,0.0,11.632216999999999,0.0,0.22,0.0,0.0
2025-08-12 02:00:00,0.22,0.0,0.0,0.22,0.0,11.412216999999998,0.0,0.22,0.0,0.0
2025-08-12 03:00:00,0.22,0.0,0.0,0.22,0.0,11.192216999999998,0.0,0.22,0.0,0.0
2025-08-12 04:00:00,0.22,0.0,0.0,0.22,0.0,10.972216999999997,0.0,0.22,0.0,0.0
2025-08-12 05:00:00,0.23,0.0,0.0,0.23,0.0,10.742216999999997,0.0,0.23,0.0,0.0
2025-08-12 06:00:00,0.99,0.0,0.0,0.99,1.209688,10.961904999999996,0.2196880000000001,0.0,0.0,0.0
2025-08-12 07:00:00,0.22,0.0,0.0,0.22,0.643999,11.385903999999996,0.423999,0.0,0.0,0.0
2025-08-12 08:00:00,0.84,0.0,0.0,0.84,0.924243,11.470146999999997,0.08424300000000007,0.0,0.0,0.0
2025-08-12 09:00:00,0.38,0.0,0.0,0.38,1.51695,12.607096999999998,1.1369500000000001,0.0,0.0,0.0
2025-08-12 10:00:00,0.25,0.0,0.0,0.25,2.74331,13.5,0.8929030000000022,0.0,0.0,1.600406999999998
2025-08-12 11:00:00,0.28,0.4597846153846154,0.0,0.7397846153846155,5.7747,13.5,0.0,0.0,0.0,5.034915384615385
2025-08-12 12:00:00,0.29,0.4597846153846154,0.0,0.7497846153846154,5.635256,13.5,0.0,0.0,0.0,4.885471384615385
2025-08-12 13:00:00,0.2299999999999999,0.4597846153846154,0.0,0.6897846153846153,5.1187,13.5,0.0,0.0,0.0,4.428915384615384
2025-08-12 14:00:00,0.22,0.0,0.0,0.22,4.265683,13.5,0.0,0.0,0.0,4.045683
2025-08-12 15:00:00,0.23,0.0,0.0,0.23,3.130159,13.5,0.0,0.0,0.0,2.900159
2025-08-12 16:00:00,0.22,0.0,0.0,0.22,1.5864,13.5,0.0,0.0,0.0,1.3664
2025-08-12 17:00:00,0.95,0.0,0.0,0.95,0.244862,12.794862,0.0,0.7051379999999999,0.0,0.0
2025-08-12 18:00:00,1.94,0.0,0.0,1.94,0.081996,10.936858,0.0,1.858004,0.0,0.0
2025-08-12 19:00:00,0.3399999999999999,0.0,0.0,0.3399999999999999,0.0,10.596858000000001,0.0,0.3399999999999999,0.0,0.0
2025-08-12 20:00:00,0.29,0.0,0.0,0.29,0.0,10.306858000000002,0.0,0.29,0.0,0.0
2025-08-12 21:00:00,0.26,0.0,0.0,0.26,0.0,10.046858000000002,0.0,0.26,0.0,0.0
2025-08-12 22:00:00,0.28,0.0,0.0,0.28,0.0,9.766858000000003,0.0,0.28,0.0,0.0
2025-08-12 23:00:00,0.22,0.0,0.0,0.22,0.0,9.546858000000002,0.0,0.22,0.0,0.0
2025-08-13 00:00:00,0.24,0.0,0.0,0.24,0.0,9.306858000000002,0.0,0.24,0.0,0.0
2025-08-13 01:00:00,0.22,0.0,0.0,0.22,0.0,9.086858000000001,0.0,0.22,0.0,0.0
2025-08-13 02:00:00,0.22,0.0,0.0,0.22,0.0,8.866858,0.0,0.22,0.0,0.0
2025-08-13 03:00:00,0.22,0.0,0.0,0.22,0.0,8.646858,0.0,0.22,0.0,0.0
2025-08-13 04:00:00,0.22,0.0,0.0,0.22,0.0,8.426858,0.0,0.22,0.0,0.0
2025-08-13 05:00:00,0.54,0.0,0.0,0.54,0.0,7.886857999999999,0.0,0.54,0.0,0.0
2025-08-13 06:00:00,0.3,0.0,0.0,0.3,1.2243130000000002,8.811171,0.9243130000000002,0.0,0.0,0.0
2025-08-13 07:00:00,0.55,0.0,0.0,0.55,0.757932,9.019103,0.207932,0.0,0.0,0.0
2025-08-13 08:00:00,0.2299999999999999,0.0,0.0,0.2299999999999999,1.034811,9.823914,0.804811,0.0,0.0,0.0
2025-08-13 09:00:00,0.29,0.0,0.0,0.29,2.35052,11.884434,2.06052,0.0,0.0,0.0
2025-08-13 10:00:00,0.77,0.0,3.0682470000000013,3.8382470000000013,5.453813,13.5,1.6155659999999994,0.0,0.0,0.0
2025-08-13 11:00:00,0.14,0.4597846153846154,5.034182384615384,5.633967,5.633966999999999,13.5,0.0,0.0,0.0,0.0
2025-08-13 12:00:00,0.4,0.4597846153846154,4.6216043846153845,5.481389,5.481389,13.5,0.0,0.0,0.0,0.0
2025-08-13 13:00:00,0.34,0.4597846153846154,4.212274384615385,5.012059,5.012059,13.5,0.0,0.0,0.0,0.0
2025-08-13 14:00:00,0.74,0.0,3.477042,4.217042,4.217042,13.5,0.0,0.0,0.0,0.0
2025-08-13 15:00:00,1.23,0.0,1.865433,3.095433,3.095433,13.5,0.0,0.0,0.0,0.0
2025-08-13 16:00:00,0.26,0.0,1.294956,1.554956,1.554956,13.5,0.0,0.0,0.0,0.0
2025-08-13 17:00:00,0.31,0.0,0.0,0.31,0.212775,13.402775,0.0,0.097225,0.0,0.0
2025-08-13 18:00:00,0.38,0.0,0.0,0.38,0.077264,13.100039,0.0,0.302736,0.0,0.0
2025-08-13 19:00:00,0.26,0.0,0.0,0.26,0.0,12.840039,0.0,0.26,0.0,0.0
2025-08-13 20:00:00,0.22,0.0,0.0,0.22,0.0,12.620039,0.0,0.22,0.0,0.0
2025-08-13 21:00:00,0.16,0.0,0.0,0.16,0.0,12.460039,0.0,0.16,0.0,0.0
2025-08-13 22:00:00,0.22,0.0,0.0,0.22,0.0,12.240039,0.0,0.22,0.0,0.0
2025-08-13 23:00:00,0.26,0.0,0.0,0.26,0.0,11.980039,0.0,0.26,0.0,0.0
2025-08-14 00:00:00,0.27,0.0,0.0,0.27,0.0,11.710039,0.0,0.27,0.0,0.0
2025-08-14 01:00:00,0.27,0.0,0.0,0.27,0.0,11.440039,0.0,0.27,0.0,0.0
2025-08-14 02:00:00,0.26,0.0,0.0,0.26,0.0,11.180039,0.0,0.26,0.0,0.0
2025-08-14 03:00:00,0.26,0.0,0.0,0.26,0.0,10.920039000000001,0.0,0.26,0.0,0.0
2025-08-14 04:00:00,0.26,0.0,0.0,0.26,0.0,10.660039000000001,0.0,0.26,0.0,0.0
2025-08-14 05:00:00,0.27,0.0,0.0,0.27,0.0,10.390039000000002,0.0,0.27,0.0,0.0
2025-08-14 06:00:00,0.26,0.0,0.0,0.26,1.224655,11.354694000000002,0.964655,0.0,0.0,0.0
2025-08-14 07:00:00,1.02,0.0,0.0,1.02,0.605638,10.940332000000001,0.0,0.414362,0.0,0.0
2025-08-14 08:00:00,0.19,0.0,0.0,0.19,1.136015,11.886347,0.946015,0.0,0.0,0.0
2025-08-14 09:00:00,0.43,0.0,0.0,0.43,1.6388230000000001,13.095170000000001,1.2088230000000002,0.0,0.0,0.0
2025-08-14 10:00:00,0.49,0.0,0.0,0.49,2.414473,13.5,0.4048299999999987,0.0,0.0,1.5196430000000014
2025-08-14 11:00:00,0.69,0.6130461538461539,0.0,1.3030461538461537,2.50636,13.5,0.0,0.0,0.0,1.2033138461538462
2025-08-14 12:00:00,0.61,0.6130461538461539,0.0,1.223046153846154,2.392625,13.5,0.0,0.0,0.0,1.1695788461538459
2025-08-14 13:00:00,0.32,0.6130461538461539,0.0,0.9330461538461539,2.0691379999999997,13.5,0.0,0.0,0.0,1.1360918461538458
2025-08-14 14:00:00,0.32,0.0,0.0,0.32,2.936566,13.5,0.0,0.0,0.0,2.616566
2025-08-14 15:00:00,0.3,0.0,0.0,0.3,2.9908919999999997,13.5,0.0,0.0,0.0,2.690892
2025-08-14 16:00:00,0.34,0.0,0.0,0.34,1.499432,13.5,0.0,0.0,0.0,1.159432
2025-08-14 17:00:00,0.37,0.0,0.0,0.37,0.22523300000000002,13.355233,0.0,0.14476699999999998,0.0,0.0
2025-08-14 18:00:00,0.38,0.0,0.0,0.38,0.071089,13.046322,0.0,0.308911,0.0,0.0
2025-08-14 19:00:00,0.28,0.0,0.0,0.28,0.0,12.766322,0.0,0.28,0.0,0.0
2025-08-14 20:00:00,0.35,0.0,0.0,0.35,0.0,12.416322000000001,0.0,0.35,0.0,0.0
2025-08-14 21:00:00,0.28,0.0,0.0,0.28,0.0,12.136322000000002,0.0,0.28,0.0,0.0
2025-08-14 22:00:00,0.29,0.0,0.0,0.29,0.0,11.846322000000002,0.0,0.29,0.0,0.0
2025-08-14 23:00:00,0.37,0.0,0.0,0.37,0.0,11.476322000000003,0.0,0.37,0.0,0.0
2025-08-15 00:00:00,0.24,0.0,0.0,0.24,0.0,11.236322000000003,0.0,0.24,0.0,0.0
2025-08-15 01:00:00,0.24,0.0,0.0,0.24,0.0,10.996322000000003,0.0,0.24,0.0,0.0
2025-08-15 02:00:00,0.2299999999999999,0.0,0.0,0.2299999999999999,0.0,10.766322000000002,0.0,0.2299999999999999,0.0,0.0
2025-08-15 03:00:00,0.25,0.0,0.0,0.25,0.0,10.516322000000002,0.0,0.25,0.0,0.0
2025-08-15 04:00:00,0.22,0.0,0.0,0.22,0.0,10.296322000000002,0.0,0.22,0.0,0.0
2025-08-15 05:00:00,0.22,0.0,0.0,0.22,0.0,10.076322000000001,0.0,0.22,0.0,0.0
2025-08-15 06:00:00,0.22,0.0,0.0,0.22,1.1603620000000001,11.016684000000001,0.9403620000000001,0.0,0.0,0.0
2025-08-15 07:00:00,0.1699999999999999,0.0,0.0,0.1699999999999999,0.579017,11.425701000000002,0.4090170000000001,0.0,0.0,0.0
2025-08-15 08:00:00,0.1,0.0,0.0,0.1,1.45553,12.781231000000002,1.35553,0.0,0.0,0.0
2025-08-15 09:00:00,0.1,0.0,1.2706520000000014,1.3706520000000015,2.0894209999999998,13.5,0.7187689999999982,0.0,0.0,0.0
2025-08-15 10:00:00,0.11,0.0,3.131566,3.2415659999999997,3.2415659999999997,13.5,0.0,0.0,0.0,0.0
2025-08-15 11:00:00,0.23,0.6130461538461539,3.404104846153846,4.247151,4.247151,13.5,0.0,0.0,0.0,0.0
2025-08-15 12:00:00,0.1,0.6130461538461539,3.4551438461538453,4.168189999999999,4.168189999999999,13.5,0.0,0.0,0.0,0.0
2025-08-15 13:00:00,0.1,0.6130461538461539,4.327295846153846,5.040342,5.040342,13.5,0.0,0.0,0.0,0.0
2025-08-15 14:00:00,0.11,0.0,4.107484,4.217484000000001,4.217484000000001,13.5,0.0,0.0,0.0,0.0
2025-08-15 15:00:00,0.11,0.0,2.730014307692308,2.8400143076923077,3.0694369999999997,13.5,0.0,0.0,0.0,0.22942269230769208
2025-08-15 16:00:00,0.18,0.0,0.0,0.18,1.529419,13.5,0.0,0.0,0.0,1.3494190000000001
2025-08-15 17:00:00,0.2,0.0,0.0,0.2,0.21013900000000002,13.5,0.0,0.0,0.0,0.010139000000000009
2025-08-15 18:00:00,0.21,0.0,0.0,0.21,0.070157,13.360157,0.0,0.139843,0.0,0.0
2025-08-15 19:00:00,0.3,0.0,0.0,0.3,0.0,13.060156999999998,0.0,0.3,0.0,0.0
2025-08-15 20:00:00,0.15,0.0,0.0,0.15,0.0,12.910156999999998,0.0,0.15,0.0,0.0
2025-08-15 21:00:00,0.15,0.0,0.0,0.15,0.0,12.760156999999998,0.0,0.15,0.0,0.0
2025-08-15 22:00:00,0.13,0.0,0.0,0.13,0.0,12.630156999999997,0.0,0.13,0.0,0.0
2025-08-15 23:00:00,0.1,0.0,0.0,0.1,0.0,12.530156999999997,0.0,0.1,0.0,0.0
2025-08-16 00:00:00,0.1,0.0,0.0,0.1,0.0,12.430156999999998,0.0,0.1,0.0,0.0
2025-08-16 01:00:00,0.1,0.0,0.0,0.1,0.0,12.330156999999998,0.0,0.1,0.0,0.0
2025-08-16 02:00:00,0.11,0.0,0.0,0.11,0.0,12.220156999999999,0.0,0.11,0.0,0.0
2025-08-16 03:00:00,0.1,0.0,0.0,0.1,0.0,12.120156999999999,0.0,0.1,0.0,0.0
2025-08-16 04:00:00,0.1,0.0,0.0,0.1,0.0,12.020157,0.0,0.1,0.0,0.0
2025-08-16 05:00:00,0.1,0.0,0.0,0.1,0.0,11.920157,0.0,0.1,0.0,0.0
2025-08-16 06:00:00,0.12,0.0,0.0,0.12,1.1714200000000001,12.971577,1.0514200000000002,0.0,0.0,0.0
2025-08-16 07:00:00,3.22,0.0,0.0,3.22,0.629816,10.381393,0.0,2.5901840000000003,0.0,0.0
2025-08-16 08:00:00,1.86,0.0,0.0,1.86,1.1934280000000002,9.714820999999999,0.0,0.6665719999999999,0.0,0.0
2025-08-16 09:00:00,0.8200000000000001,0.0,0.0,0.8200000000000001,1.902922,10.797742999999999,1.082922,0.0,0.0,0.0
2025-08-16 10:00:00,0.67,0.0,0.0,0.67,5.560529000000001,13.5,2.7022570000000012,0.0,0.0,2.1882719999999996
2025-08-16 11:00:00,0.14,0.6130461538461539,0.0,0.7530461538461539,5.779919,13.5,0.0,0.0,0.0,5.026872846153846
2025-08-16 12:00:00,0.36,0.6130461538461539,0.0,0.9730461538461539,5.636634,13.5,0.0,0.0,0.0,4.663587846153846
2025-08-16 13:00:00,2.27,0.6130461538461539,0.0,2.883046153846154,5.125161,13.5,0.0,0.0,0.0,2.2421148461538465
2025-08-16 14:00:00,2.39,0.0,0.0,2.39,4.295806,13.5,0.0,0.0,0.0,1.9058059999999997
2025-08-16 15:00:00,1.12,0.0,0.0,1.12,3.126277,13.5,0.0,0.0,0.0,2.006277
2025-08-16 16:00:00,0.3399999999999999,0.0,0.0,0.3399999999999999,1.54864,13.5,0.0,0.0,0.0,1.2086400000000002
2025-08-16 17:00:00,0.36,0.0,0.0,0.36,0.218632,13.358632,0.0,0.141368,0.0,0.0
2025-08-16 18:00:00,1.44,0.0,0.0,1.44,0.06436499999999999,11.982997000000001,0.0,1.375635,0.0,0.0
2025-08-16 19:00:00,0.15,0.0,0.0,0.15,0.0,11.832997,0.0,0.15,0.0,0.0
2025-08-16 20:00:00,0.22,0.0,0.0,0.22,0.0,11.612997,0.0,0.22,0.0,0.0
2025-08-16 21:00:00,0.16,0.0,0.0,0.16,0.0,11.452997,0.0,0.16,0.0,0.0
2025-08-16 22:00:00,0.2,0.0,0.0,0.2,0.0,11.252997,0.0,0.2,0.0,0.0
2025-08-16 23:00:00,0.33,0.0,0.0,0.33,0.0,10.922997,0.0,0.33,0.0,0.0
2025-08-17 00:00:00,0.27,0.0,0.0,0.27,0.0,10.652997000000001,0.0,0.27,0.0,0.0
2025-08-17 01:00:00,0.2299999999999999,0.0,0.0,0.2299999999999999,0.0,10.422997,0.0,0.2299999999999999,0.0,0.0
2025-08-17 02:00:00,0.2299999999999999,0.0,0.0,0.2299999999999999,0.0,10.192997,0.0,0.2299999999999999,0.0,0.0
2025-08-17 03:00:00,0.22,0.0,0.0,0.22,0.0,9.972997,0.0,0.22,0.0,0.0
2025-08-17 04:00:00,0.22,0.0,0.0,0.22,0.0,9.752996999999999,0.0,0.22,0.0,0.0
2025-08-17 05:00:00,0.22,0.0,0.0,0.22,0.0,9.532996999999998,0.0,0.22,0.0,0.0
2025-08-17 06:00:00,0.1699999999999999,0.0,0.0,0.1699999999999999,1.177586,10.540582999999998,1.007586,0.0,0.0,0.0
2025-08-17 07:00:00,0.26,0.0,0.0,0.26,2.8809609999999997,13.161543999999997,2.6209609999999994,0.0,0.0,0.0
2025-08-17 08:00:00,0.22,0.0,0.0,0.22,4.130009,13.5,0.33845600000000253,0.0,0.0,3.5715529999999975
2025-08-17 09:00:00,0.1,0.0,0.0,0.1,5.043934,13.5,0.0,0.0,0.0,4.9439340000000005
2025-08-17 10:00:00,0.14,0.0,0.0,0.14,5.556114,13.5,0.0,0.0,0.0,5.416114
2025-08-17 11:00:00,0.33,0.6130461538461539,0.0,0.9430461538461539,5.722047,13.5,0.0,0.0,0.0,4.779000846153846
2025-08-17 12:00:00,0.32,0.6130461538461539,0.0,0.9330461538461539,5.5480659999999995,13.5,0.0,0.0,0.0,4.615019846153846
2025-08-17 13:00:00,0.27,0.6130461538461539,0.0,0.8830461538461539,5.044255,13.5,0.0,0.0,0.0,4.161208846153846
2025-08-17 14:00:00,0.2299999999999999,0.0,0.0,0.2299999999999999,4.191466,13.5,0.0,0.0,0.0,3.961466
2025-08-17 15:00:00,0.24,0.0,0.0,0.24,3.047373,13.5,0.0,0.0,0.0,2.807373
2025-08-17 16:00:00,0.2299999999999999,0.0,0.0,0.2299999999999999,1.49421,13.5,0.0,0.0,0.0,1.26421
2025-08-17 17:00:00,0.26,0.0,0.0,0.26,0.236609,13.476609,0.0,0.023390999999999995,0.0,0.0
2025-08-17 18:00:00,2.47,0.0,0.0,2.47,0.066172,11.072780999999999,0.0,2.4038280000000003,0.0,0.0
2025-08-17 19:00:00,0.2299999999999999,0.0,0.0,0.2299999999999999,0.0,10.842780999999999,0.0,0.2299999999999999,0.0,0.0
2025-08-17 20:00:00,0.31,0.0,0.0,0.31,0.0,10.532780999999998,0.0,0.31,0.0,0.0
2025-08-17 21:00:00,0.31,0.0,0.0,0.31,0.0,10.222780999999998,0.0,0.31,0.0,0.0
2025-08-17 22:00:00,0.28,0.0,0.0,0.28,0.0,9.942780999999998,0.0,0.28,0.0,0.0
2025-08-17 23:00:00,0.32,0.0,0.0,0.32,0.0,9.622780999999998,0.0,0.32,0.0,0.0
2025-08-18 00:00:00,0.22,0.0,0.0,0.22,0.0,9.402780999999997,0.0,0.22,0.0,0.0
2025-08-18 01:00:00,0.22,0.0,0.0,0.22,0.0,9.182780999999997,0.0,0.22,0.0,0.0
2025-08-18 02:00:00,0.22,0.0,0.0,0.22,0.0,8.962780999999996,0.0,0.22,0.0,0.0
2025-08-18 03:00:00,0.22,0.0,0.0,0.22,0.0,8.742780999999995,0.0,0.22,0.0,0.0
2025-08-18 04:00:00,0.22,0.0,0.0,0.22,0.0,8.522780999999995,0.0,0.22,0.0,0.0
2025-08-18 05:00:00,0.3399999999999999,0.0,0.0,0.3399999999999999,0.0,8.182780999999995,0.0,0.3399999999999999,0.0,0.0
2025-08-18 06:00:00,0.4,0.0,0.0,0.4,1.133702,8.916482999999994,0.733702,0.0,0.0,0.0
2025-08-18 07:00:00,0.65,0.0,0.0,0.65,2.823281,11.089763999999995,2.1732810000000002,0.0,0.0,0.0
2025-08-18 08:00:00,0.23,0.0,0.0,0.23,1.99306,12.852823999999995,1.76306,0.0,0.0,0.0
2025-08-18 09:00:00,0.17,0.0,0.0,0.17,4.984686,13.5,0.6471760000000053,0.0,0.0,4.167509999999995
2025-08-18 10:00:00,0.16,0.0,0.0,0.16,5.534327,13.5,0.0,0.0,0.0,5.374327
2025-08-18 11:00:00,0.18,0.6130461538461539,0.0,0.793046153846154,5.722066,13.5,0.0,0.0,0.0,4.929019846153846
2025-08-18 12:00:00,0.16,0.6130461538461539,0.0,0.7730461538461539,5.56748,13.5,0.0,0.0,0.0,4.794433846153845
2025-08-18 13:00:00,0.15,0.6130461538461539,0.0,0.7630461538461539,5.041619,13.5,0.0,0.0,0.0,4.278572846153846
2025-08-18 14:00:00,0.62,0.0,0.0,0.62,4.200284,13.5,0.0,0.0,0.0,3.580284
2025-08-18 15:00:00,0.71,0.0,0.0,0.71,3.054504,13.5,0.0,0.0,0.0,2.344504
2025-08-18 16:00:00,0.26,0.0,0.0,0.26,1.504398,13.5,0.0,0.0,0.0,1.244398
2025-08-18 17:00:00,0.75,0.0,0.0,0.75,0.216894,12.966894,0.0,0.533106,0.0,0.0
2025-08-18 18:00:00,1.98,0.0,0.0,1.98,0.050747,11.037641,0.0,1.9292529999999999,0.0,0.0
2025-08-18 19:00:00,0.14,0.0,0.0,0.14,0.0,10.897641,0.0,0.14,0.0,0.0
2025-08-18 20:00:00,0.38,0.0,0.0,0.38,0.0,10.517641,0.0,0.38,0.0,0.0
2025-08-18 21:00:00,0.48,0.0,0.0,0.48,0.0,10.037640999999999,0.0,0.48,0.0,0.0
2025-08-18 22:00:00,0.25,0.0,0.0,0.25,0.0,9.787640999999999,0.0,0.25,0.0,0.0
2025-08-18 23:00:00,0.2299999999999999,0.0,0.0,0.2299999999999999,0.0,9.557640999999998,0.0,0.2299999999999999,0.0,0.0
2025-08-19 00:00:00,0.2299999999999999,0.0,0.0,0.2299999999999999,0.0,9.327640999999998,0.0,0.2299999999999999,0.0,0.0
2025-08-19 01:00:00,0.22,0.0,0.0,0.22,0.0,9.107640999999997,0.0,0.22,0.0,0.0
2025-08-19 02:00:00,0.22,0.0,0.0,0.22,0.0,8.887640999999997,0.0,0.22,0.0,0.0
2025-08-19 03:00:00,0.53,0.0,0.0,0.53,0.0,8.357640999999997,0.0,0.53,0.0,0.0
2025-08-19 04:00:00,0.84,0.0,0.0,0.84,0.0,7.517640999999998,0.0,0.84,0.0,0.0
2025-08-19 05:00:00,1.01,0.0,0.0,1.01,0.0,6.507640999999998,0.0,1.01,0.0,0.0
2025-08-19 06:00:00,0.62,0.0,0.0,0.62,1.032341,6.919981999999997,0.41234099999999996,0.0,0.0,0.0
2025-08-19 07:00:00,0.6,0.0,0.0,0.6,0.740446,7.060427999999997,0.14044600000000007,0.0,0.0,0.0
2025-08-19 08:00:00,0.24,0.0,0.0,0.24,3.763242,10.583669999999998,3.5232419999999998,0.0,0.0,0.0
2025-08-19 09:00:00,0.31,0.0,0.0,0.31,4.560178,13.5,2.916330000000002,0.0,0.0,1.333847999999998
2025-08-19 10:00:00,0.22,0.0,0.0,0.22,5.0685270000000004,13.5,0.0,0.0,0.0,4.848527000000001
2025-08-19 11:00:00,0.22,0.6130461538461539,0.0,0.8330461538461539,5.233252,13.5,0.0,0.0,0.0,4.400205846153846
2025-08-19 12:00:00,0.22,0.6130461538461539,0.0,0.8330461538461539,5.09025,13.5,0.0,0.0,0.0,4.257203846153846
2025-08-19 13:00:00,0.22,0.6130461538461539,0.0,0.8330461538461539,4.653235,13.5,0.0,0.0,0.0,3.8201888461538456
2025-08-19 14:00:00,0.22,0.0,0.0,0.22,3.902606,13.5,0.0,0.0,0.0,3.682606
2025-08-19 15:00:00,0.22,0.0,0.0,0.22,2.831413,13.5,0.0,0.0,0.0,2.6114129999999998
2025-08-19 16:00:00,0.22,0.0,0.0,0.22,1.37526,13.5,0.0,0.0,0.0,1.15526
2025-08-19 17:00:00,0.61,0.0,0.0,0.61,0.19221000000000002,13.08221,0.0,0.41779,0.0,0.0
2025-08-19 18:00:00,2.07,0.0,0.0,2.07,0.038485,11.050695000000001,0.0,2.0315149999999997,0.0,0.0
2025-08-19 19:00:00,0.27,0.0,0.0,0.27,0.0,10.780695000000001,0.0,0.27,0.0,0.0
2025-08-19 20:00:00,0.28,0.0,0.0,0.28,0.0,10.500695000000002,0.0,0.28,0.0,0.0
2025-08-19 21:00:00,0.34,0.0,0.0,0.34,0.0,10.160695000000002,0.0,0.34,0.0,0.0
2025-08-19 22:00:00,0.25,0.0,0.0,0.25,0.0,9.910695000000002,0.0,0.25,0.0,0.0
2025-08-19 23:00:00,0.22,0.0,0.0,0.22,0.0,9.690695000000002,0.0,0.22,0.0,0.0
2025-08-20 00:00:00,0.22,0.0,0.0,0.22,0.0,9.470695000000001,0.0,0.22,0.0,0.0
2025-08-20 01:00:00,0.22,0.0,0.0,0.22,0.0,9.250695,0.0,0.22,0.0,0.0
2025-08-20 02:00:00,0.21,0.0,0.0,0.21,0.0,9.040695,0.0,0.21,0.0,0.0
2025-08-20 03:00:00,0.22,0.0,0.0,0.22,0.0,8.820694999999999,0.0,0.22,0.0,0.0
2025-08-20 04:00:00,0.21,0.0,0.0,0.21,0.0,8.610694999999998,0.0,0.21,0.0,0.0
2025-08-20 05:00:00,0.22,0.0,0.0,0.22,0.0,8.390694999999997,0.0,0.22,0.0,0.0
2025-08-20 06:00:00,0.22,0.0,0.0,0.22,1.0867229999999999,9.257417999999998,0.8667229999999999,0.0,0.0,0.0
2025-08-20 07:00:00,0.5599999999999999,0.0,0.0,0.5599999999999999,2.654589,11.352006999999997,2.094589,0.0,0.0,0.0
2025-08-20 08:00:00,0.18,0.0,1.4730959999999969,1.6530959999999968,3.801089,13.5,2.147993000000003,0.0,0.0,0.0
2025-08-20 09:00:00,0.14,0.0,4.497582,4.637582,4.637582,13.5,0.0,0.0,0.0,0.0
2025-08-20 10:00:00,0.12,0.0,4.999841999999999,5.119841999999999,5.119841999999999,13.5,0.0,0.0,0.0,0.0
2025-08-20 11:00:00,0.1,0.4597846153846154,4.7680373846153845,5.327822,5.327822,13.5,0.0,0.0,0.0,0.0
2025-08-20 12:00:00,0.18,0.4597846153846154,4.563485384615385,5.20327,5.203270000000001,13.5,0.0,0.0,0.0,0.0
2025-08-20 13:00:00,0.12,0.4597846153846154,4.190154384615385,4.769939,4.769939,13.5,0.0,0.0,0.0,0.0
2025-08-20 14:00:00,0.11,0.0,3.882486,3.992486,3.992486,13.5,0.0,0.0,0.0,0.0
2025-08-20 15:00:00,0.11,0.0,2.785399,2.895399,2.895399,13.5,0.0,0.0,0.0,0.0
2025-08-20 16:00:00,0.11,0.0,1.2963109999999998,1.4063109999999999,1.4063109999999999,13.5,0.0,0.0,0.0,0.0
2025-08-20 17:00:00,0.11,0.0,0.065619,0.175619,0.175619,13.5,0.0,0.0,0.0,0.0
2025-08-20 18:00:00,0.31,0.0,0.0,0.31,0.031604,13.221604,0.0,0.278396,0.0,0.0
2025-08-20 19:00:00,0.23,0.0,0.0,0.23,0.0,12.991603999999999,0.0,0.23,0.0,0.0
2025-08-20 20:00:00,0.15,0.0,0.0,0.15,0.0,12.841603999999998,0.0,0.15,0.0,0.0
2025-08-20 21:00:00,0.13,0.0,0.0,0.13,0.0,12.711603999999998,0.0,0.13,0.0,0.0
2025-08-20 22:00:00,0.19,0.0,0.0,0.19,0.0,12.521603999999998,0.0,0.19,0.0,0.0
2025-08-20 23:00:00,0.22,0.0,0.0,0.22,0.0,12.301603999999998,0.0,0.22,0.0,0.0
2025-08-21 00:00:00,0.21,0.0,0.0,0.21,0.0,12.091603999999997,0.0,0.21,0.0,0.0
2025-08-21 01:00:00,0.21,0.0,0.0,0.21,0.0,11.881603999999996,0.0,0.21,0.0,0.0
2025-08-21 02:00:00,0.21,0.0,0.0,0.21,0.0,11.671603999999995,0.0,0.21,0.0,0.0
2025-08-21 03:00:00,0.2299999999999999,0.0,0.0,0.2299999999999999,0.0,11.441603999999995,0.0,0.2299999999999999,0.0,0.0
2025-08-21 04:00:00,0.21,0.0,0.0,0.21,0.0,11.231603999999994,0.0,0.21,0.0,0.0
2025-08-21 05:00:00,0.21,0.0,0.0,0.21,0.0,11.021603999999993,0.0,0.21,0.0,0.0
2025-08-21 06:00:00,1.08,0.0,0.0,1.08,1.113736,11.055339999999992,0.03373599999999999,0.0,0.0,0.0
2025-08-21 07:00:00,0.95,0.0,0.0,0.95,0.891814,10.997153999999993,0.0,0.05818599999999996,0.0,0.0
2025-08-21 08:00:00,0.11,0.0,0.0,0.11,3.8517979999999996,13.5,2.502846000000007,0.0,0.0,1.2389519999999927
2025-08-21 09:00:00,0.09,0.0,0.0,0.09,4.643257999999999,13.5,0.0,0.0,0.0,4.553258
2025-08-21 10:00:00,0.1,0.0,0.0,0.1,5.110399999999999,13.5,0.0,0.0,0.0,5.0104
2025-08-21 11:00:00,0.1,0.4597846153846154,0.0,0.5597846153846154,5.294818,13.5,0.0,0.0,0.0,4.7350333846153845
2025-08-21 12:00:00,0.1,0.4597846153846154,0.0,0.5597846153846154,5.172692,13.5,0.0,0.0,0.0,4.612907384615384
2025-08-21 13:00:00,0.11,0.4597846153846154,0.0,0.5697846153846154,4.720255,13.5,0.0,0.0,0.0,4.150470384615384
2025-08-21 14:00:00,0.1,0.0,0.0,0.1,3.934987,13.5,0.0,0.0,0.0,3.834987
2025-08-21 15:00:00,0.1,0.0,0.0,0.1,2.839255,13.5,0.0,0.0,0.0,2.739255
2025-08-21 16:00:00,0.11,0.0,0.0,0.11,1.3628099999999999,13.5,0.0,0.0,0.0,1.2528099999999998
2025-08-21 17:00:00,0.11,0.0,0.0,0.11,0.20015799999999997,13.5,0.0,0.0,0.0,0.09015799999999997
2025-08-21 18:00:00,0.31,0.0,0.0,0.31,0.027648,13.217648,0.0,0.282352,0.0,0.0
2025-08-21 19:00:00,0.24,0.0,0.0,0.24,0.0,12.977648,0.0,0.24,0.0,0.0
2025-08-21 20:00:00,0.16,0.0,0.0,0.16,0.0,12.817648,0.0,0.16,0.0,0.0
2025-08-21 21:00:00,0.13,0.0,0.0,0.13,0.0,12.687648,0.0,0.13,0.0,0.0
2025-08-21 22:00:00,0.19,0.0,0.0,0.19,0.0,12.497648,0.0,0.19,0.0,0.0
2025-08-21 23:00:00,0.22,0.0,0.0,0.22,0.0,12.277648,0.0,0.22,0.0,0.0
2025-08-22 00:00:00,0.22,0.0,0.0,0.22,0.0,12.057647999999999,0.0,0.22,0.0,0.0
2025-08-22 01:00:00,0.22,0.0,0.0,0.22,0.0,11.837647999999998,0.0,0.22,0.0,0.0
2025-08-22 02:00:00,0.22,0.0,0.0,0.22,0.0,11.617647999999997,0.0,0.22,0.0,0.0
2025-08-22 03:00:00,0.18,0.0,0.0,0.18,0.0,11.437647999999998,0.0,0.18,0.0,0.0
2025-08-22 04:00:00,0.11,0.0,0.0,0.11,0.0,11.327647999999998,0.0,0.11,0.0,0.0
2025-08-22 05:00:00,0.11,0.0,0.0,0.11,0.0,11.217647999999999,0.0,0.11,0.0,0.0
2025-08-22 06:00:00,0.1,0.0,0.0,0.1,1.010822,12.128469999999998,0.9108220000000001,0.0,0.0,0.0
2025-08-22 07:00:00,0.21,0.0,0.9887939999999986,1.1987939999999986,2.5703240000000003,13.5,1.3715300000000017,0.0,0.0,0.0
2025-08-22 08:00:00,0.48,0.0,3.238828,3.718828,3.718828,13.5,0.0,0.0,0.0,0.0
2025-08-22 09:00:00,0.48,0.0,4.031796,4.511796,4.511796,13.5,0.0,0.0,0.0,0.0
2025-08-22 10:00:00,0.62,0.0,4.4493,5.0693,5.0693,13.5,0.0,0.0,0.0,0.0
2025-08-22 11:00:00,0.41,0.4597846153846154,0.7692698461538541,1.6390544615384695,5.31051,13.5,0.0,0.0,0.0,3.6714555384615304
2025-08-22 12:00:00,0.1,0.4597846153846154,0.0,0.5597846153846154,5.206138,13.5,0.0,0.0,0.0,4.646353384615384
2025-08-22 13:00:00,0.15,0.4597846153846154,0.0,0.6097846153846154,4.788518,13.5,0.0,0.0,0.0,4.178733384615384
2025-08-22 14:00:00,0.22,0.0,0.0,0.22,3.979134,13.5,0.0,0.0,0.0,3.759134
2025-08-22 15:00:00,0.14,0.0,0.0,0.14,2.874016,13.5,0.0,0.0,0.0,2.734016
2025-08-22 16:00:00,0.1,0.0,0.0,0.1,1.405084,13.5,0.0,0.0,0.0,1.305084
2025-08-22 17:00:00,0.3,0.0,0.0,0.3,0.236361,13.436361,0.0,0.063639,0.0,0.0
2025-08-22 18:00:00,0.35,0.0,0.0,0.35,0.032292,13.118653,0.0,0.317708,0.0,0.0
2025-08-22 19:00:00,0.14,0.0,0.0,0.14,0.0,12.978653,0.0,0.14,0.0,0.0
2025-08-22 20:00:00,0.12,0.0,0.0,0.12,0.0,12.858653,0.0,0.12,0.0,0.0
2025-08-22 21:00:00,0.53,0.0,0.0,0.53,0.0,12.328653000000001,0.0,0.53,0.0,0.0
2025-08-22 22:00:00,0.61,0.0,0.0,0.61,0.0,11.718653000000002,0.0,0.61,0.0,0.0
2025-08-22 23:00:00,0.18,0.0,0.0,0.18,0.0,11.538653000000002,0.0,0.18,0.0,0.0
2025-08-23 00:00:00,0.11,0.0,0.0,0.11,0.0,11.428653000000002,0.0,0.11,0.0,0.0
2025-08-23 01:00:00,0.1,0.0,0.0,0.1,0.0,11.328653000000003,0.0,0.1,0.0,0.0
2025-08-23 02:00:00,0.2,0.0,0.0,0.2,0.0,11.128653000000003,0.0,0.2,0.0,0.0
2025-08-23 03:00:00,0.48,0.0,0.0,0.48,0.0,10.648653000000003,0.0,0.48,0.0,0.0
2025-08-23 04:00:00,0.53,0.0,0.0,0.53,0.0,10.118653000000004,0.0,0.53,0.0,0.0
2025-08-23 05:00:00,0.54,0.0,0.0,0.54,0.0,9.578653000000003,0.0,0.54,0.0,0.0
2025-08-23 06:00:00,0.49,0.0,0.0,0.49,1.014803,10.103456000000003,0.5248029999999999,0.0,0.0,0.0
2025-08-23 07:00:00,0.36,0.0,0.0,0.36,0.8563540000000001,10.599810000000003,0.4963540000000001,0.0,0.0,0.0
2025-08-23 08:00:00,1.41,0.0,0.0,1.41,3.7858899999999998,12.975700000000003,2.37589,0.0,0.0,0.0
2025-08-23 09:00:00,0.12,0.0,0.0,0.12,4.638152,13.5,0.5242999999999967,0.0,0.0,3.993852000000003
2025-08-23 10:00:00,0.43,0.0,0.0,0.43,5.132293,13.5,0.0,0.0,0.0,4.702293
2025-08-23 11:00:00,0.12,0.4597846153846154,0.0,0.5797846153846153,5.328373,13.5,0.0,0.0,0.0,4.748588384615385
2025-08-23 12:00:00,0.71,0.4597846153846154,0.0,1.1697846153846154,5.184345,13.5,0.0,0.0,0.0,4.014560384615385
2025-08-23 13:00:00,2.32,0.4597846153846154,0.0,2.779784615384615,4.744719,13.5,0.0,0.0,0.0,1.9649343846153848
2025-08-23 14:00:00,0.5800000000000001,0.0,0.0,0.5800000000000001,3.958134,13.5,0.0,0.0,0.0,3.3781339999999997
2025-08-23 15:00:00,0.25,0.0,0.0,0.25,2.844309,13.5,0.0,0.0,0.0,2.594309
2025-08-23 16:00:00,0.14,0.0,0.0,0.14,0.980114,13.5,0.0,0.0,0.0,0.840114
2025-08-23 17:00:00,1.25,0.0,0.0,1.25,0.21666,12.466660000000001,0.0,1.03334,0.0,0.0
2025-08-23 18:00:00,1.83,0.0,0.0,1.83,0.026408,10.663068,0.0,1.803592,0.0,0.0
2025-08-23 19:00:00,0.14,0.0,0.0,0.14,0.0,10.523068,0.0,0.14,0.0,0.0
2025-08-23 20:00:00,0.15,0.0,0.0,0.15,0.0,10.373068,0.0,0.15,0.0,0.0
2025-08-23 21:00:00,0.14,0.0,0.0,0.14,0.0,10.233068,0.0,0.14,0.0,0.0
2025-08-23 22:00:00,0.22,0.0,0.0,0.22,0.0,10.013067999999999,0.0,0.22,0.0,0.0
2025-08-23 23:00:00,0.22,0.0,0.0,0.22,0.0,9.793067999999998,0.0,0.22,0.0,0.0
2025-08-24 00:00:00,0.22,0.0,0.0,0.22,0.0,9.573067999999997,0.0,0.22,0.0,0.0
2025-08-24 01:00:00,0.22,0.0,0.0,0.22,0.0,9.353067999999997,0.0,0.22,0.0,0.0
2025-08-24 02:00:00,0.22,0.0,0.0,0.22,0.0,9.133067999999996,0.0,0.22,0.0,0.0
2025-08-24 03:00:00,0.22,0.0,0.0,0.22,0.0,8.913067999999996,0.0,0.22,0.0,0.0
2025-08-24 04:00:00,0.22,0.0,0.0,0.22,0.0,8.693067999999995,0.0,0.22,0.0,0.0
2025-08-24 05:00:00,0.22,0.0,0.0,0.22,0.0,8.473067999999994,0.0,0.22,0.0,0.0
2025-08-24 06:00:00,0.23,0.0,0.0,0.23,1.006226,9.249293999999994,0.7762260000000001,0.0,0.0,0.0
2025-08-24 07:00:00,0.22,0.0,0.0,0.22,0.331384,9.360677999999993,0.11138400000000001,0.0,0.0,0.0
2025-08-24 08:00:00,1.28,0.0,0.0,1.28,0.924979,9.005656999999992,0.0,0.35502100000000003,0.0,0.0
2025-08-24 09:00:00,0.13,0.0,0.0,0.13,4.7311499999999995,13.5,4.494343000000008,0.0,0.0,0.10680699999999188
2025-08-24 10:00:00,0.41,0.0,0.0,0.41,5.210824,13.5,0.0,0.0,0.0,4.8008239999999995
2025-08-24 11:00:00,0.1,0.3678276923076923,0.0,0.4678276923076923,5.4152190000000004,13.5,0.0,0.0,0.0,4.947391307692309
2025-08-24 12:00:00,0.13,0.3678276923076923,0.0,0.4978276923076923,5.241757,13.5,0.0,0.0,0.0,4.743929307692308
2025-08-24 13:00:00,0.16,0.3678276923076923,0.0,0.5278276923076923,2.5492399999999997,13.5,0.0,0.0,0.0,2.0214123076923074
2025-08-24 14:00:00,0.26,0.0,0.0,0.26,1.931136,13.5,0.0,0.0,0.0,1.671136
2025-08-24 15:00:00,0.14,0.0,0.0,0.14,2.840807,13.5,0.0,0.0,0.0,2.7008069999999997
2025-08-24 16:00:00,0.12,0.0,0.0,0.12,0.8430979999999999,13.5,0.0,0.0,0.0,0.7230979999999999
2025-08-24 17:00:00,0.15,0.0,0.0,0.15,0.364015,13.5,0.0,0.0,0.0,0.21401499999999998
2025-08-24 18:00:00,0.15,0.0,0.0,0.15,0.021474,13.371474,0.0,0.128526,0.0,0.0
2025-08-24 19:00:00,0.21,0.0,0.0,0.21,0.0,13.161473999999998,0.0,0.21,0.0,0.0
2025-08-24 20:00:00,0.27,0.0,0.0,0.27,0.0,12.891473999999999,0.0,0.27,0.0,0.0
2025-08-24 21:00:00,0.5800000000000001,0.0,0.0,0.5800000000000001,0.0,12.311473999999999,0.0,0.5800000000000001,0.0,0.0
2025-08-24 22:00:00,0.23,0.0,0.0,0.23,0.0,12.081473999999998,0.0,0.23,0.0,0.0
2025-08-24 23:00:00,0.2299999999999999,0.0,0.0,0.2299999999999999,0.0,11.851473999999998,0.0,0.2299999999999999,0.0,0.0
2025-08-25 00:00:00,0.22,0.0,0.0,0.22,0.0,11.631473999999997,0.0,0.22,0.0,0.0
2025-08-25 01:00:00,0.26,0.0,0.0,0.26,0.0,11.371473999999997,0.0,0.26,0.0,0.0
2025-08-25 02:00:00,0.3,0.0,0.0,0.3,0.0,11.071473999999997,0.0,0.3,0.0,0.0
2025-08-25 03:00:00,0.22,0.0,0.0,0.22,0.0,10.851473999999996,0.0,0.22,0.0,0.0
2025-08-25 04:00:00,0.21,0.0,0.0,0.21,0.0,10.641473999999995,0.0,0.21,0.0,0.0
2025-08-25 05:00:00,0.22,0.0,0.0,0.22,0.0,10.421473999999995,0.0,0.22,0.0,0.0
2025-08-25 06:00:00,0.23,0.0,0.0,0.23,1.007042,11.198515999999994,0.777042,0.0,0.0,0.0
2025-08-25 07:00:00,1.21,0.0,0.0,1.21,0.264548,10.253063999999995,0.0,0.945452,0.0,0.0
2025-08-25 08:00:00,0.5800000000000001,0.0,0.0,0.5800000000000001,0.6543,10.327363999999994,0.07429999999999992,0.0,0.0,0.0
2025-08-25 09:00:00,0.12,0.0,0.0,0.12,0.991563,11.198926999999994,0.871563,0.0,0.0,0.0
2025-08-25 10:00:00,0.14,0.0,0.0,0.14,2.166402,13.225328999999995,2.026402,0.0,0.0,0.0
2025-08-25 11:00:00,0.13,0.3678276923076923,0.0,0.4978276923076923,3.6808609999999997,13.5,0.274671000000005,0.0,0.0,2.908362307692302
2025-08-25 12:00:00,0.18,0.3678276923076923,0.0,0.5478276923076923,3.221023,13.5,0.0,0.0,0.0,2.673195307692308
2025-08-25 13:00:00,0.53,0.3678276923076923,0.0,0.8978276923076923,4.808139,13.5,0.0,0.0,0.0,3.9103113076923073
2025-08-25 14:00:00,0.5700000000000001,0.0,0.0,0.5700000000000001,4.005179,13.5,0.0,0.0,0.0,3.4351789999999998
2025-08-25 15:00:00,0.2,0.0,0.0,0.2,2.885935,13.5,0.0,0.0,0.0,2.6859349999999997
2025-08-25 16:00:00,0.21,0.0,0.0,0.21,1.373665,13.5,0.0,0.0,0.0,1.163665
2025-08-25 17:00:00,1.85,0.0,0.0,1.85,0.198768,11.848768,0.0,1.651232,0.0,0.0
2025-08-25 18:00:00,1.32,0.0,0.0,1.32,0.018125,10.546892999999999,0.0,1.3018750000000001,0.0,0.0
2025-08-25 19:00:00,0.21,0.0,0.0,0.21,0.0,10.336892999999998,0.0,0.21,0.0,0.0
2025-08-25 20:00:00,0.36,0.0,0.0,0.36,0.0,9.976892999999999,0.0,0.36,0.0,0.0
2025-08-25 21:00:00,0.3399999999999999,0.0,0.0,0.3399999999999999,0.0,9.636892999999999,0.0,0.3399999999999999,0.0,0.0
2025-08-25 22:00:00,0.32,0.0,0.0,0.32,0.0,9.316892999999999,0.0,0.32,0.0,0.0
2025-08-25 23:00:00,0.38,0.0,0.0,0.38,0.0,8.936892999999998,0.0,0.38,0.0,0.0
2025-08-26 00:00:00,0.3,0.0,0.0,0.3,0.0,8.636892999999997,0.0,0.3,0.0,0.0
2025-08-26 01:00:00,0.26,0.0,0.0,0.26,0.0,8.376892999999997,0.0,0.26,0.0,0.0
2025-08-26 02:00:00,0.26,0.0,0.0,0.26,0.0,8.116892999999997,0.0,0.26,0.0,0.0
2025-08-26 03:00:00,0.27,0.0,0.0,0.27,0.0,7.846892999999998,0.0,0.27,0.0,0.0
2025-08-26 04:00:00,0.27,0.0,0.0,0.27,0.0,7.576892999999998,0.0,0.27,0.0,0.0
2025-08-26 05:00:00,0.26,0.0,0.0,0.26,0.0,7.3168929999999985,0.0,0.26,0.0,0.0
2025-08-26 06:00:00,0.27,0.0,0.0,0.27,1.027354,8.074246999999998,0.7573540000000001,0.0,0.0,0.0
2025-08-26 07:00:00,0.24,0.0,0.0,0.24,0.345704,8.179950999999997,0.10570400000000002,0.0,0.0,0.0
2025-08-26 08:00:00,0.1,0.0,0.0,0.1,0.853912,8.933862999999997,0.753912,0.0,0.0,0.0
2025-08-26 09:00:00,0.1,0.0,0.0,0.1,0.951253,9.785115999999997,0.851253,0.0,0.0,0.0
2025-08-26 10:00:00,0.1,0.0,0.0,0.1,1.446174,11.131289999999996,1.346174,0.0,0.0,0.0
2025-08-26 11:00:00,0.11,0.3678276923076923,0.0,0.4778276923076923,2.289223,12.942685307692305,1.8113953076923075,0.0,0.0,0.0
2025-08-26 12:00:00,0.1,0.3678276923076923,0.0,0.4678276923076923,3.057232,13.5,0.5573146923076955,0.0,0.0,2.032089615384612
2025-08-26 13:00:00,0.1,0.3678276923076923,0.0,0.4678276923076923,2.885341,13.5,0.0,0.0,0.0,2.4175133076923077
2025-08-26 14:00:00,0.1,0.0,0.0,0.1,2.517666,13.5,0.0,0.0,0.0,2.417666
2025-08-26 15:00:00,0.15,0.0,0.0,0.15,2.8596779999999997,13.5,0.0,0.0,0.0,2.709678
2025-08-26 16:00:00,0.2,0.0,0.0,0.2,0.915249,13.5,0.0,0.0,0.0,0.715249
2025-08-26 17:00:00,1.9,0.0,0.0,1.9,0.373992,11.973991999999999,0.0,1.526008,0.0,0.0
2025-08-26 18:00:00,0.89,0.0,0.0,0.89,0.015349,11.099340999999999,0.0,0.8746510000000001,0.0,0.0
2025-08-26 19:00:00,0.16,0.0,0.0,0.16,0.0,10.939340999999999,0.0,0.16,0.0,0.0
2025-08-26 20:00:00,0.23,0.0,0.0,0.23,0.0,10.709340999999998,0.0,0.23,0.0,0.0
2025-08-26 21:00:00,0.26,0.0,0.0,0.26,0.0,10.449340999999999,0.0,0.26,0.0,0.0
2025-08-26 22:00:00,0.22,0.0,0.0,0.22,0.0,10.229340999999998,0.0,0.22,0.0,0.0
2025-08-26 23:00:00,0.2299999999999999,0.0,0.0,0.2299999999999999,0.0,9.999340999999998,0.0,0.2299999999999999,0.0,0.0
2025-08-27 00:00:00,0.22,0.0,0.0,0.22,0.0,9.779340999999997,0.0,0.22,0.0,0.0
2025-08-27 01:00:00,0.22,0.0,0.0,0.22,0.0,9.559340999999996,0.0,0.22,0.0,0.0
2025-08-27 02:00:00,0.22,0.0,0.0,0.22,0.0,9.339340999999996,0.0,0.22,0.0,0.0
2025-08-27 03:00:00,0.3,0.0,0.0,0.3,0.0,9.039340999999995,0.0,0.3,0.0,0.0
2025-08-27 04:00:00,0.28,0.0,0.0,0.28,0.0,8.759340999999996,0.0,0.28,0.0,0.0
2025-08-27 05:00:00,0.22,0.0,0.0,0.22,0.0,8.539340999999995,0.0,0.22,0.0,0.0
2025-08-27 06:00:00,0.22,0.0,0.0,0.22,0.954247,9.273587999999995,0.734247,0.0,0.0,0.0
2025-08-27 07:00:00,0.15,0.0,0.0,0.15,0.9336559999999999,10.057243999999995,0.7836559999999999,0.0,0.0,0.0
2025-08-27 08:00:00,0.1,0.0,0.0,0.1,1.275404,11.232647999999996,1.175404,0.0,0.0,0.0
2025-08-27 09:00:00,0.1,0.0,2.239682999999996,2.339682999999996,4.607035,13.5,2.2673520000000043,0.0,0.0,0.0
2025-08-27 10:00:00,0.11,0.0,5.026272,5.136272,5.136272,13.5,0.0,0.0,0.0,0.0
2025-08-27 11:00:00,0.11,0.3678276923076923,2.7413183076923078,3.2191460000000003,3.2191460000000003,13.5,0.0,0.0,0.0,0.0
2025-08-27 12:00:00,0.1,0.3678276923076923,2.9534353076923074,3.4212629999999997,3.4212629999999997,13.5,0.0,0.0,0.0,0.0
2025-08-27 13:00:00,0.11,0.3678276923076923,4.272377307692308,4.750205,4.750205,13.5,0.0,0.0,0.0,0.0
2025-08-27 14:00:00,0.11,0.0,3.811172,3.921172,3.921172,13.5,0.0,0.0,0.0,0.0
2025-08-27 15:00:00,0.11,0.0,1.98512,2.09512,2.09512,13.5,0.0,0.0,0.0,0.0
2025-08-27 16:00:00,0.11,0.0,1.2176099999999999,1.32761,1.32761,13.5,0.0,0.0,0.0,0.0
2025-08-27 17:00:00,0.64,0.0,0.0,0.64,0.202674,13.062674,0.0,0.437326,0.0,0.0
2025-08-27 18:00:00,1.52,0.0,0.0,1.52,0.0352,11.577874,0.0,1.4848000000000001,0.0,0.0
2025-08-27 19:00:00,0.3299999999999999,0.0,0.0,0.3299999999999999,0.0,11.247874,0.0,0.3299999999999999,0.0,0.0
2025-08-27 20:00:00,0.26,0.0,0.0,0.26,0.0,10.987874,0.0,0.26,0.0,0.0
2025-08-27 21:00:00,0.2299999999999999,0.0,0.0,0.2299999999999999,0.0,10.757874,0.0,0.2299999999999999,0.0,0.0
2025-08-27 22:00:00,0.25,0.0,0.0,0.25,0.0,10.507874,0.0,0.25,0.0,0.0
2025-08-27 23:00:00,0.2299999999999999,0.0,0.0,0.2299999999999999,0.0,10.277873999999999,0.0,0.2299999999999999,0.0,0.0
2025-08-28 00:00:00,0.22,0.0,0.0,0.22,0.0,10.057873999999998,0.0,0.22,0.0,0.0
2025-08-28 01:00:00,0.22,0.0,0.0,0.22,0.0,9.837873999999998,0.0,0.22,0.0,0.0
2025-08-28 02:00:00,0.21,0.0,0.0,0.21,0.0,9.627873999999997,0.0,0.21,0.0,0.0
2025-08-28 03:00:00,0.22,0.0,0.0,0.22,0.0,9.407873999999996,0.0,0.22,0.0,0.0
2025-08-28 04:00:00,0.22,0.0,0.0,0.22,0.0,9.187873999999995,0.0,0.22,0.0,0.0
2025-08-28 05:00:00,0.21,0.0,0.0,0.21,0.0,8.977873999999995,0.0,0.21,0.0,0.0
2025-08-28 06:00:00,0.24,0.0,0.0,0.24,0.90513,9.643003999999994,0.66513,0.0,0.0,0.0
2025-08-28 07:00:00,0.33,0.0,0.0,0.33,2.459762,11.772765999999994,2.129762,0.0,0.0,0.0
2025-08-28 08:00:00,0.15,0.0,0.0,0.15,3.591157,13.5,1.7272340000000064,0.0,0.0,1.7139229999999936
2025-08-28 09:00:00,0.35,0.0,0.0,0.35,4.372893,13.5,0.0,0.0,0.0,4.022893000000001
2025-08-28 10:00:00,0.5700000000000001,0.0,0.0,0.5700000000000001,4.8670990000000005,13.5,0.0,0.0,0.0,4.297099
2025-08-28 11:00:00,0.67,0.3678276923076923,0.0,1.0378276923076923,5.086584,13.5,0.0,0.0,0.0,4.048756307692308
2025-08-28 12:00:00,0.42,0.3678276923076923,0.0,0.7878276923076923,4.979919,13.5,0.0,0.0,0.0,4.192091307692308
2025-08-28 13:00:00,0.3399999999999999,0.3678276923076923,0.0,0.7078276923076923,4.520205,13.5,0.0,0.0,0.0,3.8123773076923078
2025-08-28 14:00:00,0.11,0.0,0.0,0.11,3.75969,13.5,0.0,0.0,0.0,3.64969
2025-08-28 15:00:00,0.11,0.0,0.0,0.11,2.672252,13.5,0.0,0.0,0.0,2.562252
2025-08-28 16:00:00,0.11,0.0,0.0,0.11,1.25075,13.5,0.0,0.0,0.0,1.14075
2025-08-28 17:00:00,0.13,0.0,0.0,0.13,0.226403,13.5,0.0,0.0,0.0,0.09640299999999999
2025-08-28 18:00:00,0.6500000000000001,0.0,0.0,0.6500000000000001,0.011486000000000001,12.861486,0.0,0.6385140000000001,0.0,0.0
2025-08-28 19:00:00,0.32,0.0,0.0,0.32,0.0,12.541485999999999,0.0,0.32,0.0,0.0
2025-08-28 20:00:00,0.2,0.0,0.0,0.2,0.0,12.341486,0.0,0.2,0.0,0.0
2025-08-28 21:00:00,0.42,0.0,0.0,0.42,0.0,11.921486,0.0,0.42,0.0,0.0
2025-08-28 22:00:00,0.29,0.0,0.0,0.29,0.0,11.631486,0.0,0.29,0.0,0.0
2025-08-28 23:00:00,0.68,0.0,0.0,0.68,0.0,10.951486000000001,0.0,0.68,0.0,0.0
2025-08-29 00:00:00,0.11,0.0,0.0,0.11,0.0,10.841486000000002,0.0,0.11,0.0,0.0
2025-08-29 01:00:00,0.1,0.0,0.0,0.1,0.0,10.741486000000002,0.0,0.1,0.0,0.0
2025-08-29 02:00:00,0.1,0.0,0.0,0.1,0.0,10.641486000000002,0.0,0.1,0.0,0.0
2025-08-29 03:00:00,0.11,0.0,0.0,0.11,0.0,10.531486000000003,0.0,0.11,0.0,0.0
2025-08-29 04:00:00,0.1,0.0,0.0,0.1,0.0,10.431486000000003,0.0,0.1,0.0,0.0
2025-08-29 05:00:00,0.09,0.0,0.0,0.09,0.0,10.341486000000003,0.0,0.09,0.0,0.0
2025-08-29 06:00:00,0.1,0.0,0.0,0.1,0.867186,11.108672000000004,0.767186,0.0,0.0,0.0
2025-08-29 07:00:00,0.14,0.0,0.0,0.14,2.404344,13.373016000000003,2.264344,0.0,0.0,0.0
2025-08-29 08:00:00,0.18,0.0,3.276013000000003,3.456013000000003,3.5829969999999998,13.5,0.12698399999999666,0.0,0.0,0.0
2025-08-29 09:00:00,0.16,0.0,4.273256,4.433256,4.433256,13.5,0.0,0.0,0.0,0.0
2025-08-29 10:00:00,0.25,0.0,4.667724,4.917724,4.917724,13.5,0.0,0.0,0.0,0.0
2025-08-29 11:00:00,0.23,0.4597846153846154,4.432396384615384,5.122180999999999,5.122180999999999,13.5,0.0,0.0,0.0,0.0
2025-08-29 12:00:00,0.16,0.4597846153846154,4.391991384615385,5.011776,5.011776,13.5,0.0,0.0,0.0,0.0
2025-08-29 13:00:00,0.17,0.4597846153846154,0.7116313076923078,1.3414159230769231,4.565118999999999,13.5,0.0,0.0,0.0,3.2237030769230763
2025-08-29 14:00:00,0.17,0.0,0.0,0.17,3.780575,13.5,0.0,0.0,0.0,3.610575
2025-08-29 15:00:00,0.19,0.0,0.0,0.19,2.6841120000000003,13.5,0.0,0.0,0.0,2.4941120000000003
2025-08-29 16:00:00,0.16,0.0,0.0,0.16,1.2437529999999999,13.5,0.0,0.0,0.0,1.083753
2025-08-29 17:00:00,1.26,0.0,0.0,1.26,0.17928,12.41928,0.0,1.08072,0.0,0.0
2025-08-29 18:00:00,1.81,0.0,0.0,1.81,0.00508,10.614360000000001,0.0,1.80492,0.0,0.0
2025-08-29 19:00:00,0.37,0.0,0.0,0.37,0.0,10.244360000000002,0.0,0.37,0.0,0.0
2025-08-29 20:00:00,0.27,0.0,0.0,0.27,0.0,9.974360000000003,0.0,0.27,0.0,0.0
2025-08-29 21:00:00,0.55,0.0,0.0,0.55,0.0,9.424360000000002,0.0,0.55,0.0,0.0
2025-08-29 22:00:00,0.1,0.0,0.0,0.1,0.0,9.324360000000002,0.0,0.1,0.0,0.0
2025-08-29 23:00:00,0.1,0.0,0.0,0.1,0.0,9.224360000000003,0.0,0.1,0.0,0.0
2025-08-30 00:00:00,0.1,0.0,0.0,0.1,0.0,9.124360000000003,0.0,0.1,0.0,0.0
2025-08-30 01:00:00,0.1,0.0,0.0,0.1,0.0,9.024360000000003,0.0,0.1,0.0,0.0
2025-08-30 02:00:00,0.1,0.0,0.0,0.1,0.0,8.924360000000004,0.0,0.1,0.0,0.0
2025-08-30 03:00:00,0.1,0.0,0.0,0.1,0.0,8.824360000000004,0.0,0.1,0.0,0.0
2025-08-30 04:00:00,0.1,0.0,0.0,0.1,0.0,8.724360000000004,0.0,0.1,0.0,0.0
2025-08-30 05:00:00,0.11,0.0,0.0,0.11,0.0,8.614360000000005,0.0,0.11,0.0,0.0
2025-08-30 06:00:00,0.21,0.0,0.0,0.21,0.9162089999999999,9.320569000000004,0.706209,0.0,0.0,0.0
2025-08-30 07:00:00,0.1,0.0,0.0,0.1,2.452441,11.673010000000005,2.352441,0.0,0.0,0.0
2025-08-30 08:00:00,0.1,0.0,0.0,0.1,3.5832319999999998,13.5,1.826989999999995,0.0,0.0,1.6562420000000047
2025-08-30 09:00:00,0.1,0.0,0.0,0.1,4.360695,13.5,0.0,0.0,0.0,4.260695
2025-08-30 10:00:00,0.11,0.0,0.0,0.11,4.860704,13.5,0.0,0.0,0.0,4.750704
2025-08-30 11:00:00,0.1,0.4597846153846154,0.0,0.5597846153846154,5.066704,13.5,0.0,0.0,0.0,4.506919384615384
2025-08-30 12:00:00,0.11,0.4597846153846154,0.0,0.5697846153846154,4.968044,13.5,0.0,0.0,0.0,4.398259384615384
2025-08-30 13:00:00,0.1,0.4597846153846154,0.0,0.5597846153846154,4.524596,13.5,0.0,0.0,0.0,3.9648113846153845
2025-08-30 14:00:00,0.11,0.0,0.0,0.11,3.730168,13.5,0.0,0.0,0.0,3.620168
2025-08-30 15:00:00,0.11,0.0,0.0,0.11,2.6473809999999998,13.5,0.0,0.0,0.0,2.537381
2025-08-30 16:00:00,0.11,0.0,0.0,0.11,1.224259,13.5,0.0,0.0,0.0,1.1142589999999999
2025-08-30 17:00:00,0.1,0.0,0.0,0.1,0.173832,13.5,0.0,0.0,0.0,0.07383199999999998
2025-08-30 18:00:00,0.1,0.0,0.0,0.1,0.001898,13.401898,0.0,0.09810200000000001,0.0,0.0
2025-08-30 19:00:00,0.11,0.0,0.0,0.11,0.0,13.291898,0.0,0.11,0.0,0.0
2025-08-30 20:00:00,0.11,0.0,0.0,0.11,0.0,13.181898,0.0,0.11,0.0,0.0
2025-08-30 21:00:00,0.11,0.0,0.0,0.11,0.0,13.071898000000001,0.0,0.11,0.0,0.0
2025-08-30 22:00:00,0.1,0.0,0.0,0.1,0.0,12.971898000000001,0.0,0.1,0.0,0.0
2025-08-30 23:00:00,0.1,0.0,0.0,0.1,0.0,12.871898000000002,0.0,0.1,0.0,0.0
2025-08-31 00:00:00,0.11,0.0,0.0,0.11,0.0,12.761898000000002,0.0,0.11,0.0,0.0
2025-08-31 01:00:00,0.1,0.0,0.0,0.1,0.0,12.661898000000003,0.0,0.1,0.0,0.0
2025-08-31 02:00:00,0.11,0.0,0.0,0.11,0.0,12.551898000000003,0.0,0.11,0.0,0.0
2025-08-31 03:00:00,0.1,0.0,0.0,0.1,0.0,12.451898000000003,0.0,0.1,0.0,0.0
2025-08-31 04:00:00,0.11,0.0,0.0,0.11,0.0,12.341898000000004,0.0,0.11,0.0,0.0
2025-08-31 05:00:00,0.1,0.0,0.0,0.1,0.0,12.241898000000004,0.0,0.1,0.0,0.0
2025-08-31 06:00:00,0.1,0.0,0.0,0.1,0.0,12.141898000000005,0.0,0.1,0.0,0.0
2025-08-31 07:00:00,0.1,0.0,0.0,0.1,0.643144,12.685042000000005,0.5431440000000001,0.0,0.0,0.0
2025-08-31 08:00:00,0.09,0.0,0.0,0.09,0.32620499999999997,12.921247000000005,0.23620499999999997,0.0,0.0,0.0
2025-08-31 09:00:00,0.1,0.0,0.0,0.1,1.7257390000000001,13.5,0.5787529999999954,0.0,0.0,1.0469860000000046
2025-08-31 10:00:00,0.11,0.0,0.0,0.11,2.3628159999999996,13.5,0.0,0.0,0.0,2.2528159999999997
2025-08-31 11:00:00,0.1,0.4597846153846154,0.0,0.5597846153846154,3.795157,13.5,0.0,0.0,0.0,3.235372384615385
2025-08-31 12:00:00,0.1,0.4597846153846154,0.0,0.5597846153846154,5.141962,13.5,0.0,0.0,0.0,4.582177384615385
2025-08-31 13:00:00,0.1,0.4597846153846154,0.0,0.5597846153846154,4.659131,13.5,0.0,0.0,0.0,4.099346384615385
2025-08-31 14:00:00,0.1,0.0,0.0,0.1,3.844556,13.5,0.0,0.0,0.0,3.7445559999999998
2025-08-31 15:00:00,0.51,0.0,0.0,0.51,2.7268380000000003,13.5,0.0,0.0,0.0,2.216838
2025-08-31 16:00:00,0.11,0.0,0.0,0.11,1.2551679999999998,13.5,0.0,0.0,0.0,1.1451679999999997
2025-08-31 17:00:00,0.1,0.0,0.0,0.1,0.226139,13.5,0.0,0.0,0.0,0.126139
2025-08-31 18:00:00,0.1,0.0,0.0,0.1,0.0,13.4,0.0,0.1,0.0,0.0
2025-08-31 19:00:00,0.11,0.0,0.0,0.11,0.0,13.290000000000001,0.0,0.11,0.0,0.0
2025-08-31 20:00:00,0.11,0.0,0.0,0.11,0.0,13.180000000000001,0.0,0.11,0.0,0.0
2025-08-31 21:00:00,0.11,0.0,0.0,0.11,0.0,13.070000000000002,0.0,0.11,0.0,0.0
2025-08-31 22:00:00,0.1,0.0,0.0,0.1,0.0,12.970000000000002,0.0,0.1,0.0,0.0
2025-08-31 23:00:00,0.1,0.0,0.0,0.1,0.0,12.870000000000003,0.0,0.1,0.0,0.0
2025-09-01 00:00:00,0.1,0.0,0.0,0.1,0.0,12.770000000000003,0.0,0.1,0.0,0.0
2025-09-01 01:00:00,0.1,0.0,0.0,0.1,0.0,12.670000000000003,0.0,0.1,0.0,0.0
2025-09-01 02:00:00,0.11,0.0,0.0,0.11,0.0,12.560000000000004,0.0,0.11,0.0,0.0
2025-09-01 03:00:00,0.1,0.0,0.0,0.1,0.0,12.460000000000004,0.0,0.1,0.0,0.0
2025-09-01 04:00:00,0.11,0.0,0.0,0.11,0.0,12.350000000000005,0.0,0.11,0.0,0.0
2025-09-01 05:00:00,0.1,0.0,0.0,0.1,0.0,12.250000000000005,0.0,0.1,0.0,0.0
2025-09-01 06:00:00,0.1,0.0,0.0,0.1,0.9409109999999999,13.090911000000006,0.840911,0.0,0.0,0.0
2025-09-01 07:00:00,0.1,0.0,0.0,0.1,2.565451,13.5,0.4090889999999945,0.0,0.0,2.0563620000000054
2025-09-01 08:00:00,0.09,0.0,0.0,0.09,3.7142579999999996,13.5,0.0,0.0,0.0,3.6242579999999998
2025-09-01 09:00:00,0.1,0.0,0.0,0.1,4.517180000000001,13.5,0.0,0.0,0.0,4.417180000000001
2025-09-01 10:00:00,0.09,0.0,0.0,0.09,5.079769000000001,13.5,0.0,0.0,0.0,4.989769000000001
2025-09-01 11:00:00,0.1,0.4597846153846154,0.0,0.5597846153846154,5.33965,13.5,0.0,0.0,0.0,4.779865384615384
2025-09-01 12:00:00,0.11,0.4597846153846154,0.0,0.5697846153846154,5.219682,13.5,0.0,0.0,0.0,4.649897384615384
2025-09-01 13:00:00,0.1,0.4597846153846154,0.0,0.5597846153846154,4.7283029999999995,13.5,0.0,0.0,0.0,4.168518384615384
2025-09-01 14:00:00,0.11,0.0,0.0,0.11,3.8966999999999996,13.5,0.0,0.0,0.0,3.7866999999999997
2025-09-01 15:00:00,0.11,0.0,0.0,0.11,2.758382,13.5,0.0,0.0,0.0,2.6483820000000002
2025-09-01 16:00:00,0.13,0.0,0.0,0.13,1.256994,13.5,0.0,0.0,0.0,1.1269939999999998
2025-09-01 17:00:00,0.1,0.0,0.0,0.1,0.18805000000000002,13.5,0.0,0.0,0.0,0.08805000000000002
2025-09-01 18:00:00,0.29,0.0,0.0,0.29,0.0,13.21,0.0,0.29,0.0,0.0
2025-09-01 19:00:00,0.26,0.0,0.0,0.26,0.0,12.950000000000001,0.0,0.26,0.0,0.0
2025-09-01 20:00:00,0.22,0.0,0.0,0.22,0.0,12.73,0.0,0.22,0.0,0.0
2025-09-01 21:00:00,0.65,0.0,0.0,0.65,0.0,12.08,0.0,0.65,0.0,0.0
2025-09-01 22:00:00,0.36,0.0,0.0,0.36,0.0,11.72,0.0,0.36,0.0,0.0
2025-09-01 23:00:00,0.11,0.0,0.0,0.11,0.0,11.610000000000001,0.0,0.11,0.0,0.0
2025-09-02 00:00:00,0.1,0.0,0.0,0.1,0.0,11.510000000000002,0.0,0.1,0.0,0.0
2025-09-02 01:00:00,0.11,0.0,0.0,0.11,0.0,11.400000000000002,0.0,0.11,0.0,0.0
2025-09-02 02:00:00,0.1,0.0,0.0,0.1,0.0,11.300000000000002,0.0,0.1,0.0,0.0
2025-09-02 03:00:00,0.1,0.0,0.0,0.1,0.0,11.200000000000003,0.0,0.1,0.0,0.0
2025-09-02 04:00:00,0.1,0.0,0.0,0.1,0.0,11.100000000000003,0.0,0.1,0.0,0.0
2025-09-02 05:00:00,0.1,0.0,0.0,0.1,0.0,11.000000000000004,0.0,0.1,0.0,0.0
2025-09-02 06:00:00,0.1,0.0,0.0,0.1,0.969116,11.869116000000004,0.869116,0.0,0.0,0.0
2025-09-02 07:00:00,0.13,0.0,0.0,0.13,2.613362,13.5,1.6308839999999964,0.0,0.0,0.8524780000000036
2025-09-02 08:00:00,0.11,0.0,0.0,0.11,3.811523,13.5,0.0,0.0,0.0,3.7015230000000003
2025-09-02 09:00:00,0.09,0.0,0.0,0.09,4.638140999999999,13.5,0.0,0.0,0.0,4.548140999999999
2025-09-02 10:00:00,0.1,0.0,0.0,0.1,5.185003,13.5,0.0,0.0,0.0,5.085003
2025-09-02 11:00:00,0.1,0.3678276923076923,0.0,0.4678276923076923,5.4158029999999995,13.5,0.0,0.0,0.0,4.947975307692307
2025-09-02 12:00:00,0.11,0.3678276923076923,0.0,0.4778276923076923,5.284205,13.5,0.0,0.0,0.0,4.8063773076923075
2025-09-02 13:00:00,0.1,0.3678276923076923,0.0,0.4678276923076923,4.798551000000001,13.5,0.0,0.0,0.0,4.330723307692308
2025-09-02 14:00:00,0.1,0.0,0.0,0.1,3.935682,13.5,0.0,0.0,0.0,3.835682
2025-09-02 15:00:00,0.11,0.0,0.0,0.11,2.772629,13.5,0.0,0.0,0.0,2.662629
2025-09-02 16:00:00,0.11,0.0,0.0,0.11,1.2400989999999998,13.5,0.0,0.0,0.0,1.1300989999999997
2025-09-02 17:00:00,0.1,0.0,0.0,0.1,0.16210400000000003,13.5,0.0,0.0,0.0,0.06210400000000002
2025-09-02 18:00:00,1.03,0.0,0.0,1.03,0.0,12.47,0.0,1.03,0.0,0.0
2025-09-02 19:00:00,0.28,0.0,0.0,0.28,0.0,12.190000000000001,0.0,0.28,0.0,0.0
2025-09-02 20:00:00,0.41,0.0,0.0,0.41,0.0,11.780000000000001,0.0,0.41,0.0,0.0
2025-09-02 21:00:00,0.3,0.0,0.0,0.3,0.0,11.48,0.0,0.3,0.0,0.0
2025-09-02 22:00:00,0.2,0.0,0.0,0.2,0.0,11.280000000000001,0.0,0.2,0.0,0.0
2025-09-02 23:00:00,0.22,0.0,0.0,0.22,0.0,11.06,0.0,0.22,0.0,0.0
2025-09-03 00:00:00,0.22,0.0,0.0,0.22,0.0,10.84,0.0,0.22,0.0,0.0
2025-09-03 01:00:00,0.21,0.0,0.0,0.21,0.0,10.629999999999999,0.0,0.21,0.0,0.0
2025-09-03 02:00:00,0.22,0.0,0.0,0.22,0.0,10.409999999999998,0.0,0.22,0.0,0.0
2025-09-03 03:00:00,0.21,0.0,0.0,0.21,0.0,10.199999999999998,0.0,0.21,0.0,0.0
2025-09-03 04:00:00,0.22,0.0,0.0,0.22,0.0,9.979999999999997,0.0,0.22,0.0,0.0
2025-09-03 05:00:00,0.22,0.0,0.0,0.22,0.0,9.759999999999996,0.0,0.22,0.0,0.0
2025-09-03 06:00:00,0.15,0.0,0.0,0.15,0.978453,10.588452999999996,0.828453,0.0,0.0,0.0
2025-09-03 07:00:00,0.22,0.0,0.0,0.22,0.675014,11.043466999999996,0.45501400000000003,0.0,0.0,0.0
2025-09-03 08:00:00,0.12,0.0,0.0,0.12,1.030726,11.954192999999997,0.910726,0.0,0.0,0.0
2025-09-03 09:00:00,0.18,0.0,0.0,0.18,1.697829,13.472021999999997,1.517829,0.0,0.0,0.0
2025-09-03 10:00:00,0.2,0.0,1.5816749999999973,1.7816749999999972,1.809653,13.5,0.027978000000002723,0.0,0.0,0.0
2025-09-03 11:00:00,0.15,0.3678276923076923,2.298883307692307,2.8167109999999997,2.8167109999999997,13.5,0.0,0.0,0.0,0.0
2025-09-03 12:00:00,0.25,0.3678276923076923,1.8810943076923077,2.498922,2.498922,13.5,0.0,0.0,0.0,0.0
2025-09-03 13:00:00,0.27,0.3678276923076923,1.808833307692308,2.446661,2.446661,13.5,0.0,0.0,0.0,0.0
2025-09-03 14:00:00,0.16,0.0,1.761182,1.921182,1.921182,13.5,0.0,0.0,0.0,0.0
2025-09-03 15:00:00,0.17,0.0,1.258657,1.4286569999999998,1.4286569999999998,13.5,0.0,0.0,0.0,0.0
2025-09-03 16:00:00,0.15,0.0,0.4769669999999999,0.6269669999999999,0.6269669999999999,13.5,0.0,0.0,0.0,0.0
2025-09-03 17:00:00,1.85,0.0,0.0,1.85,0.310284,11.960284,0.0,1.539716,0.0,0.0
2025-09-03 18:00:00,1.07,0.0,0.0,1.07,0.0,10.890284,0.0,1.07,0.0,0.0
2025-09-03 19:00:00,0.17,0.0,0.0,0.17,0.0,10.720284,0.0,0.17,0.0,0.0
2025-09-03 20:00:00,0.25,0.0,0.0,0.25,0.0,10.470284,0.0,0.25,0.0,0.0
2025-09-03 21:00:00,0.27,0.0,0.0,0.27,0.0,10.200284,0.0,0.27,0.0,0.0
2025-09-03 22:00:00,1.33,0.0,0.0,1.33,0.0,8.870284,0.0,1.33,0.0,0.0
2025-09-03 23:00:00,0.32,0.0,0.0,0.32,0.0,8.550284,0.0,0.32,0.0,0.0
2025-09-04 00:00:00,0.23,0.0,0.0,0.23,0.0,8.320284,0.0,0.23,0.0,0.0
2025-09-04 01:00:00,0.14,0.0,0.0,0.14,0.0,8.180283999999999,0.0,0.14,0.0,0.0
2025-09-04 02:00:00,0.22,0.0,0.0,0.22,0.0,7.960283999999999,0.0,0.22,0.0,0.0
2025-09-04 03:00:00,0.22,0.0,0.0,0.22,0.0,7.740283999999999,0.0,0.22,0.0,0.0
2025-09-04 04:00:00,0.22,0.0,0.0,0.22,0.0,7.520283999999999,0.0,0.22,0.0,0.0
2025-09-04 05:00:00,0.22,0.0,0.0,0.22,0.0,7.3002839999999996,0.0,0.22,0.0,0.0
2025-09-04 06:00:00,0.22,0.0,0.0,0.22,0.943693,8.023977,0.723693,0.0,0.0,0.0
2025-09-04 07:00:00,0.25,0.0,0.0,0.25,2.657188,10.431165,2.407188,0.0,0.0,0.0
2025-09-04 08:00:00,0.12,0.0,0.0,0.12,3.9570529999999997,13.5,3.068835,0.0,0.0,0.7682179999999996
2025-09-04 09:00:00,0.1,0.0,0.0,0.1,4.837377999999999,13.5,0.0,0.0,0.0,4.737378
2025-09-04 10:00:00,0.09,0.0,0.0,0.09,5.393172,13.5,0.0,0.0,0.0,5.303172
2025-09-04 11:00:00,0.11,0.3678276923076923,0.0,0.4778276923076923,5.575246,13.5,0.0,0.0,0.0,5.097418307692307
2025-09-04 12:00:00,0.1,0.3678276923076923,0.0,0.4678276923076923,5.4200919999999995,13.5,0.0,0.0,0.0,4.952264307692307
2025-09-04 13:00:00,0.1,0.3678276923076923,0.0,0.4678276923076923,4.892053,13.5,0.0,0.0,0.0,4.424225307692307
2025-09-04 14:00:00,0.09,0.0,0.0,0.09,4.025818,13.5,0.0,0.0,0.0,3.9358180000000003
2025-09-04 15:00:00,0.1,0.0,0.0,0.1,2.817981,13.5,0.0,0.0,0.0,2.717981
2025-09-04 16:00:00,0.1,0.0,0.0,0.1,1.227174,13.5,0.0,0.0,0.0,1.127174
2025-09-04 17:00:00,0.2,0.0,0.0,0.2,0.15461699999999998,13.454617,0.0,0.045383000000000034,0.0,0.0
2025-09-04 18:00:00,0.24,0.0,0.0,0.24,0.0,13.214617,0.0,0.24,0.0,0.0
2025-09-04 19:00:00,0.27,0.0,0.0,0.27,0.0,12.944617000000001,0.0,0.27,0.0,0.0
2025-09-04 20:00:00,1.2999999999999998,0.0,0.0,1.2999999999999998,0.0,11.644617,0.0,1.2999999999999998,0.0,0.0
2025-09-04 21:00:00,0.98,0.0,0.0,0.98,0.0,10.664617,0.0,0.98,0.0,0.0
2025-09-04 22:00:00,0.14,0.0,0.0,0.14,0.0,10.524617,0.0,0.14,0.0,0.0
2025-09-04 23:00:00,0.1,0.0,0.0,0.1,0.0,10.424617,0.0,0.1,0.0,0.0
2025-09-05 00:00:00,0.11,0.0,0.0,0.11,0.0,10.314617,0.0,0.11,0.0,0.0
2025-09-05 01:00:00,0.1,0.0,0.0,0.1,0.0,10.214617,0.0,0.1,0.0,0.0
2025-09-05 02:00:00,0.11,0.0,0.0,0.11,0.0,10.104617000000001,0.0,0.11,0.0,0.0
2025-09-05 03:00:00,0.1,0.0,0.0,0.1,0.0,10.004617000000001,0.0,0.1,0.0,0.0
2025-09-05 04:00:00,0.09,0.0,0.0,0.09,0.0,9.914617000000002,0.0,0.09,0.0,0.0
2025-09-05 05:00:00,0.11,0.0,0.0,0.11,0.0,9.804617000000002,0.0,0.11,0.0,0.0
2025-09-05 06:00:00,0.11,0.0,0.0,0.11,0.991171,10.685788000000002,0.881171,0.0,0.0,0.0
2025-09-05 07:00:00,0.15,0.0,0.0,0.15,2.727921,13.263709000000002,2.577921,0.0,0.0,0.0
2025-09-05 08:00:00,0.31,0.0,3.460437000000002,3.770437000000002,4.006728,13.5,0.2362909999999978,0.0,0.0,0.0
2025-09-05 09:00:00,0.16,0.0,4.751779,4.911779,4.911779,13.5,0.0,0.0,0.0,0.0
2025-09-05 10:00:00,0.17,0.0,5.278255000000001,5.4482550000000005,5.4482550000000005,13.5,0.0,0.0,0.0,0.0
2025-09-05 11:00:00,0.34,0.3678276923076923,4.916907307692307,5.624734999999999,5.624734999999999,13.5,0.0,0.0,0.0,0.0
2025-09-05 12:00:00,0.33,0.3678276923076923,4.757384307692308,5.455212,5.455212,13.5,0.0,0.0,0.0,0.0
2025-09-05 13:00:00,0.44,0.3678276923076923,4.102317307692308,4.910145000000001,4.910145000000001,13.5,0.0,0.0,0.0,0.0
2025-09-05 14:00:00,0.67,0.0,3.362121,4.032121,4.032121,13.5,0.0,0.0,0.0,0.0
2025-09-05 15:00:00,0.18,0.0,2.636572,2.8165720000000003,2.8165720000000003,13.5,0.0,0.0,0.0,0.0
2025-09-05 16:00:00,0.23,0.0,0.9862149999999998,1.2162149999999998,1.2162149999999998,13.5,0.0,0.0,0.0,0.0
2025-09-05 17:00:00,0.21,0.0,0.0,0.21,0.146206,13.436206,0.0,0.06379399999999999,0.0,0.0
2025-09-05 18:00:00,1.63,0.0,0.0,1.63,0.0,11.806206,0.0,1.63,0.0,0.0
2025-09-05 19:00:00,0.21,0.0,0.0,0.21,0.0,11.596205999999999,0.0,0.21,0.0,0.0
2025-09-05 20:00:00,0.26,0.0,0.0,0.26,0.0,11.336205999999999,0.0,0.26,0.0,0.0
2025-09-05 21:00:00,0.32,0.0,0.0,0.32,0.0,11.016205999999999,0.0,0.32,0.0,0.0
2025-09-05 22:00:00,0.16,0.0,0.0,0.16,0.0,10.856205999999998,0.0,0.16,0.0,0.0
2025-09-05 23:00:00,0.1,0.0,0.0,0.1,0.0,10.756205999999999,0.0,0.1,0.0,0.0
2025-09-06 00:00:00,0.1,0.0,0.0,0.1,0.0,10.656206,0.0,0.1,0.0,0.0
2025-09-06 01:00:00,0.1,0.0,0.0,0.1,0.0,10.556206,0.0,0.1,0.0,0.0
2025-09-06 02:00:00,0.11,0.0,0.0,0.11,0.0,10.446206,0.0,0.11,0.0,0.0
2025-09-06 03:00:00,0.1,0.0,0.0,0.1,0.0,10.346206,0.0,0.1,0.0,0.0
2025-09-06 04:00:00,0.2,0.0,0.0,0.2,0.0,10.146206000000001,0.0,0.2,0.0,0.0
2025-09-06 05:00:00,0.14,0.0,0.0,0.14,0.0,10.006206,0.0,0.14,0.0,0.0
2025-09-06 06:00:00,0.1,0.0,0.0,0.1,0.06269,9.968896,0.0,0.03731000000000001,0.0,0.0
2025-09-06 07:00:00,0.12,0.0,0.0,0.12,0.9120710000000001,10.760967,0.7920710000000001,0.0,0.0,0.0
2025-09-06 08:00:00,0.1,0.0,0.6807201538461456,0.7807201538461456,4.005578,13.5,2.739032999999999,0.0,0.0,0.485824846153855
2025-09-06 09:00:00,0.27,0.0,0.0,0.27,4.908055,13.5,0.0,0.0,0.0,4.638055
2025-09-06 10:00:00,0.15,0.0,0.0,0.15,5.452412000000001,13.5,0.0,0.0,0.0,5.302412
2025-09-06 11:00:00,0.12,0.3678276923076923,0.0,0.4878276923076923,2.368455,13.5,0.0,0.0,0.0,1.8806273076923077
2025-09-06 12:00:00,0.13,0.3678276923076923,0.0,0.4978276923076923,2.017776,13.5,0.0,0.0,0.0,1.5199483076923077
2025-09-06 13:00:00,0.42,0.3678276923076923,0.0,0.7878276923076923,1.677684,13.5,0.0,0.0,0.0,0.8898563076923076
2025-09-06 14:00:00,0.2299999999999999,0.0,0.0,0.2299999999999999,1.659496,13.5,0.0,0.0,0.0,1.429496
2025-09-06 15:00:00,0.21,0.0,0.0,0.21,1.085112,13.5,0.0,0.0,0.0,0.8751120000000001
2025-09-06 16:00:00,0.21,0.0,0.0,0.21,0.367338,13.5,0.0,0.0,0.0,0.157338
2025-09-06 17:00:00,0.15,0.0,0.0,0.15,0.023986,13.373986,0.0,0.126014,0.0,0.0
2025-09-06 18:00:00,0.12,0.0,0.0,0.12,0.0,13.253986000000001,0.0,0.12,0.0,0.0
2025-09-06 19:00:00,0.11,0.0,0.0,0.11,0.0,13.143986000000002,0.0,0.11,0.0,0.0
2025-09-06 20:00:00,0.24,0.0,0.0,0.24,0.0,12.903986000000002,0.0,0.24,0.0,0.0
2025-09-06 21:00:00,0.5,0.0,0.0,0.5,0.0,12.403986000000002,0.0,0.5,0.0,0.0
2025-09-06 22:00:00,0.25,0.0,0.0,0.25,0.0,12.153986000000002,0.0,0.25,0.0,0.0
2025-09-06 23:00:00,0.2299999999999999,0.0,0.0,0.2299999999999999,0.0,11.923986000000001,0.0,0.2299999999999999,0.0,0.0
2025-09-07 00:00:00,0.2299999999999999,0.0,0.0,0.2299999999999999,0.0,11.693986,0.0,0.2299999999999999,0.0,0.0
2025-09-07 01:00:00,0.22,0.0,0.0,0.22,0.0,11.473986,0.0,0.22,0.0,0.0
2025-09-07 02:00:00,0.22,0.0,0.0,0.22,0.0,11.253986,0.0,0.22,0.0,0.0
2025-09-07 03:00:00,0.32,0.0,0.0,0.32,0.0,10.933985999999999,0.0,0.32,0.0,0.0
2025-09-07 04:00:00,0.2,0.0,0.0,0.2,0.0,10.733986,0.0,0.2,0.0,0.0
2025-09-07 05:00:00,0.11,0.0,0.0,0.11,0.0,10.623986,0.0,0.11,0.0,0.0
2025-09-07 06:00:00,0.11,0.0,0.0,0.11,0.0,10.513986000000001,0.0,0.11,0.0,0.0
2025-09-07 07:00:00,0.7799999999999999,0.0,0.0,0.7799999999999999,0.310302,10.044288000000002,0.0,0.4696979999999999,0.0,0.0
2025-09-07 08:00:00,2.97,0.0,0.0,2.97,0.548862,7.623150000000002,0.0,2.421138,0.0,0.0
2025-09-07 09:00:00,1.22,0.0,0.0,1.22,1.94427,8.347420000000001,0.72427,0.0,0.0,0.0
2025-09-07 10:00:00,0.26,0.0,0.0,0.26,5.488826,13.347420000000001,5.0,0.0,0.0,0.22882600000000064
2025-09-07 11:00:00,0.24,0.4642923076923078,0.0,0.7042923076923078,3.5426990000000003,13.5,0.1525799999999986,0.0,0.0,2.685826692307694
2025-09-07 12:00:00,0.29,0.4642923076923078,0.0,0.7542923076923078,3.947549,13.5,0.0,0.0,0.0,3.193256692307692
2025-09-07 13:00:00,0.36,0.4642923076923078,0.0,0.8242923076923078,4.931337,13.5,0.0,0.0,0.0,4.107044692307692
2025-09-07 14:00:00,0.37,0.0,0.0,0.37,4.031687,13.5,0.0,0.0,0.0,3.6616869999999997
2025-09-07 15:00:00,0.49,0.0,0.0,0.49,2.792107,13.5,0.0,0.0,0.0,2.3021070000000003
2025-09-07 16:00:00,0.35,0.0,0.0,0.35,1.1970239999999999,13.5,0.0,0.0,0.0,0.8470239999999999
2025-09-07 17:00:00,0.35,0.0,0.0,0.35,0.16234700000000002,13.312347,0.0,0.18765299999999996,0.0,0.0
2025-09-07 18:00:00,1.3199999999999998,0.0,0.0,1.3199999999999998,0.0,11.992347,0.0,1.3199999999999998,0.0,0.0
2025-09-07 19:00:00,0.26,0.0,0.0,0.26,0.0,11.732347,0.0,0.26,0.0,0.0
2025-09-07 20:00:00,0.26,0.0,0.0,0.26,0.0,11.472347000000001,0.0,0.26,0.0,0.0
2025-09-07 21:00:00,0.3,0.0,0.0,0.3,0.0,11.172347,0.0,0.3,0.0,0.0
2025-09-07 22:00:00,0.15,0.0,0.0,0.15,0.0,11.022347,0.0,0.15,0.0,0.0
2025-09-07 23:00:00,0.11,0.0,0.0,0.11,0.0,10.912347,0.0,0.11,0.0,0.0
2025-09-08 00:00:00,0.2,0.0,0.0,0.2,0.0,10.712347000000001,0.0,0.2,0.0,0.0
2025-09-08 01:00:00,0.15,0.0,0.0,0.15,0.0,10.562347,0.0,0.15,0.0,0.0
2025-09-08 02:00:00,0.11,0.0,0.0,0.11,0.0,10.452347000000001,0.0,0.11,0.0,0.0
2025-09-08 03:00:00,0.11,0.0,0.0,0.11,0.0,10.342347000000002,0.0,0.11,0.0,0.0
2025-09-08 04:00:00,0.11,0.0,0.0,0.11,0.0,10.232347000000003,0.0,0.11,0.0,0.0
2025-09-08 05:00:00,0.11,0.0,0.0,0.11,0.0,10.122347000000003,0.0,0.11,0.0,0.0
2025-09-08 06:00:00,0.12,0.0,0.0,0.12,0.939234,10.941581000000003,0.819234,0.0,0.0,0.0
2025-09-08 07:00:00,0.1,0.0,0.0,0.1,2.716375,13.5,2.558418999999997,0.0,0.0,0.057956000000003005
2025-09-08 08:00:00,0.22,0.0,0.0,0.22,3.99192,13.5,0.0,0.0,0.0,3.7719199999999997
2025-09-08 09:00:00,0.21,0.0,0.0,0.21,4.8180320000000005,13.5,0.0,0.0,0.0,4.608032000000001
2025-09-08 10:00:00,0.19,0.0,0.0,0.19,5.325965,13.5,0.0,0.0,0.0,5.135965
2025-09-08 11:00:00,0.19,0.4642923076923078,0.0,0.6542923076923077,5.499298,13.5,0.0,0.0,0.0,4.845005692307692
2025-09-08 12:00:00,0.26,0.4642923076923078,0.0,0.7242923076923078,5.3624849999999995,13.5,0.0,0.0,0.0,4.638192692307692
2025-09-08 13:00:00,0.27,0.4642923076923078,0.0,0.7342923076923078,4.859189000000001,13.5,0.0,0.0,0.0,4.124896692307693
2025-09-08 14:00:00,0.19,0.0,0.0,0.19,3.9691680000000003,13.5,0.0,0.0,0.0,3.7791680000000003
2025-09-08 15:00:00,0.15,0.0,0.0,0.15,2.7504340000000003,13.5,0.0,0.0,0.0,2.6004340000000004
2025-09-08 16:00:00,0.16,0.0,0.0,0.16,1.1747729999999998,13.5,0.0,0.0,0.0,1.014773
2025-09-08 17:00:00,0.56,0.0,0.0,0.56,0.156798,13.096798,0.0,0.40320200000000006,0.0,0.0
2025-09-08 18:00:00,3.0,0.0,0.0,3.0,0.0,10.096798,0.0,3.0,0.0,0.0
2025-09-08 19:00:00,0.42,0.0,0.0,0.42,0.0,9.676798,0.0,0.42,0.0,0.0
2025-09-08 20:00:00,0.33,0.0,0.0,0.33,0.0,9.346798,0.0,0.33,0.0,0.0
2025-09-08 21:00:00,0.45,0.0,0.0,0.45,0.0,8.896798,0.0,0.45,0.0,0.0
2025-09-08 22:00:00,0.66,0.0,0.0,0.66,0.0,8.236798,0.0,0.66,0.0,0.0
2025-09-08 23:00:00,0.86,0.0,0.0,0.86,0.0,7.376798,0.0,0.86,0.0,0.0
2025-09-09 00:00:00,0.3,0.0,0.0,0.3,0.0,7.076798,0.0,0.3,0.0,0.0
2025-09-09 01:00:00,0.22,0.0,0.0,0.22,0.0,6.856798,0.0,0.22,0.0,0.0
2025-09-09 02:00:00,0.22,0.0,0.0,0.22,0.0,6.636798000000001,0.0,0.22,0.0,0.0
2025-09-09 03:00:00,0.2299999999999999,0.0,0.0,0.2299999999999999,0.0,6.406798000000001,0.0,0.2299999999999999,0.0,0.0
2025-09-09 04:00:00,0.22,0.0,0.0,0.22,0.0,6.186798000000001,0.0,0.22,0.0,0.0
2025-09-09 05:00:00,0.24,0.0,0.0,0.24,0.0,5.946798000000001,0.0,0.24,0.0,0.0
2025-09-09 06:00:00,0.22,0.0,0.0,0.22,0.916616,6.643414000000001,0.696616,0.0,0.0,0.0
2025-09-09 07:00:00,0.21,0.0,0.0,0.21,2.671455,9.104869,2.461455,0.0,0.0,0.0
2025-09-09 08:00:00,0.24,0.0,0.0,0.24,3.916374,12.781243,3.676374,0.0,0.0,0.0
2025-09-09 09:00:00,0.22,0.0,0.0,0.22,4.728595,13.5,0.7187570000000001,0.0,0.0,3.7898380000000005
2025-09-09 10:00:00,0.22,0.0,0.0,0.22,5.161699,13.5,0.0,0.0,0.0,4.941699
2025-09-09 11:00:00,0.22,0.4642923076923078,0.0,0.6842923076923078,5.266579,13.5,0.0,0.0,0.0,4.582286692307692
2025-09-09 12:00:00,0.21,0.4642923076923078,0.0,0.6742923076923077,5.1270050000000005,13.5,0.0,0.0,0.0,4.452712692307693
2025-09-09 13:00:00,0.22,0.4642923076923078,0.0,0.6842923076923078,4.681965,13.5,0.0,0.0,0.0,3.997672692307692
2025-09-09 14:00:00,0.22,0.0,0.0,0.22,3.869461,13.5,0.0,0.0,0.0,3.6494609999999996
2025-09-09 15:00:00,0.22,0.0,0.0,0.22,2.687524,13.5,0.0,0.0,0.0,2.4675239999999996
2025-09-09 16:00:00,0.22,0.0,0.0,0.22,1.1365,13.5,0.0,0.0,0.0,0.9165000000000001
2025-09-09 17:00:00,0.21,0.0,0.0,0.21,0.150537,13.440537,0.0,0.05946299999999999,0.0,0.0
2025-09-09 18:00:00,0.25,0.0,0.0,0.25,0.0,13.190537,0.0,0.25,0.0,0.0
2025-09-09 19:00:00,0.19,0.0,0.0,0.19,0.0,13.000537000000001,0.0,0.19,0.0,0.0
2025-09-09 20:00:00,0.26,0.0,0.0,0.26,0.0,12.740537000000002,0.0,0.26,0.0,0.0
2025-09-09 21:00:00,0.26,0.0,0.0,0.26,0.0,12.480537000000002,0.0,0.26,0.0,0.0
2025-09-09 22:00:00,0.3,0.0,0.0,0.3,0.0,12.180537000000001,0.0,0.3,0.0,0.0
2025-09-09 23:00:00,0.25,0.0,0.0,0.25,0.0,11.930537000000001,0.0,0.25,0.0,0.0
2025-09-10 00:00:00,0.22,0.0,0.0,0.22,0.0,11.710537,0.0,0.22,0.0,0.0
2025-09-10 01:00:00,0.2299999999999999,0.0,0.0,0.2299999999999999,0.0,11.480537,0.0,0.2299999999999999,0.0,0.0
2025-09-10 02:00:00,0.2299999999999999,0.0,0.0,0.2299999999999999,0.0,11.250537,0.0,0.2299999999999999,0.0,0.0
2025-09-10 03:00:00,0.22,0.0,0.0,0.22,0.0,11.030536999999999,0.0,0.22,0.0,0.0
2025-09-10 04:00:00,0.22,0.0,0.0,0.22,0.0,10.810536999999998,0.0,0.22,0.0,0.0
2025-09-10 05:00:00,0.2299999999999999,0.0,0.0,0.2299999999999999,0.0,10.580536999999998,0.0,0.2299999999999999,0.0,0.0
2025-09-10 06:00:00,0.11,0.0,0.0,0.11,0.926236,11.396772999999998,0.816236,0.0,0.0,0.0
2025-09-10 07:00:00,0.14,0.0,0.36760699999999735,0.5076069999999974,2.6108339999999997,13.5,2.103227000000002,0.0,0.0,0.0
2025-09-10 08:00:00,0.24,0.0,3.596284,3.836284,3.836284,13.5,0.0,0.0,0.0,0.0
2025-09-10 09:00:00,0.15,0.0,4.491622,4.641622,4.641622,13.5,0.0,0.0,0.0,0.0
2025-09-10 10:00:00,0.11,0.0,5.029973,5.139973,5.139973,13.5,0.0,0.0,0.0,0.0
2025-09-10 11:00:00,0.11,0.4642923076923078,4.776279692307693,5.3505720000000005,5.3505720000000005,13.5,0.0,0.0,0.0,0.0
2025-09-10 12:00:00,0.11,0.4642923076923078,4.621706692307692,5.195999,5.195999,13.5,0.0,0.0,0.0,0.0
2025-09-10 13:00:00,0.11,0.4642923076923078,4.105475692307692,4.679768,4.679768,13.5,0.0,0.0,0.0,0.0
2025-09-10 14:00:00,0.11,0.0,3.726478,3.836478,3.836478,13.5,0.0,0.0,0.0,0.0
2025-09-10 15:00:00,0.11,0.0,2.531518,2.641518,2.641518,13.5,0.0,0.0,0.0,0.0
2025-09-10 16:00:00,0.11,0.0,0.9937710000000001,1.103771,1.103771,13.5,0.0,0.0,0.0,0.0
2025-09-10 17:00:00,0.14,0.0,0.10203699999999999,0.242037,0.242037,13.5,0.0,0.0,0.0,0.0
2025-09-10 18:00:00,0.25,0.0,0.0,0.25,0.0,13.25,0.0,0.25,0.0,0.0
2025-09-10 19:00:00,0.19,0.0,0.0,0.19,0.0,13.06,0.0,0.19,0.0,0.0
2025-09-10 20:00:00,0.27,0.0,0.0,0.27,0.0,12.790000000000001,0.0,0.27,0.0,0.0
2025-09-10 21:00:00,0.18,0.0,0.0,0.18,0.0,12.610000000000001,0.0,0.18,0.0,0.0
2025-09-10 22:00:00,0.1699999999999999,0.0,0.0,0.1699999999999999,0.0,12.440000000000001,0.0,0.1699999999999999,0.0,0.0
2025-09-10 23:00:00,0.2299999999999999,0.0,0.0,0.2299999999999999,0.0,12.21,0.0,0.2299999999999999,0.0,0.0
2025-09-11 00:00:00,0.22,0.0,0.0,0.22,0.0,11.99,0.0,0.22,0.0,0.0
2025-09-11 01:00:00,0.22,0.0,0.0,0.22,0.0,11.77,0.0,0.22,0.0,0.0
2025-09-11 02:00:00,0.22,0.0,0.0,0.22,0.0,11.549999999999999,0.0,0.22,0.0,0.0
2025-09-11 03:00:00,0.21,0.0,0.0,0.21,0.0,11.339999999999998,0.0,0.21,0.0,0.0
2025-09-11 04:00:00,0.2299999999999999,0.0,0.0,0.2299999999999999,0.0,11.109999999999998,0.0,0.2299999999999999,0.0,0.0
2025-09-11 05:00:00,0.22,0.0,0.0,0.22,0.0,10.889999999999997,0.0,0.22,0.0,0.0
2025-09-11 06:00:00,0.23,0.0,0.0,0.23,0.30239699999999997,10.962396999999998,0.07239699999999996,0.0,0.0,0.0
2025-09-11 07:00:00,0.23,0.0,0.0,0.23,0.942298,11.674694999999998,0.712298,0.0,0.0,0.0
2025-09-11 08:00:00,0.11,0.0,0.0,0.11,1.58526,13.149954999999999,1.4752599999999998,0.0,0.0,0.0
2025-09-11 09:00:00,0.35,0.0,0.0,0.35,4.677581,13.5,0.3500450000000015,0.0,0.0,3.977535999999999
2025-09-11 10:00:00,0.61,0.0,0.0,0.61,5.184649,13.5,0.0,0.0,0.0,4.574649
2025-09-11 11:00:00,0.6799999999999999,0.9285846153846156,0.0,1.6085846153846155,5.361809,13.5,0.0,0.0,0.0,3.7532243846153843
2025-09-11 12:00:00,0.44,0.9285846153846156,0.0,1.3685846153846155,5.209238,13.5,0.0,0.0,0.0,3.8406533846153845
2025-09-11 13:00:00,0.22,0.9285846153846156,0.0,1.1485846153846155,4.673274999999999,13.5,0.0,0.0,0.0,3.5246903846153836
2025-09-11 14:00:00,0.11,0.0,0.0,0.11,3.787573,13.5,0.0,0.0,0.0,3.677573
2025-09-11 15:00:00,0.1,0.0,0.0,0.1,2.015641,13.5,0.0,0.0,0.0,1.915641
2025-09-11 16:00:00,0.11,0.0,0.0,0.11,0.849561,13.5,0.0,0.0,0.0,0.739561
2025-09-11 17:00:00,0.11,0.0,0.0,0.11,0.173779,13.5,0.0,0.0,0.0,0.06377899999999999
2025-09-11 18:00:00,0.2,0.0,0.0,0.2,0.0,13.3,0.0,0.2,0.0,0.0
2025-09-11 19:00:00,0.16,0.0,0.0,0.16,0.0,13.14,0.0,0.16,0.0,0.0
2025-09-11 20:00:00,0.29,0.0,0.0,0.29,0.0,12.850000000000001,0.0,0.29,0.0,0.0
2025-09-11 21:00:00,0.33,0.0,0.0,0.33,0.0,12.520000000000001,0.0,0.33,0.0,0.0
2025-09-11 22:00:00,0.14,0.0,0.0,0.14,0.0,12.38,0.0,0.14,0.0,0.0
2025-09-11 23:00:00,0.1,0.0,0.0,0.1,0.0,12.280000000000001,0.0,0.1,0.0,0.0
2025-09-12 00:00:00,0.12,0.0,0.0,0.12,0.0,12.160000000000002,0.0,0.12,0.0,0.0
2025-09-12 01:00:00,0.24,0.0,0.0,0.24,0.0,11.920000000000002,0.0,0.24,0.0,0.0
2025-09-12 02:00:00,0.12,0.0,0.0,0.12,0.0,11.800000000000002,0.0,0.12,0.0,0.0
2025-09-12 03:00:00,0.1,0.0,0.0,0.1,0.0,11.700000000000003,0.0,0.1,0.0,0.0
2025-09-12 04:00:00,0.1,0.0,0.0,0.1,0.0,11.600000000000003,0.0,0.1,0.0,0.0
2025-09-12 05:00:00,0.12,0.0,0.0,0.12,0.0,11.480000000000004,0.0,0.12,0.0,0.0
2025-09-12 06:00:00,0.1,0.0,0.0,0.1,0.8409099999999999,12.220910000000003,0.74091,0.0,0.0,0.0
2025-09-12 07:00:00,0.13,0.0,0.0,0.13,0.245224,12.336134000000003,0.115224,0.0,0.0,0.0
2025-09-12 08:00:00,0.16,0.0,0.0,0.16,0.64328,12.819414000000004,0.48327999999999993,0.0,0.0,0.0
2025-09-12 09:00:00,0.1,0.0,0.21899000000000368,0.31899000000000366,0.999576,13.5,0.6805859999999964,0.0,0.0,0.0
2025-09-12 10:00:00,0.11,0.0,1.4899419999999999,1.599942,1.599942,13.5,0.0,0.0,0.0,0.0
2025-09-12 11:00:00,0.13,0.9285846153846156,1.4837103846153847,2.542295,2.542295,13.5,0.0,0.0,0.0,0.0
2025-09-12 12:00:00,0.31,0.9285846153846156,2.5048163846153844,3.743401,3.743401,13.5,0.0,0.0,0.0,0.0
2025-09-12 13:00:00,0.2,0.9285846153846156,3.5958053846153852,4.7243900000000005,4.7243900000000005,13.5,0.0,0.0,0.0,0.0
2025-09-12 14:00:00,0.43,0.0,2.071909,2.501909,2.501909,13.5,0.0,0.0,0.0,0.0
2025-09-12 15:00:00,0.15,0.0,0.2920747692307728,0.4420747692307728,1.4642950000000001,13.5,0.0,0.0,0.0,1.0222202307692274
2025-09-12 16:00:00,0.2299999999999999,0.0,0.0,0.2299999999999999,0.664101,13.5,0.0,0.0,0.0,0.4341010000000002
2025-09-12 17:00:00,0.2299999999999999,0.0,0.0,0.2299999999999999,0.192592,13.462592,0.0,0.037407999999999886,0.0,0.0
2025-09-12 18:00:00,1.49,0.0,0.0,1.49,0.0,11.972592,0.0,1.49,0.0,0.0
2025-09-12 19:00:00,0.1699999999999999,0.0,0.0,0.1699999999999999,0.0,11.802592,0.0,0.1699999999999999,0.0,0.0
2025-09-12 20:00:00,0.2,0.0,0.0,0.2,0.0,11.602592000000001,0.0,0.2,0.0,0.0
2025-09-12 21:00:00,0.16,0.0,0.0,0.16,0.0,11.442592000000001,0.0,0.16,0.0,0.0
2025-09-12 22:00:00,0.29,0.0,0.0,0.29,0.0,11.152592000000002,0.0,0.29,0.0,0.0
2025-09-12 23:00:00,0.13,0.0,0.0,0.13,0.0,11.022592000000001,0.0,0.13,0.0,0.0
2025-09-13 00:00:00,0.12,0.0,0.0,0.12,0.0,10.902592000000002,0.0,0.12,0.0,0.0
2025-09-13 01:00:00,0.1,0.0,0.0,0.1,0.0,10.802592000000002,0.0,0.1,0.0,0.0
2025-09-13 02:00:00,0.1,0.0,0.0,0.1,0.0,10.702592000000003,0.0,0.1,0.0,0.0
2025-09-13 03:00:00,0.48,0.0,0.0,0.48,0.0,10.222592000000002,0.0,0.48,0.0,0.0
2025-09-13 04:00:00,0.53,0.0,0.0,0.53,0.0,9.692592000000003,0.0,0.53,0.0,0.0
2025-09-13 05:00:00,0.11,0.0,0.0,0.11,0.0,9.582592000000004,0.0,0.11,0.0,0.0
2025-09-13 06:00:00,0.11,0.0,0.0,0.11,0.041904000000000004,9.514496000000003,0.0,0.06809599999999999,0.0,0.0
2025-09-13 07:00:00,0.2,0.0,0.0,0.2,0.230599,9.545095000000003,0.030598999999999987,0.0,0.0,0.0
2025-09-13 08:00:00,0.64,0.0,0.0,0.64,0.535982,9.441077000000003,0.0,0.10401800000000005,0.0,0.0
2025-09-13 09:00:00,0.72,0.0,0.0,0.72,1.135902,9.856979000000003,0.415902,0.0,0.0,0.0
2025-09-13 10:00:00,0.21,0.0,0.0,0.21,1.512755,11.159734000000002,1.302755,0.0,0.0,0.0
2025-09-13 11:00:00,0.12,0.3678276923076923,0.0,0.4878276923076923,1.974254,12.646160307692309,1.4864263076923077,0.0,0.0,0.0
2025-09-13 12:00:00,0.16,0.3678276923076923,0.0,0.5278276923076923,2.704558,13.5,0.853839692307691,0.0,0.0,1.3228906153846167
2025-09-13 13:00:00,0.26,0.3678276923076923,0.0,0.6278276923076923,1.911281,13.5,0.0,0.0,0.0,1.2834533076923078
2025-09-13 14:00:00,0.14,0.0,0.0,0.14,2.274162,13.5,0.0,0.0,0.0,2.134162
2025-09-13 15:00:00,0.12,0.0,0.0,0.12,1.506087,13.5,0.0,0.0,0.0,1.3860869999999998
2025-09-13 16:00:00,0.14,0.0,0.0,0.14,0.631362,13.5,0.0,0.0,0.0,0.49136199999999997
2025-09-13 17:00:00,0.15,0.0,0.0,0.15,0.163869,13.5,0.0,0.0,0.0,0.013868999999999992
2025-09-13 18:00:00,0.14,0.0,0.0,0.14,0.0,13.36,0.0,0.14,0.0,0.0
2025-09-13 19:00:00,0.19,0.0,0.0,0.19,0.0,13.17,0.0,0.19,0.0,0.0
2025-09-13 20:00:00,0.18,0.0,0.0,0.18,0.0,12.99,0.0,0.18,0.0,0.0
2025-09-13 21:00:00,0.15,0.0,0.0,0.15,0.0,12.84,0.0,0.15,0.0,0.0
2025-09-13 22:00:00,0.15,0.0,0.0,0.15,0.0,12.69,0.0,0.15,0.0,0.0
2025-09-13 23:00:00,0.11,0.0,0.0,0.11,0.0,12.58,0.0,0.11,0.0,0.0
2025-09-14 00:00:00,0.1,0.0,0.0,0.1,0.0,12.48,0.0,0.1,0.0,0.0
2025-09-14 01:00:00,0.2,0.0,0.0,0.2,0.0,12.280000000000001,0.0,0.2,0.0,0.0
2025-09-14 02:00:00,0.15,0.0,0.0,0.15,0.0,12.13,0.0,0.15,0.0,0.0
2025-09-14 03:00:00,0.21,0.0,0.0,0.21,0.0,11.92,0.0,0.21,0.0,0.0
2025-09-14 04:00:00,0.23,0.0,0.0,0.23,0.0,11.69,0.0,0.23,0.0,0.0
2025-09-14 05:00:00,0.22,0.0,0.0,0.22,0.0,11.469999999999999,0.0,0.22,0.0,0.0
2025-09-14 06:00:00,0.21,0.0,0.0,0.21,0.046513,11.306512999999999,0.0,0.163487,0.0,0.0
2025-09-14 07:00:00,0.21,0.0,0.0,0.21,0.415132,11.511645,0.205132,0.0,0.0,0.0
2025-09-14 08:00:00,0.21,0.0,0.0,0.21,1.494553,12.796198,1.284553,0.0,0.0,0.0
2025-09-14 09:00:00,0.1,0.0,0.0,0.1,1.550289,13.5,0.7038019999999996,0.0,0.0,0.7464870000000003
2025-09-14 10:00:00,0.14,0.0,0.0,0.14,1.998553,13.5,0.0,0.0,0.0,1.8585530000000001
2025-09-14 11:00:00,0.13,0.3678276923076923,0.0,0.4978276923076923,2.9880709999999997,13.5,0.0,0.0,0.0,2.4902433076923076
2025-09-14 12:00:00,0.16,0.3678276923076923,0.0,0.5278276923076923,3.8475300000000003,13.5,0.0,0.0,0.0,3.319702307692308
2025-09-14 13:00:00,0.11,0.3678276923076923,0.0,0.4778276923076923,3.8856829999999998,13.5,0.0,0.0,0.0,3.4078553076923077
2025-09-14 14:00:00,0.11,0.0,0.0,0.11,3.2461320000000002,13.5,0.0,0.0,0.0,3.1361320000000004
2025-09-14 15:00:00,0.11,0.0,0.0,0.11,2.4216379999999997,13.5,0.0,0.0,0.0,2.311638
2025-09-14 16:00:00,0.11,0.0,0.0,0.11,0.9633339999999999,13.5,0.0,0.0,0.0,0.8533339999999999
2025-09-14 17:00:00,0.1,0.0,0.0,0.1,0.205143,13.5,0.0,0.0,0.0,0.10514299999999999
2025-09-14 18:00:00,0.23,0.0,0.0,0.23,0.0,13.27,0.0,0.23,0.0,0.0
2025-09-14 19:00:00,0.2,0.0,0.0,0.2,0.0,13.07,0.0,0.2,0.0,0.0
2025-09-14 20:00:00,0.37,0.0,0.0,0.37,0.0,12.700000000000001,0.0,0.37,0.0,0.0
2025-09-14 21:00:00,0.3399999999999999,0.0,0.0,0.3399999999999999,0.0,12.360000000000001,0.0,0.3399999999999999,0.0,0.0
2025-09-14 22:00:00,0.22,0.0,0.0,0.22,0.0,12.14,0.0,0.22,0.0,0.0
2025-09-14 23:00:00,0.22,0.0,0.0,0.22,0.0,11.92,0.0,0.22,0.0,0.0
2025-09-15 00:00:00,0.22,0.0,0.0,0.22,0.0,11.7,0.0,0.22,0.0,0.0
2025-09-15 01:00:00,0.12,0.0,0.0,0.12,0.0,11.58,0.0,0.12,0.0,0.0
2025-09-15 02:00:00,0.1,0.0,0.0,0.1,0.0,11.48,0.0,0.1,0.0,0.0
2025-09-15 03:00:00,0.11,0.0,0.0,0.11,0.0,11.370000000000001,0.0,0.11,0.0,0.0
2025-09-15 04:00:00,0.1,0.0,0.0,0.1,0.0,11.270000000000001,0.0,0.1,0.0,0.0
2025-09-15 05:00:00,0.1,0.0,0.0,0.1,0.0,11.170000000000002,0.0,0.1,0.0,0.0
2025-09-15 06:00:00,0.11,0.0,0.0,0.11,0.83417,11.894170000000003,0.72417,0.0,0.0,0.0
2025-09-15 07:00:00,0.12,0.0,0.0,0.12,0.40225,12.176420000000002,0.28225,0.0,0.0,0.0
2025-09-15 08:00:00,0.12,0.0,0.0,0.12,1.238471,13.294891000000002,1.118471,0.0,0.0,0.0
2025-09-15 09:00:00,0.23,0.0,0.0,0.23,4.853356,13.5,0.20510899999999843,0.0,0.0,4.418247000000001
2025-09-15 10:00:00,0.11,0.0,0.0,0.11,5.373442,13.5,0.0,0.0,0.0,5.2634419999999995
2025-09-15 11:00:00,0.1,0.3678276923076923,0.0,0.4678276923076923,5.527687,13.5,0.0,0.0,0.0,5.059859307692308
2025-09-15 12:00:00,0.1,0.3678276923076923,0.0,0.4678276923076923,3.818225,13.5,0.0,0.0,0.0,3.3503973076923077
2025-09-15 13:00:00,0.1,0.3678276923076923,0.0,0.4678276923076923,4.71605,13.5,0.0,0.0,0.0,4.248222307692307
2025-09-15 14:00:00,0.11,0.0,0.0,0.11,3.8328670000000002,13.5,0.0,0.0,0.0,3.7228670000000004
2025-09-15 15:00:00,0.11,0.0,0.0,0.11,2.594171,13.5,0.0,0.0,0.0,2.484171
2025-09-15 16:00:00,0.1,0.0,0.0,0.1,1.021488,13.5,0.0,0.0,0.0,0.921488
2025-09-15 17:00:00,0.12,0.0,0.0,0.12,0.119843,13.499843,0.0,0.00015699999999999048,0.0,0.0
2025-09-15 18:00:00,3.34,0.0,0.0,3.34,0.0,10.159843,0.0,3.34,0.0,0.0
2025-09-15 19:00:00,0.1699999999999999,0.0,0.0,0.1699999999999999,0.0,9.989843,0.0,0.1699999999999999,0.0,0.0
2025-09-15 20:00:00,0.22,0.0,0.0,0.22,0.0,9.769843,0.0,0.22,0.0,0.0
2025-09-15 21:00:00,0.26,0.0,0.0,0.26,0.0,9.509843,0.0,0.26,0.0,0.0
2025-09-15 22:00:00,0.22,0.0,0.0,0.22,0.0,9.289843,0.0,0.22,0.0,0.0
2025-09-15 23:00:00,0.22,0.0,0.0,0.22,0.0,9.069842999999999,0.0,0.22,0.0,0.0
2025-09-16 00:00:00,0.22,0.0,0.0,0.22,0.0,8.849842999999998,0.0,0.22,0.0,0.0
2025-09-16 01:00:00,0.2299999999999999,0.0,0.0,0.2299999999999999,0.0,8.619842999999998,0.0,0.2299999999999999,0.0,0.0
2025-09-16 02:00:00,0.22,0.0,0.0,0.22,0.0,8.399842999999997,0.0,0.22,0.0,0.0
2025-09-16 03:00:00,0.22,0.0,0.0,0.22,0.0,8.179842999999996,0.0,0.22,0.0,0.0
2025-09-16 04:00:00,0.21,0.0,0.0,0.21,0.0,7.9698429999999965,0.0,0.21,0.0,0.0
2025-09-16 05:00:00,0.22,0.0,0.0,0.22,0.0,7.749842999999997,0.0,0.22,0.0,0.0
2025-09-16 06:00:00,0.22,0.0,0.0,0.22,0.026971,7.556813999999997,0.0,0.193029,0.0,0.0
2025-09-16 07:00:00,0.13,0.0,0.0,0.13,1.241811,8.668624999999997,1.1118109999999999,0.0,0.0,0.0
2025-09-16 08:00:00,0.11,0.0,0.0,0.11,1.286342,9.844966999999997,1.176342,0.0,0.0,0.0
2025-09-16 09:00:00,0.09,0.0,0.0,0.09,4.764323999999999,13.5,3.655033000000003,0.0,0.0,1.0192909999999964
2025-09-16 10:00:00,0.11,0.0,0.0,0.11,5.338553,13.5,0.0,0.0,0.0,5.228553
2025-09-16 11:00:00,0.1,0.3678276923076923,0.0,0.4678276923076923,5.481553,13.5,0.0,0.0,0.0,5.013725307692308
2025-09-16 12:00:00,0.11,0.3678276923076923,0.0,0.4778276923076923,5.267364,13.5,0.0,0.0,0.0,4.789536307692307
2025-09-16 13:00:00,0.12,0.3678276923076923,0.0,0.4878276923076923,4.7187719999999995,13.5,0.0,0.0,0.0,4.230944307692307
2025-09-16 14:00:00,0.1399999999999999,0.0,0.0,0.1399999999999999,3.816123,13.5,0.0,0.0,0.0,3.6761230000000005
2025-09-16 15:00:00,0.12,0.0,0.0,0.12,2.554556,13.5,0.0,0.0,0.0,2.4345559999999997
2025-09-16 16:00:00,0.11,0.0,0.0,0.11,0.9855940000000001,13.5,0.0,0.0,0.0,0.8755940000000001
2025-09-16 17:00:00,1.52,0.0,0.0,1.52,0.106936,12.086936,0.0,1.413064,0.0,0.0
2025-09-16 18:00:00,1.38,0.0,0.0,1.38,0.0,10.706935999999999,0.0,1.38,0.0,0.0
2025-09-16 19:00:00,0.15,0.0,0.0,0.15,0.0,10.556935999999999,0.0,0.15,0.0,0.0
2025-09-16 20:00:00,0.2299999999999999,0.0,0.0,0.2299999999999999,0.0,10.326935999999998,0.0,0.2299999999999999,0.0,0.0
2025-09-16 21:00:00,0.36,0.0,0.0,0.36,0.0,9.966935999999999,0.0,0.36,0.0,0.0
2025-09-16 22:00:00,0.6699999999999999,0.0,0.0,0.6699999999999999,0.0,9.296935999999999,0.0,0.6699999999999999,0.0,0.0
2025-09-16 23:00:00,0.73,0.0,0.0,0.73,0.0,8.566935999999998,0.0,0.73,0.0,0.0
2025-09-17 00:00:00,0.2299999999999999,0.0,0.0,0.2299999999999999,0.0,8.336935999999998,0.0,0.2299999999999999,0.0,0.0
2025-09-17 01:00:00,0.22,0.0,0.0,0.22,0.0,8.116935999999997,0.0,0.22,0.0,0.0
2025-09-17 02:00:00,0.22,0.0,0.0,0.22,0.0,7.8969359999999975,0.0,0.22,0.0,0.0
2025-09-17 03:00:00,0.22,0.0,0.0,0.22,0.0,7.676935999999998,0.0,0.22,0.0,0.0
2025-09-17 04:00:00,0.24,0.0,0.0,0.24,0.0,7.4369359999999975,0.0,0.24,0.0,0.0
2025-09-17 05:00:00,0.37,0.0,0.0,0.37,0.0,7.066935999999997,0.0,0.37,0.0,0.0
2025-09-17 06:00:00,0.25,0.0,0.0,0.25,0.82659,7.643525999999998,0.57659,0.0,0.0,0.0
2025-09-17 07:00:00,0.12,0.0,0.0,0.12,2.625895,10.149420999999997,2.5058949999999998,0.0,0.0,0.0
2025-09-17 08:00:00,0.26,0.0,0.3861779999999966,0.6461779999999966,3.996757,13.5,3.3505790000000033,0.0,0.0,0.0
2025-09-17 09:00:00,0.18,0.0,4.706542000000001,4.886542,4.886542,13.5,0.0,0.0,0.0,0.0
2025-09-17 10:00:00,0.18,0.0,5.2052320000000005,5.385232,5.385232,13.5,0.0,0.0,0.0,0.0
2025-09-17 11:00:00,0.18,0.3678276923076923,4.988318307692307,5.536145999999999,5.536146,13.5,0.0,0.0,0.0,0.0
2025-09-17 12:00:00,0.2,0.3678276923076923,4.745526307692308,5.313354,5.313354,13.5,0.0,0.0,0.0,0.0
2025-09-17 13:00:00,0.11,0.3678276923076923,4.298735307692308,4.776563,4.776563,13.5,0.0,0.0,0.0,0.0
2025-09-17 14:00:00,0.11,0.0,3.727989,3.837989,3.837989,13.5,0.0,0.0,0.0,0.0
2025-09-17 15:00:00,0.3,0.0,2.2645030000000004,2.564503,2.564503,13.5,0.0,0.0,0.0,0.0
2025-09-17 16:00:00,0.32,0.0,0.667235,0.9872350000000001,0.987235,13.5,0.0,0.0,0.0,0.0
2025-09-17 17:00:00,0.26,0.0,0.0,0.26,0.11732200000000001,13.357322,0.0,0.142678,0.0,0.0
2025-09-17 18:00:00,0.22,0.0,0.0,0.22,0.0,13.137322,0.0,0.22,0.0,0.0
2025-09-17 19:00:00,0.21,0.0,0.0,0.21,0.0,12.927321999999998,0.0,0.21,0.0,0.0
2025-09-17 20:00:00,0.15,0.0,0.0,0.15,0.0,12.777321999999998,0.0,0.15,0.0,0.0
2025-09-17 21:00:00,0.12,0.0,0.0,0.12,0.0,12.657321999999999,0.0,0.12,0.0,0.0
2025-09-17 22:00:00,0.26,0.0,0.0,0.26,0.0,12.397321999999999,0.0,0.26,0.0,0.0
2025-09-17 23:00:00,0.22,0.0,0.0,0.22,0.0,12.177321999999998,0.0,0.22,0.0,0.0
2025-09-18 00:00:00,0.22,0.0,0.0,0.22,0.0,11.957321999999998,0.0,0.22,0.0,0.0
2025-09-18 01:00:00,0.22,0.0,0.0,0.22,0.0,11.737321999999997,0.0,0.22,0.0,0.0
2025-09-18 02:00:00,0.21,0.0,0.0,0.21,0.0,11.527321999999996,0.0,0.21,0.0,0.0
2025-09-18 03:00:00,0.22,0.0,0.0,0.22,0.0,11.307321999999996,0.0,0.22,0.0,0.0
2025-09-18 04:00:00,0.33,0.0,0.0,0.33,0.0,10.977321999999996,0.0,0.33,0.0,0.0
2025-09-18 05:00:00,0.27,0.0,0.0,0.27,0.0,10.707321999999996,0.0,0.27,0.0,0.0
2025-09-18 06:00:00,0.2299999999999999,0.0,0.0,0.2299999999999999,0.84462,11.321941999999996,0.6146200000000002,0.0,0.0,0.0
2025-09-18 07:00:00,0.22,0.0,0.0,0.22,2.666938,13.5,2.1780580000000036,0.0,0.0,0.26887999999999623
2025-09-18 08:00:00,0.26,0.0,0.0,0.26,3.949651,13.5,0.0,0.0,0.0,3.6896509999999996
2025-09-18 09:00:00,0.5,0.0,0.0,0.5,4.823865,13.5,0.0,0.0,0.0,4.323865
2025-09-18 10:00:00,0.46,0.0,0.0,0.46,5.314856,13.5,0.0,0.0,0.0,4.854856
2025-09-18 11:00:00,0.39,0.9195692307692308,0.0,1.3095692307692308,5.412221,13.5,0.0,0.0,0.0,4.102651769230769
2025-09-18 12:00:00,0.29,0.9195692307692308,0.0,1.2095692307692307,5.203105,13.5,0.0,0.0,0.0,3.9935357692307694
2025-09-18 13:00:00,0.16,0.9195692307692308,0.0,1.0795692307692308,4.633254,13.5,0.0,0.0,0.0,3.5536847692307694
2025-09-18 14:00:00,0.21,0.0,0.0,0.21,3.739191,13.5,0.0,0.0,0.0,3.529191
2025-09-18 15:00:00,0.16,0.0,0.0,0.16,2.507173,13.5,0.0,0.0,0.0,2.3471729999999997
2025-09-18 16:00:00,0.2799999999999999,0.0,0.0,0.2799999999999999,0.954613,13.5,0.0,0.0,0.0,0.6746130000000001
2025-09-18 17:00:00,0.18,0.0,0.0,0.18,0.10106399999999999,13.421064,0.0,0.078936,0.0,0.0
2025-09-18 18:00:00,0.39,0.0,0.0,0.39,0.0,13.031063999999999,0.0,0.39,0.0,0.0
2025-09-18 19:00:00,0.24,0.0,0.0,0.24,0.0,12.791063999999999,0.0,0.24,0.0,0.0
2025-09-18 20:00:00,0.3299999999999999,0.0,0.0,0.3299999999999999,0.0,12.461063999999999,0.0,0.3299999999999999,0.0,0.0
2025-09-18 21:00:00,0.24,0.0,0.0,0.24,0.0,12.221063999999998,0.0,0.24,0.0,0.0
2025-09-18 22:00:00,0.31,0.0,0.0,0.31,0.0,11.911063999999998,0.0,0.31,0.0,0.0
2025-09-18 23:00:00,0.23,0.0,0.0,0.23,0.0,11.681063999999997,0.0,0.23,0.0,0.0
2025-09-19 00:00:00,0.22,0.0,0.0,0.22,0.0,11.461063999999997,0.0,0.22,0.0,0.0
2025-09-19 01:00:00,0.2299999999999999,0.0,0.0,0.2299999999999999,0.0,11.231063999999996,0.0,0.2299999999999999,0.0,0.0
2025-09-19 02:00:00,0.32,0.0,0.0,0.32,0.0,10.911063999999996,0.0,0.32,0.0,0.0
2025-09-19 03:00:00,0.23,0.0,0.0,0.23,0.0,10.681063999999996,0.0,0.23,0.0,0.0
2025-09-19 04:00:00,0.22,0.0,0.0,0.22,0.0,10.461063999999995,0.0,0.22,0.0,0.0
2025-09-19 05:00:00,0.16,0.0,0.0,0.16,0.0,10.301063999999995,0.0,0.16,0.0,0.0
2025-09-19 06:00:00,0.12,0.0,0.0,0.12,0.8379,11.018963999999995,0.7179,0.0,0.0,0.0
2025-09-19 07:00:00,0.23,0.0,0.0,0.23,2.644084,13.433047999999996,2.414084,0.0,0.0,0.0
2025-09-19 08:00:00,0.29,0.0,3.526985999999996,3.816985999999996,3.883938,13.5,0.06695200000000412,0.0,0.0,0.0
2025-09-19 09:00:00,0.16,0.0,4.4512290000000005,4.611229000000001,4.611229000000001,13.5,0.0,0.0,0.0,0.0
2025-09-19 10:00:00,0.11,0.0,4.849832999999999,4.959833,4.959833,13.5,0.0,0.0,0.0,0.0
2025-09-19 11:00:00,0.2,0.9195692307692308,2.1816930769230822,3.301262307692313,5.142472,13.5,0.0,0.0,0.0,1.8412096923076868
2025-09-19 12:00:00,0.14,0.9195692307692308,0.0,1.0595692307692308,5.054753,13.5,0.0,0.0,0.0,3.995183769230769
2025-09-19 13:00:00,0.11,0.9195692307692308,0.0,1.0295692307692308,4.520654,13.5,0.0,0.0,0.0,3.4910847692307696
2025-09-19 14:00:00,0.11,0.0,0.0,0.11,3.6338049999999997,13.5,0.0,0.0,0.0,3.523805
2025-09-19 15:00:00,0.12,0.0,0.0,0.12,2.4256100000000003,13.5,0.0,0.0,0.0,2.30561
2025-09-19 16:00:00,0.11,0.0,0.0,0.11,0.925471,13.5,0.0,0.0,0.0,0.8154710000000001
2025-09-19 17:00:00,0.33,0.0,0.0,0.33,0.119785,13.289785,0.0,0.210215,0.0,0.0
2025-09-19 18:00:00,1.23,0.0,0.0,1.23,0.0,12.059785,0.0,1.23,0.0,0.0
2025-09-19 19:00:00,0.2,0.0,0.0,0.2,0.0,11.859785,0.0,0.2,0.0,0.0
2025-09-19 20:00:00,0.32,0.0,0.0,0.32,0.0,11.539785,0.0,0.32,0.0,0.0
2025-09-19 21:00:00,0.34,0.0,0.0,0.34,0.0,11.199785,0.0,0.34,0.0,0.0
2025-09-19 22:00:00,0.86,0.0,0.0,0.86,0.0,10.339785000000001,0.0,0.86,0.0,0.0
2025-09-19 23:00:00,0.8500000000000001,0.0,0.0,0.8500000000000001,0.0,9.489785000000001,0.0,0.8500000000000001,0.0,0.0
2025-09-20 00:00:00,0.22,0.0,0.0,0.22,0.0,9.269785,0.0,0.22,0.0,0.0
2025-09-20 01:00:00,0.22,0.0,0.0,0.22,0.0,9.049785,0.0,0.22,0.0,0.0
2025-09-20 02:00:00,0.22,0.0,0.0,0.22,0.0,8.829785,0.0,0.22,0.0,0.0
2025-09-20 03:00:00,0.22,0.0,0.0,0.22,0.0,8.609784999999999,0.0,0.22,0.0,0.0
2025-09-20 04:00:00,0.22,0.0,0.0,0.22,0.0,8.389784999999998,0.0,0.22,0.0,0.0
2025-09-20 05:00:00,0.24,0.0,0.0,0.24,0.0,8.149784999999998,0.0,0.24,0.0,0.0
2025-09-20 06:00:00,0.11,0.0,0.0,0.11,0.675188,8.714972999999997,0.565188,0.0,0.0,0.0
2025-09-20 07:00:00,0.2,0.0,0.0,0.2,2.464725,10.979697999999997,2.264725,0.0,0.0,0.0
2025-09-20 08:00:00,0.1,0.0,0.0,0.1,3.723026,13.5,2.5203020000000027,0.0,0.0,1.1027239999999972
2025-09-20 09:00:00,0.22,0.0,0.0,0.22,4.56466,13.5,0.0,0.0,0.0,4.34466
2025-09-20 10:00:00,0.1,0.0,0.0,0.1,5.061037000000001,13.5,0.0,0.0,0.0,4.961037000000001
2025-09-20 11:00:00,0.1,0.6130461538461539,0.0,0.7130461538461539,5.247738999999999,13.5,0.0,0.0,0.0,4.534692846153845
2025-09-20 12:00:00,0.09,0.6130461538461539,0.0,0.7030461538461539,5.106871,13.5,0.0,0.0,0.0,4.403824846153846
2025-09-20 13:00:00,0.18,0.6130461538461539,0.0,0.793046153846154,4.617204,13.5,0.0,0.0,0.0,3.824157846153846
2025-09-20 14:00:00,0.11,0.0,0.0,0.11,3.722984,13.5,0.0,0.0,0.0,3.612984
2025-09-20 15:00:00,0.1,0.0,0.0,0.1,2.482597,13.5,0.0,0.0,0.0,2.382597
2025-09-20 16:00:00,0.39,0.0,0.0,0.39,0.930651,13.5,0.0,0.0,0.0,0.540651
2025-09-20 17:00:00,0.6,0.0,0.0,0.6,0.103104,13.003104,0.0,0.496896,0.0,0.0
2025-09-20 18:00:00,1.8,0.0,0.0,1.8,0.0,11.203104,0.0,1.8,0.0,0.0
2025-09-20 19:00:00,0.23,0.0,0.0,0.23,0.0,10.973104,0.0,0.23,0.0,0.0
2025-09-20 20:00:00,0.29,0.0,0.0,0.29,0.0,10.683104,0.0,0.29,0.0,0.0
2025-09-20 21:00:00,0.27,0.0,0.0,0.27,0.0,10.413104,0.0,0.27,0.0,0.0
2025-09-20 22:00:00,0.26,0.0,0.0,0.26,0.0,10.153104,0.0,0.26,0.0,0.0
2025-09-20 23:00:00,0.2299999999999999,0.0,0.0,0.2299999999999999,0.0,9.923104,0.0,0.2299999999999999,0.0,0.0
2025-09-21 00:00:00,0.22,0.0,0.0,0.22,0.0,9.703104,0.0,0.22,0.0,0.0
2025-09-21 01:00:00,0.22,0.0,0.0,0.22,0.0,9.483103999999999,0.0,0.22,0.0,0.0
2025-09-21 02:00:00,0.22,0.0,0.0,0.22,0.0,9.263103999999998,0.0,0.22,0.0,0.0
2025-09-21 03:00:00,0.31,0.0,0.0,0.31,0.0,8.953103999999998,0.0,0.31,0.0,0.0
2025-09-21 04:00:00,0.26,0.0,0.0,0.26,0.0,8.693103999999998,0.0,0.26,0.0,0.0
2025-09-21 05:00:00,0.22,0.0,0.0,0.22,0.0,8.473103999999998,0.0,0.22,0.0,0.0
2025-09-21 06:00:00,0.21,0.0,0.0,0.21,0.74842,9.011523999999998,0.53842,0.0,0.0,0.0
2025-09-21 07:00:00,0.1,0.0,0.0,0.1,0.514061,9.425584999999998,0.414061,0.0,0.0,0.0
2025-09-21 08:00:00,0.2,0.0,0.0,0.2,1.048845,10.274429999999999,0.8488450000000001,0.0,0.0,0.0
2025-09-21 09:00:00,0.16,0.0,0.0,0.16,1.6826400000000001,11.79707,1.5226400000000002,0.0,0.0,0.0
2025-09-21 10:00:00,0.12,0.0,0.0,0.12,3.5947970000000002,13.5,1.7029300000000003,0.0,0.0,1.7718669999999999
2025-09-21 11:00:00,0.1,0.6130461538461539,0.0,0.7130461538461539,5.311814,13.5,0.0,0.0,0.0,4.598767846153846
2025-09-21 12:00:00,0.1,0.6130461538461539,0.0,0.7130461538461539,2.378748,13.5,0.0,0.0,0.0,1.665701846153846
2025-09-21 13:00:00,0.13,0.6130461538461539,0.0,0.7430461538461539,2.001325,13.5,0.0,0.0,0.0,1.258278846153846
2025-09-21 14:00:00,0.11,0.0,0.0,0.11,1.811907,13.5,0.0,0.0,0.0,1.7019069999999998
2025-09-21 15:00:00,0.36,0.0,0.0,0.36,1.491412,13.5,0.0,0.0,0.0,1.131412
2025-09-21 16:00:00,0.63,0.0,0.0,0.63,0.5482,13.4182,0.0,0.08179999999999998,0.0,0.0
2025-09-21 17:00:00,1.23,0.0,0.0,1.23,0.117883,12.306083000000001,0.0,1.112117,0.0,0.0
2025-09-21 18:00:00,2.09,0.0,0.0,2.09,0.0,10.216083000000001,0.0,2.09,0.0,0.0
2025-09-21 19:00:00,0.28,0.0,0.0,0.28,0.0,9.936083000000002,0.0,0.28,0.0,0.0
2025-09-21 20:00:00,0.33,0.0,0.0,0.33,0.0,9.606083000000002,0.0,0.33,0.0,0.0
2025-09-21 21:00:00,0.31,0.0,0.0,0.31,0.0,9.296083000000001,0.0,0.31,0.0,0.0
2025-09-21 22:00:00,0.25,0.0,0.0,0.25,0.0,9.046083000000001,0.0,0.25,0.0,0.0
2025-09-21 23:00:00,0.12,0.0,0.0,0.12,0.0,8.926083000000002,0.0,0.12,0.0,0.0
2025-09-22 00:00:00,0.11,0.0,0.0,0.11,0.0,8.816083000000003,0.0,0.11,0.0,0.0
2025-09-22 01:00:00,0.11,0.0,0.0,0.11,0.0,8.706083000000003,0.0,0.11,0.0,0.0
2025-09-22 02:00:00,0.1,0.0,0.0,0.1,0.0,8.606083000000003,0.0,0.1,0.0,0.0
2025-09-22 03:00:00,0.11,0.0,0.0,0.11,0.0,8.496083000000004,0.0,0.11,0.0,0.0
2025-09-22 04:00:00,0.11,0.0,0.0,0.11,0.0,8.386083000000005,0.0,0.11,0.0,0.0
2025-09-22 05:00:00,0.11,0.0,0.0,0.11,0.0,8.276083000000005,0.0,0.11,0.0,0.0
2025-09-22 06:00:00,0.1,0.0,0.0,0.1,0.019754,8.195837000000004,0.0,0.08024600000000001,0.0,0.0
2025-09-22 07:00:00,0.11,0.0,0.0,0.11,0.30365499999999995,8.389492000000004,0.19365499999999997,0.0,0.0,0.0
2025-09-22 08:00:00,0.15,0.0,0.0,0.15,1.874204,10.113696000000004,1.724204,0.0,0.0,0.0
2025-09-22 09:00:00,0.15,0.0,0.0,0.15,4.706952,13.5,3.3863039999999955,0.0,0.0,1.1706480000000044
2025-09-22 10:00:00,0.22,0.0,0.0,0.22,3.4760549999999997,13.5,0.0,0.0,0.0,3.2560549999999995
2025-09-22 11:00:00,0.2,0.6130461538461539,0.0,0.813046153846154,5.321257999999999,13.5,0.0,0.0,0.0,4.508211846153845
2025-09-22 12:00:00,0.29,0.6130461538461539,0.0,0.9030461538461538,2.845862,13.5,0.0,0.0,0.0,1.942815846153846
2025-09-22 13:00:00,0.16,0.6130461538461539,0.0,0.7730461538461539,4.549782,13.5,0.0,0.0,0.0,3.7767358461538465
2025-09-22 14:00:00,0.17,0.0,0.0,0.17,3.6708719999999997,13.5,0.0,0.0,0.0,3.5008719999999998
2025-09-22 15:00:00,0.17,0.0,0.0,0.17,2.429411,13.5,0.0,0.0,0.0,2.259411
2025-09-22 16:00:00,0.15,0.0,0.0,0.15,0.76495,13.5,0.0,0.0,0.0,0.61495
2025-09-22 17:00:00,1.43,0.0,0.0,1.43,0.103476,12.173476,0.0,1.326524,0.0,0.0
2025-09-22 18:00:00,2.0,0.0,0.0,2.0,0.0,10.173476,0.0,2.0,0.0,0.0
2025-09-22 19:00:00,0.26,0.0,0.0,0.26,0.0,9.913476000000001,0.0,0.26,0.0,0.0
2025-09-22 20:00:00,0.32,0.0,0.0,0.32,0.0,9.593476,0.0,0.32,0.0,0.0
2025-09-22 21:00:00,0.6599999999999999,0.0,0.0,0.6599999999999999,0.0,8.933476,0.0,0.6599999999999999,0.0,0.0
2025-09-22 22:00:00,0.85,0.0,0.0,0.85,0.0,8.083476000000001,0.0,0.85,0.0,0.0
2025-09-22 23:00:00,0.39,0.0,0.0,0.39,0.0,7.693476000000001,0.0,0.39,0.0,0.0
2025-09-23 00:00:00,0.22,0.0,0.0,0.22,0.0,7.473476000000002,0.0,0.22,0.0,0.0
2025-09-23 01:00:00,0.2299999999999999,0.0,0.0,0.2299999999999999,0.0,7.243476000000002,0.0,0.2299999999999999,0.0,0.0
2025-09-23 02:00:00,0.2299999999999999,0.0,0.0,0.2299999999999999,0.0,7.0134760000000025,0.0,0.2299999999999999,0.0,0.0
2025-09-23 03:00:00,0.2299999999999999,0.0,0.0,0.2299999999999999,0.0,6.783476000000003,0.0,0.2299999999999999,0.0,0.0
2025-09-23 04:00:00,0.22,0.0,0.0,0.22,0.0,6.563476000000003,0.0,0.22,0.0,0.0
2025-09-23 05:00:00,0.22,0.0,0.0,0.22,0.0,6.3434760000000034,0.0,0.22,0.0,0.0
2025-09-23 06:00:00,0.22,0.0,0.0,0.22,0.7425729999999999,6.866049000000004,0.522573,0.0,0.0,0.0
2025-09-23 07:00:00,0.35,0.0,0.0,0.35,0.695182,7.211231000000004,0.345182,0.0,0.0,0.0
2025-09-23 08:00:00,0.39,0.0,0.0,0.39,3.850655,10.671886000000004,3.460655,0.0,0.0,0.0
2025-09-23 09:00:00,0.13,0.0,0.0,0.13,4.685915,13.5,2.828113999999996,0.0,0.0,1.727801000000004
2025-09-23 10:00:00,0.1,0.0,0.0,0.1,5.171691,13.5,0.0,0.0,0.0,5.071691
2025-09-23 11:00:00,0.1,0.3678276923076923,0.0,0.4678276923076923,5.350238,13.5,0.0,0.0,0.0,4.882410307692307
2025-09-23 12:00:00,0.87,0.3678276923076923,0.0,1.2378276923076923,5.183696,13.5,0.0,0.0,0.0,3.945868307692308
2025-09-23 13:00:00,1.36,0.3678276923076923,0.0,1.7278276923076925,4.630049,13.5,0.0,0.0,0.0,2.902221307692307
2025-09-23 14:00:00,1.73,0.0,0.0,1.73,3.731465,13.5,0.0,0.0,0.0,2.001465
2025-09-23 15:00:00,1.28,0.0,0.0,1.28,2.471956,13.5,0.0,0.0,0.0,1.191956
2025-09-23 16:00:00,1.0,0.0,0.0,1.0,0.894394,13.394394,0.0,0.10560599999999998,0.0,0.0
2025-09-23 17:00:00,1.12,0.0,0.0,1.12,0.08909600000000001,12.36349,0.0,1.030904,0.0,0.0
2025-09-23 18:00:00,3.36,0.0,0.0,3.36,0.0,9.003490000000001,0.0,3.36,0.0,0.0
2025-09-23 19:00:00,0.31,0.0,0.0,0.31,0.0,8.69349,0.0,0.31,0.0,0.0
2025-09-23 20:00:00,0.42,0.0,0.0,0.42,0.0,8.27349,0.0,0.42,0.0,0.0
2025-09-23 21:00:00,0.36,0.0,0.0,0.36,0.0,7.91349,0.0,0.36,0.0,0.0
2025-09-23 22:00:00,0.29,0.0,0.0,0.29,0.0,7.62349,0.0,0.29,0.0,0.0
2025-09-23 23:00:00,0.22,0.0,0.0,0.22,0.0,7.403490000000001,0.0,0.22,0.0,0.0
2025-09-24 00:00:00,0.22,0.0,0.0,0.22,0.0,7.183490000000001,0.0,0.22,0.0,0.0
2025-09-24 01:00:00,0.2299999999999999,0.0,0.0,0.2299999999999999,0.0,6.953490000000001,0.0,0.2299999999999999,0.0,0.0
2025-09-24 02:00:00,0.2299999999999999,0.0,0.0,0.2299999999999999,0.0,6.723490000000002,0.0,0.2299999999999999,0.0,0.0
2025-09-24 03:00:00,0.25,0.0,0.0,0.25,0.0,6.473490000000002,0.0,0.25,0.0,0.0
2025-09-24 04:00:00,0.22,0.0,0.0,0.22,0.0,6.253490000000002,0.0,0.22,0.0,0.0
2025-09-24 05:00:00,0.22,0.0,0.0,0.22,0.0,6.033490000000002,0.0,0.22,0.0,0.0
2025-09-24 06:00:00,0.22,0.0,0.0,0.22,0.078194,5.891684000000002,0.0,0.141806,0.0,0.0
2025-09-24 07:00:00,0.26,0.0,0.0,0.26,0.430614,6.062298000000002,0.170614,0.0,0.0,0.0
2025-09-24 08:00:00,0.33,0.0,0.0,0.33,1.686788,7.419086000000002,1.3567879999999999,0.0,0.0,0.0
2025-09-24 09:00:00,0.15,0.0,0.0,0.15,1.9841010000000001,9.253187000000002,1.8341010000000002,0.0,0.0,0.0
2025-09-24 10:00:00,0.13,0.0,0.0,0.13,3.011753,12.134940000000002,2.8817530000000002,0.0,0.0,0.0
2025-09-24 11:00:00,0.13,0.3678276923076923,1.6562753076923098,2.154103000000002,3.519163,13.5,1.365059999999998,0.0,0.0,0.0
2025-09-24 12:00:00,0.13,0.3678276923076923,2.5780373076923073,3.0758649999999994,3.075865,13.5,0.0,0.0,0.0,0.0
2025-09-24 13:00:00,0.13,0.3678276923076923,2.0207423076923074,2.5185699999999995,2.51857,13.5,0.0,0.0,0.0,0.0
2025-09-24 14:00:00,0.14,0.0,1.5406119999999999,1.680612,1.680612,13.5,0.0,0.0,0.0,0.0
2025-09-24 15:00:00,0.14,0.0,0.9280989999999999,1.068099,1.068099,13.5,0.0,0.0,0.0,0.0
2025-09-24 16:00:00,0.14,0.0,0.21524900000000002,0.35524900000000004,0.35524900000000004,13.5,0.0,0.0,0.0,0.0
2025-09-24 17:00:00,0.14,0.0,0.0,0.14,0.032699,13.392699,0.0,0.10730100000000001,0.0,0.0
2025-09-24 18:00:00,0.2,0.0,0.0,0.2,0.0,13.192699000000001,0.0,0.2,0.0,0.0
2025-09-24 19:00:00,0.35,0.0,0.0,0.35,0.0,12.842699000000001,0.0,0.35,0.0,0.0
2025-09-24 20:00:00,0.22,0.0,0.0,0.22,0.0,12.622699,0.0,0.22,0.0,0.0
2025-09-24 21:00:00,0.14,0.0,0.0,0.14,0.0,12.482699,0.0,0.14,0.0,0.0
2025-09-24 22:00:00,0.25,0.0,0.0,0.25,0.0,12.232699,0.0,0.25,0.0,0.0
2025-09-24 23:00:00,0.22,0.0,0.0,0.22,0.0,12.012699,0.0,0.22,0.0,0.0
2025-09-25 00:00:00,0.22,0.0,0.0,0.22,0.0,11.792698999999999,0.0,0.22,0.0,0.0
2025-09-25 01:00:00,0.22,0.0,0.0,0.22,0.0,11.572698999999998,0.0,0.22,0.0,0.0
2025-09-25 02:00:00,0.22,0.0,0.0,0.22,0.0,11.352698999999998,0.0,0.22,0.0,0.0
2025-09-25 03:00:00,0.22,0.0,0.0,0.22,0.0,11.132698999999997,0.0,0.22,0.0,0.0
2025-09-25 04:00:00,0.22,0.0,0.0,0.22,0.0,10.912698999999996,0.0,0.22,0.0,0.0
2025-09-25 05:00:00,0.22,0.0,0.0,0.22,0.0,10.692698999999996,0.0,0.22,0.0,0.0
2025-09-25 06:00:00,0.2299999999999999,0.0,0.0,0.2299999999999999,0.047880000000000006,10.510578999999996,0.0,0.1821199999999999,0.0,0.0
2025-09-25 07:00:00,0.22,0.0,0.0,0.22,0.222736,10.513314999999997,0.0027359999999999884,0.0,0.0,0.0
2025-09-25 08:00:00,0.19,0.0,0.0,0.19,0.643471,10.966785999999997,0.453471,0.0,0.0,0.0
2025-09-25 09:00:00,0.37,0.0,0.0,0.37,1.511412,12.108197999999998,1.1414119999999999,0.0,0.0,0.0
2025-09-25 10:00:00,0.51,0.0,0.0,0.51,1.99621,13.5,1.391802000000002,0.0,0.0,0.09440799999999805
2025-09-25 11:00:00,0.5800000000000001,0.3678276923076923,0.0,0.9478276923076924,2.1771469999999997,13.5,0.0,0.0,0.0,1.2293193076923075
2025-09-25 12:00:00,0.34,0.3678276923076923,0.0,0.7078276923076923,2.680466,13.5,0.0,0.0,0.0,1.9726383076923077
2025-09-25 13:00:00,0.27,0.3678276923076923,0.0,0.6378276923076923,2.2342779999999998,13.5,0.0,0.0,0.0,1.5964503076923076
2025-09-25 14:00:00,0.26,0.0,0.0,0.26,1.6811099999999999,13.5,0.0,0.0,0.0,1.4211099999999999
2025-09-25 15:00:00,0.44,0.0,0.0,0.44,1.048125,13.5,0.0,0.0,0.0,0.608125
2025-09-25 16:00:00,0.26,0.0,0.0,0.26,0.395019,13.5,0.0,0.0,0.0,0.135019
2025-09-25 17:00:00,0.22,0.0,0.0,0.22,0.022946,13.302946,0.0,0.197054,0.0,0.0
2025-09-25 18:00:00,0.39,0.0,0.0,0.39,0.0,12.912946,0.0,0.39,0.0,0.0
2025-09-25 19:00:00,0.3,0.0,0.0,0.3,0.0,12.612945999999999,0.0,0.3,0.0,0.0
2025-09-25 20:00:00,0.28,0.0,0.0,0.28,0.0,12.332946,0.0,0.28,0.0,0.0
2025-09-25 21:00:00,0.64,0.0,0.0,0.64,0.0,11.692946,0.0,0.64,0.0,0.0
2025-09-25 22:00:00,0.75,0.0,0.0,0.75,0.0,10.942946,0.0,0.75,0.0,0.0
2025-09-25 23:00:00,0.22,0.0,0.0,0.22,0.0,10.722945999999999,0.0,0.22,0.0,0.0
2025-09-26 00:00:00,0.22,0.0,0.0,0.22,0.0,10.502945999999998,0.0,0.22,0.0,0.0
2025-09-26 01:00:00,0.22,0.0,0.0,0.22,0.0,10.282945999999997,0.0,0.22,0.0,0.0
2025-09-26 02:00:00,0.22,0.0,0.0,0.22,0.0,10.062945999999997,0.0,0.22,0.0,0.0
2025-09-26 03:00:00,0.19,0.0,0.0,0.19,0.0,9.872945999999997,0.0,0.19,0.0,0.0
2025-09-26 04:00:00,0.11,0.0,0.0,0.11,0.0,9.762945999999998,0.0,0.11,0.0,0.0
2025-09-26 05:00:00,0.11,0.0,0.0,0.11,0.0,9.652945999999998,0.0,0.11,0.0,0.0
2025-09-26 06:00:00,0.11,0.0,0.0,0.11,0.0,9.542945999999999,0.0,0.11,0.0,0.0
2025-09-26 07:00:00,0.1,0.0,0.0,0.1,0.100755,9.543700999999999,0.0007549999999999918,0.0,0.0,0.0
2025-09-26 08:00:00,0.12,0.0,0.0,0.12,0.382884,9.806584999999998,0.262884,0.0,0.0,0.0
2025-09-26 09:00:00,0.14,0.0,0.0,0.14,0.720534,10.387118999999998,0.580534,0.0,0.0,0.0
2025-09-26 10:00:00,0.2799999999999999,0.0,0.0,0.2799999999999999,1.068462,11.175581,0.7884620000000001,0.0,0.0,0.0
2025-09-26 11:00:00,0.21,0.3678276923076923,0.0,0.5778276923076923,1.8948340000000001,12.492587307692308,1.3170063076923078,0.0,0.0,0.0
2025-09-26 12:00:00,0.32,0.3678276923076923,0.41199961538461527,1.0998273076923075,2.10724,13.5,1.0074126923076925,0.0,0.0,0.0
2025-09-26 13:00:00,0.21,0.3678276923076923,1.3352773076923077,1.9131049999999998,1.913105,13.5,0.0,0.0,0.0,0.0
2025-09-26 14:00:00,0.15,0.0,1.273692,1.423692,1.423692,13.5,0.0,0.0,0.0,0.0
2025-09-26 15:00:00,0.24,0.0,0.48413800000000007,0.7241380000000001,0.7241380000000001,13.5,0.0,0.0,0.0,0.0
2025-09-26 16:00:00,0.4,0.0,0.0,0.4,0.361808,13.461808,0.0,0.038192000000000004,0.0,0.0
2025-09-26 17:00:00,0.3,0.0,0.0,0.3,0.039415,13.201222999999999,0.0,0.260585,0.0,0.0
2025-09-26 18:00:00,0.2,0.0,0.0,0.2,0.0,13.001223,0.0,0.2,0.0,0.0
2025-09-26 19:00:00,0.15,0.0,0.0,0.15,0.0,12.851223,0.0,0.15,0.0,0.0
2025-09-26 20:00:00,0.4,0.0,0.0,0.4,0.0,12.451222999999999,0.0,0.4,0.0,0.0
2025-09-26 21:00:00,0.31,0.0,0.0,0.31,0.0,12.141222999999998,0.0,0.31,0.0,0.0
2025-09-26 22:00:00,0.24,0.0,0.0,0.24,0.0,11.901222999999998,0.0,0.24,0.0,0.0
2025-09-26 23:00:00,0.22,0.0,0.0,0.22,0.0,11.681222999999997,0.0,0.22,0.0,0.0
2025-09-27 00:00:00,0.2299999999999999,0.0,0.0,0.2299999999999999,0.0,11.451222999999997,0.0,0.2299999999999999,0.0,0.0
2025-09-27 01:00:00,0.22,0.0,0.0,0.22,0.0,11.231222999999996,0.0,0.22,0.0,0.0
2025-09-27 02:00:00,0.21,0.0,0.0,0.21,0.0,11.021222999999996,0.0,0.21,0.0,0.0
2025-09-27 03:00:00,0.22,0.0,0.0,0.22,0.0,10.801222999999995,0.0,0.22,0.0,0.0
2025-09-27 04:00:00,0.22,0.0,0.0,0.22,0.0,10.581222999999994,0.0,0.22,0.0,0.0
2025-09-27 05:00:00,0.5900000000000001,0.0,0.0,0.5900000000000001,0.0,9.991222999999994,0.0,0.5900000000000001,0.0,0.0
2025-09-27 06:00:00,0.11,0.0,0.0,0.11,0.0,9.881222999999995,0.0,0.11,0.0,0.0
2025-09-27 07:00:00,0.22,0.0,0.0,0.22,0.665421,10.326643999999995,0.44542100000000007,0.0,0.0,0.0
2025-09-27 08:00:00,0.38,0.0,0.0,0.38,0.135783,10.082426999999994,0.0,0.24421700000000002,0.0,0.0
2025-09-27 09:00:00,0.12,0.0,0.0,0.12,2.618124,12.580550999999993,2.498124,0.0,0.0,0.0
2025-09-27 10:00:00,0.11,0.0,0.0,0.11,0.892876,13.363426999999993,0.782876,0.0,0.0,0.0
2025-09-27 11:00:00,0.21,0.3678276923076923,1.5962453076923007,2.174072999999993,2.310646,13.5,0.13657300000000738,0.0,0.0,0.0
2025-09-27 12:00:00,1.16,0.3678276923076923,0.3851253076923076,1.912953,1.912953,13.5,0.0,0.0,0.0,0.0
2025-09-27 13:00:00,1.18,0.3678276923076923,0.04817730769230777,1.5960050000000001,1.5960050000000001,13.5,0.0,0.0,0.0,0.0
2025-09-27 14:00:00,0.14,0.0,0.8655370000000001,1.0055370000000001,1.0055370000000001,13.5,0.0,0.0,0.0,0.0
2025-09-27 15:00:00,0.12,0.0,0.810034,0.930034,0.930034,13.5,0.0,0.0,0.0,0.0
2025-09-27 16:00:00,0.11,0.0,0.708376,0.818376,0.818376,13.5,0.0,0.0,0.0,0.0
2025-09-27 17:00:00,0.1,0.0,0.0,0.1,0.081819,13.481819,0.0,0.018181000000000003,0.0,0.0
2025-09-27 18:00:00,0.38,0.0,0.0,0.38,0.0,13.101818999999999,0.0,0.38,0.0,0.0
2025-09-27 19:00:00,0.23,0.0,0.0,0.23,0.0,12.871818999999999,0.0,0.23,0.0,0.0
2025-09-27 20:00:00,0.22,0.0,0.0,0.22,0.0,12.651818999999998,0.0,0.22,0.0,0.0
2025-09-27 21:00:00,0.14,0.0,0.0,0.14,0.0,12.511818999999997,0.0,0.14,0.0,0.0
2025-09-27 22:00:00,0.22,0.0,0.0,0.22,0.0,12.291818999999997,0.0,0.22,0.0,0.0
2025-09-27 23:00:00,0.31,0.0,0.0,0.31,0.0,11.981818999999996,0.0,0.31,0.0,0.0
2025-09-28 00:00:00,0.25,0.0,0.0,0.25,0.0,11.731818999999996,0.0,0.25,0.0,0.0
2025-09-28 01:00:00,0.22,0.0,0.0,0.22,0.0,11.511818999999996,0.0,0.22,0.0,0.0
2025-09-28 02:00:00,0.22,0.0,0.0,0.22,0.0,11.291818999999995,0.0,0.22,0.0,0.0
2025-09-28 03:00:00,0.21,0.0,0.0,0.21,0.0,11.081818999999994,0.0,0.21,0.0,0.0
2025-09-28 04:00:00,0.1,0.0,0.0,0.1,0.0,10.981818999999994,0.0,0.1,0.0,0.0
2025-09-28 05:00:00,0.11,0.0,0.0,0.11,0.0,10.871818999999995,0.0,0.11,0.0,0.0
2025-09-28 06:00:00,0.18,0.0,0.0,0.18,0.460314,11.152132999999996,0.280314,0.0,0.0,0.0
2025-09-28 07:00:00,0.2,0.0,0.0,0.2,0.291505,11.243637999999995,0.091505,0.0,0.0,0.0
2025-09-28 08:00:00,0.2299999999999999,0.0,0.0,0.2299999999999999,1.517827,12.531464999999995,1.287827,0.0,0.0,0.0
2025-09-28 09:00:00,0.22,0.0,0.6334639999999954,0.8534639999999953,1.821999,13.5,0.9685350000000046,0.0,0.0,0.0
2025-09-28 10:00:00,2.3200000000000003,0.0,0.0,2.3200000000000003,1.372291,12.552291,0.0,0.9477090000000004,0.0,0.0
2025-09-28 11:00:00,2.81,0.4597846153846154,0.0,3.2697846153846153,1.784201,11.066707384615384,0.0,1.4855836153846154,0.0,0.0
2025-09-28 12:00:00,0.38,0.4597846153846154,1.807958769230769,2.647743384615384,5.081036,13.5,2.433292615384616,0.0,0.0,0.0
2025-09-28 13:00:00,0.69,0.4597846153846154,3.3513353846153846,4.50112,4.50112,13.5,0.0,0.0,0.0,0.0
2025-09-28 14:00:00,1.18,0.0,2.3866899999999998,3.5666899999999995,3.56669,13.5,0.0,0.0,0.0,0.0
2025-09-28 15:00:00,1.18,0.0,1.117033,2.297033,2.297033,13.5,0.0,0.0,0.0,0.0
2025-09-28 16:00:00,1.24,0.0,0.0,1.24,0.787702,13.047702,0.0,0.452298,0.0,0.0
2025-09-28 17:00:00,1.39,0.0,0.0,1.39,0.061563,11.719265,0.0,1.3284369999999999,0.0,0.0
2025-09-28 18:00:00,1.91,0.0,0.0,1.91,0.0,9.809265,0.0,1.91,0.0,0.0
2025-09-28 19:00:00,1.29,0.0,0.0,1.29,0.0,8.519265,0.0,1.29,0.0,0.0
2025-09-28 20:00:00,1.25,0.0,0.0,1.25,0.0,7.269265000000001,0.0,1.25,0.0,0.0
2025-09-28 21:00:00,1.19,0.0,0.0,1.19,0.0,6.079265000000001,0.0,1.19,0.0,0.0
2025-09-28 22:00:00,1.61,0.0,0.0,1.61,0.0,4.469265000000001,0.0,1.61,0.0,0.0
2025-09-28 23:00:00,1.74,0.0,0.0,1.74,0.0,2.7292650000000007,0.0,1.74,0.0,0.0
2025-09-29 00:00:00,1.25,0.0,0.0,1.25,0.0,1.4792650000000007,0.0,1.25,0.0,0.0
2025-09-29 01:00:00,1.19,0.0,0.0,1.19,0.0,0.28926500000000077,0.0,1.19,0.0,0.0
2025-09-29 02:00:00,1.19,0.0,0.0,1.19,0.0,0.0,0.0,0.28926500000000077,0.9007349999999992,0.0
2025-09-29 03:00:00,1.19,0.0,0.0,1.19,0.0,0.0,0.0,0.0,1.19,0.0
2025-09-29 04:00:00,1.19,0.0,0.0,1.19,0.0,0.0,0.0,0.0,1.19,0.0
2025-09-29 05:00:00,1.19,0.0,0.0,1.19,0.0,0.0,0.0,0.0,1.19,0.0
2025-09-29 06:00:00,1.2,0.0,0.0,1.2,0.412006,0.0,0.0,0.0,0.787994,0.0
2025-09-29 07:00:00,1.27,0.0,0.0,1.27,0.41880599999999996,0.0,0.0,0.0,0.851194,0.0
2025-09-29 08:00:00,0.42,0.0,0.0,0.42,1.023906,0.603906,0.603906,0.0,0.0,0.0
2025-09-29 09:00:00,0.1,0.0,0.0,0.1,4.598005,5.101911,4.498005,0.0,0.0,0.0
2025-09-29 10:00:00,0.11,0.0,0.0,0.11,5.133482,10.101911000000001,5.0,0.0,0.0,0.02348199999999956
2025-09-29 11:00:00,0.14,0.4597846153846154,0.0,0.5997846153846154,5.308368000000001,13.5,3.398088999999999,0.0,0.0,1.310494384615387
2025-09-29 12:00:00,0.14,0.4597846153846154,0.0,0.5997846153846154,5.112284,13.5,0.0,0.0,0.0,4.512499384615385
2025-09-29 13:00:00,0.18,0.4597846153846154,0.0,0.6397846153846154,4.547469,13.5,0.0,0.0,0.0,3.907684384615385
2025-09-29 14:00:00,0.22,0.0,0.0,0.22,3.591698,13.5,0.0,0.0,0.0,3.371698
2025-09-29 15:00:00,0.1699999999999999,0.0,0.0,0.1699999999999999,2.293186,13.5,0.0,0.0,0.0,2.123186
2025-09-29 16:00:00,0.14,0.0,0.0,0.14,0.775986,13.5,0.0,0.0,0.0,0.6359859999999999
2025-09-29 17:00:00,2.11,0.0,0.0,2.11,0.048047,11.438047000000001,0.0,2.061953,0.0,0.0
2025-09-29 18:00:00,0.72,0.0,0.0,0.72,0.0,10.718047,0.0,0.72,0.0,0.0
2025-09-29 19:00:00,0.28,0.0,0.0,0.28,0.0,10.438047000000001,0.0,0.28,0.0,0.0
2025-09-29 20:00:00,0.29,0.0,0.0,0.29,0.0,10.148047000000002,0.0,0.29,0.0,0.0
2025-09-29 21:00:00,0.25,0.0,0.0,0.25,0.0,9.898047000000002,0.0,0.25,0.0,0.0
2025-09-29 22:00:00,0.24,0.0,0.0,0.24,0.0,9.658047000000002,0.0,0.24,0.0,0.0
2025-09-29 23:00:00,0.22,0.0,0.0,0.22,0.0,9.438047000000001,0.0,0.22,0.0,0.0
2025-09-30 00:00:00,0.2299999999999999,0.0,0.0,0.2299999999999999,0.0,9.208047,0.0,0.2299999999999999,0.0,0.0
2025-09-30 01:00:00,0.22,0.0,0.0,0.22,0.0,8.988047,0.0,0.22,0.0,0.0
2025-09-30 02:00:00,0.22,0.0,0.0,0.22,0.0,8.768047,0.0,0.22,0.0,0.0
2025-09-30 03:00:00,0.2299999999999999,0.0,0.0,0.2299999999999999,0.0,8.538046999999999,0.0,0.2299999999999999,0.0,0.0
2025-09-30 04:00:00,0.12,0.0,0.0,0.12,0.0,8.418047,0.0,0.12,0.0,0.0
2025-09-30 05:00:00,0.11,0.0,0.0,0.11,0.0,8.308047,0.0,0.11,0.0,0.0
2025-09-30 06:00:00,0.15,0.0,0.0,0.15,0.277286,8.435333,0.12728599999999998,0.0,0.0,0.0
2025-09-30 07:00:00,0.34,0.0,0.0,0.34,2.18506,10.280393,1.84506,0.0,0.0,0.0
2025-09-30 08:00:00,0.12,0.0,0.0,0.12,3.5732109999999997,13.5,3.219607,0.0,0.0,0.2336039999999997
2025-09-30 09:00:00,0.1,0.0,0.0,0.1,4.473875,13.5,0.0,0.0,0.0,4.373875
2025-09-30 10:00:00,0.1,0.0,0.0,0.1,4.981028,13.5,0.0,0.0,0.0,4.881028000000001
2025-09-30 11:00:00,0.1,0.4597846153846154,0.0,0.5597846153846154,5.186515,13.5,0.0,0.0,0.0,4.626730384615384
2025-09-30 12:00:00,0.1,0.4597846153846154,0.0,0.5597846153846154,5.006908999999999,13.5,0.0,0.0,0.0,4.447124384615384
2025-09-30 13:00:00,0.1,0.4597846153846154,0.0,0.5597846153846154,4.420705,13.5,0.0,0.0,0.0,3.8609203846153846
2025-09-30 14:00:00,0.1,0.0,0.0,0.1,3.478901,13.5,0.0,0.0,0.0,3.378901
2025-09-30 15:00:00,0.11,0.0,0.0,0.11,2.195666,13.5,0.0,0.0,0.0,2.0856660000000002
2025-09-30 16:00:00,0.11,0.0,0.0,0.11,0.7300180000000001,13.5,0.0,0.0,0.0,0.6200180000000001
2025-09-30 17:00:00,1.0,0.0,0.0,1.0,0.030331,12.530331,0.0,0.969669,0.0,0.0
2025-09-30 18:00:00,2.48,0.0,0.0,2.48,0.0,10.050331,0.0,2.48,0.0,0.0
2025-09-30 19:00:00,0.39,0.0,0.0,0.39,0.0,9.660331,0.0,0.39,0.0,0.0
2025-09-30 20:00:00,0.27,0.0,0.0,0.27,0.0,9.390331,0.0,0.27,0.0,0.0
2025-09-30 21:00:00,0.3,0.0,0.0,0.3,0.0,9.090330999999999,0.0,0.3,0.0,0.0
2025-09-30 22:00:00,0.36,0.0,0.0,0.36,0.0,8.730331,0.0,0.36,0.0,0.0
2025-09-30 23:00:00,0.26,0.0,0.0,0.26,0.0,8.470331,0.0,0.26,0.0,0.0
2025-10-01 00:00:00,0.22,0.0,0.0,0.22,0.0,8.250331,0.0,0.22,0.0,0.0
2025-10-01 01:00:00,0.2299999999999999,0.0,0.0,0.2299999999999999,0.0,8.020330999999999,0.0,0.2299999999999999,0.0,0.0
2025-10-01 02:00:00,0.22,0.0,0.0,0.22,0.0,7.800330999999999,0.0,0.22,0.0,0.0
2025-10-01 03:00:00,0.23,0.0,0.0,0.23,0.0,7.570330999999999,0.0,0.23,0.0,0.0
2025-10-01 04:00:00,0.22,0.0,0.0,0.22,0.0,7.350330999999999,0.0,0.22,0.0,0.0
2025-10-01 05:00:00,0.22,0.0,0.0,0.22,0.0,7.130330999999999,0.0,0.22,0.0,0.0
2025-10-01 06:00:00,0.31,0.0,0.0,0.31,0.342928,7.163258999999999,0.03292800000000001,0.0,0.0,0.0
2025-10-01 07:00:00,0.29,0.0,0.0,0.29,2.3115279999999996,9.184786999999998,2.0215279999999995,0.0,0.0,0.0
2025-10-01 08:00:00,0.2299999999999999,0.0,0.0,0.2299999999999999,3.6405529999999997,12.595339999999998,3.4105529999999997,0.0,0.0,0.0
2025-10-01 09:00:00,0.2299999999999999,0.0,3.3090899999999985,3.5390899999999985,4.44375,13.5,0.9046600000000016,0.0,0.0,0.0
2025-10-01 10:00:00,0.2299999999999999,0.0,4.644272,4.8742719999999995,4.8742719999999995,13.5,0.0,0.0,0.0,0.0
2025-10-01 11:00:00,0.22,0.4597846153846154,4.217440384615385,4.897225000000001,4.897225000000001,13.5,0.0,0.0,0.0,0.0
2025-10-01 12:00:00,0.22,0.4597846153846154,4.026447384615384,4.706232,4.706232,13.5,0.0,0.0,0.0,0.0
2025-10-01 13:00:00,0.22,0.4597846153846154,3.5377833846153846,4.217568,4.217568,13.5,0.0,0.0,0.0,0.0
2025-10-01 14:00:00,0.22,0.0,3.1864329999999996,3.406433,3.406433,13.5,0.0,0.0,0.0,0.0
2025-10-01 15:00:00,0.22,0.0,1.963418,2.183418,2.183418,13.5,0.0,0.0,0.0,0.0
2025-10-01 16:00:00,0.22,0.0,0.48970899999999995,0.7097089999999999,0.7097089999999999,13.5,0.0,0.0,0.0,0.0
2025-10-01 17:00:00,1.93,0.0,0.0,1.93,0.023982,11.593982,0.0,1.906018,0.0,0.0
2025-10-01 18:00:00,1.09,0.0,0.0,1.09,0.0,10.503982,0.0,1.09,0.0,0.0
2025-10-01 19:00:00,0.41,0.0,0.0,0.41,0.0,10.093982,0.0,0.41,0.0,0.0
2025-10-01 20:00:00,0.71,0.0,0.0,0.71,0.0,9.383982,0.0,0.71,0.0,0.0
2025-10-01 21:00:00,1.0,0.0,0.0,1.0,0.0,8.383982,0.0,1.0,0.0,0.0
2025-10-01 22:00:00,1.11,0.0,0.0,1.11,0.0,7.273981999999999,0.0,1.11,0.0,0.0
2025-10-01 23:00:00,0.2299999999999999,0.0,0.0,0.2299999999999999,0.0,7.043982,0.0,0.2299999999999999,0.0,0.0
2025-10-02 00:00:00,0.2299999999999999,0.0,0.0,0.2299999999999999,0.0,6.813982,0.0,0.2299999999999999,0.0,0.0
2025-10-02 01:00:00,0.2299999999999999,0.0,0.0,0.2299999999999999,0.0,6.583982000000001,0.0,0.2299999999999999,0.0,0.0
2025-10-02 02:00:00,0.2299999999999999,0.0,0.0,0.2299999999999999,0.0,6.353982000000001,0.0,0.2299999999999999,0.0,0.0
2025-10-02 03:00:00,0.2299999999999999,0.0,0.0,0.2299999999999999,0.0,6.123982000000002,0.0,0.2299999999999999,0.0,0.0
2025-10-02 04:00:00,0.2299999999999999,0.0,0.0,0.2299999999999999,0.0,5.893982000000002,0.0,0.2299999999999999,0.0,0.0
2025-10-02 05:00:00,0.2299999999999999,0.0,0.0,0.2299999999999999,0.0,5.6639820000000025,0.0,0.2299999999999999,0.0,0.0
2025-10-02 06:00:00,0.26,0.0,0.0,0.26,0.378634,5.782616000000003,0.11863400000000002,0.0,0.0,0.0
2025-10-02 07:00:00,0.2,0.0,0.0,0.2,2.42493,8.007546000000001,2.2249299999999996,0.0,0.0,0.0
2025-10-02 08:00:00,0.11,0.0,0.0,0.11,3.690448,11.587994000000002,3.580448,0.0,0.0,0.0
2025-10-02 09:00:00,0.1,0.0,0.0,0.1,4.418057,13.5,1.912005999999998,0.0,0.0,2.4060510000000024
2025-10-02 10:00:00,0.11,0.0,0.0,0.11,4.869136999999999,13.5,0.0,0.0,0.0,4.759136999999999
2025-10-02 11:00:00,0.11,0.3714338461538462,0.0,0.4814338461538462,5.03064,13.5,0.0,0.0,0.0,4.5492061538461535
2025-10-02 12:00:00,0.11,0.3714338461538462,0.0,0.4814338461538462,4.854398,13.5,0.0,0.0,0.0,4.372964153846153
2025-10-02 13:00:00,0.11,0.3714338461538462,0.0,0.4814338461538462,4.341302,13.5,0.0,0.0,0.0,3.8598681538461537
2025-10-02 14:00:00,0.11,0.0,0.0,0.11,3.464688,13.5,0.0,0.0,0.0,3.3546880000000003
2025-10-02 15:00:00,0.1,0.0,0.0,0.1,2.198915,13.5,0.0,0.0,0.0,2.098915
2025-10-02 16:00:00,0.1,0.0,0.0,0.1,0.695428,13.5,0.0,0.0,0.0,0.5954280000000001
2025-10-02 17:00:00,0.16,0.0,0.0,0.16,0.017981,13.357981,0.0,0.142019,0.0,0.0
2025-10-02 18:00:00,0.16,0.0,0.0,0.16,0.0,13.197981,0.0,0.16,0.0,0.0
2025-10-02 19:00:00,0.44,0.0,0.0,0.44,0.0,12.757981000000001,0.0,0.44,0.0,0.0
2025-10-02 20:00:00,0.28,0.0,0.0,0.28,0.0,12.477981000000002,0.0,0.28,0.0,0.0
2025-10-02 21:00:00,0.2,0.0,0.0,0.2,0.0,12.277981000000002,0.0,0.2,0.0,0.0
2025-10-02 22:00:00,0.15,0.0,0.0,0.15,0.0,12.127981000000002,0.0,0.15,0.0,0.0
2025-10-02 23:00:00,0.24,0.0,0.0,0.24,0.0,11.887981000000002,0.0,0.24,0.0,0.0
2025-10-03 00:00:00,0.22,0.0,0.0,0.22,0.0,11.667981000000001,0.0,0.22,0.0,0.0
2025-10-03 01:00:00,0.2299999999999999,0.0,0.0,0.2299999999999999,0.0,11.437981,0.0,0.2299999999999999,0.0,0.0
2025-10-03 02:00:00,0.22,0.0,0.0,0.22,0.0,11.217981,0.0,0.22,0.0,0.0
2025-10-03 03:00:00,0.22,0.0,0.0,0.22,0.0,10.997981,0.0,0.22,0.0,0.0
2025-10-03 04:00:00,0.22,0.0,0.0,0.22,0.0,10.777980999999999,0.0,0.22,0.0,0.0
2025-10-03 05:00:00,0.21,0.0,0.0,0.21,0.0,10.567980999999998,0.0,0.21,0.0,0.0
2025-10-03 06:00:00,0.22,0.0,0.0,0.22,0.3328,10.680780999999998,0.11279999999999998,0.0,0.0,0.0
2025-10-03 07:00:00,0.2299999999999999,0.0,0.0,0.2299999999999999,2.375045,12.825825999999998,2.145045,0.0,0.0,0.0
2025-10-03 08:00:00,0.19,0.0,2.8492989999999976,3.0392989999999975,3.713473,13.5,0.6741740000000025,0.0,0.0,0.0
2025-10-03 09:00:00,0.15,0.0,4.437342999999999,4.587343,4.587343,13.5,0.0,0.0,0.0,0.0
2025-10-03 10:00:00,0.16,0.0,4.905599,5.065599,5.065599,13.5,0.0,0.0,0.0,0.0
2025-10-03 11:00:00,0.29,0.3714338461538462,4.546060153846153,5.207494,5.207494,13.5,0.0,0.0,0.0,0.0
2025-10-03 12:00:00,0.25,0.3714338461538462,3.887105692307692,4.508539538461538,4.985455,13.5,0.0,0.0,0.0,0.47691546153846165
2025-10-03 13:00:00,0.23,0.3714338461538462,0.0,0.6014338461538462,2.5179560000000003,13.5,0.0,0.0,0.0,1.916522153846154
2025-10-03 14:00:00,0.13,0.0,0.0,0.13,1.007666,13.5,0.0,0.0,0.0,0.877666
2025-10-03 15:00:00,0.21,0.0,0.0,0.21,0.655714,13.5,0.0,0.0,0.0,0.44571400000000005
2025-10-03 16:00:00,0.48,0.0,0.0,0.48,0.353498,13.373498,0.0,0.126502,0.0,0.0
2025-10-03 17:00:00,3.5,0.0,0.0,3.5,0.045647,9.919145,0.0,3.454353,0.0,0.0
2025-10-03 18:00:00,0.13,0.0,0.0,0.13,0.0,9.789145,0.0,0.13,0.0,0.0
2025-10-03 19:00:00,0.19,0.0,0.0,0.19,0.0,9.599145,0.0,0.19,0.0,0.0
2025-10-03 20:00:00,0.28,0.0,0.0,0.28,0.0,9.319145,0.0,0.28,0.0,0.0
2025-10-03 21:00:00,0.26,0.0,0.0,0.26,0.0,9.059145000000001,0.0,0.26,0.0,0.0
2025-10-03 22:00:00,0.2,0.0,0.0,0.2,0.0,8.859145000000002,0.0,0.2,0.0,0.0
2025-10-03 23:00:00,0.2,0.0,0.0,0.2,0.0,8.659145000000002,0.0,0.2,0.0,0.0
2025-10-04 00:00:00,0.16,0.0,0.0,0.16,0.0,8.499145000000002,0.0,0.16,0.0,0.0
2025-10-04 01:00:00,0.11,0.0,0.0,0.11,0.0,8.389145000000003,0.0,0.11,0.0,0.0
2025-10-04 02:00:00,0.11,0.0,0.0,0.11,0.0,8.279145000000003,0.0,0.11,0.0,0.0
2025-10-04 03:00:00,0.11,0.0,0.0,0.11,0.0,8.169145000000004,0.0,0.11,0.0,0.0
2025-10-04 04:00:00,0.11,0.0,0.0,0.11,0.0,8.059145000000004,0.0,0.11,0.0,0.0
2025-10-04 05:00:00,0.11,0.0,0.0,0.11,0.0,7.949145000000004,0.0,0.11,0.0,0.0
2025-10-04 06:00:00,0.11,0.0,0.0,0.11,0.325669,8.164814000000003,0.215669,0.0,0.0,0.0
2025-10-04 07:00:00,0.11,0.0,0.0,0.11,0.054529,8.109343000000003,0.0,0.055471,0.0,0.0
2025-10-04 08:00:00,0.41,0.0,0.0,0.41,0.62989,8.329233000000002,0.21988999999999997,0.0,0.0,0.0
2025-10-04 09:00:00,0.3,0.0,0.0,0.3,4.735205,12.764438000000002,4.435205,0.0,0.0,0.0
2025-10-04 10:00:00,0.6,0.0,0.0,0.6,5.236292000000001,13.5,0.735561999999998,0.0,0.0,3.900730000000003
2025-10-04 11:00:00,0.21,0.3714338461538462,0.0,0.5814338461538462,2.4282049999999997,13.5,0.0,0.0,0.0,1.8467711538461535
2025-10-04 12:00:00,0.1699999999999999,0.3714338461538462,0.0,0.5414338461538462,3.500254,13.5,0.0,0.0,0.0,2.958820153846154
2025-10-04 13:00:00,0.15,0.3714338461538462,0.0,0.5214338461538462,4.548608,13.5,0.0,0.0,0.0,4.027174153846153
2025-10-04 14:00:00,0.2,0.0,0.0,0.2,1.608517,13.5,0.0,0.0,0.0,1.408517
2025-10-04 15:00:00,0.32,0.0,0.0,0.32,2.22802,13.5,0.0,0.0,0.0,1.9080199999999998
2025-10-04 16:00:00,0.16,0.0,0.0,0.16,0.691271,13.5,0.0,0.0,0.0,0.5312709999999999
2025-10-04 17:00:00,0.16,0.0,0.0,0.16,0.017997,13.357997,0.0,0.142003,0.0,0.0
2025-10-04 18:00:00,0.24,0.0,0.0,0.24,0.0,13.117996999999999,0.0,0.24,0.0,0.0
2025-10-04 19:00:00,0.23,0.0,0.0,0.23,0.0,12.887996999999999,0.0,0.23,0.0,0.0
2025-10-04 20:00:00,0.16,0.0,0.0,0.16,0.0,12.727996999999998,0.0,0.16,0.0,0.0
2025-10-04 21:00:00,0.16,0.0,0.0,0.16,0.0,12.567996999999998,0.0,0.16,0.0,0.0
2025-10-04 22:00:00,0.13,0.0,0.0,0.13,0.0,12.437996999999998,0.0,0.13,0.0,0.0
2025-10-04 23:00:00,0.1,0.0,0.0,0.1,0.0,12.337996999999998,0.0,0.1,0.0,0.0
2025-10-05 00:00:00,0.12,0.0,0.0,0.12,0.0,12.217996999999999,0.0,0.12,0.0,0.0
2025-10-05 01:00:00,0.1,0.0,0.0,0.1,0.0,12.117996999999999,0.0,0.1,0.0,0.0
2025-10-05 02:00:00,0.11,0.0,0.0,0.11,0.0,12.007997,0.0,0.11,0.0,0.0
2025-10-05 03:00:00,0.1,0.0,0.0,0.1,0.0,11.907997,0.0,0.1,0.0,0.0
2025-10-05 04:00:00,0.12,0.0,0.0,0.12,0.0,11.787997,0.0,0.12,0.0,0.0
2025-10-05 05:00:00,0.1,0.0,0.0,0.1,0.0,11.687997000000001,0.0,0.1,0.0,0.0
2025-10-05 06:00:00,0.11,0.0,0.0,0.11,0.33531099999999997,11.913308,0.22531099999999998,0.0,0.0,0.0
2025-10-05 07:00:00,0.45,0.0,0.0,0.45,2.465616,13.5,1.5866919999999993,0.0,0.0,0.4289240000000003
2025-10-05 08:00:00,0.19,0.0,0.0,0.19,3.845401,13.5,0.0,0.0,0.0,3.655401
2025-10-05 09:00:00,0.11,0.0,0.0,0.11,4.756365,13.5,0.0,0.0,0.0,4.646364999999999
2025-10-05 10:00:00,0.11,0.0,0.0,0.11,2.198853,13.5,0.0,0.0,0.0,2.0888530000000003
2025-10-05 11:00:00,0.11,0.3714338461538462,0.0,0.4814338461538462,3.568758,13.5,0.0,0.0,0.0,3.0873241538461538
2025-10-05 12:00:00,0.12,0.3714338461538462,0.0,0.4914338461538462,5.0985439999999995,13.5,0.0,0.0,0.0,4.607110153846153
2025-10-05 13:00:00,0.24,0.3714338461538462,0.0,0.6114338461538462,4.47212,13.5,0.0,0.0,0.0,3.860686153846154
2025-10-05 14:00:00,0.4599999999999999,0.0,0.0,0.4599999999999999,1.5955540000000001,13.5,0.0,0.0,0.0,1.1355540000000002
2025-10-05 15:00:00,0.51,0.0,0.0,0.51,0.063512,13.053512,0.0,0.446488,0.0,0.0
2025-10-05 16:00:00,0.2299999999999999,0.0,0.0,0.2299999999999999,0.596245,13.419757,0.36624500000000015,0.0,0.0,0.0
2025-10-05 17:00:00,0.8400000000000001,0.0,0.0,0.8400000000000001,0.008679000000000001,12.588436,0.0,0.8313210000000001,0.0,0.0
2025-10-05 18:00:00,0.32,0.0,0.0,0.32,0.0,12.268436,0.0,0.32,0.0,0.0
2025-10-05 19:00:00,0.21,0.0,0.0,0.21,0.0,12.058435999999999,0.0,0.21,0.0,0.0
2025-10-05 20:00:00,0.22,0.0,0.0,0.22,0.0,11.838435999999998,0.0,0.22,0.0,0.0
2025-10-05 21:00:00,0.17,0.0,0.0,0.17,0.0,11.668435999999998,0.0,0.17,0.0,0.0
2025-10-05 22:00:00,0.16,0.0,0.0,0.16,0.0,11.508435999999998,0.0,0.16,0.0,0.0
2025-10-05 23:00:00,0.23,0.0,0.0,0.23,0.0,11.278435999999997,0.0,0.23,0.0,0.0
2025-10-06 00:00:00,0.14,0.0,0.0,0.14,0.0,11.138435999999997,0.0,0.14,0.0,0.0
2025-10-06 01:00:00,0.12,0.0,0.0,0.12,0.0,11.018435999999998,0.0,0.12,0.0,0.0
2025-10-06 02:00:00,0.11,0.0,0.0,0.11,0.0,10.908435999999998,0.0,0.11,0.0,0.0
2025-10-06 03:00:00,0.19,0.0,0.0,0.19,0.0,10.718435999999999,0.0,0.19,0.0,0.0
2025-10-06 04:00:00,0.2299999999999999,0.0,0.0,0.2299999999999999,0.0,10.488435999999998,0.0,0.2299999999999999,0.0,0.0
2025-10-06 05:00:00,0.22,0.0,0.0,0.22,0.0,10.268435999999998,0.0,0.22,0.0,0.0
2025-10-06 06:00:00,0.24,0.0,0.0,0.24,0.326459,10.354894999999997,0.08645900000000001,0.0,0.0,0.0
2025-10-06 07:00:00,0.2299999999999999,0.0,0.0,0.2299999999999999,2.413577,12.538471999999997,2.183577,0.0,0.0,0.0
2025-10-06 08:00:00,0.22,0.0,0.0,0.22,3.733761,13.5,0.961528000000003,0.0,0.0,2.5522329999999966
2025-10-06 09:00:00,0.14,0.0,0.0,0.14,4.578725,13.5,0.0,0.0,0.0,4.438725000000001
2025-10-06 10:00:00,0.16,0.0,0.0,0.16,5.131968,13.5,0.0,0.0,0.0,4.9719679999999995
2025-10-06 11:00:00,0.15,0.3714338461538462,0.0,0.5214338461538462,5.271477,13.5,0.0,0.0,0.0,4.750043153846153
2025-10-06 12:00:00,0.17,0.3714338461538462,0.0,0.5414338461538463,5.077206,13.5,0.0,0.0,0.0,4.535772153846154
2025-10-06 13:00:00,0.13,0.3714338461538462,0.0,0.5014338461538462,4.489223,13.5,0.0,0.0,0.0,3.987789153846154
2025-10-06 14:00:00,3.08,0.0,0.0,3.08,3.567797,13.5,0.0,0.0,0.0,0.48779700000000004
2025-10-06 15:00:00,1.38,0.0,0.0,1.38,2.228582,13.5,0.0,0.0,0.0,0.848582
2025-10-06 16:00:00,0.15,0.0,0.0,0.15,0.65653,13.5,0.0,0.0,0.0,0.5065299999999999
2025-10-06 17:00:00,0.14,0.0,0.0,0.14,0.012603999999999999,13.372604,0.0,0.127396,0.0,0.0
2025-10-06 18:00:00,0.24,0.0,0.0,0.24,0.0,13.132604,0.0,0.24,0.0,0.0
2025-10-06 19:00:00,0.22,0.0,0.0,0.22,0.0,12.912604,0.0,0.22,0.0,0.0
2025-10-06 20:00:00,0.17,0.0,0.0,0.17,0.0,12.742604,0.0,0.17,0.0,0.0
2025-10-06 21:00:00,0.15,0.0,0.0,0.15,0.0,12.592604,0.0,0.15,0.0,0.0
2025-10-06 22:00:00,0.22,0.0,0.0,0.22,0.0,12.372603999999999,0.0,0.22,0.0,0.0
2025-10-06 23:00:00,0.22,0.0,0.0,0.22,0.0,12.152603999999998,0.0,0.22,0.0,0.0
2025-10-07 00:00:00,0.22,0.0,0.0,0.22,0.0,11.932603999999998,0.0,0.22,0.0,0.0
2025-10-07 01:00:00,0.22,0.0,0.0,0.22,0.0,11.712603999999997,0.0,0.22,0.0,0.0
2025-10-07 02:00:00,0.22,0.0,0.0,0.22,0.0,11.492603999999996,0.0,0.22,0.0,0.0
2025-10-07 03:00:00,0.22,0.0,0.0,0.22,0.0,11.272603999999996,0.0,0.22,0.0,0.0
2025-10-07 04:00:00,0.22,0.0,0.0,0.22,0.0,11.052603999999995,0.0,0.22,0.0,0.0
2025-10-07 05:00:00,0.21,0.0,0.0,0.21,0.0,10.842603999999994,0.0,0.21,0.0,0.0
2025-10-07 06:00:00,0.23,0.0,0.0,0.23,0.091727,10.704330999999994,0.0,0.138273,0.0,0.0
2025-10-07 07:00:00,0.25,0.0,0.0,0.25,2.5039059999999997,12.958236999999993,2.2539059999999997,0.0,0.0,0.0
2025-10-07 08:00:00,0.5,0.0,0.0,0.5,0.545184,13.003420999999994,0.045184,0.0,0.0,0.0
2025-10-07 09:00:00,0.63,0.0,0.0,0.63,1.600051,13.5,0.4965790000000059,0.0,0.0,0.473471999999994
2025-10-07 10:00:00,0.1,0.0,0.0,0.1,5.258601,13.5,0.0,0.0,0.0,5.158601
2025-10-07 11:00:00,0.1,0.6190564102564103,0.0,0.7190564102564103,5.359565,13.5,0.0,0.0,0.0,4.64050858974359
2025-10-07 12:00:00,0.1,0.6190564102564103,0.0,0.7190564102564103,5.1325590000000005,13.5,0.0,0.0,0.0,4.41350258974359
2025-10-07 13:00:00,0.1,0.6190564102564103,0.0,0.7190564102564103,4.5070879999999995,13.5,0.0,0.0,0.0,3.7880315897435892
2025-10-07 14:00:00,0.1,0.0,0.0,0.1,3.54398,13.5,0.0,0.0,0.0,3.44398
2025-10-07 15:00:00,0.1,0.0,0.0,0.1,2.2028440000000002,13.5,0.0,0.0,0.0,2.102844
2025-10-07 16:00:00,0.11,0.0,0.0,0.11,0.643299,13.5,0.0,0.0,0.0,0.533299
2025-10-07 17:00:00,1.84,0.0,0.0,1.84,0.009315,11.669315,0.0,1.8306850000000001,0.0,0.0
2025-10-07 18:00:00,0.16,0.0,0.0,0.16,0.0,11.509314999999999,0.0,0.16,0.0,0.0
2025-10-07 19:00:00,0.28,0.0,0.0,0.28,0.0,11.229315,0.0,0.28,0.0,0.0
2025-10-07 20:00:00,0.5800000000000001,0.0,0.0,0.5800000000000001,0.0,10.649315,0.0,0.5800000000000001,0.0,0.0
2025-10-07 21:00:00,0.59,0.0,0.0,0.59,0.0,10.059315,0.0,0.59,0.0,0.0
2025-10-07 22:00:00,0.26,0.0,0.0,0.26,0.0,9.799315,0.0,0.26,0.0,0.0
2025-10-07 23:00:00,0.2299999999999999,0.0,0.0,0.2299999999999999,0.0,9.569315,0.0,0.2299999999999999,0.0,0.0
2025-10-08 00:00:00,0.22,0.0,0.0,0.22,0.0,9.349314999999999,0.0,0.22,0.0,0.0
2025-10-08 01:00:00,0.2299999999999999,0.0,0.0,0.2299999999999999,0.0,9.119314999999999,0.0,0.2299999999999999,0.0,0.0
2025-10-08 02:00:00,0.22,0.0,0.0,0.22,0.0,8.899314999999998,0.0,0.22,0.0,0.0
2025-10-08 03:00:00,0.22,0.0,0.0,0.22,0.0,8.679314999999997,0.0,0.22,0.0,0.0
2025-10-08 04:00:00,0.2299999999999999,0.0,0.0,0.2299999999999999,0.0,8.449314999999997,0.0,0.2299999999999999,0.0,0.0
2025-10-08 05:00:00,0.16,0.0,0.0,0.16,0.0,8.289314999999997,0.0,0.16,0.0,0.0
2025-10-08 06:00:00,0.1,0.0,0.0,0.1,0.26544,8.454754999999997,0.16544,0.0,0.0,0.0
2025-10-08 07:00:00,0.12,0.0,0.0,0.12,2.389446,10.724200999999997,2.269446,0.0,0.0,0.0
2025-10-08 08:00:00,0.23,0.0,0.8061519999999973,1.0361519999999973,3.811951,13.5,2.775799000000003,0.0,0.0,0.0
2025-10-08 09:00:00,0.13,0.0,4.589417999999999,4.719417999999999,4.719417999999999,13.5,0.0,0.0,0.0,0.0
2025-10-08 10:00:00,0.11,0.0,5.138171999999999,5.248171999999999,5.248171999999999,13.5,0.0,0.0,0.0,0.0
2025-10-08 11:00:00,0.09,0.6190564102564103,4.65826958974359,5.367326,5.367326,13.5,0.0,0.0,0.0,0.0
2025-10-08 12:00:00,0.1,0.6190564102564103,4.382907589743589,5.101964,5.101964,13.5,0.0,0.0,0.0,0.0
2025-10-08 13:00:00,0.09,0.6190564102564103,3.7730705897435897,4.482127,4.482127,13.5,0.0,0.0,0.0,0.0
2025-10-08 14:00:00,0.1,0.0,3.4028479999999997,3.5028479999999997,3.5028479999999997,13.5,0.0,0.0,0.0,0.0
2025-10-08 15:00:00,0.1,0.0,2.061184,2.161184,2.161184,13.5,0.0,0.0,0.0,0.0
2025-10-08 16:00:00,0.1,0.0,0.517225,0.617225,0.617225,13.5,0.0,0.0,0.0,0.0
2025-10-08 17:00:00,0.8099999999999999,0.0,0.0,0.8099999999999999,0.002771,12.692771,0.0,0.807229,0.0,0.0
2025-10-08 18:00:00,2.25,0.0,0.0,2.25,0.0,10.442771,0.0,2.25,0.0,0.0
2025-10-08 19:00:00,0.19,0.0,0.0,0.19,0.0,10.252771000000001,0.0,0.19,0.0,0.0
2025-10-08 20:00:00,0.24,0.0,0.0,0.24,0.0,10.012771,0.0,0.24,0.0,0.0
2025-10-08 21:00:00,0.2299999999999999,0.0,0.0,0.2299999999999999,0.0,9.782771,0.0,0.2299999999999999,0.0,0.0
2025-10-08 22:00:00,0.21,0.0,0.0,0.21,0.0,9.572771,0.0,0.21,0.0,0.0
2025-10-08 23:00:00,0.11,0.0,0.0,0.11,0.0,9.462771,0.0,0.11,0.0,0.0
2025-10-09 00:00:00,0.1,0.0,0.0,0.1,0.0,9.362771,0.0,0.1,0.0,0.0
2025-10-09 01:00:00,0.1,0.0,0.0,0.1,0.0,9.262771,0.0,0.1,0.0,0.0
2025-10-09 02:00:00,0.09,0.0,0.0,0.09,0.0,9.172771000000001,0.0,0.09,0.0,0.0
2025-10-09 03:00:00,0.1,0.0,0.0,0.1,0.0,9.072771000000001,0.0,0.1,0.0,0.0
2025-10-09 04:00:00,0.1,0.0,0.0,0.1,0.0,8.972771000000002,0.0,0.1,0.0,0.0
2025-10-09 05:00:00,0.1,0.0,0.0,0.1,0.0,8.872771000000002,0.0,0.1,0.0,0.0
2025-10-09 06:00:00,0.12,0.0,0.0,0.12,0.282645,9.035416000000001,0.16264499999999998,0.0,0.0,0.0
2025-10-09 07:00:00,0.1,0.0,0.0,0.1,2.39714,11.332556,2.2971399999999997,0.0,0.0,0.0
2025-10-09 08:00:00,0.1,0.0,0.0,0.1,3.710219,13.5,2.1674439999999997,0.0,0.0,1.4427750000000001
2025-10-09 09:00:00,0.3399999999999999,0.0,0.0,0.3399999999999999,1.9752919999999998,13.5,0.0,0.0,0.0,1.635292
2025-10-09 10:00:00,0.55,0.0,0.0,0.55,4.991439000000001,13.5,0.0,0.0,0.0,4.441439000000001
2025-10-09 11:00:00,0.65,0.6190564102564103,0.0,1.2690564102564104,5.142535,13.5,0.0,0.0,0.0,3.8734785897435895
2025-10-09 12:00:00,0.43,0.6190564102564103,0.0,1.0490564102564104,4.939235,13.5,0.0,0.0,0.0,3.8901785897435897
2025-10-09 13:00:00,0.42,0.6190564102564103,0.0,1.0390564102564104,4.303078999999999,13.5,0.0,0.0,0.0,3.264022589743589
2025-10-09 14:00:00,0.13,0.0,0.0,0.13,3.3679699999999997,13.5,0.0,0.0,0.0,3.23797
2025-10-09 15:00:00,0.11,0.0,0.0,0.11,2.057831,13.5,0.0,0.0,0.0,1.947831
2025-10-09 16:00:00,0.1,0.0,0.0,0.1,0.591692,13.5,0.0,0.0,0.0,0.491692
2025-10-09 17:00:00,0.13,0.0,0.0,0.13,0.0,13.37,0.0,0.13,0.0,0.0
2025-10-09 18:00:00,0.11,0.0,0.0,0.11,0.0,13.26,0.0,0.11,0.0,0.0
2025-10-09 19:00:00,0.18,0.0,0.0,0.18,0.0,13.08,0.0,0.18,0.0,0.0
2025-10-09 20:00:00,0.3,0.0,0.0,0.3,0.0,12.78,0.0,0.3,0.0,0.0
2025-10-09 21:00:00,0.29,0.0,0.0,0.29,0.0,12.49,0.0,0.29,0.0,0.0
2025-10-09 22:00:00,0.23,0.0,0.0,0.23,0.0,12.26,0.0,0.23,0.0,0.0
2025-10-09 23:00:00,0.15,0.0,0.0,0.15,0.0,12.11,0.0,0.15,0.0,0.0
2025-10-10 00:00:00,0.22,0.0,0.0,0.22,0.0,11.889999999999999,0.0,0.22,0.0,0.0
2025-10-10 01:00:00,0.1,0.0,0.0,0.1,0.0,11.79,0.0,0.1,0.0,0.0
2025-10-10 02:00:00,0.1,0.0,0.0,0.1,0.0,11.69,0.0,0.1,0.0,0.0
2025-10-10 03:00:00,0.09,0.0,0.0,0.09,0.0,11.6,0.0,0.09,0.0,0.0
2025-10-10 04:00:00,0.1,0.0,0.0,0.1,0.0,11.5,0.0,0.1,0.0,0.0
2025-10-10 05:00:00,0.12,0.0,0.0,0.12,0.0,11.38,0.0,0.12,0.0,0.0
2025-10-10 06:00:00,0.1,0.0,0.0,0.1,0.029566,11.309566,0.0,0.07043400000000001,0.0,0.0
2025-10-10 07:00:00,0.11,0.0,0.0,0.11,1.182415,12.381981,1.072415,0.0,0.0,0.0
2025-10-10 08:00:00,0.13,0.0,0.4782259999999994,0.6082259999999994,1.7262449999999998,13.5,1.1180190000000003,0.0,0.0,0.0
2025-10-10 09:00:00,0.14,0.0,4.405855,4.5458549999999995,4.5458549999999995,13.5,0.0,0.0,0.0,0.0
2025-10-10 10:00:00,0.27,0.0,4.775077,5.045076999999999,5.045077,13.5,0.0,0.0,0.0,0.0
2025-10-10 11:00:00,0.28,0.3065230769230769,1.701248923076923,2.287772,2.287772,13.5,0.0,0.0,0.0,0.0
2025-10-10 12:00:00,0.16,0.3065230769230769,4.425884923076923,4.8924080000000005,4.8924080000000005,13.5,0.0,0.0,0.0,0.0
2025-10-10 13:00:00,0.14,0.3065230769230769,0.8844613846153848,1.3309844615384616,4.297327,13.5,0.0,0.0,0.0,2.9663425384615385
2025-10-10 14:00:00,0.15,0.0,0.0,0.15,3.3644920000000003,13.5,0.0,0.0,0.0,3.2144920000000003
2025-10-10 15:00:00,0.13,0.0,0.0,0.13,0.8365549999999999,13.5,0.0,0.0,0.0,0.7065549999999999
2025-10-10 16:00:00,0.44,0.0,0.0,0.44,0.584419,13.5,0.0,0.0,0.0,0.14441900000000002
2025-10-10 17:00:00,0.29,0.0,0.0,0.29,0.0,13.21,0.0,0.29,0.0,0.0
2025-10-10 18:00:00,0.3399999999999999,0.0,0.0,0.3399999999999999,0.0,12.870000000000001,0.0,0.3399999999999999,0.0,0.0
2025-10-10 19:00:00,0.25,0.0,0.0,0.25,0.0,12.620000000000001,0.0,0.25,0.0,0.0
2025-10-10 20:00:00,0.43,0.0,0.0,0.43,0.0,12.190000000000001,0.0,0.43,0.0,0.0
2025-10-10 21:00:00,0.34,0.0,0.0,0.34,0.0,11.850000000000001,0.0,0.34,0.0,0.0
2025-10-10 22:00:00,0.18,0.0,0.0,0.18,0.0,11.670000000000002,0.0,0.18,0.0,0.0
2025-10-10 23:00:00,0.11,0.0,0.0,0.11,0.0,11.560000000000002,0.0,0.11,0.0,0.0
2025-10-11 00:00:00,0.11,0.0,0.0,0.11,0.0,11.450000000000003,0.0,0.11,0.0,0.0
2025-10-11 01:00:00,0.1,0.0,0.0,0.1,0.0,11.350000000000003,0.0,0.1,0.0,0.0
2025-10-11 02:00:00,0.11,0.0,0.0,0.11,0.0,11.240000000000004,0.0,0.11,0.0,0.0
2025-10-11 03:00:00,0.11,0.0,0.0,0.11,0.0,11.130000000000004,0.0,0.11,0.0,0.0
2025-10-11 04:00:00,0.11,0.0,0.0,0.11,0.0,11.020000000000005,0.0,0.11,0.0,0.0
2025-10-11 05:00:00,0.12,0.0,0.0,0.12,0.0,10.900000000000006,0.0,0.12,0.0,0.0
2025-10-11 06:00:00,0.1,0.0,0.0,0.1,0.112868,10.912868000000005,0.01286799999999999,0.0,0.0,0.0
2025-10-11 07:00:00,0.1,0.0,0.0,0.1,0.020521,10.833389000000006,0.0,0.07947900000000001,0.0,0.0
2025-10-11 08:00:00,0.3299999999999999,0.0,0.0,0.3299999999999999,0.35294099999999995,10.856330000000005,0.022941000000000045,0.0,0.0,0.0
2025-10-11 09:00:00,0.41,0.0,0.0,0.41,0.295264,10.741594000000005,0.0,0.11473599999999995,0.0,0.0
2025-10-11 10:00:00,0.45,0.0,0.0,0.45,0.50807,10.799664000000005,0.05807000000000001,0.0,0.0,0.0
2025-10-11 11:00:00,0.24,0.3065230769230769,0.0,0.5465230769230769,0.925019,11.178159923076928,0.37849592307692315,0.0,0.0,0.0
2025-10-11 12:00:00,0.87,0.3065230769230769,0.0,1.1765230769230768,0.177398,10.17903484615385,0.0,0.9991250769230768,0.0,0.0
2025-10-11 13:00:00,0.68,0.3065230769230769,0.0,0.986523076923077,0.123164,9.315675769230774,0.0,0.863359076923077,0.0,0.0
2025-10-11 14:00:00,0.11,0.0,0.0,0.11,0.145323,9.350998769230774,0.03532300000000001,0.0,0.0,0.0
2025-10-11 15:00:00,0.11,0.0,0.0,0.11,0.030043,9.271041769230774,0.0,0.079957,0.0,0.0
2025-10-11 16:00:00,0.11,0.0,0.0,0.11,0.0,9.161041769230774,0.0,0.11,0.0,0.0
2025-10-11 17:00:00,0.11,0.0,0.0,0.11,0.0,9.051041769230775,0.0,0.11,0.0,0.0
2025-10-11 18:00:00,0.11,0.0,0.0,0.11,0.0,8.941041769230775,0.0,0.11,0.0,0.0
2025-10-11 19:00:00,0.11,0.0,0.0,0.11,0.0,8.831041769230776,0.0,0.11,0.0,0.0
2025-10-11 20:00:00,0.11,0.0,0.0,0.11,0.0,8.721041769230776,0.0,0.11,0.0,0.0
2025-10-11 21:00:00,0.12,0.0,0.0,0.12,0.0,8.601041769230777,0.0,0.12,0.0,0.0
2025-10-11 22:00:00,0.1,0.0,0.0,0.1,0.0,8.501041769230778,0.0,0.1,0.0,0.0
2025-10-11 23:00:00,0.1,0.0,0.0,0.1,0.0,8.401041769230778,0.0,0.1,0.0,0.0
2025-10-12 00:00:00,0.1,0.0,0.0,0.1,0.0,8.301041769230778,0.0,0.1,0.0,0.0
2025-10-12 01:00:00,0.11,0.0,0.0,0.11,0.0,8.191041769230779,0.0,0.11,0.0,0.0
2025-10-12 02:00:00,0.1,0.0,0.0,0.1,0.0,8.09104176923078,0.0,0.1,0.0,0.0
2025-10-12 03:00:00,0.11,0.0,0.0,0.11,0.0,7.981041769230779,0.0,0.11,0.0,0.0
2025-10-12 04:00:00,0.09,0.0,0.0,0.09,0.0,7.891041769230779,0.0,0.09,0.0,0.0
2025-10-12 05:00:00,0.1,0.0,0.0,0.1,0.0,7.791041769230779,0.0,0.1,0.0,0.0
2025-10-12 06:00:00,0.1,0.0,0.0,0.1,0.108554,7.79959576923078,0.008553999999999992,0.0,0.0,0.0
2025-10-12 07:00:00,0.1,0.0,0.0,0.1,2.159359,9.85895476923078,2.0593589999999997,0.0,0.0,0.0
2025-10-12 08:00:00,0.1,0.0,0.0,0.1,0.386795,10.145749769230779,0.286795,0.0,0.0,0.0
2025-10-12 09:00:00,0.1,0.0,0.0,0.1,1.8334000000000001,11.879149769230779,1.7334,0.0,0.0,0.0
2025-10-12 10:00:00,0.09,0.0,0.0,0.09,2.317076,13.5,1.6208502307692214,0.0,0.0,0.6062257692307789
2025-10-12 11:00:00,0.1,0.3065230769230769,0.0,0.4065230769230769,1.451816,13.5,0.0,0.0,0.0,1.0452929230769232
2025-10-12 12:00:00,0.11,0.3065230769230769,0.0,0.4165230769230769,1.5088510000000002,13.5,0.0,0.0,0.0,1.0923279230769234
2025-10-12 13:00:00,0.1,0.3065230769230769,0.0,0.4065230769230769,1.370658,13.5,0.0,0.0,0.0,0.9641349230769231
2025-10-12 14:00:00,0.1,0.0,0.0,0.1,1.5263820000000001,13.5,0.0,0.0,0.0,1.426382
2025-10-12 15:00:00,0.1,0.0,0.0,0.1,1.1182919999999998,13.5,0.0,0.0,0.0,1.0182919999999998
2025-10-12 16:00:00,0.11,0.0,0.0,0.11,0.360637,13.5,0.0,0.0,0.0,0.250637
2025-10-12 17:00:00,0.1,0.0,0.0,0.1,0.0,13.4,0.0,0.1,0.0,0.0
2025-10-12 18:00:00,0.11,0.0,0.0,0.11,0.0,13.290000000000001,0.0,0.11,0.0,0.0
2025-10-12 19:00:00,0.11,0.0,0.0,0.11,0.0,13.180000000000001,0.0,0.11,0.0,0.0
2025-10-12 20:00:00,0.11,0.0,0.0,0.11,0.0,13.070000000000002,0.0,0.11,0.0,0.0
2025-10-12 21:00:00,0.11,0.0,0.0,0.11,0.0,12.960000000000003,0.0,0.11,0.0,0.0
2025-10-12 22:00:00,0.11,0.0,0.0,0.11,0.0,12.850000000000003,0.0,0.11,0.0,0.0
2025-10-12 23:00:00,0.1,0.0,0.0,0.1,0.0,12.750000000000004,0.0,0.1,0.0,0.0
2025-10-13 00:00:00,0.1,0.0,0.0,0.1,0.0,12.650000000000004,0.0,0.1,0.0,0.0
2025-10-13 01:00:00,0.11,0.0,0.0,0.11,0.0,12.540000000000004,0.0,0.11,0.0,0.0
2025-10-13 02:00:00,0.1,0.0,0.0,0.1,0.0,12.440000000000005,0.0,0.1,0.0,0.0
2025-10-13 03:00:00,0.11,0.0,0.0,0.11,0.0,12.330000000000005,0.0,0.11,0.0,0.0
2025-10-13 04:00:00,0.09,0.0,0.0,0.09,0.0,12.240000000000006,0.0,0.09,0.0,0.0
2025-10-13 05:00:00,0.1,0.0,0.0,0.1,0.0,12.140000000000006,0.0,0.1,0.0,0.0
2025-10-13 06:00:00,0.1,0.0,0.0,0.1,0.13791,12.177910000000006,0.03791,0.0,0.0,0.0
2025-10-13 07:00:00,0.1,0.0,0.0,0.1,2.239386,13.5,1.322089999999994,0.0,0.0,0.817296000000006
2025-10-13 08:00:00,0.1,0.0,0.0,0.1,3.623189,13.5,0.0,0.0,0.0,3.523189
2025-10-13 09:00:00,0.1,0.0,0.0,0.1,4.51151,13.5,0.0,0.0,0.0,4.411510000000001
2025-10-13 10:00:00,0.09,0.0,0.0,0.09,5.0203500000000005,13.5,0.0,0.0,0.0,4.930350000000001
2025-10-13 11:00:00,0.1,0.3065230769230769,0.0,0.4065230769230769,5.154987,13.5,0.0,0.0,0.0,4.748463923076923
2025-10-13 12:00:00,0.1,0.3065230769230769,0.0,0.4065230769230769,4.908149000000001,13.5,0.0,0.0,0.0,4.501625923076924
2025-10-13 13:00:00,0.85,0.3065230769230769,0.0,1.1565230769230768,4.287304,13.5,0.0,0.0,0.0,3.130780923076923
2025-10-13 14:00:00,1.79,0.0,0.0,1.79,3.347655,13.5,0.0,0.0,0.0,1.557655
2025-10-13 15:00:00,1.7,0.0,0.0,1.7,2.020444,13.5,0.0,0.0,0.0,0.32044399999999995
2025-10-13 16:00:00,1.81,0.0,0.0,1.81,0.5193150000000001,12.209315,0.0,1.2906849999999999,0.0,0.0
2025-10-13 17:00:00,1.77,0.0,0.0,1.77,0.0,10.439315,0.0,1.77,0.0,0.0
2025-10-13 18:00:00,1.0,0.0,0.0,1.0,0.0,9.439315,0.0,1.0,0.0,0.0
2025-10-13 19:00:00,0.36,0.0,0.0,0.36,0.0,9.079315000000001,0.0,0.36,0.0,0.0
2025-10-13 20:00:00,0.25,0.0,0.0,0.25,0.0,8.829315000000001,0.0,0.25,0.0,0.0
2025-10-13 21:00:00,0.96,0.0,0.0,0.96,0.0,7.869315000000001,0.0,0.96,0.0,0.0
2025-10-13 22:00:00,0.82,0.0,0.0,0.82,0.0,7.049315000000001,0.0,0.82,0.0,0.0
2025-10-13 23:00:00,0.21,0.0,0.0,0.21,0.0,6.839315000000001,0.0,0.21,0.0,0.0
2025-10-14 00:00:00,0.14,0.0,0.0,0.14,0.0,6.699315000000001,0.0,0.14,0.0,0.0
2025-10-14 01:00:00,1.04,0.0,0.0,1.04,0.0,5.659315000000001,0.0,1.04,0.0,0.0
2025-10-14 02:00:00,0.49,0.0,0.0,0.49,0.0,5.169315000000001,0.0,0.49,0.0,0.0
2025-10-14 03:00:00,0.5800000000000001,0.0,0.0,0.5800000000000001,0.0,4.589315000000001,0.0,0.5800000000000001,0.0,0.0
2025-10-14 04:00:00,0.8999999999999999,0.0,0.0,0.8999999999999999,0.0,3.689315000000001,0.0,0.8999999999999999,0.0,0.0
2025-10-14 05:00:00,0.5900000000000001,0.0,0.0,0.5900000000000001,0.0,3.0993150000000007,0.0,0.5900000000000001,0.0,0.0
2025-10-14 06:00:00,0.98,0.0,0.0,0.98,0.18321,2.3025250000000006,0.0,0.79679,0.0,0.0
2025-10-14 07:00:00,1.39,0.0,0.0,1.39,2.304713,3.217238000000001,0.9147130000000001,0.0,0.0,0.0
2025-10-14 08:00:00,0.4499999999999999,0.0,0.0,0.4499999999999999,3.688896,6.456134000000001,3.2388960000000004,0.0,0.0,0.0
2025-10-14 09:00:00,0.1,0.0,0.0,0.1,4.541525,10.897659,4.441525,0.0,0.0,0.0
2025-10-14 10:00:00,0.11,0.0,0.0,0.11,3.195697,13.5,2.602340999999999,0.0,0.0,0.483356000000001
2025-10-14 11:00:00,0.1,0.3065230769230769,0.0,0.4065230769230769,5.128115,13.5,0.0,0.0,0.0,4.721591923076923
2025-10-14 12:00:00,0.1,0.3065230769230769,0.0,0.4065230769230769,4.885906,13.5,0.0,0.0,0.0,4.4793829230769235
2025-10-14 13:00:00,0.1,0.3065230769230769,0.0,0.4065230769230769,4.2619750000000005,13.5,0.0,0.0,0.0,3.8554519230769237
2025-10-14 14:00:00,0.1,0.0,0.0,0.1,3.343525,13.5,0.0,0.0,0.0,3.243525
2025-10-14 15:00:00,0.1,0.0,0.0,0.1,1.999224,13.5,0.0,0.0,0.0,1.8992239999999998
2025-10-14 16:00:00,0.1,0.0,0.0,0.1,0.512229,13.5,0.0,0.0,0.0,0.41222900000000007
2025-10-14 17:00:00,0.13,0.0,0.0,0.13,0.0,13.37,0.0,0.13,0.0,0.0
2025-10-14 18:00:00,0.4,0.0,0.0,0.4,0.0,12.969999999999999,0.0,0.4,0.0,0.0
2025-10-14 19:00:00,0.29,0.0,0.0,0.29,0.0,12.68,0.0,0.29,0.0,0.0
2025-10-14 20:00:00,0.19,0.0,0.0,0.19,0.0,12.49,0.0,0.19,0.0,0.0
2025-10-14 21:00:00,0.14,0.0,0.0,0.14,0.0,12.35,0.0,0.14,0.0,0.0
2025-10-14 22:00:00,0.1,0.0,0.0,0.1,0.0,12.25,0.0,0.1,0.0,0.0
2025-10-14 23:00:00,0.13,0.0,0.0,0.13,0.0,12.12,0.0,0.13,0.0,0.0
2025-10-15 00:00:00,0.11,0.0,0.0,0.11,0.0,12.01,0.0,0.11,0.0,0.0
2025-10-15 01:00:00,0.1,0.0,0.0,0.1,0.0,11.91,0.0,0.1,0.0,0.0
2025-10-15 02:00:00,0.38,0.0,0.0,0.38,0.0,11.53,0.0,0.38,0.0,0.0
2025-10-15 03:00:00,0.56,0.0,0.0,0.56,0.0,10.969999999999999,0.0,0.56,0.0,0.0
2025-10-15 04:00:00,0.33,0.0,0.0,0.33,0.0,10.639999999999999,0.0,0.33,0.0,0.0
2025-10-15 05:00:00,0.86,0.0,0.0,0.86,0.0,9.78,0.0,0.86,0.0,0.0
2025-10-15 06:00:00,0.59,0.0,0.0,0.59,0.12405100000000001,9.314051,0.0,0.46594899999999995,0.0,0.0
2025-10-15 07:00:00,0.53,0.0,0.0,0.53,2.250855,11.034906,1.720855,0.0,0.0,0.0
2025-10-15 08:00:00,0.5900000000000001,0.0,0.6121749999999988,1.2021749999999989,3.6672689999999997,13.5,2.4650940000000006,0.0,0.0,0.0
2025-10-15 09:00:00,0.46,0.0,4.043374,4.503374,4.503374,13.5,0.0,0.0,0.0,0.0
2025-10-15 10:00:00,0.4599999999999999,0.0,4.534639,4.994639,4.994639,13.5,0.0,0.0,0.0,0.0
2025-10-15 11:00:00,0.1,0.3065230769230769,4.675509923076923,5.082033,5.082033,13.5,0.0,0.0,0.0,0.0
2025-10-15 12:00:00,0.1,0.3065230769230769,4.416395923076923,4.822919,4.822919,13.5,0.0,0.0,0.0,0.0
2025-10-15 13:00:00,0.11,0.3065230769230769,3.815423923076923,4.231947,4.231947,13.5,0.0,0.0,0.0,0.0
2025-10-15 14:00:00,0.11,0.0,3.177179,3.287179,3.287179,13.5,0.0,0.0,0.0,0.0
2025-10-15 15:00:00,0.1,0.0,1.859699,1.959699,1.959699,13.5,0.0,0.0,0.0,0.0
2025-10-15 16:00:00,0.1,0.0,0.38936399999999993,0.4893639999999999,0.48936399999999997,13.5,0.0,0.0,0.0,0.0
2025-10-15 17:00:00,0.3299999999999999,0.0,0.0,0.3299999999999999,0.0,13.17,0.0,0.3299999999999999,0.0,0.0
2025-10-15 18:00:00,2.64,0.0,0.0,2.64,0.0,10.53,0.0,2.64,0.0,0.0
2025-10-15 19:00:00,0.28,0.0,0.0,0.28,0.0,10.25,0.0,0.28,0.0,0.0
2025-10-15 20:00:00,0.24,0.0,0.0,0.24,0.0,10.01,0.0,0.24,0.0,0.0
2025-10-15 21:00:00,0.39,0.0,0.0,0.39,0.0,9.62,0.0,0.39,0.0,0.0
2025-10-15 22:00:00,0.2,0.0,0.0,0.2,0.0,9.42,0.0,0.2,0.0,0.0
2025-10-15 23:00:00,0.11,0.0,0.0,0.11,0.0,9.31,0.0,0.11,0.0,0.0
2025-10-16 00:00:00,0.44,0.0,0.0,0.44,0.0,8.870000000000001,0.0,0.44,0.0,0.0
2025-10-16 01:00:00,0.47,0.0,0.0,0.47,0.0,8.4,0.0,0.47,0.0,0.0
2025-10-16 02:00:00,0.5499999999999999,0.0,0.0,0.5499999999999999,0.0,7.8500000000000005,0.0,0.5499999999999999,0.0,0.0
2025-10-16 03:00:00,0.96,0.0,0.0,0.96,0.0,6.890000000000001,0.0,0.96,0.0,0.0
2025-10-16 04:00:00,0.5,0.0,0.0,0.5,0.0,6.390000000000001,0.0,0.5,0.0,0.0
2025-10-16 05:00:00,0.75,0.0,0.0,0.75,0.0,5.640000000000001,0.0,0.75,0.0,0.0
2025-10-16 06:00:00,0.92,0.0,0.0,0.92,0.15750899999999998,4.877509000000001,0.0,0.762491,0.0,0.0
2025-10-16 07:00:00,0.95,0.0,0.0,0.95,2.2620810000000002,6.189590000000001,1.3120810000000003,0.0,0.0,0.0
2025-10-16 08:00:00,0.32,0.0,0.0,0.32,3.669074,9.538664,3.3490740000000003,0.0,0.0,0.0
2025-10-16 09:00:00,0.1,0.0,0.0,0.1,4.54656,13.5,3.9613359999999993,0.0,0.0,0.48522400000000143
2025-10-16 10:00:00,0.1,0.0,0.0,0.1,5.045353,13.5,0.0,0.0,0.0,4.945353000000001
2025-10-16 11:00:00,0.11,0.6130461538461539,0.0,0.7230461538461539,5.160434,13.5,0.0,0.0,0.0,4.437387846153847
2025-10-16 12:00:00,0.1,0.6130461538461539,0.0,0.7130461538461539,4.910105,13.5,0.0,0.0,0.0,4.197058846153846
2025-10-16 13:00:00,0.1,0.6130461538461539,0.0,0.7130461538461539,4.276342,13.5,0.0,0.0,0.0,3.5632958461538458
2025-10-16 14:00:00,0.1,0.0,0.0,0.1,3.335016,13.5,0.0,0.0,0.0,3.235016
2025-10-16 15:00:00,0.1,0.0,0.0,0.1,1.9632550000000002,13.5,0.0,0.0,0.0,1.863255
2025-10-16 16:00:00,0.1,0.0,0.0,0.1,0.48294099999999995,13.5,0.0,0.0,0.0,0.382941
2025-10-16 17:00:00,0.16,0.0,0.0,0.16,0.0,13.34,0.0,0.16,0.0,0.0
2025-10-16 18:00:00,0.52,0.0,0.0,0.52,0.0,12.82,0.0,0.52,0.0,0.0
2025-10-16 19:00:00,0.45,0.0,0.0,0.45,0.0,12.370000000000001,0.0,0.45,0.0,0.0
2025-10-16 20:00:00,0.31,0.0,0.0,0.31,0.0,12.06,0.0,0.31,0.0,0.0
2025-10-16 21:00:00,0.44,0.0,0.0,0.44,0.0,11.620000000000001,0.0,0.44,0.0,0.0
2025-10-16 22:00:00,0.6699999999999999,0.0,0.0,0.6699999999999999,0.0,10.950000000000001,0.0,0.6699999999999999,0.0,0.0
2025-10-16 23:00:00,0.51,0.0,0.0,0.51,0.0,10.440000000000001,0.0,0.51,0.0,0.0
2025-10-17 00:00:00,0.21,0.0,0.0,0.21,0.0,10.23,0.0,0.21,0.0,0.0
2025-10-17 01:00:00,0.22,0.0,0.0,0.22,0.0,10.01,0.0,0.22,0.0,0.0
2025-10-17 02:00:00,0.54,0.0,0.0,0.54,0.0,9.469999999999999,0.0,0.54,0.0,0.0
2025-10-17 03:00:00,0.55,0.0,0.0,0.55,0.0,8.919999999999998,0.0,0.55,0.0,0.0
2025-10-17 04:00:00,0.96,0.0,0.0,0.96,0.0,7.959999999999998,0.0,0.96,0.0,0.0
2025-10-17 05:00:00,0.62,0.0,0.0,0.62,0.0,7.339999999999998,0.0,0.62,0.0,0.0
2025-10-17 06:00:00,0.64,0.0,0.0,0.64,0.0,6.699999999999998,0.0,0.64,0.0,0.0
2025-10-17 07:00:00,0.5700000000000001,0.0,0.0,0.5700000000000001,2.441249,8.571248999999998,1.871249,0.0,0.0,0.0
2025-10-17 08:00:00,0.22,0.0,0.0,0.22,3.879741,12.230989999999998,3.659741,0.0,0.0,0.0
2025-10-17 09:00:00,0.22,0.0,3.311182999999999,3.531182999999999,4.800193,13.5,1.2690100000000015,0.0,0.0,0.0
2025-10-17 10:00:00,0.2299999999999999,0.0,5.0431170000000005,5.273117,5.273117,13.5,0.0,0.0,0.0,0.0
2025-10-17 11:00:00,0.25,0.6130461538461539,4.463911846153845,5.326957999999999,5.326957999999999,13.5,0.0,0.0,0.0,0.0
2025-10-17 12:00:00,0.22,0.6130461538461539,4.194754846153846,5.027801,5.027801,13.5,0.0,0.0,0.0,0.0
2025-10-17 13:00:00,0.22,0.6130461538461539,1.463273538461543,2.296319692307697,4.354513,13.5,0.0,0.0,0.0,2.058193307692303
2025-10-17 14:00:00,0.22,0.0,0.0,0.22,3.3641680000000003,13.5,0.0,0.0,0.0,3.144168
2025-10-17 15:00:00,0.2299999999999999,0.0,0.0,0.2299999999999999,1.995284,13.5,0.0,0.0,0.0,1.765284
2025-10-17 16:00:00,0.28,0.0,0.0,0.28,0.48584,13.5,0.0,0.0,0.0,0.20583999999999997
2025-10-17 17:00:00,0.3399999999999999,0.0,0.0,0.3399999999999999,0.0,13.16,0.0,0.3399999999999999,0.0,0.0
2025-10-17 18:00:00,1.71,0.0,0.0,1.71,0.0,11.45,0.0,1.71,0.0,0.0
2025-10-17 19:00:00,1.24,0.0,0.0,1.24,0.0,10.209999999999999,0.0,1.24,0.0,0.0
2025-10-17 20:00:00,0.35,0.0,0.0,0.35,0.0,9.86,0.0,0.35,0.0,0.0
2025-10-17 21:00:00,0.37,0.0,0.0,0.37,0.0,9.49,0.0,0.37,0.0,0.0
2025-10-17 22:00:00,0.47,0.0,0.0,0.47,0.0,9.02,0.0,0.47,0.0,0.0
2025-10-17 23:00:00,0.35,0.0,0.0,0.35,0.0,8.67,0.0,0.35,0.0,0.0
2025-10-18 00:00:00,0.35,0.0,0.0,0.35,0.0,8.32,0.0,0.35,0.0,0.0
2025-10-18 01:00:00,0.33,0.0,0.0,0.33,0.0,7.99,0.0,0.33,0.0,0.0
2025-10-18 02:00:00,0.33,0.0,0.0,0.33,0.0,7.66,0.0,0.33,0.0,0.0
2025-10-18 03:00:00,0.36,0.0,0.0,0.36,0.0,7.3,0.0,0.36,0.0,0.0
2025-10-18 04:00:00,0.36,0.0,0.0,0.36,0.0,6.9399999999999995,0.0,0.36,0.0,0.0
2025-10-18 05:00:00,0.3399999999999999,0.0,0.0,0.3399999999999999,0.0,6.6,0.0,0.3399999999999999,0.0,0.0
2025-10-18 06:00:00,0.35,0.0,0.0,0.35,0.0,6.25,0.0,0.35,0.0,0.0
2025-10-18 07:00:00,0.53,0.0,0.0,0.53,2.2971950000000003,8.017195000000001,1.7671950000000003,0.0,0.0,0.0
2025-10-18 08:00:00,0.6,0.0,0.0,0.6,3.754504,11.171699,3.1545039999999998,0.0,0.0,0.0
2025-10-18 09:00:00,0.36,0.0,0.0,0.36,4.57392,13.5,2.3283009999999997,0.0,0.0,1.8856190000000002
2025-10-18 10:00:00,0.33,0.0,0.0,0.33,5.022902,13.5,0.0,0.0,0.0,4.692902
2025-10-18 11:00:00,0.45,0.6130461538461539,0.0,1.063046153846154,5.1879409999999995,13.5,0.0,0.0,0.0,4.124894846153845
2025-10-18 12:00:00,0.6699999999999999,0.6130461538461539,0.0,1.2830461538461537,4.962544,13.5,0.0,0.0,0.0,3.6794978461538466
2025-10-18 13:00:00,2.56,0.6130461538461539,0.0,3.173046153846154,4.354007999999999,13.5,0.0,0.0,0.0,1.1809618461538456
2025-10-18 14:00:00,1.07,0.0,0.0,1.07,3.354038,13.5,0.0,0.0,0.0,2.284038
2025-10-18 15:00:00,2.5700000000000003,0.0,0.0,2.5700000000000003,1.9482300000000001,12.87823,0.0,0.6217700000000002,0.0,0.0
2025-10-18 16:00:00,1.78,0.0,0.0,1.78,0.458375,11.556605000000001,0.0,1.321625,0.0,0.0
2025-10-18 17:00:00,0.17,0.0,0.0,0.17,0.0,11.386605000000001,0.0,0.17,0.0,0.0
2025-10-18 18:00:00,0.16,0.0,0.0,0.16,0.0,11.226605000000001,0.0,0.16,0.0,0.0
2025-10-18 19:00:00,0.2,0.0,0.0,0.2,0.0,11.026605000000002,0.0,0.2,0.0,0.0
2025-10-18 20:00:00,0.24,0.0,0.0,0.24,0.0,10.786605000000002,0.0,0.24,0.0,0.0
2025-10-18 21:00:00,0.12,0.0,0.0,0.12,0.0,10.666605000000002,0.0,0.12,0.0,0.0
2025-10-18 22:00:00,0.2,0.0,0.0,0.2,0.0,10.466605000000003,0.0,0.2,0.0,0.0
2025-10-18 23:00:00,0.25,0.0,0.0,0.25,0.0,10.216605000000003,0.0,0.25,0.0,0.0
2025-10-19 00:00:00,0.32,0.0,0.0,0.32,0.0,9.896605000000003,0.0,0.32,0.0,0.0
2025-10-19 01:00:00,0.2299999999999999,0.0,0.0,0.2299999999999999,0.0,9.666605000000002,0.0,0.2299999999999999,0.0,0.0
2025-10-19 02:00:00,0.2299999999999999,0.0,0.0,0.2299999999999999,0.0,9.436605000000002,0.0,0.2299999999999999,0.0,0.0
2025-10-19 03:00:00,0.2299999999999999,0.0,0.0,0.2299999999999999,0.0,9.206605000000001,0.0,0.2299999999999999,0.0,0.0
2025-10-19 04:00:00,0.22,0.0,0.0,0.22,0.0,8.986605,0.0,0.22,0.0,0.0
2025-10-19 05:00:00,0.24,0.0,0.0,0.24,0.0,8.746605,0.0,0.24,0.0,0.0
2025-10-19 06:00:00,0.88,0.0,0.0,0.88,0.0,7.866605000000001,0.0,0.88,0.0,0.0
2025-10-19 07:00:00,0.39,0.0,0.0,0.39,2.0729499999999996,9.549555,1.6829499999999995,0.0,0.0,0.0
2025-10-19 08:00:00,0.24,0.0,0.0,0.24,3.509036,12.818591,3.269036,0.0,0.0,0.0
2025-10-19 09:00:00,0.7,0.0,0.0,0.7,4.456537,13.5,0.6814090000000004,0.0,0.0,3.0751279999999994
2025-10-19 10:00:00,0.69,0.0,0.0,0.69,4.942099,13.5,0.0,0.0,0.0,4.252098999999999
2025-10-19 11:00:00,0.18,0.4552769230769231,0.0,0.6352769230769231,1.0753320000000002,13.5,0.0,0.0,0.0,0.4400550769230771
2025-10-19 12:00:00,0.2,0.4552769230769231,0.0,0.6552769230769231,1.124814,13.5,0.0,0.0,0.0,0.4695370769230769
2025-10-19 13:00:00,0.19,0.4552769230769231,0.0,0.6452769230769231,1.025415,13.5,0.0,0.0,0.0,0.3801380769230769
2025-10-19 14:00:00,0.12,0.0,0.0,0.12,0.832759,13.5,0.0,0.0,0.0,0.712759
2025-10-19 15:00:00,0.22,0.0,0.0,0.22,0.43547399999999997,13.5,0.0,0.0,0.0,0.21547399999999997
2025-10-19 16:00:00,0.32,0.0,0.0,0.32,0.45240800000000003,13.5,0.0,0.0,0.0,0.13240800000000003
2025-10-19 17:00:00,0.8500000000000001,0.0,0.0,0.8500000000000001,0.0,12.65,0.0,0.8500000000000001,0.0,0.0
2025-10-19 18:00:00,2.38,0.0,0.0,2.38,0.0,10.27,0.0,2.38,0.0,0.0
2025-10-19 19:00:00,0.21,0.0,0.0,0.21,0.0,10.059999999999999,0.0,0.21,0.0,0.0
2025-10-19 20:00:00,0.25,0.0,0.0,0.25,0.0,9.809999999999999,0.0,0.25,0.0,0.0
2025-10-19 21:00:00,0.3399999999999999,0.0,0.0,0.3399999999999999,0.0,9.469999999999999,0.0,0.3399999999999999,0.0,0.0
2025-10-19 22:00:00,0.2299999999999999,0.0,0.0,0.2299999999999999,0.0,9.239999999999998,0.0,0.2299999999999999,0.0,0.0
2025-10-19 23:00:00,0.22,0.0,0.0,0.22,0.0,9.019999999999998,0.0,0.22,0.0,0.0
2025-10-20 00:00:00,0.2299999999999999,0.0,0.0,0.2299999999999999,0.0,8.789999999999997,0.0,0.2299999999999999,0.0,0.0
2025-10-20 01:00:00,0.2299999999999999,0.0,0.0,0.2299999999999999,0.0,8.559999999999997,0.0,0.2299999999999999,0.0,0.0
2025-10-20 02:00:00,0.11,0.0,0.0,0.11,0.0,8.449999999999998,0.0,0.11,0.0,0.0
2025-10-20 03:00:00,0.2,0.0,0.0,0.2,0.0,8.249999999999998,0.0,0.2,0.0,0.0
2025-10-20 04:00:00,0.4599999999999999,0.0,0.0,0.4599999999999999,0.0,7.789999999999998,0.0,0.4599999999999999,0.0,0.0
2025-10-20 05:00:00,0.3999999999999999,0.0,0.0,0.3999999999999999,0.0,7.389999999999999,0.0,0.3999999999999999,0.0,0.0
2025-10-20 06:00:00,0.49,0.0,0.0,0.49,0.0,6.899999999999999,0.0,0.49,0.0,0.0
2025-10-20 07:00:00,0.12,0.0,0.0,0.12,2.223688,9.003687999999999,2.103688,0.0,0.0,0.0
2025-10-20 08:00:00,0.14,0.0,0.0,0.14,0.37005099999999996,9.233738999999998,0.23005099999999995,0.0,0.0,0.0
2025-10-20 09:00:00,0.17,0.0,0.0,0.17,0.788526,9.852264999999997,0.6185259999999999,0.0,0.0,0.0
2025-10-20 10:00:00,0.15,0.0,0.0,0.15,1.296598,10.998862999999997,1.146598,0.0,0.0,0.0
2025-10-20 11:00:00,0.15,0.4552769230769231,0.0,0.605276923076923,2.789932,13.183518076923074,2.184655076923077,0.0,0.0,0.0
2025-10-20 12:00:00,0.2,0.4552769230769231,0.0,0.6552769230769231,5.0392280000000005,13.5,0.31648192307692646,0.0,0.0,4.067469153846151
2025-10-20 13:00:00,0.11,0.4552769230769231,0.0,0.5652769230769231,4.385624,13.5,0.0,0.0,0.0,3.8203470769230767
2025-10-20 14:00:00,0.17,0.0,0.0,0.17,3.3999650000000003,13.5,0.0,0.0,0.0,3.2299650000000004
2025-10-20 15:00:00,0.16,0.0,0.0,0.16,1.968785,13.5,0.0,0.0,0.0,1.808785
2025-10-20 16:00:00,0.27,0.0,0.0,0.27,0.457717,13.5,0.0,0.0,0.0,0.18771699999999997
2025-10-20 17:00:00,0.41,0.0,0.0,0.41,0.0,13.09,0.0,0.41,0.0,0.0
2025-10-20 18:00:00,0.55,0.0,0.0,0.55,0.0,12.54,0.0,0.55,0.0,0.0
2025-10-20 19:00:00,0.16,0.0,0.0,0.16,0.0,12.379999999999999,0.0,0.16,0.0,0.0
2025-10-20 20:00:00,0.23,0.0,0.0,0.23,0.0,12.149999999999999,0.0,0.23,0.0,0.0
2025-10-20 21:00:00,0.36,0.0,0.0,0.36,0.0,11.79,0.0,0.36,0.0,0.0
2025-10-20 22:00:00,0.49,0.0,0.0,0.49,0.0,11.299999999999999,0.0,0.49,0.0,0.0
2025-10-20 23:00:00,0.64,0.0,0.0,0.64,0.0,10.659999999999998,0.0,0.64,0.0,0.0
2025-10-21 00:00:00,0.11,0.0,0.0,0.11,0.0,10.549999999999999,0.0,0.11,0.0,0.0
2025-10-21 01:00:00,0.1,0.0,0.0,0.1,0.0,10.45,0.0,0.1,0.0,0.0
2025-10-21 02:00:00,0.11,0.0,0.0,0.11,0.0,10.34,0.0,0.11,0.0,0.0
2025-10-21 03:00:00,0.11,0.0,0.0,0.11,0.0,10.23,0.0,0.11,0.0,0.0
2025-10-21 04:00:00,0.11,0.0,0.0,0.11,0.0,10.120000000000001,0.0,0.11,0.0,0.0
2025-10-21 05:00:00,0.11,0.0,0.0,0.11,0.0,10.010000000000002,0.0,0.11,0.0,0.0
2025-10-21 06:00:00,0.12,0.0,0.0,0.12,0.0,9.890000000000002,0.0,0.12,0.0,0.0
2025-10-21 07:00:00,0.12,0.0,0.0,0.12,1.4616900000000002,11.231690000000002,1.3416900000000003,0.0,0.0,0.0
2025-10-21 08:00:00,0.15,0.0,0.0,0.15,1.118602,12.200292000000003,0.9686020000000001,0.0,0.0,0.0
2025-10-21 09:00:00,0.14,0.0,0.0,0.14,3.249813,13.5,1.2997079999999972,0.0,0.0,1.8101050000000027
2025-10-21 10:00:00,0.15,0.0,0.0,0.15,3.487943,13.5,0.0,0.0,0.0,3.337943
2025-10-21 11:00:00,0.15,0.4552769230769231,0.0,0.605276923076923,5.415154,13.5,0.0,0.0,0.0,4.809877076923077
2025-10-21 12:00:00,0.15,0.4552769230769231,0.0,0.605276923076923,4.07269,13.5,0.0,0.0,0.0,3.4674130769230764
2025-10-21 13:00:00,0.15,0.4552769230769231,0.0,0.605276923076923,4.3878829999999995,13.5,0.0,0.0,0.0,3.7826060769230763
2025-10-21 14:00:00,0.15,0.0,0.0,0.15,3.357289,13.5,0.0,0.0,0.0,3.2072890000000003
2025-10-21 15:00:00,0.14,0.0,0.0,0.14,1.910779,13.5,0.0,0.0,0.0,1.770779
2025-10-21 16:00:00,0.14,0.0,0.0,0.14,0.42531,13.5,0.0,0.0,0.0,0.28531
2025-10-21 17:00:00,1.79,0.0,0.0,1.79,0.0,11.71,0.0,1.79,0.0,0.0
2025-10-21 18:00:00,1.61,0.0,0.0,1.61,0.0,10.100000000000001,0.0,1.61,0.0,0.0
2025-10-21 19:00:00,0.24,0.0,0.0,0.24,0.0,9.860000000000001,0.0,0.24,0.0,0.0
2025-10-21 20:00:00,0.24,0.0,0.0,0.24,0.0,9.620000000000001,0.0,0.24,0.0,0.0
2025-10-21 21:00:00,0.15,0.0,0.0,0.15,0.0,9.47,0.0,0.15,0.0,0.0
2025-10-21 22:00:00,0.22,0.0,0.0,0.22,0.0,9.25,0.0,0.22,0.0,0.0
2025-10-21 23:00:00,0.22,0.0,0.0,0.22,0.0,9.03,0.0,0.22,0.0,0.0
2025-10-22 00:00:00,0.22,0.0,0.0,0.22,0.0,8.809999999999999,0.0,0.22,0.0,0.0
2025-10-22 01:00:00,0.24,0.0,0.0,0.24,0.0,8.569999999999999,0.0,0.24,0.0,0.0
2025-10-22 02:00:00,0.22,0.0,0.0,0.22,0.0,8.349999999999998,0.0,0.22,0.0,0.0
2025-10-22 03:00:00,0.22,0.0,0.0,0.22,0.0,8.129999999999997,0.0,0.22,0.0,0.0
2025-10-22 04:00:00,0.21,0.0,0.0,0.21,0.0,7.919999999999997,0.0,0.21,0.0,0.0
2025-10-22 05:00:00,0.22,0.0,0.0,0.22,0.0,7.6999999999999975,0.0,0.22,0.0,0.0
2025-10-22 06:00:00,0.2299999999999999,0.0,0.0,0.2299999999999999,0.0,7.469999999999998,0.0,0.2299999999999999,0.0,0.0
2025-10-22 07:00:00,0.22,0.0,0.0,0.22,0.049637,7.299636999999998,0.0,0.170363,0.0,0.0
2025-10-22 08:00:00,0.41,0.0,0.0,0.41,3.6947460000000003,10.584382999999999,3.284746,0.0,0.0,0.0
2025-10-22 09:00:00,0.22,0.0,1.6124799999999988,1.8324799999999988,4.748097,13.5,2.915617000000001,0.0,0.0,0.0
2025-10-22 10:00:00,0.22,0.0,3.0417259999999997,3.261726,3.261726,13.5,0.0,0.0,0.0,0.0
2025-10-22 11:00:00,0.21,0.4552769230769231,4.747868076923077,5.413145,5.413145,13.5,0.0,0.0,0.0,0.0
2025-10-22 12:00:00,0.21,0.4552769230769231,4.424591076923077,5.089868,5.089868,13.5,0.0,0.0,0.0,0.0
2025-10-22 13:00:00,0.21,0.4552769230769231,3.7638380769230766,4.4291149999999995,4.4291149999999995,13.5,0.0,0.0,0.0,0.0
2025-10-22 14:00:00,0.32,0.0,0.0,0.32,0.306243,13.486243,0.0,0.01375700000000002,0.0,0.0
2025-10-22 15:00:00,0.36,0.0,1.565474,1.925474,1.939231,13.5,0.01375700000000002,0.0,0.0,0.0
2025-10-22 16:00:00,0.29,0.0,0.135517,0.425517,0.425517,13.5,0.0,0.0,0.0,0.0
2025-10-22 17:00:00,1.41,0.0,0.0,1.41,0.0,12.09,0.0,1.41,0.0,0.0
2025-10-22 18:00:00,2.53,0.0,0.0,2.53,0.0,9.56,0.0,2.53,0.0,0.0
2025-10-22 19:00:00,0.55,0.0,0.0,0.55,0.0,9.01,0.0,0.55,0.0,0.0
2025-10-22 20:00:00,0.38,0.0,0.0,0.38,0.0,8.629999999999999,0.0,0.38,0.0,0.0
2025-10-22 21:00:00,0.32,0.0,0.0,0.32,0.0,8.309999999999999,0.0,0.32,0.0,0.0
2025-10-22 22:00:00,0.27,0.0,0.0,0.27,0.0,8.04,0.0,0.27,0.0,0.0
2025-10-22 23:00:00,0.13,0.0,0.0,0.13,0.0,7.909999999999999,0.0,0.13,0.0,0.0
2025-10-23 00:00:00,0.11,0.0,0.0,0.11,0.0,7.799999999999999,0.0,0.11,0.0,0.0
2025-10-23 01:00:00,0.11,0.0,0.0,0.11,0.0,7.689999999999999,0.0,0.11,0.0,0.0
2025-10-23 02:00:00,0.11,0.0,0.0,0.11,0.0,7.579999999999998,0.0,0.11,0.0,0.0
2025-10-23 03:00:00,0.11,0.0,0.0,0.11,0.0,7.469999999999998,0.0,0.11,0.0,0.0
2025-10-23 04:00:00,0.11,0.0,0.0,0.11,0.0,7.359999999999998,0.0,0.11,0.0,0.0
2025-10-23 05:00:00,0.11,0.0,0.0,0.11,0.0,7.249999999999997,0.0,0.11,0.0,0.0
2025-10-23 06:00:00,0.12,0.0,0.0,0.12,0.0,7.129999999999997,0.0,0.12,0.0,0.0
2025-10-23 07:00:00,0.4,0.0,0.0,0.4,0.5075419999999999,7.237541999999997,0.10754199999999992,0.0,0.0,0.0
2025-10-23 08:00:00,0.37,0.0,0.0,0.37,1.7699690000000001,8.637510999999996,1.399969,0.0,0.0,0.0
2025-10-23 09:00:00,0.48,0.0,0.0,0.48,3.973795,12.131305999999997,3.493795,0.0,0.0,0.0
2025-10-23 10:00:00,0.7,0.0,0.0,0.7,5.090254,13.5,1.3686940000000032,0.0,0.0,3.0215599999999965
2025-10-23 11:00:00,0.72,1.8211076923076923,0.0,2.5411076923076923,5.243967,13.5,0.0,0.0,0.0,2.7028593076923073
2025-10-23 12:00:00,0.71,1.8211076923076923,0.0,2.5311076923076925,4.9929049999999995,13.5,0.0,0.0,0.0,2.461797307692307
2025-10-23 13:00:00,0.98,1.8211076923076923,0.0,2.801107692307692,4.357988000000001,13.5,0.0,0.0,0.0,1.5568803076923086
2025-10-23 14:00:00,0.68,0.0,0.0,0.68,3.3182359999999997,13.5,0.0,0.0,0.0,2.6382359999999996
2025-10-23 15:00:00,0.24,0.0,0.0,0.24,1.884058,13.5,0.0,0.0,0.0,1.644058
2025-10-23 16:00:00,0.32,0.0,0.0,0.32,0.409918,13.5,0.0,0.0,0.0,0.089918
2025-10-23 17:00:00,0.33,0.0,0.0,0.33,0.0,13.17,0.0,0.33,0.0,0.0
2025-10-23 18:00:00,0.48,0.0,0.0,0.48,0.0,12.69,0.0,0.48,0.0,0.0
2025-10-23 19:00:00,0.37,0.0,0.0,0.37,0.0,12.32,0.0,0.37,0.0,0.0
2025-10-23 20:00:00,0.28,0.0,0.0,0.28,0.0,12.040000000000001,0.0,0.28,0.0,0.0
2025-10-23 21:00:00,0.32,0.0,0.0,0.32,0.0,11.72,0.0,0.32,0.0,0.0
2025-10-23 22:00:00,0.26,0.0,0.0,0.26,0.0,11.46,0.0,0.26,0.0,0.0
2025-10-23 23:00:00,0.2299999999999999,0.0,0.0,0.2299999999999999,0.0,11.23,0.0,0.2299999999999999,0.0,0.0
2025-10-24 00:00:00,0.2299999999999999,0.0,0.0,0.2299999999999999,0.0,11.0,0.0,0.2299999999999999,0.0,0.0
2025-10-24 01:00:00,0.2299999999999999,0.0,0.0,0.2299999999999999,0.0,10.77,0.0,0.2299999999999999,0.0,0.0
2025-10-24 02:00:00,0.2299999999999999,0.0,0.0,0.2299999999999999,0.0,10.54,0.0,0.2299999999999999,0.0,0.0
2025-10-24 03:00:00,0.22,0.0,0.0,0.22,0.0,10.319999999999999,0.0,0.22,0.0,0.0
2025-10-24 04:00:00,0.2299999999999999,0.0,0.0,0.2299999999999999,0.0,10.089999999999998,0.0,0.2299999999999999,0.0,0.0
2025-10-24 05:00:00,0.6,0.0,0.0,0.6,0.0,9.489999999999998,0.0,0.6,0.0,0.0
2025-10-24 06:00:00,0.55,0.0,0.0,0.55,0.0,8.939999999999998,0.0,0.55,0.0,0.0
2025-10-24 07:00:00,0.87,0.0,0.0,0.87,2.02265,10.092649999999997,1.15265,0.0,0.0,0.0
2025-10-24 08:00:00,0.6599999999999999,0.0,0.0,0.6599999999999999,3.6243879999999997,13.057037999999997,2.9643879999999996,0.0,0.0,0.0
2025-10-24 09:00:00,0.2299999999999999,0.0,3.9254469999999966,4.155446999999996,4.598408999999999,13.5,0.4429620000000032,0.0,0.0,0.0
2025-10-24 10:00:00,0.26,0.0,4.802060000000001,5.062060000000001,5.062060000000001,13.5,0.0,0.0,0.0,0.0
2025-10-24 11:00:00,1.43,0.9105538461538464,2.8128281538461533,5.153382,5.153382,13.5,0.0,0.0,0.0,0.0
2025-10-24 12:00:00,0.75,0.9105538461538464,3.229858153846154,4.890412,4.890412,13.5,0.0,0.0,0.0,0.0
2025-10-24 13:00:00,0.33,0.9105538461538464,3.0182631538461533,4.258817,4.258817,13.5,0.0,0.0,0.0,0.0
2025-10-24 14:00:00,0.22,0.0,3.046054,3.266054,3.266054,13.5,0.0,0.0,0.0,0.0
2025-10-24 15:00:00,2.71,0.0,0.0,2.71,1.849777,12.639777,0.0,0.860223,0.0,0.0
2025-10-24 16:00:00,0.98,0.0,0.0,0.98,0.107221,11.766998000000001,0.0,0.872779,0.0,0.0
2025-10-24 17:00:00,1.77,0.0,0.0,1.77,0.0,9.996998000000001,0.0,1.77,0.0,0.0
2025-10-24 18:00:00,0.58,0.0,0.0,0.58,0.0,9.416998000000001,0.0,0.58,0.0,0.0
2025-10-24 19:00:00,1.01,0.0,0.0,1.01,0.0,8.406998000000002,0.0,1.01,0.0,0.0
2025-10-24 20:00:00,0.17,0.0,0.0,0.17,0.0,8.236998000000002,0.0,0.17,0.0,0.0
2025-10-24 21:00:00,0.15,0.0,0.0,0.15,0.0,8.086998000000001,0.0,0.15,0.0,0.0
2025-10-24 22:00:00,1.18,0.0,0.0,1.18,0.0,6.9069980000000015,0.0,1.18,0.0,0.0
2025-10-24 23:00:00,0.84,0.0,0.0,0.84,0.0,6.066998000000002,0.0,0.84,0.0,0.0
2025-10-25 00:00:00,0.45,0.0,0.0,0.45,0.0,5.6169980000000015,0.0,0.45,0.0,0.0
2025-10-25 01:00:00,0.12,0.0,0.0,0.12,0.0,5.496998000000001,0.0,0.12,0.0,0.0
2025-10-25 02:00:00,0.1,0.0,0.0,0.1,0.0,5.396998000000002,0.0,0.1,0.0,0.0
2025-10-25 03:00:00,0.11,0.0,0.0,0.11,0.0,5.286998000000001,0.0,0.11,0.0,0.0
2025-10-25 04:00:00,0.11,0.0,0.0,0.11,0.0,5.176998000000001,0.0,0.11,0.0,0.0
2025-10-25 05:00:00,0.13,0.0,0.0,0.13,0.0,5.046998000000001,0.0,0.13,0.0,0.0
2025-10-25 06:00:00,0.11,0.0,0.0,0.11,0.0,4.936998000000001,0.0,0.11,0.0,0.0
2025-10-25 07:00:00,1.87,0.0,0.0,1.87,2.00566,5.0726580000000006,0.1356600000000001,0.0,0.0,0.0
2025-10-25 08:00:00,2.28,0.0,0.0,2.28,3.52563,6.318288000000001,1.2456300000000002,0.0,0.0,0.0
2025-10-25 09:00:00,0.2,0.0,0.0,0.2,4.529598,10.647886,4.329598,0.0,0.0,0.0
2025-10-25 10:00:00,0.23,0.0,0.0,0.23,0.53942,10.957305999999999,0.30942000000000003,0.0,0.0,0.0
2025-10-25 11:00:00,0.37,0.9105538461538464,0.0,1.2805538461538464,3.222031,12.898783153846153,1.9414771538461535,0.0,0.0,0.0
2025-10-25 12:00:00,0.3,0.9105538461538464,3.0120673076923064,4.222621153846153,4.823837999999999,13.5,0.6012168461538465,0.0,0.0,0.0
2025-10-25 13:00:00,0.37,0.9105538461538464,2.861928000000006,4.142481846153853,4.19134,13.5,0.0,0.0,0.0,0.04885815384614789
2025-10-25 14:00:00,0.17,0.0,0.0,0.17,3.221911,13.5,0.0,0.0,0.0,3.051911
2025-10-25 15:00:00,0.11,0.0,0.0,0.11,1.8233009999999998,13.5,0.0,0.0,0.0,1.7133009999999997
2025-10-25 16:00:00,1.85,0.0,0.0,1.85,0.372856,12.022856,0.0,1.477144,0.0,0.0
2025-10-25 17:00:00,1.88,0.0,0.0,1.88,0.0,10.142856000000002,0.0,1.88,0.0,0.0
2025-10-25 18:00:00,1.44,0.0,0.0,1.44,0.0,8.702856000000002,0.0,1.44,0.0,0.0
2025-10-25 19:00:00,0.35,0.0,0.0,0.35,0.0,8.352856000000003,0.0,0.35,0.0,0.0
2025-10-25 20:00:00,0.33,0.0,0.0,0.33,0.0,8.022856000000003,0.0,0.33,0.0,0.0
2025-10-25 21:00:00,0.25,0.0,0.0,0.25,0.0,7.772856000000003,0.0,0.25,0.0,0.0
2025-10-25 22:00:00,0.8500000000000001,0.0,0.0,0.8500000000000001,0.0,6.922856000000003,0.0,0.8500000000000001,0.0,0.0
2025-10-25 23:00:00,0.86,0.0,0.0,0.86,0.0,6.062856000000003,0.0,0.86,0.0,0.0
2025-10-26 00:00:00,0.28,0.0,0.0,0.28,0.0,5.782856000000002,0.0,0.28,0.0,0.0
2025-10-26 01:00:00,0.24,0.0,0.0,0.24,0.0,5.542856000000002,0.0,0.24,0.0,0.0
2025-10-26 02:00:00,0.27,0.0,0.0,0.27,0.0,5.272856000000003,0.0,0.27,0.0,0.0
2025-10-26 03:00:00,0.25,0.0,0.0,0.25,0.0,5.022856000000003,0.0,0.25,0.0,0.0
2025-10-26 04:00:00,0.2299999999999999,0.0,0.0,0.2299999999999999,0.0,4.792856000000003,0.0,0.2299999999999999,0.0,0.0
2025-10-26 05:00:00,0.2299999999999999,0.0,0.0,0.2299999999999999,0.0,4.562856000000004,0.0,0.2299999999999999,0.0,0.0
2025-10-26 06:00:00,0.2299999999999999,0.0,0.0,0.2299999999999999,0.0,4.332856000000004,0.0,0.2299999999999999,0.0,0.0
2025-10-26 07:00:00,0.71,0.0,0.0,0.71,2.102897,5.7257530000000045,1.392897,0.0,0.0,0.0
2025-10-26 08:00:00,0.52,0.0,0.0,0.52,3.6110819999999997,8.816835000000005,3.0910819999999997,0.0,0.0,0.0
2025-10-26 09:00:00,0.33,0.0,0.0,0.33,4.556361,13.043196000000005,4.226361,0.0,0.0,0.0
2025-10-26 10:00:00,0.69,0.0,0.0,0.69,4.9953710000000004,13.5,0.45680399999999466,0.0,0.0,3.8485670000000063
2025-10-26 11:00:00,0.32,0.9195692307692308,0.0,1.2395692307692308,5.086283000000001,13.5,0.0,0.0,0.0,3.84671376923077
2025-10-26 12:00:00,0.14,0.9195692307692308,0.0,1.0595692307692308,4.815948000000001,13.5,0.0,0.0,0.0,3.7563787692307695
2025-10-26 13:00:00,0.11,0.9195692307692308,0.0,1.0295692307692308,4.152698,13.5,0.0,0.0,0.0,3.123128769230769
2025-10-26 14:00:00,0.11,0.0,0.0,0.11,3.164092,13.5,0.0,0.0,0.0,3.0540920000000003
2025-10-26 15:00:00,0.1,0.0,0.0,0.1,1.769974,13.5,0.0,0.0,0.0,1.6699739999999998
2025-10-26 16:00:00,0.11,0.0,0.0,0.11,0.346416,13.5,0.0,0.0,0.0,0.23641600000000002
2025-10-26 17:00:00,0.1,0.0,0.0,0.1,0.0,13.4,0.0,0.1,0.0,0.0
2025-10-26 18:00:00,0.16,0.0,0.0,0.16,0.0,13.24,0.0,0.16,0.0,0.0
2025-10-26 19:00:00,0.5700000000000001,0.0,0.0,0.5700000000000001,0.0,12.67,0.0,0.5700000000000001,0.0,0.0
2025-10-26 20:00:00,0.48,0.0,0.0,0.48,0.0,12.19,0.0,0.48,0.0,0.0
2025-10-26 21:00:00,0.28,0.0,0.0,0.28,0.0,11.91,0.0,0.28,0.0,0.0
2025-10-26 22:00:00,0.36,0.0,0.0,0.36,0.0,11.55,0.0,0.36,0.0,0.0
2025-10-26 23:00:00,0.14,0.0,0.0,0.14,0.0,11.41,0.0,0.14,0.0,0.0
2025-10-27 00:00:00,0.1,0.0,0.0,0.1,0.0,11.31,0.0,0.1,0.0,0.0
2025-10-27 01:00:00,0.53,0.0,0.0,0.53,0.0,10.780000000000001,0.0,0.53,0.0,0.0
2025-10-27 02:00:00,0.51,0.0,0.0,0.51,0.0,10.270000000000001,0.0,0.51,0.0,0.0
2025-10-27 03:00:00,0.6000000000000001,0.0,0.0,0.6000000000000001,0.0,9.670000000000002,0.0,0.6000000000000001,0.0,0.0
2025-10-27 04:00:00,0.48,0.0,0.0,0.48,0.0,9.190000000000001,0.0,0.48,0.0,0.0
2025-10-27 05:00:00,0.8600000000000001,0.0,0.0,0.8600000000000001,0.0,8.330000000000002,0.0,0.8600000000000001,0.0,0.0
2025-10-27 06:00:00,0.5499999999999999,0.0,0.0,0.5499999999999999,0.0,7.780000000000002,0.0,0.5499999999999999,0.0,0.0
2025-10-27 07:00:00,1.38,0.0,0.0,1.38,1.969313,8.369313000000002,0.5893130000000002,0.0,0.0,0.0
2025-10-27 08:00:00,1.37,0.0,0.0,1.37,3.417139,10.416452000000001,2.047139,0.0,0.0,0.0
2025-10-27 09:00:00,0.32,0.0,0.0,0.32,4.333904,13.5,3.0835479999999986,0.0,0.0,0.9303560000000015
2025-10-27 10:00:00,0.25,0.0,0.0,0.25,4.839173,13.5,0.0,0.0,0.0,4.589173
2025-10-27 11:00:00,0.15,0.9195692307692308,0.0,1.0695692307692308,4.948436,13.5,0.0,0.0,0.0,3.8788667692307692
2025-10-27 12:00:00,0.26,0.9195692307692308,0.0,1.1795692307692307,4.674685,13.5,0.0,0.0,0.0,3.4951157692307695
2025-10-27 13:00:00,0.14,0.9195692307692308,0.0,1.0595692307692308,4.038216,13.5,0.0,0.0,0.0,2.978646769230769
2025-10-27 14:00:00,0.29,0.0,0.0,0.29,3.0816909999999997,13.5,0.0,0.0,0.0,2.7916909999999997
2025-10-27 15:00:00,0.21,0.0,0.0,0.21,1.741787,13.5,0.0,0.0,0.0,1.531787
2025-10-27 16:00:00,0.29,0.0,0.0,0.29,0.337364,13.5,0.0,0.0,0.0,0.04736400000000002
2025-10-27 17:00:00,0.45,0.0,0.0,0.45,0.0,13.05,0.0,0.45,0.0,0.0
2025-10-27 18:00:00,2.41,0.0,0.0,2.41,0.0,10.64,0.0,2.41,0.0,0.0
2025-10-27 19:00:00,0.53,0.0,0.0,0.53,0.0,10.110000000000001,0.0,0.53,0.0,0.0
2025-10-27 20:00:00,0.79,0.0,0.0,0.79,0.0,9.32,0.0,0.79,0.0,0.0
2025-10-27 21:00:00,0.81,0.0,0.0,0.81,0.0,8.51,0.0,0.81,0.0,0.0
2025-10-27 22:00:00,0.32,0.0,0.0,0.32,0.0,8.19,0.0,0.32,0.0,0.0
2025-10-27 23:00:00,0.15,0.0,0.0,0.15,0.0,8.04,0.0,0.15,0.0,0.0
2025-10-28 00:00:00,0.22,0.0,0.0,0.22,0.0,7.819999999999999,0.0,0.22,0.0,0.0
2025-10-28 01:00:00,0.15,0.0,0.0,0.15,0.0,7.669999999999999,0.0,0.15,0.0,0.0
2025-10-28 02:00:00,0.11,0.0,0.0,0.11,0.0,7.559999999999999,0.0,0.11,0.0,0.0
2025-10-28 03:00:00,0.11,0.0,0.0,0.11,0.0,7.449999999999998,0.0,0.11,0.0,0.0
2025-10-28 04:00:00,0.1,0.0,0.0,0.1,0.0,7.349999999999999,0.0,0.1,0.0,0.0
2025-10-28 05:00:00,0.11,0.0,0.0,0.11,0.0,7.239999999999998,0.0,0.11,0.0,0.0
2025-10-28 06:00:00,0.74,0.0,0.0,0.74,0.0,6.499999999999998,0.0,0.74,0.0,0.0
2025-10-28 07:00:00,0.34,0.0,0.0,0.34,1.933706,8.093705999999997,1.5937059999999998,0.0,0.0,0.0
2025-10-28 08:00:00,0.16,0.0,0.0,0.16,3.4237640000000003,11.357469999999998,3.263764,0.0,0.0,0.0
2025-10-28 09:00:00,0.1,0.0,0.0,0.1,4.343295,13.5,2.1425300000000025,0.0,0.0,2.100764999999998
2025-10-28 10:00:00,0.1,0.0,0.0,0.1,4.7980979999999995,13.5,0.0,0.0,0.0,4.698098
2025-10-28 11:00:00,0.11,0.9195692307692308,0.0,1.0295692307692308,4.896269,13.5,0.0,0.0,0.0,3.8666997692307694
2025-10-28 12:00:00,0.1,0.9195692307692308,0.0,1.0195692307692308,4.651038,13.5,0.0,0.0,0.0,3.631468769230769
2025-10-28 13:00:00,0.11,0.9195692307692308,0.0,1.0295692307692308,4.036077000000001,13.5,0.0,0.0,0.0,3.00650776923077
2025-10-28 14:00:00,0.11,0.0,0.0,0.11,3.10167,13.5,0.0,0.0,0.0,2.99167
2025-10-28 15:00:00,0.11,0.0,0.0,0.11,1.7308240000000001,13.5,0.0,0.0,0.0,1.620824
2025-10-28 16:00:00,0.11,0.0,0.0,0.11,0.33008800000000005,13.5,0.0,0.0,0.0,0.22008800000000006
2025-10-28 17:00:00,0.11,0.0,0.0,0.11,0.0,13.39,0.0,0.11,0.0,0.0
2025-10-28 18:00:00,0.38,0.0,0.0,0.38,0.0,13.01,0.0,0.38,0.0,0.0
2025-10-28 19:00:00,0.36,0.0,0.0,0.36,0.0,12.65,0.0,0.36,0.0,0.0
2025-10-28 20:00:00,0.55,0.0,0.0,0.55,0.0,12.1,0.0,0.55,0.0,0.0
2025-10-28 21:00:00,0.75,0.0,0.0,0.75,0.0,11.35,0.0,0.75,0.0,0.0
2025-10-28 22:00:00,1.39,0.0,0.0,1.39,0.0,9.959999999999999,0.0,1.39,0.0,0.0
2025-10-28 23:00:00,1.06,0.0,0.0,1.06,0.0,8.899999999999999,0.0,1.06,0.0,0.0
2025-10-29 00:00:00,1.05,0.0,0.0,1.05,0.0,7.849999999999999,0.0,1.05,0.0,0.0
2025-10-29 01:00:00,1.05,0.0,0.0,1.05,0.0,6.799999999999999,0.0,1.05,0.0,0.0
2025-10-29 02:00:00,1.06,0.0,0.0,1.06,0.0,5.739999999999998,0.0,1.06,0.0,0.0
2025-10-29 03:00:00,1.05,0.0,0.0,1.05,0.0,4.689999999999999,0.0,1.05,0.0,0.0
2025-10-29 04:00:00,1.07,0.0,0.0,1.07,0.0,3.6199999999999983,0.0,1.07,0.0,0.0
2025-10-29 05:00:00,1.09,0.0,0.0,1.09,0.0,2.5299999999999985,0.0,1.09,0.0,0.0
2025-10-29 06:00:00,1.07,0.0,0.0,1.07,0.0,1.4599999999999984,0.0,1.07,0.0,0.0
2025-10-29 07:00:00,1.13,0.0,0.0,1.13,2.11231,2.442309999999998,0.98231,0.0,0.0,0.0
2025-10-29 08:00:00,0.1,0.0,0.0,0.1,0.660267,3.0025769999999983,0.5602670000000001,0.0,0.0,0.0
2025-10-29 09:00:00,0.09,0.0,0.0,0.09,2.118116,5.0306929999999985,2.0281160000000003,0.0,0.0,0.0
2025-10-29 10:00:00,0.1,0.0,0.0,0.1,4.914638,9.845330999999998,4.814638,0.0,0.0,0.0
2025-10-29 11:00:00,0.1,0.9195692307692308,0.29725476923076766,1.3168239999999984,4.971493000000001,13.5,3.654669000000002,0.0,0.0,0.0
2025-10-29 12:00:00,0.1,0.9195692307692308,3.712957769230769,4.732527,4.732527,13.5,0.0,0.0,0.0,0.0
2025-10-29 13:00:00,0.1,0.9195692307692308,3.1244257692307693,4.143995,4.143995,13.5,0.0,0.0,0.0,0.0
2025-10-29 14:00:00,0.1,0.0,3.093587,3.193587,3.193587,13.5,0.0,0.0,0.0,0.0
2025-10-29 15:00:00,0.1,0.0,1.0122319999999998,1.1122319999999999,1.1122319999999999,13.5,0.0,0.0,0.0,0.0
2025-10-29 16:00:00,0.1,0.0,0.23138499999999998,0.331385,0.331385,13.5,0.0,0.0,0.0,0.0
2025-10-29 17:00:00,0.3,0.0,0.0,0.3,0.0,13.2,0.0,0.3,0.0,0.0
2025-10-29 18:00:00,0.49,0.0,0.0,0.49,0.0,12.709999999999999,0.0,0.49,0.0,0.0
2025-10-29 19:00:00,0.29,0.0,0.0,0.29,0.0,12.42,0.0,0.29,0.0,0.0
2025-10-29 20:00:00,0.49,0.0,0.0,0.49,0.0,11.93,0.0,0.49,0.0,0.0
2025-10-29 21:00:00,0.44,0.0,0.0,0.44,0.0,11.49,0.0,0.44,0.0,0.0
2025-10-29 22:00:00,0.35,0.0,0.0,0.35,0.0,11.14,0.0,0.35,0.0,0.0
2025-10-29 23:00:00,0.2299999999999999,0.0,0.0,0.2299999999999999,0.0,10.91,0.0,0.2299999999999999,0.0,0.0
2025-10-30 00:00:00,0.2299999999999999,0.0,0.0,0.2299999999999999,0.0,10.68,0.0,0.2299999999999999,0.0,0.0
2025-10-30 01:00:00,0.17,0.0,0.0,0.17,0.0,10.51,0.0,0.17,0.0,0.0
2025-10-30 02:00:00,0.1,0.0,0.0,0.1,0.0,10.41,0.0,0.1,0.0,0.0
2025-10-30 03:00:00,0.1,0.0,0.0,0.1,0.0,10.31,0.0,0.1,0.0,0.0
2025-10-30 04:00:00,0.11,0.0,0.0,0.11,0.0,10.200000000000001,0.0,0.11,0.0,0.0
2025-10-30 05:00:00,0.11,0.0,0.0,0.11,0.0,10.090000000000002,0.0,0.11,0.0,0.0
2025-10-30 06:00:00,0.23,0.0,0.0,0.23,0.0,9.860000000000001,0.0,0.23,0.0,0.0
2025-10-30 07:00:00,0.12,0.0,0.0,0.12,2.003001,11.743001000000001,1.8830009999999997,0.0,0.0,0.0
2025-10-30 08:00:00,0.18,0.0,0.0,0.18,3.523397,13.5,1.7569989999999986,0.0,0.0,1.5863980000000013
2025-10-30 09:00:00,0.54,0.0,0.0,0.54,4.3819930000000005,13.5,0.0,0.0,0.0,3.8419930000000004
2025-10-30 10:00:00,0.22,0.0,0.0,0.22,1.781626,13.5,0.0,0.0,0.0,1.561626
2025-10-30 11:00:00,0.3399999999999999,0.4597846153846154,0.0,0.7997846153846153,4.9492650000000005,13.5,0.0,0.0,0.0,4.149480384615385
2025-10-30 12:00:00,0.22,0.4597846153846154,0.0,0.6797846153846154,4.689775,13.5,0.0,0.0,0.0,4.009990384615385
2025-10-30 13:00:00,0.21,0.4597846153846154,0.0,0.6697846153846154,4.069439,13.5,0.0,0.0,0.0,3.399654384615385
2025-10-30 14:00:00,0.22,0.0,0.0,0.22,1.644772,13.5,0.0,0.0,0.0,1.424772
2025-10-30 15:00:00,0.21,0.0,0.0,0.21,0.43205200000000005,13.5,0.0,0.0,0.0,0.22205200000000005
2025-10-30 16:00:00,0.21,0.0,0.0,0.21,0.31835,13.5,0.0,0.0,0.0,0.10835000000000003
2025-10-30 17:00:00,0.55,0.0,0.0,0.55,0.0,12.95,0.0,0.55,0.0,0.0
2025-10-30 18:00:00,0.74,0.0,0.0,0.74,0.0,12.209999999999999,0.0,0.74,0.0,0.0
2025-10-30 19:00:00,0.26,0.0,0.0,0.26,0.0,11.95,0.0,0.26,0.0,0.0
2025-10-30 20:00:00,0.55,0.0,0.0,0.55,0.0,11.399999999999999,0.0,0.55,0.0,0.0
2025-10-30 21:00:00,0.43,0.0,0.0,0.43,0.0,10.969999999999999,0.0,0.43,0.0,0.0
2025-10-30 22:00:00,0.5,0.0,0.0,0.5,0.0,10.469999999999999,0.0,0.5,0.0,0.0
2025-10-30 23:00:00,0.54,0.0,0.0,0.54,0.0,9.93,0.0,0.54,0.0,0.0
2025-10-31 00:00:00,0.54,0.0,0.0,0.54,0.0,9.39,0.0,0.54,0.0,0.0
2025-10-31 01:00:00,0.6100000000000001,0.0,0.0,0.6100000000000001,0.0,8.780000000000001,0.0,0.6100000000000001,0.0,0.0
2025-10-31 02:00:00,0.57,0.0,0.0,0.57,0.0,8.21,0.0,0.57,0.0,0.0
2025-10-31 03:00:00,0.51,0.0,0.0,0.51,0.0,7.700000000000001,0.0,0.51,0.0,0.0
2025-10-31 04:00:00,0.5499999999999999,0.0,0.0,0.5499999999999999,0.0,7.150000000000001,0.0,0.5499999999999999,0.0,0.0
2025-10-31 05:00:00,0.5499999999999999,0.0,0.0,0.5499999999999999,0.0,6.600000000000001,0.0,0.5499999999999999,0.0,0.0
2025-10-31 06:00:00,0.48,0.0,0.0,0.48,0.0,6.120000000000001,0.0,0.48,0.0,0.0
2025-10-31 07:00:00,0.48,0.0,0.0,0.48,0.083578,5.723578000000001,0.0,0.396422,0.0,0.0
2025-10-31 08:00:00,1.63,0.0,0.0,1.63,1.964945,6.058523000000001,0.33494500000000005,0.0,0.0,0.0
2025-10-31 09:00:00,0.2,0.0,0.0,0.2,1.4251010000000002,7.283624000000001,1.2251010000000002,0.0,0.0,0.0
2025-10-31 10:00:00,0.51,0.0,0.0,0.51,1.091685,7.865309000000002,0.581685,0.0,0.0,0.0
2025-10-31 11:00:00,0.25,0.4597846153846154,0.0,0.7097846153846155,1.577365,8.732889384615387,0.8675803846153844,0.0,0.0,0.0
2025-10-31 12:00:00,0.23,0.4597846153846154,0.0,0.6897846153846154,0.666781,8.709885769230771,0.0,0.023003615384615483,0.0,0.0
2025-10-31 13:00:00,0.21,0.4597846153846154,0.0,0.6697846153846154,0.836343,8.876444153846156,0.16655838461538452,0.0,0.0,0.0
2025-10-31 14:00:00,1.44,0.0,0.0,1.44,0.604032,8.040476153846157,0.0,0.8359679999999999,0.0,0.0
2025-10-31 15:00:00,0.4399999999999999,0.0,0.0,0.4399999999999999,0.465657,8.066133153846158,0.025657000000000096,0.0,0.0,0.0
2025-10-31 16:00:00,0.12,0.0,0.0,0.12,0.335671,8.281804153846158,0.215671,0.0,0.0,0.0
2025-10-31 17:00:00,0.11,0.0,0.0,0.11,0.0,8.171804153846159,0.0,0.11,0.0,0.0
2025-10-31 18:00:00,0.12,0.0,0.0,0.12,0.0,8.05180415384616,0.0,0.12,0.0,0.0
2025-10-31 19:00:00,0.12,0.0,0.0,0.12,0.0,7.9318041538461594,0.0,0.12,0.0,0.0
2025-10-31 20:00:00,0.21,0.0,0.0,0.21,0.0,7.7218041538461595,0.0,0.21,0.0,0.0
2025-10-31 21:00:00,0.12,0.0,0.0,0.12,0.0,7.601804153846159,0.0,0.12,0.0,0.0
2025-10-31 22:00:00,0.25,0.0,0.0,0.25,0.0,7.351804153846159,0.0,0.25,0.0,0.0
2025-10-31 23:00:00,0.48,0.0,0.0,0.48,0.0,6.87180415384616,0.0,0.48,0.0,0.0
2025-11-01 00:00:00,0.22,0.0,0.0,0.22,0.0,6.65180415384616,0.0,0.22,0.0,0.0
2025-11-01 01:00:00,0.46,0.0,0.0,0.46,0.0,6.19180415384616,0.0,0.46,0.0,0.0
2025-11-01 02:00:00,0.54,0.0,0.0,0.54,0.0,5.65180415384616,0.0,0.54,0.0,0.0
2025-11-01 03:00:00,0.5700000000000001,0.0,0.0,0.5700000000000001,0.0,5.08180415384616,0.0,0.5700000000000001,0.0,0.0
2025-11-01 04:00:00,0.73,0.0,0.0,0.73,0.0,4.35180415384616,0.0,0.73,0.0,0.0
2025-11-01 05:00:00,0.65,0.0,0.0,0.65,0.0,3.7018041538461604,0.0,0.65,0.0,0.0
2025-11-01 06:00:00,0.6599999999999999,0.0,0.0,0.6599999999999999,0.0,3.0418041538461607,0.0,0.6599999999999999,0.0,0.0
2025-11-01 07:00:00,0.36,0.0,0.0,0.36,2.124016,4.805820153846161,1.7640160000000003,0.0,0.0,0.0
2025-11-01 08:00:00,1.73,0.0,0.0,1.73,3.7463319999999998,6.822152153846162,2.016332,0.0,0.0,0.0
2025-11-01 09:00:00,0.2299999999999999,0.0,0.0,0.2299999999999999,4.6663630000000005,11.258515153846162,4.436363000000001,0.0,0.0,0.0
2025-11-01 10:00:00,0.78,0.0,2.108131153846162,2.888131153846162,5.129616,13.5,2.2414848461538384,0.0,0.0,0.0
2025-11-01 11:00:00,0.22,0.4597846153846154,4.489372384615384,5.169157,5.169157,13.5,0.0,0.0,0.0,0.0
2025-11-01 12:00:00,0.6399999999999999,0.4597846153846154,3.7308933846153844,4.830678,4.830678,13.5,0.0,0.0,0.0,0.0
2025-11-01 13:00:00,1.05,0.4597846153846154,2.644257384615385,4.1540420000000005,4.1540420000000005,13.5,0.0,0.0,0.0,0.0
2025-11-01 14:00:00,0.13,0.0,3.033487,3.163487,3.163487,13.5,0.0,0.0,0.0,0.0
2025-11-01 15:00:00,0.15,0.0,1.5837070000000002,1.733707,1.733707,13.5,0.0,0.0,0.0,0.0
2025-11-01 16:00:00,0.11,0.0,0.19167700000000004,0.30167700000000003,0.30167700000000003,13.5,0.0,0.0,0.0,0.0
2025-11-01 17:00:00,0.1699999999999999,0.0,0.0,0.1699999999999999,0.0,13.33,0.0,0.1699999999999999,0.0,0.0
2025-11-01 18:00:00,0.22,0.0,0.0,0.22,0.0,13.11,0.0,0.22,0.0,0.0
2025-11-01 19:00:00,0.14,0.0,0.0,0.14,0.0,12.969999999999999,0.0,0.14,0.0,0.0
2025-11-01 20:00:00,0.18,0.0,0.0,0.18,0.0,12.79,0.0,0.18,0.0,0.0
2025-11-01 21:00:00,1.29,0.0,0.0,1.29,0.0,11.5,0.0,1.29,0.0,0.0
2025-11-01 22:00:00,0.27,0.0,0.0,0.27,0.0,11.23,0.0,0.27,0.0,0.0
2025-11-01 23:00:00,0.24,0.0,0.0,0.24,0.0,10.99,0.0,0.24,0.0,0.0
2025-11-02 00:00:00,0.28,0.0,0.0,0.28,0.0,10.71,0.0,0.28,0.0,0.0
2025-11-02 01:00:00,0.12,0.0,0.0,0.12,0.0,10.590000000000002,0.0,0.12,0.0,0.0
2025-11-02 02:00:00,0.12,0.0,0.0,0.12,0.0,10.470000000000002,0.0,0.12,0.0,0.0
2025-11-02 03:00:00,0.1,0.0,0.0,0.1,0.0,10.370000000000003,0.0,0.1,0.0,0.0
2025-11-02 04:00:00,0.1,0.0,0.0,0.1,0.0,10.270000000000003,0.0,0.1,0.0,0.0
2025-11-02 05:00:00,0.1,0.0,0.0,0.1,0.0,10.170000000000003,0.0,0.1,0.0,0.0
2025-11-02 06:00:00,0.1,0.0,0.0,0.1,0.0,10.070000000000004,0.0,0.1,0.0,0.0
2025-11-02 07:00:00,0.8300000000000001,0.0,0.0,0.8300000000000001,1.8255940000000002,11.065594000000004,0.9955940000000001,0.0,0.0,0.0
2025-11-02 08:00:00,0.38,0.0,0.6377540000000042,1.017754000000004,3.4521599999999997,13.5,2.4344059999999956,0.0,0.0,0.0
2025-11-02 09:00:00,0.1,0.0,4.307582000000001,4.4075820000000006,4.4075820000000006,13.5,0.0,0.0,0.0,0.0
2025-11-02 10:00:00,0.11,0.0,4.7783,4.8883,4.8883,13.5,0.0,0.0,0.0,0.0
2025-11-02 11:00:00,0.18,0.4597846153846154,4.219581384615385,4.859366,4.859366,13.5,0.0,0.0,0.0,0.0
2025-11-02 12:00:00,0.26,0.4597846153846154,2.803414999999987,3.5231996153846024,4.551366,13.5,0.0,0.0,0.0,1.0281663846153974
2025-11-02 13:00:00,0.18,0.4597846153846154,0.0,0.6397846153846154,3.985058,13.5,0.0,0.0,0.0,3.3452733846153846
2025-11-02 14:00:00,0.22,0.0,0.0,0.22,3.049203,13.5,0.0,0.0,0.0,2.8292029999999997
2025-11-02 15:00:00,0.24,0.0,0.0,0.24,1.661078,13.5,0.0,0.0,0.0,1.421078
2025-11-02 16:00:00,0.14,0.0,0.0,0.14,0.288435,13.5,0.0,0.0,0.0,0.14843499999999998
2025-11-02 17:00:00,2.41,0.0,0.0,2.41,0.0,11.09,0.0,2.41,0.0,0.0
2025-11-02 18:00:00,1.29,0.0,0.0,1.29,0.0,9.8,0.0,1.29,0.0,0.0
2025-11-02 19:00:00,0.41,0.0,0.0,0.41,0.0,9.39,0.0,0.41,0.0,0.0
2025-11-02 20:00:00,0.19,0.0,0.0,0.19,0.0,9.200000000000001,0.0,0.19,0.0,0.0
2025-11-02 21:00:00,0.21,0.0,0.0,0.21,0.0,8.99,0.0,0.21,0.0,0.0
2025-11-02 22:00:00,0.2299999999999999,0.0,0.0,0.2299999999999999,0.0,8.76,0.0,0.2299999999999999,0.0,0.0
2025-11-02 23:00:00,0.2299999999999999,0.0,0.0,0.2299999999999999,0.0,8.53,0.0,0.2299999999999999,0.0,0.0
2025-11-03 00:00:00,0.2299999999999999,0.0,0.0,0.2299999999999999,0.0,8.299999999999999,0.0,0.2299999999999999,0.0,0.0
2025-11-03 01:00:00,0.2299999999999999,0.0,0.0,0.2299999999999999,0.0,8.069999999999999,0.0,0.2299999999999999,0.0,0.0
2025-11-03 02:00:00,0.22,0.0,0.0,0.22,0.0,7.849999999999999,0.0,0.22,0.0,0.0
2025-11-03 03:00:00,0.22,0.0,0.0,0.22,0.0,7.629999999999999,0.0,0.22,0.0,0.0
2025-11-03 04:00:00,0.22,0.0,0.0,0.22,0.0,7.409999999999999,0.0,0.22,0.0,0.0
2025-11-03 05:00:00,0.22,0.0,0.0,0.22,0.0,7.1899999999999995,0.0,0.22,0.0,0.0
2025-11-03 06:00:00,0.4,0.0,0.0,0.4,0.0,6.789999999999999,0.0,0.4,0.0,0.0
2025-11-03 07:00:00,0.26,0.0,0.0,0.26,1.8467529999999999,8.376752999999999,1.5867529999999999,0.0,0.0,0.0
2025-11-03 08:00:00,0.52,0.0,0.0,0.52,3.3940970000000004,11.25085,2.8740970000000003,0.0,0.0,0.0
2025-11-03 09:00:00,0.25,0.0,0.0,0.25,4.642754,13.5,2.24915,0.0,0.0,2.143604
2025-11-03 10:00:00,0.3399999999999999,0.0,0.0,0.3399999999999999,5.209294,13.5,0.0,0.0,0.0,4.869294
2025-11-03 11:00:00,0.3,0.6130461538461539,0.0,0.9130461538461538,2.6480770000000002,13.5,0.0,0.0,0.0,1.7350308461538464
2025-11-03 12:00:00,0.31,0.6130461538461539,0.0,0.9230461538461538,1.048616,13.5,0.0,0.0,0.0,0.12556984615384614
2025-11-03 13:00:00,0.13,0.6130461538461539,0.0,0.7430461538461539,2.3962399999999997,13.5,0.0,0.0,0.0,1.6531938461538458
2025-11-03 14:00:00,0.21,0.0,0.0,0.21,0.363762,13.5,0.0,0.0,0.0,0.15376199999999998
2025-11-03 15:00:00,0.21,0.0,0.0,0.21,0.0,13.29,0.0,0.21,0.0,0.0
2025-11-03 16:00:00,0.17,0.0,0.0,0.17,0.065373,13.185372999999998,0.0,0.10462700000000001,0.0,0.0
2025-11-03 17:00:00,0.18,0.0,0.0,0.18,0.0,13.005372999999999,0.0,0.18,0.0,0.0
2025-11-03 18:00:00,0.3399999999999999,0.0,0.0,0.3399999999999999,0.0,12.665372999999999,0.0,0.3399999999999999,0.0,0.0
2025-11-03 19:00:00,0.18,0.0,0.0,0.18,0.0,12.485373,0.0,0.18,0.0,0.0
2025-11-03 20:00:00,0.29,0.0,0.0,0.29,0.0,12.195373,0.0,0.29,0.0,0.0
2025-11-03 21:00:00,0.38,0.0,0.0,0.38,0.0,11.815373,0.0,0.38,0.0,0.0
2025-11-03 22:00:00,0.3,0.0,0.0,0.3,0.0,11.515372999999999,0.0,0.3,0.0,0.0
2025-11-03 23:00:00,0.24,0.0,0.0,0.24,0.0,11.275372999999998,0.0,0.24,0.0,0.0
2025-11-04 00:00:00,0.24,0.0,0.0,0.24,0.0,11.035372999999998,0.0,0.24,0.0,0.0
2025-11-04 01:00:00,0.24,0.0,0.0,0.24,0.0,10.795372999999998,0.0,0.24,0.0,0.0
2025-11-04 02:00:00,0.2299999999999999,0.0,0.0,0.2299999999999999,0.0,10.565372999999997,0.0,0.2299999999999999,0.0,0.0
2025-11-04 03:00:00,0.22,0.0,0.0,0.22,0.0,10.345372999999997,0.0,0.22,0.0,0.0
2025-11-04 04:00:00,0.2299999999999999,0.0,0.0,0.2299999999999999,0.0,10.115372999999996,0.0,0.2299999999999999,0.0,0.0
2025-11-04 05:00:00,0.22,0.0,0.0,0.22,0.0,9.895372999999996,0.0,0.22,0.0,0.0
2025-11-04 06:00:00,0.22,0.0,0.0,0.22,0.0,9.675372999999995,0.0,0.22,0.0,0.0
2025-11-04 07:00:00,0.1699999999999999,0.0,0.0,0.1699999999999999,0.095689,9.601061999999995,0.0,0.0743109999999999,0.0,0.0
2025-11-04 08:00:00,0.55,0.0,0.0,0.55,0.591337,9.642398999999996,0.04133699999999996,0.0,0.0,0.0
2025-11-04 09:00:00,0.65,0.0,0.0,0.65,2.3344989999999997,11.326897999999996,1.6844989999999997,0.0,0.0,0.0
2025-11-04 10:00:00,0.1,0.0,0.0,0.1,2.514098,13.5,2.1731020000000036,0.0,0.0,0.24099599999999644
2025-11-04 11:00:00,0.1,0.6130461538461539,0.0,0.7130461538461539,1.670527,13.5,0.0,0.0,0.0,0.9574808461538462
2025-11-04 12:00:00,0.1,0.6130461538461539,0.0,0.7130461538461539,1.253461,13.5,0.0,0.0,0.0,0.540414846153846
2025-11-04 13:00:00,0.1,0.6130461538461539,0.0,0.7130461538461539,2.8241140000000002,13.5,0.0,0.0,0.0,2.1110678461538464
2025-11-04 14:00:00,0.1,0.0,0.0,0.1,0.449264,13.5,0.0,0.0,0.0,0.349264
2025-11-04 15:00:00,0.1,0.0,0.0,0.1,0.005945000000000001,13.405945,0.0,0.094055,0.0,0.0
2025-11-04 16:00:00,0.11,0.0,0.0,0.11,0.0,13.295945,0.0,0.11,0.0,0.0
2025-11-04 17:00:00,0.87,0.0,0.0,0.87,0.0,12.425945,0.0,0.87,0.0,0.0
2025-11-04 18:00:00,2.11,0.0,0.0,2.11,0.0,10.315945000000001,0.0,2.11,0.0,0.0
2025-11-04 19:00:00,0.3,0.0,0.0,0.3,0.0,10.015945,0.0,0.3,0.0,0.0
2025-11-04 20:00:00,0.22,0.0,0.0,0.22,0.0,9.795945,0.0,0.22,0.0,0.0
2025-11-04 21:00:00,0.39,0.0,0.0,0.39,0.0,9.405945,0.0,0.39,0.0,0.0
2025-11-04 22:00:00,0.3,0.0,0.0,0.3,0.0,9.105944999999998,0.0,0.3,0.0,0.0
2025-11-04 23:00:00,0.24,0.0,0.0,0.24,0.0,8.865944999999998,0.0,0.24,0.0,0.0
2025-11-05 00:00:00,0.2299999999999999,0.0,0.0,0.2299999999999999,0.0,8.635944999999998,0.0,0.2299999999999999,0.0,0.0
2025-11-05 01:00:00,0.24,0.0,0.0,0.24,0.0,8.395944999999998,0.0,0.24,0.0,0.0
2025-11-05 02:00:00,0.2299999999999999,0.0,0.0,0.2299999999999999,0.0,8.165944999999997,0.0,0.2299999999999999,0.0,0.0
2025-11-05 03:00:00,0.22,0.0,0.0,0.22,0.0,7.945944999999997,0.0,0.22,0.0,0.0
2025-11-05 04:00:00,0.22,0.0,0.0,0.22,0.0,7.725944999999998,0.0,0.22,0.0,0.0
2025-11-05 05:00:00,0.2299999999999999,0.0,0.0,0.2299999999999999,0.0,7.495944999999998,0.0,0.2299999999999999,0.0,0.0
2025-11-05 06:00:00,0.25,0.0,0.0,0.25,0.0,7.245944999999998,0.0,0.25,0.0,0.0
2025-11-05 07:00:00,0.3,0.0,0.0,0.3,1.624922,8.570866999999998,1.324922,0.0,0.0,0.0
2025-11-05 08:00:00,0.28,0.0,0.0,0.28,1.607324,9.898190999999997,1.327324,0.0,0.0,0.0
2025-11-05 09:00:00,0.33,0.0,0.4089779999999976,0.7389779999999977,4.340787000000001,13.5,3.601809000000003,0.0,0.0,0.0
2025-11-05 10:00:00,0.3299999999999999,0.0,3.9853549999999993,4.315354999999999,4.315354999999999,13.5,0.0,0.0,0.0,0.0
2025-11-05 11:00:00,0.24,0.6130461538461539,4.024183846153846,4.87723,4.87723,13.5,0.0,0.0,0.0,0.0
2025-11-05 12:00:00,0.29,0.6130461538461539,3.676863846153846,4.57991,4.57991,13.5,0.0,0.0,0.0,0.0
2025-11-05 13:00:00,0.2299999999999999,0.6130461538461539,3.1841848461538467,4.0272310000000004,4.0272310000000004,13.5,0.0,0.0,0.0,0.0
2025-11-05 14:00:00,0.22,0.0,2.82688,3.0468800000000003,3.0468800000000003,13.5,0.0,0.0,0.0,0.0
2025-11-05 15:00:00,0.25,0.0,1.3868479999999999,1.6368479999999999,1.6368479999999999,13.5,0.0,0.0,0.0,0.0
2025-11-05 16:00:00,2.54,0.0,0.0,2.54,0.26027100000000003,11.220271,0.0,2.279729,0.0,0.0
2025-11-05 17:00:00,1.58,0.0,0.0,1.58,0.0,9.640271,0.0,1.58,0.0,0.0
2025-11-05 18:00:00,0.22,0.0,0.0,0.22,0.0,9.420271,0.0,0.22,0.0,0.0
2025-11-05 19:00:00,0.61,0.0,0.0,0.61,0.0,8.810271,0.0,0.61,0.0,0.0
2025-11-05 20:00:00,0.67,0.0,0.0,0.67,0.0,8.140271,0.0,0.67,0.0,0.0
2025-11-05 21:00:00,0.6599999999999999,0.0,0.0,0.6599999999999999,0.0,7.480271,0.0,0.6599999999999999,0.0,0.0
2025-11-05 22:00:00,0.15,0.0,0.0,0.15,0.0,7.330271,0.0,0.15,0.0,0.0
2025-11-05 23:00:00,0.1,0.0,0.0,0.1,0.0,7.230271,0.0,0.1,0.0,0.0
2025-11-06 00:00:00,0.1,0.0,0.0,0.1,0.0,7.1302710000000005,0.0,0.1,0.0,0.0
2025-11-06 01:00:00,0.1,0.0,0.0,0.1,0.0,7.030271000000001,0.0,0.1,0.0,0.0
2025-11-06 02:00:00,0.1,0.0,0.0,0.1,0.0,6.930271000000001,0.0,0.1,0.0,0.0
2025-11-06 03:00:00,0.1,0.0,0.0,0.1,0.0,6.8302710000000015,0.0,0.1,0.0,0.0
2025-11-06 04:00:00,0.1,0.0,0.0,0.1,0.0,6.730271000000002,0.0,0.1,0.0,0.0
2025-11-06 05:00:00,0.11,0.0,0.0,0.11,0.0,6.620271000000002,0.0,0.11,0.0,0.0
2025-11-06 06:00:00,0.1,0.0,0.0,0.1,0.0,6.520271000000002,0.0,0.1,0.0,0.0
2025-11-06 07:00:00,0.13,0.0,0.0,0.13,1.6930999999999998,8.083371000000001,1.5631,0.0,0.0,0.0
2025-11-06 08:00:00,0.12,0.0,0.0,0.12,0.6511760000000001,8.614547000000002,0.5311760000000001,0.0,0.0,0.0
2025-11-06 09:00:00,0.36,0.0,0.0,0.36,1.944993,10.199540000000002,1.5849929999999999,0.0,0.0,0.0
2025-11-06 10:00:00,0.6,0.0,0.0,0.6,4.889113999999999,13.5,3.3004599999999975,0.0,0.0,0.9886540000000021
2025-11-06 11:00:00,0.71,1.8391384615384616,0.0,2.549138461538462,4.9679269999999995,13.5,0.0,0.0,0.0,2.4187885384615377
2025-11-06 12:00:00,0.4599999999999999,1.8391384615384616,0.0,2.2991384615384614,4.690988,13.5,0.0,0.0,0.0,2.3918495384615386
2025-11-06 13:00:00,0.3999999999999999,1.8391384615384616,0.0,2.2391384615384613,2.412107,13.5,0.0,0.0,0.0,0.17296853846153848
2025-11-06 14:00:00,0.12,0.0,0.0,0.12,1.519493,13.5,0.0,0.0,0.0,1.399493
2025-11-06 15:00:00,0.11,0.0,0.0,0.11,0.63406,13.5,0.0,0.0,0.0,0.52406
2025-11-06 16:00:00,0.12,0.0,0.0,0.12,0.10388,13.48388,0.0,0.016119999999999995,0.0,0.0
2025-11-06 17:00:00,0.34,0.0,0.0,0.34,0.0,13.14388,0.0,0.34,0.0,0.0
2025-11-06 18:00:00,0.44,0.0,0.0,0.44,0.0,12.70388,0.0,0.44,0.0,0.0
2025-11-06 19:00:00,0.19,0.0,0.0,0.19,0.0,12.51388,0.0,0.19,0.0,0.0
2025-11-06 20:00:00,0.2,0.0,0.0,0.2,0.0,12.313880000000001,0.0,0.2,0.0,0.0
2025-11-06 21:00:00,0.13,0.0,0.0,0.13,0.0,12.18388,0.0,0.13,0.0,0.0
2025-11-06 22:00:00,0.13,0.0,0.0,0.13,0.0,12.05388,0.0,0.13,0.0,0.0
2025-11-06 23:00:00,0.11,0.0,0.0,0.11,0.0,11.94388,0.0,0.11,0.0,0.0
2025-11-07 00:00:00,0.1,0.0,0.0,0.1,0.0,11.84388,0.0,0.1,0.0,0.0
2025-11-07 01:00:00,0.1,0.0,0.0,0.1,0.0,11.74388,0.0,0.1,0.0,0.0
2025-11-07 02:00:00,0.1,0.0,0.0,0.1,0.0,11.643880000000001,0.0,0.1,0.0,0.0
2025-11-07 03:00:00,0.11,0.0,0.0,0.11,0.0,11.533880000000002,0.0,0.11,0.0,0.0
2025-11-07 04:00:00,0.1,0.0,0.0,0.1,0.0,11.433880000000002,0.0,0.1,0.0,0.0
2025-11-07 05:00:00,0.12,0.0,0.0,0.12,0.0,11.313880000000003,0.0,0.12,0.0,0.0
2025-11-07 06:00:00,0.1,0.0,0.0,0.1,0.0,11.213880000000003,0.0,0.1,0.0,0.0
2025-11-07 07:00:00,0.1,0.0,0.0,0.1,1.494269,12.608149000000003,1.394269,0.0,0.0,0.0
2025-11-07 08:00:00,0.32,0.0,0.0,0.32,0.10298099999999999,12.391130000000002,0.0,0.21701900000000002,0.0,0.0
2025-11-07 09:00:00,0.26,0.0,0.0,0.26,1.031249,13.162379000000001,0.7712490000000001,0.0,0.0,0.0
2025-11-07 10:00:00,0.5599999999999999,0.0,3.7236790000000015,4.283679000000001,4.6213,13.5,0.3376209999999986,0.0,0.0,0.0
2025-11-07 11:00:00,0.36,0.4597846153846154,3.915164384615384,4.734948999999999,4.734948999999999,13.5,0.0,0.0,0.0,0.0
2025-11-07 12:00:00,0.49,0.4597846153846154,3.5010263846153844,4.450811,4.450811,13.5,0.0,0.0,0.0,0.0
2025-11-07 13:00:00,0.17,0.4597846153846154,3.2059113846153844,3.8356959999999996,3.835696,13.5,0.0,0.0,0.0,0.0
2025-11-07 14:00:00,0.12,0.0,1.0899300000000003,1.2099300000000004,1.2099300000000002,13.5,0.0,0.0,0.0,0.0
2025-11-07 15:00:00,0.15,0.0,1.357944,1.507944,1.507944,13.5,0.0,0.0,0.0,0.0
2025-11-07 16:00:00,1.55,0.0,0.0,1.55,0.22609100000000001,12.176091,0.0,1.323909,0.0,0.0
2025-11-07 17:00:00,2.39,0.0,0.0,2.39,0.0,9.786090999999999,0.0,2.39,0.0,0.0
2025-11-07 18:00:00,1.36,0.0,0.0,1.36,0.0,8.426091,0.0,1.36,0.0,0.0
2025-11-07 19:00:00,0.54,0.0,0.0,0.54,0.0,7.8860909999999995,0.0,0.54,0.0,0.0
2025-11-07 20:00:00,1.19,0.0,0.0,1.19,0.0,6.696090999999999,0.0,1.19,0.0,0.0
2025-11-07 21:00:00,0.35,0.0,0.0,0.35,0.0,6.3460909999999995,0.0,0.35,0.0,0.0
2025-11-07 22:00:00,0.25,0.0,0.0,0.25,0.0,6.0960909999999995,0.0,0.25,0.0,0.0
2025-11-07 23:00:00,0.3299999999999999,0.0,0.0,0.3299999999999999,0.0,5.766090999999999,0.0,0.3299999999999999,0.0,0.0
2025-11-08 00:00:00,0.27,0.0,0.0,0.27,0.0,5.496091,0.0,0.27,0.0,0.0
2025-11-08 01:00:00,0.2299999999999999,0.0,0.0,0.2299999999999999,0.0,5.266091,0.0,0.2299999999999999,0.0,0.0
2025-11-08 02:00:00,0.2299999999999999,0.0,0.0,0.2299999999999999,0.0,5.036091000000001,0.0,0.2299999999999999,0.0,0.0
2025-11-08 03:00:00,0.2299999999999999,0.0,0.0,0.2299999999999999,0.0,4.806091000000001,0.0,0.2299999999999999,0.0,0.0
2025-11-08 04:00:00,0.2299999999999999,0.0,0.0,0.2299999999999999,0.0,4.576091000000002,0.0,0.2299999999999999,0.0,0.0
2025-11-08 05:00:00,0.22,0.0,0.0,0.22,0.0,4.356091000000002,0.0,0.22,0.0,0.0
2025-11-08 06:00:00,0.2299999999999999,0.0,0.0,0.2299999999999999,0.0,4.126091000000002,0.0,0.2299999999999999,0.0,0.0
2025-11-08 07:00:00,1.1,0.0,0.0,1.1,0.058015,3.084106000000002,0.0,1.0419850000000002,0.0,0.0
2025-11-08 08:00:00,0.2299999999999999,0.0,0.0,0.2299999999999999,0.280885,3.134991000000002,0.0508850000000001,0.0,0.0,0.0
2025-11-08 09:00:00,0.11,0.0,0.0,0.11,0.277909,3.302900000000002,0.16790900000000003,0.0,0.0,0.0
2025-11-08 10:00:00,0.12,0.0,0.0,0.12,0.36379300000000003,3.546693000000002,0.24379300000000004,0.0,0.0,0.0
2025-11-08 11:00:00,0.11,0.4597846153846154,0.0,0.5697846153846154,0.756236,3.733144384615387,0.18645138461538457,0.0,0.0,0.0
2025-11-08 12:00:00,0.22,0.4597846153846154,0.0,0.6797846153846154,0.231286,3.2846457692307713,0.0,0.44849861538461544,0.0,0.0
2025-11-08 13:00:00,0.26,0.4597846153846154,0.0,0.7197846153846155,0.233403,2.798264153846156,0.0,0.48638161538461544,0.0,0.0
2025-11-08 14:00:00,0.15,0.0,0.0,0.15,0.22464699999999999,2.872911153846156,0.07464699999999999,0.0,0.0,0.0
2025-11-08 15:00:00,0.16,0.0,0.0,0.16,0.158193,2.871104153846156,0.0,0.001807000000000003,0.0,0.0
2025-11-08 16:00:00,0.17,0.0,0.0,0.17,0.006344000000000001,2.707448153846156,0.0,0.16365600000000002,0.0,0.0
2025-11-08 17:00:00,0.13,0.0,0.0,0.13,0.0,2.577448153846156,0.0,0.13,0.0,0.0
2025-11-08 18:00:00,0.13,0.0,0.0,0.13,0.0,2.4474481538461563,0.0,0.13,0.0,0.0
2025-11-08 19:00:00,0.22,0.0,0.0,0.22,0.0,2.227448153846156,0.0,0.22,0.0,0.0
2025-11-08 20:00:00,0.2,0.0,0.0,0.2,0.0,2.027448153846156,0.0,0.2,0.0,0.0
2025-11-08 21:00:00,0.3,0.0,0.0,0.3,0.0,1.727448153846156,0.0,0.3,0.0,0.0
2025-11-08 22:00:00,0.28,0.0,0.0,0.28,0.0,1.4474481538461559,0.0,0.28,0.0,0.0
2025-11-08 23:00:00,0.24,0.0,0.0,0.24,0.0,1.207448153846156,0.0,0.24,0.0,0.0
2025-11-09 00:00:00,0.12,0.0,0.0,0.12,0.0,1.087448153846156,0.0,0.12,0.0,0.0
2025-11-09 01:00:00,0.1,0.0,0.0,0.1,0.0,0.987448153846156,0.0,0.1,0.0,0.0
2025-11-09 02:00:00,0.11,0.0,0.0,0.11,0.0,0.877448153846156,0.0,0.11,0.0,0.0
2025-11-09 03:00:00,0.1,0.0,0.0,0.1,0.0,0.7774481538461561,0.0,0.1,0.0,0.0
2025-11-09 04:00:00,0.1,0.0,0.0,0.1,0.0,0.6774481538461561,0.0,0.1,0.0,0.0
2025-11-09 05:00:00,0.1,0.0,0.0,0.1,0.0,0.5774481538461561,0.0,0.1,0.0,0.0
2025-11-09 06:00:00,0.11,0.0,0.0,0.11,0.0,0.4674481538461561,0.0,0.11,0.0,0.0
2025-11-09 07:00:00,0.23,0.0,0.0,0.23,0.204288,0.4417361538461561,0.0,0.025712000000000013,0.0,0.0
2025-11-09 08:00:00,0.11,0.0,0.0,0.11,0.433324,0.7650601538461561,0.323324,0.0,0.0,0.0
2025-11-09 09:00:00,0.35,0.0,0.0,0.35,0.703005,1.1180651538461561,0.353005,0.0,0.0,0.0
2025-11-09 10:00:00,0.33,0.0,0.0,0.33,2.145872,2.9339371538461556,1.8158719999999997,0.0,0.0,0.0
2025-11-09 11:00:00,0.29,0.4597846153846154,0.0,0.7497846153846154,0.8519690000000001,3.0361215384615403,0.1021843846153847,0.0,0.0,0.0
2025-11-09 12:00:00,0.18,0.4597846153846154,0.0,0.6397846153846154,0.413634,2.809970923076925,0.0,0.2261506153846154,0.0,0.0
2025-11-09 13:00:00,0.31,0.4597846153846154,0.0,0.7697846153846154,2.709227,4.7494133076923095,1.9394423846153845,0.0,0.0,0.0
2025-11-09 14:00:00,0.18,0.0,0.0,0.18,1.092107,5.661520307692309,0.912107,0.0,0.0,0.0
2025-11-09 15:00:00,0.27,0.0,0.0,0.27,0.726197,6.11771730769231,0.45619699999999996,0.0,0.0,0.0
2025-11-09 16:00:00,0.22,0.0,0.0,0.22,0.072369,5.97008630769231,0.0,0.147631,0.0,0.0
2025-11-09 17:00:00,0.38,0.0,0.0,0.38,0.0,5.59008630769231,0.0,0.38,0.0,0.0
2025-11-09 18:00:00,0.26,0.0,0.0,0.26,0.0,5.33008630769231,0.0,0.26,0.0,0.0
2025-11-09 19:00:00,0.92,0.0,0.0,0.92,0.0,4.4100863076923105,0.0,0.92,0.0,0.0
2025-11-09 20:00:00,0.63,0.0,0.0,0.63,0.0,3.7800863076923106,0.0,0.63,0.0,0.0
2025-11-09 21:00:00,0.2,0.0,0.0,0.2,0.0,3.5800863076923104,0.0,0.2,0.0,0.0
2025-11-09 22:00:00,0.22,0.0,0.0,0.22,0.0,3.36008630769231,0.0,0.22,0.0,0.0
2025-11-09 23:00:00,0.22,0.0,0.0,0.22,0.0,3.14008630769231,0.0,0.22,0.0,0.0
2025-11-10 00:00:00,0.28,0.0,0.0,0.28,0.0,2.8600863076923098,0.0,0.28,0.0,0.0
2025-11-10 01:00:00,0.32,0.0,0.0,0.32,0.0,2.54008630769231,0.0,0.32,0.0,0.0
2025-11-10 02:00:00,0.2299999999999999,0.0,0.0,0.2299999999999999,0.0,2.31008630769231,0.0,0.2299999999999999,0.0,0.0
2025-11-10 03:00:00,0.2299999999999999,0.0,0.0,0.2299999999999999,0.0,2.08008630769231,0.0,0.2299999999999999,0.0,0.0
2025-11-10 04:00:00,0.22,0.0,0.0,0.22,0.0,1.86008630769231,0.0,0.22,0.0,0.0
2025-11-10 05:00:00,0.22,0.0,0.0,0.22,0.0,1.64008630769231,0.0,0.22,0.0,0.0
2025-11-10 06:00:00,0.24,0.0,0.0,0.24,0.0,1.40008630769231,0.0,0.24,0.0,0.0
2025-11-10 07:00:00,0.27,0.0,0.0,0.27,1.4992940000000001,2.62938030769231,1.229294,0.0,0.0,0.0
2025-11-10 08:00:00,0.16,0.0,0.0,0.16,0.025460999999999998,2.49484130769231,0.0,0.13453900000000002,0.0,0.0
2025-11-10 09:00:00,0.16,0.0,0.0,0.16,0.283584,2.61842530769231,0.123584,0.0,0.0,0.0
2025-11-10 10:00:00,0.16,0.0,0.0,0.16,2.47823,4.93665530769231,2.31823,0.0,0.0,0.0
2025-11-10 11:00:00,0.17,0.4597846153846154,0.0,0.6297846153846154,1.062115,5.368985692307694,0.43233038461538453,0.0,0.0,0.0
2025-11-10 12:00:00,0.13,0.4597846153846154,0.0,0.5897846153846154,0.574273,5.353474076923079,0.0,0.015511615384615318,0.0,0.0
2025-11-10 13:00:00,0.15,0.4597846153846154,0.0,0.6097846153846154,1.88058,6.624269461538463,1.2707953846153845,0.0,0.0,0.0
2025-11-10 14:00:00,0.15,0.0,0.0,0.15,1.644781,8.119050461538464,1.4947810000000001,0.0,0.0,0.0
2025-11-10 15:00:00,0.15,0.0,0.0,0.15,1.536065,9.505115461538464,1.386065,0.0,0.0,0.0
2025-11-10 16:00:00,0.15,0.0,0.0,0.15,0.211092,9.566207461538465,0.06109200000000001,0.0,0.0,0.0
2025-11-10 17:00:00,2.04,0.0,0.0,2.04,0.0,7.526207461538465,0.0,2.04,0.0,0.0
2025-11-10 18:00:00,1.22,0.0,0.0,1.22,0.0,6.306207461538465,0.0,1.22,0.0,0.0
2025-11-10 19:00:00,0.28,0.0,0.0,0.28,0.0,6.026207461538465,0.0,0.28,0.0,0.0
2025-11-10 20:00:00,0.18,0.0,0.0,0.18,0.0,5.846207461538465,0.0,0.18,0.0,0.0
2025-11-10 21:00:00,0.16,0.0,0.0,0.16,0.0,5.686207461538465,0.0,0.16,0.0,0.0
2025-11-10 22:00:00,0.21,0.0,0.0,0.21,0.0,5.476207461538465,0.0,0.21,0.0,0.0
2025-11-10 23:00:00,0.24,0.0,0.0,0.24,0.0,5.236207461538465,0.0,0.24,0.0,0.0
2025-11-11 00:00:00,0.22,0.0,0.0,0.22,0.0,5.016207461538465,0.0,0.22,0.0,0.0
2025-11-11 01:00:00,0.22,0.0,0.0,0.22,0.0,4.796207461538465,0.0,0.22,0.0,0.0
2025-11-11 02:00:00,0.22,0.0,0.0,0.22,0.0,4.576207461538465,0.0,0.22,0.0,0.0
2025-11-11 03:00:00,0.2,0.0,0.0,0.2,0.0,4.376207461538465,0.0,0.2,0.0,0.0
2025-11-11 04:00:00,0.11,0.0,0.0,0.11,0.0,4.266207461538465,0.0,0.11,0.0,0.0
2025-11-11 05:00:00,0.1,0.0,0.0,0.1,0.0,4.166207461538465,0.0,0.1,0.0,0.0
2025-11-11 06:00:00,0.12,0.0,0.0,0.12,0.0,4.046207461538465,0.0,0.12,0.0,0.0
2025-11-11 07:00:00,0.19,0.0,0.0,0.19,0.0,3.856207461538465,0.0,0.19,0.0,0.0
2025-11-11 08:00:00,0.19,0.0,0.0,0.19,0.070286,3.736493461538465,0.0,0.119714,0.0,0.0
2025-11-11 09:00:00,0.15,0.0,0.0,0.15,0.3195,3.9059934615384653,0.1695,0.0,0.0,0.0
2025-11-11 10:00:00,0.11,0.0,0.0,0.11,0.134585,3.9305784615384654,0.02458500000000001,0.0,0.0,0.0
2025-11-11 11:00:00,0.12,0.3678276923076923,0.0,0.4878276923076923,0.330532,3.773282769230773,0.0,0.1572956923076923,0.0,0.0
2025-11-11 12:00:00,0.12,0.3678276923076923,0.0,0.4878276923076923,0.078122,3.3635770769230806,0.0,0.40970569230769227,0.0,0.0
2025-11-11 13:00:00,0.12,0.3678276923076923,0.0,0.4878276923076923,1.107511,3.983260384615388,0.6196833076923076,0.0,0.0,0.0
2025-11-11 14:00:00,0.51,0.0,0.0,0.51,0.286859,3.760119384615388,0.0,0.22314100000000003,0.0,0.0
2025-11-11 15:00:00,1.49,0.0,0.0,1.49,1.544444,3.814563384615388,0.05444399999999994,0.0,0.0,0.0
2025-11-11 16:00:00,0.28,0.0,0.0,0.28,0.199726,3.734289384615388,0.0,0.08027400000000004,0.0,0.0
2025-11-11 17:00:00,1.65,0.0,0.0,1.65,0.0,2.084289384615388,0.0,1.65,0.0,0.0
2025-11-11 18:00:00,0.89,0.0,0.0,0.89,0.0,1.194289384615388,0.0,0.89,0.0,0.0
2025-11-11 19:00:00,0.69,0.0,0.0,0.69,0.0,0.504289384615388,0.0,0.69,0.0,0.0
2025-11-11 20:00:00,0.27,0.0,0.0,0.27,0.0,0.23428938461538795,0.0,0.27,0.0,0.0
2025-11-11 21:00:00,0.41,0.0,0.0,0.41,0.0,0.0,0.0,0.23428938461538795,0.17571061538461202,0.0
2025-11-11 22:00:00,0.25,0.0,0.0,0.25,0.0,0.0,0.0,0.0,0.25,0.0
2025-11-11 23:00:00,0.11,0.0,0.0,0.11,0.0,0.0,0.0,0.0,0.11,0.0
2025-11-12 00:00:00,0.1,0.0,0.0,0.1,0.0,0.0,0.0,0.0,0.1,0.0
2025-11-12 01:00:00,0.12,0.0,0.0,0.12,0.0,0.0,0.0,0.0,0.12,0.0
2025-11-12 02:00:00,0.21,0.0,0.0,0.21,0.0,0.0,0.0,0.0,0.21,0.0
2025-11-12 03:00:00,0.13,0.0,0.0,0.13,0.0,0.0,0.0,0.0,0.13,0.0
2025-11-12 04:00:00,0.12,0.0,0.0,0.12,0.0,0.0,0.0,0.0,0.12,0.0
2025-11-12 05:00:00,0.11,0.0,0.0,0.11,0.0,0.0,0.0,0.0,0.11,0.0
2025-11-12 06:00:00,0.1,0.0,0.0,0.1,0.0,0.0,0.0,0.0,0.1,0.0
2025-11-12 07:00:00,0.27,0.0,0.0,0.27,1.488771,1.218771,1.218771,0.0,0.0,0.0
2025-11-12 08:00:00,0.19,0.0,0.0,0.19,3.248375,4.277146,3.058375,0.0,0.0,0.0
2025-11-12 09:00:00,0.1,0.0,0.0,0.1,4.296175,8.473321,4.196175,0.0,0.0,0.0
2025-11-12 10:00:00,0.1,0.0,0.0,0.1,4.842959,13.216280000000001,4.742959,0.0,0.0,0.0
2025-11-12 11:00:00,0.09,0.3678276923076923,4.225716307692309,4.683544000000001,4.967264,13.5,0.28371999999999886,0.0,0.0,0.0
2025-11-12 12:00:00,0.1,0.3678276923076923,4.212376307692308,4.680204,4.680204,13.5,0.0,0.0,0.0,0.0
2025-11-12 13:00:00,0.1,0.3678276923076923,3.5419053076923075,4.009733,4.009733,13.5,0.0,0.0,0.0,0.0
2025-11-12 14:00:00,0.1,0.0,2.668344,2.768344,2.768344,13.5,0.0,0.0,0.0,0.0
2025-11-12 15:00:00,0.09,0.0,0.4615520000000001,0.551552,0.551552,13.5,0.0,0.0,0.0,0.0
2025-11-12 16:00:00,0.1,0.0,0.0,0.1,0.007471,13.407471,0.0,0.092529,0.0,0.0
2025-11-12 17:00:00,0.2,0.0,0.0,0.2,0.0,13.207471,0.0,0.2,0.0,0.0
2025-11-12 18:00:00,0.16,0.0,0.0,0.16,0.0,13.047471,0.0,0.16,0.0,0.0
2025-11-12 19:00:00,0.26,0.0,0.0,0.26,0.0,12.787471,0.0,0.26,0.0,0.0
2025-11-12 20:00:00,0.63,0.0,0.0,0.63,0.0,12.157471,0.0,0.63,0.0,0.0
2025-11-12 21:00:00,0.48,0.0,0.0,0.48,0.0,11.677470999999999,0.0,0.48,0.0,0.0
2025-11-12 22:00:00,0.16,0.0,0.0,0.16,0.0,11.517470999999999,0.0,0.16,0.0,0.0
2025-11-12 23:00:00,0.1,0.0,0.0,0.1,0.0,11.417470999999999,0.0,0.1,0.0,0.0
2025-11-13 00:00:00,0.11,0.0,0.0,0.11,0.0,11.307471,0.0,0.11,0.0,0.0
2025-11-13 01:00:00,0.09,0.0,0.0,0.09,0.0,11.217471,0.0,0.09,0.0,0.0
2025-11-13 02:00:00,0.1,0.0,0.0,0.1,0.0,11.117471,0.0,0.1,0.0,0.0
2025-11-13 03:00:00,0.1,0.0,0.0,0.1,0.0,11.017471,0.0,0.1,0.0,0.0
2025-11-13 04:00:00,0.1,0.0,0.0,0.1,0.0,10.917471,0.0,0.1,0.0,0.0
2025-11-13 05:00:00,0.11,0.0,0.0,0.11,0.0,10.807471000000001,0.0,0.11,0.0,0.0
2025-11-13 06:00:00,0.11,0.0,0.0,0.11,0.0,10.697471000000002,0.0,0.11,0.0,0.0
2025-11-13 07:00:00,0.14,0.0,0.0,0.14,1.409429,11.966900000000003,1.2694290000000001,0.0,0.0,0.0
2025-11-13 08:00:00,0.13,0.0,0.0,0.13,3.2168850000000004,13.5,1.5330999999999975,0.0,0.0,1.553785000000003
2025-11-13 09:00:00,0.11,0.0,0.0,0.11,4.301949,13.5,0.0,0.0,0.0,4.191948999999999
2025-11-13 10:00:00,0.1,0.0,0.0,0.1,4.824752999999999,13.5,0.0,0.0,0.0,4.724753
2025-11-13 11:00:00,0.1,0.3678276923076923,0.0,0.4678276923076923,4.941694999999999,13.5,0.0,0.0,0.0,4.4738673076923074
2025-11-13 12:00:00,0.11,0.3678276923076923,0.0,0.4778276923076923,4.699554,13.5,0.0,0.0,0.0,4.2217263076923075
2025-11-13 13:00:00,0.11,0.3678276923076923,0.0,0.4778276923076923,4.0430079999999995,13.5,0.0,0.0,0.0,3.565180307692307
2025-11-13 14:00:00,0.1,0.0,0.0,0.1,2.989044,13.5,0.0,0.0,0.0,2.8890439999999997
2025-11-13 15:00:00,0.1,0.0,0.0,0.1,1.546066,13.5,0.0,0.0,0.0,1.4460659999999999
2025-11-13 16:00:00,0.11,0.0,0.0,0.11,0.176426,13.5,0.0,0.0,0.0,0.066426
2025-11-13 17:00:00,0.14,0.0,0.0,0.14,0.0,13.36,0.0,0.14,0.0,0.0
2025-11-13 18:00:00,0.16,0.0,0.0,0.16,0.0,13.2,0.0,0.16,0.0,0.0
2025-11-13 19:00:00,0.15,0.0,0.0,0.15,0.0,13.049999999999999,0.0,0.15,0.0,0.0
2025-11-13 20:00:00,0.54,0.0,0.0,0.54,0.0,12.509999999999998,0.0,0.54,0.0,0.0
2025-11-13 21:00:00,0.48,0.0,0.0,0.48,0.0,12.029999999999998,0.0,0.48,0.0,0.0
2025-11-13 22:00:00,0.14,0.0,0.0,0.14,0.0,11.889999999999997,0.0,0.14,0.0,0.0
2025-11-13 23:00:00,0.44,0.0,0.0,0.44,0.0,11.449999999999998,0.0,0.44,0.0,0.0
2025-11-14 00:00:00,0.45,0.0,0.0,0.45,0.0,10.999999999999998,0.0,0.45,0.0,0.0
2025-11-14 01:00:00,0.52,0.0,0.0,0.52,0.0,10.479999999999999,0.0,0.52,0.0,0.0
2025-11-14 02:00:00,0.16,0.0,0.0,0.16,0.0,10.319999999999999,0.0,0.16,0.0,0.0
2025-11-14 03:00:00,0.52,0.0,0.0,0.52,0.0,9.799999999999999,0.0,0.52,0.0,0.0
2025-11-14 04:00:00,0.1,0.0,0.0,0.1,0.0,9.7,0.0,0.1,0.0,0.0
2025-11-14 05:00:00,0.5399999999999999,0.0,0.0,0.5399999999999999,0.0,9.16,0.0,0.5399999999999999,0.0,0.0
2025-11-14 06:00:00,0.5599999999999999,0.0,0.0,0.5599999999999999,0.0,8.6,0.0,0.5599999999999999,0.0,0.0
2025-11-14 07:00:00,0.46,0.0,0.0,0.46,1.3465740000000002,9.486574,0.8865740000000002,0.0,0.0,0.0
2025-11-14 08:00:00,0.19,0.0,0.0,0.19,1.9150740000000002,11.211648,1.7250740000000002,0.0,0.0,0.0
2025-11-14 09:00:00,0.1,0.0,0.0,0.1,2.363442,13.47509,2.263442,0.0,0.0,0.0
2025-11-14 10:00:00,0.1,0.0,3.55022,3.65022,3.6751300000000002,13.5,0.02491000000000021,0.0,0.0,0.0
2025-11-14 11:00:00,0.21,0.3678276923076923,2.891326307692308,3.469154,3.469154,13.5,0.0,0.0,0.0,0.0
2025-11-14 12:00:00,0.2,0.3678276923076923,2.9102203076923074,3.478048,3.478048,13.5,0.0,0.0,0.0,0.0
2025-11-14 13:00:00,0.19,0.3678276923076923,2.2140243076923074,2.771852,2.771852,13.5,0.0,0.0,0.0,0.0
2025-11-14 14:00:00,0.16,0.0,1.673127,1.833127,1.833127,13.5,0.0,0.0,0.0,0.0
2025-11-14 15:00:00,0.2,0.0,0.7228889999999999,0.9228889999999998,0.922889,13.5,0.0,0.0,0.0,0.0
2025-11-14 16:00:00,0.13,0.0,0.0,0.13,0.112395,13.482395,0.0,0.01760500000000001,0.0,0.0
2025-11-14 17:00:00,0.15,0.0,0.0,0.15,0.0,13.332395,0.0,0.15,0.0,0.0
2025-11-14 18:00:00,0.34,0.0,0.0,0.34,0.0,12.992395,0.0,0.34,0.0,0.0
2025-11-14 19:00:00,0.24,0.0,0.0,0.24,0.0,12.752395,0.0,0.24,0.0,0.0
2025-11-14 20:00:00,0.73,0.0,0.0,0.73,0.0,12.022395,0.0,0.73,0.0,0.0
2025-11-14 21:00:00,0.8500000000000001,0.0,0.0,0.8500000000000001,0.0,11.172395,0.0,0.8500000000000001,0.0,0.0
2025-11-14 22:00:00,0.14,0.0,0.0,0.14,0.0,11.032395,0.0,0.14,0.0,0.0
2025-11-14 23:00:00,0.1,0.0,0.0,0.1,0.0,10.932395,0.0,0.1,0.0,0.0
2025-11-15 00:00:00,0.1,0.0,0.0,0.1,0.0,10.832395,0.0,0.1,0.0,0.0
2025-11-15 01:00:00,0.11,0.0,0.0,0.11,0.0,10.722395,0.0,0.11,0.0,0.0
2025-11-15 02:00:00,0.11,0.0,0.0,0.11,0.0,10.612395000000001,0.0,0.11,0.0,0.0
2025-11-15 03:00:00,0.1,0.0,0.0,0.1,0.0,10.512395000000001,0.0,0.1,0.0,0.0
2025-11-15 04:00:00,0.11,0.0,0.0,0.11,0.0,10.402395000000002,0.0,0.11,0.0,0.0
2025-11-15 05:00:00,0.44,0.0,0.0,0.44,0.0,9.962395000000003,0.0,0.44,0.0,0.0
2025-11-15 06:00:00,0.6900000000000001,0.0,0.0,0.6900000000000001,0.0,9.272395000000003,0.0,0.6900000000000001,0.0,0.0
2025-11-15 07:00:00,0.53,0.0,0.0,0.53,0.690305,9.432700000000002,0.16030499999999992,0.0,0.0,0.0
2025-11-15 08:00:00,0.16,0.0,0.0,0.16,1.8550689999999999,11.127769000000002,1.695069,0.0,0.0,0.0
2025-11-15 09:00:00,0.49,0.0,0.0,0.49,2.720406,13.358175000000003,2.2304060000000003,0.0,0.0,0.0
2025-11-15 10:00:00,0.18,0.0,2.3806430000000023,2.5606430000000024,2.7024679999999996,13.5,0.1418249999999972,0.0,0.0,0.0
2025-11-15 11:00:00,0.5499999999999999,0.3678276923076923,1.8568863076923077,2.774714,2.774714,13.5,0.0,0.0,0.0,0.0
2025-11-15 12:00:00,0.13,0.3678276923076923,2.5657623076923075,3.0635899999999996,3.06359,13.5,0.0,0.0,0.0,0.0
2025-11-15 13:00:00,0.12,0.3678276923076923,2.0556703076923077,2.543498,2.543498,13.5,0.0,0.0,0.0,0.0
2025-11-15 14:00:00,1.52,0.0,0.28612100000000007,1.806121,1.806121,13.5,0.0,0.0,0.0,0.0
2025-11-15 15:00:00,1.66,0.0,0.0,1.66,0.89858,12.73858,0.0,0.7614199999999999,0.0,0.0
2025-11-15 16:00:00,1.54,0.0,0.0,1.54,0.114761,11.313341000000001,0.0,1.425239,0.0,0.0
2025-11-15 17:00:00,2.37,0.0,0.0,2.37,0.0,8.943341,0.0,2.37,0.0,0.0
2025-11-15 18:00:00,0.58,0.0,0.0,0.58,0.0,8.363341,0.0,0.58,0.0,0.0
2025-11-15 19:00:00,0.52,0.0,0.0,0.52,0.0,7.843341000000001,0.0,0.52,0.0,0.0
2025-11-15 20:00:00,0.35,0.0,0.0,0.35,0.0,7.493341000000001,0.0,0.35,0.0,0.0
2025-11-15 21:00:00,0.61,0.0,0.0,0.61,0.0,6.883341000000001,0.0,0.61,0.0,0.0
2025-11-15 22:00:00,0.6699999999999999,0.0,0.0,0.6699999999999999,0.0,6.213341000000001,0.0,0.6699999999999999,0.0,0.0
2025-11-15 23:00:00,0.42,0.0,0.0,0.42,0.0,5.793341000000001,0.0,0.42,0.0,0.0
2025-11-16 00:00:00,0.32,0.0,0.0,0.32,0.0,5.4733410000000005,0.0,0.32,0.0,0.0
2025-11-16 01:00:00,0.3399999999999999,0.0,0.0,0.3399999999999999,0.0,5.133341000000001,0.0,0.3399999999999999,0.0,0.0
2025-11-16 02:00:00,0.3399999999999999,0.0,0.0,0.3399999999999999,0.0,4.793341000000001,0.0,0.3399999999999999,0.0,0.0
2025-11-16 03:00:00,0.35,0.0,0.0,0.35,0.0,4.443341000000001,0.0,0.35,0.0,0.0
2025-11-16 04:00:00,0.3399999999999999,0.0,0.0,0.3399999999999999,0.0,4.103341000000001,0.0,0.3399999999999999,0.0,0.0
2025-11-16 05:00:00,0.3399999999999999,0.0,0.0,0.3399999999999999,0.0,3.7633410000000014,0.0,0.3399999999999999,0.0,0.0
2025-11-16 06:00:00,0.66,0.0,0.0,0.66,0.0,3.1033410000000012,0.0,0.66,0.0,0.0
2025-11-16 07:00:00,0.6799999999999999,0.0,0.0,0.6799999999999999,0.8827160000000001,3.3060570000000014,0.20271600000000012,0.0,0.0,0.0
2025-11-16 08:00:00,0.48,0.0,0.0,0.48,0.456036,3.2820930000000015,0.0,0.023963999999999985,0.0,0.0
2025-11-16 09:00:00,1.12,0.0,0.0,1.12,3.0524250000000004,5.214518000000002,1.9324250000000003,0.0,0.0,0.0
2025-11-16 10:00:00,0.35,0.0,0.0,0.35,2.813841,7.678359000000002,2.463841,0.0,0.0,0.0
2025-11-16 11:00:00,2.33,0.9105538461538464,0.0,3.2405538461538463,3.6365390000000004,8.074344153846155,0.39598515384615407,0.0,0.0,0.0
2025-11-16 12:00:00,0.44,0.9105538461538464,0.0,1.3505538461538464,4.326147,11.049937307692309,2.9755931538461535,0.0,0.0,0.0
2025-11-16 13:00:00,0.26,0.9105538461538464,0.1480174615384624,1.318571307692309,3.768634,13.5,2.450062692307691,0.0,0.0,0.0
2025-11-16 14:00:00,0.14,0.0,2.1031889999999995,2.2431889999999997,2.2431889999999997,13.5,0.0,0.0,0.0,0.0
2025-11-16 15:00:00,0.14,0.0,0.5801409999999999,0.7201409999999999,0.7201409999999999,13.5,0.0,0.0,0.0,0.0
2025-11-16 16:00:00,0.19,0.0,0.0,0.19,0.061874000000000005,13.371874,0.0,0.128126,0.0,0.0
2025-11-16 17:00:00,0.42,0.0,0.0,0.42,0.0,12.951874,0.0,0.42,0.0,0.0
2025-11-16 18:00:00,0.36,0.0,0.0,0.36,0.0,12.591874,0.0,0.36,0.0,0.0
2025-11-16 19:00:00,0.3,0.0,0.0,0.3,0.0,12.291874,0.0,0.3,0.0,0.0
2025-11-16 20:00:00,0.31,0.0,0.0,0.31,0.0,11.981874,0.0,0.31,0.0,0.0
2025-11-16 21:00:00,0.28,0.0,0.0,0.28,0.0,11.701874,0.0,0.28,0.0,0.0
2025-11-16 22:00:00,0.24,0.0,0.0,0.24,0.0,11.461874,0.0,0.24,0.0,0.0
2025-11-16 23:00:00,0.19,0.0,0.0,0.19,0.0,11.271874,0.0,0.19,0.0,0.0
2025-11-17 00:00:00,0.11,0.0,0.0,0.11,0.0,11.161874000000001,0.0,0.11,0.0,0.0
2025-11-17 01:00:00,0.11,0.0,0.0,0.11,0.0,11.051874000000002,0.0,0.11,0.0,0.0
2025-11-17 02:00:00,0.11,0.0,0.0,0.11,0.0,10.941874000000002,0.0,0.11,0.0,0.0
2025-11-17 03:00:00,0.38,0.0,0.0,0.38,0.0,10.561874000000001,0.0,0.38,0.0,0.0
2025-11-17 04:00:00,0.4399999999999999,0.0,0.0,0.4399999999999999,0.0,10.121874000000002,0.0,0.4399999999999999,0.0,0.0
2025-11-17 05:00:00,0.5700000000000001,0.0,0.0,0.5700000000000001,0.0,9.551874000000002,0.0,0.5700000000000001,0.0,0.0
2025-11-17 06:00:00,0.5,0.0,0.0,0.5,0.0,9.051874000000002,0.0,0.5,0.0,0.0
2025-11-17 07:00:00,1.31,0.0,0.0,1.31,1.109538,8.851412000000002,0.0,0.20046200000000014,0.0,0.0
2025-11-17 08:00:00,0.92,0.0,0.0,0.92,2.9087020000000003,10.840114000000002,1.9887020000000004,0.0,0.0,0.0
2025-11-17 09:00:00,0.17,0.0,0.0,0.17,3.981816,13.5,2.6598859999999984,0.0,0.0,1.1519300000000015
2025-11-17 10:00:00,1.4300000000000002,0.0,0.0,1.4300000000000002,4.550418,13.5,0.0,0.0,0.0,3.1204179999999995
2025-11-17 11:00:00,0.47,0.9105538461538464,0.0,1.3805538461538465,4.622584,13.5,0.0,0.0,0.0,3.2420301538461533
2025-11-17 12:00:00,0.75,0.9105538461538464,0.0,1.6605538461538463,4.340221,13.5,0.0,0.0,0.0,2.6796671538461534
2025-11-17 13:00:00,0.19,0.9105538461538464,0.0,1.1005538461538464,3.723532,13.5,0.0,0.0,0.0,2.6229781538461534
2025-11-17 14:00:00,0.49,0.0,0.0,0.49,2.813108,13.5,0.0,0.0,0.0,2.3231080000000004
2025-11-17 15:00:00,0.7000000000000001,0.0,0.0,0.7000000000000001,1.448258,13.5,0.0,0.0,0.0,0.748258
2025-11-17 16:00:00,0.68,0.0,0.0,0.68,0.12504,12.94504,0.0,0.55496,0.0,0.0
2025-11-17 17:00:00,2.58,0.0,0.0,2.58,0.0,10.36504,0.0,2.58,0.0,0.0
2025-11-17 18:00:00,1.6,0.0,0.0,1.6,0.0,8.76504,0.0,1.6,0.0,0.0
2025-11-17 19:00:00,0.26,0.0,0.0,0.26,0.0,8.505040000000001,0.0,0.26,0.0,0.0
2025-11-17 20:00:00,0.94,0.0,0.0,0.94,0.0,7.5650400000000015,0.0,0.94,0.0,0.0
2025-11-17 21:00:00,0.72,0.0,0.0,0.72,0.0,6.845040000000002,0.0,0.72,0.0,0.0
2025-11-17 22:00:00,0.13,0.0,0.0,0.13,0.0,6.715040000000002,0.0,0.13,0.0,0.0
2025-11-17 23:00:00,0.1,0.0,0.0,0.1,0.0,6.615040000000002,0.0,0.1,0.0,0.0
2025-11-18 00:00:00,0.13,0.0,0.0,0.13,0.0,6.485040000000002,0.0,0.13,0.0,0.0
2025-11-18 01:00:00,1.0,0.0,0.0,1.0,0.0,5.485040000000002,0.0,1.0,0.0,0.0
2025-11-18 02:00:00,0.5800000000000001,0.0,0.0,0.5800000000000001,0.0,4.905040000000002,0.0,0.5800000000000001,0.0,0.0
2025-11-18 03:00:00,0.69,0.0,0.0,0.69,0.0,4.215040000000002,0.0,0.69,0.0,0.0
2025-11-18 04:00:00,0.7100000000000001,0.0,0.0,0.7100000000000001,0.0,3.505040000000002,0.0,0.7100000000000001,0.0,0.0
2025-11-18 05:00:00,0.89,0.0,0.0,0.89,0.0,2.615040000000002,0.0,0.89,0.0,0.0
2025-11-18 06:00:00,1.08,0.0,0.0,1.08,0.0,1.5350400000000017,0.0,1.08,0.0,0.0
2025-11-18 07:00:00,0.12,0.0,0.0,0.12,1.223404,2.6384440000000016,1.1034039999999998,0.0,0.0,0.0
2025-11-18 08:00:00,0.6799999999999999,0.0,0.0,0.6799999999999999,0.40402499999999997,2.3624690000000017,0.0,0.27597499999999997,0.0,0.0
2025-11-18 09:00:00,0.2299999999999999,0.0,0.0,0.2299999999999999,1.846392,3.978861000000002,1.616392,0.0,0.0,0.0
2025-11-18 10:00:00,0.22,0.0,0.0,0.22,4.6867849999999995,8.445646000000002,4.466785,0.0,0.0,0.0
2025-11-18 11:00:00,0.2299999999999999,0.6070358974358975,0.0,0.8370358974358973,4.826834,12.435444102564105,3.9897981025641025,0.0,0.0,0.0
2025-11-18 12:00:00,0.22,0.6070358974358975,0.0,0.8270358974358974,3.12796,13.5,1.0645558974358948,0.0,0.0,1.2363682051282074
2025-11-18 13:00:00,0.2299999999999999,0.6070358974358975,0.0,0.8370358974358973,2.8659850000000002,13.5,0.0,0.0,0.0,2.028949102564103
2025-11-18 14:00:00,0.22,0.0,0.0,0.22,2.9556080000000002,13.5,0.0,0.0,0.0,2.735608
2025-11-18 15:00:00,0.22,0.0,0.0,0.22,1.526513,13.5,0.0,0.0,0.0,1.306513
2025-11-18 16:00:00,0.22,0.0,0.0,0.22,0.11866299999999999,13.398662999999999,0.0,0.10133700000000001,0.0,0.0
2025-11-18 17:00:00,0.25,0.0,0.0,0.25,0.0,13.148662999999999,0.0,0.25,0.0,0.0
2025-11-18 18:00:00,0.29,0.0,0.0,0.29,0.0,12.858663,0.0,0.29,0.0,0.0
2025-11-18 19:00:00,0.29,0.0,0.0,0.29,0.0,12.568663,0.0,0.29,0.0,0.0
2025-11-18 20:00:00,0.15,0.0,0.0,0.15,0.0,12.418663,0.0,0.15,0.0,0.0
2025-11-18 21:00:00,0.18,0.0,0.0,0.18,0.0,12.238663,0.0,0.18,0.0,0.0
2025-11-18 22:00:00,0.18,0.0,0.0,0.18,0.0,12.058663000000001,0.0,0.18,0.0,0.0
2025-11-18 23:00:00,0.35,0.0,0.0,0.35,0.0,11.708663000000001,0.0,0.35,0.0,0.0
2025-11-19 00:00:00,0.91,0.0,0.0,0.91,0.0,10.798663000000001,0.0,0.91,0.0,0.0
2025-11-19 01:00:00,0.52,0.0,0.0,0.52,0.0,10.278663000000002,0.0,0.52,0.0,0.0
2025-11-19 02:00:00,0.64,0.0,0.0,0.64,0.0,9.638663000000001,0.0,0.64,0.0,0.0
2025-11-19 03:00:00,0.58,0.0,0.0,0.58,0.0,9.058663000000001,0.0,0.58,0.0,0.0
2025-11-19 04:00:00,0.5800000000000001,0.0,0.0,0.5800000000000001,0.0,8.478663000000001,0.0,0.5800000000000001,0.0,0.0
2025-11-19 05:00:00,0.5800000000000001,0.0,0.0,0.5800000000000001,0.0,7.898663000000001,0.0,0.5800000000000001,0.0,0.0
2025-11-19 06:00:00,0.8300000000000001,0.0,0.0,0.8300000000000001,0.0,7.068663000000001,0.0,0.8300000000000001,0.0,0.0
2025-11-19 07:00:00,0.28,0.0,0.0,0.28,1.290414,8.079077000000002,1.010414,0.0,0.0,0.0
2025-11-19 08:00:00,0.65,0.0,0.0,0.65,3.265198,10.694275000000001,2.615198,0.0,0.0,0.0
2025-11-19 09:00:00,0.25,0.0,1.390969000000002,1.640969000000002,4.446694000000001,13.5,2.805724999999999,0.0,0.0,0.0
2025-11-19 10:00:00,0.09,0.0,4.9282520000000005,5.018252,5.018252,13.5,0.0,0.0,0.0,0.0
2025-11-19 11:00:00,0.1,0.6070358974358975,4.450343102564102,5.157379,5.157379,13.5,0.0,0.0,0.0,0.0
2025-11-19 12:00:00,0.09,0.6070358974358975,4.157121102564102,4.854157,4.854157,13.5,0.0,0.0,0.0,0.0
2025-11-19 13:00:00,0.1,0.6070358974358975,3.4357861025641023,4.142822,4.142822,13.5,0.0,0.0,0.0,0.0
2025-11-19 14:00:00,0.44,0.0,2.6225340000000004,3.0625340000000003,3.0625340000000003,13.5,0.0,0.0,0.0,0.0
2025-11-19 15:00:00,0.45,0.0,1.112798,1.562798,1.562798,13.5,0.0,0.0,0.0,0.0
2025-11-19 16:00:00,0.46,0.0,0.0,0.46,0.117713,13.157713,0.0,0.342287,0.0,0.0
2025-11-19 17:00:00,2.37,0.0,0.0,2.37,0.0,10.787713,0.0,2.37,0.0,0.0
2025-11-19 18:00:00,1.98,0.0,0.0,1.98,0.0,8.807713,0.0,1.98,0.0,0.0
2025-11-19 19:00:00,0.26,0.0,0.0,0.26,0.0,8.547713,0.0,0.26,0.0,0.0
2025-11-19 20:00:00,1.73,0.0,0.0,1.73,0.0,6.8177129999999995,0.0,1.73,0.0,0.0
2025-11-19 21:00:00,2.21,0.0,0.0,2.21,0.0,4.6077129999999995,0.0,2.21,0.0,0.0
2025-11-19 22:00:00,0.8,0.0,0.0,0.8,0.0,3.8077129999999997,0.0,0.8,0.0,0.0
2025-11-19 23:00:00,0.11,0.0,0.0,0.11,0.0,3.697713,0.0,0.11,0.0,0.0
2025-11-20 00:00:00,0.11,0.0,0.0,0.11,0.0,3.587713,0.0,0.11,0.0,0.0
2025-11-20 01:00:00,0.11,0.0,0.0,0.11,0.0,3.477713,0.0,0.11,0.0,0.0
2025-11-20 02:00:00,0.09,0.0,0.0,0.09,0.0,3.387713,0.0,0.09,0.0,0.0
2025-11-20 03:00:00,0.6100000000000001,0.0,0.0,0.6100000000000001,0.0,2.7777130000000003,0.0,0.6100000000000001,0.0,0.0
2025-11-20 04:00:00,0.57,0.0,0.0,0.57,0.0,2.2077130000000005,0.0,0.57,0.0,0.0
2025-11-20 05:00:00,1.04,0.0,0.0,1.04,0.0,1.1677130000000004,0.0,1.04,0.0,0.0
2025-11-20 06:00:00,0.75,0.0,0.0,0.75,0.0,0.41771300000000045,0.0,0.75,0.0,0.0
2025-11-20 07:00:00,0.5900000000000001,0.0,0.0,0.5900000000000001,1.443135,1.2708480000000004,0.853135,0.0,0.0,0.0
2025-11-20 08:00:00,0.58,0.0,0.0,0.58,3.480622,4.17147,2.900622,0.0,0.0,0.0
2025-11-20 09:00:00,1.1800000000000002,0.0,0.0,1.1800000000000002,4.5770919999999995,7.568562,3.3970919999999993,0.0,0.0,0.0
2025-11-20 10:00:00,1.16,0.0,0.0,1.16,5.125237,11.533799,3.965237,0.0,0.0,0.0
2025-11-20 11:00:00,0.5,0.6070358974358975,0.0,1.1070358974358974,5.20183,13.5,1.9662009999999999,0.0,0.0,2.1285931025641034
2025-11-20 12:00:00,0.19,0.6070358974358975,0.0,0.7970358974358975,4.870692,13.5,0.0,0.0,0.0,4.073656102564103
2025-11-20 13:00:00,0.1,0.6070358974358975,0.0,0.7070358974358975,4.1599759999999995,13.5,0.0,0.0,0.0,3.452940102564102
2025-11-20 14:00:00,0.1,0.0,0.0,0.1,3.097575,13.5,0.0,0.0,0.0,2.997575
2025-11-20 15:00:00,0.1,0.0,0.0,0.1,1.606319,13.5,0.0,0.0,0.0,1.506319
2025-11-20 16:00:00,0.1,0.0,0.0,0.1,0.12354000000000001,13.5,0.0,0.0,0.0,0.023540000000000005
2025-11-20 17:00:00,1.7399999999999998,0.0,0.0,1.7399999999999998,0.0,11.76,0.0,1.7399999999999998,0.0,0.0
2025-11-20 18:00:00,1.32,0.0,0.0,1.32,0.0,10.44,0.0,1.32,0.0,0.0
2025-11-20 19:00:00,0.19,0.0,0.0,0.19,0.0,10.25,0.0,0.19,0.0,0.0
2025-11-20 20:00:00,0.27,0.0,0.0,0.27,0.0,9.98,0.0,0.27,0.0,0.0
2025-11-20 21:00:00,0.28,0.0,0.0,0.28,0.0,9.700000000000001,0.0,0.28,0.0,0.0
2025-11-20 22:00:00,0.8300000000000001,0.0,0.0,0.8300000000000001,0.0,8.870000000000001,0.0,0.8300000000000001,0.0,0.0
2025-11-20 23:00:00,1.04,0.0,0.0,1.04,0.0,7.830000000000001,0.0,1.04,0.0,0.0
2025-11-21 00:00:00,0.8400000000000001,0.0,0.0,0.8400000000000001,0.0,6.990000000000001,0.0,0.8400000000000001,0.0,0.0
2025-11-21 01:00:00,0.96,0.0,0.0,0.96,0.0,6.030000000000001,0.0,0.96,0.0,0.0
2025-11-21 02:00:00,0.94,0.0,0.0,0.94,0.0,5.090000000000002,0.0,0.94,0.0,0.0
2025-11-21 03:00:00,1.11,0.0,0.0,1.11,0.0,3.9800000000000013,0.0,1.11,0.0,0.0
2025-11-21 04:00:00,1.11,0.0,0.0,1.11,0.0,2.870000000000001,0.0,1.11,0.0,0.0
2025-11-21 05:00:00,1.11,0.0,0.0,1.11,0.0,1.760000000000001,0.0,1.11,0.0,0.0
2025-11-21 06:00:00,0.9,0.0,0.0,0.9,0.0,0.8600000000000009,0.0,0.9,0.0,0.0
2025-11-21 07:00:00,0.91,0.0,0.0,0.91,1.3942080000000001,1.344208000000001,0.4842080000000001,0.0,0.0,0.0
2025-11-21 08:00:00,0.25,0.0,0.0,0.25,3.4788560000000004,4.573064000000001,3.2288560000000004,0.0,0.0,0.0
2025-11-21 09:00:00,0.22,0.0,0.0,0.22,4.608727,8.961791000000002,4.388727,0.0,0.0,0.0
2025-11-21 10:00:00,0.18,0.0,0.4816790000000015,0.6616790000000015,5.199888,13.5,4.538208999999998,0.0,0.0,0.0
2025-11-21 11:00:00,0.17,0.4552769230769231,4.703014076923077,5.328291,5.328291,13.5,0.0,0.0,0.0,0.0
2025-11-21 12:00:00,0.13,0.4552769230769231,4.430230076923077,5.0155069999999995,5.0155069999999995,13.5,0.0,0.0,0.0,0.0
2025-11-21 13:00:00,0.16,0.4552769230769231,3.662041076923077,4.277318,4.277318,13.5,0.0,0.0,0.0,0.0
2025-11-21 14:00:00,0.13,0.0,3.063557,3.1935569999999998,3.1935569999999998,13.5,0.0,0.0,0.0,0.0
2025-11-21 15:00:00,0.1,0.0,1.546924,1.646924,1.646924,13.5,0.0,0.0,0.0,0.0
2025-11-21 16:00:00,0.11,0.0,0.013942999999999997,0.123943,0.123943,13.5,0.0,0.0,0.0,0.0
2025-11-21 17:00:00,2.39,0.0,0.0,2.39,0.0,11.11,0.0,2.39,0.0,0.0
2025-11-21 18:00:00,2.07,0.0,0.0,2.07,0.0,9.04,0.0,2.07,0.0,0.0
2025-11-21 19:00:00,0.36,0.0,0.0,0.36,0.0,8.68,0.0,0.36,0.0,0.0
2025-11-21 20:00:00,0.74,0.0,0.0,0.74,0.0,7.9399999999999995,0.0,0.74,0.0,0.0
2025-11-21 21:00:00,0.8200000000000001,0.0,0.0,0.8200000000000001,0.0,7.119999999999999,0.0,0.8200000000000001,0.0,0.0
2025-11-21 22:00:00,0.19,0.0,0.0,0.19,0.0,6.929999999999999,0.0,0.19,0.0,0.0
2025-11-21 23:00:00,0.26,0.0,0.0,0.26,0.0,6.669999999999999,0.0,0.26,0.0,0.0
2025-11-22 00:00:00,0.26,0.0,0.0,0.26,0.0,6.409999999999999,0.0,0.26,0.0,0.0
2025-11-22 01:00:00,0.26,0.0,0.0,0.26,0.0,6.1499999999999995,0.0,0.26,0.0,0.0
2025-11-22 02:00:00,0.27,0.0,0.0,0.27,0.0,5.879999999999999,0.0,0.27,0.0,0.0
2025-11-22 03:00:00,1.15,0.0,0.0,1.15,0.0,4.729999999999999,0.0,1.15,0.0,0.0
2025-11-22 04:00:00,0.64,0.0,0.0,0.64,0.0,4.089999999999999,0.0,0.64,0.0,0.0
2025-11-22 05:00:00,0.72,0.0,0.0,0.72,0.0,3.369999999999999,0.0,0.72,0.0,0.0
2025-11-22 06:00:00,0.9,0.0,0.0,0.9,0.0,2.4699999999999993,0.0,0.9,0.0,0.0
2025-11-22 07:00:00,0.1,0.0,0.0,0.1,1.215811,3.585810999999999,1.1158109999999999,0.0,0.0,0.0
2025-11-22 08:00:00,0.1,0.0,0.0,0.1,1.415158,4.900968999999999,1.3151579999999998,0.0,0.0,0.0
2025-11-22 09:00:00,1.23,0.0,0.0,1.23,3.805858,7.476826999999999,2.575858,0.0,0.0,0.0
2025-11-22 10:00:00,0.19,0.0,0.0,0.19,3.956791,11.243618,3.766791,0.0,0.0,0.0
2025-11-22 11:00:00,0.2,0.4552769230769231,1.9111390769230763,2.5664159999999994,4.822798,13.5,2.2563820000000003,0.0,0.0,0.0
2025-11-22 12:00:00,0.24,0.4552769230769231,3.8573270769230774,4.5526040000000005,4.5526040000000005,13.5,0.0,0.0,0.0,0.0
2025-11-22 13:00:00,0.22,0.4552769230769231,0.23234230769230635,0.9076192307692295,3.172081,13.5,0.0,0.0,0.0,2.2644617692307705
2025-11-22 14:00:00,0.13,0.0,0.0,0.13,2.939783,13.5,0.0,0.0,0.0,2.809783
2025-11-22 15:00:00,0.11,0.0,0.0,0.11,1.513518,13.5,0.0,0.0,0.0,1.4035179999999998
2025-11-22 16:00:00,0.11,0.0,0.0,0.11,0.107919,13.497919,0.0,0.0020809999999999995,0.0,0.0
2025-11-22 17:00:00,0.1,0.0,0.0,0.1,0.0,13.397919,0.0,0.1,0.0,0.0
2025-11-22 18:00:00,0.95,0.0,0.0,0.95,0.0,12.447919,0.0,0.95,0.0,0.0
2025-11-22 19:00:00,1.43,0.0,0.0,1.43,0.0,11.017919000000001,0.0,1.43,0.0,0.0
2025-11-22 20:00:00,0.91,0.0,0.0,0.91,0.0,10.107919,0.0,0.91,0.0,0.0
2025-11-22 21:00:00,0.62,0.0,0.0,0.62,0.0,9.487919000000002,0.0,0.62,0.0,0.0
2025-11-22 22:00:00,0.2299999999999999,0.0,0.0,0.2299999999999999,0.0,9.257919000000001,0.0,0.2299999999999999,0.0,0.0
2025-11-22 23:00:00,0.22,0.0,0.0,0.22,0.0,9.037919,0.0,0.22,0.0,0.0
2025-11-23 00:00:00,0.6599999999999999,0.0,0.0,0.6599999999999999,0.0,8.377919,0.0,0.6599999999999999,0.0,0.0
2025-11-23 01:00:00,0.76,0.0,0.0,0.76,0.0,7.6179190000000006,0.0,0.76,0.0,0.0
2025-11-23 02:00:00,0.66,0.0,0.0,0.66,0.0,6.957919,0.0,0.66,0.0,0.0
2025-11-23 03:00:00,0.67,0.0,0.0,0.67,0.0,6.2879190000000005,0.0,0.67,0.0,0.0
2025-11-23 04:00:00,0.6300000000000001,0.0,0.0,0.6300000000000001,0.0,5.657919000000001,0.0,0.6300000000000001,0.0,0.0
2025-11-23 05:00:00,0.1,0.0,0.0,0.1,0.0,5.557919000000001,0.0,0.1,0.0,0.0
2025-11-23 06:00:00,0.6799999999999999,0.0,0.0,0.6799999999999999,0.0,4.877919000000001,0.0,0.6799999999999999,0.0,0.0
2025-11-23 07:00:00,0.8799999999999999,0.0,0.0,0.8799999999999999,0.927556,4.925475000000001,0.047556000000000154,0.0,0.0,0.0
2025-11-23 08:00:00,2.26,0.0,0.0,2.26,0.469934,3.135409000000002,0.0,1.7900659999999997,0.0,0.0
2025-11-23 09:00:00,2.13,0.0,0.0,2.13,4.123384,5.128793000000002,1.9933839999999998,0.0,0.0,0.0
2025-11-23 10:00:00,0.44,0.0,0.0,0.44,4.670629,9.359422000000002,4.2306289999999995,0.0,0.0,0.0
2025-11-23 11:00:00,0.19,0.4552769230769231,0.0,0.6452769230769231,4.82245,13.5,4.140577999999998,0.0,0.0,0.03659507692307873
2025-11-23 12:00:00,0.47,0.4552769230769231,0.0,0.9252769230769231,4.563841999999999,13.5,0.0,0.0,0.0,3.638565076923076
2025-11-23 13:00:00,1.12,0.4552769230769231,0.0,1.5752769230769232,3.905569,13.5,0.0,0.0,0.0,2.330292076923077
2025-11-23 14:00:00,0.33,0.0,0.0,0.33,2.880467,13.5,0.0,0.0,0.0,2.550467
2025-11-23 15:00:00,0.26,0.0,0.0,0.26,1.453712,13.5,0.0,0.0,0.0,1.1937119999999999
2025-11-23 16:00:00,0.39,0.0,0.0,0.39,0.098318,13.208318,0.0,0.291682,0.0,0.0
2025-11-23 17:00:00,0.81,0.0,0.0,0.81,0.0,12.398318,0.0,0.81,0.0,0.0
2025-11-23 18:00:00,0.98,0.0,0.0,0.98,0.0,11.418318,0.0,0.98,0.0,0.0
2025-11-23 19:00:00,0.51,0.0,0.0,0.51,0.0,10.908318,0.0,0.51,0.0,0.0
2025-11-23 20:00:00,0.42,0.0,0.0,0.42,0.0,10.488318,0.0,0.42,0.0,0.0
2025-11-23 21:00:00,0.3,0.0,0.0,0.3,0.0,10.188317999999999,0.0,0.3,0.0,0.0
2025-11-23 22:00:00,0.26,0.0,0.0,0.26,0.0,9.928317999999999,0.0,0.26,0.0,0.0
2025-11-23 23:00:00,0.32,0.0,0.0,0.32,0.0,9.608317999999999,0.0,0.32,0.0,0.0
2025-11-24 00:00:00,0.36,0.0,0.0,0.36,0.0,9.248318,0.0,0.36,0.0,0.0
2025-11-24 01:00:00,0.92,0.0,0.0,0.92,0.0,8.328318,0.0,0.92,0.0,0.0
2025-11-24 02:00:00,1.05,0.0,0.0,1.05,0.0,7.278318,0.0,1.05,0.0,0.0
2025-11-24 03:00:00,0.64,0.0,0.0,0.64,0.0,6.638318,0.0,0.64,0.0,0.0
2025-11-24 04:00:00,0.88,0.0,0.0,0.88,0.0,5.758318,0.0,0.88,0.0,0.0
2025-11-24 05:00:00,0.56,0.0,0.0,0.56,0.0,5.198318,0.0,0.56,0.0,0.0
2025-11-24 06:00:00,1.03,0.0,0.0,1.03,0.0,4.168318,0.0,1.03,0.0,0.0
2025-11-24 07:00:00,0.67,0.0,0.0,0.67,0.909298,4.407616,0.239298,0.0,0.0,0.0
2025-11-24 08:00:00,2.12,0.0,0.0,2.12,2.9770700000000003,5.264686,0.8570700000000002,0.0,0.0,0.0
2025-11-24 09:00:00,1.01,0.0,0.0,1.01,4.077172,8.331858,3.0671720000000002,0.0,0.0,0.0
2025-11-24 10:00:00,0.26,0.0,0.0,0.26,4.551092,12.62295,4.291092,0.0,0.0,0.0
2025-11-24 11:00:00,0.26,0.4552769230769231,0.0,0.7152769230769231,4.655049,13.5,0.8770500000000006,0.0,0.0,3.0627220769230763
2025-11-24 12:00:00,0.64,0.4552769230769231,0.0,1.095276923076923,4.415757999999999,13.5,0.0,0.0,0.0,3.3204810769230764
2025-11-24 13:00:00,0.24,0.4552769230769231,0.0,0.6952769230769231,3.744548,13.5,0.0,0.0,0.0,3.049271076923077
2025-11-24 14:00:00,0.17,0.0,0.0,0.17,2.778145,13.5,0.0,0.0,0.0,2.608145
2025-11-24 15:00:00,0.16,0.0,0.0,0.16,1.393781,13.5,0.0,0.0,0.0,1.233781
2025-11-24 16:00:00,0.17,0.0,0.0,0.17,0.080376,13.410376,0.0,0.08962400000000001,0.0,0.0
2025-11-24 17:00:00,0.48,0.0,0.0,0.48,0.0,12.930375999999999,0.0,0.48,0.0,0.0
2025-11-24 18:00:00,1.14,0.0,0.0,1.14,0.0,11.790375999999998,0.0,1.14,0.0,0.0
2025-11-24 19:00:00,0.35,0.0,0.0,0.35,0.0,11.440375999999999,0.0,0.35,0.0,0.0
2025-11-24 20:00:00,0.33,0.0,0.0,0.33,0.0,11.110375999999999,0.0,0.33,0.0,0.0
2025-11-24 21:00:00,0.31,0.0,0.0,0.31,0.0,10.800375999999998,0.0,0.31,0.0,0.0
2025-11-24 22:00:00,0.26,0.0,0.0,0.26,0.0,10.540375999999998,0.0,0.26,0.0,0.0
2025-11-24 23:00:00,0.14,0.0,0.0,0.14,0.0,10.400375999999998,0.0,0.14,0.0,0.0
2025-11-25 00:00:00,0.11,0.0,0.0,0.11,0.0,10.290375999999998,0.0,0.11,0.0,0.0
2025-11-25 01:00:00,0.6699999999999999,0.0,0.0,0.6699999999999999,0.0,9.620375999999998,0.0,0.6699999999999999,0.0,0.0
2025-11-25 02:00:00,0.67,0.0,0.0,0.67,0.0,8.950375999999999,0.0,0.67,0.0,0.0
2025-11-25 03:00:00,1.12,0.0,0.0,1.12,0.0,7.8303759999999984,0.0,1.12,0.0,0.0
2025-11-25 04:00:00,0.98,0.0,0.0,0.98,0.0,6.850375999999999,0.0,0.98,0.0,0.0
2025-11-25 05:00:00,0.75,0.0,0.0,0.75,0.0,6.100375999999999,0.0,0.75,0.0,0.0
2025-11-25 06:00:00,1.14,0.0,0.0,1.14,0.0,4.960375999999999,0.0,1.14,0.0,0.0
2025-11-25 07:00:00,1.15,0.0,0.0,1.15,0.01216,3.8225359999999995,0.0,1.13784,0.0,0.0
2025-11-25 08:00:00,0.14,0.0,0.0,0.14,0.26087099999999996,3.9434069999999997,0.12087099999999995,0.0,0.0,0.0
2025-11-25 09:00:00,0.1,0.0,0.0,0.1,0.7391449999999999,4.582552,0.639145,0.0,0.0,0.0
2025-11-25 10:00:00,0.1,0.0,0.0,0.1,1.7348610000000002,6.217413,1.6348610000000001,0.0,0.0,0.0
2025-11-25 11:00:00,0.1,0.6070358974358975,0.0,0.7070358974358975,3.210788,8.721165102564102,2.5037521025641025,0.0,0.0,0.0
2025-11-25 12:00:00,0.1,0.6070358974358975,0.0,0.7070358974358975,1.5720820000000002,9.586211205128205,0.8650461025641027,0.0,0.0,0.0
2025-11-25 13:00:00,0.1,0.6070358974358975,0.0,0.7070358974358975,0.208316,9.087491307692307,0.0,0.49871989743589745,0.0,0.0
2025-11-25 14:00:00,0.1,0.0,0.0,0.1,0.592937,9.580428307692307,0.49293700000000007,0.0,0.0,0.0
2025-11-25 15:00:00,0.1,0.0,0.0,0.1,0.17308,9.653508307692306,0.07308,0.0,0.0,0.0
2025-11-25 16:00:00,0.1,0.0,0.0,0.1,0.09635099999999999,9.649859307692306,0.0,0.0036490000000000133,0.0,0.0
2025-11-25 17:00:00,0.14,0.0,0.0,0.14,0.0,9.509859307692306,0.0,0.14,0.0,0.0
2025-11-25 18:00:00,2.57,0.0,0.0,2.57,0.0,6.939859307692306,0.0,2.57,0.0,0.0
2025-11-25 19:00:00,0.28,0.0,0.0,0.28,0.0,6.659859307692305,0.0,0.28,0.0,0.0
2025-11-25 20:00:00,0.98,0.0,0.0,0.98,0.0,5.679859307692306,0.0,0.98,0.0,0.0
2025-11-25 21:00:00,0.84,0.0,0.0,0.84,0.0,4.839859307692306,0.0,0.84,0.0,0.0
2025-11-25 22:00:00,0.8099999999999999,0.0,0.0,0.8099999999999999,0.0,4.029859307692306,0.0,0.8099999999999999,0.0,0.0
2025-11-25 23:00:00,0.75,0.0,0.0,0.75,0.0,3.2798593076923064,0.0,0.75,0.0,0.0
2025-11-26 00:00:00,1.14,0.0,0.0,1.14,0.0,2.1398593076923067,0.0,1.14,0.0,0.0
2025-11-26 01:00:00,0.57,0.0,0.0,0.57,0.0,1.5698593076923069,0.0,0.57,0.0,0.0
2025-11-26 02:00:00,1.14,0.0,0.0,1.14,0.0,0.42985930769230696,0.0,1.14,0.0,0.0
2025-11-26 03:00:00,1.19,0.0,0.0,1.19,0.0,0.0,0.0,0.42985930769230696,0.760140692307693,0.0
2025-11-26 04:00:00,0.8800000000000001,0.0,0.0,0.8800000000000001,0.0,0.0,0.0,0.0,0.8800000000000001,0.0
2025-11-26 05:00:00,1.03,0.0,0.0,1.03,0.0,0.0,0.0,0.0,1.03,0.0
2025-11-26 06:00:00,1.27,0.0,0.0,1.27,0.0,0.0,0.0,0.0,1.27,0.0
2025-11-26 07:00:00,0.92,0.0,0.0,0.92,0.633575,0.0,0.0,0.0,0.28642500000000004,0.0
2025-11-26 08:00:00,0.99,0.0,0.0,0.99,2.7402800000000003,1.7502800000000003,1.7502800000000003,0.0,0.0,0.0
2025-11-26 09:00:00,0.19,0.0,0.0,0.19,3.8890369999999996,5.449317,3.6990369999999997,0.0,0.0,0.0
2025-11-26 10:00:00,0.14,0.0,0.0,0.14,4.439112,9.748429,4.299112,0.0,0.0,0.0
2025-11-26 11:00:00,0.11,0.6070358974358975,0.0,0.7170358974358975,2.391718,11.423111102564102,1.6746821025641025,0.0,0.0,0.0
2025-11-26 12:00:00,0.13,0.6070358974358975,0.0,0.7370358974358975,2.742168,13.428243205128204,2.0051321025641027,0.0,0.0,0.0
2025-11-26 13:00:00,0.2,0.6070358974358975,1.4357403076923068,2.2427762051282043,2.314533,13.5,0.07175679487179565,0.0,0.0,0.0
2025-11-26 14:00:00,0.16,0.0,1.225133,1.385133,1.385133,13.5,0.0,0.0,0.0,0.0
2025-11-26 15:00:00,1.37,0.0,0.0,1.37,0.549702,12.679702,0.0,0.8202980000000001,0.0,0.0
2025-11-26 16:00:00,1.59,0.0,0.0,1.59,0.0,11.089702,0.0,1.59,0.0,0.0
2025-11-26 17:00:00,2.19,0.0,0.0,2.19,0.0,8.899702000000001,0.0,2.19,0.0,0.0
2025-11-26 18:00:00,0.37,0.0,0.0,0.37,0.0,8.529702000000002,0.0,0.37,0.0,0.0
2025-11-26 19:00:00,0.21,0.0,0.0,0.21,0.0,8.319702000000001,0.0,0.21,0.0,0.0
2025-11-26 20:00:00,0.21,0.0,0.0,0.21,0.0,8.109702,0.0,0.21,0.0,0.0
2025-11-26 21:00:00,0.79,0.0,0.0,0.79,0.0,7.319702,0.0,0.79,0.0,0.0
2025-11-26 22:00:00,1.82,0.0,0.0,1.82,0.0,5.499702,0.0,1.82,0.0,0.0
2025-11-26 23:00:00,1.2,0.0,0.0,1.2,0.0,4.299702,0.0,1.2,0.0,0.0
2025-11-27 00:00:00,1.24,0.0,0.0,1.24,0.0,3.0597019999999997,0.0,1.24,0.0,0.0
2025-11-27 01:00:00,0.8500000000000001,0.0,0.0,0.8500000000000001,0.0,2.2097019999999996,0.0,0.8500000000000001,0.0,0.0
2025-11-27 02:00:00,1.36,0.0,0.0,1.36,0.0,0.8497019999999995,0.0,1.36,0.0,0.0
2025-11-27 03:00:00,1.27,0.0,0.0,1.27,0.0,0.0,0.0,0.8497019999999995,0.4202980000000005,0.0
2025-11-27 04:00:00,1.13,0.0,0.0,1.13,0.0,0.0,0.0,0.0,1.13,0.0
2025-11-27 05:00:00,1.31,0.0,0.0,1.31,0.0,0.0,0.0,0.0,1.31,0.0
2025-11-27 06:00:00,1.47,0.0,0.0,1.47,0.0,0.0,0.0,0.0,1.47,0.0
2025-11-27 07:00:00,1.3199999999999998,0.0,0.0,1.3199999999999998,0.55787,0.0,0.0,0.0,0.7621299999999999,0.0
2025-11-27 08:00:00,1.34,0.0,0.0,1.34,0.160493,0.0,0.0,0.0,1.179507,0.0
2025-11-27 09:00:00,0.25,0.0,0.0,0.25,0.8528819999999999,0.6028819999999999,0.6028819999999999,0.0,0.0,0.0
2025-11-27 10:00:00,0.18,0.0,0.0,0.18,4.915552,5.338434,4.735552,0.0,0.0,0.0
2025-11-27 11:00:00,0.67,0.6070358974358975,0.0,1.2770358974358975,5.121098,9.182496102564102,3.844062102564102,0.0,0.0,0.0
2025-11-27 12:00:00,0.29,0.6070358974358975,0.0,0.8970358974358974,4.871786,13.157246205128205,3.9747501025641028,0.0,0.0,0.0
2025-11-27 13:00:00,0.16,0.6070358974358975,0.0,0.7670358974358975,4.1757290000000005,13.5,0.34275379487179514,0.0,0.0,3.065939307692308
2025-11-27 14:00:00,0.28,0.0,0.0,0.28,3.1018220000000003,13.5,0.0,0.0,0.0,2.821822
2025-11-27 15:00:00,0.23,0.0,0.0,0.23,1.5783589999999998,13.5,0.0,0.0,0.0,1.3483589999999999
2025-11-27 16:00:00,0.7,0.0,0.0,0.7,0.10866500000000001,12.908665,0.0,0.5913349999999999,0.0,0.0
2025-11-27 17:00:00,0.3399999999999999,0.0,0.0,0.3399999999999999,0.0,12.568665,0.0,0.3399999999999999,0.0,0.0
2025-11-27 18:00:00,0.72,0.0,0.0,0.72,0.0,11.848664999999999,0.0,0.72,0.0,0.0
2025-11-27 19:00:00,0.89,0.0,0.0,0.89,0.0,10.958664999999998,0.0,0.89,0.0,0.0
2025-11-27 20:00:00,1.33,0.0,0.0,1.33,0.0,9.628664999999998,0.0,1.33,0.0,0.0
2025-11-27 21:00:00,1.3,0.0,0.0,1.3,0.0,8.328664999999997,0.0,1.3,0.0,0.0
2025-11-27 22:00:00,1.17,0.0,0.0,1.17,0.0,7.158664999999997,0.0,1.17,0.0,0.0
2025-11-27 23:00:00,0.96,0.0,0.0,0.96,0.0,6.198664999999997,0.0,0.96,0.0,0.0
2025-11-28 00:00:00,1.14,0.0,0.0,1.14,0.0,5.058664999999998,0.0,1.14,0.0,0.0
2025-11-28 01:00:00,1.19,0.0,0.0,1.19,0.0,3.868664999999998,0.0,1.19,0.0,0.0
2025-11-28 02:00:00,1.33,0.0,0.0,1.33,0.0,2.5386649999999977,0.0,1.33,0.0,0.0
2025-11-28 03:00:00,1.05,0.0,0.0,1.05,0.0,1.4886649999999977,0.0,1.05,0.0,0.0
2025-11-28 04:00:00,1.27,0.0,0.0,1.27,0.0,0.21866499999999767,0.0,1.27,0.0,0.0
2025-11-28 05:00:00,1.4,0.0,0.0,1.4,0.0,0.0,0.0,0.21866499999999767,1.1813350000000022,0.0
2025-11-28 06:00:00,1.44,0.0,0.0,1.44,0.0,0.0,0.0,0.0,1.44,0.0
2025-11-28 07:00:00,1.2,0.0,0.0,1.2,0.780905,0.0,0.0,0.0,0.419095,0.0
2025-11-28 08:00:00,1.48,0.0,0.0,1.48,3.303381,1.823381,1.823381,0.0,0.0,0.0
2025-11-28 09:00:00,3.27,0.0,0.0,3.27,4.576343,3.1297239999999995,1.3063429999999996,0.0,0.0,0.0
2025-11-28 10:00:00,0.6,0.0,0.0,0.6,5.16579,7.695514,4.565790000000001,0.0,0.0,0.0
2025-11-28 11:00:00,0.85,0.6070358974358975,0.0,1.4570358974358975,5.3154319999999995,11.553910102564103,3.858396102564102,0.0,0.0,0.0
2025-11-28 12:00:00,0.3,0.6070358974358975,2.177683205128206,3.0847191025641036,5.0308090000000005,13.5,1.9460898974358969,0.0,0.0,0.0
2025-11-28 13:00:00,0.15,0.6070358974358975,3.5423541025641034,4.299390000000001,4.299390000000001,13.5,0.0,0.0,0.0,0.0
2025-11-28 14:00:00,0.15,0.0,3.0635540000000003,3.2135540000000002,3.2135540000000002,13.5,0.0,0.0,0.0,0.0
2025-11-28 15:00:00,0.6,0.0,1.0482230000000001,1.6482230000000002,1.648223,13.5,0.0,0.0,0.0,0.0
2025-11-28 16:00:00,0.54,0.0,0.0,0.54,0.11832,13.07832,0.0,0.42168000000000005,0.0,0.0
2025-11-28 17:00:00,0.94,0.0,0.0,0.94,0.0,12.13832,0.0,0.94,0.0,0.0
2025-11-28 18:00:00,1.43,0.0,0.0,1.43,0.0,10.70832,0.0,1.43,0.0,0.0
2025-11-28 19:00:00,0.96,0.0,0.0,0.96,0.0,9.74832,0.0,0.96,0.0,0.0
2025-11-28 20:00:00,0.87,0.0,0.0,0.87,0.0,8.87832,0.0,0.87,0.0,0.0
2025-11-28 21:00:00,0.9,0.0,0.0,0.9,0.0,7.97832,0.0,0.9,0.0,0.0
2025-11-28 22:00:00,0.65,0.0,0.0,0.65,0.0,7.32832,0.0,0.65,0.0,0.0
2025-11-28 23:00:00,1.56,0.0,0.0,1.56,0.0,5.768319999999999,0.0,1.56,0.0,0.0
2025-11-29 00:00:00,1.4,0.0,0.0,1.4,0.0,4.368319999999999,0.0,1.4,0.0,0.0
2025-11-29 01:00:00,1.35,0.0,0.0,1.35,0.0,3.018319999999999,0.0,1.35,0.0,0.0
2025-11-29 02:00:00,1.06,0.0,0.0,1.06,0.0,1.9583199999999987,0.0,1.06,0.0,0.0
2025-11-29 03:00:00,1.53,0.0,0.0,1.53,0.0,0.4283199999999987,0.0,1.53,0.0,0.0
2025-11-29 04:00:00,1.52,0.0,0.0,1.52,0.0,0.0,0.0,0.4283199999999987,1.0916800000000013,0.0
2025-11-29 05:00:00,1.28,0.0,0.0,1.28,0.0,0.0,0.0,0.0,1.28,0.0
2025-11-29 06:00:00,1.27,0.0,0.0,1.27,0.0,0.0,0.0,0.0,1.27,0.0
2025-11-29 07:00:00,1.82,0.0,0.0,1.82,0.760143,0.0,0.0,0.0,1.059857,0.0
2025-11-29 08:00:00,1.96,0.0,0.0,1.96,2.974372,1.0143719999999998,1.0143719999999998,0.0,0.0,0.0
2025-11-29 09:00:00,1.11,0.0,0.0,1.11,4.456344,4.360715999999999,3.3463439999999993,0.0,0.0,0.0
2025-11-29 10:00:00,0.99,0.0,0.0,0.99,5.006153,8.376869,4.016153,0.0,0.0,0.0
2025-11-29 11:00:00,2.22,0.6070358974358975,0.0,2.8270358974358976,5.040687,10.590520102564103,2.2136511025641026,0.0,0.0,0.0
2025-11-29 12:00:00,1.36,0.6070358974358975,0.0,1.9670358974358977,4.736358,13.359842205128205,2.7693221025641024,0.0,0.0,0.0
2025-11-29 13:00:00,2.63,0.6070358974358975,0.22992130769230723,3.4669572051282045,3.607115,13.5,0.14015779487179536,0.0,0.0,0.0
2025-11-29 14:00:00,2.24,0.0,0.0,2.24,1.914997,13.174997,0.0,0.32500300000000015,0.0,0.0
2025-11-29 15:00:00,0.6,0.0,0.0,0.6,0.287215,12.862212,0.0,0.312785,0.0,0.0
2025-11-29 16:00:00,0.53,0.0,0.0,0.53,0.0,12.332212,0.0,0.53,0.0,0.0
2025-11-29 17:00:00,3.12,0.0,0.0,3.12,0.0,9.212212000000001,0.0,3.12,0.0,0.0
2025-11-29 18:00:00,1.45,0.0,0.0,1.45,0.0,7.762212000000001,0.0,1.45,0.0,0.0
2025-11-29 19:00:00,0.63,0.0,0.0,0.63,0.0,7.132212000000001,0.0,0.63,0.0,0.0
2025-11-29 20:00:00,0.66,0.0,0.0,0.66,0.0,6.472212000000001,0.0,0.66,0.0,0.0
2025-11-29 21:00:00,0.74,0.0,0.0,0.74,0.0,5.7322120000000005,0.0,0.74,0.0,0.0
2025-11-29 22:00:00,1.1800000000000002,0.0,0.0,1.1800000000000002,0.0,4.552212000000001,0.0,1.1800000000000002,0.0,0.0
2025-11-29 23:00:00,0.8200000000000001,0.0,0.0,0.8200000000000001,0.0,3.7322120000000005,0.0,0.8200000000000001,0.0,0.0
2025-11-30 00:00:00,1.04,0.0,0.0,1.04,0.0,2.6922120000000005,0.0,1.04,0.0,0.0
2025-11-30 01:00:00,1.1700000000000002,0.0,0.0,1.1700000000000002,0.0,1.5222120000000003,0.0,1.1700000000000002,0.0,0.0
2025-11-30 02:00:00,1.15,0.0,0.0,1.15,0.0,0.37221200000000043,0.0,1.15,0.0,0.0
2025-11-30 03:00:00,1.09,0.0,0.0,1.09,0.0,0.0,0.0,0.37221200000000043,0.7177879999999996,0.0
2025-11-30 04:00:00,1.42,0.0,0.0,1.42,0.0,0.0,0.0,0.0,1.42,0.0
2025-11-30 05:00:00,1.18,0.0,0.0,1.18,0.0,0.0,0.0,0.0,1.18,0.0
2025-11-30 06:00:00,1.16,0.0,0.0,1.16,0.0,0.0,0.0,0.0,1.16,0.0
2025-11-30 07:00:00,1.1800000000000002,0.0,0.0,1.1800000000000002,0.53987,0.0,0.0,0.0,0.6401300000000002,0.0
2025-11-30 08:00:00,2.54,0.0,0.0,2.54,1.4025699999999999,0.0,0.0,0.0,1.1374300000000002,0.0
2025-11-30 09:00:00,1.04,0.0,0.0,1.04,4.070632,3.0306319999999998,3.0306319999999998,0.0,0.0,0.0
2025-11-30 10:00:00,1.52,0.0,0.0,1.52,4.715896,6.226528,3.195896,0.0,0.0,0.0
2025-11-30 11:00:00,1.15,0.6070358974358975,0.0,1.7570358974358973,4.866645,9.336137102564102,3.109609102564103,0.0,0.0,0.0
2025-11-30 12:00:00,0.78,0.6070358974358975,0.0,1.3870358974358976,4.605513,12.554614205128205,3.2184771025641026,0.0,0.0,0.0
2025-11-30 13:00:00,0.53,0.6070358974358975,1.8624063076923072,2.999442205128205,3.944828,13.5,0.945385794871795,0.0,0.0,0.0
2025-11-30 14:00:00,1.26,0.0,1.6600940000000002,2.920094,2.920094,13.5,0.0,0.0,0.0,0.0
2025-11-30 15:00:00,2.8200000000000003,0.0,0.0,2.8200000000000003,1.475773,12.155773,0.0,1.3442270000000003,0.0,0.0
2025-11-30 16:00:00,1.42,0.0,0.0,1.42,0.10148399999999999,10.837257,0.0,1.318516,0.0,0.0
2025-11-30 17:00:00,1.39,0.0,0.0,1.39,0.0,9.447256999999999,0.0,1.39,0.0,0.0
2025-11-30 18:00:00,1.04,0.0,0.0,1.04,0.0,8.407256999999998,0.0,1.04,0.0,0.0
2025-11-30 19:00:00,0.8400000000000001,0.0,0.0,0.8400000000000001,0.0,7.567256999999998,0.0,0.8400000000000001,0.0,0.0
2025-11-30 20:00:00,0.96,0.0,0.0,0.96,0.0,6.607256999999998,0.0,0.96,0.0,0.0
2025-11-30 21:00:00,1.27,0.0,0.0,1.27,0.0,5.3372569999999975,0.0,1.27,0.0,0.0
2025-11-30 22:00:00,0.64,0.0,0.0,0.64,0.0,4.697256999999998,0.0,0.64,0.0,0.0
2025-11-30 23:00:00,1.44,0.0,0.0,1.44,0.0,3.257256999999998,0.0,1.44,0.0,0.0
2025-12-01 00:00:00,1.16,0.0,0.0,1.16,0.0,2.097256999999998,0.0,1.16,0.0,0.0
2025-12-01 01:00:00,1.47,0.0,0.0,1.47,0.0,0.6272569999999982,0.0,1.47,0.0,0.0
2025-12-01 02:00:00,1.23,0.0,0.0,1.23,0.0,0.0,0.0,0.6272569999999982,0.6027430000000018,0.0
2025-12-01 03:00:00,1.31,0.0,0.0,1.31,0.0,0.0,0.0,0.0,1.31,0.0
2025-12-01 04:00:00,1.58,0.0,0.0,1.58,0.0,0.0,0.0,0.0,1.58,0.0
2025-12-01 05:00:00,1.22,0.0,0.0,1.22,0.0,0.0,0.0,0.0,1.22,0.0
2025-12-01 06:00:00,1.67,0.0,0.0,1.67,0.0,0.0,0.0,0.0,1.67,0.0
2025-12-01 07:00:00,1.74,0.0,0.0,1.74,0.604173,0.0,0.0,0.0,1.135827,0.0
2025-12-01 08:00:00,1.03,0.0,0.0,1.03,2.904567,1.874567,1.874567,0.0,0.0,0.0
2025-12-01 09:00:00,1.1,0.0,0.0,1.1,4.076415,4.850982,2.976415,0.0,0.0,0.0
2025-12-01 10:00:00,0.65,0.0,0.0,0.65,4.728886999999999,8.929869,4.078886999999999,0.0,0.0,0.0
2025-12-01 11:00:00,0.15,0.6130461538461539,0.0,0.7630461538461539,4.8591239999999996,13.025946846153847,4.096077846153846,0.0,0.0,0.0
2025-12-01 12:00:00,0.21,0.6130461538461539,0.0,0.8230461538461539,4.603699,13.5,0.4740531538461532,0.0,0.0,3.306599692307693
2025-12-01 13:00:00,0.17,0.6130461538461539,0.0,0.783046153846154,3.943585,13.5,0.0,0.0,0.0,3.1605388461538464
2025-12-01 14:00:00,0.61,0.0,0.0,0.61,2.96776,13.5,0.0,0.0,0.0,2.3577600000000003
2025-12-01 15:00:00,0.54,0.0,0.0,0.54,1.5330789999999999,13.5,0.0,0.0,0.0,0.9930789999999998
2025-12-01 16:00:00,0.5,0.0,0.0,0.5,0.105937,13.105937,0.0,0.394063,0.0,0.0
2025-12-01 17:00:00,2.43,0.0,0.0,2.43,0.0,10.675937000000001,0.0,2.43,0.0,0.0
2025-12-01 18:00:00,1.85,0.0,0.0,1.85,0.0,8.825937000000001,0.0,1.85,0.0,0.0
2025-12-01 19:00:00,1.19,0.0,0.0,1.19,0.0,7.635937000000002,0.0,1.19,0.0,0.0
2025-12-01 20:00:00,1.1800000000000002,0.0,0.0,1.1800000000000002,0.0,6.455937000000002,0.0,1.1800000000000002,0.0,0.0
2025-12-01 21:00:00,1.32,0.0,0.0,1.32,0.0,5.135937000000002,0.0,1.32,0.0,0.0
2025-12-01 22:00:00,1.7,0.0,0.0,1.7,0.0,3.435937000000002,0.0,1.7,0.0,0.0
2025-12-01 23:00:00,1.52,0.0,0.0,1.52,0.0,1.9159370000000018,0.0,1.52,0.0,0.0
2025-12-02 00:00:00,0.8800000000000001,0.0,0.0,0.8800000000000001,0.0,1.0359370000000017,0.0,0.8800000000000001,0.0,0.0
2025-12-02 01:00:00,1.18,0.0,0.0,1.18,0.0,0.0,0.0,1.0359370000000017,0.14406299999999828,0.0
2025-12-02 02:00:00,1.16,0.0,0.0,1.16,0.0,0.0,0.0,0.0,1.16,0.0
2025-12-02 03:00:00,1.37,0.0,0.0,1.37,0.0,0.0,0.0,0.0,1.37,0.0
2025-12-02 04:00:00,1.36,0.0,0.0,1.36,0.0,0.0,0.0,0.0,1.36,0.0
2025-12-02 05:00:00,1.13,0.0,0.0,1.13,0.0,0.0,0.0,0.0,1.13,0.0
2025-12-02 06:00:00,0.99,0.0,0.0,0.99,0.0,0.0,0.0,0.0,0.99,0.0
2025-12-02 07:00:00,1.25,0.0,0.0,1.25,0.6697580000000001,0.0,0.0,0.0,0.5802419999999999,0.0
2025-12-02 08:00:00,0.46,0.0,0.0,0.46,3.1216950000000003,2.6616950000000004,2.6616950000000004,0.0,0.0,0.0
2025-12-02 09:00:00,0.11,0.0,0.0,0.11,4.385852,6.937547,4.2758519999999995,0.0,0.0,0.0
2025-12-02 10:00:00,0.1,0.0,0.0,0.1,4.966477,11.804024000000002,4.866477000000001,0.0,0.0,0.0
2025-12-02 11:00:00,0.15,0.6130461538461539,0.0,0.7630461538461539,5.094047,13.5,1.6959759999999982,0.0,0.0,2.635024846153848
2025-12-02 12:00:00,0.26,0.6130461538461539,0.0,0.8730461538461539,4.798783,13.5,0.0,0.0,0.0,3.925736846153846
2025-12-02 13:00:00,0.25,0.6130461538461539,0.0,0.8630461538461539,4.116505,13.5,0.0,0.0,0.0,3.2534588461538463
2025-12-02 14:00:00,0.15,0.0,0.0,0.15,3.0676819999999996,13.5,0.0,0.0,0.0,2.9176819999999997
2025-12-02 15:00:00,0.18,0.0,0.0,0.18,1.565002,13.5,0.0,0.0,0.0,1.385002
2025-12-02 16:00:00,0.33,0.0,0.0,0.33,0.110121,13.280121,0.0,0.21987900000000002,0.0,0.0
2025-12-02 17:00:00,1.68,0.0,0.0,1.68,0.0,11.600121,0.0,1.68,0.0,0.0
2025-12-02 18:00:00,2.19,0.0,0.0,2.19,0.0,9.410121,0.0,2.19,0.0,0.0
2025-12-02 19:00:00,0.55,0.0,0.0,0.55,0.0,8.860121,0.0,0.55,0.0,0.0
2025-12-02 20:00:00,1.46,0.0,0.0,1.46,0.0,7.4001209999999995,0.0,1.46,0.0,0.0
2025-12-02 21:00:00,0.6399999999999999,0.0,0.0,0.6399999999999999,0.0,6.760121,0.0,0.6399999999999999,0.0,0.0
2025-12-02 22:00:00,0.65,0.0,0.0,0.65,0.0,6.1101209999999995,0.0,0.65,0.0,0.0
2025-12-02 23:00:00,0.58,0.0,0.0,0.58,0.0,5.530120999999999,0.0,0.58,0.0,0.0
2025-12-03 00:00:00,1.24,0.0,0.0,1.24,0.0,4.290120999999999,0.0,1.24,0.0,0.0
2025-12-03 01:00:00,0.61,0.0,0.0,0.61,0.0,3.6801209999999993,0.0,0.61,0.0,0.0
2025-12-03 02:00:00,0.96,0.0,0.0,0.96,0.0,2.7201209999999993,0.0,0.96,0.0,0.0
2025-12-03 03:00:00,1.2,0.0,0.0,1.2,0.0,1.5201209999999994,0.0,1.2,0.0,0.0
2025-12-03 04:00:00,1.3199999999999998,0.0,0.0,1.3199999999999998,0.0,0.20012099999999955,0.0,1.3199999999999998,0.0,0.0
2025-12-03 05:00:00,0.98,0.0,0.0,0.98,0.0,0.0,0.0,0.20012099999999955,0.7798790000000004,0.0
2025-12-03 06:00:00,1.45,0.0,0.0,1.45,0.0,0.0,0.0,0.0,1.45,0.0
2025-12-03 07:00:00,1.27,0.0,0.0,1.27,0.58108,0.0,0.0,0.0,0.68892,0.0
2025-12-03 08:00:00,0.85,0.0,0.0,0.85,2.963652,2.113652,2.113652,0.0,0.0,0.0
2025-12-03 09:00:00,0.2299999999999999,0.0,0.0,0.2299999999999999,4.228322,6.111974,3.9983220000000004,0.0,0.0,0.0
2025-12-03 10:00:00,0.83,0.0,0.0,0.83,4.828873,10.110847,3.9988729999999997,0.0,0.0,0.0
2025-12-03 11:00:00,0.2299999999999999,0.6130461538461539,0.7032948461538453,1.546340999999999,4.935493999999999,13.5,3.3891530000000003,0.0,0.0,0.0
2025-12-03 12:00:00,0.59,0.6130461538461539,3.386642846153846,4.589689,4.589689,13.5,0.0,0.0,0.0,0.0
2025-12-03 13:00:00,0.24,0.6130461538461539,3.0994548461538463,3.9525010000000003,3.9525010000000003,13.5,0.0,0.0,0.0,0.0
2025-12-03 14:00:00,0.2299999999999999,0.0,2.712509,2.942509,2.942509,13.5,0.0,0.0,0.0,0.0
2025-12-03 15:00:00,0.2299999999999999,0.0,1.292613,1.522613,1.522613,13.5,0.0,0.0,0.0,0.0
2025-12-03 16:00:00,0.74,0.0,0.0,0.74,0.106132,12.866132,0.0,0.633868,0.0,0.0
2025-12-03 17:00:00,0.28,0.0,0.0,0.28,0.0,12.586132000000001,0.0,0.28,0.0,0.0
2025-12-03 18:00:00,0.39,0.0,0.0,0.39,0.0,12.196132,0.0,0.39,0.0,0.0
2025-12-03 19:00:00,0.26,0.0,0.0,0.26,0.0,11.936132,0.0,0.26,0.0,0.0
2025-12-03 20:00:00,0.21,0.0,0.0,0.21,0.0,11.726132,0.0,0.21,0.0,0.0
2025-12-03 21:00:00,0.17,0.0,0.0,0.17,0.0,11.556132,0.0,0.17,0.0,0.0
2025-12-03 22:00:00,1.08,0.0,0.0,1.08,0.0,10.476132,0.0,1.08,0.0,0.0
2025-12-03 23:00:00,0.6599999999999999,0.0,0.0,0.6599999999999999,0.0,9.816132,0.0,0.6599999999999999,0.0,0.0
2025-12-04 00:00:00,0.6599999999999999,0.0,0.0,0.6599999999999999,0.0,9.156132,0.0,0.6599999999999999,0.0,0.0
2025-12-04 01:00:00,1.17,0.0,0.0,1.17,0.0,7.986132,0.0,1.17,0.0,0.0
2025-12-04 02:00:00,0.8400000000000001,0.0,0.0,0.8400000000000001,0.0,7.146132,0.0,0.8400000000000001,0.0,0.0
2025-12-04 03:00:00,0.9,0.0,0.0,0.9,0.0,6.246131999999999,0.0,0.9,0.0,0.0
2025-12-04 04:00:00,0.96,0.0,0.0,0.96,0.0,5.286131999999999,0.0,0.96,0.0,0.0
2025-12-04 05:00:00,1.0699999999999998,0.0,0.0,1.0699999999999998,0.0,4.216132,0.0,1.0699999999999998,0.0,0.0
2025-12-04 06:00:00,1.33,0.0,0.0,1.33,0.0,2.886132,0.0,1.33,0.0,0.0
2025-12-04 07:00:00,0.91,0.0,0.0,0.91,0.580101,2.5562329999999998,0.0,0.32989900000000005,0.0,0.0
2025-12-04 08:00:00,0.7,0.0,0.0,0.7,2.94761,4.803843,2.24761,0.0,0.0,0.0
2025-12-04 09:00:00,0.22,0.0,0.0,0.22,4.1965330000000005,8.780376,3.9765330000000003,0.0,0.0,0.0
2025-12-04 10:00:00,0.59,0.0,0.0,0.59,4.825639,13.016015,4.235639,0.0,0.0,0.0
2025-12-04 11:00:00,0.2299999999999999,0.9195692307692308,0.0,1.1495692307692307,4.9319,13.5,0.48398500000000055,0.0,0.0,3.2983457692307683
2025-12-04 12:00:00,0.22,0.9195692307692308,0.0,1.139569230769231,4.6509,13.5,0.0,0.0,0.0,3.511330769230769
2025-12-04 13:00:00,0.2299999999999999,0.9195692307692308,0.0,1.1495692307692307,3.9967020000000004,13.5,0.0,0.0,0.0,2.84713276923077
2025-12-04 14:00:00,0.22,0.0,0.0,0.22,3.017996,13.5,0.0,0.0,0.0,2.797996
2025-12-04 15:00:00,0.22,0.0,0.0,0.22,1.557165,13.5,0.0,0.0,0.0,1.337165
2025-12-04 16:00:00,0.33,0.0,0.0,0.33,0.10792600000000001,13.277926,0.0,0.222074,0.0,0.0
2025-12-04 17:00:00,1.82,0.0,0.0,1.82,0.0,11.457926,0.0,1.82,0.0,0.0
2025-12-04 18:00:00,1.19,0.0,0.0,1.19,0.0,10.267926000000001,0.0,1.19,0.0,0.0
2025-12-04 19:00:00,0.87,0.0,0.0,0.87,0.0,9.397926000000002,0.0,0.87,0.0,0.0
2025-12-04 20:00:00,1.67,0.0,0.0,1.67,0.0,7.727926000000002,0.0,1.67,0.0,0.0
2025-12-04 21:00:00,1.67,0.0,0.0,1.67,0.0,6.057926000000002,0.0,1.67,0.0,0.0
2025-12-04 22:00:00,1.43,0.0,0.0,1.43,0.0,4.627926000000002,0.0,1.43,0.0,0.0
2025-12-04 23:00:00,1.09,0.0,0.0,1.09,0.0,3.5379260000000023,0.0,1.09,0.0,0.0
2025-12-05 00:00:00,0.98,0.0,0.0,0.98,0.0,2.5579260000000024,0.0,0.98,0.0,0.0
2025-12-05 01:00:00,1.21,0.0,0.0,1.21,0.0,1.3479260000000024,0.0,1.21,0.0,0.0
2025-12-05 02:00:00,1.36,0.0,0.0,1.36,0.0,0.0,0.0,1.3479260000000024,0.012073999999997698,0.0
2025-12-05 03:00:00,1.11,0.0,0.0,1.11,0.0,0.0,0.0,0.0,1.11,0.0
2025-12-05 04:00:00,1.13,0.0,0.0,1.13,0.0,0.0,0.0,0.0,1.13,0.0
2025-12-05 05:00:00,1.65,0.0,0.0,1.65,0.0,0.0,0.0,0.0,1.65,0.0
2025-12-05 06:00:00,1.23,0.0,0.0,1.23,0.0,0.0,0.0,0.0,1.23,0.0
2025-12-05 07:00:00,1.19,0.0,0.0,1.19,0.61364,0.0,0.0,0.0,0.57636,0.0
2025-12-05 08:00:00,1.02,0.0,0.0,1.02,3.008299,1.988299,1.988299,0.0,0.0,0.0
2025-12-05 09:00:00,0.87,0.0,0.0,0.87,4.2418819999999995,5.360180999999999,3.3718819999999994,0.0,0.0,0.0
2025-12-05 10:00:00,1.28,0.0,0.0,1.28,4.804348,8.884528999999999,3.524348,0.0,0.0,0.0
2025-12-05 11:00:00,0.66,0.9195692307692308,0.0,1.5795692307692308,4.942742,12.247701769230769,3.3631727692307694,0.0,0.0,0.0
2025-12-05 12:00:00,0.65,0.9195692307692308,1.8465545384615378,3.4161237692307687,4.668422,13.5,1.252298230769231,0.0,0.0,0.0
2025-12-05 13:00:00,0.25,0.9195692307692308,2.843550769230769,4.01312,4.01312,13.5,0.0,0.0,0.0,0.0
2025-12-05 14:00:00,0.16,0.0,2.852063,3.012063,3.012063,13.5,0.0,0.0,0.0,0.0
2025-12-05 15:00:00,0.15,0.0,1.419083,1.569083,1.569083,13.5,0.0,0.0,0.0,0.0
2025-12-05 16:00:00,0.16,0.0,0.0,0.16,0.111708,13.451708,0.0,0.048292,0.0,0.0
2025-12-05 17:00:00,0.29,0.0,0.0,0.29,0.0,13.161708,0.0,0.29,0.0,0.0
2025-12-05 18:00:00,0.31,0.0,0.0,0.31,0.0,12.851708,0.0,0.31,0.0,0.0
2025-12-05 19:00:00,0.3,0.0,0.0,0.3,0.0,12.551708,0.0,0.3,0.0,0.0
2025-12-05 20:00:00,0.92,0.0,0.0,0.92,0.0,11.631708,0.0,0.92,0.0,0.0
2025-12-05 21:00:00,1.02,0.0,0.0,1.02,0.0,10.611708,0.0,1.02,0.0,0.0
2025-12-05 22:00:00,1.03,0.0,0.0,1.03,0.0,9.581708,0.0,1.03,0.0,0.0
2025-12-05 23:00:00,0.66,0.0,0.0,0.66,0.0,8.921708,0.0,0.66,0.0,0.0
2025-12-06 00:00:00,0.43,0.0,0.0,0.43,0.0,8.491708000000001,0.0,0.43,0.0,0.0
2025-12-06 01:00:00,0.63,0.0,0.0,0.63,0.0,7.861708000000001,0.0,0.63,0.0,0.0
2025-12-06 02:00:00,0.62,0.0,0.0,0.62,0.0,7.241708000000001,0.0,0.62,0.0,0.0
2025-12-06 03:00:00,0.92,0.0,0.0,0.92,0.0,6.321708000000001,0.0,0.92,0.0,0.0
2025-12-06 04:00:00,1.3199999999999998,0.0,0.0,1.3199999999999998,0.0,5.001708000000001,0.0,1.3199999999999998,0.0,0.0
2025-12-06 05:00:00,1.41,0.0,0.0,1.41,0.0,3.5917080000000006,0.0,1.41,0.0,0.0
2025-12-06 06:00:00,1.13,0.0,0.0,1.13,0.0,2.4617080000000007,0.0,1.13,0.0,0.0
2025-12-06 07:00:00,1.96,0.0,0.0,1.96,0.518394,1.0201020000000007,0.0,1.441606,0.0,0.0
2025-12-06 08:00:00,1.75,0.0,0.0,1.75,2.88541,2.1555120000000008,1.1354099999999998,0.0,0.0,0.0
2025-12-06 09:00:00,1.44,0.0,0.0,1.44,4.152248999999999,4.867761,2.7122489999999995,0.0,0.0,0.0
2025-12-06 10:00:00,1.15,0.0,0.0,1.15,4.786967,8.504728,3.636967,0.0,0.0,0.0
2025-12-06 11:00:00,0.8500000000000001,0.3678276923076923,0.0,1.2178276923076923,4.878811,12.165711307692307,3.6609833076923075,0.0,0.0,0.0
2025-12-06 12:00:00,0.11,0.3678276923076923,2.7839636153846143,3.261791307692307,4.59608,13.5,1.3342886923076929,0.0,0.0,0.0
2025-12-06 13:00:00,1.28,0.3678276923076923,2.3170443076923073,3.9648719999999997,3.9648719999999997,13.5,0.0,0.0,0.0,0.0
2025-12-06 14:00:00,0.52,0.0,2.445303,2.965303,2.965303,13.5,0.0,0.0,0.0,0.0
2025-12-06 15:00:00,0.63,0.0,0.9116099999999999,1.54161,1.54161,13.5,0.0,0.0,0.0,0.0
2025-12-06 16:00:00,1.09,0.0,0.0,1.09,0.10822,12.51822,0.0,0.9817800000000001,0.0,0.0
2025-12-06 17:00:00,1.34,0.0,0.0,1.34,0.0,11.17822,0.0,1.34,0.0,0.0
2025-12-06 18:00:00,1.11,0.0,0.0,1.11,0.0,10.06822,0.0,1.11,0.0,0.0
2025-12-06 19:00:00,0.73,0.0,0.0,0.73,0.0,9.33822,0.0,0.73,0.0,0.0
2025-12-06 20:00:00,1.05,0.0,0.0,1.05,0.0,8.288219999999999,0.0,1.05,0.0,0.0
2025-12-06 21:00:00,0.66,0.0,0.0,0.66,0.0,7.628219999999999,0.0,0.66,0.0,0.0
2025-12-06 22:00:00,1.42,0.0,0.0,1.42,0.0,6.208219999999999,0.0,1.42,0.0,0.0
2025-12-06 23:00:00,1.27,0.0,0.0,1.27,0.0,4.938219999999999,0.0,1.27,0.0,0.0
2025-12-07 00:00:00,1.55,0.0,0.0,1.55,0.0,3.3882199999999996,0.0,1.55,0.0,0.0
2025-12-07 01:00:00,1.4200000000000002,0.0,0.0,1.4200000000000002,0.0,1.9682199999999994,0.0,1.4200000000000002,0.0,0.0
2025-12-07 02:00:00,1.45,0.0,0.0,1.45,0.0,0.5182199999999995,0.0,1.45,0.0,0.0
2025-12-07 03:00:00,1.66,0.0,0.0,1.66,0.0,0.0,0.0,0.5182199999999995,1.1417800000000005,0.0
2025-12-07 04:00:00,1.33,0.0,0.0,1.33,0.0,0.0,0.0,0.0,1.33,0.0
2025-12-07 05:00:00,1.49,0.0,0.0,1.49,0.0,0.0,0.0,0.0,1.49,0.0
2025-12-07 06:00:00,1.54,0.0,0.0,1.54,0.0,0.0,0.0,0.0,1.54,0.0
2025-12-07 07:00:00,1.72,0.0,0.0,1.72,0.425964,0.0,0.0,0.0,1.294036,0.0
2025-12-07 08:00:00,2.18,0.0,0.0,2.18,2.890746,0.7107459999999999,0.7107459999999999,0.0,0.0,0.0
2025-12-07 09:00:00,1.93,0.0,0.0,1.93,4.1854260000000005,2.9661720000000007,2.255426000000001,0.0,0.0,0.0
2025-12-07 10:00:00,0.98,0.0,0.0,0.98,4.81663,6.802802000000001,3.83663,0.0,0.0,0.0
2025-12-07 11:00:00,0.64,0.3678276923076923,0.0,1.0078276923076923,4.864439999999999,10.659414307692307,3.856612307692307,0.0,0.0,0.0
2025-12-07 12:00:00,0.18,0.3678276923076923,1.1798876153846152,1.7277153076923075,4.568301,13.5,2.840585692307693,0.0,0.0,0.0
2025-12-07 13:00:00,0.18,0.3678276923076923,3.4142883076923076,3.962116,3.962116,13.5,0.0,0.0,0.0,0.0
2025-12-07 14:00:00,0.63,0.0,2.3390940000000002,2.969094,2.969094,13.5,0.0,0.0,0.0,0.0
2025-12-07 15:00:00,0.97,0.0,0.571135,1.541135,1.541135,13.5,0.0,0.0,0.0,0.0
2025-12-07 16:00:00,1.13,0.0,0.0,1.13,0.107904,12.477904,0.0,1.022096,0.0,0.0
2025-12-07 17:00:00,1.22,0.0,0.0,1.22,0.0,11.257904,0.0,1.22,0.0,0.0
2025-12-07 18:00:00,1.2,0.0,0.0,1.2,0.0,10.057904,0.0,1.2,0.0,0.0
2025-12-07 19:00:00,1.02,0.0,0.0,1.02,0.0,9.037904000000001,0.0,1.02,0.0,0.0
2025-12-07 20:00:00,0.65,0.0,0.0,0.65,0.0,8.387904,0.0,0.65,0.0,0.0
2025-12-07 21:00:00,1.54,0.0,0.0,1.54,0.0,6.847904000000001,0.0,1.54,0.0,0.0
2025-12-07 22:00:00,1.95,0.0,0.0,1.95,0.0,4.8979040000000005,0.0,1.95,0.0,0.0
2025-12-07 23:00:00,1.87,0.0,0.0,1.87,0.0,3.0279040000000004,0.0,1.87,0.0,0.0
2025-12-08 00:00:00,1.38,0.0,0.0,1.38,0.0,1.6479040000000005,0.0,1.38,0.0,0.0
2025-12-08 01:00:00,1.42,0.0,0.0,1.42,0.0,0.22790400000000055,0.0,1.42,0.0,0.0
2025-12-08 02:00:00,1.76,0.0,0.0,1.76,0.0,0.0,0.0,0.22790400000000055,1.5320959999999995,0.0
2025-12-08 03:00:00,1.5299999999999998,0.0,0.0,1.5299999999999998,0.0,0.0,0.0,0.0,1.5299999999999998,0.0
2025-12-08 04:00:00,1.43,0.0,0.0,1.43,0.0,0.0,0.0,0.0,1.43,0.0
2025-12-08 05:00:00,1.34,0.0,0.0,1.34,0.0,0.0,0.0,0.0,1.34,0.0
2025-12-08 06:00:00,1.58,0.0,0.0,1.58,0.0,0.0,0.0,0.0,1.58,0.0
2025-12-08 07:00:00,1.38,0.0,0.0,1.38,0.0,0.0,0.0,0.0,1.38,0.0
2025-12-08 08:00:00,1.76,0.0,0.0,1.76,0.37375400000000003,0.0,0.0,0.0,1.3862459999999999,0.0
2025-12-08 09:00:00,0.81,0.0,0.0,0.81,0.387364,0.0,0.0,0.0,0.42263600000000007,0.0
2025-12-08 10:00:00,0.39,0.0,0.0,0.39,2.7494810000000003,2.359481,2.359481,0.0,0.0,0.0
2025-12-08 11:00:00,0.52,0.3678276923076923,0.0,0.8878276923076923,1.522,2.9936533076923078,0.6341723076923077,0.0,0.0,0.0
2025-12-08 12:00:00,0.2299999999999999,0.3678276923076923,0.0,0.5978276923076922,0.929215,3.3250406153846157,0.33138730769230784,0.0,0.0,0.0
2025-12-08 13:00:00,0.22,0.3678276923076923,0.0,0.5878276923076923,0.136289,2.8735019230769234,0.0,0.4515386923076923,0.0,0.0
2025-12-08 14:00:00,0.6599999999999999,0.0,0.0,0.6599999999999999,0.350322,2.5638239230769235,0.0,0.3096779999999999,0.0,0.0
2025-12-08 15:00:00,0.5800000000000001,0.0,0.0,0.5800000000000001,0.110893,2.0947169230769234,0.0,0.46910700000000005,0.0,0.0
2025-12-08 16:00:00,0.93,0.0,0.0,0.93,0.0,1.1647169230769232,0.0,0.93,0.0,0.0
2025-12-08 17:00:00,1.04,0.0,0.0,1.04,0.0,0.12471692307692317,0.0,1.04,0.0,0.0
2025-12-08 18:00:00,1.39,0.0,0.0,1.39,0.0,0.0,0.0,0.12471692307692317,1.2652830769230767,0.0
2025-12-08 19:00:00,1.1,0.0,0.0,1.1,0.0,0.0,0.0,0.0,1.1,0.0
2025-12-08 20:00:00,1.37,0.0,0.0,1.37,0.0,0.0,0.0,0.0,1.37,0.0
2025-12-08 21:00:00,1.29,0.0,0.0,1.29,0.0,0.0,0.0,0.0,1.29,0.0
2025-12-08 22:00:00,1.37,0.0,0.0,1.37,0.0,0.0,0.0,0.0,1.37,0.0
2025-12-08 23:00:00,1.13,0.0,0.0,1.13,0.0,0.0,0.0,0.0,1.13,0.0
2025-12-09 00:00:00,1.39,0.0,0.0,1.39,0.0,0.0,0.0,0.0,1.39,0.0
2025-12-09 01:00:00,1.33,0.0,0.0,1.33,0.0,0.0,0.0,0.0,1.33,0.0
2025-12-09 02:00:00,1.54,0.0,0.0,1.54,0.0,0.0,0.0,0.0,1.54,0.0
2025-12-09 03:00:00,1.55,0.0,0.0,1.55,0.0,0.0,0.0,0.0,1.55,0.0
2025-12-09 04:00:00,1.69,0.0,0.0,1.69,0.0,0.0,0.0,0.0,1.69,0.0
2025-12-09 05:00:00,1.33,0.0,0.0,1.33,0.0,0.0,0.0,0.0,1.33,0.0
2025-12-09 06:00:00,2.08,0.0,0.0,2.08,0.0,0.0,0.0,0.0,2.08,0.0
2025-12-09 07:00:00,1.4,0.0,0.0,1.4,0.109212,0.0,0.0,0.0,1.2907879999999998,0.0
2025-12-09 08:00:00,0.98,0.0,0.0,0.98,0.430618,0.0,0.0,0.0,0.549382,0.0
2025-12-09 09:00:00,0.6400000000000001,0.0,0.0,0.6400000000000001,3.742036,3.102036,3.102036,0.0,0.0,0.0
2025-12-09 10:00:00,0.27,0.0,0.0,0.27,0.095316,2.927352,0.0,0.174684,0.0,0.0
2025-12-09 11:00:00,0.12,0.3678276923076923,0.0,0.4878276923076923,0.059584000000000005,2.4991083076923077,0.0,0.42824369230769227,0.0,0.0
2025-12-09 12:00:00,0.12,0.3678276923076923,0.0,0.4878276923076923,4.560474,6.571754615384616,4.072646307692308,0.0,0.0,0.0
2025-12-09 13:00:00,0.4499999999999999,0.3678276923076923,0.0,0.8178276923076921,1.2760070000000001,7.029933923076923,0.45817930769230797,0.0,0.0,0.0
2025-12-09 14:00:00,0.62,0.0,0.0,0.62,1.036103,7.446036923076923,0.416103,0.0,0.0,0.0
2025-12-09 15:00:00,0.51,0.0,0.0,0.51,0.0056689999999999996,6.941705923076923,0.0,0.504331,0.0,0.0
2025-12-09 16:00:00,1.12,0.0,0.0,1.12,0.0,5.821705923076923,0.0,1.12,0.0,0.0
2025-12-09 17:00:00,3.6,0.0,0.0,3.6,0.0,2.221705923076923,0.0,3.6,0.0,0.0
2025-12-09 18:00:00,1.41,0.0,0.0,1.41,0.0,0.811705923076923,0.0,1.41,0.0,0.0
2025-12-09 19:00:00,1.17,0.0,0.0,1.17,0.0,0.0,0.0,0.811705923076923,0.3582940769230769,0.0
2025-12-09 20:00:00,1.33,0.0,0.0,1.33,0.0,0.0,0.0,0.0,1.33,0.0
2025-12-09 21:00:00,1.14,0.0,0.0,1.14,0.0,0.0,0.0,0.0,1.14,0.0
2025-12-09 22:00:00,0.74,0.0,0.0,0.74,0.0,0.0,0.0,0.0,0.74,0.0
2025-12-09 23:00:00,0.99,0.0,0.0,0.99,0.0,0.0,0.0,0.0,0.99,0.0
2025-12-10 00:00:00,0.95,0.0,0.0,0.95,0.0,0.0,0.0,0.0,0.95,0.0
2025-12-10 01:00:00,1.65,0.0,0.0,1.65,0.0,0.0,0.0,0.0,1.65,0.0
2025-12-10 02:00:00,0.96,0.0,0.0,0.96,0.0,0.0,0.0,0.0,0.96,0.0
2025-12-10 03:00:00,1.5099999999999998,0.0,0.0,1.5099999999999998,0.0,0.0,0.0,0.0,1.5099999999999998,0.0
2025-12-10 04:00:00,1.28,0.0,0.0,1.28,0.0,0.0,0.0,0.0,1.28,0.0
2025-12-10 05:00:00,1.35,0.0,0.0,1.35,0.0,0.0,0.0,0.0,1.35,0.0
2025-12-10 06:00:00,1.63,0.0,0.0,1.63,0.0,0.0,0.0,0.0,1.63,0.0
2025-12-10 07:00:00,1.76,0.0,0.0,1.76,0.0,0.0,0.0,0.0,1.76,0.0
2025-12-10 08:00:00,0.6900000000000001,0.0,0.0,0.6900000000000001,0.0,0.0,0.0,0.0,0.6900000000000001,0.0
2025-12-10 09:00:00,0.43,0.0,0.0,0.43,0.087195,0.0,0.0,0.0,0.342805,0.0
2025-12-10 10:00:00,0.39,0.0,0.0,0.39,4.096181,3.7061809999999995,3.7061809999999995,0.0,0.0,0.0
2025-12-10 11:00:00,0.2299999999999999,0.3678276923076923,0.0,0.5978276923076922,4.448758,7.557111307692307,3.8509303076923076,0.0,0.0,0.0
2025-12-10 12:00:00,0.24,0.3678276923076923,0.0,0.6078276923076923,3.0561260000000003,10.005409615384615,2.448298307692308,0.0,0.0,0.0
2025-12-10 13:00:00,0.2299999999999999,0.3678276923076923,0.0,0.5978276923076922,3.15772,12.565301923076923,2.5598923076923077,0.0,0.0,0.0
2025-12-10 14:00:00,0.67,0.0,0.3773699230769232,1.0473699230769231,1.982068,13.5,0.9346980769230768,0.0,0.0,0.0
2025-12-10 15:00:00,0.2299999999999999,0.0,1.004243,1.234243,1.234243,13.5,0.0,0.0,0.0,0.0
2025-12-10 16:00:00,0.69,0.0,0.0,0.69,0.04332,12.85332,0.0,0.6466799999999999,0.0,0.0
2025-12-10 17:00:00,2.66,0.0,0.0,2.66,0.0,10.19332,0.0,2.66,0.0,0.0
2025-12-10 18:00:00,1.92,0.0,0.0,1.92,0.0,8.27332,0.0,1.92,0.0,0.0
2025-12-10 19:00:00,1.53,0.0,0.0,1.53,0.0,6.74332,0.0,1.53,0.0,0.0
2025-12-10 20:00:00,1.41,0.0,0.0,1.41,0.0,5.33332,0.0,1.41,0.0,0.0
2025-12-10 21:00:00,1.18,0.0,0.0,1.18,0.0,4.15332,0.0,1.18,0.0,0.0
2025-12-10 22:00:00,1.16,0.0,0.0,1.16,0.0,2.9933199999999998,0.0,1.16,0.0,0.0
2025-12-10 23:00:00,1.04,0.0,0.0,1.04,0.0,1.9533199999999997,0.0,1.04,0.0,0.0
2025-12-11 00:00:00,1.2200000000000002,0.0,0.0,1.2200000000000002,0.0,0.7333199999999995,0.0,1.2200000000000002,0.0,0.0
2025-12-11 01:00:00,1.54,0.0,0.0,1.54,0.0,0.0,0.0,0.7333199999999995,0.8066800000000005,0.0
2025-12-11 02:00:00,1.12,0.0,0.0,1.12,0.0,0.0,0.0,0.0,1.12,0.0
2025-12-11 03:00:00,1.76,0.0,0.0,1.76,0.0,0.0,0.0,0.0,1.76,0.0
2025-12-11 04:00:00,1.2,0.0,0.0,1.2,0.0,0.0,0.0,0.0,1.2,0.0
2025-12-11 05:00:00,1.67,0.0,0.0,1.67,0.0,0.0,0.0,0.0,1.67,0.0
2025-12-11 06:00:00,1.39,0.0,0.0,1.39,0.0,0.0,0.0,0.0,1.39,0.0
2025-12-11 07:00:00,1.9,0.0,0.0,1.9,0.0,0.0,0.0,0.0,1.9,0.0
2025-12-11 08:00:00,1.52,0.0,0.0,1.52,0.020899,0.0,0.0,0.0,1.499101,0.0
2025-12-11 09:00:00,0.2299999999999999,0.0,0.0,0.2299999999999999,0.305257,0.0752570000000001,0.0752570000000001,0.0,0.0,0.0
2025-12-11 10:00:00,0.59,0.0,0.0,0.59,2.7977109999999996,2.282968,2.2077109999999998,0.0,0.0,0.0
2025-12-11 11:00:00,0.52,0.2344,0.0,0.7544,0.643509,2.172077,0.0,0.11089099999999996,0.0,0.0
2025-12-11 12:00:00,0.2299999999999999,0.2344,0.0,0.4643999999999999,0.43277,2.140447,0.0,0.031629999999999936,0.0,0.0
2025-12-11 13:00:00,0.22,0.2344,0.0,0.4544,1.77659,3.462637,1.32219,0.0,0.0,0.0
2025-12-11 14:00:00,0.59,0.0,0.0,0.59,0.040422,2.913059,0.0,0.549578,0.0,0.0
2025-12-11 15:00:00,0.27,0.0,0.0,0.27,0.7683730000000001,3.411432,0.49837300000000007,0.0,0.0,0.0
2025-12-11 16:00:00,1.09,0.0,0.0,1.09,0.018268999999999997,2.339701,0.0,1.071731,0.0,0.0
2025-12-11 17:00:00,2.21,0.0,0.0,2.21,0.0,0.12970099999999984,0.0,2.21,0.0,0.0
2025-12-11 18:00:00,2.86,0.0,0.0,2.86,0.0,0.0,0.0,0.12970099999999984,2.730299,0.0
2025-12-11 19:00:00,0.91,0.0,0.0,0.91,0.0,0.0,0.0,0.0,0.91,0.0
2025-12-11 20:00:00,0.98,0.0,0.0,0.98,0.0,0.0,0.0,0.0,0.98,0.0
2025-12-11 21:00:00,1.58,0.0,0.0,1.58,0.0,0.0,0.0,0.0,1.58,0.0
2025-12-11 22:00:00,1.45,0.0,0.0,1.45,0.0,0.0,0.0,0.0,1.45,0.0
2025-12-11 23:00:00,1.49,0.0,0.0,1.49,0.0,0.0,0.0,0.0,1.49,0.0
2025-12-12 00:00:00,1.1,0.0,0.0,1.1,0.0,0.0,0.0,0.0,1.1,0.0
2025-12-12 01:00:00,1.25,0.0,0.0,1.25,0.0,0.0,0.0,0.0,1.25,0.0
2025-12-12 02:00:00,1.52,0.0,0.0,1.52,0.0,0.0,0.0,0.0,1.52,0.0
2025-12-12 03:00:00,1.7599999999999998,0.0,0.0,1.7599999999999998,0.0,0.0,0.0,0.0,1.7599999999999998,0.0
2025-12-12 04:00:00,0.9,0.0,0.0,0.9,0.0,0.0,0.0,0.0,0.9,0.0
2025-12-12 05:00:00,1.38,0.0,0.0,1.38,0.0,0.0,0.0,0.0,1.38,0.0
2025-12-12 06:00:00,1.41,0.0,0.0,1.41,0.0,0.0,0.0,0.0,1.41,0.0
2025-12-12 07:00:00,1.45,0.0,0.0,1.45,0.0,0.0,0.0,0.0,1.45,0.0
2025-12-12 08:00:00,0.69,0.0,0.0,0.69,0.0,0.0,0.0,0.0,0.69,0.0
2025-12-12 09:00:00,0.63,0.0,0.0,0.63,0.11177200000000001,0.0,0.0,0.0,0.518228,0.0
2025-12-12 10:00:00,0.25,0.0,0.0,0.25,0.345568,0.09556799999999999,0.09556799999999999,0.0,0.0,0.0
2025-12-12 11:00:00,0.25,0.2344,0.0,0.4844,0.458077,0.069245,0.0,0.026322999999999985,0.0,0.0
2025-12-12 12:00:00,0.25,0.2344,0.0,0.4844,0.704055,0.2889,0.219655,0.0,0.0,0.0
2025-12-12 13:00:00,0.24,0.2344,0.0,0.4744,0.059329,0.0,0.0,0.2889,0.12617099999999998,0.0
2025-12-12 14:00:00,0.67,0.0,0.0,0.67,0.172107,0.0,0.0,0.0,0.49789300000000003,0.0
2025-12-12 15:00:00,0.71,0.0,0.0,0.71,0.208421,0.0,0.0,0.0,0.501579,0.0
2025-12-12 16:00:00,1.95,0.0,0.0,1.95,0.08138,0.0,0.0,0.0,1.86862,0.0
2025-12-12 17:00:00,0.5,0.0,0.0,0.5,0.0,0.0,0.0,0.0,0.5,0.0
2025-12-12 18:00:00,2.38,0.0,0.0,2.38,0.0,0.0,0.0,0.0,2.38,0.0
2025-12-12 19:00:00,1.51,0.0,0.0,1.51,0.0,0.0,0.0,0.0,1.51,0.0
2025-12-12 20:00:00,2.53,0.0,0.0,2.53,0.0,0.0,0.0,0.0,2.53,0.0
2025-12-12 21:00:00,3.78,0.0,0.0,3.78,0.0,0.0,0.0,0.0,3.78,0.0
2025-12-12 22:00:00,1.49,0.0,0.0,1.49,0.0,0.0,0.0,0.0,1.49,0.0
2025-12-12 23:00:00,1.4300000000000002,0.0,0.0,1.4300000000000002,0.0,0.0,0.0,0.0,1.4300000000000002,0.0
2025-12-13 00:00:00,2.01,0.0,0.0,2.01,0.0,0.0,0.0,0.0,2.01,0.0
2025-12-13 01:00:00,1.79,0.0,0.0,1.79,0.0,0.0,0.0,0.0,1.79,0.0
2025-12-13 02:00:00,1.58,0.0,0.0,1.58,0.0,0.0,0.0,0.0,1.58,0.0
2025-12-13 03:00:00,1.93,0.0,0.0,1.93,0.0,0.0,0.0,0.0,1.93,0.0
2025-12-13 04:00:00,1.74,0.0,0.0,1.74,0.0,0.0,0.0,0.0,1.74,0.0
2025-12-13 05:00:00,1.72,0.0,0.0,1.72,0.0,0.0,0.0,0.0,1.72,0.0
2025-12-13 06:00:00,1.48,0.0,0.0,1.48,0.0,0.0,0.0,0.0,1.48,0.0
2025-12-13 07:00:00,1.61,0.0,0.0,1.61,0.0,0.0,0.0,0.0,1.61,0.0
2025-12-13 08:00:00,1.28,0.0,0.0,1.28,0.005288,0.0,0.0,0.0,1.274712,0.0
2025-12-13 09:00:00,0.54,0.0,0.0,0.54,0.106526,0.0,0.0,0.0,0.433474,0.0
2025-12-13 10:00:00,0.6,0.0,0.0,0.6,0.302815,0.0,0.0,0.0,0.297185,0.0
2025-12-13 11:00:00,0.59,0.2344,0.0,0.8244,0.731635,0.0,0.0,0.0,0.09276499999999999,0.0
2025-12-13 12:00:00,0.43,0.2344,0.0,0.6644,0.32472199999999996,0.0,0.0,0.0,0.33967800000000004,0.0
2025-12-13 13:00:00,0.28,0.2344,0.0,0.5144,0.854734,0.340334,0.340334,0.0,0.0,0.0
2025-12-13 14:00:00,0.7,0.0,0.0,0.7,0.115452,0.0,0.0,0.340334,0.24421399999999993,0.0
2025-12-13 15:00:00,0.8,0.0,0.0,0.8,0.010111,0.0,0.0,0.0,0.7898890000000001,0.0
2025-12-13 16:00:00,1.53,0.0,0.0,1.53,0.0,0.0,0.0,0.0,1.53,0.0
2025-12-13 17:00:00,1.37,0.0,0.0,1.37,0.0,0.0,0.0,0.0,1.37,0.0
2025-12-13 18:00:00,1.24,0.0,0.0,1.24,0.0,0.0,0.0,0.0,1.24,0.0
2025-12-13 19:00:00,0.96,0.0,0.0,0.96,0.0,0.0,0.0,0.0,0.96,0.0
2025-12-13 20:00:00,1.32,0.0,0.0,1.32,0.0,0.0,0.0,0.0,1.32,0.0
2025-12-13 21:00:00,0.81,0.0,0.0,0.81,0.0,0.0,0.0,0.0,0.81,0.0
2025-12-13 22:00:00,0.8600000000000001,0.0,0.0,0.8600000000000001,0.0,0.0,0.0,0.0,0.8600000000000001,0.0
2025-12-13 23:00:00,0.28,0.0,0.0,0.28,0.0,0.0,0.0,0.0,0.28,0.0
2025-12-14 00:00:00,0.97,0.0,0.0,0.97,0.0,0.0,0.0,0.0,0.97,0.0
2025-12-14 01:00:00,0.99,0.0,0.0,0.99,0.0,0.0,0.0,0.0,0.99,0.0
2025-12-14 02:00:00,0.97,0.0,0.0,0.97,0.0,0.0,0.0,0.0,0.97,0.0
2025-12-14 03:00:00,0.78,0.0,0.0,0.78,0.0,0.0,0.0,0.0,0.78,0.0
2025-12-14 04:00:00,0.98,0.0,0.0,0.98,0.0,0.0,0.0,0.0,0.98,0.0
2025-12-14 05:00:00,1.27,0.0,0.0,1.27,0.0,0.0,0.0,0.0,1.27,0.0
2025-12-14 06:00:00,1.48,0.0,0.0,1.48,0.0,0.0,0.0,0.0,1.48,0.0
2025-12-14 07:00:00,1.05,0.0,0.0,1.05,0.0,0.0,0.0,0.0,1.05,0.0
2025-12-14 08:00:00,1.14,0.0,0.0,1.14,0.0,0.0,0.0,0.0,1.14,0.0
2025-12-14 09:00:00,2.2,0.0,0.0,2.2,0.015339,0.0,0.0,0.0,2.184661,0.0
2025-12-14 10:00:00,1.37,0.0,0.0,1.37,0.26609,0.0,0.0,0.0,1.1039100000000002,0.0
2025-12-14 11:00:00,1.0799999999999998,0.2344,0.0,1.3143999999999998,0.7198060000000001,0.0,0.0,0.0,0.5945939999999997,0.0
2025-12-14 12:00:00,0.56,0.2344,0.0,0.7944,1.084951,0.290551,0.290551,0.0,0.0,0.0
2025-12-14 13:00:00,0.15,0.2344,0.0,0.38439999999999996,0.3807,0.286851,0.0,0.003699999999999981,0.0,0.0
2025-12-14 14:00:00,0.98,0.0,0.0,0.98,0.500869,0.0,0.0,0.286851,0.19227999999999995,0.0
2025-12-14 15:00:00,1.3299999999999998,0.0,0.0,1.3299999999999998,0.475171,0.0,0.0,0.0,0.8548289999999998,0.0
2025-12-14 16:00:00,1.22,0.0,0.0,1.22,0.011481,0.0,0.0,0.0,1.208519,0.0
2025-12-14 17:00:00,3.7,0.0,0.0,3.7,0.0,0.0,0.0,0.0,3.7,0.0
2025-12-14 18:00:00,2.03,0.0,0.0,2.03,0.0,0.0,0.0,0.0,2.03,0.0
2025-12-14 19:00:00,1.16,0.0,0.0,1.16,0.0,0.0,0.0,0.0,1.16,0.0
2025-12-14 20:00:00,1.57,0.0,0.0,1.57,0.0,0.0,0.0,0.0,1.57,0.0
2025-12-14 21:00:00,0.78,0.0,0.0,0.78,0.0,0.0,0.0,0.0,0.78,0.0
2025-12-14 22:00:00,1.16,0.0,0.0,1.16,0.0,0.0,0.0,0.0,1.16,0.0
2025-12-14 23:00:00,1.77,0.0,0.0,1.77,0.0,0.0,0.0,0.0,1.77,0.0
2025-12-15 00:00:00,1.89,0.0,0.0,1.89,0.0,0.0,0.0,0.0,1.89,0.0
2025-12-15 01:00:00,1.3,0.0,0.0,1.3,0.0,0.0,0.0,0.0,1.3,0.0
2025-12-15 02:00:00,1.67,0.0,0.0,1.67,0.0,0.0,0.0,0.0,1.67,0.0
2025-12-15 03:00:00,1.63,0.0,0.0,1.63,0.0,0.0,0.0,0.0,1.63,0.0
2025-12-15 04:00:00,1.4700000000000002,0.0,0.0,1.4700000000000002,0.0,0.0,0.0,0.0,1.4700000000000002,0.0
2025-12-15 05:00:00,2.05,0.0,0.0,2.05,0.0,0.0,0.0,0.0,2.05,0.0
2025-12-15 06:00:00,1.33,0.0,0.0,1.33,0.0,0.0,0.0,0.0,1.33,0.0
2025-12-15 07:00:00,1.8,0.0,0.0,1.8,0.0,0.0,0.0,0.0,1.8,0.0
2025-12-15 08:00:00,1.71,0.0,0.0,1.71,1.069661,0.0,0.0,0.0,0.640339,0.0
2025-12-15 09:00:00,1.16,0.0,0.0,1.16,3.4105700000000003,2.2505700000000006,2.2505700000000006,0.0,0.0,0.0
2025-12-15 10:00:00,0.56,0.0,0.0,0.56,4.560233,6.250803,4.000233,0.0,0.0,0.0
2025-12-15 11:00:00,0.5599999999999999,0.2344,0.0,0.7944,4.011736,9.468139,3.217336,0.0,0.0,0.0
2025-12-15 12:00:00,0.1,0.2344,0.0,0.33440000000000003,3.0530500000000003,12.186789000000001,2.7186500000000002,0.0,0.0,0.0
2025-12-15 13:00:00,0.53,0.2344,0.0,0.7644,2.504009,13.5,1.313210999999999,0.0,0.0,0.42639800000000094
2025-12-15 14:00:00,0.11,0.0,0.0,0.11,2.1490169999999997,13.5,0.0,0.0,0.0,2.039017
2025-12-15 15:00:00,0.89,0.0,0.0,0.89,0.8224389999999999,13.432439,0.0,0.0675610000000001,0.0,0.0
2025-12-15 16:00:00,0.11,0.0,0.0,0.11,0.032984,13.355423,0.0,0.077016,0.0,0.0
2025-12-15 17:00:00,0.8200000000000001,0.0,0.0,0.8200000000000001,0.0,12.535423,0.0,0.8200000000000001,0.0,0.0
2025-12-15 18:00:00,1.33,0.0,0.0,1.33,0.0,11.205423,0.0,1.33,0.0,0.0
2025-12-15 19:00:00,0.63,0.0,0.0,0.63,0.0,10.575422999999999,0.0,0.63,0.0,0.0
2025-12-15 20:00:00,1.3,0.0,0.0,1.3,0.0,9.275422999999998,0.0,1.3,0.0,0.0
2025-12-15 21:00:00,1.12,0.0,0.0,1.12,0.0,8.155422999999999,0.0,1.12,0.0,0.0
2025-12-15 22:00:00,1.11,0.0,0.0,1.11,0.0,7.045422999999999,0.0,1.11,0.0,0.0
2025-12-15 23:00:00,1.19,0.0,0.0,1.19,0.0,5.855422999999998,0.0,1.19,0.0,0.0
2025-12-16 00:00:00,0.78,0.0,0.0,0.78,0.0,5.075422999999998,0.0,0.78,0.0,0.0
2025-12-16 01:00:00,1.52,0.0,0.0,1.52,0.0,3.555422999999998,0.0,1.52,0.0,0.0
2025-12-16 02:00:00,1.06,0.0,0.0,1.06,0.0,2.495422999999998,0.0,1.06,0.0,0.0
2025-12-16 03:00:00,0.6699999999999999,0.0,0.0,0.6699999999999999,0.0,1.825422999999998,0.0,0.6699999999999999,0.0,0.0
2025-12-16 04:00:00,1.28,0.0,0.0,1.28,0.0,0.545422999999998,0.0,1.28,0.0,0.0
2025-12-16 05:00:00,1.02,0.0,0.0,1.02,0.0,0.0,0.0,0.545422999999998,0.474577000000002,0.0
2025-12-16 06:00:00,1.47,0.0,0.0,1.47,0.0,0.0,0.0,0.0,1.47,0.0
2025-12-16 07:00:00,1.41,0.0,0.0,1.41,0.0,0.0,0.0,0.0,1.41,0.0
2025-12-16 08:00:00,1.26,0.0,0.0,1.26,0.531273,0.0,0.0,0.0,0.728727,0.0
2025-12-16 09:00:00,0.94,0.0,0.0,0.94,0.0,0.0,0.0,0.0,0.94,0.0
2025-12-16 10:00:00,0.24,0.0,0.0,0.24,3.336558,3.096558,3.096558,0.0,0.0,0.0
2025-12-16 11:00:00,0.2299999999999999,0.2344,0.0,0.4643999999999999,2.006519,4.6386769999999995,1.542119,0.0,0.0,0.0
2025-12-16 12:00:00,0.24,0.2344,0.0,0.4744,2.611087,6.775364,2.136687,0.0,0.0,0.0
2025-12-16 13:00:00,0.24,0.2344,0.0,0.4744,1.9326050000000001,8.233569,1.4582050000000002,0.0,0.0,0.0
2025-12-16 14:00:00,0.25,0.0,0.0,0.25,0.632728,8.616297,0.38272799999999996,0.0,0.0,0.0
2025-12-16 15:00:00,0.6,0.0,0.0,0.6,0.705581,8.721878,0.10558100000000004,0.0,0.0,0.0
2025-12-16 16:00:00,0.14,0.0,0.0,0.14,0.02624,8.608118000000001,0.0,0.11376000000000001,0.0,0.0
2025-12-16 17:00:00,1.71,0.0,0.0,1.71,0.0,6.898118000000001,0.0,1.71,0.0,0.0
2025-12-16 18:00:00,1.49,0.0,0.0,1.49,0.0,5.408118000000001,0.0,1.49,0.0,0.0
2025-12-16 19:00:00,0.97,0.0,0.0,0.97,0.0,4.438118000000001,0.0,0.97,0.0,0.0
2025-12-16 20:00:00,1.06,0.0,0.0,1.06,0.0,3.378118000000001,0.0,1.06,0.0,0.0
2025-12-16 21:00:00,0.71,0.0,0.0,0.71,0.0,2.668118000000001,0.0,0.71,0.0,0.0
2025-12-16 22:00:00,0.63,0.0,0.0,0.63,0.0,2.038118000000001,0.0,0.63,0.0,0.0
2025-12-16 23:00:00,0.29,0.0,0.0,0.29,0.0,1.7481180000000012,0.0,0.29,0.0,0.0
2025-12-17 00:00:00,0.1,0.0,0.0,0.1,0.0,1.648118000000001,0.0,0.1,0.0,0.0
2025-12-17 01:00:00,0.48,0.0,0.0,0.48,0.0,1.168118000000001,0.0,0.48,0.0,0.0
2025-12-17 02:00:00,0.37,0.0,0.0,0.37,0.0,0.7981180000000011,0.0,0.37,0.0,0.0
2025-12-17 03:00:00,0.52,0.0,0.0,0.52,0.0,0.2781180000000011,0.0,0.52,0.0,0.0
2025-12-17 04:00:00,0.11,0.0,0.0,0.11,0.0,0.1681180000000011,0.0,0.11,0.0,0.0
2025-12-17 05:00:00,0.11,0.0,0.0,0.11,0.0,0.0581180000000011,0.0,0.11,0.0,0.0
2025-12-17 06:00:00,0.5,0.0,0.0,0.5,0.0,0.0,0.0,0.0581180000000011,0.4418819999999989,0.0
2025-12-17 07:00:00,0.44,0.0,0.0,0.44,0.0432,0.0,0.0,0.0,0.3968,0.0
2025-12-17 08:00:00,0.87,0.0,0.0,0.87,2.199585,1.3295849999999998,1.3295849999999998,0.0,0.0,0.0
2025-12-17 09:00:00,0.54,0.0,0.0,0.54,3.6921709999999996,4.481755999999999,3.1521709999999996,0.0,0.0,0.0
2025-12-17 10:00:00,0.48,0.0,0.0,0.48,4.596852,8.598607999999999,4.116852,0.0,0.0,0.0
2025-12-17 11:00:00,0.14,0.2344,0.0,0.3744,4.82032,13.044528,4.44592,0.0,0.0,0.0
2025-12-17 12:00:00,0.47,0.2344,3.4851659999999995,4.189565999999999,4.645038,13.5,0.4554720000000003,0.0,0.0,0.0
2025-12-17 13:00:00,0.14,0.2344,3.724968,4.099368,4.099368,13.5,0.0,0.0,0.0,0.0
2025-12-17 14:00:00,0.15,0.0,2.95289,3.10289,3.10289,13.5,0.0,0.0,0.0,0.0
2025-12-17 15:00:00,0.14,0.0,1.514043,1.6540430000000002,1.654043,13.5,0.0,0.0,0.0,0.0
2025-12-17 16:00:00,0.54,0.0,0.0,0.54,0.14433600000000002,13.104336,0.0,0.395664,0.0,0.0
2025-12-17 17:00:00,0.23,0.0,0.0,0.23,0.0,12.874336,0.0,0.23,0.0,0.0
2025-12-17 18:00:00,0.95,0.0,0.0,0.95,0.0,11.924336,0.0,0.95,0.0,0.0
2025-12-17 19:00:00,0.99,0.0,0.0,0.99,0.0,10.934336,0.0,0.99,0.0,0.0
2025-12-17 20:00:00,0.73,0.0,0.0,0.73,0.0,10.204336,0.0,0.73,0.0,0.0
2025-12-17 21:00:00,0.96,0.0,0.0,0.96,0.0,9.244336,0.0,0.96,0.0,0.0
2025-12-17 22:00:00,0.34,0.0,0.0,0.34,0.0,8.904336,0.0,0.34,0.0,0.0
2025-12-17 23:00:00,1.6,0.0,0.0,1.6,0.0,7.304336000000001,0.0,1.6,0.0,0.0
2025-12-18 00:00:00,1.69,0.0,0.0,1.69,0.0,5.6143360000000015,0.0,1.69,0.0,0.0
2025-12-18 01:00:00,0.62,0.0,0.0,0.62,0.0,4.994336000000001,0.0,0.62,0.0,0.0
2025-12-18 02:00:00,0.99,0.0,0.0,0.99,0.0,4.004336000000001,0.0,0.99,0.0,0.0
2025-12-18 03:00:00,1.09,0.0,0.0,1.09,0.0,2.9143360000000014,0.0,1.09,0.0,0.0
2025-12-18 04:00:00,1.3,0.0,0.0,1.3,0.0,1.6143360000000013,0.0,1.3,0.0,0.0
2025-12-18 05:00:00,0.99,0.0,0.0,0.99,0.0,0.6243360000000013,0.0,0.99,0.0,0.0
2025-12-18 06:00:00,0.69,0.0,0.0,0.69,0.0,0.0,0.0,0.6243360000000013,0.06566399999999861,0.0
2025-12-18 07:00:00,1.14,0.0,0.0,1.14,0.0,0.0,0.0,0.0,1.14,0.0
2025-12-18 08:00:00,1.08,0.0,0.0,1.08,2.96817,1.8881700000000001,1.8881700000000001,0.0,0.0,0.0
2025-12-18 09:00:00,2.25,0.0,0.0,2.25,4.3082139999999995,3.9463839999999997,2.0582139999999995,0.0,0.0,0.0
2025-12-18 10:00:00,1.84,0.0,0.0,1.84,4.9980590000000005,7.104443,3.1580590000000006,0.0,0.0,0.0
2025-12-18 11:00:00,0.84,0.2344,0.0,1.0744,5.197377,11.22742,4.122977000000001,0.0,0.0,0.0
2025-12-18 12:00:00,0.1699999999999999,0.2344,0.0,0.40439999999999987,4.97637,13.5,2.2725799999999996,0.0,0.0,2.2993900000000007
2025-12-18 13:00:00,0.31,0.2344,0.0,0.5444,4.3311980000000005,13.5,0.0,0.0,0.0,3.7867980000000006
2025-12-18 14:00:00,0.15,0.0,0.0,0.15,3.303186,13.5,0.0,0.0,0.0,3.1531860000000003
2025-12-18 15:00:00,0.43,0.0,0.0,0.43,1.8021010000000002,13.5,0.0,0.0,0.0,1.3721010000000002
2025-12-18 16:00:00,0.11,0.0,0.0,0.11,0.16999,13.5,0.0,0.0,0.0,0.05999
2025-12-18 17:00:00,0.6000000000000001,0.0,0.0,0.6000000000000001,0.0,12.9,0.0,0.6000000000000001,0.0,0.0
2025-12-18 18:00:00,0.97,0.0,0.0,0.97,0.0,11.93,0.0,0.97,0.0,0.0
2025-12-18 19:00:00,1.01,0.0,0.0,1.01,0.0,10.92,0.0,1.01,0.0,0.0
2025-12-18 20:00:00,0.7,0.0,0.0,0.7,0.0,10.22,0.0,0.7,0.0,0.0
2025-12-18 21:00:00,0.84,0.0,0.0,0.84,0.0,9.38,0.0,0.84,0.0,0.0
2025-12-18 22:00:00,0.21,0.0,0.0,0.21,0.0,9.17,0.0,0.21,0.0,0.0
2025-12-18 23:00:00,0.63,0.0,0.0,0.63,0.0,8.54,0.0,0.63,0.0,0.0
2025-12-19 00:00:00,0.48,0.0,0.0,0.48,0.0,8.059999999999999,0.0,0.48,0.0,0.0
2025-12-19 01:00:00,0.92,0.0,0.0,0.92,0.0,7.139999999999999,0.0,0.92,0.0,0.0
2025-12-19 02:00:00,0.37,0.0,0.0,0.37,0.0,6.769999999999999,0.0,0.37,0.0,0.0
2025-12-19 03:00:00,1.12,0.0,0.0,1.12,0.0,5.649999999999999,0.0,1.12,0.0,0.0
2025-12-19 04:00:00,0.24,0.0,0.0,0.24,0.0,5.409999999999998,0.0,0.24,0.0,0.0
2025-12-19 05:00:00,0.6699999999999999,0.0,0.0,0.6699999999999999,0.0,4.739999999999998,0.0,0.6699999999999999,0.0,0.0
2025-12-19 06:00:00,0.8400000000000001,0.0,0.0,0.8400000000000001,0.0,3.8999999999999986,0.0,0.8400000000000001,0.0,0.0
2025-12-19 07:00:00,0.8999999999999999,0.0,0.0,0.8999999999999999,0.0,2.9999999999999987,0.0,0.8999999999999999,0.0,0.0
2025-12-19 08:00:00,0.66,0.0,0.0,0.66,2.808069,5.148068999999999,2.148069,0.0,0.0,0.0
2025-12-19 09:00:00,0.1,0.0,0.0,0.1,4.135896,9.183964999999999,4.035896,0.0,0.0,0.0
2025-12-19 10:00:00,0.1,0.0,0.3443549999999993,0.4443549999999993,4.76039,13.5,4.316035000000001,0.0,0.0,0.0
2025-12-19 11:00:00,0.1,0.0,4.767964,4.867964,4.867964,13.5,0.0,0.0,0.0,0.0
2025-12-19 12:00:00,0.47,0.0,4.1036719999999995,4.573671999999999,4.573671999999999,13.5,0.0,0.0,0.0,0.0
2025-12-19 13:00:00,0.11,0.0,3.809514,3.919514,3.919514,13.5,0.0,0.0,0.0,0.0
2025-12-19 14:00:00,0.49,0.0,2.50235,2.99235,2.99235,13.5,0.0,0.0,0.0,0.0
2025-12-19 15:00:00,0.11,0.0,1.5239809999999998,1.633981,1.633981,13.5,0.0,0.0,0.0,0.0
2025-12-19 16:00:00,0.5,0.0,0.0,0.5,0.144624,13.144624,0.0,0.355376,0.0,0.0
2025-12-19 17:00:00,0.13,0.0,0.0,0.13,0.0,13.014624,0.0,0.13,0.0,0.0
2025-12-19 18:00:00,0.49,0.0,0.0,0.49,0.0,12.524624,0.0,0.49,0.0,0.0
2025-12-19 19:00:00,0.1699999999999999,0.0,0.0,0.1699999999999999,0.0,12.354624,0.0,0.1699999999999999,0.0,0.0
2025-12-19 20:00:00,0.52,0.0,0.0,0.52,0.0,11.834624,0.0,0.52,0.0,0.0
2025-12-19 21:00:00,0.54,0.0,0.0,0.54,0.0,11.294623999999999,0.0,0.54,0.0,0.0
2025-12-19 22:00:00,0.67,0.0,0.0,0.67,0.0,10.624623999999999,0.0,0.67,0.0,0.0
2025-12-19 23:00:00,0.51,0.0,0.0,0.51,0.0,10.114624,0.0,0.51,0.0,0.0
2025-12-20 00:00:00,0.36,0.0,0.0,0.36,0.0,9.754624,0.0,0.36,0.0,0.0
2025-12-20 01:00:00,0.51,0.0,0.0,0.51,0.0,9.244624,0.0,0.51,0.0,0.0
2025-12-20 02:00:00,0.44,0.0,0.0,0.44,0.0,8.804624,0.0,0.44,0.0,0.0
2025-12-20 03:00:00,0.25,0.0,0.0,0.25,0.0,8.554624,0.0,0.25,0.0,0.0
2025-12-20 04:00:00,0.62,0.0,0.0,0.62,0.0,7.934624,0.0,0.62,0.0,0.0
2025-12-20 05:00:00,0.26,0.0,0.0,0.26,0.0,7.674624000000001,0.0,0.26,0.0,0.0
2025-12-20 06:00:00,1.12,0.0,0.0,1.12,0.0,6.5546240000000004,0.0,1.12,0.0,0.0
2025-12-20 07:00:00,0.64,0.0,0.0,0.64,0.0,5.914624000000001,0.0,0.64,0.0,0.0
2025-12-20 08:00:00,0.3399999999999999,0.0,0.0,0.3399999999999999,0.7111620000000001,6.285786000000001,0.37116200000000016,0.0,0.0,0.0
2025-12-20 09:00:00,0.25,0.0,0.0,0.25,2.7228000000000003,8.758586000000001,2.4728000000000003,0.0,0.0,0.0
2025-12-20 10:00:00,0.26,0.0,0.0,0.26,1.582134,10.080720000000001,1.322134,0.0,0.0,0.0
2025-12-20 11:00:00,0.26,0.0,0.0,0.26,3.556839,13.377559000000002,3.2968390000000003,0.0,0.0,0.0
2025-12-20 12:00:00,0.25,0.0,4.152701000000001,4.402701000000001,4.525142,13.5,0.12244099999999847,0.0,0.0,0.0
2025-12-20 13:00:00,0.25,0.0,3.682329,3.932329,3.932329,13.5,0.0,0.0,0.0,0.0
2025-12-20 14:00:00,0.26,0.0,2.697248,2.957248,2.957248,13.5,0.0,0.0,0.0,0.0
2025-12-20 15:00:00,0.25,0.0,0.12471699999999997,0.37471699999999997,0.37471699999999997,13.5,0.0,0.0,0.0,0.0
2025-12-20 16:00:00,0.26,0.0,0.0,0.26,0.131774,13.371774,0.0,0.128226,0.0,0.0
2025-12-20 17:00:00,0.52,0.0,0.0,0.52,0.0,12.851774,0.0,0.52,0.0,0.0
2025-12-20 18:00:00,0.37,0.0,0.0,0.37,0.0,12.481774000000001,0.0,0.37,0.0,0.0
2025-12-20 19:00:00,0.26,0.0,0.0,0.26,0.0,12.221774000000002,0.0,0.26,0.0,0.0
2025-12-20 20:00:00,0.26,0.0,0.0,0.26,0.0,11.961774000000002,0.0,0.26,0.0,0.0
2025-12-20 21:00:00,0.27,0.0,0.0,0.27,0.0,11.691774000000002,0.0,0.27,0.0,0.0
2025-12-20 22:00:00,0.26,0.0,0.0,0.26,0.0,11.431774000000003,0.0,0.26,0.0,0.0
2025-12-20 23:00:00,0.26,0.0,0.0,0.26,0.0,11.171774000000003,0.0,0.26,0.0,0.0
2025-12-21 00:00:00,0.25,0.0,0.0,0.25,0.0,10.921774000000003,0.0,0.25,0.0,0.0
2025-12-21 01:00:00,0.25,0.0,0.0,0.25,0.0,10.671774000000003,0.0,0.25,0.0,0.0
2025-12-21 02:00:00,0.25,0.0,0.0,0.25,0.0,10.421774000000003,0.0,0.25,0.0,0.0
2025-12-21 03:00:00,0.26,0.0,0.0,0.26,0.0,10.161774000000003,0.0,0.26,0.0,0.0
2025-12-21 04:00:00,0.26,0.0,0.0,0.26,0.0,9.901774000000003,0.0,0.26,0.0,0.0
2025-12-21 05:00:00,0.25,0.0,0.0,0.25,0.0,9.651774000000003,0.0,0.25,0.0,0.0
2025-12-21 06:00:00,0.25,0.0,0.0,0.25,0.0,9.401774000000003,0.0,0.25,0.0,0.0
2025-12-21 07:00:00,0.26,0.0,0.0,0.26,0.0,9.141774000000003,0.0,0.26,0.0,0.0
2025-12-21 08:00:00,0.26,0.0,0.0,0.26,0.20852,9.090294000000004,0.0,0.05148,0.0,0.0
2025-12-21 09:00:00,0.25,0.0,0.0,0.25,0.036453000000000006,8.876747000000003,0.0,0.213547,0.0,0.0
2025-12-21 10:00:00,0.25,0.0,0.0,0.25,0.23366599999999998,8.860413000000003,0.0,0.016334000000000015,0.0,0.0
2025-12-21 11:00:00,0.25,0.0,0.0,0.25,0.38049,8.990903000000003,0.13049,0.0,0.0,0.0
2025-12-21 12:00:00,0.25,0.0,0.0,0.25,0.353538,9.094441000000003,0.10353800000000002,0.0,0.0,0.0
2025-12-21 13:00:00,0.26,0.0,0.0,0.26,0.0862,8.920641000000003,0.0,0.1738,0.0,0.0
2025-12-21 14:00:00,0.25,0.0,0.0,0.25,0.040814,8.711455000000003,0.0,0.20918599999999998,0.0,0.0
2025-12-21 15:00:00,0.25,0.0,0.0,0.25,0.323516,8.784971000000002,0.07351600000000003,0.0,0.0,0.0
2025-12-21 16:00:00,0.26,0.0,0.0,0.26,0.008487,8.533458000000003,0.0,0.251513,0.0,0.0
2025-12-21 17:00:00,0.26,0.0,0.0,0.26,0.0,8.273458000000003,0.0,0.26,0.0,0.0
2025-12-21 18:00:00,0.27,0.0,0.0,0.27,0.0,8.003458000000004,0.0,0.27,0.0,0.0
2025-12-21 19:00:00,0.27,0.0,0.0,0.27,0.0,7.733458000000004,0.0,0.27,0.0,0.0
2025-12-21 20:00:00,0.26,0.0,0.0,0.26,0.0,7.473458000000004,0.0,0.26,0.0,0.0
2025-12-21 21:00:00,0.26,0.0,0.0,0.26,0.0,7.213458000000005,0.0,0.26,0.0,0.0
2025-12-21 22:00:00,0.25,0.0,0.0,0.25,0.0,6.963458000000005,0.0,0.25,0.0,0.0
2025-12-21 23:00:00,0.26,0.0,0.0,0.26,0.0,6.703458000000005,0.0,0.26,0.0,0.0
2025-12-22 00:00:00,0.26,0.0,0.0,0.26,0.0,6.443458000000005,0.0,0.26,0.0,0.0
2025-12-22 01:00:00,0.25,0.0,0.0,0.25,0.0,6.193458000000005,0.0,0.25,0.0,0.0
2025-12-22 02:00:00,0.25,0.0,0.0,0.25,0.0,5.943458000000005,0.0,0.25,0.0,0.0
2025-12-22 03:00:00,0.25,0.0,0.0,0.25,0.0,5.693458000000005,0.0,0.25,0.0,0.0
2025-12-22 04:00:00,0.26,0.0,0.0,0.26,0.0,5.433458000000005,0.0,0.26,0.0,0.0
2025-12-22 05:00:00,0.26,0.0,0.0,0.26,0.0,5.173458000000005,0.0,0.26,0.0,0.0
2025-12-22 06:00:00,0.25,0.0,0.0,0.25,0.0,4.923458000000005,0.0,0.25,0.0,0.0
2025-12-22 07:00:00,0.25,0.0,0.0,0.25,0.0,4.673458000000005,0.0,0.25,0.0,0.0
2025-12-22 08:00:00,0.25,0.0,0.0,0.25,2.636326,7.059784000000006,2.386326,0.0,0.0,0.0
2025-12-22 09:00:00,0.25,0.0,0.0,0.25,4.069453,10.879237000000007,3.819453,0.0,0.0,0.0
2025-12-22 10:00:00,0.26,0.0,0.0,0.26,4.775828000000001,13.5,2.620762999999993,0.0,0.0,1.8950650000000078
2025-12-22 11:00:00,0.25,0.0,0.0,0.25,5.0089440000000005,13.5,0.0,0.0,0.0,4.7589440000000005
2025-12-22 12:00:00,0.25,0.0,0.0,0.25,4.783810000000001,13.5,0.0,0.0,0.0,4.533810000000001
2025-12-22 13:00:00,0.25,0.0,0.0,0.25,4.1826859999999995,13.5,0.0,0.0,0.0,3.9326859999999995
2025-12-22 14:00:00,0.26,0.0,0.0,0.26,3.168755,13.5,0.0,0.0,0.0,2.908755
2025-12-22 15:00:00,0.26,0.0,0.0,0.26,1.733694,13.5,0.0,0.0,0.0,1.473694
2025-12-22 16:00:00,0.26,0.0,0.0,0.26,0.176578,13.416578,0.0,0.083422,0.0,0.0
2025-12-22 17:00:00,0.26,0.0,0.0,0.26,0.0,13.156578,0.0,0.26,0.0,0.0
2025-12-22 18:00:00,0.26,0.0,0.0,0.26,0.0,12.896578,0.0,0.26,0.0,0.0
2025-12-22 19:00:00,0.27,0.0,0.0,0.27,0.0,12.626578,0.0,0.27,0.0,0.0
2025-12-22 20:00:00,0.27,0.0,0.0,0.27,0.0,12.356578,0.0,0.27,0.0,0.0
2025-12-22 21:00:00,0.27,0.0,0.0,0.27,0.0,12.086578000000001,0.0,0.27,0.0,0.0
2025-12-22 22:00:00,0.26,0.0,0.0,0.26,0.0,11.826578000000001,0.0,0.26,0.0,0.0
2025-12-22 23:00:00,0.25,0.0,0.0,0.25,0.0,11.576578000000001,0.0,0.25,0.0,0.0
2025-12-23 00:00:00,0.25,0.0,0.0,0.25,0.0,11.326578000000001,0.0,0.25,0.0,0.0
2025-12-23 01:00:00,0.26,0.0,0.0,0.26,0.0,11.066578000000002,0.0,0.26,0.0,0.0
2025-12-23 02:00:00,0.26,0.0,0.0,0.26,0.0,10.806578000000002,0.0,0.26,0.0,0.0
2025-12-23 03:00:00,0.27,0.0,0.0,0.27,0.0,10.536578000000002,0.0,0.27,0.0,0.0
2025-12-23 04:00:00,0.25,0.0,0.0,0.25,0.0,10.286578000000002,0.0,0.25,0.0,0.0
2025-12-23 05:00:00,0.37,0.0,0.0,0.37,0.0,9.916578000000003,0.0,0.37,0.0,0.0
2025-12-23 06:00:00,0.28,0.0,0.0,0.28,0.0,9.636578000000004,0.0,0.28,0.0,0.0
2025-12-23 07:00:00,0.51,0.0,0.0,0.51,0.0,9.126578000000004,0.0,0.51,0.0,0.0
2025-12-23 08:00:00,0.25,0.0,0.0,0.25,2.3728380000000002,11.249416000000004,2.1228380000000002,0.0,0.0,0.0
2025-12-23 09:00:00,0.5,0.0,0.0,0.5,3.589906,13.5,2.2505839999999964,0.0,0.0,0.8393220000000037
2025-12-23 10:00:00,0.25,0.0,0.0,0.25,3.292641,13.5,0.0,0.0,0.0,3.042641
2025-12-23 11:00:00,0.26,0.0,0.0,0.26,3.299286,13.5,0.0,0.0,0.0,3.0392859999999997
2025-12-23 12:00:00,0.27,0.0,0.0,0.27,4.322388,13.5,0.0,0.0,0.0,4.0523880000000005
2025-12-23 13:00:00,0.25,0.0,0.0,0.25,3.775351,13.5,0.0,0.0,0.0,3.525351
2025-12-23 14:00:00,0.26,0.0,0.0,0.26,2.193183,13.5,0.0,0.0,0.0,1.9331829999999999
2025-12-23 15:00:00,0.27,0.0,0.0,0.27,1.508509,13.5,0.0,0.0,0.0,1.238509
2025-12-23 16:00:00,0.28,0.0,0.0,0.28,0.147437,13.367437,0.0,0.13256300000000001,0.0,0.0
2025-12-23 17:00:00,0.29,0.0,0.0,0.29,0.0,13.077437000000002,0.0,0.29,0.0,0.0
2025-12-23 18:00:00,0.28,0.0,0.0,0.28,0.0,12.797437000000002,0.0,0.28,0.0,0.0
2025-12-23 19:00:00,0.29,0.0,0.0,0.29,0.0,12.507437000000003,0.0,0.29,0.0,0.0
2025-12-23 20:00:00,0.29,0.0,0.0,0.29,0.0,12.217437000000004,0.0,0.29,0.0,0.0
2025-12-23 21:00:00,0.29,0.0,0.0,0.29,0.0,11.927437000000005,0.0,0.29,0.0,0.0
2025-12-23 22:00:00,0.28,0.0,0.0,0.28,0.0,11.647437000000005,0.0,0.28,0.0,0.0
2025-12-23 23:00:00,0.5800000000000001,0.0,0.0,0.5800000000000001,0.0,11.067437000000005,0.0,0.5800000000000001,0.0,0.0
2025-12-24 00:00:00,0.27,0.0,0.0,0.27,0.0,10.797437000000006,0.0,0.27,0.0,0.0
2025-12-24 01:00:00,0.27,0.0,0.0,0.27,0.0,10.527437000000006,0.0,0.27,0.0,0.0
2025-12-24 02:00:00,0.5800000000000001,0.0,0.0,0.5800000000000001,0.0,9.947437000000006,0.0,0.5800000000000001,0.0,0.0
2025-12-24 03:00:00,0.25,0.0,0.0,0.25,0.0,9.697437000000006,0.0,0.25,0.0,0.0
2025-12-24 04:00:00,0.25,0.0,0.0,0.25,0.0,9.447437000000006,0.0,0.25,0.0,0.0
2025-12-24 05:00:00,0.27,0.0,0.0,0.27,0.0,9.177437000000007,0.0,0.27,0.0,0.0
2025-12-24 06:00:00,0.26,0.0,0.0,0.26,0.0,8.917437000000007,0.0,0.26,0.0,0.0
2025-12-24 07:00:00,0.65,0.0,0.0,0.65,0.0,8.267437000000006,0.0,0.65,0.0,0.0
2025-12-24 08:00:00,0.62,0.0,0.0,0.62,0.863664,8.511101000000007,0.243664,0.0,0.0,0.0
2025-12-24 09:00:00,0.25,0.0,0.0,0.25,0.9116660000000001,9.172767000000007,0.6616660000000001,0.0,0.0,0.0
2025-12-24 10:00:00,0.26,0.0,0.0,0.26,2.557569,11.470336000000007,2.297569,0.0,0.0,0.0
2025-12-24 11:00:00,0.27,0.0,0.0,0.27,2.263525,13.463861000000007,1.993525,0.0,0.0,0.0
2025-12-24 12:00:00,0.26,0.0,1.4705240000000068,1.7305240000000068,1.766663,13.5,0.03613899999999326,0.0,0.0,0.0
2025-12-24 13:00:00,0.26,0.0,0.597044,0.857044,0.857044,13.5,0.0,0.0,0.0,0.0
2025-12-24 14:00:00,0.26,0.0,0.09306999999999999,0.35307,0.35307,13.5,0.0,0.0,0.0,0.0
2025-12-24 15:00:00,0.27,0.0,0.9309290000000001,1.2009290000000001,1.2009290000000001,13.5,0.0,0.0,0.0,0.0
2025-12-24 16:00:00,0.28,0.0,0.0,0.28,0.0121,13.232099999999999,0.0,0.2679,0.0,0.0
2025-12-24 17:00:00,0.29,0.0,0.0,0.29,0.0,12.9421,0.0,0.29,0.0,0.0
2025-12-24 18:00:00,0.29,0.0,0.0,0.29,0.0,12.6521,0.0,0.29,0.0,0.0
2025-12-24 19:00:00,0.29,0.0,0.0,0.29,0.0,12.362100000000002,0.0,0.29,0.0,0.0
2025-12-24 20:00:00,0.3,0.0,0.0,0.3,0.0,12.062100000000001,0.0,0.3,0.0,0.0
2025-12-24 21:00:00,0.29,0.0,0.0,0.29,0.0,11.772100000000002,0.0,0.29,0.0,0.0
2025-12-24 22:00:00,0.28,0.0,0.0,0.28,0.0,11.492100000000002,0.0,0.28,0.0,0.0
2025-12-24 23:00:00,0.26,0.0,0.0,0.26,0.0,11.232100000000003,0.0,0.26,0.0,0.0
2025-12-25 00:00:00,0.56,0.0,0.0,0.56,0.0,10.672100000000002,0.0,0.56,0.0,0.0
2025-12-25 01:00:00,0.69,0.0,0.0,0.69,0.0,9.982100000000003,0.0,0.69,0.0,0.0
2025-12-25 02:00:00,0.58,0.0,0.0,0.58,0.0,9.402100000000003,0.0,0.58,0.0,0.0
2025-12-25 03:00:00,0.61,0.0,0.0,0.61,0.0,8.792100000000003,0.0,0.61,0.0,0.0
2025-12-25 04:00:00,0.49,0.0,0.0,0.49,0.0,8.302100000000003,0.0,0.49,0.0,0.0
2025-12-25 05:00:00,0.6,0.0,0.0,0.6,0.0,7.702100000000003,0.0,0.6,0.0,0.0
2025-12-25 06:00:00,0.62,0.0,0.0,0.62,0.0,7.082100000000003,0.0,0.62,0.0,0.0
2025-12-25 07:00:00,0.54,0.0,0.0,0.54,0.0,6.542100000000003,0.0,0.54,0.0,0.0
2025-12-25 08:00:00,0.61,0.0,0.0,0.61,0.168752,6.100852000000003,0.0,0.441248,0.0,0.0
2025-12-25 09:00:00,0.25,0.0,0.0,0.25,1.580702,7.431554000000004,1.330702,0.0,0.0,0.0
2025-12-25 10:00:00,0.27,0.0,0.0,0.27,2.985763,10.147317000000005,2.715763,0.0,0.0,0.0
2025-12-25 11:00:00,0.26,0.0,0.0,0.26,1.449407,11.336724000000004,1.1894069999999999,0.0,0.0,0.0
2025-12-25 12:00:00,0.27,0.0,0.0,0.27,1.7760429999999998,12.842767000000004,1.5060429999999998,0.0,0.0,0.0
2025-12-25 13:00:00,0.26,0.0,0.0,0.26,2.83098,13.5,0.6572329999999962,0.0,0.0,1.9137470000000034
2025-12-25 14:00:00,0.26,0.0,0.0,0.26,2.2906210000000002,13.5,0.0,0.0,0.0,2.030621
2025-12-25 15:00:00,0.26,0.0,0.0,0.26,0.040067,13.280067,0.0,0.21993300000000002,0.0,0.0
2025-12-25 16:00:00,0.28,0.0,0.0,0.28,0.0,13.000067000000001,0.0,0.28,0.0,0.0
2025-12-25 17:00:00,0.29,0.0,0.0,0.29,0.0,12.710067000000002,0.0,0.29,0.0,0.0
2025-12-25 18:00:00,0.63,0.0,0.0,0.63,0.0,12.080067000000001,0.0,0.63,0.0,0.0
2025-12-25 19:00:00,0.26,0.0,0.0,0.26,0.0,11.820067000000002,0.0,0.26,0.0,0.0
2025-12-25 20:00:00,0.7,0.0,0.0,0.7,0.0,11.120067000000002,0.0,0.7,0.0,0.0
2025-12-25 21:00:00,1.01,0.0,0.0,1.01,0.0,10.110067000000003,0.0,1.01,0.0,0.0
2025-12-25 22:00:00,0.6799999999999999,0.0,0.0,0.6799999999999999,0.0,9.430067000000003,0.0,0.6799999999999999,0.0,0.0
2025-12-25 23:00:00,0.54,0.0,0.0,0.54,0.0,8.890067000000002,0.0,0.54,0.0,0.0
2025-12-26 00:00:00,0.8,0.0,0.0,0.8,0.0,8.090067000000001,0.0,0.8,0.0,0.0
2025-12-26 01:00:00,0.62,0.0,0.0,0.62,0.0,7.470067000000001,0.0,0.62,0.0,0.0
2025-12-26 02:00:00,0.62,0.0,0.0,0.62,0.0,6.850067000000001,0.0,0.62,0.0,0.0
2025-12-26 03:00:00,0.61,0.0,0.0,0.61,0.0,6.240067000000001,0.0,0.61,0.0,0.0
2025-12-26 04:00:00,0.95,0.0,0.0,0.95,0.0,5.2900670000000005,0.0,0.95,0.0,0.0
2025-12-26 05:00:00,0.93,0.0,0.0,0.93,0.0,4.360067000000001,0.0,0.93,0.0,0.0
2025-12-26 06:00:00,0.61,0.0,0.0,0.61,0.0,3.750067000000001,0.0,0.61,0.0,0.0
2025-12-26 07:00:00,0.7000000000000001,0.0,0.0,0.7000000000000001,0.0,3.0500670000000007,0.0,0.7000000000000001,0.0,0.0
2025-12-26 08:00:00,0.62,0.0,0.0,0.62,0.029674,2.4597410000000006,0.0,0.590326,0.0,0.0
2025-12-26 09:00:00,0.25,0.0,0.0,0.25,0.12231399999999999,2.3320550000000004,0.0,0.12768600000000002,0.0,0.0
2025-12-26 10:00:00,0.25,0.0,0.0,0.25,0.30026400000000003,2.3823190000000003,0.05026400000000003,0.0,0.0,0.0
2025-12-26 11:00:00,0.25,0.0,0.0,0.25,1.344721,3.4770400000000006,1.094721,0.0,0.0,0.0
2025-12-26 12:00:00,0.26,0.0,0.0,0.26,0.409694,3.626734000000001,0.149694,0.0,0.0,0.0
2025-12-26 13:00:00,0.25,0.0,0.0,0.25,0.321321,3.698055000000001,0.07132100000000002,0.0,0.0,0.0
2025-12-26 14:00:00,0.25,0.0,0.0,0.25,0.216578,3.664633000000001,0.0,0.03342200000000001,0.0,0.0
2025-12-26 15:00:00,0.26,0.0,0.0,0.26,0.085662,3.490295000000001,0.0,0.174338,0.0,0.0
2025-12-26 16:00:00,0.25,0.0,0.0,0.25,0.0,3.240295000000001,0.0,0.25,0.0,0.0
2025-12-26 17:00:00,0.27,0.0,0.0,0.27,0.0,2.970295000000001,0.0,0.27,0.0,0.0
2025-12-26 18:00:00,0.5800000000000001,0.0,0.0,0.5800000000000001,0.0,2.390295000000001,0.0,0.5800000000000001,0.0,0.0
2025-12-26 19:00:00,0.37,0.0,0.0,0.37,0.0,2.020295000000001,0.0,0.37,0.0,0.0
2025-12-26 20:00:00,0.6900000000000001,0.0,0.0,0.6900000000000001,0.0,1.330295000000001,0.0,0.6900000000000001,0.0,0.0
2025-12-26 21:00:00,0.89,0.0,0.0,0.89,0.0,0.4402950000000009,0.0,0.89,0.0,0.0
2025-12-26 22:00:00,0.95,0.0,0.0,0.95,0.0,0.0,0.0,0.4402950000000009,0.5097049999999991,0.0
2025-12-26 23:00:00,0.7,0.0,0.0,0.7,0.0,0.0,0.0,0.0,0.7,0.0
2025-12-27 00:00:00,0.79,0.0,0.0,0.79,0.0,0.0,0.0,0.0,0.79,0.0
2025-12-27 01:00:00,1.19,0.0,0.0,1.19,0.0,0.0,0.0,0.0,1.19,0.0
2025-12-27 02:00:00,0.63,0.0,0.0,0.63,0.0,0.0,0.0,0.0,0.63,0.0
2025-12-27 03:00:00,0.98,0.0,0.0,0.98,0.0,0.0,0.0,0.0,0.98,0.0
2025-12-27 04:00:00,0.98,0.0,0.0,0.98,0.0,0.0,0.0,0.0,0.98,0.0
2025-12-27 05:00:00,0.6900000000000001,0.0,0.0,0.6900000000000001,0.0,0.0,0.0,0.0,0.6900000000000001,0.0
2025-12-27 06:00:00,1.04,0.0,0.0,1.04,0.0,0.0,0.0,0.0,1.04,0.0
2025-12-27 07:00:00,0.96,0.0,0.0,0.96,0.0,0.0,0.0,0.0,0.96,0.0
2025-12-27 08:00:00,0.62,0.0,0.0,0.62,2.049763,1.429763,1.429763,0.0,0.0,0.0
2025-12-27 09:00:00,0.25,0.0,0.0,0.25,3.611324,4.791087,3.361324,0.0,0.0,0.0
2025-12-27 10:00:00,0.25,0.0,0.0,0.25,4.5289269999999995,9.070014,4.2789269999999995,0.0,0.0,0.0
2025-12-27 11:00:00,0.25,0.0,0.21727000000000096,0.46727000000000096,4.8972560000000005,13.5,4.4299859999999995,0.0,0.0,0.0
2025-12-27 12:00:00,0.26,0.0,4.55699,4.81699,4.81699,13.5,0.0,0.0,0.0,0.0
2025-12-27 13:00:00,0.26,0.0,3.9437800000000003,4.20378,4.20378,13.5,0.0,0.0,0.0,0.0
2025-12-27 14:00:00,0.25,0.0,2.965654,3.215654,3.215654,13.5,0.0,0.0,0.0,0.0
2025-12-27 15:00:00,0.25,0.0,1.5563820000000002,1.8063820000000002,1.8063820000000002,13.5,0.0,0.0,0.0,0.0
2025-12-27 16:00:00,0.26,0.0,0.0,0.26,0.225992,13.465992,0.0,0.03400800000000001,0.0,0.0
2025-12-27 17:00:00,0.27,0.0,0.0,0.27,0.0,13.195992,0.0,0.27,0.0,0.0
2025-12-27 18:00:00,0.27,0.0,0.0,0.27,0.0,12.925992,0.0,0.27,0.0,0.0
2025-12-27 19:00:00,0.26,0.0,0.0,0.26,0.0,12.665992000000001,0.0,0.26,0.0,0.0
2025-12-27 20:00:00,0.27,0.0,0.0,0.27,0.0,12.395992000000001,0.0,0.27,0.0,0.0
2025-12-27 21:00:00,0.6799999999999999,0.0,0.0,0.6799999999999999,0.0,11.715992000000002,0.0,0.6799999999999999,0.0,0.0
2025-12-27 22:00:00,0.8200000000000001,0.0,0.0,0.8200000000000001,0.0,10.895992000000001,0.0,0.8200000000000001,0.0,0.0
2025-12-27 23:00:00,0.8500000000000001,0.0,0.0,0.8500000000000001,0.0,10.045992000000002,0.0,0.8500000000000001,0.0,0.0
2025-12-28 00:00:00,0.93,0.0,0.0,0.93,0.0,9.115992000000002,0.0,0.93,0.0,0.0
2025-12-28 01:00:00,0.8400000000000001,0.0,0.0,0.8400000000000001,0.0,8.275992000000002,0.0,0.8400000000000001,0.0,0.0
2025-12-28 02:00:00,1.03,0.0,0.0,1.03,0.0,7.245992000000002,0.0,1.03,0.0,0.0
2025-12-28 03:00:00,0.99,0.0,0.0,0.99,0.0,6.255992000000002,0.0,0.99,0.0,0.0
2025-12-28 04:00:00,1.11,0.0,0.0,1.11,0.0,5.1459920000000015,0.0,1.11,0.0,0.0
2025-12-28 05:00:00,1.1,0.0,0.0,1.1,0.0,4.045992000000002,0.0,1.1,0.0,0.0
2025-12-28 06:00:00,0.8300000000000001,0.0,0.0,0.8300000000000001,0.0,3.2159920000000017,0.0,0.8300000000000001,0.0,0.0
2025-12-28 07:00:00,1.14,0.0,0.0,1.14,0.0,2.075992000000002,0.0,1.14,0.0,0.0
2025-12-28 08:00:00,1.03,0.0,0.0,1.03,2.782496,3.828488000000002,1.752496,0.0,0.0,0.0
2025-12-28 09:00:00,0.25,0.0,0.0,0.25,4.247128,7.825616000000002,3.997128,0.0,0.0,0.0
2025-12-28 10:00:00,0.26,0.0,0.0,0.26,4.995119,12.560735000000001,4.735119,0.0,0.0,0.0
2025-12-28 11:00:00,0.25,0.0,4.061408000000001,4.311408000000001,5.250673,13.5,0.9392649999999989,0.0,0.0,0.0
2025-12-28 12:00:00,0.25,0.0,4.785549,5.035549,5.035549,13.5,0.0,0.0,0.0,0.0
2025-12-28 13:00:00,0.25,0.0,4.151942,4.401942,4.401942,13.5,0.0,0.0,0.0,0.0
2025-12-28 14:00:00,0.25,0.0,3.124047,3.374047,3.374047,13.5,0.0,0.0,0.0,0.0
2025-12-28 15:00:00,0.26,0.0,1.646251,1.906251,1.906251,13.5,0.0,0.0,0.0,0.0
2025-12-28 16:00:00,0.26,0.0,0.009656999999999971,0.269657,0.269657,13.5,0.0,0.0,0.0,0.0
2025-12-28 17:00:00,0.27,0.0,0.0,0.27,0.0,13.23,0.0,0.27,0.0,0.0
2025-12-28 18:00:00,0.26,0.0,0.0,0.26,0.0,12.97,0.0,0.26,0.0,0.0
2025-12-28 19:00:00,0.27,0.0,0.0,0.27,0.0,12.700000000000001,0.0,0.27,0.0,0.0
2025-12-28 20:00:00,2.59,0.0,0.0,2.59,0.0,10.110000000000001,0.0,2.59,0.0,0.0
2025-12-28 21:00:00,2.51,0.0,0.0,2.51,0.0,7.600000000000001,0.0,2.51,0.0,0.0
2025-12-28 22:00:00,2.08,0.0,0.0,2.08,0.0,5.520000000000001,0.0,2.08,0.0,0.0
2025-12-28 23:00:00,2.01,0.0,0.0,2.01,0.0,3.5100000000000016,0.0,2.01,0.0,0.0
2025-12-29 00:00:00,1.57,0.0,0.0,1.57,0.0,1.9400000000000015,0.0,1.57,0.0,0.0
2025-12-29 01:00:00,1.59,0.0,0.0,1.59,0.0,0.3500000000000014,0.0,1.59,0.0,0.0
2025-12-29 02:00:00,1.5,0.0,0.0,1.5,0.0,0.0,0.0,0.3500000000000014,1.1499999999999986,0.0
2025-12-29 03:00:00,1.39,0.0,0.0,1.39,0.0,0.0,0.0,0.0,1.39,0.0
2025-12-29 04:00:00,1.13,0.0,0.0,1.13,0.0,0.0,0.0,0.0,1.13,0.0
2025-12-29 05:00:00,1.25,0.0,0.0,1.25,0.0,0.0,0.0,0.0,1.25,0.0
2025-12-29 06:00:00,1.21,0.0,0.0,1.21,0.0,0.0,0.0,0.0,1.21,0.0
2025-12-29 07:00:00,1.97,0.0,0.0,1.97,0.0,0.0,0.0,0.0,1.97,0.0
2025-12-29 08:00:00,0.96,0.0,0.0,0.96,1.19557,0.23557000000000006,0.23557000000000006,0.0,0.0,0.0
2025-12-29 09:00:00,0.95,0.0,0.0,0.95,2.749399,2.0349690000000002,1.799399,0.0,0.0,0.0
2025-12-29 10:00:00,0.49,0.0,0.0,0.49,3.835432,5.380401,3.3454319999999997,0.0,0.0,0.0
2025-12-29 11:00:00,0.3,0.0,0.0,0.3,3.399152,8.479553,3.099152,0.0,0.0,0.0
2025-12-29 12:00:00,1.44,0.0,0.0,1.44,4.029482,11.069035,2.589482,0.0,0.0,0.0
2025-12-29 13:00:00,1.14,0.0,0.0,1.14,3.618067,13.5,2.4309650000000005,0.0,0.0,0.047101999999999755
2025-12-29 14:00:00,0.8900000000000001,0.0,0.0,0.8900000000000001,2.310863,13.5,0.0,0.0,0.0,1.4208629999999998
2025-12-29 15:00:00,0.55,0.0,0.0,0.55,0.7353379999999999,13.5,0.0,0.0,0.0,0.1853379999999999
2025-12-29 16:00:00,0.29,0.0,0.0,0.29,0.280937,13.490937,0.0,0.009062999999999988,0.0,0.0
2025-12-29 17:00:00,0.88,0.0,0.0,0.88,0.0,12.610937,0.0,0.88,0.0,0.0
2025-12-29 18:00:00,1.46,0.0,0.0,1.46,0.0,11.150936999999999,0.0,1.46,0.0,0.0
2025-12-29 19:00:00,0.9,0.0,0.0,0.9,0.0,10.250936999999999,0.0,0.9,0.0,0.0
2025-12-29 20:00:00,0.89,0.0,0.0,0.89,0.0,9.360936999999998,0.0,0.89,0.0,0.0
2025-12-29 21:00:00,1.63,0.0,0.0,1.63,0.0,7.730936999999998,0.0,1.63,0.0,0.0
2025-12-29 22:00:00,1.19,0.0,0.0,1.19,0.0,6.540936999999998,0.0,1.19,0.0,0.0
2025-12-29 23:00:00,0.85,0.0,0.0,0.85,0.0,5.690936999999998,0.0,0.85,0.0,0.0
2025-12-30 00:00:00,1.21,0.0,0.0,1.21,0.0,4.480936999999998,0.0,1.21,0.0,0.0
2025-12-30 01:00:00,1.61,0.0,0.0,1.61,0.0,2.870936999999998,0.0,1.61,0.0,0.0
2025-12-30 02:00:00,0.99,0.0,0.0,0.99,0.0,1.8809369999999979,0.0,0.99,0.0,0.0
2025-12-30 03:00:00,1.34,0.0,0.0,1.34,0.0,0.5409369999999978,0.0,1.34,0.0,0.0
2025-12-30 04:00:00,1.45,0.0,0.0,1.45,0.0,0.0,0.0,0.5409369999999978,0.9090630000000022,0.0
2025-12-30 05:00:00,1.57,0.0,0.0,1.57,0.0,0.0,0.0,0.0,1.57,0.0
2025-12-30 06:00:00,1.59,0.0,0.0,1.59,0.0,0.0,0.0,0.0,1.59,0.0
2025-12-30 07:00:00,1.99,0.0,0.0,1.99,0.0,0.0,0.0,0.0,1.99,0.0
2025-12-30 08:00:00,1.6,0.0,0.0,1.6,2.455866,0.8558659999999998,0.8558659999999998,0.0,0.0,0.0
2025-12-30 09:00:00,1.7999999999999998,0.0,0.0,1.7999999999999998,3.820678,2.876544,2.020678,0.0,0.0,0.0
2025-12-30 10:00:00,1.08,0.0,0.0,1.08,4.50392,6.300464,3.42392,0.0,0.0,0.0
2025-12-30 11:00:00,0.65,0.0,0.0,0.65,4.762007,10.412471,4.112006999999999,0.0,0.0,0.0
2025-12-30 12:00:00,1.25,0.0,0.0,1.25,4.580902,13.5,3.087529,0.0,0.0,0.24337300000000006
2025-12-30 13:00:00,0.65,0.0,0.0,0.65,3.956675,13.5,0.0,0.0,0.0,3.3066750000000003
2025-12-30 14:00:00,1.15,0.0,0.0,1.15,3.029827,13.5,0.0,0.0,0.0,1.8798270000000001
2025-12-30 15:00:00,0.8300000000000001,0.0,0.0,0.8300000000000001,1.69605,13.5,0.0,0.0,0.0,0.86605
2025-12-30 16:00:00,1.49,0.0,0.0,1.49,0.137289,12.147289,0.0,1.352711,0.0,0.0
2025-12-30 17:00:00,1.72,0.0,0.0,1.72,0.0,10.427289,0.0,1.72,0.0,0.0
2025-12-30 18:00:00,1.34,0.0,0.0,1.34,0.0,9.087289,0.0,1.34,0.0,0.0
2025-12-30 19:00:00,0.1699999999999999,0.0,0.0,0.1699999999999999,0.0,8.917289,0.0,0.1699999999999999,0.0,0.0
2025-12-30 20:00:00,0.44,0.0,0.0,0.44,0.0,8.477289,0.0,0.44,0.0,0.0
2025-12-30 21:00:00,0.12,0.0,0.0,0.12,0.0,8.357289000000002,0.0,0.12,0.0,0.0
2025-12-30 22:00:00,0.1,0.0,0.0,0.1,0.0,8.257289000000002,0.0,0.1,0.0,0.0
2025-12-30 23:00:00,0.1,0.0,0.0,0.1,0.0,8.157289000000002,0.0,0.1,0.0,0.0
2025-12-31 00:00:00,0.53,0.0,0.0,0.53,0.0,7.627289000000002,0.0,0.53,0.0,0.0
2025-12-31 01:00:00,0.48,0.0,0.0,0.48,0.0,7.1472890000000024,0.0,0.48,0.0,0.0
2025-12-31 02:00:00,0.85,0.0,0.0,0.85,0.0,6.297289000000003,0.0,0.85,0.0,0.0
2025-12-31 03:00:00,0.78,0.0,0.0,0.78,0.0,5.5172890000000026,0.0,0.78,0.0,0.0
2025-12-31 04:00:00,0.95,0.0,0.0,0.95,0.0,4.567289000000002,0.0,0.95,0.0,0.0
2025-12-31 05:00:00,0.57,0.0,0.0,0.57,0.0,3.9972890000000025,0.0,0.57,0.0,0.0
2025-12-31 06:00:00,0.85,0.0,0.0,0.85,0.0,3.1472890000000024,0.0,0.85,0.0,0.0
2025-12-31 07:00:00,1.32,0.0,0.0,1.32,0.0,1.8272890000000024,0.0,1.32,0.0,0.0
2025-12-31 08:00:00,0.49,0.0,0.0,0.49,0.264245,1.6015340000000025,0.0,0.22575499999999998,0.0,0.0
2025-12-31 09:00:00,0.87,0.0,0.0,0.87,1.117777,1.8493110000000024,0.24777700000000003,0.0,0.0,0.0
2025-12-31 10:00:00,0.5900000000000001,0.0,0.0,0.5900000000000001,0.7016549999999999,1.9609660000000022,0.11165499999999984,0.0,0.0,0.0
2025-12-31 11:00:00,0.79,0.0,0.0,0.79,0.686403,1.857369000000002,0.0,0.10359700000000005,0.0,0.0
2025-12-31 12:00:00,0.48,0.0,0.0,0.48,0.6603479999999999,2.037717000000002,0.18034799999999995,0.0,0.0,0.0
2025-12-31 13:00:00,0.72,0.0,0.0,0.72,0.609433,1.927150000000002,0.0,0.11056699999999997,0.0,0.0
2025-12-31 14:00:00,0.95,0.0,0.0,0.95,0.324726,1.301876000000002,0.0,0.6252739999999999,0.0,0.0
2025-12-31 15:00:00,0.5900000000000001,0.0,0.0,0.5900000000000001,0.17002,0.881896000000002,0.0,0.4199800000000001,0.0,0.0
2025-12-31 16:00:00,1.02,0.0,0.0,1.02,0.031911999999999996,0.0,0.0,0.881896000000002,0.10619199999999807,0.0
2025-12-31 17:00:00,0.51,0.0,0.0,0.51,0.0,0.0,0.0,0.0,0.51,0.0
2025-12-31 18:00:00,0.98,0.0,0.0,0.98,0.0,0.0,0.0,0.0,0.98,0.0
2025-12-31 19:00:00,0.5,0.0,0.0,0.5,0.0,0.0,0.0,0.0,0.5,0.0
2025-12-31 20:00:00,1.13,0.0,0.0,1.13,0.0,0.0,0.0,0.0,1.13,0.0
2025-12-31 21:00:00,1.0699999999999998,0.0,0.0,1.0699999999999998,0.0,0.0,0.0,0.0,1.0699999999999998,0.0
2025-12-31 22:00:00,0.5700000000000001,0.0,0.0,0.5700000000000001,0.0,0.0,0.0,0.0,0.5700000000000001,0.0
2025-12-31 23:00:00,0.6499999999999999,0.0,0.0,0.6499999999999999,0.0,0.0,0.0,0.0,0.6499999999999999,0.0
