timestamp,usage_kwh,generation_kwh,battery_soc_kwh,buy_kwh,buy_price,sell_kwh,sell_price,cost
2025-01-01 00:00:00,1.46,0.0,12.04,0.0,0.37016129,0.0,0.09,0.0
2025-01-01 01:00:00,0.95,0.0,11.09,0.0,0.37016129,0.0,0.088,0.0
2025-01-01 02:00:00,1.24,0.0,9.85,0.0,0.37016129,0.0,0.086,0.0
2025-01-01 03:00:00,1.52,0.0,8.33,0.0,0.37016129,0.0,0.086,0.0
2025-01-01 04:00:00,1.4,0.0,6.93,0.0,0.37016129,0.0,0.087,0.0
2025-01-01 05:00:00,1.5,0.0,5.43,0.0,0.37016129,0.0,0.092,0.0
2025-01-01 06:00:00,1.26,0.0,4.17,0.0,0.37016129,0.0,0.092,0.0
2025-01-01 07:00:00,1.0,0.0,3.17,0.0,0.37016129,0.0,0.088,0.0
2025-01-01 08:00:00,1.09,1.938989,4.0189889999999995,0.0,0.37016129,0.0,0.073,0.0
2025-01-01 09:00:00,1.51,0.050432,2.5594209999999995,0.0,0.37016129,0.0,0.065,0.0
2025-01-01 10:00:00,3.689999999999999,2.066022,0.9354430000000002,0.0,0.37016129,0.0,0.062,0.0
2025-01-01 11:00:00,4.980730769230769,5.599946,1.5546582307692312,0.0,0.37016129,0.0,0.061,0.0
2025-01-01 12:00:00,4.230730769230769,5.711375,3.0353024615384623,0.0,0.37016129,0.0,0.06,0.0
2025-01-01 13:00:00,4.3007307692307695,2.663025,1.397596692307693,0.0,0.37016129,0.0,0.058,0.0
2025-01-01 14:00:00,2.8499999999999996,2.837043,1.3846396923076931,0.0,0.37016129,0.0,0.057,0.0
2025-01-01 15:00:00,1.54,3.1515999999999997,2.996239692307693,0.0,0.38016129,0.0,0.061,0.0
2025-01-01 16:00:00,2.02,0.985283,1.961522692307693,0.0,0.40016129,0.0,0.081,0.0
2025-01-01 17:00:00,5.4254080459770115,0.0,0.0,3.4638853536693186,0.40016129,0.0,0.098,1.3861128315364208
2025-01-01 18:00:00,5.665408045977012,0.0,0.0,5.665408045977012,0.40016129,0.0,0.095,2.26707699205454
2025-01-01 19:00:00,0.48,0.0,0.0,0.48,0.40016129,0.0,0.089,0.1920774192
2025-01-01 20:00:00,0.29,0.0,0.0,0.29,0.40016129,0.0,0.088,0.1160467741
2025-01-01 21:00:00,0.25,0.0,0.0,0.25,0.38016129,0.0,0.09,0.0950403225
2025-01-01 22:00:00,0.41,0.0,0.0,0.41,0.38016129,0.0,0.09,0.15586612889999998
2025-01-01 23:00:00,0.75,0.0,0.0,0.75,0.38016129,0.0,0.091,0.2851209675
2025-01-02 00:00:00,0.86,0.0,0.0,0.86,0.37016129,0.0,0.09,0.3183387094
2025-01-02 01:00:00,1.36,0.0,0.0,1.36,0.37016129,0.0,0.088,0.5034193544
2025-01-02 02:00:00,1.06,0.0,0.0,1.06,0.37016129,0.0,0.086,0.3923709674
2025-01-02 03:00:00,1.06,0.0,0.0,1.06,0.37016129,0.0,0.086,0.3923709674
2025-01-02 04:00:00,1.07,0.0,0.0,1.07,0.37016129,0.0,0.087,0.3960725803
2025-01-02 05:00:00,1.12,0.0,0.0,1.12,0.37016129,0.0,0.092,0.4145806448
2025-01-02 06:00:00,1.39,0.0,0.0,1.39,0.37016129,0.0,0.092,0.5145241931
2025-01-02 07:00:00,1.3199999999999998,0.0,0.0,1.3199999999999998,0.37016129,0.0,0.088,0.4886129027999999
2025-01-02 08:00:00,0.56,0.0002,0.0,0.5598000000000001,0.37016129,0.0,0.073,0.20721629014200002
2025-01-02 09:00:00,0.17,0.241451,0.0714509999999999,0.0,0.37016129,0.0,0.065,0.0
2025-01-02 10:00:00,0.72,0.128756,0.0,0.5197930000000001,0.37016129,0.0,0.062,0.19240724741297002
2025-01-02 11:00:00,1.0369102564102564,0.919431,0.0,0.11747925641025636,0.37016129,0.0,0.061,0.04348627310106126
2025-01-02 12:00:00,1.1269102564102564,0.6440710000000001,0.0,0.4828392564102564,0.37016129,0.0,0.06,0.17872840201546125
2025-01-02 13:00:00,0.4869102564102564,0.958499,0.4715887435897435,0.0,0.37016129,0.0,0.058,0.0
2025-01-02 14:00:00,0.2,0.386791,0.6583797435897436,0.0,0.37016129,0.0,0.057,0.0
2025-01-02 15:00:00,0.56,0.400077,0.4984567435897435,0.0,0.38016129,0.0,0.061,0.0
2025-01-02 16:00:00,0.93,0.047075,0.0,0.38446825641025656,0.40016129,0.0,0.081,0.15384931344917904
2025-01-02 17:00:00,1.3484693486590038,0.0,0.0,1.3484693486590038,0.40016129,0.0,0.098,0.5396052340848467
2025-01-02 18:00:00,1.948469348659004,0.0,0.0,1.948469348659004,0.40016129,0.0,0.095,0.7797020080848468
2025-01-02 19:00:00,0.96,0.0,0.0,0.96,0.40016129,0.0,0.089,0.3841548384
2025-01-02 20:00:00,0.6000000000000001,0.0,0.0,0.6000000000000001,0.40016129,0.0,0.088,0.24009677400000004
2025-01-02 21:00:00,0.61,0.0,0.0,0.61,0.38016129,0.0,0.09,0.23189838689999998
2025-01-02 22:00:00,0.76,0.0,0.0,0.76,0.38016129,0.0,0.09,0.2889225804
2025-01-02 23:00:00,0.5499999999999999,0.0,0.0,0.5499999999999999,0.38016129,0.0,0.091,0.20908870949999997
2025-01-03 00:00:00,0.92,0.0,0.0,0.92,0.37016129,0.0,0.09,0.3405483868
2025-01-03 01:00:00,0.92,0.0,0.0,0.92,0.37016129,0.0,0.088,0.3405483868
2025-01-03 02:00:00,0.5700000000000001,0.0,0.0,0.5700000000000001,0.37016129,0.0,0.086,0.21099193530000002
2025-01-03 03:00:00,0.67,0.0,0.0,0.67,0.37016129,0.0,0.086,0.2480080643
2025-01-03 04:00:00,0.91,0.0,0.0,0.91,0.37016129,0.0,0.087,0.3368467739
2025-01-03 05:00:00,0.63,0.0,0.0,0.63,0.37016129,0.0,0.092,0.23320161269999998
2025-01-03 06:00:00,0.57,0.0,0.0,0.57,0.37016129,0.0,0.092,0.21099193529999996
2025-01-03 07:00:00,1.39,0.0,0.0,1.39,0.37016129,0.0,0.088,0.5145241931
2025-01-03 08:00:00,1.6,0.024644,0.0,1.5753560000000002,0.37016129,0.0,0.073,0.58313580916924
2025-01-03 09:00:00,0.92,1.428919,0.508919,0.0,0.37016129,0.0,0.065,0.0
2025-01-03 10:00:00,3.21,3.582029,0.880948,0.0,0.37016129,0.0,0.062,0.0
2025-01-03 11:00:00,5.176910256410256,1.543291,0.0,2.752671256410256,0.37016129,0.0,0.061,1.0189323432187412
2025-01-03 12:00:00,3.2369102564102565,1.111522,0.0,2.1253882564102566,0.37016129,0.0,0.06,0.7867364587436713
2025-01-03 13:00:00,2.9469102564102565,1.072608,0.0,1.8743022564102565,0.37016129,0.0,0.058,0.6937941410827313
2025-01-03 14:00:00,2.53,1.298794,0.0,1.2312059999999998,0.37016129,0.0,0.057,0.4557448012157399
2025-01-03 15:00:00,0.2299999999999999,1.476569,1.246569,0.0,0.38016129,0.0,0.061,0.0
2025-01-03 16:00:00,0.26,0.057196,1.043765,0.0,0.40016129,0.0,0.081,0.0
2025-01-03 17:00:00,1.6784693486590037,0.0,0.0,0.6347043486590036,0.40016129,0.0,0.098,0.25398411092799666
2025-01-03 18:00:00,2.958469348659004,0.0,0.0,2.958469348659004,0.40016129,0.0,0.095,1.1838649109848467
2025-01-03 19:00:00,1.26,0.0,0.0,1.26,0.40016129,0.0,0.089,0.5042032254
2025-01-03 20:00:00,0.6799999999999999,0.0,0.0,0.6799999999999999,0.40016129,0.0,0.088,0.27210967719999996
2025-01-03 21:00:00,0.98,0.0,0.0,0.98,0.38016129,0.0,0.09,0.3725580642
2025-01-03 22:00:00,0.67,0.0,0.0,0.67,0.38016129,0.0,0.09,0.2547080643
2025-01-03 23:00:00,1.09,0.0,0.0,1.09,0.38016129,0.0,0.091,0.4143758061
2025-01-04 00:00:00,0.65,0.0,0.0,0.65,0.37016129,0.0,0.09,0.2406048385
2025-01-04 01:00:00,1.04,0.0,0.0,1.04,0.37016129,0.0,0.088,0.38496774159999997
2025-01-04 02:00:00,1.11,0.0,0.0,1.11,0.37016129,0.0,0.086,0.4108790319
2025-01-04 03:00:00,1.03,0.0,0.0,1.03,0.37016129,0.0,0.086,0.3812661287
2025-01-04 04:00:00,1.23,0.0,0.0,1.23,0.37016129,0.0,0.087,0.45529838669999995
2025-01-04 05:00:00,1.1,0.0,0.0,1.1,0.37016129,0.0,0.092,0.407177419
2025-01-04 06:00:00,1.08,0.0,0.0,1.08,0.37016129,0.0,0.092,0.3997741932
2025-01-04 07:00:00,1.2,0.0,0.0,1.2,0.37016129,0.0,0.088,0.44419354799999994
2025-01-04 08:00:00,1.06,0.969426,0.0,0.09057400000000004,0.37016129,0.0,0.073,0.033526988680460015
2025-01-04 09:00:00,0.92,2.737154,1.817154,0.0,0.37016129,0.0,0.065,0.0
2025-01-04 10:00:00,2.9299999999999997,0.312878,0.0,0.7999679999999998,0.37016129,0.0,0.062,0.2961171868387199
2025-01-04 11:00:00,3.4469102564102565,2.35402,0.0,1.0928902564102567,0.37016129,0.0,0.061,0.4045456671412514
2025-01-04 12:00:00,2.8269102564102564,2.843225,0.0163147435897434,0.0,0.37016129,0.0,0.06,0.0
2025-01-04 13:00:00,3.006910256410256,2.662611,0.0,0.32798451282051266,0.37016129,0.0,0.058,0.1214071703656625
2025-01-04 14:00:00,2.46,0.317337,0.0,2.1426629999999998,0.37016129,0.0,0.057,0.7931309001152699
2025-01-04 15:00:00,0.31,3.052001,2.742001,0.0,0.38016129,0.0,0.061,0.0
2025-01-04 16:00:00,2.29,0.022971,0.4749720000000001,0.0,0.40016129,0.0,0.081,0.0
2025-01-04 17:00:00,3.658469348659004,0.0,0.0,3.183497348659004,0.40016129,0.0,0.098,1.2739124057509668
2025-01-04 18:00:00,2.898469348659004,0.0,0.0,2.898469348659004,0.40016129,0.0,0.095,1.1598552335848467
2025-01-04 19:00:00,0.73,0.0,0.0,0.73,0.40016129,0.0,0.089,0.2921177417
2025-01-04 20:00:00,0.64,0.0,0.0,0.64,0.40016129,0.0,0.088,0.2561032256
2025-01-04 21:00:00,1.04,0.0,0.0,1.04,0.38016129,0.0,0.09,0.3953677416
2025-01-04 22:00:00,0.81,0.0,0.0,0.81,0.38016129,0.0,0.09,0.3079306449
2025-01-04 23:00:00,0.91,0.0,0.0,0.91,0.38016129,0.0,0.091,0.3459467739
2025-01-05 00:00:00,1.06,0.0,0.0,1.06,0.37016129,0.0,0.09,0.3923709674
2025-01-05 01:00:00,1.13,0.0,0.0,1.13,0.37016129,0.0,0.088,0.41828225769999994
2025-01-05 02:00:00,0.97,0.0,0.0,0.97,0.37016129,0.0,0.086,0.35905645129999997
2025-01-05 03:00:00,1.19,0.0,0.0,1.19,0.37016129,0.0,0.086,0.44049193509999995
2025-01-05 04:00:00,1.21,0.0,0.0,1.21,0.37016129,0.0,0.087,0.4478951609
2025-01-05 05:00:00,0.99,0.0,0.0,0.99,0.37016129,0.0,0.092,0.3664596771
2025-01-05 06:00:00,1.16,0.0,0.0,1.16,0.37016129,0.0,0.092,0.42938709639999995
2025-01-05 07:00:00,1.41,0.0,0.0,1.41,0.37016129,0.0,0.088,0.5219274188999999
2025-01-05 08:00:00,1.71,0.146727,0.0,1.563273,0.37016129,0.0,0.073,0.57866315030217
2025-01-05 09:00:00,0.13,0.753404,0.623404,0.0,0.37016129,0.0,0.065,0.0
2025-01-05 10:00:00,2.5,0.8964719999999999,0.0,0.9801240000000001,0.37016129,0.0,0.062,0.36280396419996
2025-01-05 11:00:00,2.833153846153846,0.347647,0.0,2.485506846153846,0.37016129,0.0,0.061,0.9200384204761392
2025-01-05 12:00:00,2.783153846153846,1.2011079999999998,0.0,1.5820458461538462,0.37016129,0.0,0.06,0.5856121312514492
2025-01-05 13:00:00,2.893153846153846,0.331898,0.0,2.5612558461538457,0.37016129,0.0,0.058,0.948077768032349
2025-01-05 14:00:00,2.75,0.338858,0.0,2.411142,0.37016129,0.0,0.057,0.8925114330931799
2025-01-05 15:00:00,0.15,0.201046,0.051046,0.0,0.38016129,0.0,0.061,0.0
2025-01-05 16:00:00,0.32,0.930976,0.662022,0.0,0.40016129,0.0,0.081,0.0
2025-01-05 17:00:00,1.3778045977011495,0.0,0.0,0.7157825977011495,0.40016129,0.0,0.098,0.286428487655643
2025-01-05 18:00:00,2.51780459770115,0.0,0.0,2.51780459770115,0.40016129,0.0,0.095,1.0075279357840232
2025-01-05 19:00:00,0.78,0.0,0.0,0.78,0.40016129,0.0,0.089,0.3121258062
2025-01-05 20:00:00,0.6900000000000001,0.0,0.0,0.6900000000000001,0.40016129,0.0,0.088,0.2761112901
2025-01-05 21:00:00,1.26,0.0,0.0,1.26,0.38016129,0.0,0.09,0.4790032254
2025-01-05 22:00:00,0.8700000000000001,0.0,0.0,0.8700000000000001,0.38016129,0.0,0.09,0.3307403223
2025-01-05 23:00:00,1.5,0.0,0.0,1.5,0.38016129,0.0,0.091,0.570241935
2025-01-06 00:00:00,1.52,0.0,0.0,1.52,0.37016129,0.0,0.09,0.5626451607999999
2025-01-06 01:00:00,1.84,0.0,0.0,1.84,0.37016129,0.0,0.088,0.6810967736
2025-01-06 02:00:00,1.85,0.0,0.0,1.85,0.37016129,0.0,0.086,0.6847983865
2025-01-06 03:00:00,2.17,0.0,0.0,2.17,0.37016129,0.0,0.086,0.8032499993
2025-01-06 04:00:00,1.84,0.0,0.0,1.84,0.37016129,0.0,0.087,0.6810967736
2025-01-06 05:00:00,1.92,0.0,0.0,1.92,0.37016129,0.0,0.092,0.7107096768
2025-01-06 06:00:00,1.93,0.0,0.0,1.93,0.37016129,0.0,0.092,0.7144112896999999
2025-01-06 07:00:00,2.05,0.0,0.0,2.05,0.37016129,0.0,0.088,0.7588306444999999
2025-01-06 08:00:00,0.7300000000000001,2.1970500000000004,1.4670500000000004,0.0,0.37016129,0.0,0.073,0.0
2025-01-06 09:00:00,0.38,3.919746,5.0067960000000005,0.0,0.37016129,0.0,0.065,0.0
2025-01-06 10:00:00,0.47,4.988271,9.525067,0.0,0.37016129,0.0,0.062,0.0
2025-01-06 11:00:00,0.6631538461538462,5.544457,13.5,0.0,0.37016129,4.881303153846154,0.061,-0.2977594923846154
2025-01-06 12:00:00,1.0431538461538463,5.666506,13.5,0.0,0.37016129,4.623352153846154,0.06,-0.27740112923076926
2025-01-06 13:00:00,1.4331538461538462,5.352336,13.5,0.0,0.37016129,3.9191821538461538,0.058,-0.22731256492307694
2025-01-06 14:00:00,1.3199999999999998,2.571836,13.5,0.0,0.37016129,1.251836,0.057,-0.071354652
2025-01-06 15:00:00,0.7000000000000001,3.257829,13.5,0.0,0.38016129,2.557829,0.061,-0.156027569
2025-01-06 16:00:00,0.28,1.248846,13.5,0.0,0.40016129,0.9688459999999999,0.081,-0.07847652599999999
2025-01-06 17:00:00,2.34780459770115,0.0,11.152195402298853,0.0,0.40016129,0.0,0.098,0.0
2025-01-06 18:00:00,2.74780459770115,0.0,8.404390804597702,0.0,0.40016129,0.0,0.095,0.0
2025-01-06 19:00:00,1.7600000000000002,0.0,6.644390804597702,0.0,0.40016129,0.0,0.089,0.0
2025-01-06 20:00:00,1.5,0.0,5.144390804597702,0.0,0.40016129,0.0,0.088,0.0
2025-01-06 21:00:00,1.4500000000000002,0.0,3.6943908045977016,0.0,0.38016129,0.0,0.09,0.0
2025-01-06 22:00:00,1.87,0.0,1.8243908045977015,0.0,0.38016129,0.0,0.09,0.0
2025-01-06 23:00:00,1.73,0.0,0.0943908045977015,0.0,0.38016129,0.0,0.091,0.0
2025-01-07 00:00:00,1.83,0.0,0.0,1.7356091954022985,0.37016129,0.0,0.09,0.6424553387059768
2025-01-07 01:00:00,1.9,0.0,0.0,1.9,0.37016129,0.0,0.088,0.7033064509999999
2025-01-07 02:00:00,1.74,0.0,0.0,1.74,0.37016129,0.0,0.086,0.6440806445999999
2025-01-07 03:00:00,1.82,0.0,0.0,1.82,0.37016129,0.0,0.086,0.6736935478
2025-01-07 04:00:00,2.03,0.0,0.0,2.03,0.37016129,0.0,0.087,0.7514274186999998
2025-01-07 05:00:00,1.82,0.0,0.0,1.82,0.37016129,0.0,0.092,0.6736935478
2025-01-07 06:00:00,2.19,0.0,0.0,2.19,0.37016129,0.0,0.092,0.8106532250999999
2025-01-07 07:00:00,1.79,0.0,0.0,1.79,0.37016129,0.0,0.088,0.6625887091
2025-01-07 08:00:00,0.62,0.0,0.0,0.62,0.37016129,0.0,0.073,0.2294999998
2025-01-07 09:00:00,0.52,1.171649,0.6516489999999999,0.0,0.37016129,0.0,0.065,0.0
2025-01-07 10:00:00,0.53,0.795242,0.916891,0.0,0.37016129,0.0,0.062,0.0
2025-01-07 11:00:00,0.7831538461538463,0.447295,0.5810321538461536,0.0,0.37016129,0.0,0.061,0.0
2025-01-07 12:00:00,0.6231538461538462,0.617316,0.5751943076923074,0.0,0.37016129,0.0,0.06,0.0
2025-01-07 13:00:00,0.5331538461538462,0.657321,0.6993614615384612,0.0,0.37016129,0.0,0.058,0.0
2025-01-07 14:00:00,0.1,0.496452,1.0958134615384614,0.0,0.37016129,0.0,0.057,0.0
2025-01-07 15:00:00,0.12,0.7713150000000001,1.7471284615384617,0.0,0.38016129,0.0,0.061,0.0
2025-01-07 16:00:00,0.21,0.10042,1.6375484615384617,0.0,0.40016129,0.0,0.081,0.0
2025-01-07 17:00:00,1.2778045977011496,0.0,0.3597438638373118,0.0,0.40016129,0.0,0.098,0.0
2025-01-07 18:00:00,3.1978045977011496,0.0,0.0,2.8380607338638377,0.40016129,0.0,0.095,1.1356820443613
2025-01-07 19:00:00,0.38,0.0,0.0,0.38,0.40016129,0.0,0.089,0.1520612902
2025-01-07 20:00:00,0.56,0.0,0.0,0.56,0.40016129,0.0,0.088,0.2240903224
2025-01-07 21:00:00,0.62,0.0,0.0,0.62,0.38016129,0.0,0.09,0.23569999979999998
2025-01-07 22:00:00,0.6900000000000001,0.0,0.0,0.6900000000000001,0.38016129,0.0,0.09,0.26231129010000004
2025-01-07 23:00:00,0.58,0.0,0.0,0.58,0.38016129,0.0,0.091,0.22049354819999997
2025-01-08 00:00:00,0.51,0.0,0.0,0.51,0.37016129,0.0,0.09,0.1887822579
2025-01-08 01:00:00,0.69,0.0,0.0,0.69,0.37016129,0.0,0.088,0.25541129009999997
2025-01-08 02:00:00,0.78,0.0,0.0,0.78,0.37016129,0.0,0.086,0.2887258062
2025-01-08 03:00:00,0.78,0.0,0.0,0.78,0.37016129,0.0,0.086,0.2887258062
2025-01-08 04:00:00,0.79,0.0,0.0,0.79,0.37016129,0.0,0.087,0.2924274191
2025-01-08 05:00:00,0.79,0.0,0.0,0.79,0.37016129,0.0,0.092,0.2924274191
2025-01-08 06:00:00,0.8800000000000001,0.0,0.0,0.8800000000000001,0.37016129,0.0,0.092,0.3257419352
2025-01-08 07:00:00,1.0,0.0,0.0,1.0,0.37016129,0.0,0.088,0.37016129
2025-01-08 08:00:00,0.52,2.1191880000000003,1.5991880000000005,0.0,0.37016129,0.0,0.073,0.0
2025-01-08 09:00:00,0.18,0.0252079999999999,1.4443960000000002,0.0,0.37016129,0.0,0.065,0.0
2025-01-08 10:00:00,2.46,2.123418,1.1078140000000003,0.0,0.37016129,0.0,0.062,0.0
2025-01-08 11:00:00,2.7273653846153847,0.558937,0.0,1.0606143846153842,0.37016129,0.0,0.061,0.3925983888017867
2025-01-08 12:00:00,2.7173653846153845,0.272134,0.0,2.4452313846153846,0.37016129,0.0,0.06,0.9051300036777169
2025-01-08 13:00:00,2.7173653846153845,0.0644489999999999,0.0,2.6529163846153847,0.37016129,0.0,0.058,0.9820069511913669
2025-01-08 14:00:00,2.4299999999999997,0.5953780000000001,0.0,1.8346219999999995,0.37016129,0.0,0.057,0.6791060461823798
2025-01-08 15:00:00,0.14,0.169171,0.0291709999999999,0.0,0.38016129,0.0,0.061,0.0
2025-01-08 16:00:00,0.2,0.002434,0.0,0.16839500000000013,0.40016129,0.0,0.081,0.06738516042955005
2025-01-08 17:00:00,0.995853448275862,0.0,0.0,0.995853448275862,0.40016129,0.0,0.098,0.3985020005130172
2025-01-08 18:00:00,1.4058534482758622,0.0,0.0,1.4058534482758622,0.40016129,0.0,0.095,0.5625681294130173
2025-01-08 19:00:00,0.32,0.0,0.0,0.32,0.40016129,0.0,0.089,0.1280516128
2025-01-08 20:00:00,0.33,0.0,0.0,0.33,0.40016129,0.0,0.088,0.1320532257
2025-01-08 21:00:00,0.44,0.0,0.0,0.44,0.38016129,0.0,0.09,0.1672709676
2025-01-08 22:00:00,1.45,0.0,0.0,1.45,0.38016129,0.0,0.09,0.5512338705
2025-01-08 23:00:00,1.76,0.0,0.0,1.76,0.38016129,0.0,0.091,0.6690838704
2025-01-09 00:00:00,1.85,0.0,0.0,1.85,0.37016129,0.0,0.09,0.6847983865
2025-01-09 01:00:00,1.93,0.0,0.0,1.93,0.37016129,0.0,0.088,0.7144112896999999
2025-01-09 02:00:00,1.65,0.0,0.0,1.65,0.37016129,0.0,0.086,0.6107661284999999
2025-01-09 03:00:00,2.05,0.0,0.0,2.05,0.37016129,0.0,0.086,0.7588306444999999
2025-01-09 04:00:00,1.77,0.0,0.0,1.77,0.37016129,0.0,0.087,0.6551854832999999
2025-01-09 05:00:00,2.05,0.0,0.0,2.05,0.37016129,0.0,0.092,0.7588306444999999
2025-01-09 06:00:00,1.88,0.0,0.0,1.88,0.37016129,0.0,0.092,0.6959032251999999
2025-01-09 07:00:00,1.99,0.0,0.0,1.99,0.37016129,0.0,0.088,0.7366209670999999
2025-01-09 08:00:00,0.54,0.725699,0.1856989999999999,0.0,0.37016129,0.0,0.073,0.0
2025-01-09 09:00:00,0.2,0.7342540000000001,0.719953,0.0,0.37016129,0.0,0.065,0.0
2025-01-09 10:00:00,0.2,1.271569,1.791522,0.0,0.37016129,0.0,0.062,0.0
2025-01-09 11:00:00,0.4973653846153847,3.795908,5.090064615384615,0.0,0.37016129,0.0,0.061,0.0
2025-01-09 12:00:00,0.4873653846153847,3.19878,7.801479230769231,0.0,0.37016129,0.0,0.06,0.0
2025-01-09 13:00:00,0.4973653846153847,3.098065,10.402178846153848,0.0,0.37016129,0.0,0.058,0.0
2025-01-09 14:00:00,0.21,3.058208,13.250386846153846,0.0,0.37016129,0.0,0.057,0.0
2025-01-09 15:00:00,0.21,2.224471,13.5,0.0,0.38016129,2.014471,0.061,-0.122882731
2025-01-09 16:00:00,0.2,0.128135,13.428135,0.0,0.40016129,0.0,0.081,0.0
2025-01-09 17:00:00,1.0858534482758622,0.0,12.342281551724136,0.0,0.40016129,0.0,0.098,0.0
2025-01-09 18:00:00,3.575853448275862,0.0,8.766428103448273,0.0,0.40016129,0.0,0.095,0.0
2025-01-09 19:00:00,0.75,0.0,8.016428103448273,0.0,0.40016129,0.0,0.089,0.0
2025-01-09 20:00:00,0.2,0.0,7.816428103448273,0.0,0.40016129,0.0,0.088,0.0
2025-01-09 21:00:00,0.16,0.0,7.656428103448273,0.0,0.38016129,0.0,0.09,0.0
2025-01-09 22:00:00,0.14,0.0,7.516428103448273,0.0,0.38016129,0.0,0.09,0.0
2025-01-09 23:00:00,0.09,0.0,7.4264281034482735,0.0,0.38016129,0.0,0.091,0.0
2025-01-10 00:00:00,0.09,0.0,7.336428103448274,0.0,0.37016129,0.0,0.09,0.0
2025-01-10 01:00:00,0.1,0.0,7.236428103448274,0.0,0.37016129,0.0,0.088,0.0
2025-01-10 02:00:00,0.1,0.0,7.136428103448274,0.0,0.37016129,0.0,0.086,0.0
2025-01-10 03:00:00,0.41,0.0,6.726428103448274,0.0,0.37016129,0.0,0.086,0.0
2025-01-10 04:00:00,0.69,0.0,6.036428103448275,0.0,0.37016129,0.0,0.087,0.0
2025-01-10 05:00:00,0.51,0.0,5.526428103448275,0.0,0.37016129,0.0,0.092,0.0
2025-01-10 06:00:00,0.94,0.0,4.5864281034482755,0.0,0.37016129,0.0,0.092,0.0
2025-01-10 07:00:00,0.51,0.0,4.076428103448276,0.0,0.37016129,0.0,0.088,0.0
2025-01-10 08:00:00,0.4499999999999999,0.146883,3.773311103448276,0.0,0.37016129,0.0,0.073,0.0
2025-01-10 09:00:00,0.09,0.577339,4.260650103448276,0.0,0.37016129,0.0,0.065,0.0
2025-01-10 10:00:00,2.4,0.653381,2.514031103448276,0.0,0.37016129,0.0,0.062,0.0
2025-01-10 11:00:00,2.6973653846153844,2.390521,2.2071867188328915,0.0,0.37016129,0.0,0.061,0.0
2025-01-10 12:00:00,2.6773653846153844,5.75,5.279821334217507,0.0,0.37016129,0.0,0.06,0.0
2025-01-10 13:00:00,2.6873653846153847,3.783882,6.376337949602123,0.0,0.37016129,0.0,0.058,0.0
2025-01-10 14:00:00,2.3899999999999997,0.8703970000000001,4.856734949602123,0.0,0.37016129,0.0,0.057,0.0
2025-01-10 15:00:00,0.1,0.517242,5.2739769496021225,0.0,0.38016129,0.0,0.061,0.0
2025-01-10 16:00:00,0.99,0.253459,4.537435949602123,0.0,0.40016129,0.0,0.081,0.0
2025-01-10 17:00:00,3.535853448275862,0.0,1.0015825013262605,0.0,0.40016129,0.0,0.098,0.0
2025-01-10 18:00:00,1.785853448275862,0.0,0.0,0.7842709469496014,0.40016129,0.0,0.095,0.31383487384087405
2025-01-10 19:00:00,0.17,0.0,0.0,0.17,0.40016129,0.0,0.089,0.0680274193
2025-01-10 20:00:00,0.19,0.0,0.0,0.19,0.40016129,0.0,0.088,0.0760306451
2025-01-10 21:00:00,0.14,0.0,0.0,0.14,0.38016129,0.0,0.09,0.0532225806
2025-01-10 22:00:00,0.15,0.0,0.0,0.15,0.38016129,0.0,0.09,0.057024193499999994
2025-01-10 23:00:00,0.1,0.0,0.0,0.1,0.38016129,0.0,0.091,0.038016129
2025-01-11 00:00:00,0.51,0.0,0.0,0.51,0.37016129,0.0,0.09,0.1887822579
2025-01-11 01:00:00,0.66,0.0,0.0,0.66,0.37016129,0.0,0.088,0.24430645139999999
2025-01-11 02:00:00,0.94,0.0,0.0,0.94,0.37016129,0.0,0.086,0.34795161259999996
2025-01-11 03:00:00,0.87,0.0,0.0,0.87,0.37016129,0.0,0.086,0.32204032229999996
2025-01-11 04:00:00,0.86,0.0,0.0,0.86,0.37016129,0.0,0.087,0.3183387094
2025-01-11 05:00:00,1.24,0.0,0.0,1.24,0.37016129,0.0,0.092,0.4589999996
2025-01-11 06:00:00,0.96,0.0,0.0,0.96,0.37016129,0.0,0.092,0.3553548384
2025-01-11 07:00:00,0.97,0.0,0.0,0.97,0.37016129,0.0,0.088,0.35905645129999997
2025-01-11 08:00:00,0.5700000000000001,1.792172,1.222172,0.0,0.37016129,0.0,0.073,0.0
2025-01-11 09:00:00,0.66,3.890529,4.452700999999999,0.0,0.37016129,0.0,0.065,0.0
2025-01-11 10:00:00,2.51,5.134357,7.077057999999999,0.0,0.37016129,0.0,0.062,0.0
2025-01-11 11:00:00,2.7973653846153845,5.75,10.029692615384617,0.0,0.37016129,0.0,0.061,0.0
2025-01-11 12:00:00,2.7773653846153845,5.75,13.00232723076923,0.0,0.37016129,0.0,0.06,0.0
2025-01-11 13:00:00,2.6973653846153844,2.31665,12.621611846153847,0.0,0.37016129,0.0,0.058,0.0
2025-01-11 14:00:00,2.4099999999999997,1.853496,12.065107846153849,0.0,0.37016129,0.0,0.057,0.0
2025-01-11 15:00:00,0.11,3.272977,13.5,0.0,0.38016129,3.162977,0.061,-0.192941597
2025-01-11 16:00:00,0.13,1.272877,13.5,0.0,0.40016129,1.142877,0.081,-0.092573037
2025-01-11 17:00:00,1.3558534482758622,0.0,12.144146551724138,0.0,0.40016129,0.0,0.098,0.0
2025-01-11 18:00:00,3.325853448275862,0.0,8.818293103448276,0.0,0.40016129,0.0,0.095,0.0
2025-01-11 19:00:00,0.19,0.0,8.628293103448277,0.0,0.40016129,0.0,0.089,0.0
2025-01-11 20:00:00,0.22,0.0,8.408293103448276,0.0,0.40016129,0.0,0.088,0.0
2025-01-11 21:00:00,0.77,0.0,7.638293103448277,0.0,0.38016129,0.0,0.09,0.0
2025-01-11 22:00:00,1.61,0.0,6.028293103448276,0.0,0.38016129,0.0,0.09,0.0
2025-01-11 23:00:00,0.56,0.0,5.468293103448277,0.0,0.38016129,0.0,0.091,0.0
2025-01-12 00:00:00,0.72,0.0,4.748293103448277,0.0,0.37016129,0.0,0.09,0.0
2025-01-12 01:00:00,0.87,0.0,3.878293103448277,0.0,0.37016129,0.0,0.088,0.0
2025-01-12 02:00:00,0.58,0.0,3.2982931034482768,0.0,0.37016129,0.0,0.086,0.0
2025-01-12 03:00:00,1.02,0.0,2.2782931034482767,0.0,0.37016129,0.0,0.086,0.0
2025-01-12 04:00:00,0.9,0.0,1.3782931034482768,0.0,0.37016129,0.0,0.087,0.0
2025-01-12 05:00:00,0.98,0.0,0.3982931034482768,0.0,0.37016129,0.0,0.092,0.0
2025-01-12 06:00:00,1.2,0.0,0.0,0.8017068965517231,0.37016129,0.0,0.092,0.29676085902948235
2025-01-12 07:00:00,0.8,0.0,0.0,0.8,0.37016129,0.0,0.088,0.296129032
2025-01-12 08:00:00,0.57,2.447554,1.8775540000000004,0.0,0.37016129,0.0,0.073,0.0
2025-01-12 09:00:00,0.56,4.09747,5.415024000000001,0.0,0.37016129,0.0,0.065,0.0
2025-01-12 10:00:00,2.5599999999999996,5.143639,7.998663000000001,0.0,0.37016129,0.0,0.062,0.0
2025-01-12 11:00:00,3.9231538461538458,5.738752000000001,9.814261153846155,0.0,0.37016129,0.0,0.061,0.0
2025-01-12 12:00:00,5.413153846153846,5.75,10.15110730769231,0.0,0.37016129,0.0,0.06,0.0
2025-01-12 13:00:00,3.263153846153846,5.566131,12.454084461538464,0.0,0.37016129,0.0,0.058,0.0
2025-01-12 14:00:00,2.5599999999999996,4.82906,13.5,0.0,0.37016129,2.2690600000000005,0.057,-0.12933642000000004
2025-01-12 15:00:00,0.11,3.516324,13.5,0.0,0.38016129,3.406324,0.061,-0.207785764
2025-01-12 16:00:00,0.09,1.564195,13.5,0.0,0.40016129,1.474195,0.081,-0.119409795
2025-01-12 17:00:00,1.7078045977011498,0.0,11.79219540229885,0.0,0.40016129,0.0,0.098,0.0
2025-01-12 18:00:00,3.3478045977011495,0.0,8.4443908045977,0.0,0.40016129,0.0,0.095,0.0
2025-01-12 19:00:00,1.14,0.0,7.304390804597701,0.0,0.40016129,0.0,0.089,0.0
2025-01-12 20:00:00,0.49,0.0,6.814390804597701,0.0,0.40016129,0.0,0.088,0.0
2025-01-12 21:00:00,0.6,0.0,6.214390804597701,0.0,0.38016129,0.0,0.09,0.0
2025-01-12 22:00:00,0.59,0.0,5.624390804597701,0.0,0.38016129,0.0,0.09,0.0
2025-01-12 23:00:00,0.6,0.0,5.024390804597702,0.0,0.38016129,0.0,0.091,0.0
2025-01-13 00:00:00,0.7000000000000001,0.0,4.3243908045977015,0.0,0.37016129,0.0,0.09,0.0
2025-01-13 01:00:00,0.86,0.0,3.4643908045977017,0.0,0.37016129,0.0,0.088,0.0
2025-01-13 02:00:00,0.9,0.0,2.5643908045977017,0.0,0.37016129,0.0,0.086,0.0
2025-01-13 03:00:00,1.3,0.0,1.2643908045977017,0.0,0.37016129,0.0,0.086,0.0
2025-01-13 04:00:00,1.23,0.0,0.0343908045977017,0.0,0.37016129,0.0,0.087,0.0
2025-01-13 05:00:00,1.06,0.0,0.0,1.0256091954022983,0.37016129,0.0,0.092,0.3796408228059768
2025-01-13 06:00:00,1.36,0.0,0.0,1.36,0.37016129,0.0,0.092,0.5034193544
2025-01-13 07:00:00,1.29,0.0,0.0,1.29,0.37016129,0.0,0.088,0.47750806409999996
2025-01-13 08:00:00,0.68,0.183011,0.0,0.496989,0.37016129,0.0,0.073,0.18396608935581
2025-01-13 09:00:00,0.42,0.49213,0.07213,0.0,0.37016129,0.0,0.065,0.0
2025-01-13 10:00:00,0.52,1.103807,0.655937,0.0,0.37016129,0.0,0.062,0.0
2025-01-13 11:00:00,0.5731538461538462,1.051982,1.1347651538461538,0.0,0.37016129,0.0,0.061,0.0
2025-01-13 12:00:00,0.5331538461538462,1.663254,2.2648653076923075,0.0,0.37016129,0.0,0.06,0.0
2025-01-13 13:00:00,0.5131538461538463,1.819805,3.5715164615384616,0.0,0.37016129,0.0,0.058,0.0
2025-01-13 14:00:00,0.14,1.464521,4.896037461538461,0.0,0.37016129,0.0,0.057,0.0
2025-01-13 15:00:00,0.14,0.547591,5.3036284615384615,0.0,0.38016129,0.0,0.061,0.0
2025-01-13 16:00:00,0.24,0.067525,5.131153461538461,0.0,0.40016129,0.0,0.081,0.0
2025-01-13 17:00:00,1.2578045977011496,0.0,3.873348863837311,0.0,0.40016129,0.0,0.098,0.0
2025-01-13 18:00:00,2.74780459770115,0.0,1.1255442661361617,0.0,0.40016129,0.0,0.095,0.0
2025-01-13 19:00:00,0.26,0.0,0.8655442661361616,0.0,0.40016129,0.0,0.089,0.0
2025-01-13 20:00:00,0.98,0.0,0.0,0.11445573386383834,0.40016129,0.0,0.088,0.04580075411085023
2025-01-13 21:00:00,0.89,0.0,0.0,0.89,0.38016129,0.0,0.09,0.3383435481
2025-01-13 22:00:00,1.09,0.0,0.0,1.09,0.38016129,0.0,0.09,0.4143758061
2025-01-13 23:00:00,0.94,0.0,0.0,0.94,0.38016129,0.0,0.091,0.3573516126
2025-01-14 00:00:00,0.93,0.0,0.0,0.93,0.37016129,0.0,0.09,0.3442499997
2025-01-14 01:00:00,1.21,0.0,0.0,1.21,0.37016129,0.0,0.088,0.4478951609
2025-01-14 02:00:00,0.86,0.0,0.0,0.86,0.37016129,0.0,0.086,0.3183387094
2025-01-14 03:00:00,1.24,0.0,0.0,1.24,0.37016129,0.0,0.086,0.4589999996
2025-01-14 04:00:00,0.98,0.0,0.0,0.98,0.37016129,0.0,0.087,0.36275806419999995
2025-01-14 05:00:00,1.39,0.0,0.0,1.39,0.37016129,0.0,0.092,0.5145241931
2025-01-14 06:00:00,1.02,0.0,0.0,1.02,0.37016129,0.0,0.092,0.3775645158
2025-01-14 07:00:00,1.27,0.0,0.0,1.27,0.37016129,0.0,0.088,0.4701048383
2025-01-14 08:00:00,1.0,2.496276,1.496276,0.0,0.37016129,0.0,0.073,0.0
2025-01-14 09:00:00,0.41,4.196270999999999,5.282546999999999,0.0,0.37016129,0.0,0.065,0.0
2025-01-14 10:00:00,0.1,5.231803,10.41435,0.0,0.37016129,0.0,0.062,0.0
2025-01-14 11:00:00,0.4831538461538462,4.89829,13.5,0.0,0.37016129,4.415136153846154,0.061,-0.2693233053846154
2025-01-14 12:00:00,0.4831538461538462,4.8963,13.5,0.0,0.37016129,4.413146153846154,0.06,-0.2647887692307692
2025-01-14 13:00:00,0.4931538461538462,5.577185999999999,13.5,0.0,0.37016129,5.084032153846153,0.058,-0.2948738649230769
2025-01-14 14:00:00,0.18,4.754549,13.5,0.0,0.37016129,4.574549,0.057,-0.260749293
2025-01-14 15:00:00,0.17,3.460075,13.5,0.0,0.38016129,3.290075,0.061,-0.200694575
2025-01-14 16:00:00,0.2299999999999999,0.712662,13.5,0.0,0.40016129,0.48266200000000015,0.081,-0.03909562200000001
2025-01-14 17:00:00,2.42780459770115,0.0,11.07219540229885,0.0,0.40016129,0.0,0.098,0.0
2025-01-14 18:00:00,2.51780459770115,0.0,8.554390804597698,0.0,0.40016129,0.0,0.095,0.0
2025-01-14 19:00:00,1.1,0.0,7.454390804597699,0.0,0.40016129,0.0,0.089,0.0
2025-01-14 20:00:00,1.83,0.0,5.624390804597699,0.0,0.40016129,0.0,0.088,0.0
2025-01-14 21:00:00,1.46,0.0,4.164390804597699,0.0,0.38016129,0.0,0.09,0.0
2025-01-14 22:00:00,1.92,0.0,2.244390804597699,0.0,0.38016129,0.0,0.09,0.0
2025-01-14 23:00:00,1.53,0.0,0.7143908045976988,0.0,0.38016129,0.0,0.091,0.0
2025-01-15 00:00:00,1.89,0.0,0.0,1.1756091954023011,0.37016129,0.0,0.09,0.4351650163059778
2025-01-15 01:00:00,1.95,0.0,0.0,1.95,0.37016129,0.0,0.088,0.7218145155
2025-01-15 02:00:00,2.06,0.0,0.0,2.06,0.37016129,0.0,0.086,0.7625322574
2025-01-15 03:00:00,1.94,0.0,0.0,1.94,0.37016129,0.0,0.086,0.7181129025999999
2025-01-15 04:00:00,2.06,0.0,0.0,2.06,0.37016129,0.0,0.087,0.7625322574
2025-01-15 05:00:00,2.04,0.0,0.0,2.04,0.37016129,0.0,0.092,0.7551290316
2025-01-15 06:00:00,2.24,0.0,0.0,2.24,0.37016129,0.0,0.092,0.8291612896
2025-01-15 07:00:00,1.83,0.0,0.0,1.83,0.37016129,0.0,0.088,0.6773951606999999
2025-01-15 08:00:00,1.22,0.541389,0.0,0.678611,0.37016129,0.0,0.073,0.25119552316819
2025-01-15 09:00:00,1.03,2.785105,1.755105,0.0,0.37016129,0.0,0.065,0.0
2025-01-15 10:00:00,2.51,3.099624,2.344729,0.0,0.37016129,0.0,0.062,0.0
2025-01-15 11:00:00,2.984730769230769,3.527706,2.887704230769231,0.0,0.37016129,0.0,0.061,0.0
2025-01-15 12:00:00,2.9947307692307694,3.617857,3.5108304615384616,0.0,0.37016129,0.0,0.06,0.0
2025-01-15 13:00:00,2.984730769230769,3.062603,3.588702692307693,0.0,0.37016129,0.0,0.058,0.0
2025-01-15 14:00:00,2.42,1.66174,2.8304426923076926,0.0,0.37016129,0.0,0.057,0.0
2025-01-15 15:00:00,0.11,1.4364860000000002,4.156928692307693,0.0,0.38016129,0.0,0.061,0.0
2025-01-15 16:00:00,0.19,0.519211,4.486139692307693,0.0,0.40016129,0.0,0.081,0.0
2025-01-15 17:00:00,2.0017068965517244,0.0,2.484432795755968,0.0,0.40016129,0.0,0.098,0.0
2025-01-15 18:00:00,3.731706896551725,0.0,0.0,1.2472741007957566,0.40016129,0.0,0.095,0.49911081315802003
2025-01-15 19:00:00,0.33,0.0,0.0,0.33,0.40016129,0.0,0.089,0.1320532257
2025-01-15 20:00:00,0.27,0.0,0.0,0.27,0.40016129,0.0,0.088,0.10804354830000001
2025-01-15 21:00:00,0.22,0.0,0.0,0.22,0.38016129,0.0,0.09,0.0836354838
2025-01-15 22:00:00,0.5,0.0,0.0,0.5,0.38016129,0.0,0.09,0.190080645
2025-01-15 23:00:00,0.8600000000000001,0.0,0.0,0.8600000000000001,0.38016129,0.0,0.091,0.3269387094
2025-01-16 00:00:00,0.94,0.0,0.0,0.94,0.37016129,0.0,0.09,0.34795161259999996
2025-01-16 01:00:00,1.01,0.0,0.0,1.01,0.37016129,0.0,0.088,0.37386290289999996
2025-01-16 02:00:00,0.8500000000000001,0.0,0.0,0.8500000000000001,0.37016129,0.0,0.086,0.3146370965
2025-01-16 03:00:00,0.92,0.0,0.0,0.92,0.37016129,0.0,0.086,0.3405483868
2025-01-16 04:00:00,1.05,0.0,0.0,1.05,0.37016129,0.0,0.087,0.3886693545
2025-01-16 05:00:00,1.2999999999999998,0.0,0.0,1.2999999999999998,0.37016129,0.0,0.092,0.4812096769999999
2025-01-16 06:00:00,0.93,0.0,0.0,0.93,0.37016129,0.0,0.092,0.3442499997
2025-01-16 07:00:00,1.16,0.0,0.0,1.16,0.37016129,0.0,0.088,0.42938709639999995
2025-01-16 08:00:00,0.75,2.226063,1.476063,0.0,0.37016129,0.0,0.073,0.0
2025-01-16 09:00:00,0.85,3.93916,4.565223,0.0,0.37016129,0.0,0.065,0.0
2025-01-16 10:00:00,0.51,5.041622,9.096845,0.0,0.37016129,0.0,0.062,0.0
2025-01-16 11:00:00,1.9747307692307696,5.58475,12.70686423076923,0.0,0.37016129,0.0,0.061,0.0
2025-01-16 12:00:00,1.394730769230769,5.7299809999999995,13.5,0.0,0.37016129,4.335250230769231,0.06,-0.2601150138461538
2025-01-16 13:00:00,1.0647307692307693,5.457793,13.5,0.0,0.37016129,4.39306223076923,0.058,-0.2547976093846154
2025-01-16 14:00:00,0.12,4.666317,13.5,0.0,0.37016129,4.546317,0.057,-0.25914006900000003
2025-01-16 15:00:00,0.1,3.393556,13.5,0.0,0.38016129,3.2935559999999997,0.061,-0.200906916
2025-01-16 16:00:00,0.11,1.5744,13.5,0.0,0.40016129,1.4644,0.081,-0.1186164
2025-01-16 17:00:00,1.7617068965517242,0.0,11.738293103448276,0.0,0.40016129,0.0,0.098,0.0
2025-01-16 18:00:00,2.281706896551724,0.0,9.456586206896551,0.0,0.40016129,0.0,0.095,0.0
2025-01-16 19:00:00,0.25,0.0,9.206586206896551,0.0,0.40016129,0.0,0.089,0.0
2025-01-16 20:00:00,0.3,0.0,8.906586206896552,0.0,0.40016129,0.0,0.088,0.0
2025-01-16 21:00:00,0.13,0.0,8.776586206896551,0.0,0.38016129,0.0,0.09,0.0
2025-01-16 22:00:00,0.54,0.0,8.23658620689655,0.0,0.38016129,0.0,0.09,0.0
2025-01-16 23:00:00,0.8500000000000001,0.0,7.386586206896551,0.0,0.38016129,0.0,0.091,0.0
2025-01-17 00:00:00,0.72,0.0,6.666586206896551,0.0,0.37016129,0.0,0.09,0.0
2025-01-17 01:00:00,0.79,0.0,5.876586206896551,0.0,0.37016129,0.0,0.088,0.0
2025-01-17 02:00:00,0.78,0.0,5.096586206896551,0.0,0.37016129,0.0,0.086,0.0
2025-01-17 03:00:00,0.86,0.0,4.2365862068965505,0.0,0.37016129,0.0,0.086,0.0
2025-01-17 04:00:00,0.87,0.0,3.3665862068965504,0.0,0.37016129,0.0,0.087,0.0
2025-01-17 05:00:00,0.93,0.0,2.4365862068965503,0.0,0.37016129,0.0,0.092,0.0
2025-01-17 06:00:00,1.16,0.0,1.2765862068965503,0.0,0.37016129,0.0,0.092,0.0
2025-01-17 07:00:00,1.1,0.0,0.1765862068965502,0.0,0.37016129,0.0,0.088,0.0
2025-01-17 08:00:00,0.77,0.019954,0.0,0.5734597931034497,0.37016129,0.0,0.073,0.21227261677830606
2025-01-17 09:00:00,1.02,2.826966,1.806966,0.0,0.37016129,0.0,0.065,0.0
2025-01-17 10:00:00,2.9,3.256138,2.163104,0.0,0.37016129,0.0,0.062,0.0
2025-01-17 11:00:00,3.635333333333333,3.542243,2.070013666666667,0.0,0.37016129,0.0,0.061,0.0
2025-01-17 12:00:00,2.955333333333333,4.497216000000001,3.611896333333335,0.0,0.37016129,0.0,0.06,0.0
2025-01-17 13:00:00,3.1053333333333333,3.208691,3.7152540000000016,0.0,0.37016129,0.0,0.058,0.0
2025-01-17 14:00:00,2.8499999999999996,2.459297,3.324551000000002,0.0,0.37016129,0.0,0.057,0.0
2025-01-17 15:00:00,0.5499999999999999,2.296472,5.071023000000002,0.0,0.38016129,0.0,0.061,0.0
2025-01-17 16:00:00,0.6400000000000001,0.65789,5.088913000000002,0.0,0.40016129,0.0,0.081,0.0
2025-01-17 17:00:00,1.9845670498084291,0.0,3.1043459501915724,0.0,0.40016129,0.0,0.098,0.0
2025-01-17 18:00:00,2.6945670498084295,0.0,0.4097789003831429,0.0,0.40016129,0.0,0.095,0.0
2025-01-17 19:00:00,0.81,0.0,0.0,0.40022109961685715,0.40016129,0.0,0.089,0.16015299150790005
2025-01-17 20:00:00,0.72,0.0,0.0,0.72,0.40016129,0.0,0.088,0.2881161288
2025-01-17 21:00:00,0.92,0.0,0.0,0.92,0.38016129,0.0,0.09,0.3497483868
2025-01-17 22:00:00,0.54,0.0,0.0,0.54,0.38016129,0.0,0.09,0.2052870966
2025-01-17 23:00:00,1.15,0.0,0.0,1.15,0.38016129,0.0,0.091,0.43718548349999997
2025-01-18 00:00:00,0.93,0.0,0.0,0.93,0.37016129,0.0,0.09,0.3442499997
2025-01-18 01:00:00,0.88,0.0,0.0,0.88,0.37016129,0.0,0.088,0.3257419352
2025-01-18 02:00:00,0.93,0.0,0.0,0.93,0.37016129,0.0,0.086,0.3442499997
2025-01-18 03:00:00,1.08,0.0,0.0,1.08,0.37016129,0.0,0.086,0.3997741932
2025-01-18 04:00:00,0.82,0.0,0.0,0.82,0.37016129,0.0,0.087,0.3035322578
2025-01-18 05:00:00,0.96,0.0,0.0,0.96,0.37016129,0.0,0.092,0.3553548384
2025-01-18 06:00:00,1.33,0.0,0.0,1.33,0.37016129,0.0,0.092,0.4923145157
2025-01-18 07:00:00,0.94,0.0,0.0,0.94,0.37016129,0.0,0.088,0.34795161259999996
2025-01-18 08:00:00,0.87,2.108623,1.238623,0.0,0.37016129,0.0,0.073,0.0
2025-01-18 09:00:00,1.56,0.955641,0.6342639999999999,0.0,0.37016129,0.0,0.065,0.0
2025-01-18 10:00:00,2.8099999999999996,3.987292,1.8115560000000004,0.0,0.37016129,0.0,0.062,0.0
2025-01-18 11:00:00,2.6653333333333333,5.75,4.896222666666667,0.0,0.37016129,0.0,0.061,0.0
2025-01-18 12:00:00,2.6453333333333333,5.75,8.000889333333333,0.0,0.37016129,0.0,0.06,0.0
2025-01-18 13:00:00,2.715333333333333,4.168005,9.453561,0.0,0.37016129,0.0,0.058,0.0
2025-01-18 14:00:00,2.46,4.781408000000001,11.774969000000002,0.0,0.37016129,0.0,0.057,0.0
2025-01-18 15:00:00,0.1,3.5003,13.5,0.0,0.38016129,3.4003,0.061,-0.2074183
2025-01-18 16:00:00,0.12,1.599519,13.5,0.0,0.40016129,1.4795189999999998,0.081,-0.11984103899999998
2025-01-18 17:00:00,0.6745670498084292,0.0,12.825432950191573,0.0,0.40016129,0.0,0.098,0.0
2025-01-18 18:00:00,0.7345670498084291,0.0,12.09086590038314,0.0,0.40016129,0.0,0.095,0.0
2025-01-18 19:00:00,0.59,0.0,11.50086590038314,0.0,0.40016129,0.0,0.089,0.0
2025-01-18 20:00:00,1.06,0.0,10.44086590038314,0.0,0.40016129,0.0,0.088,0.0
2025-01-18 21:00:00,0.8300000000000001,0.0,9.61086590038314,0.0,0.38016129,0.0,0.09,0.0
2025-01-18 22:00:00,0.8,0.0,8.81086590038314,0.0,0.38016129,0.0,0.09,0.0
2025-01-18 23:00:00,0.95,0.0,7.86086590038314,0.0,0.38016129,0.0,0.091,0.0
2025-01-19 00:00:00,1.25,0.0,6.61086590038314,0.0,0.37016129,0.0,0.09,0.0
2025-01-19 01:00:00,0.9,0.0,5.71086590038314,0.0,0.37016129,0.0,0.088,0.0
2025-01-19 02:00:00,1.25,0.0,4.46086590038314,0.0,0.37016129,0.0,0.086,0.0
2025-01-19 03:00:00,1.09,0.0,3.37086590038314,0.0,0.37016129,0.0,0.086,0.0
2025-01-19 04:00:00,1.04,0.0,2.33086590038314,0.0,0.37016129,0.0,0.087,0.0
2025-01-19 05:00:00,0.94,0.0,1.3908659003831398,0.0,0.37016129,0.0,0.092,0.0
2025-01-19 06:00:00,1.19,0.0,0.2008659003831399,0.0,0.37016129,0.0,0.092,0.0
2025-01-19 07:00:00,1.18,0.0,0.0,0.97913409961686,0.37016129,0.0,0.088,0.3624375413971654
2025-01-19 08:00:00,0.95,2.396718,1.446718,0.0,0.37016129,0.0,0.073,0.0
2025-01-19 09:00:00,0.92,4.107636,4.634354,0.0,0.37016129,0.0,0.065,0.0
2025-01-19 10:00:00,3.17,5.277875,6.742229,0.0,0.37016129,0.0,0.062,0.0
2025-01-19 11:00:00,3.095333333333333,5.75,9.396895666666667,0.0,0.37016129,0.0,0.061,0.0
2025-01-19 12:00:00,3.5553333333333335,5.75,11.591562333333334,0.0,0.37016129,0.0,0.06,0.0
2025-01-19 13:00:00,3.0453333333333332,5.555996,13.5,0.0,0.37016129,2.510662666666667,0.058,-0.1456184346666667
2025-01-19 14:00:00,2.75,4.816249,13.5,0.0,0.37016129,2.066249,0.057,-0.117776193
2025-01-19 15:00:00,1.04,3.571952,13.5,0.0,0.38016129,2.531952,0.061,-0.154449072
2025-01-19 16:00:00,1.53,1.741364,13.5,0.0,0.40016129,0.21136399999999989,0.081,-0.01712048399999999
2025-01-19 17:00:00,2.394567049808429,0.0,11.10543295019157,0.0,0.40016129,0.0,0.098,0.0
2025-01-19 18:00:00,2.444567049808429,0.0,8.660865900383142,0.0,0.40016129,0.0,0.095,0.0
2025-01-19 19:00:00,1.99,0.0,6.670865900383141,0.0,0.40016129,0.0,0.089,0.0
2025-01-19 20:00:00,2.26,0.0,4.410865900383142,0.0,0.40016129,0.0,0.088,0.0
2025-01-19 21:00:00,1.87,0.0,2.5408659003831415,0.0,0.38016129,0.0,0.09,0.0
2025-01-19 22:00:00,2.22,0.0,0.3208659003831413,0.0,0.38016129,0.0,0.09,0.0
2025-01-19 23:00:00,1.88,0.0,0.0,1.5591340996168586,0.38016129,0.0,0.091,0.5927224305933334
2025-01-20 00:00:00,3.21,0.0,0.0,3.21,0.37016129,0.0,0.09,1.1882177408999999
2025-01-20 01:00:00,2.26,0.0,0.0,2.26,0.37016129,0.0,0.088,0.8365645153999999
2025-01-20 02:00:00,2.28,0.0,0.0,2.28,0.37016129,0.0,0.086,0.8439677411999998
2025-01-20 03:00:00,2.1,0.0,0.0,2.1,0.37016129,0.0,0.086,0.777338709
2025-01-20 04:00:00,2.3,0.0,0.0,2.3,0.37016129,0.0,0.087,0.8513709669999999
2025-01-20 05:00:00,2.24,0.0,0.0,2.24,0.37016129,0.0,0.092,0.8291612896
2025-01-20 06:00:00,2.62,0.0,0.0,2.62,0.37016129,0.0,0.092,0.9698225798
2025-01-20 07:00:00,2.49,0.0,0.0,2.49,0.37016129,0.0,0.088,0.9217016121
2025-01-20 08:00:00,1.47,2.398176,0.928176,0.0,0.37016129,0.0,0.073,0.0
2025-01-20 09:00:00,0.39,4.085299,4.623475,0.0,0.37016129,0.0,0.065,0.0
2025-01-20 10:00:00,0.57,5.167217,9.220692,0.0,0.37016129,0.0,0.062,0.0
2025-01-20 11:00:00,0.2953333333333333,5.597256000000001,13.5,0.0,0.37016129,5.301922666666667,0.061,-0.3234172826666667
2025-01-20 12:00:00,0.2953333333333333,5.525636,13.5,0.0,0.37016129,5.230302666666667,0.06,-0.31381816
2025-01-20 13:00:00,0.4053333333333334,5.241331,13.5,0.0,0.37016129,4.835997666666667,0.058,-0.2804878646666667
2025-01-20 14:00:00,3.1799999999999997,4.261984,13.5,0.0,0.37016129,1.0819840000000003,0.057,-0.061673088000000015
2025-01-20 15:00:00,2.51,1.5358230000000002,12.525823,0.0,0.38016129,0.0,0.061,0.0
2025-01-20 16:00:00,0.64,0.588076,12.473899,0.0,0.40016129,0.0,0.081,0.0
2025-01-20 17:00:00,0.6945670498084292,0.0,11.779331950191573,0.0,0.40016129,0.0,0.098,0.0
2025-01-20 18:00:00,0.7845670498084292,0.0,10.994764900383144,0.0,0.40016129,0.0,0.095,0.0
2025-01-20 19:00:00,0.18,0.0,10.814764900383144,0.0,0.40016129,0.0,0.089,0.0
2025-01-20 20:00:00,0.18,0.0,10.634764900383145,0.0,0.40016129,0.0,0.088,0.0
2025-01-20 21:00:00,0.92,0.0,9.714764900383145,0.0,0.38016129,0.0,0.09,0.0
2025-01-20 22:00:00,0.56,0.0,9.154764900383144,0.0,0.38016129,0.0,0.09,0.0
2025-01-20 23:00:00,0.81,0.0,8.344764900383144,0.0,0.38016129,0.0,0.091,0.0
2025-01-21 00:00:00,0.99,0.0,7.354764900383144,0.0,0.37016129,0.0,0.09,0.0
2025-01-21 01:00:00,1.01,0.0,6.344764900383144,0.0,0.37016129,0.0,0.088,0.0
2025-01-21 02:00:00,1.0,0.0,5.344764900383144,0.0,0.37016129,0.0,0.086,0.0
2025-01-21 03:00:00,1.03,0.0,4.314764900383143,0.0,0.37016129,0.0,0.086,0.0
2025-01-21 04:00:00,1.36,0.0,2.954764900383143,0.0,0.37016129,0.0,0.087,0.0
2025-01-21 05:00:00,0.98,0.0,1.9747649003831431,0.0,0.37016129,0.0,0.092,0.0
2025-01-21 06:00:00,1.31,0.0,0.6647649003831431,0.0,0.37016129,0.0,0.092,0.0
2025-01-21 07:00:00,1.65,0.0,0.0,0.9852350996168568,0.37016129,0.0,0.088,0.36469589542745423
2025-01-21 08:00:00,0.62,2.331537,1.711537,0.0,0.37016129,0.0,0.073,0.0
2025-01-21 09:00:00,0.55,3.911443,5.07298,0.0,0.37016129,0.0,0.065,0.0
2025-01-21 10:00:00,0.22,4.879649000000001,9.732629,0.0,0.37016129,0.0,0.062,0.0
2025-01-21 11:00:00,0.4253333333333333,5.289471,13.5,0.0,0.37016129,4.864137666666666,0.061,-0.2967123976666666
2025-01-21 12:00:00,0.4153333333333333,5.367586,13.5,0.0,0.37016129,4.952252666666667,0.06,-0.29713516
2025-01-21 13:00:00,0.4253333333333333,5.176175,13.5,0.0,0.37016129,4.750841666666666,0.058,-0.27554881666666664
2025-01-21 14:00:00,0.22,4.624782,13.5,0.0,0.37016129,4.404782,0.057,-0.251072574
2025-01-21 15:00:00,0.22,3.5165439999999997,13.5,0.0,0.38016129,3.2965439999999995,0.061,-0.20108918399999998
2025-01-21 16:00:00,0.22,1.785943,13.5,0.0,0.40016129,1.565943,0.081,-0.126841383
2025-01-21 17:00:00,0.7345670498084291,0.0,12.76543295019157,0.0,0.40016129,0.0,0.098,0.0
2025-01-21 18:00:00,2.9045670498084295,0.0,9.86086590038314,0.0,0.40016129,0.0,0.095,0.0
2025-01-21 19:00:00,0.44,0.0,9.42086590038314,0.0,0.40016129,0.0,0.089,0.0
2025-01-21 20:00:00,0.5700000000000001,0.0,8.850865900383141,0.0,0.40016129,0.0,0.088,0.0
2025-01-21 21:00:00,0.72,0.0,8.13086590038314,0.0,0.38016129,0.0,0.09,0.0
2025-01-21 22:00:00,0.6,0.0,7.530865900383141,0.0,0.38016129,0.0,0.09,0.0
2025-01-21 23:00:00,0.88,0.0,6.650865900383141,0.0,0.38016129,0.0,0.091,0.0
2025-01-22 00:00:00,1.12,0.0,5.530865900383141,0.0,0.37016129,0.0,0.09,0.0
2025-01-22 01:00:00,1.06,0.0,4.47086590038314,0.0,0.37016129,0.0,0.088,0.0
2025-01-22 02:00:00,1.18,0.0,3.2908659003831406,0.0,0.37016129,0.0,0.086,0.0
2025-01-22 03:00:00,1.2000000000000002,0.0,2.0908659003831405,0.0,0.37016129,0.0,0.086,0.0
2025-01-22 04:00:00,1.02,0.0,1.0708659003831404,0.0,0.37016129,0.0,0.087,0.0
2025-01-22 05:00:00,1.16,0.0,0.0,0.08913409961685947,0.37016129,0.0,0.092,0.03299399329716521
2025-01-22 06:00:00,1.44,0.0,0.0,1.44,0.37016129,0.0,0.092,0.5330322576
2025-01-22 07:00:00,1.11,0.0,0.0,1.11,0.37016129,0.0,0.088,0.4108790319
2025-01-22 08:00:00,0.59,2.4398090000000003,1.8498090000000005,0.0,0.37016129,0.0,0.073,0.0
2025-01-22 09:00:00,0.52,4.083047,5.412856,0.0,0.37016129,0.0,0.065,0.0
2025-01-22 10:00:00,2.4099999999999997,3.322044,6.3248999999999995,0.0,0.37016129,0.0,0.062,0.0
2025-01-22 11:00:00,2.6053333333333333,5.628631,9.348197666666668,0.0,0.37016129,0.0,0.061,0.0
2025-01-22 12:00:00,2.615333333333333,5.64724,12.380104333333335,0.0,0.37016129,0.0,0.06,0.0
2025-01-22 13:00:00,2.6053333333333333,5.290198999999999,13.5,0.0,0.37016129,2.684865666666666,0.058,-0.15572220866666664
2025-01-22 14:00:00,2.4099999999999997,4.572634,13.5,0.0,0.37016129,2.162634,0.057,-0.12327013800000002
2025-01-22 15:00:00,0.11,3.437002,13.5,0.0,0.38016129,3.3270020000000002,0.061,-0.202947122
2025-01-22 16:00:00,0.27,0.863309,13.5,0.0,0.40016129,0.593309,0.081,-0.048058029
2025-01-22 17:00:00,1.0845670498084292,0.0,12.41543295019157,0.0,0.40016129,0.0,0.098,0.0
2025-01-22 18:00:00,1.1145670498084292,0.0,11.300865900383142,0.0,0.40016129,0.0,0.095,0.0
2025-01-22 19:00:00,0.16,0.0,11.140865900383142,0.0,0.40016129,0.0,0.089,0.0
2025-01-22 20:00:00,0.19,0.0,10.950865900383144,0.0,0.40016129,0.0,0.088,0.0
2025-01-22 21:00:00,0.16,0.0,10.790865900383142,0.0,0.38016129,0.0,0.09,0.0
2025-01-22 22:00:00,0.21,0.0,10.580865900383142,0.0,0.38016129,0.0,0.09,0.0
2025-01-22 23:00:00,0.8,0.0,9.78086590038314,0.0,0.38016129,0.0,0.091,0.0
2025-01-23 00:00:00,0.4299999999999999,0.0,9.35086590038314,0.0,0.37016129,0.0,0.09,0.0
2025-01-23 01:00:00,0.86,0.0,8.490865900383142,0.0,0.37016129,0.0,0.088,0.0
2025-01-23 02:00:00,0.9,0.0,7.590865900383141,0.0,0.37016129,0.0,0.086,0.0
2025-01-23 03:00:00,0.75,0.0,6.840865900383141,0.0,0.37016129,0.0,0.086,0.0
2025-01-23 04:00:00,0.94,0.0,5.900865900383142,0.0,0.37016129,0.0,0.087,0.0
2025-01-23 05:00:00,0.85,0.0,5.050865900383142,0.0,0.37016129,0.0,0.092,0.0
2025-01-23 06:00:00,1.12,0.0,3.930865900383142,0.0,0.37016129,0.0,0.092,0.0
2025-01-23 07:00:00,0.52,0.0,3.410865900383142,0.0,0.37016129,0.0,0.088,0.0
2025-01-23 08:00:00,0.1,2.205735,5.516600900383143,0.0,0.37016129,0.0,0.073,0.0
2025-01-23 09:00:00,0.13,1.776195,7.162795900383143,0.0,0.37016129,0.0,0.065,0.0
2025-01-23 10:00:00,0.13,4.794504,11.827299900383142,0.0,0.37016129,0.0,0.062,0.0
2025-01-23 11:00:00,0.403,5.343074,13.5,0.0,0.37016129,4.940073999999999,0.061,-0.30134451399999995
2025-01-23 12:00:00,0.523,5.45488,13.5,0.0,0.37016129,4.9318800000000005,0.06,-0.29591280000000003
2025-01-23 13:00:00,0.403,5.197942,13.5,0.0,0.37016129,4.794942000000001,0.058,-0.2781066360000001
2025-01-23 14:00:00,0.1,4.438167,13.5,0.0,0.37016129,4.338167,0.057,-0.24727551900000003
2025-01-23 15:00:00,0.1,3.224957,13.5,0.0,0.38016129,3.1249569999999998,0.061,-0.19062237699999998
2025-01-23 16:00:00,0.1,1.488725,13.5,0.0,0.40016129,1.388725,0.081,-0.112486725
2025-01-23 17:00:00,1.281850574712644,0.0,12.218149425287356,0.0,0.40016129,0.0,0.098,0.0
2025-01-23 18:00:00,3.121850574712644,0.0,9.096298850574712,0.0,0.40016129,0.0,0.095,0.0
2025-01-23 19:00:00,0.28,0.0,8.816298850574713,0.0,0.40016129,0.0,0.089,0.0
2025-01-23 20:00:00,0.17,0.0,8.646298850574713,0.0,0.40016129,0.0,0.088,0.0
2025-01-23 21:00:00,0.16,0.0,8.486298850574713,0.0,0.38016129,0.0,0.09,0.0
2025-01-23 22:00:00,0.7100000000000001,0.0,7.776298850574713,0.0,0.38016129,0.0,0.09,0.0
2025-01-23 23:00:00,0.7100000000000001,0.0,7.066298850574713,0.0,0.38016129,0.0,0.091,0.0
2025-01-24 00:00:00,0.41,0.0,6.6562988505747125,0.0,0.37016129,0.0,0.09,0.0
2025-01-24 01:00:00,0.6799999999999999,0.0,5.976298850574713,0.0,0.37016129,0.0,0.088,0.0
2025-01-24 02:00:00,0.6799999999999999,0.0,5.296298850574713,0.0,0.37016129,0.0,0.086,0.0
2025-01-24 03:00:00,0.88,0.0,4.416298850574713,0.0,0.37016129,0.0,0.086,0.0
2025-01-24 04:00:00,0.75,0.0,3.666298850574713,0.0,0.37016129,0.0,0.087,0.0
2025-01-24 05:00:00,0.94,0.0,2.726298850574713,0.0,0.37016129,0.0,0.092,0.0
2025-01-24 06:00:00,0.93,0.0,1.796298850574713,0.0,0.37016129,0.0,0.092,0.0
2025-01-24 07:00:00,1.0,0.008331,0.804629850574713,0.0,0.37016129,0.0,0.088,0.0
2025-01-24 08:00:00,0.45,0.126531,0.481160850574713,0.0,0.37016129,0.0,0.073,0.0
2025-01-24 09:00:00,0.27,1.508009,1.7191698505747128,0.0,0.37016129,0.0,0.065,0.0
2025-01-24 10:00:00,2.57,3.822404,2.971573850574713,0.0,0.37016129,0.0,0.062,0.0
2025-01-24 11:00:00,2.853,3.1964360000000003,3.315009850574713,0.0,0.37016129,0.0,0.061,0.0
2025-01-24 12:00:00,2.853,4.839259,5.301268850574713,0.0,0.37016129,0.0,0.06,0.0
2025-01-24 13:00:00,2.8129999999999997,3.649531,6.137799850574714,0.0,0.37016129,0.0,0.058,0.0
2025-01-24 14:00:00,2.51,4.499123,8.126922850574715,0.0,0.37016129,0.0,0.057,0.0
2025-01-24 15:00:00,0.22,2.559107,10.466029850574715,0.0,0.38016129,0.0,0.061,0.0
2025-01-24 16:00:00,0.21,0.265821,10.521850850574715,0.0,0.40016129,0.0,0.081,0.0
2025-01-24 17:00:00,1.4618505747126438,0.0,9.060000275862071,0.0,0.40016129,0.0,0.098,0.0
2025-01-24 18:00:00,4.111850574712644,0.0,4.948149701149427,0.0,0.40016129,0.0,0.095,0.0
2025-01-24 19:00:00,2.3200000000000003,0.0,2.628149701149427,0.0,0.40016129,0.0,0.089,0.0
2025-01-24 20:00:00,1.11,0.0,1.518149701149427,0.0,0.40016129,0.0,0.088,0.0
2025-01-24 21:00:00,1.17,0.0,0.348149701149427,0.0,0.38016129,0.0,0.09,0.0
2025-01-24 22:00:00,1.46,0.0,0.0,1.111850298850573,0.38016129,0.0,0.09,0.4226824438979193
2025-01-24 23:00:00,1.82,0.0,0.0,1.82,0.38016129,0.0,0.091,0.6918935478
2025-01-25 00:00:00,1.4500000000000002,0.0,0.0,1.4500000000000002,0.37016129,0.0,0.09,0.5367338705
2025-01-25 01:00:00,1.82,0.0,0.0,1.82,0.37016129,0.0,0.088,0.6736935478
2025-01-25 02:00:00,1.53,0.0,0.0,1.53,0.37016129,0.0,0.086,0.5663467737
2025-01-25 03:00:00,1.97,0.0,0.0,1.97,0.37016129,0.0,0.086,0.7292177412999999
2025-01-25 04:00:00,1.83,0.0,0.0,1.83,0.37016129,0.0,0.087,0.6773951606999999
2025-01-25 05:00:00,1.82,0.0,0.0,1.82,0.37016129,0.0,0.092,0.6736935478
2025-01-25 06:00:00,1.89,0.0,0.0,1.89,0.37016129,0.0,0.092,0.6996048381
2025-01-25 07:00:00,1.87,0.0,0.0,1.87,0.37016129,0.0,0.088,0.6922016123
2025-01-25 08:00:00,1.82,0.271161,0.0,1.548839,0.37016129,0.0,0.073,0.57332024224231
2025-01-25 09:00:00,1.4500000000000002,2.895817,1.445817,0.0,0.37016129,0.0,0.065,0.0
2025-01-25 10:00:00,3.42,0.221683,0.0,1.7525,0.37016129,0.0,0.062,0.648707660725
2025-01-25 11:00:00,3.713,0.736101,0.0,2.976899,0.37016129,0.0,0.061,1.10193277403971
2025-01-25 12:00:00,2.6929999999999996,0.445069,0.0,2.2479309999999995,0.37016129,0.0,0.06,0.8320970387909897
2025-01-25 13:00:00,2.823,0.377754,0.0,2.445246,0.37016129,0.0,0.058,0.90513541372734
2025-01-25 14:00:00,2.5599999999999996,0.399466,0.0,2.1605339999999997,0.37016129,0.0,0.057,0.7997460525288599
2025-01-25 15:00:00,0.2,0.2773,0.0772999999999999,0.0,0.38016129,0.0,0.061,0.0
2025-01-25 16:00:00,0.18,0.173615,0.070915,0.0,0.40016129,0.0,0.081,0.0
2025-01-25 17:00:00,3.261850574712644,0.0,0.0,3.190935574712644,0.40016129,0.0,0.098,1.276888895883903
2025-01-25 18:00:00,2.711850574712644,0.0,0.0,2.711850574712644,0.40016129,0.0,0.095,1.085177624264253
2025-01-25 19:00:00,0.47,0.0,0.0,0.47,0.40016129,0.0,0.089,0.18807580629999998
2025-01-25 20:00:00,0.28,0.0,0.0,0.28,0.40016129,0.0,0.088,0.1120451612
2025-01-25 21:00:00,0.71,0.0,0.0,0.71,0.38016129,0.0,0.09,0.2699145159
2025-01-25 22:00:00,1.48,0.0,0.0,1.48,0.38016129,0.0,0.09,0.5626387091999999
2025-01-25 23:00:00,0.92,0.0,0.0,0.92,0.38016129,0.0,0.091,0.3497483868
2025-01-26 00:00:00,0.93,0.0,0.0,0.93,0.37016129,0.0,0.09,0.3442499997
2025-01-26 01:00:00,0.97,0.0,0.0,0.97,0.37016129,0.0,0.088,0.35905645129999997
2025-01-26 02:00:00,1.04,0.0,0.0,1.04,0.37016129,0.0,0.086,0.38496774159999997
2025-01-26 03:00:00,1.04,0.0,0.0,1.04,0.37016129,0.0,0.086,0.38496774159999997
2025-01-26 04:00:00,1.25,0.0,0.0,1.25,0.37016129,0.0,0.087,0.46270161249999997
2025-01-26 05:00:00,1.74,0.0,0.0,1.74,0.37016129,0.0,0.092,0.6440806445999999
2025-01-26 06:00:00,1.37,0.0,0.0,1.37,0.37016129,0.0,0.092,0.5071209673
2025-01-26 07:00:00,1.37,0.0,0.0,1.37,0.37016129,0.0,0.088,0.5071209673
2025-01-26 08:00:00,1.52,0.319088,0.0,1.200912,0.37016129,0.0,0.073,0.44453113509647996
2025-01-26 09:00:00,1.13,1.920916,0.790916,0.0,0.37016129,0.0,0.065,0.0
2025-01-26 10:00:00,3.28,2.8370889999999997,0.3480049999999999,0.0,0.37016129,0.0,0.062,0.0
2025-01-26 11:00:00,3.143,5.726057,2.931062,0.0,0.37016129,0.0,0.061,0.0
2025-01-26 12:00:00,3.263,5.75,5.418062,0.0,0.37016129,0.0,0.06,0.0
2025-01-26 13:00:00,2.863,5.667617,8.222679,0.0,0.37016129,0.0,0.058,0.0
2025-01-26 14:00:00,2.83,3.200791,8.59347,0.0,0.37016129,0.0,0.057,0.0
2025-01-26 15:00:00,0.59,0.0197409999999999,8.023211,0.0,0.38016129,0.0,0.061,0.0
2025-01-26 16:00:00,0.6,0.911055,8.334266,0.0,0.40016129,0.0,0.081,0.0
2025-01-26 17:00:00,1.891850574712644,0.0,6.442415425287356,0.0,0.40016129,0.0,0.098,0.0
2025-01-26 18:00:00,4.331850574712644,0.0,2.110564850574712,0.0,0.40016129,0.0,0.095,0.0
2025-01-26 19:00:00,1.12,0.0,0.990564850574712,0.0,0.40016129,0.0,0.089,0.0
2025-01-26 20:00:00,0.95,0.0,0.040564850574712,0.0,0.40016129,0.0,0.088,0.0
2025-01-26 21:00:00,1.01,0.0,0.0,0.969435149425288,0.38016129,0.0,0.09,0.3685417169768602
2025-01-26 22:00:00,1.14,0.0,0.0,1.14,0.38016129,0.0,0.09,0.43338387059999994
2025-01-26 23:00:00,1.08,0.0,0.0,1.08,0.38016129,0.0,0.091,0.4105741932
2025-01-27 00:00:00,1.01,0.0,0.0,1.01,0.37016129,0.0,0.09,0.37386290289999996
2025-01-27 01:00:00,1.29,0.0,0.0,1.29,0.37016129,0.0,0.088,0.47750806409999996
2025-01-27 02:00:00,1.59,0.0,0.0,1.59,0.37016129,0.0,0.086,0.5885564511
2025-01-27 03:00:00,1.09,0.0,0.0,1.09,0.37016129,0.0,0.086,0.4034758061
2025-01-27 04:00:00,1.7000000000000002,0.0,0.0,1.7000000000000002,0.37016129,0.0,0.087,0.629274193
2025-01-27 05:00:00,1.2000000000000002,0.0,0.0,1.2000000000000002,0.37016129,0.0,0.092,0.44419354800000005
2025-01-27 06:00:00,1.57,0.0,0.0,1.57,0.37016129,0.0,0.092,0.5811532253
2025-01-27 07:00:00,1.3,0.0081549999999999,0.0,1.2918450000000001,0.37016129,0.0,0.088,0.47819101168005
2025-01-27 08:00:00,0.98,1.296039,0.3160389999999999,0.0,0.37016129,0.0,0.073,0.0
2025-01-27 09:00:00,0.47,2.901375,2.747414,0.0,0.37016129,0.0,0.065,0.0
2025-01-27 10:00:00,0.1,0.941178,3.588592,0.0,0.37016129,0.0,0.062,0.0
2025-01-27 11:00:00,0.403,1.821473,5.007065,0.0,0.37016129,0.0,0.061,0.0
2025-01-27 12:00:00,0.393,1.588845,6.20291,0.0,0.37016129,0.0,0.06,0.0
2025-01-27 13:00:00,0.393,0.577468,6.387378,0.0,0.37016129,0.0,0.058,0.0
2025-01-27 14:00:00,0.1,2.465912,8.75329,0.0,0.37016129,0.0,0.057,0.0
2025-01-27 15:00:00,0.11,0.733352,9.376642,0.0,0.38016129,0.0,0.061,0.0
2025-01-27 16:00:00,0.12,0.166578,9.42322,0.0,0.40016129,0.0,0.081,0.0
2025-01-27 17:00:00,1.061850574712644,0.0,8.361369425287357,0.0,0.40016129,0.0,0.098,0.0
2025-01-27 18:00:00,2.181850574712644,0.0,6.179518850574713,0.0,0.40016129,0.0,0.095,0.0
2025-01-27 19:00:00,0.3399999999999999,0.0,5.839518850574713,0.0,0.40016129,0.0,0.089,0.0
2025-01-27 20:00:00,0.22,0.0,5.619518850574713,0.0,0.40016129,0.0,0.088,0.0
2025-01-27 21:00:00,0.8,0.0,4.819518850574713,0.0,0.38016129,0.0,0.09,0.0
2025-01-27 22:00:00,0.87,0.0,3.949518850574713,0.0,0.38016129,0.0,0.09,0.0
2025-01-27 23:00:00,0.81,0.0,3.139518850574713,0.0,0.38016129,0.0,0.091,0.0
2025-01-28 00:00:00,1.13,0.0,2.0095188505747132,0.0,0.37016129,0.0,0.09,0.0
2025-01-28 01:00:00,1.22,0.0,0.7895188505747133,0.0,0.37016129,0.0,0.088,0.0
2025-01-28 02:00:00,1.06,0.0,0.0,0.2704811494252868,0.37016129,0.0,0.086,0.10012165119194691
2025-01-28 03:00:00,0.91,0.0,0.0,0.91,0.37016129,0.0,0.086,0.3368467739
2025-01-28 04:00:00,1.04,0.0,0.0,1.04,0.37016129,0.0,0.087,0.38496774159999997
2025-01-28 05:00:00,0.87,0.0,0.0,0.87,0.37016129,0.0,0.092,0.32204032229999996
2025-01-28 06:00:00,1.38,0.0,0.0,1.38,0.37016129,0.0,0.092,0.5108225801999999
2025-01-28 07:00:00,1.01,0.0,0.0,1.01,0.37016129,0.0,0.088,0.37386290289999996
2025-01-28 08:00:00,0.56,0.999718,0.4397179999999999,0.0,0.37016129,0.0,0.073,0.0
2025-01-28 09:00:00,0.48,3.492419,3.452137,0.0,0.37016129,0.0,0.065,0.0
2025-01-28 10:00:00,0.11,5.049042999999999,8.391179999999999,0.0,0.37016129,0.0,0.062,0.0
2025-01-28 11:00:00,0.393,5.75,13.5,0.0,0.37016129,5.357,0.061,-0.326777
2025-01-28 12:00:00,0.403,5.75,13.5,0.0,0.37016129,5.3469999999999995,0.06,-0.32081999999999994
2025-01-28 13:00:00,0.403,3.462824,13.5,0.0,0.37016129,3.059824,0.058,-0.17746979200000002
2025-01-28 14:00:00,0.1,4.9322420000000005,13.5,0.0,0.37016129,4.832242000000001,0.057,-0.27543779400000007
2025-01-28 15:00:00,0.1,0.096176,13.496176,0.0,0.38016129,0.0,0.061,0.0
2025-01-28 16:00:00,0.12,1.902808,13.5,0.0,0.40016129,1.7828080000000002,0.081,-0.14440744800000002
2025-01-28 17:00:00,0.9918505747126438,0.0,12.508149425287357,0.0,0.40016129,0.0,0.098,0.0
2025-01-28 18:00:00,1.051850574712644,0.0,11.456298850574711,0.0,0.40016129,0.0,0.095,0.0
2025-01-28 19:00:00,0.27,0.0,11.186298850574714,0.0,0.40016129,0.0,0.089,0.0
2025-01-28 20:00:00,0.85,0.0,10.336298850574714,0.0,0.40016129,0.0,0.088,0.0
2025-01-28 21:00:00,0.96,0.0,9.376298850574711,0.0,0.38016129,0.0,0.09,0.0
2025-01-28 22:00:00,0.95,0.0,8.426298850574714,0.0,0.38016129,0.0,0.09,0.0
2025-01-28 23:00:00,0.73,0.0,7.696298850574713,0.0,0.38016129,0.0,0.091,0.0
2025-01-29 00:00:00,0.86,0.0,6.836298850574713,0.0,0.37016129,0.0,0.09,0.0
2025-01-29 01:00:00,0.94,0.0,5.896298850574713,0.0,0.37016129,0.0,0.088,0.0
2025-01-29 02:00:00,1.17,0.0,4.726298850574713,0.0,0.37016129,0.0,0.086,0.0
2025-01-29 03:00:00,0.74,0.0,3.986298850574713,0.0,0.37016129,0.0,0.086,0.0
2025-01-29 04:00:00,0.8800000000000001,0.0,3.1062988505747127,0.0,0.37016129,0.0,0.087,0.0
2025-01-29 05:00:00,0.81,0.0,2.2962988505747126,0.0,0.37016129,0.0,0.092,0.0
2025-01-29 06:00:00,0.96,0.0,1.3362988505747126,0.0,0.37016129,0.0,0.092,0.0
2025-01-29 07:00:00,1.1,0.16424,0.4005388505747125,0.0,0.37016129,0.0,0.088,0.0
2025-01-29 08:00:00,0.94,2.5399160000000003,2.000454850574713,0.0,0.37016129,0.0,0.073,0.0
2025-01-29 09:00:00,0.73,4.20291,5.473364850574713,0.0,0.37016129,0.0,0.065,0.0
2025-01-29 10:00:00,3.1899999999999995,5.320857,7.604221850574714,0.0,0.37016129,0.0,0.062,0.0
2025-01-29 11:00:00,3.493,5.75,9.861221850574712,0.0,0.37016129,0.0,0.061,0.0
2025-01-29 12:00:00,3.113,5.75,12.498221850574714,0.0,0.37016129,0.0,0.06,0.0
2025-01-29 13:00:00,2.7329999999999997,5.75,13.5,0.0,0.37016129,3.0170000000000003,0.058,-0.17498600000000003
2025-01-29 14:00:00,2.78,5.050534,13.5,0.0,0.37016129,2.270534,0.057,-0.129420438
2025-01-29 15:00:00,0.44,3.828406,13.5,0.0,0.38016129,3.3884060000000003,0.061,-0.206692766
2025-01-29 16:00:00,0.4,2.068361,13.5,0.0,0.40016129,1.668361,0.081,-0.135137241
2025-01-29 17:00:00,1.331850574712644,0.0,12.168149425287355,0.0,0.40016129,0.0,0.098,0.0
2025-01-29 18:00:00,3.621850574712644,0.0,8.546298850574713,0.0,0.40016129,0.0,0.095,0.0
2025-01-29 19:00:00,1.55,0.0,6.996298850574713,0.0,0.40016129,0.0,0.089,0.0
2025-01-29 20:00:00,1.05,0.0,5.946298850574713,0.0,0.40016129,0.0,0.088,0.0
2025-01-29 21:00:00,1.48,0.0,4.466298850574713,0.0,0.38016129,0.0,0.09,0.0
2025-01-29 22:00:00,0.97,0.0,3.4962988505747132,0.0,0.38016129,0.0,0.09,0.0
2025-01-29 23:00:00,1.12,0.0,2.376298850574713,0.0,0.38016129,0.0,0.091,0.0
2025-01-30 00:00:00,1.13,0.0,1.2462988505747132,0.0,0.37016129,0.0,0.09,0.0
2025-01-30 01:00:00,0.94,0.0,0.3062988505747133,0.0,0.37016129,0.0,0.088,0.0
2025-01-30 02:00:00,1.12,0.0,0.0,0.8137011494252868,0.37016129,0.0,0.086,0.3012006671457469
2025-01-30 03:00:00,0.88,0.0,0.0,0.88,0.37016129,0.0,0.086,0.3257419352
2025-01-30 04:00:00,0.87,0.0,0.0,0.87,0.37016129,0.0,0.087,0.32204032229999996
2025-01-30 05:00:00,1.35,0.0,0.0,1.35,0.37016129,0.0,0.092,0.4997177415
2025-01-30 06:00:00,0.86,0.0,0.0,0.86,0.37016129,0.0,0.092,0.3183387094
2025-01-30 07:00:00,1.4,0.263244,0.0,1.1367559999999999,0.37016129,0.0,0.088,0.4207830673752399
2025-01-30 08:00:00,1.13,2.682395,1.5523950000000002,0.0,0.37016129,0.0,0.073,0.0
2025-01-30 09:00:00,0.95,4.318471,4.920866,0.0,0.37016129,0.0,0.065,0.0
2025-01-30 10:00:00,0.86,4.663743,8.724609000000001,0.0,0.37016129,0.0,0.062,0.0
2025-01-30 11:00:00,0.6930000000000001,5.75,13.5,0.0,0.37016129,5.057,0.061,-0.308477
2025-01-30 12:00:00,1.173,5.301032,13.5,0.0,0.37016129,4.128032,0.06,-0.24768192
2025-01-30 13:00:00,0.7730000000000001,5.367618,13.5,0.0,0.37016129,4.5946180000000005,0.058,-0.26648784400000003
2025-01-30 14:00:00,0.55,5.011227,13.5,0.0,0.37016129,4.461227,0.057,-0.254289939
2025-01-30 15:00:00,0.47,3.805594,13.5,0.0,0.38016129,3.3355940000000004,0.061,-0.20347123400000003
2025-01-30 16:00:00,0.98,2.0768850000000003,13.5,0.0,0.40016129,1.0968850000000003,0.081,-0.08884768500000002
2025-01-30 17:00:00,1.851850574712644,0.0,11.648149425287356,0.0,0.40016129,0.0,0.098,0.0
2025-01-30 18:00:00,2.2218505747126436,0.0,9.426298850574712,0.0,0.40016129,0.0,0.095,0.0
2025-01-30 19:00:00,0.75,0.0,8.676298850574712,0.0,0.40016129,0.0,0.089,0.0
2025-01-30 20:00:00,0.97,0.0,7.706298850574712,0.0,0.40016129,0.0,0.088,0.0
2025-01-30 21:00:00,1.37,0.0,6.336298850574712,0.0,0.38016129,0.0,0.09,0.0
2025-01-30 22:00:00,1.09,0.0,5.246298850574712,0.0,0.38016129,0.0,0.09,0.0
2025-01-30 23:00:00,1.24,0.0,4.006298850574712,0.0,0.38016129,0.0,0.091,0.0
2025-01-31 00:00:00,0.85,0.0,3.156298850574712,0.0,0.37016129,0.0,0.09,0.0
2025-01-31 01:00:00,1.51,0.0,1.646298850574712,0.0,0.37016129,0.0,0.088,0.0
2025-01-31 02:00:00,0.93,0.0,0.716298850574712,0.0,0.37016129,0.0,0.086,0.0
2025-01-31 03:00:00,1.29,0.0,0.0,0.573701149425288,0.37016129,0.0,0.086,0.21236195754574738
2025-01-31 04:00:00,0.8600000000000001,0.0,0.0,0.8600000000000001,0.37016129,0.0,0.087,0.31833870940000003
2025-01-31 05:00:00,1.17,0.0,0.0,1.17,0.37016129,0.0,0.092,0.43308870929999993
2025-01-31 06:00:00,1.04,0.0,0.0,1.04,0.37016129,0.0,0.092,0.38496774159999997
2025-01-31 07:00:00,1.29,0.0121129999999999,0.0,1.2778870000000002,0.37016129,0.0,0.088,0.47302430039423005
2025-01-31 08:00:00,1.95,1.000664,0.0,0.949336,0.37016129,0.0,0.073,0.35140743840343996
2025-01-31 09:00:00,1.02,4.088825,3.068825,0.0,0.37016129,0.0,0.065,0.0
2025-01-31 10:00:00,3.53,5.20854,4.747365,0.0,0.37016129,0.0,0.062,0.0
2025-01-31 11:00:00,4.080666666666667,5.75,6.416698333333334,0.0,0.37016129,0.0,0.061,0.0
2025-01-31 12:00:00,3.5806666666666667,5.75,8.586031666666667,0.0,0.37016129,0.0,0.06,0.0
2025-01-31 13:00:00,4.100666666666667,5.621892,10.107257,0.0,0.37016129,0.0,0.058,0.0
2025-01-31 14:00:00,3.2699999999999996,4.937978,11.775235000000002,0.0,0.37016129,0.0,0.057,0.0
2025-01-31 15:00:00,1.05,2.698053,13.423288,0.0,0.38016129,0.0,0.061,0.0
2025-01-31 16:00:00,0.61,0.689237,13.5,0.0,0.40016129,0.079237,0.081,-0.0064181970000000005
2025-01-31 17:00:00,3.6991340996168582,0.0,9.800865900383142,0.0,0.40016129,0.0,0.098,0.0
2025-01-31 18:00:00,2.6491340996168584,0.0,7.151731800766283,0.0,0.40016129,0.0,0.095,0.0
2025-01-31 19:00:00,0.7200000000000001,0.0,6.431731800766284,0.0,0.40016129,0.0,0.089,0.0
2025-01-31 20:00:00,0.34,0.0,6.091731800766284,0.0,0.40016129,0.0,0.088,0.0
2025-01-31 21:00:00,0.42,0.0,5.671731800766284,0.0,0.38016129,0.0,0.09,0.0
2025-01-31 22:00:00,0.54,0.0,5.131731800766284,0.0,0.38016129,0.0,0.09,0.0
2025-01-31 23:00:00,0.41,0.0,4.721731800766284,0.0,0.38016129,0.0,0.091,0.0
2025-01-31 23:59:59,0.1,0.0,4.721731800766284,0.1,150.0,0.0,0.0,15.0
2025-02-01 00:00:00,0.72,0.0,4.001731800766284,0.0,0.372321429,0.0,0.086,0.0
2025-02-01 01:00:00,0.5,0.0,3.501731800766284,0.0,0.372321429,0.0,0.084,0.0
2025-02-01 02:00:00,0.68,0.0,2.8217318007662837,0.0,0.372321429,0.0,0.084,0.0
2025-02-01 03:00:00,0.1699999999999999,0.0,2.651731800766284,0.0,0.372321429,0.0,0.084,0.0
2025-02-01 04:00:00,0.61,0.0,2.041731800766284,0.0,0.372321429,0.0,0.085,0.0
2025-02-01 05:00:00,0.61,0.0,1.431731800766284,0.0,0.372321429,0.0,0.084,0.0
2025-02-01 06:00:00,0.6699999999999999,0.0,0.7617318007662841,0.0,0.372321429,0.0,0.08,0.0
2025-02-01 07:00:00,0.65,0.047242,0.1589738007662841,0.0,0.372321429,0.0,0.076,0.0
2025-02-01 08:00:00,0.5800000000000001,2.511702,2.090675800766284,0.0,0.372321429,0.0,0.055,0.0
2025-02-01 09:00:00,1.58,4.083508,4.5941838007662845,0.0,0.372321429,0.0,0.043,0.0
2025-02-01 10:00:00,3.01,4.994461,6.578644800766285,0.0,0.372321429,0.0,0.038,0.0
2025-02-01 11:00:00,3.530666666666667,5.61212,8.660098134099618,0.0,0.372321429,0.0,0.038,0.0
2025-02-01 12:00:00,3.5906666666666665,5.75,10.819431467432953,0.0,0.372321429,0.0,0.034,0.0
2025-02-01 13:00:00,4.120666666666667,5.657728,12.356492800766286,0.0,0.372321429,0.0,0.032,0.0
2025-02-01 14:00:00,4.07,4.945233,13.231725800766286,0.0,0.372321429,0.0,0.031,0.0
2025-02-01 15:00:00,1.07,3.787686,13.5,0.0,0.382321429,2.7176859999999996,0.032,-0.08696595199999999
2025-02-01 16:00:00,1.52,2.080194,13.5,0.0,0.402321429,0.5601940000000001,0.062,-0.034732028000000005
2025-02-01 17:00:00,2.639134099616858,0.0,10.860865900383144,0.0,0.402321429,0.0,0.099,0.0
2025-02-01 18:00:00,3.1791340996168587,0.0,7.6817318007662845,0.0,0.402321429,0.0,0.089,0.0
2025-02-01 19:00:00,1.56,0.0,6.121731800766284,0.0,0.402321429,0.0,0.082,0.0
2025-02-01 20:00:00,1.35,0.0,4.771731800766284,0.0,0.402321429,0.0,0.083,0.0
2025-02-01 21:00:00,1.17,0.0,3.6017318007662844,0.0,0.382321429,0.0,0.082,0.0
2025-02-01 22:00:00,1.24,0.0,2.361731800766284,0.0,0.382321429,0.0,0.086,0.0
2025-02-01 23:00:00,1.11,0.0,1.251731800766284,0.0,0.382321429,0.0,0.087,0.0
2025-02-02 00:00:00,1.15,0.0,0.1017318007662841,0.0,0.372321429,0.0,0.086,0.0
2025-02-02 01:00:00,1.6,0.0,0.0,1.498268199233716,0.372321429,0.0,0.084,0.5578373569639538
2025-02-02 02:00:00,1.2000000000000002,0.0,0.0,1.2000000000000002,0.372321429,0.0,0.084,0.44678571480000007
2025-02-02 03:00:00,1.71,0.0,0.0,1.71,0.372321429,0.0,0.084,0.63666964359
2025-02-02 04:00:00,1.51,0.0,0.0,1.51,0.372321429,0.0,0.085,0.56220535779
2025-02-02 05:00:00,1.41,0.0,0.0,1.41,0.372321429,0.0,0.084,0.5249732148899999
2025-02-02 06:00:00,1.42,0.0,0.0,1.42,0.372321429,0.0,0.08,0.5286964291799999
2025-02-02 07:00:00,1.5,0.2949,0.0,1.2051,0.372321429,0.0,0.076,0.4486845540879
2025-02-02 08:00:00,1.56,2.580096,1.020096,0.0,0.372321429,0.0,0.055,0.0
2025-02-02 09:00:00,2.23,4.1736,2.963696000000001,0.0,0.372321429,0.0,0.043,0.0
2025-02-02 10:00:00,2.9299999999999997,5.26765,5.301346000000001,0.0,0.372321429,0.0,0.038,0.0
2025-02-02 11:00:00,3.3206666666666664,5.75,7.730679333333335,0.0,0.372321429,0.0,0.038,0.0
2025-02-02 12:00:00,3.1906666666666665,5.75,10.290012666666668,0.0,0.372321429,0.0,0.034,0.0
2025-02-02 13:00:00,3.3706666666666667,5.672762,12.592108,0.0,0.372321429,0.0,0.032,0.0
2025-02-02 14:00:00,2.78,5.011529,13.5,0.0,0.372321429,2.2315290000000005,0.031,-0.06917739900000001
2025-02-02 15:00:00,0.79,3.828786,13.5,0.0,0.382321429,3.038786,0.032,-0.097241152
2025-02-02 16:00:00,0.87,2.105588,13.5,0.0,0.402321429,1.235588,0.062,-0.07660645599999999
2025-02-02 17:00:00,1.6891340996168585,0.0,11.810865900383142,0.0,0.402321429,0.0,0.099,0.0
2025-02-02 18:00:00,1.6591340996168582,0.0,10.151731800766283,0.0,0.402321429,0.0,0.089,0.0
2025-02-02 19:00:00,0.76,0.0,9.391731800766284,0.0,0.402321429,0.0,0.082,0.0
2025-02-02 20:00:00,0.33,0.0,9.061731800766283,0.0,0.402321429,0.0,0.083,0.0
2025-02-02 21:00:00,0.29,0.0,8.771731800766284,0.0,0.382321429,0.0,0.082,0.0
2025-02-02 22:00:00,0.55,0.0,8.221731800766284,0.0,0.382321429,0.0,0.086,0.0
2025-02-02 23:00:00,0.1,0.0,8.121731800766284,0.0,0.382321429,0.0,0.087,0.0
2025-02-03 00:00:00,0.54,0.0,7.581731800766284,0.0,0.372321429,0.0,0.086,0.0
2025-02-03 01:00:00,0.45,0.0,7.131731800766284,0.0,0.372321429,0.0,0.084,0.0
2025-02-03 02:00:00,0.46,0.0,6.671731800766284,0.0,0.372321429,0.0,0.084,0.0
2025-02-03 03:00:00,0.8200000000000001,0.0,5.8517318007662835,0.0,0.372321429,0.0,0.084,0.0
2025-02-03 04:00:00,0.5700000000000001,0.0,5.281731800766283,0.0,0.372321429,0.0,0.085,0.0
2025-02-03 05:00:00,0.64,0.0,4.6417318007662836,0.0,0.372321429,0.0,0.084,0.0
2025-02-03 06:00:00,0.96,0.0,3.681731800766283,0.0,0.372321429,0.0,0.08,0.0
2025-02-03 07:00:00,0.57,0.278482,3.3902138007662836,0.0,0.372321429,0.0,0.076,0.0
2025-02-03 08:00:00,0.5499999999999999,0.424438,3.2646518007662837,0.0,0.372321429,0.0,0.055,0.0
2025-02-03 09:00:00,0.56,2.601578,5.306229800766284,0.0,0.372321429,0.0,0.043,0.0
2025-02-03 10:00:00,0.18,5.265399,10.391628800766284,0.0,0.372321429,0.0,0.038,0.0
2025-02-03 11:00:00,0.4066538461538462,5.75,13.5,0.0,0.372321429,5.343346153846154,0.038,-0.20304715384615385
2025-02-03 12:00:00,0.4666538461538462,5.75,13.5,0.0,0.372321429,5.2833461538461535,0.034,-0.17963376923076924
2025-02-03 13:00:00,0.3966538461538462,5.689809,13.5,0.0,0.372321429,5.293155153846154,0.032,-0.16938096492307694
2025-02-03 14:00:00,0.17,5.003994,13.5,0.0,0.372321429,4.833994,0.031,-0.149853814
2025-02-03 15:00:00,0.17,3.850864,13.5,0.0,0.382321429,3.680864,0.032,-0.11778764800000001
2025-02-03 16:00:00,0.3,2.179811,13.5,0.0,0.402321429,1.879811,0.062,-0.11654828199999999
2025-02-03 17:00:00,1.1318793103448277,0.0,12.368120689655171,0.0,0.402321429,0.0,0.099,0.0
2025-02-03 18:00:00,3.0618793103448274,0.0,9.306241379310343,0.0,0.402321429,0.0,0.089,0.0
2025-02-03 19:00:00,0.5,0.0,8.806241379310343,0.0,0.402321429,0.0,0.082,0.0
2025-02-03 20:00:00,1.7,0.0,7.106241379310343,0.0,0.402321429,0.0,0.083,0.0
2025-02-03 21:00:00,1.0,0.0,6.106241379310343,0.0,0.382321429,0.0,0.082,0.0
2025-02-03 22:00:00,0.32,0.0,5.786241379310343,0.0,0.382321429,0.0,0.086,0.0
2025-02-03 23:00:00,0.62,0.0,5.1662413793103426,0.0,0.382321429,0.0,0.087,0.0
2025-02-04 00:00:00,0.74,0.0,4.426241379310342,0.0,0.372321429,0.0,0.086,0.0
2025-02-04 01:00:00,0.6,0.0,3.8262413793103422,0.0,0.372321429,0.0,0.084,0.0
2025-02-04 02:00:00,0.94,0.0,2.8862413793103423,0.0,0.372321429,0.0,0.084,0.0
2025-02-04 03:00:00,0.51,0.0,2.3762413793103425,0.0,0.372321429,0.0,0.084,0.0
2025-02-04 04:00:00,0.91,0.0,1.4662413793103424,0.0,0.372321429,0.0,0.085,0.0
2025-02-04 05:00:00,0.6,0.0,0.8662413793103424,0.0,0.372321429,0.0,0.084,0.0
2025-02-04 06:00:00,0.91,0.0,0.0,0.043758620689657635,0.372321429,0.0,0.08,0.016292272186242296
2025-02-04 07:00:00,0.63,0.384907,0.0,0.245093,0.372321429,0.0,0.076,0.091253375997897
2025-02-04 08:00:00,0.87,0.440768,0.0,0.429232,0.372321429,0.0,0.055,0.159812271612528
2025-02-04 09:00:00,1.02,4.4780299999999995,3.4580299999999995,0.0,0.372321429,0.0,0.043,0.0
2025-02-04 10:00:00,0.5599999999999999,5.5061279999999995,8.404157999999999,0.0,0.372321429,0.0,0.038,0.0
2025-02-04 11:00:00,1.2066538461538463,5.75,12.947504153846152,0.0,0.372321429,0.0,0.038,0.0
2025-02-04 12:00:00,0.6566538461538463,5.75,13.5,0.0,0.372321429,5.093346153846154,0.034,-0.17317376923076924
2025-02-04 13:00:00,1.2066538461538463,5.75,13.5,0.0,0.372321429,4.543346153846153,0.032,-0.1453870769230769
2025-02-04 14:00:00,0.54,5.090732,13.5,0.0,0.372321429,4.550732,0.031,-0.141072692
2025-02-04 15:00:00,0.49,3.991085,13.5,0.0,0.382321429,3.501085,0.032,-0.11203471999999999
2025-02-04 16:00:00,0.39,2.280875,13.5,0.0,0.402321429,1.8908749999999999,0.062,-0.11723424999999998
2025-02-04 17:00:00,1.7518793103448278,0.0,11.748120689655172,0.0,0.402321429,0.0,0.099,0.0
2025-02-04 18:00:00,2.351879310344827,0.0,9.396241379310345,0.0,0.402321429,0.0,0.089,0.0
2025-02-04 19:00:00,1.0,0.0,8.396241379310345,0.0,0.402321429,0.0,0.082,0.0
2025-02-04 20:00:00,0.8699999999999999,0.0,7.526241379310345,0.0,0.402321429,0.0,0.083,0.0
2025-02-04 21:00:00,1.18,0.0,6.346241379310345,0.0,0.382321429,0.0,0.082,0.0
2025-02-04 22:00:00,1.1,0.0,5.246241379310344,0.0,0.382321429,0.0,0.086,0.0
2025-02-04 23:00:00,1.96,0.0,3.2862413793103444,0.0,0.382321429,0.0,0.087,0.0
2025-02-05 00:00:00,1.25,0.0,2.0362413793103444,0.0,0.372321429,0.0,0.086,0.0
2025-02-05 01:00:00,1.34,0.0,0.6962413793103444,0.0,0.372321429,0.0,0.084,0.0
2025-02-05 02:00:00,1.28,0.0,0.0,0.5837586206896557,0.372321429,0.0,0.084,0.21734584384624156
2025-02-05 03:00:00,2.03,0.0,0.0,2.03,0.372321429,0.0,0.084,0.7558125008699998
2025-02-05 04:00:00,1.4,0.0,0.0,1.4,0.372321429,0.0,0.085,0.5212500005999999
2025-02-05 05:00:00,1.83,0.0,0.0,1.83,0.372321429,0.0,0.084,0.68134821507
2025-02-05 06:00:00,1.38,0.0,0.0,1.38,0.372321429,0.0,0.08,0.5138035720199999
2025-02-05 07:00:00,1.55,0.3580609999999999,0.0,1.191939,0.372321429,0.0,0.076,0.443784431760831
2025-02-05 08:00:00,0.57,1.369274,0.7992739999999999,0.0,0.372321429,0.0,0.055,0.0
2025-02-05 09:00:00,0.49,2.088278,2.3975519999999997,0.0,0.372321429,0.0,0.043,0.0
2025-02-05 10:00:00,2.42,3.924447,3.901999,0.0,0.372321429,0.0,0.038,0.0
2025-02-05 11:00:00,2.666653846153846,2.220257,3.4556021538461543,0.0,0.372321429,0.0,0.038,0.0
2025-02-05 12:00:00,2.6466538461538462,3.687888,4.496836307692308,0.0,0.372321429,0.0,0.034,0.0
2025-02-05 13:00:00,2.666653846153846,5.700006,7.530188461538462,0.0,0.372321429,0.0,0.032,0.0
2025-02-05 14:00:00,2.4099999999999997,5.03213,10.152318461538464,0.0,0.372321429,0.0,0.031,0.0
2025-02-05 15:00:00,0.12,3.88615,13.5,0.0,0.382321429,3.76615,0.032,-0.12051680000000001
2025-02-05 16:00:00,0.12,2.222676,13.5,0.0,0.402321429,2.1026759999999998,0.062,-0.13036591199999997
2025-02-05 17:00:00,0.8018793103448277,0.0,12.698120689655171,0.0,0.402321429,0.0,0.099,0.0
2025-02-05 18:00:00,2.961879310344828,0.0,9.736241379310345,0.0,0.402321429,0.0,0.089,0.0
2025-02-05 19:00:00,0.99,0.0,8.746241379310343,0.0,0.402321429,0.0,0.082,0.0
2025-02-05 20:00:00,1.32,0.0,7.426241379310342,0.0,0.402321429,0.0,0.083,0.0
2025-02-05 21:00:00,0.93,0.0,6.496241379310343,0.0,0.382321429,0.0,0.082,0.0
2025-02-05 22:00:00,1.28,0.0,5.216241379310342,0.0,0.382321429,0.0,0.086,0.0
2025-02-05 23:00:00,1.17,0.0,4.0462413793103424,0.0,0.382321429,0.0,0.087,0.0
2025-02-06 00:00:00,1.18,0.0,2.8662413793103427,0.0,0.372321429,0.0,0.086,0.0
2025-02-06 01:00:00,1.7400000000000002,0.0,1.1262413793103423,0.0,0.372321429,0.0,0.084,0.0
2025-02-06 02:00:00,1.33,0.0,0.0,0.20375862068965778,0.372321429,0.0,0.084,0.07586370082624234
2025-02-06 03:00:00,1.1800000000000002,0.0,0.0,1.1800000000000002,0.372321429,0.0,0.084,0.43933928622
2025-02-06 04:00:00,1.53,0.0,0.0,1.53,0.372321429,0.0,0.085,0.56965178637
2025-02-06 05:00:00,1.27,0.0,0.0,1.27,0.372321429,0.0,0.084,0.47284821483
2025-02-06 06:00:00,1.38,0.0,0.0,1.38,0.372321429,0.0,0.08,0.5138035720199999
2025-02-06 07:00:00,1.44,0.335777,0.0,1.104223,0.372321429,0.0,0.076,0.411125885294667
2025-02-06 08:00:00,1.56,0.118307,0.0,1.4416930000000001,0.372321429,0.0,0.055,0.536773197939297
2025-02-06 09:00:00,1.12,0.574913,0.0,0.5450870000000001,0.372321429,0.0,0.043,0.20294757076932302
2025-02-06 10:00:00,1.6,0.693578,0.0,0.9064220000000001,0.372321429,0.0,0.038,0.337480334317038
2025-02-06 11:00:00,1.156653846153846,1.465888,0.3092341538461538,0.0,0.372321429,0.0,0.038,0.0
2025-02-06 12:00:00,1.4566538461538463,3.769726,2.622306307692307,0.0,0.372321429,0.0,0.034,0.0
2025-02-06 13:00:00,1.156653846153846,2.836837,4.302489461538461,0.0,0.372321429,0.0,0.032,0.0
2025-02-06 14:00:00,0.4599999999999999,2.243217,6.085706461538461,0.0,0.372321429,0.0,0.031,0.0
2025-02-06 15:00:00,0.7,1.850375,7.236081461538461,0.0,0.382321429,0.0,0.032,0.0
2025-02-06 16:00:00,0.51,0.8443959999999999,7.570477461538461,0.0,0.402321429,0.0,0.062,0.0
2025-02-06 17:00:00,1.2318793103448278,0.0,6.338598151193633,0.0,0.402321429,0.0,0.099,0.0
2025-02-06 18:00:00,3.1318793103448277,0.0,3.206718840848805,0.0,0.402321429,0.0,0.089,0.0
2025-02-06 19:00:00,0.6,0.0,2.606718840848805,0.0,0.402321429,0.0,0.082,0.0
2025-02-06 20:00:00,0.41,0.0,2.196718840848805,0.0,0.402321429,0.0,0.083,0.0
2025-02-06 21:00:00,0.5399999999999999,0.0,1.656718840848805,0.0,0.382321429,0.0,0.082,0.0
2025-02-06 22:00:00,0.85,0.0,0.806718840848805,0.0,0.382321429,0.0,0.086,0.0
2025-02-06 23:00:00,0.6,0.0,0.2067188408488049,0.0,0.382321429,0.0,0.087,0.0
2025-02-07 00:00:00,1.19,0.0,0.0,0.9832811591511951,0.372321429,0.0,0.086,0.36609664628394933
2025-02-07 01:00:00,0.81,0.0,0.0,0.81,0.372321429,0.0,0.084,0.30158035749
2025-02-07 02:00:00,0.87,0.0,0.0,0.87,0.372321429,0.0,0.084,0.32391964323
2025-02-07 03:00:00,1.19,0.0,0.0,1.19,0.372321429,0.0,0.084,0.44306250050999996
2025-02-07 04:00:00,0.93,0.0,0.0,0.93,0.372321429,0.0,0.085,0.34625892897
2025-02-07 05:00:00,1.02,0.0,0.0,1.02,0.372321429,0.0,0.084,0.37976785758
2025-02-07 06:00:00,1.2,0.0,0.0,1.2,0.372321429,0.0,0.08,0.44678571479999996
2025-02-07 07:00:00,0.97,0.0,0.0,0.97,0.372321429,0.0,0.076,0.36115178613
2025-02-07 08:00:00,1.29,0.758437,0.0,0.531563,0.372321429,0.0,0.055,0.19791229576352698
2025-02-07 09:00:00,0.8200000000000001,0.918919,0.0989189999999998,0.0,0.372321429,0.0,0.043,0.0
2025-02-07 10:00:00,3.3099999999999996,0.98764,0.0,2.223441,0.372321429,0.0,0.038,0.8278347304171889
2025-02-07 11:00:00,3.456653846153846,2.1134299999999997,0.0,1.3432238461538462,0.372321429,0.0,0.038,0.5001110218668762
2025-02-07 12:00:00,2.676653846153846,1.291565,0.0,1.385088846153846,0.372321429,0.0,0.034,0.515698258491961
2025-02-07 13:00:00,2.666653846153846,1.137001,0.0,1.529652846153846,0.372321429,0.0,0.032,0.569522533553917
2025-02-07 14:00:00,2.4499999999999997,0.581098,0.0,1.8689019999999998,0.372321429,0.0,0.031,0.6958322633009579
2025-02-07 15:00:00,0.15,0.656515,0.5065149999999999,0.0,0.382321429,0.0,0.032,0.0
2025-02-07 16:00:00,0.21,0.363862,0.660377,0.0,0.402321429,0.0,0.062,0.0
2025-02-07 17:00:00,0.8018793103448277,0.0,0.0,0.14150231034482774,0.402321429,0.0,0.099,0.056929411704732584
2025-02-07 18:00:00,3.461879310344828,0.0,0.0,3.461879310344828,0.402321429,0.0,0.089,1.3927882311634658
2025-02-07 19:00:00,0.8600000000000001,0.0,0.0,0.8600000000000001,0.402321429,0.0,0.082,0.34599642894000004
2025-02-07 20:00:00,1.0,0.0,0.0,1.0,0.402321429,0.0,0.083,0.402321429
2025-02-07 21:00:00,1.2,0.0,0.0,1.2,0.382321429,0.0,0.082,0.45878571479999997
2025-02-07 22:00:00,1.42,0.0,0.0,1.42,0.382321429,0.0,0.086,0.5428964291799999
2025-02-07 23:00:00,0.87,0.0,0.0,0.87,0.382321429,0.0,0.087,0.33261964323
2025-02-08 00:00:00,1.02,0.0,0.0,1.02,0.372321429,0.0,0.086,0.37976785758
2025-02-08 01:00:00,1.23,0.0,0.0,1.23,0.372321429,0.0,0.084,0.45795535766999995
2025-02-08 02:00:00,1.68,0.0,0.0,1.68,0.372321429,0.0,0.084,0.6255000007199999
2025-02-08 03:00:00,1.29,0.0,0.0,1.29,0.372321429,0.0,0.084,0.48029464341
2025-02-08 04:00:00,1.9,0.0,0.0,1.9,0.372321429,0.0,0.085,0.7074107151
2025-02-08 05:00:00,1.51,0.0,0.0,1.51,0.372321429,0.0,0.084,0.56220535779
2025-02-08 06:00:00,1.48,0.0,0.0,1.48,0.372321429,0.0,0.08,0.5510357149199999
2025-02-08 07:00:00,1.67,0.43238,0.0,1.23762,0.372321429,0.0,0.076,0.46079244695898
2025-02-08 08:00:00,0.67,2.8147260000000003,2.1447260000000004,0.0,0.372321429,0.0,0.055,0.0
2025-02-08 09:00:00,0.5,3.043407,4.6881330000000005,0.0,0.372321429,0.0,0.043,0.0
2025-02-08 10:00:00,2.42,4.914281,7.1824140000000005,0.0,0.372321429,0.0,0.038,0.0
2025-02-08 11:00:00,2.8606666666666665,5.75,10.071747333333334,0.0,0.372321429,0.0,0.038,0.0
2025-02-08 12:00:00,2.9306666666666663,5.75,12.891080666666667,0.0,0.372321429,0.0,0.034,0.0
2025-02-08 13:00:00,2.9406666666666665,5.75,13.5,0.0,0.372321429,2.8093333333333335,0.032,-0.08989866666666667
2025-02-08 14:00:00,2.46,5.185624,13.5,0.0,0.372321429,2.725624,0.031,-0.084494344
2025-02-08 15:00:00,0.11,4.052372,13.5,0.0,0.382321429,3.942372,0.032,-0.126155904
2025-02-08 16:00:00,0.12,2.339218,13.5,0.0,0.402321429,2.2192179999999997,0.062,-0.13759151599999997
2025-02-08 17:00:00,1.3791340996168584,0.126322,12.247187900383144,0.0,0.402321429,0.0,0.099,0.0
2025-02-08 18:00:00,2.3391340996168584,0.0,9.908053800766284,0.0,0.402321429,0.0,0.089,0.0
2025-02-08 19:00:00,0.62,0.0,9.288053800766283,0.0,0.402321429,0.0,0.082,0.0
2025-02-08 20:00:00,0.63,0.0,8.658053800766284,0.0,0.402321429,0.0,0.083,0.0
2025-02-08 21:00:00,1.1,0.0,7.5580538007662845,0.0,0.382321429,0.0,0.082,0.0
2025-02-08 22:00:00,1.3199999999999998,0.0,6.238053800766284,0.0,0.382321429,0.0,0.086,0.0
2025-02-08 23:00:00,1.03,0.0,5.208053800766284,0.0,0.382321429,0.0,0.087,0.0
2025-02-09 00:00:00,1.42,0.0,3.788053800766284,0.0,0.372321429,0.0,0.086,0.0
2025-02-09 01:00:00,1.23,0.0,2.558053800766284,0.0,0.372321429,0.0,0.084,0.0
2025-02-09 02:00:00,1.63,0.0,0.9280538007662842,0.0,0.372321429,0.0,0.084,0.0
2025-02-09 03:00:00,1.07,0.0,0.0,0.14194619923371588,0.372321429,0.0,0.084,0.0528496117398158
2025-02-09 04:00:00,1.67,0.0,0.0,1.67,0.372321429,0.0,0.085,0.6217767864299999
2025-02-09 05:00:00,1.58,0.0,0.0,1.58,0.372321429,0.0,0.084,0.58826785782
2025-02-09 06:00:00,1.3,0.0,0.0,1.3,0.372321429,0.0,0.08,0.4840178577
2025-02-09 07:00:00,1.49,0.468488,0.0,1.021512,0.372321429,0.0,0.076,0.38033080758064797
2025-02-09 08:00:00,0.6599999999999999,2.886715,2.2267150000000004,0.0,0.372321429,0.0,0.055,0.0
2025-02-09 09:00:00,0.12,4.506969,6.613684,0.0,0.372321429,0.0,0.043,0.0
2025-02-09 10:00:00,2.72,5.532896,9.42658,0.0,0.372321429,0.0,0.038,0.0
2025-02-09 11:00:00,3.9806666666666666,5.75,11.195913333333332,0.0,0.372321429,0.0,0.038,0.0
2025-02-09 12:00:00,3.8406666666666665,5.75,13.105246666666666,0.0,0.372321429,0.0,0.034,0.0
2025-02-09 13:00:00,3.9606666666666666,5.75,13.5,0.0,0.372321429,1.7893333333333334,0.032,-0.05725866666666667
2025-02-09 14:00:00,3.3899999999999997,5.204746,13.5,0.0,0.372321429,1.8147460000000004,0.031,-0.05625712600000001
2025-02-09 15:00:00,1.06,4.0787759999999995,13.5,0.0,0.382321429,3.0187759999999995,0.032,-0.09660083199999998
2025-02-09 16:00:00,1.06,2.370299,13.5,0.0,0.402321429,1.310299,0.062,-0.081238538
2025-02-09 17:00:00,2.7591340996168583,0.152419,10.893284900383142,0.0,0.402321429,0.0,0.099,0.0
2025-02-09 18:00:00,4.219134099616858,0.0,6.6741508007662835,0.0,0.402321429,0.0,0.089,0.0
2025-02-09 19:00:00,1.82,0.0,4.854150800766283,0.0,0.402321429,0.0,0.082,0.0
2025-02-09 20:00:00,0.6900000000000001,0.0,4.164150800766283,0.0,0.402321429,0.0,0.083,0.0
2025-02-09 21:00:00,0.8300000000000001,0.0,3.334150800766283,0.0,0.382321429,0.0,0.082,0.0
2025-02-09 22:00:00,1.26,0.0,2.074150800766283,0.0,0.382321429,0.0,0.086,0.0
2025-02-09 23:00:00,1.6700000000000002,0.0,0.4041508007662828,0.0,0.382321429,0.0,0.087,0.0
2025-02-10 00:00:00,1.8,0.0,0.0,1.3958491992337172,0.372321429,0.0,0.086,0.5197045685272033
2025-02-10 01:00:00,1.06,0.0,0.0,1.06,0.372321429,0.0,0.084,0.39466071474
2025-02-10 02:00:00,1.37,0.0,0.0,1.37,0.372321429,0.0,0.084,0.51008035773
2025-02-10 03:00:00,1.7,0.0,0.0,1.7,0.372321429,0.0,0.084,0.6329464293
2025-02-10 04:00:00,1.21,0.0,0.0,1.21,0.372321429,0.0,0.085,0.45050892908999995
2025-02-10 05:00:00,1.6,0.0,0.0,1.6,0.372321429,0.0,0.084,0.5957142864
2025-02-10 06:00:00,1.59,0.0,0.0,1.59,0.372321429,0.0,0.08,0.59199107211
2025-02-10 07:00:00,1.22,0.456713,0.0,0.763287,0.372321429,0.0,0.076,0.284188106577123
2025-02-10 08:00:00,0.6699999999999999,2.7828850000000003,2.1128850000000003,0.0,0.372321429,0.0,0.055,0.0
2025-02-10 09:00:00,0.39,4.309945,6.032830000000001,0.0,0.372321429,0.0,0.043,0.0
2025-02-10 10:00:00,0.39,5.2554799999999995,10.89831,0.0,0.372321429,0.0,0.038,0.0
2025-02-10 11:00:00,0.5006666666666667,5.75,13.5,0.0,0.372321429,5.249333333333333,0.038,-0.19947466666666666
2025-02-10 12:00:00,0.5006666666666667,5.75,13.5,0.0,0.372321429,5.249333333333333,0.034,-0.17847733333333335
2025-02-10 13:00:00,0.5006666666666667,5.647747000000001,13.5,0.0,0.372321429,5.147080333333334,0.032,-0.1647065706666667
2025-02-10 14:00:00,0.1,4.9626019999999995,13.5,0.0,0.372321429,4.862602,0.031,-0.150740662
2025-02-10 15:00:00,0.1,3.907891,13.5,0.0,0.382321429,3.8078909999999997,0.032,-0.121852512
2025-02-10 16:00:00,0.11,2.065919,13.5,0.0,0.402321429,1.955919,0.062,-0.121266978
2025-02-10 17:00:00,1.2591340996168583,0.02778,12.268645900383142,0.0,0.402321429,0.0,0.099,0.0
2025-02-10 18:00:00,3.2991340996168588,0.0,8.969511800766282,0.0,0.402321429,0.0,0.089,0.0
2025-02-10 19:00:00,1.96,0.0,7.009511800766282,0.0,0.402321429,0.0,0.082,0.0
2025-02-10 20:00:00,0.8,0.0,6.209511800766283,0.0,0.402321429,0.0,0.083,0.0
2025-02-10 21:00:00,1.05,0.0,5.159511800766283,0.0,0.382321429,0.0,0.082,0.0
2025-02-10 22:00:00,1.12,0.0,4.039511800766283,0.0,0.382321429,0.0,0.086,0.0
2025-02-10 23:00:00,0.9,0.0,3.139511800766283,0.0,0.382321429,0.0,0.087,0.0
2025-02-11 00:00:00,1.79,0.0,1.3495118007662827,0.0,0.372321429,0.0,0.086,0.0
2025-02-11 01:00:00,0.98,0.0,0.3695118007662827,0.0,0.372321429,0.0,0.084,0.0
2025-02-11 02:00:00,1.61,0.0,0.0,1.2404881992337173,0.372321429,0.0,0.084,0.46186033899633433
2025-02-11 03:00:00,1.4,0.0,0.0,1.4,0.372321429,0.0,0.084,0.5212500005999999
2025-02-11 04:00:00,1.63,0.0,0.0,1.63,0.372321429,0.0,0.085,0.6068839292699999
2025-02-11 05:00:00,1.5299999999999998,0.0,0.0,1.5299999999999998,0.372321429,0.0,0.084,0.5696517863699999
2025-02-11 06:00:00,1.59,0.0,0.0,1.59,0.372321429,0.0,0.08,0.59199107211
2025-02-11 07:00:00,1.4300000000000002,0.2787679999999999,0.0,1.1512320000000003,0.372321429,0.0,0.076,0.4286283433505281
2025-02-11 08:00:00,0.11,0.796359,0.686359,0.0,0.372321429,0.0,0.055,0.0
2025-02-11 09:00:00,0.09,3.708484,4.304843,0.0,0.372321429,0.0,0.043,0.0
2025-02-11 10:00:00,0.13,4.651548,8.826391000000001,0.0,0.372321429,0.0,0.038,0.0
2025-02-11 11:00:00,0.6074285714285714,4.954836,13.17379842857143,0.0,0.372321429,0.0,0.038,0.0
2025-02-11 12:00:00,0.2774285714285714,5.75,13.5,0.0,0.372321429,5.472571428571428,0.034,-0.18606742857142858
2025-02-11 13:00:00,0.2674285714285714,4.698058,13.5,0.0,0.372321429,4.430629428571428,0.032,-0.14178014171428568
2025-02-11 14:00:00,0.54,3.560303,13.5,0.0,0.372321429,3.020303,0.031,-0.093629393
2025-02-11 15:00:00,0.1,3.226775,13.5,0.0,0.382321429,3.126775,0.032,-0.1000568
2025-02-11 16:00:00,1.4500000000000002,2.243468,13.5,0.0,0.402321429,0.7934679999999998,0.062,-0.04919501599999999
2025-02-11 17:00:00,2.275343185550082,0.038319,11.262975814449918,0.0,0.402321429,0.0,0.099,0.0
2025-02-11 18:00:00,2.855343185550082,0.0,8.407632628899837,0.0,0.402321429,0.0,0.089,0.0
2025-02-11 19:00:00,2.36,0.0,6.047632628899837,0.0,0.402321429,0.0,0.082,0.0
2025-02-11 20:00:00,0.7300000000000001,0.0,5.317632628899837,0.0,0.402321429,0.0,0.083,0.0
2025-02-11 21:00:00,1.4500000000000002,0.0,3.8676326288998366,0.0,0.382321429,0.0,0.082,0.0
2025-02-11 22:00:00,0.8300000000000001,0.0,3.0376326288998365,0.0,0.382321429,0.0,0.086,0.0
2025-02-11 23:00:00,1.39,0.0,1.6476326288998366,0.0,0.382321429,0.0,0.087,0.0
2025-02-12 00:00:00,1.28,0.0,0.3676326288998366,0.0,0.372321429,0.0,0.086,0.0
2025-02-12 01:00:00,1.51,0.0,0.0,1.1423673711001634,0.372321429,0.0,0.084,0.4253278520509861
2025-02-12 02:00:00,1.5,0.0,0.0,1.5,0.372321429,0.0,0.084,0.5584821435
2025-02-12 03:00:00,1.27,0.0,0.0,1.27,0.372321429,0.0,0.084,0.47284821483
2025-02-12 04:00:00,1.46,0.0,0.0,1.46,0.372321429,0.0,0.085,0.5435892863399999
2025-02-12 05:00:00,1.39,0.0,0.0,1.39,0.372321429,0.0,0.084,0.5175267863099999
2025-02-12 06:00:00,1.86,0.0,0.0,1.86,0.372321429,0.0,0.08,0.69251785794
2025-02-12 07:00:00,1.34,0.478674,0.0,0.861326,0.372321429,0.0,0.076,0.320690127154854
2025-02-12 08:00:00,1.15,2.735078,1.5850780000000002,0.0,0.372321429,0.0,0.055,0.0
2025-02-12 09:00:00,1.09,2.70022,3.195298,0.0,0.372321429,0.0,0.043,0.0
2025-02-12 10:00:00,2.8899999999999997,5.173772,5.47907,0.0,0.372321429,0.0,0.038,0.0
2025-02-12 11:00:00,3.4974285714285713,5.72834,7.709981428571429,0.0,0.372321429,0.0,0.038,0.0
2025-02-12 12:00:00,3.1674285714285713,5.75,10.29255285714286,0.0,0.372321429,0.0,0.034,0.0
2025-02-12 13:00:00,3.0374285714285714,4.589592,11.844716285714288,0.0,0.372321429,0.0,0.032,0.0
2025-02-12 14:00:00,2.72,4.26062,13.385336285714288,0.0,0.372321429,0.0,0.031,0.0
2025-02-12 15:00:00,0.58,2.7543029999999997,13.5,0.0,0.382321429,2.1743029999999997,0.032,-0.069577696
2025-02-12 16:00:00,1.15,1.200406,13.5,0.0,0.402321429,0.05040600000000017,0.062,-0.0031251720000000107
2025-02-12 17:00:00,1.605343185550082,0.042121,11.936777814449918,0.0,0.402321429,0.0,0.099,0.0
2025-02-12 18:00:00,1.4453431855500822,0.0,10.491434628899835,0.0,0.402321429,0.0,0.089,0.0
2025-02-12 19:00:00,2.61,0.0,7.881434628899836,0.0,0.402321429,0.0,0.082,0.0
2025-02-12 20:00:00,2.4299999999999997,0.0,5.451434628899836,0.0,0.402321429,0.0,0.083,0.0
2025-02-12 21:00:00,2.4000000000000004,0.0,3.0514346288998357,0.0,0.382321429,0.0,0.082,0.0
2025-02-12 22:00:00,2.52,0.0,0.5314346288998357,0.0,0.382321429,0.0,0.086,0.0
2025-02-12 23:00:00,2.6,0.0,0.0,2.0685653711001644,0.382321429,0.0,0.087,0.7908568686589301
2025-02-13 00:00:00,2.35,0.0,0.0,2.35,0.372321429,0.0,0.086,0.87495535815
2025-02-13 01:00:00,2.28,0.0,0.0,2.28,0.372321429,0.0,0.084,0.8488928581199999
2025-02-13 02:00:00,1.91,0.0,0.0,1.91,0.372321429,0.0,0.084,0.71113392939
2025-02-13 03:00:00,2.47,0.0,0.0,2.47,0.372321429,0.0,0.084,0.91963392963
2025-02-13 04:00:00,1.95,0.0,0.0,1.95,0.372321429,0.0,0.085,0.72602678655
2025-02-13 05:00:00,1.13,0.0,0.0,1.13,0.372321429,0.0,0.084,0.42072321476999996
2025-02-13 06:00:00,1.42,0.0,0.0,1.42,0.372321429,0.0,0.08,0.5286964291799999
2025-02-13 07:00:00,1.03,0.002778,0.0,1.027222,0.372321429,0.0,0.076,0.382456762940238
2025-02-13 08:00:00,0.8400000000000001,0.139113,0.0,0.700887,0.372321429,0.0,0.055,0.260955249407523
2025-02-13 09:00:00,0.64,0.1492889999999999,0.0,0.4907110000000001,0.372321429,0.0,0.043,0.18270222074601902
2025-02-13 10:00:00,0.67,0.5498339999999999,0.0,0.1201660000000001,0.372321429,0.0,0.038,0.04474037683721404
2025-02-13 11:00:00,1.5874285714285716,0.907991,0.0,0.6794375714285716,0.372321429,0.0,0.038,0.25296916751057535
2025-02-13 12:00:00,1.3274285714285714,1.228277,0.0,0.09915157142857134,0.372321429,0.0,0.034,0.03691625476188125
2025-02-13 13:00:00,0.5074285714285715,0.988521,0.4810924285714285,0.0,0.372321429,0.0,0.032,0.0
2025-02-13 14:00:00,1.57,0.5887279999999999,0.0,0.5001795714285717,0.372321429,0.0,0.031,0.1862275727908934
2025-02-13 15:00:00,0.7,0.242469,0.0,0.45753099999999997,0.382321429,0.0,0.032,0.17492390573179897
2025-02-13 16:00:00,0.49,0.21668,0.0,0.27332,0.402321429,0.0,0.062,0.10996249297428
2025-02-13 17:00:00,1.7353431855500825,0.0,0.0,1.7353431855500825,0.402321429,0.0,0.099,0.6981657502159213
2025-02-13 18:00:00,2.485343185550082,0.0,0.0,2.485343185550082,0.402321429,0.0,0.089,0.9999068219659211
2025-02-13 19:00:00,0.93,0.0,0.0,0.93,0.402321429,0.0,0.082,0.37415892897
2025-02-13 20:00:00,0.64,0.0,0.0,0.64,0.402321429,0.0,0.083,0.25748571456
2025-02-13 21:00:00,0.9,0.0,0.0,0.9,0.382321429,0.0,0.082,0.3440892861
2025-02-13 22:00:00,0.81,0.0,0.0,0.81,0.382321429,0.0,0.086,0.30968035749
2025-02-13 23:00:00,0.57,0.0,0.0,0.57,0.382321429,0.0,0.087,0.21792321452999996
2025-02-14 00:00:00,0.93,0.0,0.0,0.93,0.372321429,0.0,0.086,0.34625892897
2025-02-14 01:00:00,0.64,0.0,0.0,0.64,0.372321429,0.0,0.084,0.23828571456
2025-02-14 02:00:00,0.95,0.0,0.0,0.95,0.372321429,0.0,0.084,0.35370535755
2025-02-14 03:00:00,0.95,0.0,0.0,0.95,0.372321429,0.0,0.084,0.35370535755
2025-02-14 04:00:00,1.0,0.0,0.0,1.0,0.372321429,0.0,0.085,0.372321429
2025-02-14 05:00:00,0.49,0.0,0.0,0.49,0.372321429,0.0,0.084,0.18243750021
2025-02-14 06:00:00,1.46,0.0,0.0,1.46,0.372321429,0.0,0.08,0.5435892863399999
2025-02-14 07:00:00,0.8,0.503688,0.0,0.296312,0.372321429,0.0,0.076,0.110323307269848
2025-02-14 08:00:00,0.73,2.397091,1.667091,0.0,0.372321429,0.0,0.055,0.0
2025-02-14 09:00:00,0.16,3.799427,5.3065180000000005,0.0,0.372321429,0.0,0.043,0.0
2025-02-14 10:00:00,2.44,4.753268,7.619786000000001,0.0,0.372321429,0.0,0.038,0.0
2025-02-14 11:00:00,2.607428571428571,5.259008,10.27136542857143,0.0,0.372321429,0.0,0.038,0.0
2025-02-14 12:00:00,3.1874285714285713,5.450645000000001,12.53458185714286,0.0,0.372321429,0.0,0.034,0.0
2025-02-14 13:00:00,5.027428571428571,5.248562,12.755715285714288,0.0,0.372321429,0.0,0.032,0.0
2025-02-14 14:00:00,5.02,2.380515,10.116230285714288,0.0,0.372321429,0.0,0.031,0.0
2025-02-14 15:00:00,1.26,1.298266,10.154496285714288,0.0,0.382321429,0.0,0.032,0.0
2025-02-14 16:00:00,0.42,0.3378469999999999,10.072343285714288,0.0,0.402321429,0.0,0.062,0.0
2025-02-14 17:00:00,0.975343185550082,0.050648,9.147648100164206,0.0,0.402321429,0.0,0.099,0.0
2025-02-14 18:00:00,0.5853431855500821,0.0,8.562304914614124,0.0,0.402321429,0.0,0.089,0.0
2025-02-14 19:00:00,0.48,0.0,8.082304914614124,0.0,0.402321429,0.0,0.082,0.0
2025-02-14 20:00:00,0.16,0.0,7.922304914614124,0.0,0.402321429,0.0,0.083,0.0
2025-02-14 21:00:00,0.5,0.0,7.422304914614124,0.0,0.382321429,0.0,0.082,0.0
2025-02-14 22:00:00,0.43,0.0,6.992304914614124,0.0,0.382321429,0.0,0.086,0.0
2025-02-14 23:00:00,0.16,0.0,6.832304914614124,0.0,0.382321429,0.0,0.087,0.0
2025-02-15 00:00:00,0.5,0.0,6.332304914614124,0.0,0.372321429,0.0,0.086,0.0
2025-02-15 01:00:00,1.18,0.0,5.152304914614124,0.0,0.372321429,0.0,0.084,0.0
2025-02-15 02:00:00,0.86,0.0,4.292304914614124,0.0,0.372321429,0.0,0.084,0.0
2025-02-15 03:00:00,0.96,0.0,3.3323049146141237,0.0,0.372321429,0.0,0.084,0.0
2025-02-15 04:00:00,1.39,0.0,1.942304914614124,0.0,0.372321429,0.0,0.085,0.0
2025-02-15 05:00:00,0.94,0.0,1.002304914614124,0.0,0.372321429,0.0,0.084,0.0
2025-02-15 06:00:00,0.93,0.0,0.0723049146141238,0.0,0.372321429,0.0,0.08,0.0
2025-02-15 07:00:00,1.19,0.582688,0.0,0.5350070853858762,0.372321429,0.0,0.076,0.19919460255599442
2025-02-15 08:00:00,0.7300000000000001,0.186078,0.0,0.5439220000000001,0.372321429,0.0,0.055,0.20251381630453805
2025-02-15 09:00:00,0.47,1.395602,0.925602,0.0,0.372321429,0.0,0.043,0.0
2025-02-15 10:00:00,2.8,5.2379750000000005,3.3635770000000007,0.0,0.372321429,0.0,0.038,0.0
2025-02-15 11:00:00,2.5774285714285714,3.904612,4.69076042857143,0.0,0.372321429,0.0,0.038,0.0
2025-02-15 12:00:00,2.5574285714285714,3.530781,5.664112857142859,0.0,0.372321429,0.0,0.034,0.0
2025-02-15 13:00:00,2.567428571428571,2.0776790000000003,5.174363285714288,0.0,0.372321429,0.0,0.032,0.0
2025-02-15 14:00:00,2.4,3.145102,5.919465285714288,0.0,0.372321429,0.0,0.031,0.0
2025-02-15 15:00:00,0.09,3.1261729999999996,8.955638285714288,0.0,0.382321429,0.0,0.032,0.0
2025-02-15 16:00:00,0.1,2.300848,11.156486285714289,0.0,0.402321429,0.0,0.062,0.0
2025-02-15 17:00:00,0.965343185550082,0.232399,10.423542100164203,0.0,0.402321429,0.0,0.099,0.0
2025-02-15 18:00:00,0.5753431855500821,0.0,9.848198914614125,0.0,0.402321429,0.0,0.089,0.0
2025-02-15 19:00:00,0.54,0.0,9.308198914614124,0.0,0.402321429,0.0,0.082,0.0
2025-02-15 20:00:00,0.11,0.0,9.198198914614125,0.0,0.402321429,0.0,0.083,0.0
2025-02-15 21:00:00,0.53,0.0,8.668198914614125,0.0,0.382321429,0.0,0.082,0.0
2025-02-15 22:00:00,0.09,0.0,8.578198914614125,0.0,0.382321429,0.0,0.086,0.0
2025-02-15 23:00:00,0.7000000000000001,0.0,7.878198914614125,0.0,0.382321429,0.0,0.087,0.0
2025-02-16 00:00:00,1.09,0.0,6.788198914614125,0.0,0.372321429,0.0,0.086,0.0
2025-02-16 01:00:00,0.4,0.0,6.388198914614125,0.0,0.372321429,0.0,0.084,0.0
2025-02-16 02:00:00,1.16,0.0,5.228198914614125,0.0,0.372321429,0.0,0.084,0.0
2025-02-16 03:00:00,0.85,0.0,4.378198914614125,0.0,0.372321429,0.0,0.084,0.0
2025-02-16 04:00:00,1.04,0.0,3.338198914614125,0.0,0.372321429,0.0,0.085,0.0
2025-02-16 05:00:00,0.94,0.0,2.398198914614125,0.0,0.372321429,0.0,0.084,0.0
2025-02-16 06:00:00,0.94,0.0,1.4581989146141252,0.0,0.372321429,0.0,0.08,0.0
2025-02-16 07:00:00,0.89,0.695154,1.2633529146141251,0.0,0.372321429,0.0,0.076,0.0
2025-02-16 08:00:00,0.54,2.7695309999999997,3.492883914614125,0.0,0.372321429,0.0,0.055,0.0
2025-02-16 09:00:00,0.48,2.621813,5.634696914614125,0.0,0.372321429,0.0,0.043,0.0
2025-02-16 10:00:00,2.72,3.774763,6.689459914614124,0.0,0.372321429,0.0,0.038,0.0
2025-02-16 11:00:00,2.867428571428571,3.766367,7.5883983431855535,0.0,0.372321429,0.0,0.038,0.0
2025-02-16 12:00:00,2.567428571428571,2.641167,7.662136771756982,0.0,0.372321429,0.0,0.034,0.0
2025-02-16 13:00:00,2.567428571428571,1.767288,6.861996200328411,0.0,0.372321429,0.0,0.032,0.0
2025-02-16 14:00:00,2.4,1.522069,5.984065200328411,0.0,0.372321429,0.0,0.031,0.0
2025-02-16 15:00:00,0.09,0.101262,5.995327200328411,0.0,0.382321429,0.0,0.032,0.0
2025-02-16 16:00:00,0.1,0.514853,6.410180200328411,0.0,0.402321429,0.0,0.062,0.0
2025-02-16 17:00:00,0.5753431855500821,0.0,5.834837014778329,0.0,0.402321429,0.0,0.099,0.0
2025-02-16 18:00:00,0.5853431855500821,0.0,5.249493829228247,0.0,0.402321429,0.0,0.089,0.0
2025-02-16 19:00:00,0.1,0.0,5.1494938292282475,0.0,0.402321429,0.0,0.082,0.0
2025-02-16 20:00:00,0.54,0.0,4.6094938292282475,0.0,0.402321429,0.0,0.083,0.0
2025-02-16 21:00:00,0.1,0.0,4.509493829228248,0.0,0.382321429,0.0,0.082,0.0
2025-02-16 22:00:00,0.1,0.0,4.409493829228248,0.0,0.382321429,0.0,0.086,0.0
2025-02-16 23:00:00,0.5,0.0,3.909493829228248,0.0,0.382321429,0.0,0.087,0.0
2025-02-17 00:00:00,0.1,0.0,3.809493829228248,0.0,0.372321429,0.0,0.086,0.0
2025-02-17 01:00:00,0.49,0.0,3.3194938292282483,0.0,0.372321429,0.0,0.084,0.0
2025-02-17 02:00:00,0.3399999999999999,0.0,2.9794938292282485,0.0,0.372321429,0.0,0.084,0.0
2025-02-17 03:00:00,0.71,0.0,2.2694938292282485,0.0,0.372321429,0.0,0.084,0.0
2025-02-17 04:00:00,1.04,0.0,1.2294938292282485,0.0,0.372321429,0.0,0.085,0.0
2025-02-17 05:00:00,0.5700000000000001,0.0,0.6594938292282484,0.0,0.372321429,0.0,0.084,0.0
2025-02-17 06:00:00,0.7200000000000001,0.0,0.0,0.06050617077175169,0.372321429,0.0,0.08,0.02252774396505662
2025-02-17 07:00:00,0.8400000000000001,0.402574,0.0,0.4374260000000001,0.372321429,0.0,0.076,0.16286307340175402
2025-02-17 08:00:00,0.5399999999999999,2.654225,2.114225,0.0,0.372321429,0.0,0.055,0.0
2025-02-17 09:00:00,0.37,4.35075,6.094975,0.0,0.372321429,0.0,0.043,0.0
2025-02-17 10:00:00,0.43,5.529744,11.194719,0.0,0.372321429,0.0,0.038,0.0
2025-02-17 11:00:00,0.2674285714285714,5.75,13.5,0.0,0.372321429,5.482571428571428,0.038,-0.20833771428571426
2025-02-17 12:00:00,0.2574285714285714,2.570382,13.5,0.0,0.372321429,2.3129534285714284,0.034,-0.07864041657142858
2025-02-17 13:00:00,0.2674285714285714,5.75,13.5,0.0,0.372321429,5.482571428571428,0.032,-0.17544228571428572
2025-02-17 14:00:00,0.1,5.314868000000001,13.5,0.0,0.372321429,5.214868000000001,0.031,-0.16166090800000002
2025-02-17 15:00:00,0.1,4.118186,13.5,0.0,0.382321429,4.018186,0.032,-0.128581952
2025-02-17 16:00:00,0.94,2.4,13.5,0.0,0.402321429,1.46,0.062,-0.09052
2025-02-17 17:00:00,1.225343185550082,0.2661909999999999,12.540847814449918,0.0,0.402321429,0.0,0.099,0.0
2025-02-17 18:00:00,2.405343185550082,0.0,10.135504628899836,0.0,0.402321429,0.0,0.089,0.0
2025-02-17 19:00:00,0.91,0.0,9.225504628899836,0.0,0.402321429,0.0,0.082,0.0
2025-02-17 20:00:00,0.6599999999999999,0.0,8.565504628899836,0.0,0.402321429,0.0,0.083,0.0
2025-02-17 21:00:00,1.34,0.0,7.225504628899836,0.0,0.382321429,0.0,0.082,0.0
2025-02-17 22:00:00,1.42,0.0,5.805504628899836,0.0,0.382321429,0.0,0.086,0.0
2025-02-17 23:00:00,1.11,0.0,4.695504628899836,0.0,0.382321429,0.0,0.087,0.0
2025-02-18 00:00:00,1.02,0.0,3.675504628899836,0.0,0.372321429,0.0,0.086,0.0
2025-02-18 01:00:00,1.12,0.0,2.555504628899836,0.0,0.372321429,0.0,0.084,0.0
2025-02-18 02:00:00,1.02,0.0,1.5355046288998355,0.0,0.372321429,0.0,0.084,0.0
2025-02-18 03:00:00,1.35,0.0,0.1855046288998356,0.0,0.372321429,0.0,0.084,0.0
2025-02-18 04:00:00,0.94,0.0,0.0,0.7544953711001643,0.372321429,0.0,0.085,0.28091479474189845
2025-02-18 05:00:00,1.61,0.0,0.0,1.61,0.372321429,0.0,0.084,0.59943750069
2025-02-18 06:00:00,1.13,0.0,0.0,1.13,0.372321429,0.0,0.08,0.42072321476999996
2025-02-18 07:00:00,1.25,0.1115999999999999,0.0,1.1384,0.372321429,0.0,0.076,0.42385071477360003
2025-02-18 08:00:00,0.18,0.564043,0.3840429999999999,0.0,0.372321429,0.0,0.055,0.0
2025-02-18 09:00:00,0.14,1.0456880000000002,1.2897310000000002,0.0,0.372321429,0.0,0.043,0.0
2025-02-18 10:00:00,0.15,2.912321,4.052052,0.0,0.372321429,0.0,0.038,0.0
2025-02-18 11:00:00,0.4301826923076923,3.392322,7.0141913076923075,0.0,0.372321429,0.0,0.038,0.0
2025-02-18 12:00:00,0.4501826923076923,3.748042,10.312050615384615,0.0,0.372321429,0.0,0.034,0.0
2025-02-18 13:00:00,0.4201826923076923,2.692594,12.584461923076924,0.0,0.372321429,0.0,0.032,0.0
2025-02-18 14:00:00,0.14,2.3997919999999997,13.5,0.0,0.372321429,2.2597919999999996,0.031,-0.07005355199999999
2025-02-18 15:00:00,0.14,1.506238,13.5,0.0,0.382321429,1.366238,0.032,-0.043719616
2025-02-18 16:00:00,0.15,0.228323,13.5,0.0,0.402321429,0.078323,0.062,-0.004856026
2025-02-18 17:00:00,0.9438520114942528,0.0,12.556147988505748,0.0,0.402321429,0.0,0.099,0.0
2025-02-18 18:00:00,0.9338520114942528,0.0,11.622295977011497,0.0,0.402321429,0.0,0.089,0.0
2025-02-18 19:00:00,0.11,0.0,11.512295977011496,0.0,0.402321429,0.0,0.082,0.0
2025-02-18 20:00:00,0.13,0.0,11.382295977011497,0.0,0.402321429,0.0,0.083,0.0
2025-02-18 21:00:00,0.45,0.0,10.932295977011496,0.0,0.382321429,0.0,0.082,0.0
2025-02-18 22:00:00,0.5800000000000001,0.0,10.352295977011496,0.0,0.382321429,0.0,0.086,0.0
2025-02-18 23:00:00,0.76,0.0,9.592295977011496,0.0,0.382321429,0.0,0.087,0.0
2025-02-19 00:00:00,0.72,0.0,8.872295977011495,0.0,0.372321429,0.0,0.086,0.0
2025-02-19 01:00:00,0.78,0.0,8.092295977011496,0.0,0.372321429,0.0,0.084,0.0
2025-02-19 02:00:00,0.95,0.0,7.1422959770114955,0.0,0.372321429,0.0,0.084,0.0
2025-02-19 03:00:00,0.57,0.0,6.572295977011495,0.0,0.372321429,0.0,0.084,0.0
2025-02-19 04:00:00,0.94,0.0,5.632295977011495,0.0,0.372321429,0.0,0.085,0.0
2025-02-19 05:00:00,0.8,0.0,4.832295977011495,0.0,0.372321429,0.0,0.084,0.0
2025-02-19 06:00:00,0.95,0.0,3.882295977011495,0.0,0.372321429,0.0,0.08,0.0
2025-02-19 07:00:00,0.5900000000000001,0.0,3.292295977011495,0.0,0.372321429,0.0,0.076,0.0
2025-02-19 08:00:00,0.49,1.451175,4.253470977011495,0.0,0.372321429,0.0,0.055,0.0
2025-02-19 09:00:00,0.66,1.31603,4.909500977011495,0.0,0.372321429,0.0,0.043,0.0
2025-02-19 10:00:00,3.19,0.5350119999999999,2.2545129770114953,0.0,0.372321429,0.0,0.038,0.0
2025-02-19 11:00:00,3.690182692307692,1.388408,0.0,0.047261715296196716,0.372321429,0.0,0.038,0.017596549376071118
2025-02-19 12:00:00,2.990182692307692,1.1189639999999998,0.0,1.871218692307692,0.372321429,0.0,0.034,0.6966948174915112
2025-02-19 13:00:00,3.630182692307692,0.233157,0.0,3.3970256923076922,0.372321429,0.0,0.032,1.2647854601097142
2025-02-19 14:00:00,2.8899999999999997,0.30827,0.0,2.58173,0.372321429,0.0,0.031,0.9612334028921699
2025-02-19 15:00:00,0.69,0.446053,0.0,0.24394699999999997,0.382321429,0.0,0.032,0.09326616564026298
2025-02-19 16:00:00,0.15,0.004985,0.0,0.145015,0.402321429,0.0,0.062,0.058342642026435
2025-02-19 17:00:00,0.9838520114942528,0.294171,0.0,0.6896810114942529,0.402321429,0.0,0.099,0.27747345009853325
2025-02-19 18:00:00,1.2938520114942529,0.0,0.0,1.2938520114942529,0.402321429,0.0,0.089,0.5205443901788922
2025-02-19 19:00:00,0.94,0.0,0.0,0.94,0.402321429,0.0,0.082,0.37818214326
2025-02-19 20:00:00,0.27,0.0,0.0,0.27,0.402321429,0.0,0.083,0.10862678583
2025-02-19 21:00:00,1.08,0.0,0.0,1.08,0.382321429,0.0,0.082,0.41290714332
2025-02-19 22:00:00,0.62,0.0,0.0,0.62,0.382321429,0.0,0.086,0.23703928598
2025-02-19 23:00:00,0.15,0.0,0.0,0.15,0.382321429,0.0,0.087,0.057348214349999996
2025-02-20 00:00:00,0.98,0.0,0.0,0.98,0.372321429,0.0,0.086,0.36487500042
2025-02-20 01:00:00,0.49,0.0,0.0,0.49,0.372321429,0.0,0.084,0.18243750021
2025-02-20 02:00:00,1.24,0.0,0.0,1.24,0.372321429,0.0,0.084,0.46167857195999995
2025-02-20 03:00:00,0.65,0.0,0.0,0.65,0.372321429,0.0,0.084,0.24200892885
2025-02-20 04:00:00,1.01,0.0,0.0,1.01,0.372321429,0.0,0.085,0.37604464329
2025-02-20 05:00:00,0.95,0.0,0.0,0.95,0.372321429,0.0,0.084,0.35370535755
2025-02-20 06:00:00,1.1,0.0,0.0,1.1,0.372321429,0.0,0.08,0.4095535719
2025-02-20 07:00:00,1.08,0.110081,0.0,0.9699190000000001,0.372321429,0.0,0.076,0.361121628094251
2025-02-20 08:00:00,0.21,0.178997,0.0,0.031003000000000003,0.372321429,0.0,0.055,0.011543081263287
2025-02-20 09:00:00,0.1,4.2373389999999995,4.137339,0.0,0.372321429,0.0,0.043,0.0
2025-02-20 10:00:00,0.1399999999999999,2.620513,6.617852,0.0,0.372321429,0.0,0.038,0.0
2025-02-20 11:00:00,0.4101826923076923,1.729075,7.936744307692308,0.0,0.372321429,0.0,0.038,0.0
2025-02-20 12:00:00,0.5301826923076923,3.956267,11.362828615384617,0.0,0.372321429,0.0,0.034,0.0
2025-02-20 13:00:00,0.4201826923076923,2.734475,13.5,0.0,0.372321429,2.314292307692308,0.032,-0.07405735384615386
2025-02-20 14:00:00,0.24,4.898262,13.5,0.0,0.372321429,4.658262,0.031,-0.144406122
2025-02-20 15:00:00,0.11,3.799743,13.5,0.0,0.382321429,3.689743,0.032,-0.118071776
2025-02-20 16:00:00,0.19,2.231517,13.5,0.0,0.402321429,2.0415170000000002,0.062,-0.12657405400000002
2025-02-20 17:00:00,1.0338520114942529,0.261716,12.727863988505748,0.0,0.402321429,0.0,0.099,0.0
2025-02-20 18:00:00,3.283852011494253,0.0,9.444011977011495,0.0,0.402321429,0.0,0.089,0.0
2025-02-20 19:00:00,1.19,0.0,8.254011977011496,0.0,0.402321429,0.0,0.082,0.0
2025-02-20 20:00:00,0.3,0.0,7.954011977011496,0.0,0.402321429,0.0,0.083,0.0
2025-02-20 21:00:00,0.31,0.0,7.644011977011496,0.0,0.382321429,0.0,0.082,0.0
2025-02-20 22:00:00,0.64,0.0,7.004011977011497,0.0,0.382321429,0.0,0.086,0.0
2025-02-20 23:00:00,0.79,0.0,6.214011977011497,0.0,0.382321429,0.0,0.087,0.0
2025-02-21 00:00:00,0.15,0.0,6.064011977011496,0.0,0.372321429,0.0,0.086,0.0
2025-02-21 01:00:00,0.52,0.0,5.544011977011497,0.0,0.372321429,0.0,0.084,0.0
2025-02-21 02:00:00,0.84,0.0,4.704011977011497,0.0,0.372321429,0.0,0.084,0.0
2025-02-21 03:00:00,0.95,0.0,3.754011977011497,0.0,0.372321429,0.0,0.084,0.0
2025-02-21 04:00:00,1.1,0.0,2.6540119770114967,0.0,0.372321429,0.0,0.085,0.0
2025-02-21 05:00:00,1.0,0.0,1.6540119770114967,0.0,0.372321429,0.0,0.084,0.0
2025-02-21 06:00:00,0.6400000000000001,0.0,1.0140119770114966,0.0,0.372321429,0.0,0.08,0.0
2025-02-21 07:00:00,0.95,0.074397,0.1384089770114966,0.0,0.372321429,0.0,0.076,0.0
2025-02-21 08:00:00,0.5800000000000001,1.125423,0.6838319770114967,0.0,0.372321429,0.0,0.055,0.0
2025-02-21 09:00:00,0.29,2.504627,2.898458977011497,0.0,0.372321429,0.0,0.043,0.0
2025-02-21 10:00:00,2.54,5.060633,5.419091977011497,0.0,0.372321429,0.0,0.038,0.0
2025-02-21 11:00:00,2.840182692307692,4.928259,7.507168284703805,0.0,0.372321429,0.0,0.038,0.0
2025-02-21 12:00:00,2.880182692307692,5.698763,10.325748592396112,0.0,0.372321429,0.0,0.034,0.0
2025-02-21 13:00:00,2.840182692307692,4.5308720000000005,12.01643790008842,0.0,0.372321429,0.0,0.032,0.0
2025-02-21 14:00:00,2.5599999999999996,4.886883,13.5,0.0,0.372321429,2.3268830000000005,0.031,-0.07213337300000001
2025-02-21 15:00:00,0.3,3.845528,13.5,0.0,0.382321429,3.545528,0.032,-0.113456896
2025-02-21 16:00:00,0.2299999999999999,2.355669,13.5,0.0,0.402321429,2.125669,0.062,-0.131791478
2025-02-21 17:00:00,1.053852011494253,0.339509,12.785656988505748,0.0,0.402321429,0.0,0.099,0.0
2025-02-21 18:00:00,1.053852011494253,0.0,11.731804977011494,0.0,0.402321429,0.0,0.089,0.0
2025-02-21 19:00:00,0.2299999999999999,0.0,11.501804977011494,0.0,0.402321429,0.0,0.082,0.0
2025-02-21 20:00:00,1.76,0.0,9.741804977011494,0.0,0.402321429,0.0,0.083,0.0
2025-02-21 21:00:00,1.37,0.0,8.371804977011493,0.0,0.382321429,0.0,0.082,0.0
2025-02-21 22:00:00,0.24,0.0,8.131804977011493,0.0,0.382321429,0.0,0.086,0.0
2025-02-21 23:00:00,0.22,0.0,7.911804977011493,0.0,0.382321429,0.0,0.087,0.0
2025-02-22 00:00:00,0.21,0.0,7.701804977011493,0.0,0.372321429,0.0,0.086,0.0
2025-02-22 01:00:00,0.5700000000000001,0.0,7.131804977011493,0.0,0.372321429,0.0,0.084,0.0
2025-02-22 02:00:00,0.96,0.0,6.171804977011493,0.0,0.372321429,0.0,0.084,0.0
2025-02-22 03:00:00,0.96,0.0,5.211804977011493,0.0,0.372321429,0.0,0.084,0.0
2025-02-22 04:00:00,0.8999999999999999,0.0,4.311804977011493,0.0,0.372321429,0.0,0.085,0.0
2025-02-22 05:00:00,1.05,0.0,3.2618049770114927,0.0,0.372321429,0.0,0.084,0.0
2025-02-22 06:00:00,1.21,0.0,2.051804977011493,0.0,0.372321429,0.0,0.08,0.0
2025-02-22 07:00:00,0.78,0.128161,1.3999659770114927,0.0,0.372321429,0.0,0.076,0.0
2025-02-22 08:00:00,0.44,1.111857,2.0718229770114927,0.0,0.372321429,0.0,0.055,0.0
2025-02-22 09:00:00,0.21,3.943183,5.805005977011493,0.0,0.372321429,0.0,0.043,0.0
2025-02-22 10:00:00,2.52,4.852417,8.137422977011493,0.0,0.372321429,0.0,0.038,0.0
2025-02-22 11:00:00,2.62756993006993,4.9082349999999995,10.418088046941564,0.0,0.372321429,0.0,0.038,0.0
2025-02-22 12:00:00,2.61756993006993,4.84231,12.642828116871634,0.0,0.372321429,0.0,0.034,0.0
2025-02-22 13:00:00,2.61756993006993,4.8448199999999995,13.5,0.0,0.372321429,2.2272500699300695,0.032,-0.07127200223776223
2025-02-22 14:00:00,2.54,4.188626,13.5,0.0,0.372321429,1.6486260000000001,0.031,-0.051107406
2025-02-22 15:00:00,0.24,1.813836,13.5,0.0,0.382321429,1.573836,0.032,-0.050362752000000004
2025-02-22 16:00:00,0.35,0.5799610000000001,13.5,0.0,0.402321429,0.22996100000000008,0.062,-0.014257582000000005
2025-02-22 17:00:00,0.5753996865203762,0.022451,12.947051313479625,0.0,0.402321429,0.0,0.099,0.0
2025-02-22 18:00:00,0.5853996865203762,0.0,12.36165162695925,0.0,0.402321429,0.0,0.089,0.0
2025-02-22 19:00:00,0.32,0.0,12.041651626959249,0.0,0.402321429,0.0,0.082,0.0
2025-02-22 20:00:00,0.11,0.0,11.93165162695925,0.0,0.402321429,0.0,0.083,0.0
2025-02-22 21:00:00,0.19,0.0,11.74165162695925,0.0,0.382321429,0.0,0.082,0.0
2025-02-22 22:00:00,0.18,0.0,11.56165162695925,0.0,0.382321429,0.0,0.086,0.0
2025-02-22 23:00:00,0.11,0.0,11.45165162695925,0.0,0.382321429,0.0,0.087,0.0
2025-02-23 00:00:00,0.11,0.0,11.341651626959251,0.0,0.372321429,0.0,0.086,0.0
2025-02-23 01:00:00,0.1,0.0,11.241651626959252,0.0,0.372321429,0.0,0.084,0.0
2025-02-23 02:00:00,0.49,0.0,10.751651626959251,0.0,0.372321429,0.0,0.084,0.0
2025-02-23 03:00:00,0.85,0.0,9.901651626959252,0.0,0.372321429,0.0,0.084,0.0
2025-02-23 04:00:00,0.78,0.0,9.121651626959252,0.0,0.372321429,0.0,0.085,0.0
2025-02-23 05:00:00,0.74,0.0,8.381651626959252,0.0,0.372321429,0.0,0.084,0.0
2025-02-23 06:00:00,0.95,0.0,7.431651626959252,0.0,0.372321429,0.0,0.08,0.0
2025-02-23 07:00:00,0.38,0.973813,8.025464626959252,0.0,0.372321429,0.0,0.076,0.0
2025-02-23 08:00:00,0.47,2.966788,10.522252626959252,0.0,0.372321429,0.0,0.055,0.0
2025-02-23 09:00:00,0.54,0.579701,10.561953626959252,0.0,0.372321429,0.0,0.043,0.0
2025-02-23 10:00:00,2.4,5.517558,13.5,0.0,0.372321429,3.1175580000000003,0.038,-0.118467204
2025-02-23 11:00:00,2.49756993006993,5.75,13.5,0.0,0.372321429,3.25243006993007,0.038,-0.12359234265734266
2025-02-23 12:00:00,2.49756993006993,3.94257,13.5,0.0,0.372321429,1.44500006993007,0.034,-0.049130002377622384
2025-02-23 13:00:00,2.5075699300699297,4.277255,13.5,0.0,0.372321429,1.7696850699300706,0.032,-0.05662992223776226
2025-02-23 14:00:00,2.4,3.605802,13.5,0.0,0.372321429,1.2058020000000003,0.031,-0.03737986200000001
2025-02-23 15:00:00,0.23,2.582067,13.5,0.0,0.382321429,2.352067,0.032,-0.075266144
2025-02-23 16:00:00,0.27,2.417459,13.5,0.0,0.402321429,2.147459,0.062,-0.133142458
2025-02-23 17:00:00,0.4253996865203762,0.415076,13.489676313479624,0.0,0.402321429,0.0,0.099,0.0
2025-02-23 18:00:00,0.4453996865203762,0.0,13.044276626959247,0.0,0.402321429,0.0,0.089,0.0
2025-02-23 19:00:00,0.15,0.0,12.894276626959249,0.0,0.402321429,0.0,0.082,0.0
2025-02-23 20:00:00,0.16,0.0,12.734276626959248,0.0,0.402321429,0.0,0.083,0.0
2025-02-23 21:00:00,0.19,0.0,12.544276626959247,0.0,0.382321429,0.0,0.082,0.0
2025-02-23 22:00:00,0.13,0.0,12.414276626959246,0.0,0.382321429,0.0,0.086,0.0
2025-02-23 23:00:00,0.46,0.0,11.954276626959246,0.0,0.382321429,0.0,0.087,0.0
2025-02-24 00:00:00,0.8899999999999999,0.0,11.064276626959243,0.0,0.372321429,0.0,0.086,0.0
2025-02-24 01:00:00,0.57,0.0,10.494276626959245,0.0,0.372321429,0.0,0.084,0.0
2025-02-24 02:00:00,0.41,0.0,10.084276626959245,0.0,0.372321429,0.0,0.084,0.0
2025-02-24 03:00:00,0.95,0.0,9.134276626959243,0.0,0.372321429,0.0,0.084,0.0
2025-02-24 04:00:00,0.5800000000000001,0.0,8.554276626959245,0.0,0.372321429,0.0,0.085,0.0
2025-02-24 05:00:00,0.5700000000000001,0.0,7.984276626959245,0.0,0.372321429,0.0,0.084,0.0
2025-02-24 06:00:00,0.5700000000000001,0.0,7.414276626959245,0.0,0.372321429,0.0,0.08,0.0
2025-02-24 07:00:00,0.8200000000000001,1.015224,7.609500626959244,0.0,0.372321429,0.0,0.076,0.0
2025-02-24 08:00:00,0.37,3.013929,10.253429626959244,0.0,0.372321429,0.0,0.055,0.0
2025-02-24 09:00:00,0.47,4.478828,13.5,0.0,0.372321429,4.008828,0.043,-0.172379604
2025-02-24 10:00:00,0.19,5.4259759999999995,13.5,0.0,0.372321429,5.235975999999999,0.038,-0.19896708799999996
2025-02-24 11:00:00,0.2275699300699301,5.75,13.5,0.0,0.372321429,5.52243006993007,0.038,-0.20985234265734265
2025-02-24 12:00:00,0.20756993006993,5.75,13.5,0.0,0.372321429,5.54243006993007,0.034,-0.1884426223776224
2025-02-24 13:00:00,0.20756993006993,5.75,13.5,0.0,0.372321429,5.54243006993007,0.032,-0.17735776223776226
2025-02-24 14:00:00,0.1,5.23523,13.5,0.0,0.372321429,5.13523,0.031,-0.15919213
2025-02-24 15:00:00,0.11,4.149269,13.5,0.0,0.382321429,4.039269,0.032,-0.129256608
2025-02-24 16:00:00,0.13,2.5356419999999997,13.5,0.0,0.402321429,2.405642,0.062,-0.149149804
2025-02-24 17:00:00,0.4553996865203762,0.504598,13.5,0.0,0.402321429,0.04919831347962378,0.099,-0.004870633034482754
2025-02-24 18:00:00,0.4853996865203762,0.0,13.014600313479624,0.0,0.402321429,0.0,0.089,0.0
2025-02-24 19:00:00,0.27,0.0,12.744600313479625,0.0,0.402321429,0.0,0.082,0.0
2025-02-24 20:00:00,0.18,0.0,12.564600313479623,0.0,0.402321429,0.0,0.083,0.0
2025-02-24 21:00:00,0.15,0.0,12.414600313479625,0.0,0.382321429,0.0,0.082,0.0
2025-02-24 22:00:00,0.1699999999999999,0.0,12.244600313479625,0.0,0.382321429,0.0,0.086,0.0
2025-02-24 23:00:00,0.18,0.0,12.064600313479623,0.0,0.382321429,0.0,0.087,0.0
2025-02-25 00:00:00,0.54,0.0,11.524600313479624,0.0,0.372321429,0.0,0.086,0.0
2025-02-25 01:00:00,0.48,0.0,11.044600313479624,0.0,0.372321429,0.0,0.084,0.0
2025-02-25 02:00:00,0.8,0.0,10.244600313479625,0.0,0.372321429,0.0,0.084,0.0
2025-02-25 03:00:00,0.94,0.0,9.304600313479623,0.0,0.372321429,0.0,0.084,0.0
2025-02-25 04:00:00,0.5700000000000001,0.0,8.734600313479623,0.0,0.372321429,0.0,0.085,0.0
2025-02-25 05:00:00,0.89,0.0,7.844600313479623,0.0,0.372321429,0.0,0.084,0.0
2025-02-25 06:00:00,0.99,0.0,6.854600313479623,0.0,0.372321429,0.0,0.08,0.0
2025-02-25 07:00:00,0.58,1.0546099999999998,7.329210313479623,0.0,0.372321429,0.0,0.076,0.0
2025-02-25 08:00:00,0.11,3.0679830000000003,10.287193313479625,0.0,0.372321429,0.0,0.055,0.0
2025-02-25 09:00:00,0.1,4.538768,13.5,0.0,0.372321429,4.4387680000000005,0.043,-0.190867024
2025-02-25 10:00:00,0.1,5.437835,13.5,0.0,0.372321429,5.337835,0.038,-0.20283773
2025-02-25 11:00:00,0.20756993006993,5.75,13.5,0.0,0.372321429,5.54243006993007,0.038,-0.21061234265734266
2025-02-25 12:00:00,0.20756993006993,5.75,13.5,0.0,0.372321429,5.54243006993007,0.034,-0.1884426223776224
2025-02-25 13:00:00,0.21756993006993,5.75,13.5,0.0,0.372321429,5.53243006993007,0.032,-0.17703776223776224
2025-02-25 14:00:00,0.1,5.1792929999999995,13.5,0.0,0.372321429,5.079293,0.031,-0.157458083
2025-02-25 15:00:00,0.1,4.11427,13.5,0.0,0.382321429,4.014270000000001,0.032,-0.12845664
2025-02-25 16:00:00,0.1,2.557773,13.5,0.0,0.402321429,2.457773,0.062,-0.152381926
2025-02-25 17:00:00,0.4153996865203762,0.560514,13.5,0.0,0.402321429,0.14511431347962378,0.099,-0.014366317034482755
2025-02-25 18:00:00,2.2753996865203763,0.0,11.224600313479623,0.0,0.402321429,0.0,0.089,0.0
2025-02-25 19:00:00,0.91,0.0,10.314600313479623,0.0,0.402321429,0.0,0.082,0.0
2025-02-25 20:00:00,0.19,0.0,10.124600313479624,0.0,0.402321429,0.0,0.083,0.0
2025-02-25 21:00:00,0.36,0.0,9.764600313479624,0.0,0.382321429,0.0,0.082,0.0
2025-02-25 22:00:00,0.45,0.0,9.314600313479623,0.0,0.382321429,0.0,0.086,0.0
2025-02-25 23:00:00,0.2,0.0,9.114600313479626,0.0,0.382321429,0.0,0.087,0.0
2025-02-26 00:00:00,0.11,0.0,9.004600313479626,0.0,0.372321429,0.0,0.086,0.0
2025-02-26 01:00:00,0.53,0.0,8.474600313479627,0.0,0.372321429,0.0,0.084,0.0
2025-02-26 02:00:00,0.64,0.0,7.834600313479627,0.0,0.372321429,0.0,0.084,0.0
2025-02-26 03:00:00,0.86,0.0,6.974600313479627,0.0,0.372321429,0.0,0.084,0.0
2025-02-26 04:00:00,1.85,0.0,5.124600313479627,0.0,0.372321429,0.0,0.085,0.0
2025-02-26 05:00:00,1.03,0.0,4.094600313479627,0.0,0.372321429,0.0,0.084,0.0
2025-02-26 06:00:00,0.8500000000000001,0.0,3.244600313479627,0.0,0.372321429,0.0,0.08,0.0
2025-02-26 07:00:00,0.24,1.063739,4.068339313479627,0.0,0.372321429,0.0,0.076,0.0
2025-02-26 08:00:00,0.18,3.055851,6.944190313479627,0.0,0.372321429,0.0,0.055,0.0
2025-02-26 09:00:00,0.13,4.552922,11.367112313479629,0.0,0.372321429,0.0,0.043,0.0
2025-02-26 10:00:00,2.44,5.493411,13.5,0.0,0.372321429,3.053411,0.038,-0.116029618
2025-02-26 11:00:00,2.55756993006993,5.75,13.5,0.0,0.372321429,3.19243006993007,0.038,-0.12131234265734266
2025-02-26 12:00:00,2.61756993006993,5.1722470000000005,13.5,0.0,0.372321429,2.5546770699300705,0.034,-0.0868590203776224
2025-02-26 13:00:00,2.51756993006993,4.546362,13.5,0.0,0.372321429,2.0287920699300703,0.032,-0.06492134623776225
2025-02-26 14:00:00,2.4099999999999997,3.945164,13.5,0.0,0.372321429,1.5351640000000004,0.031,-0.04759008400000001
2025-02-26 15:00:00,0.12,2.717316,13.5,0.0,0.382321429,2.5973159999999997,0.032,-0.08311411199999999
2025-02-26 16:00:00,0.22,1.479763,13.5,0.0,0.402321429,1.259763,0.062,-0.078105306
2025-02-26 17:00:00,0.4653996865203762,0.152347,13.186947313479624,0.0,0.402321429,0.0,0.099,0.0
2025-02-26 18:00:00,0.4353996865203762,0.0,12.751547626959248,0.0,0.402321429,0.0,0.089,0.0
2025-02-26 19:00:00,0.13,0.0,12.621547626959249,0.0,0.402321429,0.0,0.082,0.0
2025-02-26 20:00:00,0.1699999999999999,0.0,12.451547626959249,0.0,0.402321429,0.0,0.083,0.0
2025-02-26 21:00:00,0.15,0.0,12.301547626959248,0.0,0.382321429,0.0,0.082,0.0
2025-02-26 22:00:00,0.17,0.0,12.131547626959248,0.0,0.382321429,0.0,0.086,0.0
2025-02-26 23:00:00,0.12,0.0,12.011547626959247,0.0,0.382321429,0.0,0.087,0.0
2025-02-27 00:00:00,0.1,0.0,11.911547626959248,0.0,0.372321429,0.0,0.086,0.0
2025-02-27 01:00:00,0.11,0.0,11.801547626959248,0.0,0.372321429,0.0,0.084,0.0
2025-02-27 02:00:00,0.1,0.0,11.701547626959249,0.0,0.372321429,0.0,0.084,0.0
2025-02-27 03:00:00,0.11,0.0,11.59154762695925,0.0,0.372321429,0.0,0.084,0.0
2025-02-27 04:00:00,0.48,0.0,11.111547626959249,0.0,0.372321429,0.0,0.085,0.0
2025-02-27 05:00:00,0.51,0.0,10.601547626959247,0.0,0.372321429,0.0,0.084,0.0
2025-02-27 06:00:00,0.92,0.0,9.681547626959247,0.0,0.372321429,0.0,0.08,0.0
2025-02-27 07:00:00,0.4,0.194493,9.476040626959248,0.0,0.372321429,0.0,0.076,0.0
2025-02-27 08:00:00,0.2,2.7645880000000003,12.040628626959249,0.0,0.372321429,0.0,0.055,0.0
2025-02-27 09:00:00,0.33,3.5894079999999997,13.5,0.0,0.372321429,3.2594079999999996,0.043,-0.14015454399999996
2025-02-27 10:00:00,0.4599999999999999,4.846755,13.5,0.0,0.372321429,4.386755,0.038,-0.16669668999999998
2025-02-27 11:00:00,0.5075699300699301,5.75,13.5,0.0,0.372321429,5.242430069930069,0.038,-0.19921234265734264
2025-02-27 12:00:00,0.32756993006993,5.75,13.5,0.0,0.372321429,5.42243006993007,0.034,-0.18436262237762238
2025-02-27 13:00:00,0.2975699300699301,4.645126,13.5,0.0,0.372321429,4.347556069930071,0.032,-0.13912179423776228
2025-02-27 14:00:00,0.17,4.006083,13.5,0.0,0.372321429,3.8360830000000004,0.031,-0.11891857300000001
2025-02-27 15:00:00,0.16,3.008968,13.5,0.0,0.382321429,2.8489679999999997,0.032,-0.091166976
2025-02-27 16:00:00,0.15,1.291921,13.5,0.0,0.402321429,1.1419210000000002,0.062,-0.07079910200000002
2025-02-27 17:00:00,0.5653996865203762,0.125347,13.059947313479624,0.0,0.402321429,0.0,0.099,0.0
2025-02-27 18:00:00,0.4553996865203762,0.0,12.604547626959247,0.0,0.402321429,0.0,0.089,0.0
2025-02-27 19:00:00,0.14,0.0,12.464547626959249,0.0,0.402321429,0.0,0.082,0.0
2025-02-27 20:00:00,0.17,0.0,12.294547626959249,0.0,0.402321429,0.0,0.083,0.0
2025-02-27 21:00:00,0.21,0.0,12.084547626959246,0.0,0.382321429,0.0,0.082,0.0
2025-02-27 22:00:00,0.12,0.0,11.964547626959249,0.0,0.382321429,0.0,0.086,0.0
2025-02-27 23:00:00,0.1,0.0,11.864547626959247,0.0,0.382321429,0.0,0.087,0.0
2025-02-28 00:00:00,0.09,0.0,11.774547626959247,0.0,0.372321429,0.0,0.086,0.0
2025-02-28 01:00:00,0.1,0.0,11.674547626959248,0.0,0.372321429,0.0,0.084,0.0
2025-02-28 02:00:00,0.09,0.0,11.584547626959248,0.0,0.372321429,0.0,0.084,0.0
2025-02-28 03:00:00,0.11,0.0,11.474547626959248,0.0,0.372321429,0.0,0.084,0.0
2025-02-28 04:00:00,0.1,0.0,11.374547626959249,0.0,0.372321429,0.0,0.085,0.0
2025-02-28 05:00:00,0.1,0.0,11.274547626959247,0.0,0.372321429,0.0,0.084,0.0
2025-02-28 06:00:00,0.09,0.0,11.18454762695925,0.0,0.372321429,0.0,0.08,0.0
2025-02-28 07:00:00,0.62,1.168563,11.733110626959247,0.0,0.372321429,0.0,0.076,0.0
2025-02-28 08:00:00,0.6900000000000001,3.122153,13.5,0.0,0.372321429,2.432153,0.055,-0.133768415
2025-02-28 09:00:00,0.74,4.460334,13.5,0.0,0.372321429,3.7203339999999994,0.043,-0.15997436199999995
2025-02-28 10:00:00,2.9299999999999997,5.404464,13.5,0.0,0.372321429,2.474464,0.038,-0.094029632
2025-02-28 11:00:00,2.70756993006993,5.75,13.5,0.0,0.372321429,3.04243006993007,0.038,-0.11561234265734266
2025-02-28 12:00:00,2.66756993006993,5.75,13.5,0.0,0.372321429,3.08243006993007,0.034,-0.10480262237762239
2025-02-28 13:00:00,2.66756993006993,5.75,13.5,0.0,0.372321429,3.08243006993007,0.032,-0.09863776223776224
2025-02-28 14:00:00,2.74,5.249993000000001,13.5,0.0,0.372321429,2.5099930000000006,0.031,-0.07780978300000002
2025-02-28 15:00:00,0.27,4.177479,13.5,0.0,0.382321429,3.907479,0.032,-0.125039328
2025-02-28 16:00:00,0.22,2.640573,13.5,0.0,0.402321429,2.4205729999999996,0.062,-0.150075526
2025-02-28 17:00:00,0.5353996865203762,0.597088,13.5,0.0,0.402321429,0.06168831347962378,0.099,-0.006107143034482754
2025-02-28 18:00:00,0.5253996865203762,0.0,12.974600313479623,0.0,0.402321429,0.0,0.089,0.0
2025-02-28 19:00:00,0.22,0.0,12.754600313479624,0.0,0.402321429,0.0,0.082,0.0
2025-02-28 20:00:00,0.2299999999999999,0.0,12.524600313479622,0.0,0.402321429,0.0,0.083,0.0
2025-02-28 21:00:00,0.16,0.0,12.364600313479622,0.0,0.382321429,0.0,0.082,0.0
2025-02-28 22:00:00,0.23,0.0,12.134600313479622,0.0,0.382321429,0.0,0.086,0.0
2025-02-28 23:00:00,0.12,0.0,12.014600313479622,0.0,0.382321429,0.0,0.087,0.0
2025-02-28 23:59:59,0.1,0.0,12.014600313479622,0.1,150.0,0.0,0.0,15.0
2025-03-01 00:00:00,0.11,0.0,11.904600313479625,0.0,0.37016129,0.0,0.069,0.0
2025-03-01 01:00:00,0.1,0.0,11.804600313479623,0.0,0.37016129,0.0,0.069,0.0
2025-03-01 02:00:00,0.09,0.0,11.714600313479623,0.0,0.37016129,0.0,0.068,0.0
2025-03-01 03:00:00,0.53,0.0,11.184600313479624,0.0,0.37016129,0.0,0.067,0.0
2025-03-01 04:00:00,0.71,0.0,10.474600313479623,0.0,0.37016129,0.0,0.068,0.0
2025-03-01 05:00:00,0.48,0.0,9.994600313479625,0.0,0.37016129,0.0,0.071,0.0
2025-03-01 06:00:00,0.8,0.0,9.194600313479622,0.0,0.37016129,0.0,0.072,0.0
2025-03-01 07:00:00,0.8500000000000001,0.0098529999999999,8.354453313479622,0.0,0.37016129,0.0,0.07,0.0
2025-03-01 08:00:00,0.87,0.306793,7.791246313479622,0.0,0.37016129,0.0,0.049,0.0
2025-03-01 09:00:00,0.6699999999999999,1.113236,8.234482313479623,0.0,0.37016129,0.0,0.023,0.0
2025-03-01 10:00:00,2.72,3.832649,9.347131313479622,0.0,0.37016129,0.0,0.016,0.0
2025-03-01 11:00:00,2.78756993006993,3.305631,9.865192383409692,0.0,0.37016129,0.0,0.019,0.0
2025-03-01 12:00:00,2.8575699300699298,2.5916729999999997,9.599295453339762,0.0,0.37016129,0.0,0.015,0.0
2025-03-01 13:00:00,2.70756993006993,5.75,12.641725523269832,0.0,0.37016129,0.0,0.018,0.0
2025-03-01 14:00:00,3.1999999999999997,3.958887,13.400612523269832,0.0,0.37016129,0.0,0.021,0.0
2025-03-01 15:00:00,0.7999999999999999,4.010425000000001,13.5,0.0,0.38016129,3.2104250000000008,0.017,-0.054577225000000014
2025-03-01 16:00:00,0.66,2.23475,13.5,0.0,0.40016129,1.5747499999999999,0.028,-0.044093
2025-03-01 17:00:00,2.425399686520376,0.485236,11.559836313479623,0.0,0.40016129,0.0,0.064,0.0
2025-03-01 18:00:00,2.655399686520376,0.0,8.904436626959248,0.0,0.40016129,0.0,0.082,0.0
2025-03-01 19:00:00,0.25,0.0,8.654436626959248,0.0,0.40016129,0.0,0.081,0.0
2025-03-01 20:00:00,0.29,0.0,8.364436626959248,0.0,0.40016129,0.0,0.077,0.0
2025-03-01 21:00:00,0.72,0.0,7.644436626959249,0.0,0.38016129,0.0,0.081,0.0
2025-03-01 22:00:00,0.12,0.0,7.524436626959249,0.0,0.38016129,0.0,0.069,0.0
2025-03-01 23:00:00,0.54,0.0,6.984436626959249,0.0,0.38016129,0.0,0.067,0.0
2025-03-02 00:00:00,0.49,0.0,6.494436626959248,0.0,0.37016129,0.0,0.069,0.0
2025-03-02 01:00:00,0.67,0.0,5.8244366269592485,0.0,0.37016129,0.0,0.069,0.0
2025-03-02 02:00:00,0.94,0.0,4.884436626959248,0.0,0.37016129,0.0,0.068,0.0
2025-03-02 03:00:00,0.56,0.0,4.324436626959248,0.0,0.37016129,0.0,0.067,0.0
2025-03-02 04:00:00,1.02,0.0,3.3044366269592476,0.0,0.37016129,0.0,0.068,0.0
2025-03-02 05:00:00,0.82,0.0,2.4844366269592477,0.0,0.37016129,0.0,0.071,0.0
2025-03-02 06:00:00,0.87,0.0,1.6144366269592476,0.0,0.37016129,0.0,0.072,0.0
2025-03-02 07:00:00,1.24,1.120925,1.4953616269592476,0.0,0.37016129,0.0,0.07,0.0
2025-03-02 08:00:00,0.56,3.066867,4.002228626959248,0.0,0.37016129,0.0,0.049,0.0
2025-03-02 09:00:00,0.11,4.536428,8.428656626959247,0.0,0.37016129,0.0,0.023,0.0
2025-03-02 10:00:00,2.4,5.5144660000000005,11.543122626959248,0.0,0.37016129,0.0,0.016,0.0
2025-03-02 11:00:00,2.52756993006993,5.75,13.5,0.0,0.37016129,3.22243006993007,0.019,-0.06122617132867133
2025-03-02 12:00:00,2.65756993006993,5.75,13.5,0.0,0.37016129,3.09243006993007,0.015,-0.04638645104895105
2025-03-02 13:00:00,2.51756993006993,5.75,13.5,0.0,0.37016129,3.23243006993007,0.018,-0.058183741258741255
2025-03-02 14:00:00,2.84,5.2443,13.5,0.0,0.37016129,2.4043,0.021,-0.05049030000000001
2025-03-02 15:00:00,0.65,4.145461,13.5,0.0,0.38016129,3.495461,0.017,-0.059422837000000006
2025-03-02 16:00:00,0.18,2.553069,13.5,0.0,0.40016129,2.3730689999999997,0.028,-0.06644593199999999
2025-03-02 17:00:00,0.4653996865203762,0.629831,13.5,0.0,0.40016129,0.1644313134796238,0.064,-0.010523604062695924
2025-03-02 18:00:00,0.4453996865203762,0.0,13.054600313479623,0.0,0.40016129,0.0,0.082,0.0
2025-03-02 19:00:00,0.7500000000000001,0.0,12.304600313479623,0.0,0.40016129,0.0,0.081,0.0
2025-03-02 20:00:00,0.15,0.0,12.154600313479625,0.0,0.40016129,0.0,0.077,0.0
2025-03-02 21:00:00,0.83,0.0,11.324600313479625,0.0,0.38016129,0.0,0.081,0.0
2025-03-02 22:00:00,1.06,0.0,10.264600313479622,0.0,0.38016129,0.0,0.069,0.0
2025-03-02 23:00:00,0.8699999999999999,0.0,9.394600313479623,0.0,0.38016129,0.0,0.067,0.0
2025-03-03 00:00:00,0.99,0.0,8.404600313479623,0.0,0.37016129,0.0,0.069,0.0
2025-03-03 01:00:00,1.19,0.0,7.214600313479624,0.0,0.37016129,0.0,0.069,0.0
2025-03-03 02:00:00,1.08,0.0,6.134600313479623,0.0,0.37016129,0.0,0.068,0.0
2025-03-03 03:00:00,1.44,0.0,4.694600313479624,0.0,0.37016129,0.0,0.067,0.0
2025-03-03 04:00:00,1.01,0.0,3.684600313479624,0.0,0.37016129,0.0,0.068,0.0
2025-03-03 05:00:00,1.35,0.0,2.334600313479624,0.0,0.37016129,0.0,0.071,0.0
2025-03-03 06:00:00,1.28,0.0,1.054600313479624,0.0,0.37016129,0.0,0.072,0.0
2025-03-03 07:00:00,0.44,1.194326,1.808926313479624,0.0,0.37016129,0.0,0.07,0.0
2025-03-03 08:00:00,0.54,3.120854,4.3897803134796245,0.0,0.37016129,0.0,0.049,0.0
2025-03-03 09:00:00,0.15,4.557693,8.797473313479625,0.0,0.37016129,0.0,0.023,0.0
2025-03-03 10:00:00,0.44,5.462653,13.5,0.0,0.37016129,5.022653,0.016,-0.080362448
2025-03-03 11:00:00,0.2375699300699301,5.75,13.5,0.0,0.37016129,5.51243006993007,0.019,-0.10473617132867133
2025-03-03 12:00:00,0.32756993006993,5.0681959999999995,13.5,0.0,0.37016129,4.7406260699300695,0.015,-0.07110939104895105
2025-03-03 13:00:00,0.2975699300699301,5.645041,13.5,0.0,0.37016129,5.34747106993007,0.018,-0.09625447925874125
2025-03-03 14:00:00,0.15,5.024107,13.5,0.0,0.37016129,4.8741069999999995,0.021,-0.102356247
2025-03-03 15:00:00,0.15,3.84573,13.5,0.0,0.38016129,3.69573,0.017,-0.06282741000000001
2025-03-03 16:00:00,0.11,2.393458,13.5,0.0,0.40016129,2.283458,0.028,-0.063936824
2025-03-03 17:00:00,0.4153996865203762,0.251769,13.336369313479624,0.0,0.40016129,0.0,0.064,0.0
2025-03-03 18:00:00,0.4053996865203761,0.0,12.930969626959248,0.0,0.40016129,0.0,0.082,0.0
2025-03-03 19:00:00,0.11,0.0,12.820969626959249,0.0,0.40016129,0.0,0.081,0.0
2025-03-03 20:00:00,0.14,0.0,12.680969626959248,0.0,0.40016129,0.0,0.077,0.0
2025-03-03 21:00:00,0.25,0.0,12.430969626959248,0.0,0.38016129,0.0,0.081,0.0
2025-03-03 22:00:00,0.47,0.0,11.960969626959248,0.0,0.38016129,0.0,0.069,0.0
2025-03-03 23:00:00,0.93,0.0,11.030969626959248,0.0,0.38016129,0.0,0.067,0.0
2025-03-04 00:00:00,0.55,0.0,10.480969626959247,0.0,0.37016129,0.0,0.069,0.0
2025-03-04 01:00:00,1.09,0.0,9.390969626959247,0.0,0.37016129,0.0,0.069,0.0
2025-03-04 02:00:00,1.04,0.0,8.350969626959248,0.0,0.37016129,0.0,0.068,0.0
2025-03-04 03:00:00,0.56,0.0,7.790969626959248,0.0,0.37016129,0.0,0.067,0.0
2025-03-04 04:00:00,1.19,0.0,6.600969626959248,0.0,0.37016129,0.0,0.068,0.0
2025-03-04 05:00:00,0.55,0.0,6.050969626959248,0.0,0.37016129,0.0,0.071,0.0
2025-03-04 06:00:00,0.95,0.0,5.100969626959248,0.0,0.37016129,0.0,0.072,0.0
2025-03-04 07:00:00,1.2399999999999998,0.886137,4.747106626959249,0.0,0.37016129,0.0,0.07,0.0
2025-03-04 08:00:00,0.56,1.849234,6.036340626959248,0.0,0.37016129,0.0,0.049,0.0
2025-03-04 09:00:00,0.47,3.4469920000000003,9.013332626959247,0.0,0.37016129,0.0,0.023,0.0
2025-03-04 10:00:00,0.76,4.374579,12.627911626959246,0.0,0.37016129,0.0,0.016,0.0
2025-03-04 11:00:00,0.3075699300699301,4.136932,13.5,0.0,0.37016129,3.82936206993007,0.019,-0.07275787932867132
2025-03-04 12:00:00,0.4675699300699301,5.012767,13.5,0.0,0.37016129,4.5451970699300706,0.015,-0.06817795604895105
2025-03-04 13:00:00,0.20756993006993,4.409177,13.5,0.0,0.37016129,4.20160706993007,0.018,-0.07562892725874125
2025-03-04 14:00:00,0.09,4.271618999999999,13.5,0.0,0.37016129,4.1816189999999995,0.021,-0.08781399899999999
2025-03-04 15:00:00,0.1,2.30309,13.5,0.0,0.38016129,2.20309,0.017,-0.037452530000000005
2025-03-04 16:00:00,0.09,2.0843730000000003,13.5,0.0,0.40016129,1.9943730000000002,0.028,-0.055842444000000005
2025-03-04 17:00:00,1.6953996865203762,0.448434,12.253034313479624,0.0,0.40016129,0.0,0.064,0.0
2025-03-04 18:00:00,0.9353996865203762,0.0,11.317634626959247,0.0,0.40016129,0.0,0.082,0.0
2025-03-04 19:00:00,0.24,0.0,11.077634626959249,0.0,0.40016129,0.0,0.081,0.0
2025-03-04 20:00:00,0.14,0.0,10.937634626959246,0.0,0.40016129,0.0,0.077,0.0
2025-03-04 21:00:00,0.5599999999999999,0.0,10.377634626959246,0.0,0.38016129,0.0,0.081,0.0
2025-03-04 22:00:00,0.51,0.0,9.867634626959246,0.0,0.38016129,0.0,0.069,0.0
2025-03-04 23:00:00,0.56,0.0,9.307634626959246,0.0,0.38016129,0.0,0.067,0.0
2025-03-05 00:00:00,0.8699999999999999,0.0,8.437634626959246,0.0,0.37016129,0.0,0.069,0.0
2025-03-05 01:00:00,0.42,0.0,8.017634626959246,0.0,0.37016129,0.0,0.069,0.0
2025-03-05 02:00:00,1.04,0.0,6.977634626959246,0.0,0.37016129,0.0,0.068,0.0
2025-03-05 03:00:00,0.71,0.0,6.2676346269592464,0.0,0.37016129,0.0,0.067,0.0
2025-03-05 04:00:00,0.5,0.0,5.7676346269592464,0.0,0.37016129,0.0,0.068,0.0
2025-03-05 05:00:00,0.78,0.0,4.987634626959246,0.0,0.37016129,0.0,0.071,0.0
2025-03-05 06:00:00,0.56,0.0,4.427634626959247,0.0,0.37016129,0.0,0.072,0.0
2025-03-05 07:00:00,1.0,0.532015,3.9596496269592465,0.0,0.37016129,0.0,0.07,0.0
2025-03-05 08:00:00,0.59,1.775557,5.145206626959247,0.0,0.37016129,0.0,0.049,0.0
2025-03-05 09:00:00,0.6,2.946062,7.491268626959247,0.0,0.37016129,0.0,0.023,0.0
2025-03-05 10:00:00,3.0599999999999996,3.829059,8.260327626959247,0.0,0.37016129,0.0,0.016,0.0
2025-03-05 11:00:00,2.9849461538461535,5.75,11.025381473113091,0.0,0.37016129,0.0,0.019,0.0
2025-03-05 12:00:00,2.5449461538461535,5.75,13.5,0.0,0.37016129,3.2050538461538465,0.015,-0.048075807692307695
2025-03-05 13:00:00,2.5649461538461535,5.515936,13.5,0.0,0.37016129,2.9509898461538464,0.018,-0.053117817230769235
2025-03-05 14:00:00,2.84,4.969368,13.5,0.0,0.37016129,2.1293680000000004,0.021,-0.04471672800000001
2025-03-05 15:00:00,0.28,3.181505,13.5,0.0,0.38016129,2.9015050000000002,0.017,-0.049325585000000005
2025-03-05 16:00:00,0.13,2.139602,13.5,0.0,0.40016129,2.009602,0.028,-0.056268856000000006
2025-03-05 17:00:00,0.4263413793103449,0.636092,13.5,0.0,0.40016129,0.2097506206896551,0.064,-0.013424039724137927
2025-03-05 18:00:00,1.156341379310345,0.0,12.343658620689656,0.0,0.40016129,0.0,0.082,0.0
2025-03-05 19:00:00,0.48,0.0,11.863658620689655,0.0,0.40016129,0.0,0.081,0.0
2025-03-05 20:00:00,1.03,0.0,10.833658620689656,0.0,0.40016129,0.0,0.077,0.0
2025-03-05 21:00:00,0.8,0.0,10.033658620689655,0.0,0.38016129,0.0,0.081,0.0
2025-03-05 22:00:00,1.31,0.0,8.723658620689655,0.0,0.38016129,0.0,0.069,0.0
2025-03-05 23:00:00,0.9,0.0,7.823658620689654,0.0,0.38016129,0.0,0.067,0.0
2025-03-06 00:00:00,1.1,0.0,6.723658620689655,0.0,0.37016129,0.0,0.069,0.0
2025-03-06 01:00:00,0.93,0.0,5.793658620689655,0.0,0.37016129,0.0,0.069,0.0
2025-03-06 02:00:00,1.01,0.0,4.783658620689655,0.0,0.37016129,0.0,0.068,0.0
2025-03-06 03:00:00,1.05,0.0,3.7336586206896554,0.0,0.37016129,0.0,0.067,0.0
2025-03-06 04:00:00,1.63,0.0,2.1036586206896555,0.0,0.37016129,0.0,0.068,0.0
2025-03-06 05:00:00,0.97,0.0,1.1336586206896555,0.0,0.37016129,0.0,0.071,0.0
2025-03-06 06:00:00,1.09,0.0,0.0436586206896554,0.0,0.37016129,0.0,0.072,0.0
2025-03-06 07:00:00,0.86,1.204201,0.3878596206896555,0.0,0.37016129,0.0,0.07,0.0
2025-03-06 08:00:00,0.39,2.998373,2.9962326206896552,0.0,0.37016129,0.0,0.049,0.0
2025-03-06 09:00:00,0.1,3.165213,6.061445620689655,0.0,0.37016129,0.0,0.023,0.0
2025-03-06 10:00:00,0.39,5.054991,10.726436620689656,0.0,0.37016129,0.0,0.016,0.0
2025-03-06 11:00:00,0.5049461538461539,5.576963,13.5,0.0,0.37016129,5.072016846153846,0.019,-0.09636832007692307
2025-03-06 12:00:00,0.2149461538461538,5.75,13.5,0.0,0.37016129,5.535053846153846,0.015,-0.08302580769230769
2025-03-06 13:00:00,0.2049461538461538,2.751376,13.5,0.0,0.37016129,2.5464298461538464,0.018,-0.04583573723076923
2025-03-06 14:00:00,0.1,3.640782,13.5,0.0,0.37016129,3.540782,0.021,-0.074356422
2025-03-06 15:00:00,0.1,1.298865,13.5,0.0,0.38016129,1.1988649999999998,0.017,-0.020380705
2025-03-06 16:00:00,0.1,0.929345,13.5,0.0,0.40016129,0.829345,0.028,-0.02322166
2025-03-06 17:00:00,0.4263413793103449,0.155269,13.228927620689657,0.0,0.40016129,0.0,0.064,0.0
2025-03-06 18:00:00,0.4863413793103448,0.0,12.74258624137931,0.0,0.40016129,0.0,0.082,0.0
2025-03-06 19:00:00,0.14,0.0,12.60258624137931,0.0,0.40016129,0.0,0.081,0.0
2025-03-06 20:00:00,0.16,0.0,12.44258624137931,0.0,0.40016129,0.0,0.077,0.0
2025-03-06 21:00:00,0.14,0.0,12.30258624137931,0.0,0.38016129,0.0,0.081,0.0
2025-03-06 22:00:00,0.87,0.0,11.43258624137931,0.0,0.38016129,0.0,0.069,0.0
2025-03-06 23:00:00,0.8500000000000001,0.0,10.58258624137931,0.0,0.38016129,0.0,0.067,0.0
2025-03-07 00:00:00,1.01,0.0,9.57258624137931,0.0,0.37016129,0.0,0.069,0.0
2025-03-07 01:00:00,0.93,0.0,8.64258624137931,0.0,0.37016129,0.0,0.069,0.0
2025-03-07 02:00:00,1.06,0.0,7.58258624137931,0.0,0.37016129,0.0,0.068,0.0
2025-03-07 03:00:00,1.12,0.0,6.46258624137931,0.0,0.37016129,0.0,0.067,0.0
2025-03-07 04:00:00,1.0,0.0,5.46258624137931,0.0,0.37016129,0.0,0.068,0.0
2025-03-07 05:00:00,0.97,0.0,4.4925862413793105,0.0,0.37016129,0.0,0.071,0.0
2025-03-07 06:00:00,1.4300000000000002,0.0,3.0625862413793103,0.0,0.37016129,0.0,0.072,0.0
2025-03-07 07:00:00,0.5,1.033907,3.59649324137931,0.0,0.37016129,0.0,0.07,0.0
2025-03-07 08:00:00,0.49,1.523308,4.62980124137931,0.0,0.37016129,0.0,0.049,0.0
2025-03-07 09:00:00,0.1,3.435314,7.96511524137931,0.0,0.37016129,0.0,0.023,0.0
2025-03-07 10:00:00,2.4,2.0319670000000003,7.597082241379311,0.0,0.37016129,0.0,0.016,0.0
2025-03-07 11:00:00,2.5049461538461535,4.109269,9.201405087533155,0.0,0.37016129,0.0,0.019,0.0
2025-03-07 12:00:00,2.5249461538461535,5.75,12.426458933687003,0.0,0.37016129,0.0,0.015,0.0
2025-03-07 13:00:00,2.5149461538461537,5.75,13.5,0.0,0.37016129,3.2350538461538463,0.018,-0.05823096923076923
2025-03-07 14:00:00,2.4099999999999997,5.1011750000000005,13.5,0.0,0.37016129,2.6911750000000008,0.021,-0.05651467500000002
2025-03-07 15:00:00,0.1,0.472957,13.5,0.0,0.38016129,0.372957,0.017,-0.006340269
2025-03-07 16:00:00,0.1,0.3316759999999999,13.5,0.0,0.40016129,0.2316759999999999,0.028,-0.006486927999999998
2025-03-07 17:00:00,0.4263413793103449,0.306968,13.380626620689656,0.0,0.40016129,0.0,0.064,0.0
2025-03-07 18:00:00,0.4363413793103448,0.0,12.94428524137931,0.0,0.40016129,0.0,0.082,0.0
2025-03-07 19:00:00,0.11,0.0,12.83428524137931,0.0,0.40016129,0.0,0.081,0.0
2025-03-07 20:00:00,0.26,0.0,12.574285241379313,0.0,0.40016129,0.0,0.077,0.0
2025-03-07 21:00:00,0.29,0.0,12.284285241379312,0.0,0.38016129,0.0,0.081,0.0
2025-03-07 22:00:00,0.25,0.0,12.034285241379312,0.0,0.38016129,0.0,0.069,0.0
2025-03-07 23:00:00,0.8300000000000001,0.0,11.204285241379312,0.0,0.38016129,0.0,0.067,0.0
2025-03-08 00:00:00,0.55,0.0,10.654285241379313,0.0,0.37016129,0.0,0.069,0.0
2025-03-08 01:00:00,1.0,0.0,9.654285241379313,0.0,0.37016129,0.0,0.069,0.0
2025-03-08 02:00:00,1.02,0.0,8.634285241379311,0.0,0.37016129,0.0,0.068,0.0
2025-03-08 03:00:00,0.55,0.0,8.08428524137931,0.0,0.37016129,0.0,0.067,0.0
2025-03-08 04:00:00,0.86,0.0,7.22428524137931,0.0,0.37016129,0.0,0.068,0.0
2025-03-08 05:00:00,1.03,0.0,6.19428524137931,0.0,0.37016129,0.0,0.071,0.0
2025-03-08 06:00:00,1.16,0.0,5.03428524137931,0.0,0.37016129,0.0,0.072,0.0
2025-03-08 07:00:00,1.05,0.636992,4.62127724137931,0.0,0.37016129,0.0,0.07,0.0
2025-03-08 08:00:00,0.6,3.114852,7.13612924137931,0.0,0.37016129,0.0,0.049,0.0
2025-03-08 09:00:00,0.49,4.566043,11.21217224137931,0.0,0.37016129,0.0,0.023,0.0
2025-03-08 10:00:00,2.88,5.51819,13.5,0.0,0.37016129,2.63819,0.016,-0.04221104
2025-03-08 11:00:00,2.7849461538461537,5.75,13.5,0.0,0.37016129,2.9650538461538463,0.019,-0.05633602307692308
2025-03-08 12:00:00,2.5149461538461537,5.75,13.5,0.0,0.37016129,3.2350538461538463,0.015,-0.048525807692307694
2025-03-08 13:00:00,2.6449461538461536,5.75,13.5,0.0,0.37016129,3.1050538461538464,0.018,-0.05589096923076923
2025-03-08 14:00:00,2.84,4.590131,13.5,0.0,0.37016129,1.7501310000000005,0.021,-0.036752751000000014
2025-03-08 15:00:00,0.2299999999999999,3.268799,13.5,0.0,0.38016129,3.038799,0.017,-0.051659583
2025-03-08 16:00:00,0.23,2.283861,13.5,0.0,0.40016129,2.053861,0.028,-0.057508108
2025-03-08 17:00:00,0.5563413793103449,0.186597,13.130255620689654,0.0,0.40016129,0.0,0.064,0.0
2025-03-08 18:00:00,0.5463413793103449,0.0,12.58391424137931,0.0,0.40016129,0.0,0.082,0.0
2025-03-08 19:00:00,0.2299999999999999,0.0,12.353914241379307,0.0,0.40016129,0.0,0.081,0.0
2025-03-08 20:00:00,0.2,0.0,12.15391424137931,0.0,0.40016129,0.0,0.077,0.0
2025-03-08 21:00:00,0.14,0.0,12.01391424137931,0.0,0.38016129,0.0,0.081,0.0
2025-03-08 22:00:00,0.12,0.0,11.89391424137931,0.0,0.38016129,0.0,0.069,0.0
2025-03-08 23:00:00,0.52,0.0,11.37391424137931,0.0,0.38016129,0.0,0.067,0.0
2025-03-09 00:00:00,1.0,0.0,10.37391424137931,0.0,0.37016129,0.0,0.069,0.0
2025-03-09 01:00:00,0.87,0.0,9.503914241379311,0.0,0.37016129,0.0,0.069,0.0
2025-03-09 02:00:00,0.13,0.0,9.37391424137931,0.0,0.37016129,0.0,0.068,0.0
2025-03-09 03:00:00,0.8,0.0,8.57391424137931,0.0,0.37016129,0.0,0.067,0.0
2025-03-09 04:00:00,1.52,0.0,7.05391424137931,0.0,0.37016129,0.0,0.068,0.0
2025-03-09 05:00:00,0.94,0.0,6.113914241379311,0.0,0.37016129,0.0,0.071,0.0
2025-03-09 06:00:00,0.85,0.0,5.263914241379311,0.0,0.37016129,0.0,0.072,0.0
2025-03-09 07:00:00,0.94,0.410269,4.734183241379311,0.0,0.37016129,0.0,0.07,0.0
2025-03-09 08:00:00,0.48,0.956276,5.210459241379311,0.0,0.37016129,0.0,0.049,0.0
2025-03-09 09:00:00,0.66,3.203076,7.753535241379311,0.0,0.37016129,0.0,0.023,0.0
2025-03-09 10:00:00,2.4299999999999997,3.720689,9.044224241379313,0.0,0.37016129,0.0,0.016,0.0
2025-03-09 11:00:00,2.5149461538461537,5.557677,12.086955087533156,0.0,0.37016129,0.0,0.019,0.0
2025-03-09 12:00:00,2.5149461538461537,5.2893289999999995,13.5,0.0,0.37016129,2.774382846153846,0.015,-0.04161574269230769
2025-03-09 13:00:00,2.5049461538461535,4.78843,13.5,0.0,0.37016129,2.2834838461538465,0.018,-0.04110270923076923
2025-03-09 14:00:00,2.4,4.4866340000000005,13.5,0.0,0.37016129,2.0866340000000005,0.021,-0.04381931400000001
2025-03-09 15:00:00,0.1,3.239531,13.5,0.0,0.38016129,3.139531,0.017,-0.053372027
2025-03-09 16:00:00,0.12,2.3821260000000004,13.5,0.0,0.40016129,2.2621260000000003,0.028,-0.063339528
2025-03-09 17:00:00,0.4363413793103448,0.602227,13.5,0.0,0.40016129,0.16588562068965518,0.064,-0.010616679724137932
2025-03-09 18:00:00,0.4363413793103448,0.0,13.063658620689656,0.0,0.40016129,0.0,0.082,0.0
2025-03-09 19:00:00,0.1699999999999999,0.0,12.893658620689656,0.0,0.40016129,0.0,0.081,0.0
2025-03-09 20:00:00,0.24,0.0,12.653658620689654,0.0,0.40016129,0.0,0.077,0.0
2025-03-09 21:00:00,0.15,0.0,12.503658620689654,0.0,0.38016129,0.0,0.081,0.0
2025-03-09 22:00:00,0.24,0.0,12.263658620689654,0.0,0.38016129,0.0,0.069,0.0
2025-03-09 23:00:00,0.53,0.0,11.733658620689654,0.0,0.38016129,0.0,0.067,0.0
2025-03-10 00:00:00,0.56,0.0,11.173658620689654,0.0,0.37016129,0.0,0.069,0.0
2025-03-10 01:00:00,1.25,0.0,9.923658620689654,0.0,0.37016129,0.0,0.069,0.0
2025-03-10 02:00:00,0.88,0.0,9.043658620689651,0.0,0.37016129,0.0,0.068,0.0
2025-03-10 03:00:00,0.8600000000000001,0.0,8.183658620689654,0.0,0.37016129,0.0,0.067,0.0
2025-03-10 04:00:00,0.95,0.0,7.233658620689654,0.0,0.37016129,0.0,0.068,0.0
2025-03-10 05:00:00,1.0,0.0,6.233658620689654,0.0,0.37016129,0.0,0.071,0.0
2025-03-10 06:00:00,1.51,0.0,4.723658620689654,0.0,0.37016129,0.0,0.072,0.0
2025-03-10 07:00:00,1.08,1.27643,4.920088620689654,0.0,0.37016129,0.0,0.07,0.0
2025-03-10 08:00:00,0.94,3.0677600000000003,7.0478486206896545,0.0,0.37016129,0.0,0.049,0.0
2025-03-10 09:00:00,0.51,4.39895,10.936798620689654,0.0,0.37016129,0.0,0.023,0.0
2025-03-10 10:00:00,0.74,5.299448999999999,13.5,0.0,0.37016129,4.559448999999999,0.016,-0.07295118399999999
2025-03-10 11:00:00,0.2549461538461539,4.762542000000001,13.5,0.0,0.37016129,4.507595846153847,0.019,-0.08564432107692309
2025-03-10 12:00:00,0.3549461538461538,5.75,13.5,0.0,0.37016129,5.395053846153846,0.015,-0.0809258076923077
2025-03-10 13:00:00,0.2549461538461539,4.736221,13.5,0.0,0.37016129,4.481274846153846,0.018,-0.08066294723076922
2025-03-10 14:00:00,0.09,3.666798,13.5,0.0,0.37016129,3.576798,0.021,-0.075112758
2025-03-10 15:00:00,0.1,2.5866100000000003,13.5,0.0,0.38016129,2.48661,0.017,-0.042272370000000004
2025-03-10 16:00:00,0.1,2.425595,13.5,0.0,0.40016129,2.325595,0.028,-0.06511665999999999
2025-03-10 17:00:00,0.4263413793103449,0.6502469999999999,13.5,0.0,0.40016129,0.22390562068965503,0.064,-0.014329959724137921
2025-03-10 18:00:00,2.6563413793103448,0.0,10.843658620689656,0.0,0.40016129,0.0,0.082,0.0
2025-03-10 19:00:00,1.43,0.0,9.413658620689656,0.0,0.40016129,0.0,0.081,0.0
2025-03-10 20:00:00,0.29,0.0,9.123658620689657,0.0,0.40016129,0.0,0.077,0.0
2025-03-10 21:00:00,0.14,0.0,8.983658620689656,0.0,0.38016129,0.0,0.081,0.0
2025-03-10 22:00:00,0.12,0.0,8.863658620689657,0.0,0.38016129,0.0,0.069,0.0
2025-03-10 23:00:00,0.09,0.0,8.773658620689657,0.0,0.38016129,0.0,0.067,0.0
2025-03-11 00:00:00,0.74,0.0,8.033658620689657,0.0,0.37016129,0.0,0.069,0.0
2025-03-11 01:00:00,0.64,0.0,7.393658620689657,0.0,0.37016129,0.0,0.069,0.0
2025-03-11 02:00:00,0.94,0.0,6.453658620689657,0.0,0.37016129,0.0,0.068,0.0
2025-03-11 03:00:00,0.93,0.0,5.523658620689657,0.0,0.37016129,0.0,0.067,0.0
2025-03-11 04:00:00,1.16,0.0,4.363658620689657,0.0,0.37016129,0.0,0.068,0.0
2025-03-11 05:00:00,1.18,0.0,3.1836586206896573,0.0,0.37016129,0.0,0.071,0.0
2025-03-11 06:00:00,0.95,0.0,2.233658620689657,0.0,0.37016129,0.0,0.072,0.0
2025-03-11 07:00:00,1.04,0.61939,1.8130486206896572,0.0,0.37016129,0.0,0.07,0.0
2025-03-11 08:00:00,0.53,2.4286860000000003,3.7117346206896578,0.0,0.37016129,0.0,0.049,0.0
2025-03-11 09:00:00,0.15,3.284521,6.846255620689658,0.0,0.37016129,0.0,0.023,0.0
2025-03-11 10:00:00,0.37,4.374363000000001,10.85061862068966,0.0,0.37016129,0.0,0.016,0.0
2025-03-11 11:00:00,0.2449461538461538,5.75,13.5,0.0,0.37016129,5.505053846153846,0.019,-0.10459602307692308
2025-03-11 12:00:00,0.2949461538461538,5.75,13.5,0.0,0.37016129,5.455053846153846,0.015,-0.08182580769230768
2025-03-11 13:00:00,0.3149461538461539,5.75,13.5,0.0,0.37016129,5.4350538461538465,0.018,-0.09783096923076923
2025-03-11 14:00:00,0.17,5.068534,13.5,0.0,0.37016129,4.898534,0.021,-0.102869214
2025-03-11 15:00:00,0.15,4.041738,13.5,0.0,0.38016129,3.8917379999999997,0.017,-0.066159546
2025-03-11 16:00:00,0.14,2.517081,13.5,0.0,0.40016129,2.377081,0.028,-0.066558268
2025-03-11 17:00:00,0.4863413793103448,0.7006140000000001,13.5,0.0,0.40016129,0.21427262068965525,0.064,-0.013713447724137936
2025-03-11 18:00:00,0.4463413793103448,0.0,13.053658620689657,0.0,0.40016129,0.0,0.082,0.0
2025-03-11 19:00:00,0.11,0.0,12.943658620689655,0.0,0.40016129,0.0,0.081,0.0
2025-03-11 20:00:00,0.16,0.0,12.783658620689655,0.0,0.40016129,0.0,0.077,0.0
2025-03-11 21:00:00,0.15,0.0,12.633658620689657,0.0,0.38016129,0.0,0.081,0.0
2025-03-11 22:00:00,0.14,0.0,12.493658620689654,0.0,0.38016129,0.0,0.069,0.0
2025-03-11 23:00:00,0.11,0.0,12.383658620689657,0.0,0.38016129,0.0,0.067,0.0
2025-03-12 00:00:00,0.11,0.0,12.273658620689655,0.0,0.37016129,0.0,0.069,0.0
2025-03-12 01:00:00,0.11,0.0,12.163658620689656,0.0,0.37016129,0.0,0.069,0.0
2025-03-12 02:00:00,0.11,0.0,12.053658620689657,0.0,0.37016129,0.0,0.068,0.0
2025-03-12 03:00:00,0.51,0.0,11.543658620689657,0.0,0.37016129,0.0,0.067,0.0
2025-03-12 04:00:00,0.88,0.0,10.663658620689656,0.0,0.37016129,0.0,0.068,0.0
2025-03-12 05:00:00,0.5599999999999999,0.0,10.103658620689655,0.0,0.37016129,0.0,0.071,0.0
2025-03-12 06:00:00,0.8,0.0,9.303658620689657,0.0,0.37016129,0.0,0.072,0.0
2025-03-12 07:00:00,0.8600000000000001,1.304422,9.748080620689654,0.0,0.37016129,0.0,0.07,0.0
2025-03-12 08:00:00,0.7000000000000001,3.07785,12.125930620689656,0.0,0.37016129,0.0,0.049,0.0
2025-03-12 09:00:00,0.74,4.4022820000000005,13.5,0.0,0.37016129,3.6622820000000003,0.023,-0.08423248600000001
2025-03-12 10:00:00,3.12,5.245819,13.5,0.0,0.37016129,2.125819,0.016,-0.034013104
2025-03-12 11:00:00,3.2749461538461535,5.247533000000001,13.5,0.0,0.37016129,1.9725868461538472,0.019,-0.037479150076923096
2025-03-12 12:00:00,2.8249461538461538,5.205056,13.5,0.0,0.37016129,2.380109846153846,0.015,-0.03570164769230769
2025-03-12 13:00:00,3.1549461538461534,4.632924,13.5,0.0,0.37016129,1.4779778461538466,0.018,-0.026603601230769238
2025-03-12 14:00:00,2.86,3.95892,13.5,0.0,0.37016129,1.0989200000000001,0.021,-0.023077320000000005
2025-03-12 15:00:00,0.51,3.422435,13.5,0.0,0.38016129,2.9124350000000003,0.017,-0.04951139500000001
2025-03-12 16:00:00,0.98,2.164825,13.5,0.0,0.40016129,1.184825,0.028,-0.0331751
2025-03-12 17:00:00,1.1763413793103448,0.6087899999999999,12.932448620689655,0.0,0.40016129,0.0,0.064,0.0
2025-03-12 18:00:00,1.2463413793103448,0.0,11.686107241379313,0.0,0.40016129,0.0,0.082,0.0
2025-03-12 19:00:00,0.9,0.0,10.78610724137931,0.0,0.40016129,0.0,0.081,0.0
2025-03-12 20:00:00,0.5599999999999999,0.0,10.22610724137931,0.0,0.40016129,0.0,0.077,0.0
2025-03-12 21:00:00,0.98,0.0,9.24610724137931,0.0,0.38016129,0.0,0.081,0.0
2025-03-12 22:00:00,0.92,0.0,8.32610724137931,0.0,0.38016129,0.0,0.069,0.0
2025-03-12 23:00:00,1.4,0.0,6.926107241379309,0.0,0.38016129,0.0,0.067,0.0
2025-03-13 00:00:00,0.6,0.0,6.32610724137931,0.0,0.37016129,0.0,0.069,0.0
2025-03-13 01:00:00,1.14,0.0,5.18610724137931,0.0,0.37016129,0.0,0.069,0.0
2025-03-13 02:00:00,1.34,0.0,3.8461072413793103,0.0,0.37016129,0.0,0.068,0.0
2025-03-13 03:00:00,0.99,0.0,2.85610724137931,0.0,0.37016129,0.0,0.067,0.0
2025-03-13 04:00:00,1.24,0.0,1.61610724137931,0.0,0.37016129,0.0,0.068,0.0
2025-03-13 05:00:00,1.02,0.0,0.59610724137931,0.0,0.37016129,0.0,0.071,0.0
2025-03-13 06:00:00,1.5,0.0,0.0,0.90389275862069,0.37016129,0.0,0.072,0.3345861095526932
2025-03-13 07:00:00,1.47,1.351884,0.0,0.11811599999999989,0.37016129,0.0,0.07,0.043721970929639954
2025-03-13 08:00:00,1.15,1.154088,0.004088,0.0,0.37016129,0.0,0.049,0.0
2025-03-13 09:00:00,0.87,2.527973,1.6620609999999998,0.0,0.37016129,0.0,0.023,0.0
2025-03-13 10:00:00,0.7,5.330996,6.293056999999999,0.0,0.37016129,0.0,0.016,0.0
2025-03-13 11:00:00,0.5449461538461539,3.869642,9.617752846153843,0.0,0.37016129,0.0,0.019,0.0
2025-03-13 12:00:00,0.534946153846154,4.350826,13.43363269230769,0.0,0.37016129,0.0,0.015,0.0
2025-03-13 13:00:00,0.5849461538461538,3.853357,13.5,0.0,0.37016129,3.268410846153846,0.018,-0.058831395230769225
2025-03-13 14:00:00,0.13,1.808938,13.5,0.0,0.37016129,1.678938,0.021,-0.035257698000000004
2025-03-13 15:00:00,0.13,4.02745,13.5,0.0,0.38016129,3.89745,0.017,-0.06625665
2025-03-13 16:00:00,0.14,2.551989,13.5,0.0,0.40016129,2.4119889999999997,0.028,-0.067535692
2025-03-13 17:00:00,0.5663413793103449,0.714724,13.5,0.0,0.40016129,0.14838262068965513,0.064,-0.009496487724137928
2025-03-13 18:00:00,1.156341379310345,0.0,12.343658620689656,0.0,0.40016129,0.0,0.082,0.0
2025-03-13 19:00:00,0.28,0.0,12.063658620689656,0.0,0.40016129,0.0,0.081,0.0
2025-03-13 20:00:00,1.01,0.0,11.053658620689657,0.0,0.40016129,0.0,0.077,0.0
2025-03-13 21:00:00,0.99,0.0,10.063658620689656,0.0,0.38016129,0.0,0.081,0.0
2025-03-13 22:00:00,0.63,0.0,9.433658620689656,0.0,0.38016129,0.0,0.069,0.0
2025-03-13 23:00:00,1.07,0.0,8.363658620689655,0.0,0.38016129,0.0,0.067,0.0
2025-03-14 00:00:00,1.07,0.0,7.293658620689655,0.0,0.37016129,0.0,0.069,0.0
2025-03-14 01:00:00,0.99,0.0,6.303658620689655,0.0,0.37016129,0.0,0.069,0.0
2025-03-14 02:00:00,1.05,0.0,5.253658620689655,0.0,0.37016129,0.0,0.068,0.0
2025-03-14 03:00:00,1.28,0.0,3.9736586206896543,0.0,0.37016129,0.0,0.067,0.0
2025-03-14 04:00:00,1.6,0.0,2.3736586206896546,0.0,0.37016129,0.0,0.068,0.0
2025-03-14 05:00:00,1.68,0.0,0.6936586206896547,0.0,0.37016129,0.0,0.071,0.0
2025-03-14 06:00:00,1.46,0.0,0.0,0.7663413793103453,0.37016129,0.0,0.072,0.2836699135458967
2025-03-14 07:00:00,1.82,0.363665,0.0,1.4563350000000002,0.37016129,0.0,0.07,0.53907884227215
2025-03-14 08:00:00,1.62,1.851192,0.2311919999999998,0.0,0.37016129,0.0,0.049,0.0
2025-03-14 09:00:00,1.38,4.731091999999999,3.5822839999999996,0.0,0.37016129,0.0,0.023,0.0
2025-03-14 10:00:00,3.75,5.647368999999999,5.479652999999999,0.0,0.37016129,0.0,0.016,0.0
2025-03-14 11:00:00,3.884946153846154,5.75,7.344706846153845,0.0,0.37016129,0.0,0.019,0.0
2025-03-14 12:00:00,3.1249461538461536,5.75,9.969760692307691,0.0,0.37016129,0.0,0.015,0.0
2025-03-14 13:00:00,2.5149461538461537,5.75,13.204814538461536,0.0,0.37016129,0.0,0.018,0.0
2025-03-14 14:00:00,2.4,4.6635349999999995,13.5,0.0,0.37016129,2.2635349999999996,0.021,-0.047534234999999994
2025-03-14 15:00:00,0.45,3.64717,13.5,0.0,0.38016129,3.19717,0.017,-0.05435189
2025-03-14 16:00:00,0.09,1.585285,13.5,0.0,0.40016129,1.495285,0.028,-0.04186798
2025-03-14 17:00:00,0.4463413793103448,0.661843,13.5,0.0,0.40016129,0.21550162068965517,0.064,-0.013792103724137932
2025-03-14 18:00:00,2.776341379310345,0.0,10.723658620689656,0.0,0.40016129,0.0,0.082,0.0
2025-03-14 19:00:00,1.1,0.0,9.623658620689657,0.0,0.40016129,0.0,0.081,0.0
2025-03-14 20:00:00,0.68,0.0,8.943658620689655,0.0,0.40016129,0.0,0.077,0.0
2025-03-14 21:00:00,0.19,0.0,8.753658620689656,0.0,0.38016129,0.0,0.081,0.0
2025-03-14 22:00:00,0.51,0.0,8.243658620689656,0.0,0.38016129,0.0,0.069,0.0
2025-03-14 23:00:00,0.71,0.0,7.533658620689656,0.0,0.38016129,0.0,0.067,0.0
2025-03-15 00:00:00,0.65,0.0,6.883658620689656,0.0,0.37016129,0.0,0.069,0.0
2025-03-15 01:00:00,1.09,0.0,5.793658620689656,0.0,0.37016129,0.0,0.069,0.0
2025-03-15 02:00:00,0.72,0.0,5.073658620689656,0.0,0.37016129,0.0,0.068,0.0
2025-03-15 03:00:00,1.03,0.0,4.043658620689656,0.0,0.37016129,0.0,0.067,0.0
2025-03-15 04:00:00,0.8600000000000001,0.0,3.1836586206896555,0.0,0.37016129,0.0,0.068,0.0
2025-03-15 05:00:00,1.04,0.0,2.1436586206896555,0.0,0.37016129,0.0,0.071,0.0
2025-03-15 06:00:00,1.02,0.0,1.1236586206896555,0.0,0.37016129,0.0,0.072,0.0
2025-03-15 07:00:00,0.98,1.427227,1.5708856206896555,0.0,0.37016129,0.0,0.07,0.0
2025-03-15 08:00:00,0.97,3.254038,3.854923620689656,0.0,0.37016129,0.0,0.049,0.0
2025-03-15 09:00:00,0.11,4.549455,8.294378620689656,0.0,0.37016129,0.0,0.023,0.0
2025-03-15 10:00:00,2.8099999999999996,5.435599,10.919977620689655,0.0,0.37016129,0.0,0.016,0.0
2025-03-15 11:00:00,2.974730769230769,5.75,13.5,0.0,0.37016129,2.775269230769231,0.019,-0.05273011538461539
2025-03-15 12:00:00,2.9947307692307694,5.75,13.5,0.0,0.37016129,2.7552692307692306,0.015,-0.04132903846153846
2025-03-15 13:00:00,2.984730769230769,5.734734,13.5,0.0,0.37016129,2.7500032307692313,0.018,-0.04950005815384616
2025-03-15 14:00:00,2.49,5.09373,13.5,0.0,0.37016129,2.6037299999999997,0.021,-0.05467833
2025-03-15 15:00:00,0.22,4.064172999999999,13.5,0.0,0.38016129,3.844172999999999,0.017,-0.065350941
2025-03-15 16:00:00,0.11,2.572737,13.5,0.0,0.40016129,2.462737,0.028,-0.068956636
2025-03-15 17:00:00,1.7817068965517242,0.7367670000000001,12.455060103448275,0.0,0.40016129,0.0,0.064,0.0
2025-03-15 18:00:00,2.0017068965517244,0.0,10.453353206896551,0.0,0.40016129,0.0,0.082,0.0
2025-03-15 19:00:00,0.26,0.0,10.193353206896552,0.0,0.40016129,0.0,0.081,0.0
2025-03-15 20:00:00,0.1699999999999999,0.0,10.023353206896552,0.0,0.40016129,0.0,0.077,0.0
2025-03-15 21:00:00,0.11,0.0,9.913353206896552,0.0,0.38016129,0.0,0.081,0.0
2025-03-15 22:00:00,0.13,0.0,9.783353206896551,0.0,0.38016129,0.0,0.069,0.0
2025-03-15 23:00:00,0.11,0.0,9.673353206896552,0.0,0.38016129,0.0,0.067,0.0
2025-03-16 00:00:00,0.12,0.0,9.553353206896553,0.0,0.37016129,0.0,0.069,0.0
2025-03-16 01:00:00,1.22,0.0,8.333353206896552,0.0,0.37016129,0.0,0.069,0.0
2025-03-16 02:00:00,0.97,0.0,7.363353206896552,0.0,0.37016129,0.0,0.068,0.0
2025-03-16 03:00:00,0.7999999999999999,0.0,6.5633532068965525,0.0,0.37016129,0.0,0.067,0.0
2025-03-16 04:00:00,0.79,0.0,5.7733532068965525,0.0,0.37016129,0.0,0.068,0.0
2025-03-16 05:00:00,0.93,0.0,4.843353206896553,0.0,0.37016129,0.0,0.071,0.0
2025-03-16 06:00:00,0.71,0.010412,4.1437652068965525,0.0,0.37016129,0.0,0.072,0.0
2025-03-16 07:00:00,1.1,1.40404,4.447805206896552,0.0,0.37016129,0.0,0.07,0.0
2025-03-16 08:00:00,0.67,3.1155030000000004,6.8933082068965525,0.0,0.37016129,0.0,0.049,0.0
2025-03-16 09:00:00,1.25,4.330546,9.973854206896553,0.0,0.37016129,0.0,0.023,0.0
2025-03-16 10:00:00,3.11,5.062232,11.926086206896551,0.0,0.37016129,0.0,0.016,0.0
2025-03-16 11:00:00,2.974730769230769,5.419055,13.5,0.0,0.37016129,2.444324230769231,0.019,-0.04644216038461539
2025-03-16 12:00:00,3.2947307692307692,5.616091,13.5,0.0,0.37016129,2.3213602307692307,0.015,-0.03482040346153846
2025-03-16 13:00:00,2.974730769230769,5.534261000000001,13.5,0.0,0.37016129,2.559530230769232,0.018,-0.04607154415384617
2025-03-16 14:00:00,2.4499999999999997,4.9839459999999995,13.5,0.0,0.37016129,2.533946,0.021,-0.053212866
2025-03-16 15:00:00,0.2,3.992727,13.5,0.0,0.38016129,3.7927269999999997,0.017,-0.064476359
2025-03-16 16:00:00,0.28,2.550514,13.5,0.0,0.40016129,2.2705140000000004,0.028,-0.06357439200000001
2025-03-16 17:00:00,1.811706896551724,0.742306,12.430599103448277,0.0,0.40016129,0.0,0.064,0.0
2025-03-16 18:00:00,2.9417068965517243,0.0,9.488892206896551,0.0,0.40016129,0.0,0.082,0.0
2025-03-16 19:00:00,0.48,0.0,9.008892206896553,0.0,0.40016129,0.0,0.081,0.0
2025-03-16 20:00:00,0.29,0.0,8.718892206896552,0.0,0.40016129,0.0,0.077,0.0
2025-03-16 21:00:00,0.15,0.0,8.568892206896551,0.0,0.38016129,0.0,0.081,0.0
2025-03-16 22:00:00,0.55,0.0,8.01889220689655,0.0,0.38016129,0.0,0.069,0.0
2025-03-16 23:00:00,0.8999999999999999,0.0,7.11889220689655,0.0,0.38016129,0.0,0.067,0.0
2025-03-17 00:00:00,0.5800000000000001,0.0,6.53889220689655,0.0,0.37016129,0.0,0.069,0.0
2025-03-17 01:00:00,1.01,0.0,5.5288922068965505,0.0,0.37016129,0.0,0.069,0.0
2025-03-17 02:00:00,0.55,0.0,4.978892206896551,0.0,0.37016129,0.0,0.068,0.0
2025-03-17 03:00:00,0.93,0.0,4.048892206896551,0.0,0.37016129,0.0,0.067,0.0
2025-03-17 04:00:00,0.8800000000000001,0.0,3.168892206896551,0.0,0.37016129,0.0,0.068,0.0
2025-03-17 05:00:00,1.07,0.0,2.0988922068965508,0.0,0.37016129,0.0,0.071,0.0
2025-03-17 06:00:00,0.69,0.0,1.4088922068965508,0.0,0.37016129,0.0,0.072,0.0
2025-03-17 07:00:00,0.85,0.049787,0.6086792068965509,0.0,0.37016129,0.0,0.07,0.0
2025-03-17 08:00:00,0.99,0.4800179999999999,0.0986972068965508,0.0,0.37016129,0.0,0.049,0.0
2025-03-17 09:00:00,0.18,0.853235,0.7719322068965508,0.0,0.37016129,0.0,0.023,0.0
2025-03-17 10:00:00,0.14,1.135809,1.767741206896551,0.0,0.37016129,0.0,0.016,0.0
2025-03-17 11:00:00,0.6198923076923077,1.715894,2.8637428992042433,0.0,0.37016129,0.0,0.019,0.0
2025-03-17 12:00:00,0.5198923076923078,2.57355,4.917400591511935,0.0,0.37016129,0.0,0.015,0.0
2025-03-17 13:00:00,0.4598923076923077,2.036126,6.4936342838196275,0.0,0.37016129,0.0,0.018,0.0
2025-03-17 14:00:00,0.18,2.2502220000000004,8.563856283819629,0.0,0.37016129,0.0,0.021,0.0
2025-03-17 15:00:00,0.15,2.798431,11.212287283819627,0.0,0.38016129,0.0,0.017,0.0
2025-03-17 16:00:00,0.15,2.5358389999999997,13.5,0.0,0.40016129,2.385839,0.028,-0.06680349199999999
2025-03-17 17:00:00,1.1826827586206896,0.72369,13.04100724137931,0.0,0.40016129,0.0,0.064,0.0
2025-03-17 18:00:00,3.69268275862069,0.0,9.34832448275862,0.0,0.40016129,0.0,0.082,0.0
2025-03-17 19:00:00,0.25,0.0,9.09832448275862,0.0,0.40016129,0.0,0.081,0.0
2025-03-17 20:00:00,0.5599999999999999,0.0,8.53832448275862,0.0,0.40016129,0.0,0.077,0.0
2025-03-17 21:00:00,0.19,0.0,8.34832448275862,0.0,0.38016129,0.0,0.081,0.0
2025-03-17 22:00:00,0.64,0.0,7.708324482758621,0.0,0.38016129,0.0,0.069,0.0
2025-03-17 23:00:00,0.8400000000000001,0.0,6.868324482758621,0.0,0.38016129,0.0,0.067,0.0
2025-03-18 00:00:00,1.15,0.0,5.7183244827586215,0.0,0.37016129,0.0,0.069,0.0
2025-03-18 01:00:00,0.97,0.0,4.748324482758622,0.0,0.37016129,0.0,0.069,0.0
2025-03-18 02:00:00,1.39,0.0,3.358324482758622,0.0,0.37016129,0.0,0.068,0.0
2025-03-18 03:00:00,0.98,0.0,2.378324482758622,0.0,0.37016129,0.0,0.067,0.0
2025-03-18 04:00:00,1.6,0.0,0.778324482758622,0.0,0.37016129,0.0,0.068,0.0
2025-03-18 05:00:00,1.42,0.0,0.0,0.641675517241378,0.37016129,0.0,0.071,0.23752343722348568
2025-03-18 06:00:00,1.8,0.0,0.0,1.8,0.37016129,0.0,0.072,0.6662903219999999
2025-03-18 07:00:00,1.3,0.211412,0.0,1.0885880000000001,0.37016129,0.0,0.07,0.40295313835852004
2025-03-18 08:00:00,0.77,0.6815760000000001,0.0,0.08842399999999995,0.37016129,0.0,0.049,0.03273114190695998
2025-03-18 09:00:00,0.38,2.820913,2.440913,0.0,0.37016129,0.0,0.023,0.0
2025-03-18 10:00:00,0.1,5.582517,7.923430000000001,0.0,0.37016129,0.0,0.016,0.0
2025-03-18 11:00:00,0.3298923076923077,5.75,13.343537692307692,0.0,0.37016129,0.0,0.019,0.0
2025-03-18 12:00:00,0.3298923076923077,5.75,13.5,0.0,0.37016129,5.420107692307692,0.015,-0.08130161538461537
2025-03-18 13:00:00,0.3298923076923077,3.496599,13.5,0.0,0.37016129,3.166706692307692,0.018,-0.05700072046153845
2025-03-18 14:00:00,0.1,1.971121,13.5,0.0,0.37016129,1.8711209999999998,0.021,-0.039293541
2025-03-18 15:00:00,0.1,1.165254,13.5,0.0,0.38016129,1.065254,0.017,-0.018109318
2025-03-18 16:00:00,0.1,0.513378,13.5,0.0,0.40016129,0.413378,0.028,-0.011574584
2025-03-18 17:00:00,0.7526827586206897,0.731494,13.47881124137931,0.0,0.40016129,0.0,0.064,0.0
2025-03-18 18:00:00,0.9326827586206896,0.0,12.54612848275862,0.0,0.40016129,0.0,0.082,0.0
2025-03-18 19:00:00,0.31,0.0,12.23612848275862,0.0,0.40016129,0.0,0.081,0.0
2025-03-18 20:00:00,0.33,0.0,11.90612848275862,0.0,0.40016129,0.0,0.077,0.0
2025-03-18 21:00:00,0.15,0.0,11.75612848275862,0.0,0.38016129,0.0,0.081,0.0
2025-03-18 22:00:00,0.25,0.0,11.50612848275862,0.0,0.38016129,0.0,0.069,0.0
2025-03-18 23:00:00,0.79,0.0,10.71612848275862,0.0,0.38016129,0.0,0.067,0.0
2025-03-19 00:00:00,1.04,0.0,9.67612848275862,0.0,0.37016129,0.0,0.069,0.0
2025-03-19 01:00:00,0.7000000000000001,0.0,8.976128482758622,0.0,0.37016129,0.0,0.069,0.0
2025-03-19 02:00:00,1.2,0.0,7.776128482758621,0.0,0.37016129,0.0,0.068,0.0
2025-03-19 03:00:00,1.5299999999999998,0.0,6.246128482758621,0.0,0.37016129,0.0,0.067,0.0
2025-03-19 04:00:00,1.13,0.0,5.116128482758621,0.0,0.37016129,0.0,0.068,0.0
2025-03-19 05:00:00,1.35,0.0,3.766128482758621,0.0,0.37016129,0.0,0.071,0.0
2025-03-19 06:00:00,1.14,0.0,2.626128482758621,0.0,0.37016129,0.0,0.072,0.0
2025-03-19 07:00:00,1.02,0.086122,1.692250482758621,0.0,0.37016129,0.0,0.07,0.0
2025-03-19 08:00:00,0.93,1.1483420000000002,1.9105924827586216,0.0,0.37016129,0.0,0.049,0.0
2025-03-19 09:00:00,0.65,3.588033,4.848625482758621,0.0,0.37016129,0.0,0.023,0.0
2025-03-19 10:00:00,2.4,3.663082,6.111707482758621,0.0,0.37016129,0.0,0.016,0.0
2025-03-19 11:00:00,2.6298923076923075,4.434071,7.915886175066314,0.0,0.37016129,0.0,0.019,0.0
2025-03-19 12:00:00,2.6298923076923075,1.4954770000000002,6.781470867374006,0.0,0.37016129,0.0,0.015,0.0
2025-03-19 13:00:00,2.6198923076923073,2.163919,6.325497559681699,0.0,0.37016129,0.0,0.018,0.0
2025-03-19 14:00:00,2.3899999999999997,1.827009,5.762506559681699,0.0,0.37016129,0.0,0.021,0.0
2025-03-19 15:00:00,0.1,2.367816,8.0303225596817,0.0,0.38016129,0.0,0.017,0.0
2025-03-19 16:00:00,0.1,0.986207,8.9165295596817,0.0,0.40016129,0.0,0.028,0.0
2025-03-19 17:00:00,0.7726827586206897,0.16513,8.30897680106101,0.0,0.40016129,0.0,0.064,0.0
2025-03-19 18:00:00,2.5326827586206897,0.0,5.7762940424403215,0.0,0.40016129,0.0,0.082,0.0
2025-03-19 19:00:00,1.03,0.0,4.746294042440321,0.0,0.40016129,0.0,0.081,0.0
2025-03-19 20:00:00,0.67,0.0,4.076294042440321,0.0,0.40016129,0.0,0.077,0.0
2025-03-19 21:00:00,0.2,0.0,3.876294042440321,0.0,0.38016129,0.0,0.081,0.0
2025-03-19 22:00:00,0.16,0.0,3.716294042440321,0.0,0.38016129,0.0,0.069,0.0
2025-03-19 23:00:00,0.11,0.0,3.606294042440321,0.0,0.38016129,0.0,0.067,0.0
2025-03-20 00:00:00,0.5,0.0,3.106294042440321,0.0,0.37016129,0.0,0.069,0.0
2025-03-20 01:00:00,1.0,0.0,2.106294042440321,0.0,0.37016129,0.0,0.069,0.0
2025-03-20 02:00:00,0.55,0.0,1.556294042440321,0.0,0.37016129,0.0,0.068,0.0
2025-03-20 03:00:00,1.09,0.0,0.466294042440321,0.0,0.37016129,0.0,0.067,0.0
2025-03-20 04:00:00,1.17,0.0,0.0,0.7037059575596789,0.37016129,0.0,0.068,0.260484705030976
2025-03-20 05:00:00,0.88,0.0,0.0,0.88,0.37016129,0.0,0.071,0.3257419352
2025-03-20 06:00:00,1.41,0.0,0.0,1.41,0.37016129,0.0,0.072,0.5219274188999999
2025-03-20 07:00:00,1.09,0.024839,0.0,1.065161,0.37016129,0.0,0.07,0.39428136981768996
2025-03-20 08:00:00,0.14,0.168594,0.0285939999999999,0.0,0.37016129,0.0,0.049,0.0
2025-03-20 09:00:00,0.14,0.397184,0.285778,0.0,0.37016129,0.0,0.023,0.0
2025-03-20 10:00:00,0.13,1.475073,1.6308510000000005,0.0,0.37016129,0.0,0.016,0.0
2025-03-20 11:00:00,0.3698923076923077,2.346445,3.6074036923076926,0.0,0.37016129,0.0,0.019,0.0
2025-03-20 12:00:00,0.3598923076923077,4.142771,7.390282384615385,0.0,0.37016129,0.0,0.015,0.0
2025-03-20 13:00:00,0.3698923076923077,5.75,12.770390076923078,0.0,0.37016129,0.0,0.018,0.0
2025-03-20 14:00:00,0.15,5.293207000000001,13.5,0.0,0.37016129,5.143207,0.021,-0.10800734700000002
2025-03-20 15:00:00,0.14,4.166575,13.5,0.0,0.38016129,4.026575,0.017,-0.068451775
2025-03-20 16:00:00,0.15,1.779405,13.5,0.0,0.40016129,1.629405,0.028,-0.04562334
2025-03-20 17:00:00,0.8026827586206897,0.745423,13.44274024137931,0.0,0.40016129,0.0,0.064,0.0
2025-03-20 18:00:00,0.9526827586206896,0.0,12.49005748275862,0.0,0.40016129,0.0,0.082,0.0
2025-03-20 19:00:00,0.27,0.0,12.22005748275862,0.0,0.40016129,0.0,0.081,0.0
2025-03-20 20:00:00,0.19,0.0,12.030057482758622,0.0,0.40016129,0.0,0.077,0.0
2025-03-20 21:00:00,0.15,0.0,11.88005748275862,0.0,0.38016129,0.0,0.081,0.0
2025-03-20 22:00:00,0.15,0.0,11.73005748275862,0.0,0.38016129,0.0,0.069,0.0
2025-03-20 23:00:00,0.1,0.0,11.63005748275862,0.0,0.38016129,0.0,0.067,0.0
2025-03-21 00:00:00,0.97,0.0,10.66005748275862,0.0,0.37016129,0.0,0.069,0.0
2025-03-21 01:00:00,0.68,0.0,9.98005748275862,0.0,0.37016129,0.0,0.069,0.0
2025-03-21 02:00:00,0.98,0.0,9.00005748275862,0.0,0.37016129,0.0,0.068,0.0
2025-03-21 03:00:00,1.08,0.0,7.9200574827586205,0.0,0.37016129,0.0,0.067,0.0
2025-03-21 04:00:00,1.02,0.0,6.900057482758621,0.0,0.37016129,0.0,0.068,0.0
2025-03-21 05:00:00,1.1,0.0,5.800057482758621,0.0,0.37016129,0.0,0.071,0.0
2025-03-21 06:00:00,1.22,0.046993,4.627050482758621,0.0,0.37016129,0.0,0.072,0.0
2025-03-21 07:00:00,1.14,1.4863810000000002,4.973431482758621,0.0,0.37016129,0.0,0.07,0.0
2025-03-21 08:00:00,0.5700000000000001,3.3230999999999997,7.726531482758621,0.0,0.37016129,0.0,0.049,0.0
2025-03-21 09:00:00,0.43,4.708711,12.00524248275862,0.0,0.37016129,0.0,0.023,0.0
2025-03-21 10:00:00,2.69,5.651504,13.5,0.0,0.37016129,2.961504,0.016,-0.047384064000000004
2025-03-21 11:00:00,2.6198923076923073,5.75,13.5,0.0,0.37016129,3.1301076923076927,0.019,-0.05947204615384616
2025-03-21 12:00:00,2.6298923076923075,5.75,13.5,0.0,0.37016129,3.1201076923076925,0.015,-0.046801615384615386
2025-03-21 13:00:00,2.6298923076923075,5.75,13.5,0.0,0.37016129,3.1201076923076925,0.018,-0.05616193846153846
2025-03-21 14:00:00,2.4,5.26539,13.5,0.0,0.37016129,2.86539,0.021,-0.06017319000000001
2025-03-21 15:00:00,0.1,4.16841,13.5,0.0,0.38016129,4.06841,0.017,-0.06916297
2025-03-21 16:00:00,0.11,2.587896,13.5,0.0,0.40016129,2.4778960000000003,0.028,-0.06938108800000001
2025-03-21 17:00:00,0.7726827586206897,0.749639,13.47695624137931,0.0,0.40016129,0.0,0.064,0.0
2025-03-21 18:00:00,1.71268275862069,0.0,11.76427348275862,0.0,0.40016129,0.0,0.082,0.0
2025-03-21 19:00:00,0.3,0.0,11.46427348275862,0.0,0.40016129,0.0,0.081,0.0
2025-03-21 20:00:00,0.4,0.0,11.06427348275862,0.0,0.40016129,0.0,0.077,0.0
2025-03-21 21:00:00,0.88,0.0,10.184273482758618,0.0,0.38016129,0.0,0.081,0.0
2025-03-21 22:00:00,0.6199999999999999,0.0,9.56427348275862,0.0,0.38016129,0.0,0.069,0.0
2025-03-21 23:00:00,0.11,0.0,9.45427348275862,0.0,0.38016129,0.0,0.067,0.0
2025-03-22 00:00:00,0.11,0.0,9.34427348275862,0.0,0.37016129,0.0,0.069,0.0
2025-03-22 01:00:00,0.1,0.0,9.24427348275862,0.0,0.37016129,0.0,0.069,0.0
2025-03-22 02:00:00,0.11,0.0,9.13427348275862,0.0,0.37016129,0.0,0.068,0.0
2025-03-22 03:00:00,0.99,0.0,8.14427348275862,0.0,0.37016129,0.0,0.067,0.0
2025-03-22 04:00:00,0.49,0.0,7.6542734827586205,0.0,0.37016129,0.0,0.068,0.0
2025-03-22 05:00:00,0.71,0.0,6.9442734827586206,0.0,0.37016129,0.0,0.071,0.0
2025-03-22 06:00:00,1.13,0.06171,5.87598348275862,0.0,0.37016129,0.0,0.072,0.0
2025-03-22 07:00:00,0.59,1.551959,6.837942482758621,0.0,0.37016129,0.0,0.07,0.0
2025-03-22 08:00:00,0.62,3.34627,9.56421248275862,0.0,0.37016129,0.0,0.049,0.0
2025-03-22 09:00:00,0.22,4.641885,13.5,0.0,0.37016129,4.4218850000000005,0.023,-0.10170335500000001
2025-03-22 10:00:00,2.53,5.450997999999999,13.5,0.0,0.37016129,2.9209979999999995,0.016,-0.046735967999999996
2025-03-22 11:00:00,2.7869102564102564,5.75,13.5,0.0,0.37016129,2.9630897435897436,0.019,-0.056298705128205125
2025-03-22 12:00:00,2.9569102564102563,4.095199,13.5,0.0,0.37016129,1.1382887435897437,0.015,-0.017074331153846156
2025-03-22 13:00:00,3.026910256410257,5.731885,13.5,0.0,0.37016129,2.704974743589743,0.018,-0.048689545384615375
2025-03-22 14:00:00,2.63,5.1039769999999995,13.5,0.0,0.37016129,2.4739769999999996,0.021,-0.051953517
2025-03-22 15:00:00,0.11,4.060945,13.5,0.0,0.38016129,3.9509450000000004,0.017,-0.06716606500000001
2025-03-22 16:00:00,0.19,2.539205,13.5,0.0,0.40016129,2.349205,0.028,-0.06577774
2025-03-22 17:00:00,1.2184693486590037,0.6213350000000001,12.902865651340996,0.0,0.40016129,0.0,0.064,0.0
2025-03-22 18:00:00,2.5084693486590037,0.0,10.394396302681992,0.0,0.40016129,0.0,0.082,0.0
2025-03-22 19:00:00,0.48,0.0,9.914396302681991,0.0,0.40016129,0.0,0.081,0.0
2025-03-22 20:00:00,0.23,0.0,9.684396302681993,0.0,0.40016129,0.0,0.077,0.0
2025-03-22 21:00:00,0.12,0.0,9.564396302681992,0.0,0.38016129,0.0,0.081,0.0
2025-03-22 22:00:00,0.1,0.0,9.464396302681992,0.0,0.38016129,0.0,0.069,0.0
2025-03-22 23:00:00,0.46,0.0,9.004396302681991,0.0,0.38016129,0.0,0.067,0.0
2025-03-23 00:00:00,0.49,0.0,8.514396302681991,0.0,0.37016129,0.0,0.069,0.0
2025-03-23 01:00:00,0.99,0.0,7.524396302681991,0.0,0.37016129,0.0,0.069,0.0
2025-03-23 02:00:00,0.56,0.0,6.96439630268199,0.0,0.37016129,0.0,0.068,0.0
2025-03-23 03:00:00,0.94,0.0,6.024396302681991,0.0,0.37016129,0.0,0.067,0.0
2025-03-23 04:00:00,1.02,0.0,5.004396302681991,0.0,0.37016129,0.0,0.068,0.0
2025-03-23 05:00:00,0.56,0.0,4.444396302681991,0.0,0.37016129,0.0,0.071,0.0
2025-03-23 06:00:00,1.26,0.062465,3.2468613026819906,0.0,0.37016129,0.0,0.072,0.0
2025-03-23 07:00:00,0.63,1.509113,4.125974302681991,0.0,0.37016129,0.0,0.07,0.0
2025-03-23 08:00:00,1.59,3.238431,5.77440530268199,0.0,0.37016129,0.0,0.049,0.0
2025-03-23 09:00:00,0.29,4.499604000000001,9.98400930268199,0.0,0.37016129,0.0,0.023,0.0
2025-03-23 10:00:00,2.61,5.330325,12.70433430268199,0.0,0.37016129,0.0,0.016,0.0
2025-03-23 11:00:00,3.966910256410256,5.75,13.5,0.0,0.37016129,1.783089743589744,0.019,-0.033878705128205136
2025-03-23 12:00:00,3.386910256410256,5.75,13.5,0.0,0.37016129,2.363089743589744,0.015,-0.03544634615384616
2025-03-23 13:00:00,2.896910256410256,5.676806,13.5,0.0,0.37016129,2.7798957435897442,0.018,-0.05003812338461539
2025-03-23 14:00:00,2.55,5.069778,13.5,0.0,0.37016129,2.5197780000000005,0.021,-0.05291533800000001
2025-03-23 15:00:00,0.36,3.970817,13.5,0.0,0.38016129,3.610817,0.017,-0.061383889000000004
2025-03-23 16:00:00,0.14,2.4565189999999997,13.5,0.0,0.40016129,2.3165189999999996,0.028,-0.06486253199999999
2025-03-23 17:00:00,1.3384693486590038,0.690407,12.851937651340997,0.0,0.40016129,0.0,0.064,0.0
2025-03-23 18:00:00,1.3284693486590038,0.0,11.523468302681993,0.0,0.40016129,0.0,0.082,0.0
2025-03-23 19:00:00,0.27,0.0,11.253468302681991,0.0,0.40016129,0.0,0.081,0.0
2025-03-23 20:00:00,0.19,0.0,11.063468302681994,0.0,0.40016129,0.0,0.077,0.0
2025-03-23 21:00:00,0.26,0.0,10.803468302681994,0.0,0.38016129,0.0,0.081,0.0
2025-03-23 22:00:00,0.14,0.0,10.663468302681991,0.0,0.38016129,0.0,0.069,0.0
2025-03-23 23:00:00,0.1,0.0,10.563468302681994,0.0,0.38016129,0.0,0.067,0.0
2025-03-24 00:00:00,0.1,0.0,10.463468302681994,0.0,0.37016129,0.0,0.069,0.0
2025-03-24 01:00:00,0.98,0.0,9.483468302681992,0.0,0.37016129,0.0,0.069,0.0
2025-03-24 02:00:00,0.54,0.0,8.943468302681993,0.0,0.37016129,0.0,0.068,0.0
2025-03-24 03:00:00,0.78,0.0,8.163468302681993,0.0,0.37016129,0.0,0.067,0.0
2025-03-24 04:00:00,0.55,0.0,7.613468302681993,0.0,0.37016129,0.0,0.068,0.0
2025-03-24 05:00:00,0.7,0.0,6.913468302681993,0.0,0.37016129,0.0,0.071,0.0
2025-03-24 06:00:00,0.67,0.0,6.243468302681993,0.0,0.37016129,0.0,0.072,0.0
2025-03-24 07:00:00,0.2299999999999999,0.377061,6.390529302681993,0.0,0.37016129,0.0,0.07,0.0
2025-03-24 08:00:00,0.1699999999999999,0.5707949999999999,6.791324302681993,0.0,0.37016129,0.0,0.049,0.0
2025-03-24 09:00:00,0.21,0.7361599999999999,7.317484302681993,0.0,0.37016129,0.0,0.023,0.0
2025-03-24 10:00:00,0.16,1.625453,8.782937302681994,0.0,0.37016129,0.0,0.016,0.0
2025-03-24 11:00:00,0.5369102564102565,2.067127,10.313154046271736,0.0,0.37016129,0.0,0.019,0.0
2025-03-24 12:00:00,0.5569102564102565,2.3190340000000003,12.07527778986148,0.0,0.37016129,0.0,0.015,0.0
2025-03-24 13:00:00,0.5469102564102565,2.28435,13.5,0.0,0.37016129,1.7374397435897433,0.018,-0.031273915384615374
2025-03-24 14:00:00,0.15,1.293208,13.5,0.0,0.37016129,1.143208,0.021,-0.024007368
2025-03-24 15:00:00,0.15,1.40415,13.5,0.0,0.38016129,1.25415,0.017,-0.021320550000000004
2025-03-24 16:00:00,0.14,0.530931,13.5,0.0,0.40016129,0.39093100000000003,0.028,-0.010946068000000002
2025-03-24 17:00:00,1.208469348659004,0.17199,12.463520651340996,0.0,0.40016129,0.0,0.064,0.0
2025-03-24 18:00:00,1.2184693486590037,0.0,11.245051302681992,0.0,0.40016129,0.0,0.082,0.0
2025-03-24 19:00:00,0.34,0.0,10.905051302681994,0.0,0.40016129,0.0,0.081,0.0
2025-03-24 20:00:00,0.29,0.0,10.615051302681994,0.0,0.40016129,0.0,0.077,0.0
2025-03-24 21:00:00,0.95,0.0,9.665051302681997,0.0,0.38016129,0.0,0.081,0.0
2025-03-24 22:00:00,1.17,0.0,8.495051302681995,0.0,0.38016129,0.0,0.069,0.0
2025-03-24 23:00:00,1.13,0.0,7.365051302681995,0.0,0.38016129,0.0,0.067,0.0
2025-03-25 00:00:00,1.08,0.0,6.285051302681995,0.0,0.37016129,0.0,0.069,0.0
2025-03-25 01:00:00,1.06,0.0,5.225051302681996,0.0,0.37016129,0.0,0.069,0.0
2025-03-25 02:00:00,1.07,0.0,4.155051302681995,0.0,0.37016129,0.0,0.068,0.0
2025-03-25 03:00:00,1.09,0.0,3.065051302681995,0.0,0.37016129,0.0,0.067,0.0
2025-03-25 04:00:00,1.08,0.0,1.9850513026819951,0.0,0.37016129,0.0,0.068,0.0
2025-03-25 05:00:00,1.08,0.0,0.9050513026819952,0.0,0.37016129,0.0,0.071,0.0
2025-03-25 06:00:00,1.07,0.0114019999999999,0.0,0.15354669731800497,0.37016129,0.0,0.072,0.05683704355447226
2025-03-25 07:00:00,1.2,0.629332,0.0,0.570668,0.37016129,0.0,0.07,0.21123920304171998
2025-03-25 08:00:00,0.15,2.039,1.889,0.0,0.37016129,0.0,0.049,0.0
2025-03-25 09:00:00,0.11,3.06214,4.84114,0.0,0.37016129,0.0,0.023,0.0
2025-03-25 10:00:00,0.1,3.709907,8.451047,0.0,0.37016129,0.0,0.016,0.0
2025-03-25 11:00:00,0.3901826923076923,3.5847710000000004,11.64563530769231,0.0,0.37016129,0.0,0.019,0.0
2025-03-25 12:00:00,0.4001826923076923,3.613562,13.5,0.0,0.37016129,3.213379307692308,0.015,-0.048200689615384616
2025-03-25 13:00:00,0.4001826923076923,2.942972,13.5,0.0,0.37016129,2.542789307692308,0.018,-0.04577020753846154
2025-03-25 14:00:00,0.1,1.353858,13.5,0.0,0.37016129,1.253858,0.021,-0.026331018
2025-03-25 15:00:00,0.11,2.019957,13.5,0.0,0.38016129,1.9099569999999997,0.017,-0.032469268999999995
2025-03-25 16:00:00,0.12,0.6826660000000001,13.5,0.0,0.40016129,0.5626660000000001,0.028,-0.015754648000000003
2025-03-25 17:00:00,1.0138520114942529,0.438225,12.924372988505748,0.0,0.40016129,0.0,0.064,0.0
2025-03-25 18:00:00,2.9838520114942533,0.0,9.940520977011492,0.0,0.40016129,0.0,0.082,0.0
2025-03-25 19:00:00,0.16,0.0,9.780520977011491,0.0,0.40016129,0.0,0.081,0.0
2025-03-25 20:00:00,0.14,0.0,9.640520977011493,0.0,0.40016129,0.0,0.077,0.0
2025-03-25 21:00:00,0.2,0.0,9.440520977011492,0.0,0.38016129,0.0,0.081,0.0
2025-03-25 22:00:00,0.1699999999999999,0.0,9.270520977011492,0.0,0.38016129,0.0,0.069,0.0
2025-03-25 23:00:00,0.1,0.0,9.170520977011494,0.0,0.38016129,0.0,0.067,0.0
2025-03-26 00:00:00,0.1,0.0,9.070520977011494,0.0,0.37016129,0.0,0.069,0.0
2025-03-26 01:00:00,0.1,0.0,8.970520977011494,0.0,0.37016129,0.0,0.069,0.0
2025-03-26 02:00:00,0.1,0.0,8.870520977011495,0.0,0.37016129,0.0,0.068,0.0
2025-03-26 03:00:00,0.1,0.0,8.770520977011495,0.0,0.37016129,0.0,0.067,0.0
2025-03-26 04:00:00,0.1,0.0,8.670520977011495,0.0,0.37016129,0.0,0.068,0.0
2025-03-26 05:00:00,0.1,0.0,8.570520977011496,0.0,0.37016129,0.0,0.071,0.0
2025-03-26 06:00:00,0.11,0.111599,8.572119977011496,0.0,0.37016129,0.0,0.072,0.0
2025-03-26 07:00:00,0.19,0.648783,9.030902977011497,0.0,0.37016129,0.0,0.07,0.0
2025-03-26 08:00:00,0.1699999999999999,1.40003,10.260932977011496,0.0,0.37016129,0.0,0.049,0.0
2025-03-26 09:00:00,0.17,1.842572,11.933504977011497,0.0,0.37016129,0.0,0.023,0.0
2025-03-26 10:00:00,2.44,1.838931,11.332435977011496,0.0,0.37016129,0.0,0.016,0.0
2025-03-26 11:00:00,2.770182692307692,2.24576,10.808013284703804,0.0,0.37016129,0.0,0.019,0.0
2025-03-26 12:00:00,2.740182692307692,1.434685,9.502515592396112,0.0,0.37016129,0.0,0.015,0.0
2025-03-26 13:00:00,2.750182692307692,1.988121,8.740453900088418,0.0,0.37016129,0.0,0.018,0.0
2025-03-26 14:00:00,2.4499999999999997,0.222079,6.512532900088418,0.0,0.37016129,0.0,0.021,0.0
2025-03-26 15:00:00,0.14,0.5782759999999999,6.950808900088418,0.0,0.38016129,0.0,0.017,0.0
2025-03-26 16:00:00,0.19,0.3473039999999999,7.108112900088418,0.0,0.40016129,0.0,0.028,0.0
2025-03-26 17:00:00,0.9738520114942528,0.751445,6.885705888594165,0.0,0.40016129,0.0,0.064,0.0
2025-03-26 18:00:00,2.243852011494253,0.0,4.641853877099912,0.0,0.40016129,0.0,0.082,0.0
2025-03-26 19:00:00,0.73,0.0,3.911853877099912,0.0,0.40016129,0.0,0.081,0.0
2025-03-26 20:00:00,0.29,0.0,3.621853877099912,0.0,0.40016129,0.0,0.077,0.0
2025-03-26 21:00:00,0.15,0.0,3.471853877099912,0.0,0.38016129,0.0,0.081,0.0
2025-03-26 22:00:00,0.13,0.0,3.341853877099912,0.0,0.38016129,0.0,0.069,0.0
2025-03-26 23:00:00,0.1,0.0,3.241853877099912,0.0,0.38016129,0.0,0.067,0.0
2025-03-27 00:00:00,0.1,0.0,3.141853877099912,0.0,0.37016129,0.0,0.069,0.0
2025-03-27 01:00:00,0.1,0.0,3.041853877099912,0.0,0.37016129,0.0,0.069,0.0
2025-03-27 02:00:00,0.1,0.0,2.941853877099912,0.0,0.37016129,0.0,0.068,0.0
2025-03-27 03:00:00,0.43,0.0,2.5118538770999117,0.0,0.37016129,0.0,0.067,0.0
2025-03-27 04:00:00,0.45,0.0,2.0618538770999115,0.0,0.37016129,0.0,0.068,0.0
2025-03-27 05:00:00,0.7,0.0,1.3618538770999116,0.0,0.37016129,0.0,0.071,0.0
2025-03-27 06:00:00,0.49,0.1475749999999999,1.0194288770999116,0.0,0.37016129,0.0,0.072,0.0
2025-03-27 07:00:00,0.5599999999999999,1.685626,2.145054877099912,0.0,0.37016129,0.0,0.07,0.0
2025-03-27 08:00:00,0.43,3.517018,5.232072877099911,0.0,0.37016129,0.0,0.049,0.0
2025-03-27 09:00:00,0.1,4.863411,9.995483877099913,0.0,0.37016129,0.0,0.023,0.0
2025-03-27 10:00:00,0.1,5.75,13.5,0.0,0.37016129,5.65,0.016,-0.09040000000000001
2025-03-27 11:00:00,0.3901826923076923,5.75,13.5,0.0,0.37016129,5.359817307692308,0.019,-0.10183652884615384
2025-03-27 12:00:00,0.4001826923076923,5.75,13.5,0.0,0.37016129,5.349817307692308,0.015,-0.08024725961538462
2025-03-27 13:00:00,0.3901826923076923,5.75,13.5,0.0,0.37016129,5.359817307692308,0.018,-0.09647671153846153
2025-03-27 14:00:00,0.1,5.345934000000001,13.5,0.0,0.37016129,5.245934000000001,0.021,-0.11016461400000002
2025-03-27 15:00:00,0.6799999999999999,4.081578,13.5,0.0,0.38016129,3.4015780000000007,0.017,-0.05782682600000002
2025-03-27 16:00:00,2.0700000000000003,2.424963,13.5,0.0,0.40016129,0.3549629999999997,0.028,-0.009938963999999991
2025-03-27 17:00:00,1.053852011494253,0.7038490000000001,13.149996988505746,0.0,0.40016129,0.0,0.064,0.0
2025-03-27 18:00:00,1.2138520114942528,0.0,11.936144977011494,0.0,0.40016129,0.0,0.082,0.0
2025-03-27 19:00:00,0.32,0.0,11.616144977011494,0.0,0.40016129,0.0,0.081,0.0
2025-03-27 20:00:00,0.53,0.0,11.086144977011497,0.0,0.40016129,0.0,0.077,0.0
2025-03-27 21:00:00,0.75,0.0,10.336144977011497,0.0,0.38016129,0.0,0.081,0.0
2025-03-27 22:00:00,0.52,0.0,9.816144977011495,0.0,0.38016129,0.0,0.069,0.0
2025-03-27 23:00:00,0.11,0.0,9.706144977011496,0.0,0.38016129,0.0,0.067,0.0
2025-03-28 00:00:00,0.1,0.0,9.606144977011496,0.0,0.37016129,0.0,0.069,0.0
2025-03-28 01:00:00,0.1,0.0,9.506144977011497,0.0,0.37016129,0.0,0.069,0.0
2025-03-28 02:00:00,0.77,0.0,8.736144977011497,0.0,0.37016129,0.0,0.068,0.0
2025-03-28 03:00:00,0.5599999999999999,0.0,8.176144977011496,0.0,0.37016129,0.0,0.067,0.0
2025-03-28 04:00:00,0.49,0.0,7.686144977011496,0.0,0.37016129,0.0,0.068,0.0
2025-03-28 05:00:00,0.5599999999999999,0.0,7.126144977011497,0.0,0.37016129,0.0,0.071,0.0
2025-03-28 06:00:00,0.8799999999999999,0.163298,6.409442977011497,0.0,0.37016129,0.0,0.072,0.0
2025-03-28 07:00:00,0.63,1.737286,7.516728977011497,0.0,0.37016129,0.0,0.07,0.0
2025-03-28 08:00:00,1.64,3.5880810000000003,9.464809977011498,0.0,0.37016129,0.0,0.049,0.0
2025-03-28 09:00:00,1.32,4.91096,13.055769977011495,0.0,0.37016129,0.0,0.023,0.0
2025-03-28 10:00:00,3.95,5.75,13.5,0.0,0.37016129,1.7999999999999998,0.016,-0.0288
2025-03-28 11:00:00,2.780182692307692,5.75,13.5,0.0,0.37016129,2.969817307692308,0.019,-0.05642652884615385
2025-03-28 12:00:00,3.380182692307692,5.75,13.5,0.0,0.37016129,2.369817307692308,0.015,-0.035547259615384616
2025-03-28 13:00:00,3.1601826923076923,5.75,13.5,0.0,0.37016129,2.5898173076923077,0.018,-0.04661671153846154
2025-03-28 14:00:00,2.4499999999999997,5.3111310000000005,13.5,0.0,0.37016129,2.8611310000000008,0.021,-0.06008375100000002
2025-03-28 15:00:00,0.14,4.159067,13.5,0.0,0.38016129,4.019067000000001,0.017,-0.06832413900000002
2025-03-28 16:00:00,0.15,2.584623,13.5,0.0,0.40016129,2.434623,0.028,-0.06816944400000001
2025-03-28 17:00:00,2.663852011494253,0.772116,11.608263988505747,0.0,0.40016129,0.0,0.064,0.0
2025-03-28 18:00:00,4.663852011494253,0.0,6.9444119770114945,0.0,0.40016129,0.0,0.082,0.0
2025-03-28 19:00:00,1.95,0.0,4.994411977011494,0.0,0.40016129,0.0,0.081,0.0
2025-03-28 20:00:00,1.61,0.0,3.384411977011494,0.0,0.40016129,0.0,0.077,0.0
2025-03-28 21:00:00,1.62,0.0,1.764411977011494,0.0,0.38016129,0.0,0.081,0.0
2025-03-28 22:00:00,3.07,0.0,0.0,1.3055880229885057,0.38016129,0.0,0.069,0.49633402702786
2025-03-28 23:00:00,2.56,0.0,0.0,2.56,0.38016129,0.0,0.067,0.9732129024
2025-03-29 00:00:00,2.0700000000000003,0.0,0.0,2.0700000000000003,0.37016129,0.0,0.069,0.7662338703
2025-03-29 01:00:00,2.1,0.0,0.0,2.1,0.37016129,0.0,0.069,0.777338709
2025-03-29 02:00:00,2.15,0.0,0.0,2.15,0.37016129,0.0,0.068,0.7958467734999999
2025-03-29 03:00:00,2.06,0.0,0.0,2.06,0.37016129,0.0,0.067,0.7625322574
2025-03-29 04:00:00,2.13,0.0,0.0,2.13,0.37016129,0.0,0.068,0.7884435476999999
2025-03-29 05:00:00,2.24,0.0,0.0,2.24,0.37016129,0.0,0.071,0.8291612896
2025-03-29 06:00:00,1.96,0.1753489999999999,0.0,1.784651,0.37016129,0.0,0.072,0.6606087163597899
2025-03-29 07:00:00,2.47,1.75559,0.0,0.7144100000000002,0.37016129,0.0,0.07,0.26444692718890006
2025-03-29 08:00:00,2.63,3.548364,0.918364,0.0,0.37016129,0.0,0.049,0.0
2025-03-29 09:00:00,1.92,4.778948000000001,3.7773120000000007,0.0,0.37016129,0.0,0.023,0.0
2025-03-29 10:00:00,3.939999999999999,5.6016639999999995,5.438976000000001,0.0,0.37016129,0.0,0.016,0.0
2025-03-29 11:00:00,4.010365384615385,5.75,7.178610615384616,0.0,0.37016129,0.0,0.019,0.0
2025-03-29 12:00:00,3.1103653846153847,5.4681880000000005,9.536433230769232,0.0,0.37016129,0.0,0.015,0.0
2025-03-29 13:00:00,3.200365384615385,5.1378900000000005,11.473957846153848,0.0,0.37016129,0.0,0.018,0.0
2025-03-29 14:00:00,2.63,4.315785,13.159742846153849,0.0,0.37016129,0.0,0.021,0.0
2025-03-29 15:00:00,0.49,4.037399,13.5,0.0,0.38016129,3.5473989999999995,0.017,-0.060305782999999995
2025-03-29 16:00:00,0.75,2.515002,13.5,0.0,0.40016129,1.765002,0.028,-0.049420056
2025-03-29 17:00:00,2.207704022988506,0.749986,12.042281977011497,0.0,0.40016129,0.0,0.064,0.0
2025-03-29 18:00:00,1.8777040229885056,0.0,10.16457795402299,0.0,0.40016129,0.0,0.082,0.0
2025-03-29 19:00:00,0.2299999999999999,0.0,9.93457795402299,0.0,0.40016129,0.0,0.081,0.0
2025-03-29 20:00:00,0.27,0.0,9.66457795402299,0.0,0.40016129,0.0,0.077,0.0
2025-03-29 21:00:00,0.14,0.0,9.52457795402299,0.0,0.38016129,0.0,0.081,0.0
2025-03-29 22:00:00,1.27,0.0,8.25457795402299,0.0,0.38016129,0.0,0.069,0.0
2025-03-29 23:00:00,1.05,0.0,7.20457795402299,0.0,0.38016129,0.0,0.067,0.0
2025-03-30 00:00:00,1.02,0.0,6.1845779540229895,0.0,0.37016129,0.0,0.069,0.0
2025-03-30 01:00:00,0.72,0.0,5.46457795402299,0.0,0.37016129,0.0,0.069,0.0
2025-03-30 02:00:00,1.0499999999999998,0.0,4.41457795402299,0.0,0.37016129,0.0,0.068,0.0
2025-03-30 03:00:00,0.78,0.0,3.6345779540229897,0.0,0.37016129,0.0,0.067,0.0
2025-03-30 04:00:00,0.83,0.0,2.8045779540229896,0.0,0.37016129,0.0,0.068,0.0
2025-03-30 05:00:00,1.07,0.0,1.7345779540229895,0.0,0.37016129,0.0,0.071,0.0
2025-03-30 06:00:00,1.02,0.183871,0.8984489540229895,0.0,0.37016129,0.0,0.072,0.0
2025-03-30 07:00:00,0.78,1.642303,1.7607519540229897,0.0,0.37016129,0.0,0.07,0.0
2025-03-30 08:00:00,1.04,3.300272,4.02102395402299,0.0,0.37016129,0.0,0.049,0.0
2025-03-30 09:00:00,0.52,4.477366,7.97838995402299,0.0,0.37016129,0.0,0.023,0.0
2025-03-30 10:00:00,3.33,5.336105,9.98449495402299,0.0,0.37016129,0.0,0.016,0.0
2025-03-30 11:00:00,3.0003653846153844,5.75,12.734129569407608,0.0,0.37016129,0.0,0.019,0.0
2025-03-30 12:00:00,3.0103653846153846,5.75,13.5,0.0,0.37016129,2.7396346153846154,0.015,-0.041094519230769226
2025-03-30 13:00:00,3.4603653846153843,5.737357,13.5,0.0,0.37016129,2.276991615384616,0.018,-0.040985849076923084
2025-03-30 14:00:00,2.4499999999999997,5.118141,13.5,0.0,0.37016129,2.668141,0.021,-0.056030961000000004
2025-03-30 15:00:00,0.13,3.3192109999999997,13.5,0.0,0.38016129,3.189211,0.017,-0.054216587000000004
2025-03-30 16:00:00,2.29,2.485915,13.5,0.0,0.40016129,0.19591499999999984,0.028,-0.005485619999999996
2025-03-30 17:00:00,4.317704022988506,0.744915,9.927210977011494,0.0,0.40016129,0.0,0.064,0.0
2025-03-30 18:00:00,2.997704022988506,0.0,6.9295069540229886,0.0,0.40016129,0.0,0.082,0.0
2025-03-30 19:00:00,0.29,0.0,6.6395069540229885,0.0,0.40016129,0.0,0.081,0.0
2025-03-30 20:00:00,0.54,0.0,6.0995069540229885,0.0,0.40016129,0.0,0.077,0.0
2025-03-30 21:00:00,0.18,0.0,5.919506954022989,0.0,0.38016129,0.0,0.081,0.0
2025-03-30 22:00:00,0.6900000000000001,0.0,5.229506954022988,0.0,0.38016129,0.0,0.069,0.0
2025-03-30 23:00:00,0.6400000000000001,0.0,4.589506954022989,0.0,0.38016129,0.0,0.067,0.0
2025-03-31 00:00:00,0.6600000000000001,0.0,3.929506954022989,0.0,0.37016129,0.0,0.069,0.0
2025-03-31 01:00:00,0.6000000000000001,0.0,3.3295069540229885,0.0,0.37016129,0.0,0.069,0.0
2025-03-31 02:00:00,0.53,0.0,2.7995069540229887,0.0,0.37016129,0.0,0.068,0.0
2025-03-31 03:00:00,0.55,0.0,2.249506954022989,0.0,0.37016129,0.0,0.067,0.0
2025-03-31 04:00:00,1.01,0.0,1.2395069540229888,0.0,0.37016129,0.0,0.068,0.0
2025-03-31 05:00:00,0.5900000000000001,0.0,0.6495069540229887,0.0,0.37016129,0.0,0.071,0.0
2025-03-31 06:00:00,0.3399999999999999,0.196507,0.5060139540229889,0.0,0.37016129,0.0,0.072,0.0
2025-03-31 07:00:00,0.79,1.646797,1.362810954022989,0.0,0.37016129,0.0,0.07,0.0
2025-03-31 08:00:00,0.14,3.3552310000000003,4.578041954022989,0.0,0.37016129,0.0,0.049,0.0
2025-03-31 09:00:00,0.54,4.610756,8.648797954022989,0.0,0.37016129,0.0,0.023,0.0
2025-03-31 10:00:00,0.47,5.490435000000001,13.5,0.0,0.37016129,5.020435000000001,0.016,-0.08032696000000002
2025-03-31 11:00:00,0.6973653846153847,5.75,13.5,0.0,0.37016129,5.052634615384616,0.019,-0.0960000576923077
2025-03-31 12:00:00,0.6673653846153846,5.75,13.5,0.0,0.37016129,5.082634615384615,0.015,-0.07623951923076921
2025-03-31 13:00:00,0.4273653846153847,4.88068,13.5,0.0,0.37016129,4.453314615384615,0.018,-0.08015966307692307
2025-03-31 14:00:00,0.14,4.0155,13.5,0.0,0.37016129,3.8755,0.021,-0.08138550000000001
2025-03-31 15:00:00,0.55,3.971309,13.5,0.0,0.38016129,3.421309,0.017,-0.058162253000000004
2025-03-31 16:00:00,0.14,2.3299540000000003,13.5,0.0,0.40016129,2.189954,0.028,-0.061318712000000004
2025-03-31 17:00:00,1.1358534482758622,0.1635569999999999,12.527703551724136,0.0,0.40016129,0.0,0.064,0.0
2025-03-31 18:00:00,1.1358534482758622,0.0,11.391850103448276,0.0,0.40016129,0.0,0.082,0.0
2025-03-31 19:00:00,0.27,0.0,11.121850103448276,0.0,0.40016129,0.0,0.081,0.0
2025-03-31 20:00:00,0.35,0.0,10.771850103448276,0.0,0.40016129,0.0,0.077,0.0
2025-03-31 21:00:00,0.76,0.0,10.011850103448277,0.0,0.38016129,0.0,0.081,0.0
2025-03-31 22:00:00,0.5,0.0,9.511850103448277,0.0,0.38016129,0.0,0.069,0.0
2025-03-31 23:00:00,0.11,0.0,9.401850103448275,0.0,0.38016129,0.0,0.067,0.0
2025-03-31 23:59:59,0.1,0.0,9.401850103448275,0.1,150.0,0.0,0.0,15.0
2025-04-01 00:00:00,0.1,0.0,9.301850103448276,0.0,0.370833333,0.0,0.075,0.0
2025-04-01 01:00:00,0.29,0.0,9.011850103448278,0.0,0.370833333,0.0,0.074,0.0
2025-04-01 02:00:00,0.7200000000000001,0.0,8.291850103448278,0.0,0.370833333,0.0,0.075,0.0
2025-04-01 03:00:00,0.78,0.0,7.511850103448277,0.0,0.370833333,0.0,0.074,0.0
2025-04-01 04:00:00,0.8899999999999999,0.0,6.621850103448278,0.0,0.370833333,0.0,0.071,0.0
2025-04-01 05:00:00,0.53,0.0,6.0918501034482775,0.0,0.370833333,0.0,0.073,0.0
2025-04-01 06:00:00,0.8799999999999999,0.22636,5.438210103448277,0.0,0.370833333,0.0,0.07,0.0
2025-04-01 07:00:00,0.59,1.715154,6.5633641034482775,0.0,0.370833333,0.0,0.065,0.0
2025-04-01 08:00:00,0.5599999999999999,3.504807,9.508171103448277,0.0,0.370833333,0.0,0.018,0.0
2025-04-01 09:00:00,0.48,4.830237,13.5,0.0,0.370833333,4.350237,0.011,-0.047852607
2025-04-01 10:00:00,0.48,5.75,13.5,0.0,0.370833333,5.27,0.01,-0.0527
2025-04-01 11:00:00,0.3973653846153847,5.75,13.5,0.0,0.370833333,5.352634615384615,0.011,-0.05887898076923077
2025-04-01 12:00:00,0.3973653846153847,5.75,13.5,0.0,0.370833333,5.352634615384615,0.012,-0.06423161538461539
2025-04-01 13:00:00,0.8273653846153848,5.75,13.5,0.0,0.370833333,4.922634615384615,0.008,-0.03938107692307692
2025-04-01 14:00:00,1.31,5.293443,13.5,0.0,0.370833333,3.983443,0.002,-0.007966886
2025-04-01 15:00:00,1.37,4.148335,13.5,0.0,0.380833333,2.778335,0.001,-0.0027783350000000003
2025-04-01 16:00:00,1.14,2.54633,13.5,0.0,0.400833333,1.4063300000000003,0.002,-0.0028126600000000007
2025-04-01 17:00:00,1.205853448275862,0.7612770000000001,13.055423551724138,0.0,0.400833333,0.0,0.011,0.0
2025-04-01 18:00:00,1.0758534482758622,0.0,11.979570103448276,0.0,0.400833333,0.0,0.081,0.0
2025-04-01 19:00:00,0.3,0.0,11.679570103448274,0.0,0.400833333,0.0,0.077,0.0
2025-04-01 20:00:00,0.84,0.0,10.839570103448274,0.0,0.400833333,0.0,0.071,0.0
2025-04-01 21:00:00,0.9,0.0,9.939570103448274,0.0,0.380833333,0.0,0.072,0.0
2025-04-01 22:00:00,0.4599999999999999,0.0,9.479570103448276,0.0,0.380833333,0.0,0.073,0.0
2025-04-01 23:00:00,0.84,0.0,8.639570103448275,0.0,0.380833333,0.0,0.071,0.0
2025-04-02 00:00:00,0.98,0.0,7.659570103448274,0.0,0.370833333,0.0,0.075,0.0
2025-04-02 01:00:00,1.22,0.0,6.439570103448275,0.0,0.370833333,0.0,0.074,0.0
2025-04-02 02:00:00,0.94,0.0,5.499570103448274,0.0,0.370833333,0.0,0.075,0.0
2025-04-02 03:00:00,1.25,0.0,4.249570103448274,0.0,0.370833333,0.0,0.074,0.0
2025-04-02 04:00:00,0.91,0.0,3.339570103448274,0.0,0.370833333,0.0,0.071,0.0
2025-04-02 05:00:00,1.41,0.0,1.9295701034482744,0.0,0.370833333,0.0,0.073,0.0
2025-04-02 06:00:00,1.19,0.135364,0.8749341034482743,0.0,0.370833333,0.0,0.07,0.0
2025-04-02 07:00:00,0.78,0.691117,0.7860511034482742,0.0,0.370833333,0.0,0.065,0.0
2025-04-02 08:00:00,0.42,3.325082,3.6911331034482746,0.0,0.370833333,0.0,0.018,0.0
2025-04-02 09:00:00,0.1,3.779335,7.370468103448275,0.0,0.370833333,0.0,0.011,0.0
2025-04-02 10:00:00,2.4,4.37002,9.340488103448276,0.0,0.370833333,0.0,0.01,0.0
2025-04-02 11:00:00,2.6873653846153847,5.0259480000000005,11.67907071883289,0.0,0.370833333,0.0,0.011,0.0
2025-04-02 12:00:00,2.6873653846153847,4.913612,13.5,0.0,0.370833333,2.226246615384615,0.012,-0.02671495938461538
2025-04-02 13:00:00,2.6873653846153847,4.510881,13.5,0.0,0.370833333,1.8235156153846157,0.008,-0.014588124923076927
2025-04-02 14:00:00,2.4099999999999997,3.731284,13.5,0.0,0.370833333,1.3212840000000003,0.002,-0.002642568000000001
2025-04-02 15:00:00,0.11,2.412148,13.5,0.0,0.380833333,2.3021480000000003,0.001,-0.0023021480000000004
2025-04-02 16:00:00,0.11,1.472668,13.5,0.0,0.400833333,1.362668,0.002,-0.002725336
2025-04-02 17:00:00,0.935853448275862,0.379481,12.943627551724138,0.0,0.400833333,0.0,0.011,0.0
2025-04-02 18:00:00,2.0558534482758626,0.0,10.887774103448276,0.0,0.400833333,0.0,0.081,0.0
2025-04-02 19:00:00,0.14,0.0,10.747774103448275,0.0,0.400833333,0.0,0.077,0.0
2025-04-02 20:00:00,0.13,0.0,10.617774103448276,0.0,0.400833333,0.0,0.071,0.0
2025-04-02 21:00:00,0.18,0.0,10.437774103448277,0.0,0.380833333,0.0,0.072,0.0
2025-04-02 22:00:00,0.13,0.0,10.307774103448274,0.0,0.380833333,0.0,0.073,0.0
2025-04-02 23:00:00,0.09,0.0,10.217774103448274,0.0,0.380833333,0.0,0.071,0.0
2025-04-03 00:00:00,0.94,0.0,9.277774103448277,0.0,0.370833333,0.0,0.075,0.0
2025-04-03 01:00:00,1.05,0.0,8.227774103448274,0.0,0.370833333,0.0,0.074,0.0
2025-04-03 02:00:00,1.34,0.0,6.887774103448274,0.0,0.370833333,0.0,0.075,0.0
2025-04-03 03:00:00,0.92,0.0,5.967774103448274,0.0,0.370833333,0.0,0.074,0.0
2025-04-03 04:00:00,1.08,0.0,4.887774103448274,0.0,0.370833333,0.0,0.071,0.0
2025-04-03 05:00:00,1.03,0.0,3.857774103448274,0.0,0.370833333,0.0,0.073,0.0
2025-04-03 06:00:00,1.08,0.051938,2.8297121034482737,0.0,0.370833333,0.0,0.07,0.0
2025-04-03 07:00:00,1.13,1.222823,2.922535103448274,0.0,0.370833333,0.0,0.065,0.0
2025-04-03 08:00:00,0.16,2.6173539999999997,5.379889103448273,0.0,0.370833333,0.0,0.018,0.0
2025-04-03 09:00:00,0.16,3.364391,8.584280103448274,0.0,0.370833333,0.0,0.011,0.0
2025-04-03 10:00:00,0.14,4.806564000000001,13.250844103448276,0.0,0.370833333,0.0,0.01,0.0
2025-04-03 11:00:00,0.4273653846153847,4.992087000000001,13.5,0.0,0.370833333,4.564721615384616,0.011,-0.05021193776923077
2025-04-03 12:00:00,0.4473653846153846,5.75,13.5,0.0,0.370833333,5.302634615384616,0.012,-0.06363161538461538
2025-04-03 13:00:00,0.5373653846153847,4.666441,13.5,0.0,0.370833333,4.129075615384615,0.008,-0.03303260492307692
2025-04-03 14:00:00,0.19,4.894473,13.5,0.0,0.370833333,4.704472999999999,0.002,-0.009408945999999998
2025-04-03 15:00:00,0.18,1.488421,13.5,0.0,0.380833333,1.308421,0.001,-0.0013084210000000001
2025-04-03 16:00:00,0.14,0.5561269999999999,13.5,0.0,0.400833333,0.4161269999999999,0.002,-0.0008322539999999998
2025-04-03 17:00:00,0.925853448275862,0.284963,12.859109551724138,0.0,0.400833333,0.0,0.011,0.0
2025-04-03 18:00:00,1.1758534482758622,0.0,11.683256103448276,0.0,0.400833333,0.0,0.081,0.0
2025-04-03 19:00:00,0.15,0.0,11.533256103448275,0.0,0.400833333,0.0,0.077,0.0
2025-04-03 20:00:00,0.18,0.0,11.353256103448276,0.0,0.400833333,0.0,0.071,0.0
2025-04-03 21:00:00,0.16,0.0,11.193256103448276,0.0,0.380833333,0.0,0.072,0.0
2025-04-03 22:00:00,0.11,0.0,11.083256103448276,0.0,0.380833333,0.0,0.073,0.0
2025-04-03 23:00:00,0.12,0.0,10.963256103448275,0.0,0.380833333,0.0,0.071,0.0
2025-04-04 00:00:00,0.1,0.0,10.863256103448276,0.0,0.370833333,0.0,0.075,0.0
2025-04-04 01:00:00,0.6000000000000001,0.0,10.263256103448278,0.0,0.370833333,0.0,0.074,0.0
2025-04-04 02:00:00,0.92,0.0,9.343256103448278,0.0,0.370833333,0.0,0.075,0.0
2025-04-04 03:00:00,0.86,0.0,8.483256103448278,0.0,0.370833333,0.0,0.074,0.0
2025-04-04 04:00:00,0.98,0.0,7.503256103448278,0.0,0.370833333,0.0,0.071,0.0
2025-04-04 05:00:00,1.12,0.0,6.383256103448278,0.0,0.370833333,0.0,0.073,0.0
2025-04-04 06:00:00,1.04,0.258963,5.602219103448277,0.0,0.370833333,0.0,0.07,0.0
2025-04-04 07:00:00,0.52,1.790031,6.872250103448277,0.0,0.370833333,0.0,0.065,0.0
2025-04-04 08:00:00,0.41,3.567942,10.030192103448275,0.0,0.370833333,0.0,0.018,0.0
2025-04-04 09:00:00,0.09,4.914745,13.5,0.0,0.370833333,4.824745,0.011,-0.053072194999999996
2025-04-04 10:00:00,2.4,5.75,13.5,0.0,0.370833333,3.35,0.01,-0.0335
2025-04-04 11:00:00,2.6845480769230767,5.75,13.5,0.0,0.370833333,3.0654519230769233,0.011,-0.03371997115384615
2025-04-04 12:00:00,2.674548076923077,5.75,13.5,0.0,0.370833333,3.075451923076923,0.012,-0.03690542307692308
2025-04-04 13:00:00,2.694548076923077,5.75,13.5,0.0,0.370833333,3.055451923076923,0.008,-0.024443615384615383
2025-04-04 14:00:00,2.42,5.4320200000000005,13.5,0.0,0.370833333,3.0120200000000006,0.002,-0.006024040000000001
2025-04-04 15:00:00,0.19,4.249473,13.5,0.0,0.380833333,4.059473,0.001,-0.004059473
2025-04-04 16:00:00,0.18,2.6103539999999996,13.5,0.0,0.400833333,2.4303539999999995,0.002,-0.004860707999999999
2025-04-04 17:00:00,0.9578548850574712,0.7868590000000001,13.32900411494253,0.0,0.400833333,0.0,0.011,0.0
2025-04-04 18:00:00,1.2178548850574713,0.0,12.111149229885058,0.0,0.400833333,0.0,0.081,0.0
2025-04-04 19:00:00,0.26,0.0,11.851149229885058,0.0,0.400833333,0.0,0.077,0.0
2025-04-04 20:00:00,0.24,0.0,11.611149229885058,0.0,0.400833333,0.0,0.071,0.0
2025-04-04 21:00:00,0.74,0.0,10.871149229885058,0.0,0.380833333,0.0,0.072,0.0
2025-04-04 22:00:00,0.1,0.0,10.771149229885058,0.0,0.380833333,0.0,0.073,0.0
2025-04-04 23:00:00,0.1,0.0,10.671149229885058,0.0,0.380833333,0.0,0.071,0.0
2025-04-05 00:00:00,0.1,0.0,10.57114922988506,0.0,0.370833333,0.0,0.075,0.0
2025-04-05 01:00:00,0.1,0.0,10.47114922988506,0.0,0.370833333,0.0,0.074,0.0
2025-04-05 02:00:00,0.1,0.0,10.37114922988506,0.0,0.370833333,0.0,0.075,0.0
2025-04-05 03:00:00,0.1,0.0,10.27114922988506,0.0,0.370833333,0.0,0.074,0.0
2025-04-05 04:00:00,0.22,0.0,10.05114922988506,0.0,0.370833333,0.0,0.071,0.0
2025-04-05 05:00:00,0.8200000000000001,0.0,9.23114922988506,0.0,0.370833333,0.0,0.073,0.0
2025-04-05 06:00:00,0.58,0.270034,8.92118322988506,0.0,0.370833333,0.0,0.07,0.0
2025-04-05 07:00:00,0.93,1.850382,9.84156522988506,0.0,0.370833333,0.0,0.065,0.0
2025-04-05 08:00:00,0.33,3.676442,13.18800722988506,0.0,0.370833333,0.0,0.018,0.0
2025-04-05 09:00:00,0.5900000000000001,5.012359,13.5,0.0,0.370833333,4.422359,0.011,-0.048645949
2025-04-05 10:00:00,2.65,5.75,13.5,0.0,0.370833333,3.1,0.01,-0.031000000000000003
2025-04-05 11:00:00,2.6845480769230767,5.75,13.5,0.0,0.370833333,3.0654519230769233,0.011,-0.03371997115384615
2025-04-05 12:00:00,2.7045480769230767,5.75,13.5,0.0,0.370833333,3.0454519230769233,0.012,-0.03654542307692308
2025-04-05 13:00:00,2.7045480769230767,5.75,13.5,0.0,0.370833333,3.0454519230769233,0.008,-0.024363615384615386
2025-04-05 14:00:00,2.44,5.369537,13.5,0.0,0.370833333,2.9295370000000003,0.002,-0.005859074000000001
2025-04-05 15:00:00,0.86,4.201685,13.5,0.0,0.380833333,3.3416850000000005,0.001,-0.0033416850000000005
2025-04-05 16:00:00,2.22,2.576409,13.5,0.0,0.400833333,0.35640899999999975,0.002,-0.0007128179999999995
2025-04-05 17:00:00,2.3878548850574712,0.7783450000000001,11.890490114942528,0.0,0.400833333,0.0,0.011,0.0
2025-04-05 18:00:00,2.977854885057471,0.0,8.912635229885057,0.0,0.400833333,0.0,0.081,0.0
2025-04-05 19:00:00,0.65,0.0,8.262635229885056,0.0,0.400833333,0.0,0.077,0.0
2025-04-05 20:00:00,0.49,0.0,7.772635229885056,0.0,0.400833333,0.0,0.071,0.0
2025-04-05 21:00:00,0.21,0.0,7.562635229885056,0.0,0.380833333,0.0,0.072,0.0
2025-04-05 22:00:00,0.14,0.0,7.422635229885056,0.0,0.380833333,0.0,0.073,0.0
2025-04-05 23:00:00,0.12,0.0,7.302635229885056,0.0,0.380833333,0.0,0.071,0.0
2025-04-06 00:00:00,0.1,0.0,7.202635229885057,0.0,0.370833333,0.0,0.075,0.0
2025-04-06 01:00:00,0.1,0.0,7.102635229885057,0.0,0.370833333,0.0,0.074,0.0
2025-04-06 02:00:00,0.1699999999999999,0.0,6.932635229885057,0.0,0.370833333,0.0,0.075,0.0
2025-04-06 03:00:00,0.91,0.0,6.022635229885057,0.0,0.370833333,0.0,0.074,0.0
2025-04-06 04:00:00,0.48,0.0,5.542635229885057,0.0,0.370833333,0.0,0.071,0.0
2025-04-06 05:00:00,0.94,0.0,4.602635229885058,0.0,0.370833333,0.0,0.073,0.0
2025-04-06 06:00:00,0.81,0.284379,4.077014229885058,0.0,0.370833333,0.0,0.07,0.0
2025-04-06 07:00:00,0.53,1.7949469999999998,5.341961229885058,0.0,0.370833333,0.0,0.065,0.0
2025-04-06 08:00:00,0.45,3.5010369999999997,8.392998229885057,0.0,0.370833333,0.0,0.018,0.0
2025-04-06 09:00:00,0.1,4.760765999999999,13.053764229885058,0.0,0.370833333,0.0,0.011,0.0
2025-04-06 10:00:00,2.4099999999999997,5.649308,13.5,0.0,0.370833333,3.2393080000000007,0.01,-0.032393080000000005
2025-04-06 11:00:00,2.944548076923077,5.75,13.5,0.0,0.370833333,2.805451923076923,0.011,-0.03085997115384615
2025-04-06 12:00:00,2.7945480769230766,5.75,13.5,0.0,0.370833333,2.9554519230769234,0.012,-0.03546542307692308
2025-04-06 13:00:00,2.7945480769230766,5.75,13.5,0.0,0.370833333,2.9554519230769234,0.008,-0.023643615384615388
2025-04-06 14:00:00,2.44,5.205552,13.5,0.0,0.370833333,2.765552,0.002,-0.005531104
2025-04-06 15:00:00,0.21,4.053399,13.5,0.0,0.380833333,3.843399,0.001,-0.003843399
2025-04-06 16:00:00,0.11,2.493317,13.5,0.0,0.400833333,2.383317,0.002,-0.004766634
2025-04-06 17:00:00,1.7178548850574713,0.661284,12.443429114942528,0.0,0.400833333,0.0,0.011,0.0
2025-04-06 18:00:00,3.307854885057471,0.0,9.135574229885057,0.0,0.400833333,0.0,0.081,0.0
2025-04-06 19:00:00,0.22,0.0,8.915574229885056,0.0,0.400833333,0.0,0.077,0.0
2025-04-06 20:00:00,0.19,0.0,8.725574229885057,0.0,0.400833333,0.0,0.071,0.0
2025-04-06 21:00:00,0.16,0.0,8.565574229885057,0.0,0.380833333,0.0,0.072,0.0
2025-04-06 22:00:00,0.13,0.0,8.435574229885056,0.0,0.380833333,0.0,0.073,0.0
2025-04-06 23:00:00,0.1,0.0,8.335574229885056,0.0,0.380833333,0.0,0.071,0.0
2025-04-07 00:00:00,0.1,0.0,8.235574229885056,0.0,0.370833333,0.0,0.075,0.0
2025-04-07 01:00:00,0.1,0.0,8.135574229885057,0.0,0.370833333,0.0,0.074,0.0
2025-04-07 02:00:00,0.1,0.0,8.035574229885057,0.0,0.370833333,0.0,0.075,0.0
2025-04-07 03:00:00,0.1,0.0,7.935574229885058,0.0,0.370833333,0.0,0.074,0.0
2025-04-07 04:00:00,0.1,0.0,7.835574229885058,0.0,0.370833333,0.0,0.071,0.0
2025-04-07 05:00:00,0.1,0.0,7.735574229885058,0.0,0.370833333,0.0,0.073,0.0
2025-04-07 06:00:00,0.25,0.258606,7.744180229885059,0.0,0.370833333,0.0,0.07,0.0
2025-04-07 07:00:00,0.4,1.255,8.599180229885059,0.0,0.370833333,0.0,0.065,0.0
2025-04-07 08:00:00,0.49,3.3115360000000003,11.42071622988506,0.0,0.370833333,0.0,0.018,0.0
2025-04-07 09:00:00,0.18,3.764714,13.5,0.0,0.370833333,3.584714,0.011,-0.039431853999999995
2025-04-07 10:00:00,0.14,5.31916,13.5,0.0,0.370833333,5.17916,0.01,-0.05179160000000001
2025-04-07 11:00:00,0.424548076923077,5.081191,13.5,0.0,0.370833333,4.656642923076922,0.011,-0.05122307215384614
2025-04-07 12:00:00,0.504548076923077,5.75,13.5,0.0,0.370833333,5.2454519230769225,0.012,-0.06294542307692307
2025-04-07 13:00:00,0.4545480769230769,5.718310000000001,13.5,0.0,0.370833333,5.263761923076924,0.008,-0.042110095384615395
2025-04-07 14:00:00,0.18,5.032689,13.5,0.0,0.370833333,4.852689000000001,0.002,-0.009705378000000002
2025-04-07 15:00:00,0.15,3.599444,13.5,0.0,0.380833333,3.449444,0.001,-0.0034494440000000003
2025-04-07 16:00:00,0.13,1.737173,13.5,0.0,0.400833333,1.607173,0.002,-0.003214346
2025-04-07 17:00:00,1.2578548850574711,0.565451,12.807596114942529,0.0,0.400833333,0.0,0.011,0.0
2025-04-07 18:00:00,2.9678548850574713,0.0,9.839741229885057,0.0,0.400833333,0.0,0.081,0.0
2025-04-07 19:00:00,0.2,0.0,9.639741229885058,0.0,0.400833333,0.0,0.077,0.0
2025-04-07 20:00:00,0.19,0.0,9.449741229885058,0.0,0.400833333,0.0,0.071,0.0
2025-04-07 21:00:00,0.16,0.0,9.289741229885058,0.0,0.380833333,0.0,0.072,0.0
2025-04-07 22:00:00,0.14,0.0,9.149741229885056,0.0,0.380833333,0.0,0.073,0.0
2025-04-07 23:00:00,0.1,0.0,9.049741229885058,0.0,0.380833333,0.0,0.071,0.0
2025-04-08 00:00:00,0.1,0.0,8.949741229885058,0.0,0.370833333,0.0,0.075,0.0
2025-04-08 01:00:00,0.11,0.0,8.839741229885059,0.0,0.370833333,0.0,0.074,0.0
2025-04-08 02:00:00,0.41,0.0,8.429741229885058,0.0,0.370833333,0.0,0.075,0.0
2025-04-08 03:00:00,0.48,0.0,7.949741229885058,0.0,0.370833333,0.0,0.074,0.0
2025-04-08 04:00:00,0.57,0.0,7.379741229885058,0.0,0.370833333,0.0,0.071,0.0
2025-04-08 05:00:00,0.77,0.0,6.609741229885058,0.0,0.370833333,0.0,0.073,0.0
2025-04-08 06:00:00,0.5800000000000001,0.20476,6.234501229885058,0.0,0.370833333,0.0,0.07,0.0
2025-04-08 07:00:00,0.2299999999999999,1.76372,7.768221229885058,0.0,0.370833333,0.0,0.065,0.0
2025-04-08 08:00:00,0.45,3.387411,10.705632229885058,0.0,0.370833333,0.0,0.018,0.0
2025-04-08 09:00:00,0.1,3.797885,13.5,0.0,0.370833333,3.697885,0.011,-0.040676735
2025-04-08 10:00:00,0.1,4.9232439999999995,13.5,0.0,0.370833333,4.823244,0.01,-0.04823244
2025-04-08 11:00:00,0.669096153846154,5.054536,13.5,0.0,0.370833333,4.3854398461538455,0.011,-0.048239838307692295
2025-04-08 12:00:00,0.669096153846154,5.085484999999999,13.5,0.0,0.370833333,4.416388846153845,0.012,-0.05299666615384614
2025-04-08 13:00:00,0.669096153846154,4.948479,13.5,0.0,0.370833333,4.279382846153846,0.008,-0.034235062769230766
2025-04-08 14:00:00,0.2,3.728628,13.5,0.0,0.370833333,3.528628,0.002,-0.007057256
2025-04-08 15:00:00,0.12,1.6852660000000002,13.5,0.0,0.380833333,1.5652660000000003,0.001,-0.0015652660000000003
2025-04-08 16:00:00,0.11,2.05078,13.5,0.0,0.400833333,1.94078,0.002,-0.00388156
2025-04-08 17:00:00,2.925709770114943,0.450366,11.024656229885055,0.0,0.400833333,0.0,0.011,0.0
2025-04-08 18:00:00,2.455709770114942,0.0,8.568946459770114,0.0,0.400833333,0.0,0.081,0.0
2025-04-08 19:00:00,0.32,0.0,8.248946459770114,0.0,0.400833333,0.0,0.077,0.0
2025-04-08 20:00:00,0.26,0.0,7.988946459770114,0.0,0.400833333,0.0,0.071,0.0
2025-04-08 21:00:00,0.2,0.0,7.788946459770114,0.0,0.380833333,0.0,0.072,0.0
2025-04-08 22:00:00,0.14,0.0,7.648946459770114,0.0,0.380833333,0.0,0.073,0.0
2025-04-08 23:00:00,0.11,0.0,7.538946459770114,0.0,0.380833333,0.0,0.071,0.0
2025-04-09 00:00:00,0.11,0.0,7.428946459770113,0.0,0.370833333,0.0,0.075,0.0
2025-04-09 01:00:00,0.1,0.0,7.328946459770114,0.0,0.370833333,0.0,0.074,0.0
2025-04-09 02:00:00,0.11,0.0,7.218946459770113,0.0,0.370833333,0.0,0.075,0.0
2025-04-09 03:00:00,0.1,0.0,7.118946459770114,0.0,0.370833333,0.0,0.074,0.0
2025-04-09 04:00:00,0.47,0.0,6.648946459770114,0.0,0.370833333,0.0,0.071,0.0
2025-04-09 05:00:00,0.78,0.0,5.868946459770114,0.0,0.370833333,0.0,0.073,0.0
2025-04-09 06:00:00,0.6699999999999999,0.119617,5.318563459770114,0.0,0.370833333,0.0,0.07,0.0
2025-04-09 07:00:00,0.5399999999999999,0.7785420000000001,5.5571054597701135,0.0,0.370833333,0.0,0.065,0.0
2025-04-09 08:00:00,0.59,2.68584,7.652945459770114,0.0,0.370833333,0.0,0.018,0.0
2025-04-09 09:00:00,0.96,3.809063,10.502008459770114,0.0,0.370833333,0.0,0.011,0.0
2025-04-09 10:00:00,3.09,4.387482,11.799490459770114,0.0,0.370833333,0.0,0.01,0.0
2025-04-09 11:00:00,3.599096153846154,4.6739679999999995,12.87436230592396,0.0,0.370833333,0.0,0.011,0.0
2025-04-09 12:00:00,3.469096153846154,4.456448,13.5,0.0,0.370833333,0.987351846153846,0.012,-0.011848222153846151
2025-04-09 13:00:00,3.2390961538461536,4.131785,13.5,0.0,0.370833333,0.8926888461538462,0.008,-0.0071415107692307704
2025-04-09 14:00:00,2.46,3.732422,13.5,0.0,0.370833333,1.2724220000000002,0.002,-0.0025448440000000005
2025-04-09 15:00:00,0.15,1.748742,13.5,0.0,0.380833333,1.598742,0.001,-0.0015987420000000002
2025-04-09 16:00:00,0.14,1.732571,13.5,0.0,0.400833333,1.592571,0.002,-0.003185142
2025-04-09 17:00:00,1.7357097701149424,0.368433,12.132723229885055,0.0,0.400833333,0.0,0.011,0.0
2025-04-09 18:00:00,1.7357097701149424,0.0,10.397013459770116,0.0,0.400833333,0.0,0.081,0.0
2025-04-09 19:00:00,0.29,0.0,10.107013459770116,0.0,0.400833333,0.0,0.077,0.0
2025-04-09 20:00:00,0.29,0.0,9.817013459770116,0.0,0.400833333,0.0,0.071,0.0
2025-04-09 21:00:00,0.27,0.0,9.547013459770117,0.0,0.380833333,0.0,0.072,0.0
2025-04-09 22:00:00,0.17,0.0,9.377013459770115,0.0,0.380833333,0.0,0.073,0.0
2025-04-09 23:00:00,0.11,0.0,9.267013459770116,0.0,0.380833333,0.0,0.071,0.0
2025-04-10 00:00:00,0.1,0.0,9.167013459770118,0.0,0.370833333,0.0,0.075,0.0
2025-04-10 01:00:00,0.1,0.0,9.067013459770118,0.0,0.370833333,0.0,0.074,0.0
2025-04-10 02:00:00,0.1,0.0,8.967013459770119,0.0,0.370833333,0.0,0.075,0.0
2025-04-10 03:00:00,0.12,0.0,8.84701345977012,0.0,0.370833333,0.0,0.074,0.0
2025-04-10 04:00:00,0.1,0.0,8.74701345977012,0.0,0.370833333,0.0,0.071,0.0
2025-04-10 05:00:00,0.11,0.0,8.63701345977012,0.0,0.370833333,0.0,0.073,0.0
2025-04-10 06:00:00,0.31,0.093241,8.42025445977012,0.0,0.370833333,0.0,0.07,0.0
2025-04-10 07:00:00,0.77,0.514948,8.165202459770121,0.0,0.370833333,0.0,0.065,0.0
2025-04-10 08:00:00,0.19,0.420545,8.39574745977012,0.0,0.370833333,0.0,0.018,0.0
2025-04-10 09:00:00,0.7300000000000001,0.389843,8.055590459770121,0.0,0.370833333,0.0,0.011,0.0
2025-04-10 10:00:00,0.2,0.266658,8.122248459770121,0.0,0.370833333,0.0,0.01,0.0
2025-04-10 11:00:00,0.559397435897436,0.712584,8.275435023872685,0.0,0.370833333,0.0,0.011,0.0
2025-04-10 12:00:00,0.559397435897436,0.74587,8.461907587975249,0.0,0.370833333,0.0,0.012,0.0
2025-04-10 13:00:00,0.559397435897436,1.00051,8.903020152077813,0.0,0.370833333,0.0,0.008,0.0
2025-04-10 14:00:00,0.18,0.890933,9.613953152077814,0.0,0.370833333,0.0,0.002,0.0
2025-04-10 15:00:00,0.18,0.50864,9.942593152077814,0.0,0.380833333,0.0,0.001,0.0
2025-04-10 16:00:00,0.12,0.493598,10.316191152077812,0.0,0.400833333,0.0,0.002,0.0
2025-04-10 17:00:00,1.9371398467432952,0.05474,8.433791305334518,0.0,0.400833333,0.0,0.011,0.0
2025-04-10 18:00:00,2.687139846743295,0.0,5.746651458591223,0.0,0.400833333,0.0,0.081,0.0
2025-04-10 19:00:00,0.17,0.0,5.576651458591223,0.0,0.400833333,0.0,0.077,0.0
2025-04-10 20:00:00,0.18,0.0,5.396651458591223,0.0,0.400833333,0.0,0.071,0.0
2025-04-10 21:00:00,0.17,0.0,5.226651458591223,0.0,0.380833333,0.0,0.072,0.0
2025-04-10 22:00:00,0.25,0.0,4.976651458591223,0.0,0.380833333,0.0,0.073,0.0
2025-04-10 23:00:00,0.13,0.0,4.846651458591223,0.0,0.380833333,0.0,0.071,0.0
2025-04-11 00:00:00,0.11,0.0,4.736651458591223,0.0,0.370833333,0.0,0.075,0.0
2025-04-11 01:00:00,0.11,0.0,4.626651458591223,0.0,0.370833333,0.0,0.074,0.0
2025-04-11 02:00:00,0.1,0.0,4.526651458591223,0.0,0.370833333,0.0,0.075,0.0
2025-04-11 03:00:00,0.1,0.0,4.426651458591223,0.0,0.370833333,0.0,0.074,0.0
2025-04-11 04:00:00,0.1,0.0,4.326651458591224,0.0,0.370833333,0.0,0.071,0.0
2025-04-11 05:00:00,0.1,0.0,4.226651458591224,0.0,0.370833333,0.0,0.073,0.0
2025-04-11 06:00:00,0.13,0.307399,4.404050458591224,0.0,0.370833333,0.0,0.07,0.0
2025-04-11 07:00:00,0.65,1.830609,5.584659458591224,0.0,0.370833333,0.0,0.065,0.0
2025-04-11 08:00:00,0.17,3.544786,8.959445458591224,0.0,0.370833333,0.0,0.018,0.0
2025-04-11 09:00:00,0.16,4.807244,13.5,0.0,0.370833333,4.647244,0.011,-0.05111968399999999
2025-04-11 10:00:00,2.8899999999999997,3.970024,13.5,0.0,0.370833333,1.0800240000000003,0.01,-0.010800240000000003
2025-04-11 11:00:00,2.8493974358974357,4.517486,13.5,0.0,0.370833333,1.6680885641025642,0.011,-0.018348974205128207
2025-04-11 12:00:00,2.799397435897436,4.35891,13.5,0.0,0.370833333,1.559512564102564,0.012,-0.018714150769230768
2025-04-11 13:00:00,3.869397435897436,4.116894,13.5,0.0,0.370833333,0.24749656410256415,0.008,-0.0019799725128205135
2025-04-11 14:00:00,6.4399999999999995,2.717483,9.777483,0.0,0.370833333,0.0,0.002,0.0
2025-04-11 15:00:00,1.5,2.462702,10.740185,0.0,0.380833333,0.0,0.001,0.0
2025-04-11 16:00:00,1.1,1.7560360000000002,11.396221,0.0,0.400833333,0.0,0.002,0.0
2025-04-11 17:00:00,2.3071398467432953,0.742543,9.831624153256705,0.0,0.400833333,0.0,0.011,0.0
2025-04-11 18:00:00,2.317139846743295,0.0113599999999999,7.5258443065134095,0.0,0.400833333,0.0,0.081,0.0
2025-04-11 19:00:00,1.37,0.0,6.155844306513409,0.0,0.400833333,0.0,0.077,0.0
2025-04-11 20:00:00,2.0,0.0,4.155844306513409,0.0,0.400833333,0.0,0.071,0.0
2025-04-11 21:00:00,2.73,0.0,1.4258443065134094,0.0,0.380833333,0.0,0.072,0.0
2025-04-11 22:00:00,1.74,0.0,0.0,0.31415569348659056,0.380833333,0.0,0.073,0.11964095983142467
2025-04-11 23:00:00,1.98,0.0,0.0,1.98,0.380833333,0.0,0.071,0.7540499993399999
2025-04-12 00:00:00,1.46,0.0,0.0,1.46,0.370833333,0.0,0.075,0.54141666618
2025-04-12 01:00:00,1.89,0.0,0.0,1.89,0.370833333,0.0,0.074,0.70087499937
2025-04-12 02:00:00,1.23,0.0,0.0,1.23,0.370833333,0.0,0.075,0.45612499958999997
2025-04-12 03:00:00,1.07,0.0,0.0,1.07,0.370833333,0.0,0.074,0.39679166631
2025-04-12 04:00:00,1.41,0.0,0.0,1.41,0.370833333,0.0,0.071,0.5228749995299999
2025-04-12 05:00:00,1.89,0.0,0.0,1.89,0.370833333,0.0,0.073,0.70087499937
2025-04-12 06:00:00,2.06,0.354185,0.0,1.705815,0.370833333,0.0,0.07,0.632573061931395
2025-04-12 07:00:00,1.1,1.7879,0.6879,0.0,0.370833333,0.0,0.065,0.0
2025-04-12 08:00:00,0.11,1.265441,1.843341,0.0,0.370833333,0.0,0.018,0.0
2025-04-12 09:00:00,0.11,4.740487,6.473827999999999,0.0,0.370833333,0.0,0.011,0.0
2025-04-12 10:00:00,2.77,4.591484,8.295312,0.0,0.370833333,0.0,0.01,0.0
2025-04-12 11:00:00,2.7893974358974356,4.001629,9.507543564102564,0.0,0.370833333,0.0,0.011,0.0
2025-04-12 12:00:00,2.9493974358974357,3.323671,9.881817128205128,0.0,0.370833333,0.0,0.012,0.0
2025-04-12 13:00:00,3.1393974358974357,2.8747109999999996,9.617130692307692,0.0,0.370833333,0.0,0.008,0.0
2025-04-12 14:00:00,2.67,1.929394,8.876524692307692,0.0,0.370833333,0.0,0.002,0.0
2025-04-12 15:00:00,0.23,1.405613,10.052137692307692,0.0,0.380833333,0.0,0.001,0.0
2025-04-12 16:00:00,0.21,0.4818,10.323937692307693,0.0,0.400833333,0.0,0.002,0.0
2025-04-12 17:00:00,1.287139846743295,0.453758,9.490555845564398,0.0,0.400833333,0.0,0.011,0.0
2025-04-12 18:00:00,3.9571398467432943,0.0,5.533415998821104,0.0,0.400833333,0.0,0.081,0.0
2025-04-12 19:00:00,0.33,0.0,5.203415998821104,0.0,0.400833333,0.0,0.077,0.0
2025-04-12 20:00:00,0.8,0.0,4.403415998821104,0.0,0.400833333,0.0,0.071,0.0
2025-04-12 21:00:00,0.41,0.0,3.993415998821104,0.0,0.380833333,0.0,0.072,0.0
2025-04-12 22:00:00,0.6,0.0,3.3934159988211037,0.0,0.380833333,0.0,0.073,0.0
2025-04-12 23:00:00,1.62,0.0,1.7734159988211036,0.0,0.380833333,0.0,0.071,0.0
2025-04-13 00:00:00,1.12,0.0,0.6534159988211035,0.0,0.370833333,0.0,0.075,0.0
2025-04-13 01:00:00,1.04,0.0,0.0,0.3865840011788966,0.370833333,0.0,0.074,0.14335823364164615
2025-04-13 02:00:00,0.93,0.0,0.0,0.93,0.370833333,0.0,0.075,0.34487499969
2025-04-13 03:00:00,0.53,0.0,0.0,0.53,0.370833333,0.0,0.074,0.19654166649000002
2025-04-13 04:00:00,0.1,0.0,0.0,0.1,0.370833333,0.0,0.071,0.0370833333
2025-04-13 05:00:00,0.48,0.0,0.0,0.48,0.370833333,0.0,0.073,0.17799999983999998
2025-04-13 06:00:00,0.85,0.270219,0.0,0.579781,0.370833333,0.0,0.07,0.21500212064007299
2025-04-13 07:00:00,0.68,1.817908,1.137908,0.0,0.370833333,0.0,0.065,0.0
2025-04-13 08:00:00,0.1999999999999999,3.450659,4.388567,0.0,0.370833333,0.0,0.018,0.0
2025-04-13 09:00:00,0.14,4.739688,8.988255,0.0,0.370833333,0.0,0.011,0.0
2025-04-13 10:00:00,2.8099999999999996,4.567176000000001,10.745431000000002,0.0,0.370833333,0.0,0.01,0.0
2025-04-13 11:00:00,3.1393974358974357,5.75,13.356033564102566,0.0,0.370833333,0.0,0.011,0.0
2025-04-13 12:00:00,3.059397435897436,5.75,13.5,0.0,0.370833333,2.690602564102564,0.012,-0.03228723076923077
2025-04-13 13:00:00,3.309397435897436,5.75,13.5,0.0,0.370833333,2.440602564102564,0.008,-0.019524820512820514
2025-04-13 14:00:00,2.86,5.252346999999999,13.5,0.0,0.370833333,2.3923469999999996,0.002,-0.004784693999999999
2025-04-13 15:00:00,0.16,4.056075,13.5,0.0,0.380833333,3.8960749999999997,0.001,-0.0038960749999999997
2025-04-13 16:00:00,0.12,2.478442,13.5,0.0,0.400833333,2.3584419999999997,0.002,-0.004716883999999999
2025-04-13 17:00:00,1.217139846743295,0.758455,13.041315153256704,0.0,0.400833333,0.0,0.011,0.0
2025-04-13 18:00:00,1.247139846743295,0.022023,11.816198306513408,0.0,0.400833333,0.0,0.081,0.0
2025-04-13 19:00:00,0.2,0.0,11.61619830651341,0.0,0.400833333,0.0,0.077,0.0
2025-04-13 20:00:00,0.14,0.0,11.476198306513409,0.0,0.400833333,0.0,0.071,0.0
2025-04-13 21:00:00,0.16,0.0,11.316198306513408,0.0,0.380833333,0.0,0.072,0.0
2025-04-13 22:00:00,0.95,0.0,10.36619830651341,0.0,0.380833333,0.0,0.073,0.0
2025-04-13 23:00:00,0.15,0.0,10.216198306513409,0.0,0.380833333,0.0,0.071,0.0
2025-04-14 00:00:00,0.11,0.0,10.10619830651341,0.0,0.370833333,0.0,0.075,0.0
2025-04-14 01:00:00,0.1,0.0,10.00619830651341,0.0,0.370833333,0.0,0.074,0.0
2025-04-14 02:00:00,0.11,0.0,9.89619830651341,0.0,0.370833333,0.0,0.075,0.0
2025-04-14 03:00:00,0.1,0.0,9.79619830651341,0.0,0.370833333,0.0,0.074,0.0
2025-04-14 04:00:00,0.11,0.0,9.686198306513411,0.0,0.370833333,0.0,0.071,0.0
2025-04-14 05:00:00,0.6300000000000001,0.0,9.05619830651341,0.0,0.370833333,0.0,0.073,0.0
2025-04-14 06:00:00,0.86,0.327963,8.52416130651341,0.0,0.370833333,0.0,0.07,0.0
2025-04-14 07:00:00,0.26,1.918724,10.182885306513407,0.0,0.370833333,0.0,0.065,0.0
2025-04-14 08:00:00,1.01,3.639329,12.81221430651341,0.0,0.370833333,0.0,0.018,0.0
2025-04-14 09:00:00,0.19,4.880836,13.5,0.0,0.370833333,4.690836,0.011,-0.051599196
2025-04-14 10:00:00,0.38,5.742148,13.5,0.0,0.370833333,5.362148,0.01,-0.053621480000000006
2025-04-14 11:00:00,0.549397435897436,5.75,13.5,0.0,0.370833333,5.200602564102564,0.011,-0.057206628205128195
2025-04-14 12:00:00,0.719397435897436,5.75,13.5,0.0,0.370833333,5.030602564102564,0.012,-0.06036723076923076
2025-04-14 13:00:00,0.709397435897436,5.75,13.5,0.0,0.370833333,5.040602564102564,0.008,-0.04032482051282051
2025-04-14 14:00:00,0.2,5.058132,13.5,0.0,0.370833333,4.8581319999999995,0.002,-0.009716263999999999
2025-04-14 15:00:00,0.53,3.95855,13.5,0.0,0.380833333,3.4285499999999995,0.001,-0.00342855
2025-04-14 16:00:00,0.52,2.423165,13.5,0.0,0.400833333,1.903165,0.002,-0.00380633
2025-04-14 17:00:00,1.947139846743295,0.745082,12.297942153256706,0.0,0.400833333,0.0,0.011,0.0
2025-04-14 18:00:00,4.447139846743295,0.02495,7.875752306513411,0.0,0.400833333,0.0,0.081,0.0
2025-04-14 19:00:00,0.6599999999999999,0.0,7.21575230651341,0.0,0.400833333,0.0,0.077,0.0
2025-04-14 20:00:00,1.5,0.0,5.71575230651341,0.0,0.400833333,0.0,0.071,0.0
2025-04-14 21:00:00,1.83,0.0,3.8857523065134103,0.0,0.380833333,0.0,0.072,0.0
2025-04-14 22:00:00,0.7300000000000001,0.0,3.1557523065134103,0.0,0.380833333,0.0,0.073,0.0
2025-04-14 23:00:00,0.22,0.0,2.93575230651341,0.0,0.380833333,0.0,0.071,0.0
2025-04-15 00:00:00,0.14,0.0,2.79575230651341,0.0,0.370833333,0.0,0.075,0.0
2025-04-15 01:00:00,0.11,0.0,2.68575230651341,0.0,0.370833333,0.0,0.074,0.0
2025-04-15 02:00:00,0.11,0.0,2.5757523065134103,0.0,0.370833333,0.0,0.075,0.0
2025-04-15 03:00:00,0.1,0.0,2.47575230651341,0.0,0.370833333,0.0,0.074,0.0
2025-04-15 04:00:00,0.11,0.0,2.3657523065134103,0.0,0.370833333,0.0,0.071,0.0
2025-04-15 05:00:00,0.13,0.0,2.2357523065134104,0.0,0.370833333,0.0,0.073,0.0
2025-04-15 06:00:00,0.5499999999999999,0.360134,2.0458863065134105,0.0,0.370833333,0.0,0.07,0.0
2025-04-15 07:00:00,1.25,0.341343,1.1372293065134105,0.0,0.370833333,0.0,0.065,0.0
2025-04-15 08:00:00,1.44,0.6720689999999999,0.3692983065134104,0.0,0.370833333,0.0,0.018,0.0
2025-04-15 09:00:00,2.05,1.296659,0.0,0.3840426934865894,0.370833333,0.0,0.011,0.14241583203992933
2025-04-15 10:00:00,0.65,2.401256,1.751256,0.0,0.370833333,0.0,0.01,0.0
2025-04-15 11:00:00,1.819397435897436,5.75,5.681858564102564,0.0,0.370833333,0.0,0.011,0.0
2025-04-15 12:00:00,1.349397435897436,5.75,10.082461128205129,0.0,0.370833333,0.0,0.012,0.0
2025-04-15 13:00:00,0.6293974358974359,5.669464,13.5,0.0,0.370833333,5.040066564102563,0.008,-0.04032053251282051
2025-04-15 14:00:00,0.26,4.9557340000000005,13.5,0.0,0.370833333,4.695734000000001,0.002,-0.009391468000000002
2025-04-15 15:00:00,0.56,3.888362,13.5,0.0,0.380833333,3.328362,0.001,-0.003328362
2025-04-15 16:00:00,0.21,2.380958,13.5,0.0,0.400833333,2.170958,0.002,-0.004341916
2025-04-15 17:00:00,1.277139846743295,0.7287480000000001,12.951608153256704,0.0,0.400833333,0.0,0.011,0.0
2025-04-15 18:00:00,3.857139846743295,0.0180019999999999,9.11247030651341,0.0,0.400833333,0.0,0.081,0.0
2025-04-15 19:00:00,0.24,0.0,8.87247030651341,0.0,0.400833333,0.0,0.077,0.0
2025-04-15 20:00:00,0.49,0.0,8.38247030651341,0.0,0.400833333,0.0,0.071,0.0
2025-04-15 21:00:00,1.0,0.0,7.38247030651341,0.0,0.380833333,0.0,0.072,0.0
2025-04-15 22:00:00,0.16,0.0,7.22247030651341,0.0,0.380833333,0.0,0.073,0.0
2025-04-15 23:00:00,0.12,0.0,7.10247030651341,0.0,0.380833333,0.0,0.071,0.0
2025-04-16 00:00:00,0.11,0.0,6.992470306513409,0.0,0.370833333,0.0,0.075,0.0
2025-04-16 01:00:00,0.1,0.0,6.89247030651341,0.0,0.370833333,0.0,0.074,0.0
2025-04-16 02:00:00,0.11,0.0,6.782470306513409,0.0,0.370833333,0.0,0.075,0.0
2025-04-16 03:00:00,0.1,0.0,6.68247030651341,0.0,0.370833333,0.0,0.074,0.0
2025-04-16 04:00:00,0.5499999999999999,0.0,6.13247030651341,0.0,0.370833333,0.0,0.071,0.0
2025-04-16 05:00:00,0.1,0.0,6.03247030651341,0.0,0.370833333,0.0,0.073,0.0
2025-04-16 06:00:00,0.11,0.287866,6.21033630651341,0.0,0.370833333,0.0,0.07,0.0
2025-04-16 07:00:00,0.94,1.488994,6.7593303065134105,0.0,0.370833333,0.0,0.065,0.0
2025-04-16 08:00:00,0.16,2.839308,9.438638306513411,0.0,0.370833333,0.0,0.018,0.0
2025-04-16 09:00:00,0.26,4.652797,13.5,0.0,0.370833333,4.392797,0.011,-0.048320766999999994
2025-04-16 10:00:00,3.16,5.505273,13.5,0.0,0.370833333,2.3452729999999997,0.01,-0.023452729999999998
2025-04-16 11:00:00,2.8293974358974356,5.75,13.5,0.0,0.370833333,2.9206025641025644,0.011,-0.0321266282051282
2025-04-16 12:00:00,2.8493974358974357,5.75,13.5,0.0,0.370833333,2.9006025641025643,0.012,-0.03480723076923077
2025-04-16 13:00:00,2.969397435897436,5.679923,13.5,0.0,0.370833333,2.7105255641025634,0.008,-0.021684204512820507
2025-04-16 14:00:00,2.5999999999999996,4.088001,13.5,0.0,0.370833333,1.4880010000000006,0.002,-0.002976002000000001
2025-04-16 15:00:00,0.16,2.888396,13.5,0.0,0.380833333,2.728396,0.001,-0.002728396
2025-04-16 16:00:00,1.23,1.011413,13.281413,0.0,0.400833333,0.0,0.002,0.0
2025-04-16 17:00:00,1.9571398467432952,0.513904,11.838177153256703,0.0,0.400833333,0.0,0.011,0.0
2025-04-16 18:00:00,1.3471398467432951,0.0,10.49103730651341,0.0,0.400833333,0.0,0.081,0.0
2025-04-16 19:00:00,0.1699999999999999,0.0,10.32103730651341,0.0,0.400833333,0.0,0.077,0.0
2025-04-16 20:00:00,0.94,0.0,9.381037306513411,0.0,0.400833333,0.0,0.071,0.0
2025-04-16 21:00:00,1.86,0.0,7.521037306513411,0.0,0.380833333,0.0,0.072,0.0
2025-04-16 22:00:00,0.7200000000000001,0.0,6.801037306513411,0.0,0.380833333,0.0,0.073,0.0
2025-04-16 23:00:00,0.14,0.0,6.661037306513411,0.0,0.380833333,0.0,0.071,0.0
2025-04-17 00:00:00,0.24,0.0,6.421037306513411,0.0,0.370833333,0.0,0.075,0.0
2025-04-17 01:00:00,0.12,0.0,6.301037306513411,0.0,0.370833333,0.0,0.074,0.0
2025-04-17 02:00:00,0.11,0.0,6.191037306513411,0.0,0.370833333,0.0,0.075,0.0
2025-04-17 03:00:00,0.11,0.0,6.0810373065134105,0.0,0.370833333,0.0,0.074,0.0
2025-04-17 04:00:00,0.11,0.0,5.97103730651341,0.0,0.370833333,0.0,0.071,0.0
2025-04-17 05:00:00,0.11,0.0,5.86103730651341,0.0,0.370833333,0.0,0.073,0.0
2025-04-17 06:00:00,0.7100000000000001,0.366705,5.5177423065134095,0.0,0.370833333,0.0,0.07,0.0
2025-04-17 07:00:00,1.32,0.385501,4.58324330651341,0.0,0.370833333,0.0,0.065,0.0
2025-04-17 08:00:00,0.59,0.48561,4.478853306513409,0.0,0.370833333,0.0,0.018,0.0
2025-04-17 09:00:00,0.5,1.3517940000000002,5.330647306513409,0.0,0.370833333,0.0,0.011,0.0
2025-04-17 10:00:00,0.8799999999999999,3.123377,7.57402430651341,0.0,0.370833333,0.0,0.01,0.0
2025-04-17 11:00:00,0.559397435897436,3.843137,10.857763870615974,0.0,0.370833333,0.0,0.011,0.0
2025-04-17 12:00:00,0.789397435897436,3.2760160000000003,13.344382434718538,0.0,0.370833333,0.0,0.012,0.0
2025-04-17 13:00:00,0.8793974358974359,2.390437,13.5,0.0,0.370833333,1.511039564102564,0.008,-0.012088316512820512
2025-04-17 14:00:00,0.71,3.646654,13.5,0.0,0.370833333,2.936654,0.002,-0.005873308
2025-04-17 15:00:00,2.35,2.46009,13.5,0.0,0.380833333,0.11009000000000002,0.001,-0.00011009000000000003
2025-04-17 16:00:00,1.73,2.332932,13.5,0.0,0.400833333,0.602932,0.002,-0.001205864
2025-04-17 17:00:00,2.297139846743295,0.27492,11.477780153256704,0.0,0.400833333,0.0,0.011,0.0
2025-04-17 18:00:00,4.427139846743295,0.0,7.050640306513409,0.0,0.400833333,0.0,0.081,0.0
2025-04-17 19:00:00,1.35,0.0,5.700640306513408,0.0,0.400833333,0.0,0.077,0.0
2025-04-17 20:00:00,1.28,0.0,4.420640306513408,0.0,0.400833333,0.0,0.071,0.0
2025-04-17 21:00:00,2.34,0.0,2.0806403065134083,0.0,0.380833333,0.0,0.072,0.0
2025-04-17 22:00:00,1.54,0.0,0.5406403065134082,0.0,0.380833333,0.0,0.073,0.0
2025-04-17 23:00:00,1.06,0.0,0.0,0.5193596934865918,0.380833333,0.0,0.071,0.19778948309635716
2025-04-18 00:00:00,1.06,0.0,0.0,1.06,0.370833333,0.0,0.075,0.39308333298000003
2025-04-18 01:00:00,1.06,0.0,0.0,1.06,0.370833333,0.0,0.074,0.39308333298000003
2025-04-18 02:00:00,1.06,0.0,0.0,1.06,0.370833333,0.0,0.075,0.39308333298000003
2025-04-18 03:00:00,1.07,0.0,0.0,1.07,0.370833333,0.0,0.074,0.39679166631
2025-04-18 04:00:00,1.42,0.0,0.0,1.42,0.370833333,0.0,0.071,0.5265833328599999
2025-04-18 05:00:00,2.02,0.0,0.0,2.02,0.370833333,0.0,0.073,0.7490833326599999
2025-04-18 06:00:00,1.97,0.162903,0.0,1.807097,0.370833333,0.0,0.07,0.6701318035643009
2025-04-18 07:00:00,3.53,1.798433,0.0,1.7315669999999999,0.370833333,0.0,0.065,0.6421227619228109
2025-04-18 08:00:00,1.54,3.3558090000000003,1.815809,0.0,0.370833333,0.0,0.018,0.0
2025-04-18 09:00:00,0.73,4.533842,5.619651,0.0,0.370833333,0.0,0.011,0.0
2025-04-18 10:00:00,3.53,5.395578,7.485229,0.0,0.370833333,0.0,0.01,0.0
2025-04-18 11:00:00,3.769397435897436,5.75,9.465831564102563,0.0,0.370833333,0.0,0.011,0.0
2025-04-18 12:00:00,3.509397435897436,5.75,11.70643412820513,0.0,0.370833333,0.0,0.012,0.0
2025-04-18 13:00:00,3.359397435897436,5.502799,13.5,0.0,0.370833333,2.1434015641025645,0.008,-0.017147212512820517
2025-04-18 14:00:00,4.45,4.8019430000000005,13.5,0.0,0.370833333,0.35194300000000034,0.002,-0.0007038860000000007
2025-04-18 15:00:00,2.3899999999999997,2.900915,13.5,0.0,0.380833333,0.5109150000000002,0.001,-0.0005109150000000002
2025-04-18 16:00:00,1.33,1.523001,13.5,0.0,0.400833333,0.19300099999999998,0.002,-0.000386002
2025-04-18 17:00:00,1.3771398467432951,0.7034279999999999,12.826288153256703,0.0,0.400833333,0.0,0.011,0.0
2025-04-18 18:00:00,1.487139846743295,0.028039,11.36718730651341,0.0,0.400833333,0.0,0.081,0.0
2025-04-18 19:00:00,0.8899999999999999,0.0,10.47718730651341,0.0,0.400833333,0.0,0.077,0.0
2025-04-18 20:00:00,0.73,0.0,9.747187306513409,0.0,0.400833333,0.0,0.071,0.0
2025-04-18 21:00:00,0.86,0.0,8.88718730651341,0.0,0.380833333,0.0,0.072,0.0
2025-04-18 22:00:00,1.39,0.0,7.49718730651341,0.0,0.380833333,0.0,0.073,0.0
2025-04-18 23:00:00,1.02,0.0,6.477187306513409,0.0,0.380833333,0.0,0.071,0.0
2025-04-19 00:00:00,0.31,0.0,6.1671873065134095,0.0,0.370833333,0.0,0.075,0.0
2025-04-19 01:00:00,0.31,0.0,5.85718730651341,0.0,0.370833333,0.0,0.074,0.0
2025-04-19 02:00:00,0.32,0.0,5.53718730651341,0.0,0.370833333,0.0,0.075,0.0
2025-04-19 03:00:00,0.44,0.0,5.097187306513409,0.0,0.370833333,0.0,0.074,0.0
2025-04-19 04:00:00,0.8200000000000001,0.0,4.277187306513409,0.0,0.370833333,0.0,0.071,0.0
2025-04-19 05:00:00,1.12,0.0,3.157187306513409,0.0,0.370833333,0.0,0.073,0.0
2025-04-19 06:00:00,0.66,0.354197,2.851384306513409,0.0,0.370833333,0.0,0.07,0.0
2025-04-19 07:00:00,1.59,0.991628,2.253012306513409,0.0,0.370833333,0.0,0.065,0.0
2025-04-19 08:00:00,0.91,3.296924,4.639936306513409,0.0,0.370833333,0.0,0.018,0.0
2025-04-19 09:00:00,0.5700000000000001,4.461903,8.531839306513408,0.0,0.370833333,0.0,0.011,0.0
2025-04-19 10:00:00,3.3499999999999996,5.288125,10.469964306513408,0.0,0.370833333,0.0,0.01,0.0
2025-04-19 11:00:00,3.329096153846154,5.715493,12.856361152667256,0.0,0.370833333,0.0,0.011,0.0
2025-04-19 12:00:00,3.989096153846154,5.75,13.5,0.0,0.370833333,1.760903846153846,0.012,-0.021130846153846153
2025-04-19 13:00:00,4.509096153846154,5.422419,13.5,0.0,0.370833333,0.9133228461538456,0.008,-0.007306582769230765
2025-04-19 14:00:00,2.57,4.71904,13.5,0.0,0.370833333,2.14904,0.002,-0.00429808
2025-04-19 15:00:00,0.74,3.680318,13.5,0.0,0.380833333,2.9403180000000004,0.001,-0.0029403180000000004
2025-04-19 16:00:00,0.84,2.271882,13.5,0.0,0.400833333,1.4318820000000003,0.002,-0.002863764000000001
2025-04-19 17:00:00,3.5257097701149425,0.673889,10.648179229885056,0.0,0.400833333,0.0,0.011,0.0
2025-04-19 18:00:00,2.1957097701149424,0.024947,8.477416459770115,0.0,0.400833333,0.0,0.081,0.0
2025-04-19 19:00:00,1.02,0.0,7.457416459770116,0.0,0.400833333,0.0,0.077,0.0
2025-04-19 20:00:00,1.09,0.0,6.367416459770116,0.0,0.400833333,0.0,0.071,0.0
2025-04-19 21:00:00,1.02,0.0,5.347416459770116,0.0,0.380833333,0.0,0.072,0.0
2025-04-19 22:00:00,0.69,0.0,4.657416459770117,0.0,0.380833333,0.0,0.073,0.0
2025-04-19 23:00:00,0.2,0.0,4.4574164597701165,0.0,0.380833333,0.0,0.071,0.0
2025-04-20 00:00:00,0.21,0.0,4.2474164597701165,0.0,0.370833333,0.0,0.075,0.0
2025-04-20 01:00:00,0.32,0.0,3.9274164597701167,0.0,0.370833333,0.0,0.074,0.0
2025-04-20 02:00:00,0.21,0.0,3.7174164597701167,0.0,0.370833333,0.0,0.075,0.0
2025-04-20 03:00:00,0.19,0.0,3.5274164597701168,0.0,0.370833333,0.0,0.074,0.0
2025-04-20 04:00:00,0.19,0.0,3.337416459770117,0.0,0.370833333,0.0,0.071,0.0
2025-04-20 05:00:00,0.61,0.0,2.727416459770117,0.0,0.370833333,0.0,0.073,0.0
2025-04-20 06:00:00,0.25,0.349482,2.826898459770117,0.0,0.370833333,0.0,0.07,0.0
2025-04-20 07:00:00,1.37,1.846202,3.303100459770117,0.0,0.370833333,0.0,0.065,0.0
2025-04-20 08:00:00,1.03,3.385965,5.659065459770117,0.0,0.370833333,0.0,0.018,0.0
2025-04-20 09:00:00,1.69,4.506149000000001,8.475214459770118,0.0,0.370833333,0.0,0.011,0.0
2025-04-20 10:00:00,3.33,5.266692,10.41190645977012,0.0,0.370833333,0.0,0.01,0.0
2025-04-20 11:00:00,4.039096153846154,5.677270999999999,12.050081305923964,0.0,0.370833333,0.0,0.011,0.0
2025-04-20 12:00:00,3.949096153846154,5.715762,13.5,0.0,0.370833333,1.7666658461538458,0.012,-0.02119999015384615
2025-04-20 13:00:00,3.3790961538461537,5.416245,13.5,0.0,0.370833333,2.0371488461538463,0.008,-0.01629719076923077
2025-04-20 14:00:00,2.9299999999999997,4.760719,13.5,0.0,0.370833333,1.8307190000000002,0.002,-0.0036614380000000004
2025-04-20 15:00:00,0.24,3.726913,13.5,0.0,0.380833333,3.4869130000000004,0.001,-0.0034869130000000003
2025-04-20 16:00:00,0.21,2.30873,13.5,0.0,0.400833333,2.09873,0.002,-0.00419746
2025-04-20 17:00:00,4.425709770114943,0.6861090000000001,9.760399229885056,0.0,0.400833333,0.0,0.011,0.0
2025-04-20 18:00:00,2.1957097701149424,0.0243299999999999,7.589019459770114,0.0,0.400833333,0.0,0.081,0.0
2025-04-20 19:00:00,0.24,0.0,7.349019459770114,0.0,0.400833333,0.0,0.077,0.0
2025-04-20 20:00:00,1.19,0.0,6.159019459770114,0.0,0.400833333,0.0,0.071,0.0
2025-04-20 21:00:00,1.0,0.0,5.159019459770114,0.0,0.380833333,0.0,0.072,0.0
2025-04-20 22:00:00,0.8300000000000001,0.0,4.329019459770114,0.0,0.380833333,0.0,0.073,0.0
2025-04-20 23:00:00,0.17,0.0,4.159019459770114,0.0,0.380833333,0.0,0.071,0.0
2025-04-21 00:00:00,0.15,0.0,4.009019459770114,0.0,0.370833333,0.0,0.075,0.0
2025-04-21 01:00:00,0.12,0.0,3.8890194597701138,0.0,0.370833333,0.0,0.074,0.0
2025-04-21 02:00:00,0.12,0.0,3.7690194597701137,0.0,0.370833333,0.0,0.075,0.0
2025-04-21 03:00:00,0.24,0.0,3.5290194597701134,0.0,0.370833333,0.0,0.074,0.0
2025-04-21 04:00:00,0.69,0.0,2.8390194597701135,0.0,0.370833333,0.0,0.071,0.0
2025-04-21 05:00:00,0.5599999999999999,0.0,2.2790194597701134,0.0,0.370833333,0.0,0.073,0.0
2025-04-21 06:00:00,0.8,0.34496,1.823979459770113,0.0,0.370833333,0.0,0.07,0.0
2025-04-21 07:00:00,1.38,1.834744,2.278723459770114,0.0,0.370833333,0.0,0.065,0.0
2025-04-21 08:00:00,0.61,3.32165,4.9903734597701135,0.0,0.370833333,0.0,0.018,0.0
2025-04-21 09:00:00,0.2,4.351394,9.141767459770112,0.0,0.370833333,0.0,0.011,0.0
2025-04-21 10:00:00,0.21,5.0229099999999995,13.5,0.0,0.370833333,4.81291,0.01,-0.048129099999999994
2025-04-21 11:00:00,0.569397435897436,5.352481,13.5,0.0,0.370833333,4.783083564102564,0.011,-0.0526139192051282
2025-04-21 12:00:00,0.5393974358974359,5.4133320000000005,13.5,0.0,0.370833333,4.873934564102565,0.012,-0.05848721476923078
2025-04-21 13:00:00,0.679397435897436,5.193014,13.5,0.0,0.370833333,4.513616564102564,0.008,-0.03610893251282051
2025-04-21 14:00:00,0.17,4.614133,13.5,0.0,0.370833333,4.444133,0.002,-0.008888266
2025-04-21 15:00:00,0.18,3.647634,13.5,0.0,0.380833333,3.467634,0.001,-0.003467634
2025-04-21 16:00:00,0.23,2.270405,13.5,0.0,0.400833333,2.040405,0.002,-0.00408081
2025-04-21 17:00:00,1.297139846743295,0.680149,12.883009153256705,0.0,0.400833333,0.0,0.011,0.0
2025-04-21 18:00:00,3.5171398467432953,0.027117,9.392986306513407,0.0,0.400833333,0.0,0.081,0.0
2025-04-21 19:00:00,2.02,0.0,7.372986306513409,0.0,0.400833333,0.0,0.077,0.0
2025-04-21 20:00:00,0.41,0.0,6.962986306513409,0.0,0.400833333,0.0,0.071,0.0
2025-04-21 21:00:00,0.2299999999999999,0.0,6.73298630651341,0.0,0.380833333,0.0,0.072,0.0
2025-04-21 22:00:00,0.2,0.0,6.5329863065134095,0.0,0.380833333,0.0,0.073,0.0
2025-04-21 23:00:00,0.12,0.0,6.412986306513409,0.0,0.380833333,0.0,0.071,0.0
2025-04-22 00:00:00,0.23,0.0,6.182986306513409,0.0,0.370833333,0.0,0.075,0.0
2025-04-22 01:00:00,0.14,0.0,6.042986306513409,0.0,0.370833333,0.0,0.074,0.0
2025-04-22 02:00:00,0.12,0.0,5.922986306513409,0.0,0.370833333,0.0,0.075,0.0
2025-04-22 03:00:00,0.11,0.0,5.812986306513409,0.0,0.370833333,0.0,0.074,0.0
2025-04-22 04:00:00,0.11,0.0,5.7029863065134085,0.0,0.370833333,0.0,0.071,0.0
2025-04-22 05:00:00,0.12,0.0,5.582986306513408,0.0,0.370833333,0.0,0.073,0.0
2025-04-22 06:00:00,0.8300000000000001,0.3820849999999999,5.135071306513408,0.0,0.370833333,0.0,0.07,0.0
2025-04-22 07:00:00,0.66,1.830377,6.305448306513409,0.0,0.370833333,0.0,0.065,0.0
2025-04-22 08:00:00,0.55,3.38208,9.137528306513408,0.0,0.370833333,0.0,0.018,0.0
2025-04-22 09:00:00,0.38,4.496962000000001,13.254490306513407,0.0,0.370833333,0.0,0.011,0.0
2025-04-22 10:00:00,0.1,5.269629,13.5,0.0,0.370833333,5.1696290000000005,0.01,-0.051696290000000006
2025-04-22 11:00:00,0.479397435897436,5.678439999999999,13.5,0.0,0.370833333,5.199042564102563,0.011,-0.05718946820512819
2025-04-22 12:00:00,0.4893974358974359,5.744031,13.5,0.0,0.370833333,5.254633564102564,0.012,-0.06305560276923076
2025-04-22 13:00:00,0.479397435897436,5.4264470000000005,13.5,0.0,0.370833333,4.9470495641025645,0.008,-0.039576396512820515
2025-04-22 14:00:00,0.12,4.74776,13.5,0.0,0.370833333,4.62776,0.002,-0.009255520000000001
2025-04-22 15:00:00,0.36,1.719298,13.5,0.0,0.380833333,1.359298,0.001,-0.0013592979999999999
2025-04-22 16:00:00,0.37,0.767753,13.5,0.0,0.400833333,0.397753,0.002,-0.0007955060000000001
2025-04-22 17:00:00,1.1771398467432952,0.366059,12.688919153256704,0.0,0.400833333,0.0,0.011,0.0
2025-04-22 18:00:00,1.1871398467432952,0.034643,11.53642230651341,0.0,0.400833333,0.0,0.081,0.0
2025-04-22 19:00:00,0.11,0.0,11.42642230651341,0.0,0.400833333,0.0,0.077,0.0
2025-04-22 20:00:00,0.14,0.0,11.28642230651341,0.0,0.400833333,0.0,0.071,0.0
2025-04-22 21:00:00,0.11,0.0,11.17642230651341,0.0,0.380833333,0.0,0.072,0.0
2025-04-22 22:00:00,0.16,0.0,11.01642230651341,0.0,0.380833333,0.0,0.073,0.0
2025-04-22 23:00:00,0.12,0.0,10.896422306513411,0.0,0.380833333,0.0,0.071,0.0
2025-04-23 00:00:00,0.71,0.0,10.18642230651341,0.0,0.370833333,0.0,0.075,0.0
2025-04-23 01:00:00,0.48,0.0,9.70642230651341,0.0,0.370833333,0.0,0.074,0.0
2025-04-23 02:00:00,1.08,0.0,8.62642230651341,0.0,0.370833333,0.0,0.075,0.0
2025-04-23 03:00:00,0.5599999999999999,0.0,8.06642230651341,0.0,0.370833333,0.0,0.074,0.0
2025-04-23 04:00:00,0.8700000000000001,0.0,7.196422306513409,0.0,0.370833333,0.0,0.071,0.0
2025-04-23 05:00:00,0.8300000000000001,0.0,6.366422306513409,0.0,0.370833333,0.0,0.073,0.0
2025-04-23 06:00:00,0.89,0.298077,5.774499306513409,0.0,0.370833333,0.0,0.07,0.0
2025-04-23 07:00:00,1.03,0.358024,5.102523306513409,0.0,0.370833333,0.0,0.065,0.0
2025-04-23 08:00:00,0.89,1.80042,6.012943306513409,0.0,0.370833333,0.0,0.018,0.0
2025-04-23 09:00:00,0.77,1.808359,7.051302306513409,0.0,0.370833333,0.0,0.011,0.0
2025-04-23 10:00:00,2.99,3.861221,7.922523306513408,0.0,0.370833333,0.0,0.01,0.0
2025-04-23 11:00:00,2.8493974358974357,2.443744,7.516869870615973,0.0,0.370833333,0.0,0.011,0.0
2025-04-23 12:00:00,2.839397435897436,3.08726,7.764732434718537,0.0,0.370833333,0.0,0.012,0.0
2025-04-23 13:00:00,2.859397435897436,3.284528,8.189862998821102,0.0,0.370833333,0.0,0.008,0.0
2025-04-23 14:00:00,2.57,3.122535,8.742397998821103,0.0,0.370833333,0.0,0.002,0.0
2025-04-23 15:00:00,0.12,2.457038,11.079435998821102,0.0,0.380833333,0.0,0.001,0.0
2025-04-23 16:00:00,0.1,1.071167,12.050602998821102,0.0,0.400833333,0.0,0.002,0.0
2025-04-23 17:00:00,1.1871398467432952,0.699407,11.562870152077808,0.0,0.400833333,0.0,0.011,0.0
2025-04-23 18:00:00,1.697139846743295,0.037702,9.903432305334512,0.0,0.400833333,0.0,0.081,0.0
2025-04-23 19:00:00,0.23,0.0,9.673432305334511,0.0,0.400833333,0.0,0.077,0.0
2025-04-23 20:00:00,0.54,0.0,9.133432305334512,0.0,0.400833333,0.0,0.071,0.0
2025-04-23 21:00:00,0.57,0.0,8.563432305334512,0.0,0.380833333,0.0,0.072,0.0
2025-04-23 22:00:00,0.97,0.0,7.593432305334512,0.0,0.380833333,0.0,0.073,0.0
2025-04-23 23:00:00,0.5700000000000001,0.0,7.023432305334512,0.0,0.380833333,0.0,0.071,0.0
2025-04-24 00:00:00,0.5900000000000001,0.0,6.433432305334512,0.0,0.370833333,0.0,0.075,0.0
2025-04-24 01:00:00,0.99,0.0,5.443432305334512,0.0,0.370833333,0.0,0.074,0.0
2025-04-24 02:00:00,0.9,0.0,4.543432305334512,0.0,0.370833333,0.0,0.075,0.0
2025-04-24 03:00:00,1.12,0.0,3.4234323053345115,0.0,0.370833333,0.0,0.074,0.0
2025-04-24 04:00:00,0.56,0.0,2.863432305334511,0.0,0.370833333,0.0,0.071,0.0
2025-04-24 05:00:00,0.75,0.0,2.113432305334511,0.0,0.370833333,0.0,0.073,0.0
2025-04-24 06:00:00,0.94,0.2917289999999999,1.4651613053345114,0.0,0.370833333,0.0,0.07,0.0
2025-04-24 07:00:00,0.72,0.6972999999999999,1.4424613053345112,0.0,0.370833333,0.0,0.065,0.0
2025-04-24 08:00:00,1.39,1.037138,1.0895993053345112,0.0,0.370833333,0.0,0.018,0.0
2025-04-24 09:00:00,1.4500000000000002,2.986652,2.626251305334511,0.0,0.370833333,0.0,0.011,0.0
2025-04-24 10:00:00,1.24,1.269706,2.655957305334511,0.0,0.370833333,0.0,0.01,0.0
2025-04-24 11:00:00,1.469096153846154,5.501249,6.688110151488356,0.0,0.370833333,0.0,0.011,0.0
2025-04-24 12:00:00,1.099096153846154,5.593088,11.182101997642205,0.0,0.370833333,0.0,0.012,0.0
2025-04-24 13:00:00,1.309096153846154,5.298697,13.5,0.0,0.370833333,3.989600846153846,0.008,-0.03191680676923077
2025-04-24 14:00:00,0.17,4.653803,13.5,0.0,0.370833333,4.483803,0.002,-0.008967606
2025-04-24 15:00:00,0.12,2.849069,13.5,0.0,0.380833333,2.729069,0.001,-0.002729069
2025-04-24 16:00:00,0.11,1.482276,13.5,0.0,0.400833333,1.3722759999999998,0.002,-0.002744552
2025-04-24 17:00:00,1.7557097701149424,0.7112,12.455490229885058,0.0,0.400833333,0.0,0.011,0.0
2025-04-24 18:00:00,1.8557097701149423,0.043703,10.643483459770115,0.0,0.400833333,0.0,0.081,0.0
2025-04-24 19:00:00,0.7,0.0,9.943483459770116,0.0,0.400833333,0.0,0.077,0.0
2025-04-24 20:00:00,0.18,0.0,9.763483459770116,0.0,0.400833333,0.0,0.071,0.0
2025-04-24 21:00:00,0.15,0.0,9.613483459770116,0.0,0.380833333,0.0,0.072,0.0
2025-04-24 22:00:00,0.61,0.0,9.003483459770116,0.0,0.380833333,0.0,0.073,0.0
2025-04-24 23:00:00,0.1,0.0,8.903483459770117,0.0,0.380833333,0.0,0.071,0.0
2025-04-25 00:00:00,0.92,0.0,7.983483459770117,0.0,0.370833333,0.0,0.075,0.0
2025-04-25 01:00:00,0.48,0.0,7.503483459770116,0.0,0.370833333,0.0,0.074,0.0
2025-04-25 02:00:00,0.99,0.0,6.513483459770116,0.0,0.370833333,0.0,0.075,0.0
2025-04-25 03:00:00,0.93,0.0,5.583483459770116,0.0,0.370833333,0.0,0.074,0.0
2025-04-25 04:00:00,0.8300000000000001,0.0,4.753483459770116,0.0,0.370833333,0.0,0.071,0.0
2025-04-25 05:00:00,0.66,0.0,4.093483459770116,0.0,0.370833333,0.0,0.073,0.0
2025-04-25 06:00:00,0.64,0.3865699999999999,3.840053459770117,0.0,0.370833333,0.0,0.07,0.0
2025-04-25 07:00:00,1.11,0.12548,2.8555334597701165,0.0,0.370833333,0.0,0.065,0.0
2025-04-25 08:00:00,0.8200000000000001,0.188686,2.2242194597701164,0.0,0.370833333,0.0,0.018,0.0
2025-04-25 09:00:00,0.5399999999999999,2.011317,3.695536459770117,0.0,0.370833333,0.0,0.011,0.0
2025-04-25 10:00:00,2.4,2.5937379999999997,3.889274459770116,0.0,0.370833333,0.0,0.01,0.0
2025-04-25 11:00:00,3.309096153846154,3.978605,4.558783305923962,0.0,0.370833333,0.0,0.011,0.0
2025-04-25 12:00:00,3.229096153846154,4.447947,5.777634152077808,0.0,0.370833333,0.0,0.012,0.0
2025-04-25 13:00:00,2.969096153846154,4.708,7.516537998231654,0.0,0.370833333,0.0,0.008,0.0
2025-04-25 14:00:00,2.4499999999999997,3.684695,8.751232998231654,0.0,0.370833333,0.0,0.002,0.0
2025-04-25 15:00:00,0.15,3.177873,11.779105998231651,0.0,0.380833333,0.0,0.001,0.0
2025-04-25 16:00:00,0.14,0.068216,11.707321998231654,0.0,0.400833333,0.0,0.002,0.0
2025-04-25 17:00:00,1.7557097701149424,0.009529,9.96114122811671,0.0,0.400833333,0.0,0.011,0.0
2025-04-25 18:00:00,1.8057097701149425,0.0,8.155431458001768,0.0,0.400833333,0.0,0.081,0.0
2025-04-25 19:00:00,0.24,0.0,7.915431458001768,0.0,0.400833333,0.0,0.077,0.0
2025-04-25 20:00:00,0.15,0.0,7.765431458001768,0.0,0.400833333,0.0,0.071,0.0
2025-04-25 21:00:00,0.22,0.0,7.545431458001768,0.0,0.380833333,0.0,0.072,0.0
2025-04-25 22:00:00,0.22,0.0,7.325431458001768,0.0,0.380833333,0.0,0.073,0.0
2025-04-25 23:00:00,0.1,0.0,7.225431458001768,0.0,0.380833333,0.0,0.071,0.0
2025-04-26 00:00:00,0.98,0.0,6.245431458001768,0.0,0.370833333,0.0,0.075,0.0
2025-04-26 01:00:00,1.09,0.0,5.155431458001768,0.0,0.370833333,0.0,0.074,0.0
2025-04-26 02:00:00,0.8300000000000001,0.0,4.325431458001768,0.0,0.370833333,0.0,0.075,0.0
2025-04-26 03:00:00,1.0699999999999998,0.0,3.2554314580017683,0.0,0.370833333,0.0,0.074,0.0
2025-04-26 04:00:00,0.9,0.0,2.3554314580017683,0.0,0.370833333,0.0,0.071,0.0
2025-04-26 05:00:00,1.17,0.004311,1.1897424580017684,0.0,0.370833333,0.0,0.073,0.0
2025-04-26 06:00:00,0.96,0.0,0.2297424580017684,0.0,0.370833333,0.0,0.07,0.0
2025-04-26 07:00:00,1.12,0.199655,0.0,0.6906025419982317,0.370833333,0.0,0.065,0.2560984424274767
2025-04-26 08:00:00,0.24,1.2767149999999998,1.0367149999999998,0.0,0.370833333,0.0,0.018,0.0
2025-04-26 09:00:00,0.47,1.232125,1.7988399999999998,0.0,0.370833333,0.0,0.011,0.0
2025-04-26 10:00:00,2.44,4.235616,3.594456,0.0,0.370833333,0.0,0.01,0.0
2025-04-26 11:00:00,2.7473653846153843,5.75,6.597090615384616,0.0,0.370833333,0.0,0.011,0.0
2025-04-26 12:00:00,2.8173653846153845,5.75,9.52972523076923,0.0,0.370833333,0.0,0.012,0.0
2025-04-26 13:00:00,2.8173653846153845,5.75,12.462359846153843,0.0,0.370833333,0.0,0.008,0.0
2025-04-26 14:00:00,2.58,5.0826199999999995,13.5,0.0,0.370833333,2.5026199999999994,0.002,-0.0050052399999999985
2025-04-26 15:00:00,0.14,3.96165,13.5,0.0,0.380833333,3.82165,0.001,-0.0038216500000000002
2025-04-26 16:00:00,0.11,2.409046,13.5,0.0,0.400833333,2.299046,0.002,-0.004598092000000001
2025-04-26 17:00:00,0.925853448275862,0.731542,13.305688551724138,0.0,0.400833333,0.0,0.011,0.0
2025-04-26 18:00:00,0.925853448275862,0.066459,12.446294103448276,0.0,0.400833333,0.0,0.081,0.0
2025-04-26 19:00:00,0.13,0.0,12.316294103448277,0.0,0.400833333,0.0,0.077,0.0
2025-04-26 20:00:00,0.13,0.0,12.186294103448274,0.0,0.400833333,0.0,0.071,0.0
2025-04-26 21:00:00,0.11,0.0,12.076294103448276,0.0,0.380833333,0.0,0.072,0.0
2025-04-26 22:00:00,0.12,0.0,11.956294103448275,0.0,0.380833333,0.0,0.073,0.0
2025-04-26 23:00:00,0.98,0.0,10.976294103448277,0.0,0.380833333,0.0,0.071,0.0
2025-04-27 00:00:00,0.57,0.0,10.406294103448277,0.0,0.370833333,0.0,0.075,0.0
2025-04-27 01:00:00,0.5599999999999999,0.0,9.846294103448274,0.0,0.370833333,0.0,0.074,0.0
2025-04-27 02:00:00,0.56,0.0,9.286294103448274,0.0,0.370833333,0.0,0.075,0.0
2025-04-27 03:00:00,0.74,0.0,8.546294103448274,0.0,0.370833333,0.0,0.074,0.0
2025-04-27 04:00:00,1.0,0.0,7.546294103448274,0.0,0.370833333,0.0,0.071,0.0
2025-04-27 05:00:00,0.79,0.011736,6.7680301034482735,0.0,0.370833333,0.0,0.073,0.0
2025-04-27 06:00:00,0.6,0.443087,6.611117103448273,0.0,0.370833333,0.0,0.07,0.0
2025-04-27 07:00:00,2.16,1.954231,6.405348103448273,0.0,0.370833333,0.0,0.065,0.0
2025-04-27 08:00:00,0.81,3.569708,9.165056103448272,0.0,0.370833333,0.0,0.018,0.0
2025-04-27 09:00:00,1.16,4.75605,12.761106103448272,0.0,0.370833333,0.0,0.011,0.0
2025-04-27 10:00:00,3.3899999999999997,5.536254,13.5,0.0,0.370833333,2.146254,0.01,-0.02146254
2025-04-27 11:00:00,2.7073653846153847,5.75,13.5,0.0,0.370833333,3.0426346153846153,0.011,-0.033468980769230765
2025-04-27 12:00:00,2.8673653846153844,5.75,13.5,0.0,0.370833333,2.8826346153846156,0.012,-0.03459161538461539
2025-04-27 13:00:00,3.717365384615385,5.61833,13.5,0.0,0.370833333,1.9009646153846154,0.008,-0.015207716923076924
2025-04-27 14:00:00,5.5,4.9046639999999995,12.904664,0.0,0.370833333,0.0,0.002,0.0
2025-04-27 15:00:00,0.87,3.31981,13.5,0.0,0.380833333,2.44981,0.001,-0.0024498099999999997
2025-04-27 16:00:00,0.29,2.301344,13.5,0.0,0.400833333,2.011344,0.002,-0.004022688
2025-04-27 17:00:00,1.185853448275862,0.728666,13.042812551724138,0.0,0.400833333,0.0,0.011,0.0
2025-04-27 18:00:00,1.2158534482758625,0.070412,11.897371103448275,0.0,0.400833333,0.0,0.081,0.0
2025-04-27 19:00:00,0.25,0.0,11.647371103448275,0.0,0.400833333,0.0,0.077,0.0
2025-04-27 20:00:00,0.26,0.0,11.387371103448276,0.0,0.400833333,0.0,0.071,0.0
2025-04-27 21:00:00,0.15,0.0,11.237371103448275,0.0,0.380833333,0.0,0.072,0.0
2025-04-27 22:00:00,0.1,0.0,11.137371103448276,0.0,0.380833333,0.0,0.073,0.0
2025-04-27 23:00:00,0.1,0.0,11.037371103448276,0.0,0.380833333,0.0,0.071,0.0
2025-04-28 00:00:00,0.12,0.0,10.917371103448277,0.0,0.370833333,0.0,0.075,0.0
2025-04-28 01:00:00,0.22,0.0,10.697371103448276,0.0,0.370833333,0.0,0.074,0.0
2025-04-28 02:00:00,0.92,0.0,9.777371103448276,0.0,0.370833333,0.0,0.075,0.0
2025-04-28 03:00:00,0.5499999999999999,0.0,9.227371103448275,0.0,0.370833333,0.0,0.074,0.0
2025-04-28 04:00:00,1.0,0.0,8.227371103448275,0.0,0.370833333,0.0,0.071,0.0
2025-04-28 05:00:00,0.82,0.0113569999999999,7.4187281034482755,0.0,0.370833333,0.0,0.073,0.0
2025-04-28 06:00:00,0.66,0.4054979999999999,7.164226103448275,0.0,0.370833333,0.0,0.07,0.0
2025-04-28 07:00:00,0.5,1.865361,8.529587103448275,0.0,0.370833333,0.0,0.065,0.0
2025-04-28 08:00:00,0.15,3.4448600000000003,11.824447103448277,0.0,0.370833333,0.0,0.018,0.0
2025-04-28 09:00:00,0.24,4.589824999999999,13.5,0.0,0.370833333,4.349824999999999,0.011,-0.04784807499999999
2025-04-28 10:00:00,0.14,5.416062,13.5,0.0,0.370833333,5.2760620000000005,0.01,-0.05276062000000001
2025-04-28 11:00:00,0.4273653846153847,5.75,13.5,0.0,0.370833333,5.322634615384615,0.011,-0.05854898076923076
2025-04-28 12:00:00,0.4573653846153847,5.75,13.5,0.0,0.370833333,5.292634615384616,0.012,-0.06351161538461539
2025-04-28 13:00:00,0.4973653846153847,5.511056,13.5,0.0,0.370833333,5.013690615384615,0.008,-0.04010952492307692
2025-04-28 14:00:00,0.14,4.8270290000000005,13.5,0.0,0.370833333,4.687029000000001,0.002,-0.009374058000000001
2025-04-28 15:00:00,0.44,3.727003,13.5,0.0,0.380833333,3.287003,0.001,-0.003287003
2025-04-28 16:00:00,0.13,2.254056,13.5,0.0,0.400833333,2.124056,0.002,-0.004248112
2025-04-28 17:00:00,0.9458534482758622,0.723915,13.278061551724138,0.0,0.400833333,0.0,0.011,0.0
2025-04-28 18:00:00,0.9458534482758622,0.082899,12.415107103448277,0.0,0.400833333,0.0,0.081,0.0
2025-04-28 19:00:00,1.3,0.0,11.115107103448274,0.0,0.400833333,0.0,0.077,0.0
2025-04-28 20:00:00,0.21,0.0,10.905107103448271,0.0,0.400833333,0.0,0.071,0.0
2025-04-28 21:00:00,0.15,0.0,10.755107103448273,0.0,0.380833333,0.0,0.072,0.0
2025-04-28 22:00:00,0.14,0.0,10.615107103448272,0.0,0.380833333,0.0,0.073,0.0
2025-04-28 23:00:00,0.1,0.0,10.515107103448273,0.0,0.380833333,0.0,0.071,0.0
2025-04-29 00:00:00,0.1,0.0,10.415107103448271,0.0,0.370833333,0.0,0.075,0.0
2025-04-29 01:00:00,0.1,0.0,10.315107103448272,0.0,0.370833333,0.0,0.074,0.0
2025-04-29 02:00:00,0.1,0.0,10.215107103448274,0.0,0.370833333,0.0,0.075,0.0
2025-04-29 03:00:00,0.53,0.0,9.685107103448274,0.0,0.370833333,0.0,0.074,0.0
2025-04-29 04:00:00,0.88,0.0,8.805107103448274,0.0,0.370833333,0.0,0.071,0.0
2025-04-29 05:00:00,0.5399999999999999,0.011156,8.276263103448274,0.0,0.370833333,0.0,0.073,0.0
2025-04-29 06:00:00,0.5700000000000001,0.460181,8.166444103448274,0.0,0.370833333,0.0,0.07,0.0
2025-04-29 07:00:00,0.22,1.862963,9.809407103448274,0.0,0.370833333,0.0,0.065,0.0
2025-04-29 08:00:00,0.1,3.358435,13.067842103448276,0.0,0.370833333,0.0,0.018,0.0
2025-04-29 09:00:00,0.13,4.451227,13.5,0.0,0.370833333,4.321227,0.011,-0.047533497
2025-04-29 10:00:00,1.36,5.2154799999999994,13.5,0.0,0.370833333,3.855479999999999,0.01,-0.03855479999999999
2025-04-29 11:00:00,2.8073653846153848,5.656692,13.5,0.0,0.370833333,2.849326615384615,0.011,-0.031342592769230765
2025-04-29 12:00:00,0.5073653846153847,5.676189999999999,13.5,0.0,0.370833333,5.168824615384614,0.012,-0.06202589538461537
2025-04-29 13:00:00,0.3873653846153847,5.347379,13.5,0.0,0.370833333,4.960013615384615,0.008,-0.039680108923076926
2025-04-29 14:00:00,0.12,4.6718969999999995,13.5,0.0,0.370833333,4.551896999999999,0.002,-0.009103793999999998
2025-04-29 15:00:00,0.1,3.651965,13.5,0.0,0.380833333,3.551965,0.001,-0.0035519650000000002
2025-04-29 16:00:00,0.11,2.216649,13.5,0.0,0.400833333,2.106649,0.002,-0.004213298
2025-04-29 17:00:00,1.1458534482758622,0.717452,13.071598551724138,0.0,0.400833333,0.0,0.011,0.0
2025-04-29 18:00:00,2.395853448275862,0.093015,10.768760103448276,0.0,0.400833333,0.0,0.081,0.0
2025-04-29 19:00:00,0.16,0.0,10.608760103448276,0.0,0.400833333,0.0,0.077,0.0
2025-04-29 20:00:00,0.5700000000000001,0.0,10.038760103448276,0.0,0.400833333,0.0,0.071,0.0
2025-04-29 21:00:00,0.72,0.0,9.318760103448277,0.0,0.380833333,0.0,0.072,0.0
2025-04-29 22:00:00,0.38,0.0,8.938760103448274,0.0,0.380833333,0.0,0.073,0.0
2025-04-29 23:00:00,0.13,0.0,8.808760103448273,0.0,0.380833333,0.0,0.071,0.0
2025-04-30 00:00:00,0.11,0.0,8.698760103448274,0.0,0.370833333,0.0,0.075,0.0
2025-04-30 01:00:00,0.11,0.0,8.588760103448275,0.0,0.370833333,0.0,0.074,0.0
2025-04-30 02:00:00,0.12,0.0,8.468760103448275,0.0,0.370833333,0.0,0.075,0.0
2025-04-30 03:00:00,0.12,0.0,8.348760103448276,0.0,0.370833333,0.0,0.074,0.0
2025-04-30 04:00:00,0.11,0.0,8.238760103448277,0.0,0.370833333,0.0,0.071,0.0
2025-04-30 05:00:00,0.11,0.014717,8.143477103448276,0.0,0.370833333,0.0,0.073,0.0
2025-04-30 06:00:00,0.88,0.475824,7.739301103448277,0.0,0.370833333,0.0,0.07,0.0
2025-04-30 07:00:00,0.64,1.83677,8.936071103448278,0.0,0.370833333,0.0,0.065,0.0
2025-04-30 08:00:00,0.15,3.3175320000000004,12.10360310344828,0.0,0.370833333,0.0,0.018,0.0
2025-04-30 09:00:00,0.24,4.440761999999999,13.5,0.0,0.370833333,4.200761999999999,0.011,-0.046208381999999985
2025-04-30 10:00:00,2.44,5.239817,13.5,0.0,0.370833333,2.7998170000000004,0.01,-0.027998170000000006
2025-04-30 11:00:00,2.7273653846153847,5.175027,13.5,0.0,0.370833333,2.4476616153846154,0.011,-0.026924277769230766
2025-04-30 12:00:00,2.7373653846153845,5.070615,13.5,0.0,0.370833333,2.3332496153846156,0.012,-0.027998995384615387
2025-04-30 13:00:00,2.7573653846153845,4.908875,13.5,0.0,0.370833333,2.1515096153846156,0.008,-0.017212076923076924
2025-04-30 14:00:00,2.46,3.601672,13.5,0.0,0.370833333,1.1416720000000002,0.002,-0.0022833440000000005
2025-04-30 15:00:00,0.15,3.208674,13.5,0.0,0.380833333,3.058674,0.001,-0.003058674
2025-04-30 16:00:00,0.18,2.110508,13.5,0.0,0.400833333,1.930508,0.002,-0.0038610159999999997
2025-04-30 17:00:00,0.9458534482758622,0.665532,13.219678551724138,0.0,0.400833333,0.0,0.011,0.0
2025-04-30 18:00:00,1.1558534482758622,0.086103,12.149928103448277,0.0,0.400833333,0.0,0.081,0.0
2025-04-30 19:00:00,0.18,0.0,11.969928103448275,0.0,0.400833333,0.0,0.077,0.0
2025-04-30 20:00:00,0.3,0.0,11.669928103448276,0.0,0.400833333,0.0,0.071,0.0
2025-04-30 21:00:00,0.25,0.0,11.419928103448276,0.0,0.380833333,0.0,0.072,0.0
2025-04-30 22:00:00,0.16,0.0,11.259928103448276,0.0,0.380833333,0.0,0.073,0.0
2025-04-30 23:00:00,0.11,0.0,11.149928103448277,0.0,0.380833333,0.0,0.071,0.0
2025-04-30 23:59:59,0.1,0.0,11.149928103448277,0.1,150.0,0.0,0.0,15.0
2025-05-01 00:00:00,0.11,0.0,11.039928103448275,0.0,0.37016129,0.0,0.075,0.0
2025-05-01 01:00:00,0.1,0.0,10.939928103448278,0.0,0.37016129,0.0,0.071,0.0
2025-05-01 02:00:00,0.11,0.0,10.829928103448278,0.0,0.37016129,0.0,0.071,0.0
2025-05-01 03:00:00,0.16,0.0,10.669928103448278,0.0,0.37016129,0.0,0.071,0.0
2025-05-01 04:00:00,0.93,0.0,9.739928103448278,0.0,0.37016129,0.0,0.072,0.0
2025-05-01 05:00:00,0.6400000000000001,0.0,9.099928103448278,0.0,0.37016129,0.0,0.069,0.0
2025-05-01 06:00:00,0.49,0.1737719999999999,8.783700103448277,0.0,0.37016129,0.0,0.065,0.0
2025-05-01 07:00:00,0.26,0.809036,9.332736103448276,0.0,0.37016129,0.0,0.06,0.0
2025-05-01 08:00:00,0.56,2.171464,10.944200103448276,0.0,0.37016129,0.0,0.029,0.0
2025-05-01 09:00:00,0.22,2.55308,13.277280103448277,0.0,0.37016129,0.0,0.016,0.0
2025-05-01 10:00:00,0.21,3.684334,13.5,0.0,0.37016129,3.4743340000000003,0.012,-0.041692008
2025-05-01 11:00:00,0.5073653846153847,3.670615,13.5,0.0,0.37016129,3.1632496153846157,0.016,-0.05061199384615385
2025-05-01 12:00:00,0.5073653846153847,3.635314,13.5,0.0,0.37016129,3.127948615384615,0.013,-0.040663331999999996
2025-05-01 13:00:00,0.5073653846153847,4.356529999999999,13.5,0.0,0.37016129,3.8491646153846144,0.009,-0.03464248153846153
2025-05-01 14:00:00,0.22,4.178159,13.5,0.0,0.37016129,3.9581589999999998,0.009,-0.035623431
2025-05-01 15:00:00,0.21,3.426915,13.5,0.0,0.38016129,3.216915,0.007,-0.022518405000000002
2025-05-01 16:00:00,0.21,1.602699,13.5,0.0,0.40016129,1.3926990000000001,0.014,-0.019497786000000003
2025-05-01 17:00:00,1.025853448275862,0.332592,12.806738551724138,0.0,0.40016129,0.0,0.033,0.0
2025-05-01 18:00:00,1.1258534482758622,0.048208,11.729093103448276,0.0,0.40016129,0.0,0.08,0.0
2025-05-01 19:00:00,0.12,0.0,11.609093103448275,0.0,0.40016129,0.0,0.082,0.0
2025-05-01 20:00:00,0.17,0.0,11.439093103448275,0.0,0.40016129,0.0,0.073,0.0
2025-05-01 21:00:00,0.21,0.0,11.229093103448276,0.0,0.38016129,0.0,0.07,0.0
2025-05-01 22:00:00,0.12,0.0,11.109093103448275,0.0,0.38016129,0.0,0.069,0.0
2025-05-01 23:00:00,0.09,0.0,11.019093103448276,0.0,0.38016129,0.0,0.072,0.0
2025-05-02 00:00:00,0.95,0.0,10.069093103448276,0.0,0.37016129,0.0,0.075,0.0
2025-05-02 01:00:00,0.46,0.0,9.609093103448275,0.0,0.37016129,0.0,0.071,0.0
2025-05-02 02:00:00,0.94,0.0,8.669093103448276,0.0,0.37016129,0.0,0.071,0.0
2025-05-02 03:00:00,0.56,0.0,8.109093103448275,0.0,0.37016129,0.0,0.071,0.0
2025-05-02 04:00:00,0.94,0.0,7.169093103448276,0.0,0.37016129,0.0,0.072,0.0
2025-05-02 05:00:00,0.86,0.0,6.309093103448276,0.0,0.37016129,0.0,0.069,0.0
2025-05-02 06:00:00,0.8200000000000001,0.263767,5.752860103448276,0.0,0.37016129,0.0,0.065,0.0
2025-05-02 07:00:00,0.54,0.6755800000000001,5.888440103448276,0.0,0.37016129,0.0,0.06,0.0
2025-05-02 08:00:00,0.53,0.90736,6.265800103448276,0.0,0.37016129,0.0,0.029,0.0
2025-05-02 09:00:00,0.2299999999999999,3.0821300000000003,9.117930103448275,0.0,0.37016129,0.0,0.016,0.0
2025-05-02 10:00:00,2.4299999999999997,2.05347,8.741400103448278,0.0,0.37016129,0.0,0.012,0.0
2025-05-02 11:00:00,3.0173653846153847,2.819642,8.543676718832893,0.0,0.37016129,0.0,0.016,0.0
2025-05-02 12:00:00,2.8773653846153846,1.254011,6.920322334217508,0.0,0.37016129,0.0,0.013,0.0
2025-05-02 13:00:00,2.7273653846153847,0.8938680000000001,5.086824949602124,0.0,0.37016129,0.0,0.009,0.0
2025-05-02 14:00:00,2.5,0.683217,3.270041949602124,0.0,0.37016129,0.0,0.009,0.0
2025-05-02 15:00:00,0.11,0.169098,3.329139949602124,0.0,0.38016129,0.0,0.007,0.0
2025-05-02 16:00:00,0.1,1.156945,4.3860849496021235,0.0,0.40016129,0.0,0.014,0.0
2025-05-02 17:00:00,1.0958534482758622,0.350859,3.6410905013262616,0.0,0.40016129,0.0,0.033,0.0
2025-05-02 18:00:00,1.005853448275862,0.0,2.6352370530503997,0.0,0.40016129,0.0,0.08,0.0
2025-05-02 19:00:00,0.12,0.0,2.5152370530503996,0.0,0.40016129,0.0,0.082,0.0
2025-05-02 20:00:00,0.47,0.0,2.0452370530504,0.0,0.40016129,0.0,0.073,0.0
2025-05-02 21:00:00,0.36,0.0,1.6852370530504,0.0,0.38016129,0.0,0.07,0.0
2025-05-02 22:00:00,0.53,0.0,1.1552370530504,0.0,0.38016129,0.0,0.069,0.0
2025-05-02 23:00:00,0.1,0.0,1.0552370530503998,0.0,0.38016129,0.0,0.072,0.0
2025-05-03 00:00:00,0.39,0.0,0.6652370530503998,0.0,0.37016129,0.0,0.075,0.0
2025-05-03 01:00:00,0.56,0.0,0.1052370530503997,0.0,0.37016129,0.0,0.071,0.0
2025-05-03 02:00:00,0.5700000000000001,0.0,0.0,0.46476294694960035,0.37016129,0.0,0.071,0.17203725198706563
2025-05-03 03:00:00,0.8099999999999999,0.0,0.0,0.8099999999999999,0.37016129,0.0,0.071,0.29983064489999994
2025-05-03 04:00:00,0.76,0.0,0.0,0.76,0.37016129,0.0,0.072,0.28132258039999997
2025-05-03 05:00:00,0.59,0.0,0.0,0.59,0.37016129,0.0,0.069,0.21839516109999998
2025-05-03 06:00:00,0.8,0.321497,0.0,0.47850300000000007,0.37016129,0.0,0.065,0.17712328774887
2025-05-03 07:00:00,1.33,0.963616,0.0,0.36638400000000004,0.37016129,0.0,0.06,0.13562117407536
2025-05-03 08:00:00,1.63,1.686739,0.056739,0.0,0.37016129,0.0,0.029,0.0
2025-05-03 09:00:00,0.6,2.748662,2.205401,0.0,0.37016129,0.0,0.016,0.0
2025-05-03 10:00:00,2.9399999999999995,2.304101,1.5695020000000008,0.0,0.37016129,0.0,0.012,0.0
2025-05-03 11:00:00,2.8173653846153845,2.073069,0.8252056153846161,0.0,0.37016129,0.0,0.016,0.0
2025-05-03 12:00:00,2.847365384615385,4.442211,2.4200512307692317,0.0,0.37016129,0.0,0.013,0.0
2025-05-03 13:00:00,2.7773653846153845,5.41958,5.0622658461538474,0.0,0.37016129,0.0,0.009,0.0
2025-05-03 14:00:00,2.57,4.774386000000001,7.266651846153849,0.0,0.37016129,0.0,0.009,0.0
2025-05-03 15:00:00,0.19,3.702861,10.77951284615385,0.0,0.38016129,0.0,0.007,0.0
2025-05-03 16:00:00,0.11,1.789729,12.45924184615385,0.0,0.40016129,0.0,0.014,0.0
2025-05-03 17:00:00,0.985853448275862,0.511777,11.985165397877989,0.0,0.40016129,0.0,0.033,0.0
2025-05-03 18:00:00,0.985853448275862,0.11555,11.114861949602126,0.0,0.40016129,0.0,0.08,0.0
2025-05-03 19:00:00,0.29,0.0,10.824861949602129,0.0,0.40016129,0.0,0.082,0.0
2025-05-03 20:00:00,0.37,0.0,10.454861949602128,0.0,0.40016129,0.0,0.073,0.0
2025-05-03 21:00:00,0.35,0.0,10.104861949602128,0.0,0.38016129,0.0,0.07,0.0
2025-05-03 22:00:00,0.18,0.0,9.924861949602128,0.0,0.38016129,0.0,0.069,0.0
2025-05-03 23:00:00,0.1,0.0,9.824861949602129,0.0,0.38016129,0.0,0.072,0.0
2025-05-04 00:00:00,0.6000000000000001,0.0,9.22486194960213,0.0,0.37016129,0.0,0.075,0.0
2025-05-04 01:00:00,1.01,0.0,8.21486194960213,0.0,0.37016129,0.0,0.071,0.0
2025-05-04 02:00:00,0.96,0.0,7.254861949602129,0.0,0.37016129,0.0,0.071,0.0
2025-05-04 03:00:00,1.01,0.0,6.24486194960213,0.0,0.37016129,0.0,0.071,0.0
2025-05-04 04:00:00,0.96,0.0,5.28486194960213,0.0,0.37016129,0.0,0.072,0.0
2025-05-04 05:00:00,0.68,0.039628,4.6444899496021295,0.0,0.37016129,0.0,0.069,0.0
2025-05-04 06:00:00,1.02,0.185273,3.8097629496021295,0.0,0.37016129,0.0,0.065,0.0
2025-05-04 07:00:00,0.66,0.921007,4.07076994960213,0.0,0.37016129,0.0,0.06,0.0
2025-05-04 08:00:00,0.14,1.557892,5.48866194960213,0.0,0.37016129,0.0,0.029,0.0
2025-05-04 09:00:00,0.1,1.147775,6.5364369496021295,0.0,0.37016129,0.0,0.016,0.0
2025-05-04 10:00:00,2.4,3.420668,7.557104949602129,0.0,0.37016129,0.0,0.012,0.0
2025-05-04 11:00:00,2.6298923076923075,3.953585,8.880797641909822,0.0,0.37016129,0.0,0.016,0.0
2025-05-04 12:00:00,2.6898923076923076,5.75,11.940905334217517,0.0,0.37016129,0.0,0.013,0.0
2025-05-04 13:00:00,5.639892307692307,5.576703,11.877716026525208,0.0,0.37016129,0.0,0.009,0.0
2025-05-04 14:00:00,4.109999999999999,4.891434,12.659150026525207,0.0,0.37016129,0.0,0.009,0.0
2025-05-04 15:00:00,0.16,3.778507,13.5,0.0,0.38016129,3.6185069999999997,0.007,-0.025329549
2025-05-04 16:00:00,0.11,2.297604,13.5,0.0,0.40016129,2.1876040000000003,0.014,-0.030626456000000007
2025-05-04 17:00:00,0.7526827586206897,0.711924,13.45924124137931,0.0,0.40016129,0.0,0.033,0.0
2025-05-04 18:00:00,0.9326827586206896,0.111621,12.63817948275862,0.0,0.40016129,0.0,0.08,0.0
2025-05-04 19:00:00,0.18,0.0,12.45817948275862,0.0,0.40016129,0.0,0.082,0.0
2025-05-04 20:00:00,0.14,0.0,12.31817948275862,0.0,0.40016129,0.0,0.073,0.0
2025-05-04 21:00:00,0.11,0.0,12.20817948275862,0.0,0.38016129,0.0,0.07,0.0
2025-05-04 22:00:00,0.16,0.0,12.04817948275862,0.0,0.38016129,0.0,0.069,0.0
2025-05-04 23:00:00,0.1,0.0,11.94817948275862,0.0,0.38016129,0.0,0.072,0.0
2025-05-05 00:00:00,0.1,0.0,11.84817948275862,0.0,0.37016129,0.0,0.075,0.0
2025-05-05 01:00:00,0.11,0.0,11.73817948275862,0.0,0.37016129,0.0,0.071,0.0
2025-05-05 02:00:00,0.2,0.0,11.538179482758622,0.0,0.37016129,0.0,0.071,0.0
2025-05-05 03:00:00,0.12,0.0,11.418179482758624,0.0,0.37016129,0.0,0.071,0.0
2025-05-05 04:00:00,0.42,0.0,10.998179482758625,0.0,0.37016129,0.0,0.072,0.0
2025-05-05 05:00:00,0.39,0.031939,10.640118482758623,0.0,0.37016129,0.0,0.069,0.0
2025-05-05 06:00:00,0.4,0.474827,10.714945482758624,0.0,0.37016129,0.0,0.065,0.0
2025-05-05 07:00:00,0.19,1.635769,12.160714482758625,0.0,0.37016129,0.0,0.06,0.0
2025-05-05 08:00:00,0.18,3.06041,13.5,0.0,0.37016129,2.88041,0.029,-0.08353189
2025-05-05 09:00:00,0.18,4.50568,13.5,0.0,0.37016129,4.32568,0.016,-0.06921088
2025-05-05 10:00:00,0.15,5.394256,13.5,0.0,0.37016129,5.244256,0.012,-0.062931072
2025-05-05 11:00:00,0.4298923076923077,5.75,13.5,0.0,0.37016129,5.320107692307692,0.016,-0.08512172307692308
2025-05-05 12:00:00,0.4198923076923077,5.337471,13.5,0.0,0.37016129,4.917578692307692,0.013,-0.06392852299999999
2025-05-05 13:00:00,0.4098923076923078,4.951,13.5,0.0,0.37016129,4.541107692307692,0.009,-0.04086996923076923
2025-05-05 14:00:00,0.18,4.763024000000001,13.5,0.0,0.37016129,4.583024000000001,0.009,-0.041247216
2025-05-05 15:00:00,0.6200000000000001,3.650492,13.5,0.0,0.38016129,3.0304919999999997,0.007,-0.021213443999999998
2025-05-05 16:00:00,0.63,2.204908,13.5,0.0,0.40016129,1.5749080000000002,0.014,-0.022048712
2025-05-05 17:00:00,0.7626827586206897,0.674584,13.41190124137931,0.0,0.40016129,0.0,0.033,0.0
2025-05-05 18:00:00,0.8326827586206897,0.091044,12.67026248275862,0.0,0.40016129,0.0,0.08,0.0
2025-05-05 19:00:00,0.2,0.0,12.47026248275862,0.0,0.40016129,0.0,0.082,0.0
2025-05-05 20:00:00,0.26,0.0,12.21026248275862,0.0,0.40016129,0.0,0.073,0.0
2025-05-05 21:00:00,0.28,0.0,11.93026248275862,0.0,0.38016129,0.0,0.07,0.0
2025-05-05 22:00:00,0.22,0.0,11.71026248275862,0.0,0.38016129,0.0,0.069,0.0
2025-05-05 23:00:00,0.14,0.0,11.57026248275862,0.0,0.38016129,0.0,0.072,0.0
2025-05-06 00:00:00,0.11,0.0,11.46026248275862,0.0,0.37016129,0.0,0.075,0.0
2025-05-06 01:00:00,0.14,0.0,11.32026248275862,0.0,0.37016129,0.0,0.071,0.0
2025-05-06 02:00:00,0.19,0.0,11.13026248275862,0.0,0.37016129,0.0,0.071,0.0
2025-05-06 03:00:00,0.19,0.0,10.94026248275862,0.0,0.37016129,0.0,0.071,0.0
2025-05-06 04:00:00,0.19,0.0,10.750262482758622,0.0,0.37016129,0.0,0.072,0.0
2025-05-06 05:00:00,0.19,0.030687,10.590949482758624,0.0,0.37016129,0.0,0.069,0.0
2025-05-06 06:00:00,0.22,0.500304,10.871253482758622,0.0,0.37016129,0.0,0.065,0.0
2025-05-06 07:00:00,0.15,1.906759,12.628012482758622,0.0,0.37016129,0.0,0.06,0.0
2025-05-06 08:00:00,0.1,3.4350549999999997,13.5,0.0,0.37016129,3.3350549999999997,0.029,-0.09671659499999999
2025-05-06 09:00:00,0.1,4.567939999999999,13.5,0.0,0.37016129,4.46794,0.016,-0.07148703999999999
2025-05-06 10:00:00,0.11,4.576751,13.5,0.0,0.37016129,4.4667509999999995,0.012,-0.053601011999999996
2025-05-06 11:00:00,0.3298923076923077,4.310682,13.5,0.0,0.37016129,3.980789692307692,0.016,-0.06369263507692308
2025-05-06 12:00:00,0.3398923076923077,4.377134,13.5,0.0,0.37016129,4.037241692307692,0.013,-0.05248414199999999
2025-05-06 13:00:00,0.3298923076923077,4.178287,13.5,0.0,0.37016129,3.8483946923076924,0.009,-0.03463555223076923
2025-05-06 14:00:00,0.1,0.92455,13.5,0.0,0.37016129,0.82455,0.009,-0.007420949999999999
2025-05-06 15:00:00,0.1,1.29791,13.5,0.0,0.38016129,1.1979099999999998,0.007,-0.00838537
2025-05-06 16:00:00,0.11,0.346716,13.5,0.0,0.40016129,0.23671600000000004,0.014,-0.0033140240000000005
2025-05-06 17:00:00,0.7626827586206897,0.566163,13.30348024137931,0.0,0.40016129,0.0,0.033,0.0
2025-05-06 18:00:00,0.9326827586206896,0.1085999999999999,12.47939748275862,0.0,0.40016129,0.0,0.08,0.0
2025-05-06 19:00:00,0.35,0.0,12.129397482758622,0.0,0.40016129,0.0,0.082,0.0
2025-05-06 20:00:00,0.51,0.0,11.619397482758622,0.0,0.40016129,0.0,0.073,0.0
2025-05-06 21:00:00,0.19,0.0,11.429397482758622,0.0,0.38016129,0.0,0.07,0.0
2025-05-06 22:00:00,0.14,0.0,11.289397482758622,0.0,0.38016129,0.0,0.069,0.0
2025-05-06 23:00:00,0.1,0.0,11.189397482758622,0.0,0.38016129,0.0,0.072,0.0
2025-05-07 00:00:00,0.1,0.0,11.089397482758622,0.0,0.37016129,0.0,0.075,0.0
2025-05-07 01:00:00,0.1,0.0,10.989397482758624,0.0,0.37016129,0.0,0.071,0.0
2025-05-07 02:00:00,0.1,0.0,10.889397482758625,0.0,0.37016129,0.0,0.071,0.0
2025-05-07 03:00:00,0.1,0.0,10.789397482758623,0.0,0.37016129,0.0,0.071,0.0
2025-05-07 04:00:00,0.11,0.0,10.679397482758624,0.0,0.37016129,0.0,0.072,0.0
2025-05-07 05:00:00,0.92,0.032818,9.792215482758625,0.0,0.37016129,0.0,0.069,0.0
2025-05-07 06:00:00,0.39,0.43555,9.837765482758623,0.0,0.37016129,0.0,0.065,0.0
2025-05-07 07:00:00,0.26,1.149292,10.727057482758624,0.0,0.37016129,0.0,0.06,0.0
2025-05-07 08:00:00,0.38,1.572973,11.920030482758625,0.0,0.37016129,0.0,0.029,0.0
2025-05-07 09:00:00,0.13,4.628192,13.5,0.0,0.37016129,4.498192,0.016,-0.07197107200000001
2025-05-07 10:00:00,2.4499999999999997,5.401191,13.5,0.0,0.37016129,2.951191,0.012,-0.035414292
2025-05-07 11:00:00,2.679892307692308,5.75,13.5,0.0,0.37016129,3.070107692307692,0.016,-0.04912172307692308
2025-05-07 12:00:00,2.7098923076923076,5.75,13.5,0.0,0.37016129,3.0401076923076924,0.013,-0.0395214
2025-05-07 13:00:00,2.6698923076923076,5.540391,13.5,0.0,0.37016129,2.870498692307692,0.009,-0.025834488230769226
2025-05-07 14:00:00,2.44,4.856417,13.5,0.0,0.37016129,2.4164170000000005,0.009,-0.021747753
2025-05-07 15:00:00,0.15,3.75421,13.5,0.0,0.38016129,3.60421,0.007,-0.02522947
2025-05-07 16:00:00,0.11,2.2795419999999997,13.5,0.0,0.40016129,2.169542,0.014,-0.030373588
2025-05-07 17:00:00,2.1026827586206895,0.7846799999999999,12.18199724137931,0.0,0.40016129,0.0,0.033,0.0
2025-05-07 18:00:00,2.0126827586206897,0.14789,10.31720448275862,0.0,0.40016129,0.0,0.08,0.0
2025-05-07 19:00:00,0.23,0.0,10.08720448275862,0.0,0.40016129,0.0,0.082,0.0
2025-05-07 20:00:00,0.14,0.0,9.94720448275862,0.0,0.40016129,0.0,0.073,0.0
2025-05-07 21:00:00,0.12,0.0,9.82720448275862,0.0,0.38016129,0.0,0.07,0.0
2025-05-07 22:00:00,0.14,0.0,9.68720448275862,0.0,0.38016129,0.0,0.069,0.0
2025-05-07 23:00:00,0.1,0.0,9.58720448275862,0.0,0.38016129,0.0,0.072,0.0
2025-05-08 00:00:00,0.09,0.0,9.49720448275862,0.0,0.37016129,0.0,0.075,0.0
2025-05-08 01:00:00,0.11,0.0,9.38720448275862,0.0,0.37016129,0.0,0.071,0.0
2025-05-08 02:00:00,0.45,0.0,8.937204482758622,0.0,0.37016129,0.0,0.071,0.0
2025-05-08 03:00:00,0.55,0.0,8.387204482758621,0.0,0.37016129,0.0,0.071,0.0
2025-05-08 04:00:00,0.56,0.0,7.827204482758621,0.0,0.37016129,0.0,0.072,0.0
2025-05-08 05:00:00,0.92,0.0,6.907204482758621,0.0,0.37016129,0.0,0.069,0.0
2025-05-08 06:00:00,0.41,0.479528,6.976732482758621,0.0,0.37016129,0.0,0.065,0.0
2025-05-08 07:00:00,0.97,1.903552,7.9102844827586205,0.0,0.37016129,0.0,0.06,0.0
2025-05-08 08:00:00,0.8099999999999999,3.424601,10.52488548275862,0.0,0.37016129,0.0,0.029,0.0
2025-05-08 09:00:00,1.26,4.606184,13.5,0.0,0.37016129,3.346184,0.016,-0.053538944000000005
2025-05-08 10:00:00,0.6699999999999999,5.503742,13.5,0.0,0.37016129,4.833742,0.012,-0.058004904
2025-05-08 11:00:00,0.8498923076923077,5.75,13.5,0.0,0.37016129,4.900107692307692,0.016,-0.07840172307692307
2025-05-08 12:00:00,0.5498923076923077,5.75,13.5,0.0,0.37016129,5.200107692307692,0.013,-0.06760139999999999
2025-05-08 13:00:00,0.5398923076923077,5.63761,13.5,0.0,0.37016129,5.0977176923076915,0.009,-0.04587945923076922
2025-05-08 14:00:00,0.11,4.899171999999999,13.5,0.0,0.37016129,4.789171999999999,0.009,-0.043102547999999984
2025-05-08 15:00:00,0.1,3.76816,13.5,0.0,0.38016129,3.66816,0.007,-0.02567712
2025-05-08 16:00:00,0.1,2.2815529999999997,13.5,0.0,0.40016129,2.1815529999999996,0.014,-0.030541741999999997
2025-05-08 17:00:00,0.7526827586206897,0.7528859999999999,13.5,0.0,0.40016129,0.00020324137931027053,0.033,-6.706965517238928e-06
2025-05-08 18:00:00,2.3726827586206896,0.150066,11.27738324137931,0.0,0.40016129,0.0,0.08,0.0
2025-05-08 19:00:00,0.18,0.0,11.09738324137931,0.0,0.40016129,0.0,0.082,0.0
2025-05-08 20:00:00,0.19,0.0,10.90738324137931,0.0,0.40016129,0.0,0.073,0.0
2025-05-08 21:00:00,0.15,0.0,10.75738324137931,0.0,0.38016129,0.0,0.07,0.0
2025-05-08 22:00:00,0.18,0.0,10.57738324137931,0.0,0.38016129,0.0,0.069,0.0
2025-05-08 23:00:00,0.1,0.0,10.47738324137931,0.0,0.38016129,0.0,0.072,0.0
2025-05-09 00:00:00,0.11,0.0,10.367383241379311,0.0,0.37016129,0.0,0.075,0.0
2025-05-09 01:00:00,0.1,0.0,10.267383241379312,0.0,0.37016129,0.0,0.071,0.0
2025-05-09 02:00:00,0.1,0.0,10.167383241379312,0.0,0.37016129,0.0,0.071,0.0
2025-05-09 03:00:00,0.4600000000000001,0.0,9.707383241379311,0.0,0.37016129,0.0,0.071,0.0
2025-05-09 04:00:00,0.5599999999999999,0.0,9.14738324137931,0.0,0.37016129,0.0,0.072,0.0
2025-05-09 05:00:00,1.01,0.042026,8.179409241379311,0.0,0.37016129,0.0,0.069,0.0
2025-05-09 06:00:00,0.11,0.495196,8.564605241379311,0.0,0.37016129,0.0,0.065,0.0
2025-05-09 07:00:00,0.21,1.945871,10.300476241379313,0.0,0.37016129,0.0,0.06,0.0
2025-05-09 08:00:00,0.2299999999999999,3.511915,13.5,0.0,0.37016129,3.281915,0.029,-0.095175535
2025-05-09 09:00:00,0.27,4.688272,13.5,0.0,0.37016129,4.418272,0.016,-0.070692352
2025-05-09 10:00:00,2.48,5.465214,13.5,0.0,0.37016129,2.9852139999999996,0.012,-0.035822568
2025-05-09 11:00:00,3.0247307692307692,5.75,13.5,0.0,0.37016129,2.7252692307692308,0.016,-0.04360430769230769
2025-05-09 12:00:00,3.0447307692307692,5.75,13.5,0.0,0.37016129,2.7052692307692308,0.013,-0.0351685
2025-05-09 13:00:00,3.114730769230769,5.628446,13.5,0.0,0.37016129,2.513715230769231,0.009,-0.02262343707692308
2025-05-09 14:00:00,2.47,4.888038,13.5,0.0,0.37016129,2.4180379999999997,0.009,-0.021762341999999997
2025-05-09 15:00:00,0.17,3.804032,13.5,0.0,0.38016129,3.634032,0.007,-0.025438224
2025-05-09 16:00:00,0.16,2.298828,13.5,0.0,0.40016129,2.1388279999999997,0.014,-0.029943591999999998
2025-05-09 17:00:00,1.7417068965517244,0.720341,12.478634103448275,0.0,0.40016129,0.0,0.033,0.0
2025-05-09 18:00:00,1.9017068965517243,0.12952,10.70644720689655,0.0,0.40016129,0.0,0.08,0.0
2025-05-09 19:00:00,0.1699999999999999,0.0,10.53644720689655,0.0,0.40016129,0.0,0.082,0.0
2025-05-09 20:00:00,0.18,0.0,10.35644720689655,0.0,0.40016129,0.0,0.073,0.0
2025-05-09 21:00:00,0.33,0.0,10.02644720689655,0.0,0.38016129,0.0,0.07,0.0
2025-05-09 22:00:00,0.1699999999999999,0.0,9.85644720689655,0.0,0.38016129,0.0,0.069,0.0
2025-05-09 23:00:00,0.11,0.0,9.746447206896551,0.0,0.38016129,0.0,0.072,0.0
2025-05-10 00:00:00,0.11,0.0,9.636447206896552,0.0,0.37016129,0.0,0.075,0.0
2025-05-10 01:00:00,0.1,0.0,9.536447206896552,0.0,0.37016129,0.0,0.071,0.0
2025-05-10 02:00:00,0.09,0.0,9.446447206896552,0.0,0.37016129,0.0,0.071,0.0
2025-05-10 03:00:00,0.1,0.0,9.346447206896553,0.0,0.37016129,0.0,0.071,0.0
2025-05-10 04:00:00,0.1,0.0,9.246447206896551,0.0,0.37016129,0.0,0.072,0.0
2025-05-10 05:00:00,0.41,0.05004,8.886487206896554,0.0,0.37016129,0.0,0.069,0.0
2025-05-10 06:00:00,0.8799999999999999,0.4861689999999999,8.492656206896553,0.0,0.37016129,0.0,0.065,0.0
2025-05-10 07:00:00,0.34,1.925405,10.078061206896551,0.0,0.37016129,0.0,0.06,0.0
2025-05-10 08:00:00,0.19,3.43534,13.323401206896554,0.0,0.37016129,0.0,0.029,0.0
2025-05-10 09:00:00,0.12,4.495310000000001,13.5,0.0,0.37016129,4.375310000000001,0.016,-0.07000496000000002
2025-05-10 10:00:00,2.42,5.216608,13.5,0.0,0.37016129,2.796608,0.012,-0.033559296
2025-05-10 11:00:00,3.0347307692307695,5.667247000000001,13.5,0.0,0.37016129,2.632516230769231,0.016,-0.0421202596923077
2025-05-10 12:00:00,3.184730769230769,5.727787,13.5,0.0,0.37016129,2.5430562307692313,0.013,-0.033059731
2025-05-10 13:00:00,3.134730769230769,5.4422049999999995,13.5,0.0,0.37016129,2.3074742307692304,0.009,-0.02076726807692307
2025-05-10 14:00:00,2.55,4.779031,13.5,0.0,0.37016129,2.229031,0.009,-0.020061278999999998
2025-05-10 15:00:00,0.22,3.712648,13.5,0.0,0.38016129,3.492648,0.007,-0.024448536
2025-05-10 16:00:00,0.2,2.253905,13.5,0.0,0.40016129,2.053905,0.014,-0.02875467
2025-05-10 17:00:00,1.7317068965517244,0.711226,12.479519103448276,0.0,0.40016129,0.0,0.033,0.0
2025-05-10 18:00:00,1.801706896551724,0.133817,10.811629206896551,0.0,0.40016129,0.0,0.08,0.0
2025-05-10 19:00:00,0.13,0.0,10.68162920689655,0.0,0.40016129,0.0,0.082,0.0
2025-05-10 20:00:00,0.23,0.0,10.45162920689655,0.0,0.40016129,0.0,0.073,0.0
2025-05-10 21:00:00,0.25,0.0,10.20162920689655,0.0,0.38016129,0.0,0.07,0.0
2025-05-10 22:00:00,0.5700000000000001,0.0,9.63162920689655,0.0,0.38016129,0.0,0.069,0.0
2025-05-10 23:00:00,0.63,0.0,9.001629206896549,0.0,0.38016129,0.0,0.072,0.0
2025-05-11 00:00:00,0.1,0.0,8.90162920689655,0.0,0.37016129,0.0,0.075,0.0
2025-05-11 01:00:00,0.1,0.0,8.80162920689655,0.0,0.37016129,0.0,0.071,0.0
2025-05-11 02:00:00,0.46,0.0,8.341629206896549,0.0,0.37016129,0.0,0.071,0.0
2025-05-11 03:00:00,0.56,0.0,7.7816292068965485,0.0,0.37016129,0.0,0.071,0.0
2025-05-11 04:00:00,1.02,0.0,6.761629206896549,0.0,0.37016129,0.0,0.072,0.0
2025-05-11 05:00:00,0.57,0.0642939999999999,6.255923206896549,0.0,0.37016129,0.0,0.069,0.0
2025-05-11 06:00:00,0.5,0.442347,6.198270206896549,0.0,0.37016129,0.0,0.065,0.0
2025-05-11 07:00:00,1.94,1.1095050000000002,5.367775206896549,0.0,0.37016129,0.0,0.06,0.0
2025-05-11 08:00:00,1.02,3.414055,7.761830206896549,0.0,0.37016129,0.0,0.029,0.0
2025-05-11 09:00:00,0.19,2.981188,10.55301820689655,0.0,0.37016129,0.0,0.016,0.0
2025-05-11 10:00:00,2.46,3.442484,11.535502206896547,0.0,0.37016129,0.0,0.012,0.0
2025-05-11 11:00:00,2.605818681318681,5.640114,13.5,0.0,0.37016129,3.0342953186813184,0.016,-0.0485487250989011
2025-05-11 12:00:00,2.595818681318681,5.676076,13.5,0.0,0.37016129,3.080257318681319,0.013,-0.040043345142857144
2025-05-11 13:00:00,2.7258186813186813,5.3387839999999995,13.5,0.0,0.37016129,2.612965318681318,0.009,-0.023516687868131863
2025-05-11 14:00:00,2.52,4.704618,13.5,0.0,0.37016129,2.184618,0.009,-0.019661561999999997
2025-05-11 15:00:00,0.24,3.638946,13.5,0.0,0.38016129,3.3989459999999996,0.007,-0.023792621999999996
2025-05-11 16:00:00,0.13,2.2061930000000003,13.5,0.0,0.40016129,2.0761930000000004,0.014,-0.029066702000000007
2025-05-11 17:00:00,0.590772577996716,0.718131,13.5,0.0,0.40016129,0.12735842200328396,0.033,-0.004202827926108371
2025-05-11 18:00:00,0.600772577996716,0.146429,13.045656422003283,0.0,0.40016129,0.0,0.08,0.0
2025-05-11 19:00:00,0.16,0.0,12.885656422003285,0.0,0.40016129,0.0,0.082,0.0
2025-05-11 20:00:00,0.26,0.0,12.625656422003283,0.0,0.40016129,0.0,0.073,0.0
2025-05-11 21:00:00,0.26,0.0,12.365656422003283,0.0,0.38016129,0.0,0.07,0.0
2025-05-11 22:00:00,0.15,0.0,12.215656422003285,0.0,0.38016129,0.0,0.069,0.0
2025-05-11 23:00:00,0.11,0.0,12.105656422003284,0.0,0.38016129,0.0,0.072,0.0
2025-05-12 00:00:00,0.11,0.0,11.995656422003284,0.0,0.37016129,0.0,0.075,0.0
2025-05-12 01:00:00,0.11,0.0,11.885656422003285,0.0,0.37016129,0.0,0.071,0.0
2025-05-12 02:00:00,0.11,0.0,11.775656422003284,0.0,0.37016129,0.0,0.071,0.0
2025-05-12 03:00:00,0.12,0.0,11.655656422003286,0.0,0.37016129,0.0,0.071,0.0
2025-05-12 04:00:00,0.11,0.0,11.545656422003288,0.0,0.37016129,0.0,0.072,0.0
2025-05-12 05:00:00,0.4499999999999999,0.066421,11.162077422003287,0.0,0.37016129,0.0,0.069,0.0
2025-05-12 06:00:00,0.49,0.445279,11.117356422003288,0.0,0.37016129,0.0,0.065,0.0
2025-05-12 07:00:00,0.51,1.900212,12.507568422003288,0.0,0.37016129,0.0,0.06,0.0
2025-05-12 08:00:00,0.4800000000000001,3.404722,13.5,0.0,0.37016129,2.924722,0.029,-0.08481693800000001
2025-05-12 09:00:00,0.19,4.4437619999999995,13.5,0.0,0.37016129,4.253761999999999,0.016,-0.06806019199999999
2025-05-12 10:00:00,0.15,5.183868,13.5,0.0,0.37016129,5.033868,0.012,-0.060406416000000004
2025-05-12 11:00:00,0.3858186813186813,5.571002999999999,13.5,0.0,0.37016129,5.185184318681318,0.016,-0.08296294909890109
2025-05-12 12:00:00,0.3858186813186813,5.649006,13.5,0.0,0.37016129,5.263187318681319,0.013,-0.06842143514285715
2025-05-12 13:00:00,0.4558186813186814,5.338732,13.5,0.0,0.37016129,4.882913318681319,0.009,-0.04394621986813187
2025-05-12 14:00:00,0.24,4.692054,13.5,0.0,0.37016129,4.4520539999999995,0.009,-0.04006848599999999
2025-05-12 15:00:00,0.15,3.675099,13.5,0.0,0.38016129,3.525099,0.007,-0.024675693000000002
2025-05-12 16:00:00,0.28,2.23177,13.5,0.0,0.40016129,1.95177,0.014,-0.02732478
2025-05-12 17:00:00,0.640772577996716,0.697757,13.5,0.0,0.40016129,0.05698442200328391,0.033,-0.0018804859261083691
2025-05-12 18:00:00,0.7807725779967161,0.1377239999999999,12.856951422003284,0.0,0.40016129,0.0,0.08,0.0
2025-05-12 19:00:00,0.14,0.0,12.716951422003284,0.0,0.40016129,0.0,0.082,0.0
2025-05-12 20:00:00,0.24,0.0,12.476951422003284,0.0,0.40016129,0.0,0.073,0.0
2025-05-12 21:00:00,0.21,0.0,12.266951422003284,0.0,0.38016129,0.0,0.07,0.0
2025-05-12 22:00:00,0.1,0.0,12.166951422003285,0.0,0.38016129,0.0,0.069,0.0
2025-05-12 23:00:00,0.11,0.0,12.056951422003284,0.0,0.38016129,0.0,0.072,0.0
2025-05-13 00:00:00,0.09,0.0,11.966951422003284,0.0,0.37016129,0.0,0.075,0.0
2025-05-13 01:00:00,0.1,0.0,11.866951422003284,0.0,0.37016129,0.0,0.071,0.0
2025-05-13 02:00:00,0.1,0.0,11.766951422003284,0.0,0.37016129,0.0,0.071,0.0
2025-05-13 03:00:00,0.11,0.0,11.656951422003283,0.0,0.37016129,0.0,0.071,0.0
2025-05-13 04:00:00,0.55,0.0,11.106951422003284,0.0,0.37016129,0.0,0.072,0.0
2025-05-13 05:00:00,0.74,0.068993,10.435944422003285,0.0,0.37016129,0.0,0.069,0.0
2025-05-13 06:00:00,0.11,0.420684,10.746628422003283,0.0,0.37016129,0.0,0.065,0.0
2025-05-13 07:00:00,0.12,0.946227,11.572855422003284,0.0,0.37016129,0.0,0.06,0.0
2025-05-13 08:00:00,0.43,1.115328,12.258183422003285,0.0,0.37016129,0.0,0.029,0.0
2025-05-13 09:00:00,0.1,2.092743,13.5,0.0,0.37016129,1.992743,0.016,-0.031883888
2025-05-13 10:00:00,0.09,3.494021,13.5,0.0,0.37016129,3.404021,0.012,-0.040848252
2025-05-13 11:00:00,0.2558186813186813,4.084382,13.5,0.0,0.37016129,3.8285633186813186,0.016,-0.0612570130989011
2025-05-13 12:00:00,0.2658186813186813,4.115314000000001,13.5,0.0,0.37016129,3.8494953186813192,0.013,-0.050043439142857145
2025-05-13 13:00:00,0.2658186813186813,2.4751030000000003,13.5,0.0,0.37016129,2.209284318681319,0.009,-0.019883558868131868
2025-05-13 14:00:00,0.11,2.265987,13.5,0.0,0.37016129,2.155987,0.009,-0.019403883
2025-05-13 15:00:00,0.1,1.617094,13.5,0.0,0.38016129,1.517094,0.007,-0.010619658
2025-05-13 16:00:00,0.1,1.132962,13.5,0.0,0.40016129,1.032962,0.014,-0.014461468
2025-05-13 17:00:00,0.610772577996716,0.404628,13.293855422003285,0.0,0.40016129,0.0,0.033,0.0
2025-05-13 18:00:00,0.580772577996716,0.150996,12.864078844006569,0.0,0.40016129,0.0,0.08,0.0
2025-05-13 19:00:00,0.1,0.0,12.76407884400657,0.0,0.40016129,0.0,0.082,0.0
2025-05-13 20:00:00,0.19,0.0,12.57407884400657,0.0,0.40016129,0.0,0.073,0.0
2025-05-13 21:00:00,0.26,0.0,12.31407884400657,0.0,0.38016129,0.0,0.07,0.0
2025-05-13 22:00:00,0.32,0.0,11.99407884400657,0.0,0.38016129,0.0,0.069,0.0
2025-05-13 23:00:00,0.1,0.0,11.89407884400657,0.0,0.38016129,0.0,0.072,0.0
2025-05-14 00:00:00,0.1,0.0,11.79407884400657,0.0,0.37016129,0.0,0.075,0.0
2025-05-14 01:00:00,0.1,0.0,11.69407884400657,0.0,0.37016129,0.0,0.071,0.0
2025-05-14 02:00:00,0.54,0.0,11.15407884400657,0.0,0.37016129,0.0,0.071,0.0
2025-05-14 03:00:00,0.49,0.0,10.66407884400657,0.0,0.37016129,0.0,0.071,0.0
2025-05-14 04:00:00,0.94,0.0,9.72407884400657,0.0,0.37016129,0.0,0.072,0.0
2025-05-14 05:00:00,0.5499999999999999,0.0829839999999999,9.25706284400657,0.0,0.37016129,0.0,0.069,0.0
2025-05-14 06:00:00,0.5700000000000001,0.389739,9.076801844006573,0.0,0.37016129,0.0,0.065,0.0
2025-05-14 07:00:00,0.21,0.283263,9.150064844006572,0.0,0.37016129,0.0,0.06,0.0
2025-05-14 08:00:00,0.21,1.153493,10.093557844006572,0.0,0.37016129,0.0,0.029,0.0
2025-05-14 09:00:00,0.2,1.066031,10.959588844006571,0.0,0.37016129,0.0,0.016,0.0
2025-05-14 10:00:00,2.47,1.104569,9.59415784400657,0.0,0.37016129,0.0,0.012,0.0
2025-05-14 11:00:00,2.5758186813186814,2.143158,9.161497162687889,0.0,0.37016129,0.0,0.016,0.0
2025-05-14 12:00:00,2.6858186813186813,2.336186,8.811864481369208,0.0,0.37016129,0.0,0.013,0.0
2025-05-14 13:00:00,2.5758186813186814,4.787688,11.023733800050524,0.0,0.37016129,0.0,0.009,0.0
2025-05-14 14:00:00,2.4099999999999997,2.8355390000000003,11.449272800050526,0.0,0.37016129,0.0,0.009,0.0
2025-05-14 15:00:00,0.1,2.786478,13.5,0.0,0.38016129,2.6864779999999997,0.007,-0.018805345999999997
2025-05-14 16:00:00,0.11,1.152943,13.5,0.0,0.40016129,1.042943,0.014,-0.014601201999999999
2025-05-14 17:00:00,1.520772577996716,0.4343079999999999,12.413535422003283,0.0,0.40016129,0.0,0.033,0.0
2025-05-14 18:00:00,2.5207725779967163,0.175354,10.068116844006568,0.0,0.40016129,0.0,0.08,0.0
2025-05-14 19:00:00,0.16,0.0,9.908116844006567,0.0,0.40016129,0.0,0.082,0.0
2025-05-14 20:00:00,0.56,0.0,9.348116844006569,0.0,0.40016129,0.0,0.073,0.0
2025-05-14 21:00:00,0.16,0.0,9.188116844006569,0.0,0.38016129,0.0,0.07,0.0
2025-05-14 22:00:00,0.43,0.0,8.758116844006567,0.0,0.38016129,0.0,0.069,0.0
2025-05-14 23:00:00,0.28,0.0,8.478116844006568,0.0,0.38016129,0.0,0.072,0.0
2025-05-15 00:00:00,0.6000000000000001,0.0,7.878116844006568,0.0,0.37016129,0.0,0.075,0.0
2025-05-15 01:00:00,0.1,0.0,7.778116844006568,0.0,0.37016129,0.0,0.071,0.0
2025-05-15 02:00:00,0.1,0.0,7.678116844006569,0.0,0.37016129,0.0,0.071,0.0
2025-05-15 03:00:00,0.79,0.0,6.888116844006569,0.0,0.37016129,0.0,0.071,0.0
2025-05-15 04:00:00,0.82,0.0,6.0681168440065685,0.0,0.37016129,0.0,0.072,0.0
2025-05-15 05:00:00,0.6400000000000001,0.09256,5.5206768440065686,0.0,0.37016129,0.0,0.069,0.0
2025-05-15 06:00:00,0.58,0.30624,5.246916844006568,0.0,0.37016129,0.0,0.065,0.0
2025-05-15 07:00:00,0.13,1.260472,6.3773888440065685,0.0,0.37016129,0.0,0.06,0.0
2025-05-15 08:00:00,0.09,1.865335,8.152723844006568,0.0,0.37016129,0.0,0.029,0.0
2025-05-15 09:00:00,0.1,4.589815,12.642538844006568,0.0,0.37016129,0.0,0.016,0.0
2025-05-15 10:00:00,0.1,5.40338,13.5,0.0,0.37016129,5.303380000000001,0.012,-0.06364056000000001
2025-05-15 11:00:00,0.2758186813186813,5.75,13.5,0.0,0.37016129,5.474181318681318,0.016,-0.08758690109890109
2025-05-15 12:00:00,0.2658186813186813,5.75,13.5,0.0,0.37016129,5.484181318681319,0.013,-0.07129435714285715
2025-05-15 13:00:00,0.2758186813186813,5.529665,13.5,0.0,0.37016129,5.253846318681318,0.009,-0.04728461686813186
2025-05-15 14:00:00,0.1,4.781351,13.5,0.0,0.37016129,4.681351,0.009,-0.042132159
2025-05-15 15:00:00,0.11,3.701036,13.5,0.0,0.38016129,3.5910360000000003,0.007,-0.025137252000000002
2025-05-15 16:00:00,0.1,2.252396,13.5,0.0,0.40016129,2.152396,0.014,-0.030133544
2025-05-15 17:00:00,0.570772577996716,0.754091,13.5,0.0,0.40016129,0.18331842200328397,0.033,-0.006049507926108371
2025-05-15 18:00:00,2.860772577996716,0.171779,10.811006422003285,0.0,0.40016129,0.0,0.08,0.0
2025-05-15 19:00:00,0.86,0.0,9.951006422003283,0.0,0.40016129,0.0,0.082,0.0
2025-05-15 20:00:00,0.21,0.0,9.741006422003284,0.0,0.40016129,0.0,0.073,0.0
2025-05-15 21:00:00,0.1699999999999999,0.0,9.571006422003284,0.0,0.38016129,0.0,0.07,0.0
2025-05-15 22:00:00,0.16,0.0,9.411006422003284,0.0,0.38016129,0.0,0.069,0.0
2025-05-15 23:00:00,0.11,0.0,9.301006422003285,0.0,0.38016129,0.0,0.072,0.0
2025-05-16 00:00:00,0.11,0.0,9.191006422003284,0.0,0.37016129,0.0,0.075,0.0
2025-05-16 01:00:00,0.1,0.0,9.091006422003286,0.0,0.37016129,0.0,0.071,0.0
2025-05-16 02:00:00,0.1,0.0,8.991006422003286,0.0,0.37016129,0.0,0.071,0.0
2025-05-16 03:00:00,0.09,0.0,8.901006422003286,0.0,0.37016129,0.0,0.071,0.0
2025-05-16 04:00:00,0.72,0.0,8.181006422003286,0.0,0.37016129,0.0,0.072,0.0
2025-05-16 05:00:00,0.8600000000000001,0.078814,7.399820422003286,0.0,0.37016129,0.0,0.069,0.0
2025-05-16 06:00:00,0.49,0.507755,7.417575422003286,0.0,0.37016129,0.0,0.065,0.0
2025-05-16 07:00:00,0.27,1.917871,9.065446422003284,0.0,0.37016129,0.0,0.06,0.0
2025-05-16 08:00:00,0.22,3.4523919999999997,12.297838422003284,0.0,0.37016129,0.0,0.029,0.0
2025-05-16 09:00:00,0.12,4.587178,13.5,0.0,0.37016129,4.467178,0.016,-0.071474848
2025-05-16 10:00:00,2.47,4.162573,13.5,0.0,0.37016129,1.6925729999999999,0.012,-0.020310876
2025-05-16 11:00:00,2.605818681318681,4.851507,13.5,0.0,0.37016129,2.2456883186813186,0.016,-0.0359310130989011
2025-05-16 12:00:00,2.5758186813186814,5.75,13.5,0.0,0.37016129,3.1741813186813186,0.013,-0.04126435714285714
2025-05-16 13:00:00,2.6258186813186812,4.875439999999999,13.5,0.0,0.37016129,2.249621318681318,0.009,-0.020246591868131863
2025-05-16 14:00:00,2.4099999999999997,4.249156,13.5,0.0,0.37016129,1.8391560000000005,0.009,-0.016552404000000003
2025-05-16 15:00:00,0.11,2.815133,13.5,0.0,0.38016129,2.705133,0.007,-0.018935931
2025-05-16 16:00:00,0.12,2.118133,13.5,0.0,0.40016129,1.9981329999999997,0.014,-0.027973861999999995
2025-05-16 17:00:00,1.640772577996716,0.728553,12.587780422003284,0.0,0.40016129,0.0,0.033,0.0
2025-05-16 18:00:00,1.880772577996716,0.172351,10.879358844006568,0.0,0.40016129,0.0,0.08,0.0
2025-05-16 19:00:00,0.23,0.0,10.649358844006567,0.0,0.40016129,0.0,0.082,0.0
2025-05-16 20:00:00,0.38,0.0,10.269358844006566,0.0,0.40016129,0.0,0.073,0.0
2025-05-16 21:00:00,0.21,0.0,10.059358844006566,0.0,0.38016129,0.0,0.07,0.0
2025-05-16 22:00:00,0.16,0.0,9.899358844006564,0.0,0.38016129,0.0,0.069,0.0
2025-05-16 23:00:00,0.11,0.0,9.789358844006566,0.0,0.38016129,0.0,0.072,0.0
2025-05-17 00:00:00,0.11,0.0,9.679358844006568,0.0,0.37016129,0.0,0.075,0.0
2025-05-17 01:00:00,0.09,0.0,9.589358844006568,0.0,0.37016129,0.0,0.071,0.0
2025-05-17 02:00:00,0.1,0.0,9.489358844006569,0.0,0.37016129,0.0,0.071,0.0
2025-05-17 03:00:00,0.6000000000000001,0.0,8.889358844006567,0.0,0.37016129,0.0,0.071,0.0
2025-05-17 04:00:00,0.5599999999999999,0.0,8.329358844006567,0.0,0.37016129,0.0,0.072,0.0
2025-05-17 05:00:00,0.94,0.094219,7.483577844006567,0.0,0.37016129,0.0,0.069,0.0
2025-05-17 06:00:00,0.63,0.408668,7.262245844006567,0.0,0.37016129,0.0,0.065,0.0
2025-05-17 07:00:00,0.65,1.650432,8.262677844006568,0.0,0.37016129,0.0,0.06,0.0
2025-05-17 08:00:00,0.66,3.505539,11.108216844006568,0.0,0.37016129,0.0,0.029,0.0
2025-05-17 09:00:00,0.11,4.6179250000000005,13.5,0.0,0.37016129,4.507925,0.016,-0.0721268
2025-05-17 10:00:00,2.4,5.418269,13.5,0.0,0.37016129,3.0182689999999996,0.012,-0.036219228
2025-05-17 11:00:00,2.5758186813186814,5.75,13.5,0.0,0.37016129,3.1741813186813186,0.016,-0.0507869010989011
2025-05-17 12:00:00,2.615818681318681,5.75,13.5,0.0,0.37016129,3.134181318681319,0.013,-0.040744357142857145
2025-05-17 13:00:00,2.5758186813186814,5.531715,13.5,0.0,0.37016129,2.9558963186813187,0.009,-0.026603066868131867
2025-05-17 14:00:00,2.4299999999999997,4.80164,13.5,0.0,0.37016129,2.37164,0.009,-0.02134476
2025-05-17 15:00:00,0.15,3.740301,13.5,0.0,0.38016129,3.590301,0.007,-0.025132107
2025-05-17 16:00:00,0.22,2.2615030000000003,13.5,0.0,0.40016129,2.041503,0.014,-0.028581042
2025-05-17 17:00:00,0.580772577996716,0.72123,13.5,0.0,0.40016129,0.14045742200328404,0.033,-0.004635094926108373
2025-05-17 18:00:00,0.7907725779967161,0.16672,12.875947422003284,0.0,0.40016129,0.0,0.08,0.0
2025-05-17 19:00:00,0.13,0.0,12.745947422003283,0.0,0.40016129,0.0,0.082,0.0
2025-05-17 20:00:00,0.16,0.0,12.585947422003285,0.0,0.40016129,0.0,0.073,0.0
2025-05-17 21:00:00,0.13,0.0,12.455947422003282,0.0,0.38016129,0.0,0.07,0.0
2025-05-17 22:00:00,0.2,0.0,12.255947422003285,0.0,0.38016129,0.0,0.069,0.0
2025-05-17 23:00:00,0.6100000000000001,0.0,11.645947422003283,0.0,0.38016129,0.0,0.072,0.0
2025-05-18 00:00:00,0.5599999999999999,0.0,11.085947422003285,0.0,0.37016129,0.0,0.075,0.0
2025-05-18 01:00:00,0.7000000000000001,0.0,10.385947422003284,0.0,0.37016129,0.0,0.071,0.0
2025-05-18 02:00:00,0.85,0.0,9.535947422003284,0.0,0.37016129,0.0,0.071,0.0
2025-05-18 03:00:00,1.27,0.0,8.265947422003284,0.0,0.37016129,0.0,0.071,0.0
2025-05-18 04:00:00,0.64,0.0,7.625947422003285,0.0,0.37016129,0.0,0.072,0.0
2025-05-18 05:00:00,1.0,0.101425,6.727372422003285,0.0,0.37016129,0.0,0.069,0.0
2025-05-18 06:00:00,1.02,0.504165,6.211537422003285,0.0,0.37016129,0.0,0.065,0.0
2025-05-18 07:00:00,0.27,1.969255,7.910792422003285,0.0,0.37016129,0.0,0.06,0.0
2025-05-18 08:00:00,0.45,3.520299,10.981091422003283,0.0,0.37016129,0.0,0.029,0.0
2025-05-18 09:00:00,0.22,4.632883,13.5,0.0,0.37016129,4.412883,0.016,-0.070606128
2025-05-18 10:00:00,2.51,5.372033999999999,13.5,0.0,0.37016129,2.8620339999999995,0.012,-0.03434440799999999
2025-05-18 11:00:00,2.8073653846153848,5.75,13.5,0.0,0.37016129,2.9426346153846152,0.016,-0.04708215384615384
2025-05-18 12:00:00,2.8173653846153845,5.75,13.5,0.0,0.37016129,2.9326346153846155,0.013,-0.03812425
2025-05-18 13:00:00,3.1673653846153846,5.448175,13.5,0.0,0.37016129,2.2808096153846154,0.009,-0.020527286538461538
2025-05-18 14:00:00,4.85,4.736081,13.386081,0.0,0.37016129,0.0,0.009,0.0
2025-05-18 15:00:00,2.79,3.688184,13.5,0.0,0.38016129,0.8981840000000001,0.007,-0.006287288000000001
2025-05-18 16:00:00,1.16,2.2449830000000004,13.5,0.0,0.40016129,1.0849830000000005,0.014,-0.015189762000000008
2025-05-18 17:00:00,1.025853448275862,0.699484,13.173630551724138,0.0,0.40016129,0.0,0.033,0.0
2025-05-18 18:00:00,1.1058534482758622,0.157108,12.224885103448276,0.0,0.40016129,0.0,0.08,0.0
2025-05-18 19:00:00,0.17,0.0,12.054885103448276,0.0,0.40016129,0.0,0.082,0.0
2025-05-18 20:00:00,0.28,0.0,11.774885103448277,0.0,0.40016129,0.0,0.073,0.0
2025-05-18 21:00:00,0.16,0.0,11.614885103448277,0.0,0.38016129,0.0,0.07,0.0
2025-05-18 22:00:00,0.11,0.0,11.504885103448276,0.0,0.38016129,0.0,0.069,0.0
2025-05-18 23:00:00,0.1,0.0,11.404885103448278,0.0,0.38016129,0.0,0.072,0.0
2025-05-19 00:00:00,0.1,0.0,11.304885103448278,0.0,0.37016129,0.0,0.075,0.0
2025-05-19 01:00:00,0.1,0.0,11.204885103448278,0.0,0.37016129,0.0,0.071,0.0
2025-05-19 02:00:00,0.1,0.0,11.10488510344828,0.0,0.37016129,0.0,0.071,0.0
2025-05-19 03:00:00,0.11,0.0,10.99488510344828,0.0,0.37016129,0.0,0.071,0.0
2025-05-19 04:00:00,0.15,0.0,10.84488510344828,0.0,0.37016129,0.0,0.072,0.0
2025-05-19 05:00:00,1.35,0.10148,9.596365103448278,0.0,0.37016129,0.0,0.069,0.0
2025-05-19 06:00:00,0.6,0.4795,9.475865103448278,0.0,0.37016129,0.0,0.065,0.0
2025-05-19 07:00:00,0.16,1.913417,11.22928210344828,0.0,0.37016129,0.0,0.06,0.0
2025-05-19 08:00:00,0.3299999999999999,3.396847,13.5,0.0,0.37016129,3.066847,0.029,-0.08893856300000001
2025-05-19 09:00:00,0.29,4.429005,13.5,0.0,0.37016129,4.139005,0.016,-0.06622408
2025-05-19 10:00:00,0.14,5.1602049999999995,13.5,0.0,0.37016129,5.020205,0.012,-0.06024246
2025-05-19 11:00:00,0.5573653846153848,5.54169,13.5,0.0,0.37016129,4.984324615384615,0.016,-0.07974919384615385
2025-05-19 12:00:00,0.4273653846153847,5.567166,13.5,0.0,0.37016129,5.139800615384615,0.013,-0.066817408
2025-05-19 13:00:00,0.3973653846153847,5.2654700000000005,13.5,0.0,0.37016129,4.868104615384616,0.009,-0.04381294153846154
2025-05-19 14:00:00,0.16,4.581436,13.5,0.0,0.37016129,4.421436,0.009,-0.03979292399999999
2025-05-19 15:00:00,0.14,3.5823850000000004,13.5,0.0,0.38016129,3.4423850000000003,0.007,-0.024096695
2025-05-19 16:00:00,0.21,2.171772,13.5,0.0,0.40016129,1.9617719999999998,0.014,-0.027464807999999997
2025-05-19 17:00:00,1.005853448275862,0.701846,13.19599255172414,0.0,0.40016129,0.0,0.033,0.0
2025-05-19 18:00:00,1.005853448275862,0.159846,12.349985103448276,0.0,0.40016129,0.0,0.08,0.0
2025-05-19 19:00:00,0.15,0.0,12.199985103448276,0.0,0.40016129,0.0,0.082,0.0
2025-05-19 20:00:00,0.5700000000000001,0.0,11.629985103448275,0.0,0.40016129,0.0,0.073,0.0
2025-05-19 21:00:00,0.15,0.0,11.479985103448277,0.0,0.38016129,0.0,0.07,0.0
2025-05-19 22:00:00,0.21,0.0,11.269985103448274,0.0,0.38016129,0.0,0.069,0.0
2025-05-19 23:00:00,0.2,0.0,11.069985103448277,0.0,0.38016129,0.0,0.072,0.0
2025-05-20 00:00:00,0.2,0.0,10.869985103448276,0.0,0.37016129,0.0,0.075,0.0
2025-05-20 01:00:00,0.19,0.0,10.679985103448276,0.0,0.37016129,0.0,0.071,0.0
2025-05-20 02:00:00,0.19,0.0,10.489985103448277,0.0,0.37016129,0.0,0.071,0.0
2025-05-20 03:00:00,0.54,0.0,9.949985103448276,0.0,0.37016129,0.0,0.071,0.0
2025-05-20 04:00:00,0.63,0.0,9.319985103448277,0.0,0.37016129,0.0,0.072,0.0
2025-05-20 05:00:00,0.79,0.105975,8.635960103448276,0.0,0.37016129,0.0,0.069,0.0
2025-05-20 06:00:00,0.65,0.490379,8.476339103448277,0.0,0.37016129,0.0,0.065,0.0
2025-05-20 07:00:00,0.14,1.852027,10.188366103448278,0.0,0.37016129,0.0,0.06,0.0
2025-05-20 08:00:00,0.1,3.308035,13.396401103448277,0.0,0.37016129,0.0,0.029,0.0
2025-05-20 09:00:00,0.1,4.35448,13.5,0.0,0.37016129,4.25448,0.016,-0.06807168
2025-05-20 10:00:00,0.1,5.0575339999999995,13.5,0.0,0.37016129,4.957534,0.012,-0.059490408
2025-05-20 11:00:00,0.3973653846153847,5.438042,13.5,0.0,0.37016129,5.040676615384616,0.016,-0.08065082584615385
2025-05-20 12:00:00,0.3873653846153847,5.480739,13.5,0.0,0.37016129,5.093373615384615,0.013,-0.06621385699999999
2025-05-20 13:00:00,0.3873653846153847,5.212884,13.5,0.0,0.37016129,4.825518615384615,0.009,-0.04342966753846153
2025-05-20 14:00:00,0.1,4.565526,13.5,0.0,0.37016129,4.4655260000000006,0.009,-0.040189734000000005
2025-05-20 15:00:00,0.1,3.5787820000000004,13.5,0.0,0.38016129,3.4787820000000003,0.007,-0.024351474
2025-05-20 16:00:00,0.1,2.171876,13.5,0.0,0.40016129,2.071876,0.014,-0.029006264
2025-05-20 17:00:00,0.925853448275862,0.6954859999999999,13.269632551724138,0.0,0.40016129,0.0,0.033,0.0
2025-05-20 18:00:00,1.0758534482758622,0.161078,12.354857103448277,0.0,0.40016129,0.0,0.08,0.0
2025-05-20 19:00:00,0.27,0.0,12.084857103448275,0.0,0.40016129,0.0,0.082,0.0
2025-05-20 20:00:00,0.21,0.0,11.874857103448276,0.0,0.40016129,0.0,0.073,0.0
2025-05-20 21:00:00,0.22,0.0,11.654857103448276,0.0,0.38016129,0.0,0.07,0.0
2025-05-20 22:00:00,0.21,0.0,11.444857103448276,0.0,0.38016129,0.0,0.069,0.0
2025-05-20 23:00:00,0.11,0.0,11.334857103448275,0.0,0.38016129,0.0,0.072,0.0
2025-05-21 00:00:00,0.11,0.0,11.224857103448276,0.0,0.37016129,0.0,0.075,0.0
2025-05-21 01:00:00,0.11,0.0,11.114857103448276,0.0,0.37016129,0.0,0.071,0.0
2025-05-21 02:00:00,0.46,0.0,10.654857103448276,0.0,0.37016129,0.0,0.071,0.0
2025-05-21 03:00:00,0.93,0.0,9.724857103448276,0.0,0.37016129,0.0,0.071,0.0
2025-05-21 04:00:00,0.5599999999999999,0.0,9.164857103448275,0.0,0.37016129,0.0,0.072,0.0
2025-05-21 05:00:00,0.93,0.111106,8.345963103448275,0.0,0.37016129,0.0,0.069,0.0
2025-05-21 06:00:00,0.64,0.487099,8.193062103448275,0.0,0.37016129,0.0,0.065,0.0
2025-05-21 07:00:00,0.1699999999999999,1.840709,9.863771103448276,0.0,0.37016129,0.0,0.06,0.0
2025-05-21 08:00:00,0.11,3.2968870000000003,13.050658103448276,0.0,0.37016129,0.0,0.029,0.0
2025-05-21 09:00:00,0.08,4.372871,13.5,0.0,0.37016129,4.292871,0.016,-0.068685936
2025-05-21 10:00:00,2.4099999999999997,5.061531,13.5,0.0,0.37016129,2.651531,0.012,-0.031818372
2025-05-21 11:00:00,2.6973653846153844,5.439384,13.5,0.0,0.37016129,2.742018615384616,0.016,-0.04387229784615386
2025-05-21 12:00:00,2.6973653846153844,5.493331,13.5,0.0,0.37016129,2.795965615384616,0.013,-0.036347553000000005
2025-05-21 13:00:00,2.6973653846153844,5.187562,13.5,0.0,0.37016129,2.4901966153846153,0.009,-0.022411769538461537
2025-05-21 14:00:00,2.4099999999999997,4.53688,13.5,0.0,0.37016129,2.1268800000000003,0.009,-0.01914192
2025-05-21 15:00:00,0.11,3.5518,13.5,0.0,0.38016129,3.4418,0.007,-0.024092600000000002
2025-05-21 16:00:00,0.11,2.151053,13.5,0.0,0.40016129,2.0410530000000002,0.014,-0.028574742000000004
2025-05-21 17:00:00,0.9558534482758622,0.698071,13.24221755172414,0.0,0.40016129,0.0,0.033,0.0
2025-05-21 18:00:00,1.295853448275862,0.164703,12.111067103448276,0.0,0.40016129,0.0,0.08,0.0
2025-05-21 19:00:00,0.29,0.0,11.821067103448277,0.0,0.40016129,0.0,0.082,0.0
2025-05-21 20:00:00,0.19,0.0,11.631067103448276,0.0,0.40016129,0.0,0.073,0.0
2025-05-21 21:00:00,0.26,0.0,11.371067103448278,0.0,0.38016129,0.0,0.07,0.0
2025-05-21 22:00:00,0.25,0.0,11.121067103448278,0.0,0.38016129,0.0,0.069,0.0
2025-05-21 23:00:00,0.21,0.0,10.911067103448277,0.0,0.38016129,0.0,0.072,0.0
2025-05-22 00:00:00,0.19,0.0,10.721067103448275,0.0,0.37016129,0.0,0.075,0.0
2025-05-22 01:00:00,0.5,0.0,10.221067103448275,0.0,0.37016129,0.0,0.071,0.0
2025-05-22 02:00:00,0.54,0.0,9.681067103448278,0.0,0.37016129,0.0,0.071,0.0
2025-05-22 03:00:00,1.02,0.0,8.661067103448278,0.0,0.37016129,0.0,0.071,0.0
2025-05-22 04:00:00,0.64,0.0,8.021067103448278,0.0,0.37016129,0.0,0.072,0.0
2025-05-22 05:00:00,0.89,0.112652,7.243719103448278,0.0,0.37016129,0.0,0.069,0.0
2025-05-22 06:00:00,0.53,0.48398,7.197699103448278,0.0,0.37016129,0.0,0.065,0.0
2025-05-22 07:00:00,0.13,1.549821,8.617520103448278,0.0,0.37016129,0.0,0.06,0.0
2025-05-22 08:00:00,0.11,2.687124,11.194644103448278,0.0,0.37016129,0.0,0.029,0.0
2025-05-22 09:00:00,0.36,3.436629,13.5,0.0,0.37016129,3.076629,0.016,-0.049226064
2025-05-22 10:00:00,0.61,4.193713,13.5,0.0,0.37016129,3.583713,0.012,-0.043004556
2025-05-22 11:00:00,0.9631538461538462,4.527864999999999,13.5,0.0,0.37016129,3.564711153846153,0.016,-0.05703537846153845
2025-05-22 12:00:00,0.8531538461538463,5.571496,13.5,0.0,0.37016129,4.718342153846153,0.013,-0.06133844799999999
2025-05-22 13:00:00,0.5131538461538463,5.246493999999999,13.5,0.0,0.37016129,4.733340153846153,0.009,-0.04260006138461537
2025-05-22 14:00:00,0.11,4.588467,13.5,0.0,0.37016129,4.478466999999999,0.009,-0.04030620299999999
2025-05-22 15:00:00,0.1,3.5998560000000004,13.5,0.0,0.38016129,3.4998560000000003,0.007,-0.024498992000000004
2025-05-22 16:00:00,0.1,2.191052,13.5,0.0,0.40016129,2.091052,0.014,-0.029274728
2025-05-22 17:00:00,1.1878045977011498,0.7164640000000001,13.02865940229885,0.0,0.40016129,0.0,0.033,0.0
2025-05-22 18:00:00,1.2678045977011496,0.178941,11.9397958045977,0.0,0.40016129,0.0,0.08,0.0
2025-05-22 19:00:00,0.12,0.0,11.8197958045977,0.0,0.40016129,0.0,0.082,0.0
2025-05-22 20:00:00,0.12,0.0,11.699795804597702,0.0,0.40016129,0.0,0.073,0.0
2025-05-22 21:00:00,0.24,0.0,11.459795804597702,0.0,0.38016129,0.0,0.07,0.0
2025-05-22 22:00:00,0.25,0.0,11.209795804597702,0.0,0.38016129,0.0,0.069,0.0
2025-05-22 23:00:00,0.21,0.0,10.9997958045977,0.0,0.38016129,0.0,0.072,0.0
2025-05-23 00:00:00,0.21,0.0,10.7897958045977,0.0,0.37016129,0.0,0.075,0.0
2025-05-23 01:00:00,0.21,0.0,10.5797958045977,0.0,0.37016129,0.0,0.071,0.0
2025-05-23 02:00:00,0.63,0.0,9.9497958045977,0.0,0.37016129,0.0,0.071,0.0
2025-05-23 03:00:00,0.64,0.0,9.309795804597698,0.0,0.37016129,0.0,0.071,0.0
2025-05-23 04:00:00,1.02,0.0,8.289795804597698,0.0,0.37016129,0.0,0.072,0.0
2025-05-23 05:00:00,0.58,0.1170139999999999,7.826809804597699,0.0,0.37016129,0.0,0.069,0.0
2025-05-23 06:00:00,1.04,0.534563,7.321372804597699,0.0,0.37016129,0.0,0.065,0.0
2025-05-23 07:00:00,0.65,1.868004,8.5393768045977,0.0,0.37016129,0.0,0.06,0.0
2025-05-23 08:00:00,0.24,3.332516,11.6318928045977,0.0,0.37016129,0.0,0.029,0.0
2025-05-23 09:00:00,0.18,2.749303,13.5,0.0,0.37016129,2.5693029999999997,0.016,-0.041108847999999996
2025-05-23 10:00:00,2.4299999999999997,3.553859,13.5,0.0,0.37016129,1.1238590000000004,0.012,-0.013486308000000004
2025-05-23 11:00:00,2.783153846153846,5.484851,13.5,0.0,0.37016129,2.701697153846154,0.016,-0.043227154461538464
2025-05-23 12:00:00,2.893153846153846,5.474977,13.5,0.0,0.37016129,2.581823153846154,0.013,-0.033563701
2025-05-23 13:00:00,2.823153846153846,3.209247,13.5,0.0,0.37016129,0.38609315384615384,0.009,-0.0034748383846153843
2025-05-23 14:00:00,2.4499999999999997,2.104956,13.154956,0.0,0.37016129,0.0,0.009,0.0
2025-05-23 15:00:00,1.31,1.549924,13.39488,0.0,0.38016129,0.0,0.007,0.0
2025-05-23 16:00:00,1.74,1.033833,12.688713,0.0,0.40016129,0.0,0.014,0.0
2025-05-23 17:00:00,2.17780459770115,0.3955269999999999,10.90643540229885,0.0,0.40016129,0.0,0.033,0.0
2025-05-23 18:00:00,3.3678045977011495,0.1756579999999999,7.7142888045977,0.0,0.40016129,0.0,0.08,0.0
2025-05-23 19:00:00,1.55,0.0,6.1642888045977005,0.0,0.40016129,0.0,0.082,0.0
2025-05-23 20:00:00,0.8999999999999999,0.0,5.264288804597701,0.0,0.40016129,0.0,0.073,0.0
2025-05-23 21:00:00,1.16,0.0,4.104288804597701,0.0,0.38016129,0.0,0.07,0.0
2025-05-23 22:00:00,1.71,0.0,2.394288804597701,0.0,0.38016129,0.0,0.069,0.0
2025-05-23 23:00:00,1.45,0.0,0.9442888045977008,0.0,0.38016129,0.0,0.072,0.0
2025-05-24 00:00:00,0.2,0.0,0.744288804597701,0.0,0.37016129,0.0,0.075,0.0
2025-05-24 01:00:00,0.2,0.0,0.544288804597701,0.0,0.37016129,0.0,0.071,0.0
2025-05-24 02:00:00,0.3,0.0,0.244288804597701,0.0,0.37016129,0.0,0.071,0.0
2025-05-24 03:00:00,0.22,0.0,0.024288804597701,0.0,0.37016129,0.0,0.071,0.0
2025-05-24 04:00:00,0.19,0.0,0.0,0.165711195402299,0.37016129,0.0,0.072,0.061339869857557065
2025-05-24 05:00:00,0.54,0.1141919999999999,0.0,0.42580800000000013,0.37016129,0.0,0.069,0.15761763857232003
2025-05-24 06:00:00,0.76,0.468127,0.0,0.291873,0.37016129,0.0,0.065,0.10804008619616999
2025-05-24 07:00:00,0.85,0.676697,0.0,0.17330299999999998,0.37016129,0.0,0.06,0.06415006204087
2025-05-24 08:00:00,0.66,0.835249,0.175249,0.0,0.37016129,0.0,0.029,0.0
2025-05-24 09:00:00,0.64,1.248931,0.78418,0.0,0.37016129,0.0,0.016,0.0
2025-05-24 10:00:00,4.52,2.701877,0.0,1.0339429999999994,0.37016129,0.0,0.012,0.38272567466646973
2025-05-24 11:00:00,4.253153846153846,3.359572,0.0,0.8935818461538458,0.37016129,0.0,0.016,0.3307694088928891
2025-05-24 12:00:00,3.123153846153846,2.468082,0.0,0.6550718461538461,0.37016129,0.0,0.013,0.2424822396149892
2025-05-24 13:00:00,3.213153846153846,2.9065770000000004,0.0,0.3065768461538454,0.37016129,0.0,0.009,0.11348288085643894
2025-05-24 14:00:00,3.0,1.557835,0.0,1.442165,0.37016129,0.0,0.009,0.5338336567928499
2025-05-24 15:00:00,0.44,1.096846,0.656846,0.0,0.38016129,0.0,0.007,0.0
2025-05-24 16:00:00,0.4,1.090146,1.3469920000000002,0.0,0.40016129,0.0,0.014,0.0
2025-05-24 17:00:00,1.6478045977011495,0.6866169999999999,0.3858044022988506,0.0,0.40016129,0.0,0.033,0.0
2025-05-24 18:00:00,1.7578045977011496,0.013582,0.0,1.3584181954022991,0.40016129,0.0,0.08,0.543586377431656
2025-05-24 19:00:00,0.32,0.0,0.0,0.32,0.40016129,0.0,0.082,0.1280516128
2025-05-24 20:00:00,0.24,0.0,0.0,0.24,0.40016129,0.0,0.073,0.0960387096
2025-05-24 21:00:00,0.21,0.0,0.0,0.21,0.38016129,0.0,0.07,0.07983387089999999
2025-05-24 22:00:00,3.22,0.0,0.0,3.22,0.38016129,0.0,0.069,1.2241193538
2025-05-24 23:00:00,1.11,0.0,0.0,1.11,0.38016129,0.0,0.072,0.4219790319
2025-05-25 00:00:00,0.21,0.0,0.0,0.21,0.37016129,0.0,0.075,0.07773387089999999
2025-05-25 01:00:00,0.32,0.0,0.0,0.32,0.37016129,0.0,0.071,0.1184516128
2025-05-25 02:00:00,0.23,0.0,0.0,0.23,0.37016129,0.0,0.071,0.0851370967
2025-05-25 03:00:00,0.21,0.0,0.0,0.21,0.37016129,0.0,0.071,0.07773387089999999
2025-05-25 04:00:00,0.2,0.0,0.0,0.2,0.37016129,0.0,0.072,0.074032258
2025-05-25 05:00:00,0.55,0.126553,0.0,0.423447,0.37016129,0.0,0.069,0.15674368776663
2025-05-25 06:00:00,0.65,0.247826,0.0,0.40217400000000003,0.37016129,0.0,0.065,0.14886924664446
2025-05-25 07:00:00,0.71,1.452133,0.7421330000000002,0.0,0.37016129,0.0,0.06,0.0
2025-05-25 08:00:00,0.97,1.89635,1.6684830000000002,0.0,0.37016129,0.0,0.029,0.0
2025-05-25 09:00:00,0.52,2.440756,3.589239,0.0,0.37016129,0.0,0.016,0.0
2025-05-25 10:00:00,2.4299999999999997,2.347194,3.5064330000000004,0.0,0.37016129,0.0,0.012,0.0
2025-05-25 11:00:00,3.214730769230769,3.4672530000000004,3.758955230769231,0.0,0.37016129,0.0,0.016,0.0
2025-05-25 12:00:00,3.014730769230769,3.1763820000000003,3.920606461538463,0.0,0.37016129,0.0,0.013,0.0
2025-05-25 13:00:00,3.264730769230769,2.6303069999999997,3.2861826923076936,0.0,0.37016129,0.0,0.009,0.0
2025-05-25 14:00:00,2.65,2.351092,2.9872746923076936,0.0,0.37016129,0.0,0.009,0.0
2025-05-25 15:00:00,0.25,1.978296,4.715570692307693,0.0,0.38016129,0.0,0.007,0.0
2025-05-25 16:00:00,0.31,1.2992819999999998,5.704852692307693,0.0,0.40016129,0.0,0.014,0.0
2025-05-25 17:00:00,1.8917068965517243,0.721163,4.534308795755969,0.0,0.40016129,0.0,0.033,0.0
2025-05-25 18:00:00,1.8817068965517243,0.141465,2.7940668992042443,0.0,0.40016129,0.0,0.08,0.0
2025-05-25 19:00:00,0.24,0.0,2.554066899204244,0.0,0.40016129,0.0,0.082,0.0
2025-05-25 20:00:00,0.14,0.0,2.414066899204244,0.0,0.40016129,0.0,0.073,0.0
2025-05-25 21:00:00,0.15,0.0,2.264066899204244,0.0,0.38016129,0.0,0.07,0.0
2025-05-25 22:00:00,1.89,0.0,0.3740668992042442,0.0,0.38016129,0.0,0.069,0.0
2025-05-25 23:00:00,0.32,0.0,0.0540668992042441,0.0,0.38016129,0.0,0.072,0.0
2025-05-26 00:00:00,0.32,0.0,0.0,0.2659331007957559,0.37016129,0.0,0.075,0.09843813964425702
2025-05-26 01:00:00,0.21,0.0,0.0,0.21,0.37016129,0.0,0.071,0.07773387089999999
2025-05-26 02:00:00,0.22,0.0,0.0,0.22,0.37016129,0.0,0.071,0.0814354838
2025-05-26 03:00:00,0.19,0.0,0.0,0.19,0.37016129,0.0,0.071,0.07033064509999999
2025-05-26 04:00:00,0.72,0.0,0.0,0.72,0.37016129,0.0,0.072,0.2665161288
2025-05-26 05:00:00,0.87,0.1225639999999999,0.0,0.7474360000000001,0.37016129,0.0,0.069,0.27667187395244003
2025-05-26 06:00:00,0.6499999999999999,0.542409,0.0,0.10759099999999988,0.37016129,0.0,0.065,0.03982602335238995
2025-05-26 07:00:00,1.83,1.67203,0.0,0.15797000000000017,0.37016129,0.0,0.06,0.058474378981300056
2025-05-26 08:00:00,1.41,3.2816889999999996,1.8716889999999995,0.0,0.37016129,0.0,0.029,0.0
2025-05-26 09:00:00,0.14,4.336667,6.0683560000000005,0.0,0.37016129,0.0,0.016,0.0
2025-05-26 10:00:00,0.22,5.1385320000000005,10.986888,0.0,0.37016129,0.0,0.012,0.0
2025-05-26 11:00:00,0.6847307692307694,5.541861,13.5,0.0,0.37016129,4.857130230769231,0.016,-0.0777140836923077
2025-05-26 12:00:00,0.6847307692307694,5.580253,13.5,0.0,0.37016129,4.895522230769231,0.013,-0.063641789
2025-05-26 13:00:00,0.6847307692307694,5.265136,13.5,0.0,0.37016129,4.58040523076923,0.009,-0.04122364707692307
2025-05-26 14:00:00,0.11,4.598067,13.5,0.0,0.37016129,4.488067,0.009,-0.040392603
2025-05-26 15:00:00,2.0,3.5966590000000003,13.5,0.0,0.38016129,1.5966590000000003,0.007,-0.011176613000000002
2025-05-26 16:00:00,3.49,2.202083,12.212083,0.0,0.40016129,0.0,0.014,0.0
2025-05-26 17:00:00,4.201706896551724,0.678087,8.688463103448276,0.0,0.40016129,0.0,0.033,0.0
2025-05-26 18:00:00,2.531706896551724,0.139638,6.296394206896553,0.0,0.40016129,0.0,0.08,0.0
2025-05-26 19:00:00,0.32,0.0,5.976394206896552,0.0,0.40016129,0.0,0.082,0.0
2025-05-26 20:00:00,0.23,0.0,5.746394206896552,0.0,0.40016129,0.0,0.073,0.0
2025-05-26 21:00:00,0.15,0.0,5.5963942068965515,0.0,0.38016129,0.0,0.07,0.0
2025-05-26 22:00:00,1.32,0.0,4.276394206896551,0.0,0.38016129,0.0,0.069,0.0
2025-05-26 23:00:00,0.11,0.0,4.166394206896551,0.0,0.38016129,0.0,0.072,0.0
2025-05-27 00:00:00,0.1,0.0,4.066394206896551,0.0,0.37016129,0.0,0.075,0.0
2025-05-27 01:00:00,0.1,0.0,3.966394206896551,0.0,0.37016129,0.0,0.071,0.0
2025-05-27 02:00:00,0.1,0.0,3.866394206896551,0.0,0.37016129,0.0,0.071,0.0
2025-05-27 03:00:00,0.1,0.0,3.766394206896551,0.0,0.37016129,0.0,0.071,0.0
2025-05-27 04:00:00,0.97,0.0,2.796394206896551,0.0,0.37016129,0.0,0.072,0.0
2025-05-27 05:00:00,0.78,0.1066299999999999,2.1230242068965506,0.0,0.37016129,0.0,0.069,0.0
2025-05-27 06:00:00,1.09,0.412589,1.4456132068965504,0.0,0.37016129,0.0,0.065,0.0
2025-05-27 07:00:00,0.78,1.824159,2.4897722068965504,0.0,0.37016129,0.0,0.06,0.0
2025-05-27 08:00:00,0.64,3.26393,5.11370220689655,0.0,0.37016129,0.0,0.029,0.0
2025-05-27 09:00:00,0.38,4.288087000000001,9.02178920689655,0.0,0.37016129,0.0,0.016,0.0
2025-05-27 10:00:00,0.34,5.005376,13.5,0.0,0.37016129,4.665376,0.012,-0.055984512
2025-05-27 11:00:00,1.408192307692308,5.388146,13.5,0.0,0.37016129,3.979953692307692,0.016,-0.06367925907692308
2025-05-27 12:00:00,1.418192307692308,5.425969,13.5,0.0,0.37016129,4.007776692307692,0.013,-0.05210109699999999
2025-05-27 13:00:00,1.678192307692308,5.134491,13.5,0.0,0.37016129,3.4562986923076915,0.009,-0.03110668823076922
2025-05-27 14:00:00,0.28,4.486096,13.5,0.0,0.37016129,4.206096,0.009,-0.037854863999999995
2025-05-27 15:00:00,0.35,3.516739,13.5,0.0,0.38016129,3.1667389999999997,0.007,-0.022167173
2025-05-27 16:00:00,0.33,2.1599540000000004,13.5,0.0,0.40016129,1.8299540000000003,0.014,-0.025619356000000006
2025-05-27 17:00:00,3.501419540229885,0.660908,10.659488459770117,0.0,0.40016129,0.0,0.033,0.0
2025-05-27 18:00:00,3.871419540229885,0.147715,6.9357839195402295,0.0,0.40016129,0.0,0.08,0.0
2025-05-27 19:00:00,2.99,0.0,3.94578391954023,0.0,0.40016129,0.0,0.082,0.0
2025-05-27 20:00:00,0.39,0.0,3.555783919540229,0.0,0.40016129,0.0,0.073,0.0
2025-05-27 21:00:00,0.41,0.0,3.145783919540229,0.0,0.38016129,0.0,0.07,0.0
2025-05-27 22:00:00,1.6800000000000002,0.0,1.465783919540229,0.0,0.38016129,0.0,0.069,0.0
2025-05-27 23:00:00,0.24,0.0,1.225783919540229,0.0,0.38016129,0.0,0.072,0.0
2025-05-28 00:00:00,0.22,0.0,1.005783919540229,0.0,0.37016129,0.0,0.075,0.0
2025-05-28 01:00:00,0.26,0.0,0.7457839195402289,0.0,0.37016129,0.0,0.071,0.0
2025-05-28 02:00:00,0.3,0.0,0.4457839195402289,0.0,0.37016129,0.0,0.071,0.0
2025-05-28 03:00:00,0.2299999999999999,0.0,0.215783919540229,0.0,0.37016129,0.0,0.071,0.0
2025-05-28 04:00:00,0.44,0.0,0.0,0.224216080459771,0.37016129,0.0,0.072,0.08299611358173263
2025-05-28 05:00:00,1.02,0.116835,0.0,0.903165,0.37016129,0.0,0.069,0.33431672148284997
2025-05-28 06:00:00,0.6,0.427794,0.0,0.17220599999999997,0.37016129,0.0,0.065,0.06374399510573998
2025-05-28 07:00:00,0.91,1.850387,0.940387,0.0,0.37016129,0.0,0.06,0.0
2025-05-28 08:00:00,0.77,3.304532,3.474919,0.0,0.37016129,0.0,0.029,0.0
2025-05-28 09:00:00,0.63,4.299868999999999,7.144787999999999,0.0,0.37016129,0.0,0.016,0.0
2025-05-28 10:00:00,3.05,4.961042,9.05583,0.0,0.37016129,0.0,0.012,0.0
2025-05-28 11:00:00,3.2390961538461536,5.3101199999999995,11.126853846153846,0.0,0.37016129,0.0,0.016,0.0
2025-05-28 12:00:00,3.009096153846154,5.387671,13.5,0.0,0.37016129,2.378574846153846,0.013,-0.030921472999999998
2025-05-28 13:00:00,3.009096153846154,4.190855,13.5,0.0,0.37016129,1.181758846153846,0.009,-0.010635829615384612
2025-05-28 14:00:00,2.44,4.058966,13.5,0.0,0.37016129,1.618966,0.009,-0.014570693999999999
2025-05-28 15:00:00,0.15,3.521138,13.5,0.0,0.38016129,3.371138,0.007,-0.023597966
2025-05-28 16:00:00,0.11,2.022761,13.5,0.0,0.40016129,1.912761,0.014,-0.026778654
2025-05-28 17:00:00,2.3657097701149423,0.6295170000000001,11.763807229885058,0.0,0.40016129,0.0,0.033,0.0
2025-05-28 18:00:00,4.455709770114942,0.194677,7.502774459770116,0.0,0.40016129,0.0,0.08,0.0
2025-05-28 19:00:00,0.49,0.0,7.012774459770116,0.0,0.40016129,0.0,0.082,0.0
2025-05-28 20:00:00,0.14,0.0,6.872774459770116,0.0,0.40016129,0.0,0.073,0.0
2025-05-28 21:00:00,0.2,0.0,6.672774459770116,0.0,0.38016129,0.0,0.07,0.0
2025-05-28 22:00:00,1.61,0.0,5.062774459770115,0.0,0.38016129,0.0,0.069,0.0
2025-05-28 23:00:00,0.11,0.0,4.952774459770115,0.0,0.38016129,0.0,0.072,0.0
2025-05-29 00:00:00,0.11,0.0,4.842774459770115,0.0,0.37016129,0.0,0.075,0.0
2025-05-29 01:00:00,0.11,0.0,4.7327744597701145,0.0,0.37016129,0.0,0.071,0.0
2025-05-29 02:00:00,0.1,0.0,4.632774459770115,0.0,0.37016129,0.0,0.071,0.0
2025-05-29 03:00:00,0.1,0.0,4.532774459770115,0.0,0.37016129,0.0,0.071,0.0
2025-05-29 04:00:00,0.55,0.0,3.9827744597701153,0.0,0.37016129,0.0,0.072,0.0
2025-05-29 05:00:00,0.97,0.126797,3.139571459770115,0.0,0.37016129,0.0,0.069,0.0
2025-05-29 06:00:00,0.69,0.505443,2.9550144597701156,0.0,0.37016129,0.0,0.065,0.0
2025-05-29 07:00:00,0.2,0.972508,3.727522459770116,0.0,0.37016129,0.0,0.06,0.0
2025-05-29 08:00:00,0.41,2.317078,5.634600459770116,0.0,0.37016129,0.0,0.029,0.0
2025-05-29 09:00:00,0.39,2.3895340000000003,7.634134459770117,0.0,0.37016129,0.0,0.016,0.0
2025-05-29 10:00:00,0.43,2.7728200000000003,9.976954459770116,0.0,0.37016129,0.0,0.012,0.0
2025-05-29 11:00:00,0.719096153846154,4.331294,13.5,0.0,0.37016129,3.6121978461538458,0.016,-0.057795165538461535
2025-05-29 12:00:00,0.7790961538461539,2.410222,13.5,0.0,0.37016129,1.631125846153846,0.013,-0.021204636
2025-05-29 13:00:00,0.699096153846154,1.4777159999999998,13.5,0.0,0.37016129,0.7786198461538458,0.009,-0.007007578615384612
2025-05-29 14:00:00,0.35,0.969576,13.5,0.0,0.37016129,0.619576,0.009,-0.005576184
2025-05-29 15:00:00,0.42,1.0629300000000002,13.5,0.0,0.38016129,0.6429300000000002,0.007,-0.004500510000000002
2025-05-29 16:00:00,0.23,0.458953,13.5,0.0,0.40016129,0.228953,0.014,-0.003205342
2025-05-29 17:00:00,3.375709770114942,0.262865,10.387155229885058,0.0,0.40016129,0.0,0.033,0.0
2025-05-29 18:00:00,3.1057097701149425,0.1994439999999999,7.4808894597701165,0.0,0.40016129,0.0,0.08,0.0
2025-05-29 19:00:00,0.2,0.0,7.280889459770116,0.0,0.40016129,0.0,0.082,0.0
2025-05-29 20:00:00,0.14,0.0,7.140889459770117,0.0,0.40016129,0.0,0.073,0.0
2025-05-29 21:00:00,0.15,0.0,6.990889459770116,0.0,0.38016129,0.0,0.07,0.0
2025-05-29 22:00:00,1.75,0.0,5.240889459770116,0.0,0.38016129,0.0,0.069,0.0
2025-05-29 23:00:00,0.61,0.0,4.630889459770116,0.0,0.38016129,0.0,0.072,0.0
2025-05-30 00:00:00,0.11,0.0,4.520889459770116,0.0,0.37016129,0.0,0.075,0.0
2025-05-30 01:00:00,0.11,0.0,4.410889459770115,0.0,0.37016129,0.0,0.071,0.0
2025-05-30 02:00:00,0.12,0.0,4.290889459770115,0.0,0.37016129,0.0,0.071,0.0
2025-05-30 03:00:00,0.1,0.0,4.190889459770116,0.0,0.37016129,0.0,0.071,0.0
2025-05-30 04:00:00,0.11,0.0,4.080889459770115,0.0,0.37016129,0.0,0.072,0.0
2025-05-30 05:00:00,0.11,0.146018,4.116907459770116,0.0,0.37016129,0.0,0.069,0.0
2025-05-30 06:00:00,0.16,0.507506,4.464413459770116,0.0,0.37016129,0.0,0.065,0.0
2025-05-30 07:00:00,0.53,1.828414,5.762827459770116,0.0,0.37016129,0.0,0.06,0.0
2025-05-30 08:00:00,0.25,1.108789,6.621616459770116,0.0,0.37016129,0.0,0.029,0.0
2025-05-30 09:00:00,0.15,1.342288,7.813904459770116,0.0,0.37016129,0.0,0.016,0.0
2025-05-30 10:00:00,2.57,1.593134,6.837038459770117,0.0,0.37016129,0.0,0.012,0.0
2025-05-30 11:00:00,3.009096153846154,2.487281,6.315223305923963,0.0,0.37016129,0.0,0.016,0.0
2025-05-30 12:00:00,3.309096153846154,3.935517,6.941644152077809,0.0,0.37016129,0.0,0.013,0.0
2025-05-30 13:00:00,3.059096153846154,5.198345000000001,9.080892998231656,0.0,0.37016129,0.0,0.009,0.0
2025-05-30 14:00:00,2.48,4.539274000000001,11.140166998231656,0.0,0.37016129,0.0,0.009,0.0
2025-05-30 15:00:00,0.22,3.570687,13.5,0.0,0.38016129,3.3506869999999997,0.007,-0.023454809
2025-05-30 16:00:00,0.16,2.18865,13.5,0.0,0.40016129,2.02865,0.014,-0.0284011
2025-05-30 17:00:00,1.7357097701149424,0.729943,12.494233229885058,0.0,0.40016129,0.0,0.033,0.0
2025-05-30 18:00:00,1.9757097701149424,0.189785,10.708308459770116,0.0,0.40016129,0.0,0.08,0.0
2025-05-30 19:00:00,0.2299999999999999,0.0,10.478308459770115,0.0,0.40016129,0.0,0.082,0.0
2025-05-30 20:00:00,0.21,0.0,10.268308459770116,0.0,0.40016129,0.0,0.073,0.0
2025-05-30 21:00:00,0.18,0.0,10.088308459770117,0.0,0.38016129,0.0,0.07,0.0
2025-05-30 22:00:00,0.22,0.0,9.868308459770114,0.0,0.38016129,0.0,0.069,0.0
2025-05-30 23:00:00,0.22,0.0,9.648308459770114,0.0,0.38016129,0.0,0.072,0.0
2025-05-31 00:00:00,0.2,0.0,9.448308459770114,0.0,0.37016129,0.0,0.075,0.0
2025-05-31 01:00:00,0.19,0.0,9.258308459770117,0.0,0.37016129,0.0,0.071,0.0
2025-05-31 02:00:00,0.86,0.0,8.398308459770115,0.0,0.37016129,0.0,0.071,0.0
2025-05-31 03:00:00,1.02,0.0,7.378308459770116,0.0,0.37016129,0.0,0.071,0.0
2025-05-31 04:00:00,0.7000000000000001,0.0,6.678308459770116,0.0,0.37016129,0.0,0.072,0.0
2025-05-31 05:00:00,1.07,0.138723,5.747031459770116,0.0,0.37016129,0.0,0.069,0.0
2025-05-31 06:00:00,0.2,0.489294,6.036325459770116,0.0,0.37016129,0.0,0.065,0.0
2025-05-31 07:00:00,0.24,0.6447999999999999,6.441125459770116,0.0,0.37016129,0.0,0.06,0.0
2025-05-31 08:00:00,0.14,1.418836,7.719961459770116,0.0,0.37016129,0.0,0.029,0.0
2025-05-31 09:00:00,1.89,1.991458,7.821419459770116,0.0,0.37016129,0.0,0.016,0.0
2025-05-31 10:00:00,4.76,3.545075,6.606494459770116,0.0,0.37016129,0.0,0.012,0.0
2025-05-31 11:00:00,3.179096153846154,5.651058,9.07845630592396,0.0,0.37016129,0.0,0.016,0.0
2025-05-31 12:00:00,3.019096153846154,5.6713819999999995,11.730742152077806,0.0,0.37016129,0.0,0.013,0.0
2025-05-31 13:00:00,3.119096153846154,5.343749,13.5,0.0,0.37016129,2.224652846153846,0.009,-0.020021875615384613
2025-05-31 14:00:00,2.44,4.660408,13.5,0.0,0.37016129,2.2204080000000004,0.009,-0.019983672
2025-05-31 15:00:00,0.11,3.648605,13.5,0.0,0.38016129,3.538605,0.007,-0.024770235
2025-05-31 16:00:00,0.12,2.258637,13.5,0.0,0.40016129,2.1386369999999997,0.014,-0.029940917999999997
2025-05-31 17:00:00,1.7157097701149426,0.7229629999999999,12.507253229885055,0.0,0.40016129,0.0,0.033,0.0
2025-05-31 18:00:00,1.9257097701149424,0.193852,10.775395459770117,0.0,0.40016129,0.0,0.08,0.0
2025-05-31 19:00:00,0.15,0.0,10.625395459770116,0.0,0.40016129,0.0,0.082,0.0
2025-05-31 20:00:00,0.14,0.0,10.485395459770114,0.0,0.40016129,0.0,0.073,0.0
2025-05-31 21:00:00,0.11,0.0,10.375395459770116,0.0,0.38016129,0.0,0.07,0.0
2025-05-31 22:00:00,0.62,0.0,9.755395459770115,0.0,0.38016129,0.0,0.069,0.0
2025-05-31 23:00:00,0.8,0.0,8.955395459770115,0.0,0.38016129,0.0,0.072,0.0
2025-05-31 23:59:59,0.1,0.0,8.955395459770115,0.1,150.0,0.0,0.0,15.0
2025-06-01 00:00:00,0.22,0.0,8.735395459770114,0.0,0.420833333,0.0,0.07927,0.0
2025-06-01 01:00:00,1.01,0.0,7.725395459770114,0.0,0.420833333,0.0,0.07407,0.0
2025-06-01 02:00:00,0.58,0.0,7.145395459770114,0.0,0.420833333,0.0,0.07337,0.0
2025-06-01 03:00:00,1.03,0.0,6.115395459770114,0.0,0.420833333,0.0,0.076,0.0
2025-06-01 04:00:00,1.11,0.0,5.005395459770114,0.0,0.420833333,0.0,0.07453,0.0
2025-06-01 05:00:00,0.8400000000000001,0.133098,4.298493459770113,0.0,0.420833333,0.0,0.0774,0.0
2025-06-01 06:00:00,0.71,0.44686,4.035353459770113,0.0,0.420833333,0.0,0.07575,0.0
2025-06-01 07:00:00,0.62,1.826925,5.242278459770113,0.0,0.420833333,0.0,0.07118,0.0
2025-06-01 08:00:00,0.7,3.296189,7.838467459770113,0.0,0.420833333,0.0,0.05545,0.0
2025-06-01 09:00:00,0.23,4.352019,11.960486459770111,0.0,0.420833333,0.0,0.04501,0.0
2025-06-01 10:00:00,2.6599999999999997,5.110599000000001,13.5,0.0,0.420833333,2.450599000000001,0.04187,-0.10260658013000003
2025-06-01 11:00:00,2.923153846153846,5.515464,13.5,0.0,0.420833333,2.5923101538461535,0.04093,-0.10610325459692306
2025-06-01 12:00:00,3.143153846153846,5.551617,13.5,0.0,0.420833333,2.4084631538461543,0.03947,-0.09506204068230771
2025-06-01 13:00:00,2.973153846153846,5.28472,13.5,0.0,0.420833333,2.311566153846154,0.04408,-0.10189383606153847
2025-06-01 14:00:00,2.52,4.610203,13.5,0.0,0.420833333,2.0902030000000003,0.0408,-0.08528028240000002
2025-06-01 15:00:00,0.73,3.6002080000000003,13.5,0.0,0.470833333,2.8702080000000003,0.0384,-0.1102159872
2025-06-01 16:00:00,0.85,2.211599,13.5,0.0,0.630833333,1.361599,0.12416,-0.16905613184
2025-06-01 17:00:00,1.5078045977011496,0.7111409999999999,12.70333640229885,0.0,0.630833333,0.0,0.22896,0.0
2025-06-01 18:00:00,3.59780459770115,0.193445,9.2989768045977,0.0,0.630833333,0.0,0.26699,0.0
2025-06-01 19:00:00,0.6599999999999999,0.0,8.6389768045977,0.0,0.630833333,0.0,0.26207,0.0
2025-06-01 20:00:00,0.26,0.0,8.3789768045977,0.0,0.630833333,0.0,0.17572,0.0
2025-06-01 21:00:00,0.64,0.0,7.7389768045977005,0.0,0.470833333,0.0,0.08224,0.0
2025-06-01 22:00:00,1.54,0.0,6.1989768045977005,0.0,0.470833333,0.0,0.07558,0.0
2025-06-01 23:00:00,0.25,0.0,5.9489768045977005,0.0,0.470833333,0.0,0.07432,0.0
2025-06-02 00:00:00,0.32,0.0,5.6289768045977,0.0,0.420833333,0.0,0.07927,0.0
2025-06-02 01:00:00,0.24,0.0,5.3889768045977,0.0,0.420833333,0.0,0.07407,0.0
2025-06-02 02:00:00,1.0,0.0,4.3889768045977,0.0,0.420833333,0.0,0.07337,0.0
2025-06-02 03:00:00,0.67,0.0,3.7189768045977,0.0,0.420833333,0.0,0.076,0.0
2025-06-02 04:00:00,0.8200000000000001,0.0,2.8989768045977,0.0,0.420833333,0.0,0.07453,0.0
2025-06-02 05:00:00,1.03,0.138453,2.0074298045976997,0.0,0.420833333,0.0,0.0774,0.0
2025-06-02 06:00:00,0.69,0.452411,1.7698408045977,0.0,0.420833333,0.0,0.07575,0.0
2025-06-02 07:00:00,0.97,1.843998,2.6438388045977,0.0,0.420833333,0.0,0.07118,0.0
2025-06-02 08:00:00,0.37,3.3360079999999996,5.6098468045977,0.0,0.420833333,0.0,0.05545,0.0
2025-06-02 09:00:00,0.41,4.413188,9.6130348045977,0.0,0.420833333,0.0,0.04501,0.0
2025-06-02 10:00:00,0.19,5.198263,13.5,0.0,0.420833333,5.0082629999999995,0.04187,-0.20969597180999996
2025-06-02 11:00:00,0.6231538461538462,5.636939999999999,13.5,0.0,0.420833333,5.013786153846153,0.04093,-0.20521426727692305
2025-06-02 12:00:00,1.1631538461538462,5.679082999999999,13.5,0.0,0.420833333,4.5159291538461535,0.03947,-0.17824372370230768
2025-06-02 13:00:00,1.0331538461538463,5.394619,13.5,0.0,0.420833333,4.3614651538461535,0.04408,-0.19225338398153846
2025-06-02 14:00:00,0.7,4.719175,13.5,0.0,0.420833333,4.019175,0.0408,-0.16398234
2025-06-02 15:00:00,0.47,3.70661,13.5,0.0,0.470833333,3.2366099999999998,0.0384,-0.12428582399999998
2025-06-02 16:00:00,0.22,2.283501,13.5,0.0,0.630833333,2.0635009999999996,0.12416,-0.25620428415999996
2025-06-02 17:00:00,1.2978045977011496,0.729453,12.931648402298851,0.0,0.630833333,0.0,0.22896,0.0
2025-06-02 18:00:00,1.3578045977011497,0.194392,11.7682358045977,0.0,0.630833333,0.0,0.26699,0.0
2025-06-02 19:00:00,0.54,0.0,11.228235804597702,0.0,0.630833333,0.0,0.26207,0.0
2025-06-02 20:00:00,0.6900000000000001,0.0,10.538235804597702,0.0,0.630833333,0.0,0.17572,0.0
2025-06-02 21:00:00,0.43,0.0,10.108235804597705,0.0,0.470833333,0.0,0.08224,0.0
2025-06-02 22:00:00,0.26,0.0,9.848235804597705,0.0,0.470833333,0.0,0.07558,0.0
2025-06-02 23:00:00,0.2299999999999999,0.0,9.618235804597704,0.0,0.470833333,0.0,0.07432,0.0
2025-06-03 00:00:00,0.22,0.0,9.398235804597702,0.0,0.420833333,0.0,0.07927,0.0
2025-06-03 01:00:00,0.22,0.0,9.1782358045977,0.0,0.420833333,0.0,0.07407,0.0
2025-06-03 02:00:00,0.22,0.0,8.9582358045977,0.0,0.420833333,0.0,0.07337,0.0
2025-06-03 03:00:00,0.2299999999999999,0.0,8.7282358045977,0.0,0.420833333,0.0,0.076,0.0
2025-06-03 04:00:00,0.96,0.0,7.7682358045977,0.0,0.420833333,0.0,0.07453,0.0
2025-06-03 05:00:00,0.56,0.147293,7.3555288045977,0.0,0.420833333,0.0,0.0774,0.0
2025-06-03 06:00:00,0.57,0.054858,6.8403868045977,0.0,0.420833333,0.0,0.07575,0.0
2025-06-03 07:00:00,0.2,0.6765599999999999,7.3169468045977,0.0,0.420833333,0.0,0.07118,0.0
2025-06-03 08:00:00,0.11,1.97582,9.1827668045977,0.0,0.420833333,0.0,0.05545,0.0
2025-06-03 09:00:00,0.1,1.174637,10.2574038045977,0.0,0.420833333,0.0,0.04501,0.0
2025-06-03 10:00:00,0.1,1.883778,12.0411818045977,0.0,0.420833333,0.0,0.04187,0.0
2025-06-03 11:00:00,0.4831538461538462,1.77098,13.329007958443851,0.0,0.420833333,0.0,0.04093,0.0
2025-06-03 12:00:00,0.4831538461538462,3.248014,13.5,0.0,0.420833333,2.7648601538461537,0.03947,-0.10912903027230768
2025-06-03 13:00:00,0.4931538461538462,5.321431,13.5,0.0,0.420833333,4.8282771538461535,0.04408,-0.21283045694153846
2025-06-03 14:00:00,0.11,4.656788,13.5,0.0,0.420833333,4.546787999999999,0.0408,-0.18550895039999998
2025-06-03 15:00:00,0.11,2.487473,13.5,0.0,0.470833333,2.377473,0.0384,-0.0912949632
2025-06-03 16:00:00,0.11,2.26652,13.5,0.0,0.630833333,2.15652,0.12416,-0.2677535232
2025-06-03 17:00:00,1.1978045977011498,0.723956,13.02615140229885,0.0,0.630833333,0.0,0.22896,0.0
2025-06-03 18:00:00,1.2878045977011496,0.189669,11.9280158045977,0.0,0.630833333,0.0,0.26699,0.0
2025-06-03 19:00:00,0.16,0.0,11.7680158045977,0.0,0.630833333,0.0,0.26207,0.0
2025-06-03 20:00:00,0.15,0.0,11.6180158045977,0.0,0.630833333,0.0,0.17572,0.0
2025-06-03 21:00:00,0.11,0.0,11.5080158045977,0.0,0.470833333,0.0,0.08224,0.0
2025-06-03 22:00:00,0.22,0.0,11.2880158045977,0.0,0.470833333,0.0,0.07558,0.0
2025-06-03 23:00:00,0.19,0.0,11.0980158045977,0.0,0.470833333,0.0,0.07432,0.0
2025-06-04 00:00:00,0.19,0.0,10.9080158045977,0.0,0.420833333,0.0,0.07927,0.0
2025-06-04 01:00:00,0.61,0.0,10.298015804597702,0.0,0.420833333,0.0,0.07407,0.0
2025-06-04 02:00:00,0.95,0.0,9.348015804597702,0.0,0.420833333,0.0,0.07337,0.0
2025-06-04 03:00:00,0.72,0.0,8.628015804597702,0.0,0.420833333,0.0,0.076,0.0
2025-06-04 04:00:00,1.28,0.0,7.348015804597701,0.0,0.420833333,0.0,0.07453,0.0
2025-06-04 05:00:00,0.66,0.143102,6.831117804597701,0.0,0.420833333,0.0,0.0774,0.0
2025-06-04 06:00:00,0.5700000000000001,0.4516,6.712717804597701,0.0,0.420833333,0.0,0.07575,0.0
2025-06-04 07:00:00,0.59,0.52155,6.644267804597701,0.0,0.420833333,0.0,0.07118,0.0
2025-06-04 08:00:00,0.2299999999999999,0.800899,7.2151668045977,0.0,0.420833333,0.0,0.05545,0.0
2025-06-04 09:00:00,0.36,1.155557,8.010723804597701,0.0,0.420833333,0.0,0.04501,0.0
2025-06-04 10:00:00,2.53,1.490123,6.970846804597701,0.0,0.420833333,0.0,0.04187,0.0
2025-06-04 11:00:00,2.903153846153846,2.415653,6.483345958443855,0.0,0.420833333,0.0,0.04093,0.0
2025-06-04 12:00:00,2.903153846153846,2.2799009999999997,5.860093112290008,0.0,0.420833333,0.0,0.03947,0.0
2025-06-04 13:00:00,2.903153846153846,3.688069,6.645008266136163,0.0,0.420833333,0.0,0.04408,0.0
2025-06-04 14:00:00,2.52,4.702402,8.827410266136162,0.0,0.420833333,0.0,0.0408,0.0
2025-06-04 15:00:00,0.2299999999999999,3.701403,12.298813266136165,0.0,0.470833333,0.0,0.0384,0.0
2025-06-04 16:00:00,0.2299999999999999,2.295469,13.5,0.0,0.630833333,2.065469,0.12416,-0.25644863104000004
2025-06-04 17:00:00,1.2478045977011496,0.721172,12.97336740229885,0.0,0.630833333,0.0,0.22896,0.0
2025-06-04 18:00:00,1.2678045977011496,0.153572,11.8591348045977,0.0,0.630833333,0.0,0.26699,0.0
2025-06-04 19:00:00,0.14,0.0,11.7191348045977,0.0,0.630833333,0.0,0.26207,0.0
2025-06-04 20:00:00,0.14,0.0,11.5791348045977,0.0,0.630833333,0.0,0.17572,0.0
2025-06-04 21:00:00,0.29,0.0,11.2891348045977,0.0,0.470833333,0.0,0.08224,0.0
2025-06-04 22:00:00,0.29,0.0,10.9991348045977,0.0,0.470833333,0.0,0.07558,0.0
2025-06-04 23:00:00,0.22,0.0,10.7791348045977,0.0,0.470833333,0.0,0.07432,0.0
2025-06-05 00:00:00,0.2,0.0,10.5791348045977,0.0,0.420833333,0.0,0.07927,0.0
2025-06-05 01:00:00,0.2,0.0,10.3791348045977,0.0,0.420833333,0.0,0.07407,0.0
2025-06-05 02:00:00,0.2,0.0,10.179134804597702,0.0,0.420833333,0.0,0.07337,0.0
2025-06-05 03:00:00,0.47,0.0,9.7091348045977,0.0,0.420833333,0.0,0.076,0.0
2025-06-05 04:00:00,0.5599999999999999,0.0,9.1491348045977,0.0,0.420833333,0.0,0.07453,0.0
2025-06-05 05:00:00,0.67,0.117539,8.5966738045977,0.0,0.420833333,0.0,0.0774,0.0
2025-06-05 06:00:00,0.64,0.377588,8.3342618045977,0.0,0.420833333,0.0,0.07575,0.0
2025-06-05 07:00:00,0.53,0.7687050000000001,8.5729668045977,0.0,0.420833333,0.0,0.07118,0.0
2025-06-05 08:00:00,0.23,1.329101,9.6720678045977,0.0,0.420833333,0.0,0.05545,0.0
2025-06-05 09:00:00,0.47,0.0,9.202067804597698,0.0,0.420833333,0.0,0.04501,0.0
2025-06-05 10:00:00,0.65,5.130046,13.5,0.0,0.420833333,4.480046,0.04187,-0.18757952601999997
2025-06-05 11:00:00,1.1431538461538462,2.8166309999999997,13.5,0.0,0.420833333,1.6734771538461535,0.04093,-0.06849541990692307
2025-06-05 12:00:00,0.8831538461538462,2.198296,13.5,0.0,0.420833333,1.3151421538461538,0.03947,-0.05190866081230769
2025-06-05 13:00:00,0.6031538461538463,2.5916900000000003,13.5,0.0,0.420833333,1.988536153846154,0.04408,-0.08765467366153847
2025-06-05 14:00:00,0.3,3.081874,13.5,0.0,0.420833333,2.781874,0.0408,-0.11350045920000001
2025-06-05 15:00:00,0.25,3.072565,13.5,0.0,0.470833333,2.822565,0.0384,-0.10838649599999998
2025-06-05 16:00:00,0.21,2.05287,13.5,0.0,0.630833333,1.84287,0.12416,-0.2288107392
2025-06-05 17:00:00,1.3078045977011497,0.731469,12.92366440229885,0.0,0.630833333,0.0,0.22896,0.0
2025-06-05 18:00:00,1.3778045977011495,0.19857,11.7444298045977,0.0,0.630833333,0.0,0.26699,0.0
2025-06-05 19:00:00,0.12,0.0,11.6244298045977,0.0,0.630833333,0.0,0.26207,0.0
2025-06-05 20:00:00,0.44,0.0,11.184429804597702,0.0,0.630833333,0.0,0.17572,0.0
2025-06-05 21:00:00,0.14,0.0,11.0444298045977,0.0,0.470833333,0.0,0.08224,0.0
2025-06-05 22:00:00,0.22,0.0,10.8244298045977,0.0,0.470833333,0.0,0.07558,0.0
2025-06-05 23:00:00,0.21,0.0,10.6144298045977,0.0,0.470833333,0.0,0.07432,0.0
2025-06-06 00:00:00,0.21,0.0,10.4044298045977,0.0,0.420833333,0.0,0.07927,0.0
2025-06-06 01:00:00,0.2,0.0,10.2044298045977,0.0,0.420833333,0.0,0.07407,0.0
2025-06-06 02:00:00,0.27,0.0,9.9344298045977,0.0,0.420833333,0.0,0.07337,0.0
2025-06-06 03:00:00,0.25,0.0,9.6844298045977,0.0,0.420833333,0.0,0.076,0.0
2025-06-06 04:00:00,0.19,0.0,9.4944298045977,0.0,0.420833333,0.0,0.07453,0.0
2025-06-06 05:00:00,0.19,0.1277039999999999,9.4321338045977,0.0,0.420833333,0.0,0.0774,0.0
2025-06-06 06:00:00,0.21,0.390545,9.6126788045977,0.0,0.420833333,0.0,0.07575,0.0
2025-06-06 07:00:00,0.29,1.810459,11.133137804597702,0.0,0.420833333,0.0,0.07118,0.0
2025-06-06 08:00:00,0.1699999999999999,3.330669,13.5,0.0,0.420833333,3.160669,0.05545,-0.17525909605
2025-06-06 09:00:00,0.11,4.430326,13.5,0.0,0.420833333,4.320326,0.04501,-0.19445787326
2025-06-06 10:00:00,2.4,5.204618,13.5,0.0,0.420833333,2.804618,0.04187,-0.11742935566
2025-06-06 11:00:00,2.803153846153846,5.607417000000001,13.5,0.0,0.420833333,2.8042631538461547,0.04093,-0.11477849088692312
2025-06-06 12:00:00,2.833153846153846,5.673987,13.5,0.0,0.420833333,2.8408331538461544,0.03947,-0.11212768458230771
2025-06-06 13:00:00,2.793153846153846,5.346098,13.5,0.0,0.420833333,2.5529441538461537,0.04408,-0.11253377830153846
2025-06-06 14:00:00,2.5,4.6694700000000005,13.5,0.0,0.420833333,2.1694700000000005,0.0408,-0.08851437600000002
2025-06-06 15:00:00,0.17,3.652352,13.5,0.0,0.470833333,3.482352,0.0384,-0.1337223168
2025-06-06 16:00:00,0.14,2.240205,13.5,0.0,0.630833333,2.100205,0.12416,-0.2607614528
2025-06-06 17:00:00,1.2078045977011498,0.708,13.00019540229885,0.0,0.630833333,0.0,0.22896,0.0
2025-06-06 18:00:00,1.3778045977011495,0.15778,11.7801708045977,0.0,0.630833333,0.0,0.26699,0.0
2025-06-06 19:00:00,0.67,0.0,11.1101708045977,0.0,0.630833333,0.0,0.26207,0.0
2025-06-06 20:00:00,1.56,0.0,9.5501708045977,0.0,0.630833333,0.0,0.17572,0.0
2025-06-06 21:00:00,0.28,0.0,9.2701708045977,0.0,0.470833333,0.0,0.08224,0.0
2025-06-06 22:00:00,0.17,0.0,9.1001708045977,0.0,0.470833333,0.0,0.07558,0.0
2025-06-06 23:00:00,0.1,0.0,9.000170804597701,0.0,0.470833333,0.0,0.07432,0.0
2025-06-07 00:00:00,0.11,0.0,8.890170804597702,0.0,0.420833333,0.0,0.07927,0.0
2025-06-07 01:00:00,0.1,0.0,8.790170804597702,0.0,0.420833333,0.0,0.07407,0.0
2025-06-07 02:00:00,0.1,0.0,8.690170804597702,0.0,0.420833333,0.0,0.07337,0.0
2025-06-07 03:00:00,0.1,0.0,8.590170804597703,0.0,0.420833333,0.0,0.076,0.0
2025-06-07 04:00:00,0.11,0.0,8.480170804597703,0.0,0.420833333,0.0,0.07453,0.0
2025-06-07 05:00:00,0.11,0.1336709999999999,8.503841804597704,0.0,0.420833333,0.0,0.0774,0.0
2025-06-07 06:00:00,0.11,0.395202,8.789043804597704,0.0,0.420833333,0.0,0.07575,0.0
2025-06-07 07:00:00,2.1799999999999997,1.833825,8.442868804597705,0.0,0.420833333,0.0,0.07118,0.0
2025-06-07 08:00:00,2.34,3.3866729999999996,9.489541804597703,0.0,0.420833333,0.0,0.05545,0.0
2025-06-07 09:00:00,0.21,4.511333,13.5,0.0,0.420833333,4.301333,0.04501,-0.19360299833
2025-06-07 10:00:00,2.4,5.307703,13.5,0.0,0.420833333,2.907703,0.04187,-0.12174552461
2025-06-07 11:00:00,2.5577179487179484,5.732418,13.5,0.0,0.420833333,3.1747000512820516,0.04093,-0.12994047309897439
2025-06-07 12:00:00,2.687717948717949,5.75,13.5,0.0,0.420833333,3.062282051282051,0.03947,-0.12086827256410256
2025-06-07 13:00:00,2.5877179487179487,5.5018400000000005,13.5,0.0,0.420833333,2.914122051282052,0.04408,-0.12845450002051284
2025-06-07 14:00:00,2.84,4.835415,13.5,0.0,0.420833333,1.9954150000000004,0.0408,-0.08141293200000002
2025-06-07 15:00:00,0.6799999999999999,3.805994,13.5,0.0,0.470833333,3.1259940000000004,0.0384,-0.12003816960000001
2025-06-07 16:00:00,0.25,2.354838,13.5,0.0,0.630833333,2.104838,0.12416,-0.26133668608
2025-06-07 17:00:00,0.6426015325670499,0.764627,13.5,0.0,0.630833333,0.12202546743295006,0.22896,-0.027938951023448247
2025-06-07 18:00:00,0.92260153256705,0.189228,12.76662646743295,0.0,0.630833333,0.0,0.26699,0.0
2025-06-07 19:00:00,0.37,0.0,12.39662646743295,0.0,0.630833333,0.0,0.26207,0.0
2025-06-07 20:00:00,0.51,0.0,11.88662646743295,0.0,0.630833333,0.0,0.17572,0.0
2025-06-07 21:00:00,0.24,0.0,11.64662646743295,0.0,0.470833333,0.0,0.08224,0.0
2025-06-07 22:00:00,0.17,0.0,11.47662646743295,0.0,0.470833333,0.0,0.07558,0.0
2025-06-07 23:00:00,0.1,0.0,11.376626467432953,0.0,0.470833333,0.0,0.07432,0.0
2025-06-08 00:00:00,0.1,0.0,11.276626467432951,0.0,0.420833333,0.0,0.07927,0.0
2025-06-08 01:00:00,0.1,0.0,11.176626467432952,0.0,0.420833333,0.0,0.07407,0.0
2025-06-08 02:00:00,0.11,0.0,11.066626467432952,0.0,0.420833333,0.0,0.07337,0.0
2025-06-08 03:00:00,0.27,0.0,10.796626467432953,0.0,0.420833333,0.0,0.076,0.0
2025-06-08 04:00:00,0.55,0.0,10.246626467432952,0.0,0.420833333,0.0,0.07453,0.0
2025-06-08 05:00:00,0.8300000000000001,0.139149,9.555775467432952,0.0,0.420833333,0.0,0.0774,0.0
2025-06-08 06:00:00,0.87,0.421869,9.107644467432952,0.0,0.420833333,0.0,0.07575,0.0
2025-06-08 07:00:00,0.4,1.804311,10.511955467432951,0.0,0.420833333,0.0,0.07118,0.0
2025-06-08 08:00:00,0.98,3.324987,12.856942467432953,0.0,0.420833333,0.0,0.05545,0.0
2025-06-08 09:00:00,0.74,4.429666,13.5,0.0,0.420833333,3.689666,0.04501,-0.16607186666
2025-06-08 10:00:00,2.5,5.231547,13.5,0.0,0.420833333,2.731547,0.04187,-0.11436987288999999
2025-06-08 11:00:00,2.6177179487179485,5.647781,13.5,0.0,0.420833333,3.0300630512820517,0.04093,-0.12402048068897438
2025-06-08 12:00:00,2.6177179487179485,5.715769,13.5,0.0,0.420833333,3.0980510512820514,0.03947,-0.12228007499410257
2025-06-08 13:00:00,2.6277179487179487,3.64745,13.5,0.0,0.420833333,1.0197320512820514,0.04408,-0.04494978882051282
2025-06-08 14:00:00,2.49,4.734430000000001,13.5,0.0,0.420833333,2.2444300000000004,0.0408,-0.09157274400000003
2025-06-08 15:00:00,0.2,3.705231,13.5,0.0,0.470833333,3.5052309999999998,0.0384,-0.1346008704
2025-06-08 16:00:00,0.32,2.293279,13.5,0.0,0.630833333,1.973279,0.12416,-0.24500232064000002
2025-06-08 17:00:00,0.5626015325670499,0.786608,13.5,0.0,0.630833333,0.22400646743295005,0.22896,-0.05128852078344824
2025-06-08 18:00:00,0.5726015325670499,0.231509,13.15890746743295,0.0,0.630833333,0.0,0.26699,0.0
2025-06-08 19:00:00,0.21,0.0,12.94890746743295,0.0,0.630833333,0.0,0.26207,0.0
2025-06-08 20:00:00,0.21,0.0,12.738907467432949,0.0,0.630833333,0.0,0.17572,0.0
2025-06-08 21:00:00,0.21,0.0,12.528907467432948,0.0,0.470833333,0.0,0.08224,0.0
2025-06-08 22:00:00,0.19,0.0,12.338907467432948,0.0,0.470833333,0.0,0.07558,0.0
2025-06-08 23:00:00,0.2,0.0,12.138907467432947,0.0,0.470833333,0.0,0.07432,0.0
2025-06-09 00:00:00,0.19,0.0,11.94890746743295,0.0,0.420833333,0.0,0.07927,0.0
2025-06-09 01:00:00,0.19,0.0,11.75890746743295,0.0,0.420833333,0.0,0.07407,0.0
2025-06-09 02:00:00,0.19,0.0,11.56890746743295,0.0,0.420833333,0.0,0.07337,0.0
2025-06-09 03:00:00,0.19,0.0,11.378907467432953,0.0,0.420833333,0.0,0.076,0.0
2025-06-09 04:00:00,0.54,0.0,10.83890746743295,0.0,0.420833333,0.0,0.07453,0.0
2025-06-09 05:00:00,0.19,0.151967,10.80087446743295,0.0,0.420833333,0.0,0.0774,0.0
2025-06-09 06:00:00,0.86,0.4654669999999999,10.406341467432949,0.0,0.420833333,0.0,0.07575,0.0
2025-06-09 07:00:00,0.29,1.756487,11.87282846743295,0.0,0.420833333,0.0,0.07118,0.0
2025-06-09 08:00:00,0.46,3.191788,13.5,0.0,0.420833333,2.731788,0.05545,-0.1514776446
2025-06-09 09:00:00,0.46,4.232819999999999,13.5,0.0,0.420833333,3.7728199999999994,0.04501,-0.16981462819999998
2025-06-09 10:00:00,0.2,4.976313,13.5,0.0,0.420833333,4.776313,0.04187,-0.19998422530999999
2025-06-09 11:00:00,0.3177179487179488,2.660265,13.5,0.0,0.420833333,2.342547051282051,0.04093,-0.09588045080897435
2025-06-09 12:00:00,0.3277179487179488,2.439009,13.5,0.0,0.420833333,2.111291051282051,0.03947,-0.08333265779410255
2025-06-09 13:00:00,0.3177179487179488,3.12386,13.5,0.0,0.420833333,2.8061420512820514,0.04408,-0.12369474162051283
2025-06-09 14:00:00,0.18,1.990785,13.5,0.0,0.420833333,1.810785,0.0408,-0.07388002800000001
2025-06-09 15:00:00,0.19,2.076453,13.5,0.0,0.470833333,1.886453,0.0384,-0.07243979519999999
2025-06-09 16:00:00,0.2,1.727878,13.5,0.0,0.630833333,1.527878,0.12416,-0.18970133248
2025-06-09 17:00:00,0.5526015325670499,0.779131,13.5,0.0,0.630833333,0.2265294674329501,0.22896,-0.05186618686344825
2025-06-09 18:00:00,0.5726015325670499,0.218085,13.14548346743295,0.0,0.630833333,0.0,0.26699,0.0
2025-06-09 19:00:00,0.22,0.0,12.925483467432947,0.0,0.630833333,0.0,0.26207,0.0
2025-06-09 20:00:00,0.21,0.0,12.715483467432948,0.0,0.630833333,0.0,0.17572,0.0
2025-06-09 21:00:00,0.21,0.0,12.505483467432947,0.0,0.470833333,0.0,0.08224,0.0
2025-06-09 22:00:00,0.19,0.0,12.315483467432948,0.0,0.470833333,0.0,0.07558,0.0
2025-06-09 23:00:00,0.18,0.0,12.135483467432948,0.0,0.470833333,0.0,0.07432,0.0
2025-06-10 00:00:00,0.38,0.0,11.755483467432947,0.0,0.420833333,0.0,0.07927,0.0
2025-06-10 01:00:00,0.62,0.0,11.135483467432948,0.0,0.420833333,0.0,0.07407,0.0
2025-06-10 02:00:00,0.19,0.0,10.945483467432949,0.0,0.420833333,0.0,0.07337,0.0
2025-06-10 03:00:00,0.49,0.0,10.455483467432948,0.0,0.420833333,0.0,0.076,0.0
2025-06-10 04:00:00,0.63,0.0,9.825483467432948,0.0,0.420833333,0.0,0.07453,0.0
2025-06-10 05:00:00,0.56,0.090012,9.355495467432949,0.0,0.420833333,0.0,0.0774,0.0
2025-06-10 06:00:00,0.5499999999999999,0.442139,9.247634467432947,0.0,0.420833333,0.0,0.07575,0.0
2025-06-10 07:00:00,0.63,0.673606,9.291240467432948,0.0,0.420833333,0.0,0.07118,0.0
2025-06-10 08:00:00,0.6,0.979113,9.670353467432948,0.0,0.420833333,0.0,0.05545,0.0
2025-06-10 09:00:00,0.19,1.214239,10.694592467432948,0.0,0.420833333,0.0,0.04501,0.0
2025-06-10 10:00:00,0.5,1.497087,11.691679467432948,0.0,0.420833333,0.0,0.04187,0.0
2025-06-10 11:00:00,0.3177179487179488,1.872111,13.246072518715,0.0,0.420833333,0.0,0.04093,0.0
2025-06-10 12:00:00,0.3177179487179488,1.763926,13.5,0.0,0.420833333,1.4462080512820514,0.03947,-0.05708183178410257
2025-06-10 13:00:00,0.3277179487179488,3.662697,13.5,0.0,0.420833333,3.334979051282051,0.04408,-0.1470058765805128
2025-06-10 14:00:00,0.19,4.627288999999999,13.5,0.0,0.420833333,4.437288999999999,0.0408,-0.18104139119999996
2025-06-10 15:00:00,0.19,3.662941,13.5,0.0,0.470833333,3.472941,0.0384,-0.1333609344
2025-06-10 16:00:00,0.19,2.282558,13.5,0.0,0.630833333,2.092558,0.12416,-0.25981200128
2025-06-10 17:00:00,0.5526015325670499,0.769989,13.5,0.0,0.630833333,0.21738746743295012,0.22896,-0.04977303454344826
2025-06-10 18:00:00,0.5726015325670499,0.2193669999999999,13.14676546743295,0.0,0.630833333,0.0,0.26699,0.0
2025-06-10 19:00:00,0.21,0.0,12.936765467432949,0.0,0.630833333,0.0,0.26207,0.0
2025-06-10 20:00:00,0.21,0.0,12.726765467432948,0.0,0.630833333,0.0,0.17572,0.0
2025-06-10 21:00:00,0.21,0.0,12.516765467432949,0.0,0.470833333,0.0,0.08224,0.0
2025-06-10 22:00:00,0.19,0.0,12.326765467432947,0.0,0.470833333,0.0,0.07558,0.0
2025-06-10 23:00:00,0.47,0.0,11.856765467432949,0.0,0.470833333,0.0,0.07432,0.0
2025-06-11 00:00:00,0.62,0.0,11.236765467432948,0.0,0.420833333,0.0,0.07927,0.0
2025-06-11 01:00:00,0.64,0.0,10.596765467432949,0.0,0.420833333,0.0,0.07407,0.0
2025-06-11 02:00:00,0.8699999999999999,0.0,9.726765467432948,0.0,0.420833333,0.0,0.07337,0.0
2025-06-11 03:00:00,0.55,0.0,9.176765467432949,0.0,0.420833333,0.0,0.076,0.0
2025-06-11 04:00:00,0.5499999999999999,0.0,8.626765467432946,0.0,0.420833333,0.0,0.07453,0.0
2025-06-11 05:00:00,0.5599999999999999,0.16623,8.232995467432946,0.0,0.420833333,0.0,0.0774,0.0
2025-06-11 06:00:00,0.93,0.495426,7.798421467432946,0.0,0.420833333,0.0,0.07575,0.0
2025-06-11 07:00:00,0.5599999999999999,1.786546,9.024967467432946,0.0,0.420833333,0.0,0.07118,0.0
2025-06-11 08:00:00,0.63,3.2872719999999997,11.682239467432948,0.0,0.420833333,0.0,0.05545,0.0
2025-06-11 09:00:00,0.52,4.368943,13.5,0.0,0.420833333,3.848943,0.04501,-0.17324092443
2025-06-11 10:00:00,2.49,5.098521,13.5,0.0,0.420833333,2.6085209999999996,0.04187,-0.10921877426999999
2025-06-11 11:00:00,2.6177179487179485,5.474473,13.5,0.0,0.420833333,2.856755051282051,0.04093,-0.11692698424897435
2025-06-11 12:00:00,2.6177179487179485,5.509145,13.5,0.0,0.420833333,2.8914270512820517,0.03947,-0.11412462571410258
2025-06-11 13:00:00,2.6177179487179485,5.259826,13.5,0.0,0.420833333,2.642108051282052,0.04408,-0.11646412290051285
2025-06-11 14:00:00,2.49,4.643117,13.5,0.0,0.420833333,2.153117,0.0408,-0.08784717360000001
2025-06-11 15:00:00,0.2,3.623157,13.5,0.0,0.470833333,3.423157,0.0384,-0.13144922879999998
2025-06-11 16:00:00,0.19,2.147342,13.5,0.0,0.630833333,1.9573420000000001,0.12416,-0.24302358272000002
2025-06-11 17:00:00,0.5526015325670499,0.793625,13.5,0.0,0.630833333,0.2410234674329501,0.22896,-0.05518473310344826
2025-06-11 18:00:00,0.5826015325670498,0.253786,13.17118446743295,0.0,0.630833333,0.0,0.26699,0.0
2025-06-11 19:00:00,0.21,0.0,12.961184467432949,0.0,0.630833333,0.0,0.26207,0.0
2025-06-11 20:00:00,0.21,0.0,12.751184467432948,0.0,0.630833333,0.0,0.17572,0.0
2025-06-11 21:00:00,0.21,0.0,12.541184467432949,0.0,0.470833333,0.0,0.08224,0.0
2025-06-11 22:00:00,0.19,0.0,12.351184467432947,0.0,0.470833333,0.0,0.07558,0.0
2025-06-11 23:00:00,0.53,0.0,11.821184467432948,0.0,0.470833333,0.0,0.07432,0.0
2025-06-12 00:00:00,0.55,0.0,11.271184467432947,0.0,0.420833333,0.0,0.07927,0.0
2025-06-12 01:00:00,0.5499999999999999,0.0,10.721184467432948,0.0,0.420833333,0.0,0.07407,0.0
2025-06-12 02:00:00,0.63,0.0,10.091184467432946,0.0,0.420833333,0.0,0.07337,0.0
2025-06-12 03:00:00,0.5599999999999999,0.0,9.531184467432944,0.0,0.420833333,0.0,0.076,0.0
2025-06-12 04:00:00,0.7200000000000001,0.0,8.811184467432945,0.0,0.420833333,0.0,0.07453,0.0
2025-06-12 05:00:00,0.5499999999999999,0.147729,8.408913467432944,0.0,0.420833333,0.0,0.0774,0.0
2025-06-12 06:00:00,1.0,0.437425,7.846338467432944,0.0,0.420833333,0.0,0.07575,0.0
2025-06-12 07:00:00,0.63,1.724174,8.940512467432944,0.0,0.420833333,0.0,0.07118,0.0
2025-06-12 08:00:00,0.63,3.1865300000000003,11.497042467432944,0.0,0.420833333,0.0,0.05545,0.0
2025-06-12 09:00:00,0.19,4.209772,13.5,0.0,0.420833333,4.019772,0.04501,-0.18092993772
2025-06-12 10:00:00,0.51,4.978996,13.5,0.0,0.420833333,4.468996000000001,0.04187,-0.18711686252
2025-06-12 11:00:00,0.4377179487179488,5.376377000000001,13.5,0.0,0.420833333,4.938659051282052,0.04093,-0.2021393149689744
2025-06-12 12:00:00,0.3377179487179487,5.458042000000001,13.5,0.0,0.420833333,5.1203240512820525,0.03947,-0.2020991903041026
2025-06-12 13:00:00,0.3277179487179488,5.183408,13.5,0.0,0.420833333,4.8556900512820516,0.04408,-0.21403881746051284
2025-06-12 14:00:00,0.19,4.539461,13.5,0.0,0.420833333,4.349461,0.0408,-0.1774580088
2025-06-12 15:00:00,0.19,3.579399,13.5,0.0,0.470833333,3.389399,0.0384,-0.1301529216
2025-06-12 16:00:00,0.2,2.2322930000000003,13.5,0.0,0.630833333,2.032293,0.12416,-0.25232949888
2025-06-12 17:00:00,0.5526015325670499,0.73698,13.5,0.0,0.630833333,0.18437846743295006,0.22896,-0.04221529390344824
2025-06-12 18:00:00,0.5726015325670499,0.195827,13.12322546743295,0.0,0.630833333,0.0,0.26699,0.0
2025-06-12 19:00:00,0.21,0.0,12.91322546743295,0.0,0.630833333,0.0,0.26207,0.0
2025-06-12 20:00:00,0.2,0.0,12.71322546743295,0.0,0.630833333,0.0,0.17572,0.0
2025-06-12 21:00:00,0.21,0.0,12.50322546743295,0.0,0.470833333,0.0,0.08224,0.0
2025-06-12 22:00:00,0.2,0.0,12.30322546743295,0.0,0.470833333,0.0,0.07558,0.0
2025-06-12 23:00:00,0.27,0.0,12.03322546743295,0.0,0.470833333,0.0,0.07432,0.0
2025-06-13 00:00:00,0.54,0.0,11.49322546743295,0.0,0.420833333,0.0,0.07927,0.0
2025-06-13 01:00:00,0.62,0.0,10.87322546743295,0.0,0.420833333,0.0,0.07407,0.0
2025-06-13 02:00:00,0.92,0.0,9.95322546743295,0.0,0.420833333,0.0,0.07337,0.0
2025-06-13 03:00:00,0.63,0.0,9.32322546743295,0.0,0.420833333,0.0,0.076,0.0
2025-06-13 04:00:00,0.63,0.0,8.69322546743295,0.0,0.420833333,0.0,0.07453,0.0
2025-06-13 05:00:00,0.87,0.1283899999999999,7.95161546743295,0.0,0.420833333,0.0,0.0774,0.0
2025-06-13 06:00:00,0.98,0.370909,7.342524467432949,0.0,0.420833333,0.0,0.07575,0.0
2025-06-13 07:00:00,0.63,1.767992,8.480516467432949,0.0,0.420833333,0.0,0.07118,0.0
2025-06-13 08:00:00,0.63,3.2850349999999997,11.135551467432949,0.0,0.420833333,0.0,0.05545,0.0
2025-06-13 09:00:00,0.5599999999999999,4.376464,13.5,0.0,0.420833333,3.8164640000000003,0.04501,-0.17177904464000002
2025-06-13 10:00:00,2.76,5.14726,13.5,0.0,0.420833333,2.3872600000000004,0.04187,-0.0999545762
2025-06-13 11:00:00,2.8077179487179484,5.5497510000000005,13.5,0.0,0.420833333,2.742033051282052,0.04093,-0.1122314127889744
2025-06-13 12:00:00,2.6177179487179485,5.581572,13.5,0.0,0.420833333,2.963854051282052,0.03947,-0.11698331940410259
2025-06-13 13:00:00,2.6177179487179485,5.276324,13.5,0.0,0.420833333,2.6586060512820513,0.04408,-0.11719135474051283
2025-06-13 14:00:00,2.49,4.595167999999999,13.5,0.0,0.420833333,2.105167999999999,0.0408,-0.08589085439999997
2025-06-13 15:00:00,0.19,3.60125,13.5,0.0,0.470833333,3.41125,0.0384,-0.130992
2025-06-13 16:00:00,0.19,2.230785,13.5,0.0,0.630833333,2.040785,0.12416,-0.25338386560000004
2025-06-13 17:00:00,0.5526015325670499,0.7345900000000001,13.5,0.0,0.630833333,0.18198846743295016,0.22896,-0.041668079503448266
2025-06-13 18:00:00,0.5726015325670499,0.17057,13.09796846743295,0.0,0.630833333,0.0,0.26699,0.0
2025-06-13 19:00:00,0.21,0.0,12.88796846743295,0.0,0.630833333,0.0,0.26207,0.0
2025-06-13 20:00:00,0.21,0.0,12.67796846743295,0.0,0.630833333,0.0,0.17572,0.0
2025-06-13 21:00:00,0.21,0.0,12.467968467432948,0.0,0.470833333,0.0,0.08224,0.0
2025-06-13 22:00:00,0.2,0.0,12.267968467432947,0.0,0.470833333,0.0,0.07558,0.0
2025-06-13 23:00:00,1.64,0.0,10.627968467432948,0.0,0.470833333,0.0,0.07432,0.0
2025-06-14 00:00:00,0.93,0.0,9.697968467432949,0.0,0.420833333,0.0,0.07927,0.0
2025-06-14 01:00:00,0.99,0.0,8.707968467432949,0.0,0.420833333,0.0,0.07407,0.0
2025-06-14 02:00:00,0.72,0.0,7.987968467432949,0.0,0.420833333,0.0,0.07337,0.0
2025-06-14 03:00:00,0.95,0.0,7.037968467432949,0.0,0.420833333,0.0,0.076,0.0
2025-06-14 04:00:00,1.03,0.0,6.007968467432948,0.0,0.420833333,0.0,0.07453,0.0
2025-06-14 05:00:00,0.56,0.127476,5.575444467432948,0.0,0.420833333,0.0,0.0774,0.0
2025-06-14 06:00:00,0.96,0.366187,4.9816314674329485,0.0,0.420833333,0.0,0.07575,0.0
2025-06-14 07:00:00,0.5700000000000001,1.637206,6.048837467432948,0.0,0.420833333,0.0,0.07118,0.0
2025-06-14 08:00:00,0.18,3.183747,9.052584467432949,0.0,0.420833333,0.0,0.05545,0.0
2025-06-14 09:00:00,0.4,4.236792,12.889376467432948,0.0,0.420833333,0.0,0.04501,0.0
2025-06-14 10:00:00,2.77,4.957668,13.5,0.0,0.420833333,2.187668,0.04187,-0.09159765916
2025-06-14 11:00:00,2.5377179487179484,5.376292,13.5,0.0,0.420833333,2.838574051282052,0.04093,-0.11618283591897438
2025-06-14 12:00:00,2.5877179487179487,4.956152,13.5,0.0,0.420833333,2.3684340512820516,0.03947,-0.09348209200410257
2025-06-14 13:00:00,3.0377179487179484,5.205229999999999,13.5,0.0,0.420833333,2.167512051282051,0.04408,-0.0955439312205128
2025-06-14 14:00:00,2.42,4.572602,13.5,0.0,0.420833333,2.152602,0.0408,-0.08782616160000001
2025-06-14 15:00:00,0.12,3.634879,13.5,0.0,0.470833333,3.514879,0.0384,-0.13497135359999998
2025-06-14 16:00:00,0.1,2.005066,13.5,0.0,0.630833333,1.9050659999999997,0.12416,-0.23653299456
2025-06-14 17:00:00,0.5126015325670499,0.779708,13.5,0.0,0.630833333,0.2671064674329501,0.22896,-0.06115669678344825
2025-06-14 18:00:00,0.5226015325670499,0.22085,13.19824846743295,0.0,0.630833333,0.0,0.26699,0.0
2025-06-14 19:00:00,0.13,0.0,13.06824846743295,0.0,0.630833333,0.0,0.26207,0.0
2025-06-14 20:00:00,0.21,0.0,12.858248467432947,0.0,0.630833333,0.0,0.17572,0.0
2025-06-14 21:00:00,0.15,0.0,12.708248467432949,0.0,0.470833333,0.0,0.08224,0.0
2025-06-14 22:00:00,0.23,0.0,12.478248467432948,0.0,0.470833333,0.0,0.07558,0.0
2025-06-14 23:00:00,0.19,0.0,12.288248467432949,0.0,0.470833333,0.0,0.07432,0.0
2025-06-15 00:00:00,0.2,0.0,12.08824846743295,0.0,0.420833333,0.0,0.07927,0.0
2025-06-15 01:00:00,0.46,0.0,11.628248467432948,0.0,0.420833333,0.0,0.07407,0.0
2025-06-15 02:00:00,0.49,0.0,11.138248467432948,0.0,0.420833333,0.0,0.07337,0.0
2025-06-15 03:00:00,0.67,0.0,10.468248467432948,0.0,0.420833333,0.0,0.076,0.0
2025-06-15 04:00:00,1.09,0.0,9.378248467432948,0.0,0.420833333,0.0,0.07453,0.0
2025-06-15 05:00:00,0.49,0.1417949999999999,9.030043467432948,0.0,0.420833333,0.0,0.0774,0.0
2025-06-15 06:00:00,1.04,0.40707,8.397113467432948,0.0,0.420833333,0.0,0.07575,0.0
2025-06-15 07:00:00,2.93,1.725267,7.192380467432948,0.0,0.420833333,0.0,0.07118,0.0
2025-06-15 08:00:00,1.07,3.183871,9.306251467432949,0.0,0.420833333,0.0,0.05545,0.0
2025-06-15 09:00:00,0.13,4.204414,13.380665467432948,0.0,0.420833333,0.0,0.04501,0.0
2025-06-15 10:00:00,2.42,4.919296999999999,13.5,0.0,0.420833333,2.4992969999999994,0.04187,-0.10464556538999997
2025-06-15 11:00:00,2.6277179487179487,5.318217,13.5,0.0,0.420833333,2.690499051282051,0.04093,-0.11012212616897435
2025-06-15 12:00:00,2.5877179487179487,5.373488999999999,13.5,0.0,0.420833333,2.7857710512820506,0.03947,-0.10995438339410253
2025-06-15 13:00:00,2.5377179487179484,5.114019,13.5,0.0,0.420833333,2.5763010512820514,0.04408,-0.11356335034051283
2025-06-15 14:00:00,2.63,4.510269,13.5,0.0,0.420833333,1.8802690000000002,0.0408,-0.07671497520000001
2025-06-15 15:00:00,1.34,3.552686,13.5,0.0,0.470833333,2.2126859999999997,0.0384,-0.08496714239999999
2025-06-15 16:00:00,0.11,2.236154,13.5,0.0,0.630833333,2.126154,0.12416,-0.26398328064000004
2025-06-15 17:00:00,2.1126015325670497,0.7616689999999999,12.14906746743295,0.0,0.630833333,0.0,0.22896,0.0
2025-06-15 18:00:00,2.0726015325670497,0.208595,10.2850609348659,0.0,0.630833333,0.0,0.26699,0.0
2025-06-15 19:00:00,0.18,0.0,10.1050609348659,0.0,0.630833333,0.0,0.26207,0.0
2025-06-15 20:00:00,0.28,0.0,9.8250609348659,0.0,0.630833333,0.0,0.17572,0.0
2025-06-15 21:00:00,0.56,0.0,9.2650609348659,0.0,0.470833333,0.0,0.08224,0.0
2025-06-15 22:00:00,0.71,0.0,8.5550609348659,0.0,0.470833333,0.0,0.07558,0.0
2025-06-15 23:00:00,0.11,0.0,8.4450609348659,0.0,0.470833333,0.0,0.07432,0.0
2025-06-16 00:00:00,0.11,0.0,8.3350609348659,0.0,0.420833333,0.0,0.07927,0.0
2025-06-16 01:00:00,0.1,0.0,8.235060934865901,0.0,0.420833333,0.0,0.07407,0.0
2025-06-16 02:00:00,0.1,0.0,8.135060934865901,0.0,0.420833333,0.0,0.07337,0.0
2025-06-16 03:00:00,0.46,0.0,7.675060934865901,0.0,0.420833333,0.0,0.076,0.0
2025-06-16 04:00:00,0.48,0.0,7.195060934865902,0.0,0.420833333,0.0,0.07453,0.0
2025-06-16 05:00:00,0.93,0.1590029999999999,6.424063934865901,0.0,0.420833333,0.0,0.0774,0.0
2025-06-16 06:00:00,0.49,0.448233,6.382296934865901,0.0,0.420833333,0.0,0.07575,0.0
2025-06-16 07:00:00,1.5199999999999998,1.7247439999999998,6.587040934865901,0.0,0.420833333,0.0,0.07118,0.0
2025-06-16 08:00:00,1.0,3.170402,8.757442934865901,0.0,0.420833333,0.0,0.05545,0.0
2025-06-16 09:00:00,0.17,4.239404,12.826846934865902,0.0,0.420833333,0.0,0.04501,0.0
2025-06-16 10:00:00,0.36,4.956306,13.5,0.0,0.420833333,4.596305999999999,0.04187,-0.19244733221999996
2025-06-16 11:00:00,0.6973653846153847,5.367882,13.5,0.0,0.420833333,4.670516615384615,0.04093,-0.1911642450676923
2025-06-16 12:00:00,0.3973653846153847,5.4241790000000005,13.5,0.0,0.420833333,5.026813615384616,0.03947,-0.19840833339923078
2025-06-16 13:00:00,0.3873653846153847,5.16537,13.5,0.0,0.420833333,4.778004615384615,0.04408,-0.21061444344615385
2025-06-16 14:00:00,0.1,2.768346,13.5,0.0,0.420833333,2.668346,0.0408,-0.10886851680000001
2025-06-16 15:00:00,0.1,1.866292,13.5,0.0,0.470833333,1.766292,0.0384,-0.06782561279999999
2025-06-16 16:00:00,0.1,1.425316,13.5,0.0,0.630833333,1.325316,0.12416,-0.16455123456
2025-06-16 17:00:00,0.915853448275862,0.773235,13.35738155172414,0.0,0.630833333,0.0,0.22896,0.0
2025-06-16 18:00:00,0.9758534482758622,0.211507,12.593035103448276,0.0,0.630833333,0.0,0.26699,0.0
2025-06-16 19:00:00,0.12,0.0,12.473035103448275,0.0,0.630833333,0.0,0.26207,0.0
2025-06-16 20:00:00,0.14,0.0,12.333035103448276,0.0,0.630833333,0.0,0.17572,0.0
2025-06-16 21:00:00,0.12,0.0,12.213035103448275,0.0,0.470833333,0.0,0.08224,0.0
2025-06-16 22:00:00,0.12,0.0,12.093035103448278,0.0,0.470833333,0.0,0.07558,0.0
2025-06-16 23:00:00,0.54,0.0,11.553035103448275,0.0,0.470833333,0.0,0.07432,0.0
2025-06-17 00:00:00,0.96,0.0,10.593035103448276,0.0,0.420833333,0.0,0.07927,0.0
2025-06-17 01:00:00,0.57,0.0,10.023035103448276,0.0,0.420833333,0.0,0.07407,0.0
2025-06-17 02:00:00,0.88,0.0,9.143035103448277,0.0,0.420833333,0.0,0.07337,0.0
2025-06-17 03:00:00,0.95,0.0,8.193035103448276,0.0,0.420833333,0.0,0.076,0.0
2025-06-17 04:00:00,1.03,0.0,7.1630351034482755,0.0,0.420833333,0.0,0.07453,0.0
2025-06-17 05:00:00,0.96,0.154632,6.357667103448276,0.0,0.420833333,0.0,0.0774,0.0
2025-06-17 06:00:00,0.49,0.390035,6.257702103448276,0.0,0.420833333,0.0,0.07575,0.0
2025-06-17 07:00:00,0.16,0.786674,6.884376103448275,0.0,0.420833333,0.0,0.07118,0.0
2025-06-17 08:00:00,0.22,1.660213,8.324589103448275,0.0,0.420833333,0.0,0.05545,0.0
2025-06-17 09:00:00,0.22,3.473969,11.578558103448277,0.0,0.420833333,0.0,0.04501,0.0
2025-06-17 10:00:00,0.21,5.03121,13.5,0.0,0.420833333,4.82121,0.04187,-0.20186406269999999
2025-06-17 11:00:00,0.4973653846153847,5.4384939999999995,13.5,0.0,0.420833333,4.941128615384615,0.04093,-0.2022403942276923
2025-06-17 12:00:00,0.5073653846153847,5.500053,13.5,0.0,0.420833333,4.992687615384615,0.03947,-0.19706138017923075
2025-06-17 13:00:00,0.5073653846153847,5.234979,13.5,0.0,0.420833333,4.727613615384615,0.04408,-0.20839320816615384
2025-06-17 14:00:00,0.22,4.608537,13.5,0.0,0.420833333,4.388537,0.0408,-0.17905230960000001
2025-06-17 15:00:00,0.22,3.633822,13.5,0.0,0.470833333,3.4138219999999997,0.0384,-0.13109076479999998
2025-06-17 16:00:00,0.22,2.28773,13.5,0.0,0.630833333,2.0677299999999996,0.12416,-0.2567293568
2025-06-17 17:00:00,1.035853448275862,0.750829,13.214975551724136,0.0,0.630833333,0.0,0.22896,0.0
2025-06-17 18:00:00,1.1258534482758622,0.26704,12.356162103448275,0.0,0.630833333,0.0,0.26699,0.0
2025-06-17 19:00:00,0.35,0.0,12.006162103448276,0.0,0.630833333,0.0,0.26207,0.0
2025-06-17 20:00:00,0.22,0.0,11.786162103448277,0.0,0.630833333,0.0,0.17572,0.0
2025-06-17 21:00:00,0.12,0.0,11.666162103448276,0.0,0.470833333,0.0,0.08224,0.0
2025-06-17 22:00:00,0.22,0.0,11.446162103448277,0.0,0.470833333,0.0,0.07558,0.0
2025-06-17 23:00:00,0.2,0.0,11.246162103448276,0.0,0.470833333,0.0,0.07432,0.0
2025-06-18 00:00:00,0.19,0.0,11.056162103448276,0.0,0.420833333,0.0,0.07927,0.0
2025-06-18 01:00:00,0.19,0.0,10.866162103448277,0.0,0.420833333,0.0,0.07407,0.0
2025-06-18 02:00:00,0.19,0.0,10.676162103448275,0.0,0.420833333,0.0,0.07337,0.0
2025-06-18 03:00:00,0.22,0.0,10.456162103448277,0.0,0.420833333,0.0,0.076,0.0
2025-06-18 04:00:00,1.35,0.0,9.106162103448275,0.0,0.420833333,0.0,0.07453,0.0
2025-06-18 05:00:00,1.03,0.012285,8.088447103448278,0.0,0.420833333,0.0,0.0774,0.0
2025-06-18 06:00:00,1.35,0.182425,6.920872103448278,0.0,0.420833333,0.0,0.07575,0.0
2025-06-18 07:00:00,0.71,0.522827,6.733699103448278,0.0,0.420833333,0.0,0.07118,0.0
2025-06-18 08:00:00,0.16,0.766812,7.340511103448278,0.0,0.420833333,0.0,0.05545,0.0
2025-06-18 09:00:00,0.15,1.529187,8.719698103448277,0.0,0.420833333,0.0,0.04501,0.0
2025-06-18 10:00:00,2.46,2.679299,8.938997103448276,0.0,0.420833333,0.0,0.04187,0.0
2025-06-18 11:00:00,2.7473653846153843,5.428431,11.62006271883289,0.0,0.420833333,0.0,0.04093,0.0
2025-06-18 12:00:00,2.7073653846153847,5.509061,13.5,0.0,0.420833333,2.8016956153846153,0.03947,-0.11058292593923076
2025-06-18 13:00:00,2.837365384615385,5.227338,13.5,0.0,0.420833333,2.3899726153846146,0.04408,-0.10534999288615382
2025-06-18 14:00:00,2.55,4.60929,13.5,0.0,0.420833333,2.05929,0.0408,-0.084019032
2025-06-18 15:00:00,0.16,3.642947,13.5,0.0,0.470833333,3.482947,0.0384,-0.13374516479999998
2025-06-18 16:00:00,0.16,2.29843,13.5,0.0,0.630833333,2.13843,0.12416,-0.26550746880000003
2025-06-18 17:00:00,0.935853448275862,0.789165,13.353311551724138,0.0,0.630833333,0.0,0.22896,0.0
2025-06-18 18:00:00,1.0758534482758622,0.211235,12.488693103448275,0.0,0.630833333,0.0,0.26699,0.0
2025-06-18 19:00:00,0.28,0.0,12.208693103448276,0.0,0.630833333,0.0,0.26207,0.0
2025-06-18 20:00:00,0.14,0.0,12.068693103448275,0.0,0.630833333,0.0,0.17572,0.0
2025-06-18 21:00:00,0.13,0.0,11.938693103448276,0.0,0.470833333,0.0,0.08224,0.0
2025-06-18 22:00:00,0.22,0.0,11.718693103448274,0.0,0.470833333,0.0,0.07558,0.0
2025-06-18 23:00:00,0.21,0.0,11.508693103448271,0.0,0.470833333,0.0,0.07432,0.0
2025-06-19 00:00:00,0.2,0.0,11.308693103448274,0.0,0.420833333,0.0,0.07927,0.0
2025-06-19 01:00:00,0.21,0.0,11.098693103448271,0.0,0.420833333,0.0,0.07407,0.0
2025-06-19 02:00:00,0.22,0.0,10.878693103448272,0.0,0.420833333,0.0,0.07337,0.0
2025-06-19 03:00:00,0.92,0.0,9.958693103448272,0.0,0.420833333,0.0,0.076,0.0
2025-06-19 04:00:00,0.58,0.0,9.378693103448272,0.0,0.420833333,0.0,0.07453,0.0
2025-06-19 05:00:00,1.03,0.146596,8.495289103448272,0.0,0.420833333,0.0,0.0774,0.0
2025-06-19 06:00:00,0.75,0.422889,8.168178103448271,0.0,0.420833333,0.0,0.07575,0.0
2025-06-19 07:00:00,0.37,0.5660839999999999,8.364262103448272,0.0,0.420833333,0.0,0.07118,0.0
2025-06-19 08:00:00,0.8400000000000001,0.631433,8.155695103448272,0.0,0.420833333,0.0,0.05545,0.0
2025-06-19 09:00:00,0.26,1.065544,8.961239103448271,0.0,0.420833333,0.0,0.04501,0.0
2025-06-19 10:00:00,0.26,2.5496030000000003,11.25084210344827,0.0,0.420833333,0.0,0.04187,0.0
2025-06-19 11:00:00,0.4573653846153847,3.087029,13.5,0.0,0.420833333,2.629663615384615,0.04093,-0.1076321317776923
2025-06-19 12:00:00,0.6573653846153846,2.806514,13.5,0.0,0.420833333,2.1491486153846155,0.03947,-0.08482689584923077
2025-06-19 13:00:00,0.5473653846153848,2.434874,13.5,0.0,0.420833333,1.8875086153846155,0.04408,-0.08320137976615385
2025-06-19 14:00:00,0.26,2.805521,13.5,0.0,0.420833333,2.545521,0.0408,-0.1038572568
2025-06-19 15:00:00,0.29,2.030863,13.5,0.0,0.470833333,1.740863,0.0384,-0.06684913919999999
2025-06-19 16:00:00,2.75,1.116234,11.866234,0.0,0.630833333,0.0,0.12416,0.0
2025-06-19 17:00:00,4.275853448275862,0.6679039999999999,8.258284551724138,0.0,0.630833333,0.0,0.22896,0.0
2025-06-19 18:00:00,1.9058534482758624,0.11769,6.4701211034482755,0.0,0.630833333,0.0,0.26699,0.0
2025-06-19 19:00:00,0.33,0.0,6.140121103448275,0.0,0.630833333,0.0,0.26207,0.0
2025-06-19 20:00:00,0.1699999999999999,0.0,5.9701211034482755,0.0,0.630833333,0.0,0.17572,0.0
2025-06-19 21:00:00,0.31,0.0,5.660121103448276,0.0,0.470833333,0.0,0.08224,0.0
2025-06-19 22:00:00,0.48,0.0,5.1801211034482755,0.0,0.470833333,0.0,0.07558,0.0
2025-06-19 23:00:00,0.7100000000000001,0.0,4.4701211034482755,0.0,0.470833333,0.0,0.07432,0.0
2025-06-20 00:00:00,0.6699999999999999,0.0,3.800121103448275,0.0,0.420833333,0.0,0.07927,0.0
2025-06-20 01:00:00,0.22,0.0,3.5801211034482754,0.0,0.420833333,0.0,0.07407,0.0
2025-06-20 02:00:00,0.22,0.0,3.360121103448275,0.0,0.420833333,0.0,0.07337,0.0
2025-06-20 03:00:00,0.22,0.0,3.140121103448275,0.0,0.420833333,0.0,0.076,0.0
2025-06-20 04:00:00,0.58,0.0,2.560121103448275,0.0,0.420833333,0.0,0.07453,0.0
2025-06-20 05:00:00,0.72,0.132687,1.972808103448275,0.0,0.420833333,0.0,0.0774,0.0
2025-06-20 06:00:00,1.03,0.370223,1.313031103448275,0.0,0.420833333,0.0,0.07575,0.0
2025-06-20 07:00:00,0.2299999999999999,0.549717,1.6327481034482751,0.0,0.420833333,0.0,0.07118,0.0
2025-06-20 08:00:00,0.24,0.617666,2.010414103448275,0.0,0.420833333,0.0,0.05545,0.0
2025-06-20 09:00:00,0.25,1.189863,2.9502771034482755,0.0,0.420833333,0.0,0.04501,0.0
2025-06-20 10:00:00,2.55,1.5389469999999998,1.9392241034482756,0.0,0.420833333,0.0,0.04187,0.0
2025-06-20 11:00:00,2.837365384615385,1.563727,0.6655857188328906,0.0,0.420833333,0.0,0.04093,0.0
2025-06-20 12:00:00,2.9173653846153846,2.544163,0.2923833342175062,0.0,0.420833333,0.0,0.03947,0.0
2025-06-20 13:00:00,2.8273653846153843,2.184258,0.0,0.35072405039787835,0.420833333,0.0,0.04408,0.1475963710921991
2025-06-20 14:00:00,2.5599999999999996,2.42116,0.0,0.13883999999999963,0.420833333,0.0,0.0408,0.05842849995371984
2025-06-20 15:00:00,0.26,2.374799,2.1147989999999997,0.0,0.470833333,0.0,0.0384,0.0
2025-06-20 16:00:00,0.2299999999999999,2.340254,4.225052999999999,0.0,0.630833333,0.0,0.12416,0.0
2025-06-20 17:00:00,1.545853448275862,0.823594,3.502793551724137,0.0,0.630833333,0.0,0.22896,0.0
2025-06-20 18:00:00,2.245853448275862,0.205281,1.4622211034482748,0.0,0.630833333,0.0,0.26699,0.0
2025-06-20 19:00:00,0.39,0.0,1.0722211034482747,0.0,0.630833333,0.0,0.26207,0.0
2025-06-20 20:00:00,0.57,0.0,0.5022211034482748,0.0,0.630833333,0.0,0.17572,0.0
2025-06-20 21:00:00,0.24,0.0,0.2622211034482747,0.0,0.470833333,0.0,0.08224,0.0
2025-06-20 22:00:00,0.18,0.0,0.0822211034482747,0.0,0.470833333,0.0,0.07558,0.0
2025-06-20 23:00:00,0.12,0.0,0.0,0.0377788965517253,0.470833333,0.0,0.07432,0.01778756378051103
2025-06-21 00:00:00,0.11,0.0,0.0,0.11,0.420833333,0.0,0.07927,0.04629166663
2025-06-21 01:00:00,0.1,0.0,0.0,0.1,0.420833333,0.0,0.07407,0.0420833333
2025-06-21 02:00:00,0.1,0.0,0.0,0.1,0.420833333,0.0,0.07337,0.0420833333
2025-06-21 03:00:00,0.93,0.0,0.0,0.93,0.420833333,0.0,0.076,0.39137499969
2025-06-21 04:00:00,0.5700000000000001,0.0,0.0,0.5700000000000001,0.420833333,0.0,0.07453,0.23987499981000002
2025-06-21 05:00:00,1.1,0.122432,0.0,0.9775680000000001,0.420833333,0.0,0.0774,0.411393199674144
2025-06-21 06:00:00,0.49,0.348763,0.0,0.141237,0.420833333,0.0,0.07575,0.059437237452920996
2025-06-21 07:00:00,2.13,0.545346,0.0,1.584654,0.420833333,0.0,0.07118,0.6668752244717819
2025-06-21 08:00:00,0.54,1.050068,0.510068,0.0,0.420833333,0.0,0.05545,0.0
2025-06-21 09:00:00,0.13,1.731504,2.111572,0.0,0.420833333,0.0,0.04501,0.0
2025-06-21 10:00:00,2.4099999999999997,5.0526930000000005,4.754265,0.0,0.420833333,0.0,0.04187,0.0
2025-06-21 11:00:00,2.6973653846153844,5.469049,7.525948615384616,0.0,0.420833333,0.0,0.04093,0.0
2025-06-21 12:00:00,2.6973653846153844,3.898518,8.727101230769232,0.0,0.420833333,0.0,0.03947,0.0
2025-06-21 13:00:00,2.6973653846153844,5.257012,11.286747846153848,0.0,0.420833333,0.0,0.04408,0.0
2025-06-21 14:00:00,2.4099999999999997,4.627472,13.5,0.0,0.420833333,2.2174720000000003,0.0408,-0.09047285760000003
2025-06-21 15:00:00,0.17,3.654672,13.5,0.0,0.470833333,3.484672,0.0384,-0.1338114048
2025-06-21 16:00:00,0.01,2.305122,13.5,0.0,0.630833333,2.295122,0.12416,-0.28496234752000005
2025-06-21 17:00:00,0.8258534482758622,0.695824,13.369970551724135,0.0,0.630833333,0.0,0.22896,0.0
2025-06-21 18:00:00,0.8458534482758622,0.198995,12.723112103448274,0.0,0.630833333,0.0,0.26699,0.0
2025-06-21 19:00:00,0.01,0.0,12.713112103448276,0.0,0.630833333,0.0,0.26207,0.0
2025-06-21 20:00:00,0.04,0.0,12.673112103448275,0.0,0.630833333,0.0,0.17572,0.0
2025-06-21 21:00:00,0.0,0.0,12.673112103448275,0.0,0.470833333,0.0,0.08224,0.0
2025-06-21 22:00:00,0.02,0.0,12.653112103448276,0.0,0.470833333,0.0,0.07558,0.0
2025-06-21 23:00:00,0.02,0.0,12.633112103448276,0.0,0.470833333,0.0,0.07432,0.0
2025-06-22 00:00:00,0.0,0.0,12.633112103448276,0.0,0.420833333,0.0,0.07927,0.0
2025-06-22 01:00:00,0.04,0.0,12.593112103448275,0.0,0.420833333,0.0,0.07407,0.0
2025-06-22 02:00:00,0.02,0.0,12.573112103448278,0.0,0.420833333,0.0,0.07337,0.0
2025-06-22 03:00:00,0.06,0.0,12.513112103448275,0.0,0.420833333,0.0,0.076,0.0
2025-06-22 04:00:00,0.08,0.0,12.433112103448275,0.0,0.420833333,0.0,0.07453,0.0
2025-06-22 05:00:00,0.06,0.137882,12.510994103448278,0.0,0.420833333,0.0,0.0774,0.0
2025-06-22 06:00:00,0.07,0.3759309999999999,12.816925103448275,0.0,0.420833333,0.0,0.07575,0.0
2025-06-22 07:00:00,0.65,0.7509589999999999,12.917884103448277,0.0,0.420833333,0.0,0.07118,0.0
2025-06-22 08:00:00,0.29,1.645548,13.5,0.0,0.420833333,1.355548,0.05545,-0.0751651366
2025-06-22 09:00:00,0.15,2.353387,13.5,0.0,0.420833333,2.203387,0.04501,-0.09917444887000001
2025-06-22 10:00:00,2.42,2.495348,13.5,0.0,0.420833333,0.07534799999999997,0.04187,-0.0031548207599999987
2025-06-22 11:00:00,2.7773653846153845,5.525155,13.5,0.0,0.420833333,2.7477896153846153,0.04093,-0.11246702895769231
2025-06-22 12:00:00,2.7173653846153845,5.603728,13.5,0.0,0.420833333,2.886362615384616,0.03947,-0.11392473242923078
2025-06-22 13:00:00,2.7373653846153845,5.3268130000000005,13.5,0.0,0.420833333,2.589447615384616,0.04408,-0.11414285088615388
2025-06-22 14:00:00,2.4099999999999997,4.698372999999999,13.5,0.0,0.420833333,2.2883729999999995,0.0408,-0.09336561839999999
2025-06-22 15:00:00,0.14,3.710045,13.5,0.0,0.470833333,3.570045,0.0384,-0.137089728
2025-06-22 16:00:00,0.19,2.3418449999999997,13.5,0.0,0.630833333,2.151845,0.12416,-0.2671730752
2025-06-22 17:00:00,1.1058534482758622,0.8044349999999999,13.198581551724136,0.0,0.630833333,0.0,0.22896,0.0
2025-06-22 18:00:00,4.2258534482758625,0.185681,9.158409103448276,0.0,0.630833333,0.0,0.26699,0.0
2025-06-22 19:00:00,0.29,0.0,8.868409103448275,0.0,0.630833333,0.0,0.26207,0.0
2025-06-22 20:00:00,0.16,0.0,8.708409103448275,0.0,0.630833333,0.0,0.17572,0.0
2025-06-22 21:00:00,0.22,0.0,8.488409103448275,0.0,0.470833333,0.0,0.08224,0.0
2025-06-22 22:00:00,0.69,0.0,7.798409103448275,0.0,0.470833333,0.0,0.07558,0.0
2025-06-22 23:00:00,0.57,0.0,7.228409103448275,0.0,0.470833333,0.0,0.07432,0.0
2025-06-23 00:00:00,0.22,0.0,7.008409103448275,0.0,0.420833333,0.0,0.07927,0.0
2025-06-23 01:00:00,0.21,0.0,6.798409103448275,0.0,0.420833333,0.0,0.07407,0.0
2025-06-23 02:00:00,0.21,0.0,6.588409103448275,0.0,0.420833333,0.0,0.07337,0.0
2025-06-23 03:00:00,0.62,0.0,5.968409103448275,0.0,0.420833333,0.0,0.076,0.0
2025-06-23 04:00:00,0.6599999999999999,0.0,5.308409103448275,0.0,0.420833333,0.0,0.07453,0.0
2025-06-23 05:00:00,0.6799999999999999,0.117349,4.745758103448275,0.0,0.420833333,0.0,0.0774,0.0
2025-06-23 06:00:00,0.76,0.3384049999999999,4.324163103448275,0.0,0.420833333,0.0,0.07575,0.0
2025-06-23 07:00:00,0.6000000000000001,0.50589,4.230053103448276,0.0,0.420833333,0.0,0.07118,0.0
2025-06-23 08:00:00,0.93,0.985579,4.285632103448275,0.0,0.420833333,0.0,0.05545,0.0
2025-06-23 09:00:00,0.43,2.053005,5.908637103448275,0.0,0.420833333,0.0,0.04501,0.0
2025-06-23 10:00:00,0.41,3.837239,9.335876103448276,0.0,0.420833333,0.0,0.04187,0.0
2025-06-23 11:00:00,0.9673653846153848,5.465999,13.5,0.0,0.420833333,4.498633615384615,0.04093,-0.1841290738776923
2025-06-23 12:00:00,0.9873653846153848,5.549600000000001,13.5,0.0,0.420833333,4.562234615384616,0.03947,-0.1800714002692308
2025-06-23 13:00:00,0.6173653846153847,5.262099,13.5,0.0,0.420833333,4.644733615384616,0.04408,-0.20473985776615386
2025-06-23 14:00:00,0.52,4.653205,13.5,0.0,0.420833333,4.133205,0.0408,-0.16863476400000002
2025-06-23 15:00:00,2.94,2.956806,13.5,0.0,0.470833333,0.016805999999999877,0.0384,-0.0006453503999999952
2025-06-23 16:00:00,0.11,2.330603,13.5,0.0,0.630833333,2.220603,0.12416,-0.27571006848
2025-06-23 17:00:00,0.925853448275862,0.802388,13.376534551724138,0.0,0.630833333,0.0,0.22896,0.0
2025-06-23 18:00:00,1.0858534482758622,0.165325,12.456006103448276,0.0,0.630833333,0.0,0.26699,0.0
2025-06-23 19:00:00,0.27,0.0,12.186006103448277,0.0,0.630833333,0.0,0.26207,0.0
2025-06-23 20:00:00,0.16,0.0,12.026006103448276,0.0,0.630833333,0.0,0.17572,0.0
2025-06-23 21:00:00,0.14,0.0,11.886006103448276,0.0,0.470833333,0.0,0.08224,0.0
2025-06-23 22:00:00,0.13,0.0,11.756006103448277,0.0,0.470833333,0.0,0.07558,0.0
2025-06-23 23:00:00,0.11,0.0,11.646006103448276,0.0,0.470833333,0.0,0.07432,0.0
2025-06-24 00:00:00,0.11,0.0,11.536006103448276,0.0,0.420833333,0.0,0.07927,0.0
2025-06-24 01:00:00,0.11,0.0,11.426006103448277,0.0,0.420833333,0.0,0.07407,0.0
2025-06-24 02:00:00,0.11,0.0,11.316006103448276,0.0,0.420833333,0.0,0.07337,0.0
2025-06-24 03:00:00,0.11,0.0,11.206006103448278,0.0,0.420833333,0.0,0.076,0.0
2025-06-24 04:00:00,0.1,0.0,11.106006103448278,0.0,0.420833333,0.0,0.07453,0.0
2025-06-24 05:00:00,0.56,0.021515,10.56752110344828,0.0,0.420833333,0.0,0.0774,0.0
2025-06-24 06:00:00,0.51,0.509389,10.56691010344828,0.0,0.420833333,0.0,0.07575,0.0
2025-06-24 07:00:00,0.51,0.9019,10.95881010344828,0.0,0.420833333,0.0,0.07118,0.0
2025-06-24 08:00:00,0.5,1.789345,12.24815510344828,0.0,0.420833333,0.0,0.05545,0.0
2025-06-24 09:00:00,0.4,1.467261,13.31541610344828,0.0,0.420833333,0.0,0.04501,0.0
2025-06-24 10:00:00,0.1,5.13537,13.5,0.0,0.420833333,5.03537,0.04187,-0.2108309419
2025-06-24 11:00:00,0.6473653846153847,5.561389,13.5,0.0,0.420833333,4.9140236153846155,0.04093,-0.20113098657769232
2025-06-24 12:00:00,0.3873653846153847,5.639064,13.5,0.0,0.420833333,5.2516986153846155,0.03947,-0.20728454434923077
2025-06-24 13:00:00,0.3973653846153847,5.354401,13.5,0.0,0.420833333,4.957035615384616,0.04408,-0.21850612992615387
2025-06-24 14:00:00,0.1,4.704591000000001,13.5,0.0,0.420833333,4.604591000000001,0.0408,-0.18786731280000005
2025-06-24 15:00:00,0.1,3.729315,13.5,0.0,0.470833333,3.629315,0.0384,-0.13936569599999998
2025-06-24 16:00:00,0.11,2.36874,13.5,0.0,0.630833333,2.25874,0.12416,-0.2804451584
2025-06-24 17:00:00,0.925853448275862,0.796991,13.371137551724138,0.0,0.630833333,0.0,0.22896,0.0
2025-06-24 18:00:00,0.9858534482758622,0.161191,12.546475103448277,0.0,0.630833333,0.0,0.26699,0.0
2025-06-24 19:00:00,0.15,0.0,12.396475103448276,0.0,0.630833333,0.0,0.26207,0.0
2025-06-24 20:00:00,0.27,0.0,12.126475103448277,0.0,0.630833333,0.0,0.17572,0.0
2025-06-24 21:00:00,0.21,0.0,11.916475103448274,0.0,0.470833333,0.0,0.08224,0.0
2025-06-24 22:00:00,0.1,0.0,11.816475103448274,0.0,0.470833333,0.0,0.07558,0.0
2025-06-24 23:00:00,0.48,0.0,11.336475103448274,0.0,0.470833333,0.0,0.07432,0.0
2025-06-25 00:00:00,0.5,0.0,10.836475103448274,0.0,0.420833333,0.0,0.07927,0.0
2025-06-25 01:00:00,0.5,0.0,10.336475103448274,0.0,0.420833333,0.0,0.07407,0.0
2025-06-25 02:00:00,0.58,0.0,9.756475103448274,0.0,0.420833333,0.0,0.07337,0.0
2025-06-25 03:00:00,0.8899999999999999,0.0,8.866475103448273,0.0,0.420833333,0.0,0.076,0.0
2025-06-25 04:00:00,0.5700000000000001,0.0,8.296475103448273,0.0,0.420833333,0.0,0.07453,0.0
2025-06-25 05:00:00,0.5900000000000001,0.112771,7.819246103448273,0.0,0.420833333,0.0,0.0774,0.0
2025-06-25 06:00:00,0.5,0.349338,7.668584103448273,0.0,0.420833333,0.0,0.07575,0.0
2025-06-25 07:00:00,0.58,0.8531620000000001,7.941746103448273,0.0,0.420833333,0.0,0.07118,0.0
2025-06-25 08:00:00,0.48,3.228936,10.690682103448273,0.0,0.420833333,0.0,0.05545,0.0
2025-06-25 09:00:00,0.41,4.3342730000000005,13.5,0.0,0.420833333,3.9242730000000003,0.04501,-0.17663152773000002
2025-06-25 10:00:00,2.8499999999999996,5.101713,13.5,0.0,0.420833333,2.2517130000000005,0.04187,-0.09427922331000002
2025-06-25 11:00:00,2.957365384615384,5.5323519999999995,13.5,0.0,0.420833333,2.5749866153846157,0.04093,-0.10539420216769232
2025-06-25 12:00:00,2.6873653846153847,5.595379,13.5,0.0,0.420833333,2.9080136153846157,0.03947,-0.11477929739923078
2025-06-25 13:00:00,2.6873653846153847,5.298583,13.5,0.0,0.420833333,2.611217615384615,0.04408,-0.11510247248615384
2025-06-25 14:00:00,2.4,4.651745,13.5,0.0,0.420833333,2.251745,0.0408,-0.09187119600000002
2025-06-25 15:00:00,0.11,3.683532,13.5,0.0,0.470833333,3.573532,0.0384,-0.1372236288
2025-06-25 16:00:00,0.1,2.3288420000000003,13.5,0.0,0.630833333,2.228842,0.12416,-0.27673302272000005
2025-06-25 17:00:00,1.495853448275862,0.79387,12.798016551724135,0.0,0.630833333,0.0,0.22896,0.0
2025-06-25 18:00:00,1.4258534482758622,0.159324,11.531487103448274,0.0,0.630833333,0.0,0.26699,0.0
2025-06-25 19:00:00,0.14,0.0,11.391487103448274,0.0,0.630833333,0.0,0.26207,0.0
2025-06-25 20:00:00,0.59,0.0,10.801487103448274,0.0,0.630833333,0.0,0.17572,0.0
2025-06-25 21:00:00,1.04,0.0,9.761487103448276,0.0,0.470833333,0.0,0.08224,0.0
2025-06-25 22:00:00,0.81,0.0,8.951487103448274,0.0,0.470833333,0.0,0.07558,0.0
2025-06-25 23:00:00,0.13,0.0,8.821487103448273,0.0,0.470833333,0.0,0.07432,0.0
2025-06-26 00:00:00,0.19,0.0,8.631487103448274,0.0,0.420833333,0.0,0.07927,0.0
2025-06-26 01:00:00,0.55,0.0,8.081487103448273,0.0,0.420833333,0.0,0.07407,0.0
2025-06-26 02:00:00,0.79,0.0,7.291487103448273,0.0,0.420833333,0.0,0.07337,0.0
2025-06-26 03:00:00,0.82,0.0,6.471487103448273,0.0,0.420833333,0.0,0.076,0.0
2025-06-26 04:00:00,0.65,0.0,5.8214871034482725,0.0,0.420833333,0.0,0.07453,0.0
2025-06-26 05:00:00,1.13,0.112003,4.803490103448272,0.0,0.420833333,0.0,0.0774,0.0
2025-06-26 06:00:00,0.57,0.322799,4.556289103448273,0.0,0.420833333,0.0,0.07575,0.0
2025-06-26 07:00:00,0.24,1.689263,6.005552103448273,0.0,0.420833333,0.0,0.07118,0.0
2025-06-26 08:00:00,0.5599999999999999,3.228005,8.673557103448273,0.0,0.420833333,0.0,0.05545,0.0
2025-06-26 09:00:00,0.1,4.3327089999999995,12.906266103448273,0.0,0.420833333,0.0,0.04501,0.0
2025-06-26 10:00:00,0.1,5.094841000000001,13.5,0.0,0.420833333,4.994841000000001,0.04187,-0.20913399267000002
2025-06-26 11:00:00,0.3873653846153847,5.546077,13.5,0.0,0.420833333,5.1587116153846155,0.04093,-0.21114606641769232
2025-06-26 12:00:00,0.4673653846153847,5.6358239999999995,13.5,0.0,0.420833333,5.168458615384615,0.03947,-0.20399906154923073
2025-06-26 13:00:00,0.4573653846153847,5.383046,13.5,0.0,0.420833333,4.925680615384616,0.04408,-0.21712400152615388
2025-06-26 14:00:00,0.1,4.755177,13.5,0.0,0.420833333,4.655177,0.0408,-0.1899312216
2025-06-26 15:00:00,0.11,3.779924,13.5,0.0,0.470833333,3.669924,0.0384,-0.14092508159999997
2025-06-26 16:00:00,0.1,2.395875,13.5,0.0,0.630833333,2.295875,0.12416,-0.28505584
2025-06-26 17:00:00,0.925853448275862,0.8322200000000001,13.40636655172414,0.0,0.630833333,0.0,0.22896,0.0
2025-06-26 18:00:00,1.3558534482758622,0.190746,12.241259103448275,0.0,0.630833333,0.0,0.26699,0.0
2025-06-26 19:00:00,0.13,0.0,12.111259103448276,0.0,0.630833333,0.0,0.26207,0.0
2025-06-26 20:00:00,0.13,0.0,11.981259103448275,0.0,0.630833333,0.0,0.17572,0.0
2025-06-26 21:00:00,0.13,0.0,11.851259103448276,0.0,0.470833333,0.0,0.08224,0.0
2025-06-26 22:00:00,0.21,0.0,11.641259103448274,0.0,0.470833333,0.0,0.07558,0.0
2025-06-26 23:00:00,0.2,0.0,11.441259103448274,0.0,0.470833333,0.0,0.07432,0.0
2025-06-27 00:00:00,0.19,0.0,11.251259103448277,0.0,0.420833333,0.0,0.07927,0.0
2025-06-27 01:00:00,0.19,0.0,11.061259103448275,0.0,0.420833333,0.0,0.07407,0.0
2025-06-27 02:00:00,0.56,0.0,10.501259103448277,0.0,0.420833333,0.0,0.07337,0.0
2025-06-27 03:00:00,0.71,0.0,9.791259103448276,0.0,0.420833333,0.0,0.076,0.0
2025-06-27 04:00:00,1.02,0.0,8.771259103448276,0.0,0.420833333,0.0,0.07453,0.0
2025-06-27 05:00:00,0.58,0.121786,8.313045103448276,0.0,0.420833333,0.0,0.0774,0.0
2025-06-27 06:00:00,0.6,0.343061,8.056106103448277,0.0,0.420833333,0.0,0.07575,0.0
2025-06-27 07:00:00,0.19,1.674408,9.540514103448276,0.0,0.420833333,0.0,0.07118,0.0
2025-06-27 08:00:00,0.12,3.1408780000000003,12.561392103448275,0.0,0.420833333,0.0,0.05545,0.0
2025-06-27 09:00:00,0.1,4.219116,13.5,0.0,0.420833333,4.119116,0.04501,-0.18540141116
2025-06-27 10:00:00,2.49,4.995461000000001,13.5,0.0,0.420833333,2.5054610000000004,0.04187,-0.10490365207
2025-06-27 11:00:00,2.7073653846153847,5.439996,13.5,0.0,0.420833333,2.732630615384615,0.04093,-0.1118465710876923
2025-06-27 12:00:00,2.8173653846153845,5.5390820000000005,13.5,0.0,0.420833333,2.721716615384616,0.03947,-0.10742615480923079
2025-06-27 13:00:00,2.7073653846153847,5.275304,13.5,0.0,0.420833333,2.5679386153846155,0.04408,-0.11319473416615386
2025-06-27 14:00:00,2.44,4.637441,13.5,0.0,0.420833333,2.197441,0.0408,-0.0896555928
2025-06-27 15:00:00,0.11,3.678474,13.5,0.0,0.470833333,3.568474,0.0384,-0.1370294016
2025-06-27 16:00:00,0.1,2.34558,13.5,0.0,0.630833333,2.24558,0.12416,-0.2788112128
2025-06-27 17:00:00,1.305853448275862,0.830102,13.024248551724138,0.0,0.630833333,0.0,0.22896,0.0
2025-06-27 18:00:00,2.6558534482758622,0.2196999999999999,10.588095103448277,0.0,0.630833333,0.0,0.26699,0.0
2025-06-27 19:00:00,0.15,0.0,10.438095103448276,0.0,0.630833333,0.0,0.26207,0.0
2025-06-27 20:00:00,0.18,0.0,10.258095103448277,0.0,0.630833333,0.0,0.17572,0.0
2025-06-27 21:00:00,0.13,0.0,10.128095103448276,0.0,0.470833333,0.0,0.08224,0.0
2025-06-27 22:00:00,0.12,0.0,10.008095103448277,0.0,0.470833333,0.0,0.07558,0.0
2025-06-27 23:00:00,0.19,0.0,9.818095103448275,0.0,0.470833333,0.0,0.07432,0.0
2025-06-28 00:00:00,0.15,0.0,9.668095103448277,0.0,0.420833333,0.0,0.07927,0.0
2025-06-28 01:00:00,0.1,0.0,9.568095103448275,0.0,0.420833333,0.0,0.07407,0.0
2025-06-28 02:00:00,0.11,0.0,9.458095103448278,0.0,0.420833333,0.0,0.07337,0.0
2025-06-28 03:00:00,0.1,0.0,9.358095103448278,0.0,0.420833333,0.0,0.076,0.0
2025-06-28 04:00:00,0.14,0.0,9.218095103448276,0.0,0.420833333,0.0,0.07453,0.0
2025-06-28 05:00:00,0.19,0.131796,9.159891103448278,0.0,0.420833333,0.0,0.0774,0.0
2025-06-28 06:00:00,0.19,0.398344,9.368235103448278,0.0,0.420833333,0.0,0.07575,0.0
2025-06-28 07:00:00,0.32,1.6591859999999998,10.707421103448278,0.0,0.420833333,0.0,0.07118,0.0
2025-06-28 08:00:00,0.48,3.1287510000000003,13.356172103448278,0.0,0.420833333,0.0,0.05545,0.0
2025-06-28 09:00:00,0.37,4.23192,13.5,0.0,0.420833333,3.8619199999999996,0.04501,-0.17382501919999999
2025-06-28 10:00:00,2.4099999999999997,4.959518,13.5,0.0,0.420833333,2.5495180000000004,0.04187,-0.10674831866000001
2025-06-28 11:00:00,2.7929999999999997,5.384882999999999,13.5,0.0,0.420833333,2.5918829999999997,0.04093,-0.10608577119
2025-06-28 12:00:00,5.893,5.475584,13.082584,0.0,0.420833333,0.0,0.03947,0.0
2025-06-28 13:00:00,3.533,5.236263,13.5,0.0,0.420833333,1.7032630000000002,0.04408,-0.07507983304000002
2025-06-28 14:00:00,2.44,4.62412,13.5,0.0,0.420833333,2.1841199999999996,0.0408,-0.08911209599999999
2025-06-28 15:00:00,0.12,3.683529,13.5,0.0,0.470833333,3.563529,0.0384,-0.1368395136
2025-06-28 16:00:00,0.11,2.354286,13.5,0.0,0.630833333,2.2442860000000002,0.12416,-0.27865054976000003
2025-06-28 17:00:00,0.9618505747126438,0.8526269999999999,13.390776425287356,0.0,0.630833333,0.0,0.22896,0.0
2025-06-28 18:00:00,0.9718505747126438,0.226681,12.645606850574712,0.0,0.630833333,0.0,0.26699,0.0
2025-06-28 19:00:00,0.12,0.0,12.525606850574713,0.0,0.630833333,0.0,0.26207,0.0
2025-06-28 20:00:00,0.27,0.0,12.255606850574711,0.0,0.630833333,0.0,0.17572,0.0
2025-06-28 21:00:00,0.26,0.0,11.995606850574712,0.0,0.470833333,0.0,0.08224,0.0
2025-06-28 22:00:00,0.23,0.0,11.765606850574711,0.0,0.470833333,0.0,0.07558,0.0
2025-06-28 23:00:00,0.22,0.0,11.545606850574712,0.0,0.470833333,0.0,0.07432,0.0
2025-06-29 00:00:00,0.22,0.0,11.325606850574712,0.0,0.420833333,0.0,0.07927,0.0
2025-06-29 01:00:00,0.21,0.0,11.11560685057471,0.0,0.420833333,0.0,0.07407,0.0
2025-06-29 02:00:00,0.21,0.0,10.90560685057471,0.0,0.420833333,0.0,0.07337,0.0
2025-06-29 03:00:00,0.21,0.0,10.695606850574707,0.0,0.420833333,0.0,0.076,0.0
2025-06-29 04:00:00,0.62,0.0,10.07560685057471,0.0,0.420833333,0.0,0.07453,0.0
2025-06-29 05:00:00,1.05,0.126309,9.15191585057471,0.0,0.420833333,0.0,0.0774,0.0
2025-06-29 06:00:00,0.59,0.331341,8.89325685057471,0.0,0.420833333,0.0,0.07575,0.0
2025-06-29 07:00:00,0.32,1.334592,9.90784885057471,0.0,0.420833333,0.0,0.07118,0.0
2025-06-29 08:00:00,0.2299999999999999,2.0608760000000004,11.73872485057471,0.0,0.420833333,0.0,0.05545,0.0
2025-06-29 09:00:00,0.2299999999999999,4.131066,13.5,0.0,0.420833333,3.9010659999999997,0.04501,-0.17558698066
2025-06-29 10:00:00,2.52,4.844215,13.5,0.0,0.420833333,2.324215,0.04187,-0.09731488205
2025-06-29 11:00:00,2.803,5.281875,13.5,0.0,0.420833333,2.4788750000000004,0.04093,-0.10146035375000002
2025-06-29 12:00:00,2.8129999999999997,5.365368999999999,13.5,0.0,0.420833333,2.5523689999999997,0.03947,-0.10074200442999998
2025-06-29 13:00:00,3.323,5.118596999999999,13.5,0.0,0.420833333,1.7955969999999994,0.04408,-0.07914991575999998
2025-06-29 14:00:00,3.09,4.546745,13.5,0.0,0.420833333,1.4567449999999997,0.0408,-0.059435195999999996
2025-06-29 15:00:00,0.76,3.583836,13.5,0.0,0.470833333,2.823836,0.0384,-0.10843530239999999
2025-06-29 16:00:00,0.24,2.279335,13.5,0.0,0.630833333,2.0393350000000003,0.12416,-0.25320383360000004
2025-06-29 17:00:00,0.9918505747126438,0.87359,13.381739425287355,0.0,0.630833333,0.0,0.22896,0.0
2025-06-29 18:00:00,1.0118505747126438,0.255877,12.625765850574712,0.0,0.630833333,0.0,0.26699,0.0
2025-06-29 19:00:00,0.12,0.0,12.505765850574711,0.0,0.630833333,0.0,0.26207,0.0
2025-06-29 20:00:00,0.1699999999999999,0.0,12.335765850574711,0.0,0.630833333,0.0,0.17572,0.0
2025-06-29 21:00:00,0.11,0.0,12.225765850574714,0.0,0.470833333,0.0,0.08224,0.0
2025-06-29 22:00:00,0.22,0.0,12.005765850574711,0.0,0.470833333,0.0,0.07558,0.0
2025-06-29 23:00:00,0.22,0.0,11.785765850574712,0.0,0.470833333,0.0,0.07432,0.0
2025-06-30 00:00:00,0.2299999999999999,0.0,11.555765850574712,0.0,0.420833333,0.0,0.07927,0.0
2025-06-30 01:00:00,0.22,0.0,11.335765850574711,0.0,0.420833333,0.0,0.07407,0.0
2025-06-30 02:00:00,0.22,0.0,11.11576585057471,0.0,0.420833333,0.0,0.07337,0.0
2025-06-30 03:00:00,0.21,0.0,10.90576585057471,0.0,0.420833333,0.0,0.076,0.0
2025-06-30 04:00:00,0.6399999999999999,0.0,10.26576585057471,0.0,0.420833333,0.0,0.07453,0.0
2025-06-30 05:00:00,0.61,0.134152,9.78991785057471,0.0,0.420833333,0.0,0.0774,0.0
2025-06-30 06:00:00,0.67,0.420069,9.53998685057471,0.0,0.420833333,0.0,0.07575,0.0
2025-06-30 07:00:00,1.4300000000000002,0.502781,8.61276785057471,0.0,0.420833333,0.0,0.07118,0.0
2025-06-30 08:00:00,0.24,0.7882899999999999,9.161057850574707,0.0,0.420833333,0.0,0.05545,0.0
2025-06-30 09:00:00,0.25,1.364377,10.275434850574708,0.0,0.420833333,0.0,0.04501,0.0
2025-06-30 10:00:00,0.24,1.583777,11.619211850574708,0.0,0.420833333,0.0,0.04187,0.0
2025-06-30 11:00:00,0.493,3.279831,13.5,0.0,0.420833333,2.7868310000000003,0.04093,-0.11406499283000002
2025-06-30 12:00:00,0.543,5.407699,13.5,0.0,0.420833333,4.864699,0.03947,-0.19200966952999998
2025-06-30 13:00:00,0.423,5.137668,13.5,0.0,0.420833333,4.714668,0.04408,-0.20782256544
2025-06-30 14:00:00,0.16,1.444084,13.5,0.0,0.420833333,1.284084,0.0408,-0.052390627200000005
2025-06-30 15:00:00,0.15,0.956678,13.5,0.0,0.470833333,0.806678,0.0384,-0.030976435199999996
2025-06-30 16:00:00,0.13,2.284792,13.5,0.0,0.630833333,2.154792,0.12416,-0.26753897472000004
2025-06-30 17:00:00,1.2718505747126438,0.8488819999999999,13.077031425287355,0.0,0.630833333,0.0,0.22896,0.0
2025-06-30 18:00:00,2.1518505747126437,0.176831,11.102011850574712,0.0,0.630833333,0.0,0.26699,0.0
2025-06-30 19:00:00,0.16,0.0,10.942011850574712,0.0,0.630833333,0.0,0.26207,0.0
2025-06-30 20:00:00,0.22,0.0,10.722011850574711,0.0,0.630833333,0.0,0.17572,0.0
2025-06-30 21:00:00,0.17,0.0,10.552011850574711,0.0,0.470833333,0.0,0.08224,0.0
2025-06-30 22:00:00,0.13,0.0,10.42201185057471,0.0,0.470833333,0.0,0.07558,0.0
2025-06-30 23:00:00,0.1,0.0,10.322011850574713,0.0,0.470833333,0.0,0.07432,0.0
2025-06-30 23:59:59,0.1,0.0,10.322011850574713,0.1,150.0,0.0,0.0,15.0
2025-07-01 00:00:00,0.11,0.0,10.212011850574712,0.0,0.42016129,0.0,0.075,0.0
2025-07-01 01:00:00,0.11,0.0,10.102011850574712,0.0,0.42016129,0.0,0.072,0.0
2025-07-01 02:00:00,0.1,0.0,10.002011850574712,0.0,0.42016129,0.0,0.068,0.0
2025-07-01 03:00:00,0.1,0.0,9.902011850574713,0.0,0.42016129,0.0,0.067,0.0
2025-07-01 04:00:00,0.09,0.0,9.812011850574711,0.0,0.42016129,0.0,0.066,0.0
2025-07-01 05:00:00,0.11,0.10163,9.803641850574714,0.0,0.42016129,0.0,0.067,0.0
2025-07-01 06:00:00,0.8500000000000001,0.323284,9.276925850574711,0.0,0.42016129,0.0,0.071,0.0
2025-07-01 07:00:00,0.59,1.331927,10.018852850574714,0.0,0.42016129,0.0,0.065,0.0
2025-07-01 08:00:00,0.1,3.231415,13.150267850574714,0.0,0.42016129,0.0,0.06,0.0
2025-07-01 09:00:00,0.1,4.3449089999999995,13.5,0.0,0.42016129,4.244909,0.052,-0.22073526799999998
2025-07-01 10:00:00,0.1,5.116595,13.5,0.0,0.42016129,5.016595000000001,0.055,-0.275912725
2025-07-01 11:00:00,0.403,5.549627,13.5,0.0,0.42016129,5.1466270000000005,0.053,-0.272771231
2025-07-01 12:00:00,0.383,5.646560999999999,13.5,0.0,0.42016129,5.263560999999999,0.053,-0.27896873299999997
2025-07-01 13:00:00,0.393,5.377902,13.5,0.0,0.42016129,4.984902,0.05,-0.2492451
2025-07-01 14:00:00,0.1,4.746149999999999,13.5,0.0,0.42016129,4.64615,0.046,-0.21372289999999997
2025-07-01 15:00:00,0.1,3.776172,13.5,0.0,0.47016129,3.6761719999999998,0.05,-0.1838086
2025-07-01 16:00:00,0.11,2.409058,13.5,0.0,0.63016129,2.299058,0.137,-0.31497094600000003
2025-07-01 17:00:00,0.9318505747126438,0.819016,13.387165425287357,0.0,0.63016129,0.0,0.32,0.0
2025-07-01 18:00:00,2.371850574712644,0.168148,11.183462850574712,0.0,0.63016129,0.0,0.358,0.0
2025-07-01 19:00:00,0.25,0.0,10.933462850574712,0.0,0.63016129,0.0,0.446,0.0
2025-07-01 20:00:00,0.16,0.0,10.773462850574711,0.0,0.63016129,0.0,0.276,0.0
2025-07-01 21:00:00,0.18,0.0,10.593462850574712,0.0,0.47016129,0.0,0.088,0.0
2025-07-01 22:00:00,0.23,0.0,10.363462850574711,0.0,0.47016129,0.0,0.08,0.0
2025-07-01 23:00:00,0.21,0.0,10.153462850574712,0.0,0.47016129,0.0,0.074,0.0
2025-07-02 00:00:00,0.2299999999999999,0.0,9.923462850574712,0.0,0.42016129,0.0,0.075,0.0
2025-07-02 01:00:00,0.22,0.0,9.703462850574711,0.0,0.42016129,0.0,0.072,0.0
2025-07-02 02:00:00,0.22,0.0,9.48346285057471,0.0,0.42016129,0.0,0.068,0.0
2025-07-02 03:00:00,0.63,0.0,8.85346285057471,0.0,0.42016129,0.0,0.067,0.0
2025-07-02 04:00:00,0.65,0.0,8.20346285057471,0.0,0.42016129,0.0,0.066,0.0
2025-07-02 05:00:00,0.68,0.103987,7.62744985057471,0.0,0.42016129,0.0,0.067,0.0
2025-07-02 06:00:00,0.68,0.31698,7.26442985057471,0.0,0.42016129,0.0,0.071,0.0
2025-07-02 07:00:00,0.6900000000000001,1.625159,8.19958885057471,0.0,0.42016129,0.0,0.065,0.0
2025-07-02 08:00:00,0.47,3.10175,10.83133885057471,0.0,0.42016129,0.0,0.06,0.0
2025-07-02 09:00:00,0.22,4.172333,13.5,0.0,0.42016129,3.952333,0.052,-0.20552131599999998
2025-07-02 10:00:00,2.52,4.916970999999999,13.5,0.0,0.42016129,2.3969709999999993,0.055,-0.13183340499999996
2025-07-02 11:00:00,2.9106666666666667,5.340395,13.5,0.0,0.42016129,2.4297283333333333,0.053,-0.12877560166666666
2025-07-02 12:00:00,2.9106666666666667,5.445648,13.5,0.0,0.42016129,2.5349813333333335,0.053,-0.13435401066666666
2025-07-02 13:00:00,2.9106666666666667,5.18063,13.5,0.0,0.42016129,2.269963333333333,0.05,-0.11349816666666666
2025-07-02 14:00:00,2.52,4.572049,13.5,0.0,0.42016129,2.052049,0.046,-0.09439425399999998
2025-07-02 15:00:00,0.21,3.642801,13.5,0.0,0.47016129,3.432801,0.05,-0.17164005000000002
2025-07-02 16:00:00,0.22,2.335197,13.5,0.0,0.63016129,2.1151969999999998,0.137,-0.289781989
2025-07-02 17:00:00,3.5491340996168583,0.826739,10.777604900383142,0.0,0.63016129,0.0,0.32,0.0
2025-07-02 18:00:00,2.2491340996168585,0.171936,8.700406800766284,0.0,0.63016129,0.0,0.358,0.0
2025-07-02 19:00:00,0.17,0.0,8.530406800766285,0.0,0.63016129,0.0,0.446,0.0
2025-07-02 20:00:00,0.16,0.0,8.370406800766284,0.0,0.63016129,0.0,0.276,0.0
2025-07-02 21:00:00,0.5700000000000001,0.0,7.800406800766284,0.0,0.47016129,0.0,0.088,0.0
2025-07-02 22:00:00,0.74,0.0,7.060406800766284,0.0,0.47016129,0.0,0.08,0.0
2025-07-02 23:00:00,0.22,0.0,6.840406800766284,0.0,0.47016129,0.0,0.074,0.0
2025-07-03 00:00:00,1.07,0.0,5.770406800766284,0.0,0.42016129,0.0,0.075,0.0
2025-07-03 01:00:00,0.48,0.0,5.290406800766284,0.0,0.42016129,0.0,0.072,0.0
2025-07-03 02:00:00,0.87,0.0,4.420406800766284,0.0,0.42016129,0.0,0.068,0.0
2025-07-03 03:00:00,0.4599999999999999,0.0,3.960406800766284,0.0,0.42016129,0.0,0.067,0.0
2025-07-03 04:00:00,1.05,0.0,2.9104068007662844,0.0,0.42016129,0.0,0.066,0.0
2025-07-03 05:00:00,0.7300000000000001,0.091768,2.272174800766284,0.0,0.42016129,0.0,0.067,0.0
2025-07-03 06:00:00,0.75,0.28252,1.804694800766284,0.0,0.42016129,0.0,0.071,0.0
2025-07-03 07:00:00,0.6,0.998237,2.202931800766284,0.0,0.42016129,0.0,0.065,0.0
2025-07-03 08:00:00,0.56,1.740928,3.3838598007662837,0.0,0.42016129,0.0,0.06,0.0
2025-07-03 09:00:00,0.73,2.882918,5.536777800766284,0.0,0.42016129,0.0,0.052,0.0
2025-07-03 10:00:00,0.76,2.666052,7.442829800766284,0.0,0.42016129,0.0,0.055,0.0
2025-07-03 11:00:00,1.1806666666666668,3.613296,9.875459134099618,0.0,0.42016129,0.0,0.053,0.0
2025-07-03 12:00:00,1.0306666666666668,3.348569,12.19336146743295,0.0,0.42016129,0.0,0.053,0.0
2025-07-03 13:00:00,0.7506666666666667,3.523655,13.5,0.0,0.42016129,2.7729883333333336,0.05,-0.1386494166666667
2025-07-03 14:00:00,0.21,2.9667939999999997,13.5,0.0,0.42016129,2.7567939999999997,0.046,-0.12681252399999998
2025-07-03 15:00:00,0.22,3.724048,13.5,0.0,0.47016129,3.5040479999999996,0.05,-0.17520239999999998
2025-07-03 16:00:00,0.22,2.3966689999999997,13.5,0.0,0.63016129,2.1766689999999995,0.137,-0.29820365299999996
2025-07-03 17:00:00,1.3491340996168584,0.8382390000000001,12.989104900383142,0.0,0.63016129,0.0,0.32,0.0
2025-07-03 18:00:00,4.469134099616858,0.169102,8.689072800766283,0.0,0.63016129,0.0,0.358,0.0
2025-07-03 19:00:00,0.27,0.0,8.419072800766283,0.0,0.63016129,0.0,0.446,0.0
2025-07-03 20:00:00,0.27,0.0,8.149072800766284,0.0,0.63016129,0.0,0.276,0.0
2025-07-03 21:00:00,0.24,0.0,7.909072800766284,0.0,0.47016129,0.0,0.088,0.0
2025-07-03 22:00:00,0.24,0.0,7.669072800766283,0.0,0.47016129,0.0,0.08,0.0
2025-07-03 23:00:00,0.22,0.0,7.449072800766284,0.0,0.47016129,0.0,0.074,0.0
2025-07-04 00:00:00,0.75,0.0,6.699072800766284,0.0,0.42016129,0.0,0.075,0.0
2025-07-04 01:00:00,0.77,0.0,5.929072800766283,0.0,0.42016129,0.0,0.072,0.0
2025-07-04 02:00:00,0.59,0.0,5.339072800766283,0.0,0.42016129,0.0,0.068,0.0
2025-07-04 03:00:00,1.05,0.0,4.2890728007662835,0.0,0.42016129,0.0,0.067,0.0
2025-07-04 04:00:00,0.5900000000000001,0.0,3.699072800766283,0.0,0.42016129,0.0,0.066,0.0
2025-07-04 05:00:00,0.91,0.095076,2.8841488007662837,0.0,0.42016129,0.0,0.067,0.0
2025-07-04 06:00:00,0.8400000000000001,0.3190079999999999,2.3631568007662835,0.0,0.42016129,0.0,0.071,0.0
2025-07-04 07:00:00,0.8200000000000001,1.63169,3.1748468007662836,0.0,0.42016129,0.0,0.065,0.0
2025-07-04 08:00:00,0.8200000000000001,3.12017,5.475016800766284,0.0,0.42016129,0.0,0.06,0.0
2025-07-04 09:00:00,0.2,4.159941,9.434957800766284,0.0,0.42016129,0.0,0.052,0.0
2025-07-04 10:00:00,2.4,4.893299,11.928256800766285,0.0,0.42016129,0.0,0.055,0.0
2025-07-04 11:00:00,2.790666666666666,5.319852,13.5,0.0,0.42016129,2.529185333333334,0.053,-0.13404682266666668
2025-07-04 12:00:00,4.310666666666666,5.440394,13.5,0.0,0.42016129,1.1297273333333342,0.053,-0.05987554866666671
2025-07-04 13:00:00,4.250666666666667,5.202515999999999,13.5,0.0,0.42016129,0.9518493333333327,0.05,-0.04759246666666664
2025-07-04 14:00:00,2.54,4.618164,13.5,0.0,0.42016129,2.078164,0.046,-0.095595544
2025-07-04 15:00:00,0.13,3.681181,13.5,0.0,0.47016129,3.551181,0.05,-0.17755905000000002
2025-07-04 16:00:00,0.11,2.361993,13.5,0.0,0.63016129,2.251993,0.137,-0.30852304100000005
2025-07-04 17:00:00,1.3691340996168584,0.84668,12.97754590038314,0.0,0.63016129,0.0,0.32,0.0
2025-07-04 18:00:00,1.2691340996168583,0.211716,11.920127800766284,0.0,0.63016129,0.0,0.358,0.0
2025-07-04 19:00:00,0.12,0.0,11.800127800766283,0.0,0.63016129,0.0,0.446,0.0
2025-07-04 20:00:00,0.2,0.0,11.600127800766284,0.0,0.63016129,0.0,0.276,0.0
2025-07-04 21:00:00,0.65,0.0,10.950127800766284,0.0,0.47016129,0.0,0.088,0.0
2025-07-04 22:00:00,0.6699999999999999,0.0,10.280127800766284,0.0,0.47016129,0.0,0.08,0.0
2025-07-04 23:00:00,0.21,0.0,10.070127800766285,0.0,0.47016129,0.0,0.074,0.0
2025-07-05 00:00:00,0.62,0.0,9.450127800766284,0.0,0.42016129,0.0,0.075,0.0
2025-07-05 01:00:00,0.54,0.0,8.910127800766283,0.0,0.42016129,0.0,0.072,0.0
2025-07-05 02:00:00,0.71,0.0,8.200127800766282,0.0,0.42016129,0.0,0.068,0.0
2025-07-05 03:00:00,0.59,0.0,7.610127800766282,0.0,0.42016129,0.0,0.067,0.0
2025-07-05 04:00:00,0.6,0.0,7.010127800766282,0.0,0.42016129,0.0,0.066,0.0
2025-07-05 05:00:00,0.8,0.1115169999999999,6.321644800766283,0.0,0.42016129,0.0,0.067,0.0
2025-07-05 06:00:00,0.93,0.365231,5.756875800766283,0.0,0.42016129,0.0,0.071,0.0
2025-07-05 07:00:00,0.6799999999999999,1.205093,6.281968800766283,0.0,0.42016129,0.0,0.065,0.0
2025-07-05 08:00:00,0.63,3.000748,8.652716800766283,0.0,0.42016129,0.0,0.06,0.0
2025-07-05 09:00:00,0.45,4.010429,12.213145800766284,0.0,0.42016129,0.0,0.052,0.0
2025-07-05 10:00:00,2.4099999999999997,4.720914,13.5,0.0,0.42016129,2.310914,0.055,-0.12710027
2025-07-05 11:00:00,2.730182692307692,5.158346,13.5,0.0,0.42016129,2.4281633076923077,0.053,-0.1286926553076923
2025-07-05 12:00:00,2.8301826923076923,5.255167,13.5,0.0,0.42016129,2.424984307692308,0.053,-0.1285241683076923
2025-07-05 13:00:00,2.770182692307692,5.006439,13.5,0.0,0.42016129,2.236256307692308,0.05,-0.1118128153846154
2025-07-05 14:00:00,2.4099999999999997,4.443479,13.5,0.0,0.42016129,2.0334790000000003,0.046,-0.09354003400000001
2025-07-05 15:00:00,0.1,3.529859,13.5,0.0,0.47016129,3.429859,0.05,-0.17149295
2025-07-05 16:00:00,0.11,1.820348,13.5,0.0,0.63016129,1.710348,0.137,-0.234317676
2025-07-05 17:00:00,2.423852011494253,0.7060919999999999,11.782239988505747,0.0,0.63016129,0.0,0.32,0.0
2025-07-05 18:00:00,1.643852011494253,0.12072,10.259107977011494,0.0,0.63016129,0.0,0.358,0.0
2025-07-05 19:00:00,0.12,0.0,10.139107977011497,0.0,0.63016129,0.0,0.446,0.0
2025-07-05 20:00:00,0.12,0.0,10.019107977011496,0.0,0.63016129,0.0,0.276,0.0
2025-07-05 21:00:00,0.13,0.0,9.889107977011497,0.0,0.47016129,0.0,0.088,0.0
2025-07-05 22:00:00,0.22,0.0,9.669107977011494,0.0,0.47016129,0.0,0.08,0.0
2025-07-05 23:00:00,0.25,0.0,9.419107977011494,0.0,0.47016129,0.0,0.074,0.0
2025-07-06 00:00:00,0.32,0.0,9.099107977011494,0.0,0.42016129,0.0,0.075,0.0
2025-07-06 01:00:00,0.22,0.0,8.879107977011493,0.0,0.42016129,0.0,0.072,0.0
2025-07-06 02:00:00,0.63,0.0,8.249107977011493,0.0,0.42016129,0.0,0.068,0.0
2025-07-06 03:00:00,0.63,0.0,7.619107977011493,0.0,0.42016129,0.0,0.067,0.0
2025-07-06 04:00:00,1.0,0.0,6.619107977011493,0.0,0.42016129,0.0,0.066,0.0
2025-07-06 05:00:00,0.6,0.113288,6.132395977011493,0.0,0.42016129,0.0,0.067,0.0
2025-07-06 06:00:00,1.06,0.373552,5.4459479770114925,0.0,0.42016129,0.0,0.071,0.0
2025-07-06 07:00:00,1.29,1.187914,5.343861977011493,0.0,0.42016129,0.0,0.065,0.0
2025-07-06 08:00:00,0.81,3.068772,7.602633977011493,0.0,0.42016129,0.0,0.06,0.0
2025-07-06 09:00:00,0.59,2.1404720000000004,9.153105977011494,0.0,0.42016129,0.0,0.052,0.0
2025-07-06 10:00:00,2.71,2.290978,8.734083977011494,0.0,0.42016129,0.0,0.055,0.0
2025-07-06 11:00:00,2.7201826923076924,2.482399,8.496300284703802,0.0,0.42016129,0.0,0.053,0.0
2025-07-06 12:00:00,2.750182692307692,2.113332,7.859449592396109,0.0,0.42016129,0.0,0.053,0.0
2025-07-06 13:00:00,2.750182692307692,2.315373,7.424639900088417,0.0,0.42016129,0.0,0.05,0.0
2025-07-06 14:00:00,2.42,2.759261,7.763900900088418,0.0,0.42016129,0.0,0.046,0.0
2025-07-06 15:00:00,0.11,1.58892,9.242820900088418,0.0,0.47016129,0.0,0.05,0.0
2025-07-06 16:00:00,0.11,0.7723289999999999,9.905149900088418,0.0,0.63016129,0.0,0.137,0.0
2025-07-06 17:00:00,0.9538520114942528,0.438601,9.389898888594164,0.0,0.63016129,0.0,0.32,0.0
2025-07-06 18:00:00,1.083852011494253,0.203511,8.509557877099912,0.0,0.63016129,0.0,0.358,0.0
2025-07-06 19:00:00,0.26,0.0,8.249557877099912,0.0,0.63016129,0.0,0.446,0.0
2025-07-06 20:00:00,0.4599999999999999,0.0,7.789557877099912,0.0,0.63016129,0.0,0.276,0.0
2025-07-06 21:00:00,0.16,0.0,7.629557877099912,0.0,0.47016129,0.0,0.088,0.0
2025-07-06 22:00:00,0.2,0.0,7.429557877099912,0.0,0.47016129,0.0,0.08,0.0
2025-07-06 23:00:00,0.21,0.0,7.219557877099912,0.0,0.47016129,0.0,0.074,0.0
2025-07-07 00:00:00,0.21,0.0,7.009557877099912,0.0,0.42016129,0.0,0.075,0.0
2025-07-07 01:00:00,0.63,0.0,6.379557877099912,0.0,0.42016129,0.0,0.072,0.0
2025-07-07 02:00:00,0.83,0.0,5.549557877099912,0.0,0.42016129,0.0,0.068,0.0
2025-07-07 03:00:00,0.74,0.0,4.809557877099912,0.0,0.42016129,0.0,0.067,0.0
2025-07-07 04:00:00,1.05,0.0,3.759557877099912,0.0,0.42016129,0.0,0.066,0.0
2025-07-07 05:00:00,0.6699999999999999,0.104942,3.194499877099912,0.0,0.42016129,0.0,0.067,0.0
2025-07-07 06:00:00,1.28,0.152055,2.066554877099912,0.0,0.42016129,0.0,0.071,0.0
2025-07-07 07:00:00,1.54,0.417619,0.9441738770999116,0.0,0.42016129,0.0,0.065,0.0
2025-07-07 08:00:00,0.6799999999999999,0.862315,1.126488877099912,0.0,0.42016129,0.0,0.06,0.0
2025-07-07 09:00:00,1.07,1.372757,1.429245877099912,0.0,0.42016129,0.0,0.052,0.0
2025-07-07 10:00:00,0.84,1.623374,2.212619877099912,0.0,0.42016129,0.0,0.055,0.0
2025-07-07 11:00:00,0.5901826923076923,1.6654449999999998,3.2878821847922195,0.0,0.42016129,0.0,0.053,0.0
2025-07-07 12:00:00,0.5401826923076923,1.609882,4.3575814924845275,0.0,0.42016129,0.0,0.053,0.0
2025-07-07 13:00:00,0.5101826923076923,1.392345,5.239743800176835,0.0,0.42016129,0.0,0.05,0.0
2025-07-07 14:00:00,0.23,1.98086,6.990603800176835,0.0,0.42016129,0.0,0.046,0.0
2025-07-07 15:00:00,0.2299999999999999,1.440932,8.201535800176835,0.0,0.47016129,0.0,0.05,0.0
2025-07-07 16:00:00,0.22,0.972145,8.953680800176835,0.0,0.63016129,0.0,0.137,0.0
2025-07-07 17:00:00,1.083852011494253,0.671048,8.540876788682583,0.0,0.63016129,0.0,0.32,0.0
2025-07-07 18:00:00,1.093852011494253,0.129325,7.57634977718833,0.0,0.63016129,0.0,0.358,0.0
2025-07-07 19:00:00,0.22,0.0,7.35634977718833,0.0,0.63016129,0.0,0.446,0.0
2025-07-07 20:00:00,0.2,0.0,7.15634977718833,0.0,0.63016129,0.0,0.276,0.0
2025-07-07 21:00:00,0.12,0.0,7.03634977718833,0.0,0.47016129,0.0,0.088,0.0
2025-07-07 22:00:00,0.12,0.0,6.91634977718833,0.0,0.47016129,0.0,0.08,0.0
2025-07-07 23:00:00,0.11,0.0,6.80634977718833,0.0,0.47016129,0.0,0.074,0.0
2025-07-08 00:00:00,0.11,0.0,6.696349777188329,0.0,0.42016129,0.0,0.075,0.0
2025-07-08 01:00:00,0.11,0.0,6.586349777188329,0.0,0.42016129,0.0,0.072,0.0
2025-07-08 02:00:00,0.1,0.0,6.486349777188329,0.0,0.42016129,0.0,0.068,0.0
2025-07-08 03:00:00,0.1,0.0,6.38634977718833,0.0,0.42016129,0.0,0.067,0.0
2025-07-08 04:00:00,0.1,0.0,6.28634977718833,0.0,0.42016129,0.0,0.066,0.0
2025-07-08 05:00:00,0.1,0.108502,6.29485177718833,0.0,0.42016129,0.0,0.067,0.0
2025-07-08 06:00:00,0.52,0.36974,6.14459177718833,0.0,0.42016129,0.0,0.071,0.0
2025-07-08 07:00:00,0.13,0.91498,6.92957177718833,0.0,0.42016129,0.0,0.065,0.0
2025-07-08 08:00:00,0.11,3.01693,9.83650177718833,0.0,0.42016129,0.0,0.06,0.0
2025-07-08 09:00:00,0.1,4.097997,13.5,0.0,0.42016129,3.9979970000000002,0.052,-0.207895844
2025-07-08 10:00:00,0.11,4.822794,13.5,0.0,0.42016129,4.712794,0.055,-0.25920367
2025-07-08 11:00:00,0.3901826923076923,5.254424,13.5,0.0,0.42016129,4.864241307692308,0.053,-0.2578047893076923
2025-07-08 12:00:00,0.3901826923076923,5.353229000000001,13.5,0.0,0.42016129,4.963046307692308,0.053,-0.2630414543076923
2025-07-08 13:00:00,0.4001826923076923,5.114935,13.5,0.0,0.42016129,4.714752307692308,0.05,-0.2357376153846154
2025-07-08 14:00:00,0.1,4.57454,13.5,0.0,0.42016129,4.47454,0.046,-0.20582884
2025-07-08 15:00:00,0.1,3.642488,13.5,0.0,0.47016129,3.542488,0.05,-0.17712440000000002
2025-07-08 16:00:00,0.1,1.680456,13.5,0.0,0.63016129,1.5804559999999999,0.137,-0.216522472
2025-07-08 17:00:00,0.9338520114942528,0.8719880000000001,13.438135988505747,0.0,0.63016129,0.0,0.32,0.0
2025-07-08 18:00:00,1.153852011494253,0.220158,12.504441977011494,0.0,0.63016129,0.0,0.358,0.0
2025-07-08 19:00:00,0.26,0.0,12.244441977011494,0.0,0.63016129,0.0,0.446,0.0
2025-07-08 20:00:00,0.1699999999999999,0.0,12.074441977011494,0.0,0.63016129,0.0,0.276,0.0
2025-07-08 21:00:00,0.2,0.0,11.874441977011497,0.0,0.47016129,0.0,0.088,0.0
2025-07-08 22:00:00,0.16,0.0,11.714441977011496,0.0,0.47016129,0.0,0.08,0.0
2025-07-08 23:00:00,0.11,0.0,11.604441977011495,0.0,0.47016129,0.0,0.074,0.0
2025-07-09 00:00:00,0.1,0.0,11.504441977011496,0.0,0.42016129,0.0,0.075,0.0
2025-07-09 01:00:00,0.1,0.0,11.404441977011496,0.0,0.42016129,0.0,0.072,0.0
2025-07-09 02:00:00,0.1,0.0,11.304441977011496,0.0,0.42016129,0.0,0.068,0.0
2025-07-09 03:00:00,0.11,0.0,11.194441977011495,0.0,0.42016129,0.0,0.067,0.0
2025-07-09 04:00:00,0.11,0.0,11.084441977011496,0.0,0.42016129,0.0,0.066,0.0
2025-07-09 05:00:00,0.1,0.109074,11.093515977011496,0.0,0.42016129,0.0,0.067,0.0
2025-07-09 06:00:00,0.11,0.4379159999999999,11.421431977011498,0.0,0.42016129,0.0,0.071,0.0
2025-07-09 07:00:00,0.12,1.020928,12.322359977011498,0.0,0.42016129,0.0,0.065,0.0
2025-07-09 08:00:00,0.1,1.638263,13.5,0.0,0.42016129,1.538263,0.06,-0.09229578
2025-07-09 09:00:00,0.1,2.767571,13.5,0.0,0.42016129,2.6675709999999997,0.052,-0.13871369199999997
2025-07-09 10:00:00,2.4,4.8289480000000005,13.5,0.0,0.42016129,2.4289480000000006,0.055,-0.13359214000000003
2025-07-09 11:00:00,2.5289700854700854,5.313555,13.5,0.0,0.42016129,2.7845849145299146,0.053,-0.14758300047008546
2025-07-09 12:00:00,2.5289700854700854,5.388982,13.5,0.0,0.42016129,2.860011914529915,0.053,-0.1515806314700855
2025-07-09 13:00:00,2.5289700854700854,5.190326,13.5,0.0,0.42016129,2.6613559145299144,0.05,-0.1330677957264957
2025-07-09 14:00:00,2.4099999999999997,4.601774000000001,13.5,0.0,0.42016129,2.191774000000001,0.046,-0.10082160400000005
2025-07-09 15:00:00,0.11,3.663506,13.5,0.0,0.47016129,3.553506,0.05,-0.1776753
2025-07-09 16:00:00,0.11,2.371374,13.5,0.0,0.63016129,2.261374,0.137,-0.309808238
2025-07-09 17:00:00,0.4961564495530013,0.866774,13.5,0.0,0.63016129,0.37061755044699873,0.32,-0.1185976161430396
2025-07-09 18:00:00,0.7861564495530013,0.20083,12.914673550447,0.0,0.63016129,0.0,0.358,0.0
2025-07-09 19:00:00,0.41,0.0,12.504673550447,0.0,0.63016129,0.0,0.446,0.0
2025-07-09 20:00:00,0.51,0.0,11.994673550447,0.0,0.63016129,0.0,0.276,0.0
2025-07-09 21:00:00,0.28,0.0,11.714673550447,0.0,0.47016129,0.0,0.088,0.0
2025-07-09 22:00:00,0.5700000000000001,0.0,11.144673550447,0.0,0.47016129,0.0,0.08,0.0
2025-07-09 23:00:00,0.11,0.0,11.034673550447,0.0,0.47016129,0.0,0.074,0.0
2025-07-10 00:00:00,0.1,0.0,10.934673550447,0.0,0.42016129,0.0,0.075,0.0
2025-07-10 01:00:00,0.1,0.0,10.834673550447,0.0,0.42016129,0.0,0.072,0.0
2025-07-10 02:00:00,0.1,0.0,10.734673550447,0.0,0.42016129,0.0,0.068,0.0
2025-07-10 03:00:00,0.5,0.0,10.234673550447,0.0,0.42016129,0.0,0.067,0.0
2025-07-10 04:00:00,0.9,0.0,9.334673550447,0.0,0.42016129,0.0,0.066,0.0
2025-07-10 05:00:00,0.66,0.086447,8.761120550447,0.0,0.42016129,0.0,0.067,0.0
2025-07-10 06:00:00,0.57,0.315235,8.506355550447,0.0,0.42016129,0.0,0.071,0.0
2025-07-10 07:00:00,0.71,0.554495,8.350850550447,0.0,0.42016129,0.0,0.065,0.0
2025-07-10 08:00:00,0.44,1.04082,8.951670550447,0.0,0.42016129,0.0,0.06,0.0
2025-07-10 09:00:00,0.32,2.411049,11.042719550447,0.0,0.42016129,0.0,0.052,0.0
2025-07-10 10:00:00,0.1,4.675403,13.5,0.0,0.42016129,4.5754030000000006,0.055,-0.251647165
2025-07-10 11:00:00,0.2289700854700855,5.134529000000001,13.5,0.0,0.42016129,4.905558914529915,0.053,-0.2599946224700855
2025-07-10 12:00:00,0.2289700854700855,4.407159,13.5,0.0,0.42016129,4.1781889145299145,0.053,-0.22144401247008547
2025-07-10 13:00:00,0.2289700854700855,4.966632,13.5,0.0,0.42016129,4.737661914529914,0.05,-0.2368830957264957
2025-07-10 14:00:00,0.11,3.578205,13.5,0.0,0.42016129,3.468205,0.046,-0.15953743
2025-07-10 15:00:00,0.11,1.798026,13.5,0.0,0.47016129,1.6880259999999998,0.05,-0.0844013
2025-07-10 16:00:00,0.1,1.461016,13.5,0.0,0.63016129,1.361016,0.137,-0.18645919200000002
2025-07-10 17:00:00,2.316156449553002,0.479552,11.663395550446998,0.0,0.63016129,0.0,0.32,0.0
2025-07-10 18:00:00,1.8361564495530016,0.242882,10.070121100893996,0.0,0.63016129,0.0,0.358,0.0
2025-07-10 19:00:00,0.3,0.0,9.770121100893997,0.0,0.63016129,0.0,0.446,0.0
2025-07-10 20:00:00,0.27,0.0,9.500121100893995,0.0,0.63016129,0.0,0.276,0.0
2025-07-10 21:00:00,0.21,0.0,9.290121100893996,0.0,0.47016129,0.0,0.088,0.0
2025-07-10 22:00:00,0.2,0.0,9.090121100893995,0.0,0.47016129,0.0,0.08,0.0
2025-07-10 23:00:00,0.22,0.0,8.870121100893995,0.0,0.47016129,0.0,0.074,0.0
2025-07-11 00:00:00,0.22,0.0,8.650121100893994,0.0,0.42016129,0.0,0.075,0.0
2025-07-11 01:00:00,0.22,0.0,8.430121100893993,0.0,0.42016129,0.0,0.072,0.0
2025-07-11 02:00:00,0.22,0.0,8.210121100893993,0.0,0.42016129,0.0,0.068,0.0
2025-07-11 03:00:00,0.22,0.0,7.990121100893993,0.0,0.42016129,0.0,0.067,0.0
2025-07-11 04:00:00,0.62,0.0,7.370121100893993,0.0,0.42016129,0.0,0.066,0.0
2025-07-11 05:00:00,0.65,0.09035,6.810471100893993,0.0,0.42016129,0.0,0.067,0.0
2025-07-11 06:00:00,0.65,0.374231,6.534702100893993,0.0,0.42016129,0.0,0.071,0.0
2025-07-11 07:00:00,0.31,1.295868,7.520570100893993,0.0,0.42016129,0.0,0.065,0.0
2025-07-11 08:00:00,0.25,1.5035139999999998,8.774084100893992,0.0,0.42016129,0.0,0.06,0.0
2025-07-11 09:00:00,0.22,2.990031,11.544115100893992,0.0,0.42016129,0.0,0.052,0.0
2025-07-11 10:00:00,2.53,2.764173,11.778288100893992,0.0,0.42016129,0.0,0.055,0.0
2025-07-11 11:00:00,2.6589700854700853,2.847323,11.966641015423908,0.0,0.42016129,0.0,0.053,0.0
2025-07-11 12:00:00,2.6489700854700855,5.489219,13.5,0.0,0.42016129,2.840248914529915,0.053,-0.15053319247008548
2025-07-11 13:00:00,2.6489700854700855,5.191218,13.5,0.0,0.42016129,2.5422479145299146,0.05,-0.12711239572649574
2025-07-11 14:00:00,2.52,4.598718,13.5,0.0,0.42016129,2.078718,0.046,-0.095621028
2025-07-11 15:00:00,0.22,3.684628,13.5,0.0,0.47016129,3.464628,0.05,-0.1732314
2025-07-11 16:00:00,0.22,2.393647,13.5,0.0,0.63016129,2.173647,0.137,-0.297789639
2025-07-11 17:00:00,0.5761564495530014,0.861374,13.5,0.0,0.63016129,0.2852175504469986,0.32,-0.09126961614303955
2025-07-11 18:00:00,0.5761564495530014,0.165279,13.089122550446998,0.0,0.63016129,0.0,0.358,0.0
2025-07-11 19:00:00,0.22,0.0,12.869122550446995,0.0,0.63016129,0.0,0.446,0.0
2025-07-11 20:00:00,0.22,0.0,12.649122550446997,0.0,0.63016129,0.0,0.276,0.0
2025-07-11 21:00:00,0.2299999999999999,0.0,12.419122550446996,0.0,0.47016129,0.0,0.088,0.0
2025-07-11 22:00:00,0.21,0.0,12.209122550446995,0.0,0.47016129,0.0,0.08,0.0
2025-07-11 23:00:00,0.22,0.0,11.989122550446996,0.0,0.47016129,0.0,0.074,0.0
2025-07-12 00:00:00,0.22,0.0,11.769122550446994,0.0,0.42016129,0.0,0.075,0.0
2025-07-12 01:00:00,0.25,0.0,11.519122550446994,0.0,0.42016129,0.0,0.072,0.0
2025-07-12 02:00:00,0.3,0.0,11.219122550446992,0.0,0.42016129,0.0,0.068,0.0
2025-07-12 03:00:00,0.22,0.0,10.999122550446993,0.0,0.42016129,0.0,0.067,0.0
2025-07-12 04:00:00,0.22,0.0,10.779122550446992,0.0,0.42016129,0.0,0.066,0.0
2025-07-12 05:00:00,0.21,0.007881,10.577003550446992,0.0,0.42016129,0.0,0.067,0.0
2025-07-12 06:00:00,0.21,0.191683,10.558686550446993,0.0,0.42016129,0.0,0.071,0.0
2025-07-12 07:00:00,0.21,1.22875,11.577436550446992,0.0,0.42016129,0.0,0.065,0.0
2025-07-12 08:00:00,0.21,2.3348679999999997,13.5,0.0,0.42016129,2.1248679999999998,0.06,-0.12749207999999998
2025-07-12 09:00:00,0.21,3.5777069999999997,13.5,0.0,0.42016129,3.367707,0.052,-0.17512076399999998
2025-07-12 10:00:00,2.51,4.90525,13.5,0.0,0.42016129,2.39525,0.055,-0.13173875
2025-07-12 11:00:00,2.6389700854700853,5.367909,13.5,0.0,0.42016129,2.7289389145299148,0.053,-0.14463376247008547
2025-07-12 12:00:00,2.6389700854700853,5.478212999999999,13.5,0.0,0.42016129,2.839242914529914,0.053,-0.15047987447008543
2025-07-12 13:00:00,2.6389700854700853,5.246578,13.5,0.0,0.42016129,2.607607914529915,0.05,-0.13038039572649576
2025-07-12 14:00:00,2.51,4.666226,13.5,0.0,0.42016129,2.156226,0.046,-0.09918639600000001
2025-07-12 15:00:00,0.22,3.741741,13.5,0.0,0.47016129,3.521741,0.05,-0.17608705000000002
2025-07-12 16:00:00,0.22,2.416491,13.5,0.0,0.63016129,2.196491,0.137,-0.30091926700000005
2025-07-12 17:00:00,0.5761564495530014,0.852256,13.5,0.0,0.63016129,0.27609955044699863,0.32,-0.08835185614303956
2025-07-12 18:00:00,0.5761564495530014,0.163347,13.087190550446998,0.0,0.63016129,0.0,0.358,0.0
2025-07-12 19:00:00,0.21,0.0,12.877190550446995,0.0,0.63016129,0.0,0.446,0.0
2025-07-12 20:00:00,0.21,0.0,12.667190550446996,0.0,0.63016129,0.0,0.276,0.0
2025-07-12 21:00:00,0.22,0.0,12.447190550446996,0.0,0.47016129,0.0,0.088,0.0
2025-07-12 22:00:00,0.22,0.0,12.227190550446997,0.0,0.47016129,0.0,0.08,0.0
2025-07-12 23:00:00,0.21,0.0,12.017190550446994,0.0,0.47016129,0.0,0.074,0.0
2025-07-13 00:00:00,0.22,0.0,11.797190550446992,0.0,0.42016129,0.0,0.075,0.0
2025-07-13 01:00:00,0.21,0.0,11.587190550446993,0.0,0.42016129,0.0,0.072,0.0
2025-07-13 02:00:00,0.22,0.0,11.367190550446992,0.0,0.42016129,0.0,0.068,0.0
2025-07-13 03:00:00,0.21,0.0,11.157190550446993,0.0,0.42016129,0.0,0.067,0.0
2025-07-13 04:00:00,0.2,0.0,10.957190550446992,0.0,0.42016129,0.0,0.066,0.0
2025-07-13 05:00:00,0.36,0.068171,10.665361550446992,0.0,0.42016129,0.0,0.067,0.0
2025-07-13 06:00:00,0.37,0.287445,10.582806550446993,0.0,0.42016129,0.0,0.071,0.0
2025-07-13 07:00:00,0.62,1.578749,11.541555550446992,0.0,0.42016129,0.0,0.065,0.0
2025-07-13 08:00:00,0.52,3.057191,13.5,0.0,0.42016129,2.537191,0.06,-0.15223145999999999
2025-07-13 09:00:00,0.21,4.127893,13.5,0.0,0.42016129,3.9178930000000003,0.052,-0.20373043600000001
2025-07-13 10:00:00,2.51,4.877118,13.5,0.0,0.42016129,2.3671180000000005,0.055,-0.13019149000000002
2025-07-13 11:00:00,2.6389700854700853,5.338921999999999,13.5,0.0,0.42016129,2.699951914529914,0.053,-0.14309745147008543
2025-07-13 12:00:00,2.6389700854700853,5.472472,13.5,0.0,0.42016129,2.8335019145299145,0.053,-0.15017560147008546
2025-07-13 13:00:00,2.6389700854700853,5.2100550000000005,13.5,0.0,0.42016129,2.5710849145299153,0.05,-0.12855424572649576
2025-07-13 14:00:00,2.52,4.621659999999999,13.5,0.0,0.42016129,2.1016599999999994,0.046,-0.09667635999999998
2025-07-13 15:00:00,0.21,2.1494839999999997,13.5,0.0,0.47016129,1.9394839999999998,0.05,-0.0969742
2025-07-13 16:00:00,0.21,1.49154,13.5,0.0,0.63016129,1.2815400000000001,0.137,-0.17557098000000004
2025-07-13 17:00:00,0.5861564495530013,0.700751,13.5,0.0,0.63016129,0.11459455044699873,0.32,-0.03667025614303959
2025-07-13 18:00:00,0.5761564495530014,0.16169,13.085533550446998,0.0,0.63016129,0.0,0.358,0.0
2025-07-13 19:00:00,0.21,0.0,12.875533550446995,0.0,0.63016129,0.0,0.446,0.0
2025-07-13 20:00:00,0.22,0.0,12.655533550446997,0.0,0.63016129,0.0,0.276,0.0
2025-07-13 21:00:00,0.22,0.0,12.435533550446996,0.0,0.47016129,0.0,0.088,0.0
2025-07-13 22:00:00,0.21,0.0,12.225533550446997,0.0,0.47016129,0.0,0.08,0.0
2025-07-13 23:00:00,0.21,0.0,12.015533550446994,0.0,0.47016129,0.0,0.074,0.0
2025-07-14 00:00:00,0.21,0.0,11.805533550446992,0.0,0.42016129,0.0,0.075,0.0
2025-07-14 01:00:00,0.21,0.0,11.595533550446993,0.0,0.42016129,0.0,0.072,0.0
2025-07-14 02:00:00,0.21,0.0,11.385533550446992,0.0,0.42016129,0.0,0.068,0.0
2025-07-14 03:00:00,0.21,0.0,11.17553355044699,0.0,0.42016129,0.0,0.067,0.0
2025-07-14 04:00:00,0.21,0.0,10.96553355044699,0.0,0.42016129,0.0,0.066,0.0
2025-07-14 05:00:00,0.21,0.066901,10.82243455044699,0.0,0.42016129,0.0,0.067,0.0
2025-07-14 06:00:00,0.54,0.272908,10.55534255044699,0.0,0.42016129,0.0,0.071,0.0
2025-07-14 07:00:00,0.52,0.60029,10.63563255044699,0.0,0.42016129,0.0,0.065,0.0
2025-07-14 08:00:00,0.21,0.964295,11.389927550446991,0.0,0.42016129,0.0,0.06,0.0
2025-07-14 09:00:00,0.21,1.3325619999999998,12.512489550446992,0.0,0.42016129,0.0,0.052,0.0
2025-07-14 10:00:00,0.21,1.641317,13.5,0.0,0.42016129,1.431317,0.055,-0.078722435
2025-07-14 11:00:00,0.3389700854700855,1.782626,13.5,0.0,0.42016129,1.4436559145299146,0.053,-0.07651376347008547
2025-07-14 12:00:00,0.3389700854700855,2.162926,13.5,0.0,0.42016129,1.8239559145299147,0.053,-0.09666966347008547
2025-07-14 13:00:00,0.3489700854700854,2.711967,13.5,0.0,0.42016129,2.362996914529915,0.05,-0.11814984572649574
2025-07-14 14:00:00,0.22,2.104488,13.5,0.0,0.42016129,1.884488,0.046,-0.086686448
2025-07-14 15:00:00,0.21,1.578054,13.5,0.0,0.47016129,1.368054,0.05,-0.06840270000000001
2025-07-14 16:00:00,0.21,0.824375,13.5,0.0,0.63016129,0.614375,0.137,-0.084169375
2025-07-14 17:00:00,0.5861564495530013,0.449383,13.363226550447,0.0,0.63016129,0.0,0.32,0.0
2025-07-14 18:00:00,0.5861564495530013,0.1847829999999999,12.961853100894,0.0,0.63016129,0.0,0.358,0.0
2025-07-14 19:00:00,0.22,0.0,12.741853100893998,0.0,0.63016129,0.0,0.446,0.0
2025-07-14 20:00:00,0.22,0.0,12.521853100893996,0.0,0.63016129,0.0,0.276,0.0
2025-07-14 21:00:00,0.22,0.0,12.301853100893997,0.0,0.47016129,0.0,0.088,0.0
2025-07-14 22:00:00,0.22,0.0,12.081853100893996,0.0,0.47016129,0.0,0.08,0.0
2025-07-14 23:00:00,0.21,0.0,11.871853100893995,0.0,0.47016129,0.0,0.074,0.0
2025-07-15 00:00:00,0.22,0.0,11.651853100893996,0.0,0.42016129,0.0,0.075,0.0
2025-07-15 01:00:00,0.22,0.0,11.431853100893994,0.0,0.42016129,0.0,0.072,0.0
2025-07-15 02:00:00,0.21,0.0,11.221853100893991,0.0,0.42016129,0.0,0.068,0.0
2025-07-15 03:00:00,0.21,0.0,11.011853100893992,0.0,0.42016129,0.0,0.067,0.0
2025-07-15 04:00:00,0.22,0.0,10.791853100893992,0.0,0.42016129,0.0,0.066,0.0
2025-07-15 05:00:00,0.21,0.064386,10.646239100893991,0.0,0.42016129,0.0,0.067,0.0
2025-07-15 06:00:00,0.21,0.280108,10.71634710089399,0.0,0.42016129,0.0,0.071,0.0
2025-07-15 07:00:00,0.2,0.7968160000000001,11.313163100893991,0.0,0.42016129,0.0,0.065,0.0
2025-07-15 08:00:00,0.21,1.131786,12.234949100893992,0.0,0.42016129,0.0,0.06,0.0
2025-07-15 09:00:00,0.22,4.201296,13.5,0.0,0.42016129,3.981296,0.052,-0.20702739199999998
2025-07-15 10:00:00,0.21,4.985505,13.5,0.0,0.42016129,4.775505,0.055,-0.262652775
2025-07-15 11:00:00,0.3389700854700855,5.420316,13.5,0.0,0.42016129,5.081345914529914,0.053,-0.2693113334700854
2025-07-15 12:00:00,0.3389700854700855,5.51372,13.5,0.0,0.42016129,5.174749914529914,0.053,-0.27426174547008547
2025-07-15 13:00:00,0.3389700854700855,3.366363,13.5,0.0,0.42016129,3.0273929145299148,0.05,-0.15136964572649575
2025-07-15 14:00:00,0.21,2.265212,13.5,0.0,0.42016129,2.055212,0.046,-0.094539752
2025-07-15 15:00:00,0.22,3.7147,13.5,0.0,0.47016129,3.4947,0.05,-0.174735
2025-07-15 16:00:00,0.32,2.405566,13.5,0.0,0.63016129,2.085566,0.137,-0.285722542
2025-07-15 17:00:00,0.6161564495530013,0.8517469999999999,13.5,0.0,0.63016129,0.23559055044699861,0.32,-0.07538897614303956
2025-07-15 18:00:00,0.5861564495530013,0.1489559999999999,13.062799550446998,0.0,0.63016129,0.0,0.358,0.0
2025-07-15 19:00:00,0.22,0.0,12.842799550446998,0.0,0.63016129,0.0,0.446,0.0
2025-07-15 20:00:00,0.22,0.0,12.622799550446995,0.0,0.63016129,0.0,0.276,0.0
2025-07-15 21:00:00,0.22,0.0,12.402799550446996,0.0,0.47016129,0.0,0.088,0.0
2025-07-15 22:00:00,0.21,0.0,12.192799550446995,0.0,0.47016129,0.0,0.08,0.0
2025-07-15 23:00:00,0.21,0.0,11.982799550446996,0.0,0.47016129,0.0,0.074,0.0
2025-07-16 00:00:00,0.21,0.0,11.772799550446994,0.0,0.42016129,0.0,0.075,0.0
2025-07-16 01:00:00,0.21,0.0,11.562799550446991,0.0,0.42016129,0.0,0.072,0.0
2025-07-16 02:00:00,0.22,0.0,11.342799550446992,0.0,0.42016129,0.0,0.068,0.0
2025-07-16 03:00:00,0.21,0.0,11.132799550446991,0.0,0.42016129,0.0,0.067,0.0
2025-07-16 04:00:00,0.22,0.0,10.91279955044699,0.0,0.42016129,0.0,0.066,0.0
2025-07-16 05:00:00,0.2,0.05425,10.767049550446991,0.0,0.42016129,0.0,0.067,0.0
2025-07-16 06:00:00,0.61,0.273712,10.430761550446991,0.0,0.42016129,0.0,0.071,0.0
2025-07-16 07:00:00,0.53,0.670902,10.571663550446992,0.0,0.42016129,0.0,0.065,0.0
2025-07-16 08:00:00,0.4,1.2271880000000002,11.398851550446992,0.0,0.42016129,0.0,0.06,0.0
2025-07-16 09:00:00,0.5700000000000001,1.5438409999999998,12.372692550446992,0.0,0.42016129,0.0,0.052,0.0
2025-07-16 10:00:00,2.52,1.42229,11.274982550446992,0.0,0.42016129,0.0,0.055,0.0
2025-07-16 11:00:00,2.6389700854700853,2.348516,10.984528464976908,0.0,0.42016129,0.0,0.053,0.0
2025-07-16 12:00:00,2.6389700854700853,3.158877,11.504435379506823,0.0,0.42016129,0.0,0.053,0.0
2025-07-16 13:00:00,2.6389700854700853,3.324348,12.18981329403674,0.0,0.42016129,0.0,0.05,0.0
2025-07-16 14:00:00,2.51,3.697039,13.37685229403674,0.0,0.42016129,0.0,0.046,0.0
2025-07-16 15:00:00,0.21,2.4071640000000003,13.5,0.0,0.47016129,2.1971640000000003,0.05,-0.10985820000000002
2025-07-16 16:00:00,0.22,1.116876,13.5,0.0,0.63016129,0.896876,0.137,-0.12287201200000002
2025-07-16 17:00:00,0.5761564495530014,0.584351,13.5,0.0,0.63016129,0.008194550446998572,0.32,-0.002622256143039543
2025-07-16 18:00:00,0.5861564495530013,0.14683,13.060673550447,0.0,0.63016129,0.0,0.358,0.0
2025-07-16 19:00:00,0.22,0.0,12.840673550447,0.0,0.63016129,0.0,0.446,0.0
2025-07-16 20:00:00,0.22,0.0,12.620673550446998,0.0,0.63016129,0.0,0.276,0.0
2025-07-16 21:00:00,0.22,0.0,12.400673550446998,0.0,0.47016129,0.0,0.088,0.0
2025-07-16 22:00:00,0.21,0.0,12.190673550446997,0.0,0.47016129,0.0,0.08,0.0
2025-07-16 23:00:00,0.21,0.0,11.980673550446996,0.0,0.47016129,0.0,0.074,0.0
2025-07-17 00:00:00,0.22,0.0,11.760673550446995,0.0,0.42016129,0.0,0.075,0.0
2025-07-17 01:00:00,0.21,0.0,11.550673550446994,0.0,0.42016129,0.0,0.072,0.0
2025-07-17 02:00:00,0.21,0.0,11.340673550446994,0.0,0.42016129,0.0,0.068,0.0
2025-07-17 03:00:00,0.22,0.0,11.120673550446991,0.0,0.42016129,0.0,0.067,0.0
2025-07-17 04:00:00,0.21,0.0,10.910673550446992,0.0,0.42016129,0.0,0.066,0.0
2025-07-17 05:00:00,0.22,0.0,10.690673550446991,0.0,0.42016129,0.0,0.067,0.0
2025-07-17 06:00:00,0.21,0.283649,10.764322550446993,0.0,0.42016129,0.0,0.071,0.0
2025-07-17 07:00:00,0.21,1.005035,11.559357550446991,0.0,0.42016129,0.0,0.065,0.0
2025-07-17 08:00:00,0.2,0.830736,12.190093550446992,0.0,0.42016129,0.0,0.06,0.0
2025-07-17 09:00:00,0.45,1.36999,13.110083550446992,0.0,0.42016129,0.0,0.052,0.0
2025-07-17 10:00:00,0.72,2.383467,13.5,0.0,0.42016129,1.663467,0.055,-0.091490685
2025-07-17 11:00:00,0.7589700854700855,3.384102,13.5,0.0,0.42016129,2.6251319145299146,0.053,-0.13913199147008548
2025-07-17 12:00:00,0.5489700854700855,3.444547,13.5,0.0,0.42016129,2.8955769145299146,0.053,-0.15346557647008546
2025-07-17 13:00:00,0.3589700854700854,2.575993,13.5,0.0,0.42016129,2.2170229145299145,0.05,-0.11085114572649574
2025-07-17 14:00:00,0.21,2.498898,13.5,0.0,0.42016129,2.288898,0.046,-0.105289308
2025-07-17 15:00:00,0.22,3.616102,13.5,0.0,0.47016129,3.396102,0.05,-0.16980510000000001
2025-07-17 16:00:00,0.21,1.024717,13.5,0.0,0.63016129,0.8147170000000001,0.137,-0.11161622900000003
2025-07-17 17:00:00,0.5761564495530014,0.827441,13.5,0.0,0.63016129,0.2512845504469986,0.32,-0.08041105614303955
2025-07-17 18:00:00,0.5861564495530013,0.144572,13.058415550446998,0.0,0.63016129,0.0,0.358,0.0
2025-07-17 19:00:00,0.21,0.0,12.848415550446996,0.0,0.63016129,0.0,0.446,0.0
2025-07-17 20:00:00,0.22,0.0,12.628415550446997,0.0,0.63016129,0.0,0.276,0.0
2025-07-17 21:00:00,0.22,0.0,12.408415550446996,0.0,0.47016129,0.0,0.088,0.0
2025-07-17 22:00:00,0.21,0.0,12.198415550446995,0.0,0.47016129,0.0,0.08,0.0
2025-07-17 23:00:00,0.22,0.0,11.978415550446996,0.0,0.47016129,0.0,0.074,0.0
2025-07-18 00:00:00,0.21,0.0,11.768415550446994,0.0,0.42016129,0.0,0.075,0.0
2025-07-18 01:00:00,0.21,0.0,11.558415550446991,0.0,0.42016129,0.0,0.072,0.0
2025-07-18 02:00:00,0.21,0.0,11.348415550446992,0.0,0.42016129,0.0,0.068,0.0
2025-07-18 03:00:00,0.21,0.0,11.138415550446991,0.0,0.42016129,0.0,0.067,0.0
2025-07-18 04:00:00,0.22,0.0,10.91841555044699,0.0,0.42016129,0.0,0.066,0.0
2025-07-18 05:00:00,0.21,0.046898,10.75531355044699,0.0,0.42016129,0.0,0.067,0.0
2025-07-18 06:00:00,0.22,0.275484,10.81079755044699,0.0,0.42016129,0.0,0.071,0.0
2025-07-18 07:00:00,0.21,1.534409,12.135206550446991,0.0,0.42016129,0.0,0.065,0.0
2025-07-18 08:00:00,0.21,3.018699,13.5,0.0,0.42016129,2.808699,0.06,-0.16852193999999998
2025-07-18 09:00:00,0.21,4.138318,13.5,0.0,0.42016129,3.928318,0.052,-0.20427253599999998
2025-07-18 10:00:00,2.51,4.907138,13.5,0.0,0.42016129,2.397138,0.055,-0.13184259
2025-07-18 11:00:00,2.703455128205128,5.421178,13.5,0.0,0.42016129,2.7177228717948725,0.053,-0.14403931220512825
2025-07-18 12:00:00,2.703455128205128,5.556271,13.5,0.0,0.42016129,2.852815871794872,0.053,-0.1511992412051282
2025-07-18 13:00:00,2.713455128205128,5.3262,13.5,0.0,0.42016129,2.612744871794872,0.05,-0.1306372435897436
2025-07-18 14:00:00,2.52,4.732318,13.5,0.0,0.42016129,2.2123180000000002,0.046,-0.10176662800000001
2025-07-18 15:00:00,0.21,3.795325,13.5,0.0,0.47016129,3.585325,0.05,-0.17926625000000002
2025-07-18 16:00:00,0.21,2.467036,13.5,0.0,0.63016129,2.257036,0.137,-0.309213932
2025-07-18 17:00:00,0.759234674329502,0.866457,13.5,0.0,0.63016129,0.10722232567049805,0.32,-0.03431114421455938
2025-07-18 18:00:00,0.7692346743295019,0.1475449999999999,12.878310325670498,0.0,0.63016129,0.0,0.358,0.0
2025-07-18 19:00:00,0.21,0.0,12.668310325670497,0.0,0.63016129,0.0,0.446,0.0
2025-07-18 20:00:00,0.21,0.0,12.458310325670496,0.0,0.63016129,0.0,0.276,0.0
2025-07-18 21:00:00,0.22,0.0,12.238310325670495,0.0,0.47016129,0.0,0.088,0.0
2025-07-18 22:00:00,0.22,0.0,12.018310325670496,0.0,0.47016129,0.0,0.08,0.0
2025-07-18 23:00:00,0.21,0.0,11.808310325670494,0.0,0.47016129,0.0,0.074,0.0
2025-07-19 00:00:00,0.22,0.0,11.588310325670491,0.0,0.42016129,0.0,0.075,0.0
2025-07-19 01:00:00,0.21,0.0,11.378310325670492,0.0,0.42016129,0.0,0.072,0.0
2025-07-19 02:00:00,0.21,0.0,11.168310325670491,0.0,0.42016129,0.0,0.068,0.0
2025-07-19 03:00:00,0.21,0.0,10.95831032567049,0.0,0.42016129,0.0,0.067,0.0
2025-07-19 04:00:00,0.21,0.0,10.74831032567049,0.0,0.42016129,0.0,0.066,0.0
2025-07-19 05:00:00,0.21,0.036986,10.57529632567049,0.0,0.42016129,0.0,0.067,0.0
2025-07-19 06:00:00,0.21,0.262269,10.62756532567049,0.0,0.42016129,0.0,0.071,0.0
2025-07-19 07:00:00,0.2,1.58995,12.017515325670493,0.0,0.42016129,0.0,0.065,0.0
2025-07-19 08:00:00,0.51,3.133916,13.5,0.0,0.42016129,2.6239160000000004,0.06,-0.15743496
2025-07-19 09:00:00,0.52,4.261161,13.5,0.0,0.42016129,3.7411610000000004,0.052,-0.19454037200000002
2025-07-19 10:00:00,2.5,5.042626,13.5,0.0,0.42016129,2.5426260000000003,0.055,-0.13984443000000002
2025-07-19 11:00:00,2.703455128205128,5.49057,13.5,0.0,0.42016129,2.787114871794872,0.053,-0.14771708820512822
2025-07-19 12:00:00,2.873455128205128,5.580181,13.5,0.0,0.42016129,2.7067258717948715,0.053,-0.1434564712051282
2025-07-19 13:00:00,2.703455128205128,5.35853,13.5,0.0,0.42016129,2.6550748717948722,0.05,-0.13275374358974362
2025-07-19 14:00:00,2.51,4.764727,13.5,0.0,0.42016129,2.254727,0.046,-0.10371744199999999
2025-07-19 15:00:00,0.21,3.806221,13.5,0.0,0.47016129,3.596221,0.05,-0.17981105
2025-07-19 16:00:00,0.21,2.465695,13.5,0.0,0.63016129,2.2556950000000002,0.137,-0.30903021500000005
2025-07-19 17:00:00,0.7692346743295019,0.875149,13.5,0.0,0.63016129,0.10591432567049808,0.32,-0.03389258421455939
2025-07-19 18:00:00,0.7692346743295019,0.147347,12.878112325670498,0.0,0.63016129,0.0,0.358,0.0
2025-07-19 19:00:00,0.21,0.0,12.668112325670496,0.0,0.63016129,0.0,0.446,0.0
2025-07-19 20:00:00,0.22,0.0,12.448112325670497,0.0,0.63016129,0.0,0.276,0.0
2025-07-19 21:00:00,0.21,0.0,12.238112325670496,0.0,0.47016129,0.0,0.088,0.0
2025-07-19 22:00:00,0.21,0.0,12.028112325670495,0.0,0.47016129,0.0,0.08,0.0
2025-07-19 23:00:00,0.21,0.0,11.818112325670494,0.0,0.47016129,0.0,0.074,0.0
2025-07-20 00:00:00,0.21,0.0,11.608112325670492,0.0,0.42016129,0.0,0.075,0.0
2025-07-20 01:00:00,0.21,0.0,11.398112325670493,0.0,0.42016129,0.0,0.072,0.0
2025-07-20 02:00:00,0.21,0.0,11.188112325670492,0.0,0.42016129,0.0,0.068,0.0
2025-07-20 03:00:00,0.47,0.0,10.718112325670493,0.0,0.42016129,0.0,0.067,0.0
2025-07-20 04:00:00,0.53,0.0,10.188112325670492,0.0,0.42016129,0.0,0.066,0.0
2025-07-20 05:00:00,0.62,0.0375,9.605612325670492,0.0,0.42016129,0.0,0.067,0.0
2025-07-20 06:00:00,0.21,0.274663,9.670275325670492,0.0,0.42016129,0.0,0.071,0.0
2025-07-20 07:00:00,0.78,1.5588510000000002,10.449126325670491,0.0,0.42016129,0.0,0.065,0.0
2025-07-20 08:00:00,0.21,3.049632,13.288758325670493,0.0,0.42016129,0.0,0.06,0.0
2025-07-20 09:00:00,0.52,4.1231599999999995,13.5,0.0,0.42016129,3.6031599999999995,0.052,-0.18736431999999997
2025-07-20 10:00:00,2.51,4.904076,13.5,0.0,0.42016129,2.394076,0.055,-0.13167418
2025-07-20 11:00:00,2.703455128205128,5.318663,13.5,0.0,0.42016129,2.615207871794872,0.053,-0.13860601720512822
2025-07-20 12:00:00,2.713455128205128,5.4246300000000005,13.5,0.0,0.42016129,2.7111748717948725,0.053,-0.14369226820512823
2025-07-20 13:00:00,2.703455128205128,5.172471,13.5,0.0,0.42016129,2.469015871794872,0.05,-0.1234507935897436
2025-07-20 14:00:00,2.51,4.569676,13.5,0.0,0.42016129,2.0596760000000005,0.046,-0.09474509600000003
2025-07-20 15:00:00,0.21,1.5397539999999998,13.5,0.0,0.47016129,1.3297539999999999,0.05,-0.0664877
2025-07-20 16:00:00,0.21,1.038423,13.5,0.0,0.63016129,0.8284230000000001,0.137,-0.11349395100000002
2025-07-20 17:00:00,0.759234674329502,0.840739,13.5,0.0,0.63016129,0.08150432567049803,0.32,-0.026081384214559373
2025-07-20 18:00:00,0.759234674329502,0.136571,12.877336325670498,0.0,0.63016129,0.0,0.358,0.0
2025-07-20 19:00:00,0.2,0.0,12.6773363256705,0.0,0.63016129,0.0,0.446,0.0
2025-07-20 20:00:00,0.93,0.0,11.7473363256705,0.0,0.63016129,0.0,0.276,0.0
2025-07-20 21:00:00,0.72,0.0,11.0273363256705,0.0,0.47016129,0.0,0.088,0.0
2025-07-20 22:00:00,1.82,0.0,9.207336325670498,0.0,0.47016129,0.0,0.08,0.0
2025-07-20 23:00:00,0.94,0.0,8.267336325670499,0.0,0.47016129,0.0,0.074,0.0
2025-07-21 00:00:00,0.88,0.0,7.387336325670499,0.0,0.42016129,0.0,0.075,0.0
2025-07-21 01:00:00,0.43,0.0,6.957336325670499,0.0,0.42016129,0.0,0.072,0.0
2025-07-21 02:00:00,0.66,0.0,6.297336325670499,0.0,0.42016129,0.0,0.068,0.0
2025-07-21 03:00:00,0.61,0.0,5.687336325670499,0.0,0.42016129,0.0,0.067,0.0
2025-07-21 04:00:00,0.55,0.0,5.137336325670499,0.0,0.42016129,0.0,0.066,0.0
2025-07-21 05:00:00,0.55,0.033927,4.621263325670499,0.0,0.42016129,0.0,0.067,0.0
2025-07-21 06:00:00,0.54,0.258021,4.3392843256705,0.0,0.42016129,0.0,0.071,0.0
2025-07-21 07:00:00,0.62,0.446137,4.1654213256705,0.0,0.42016129,0.0,0.065,0.0
2025-07-21 08:00:00,1.02,1.429949,4.5753703256705,0.0,0.42016129,0.0,0.06,0.0
2025-07-21 09:00:00,0.22,4.052511,8.4078813256705,0.0,0.42016129,0.0,0.052,0.0
2025-07-21 10:00:00,0.14,4.802545,13.0704263256705,0.0,0.42016129,0.0,0.055,0.0
2025-07-21 11:00:00,0.4934551282051282,5.237876,13.5,0.0,0.42016129,4.744420871794872,0.053,-0.2514543062051282
2025-07-21 12:00:00,0.3434551282051282,5.340624,13.5,0.0,0.42016129,4.997168871794872,0.053,-0.2648499502051282
2025-07-21 13:00:00,0.3134551282051282,5.149226,13.5,0.0,0.42016129,4.835770871794871,0.05,-0.24178854358974355
2025-07-21 14:00:00,0.14,4.581192,13.5,0.0,0.42016129,4.441192,0.046,-0.204294832
2025-07-21 15:00:00,0.27,3.678789,13.5,0.0,0.47016129,3.408789,0.05,-0.17043945000000002
2025-07-21 16:00:00,0.15,2.396628,13.5,0.0,0.63016129,2.2466280000000003,0.137,-0.30778803600000004
2025-07-21 17:00:00,1.7592346743295018,0.853058,12.5938233256705,0.0,0.63016129,0.0,0.32,0.0
2025-07-21 18:00:00,1.889234674329502,0.136047,10.840635651340996,0.0,0.63016129,0.0,0.358,0.0
2025-07-21 19:00:00,0.21,0.0,10.630635651340995,0.0,0.63016129,0.0,0.446,0.0
2025-07-21 20:00:00,0.2299999999999999,0.0,10.400635651340997,0.0,0.63016129,0.0,0.276,0.0
2025-07-21 21:00:00,0.24,0.0,10.160635651340996,0.0,0.47016129,0.0,0.088,0.0
2025-07-21 22:00:00,0.22,0.0,9.940635651340994,0.0,0.47016129,0.0,0.08,0.0
2025-07-21 23:00:00,0.2299999999999999,0.0,9.710635651340992,0.0,0.47016129,0.0,0.074,0.0
2025-07-22 00:00:00,0.2299999999999999,0.0,9.480635651340991,0.0,0.42016129,0.0,0.075,0.0
2025-07-22 01:00:00,0.22,0.0,9.260635651340992,0.0,0.42016129,0.0,0.072,0.0
2025-07-22 02:00:00,0.22,0.0,9.040635651340992,0.0,0.42016129,0.0,0.068,0.0
2025-07-22 03:00:00,0.22,0.0,8.820635651340991,0.0,0.42016129,0.0,0.067,0.0
2025-07-22 04:00:00,0.59,0.0,8.230635651340991,0.0,0.42016129,0.0,0.066,0.0
2025-07-22 05:00:00,0.55,0.0275429999999999,7.708178651340991,0.0,0.42016129,0.0,0.067,0.0
2025-07-22 06:00:00,0.95,0.249747,7.007925651340991,0.0,0.42016129,0.0,0.071,0.0
2025-07-22 07:00:00,0.8,1.0320619999999998,7.239987651340991,0.0,0.42016129,0.0,0.065,0.0
2025-07-22 08:00:00,0.39,3.017021,9.867008651340992,0.0,0.42016129,0.0,0.06,0.0
2025-07-22 09:00:00,0.52,4.096057,13.443065651340993,0.0,0.42016129,0.0,0.052,0.0
2025-07-22 10:00:00,0.22,4.844914,13.5,0.0,0.42016129,4.624914,0.055,-0.25437027
2025-07-22 11:00:00,0.4034551282051282,5.293957000000001,13.5,0.0,0.42016129,4.890501871794872,0.053,-0.2591965992051282
2025-07-22 12:00:00,0.4034551282051282,4.082498999999999,13.5,0.0,0.42016129,3.679043871794871,0.053,-0.19498932520512816
2025-07-22 13:00:00,0.4034551282051282,5.177379,13.5,0.0,0.42016129,4.773923871794872,0.05,-0.2386961935897436
2025-07-22 14:00:00,0.21,2.252266,13.5,0.0,0.42016129,2.042266,0.046,-0.093944236
2025-07-22 15:00:00,0.22,1.857619,13.5,0.0,0.47016129,1.637619,0.05,-0.08188095000000001
2025-07-22 16:00:00,0.21,1.193179,13.5,0.0,0.63016129,0.983179,0.137,-0.134695523
2025-07-22 17:00:00,1.629234674329502,0.858247,12.729012325670498,0.0,0.63016129,0.0,0.32,0.0
2025-07-22 18:00:00,2.5792346743295016,0.149598,10.299375651340997,0.0,0.63016129,0.0,0.358,0.0
2025-07-22 19:00:00,0.2299999999999999,0.0,10.069375651340996,0.0,0.63016129,0.0,0.446,0.0
2025-07-22 20:00:00,0.36,0.0,9.709375651340997,0.0,0.63016129,0.0,0.276,0.0
2025-07-22 21:00:00,0.26,0.0,9.449375651340995,0.0,0.47016129,0.0,0.088,0.0
2025-07-22 22:00:00,0.23,0.0,9.219375651340997,0.0,0.47016129,0.0,0.08,0.0
2025-07-22 23:00:00,0.22,0.0,8.999375651340996,0.0,0.47016129,0.0,0.074,0.0
2025-07-23 00:00:00,0.22,0.0,8.779375651340995,0.0,0.42016129,0.0,0.075,0.0
2025-07-23 01:00:00,0.22,0.0,8.559375651340995,0.0,0.42016129,0.0,0.072,0.0
2025-07-23 02:00:00,0.21,0.0,8.349375651340994,0.0,0.42016129,0.0,0.068,0.0
2025-07-23 03:00:00,0.21,0.0,8.139375651340993,0.0,0.42016129,0.0,0.067,0.0
2025-07-23 04:00:00,0.61,0.0,7.529375651340993,0.0,0.42016129,0.0,0.066,0.0
2025-07-23 05:00:00,0.55,0.03107,7.0104456513409925,0.0,0.42016129,0.0,0.067,0.0
2025-07-23 06:00:00,0.64,0.255584,6.626029651340993,0.0,0.42016129,0.0,0.071,0.0
2025-07-23 07:00:00,0.6900000000000001,0.86739,6.803419651340993,0.0,0.42016129,0.0,0.065,0.0
2025-07-23 08:00:00,0.24,1.669486,8.232905651340992,0.0,0.42016129,0.0,0.06,0.0
2025-07-23 09:00:00,0.24,4.157386000000001,12.150291651340993,0.0,0.42016129,0.0,0.052,0.0
2025-07-23 10:00:00,2.53,4.946897,13.5,0.0,0.42016129,2.416897,0.055,-0.132929335
2025-07-23 11:00:00,2.733455128205128,5.382761,13.5,0.0,0.42016129,2.6493058717948723,0.053,-0.14041321120512823
2025-07-23 12:00:00,2.733455128205128,4.050784,13.5,0.0,0.42016129,1.3173288717948721,0.053,-0.06981843020512822
2025-07-23 13:00:00,2.723455128205128,5.211551999999999,13.5,0.0,0.42016129,2.4880968717948715,0.05,-0.12440484358974357
2025-07-23 14:00:00,2.54,4.61042,13.5,0.0,0.42016129,2.0704200000000004,0.046,-0.09523932000000002
2025-07-23 15:00:00,0.22,3.679019,13.5,0.0,0.47016129,3.4590189999999996,0.05,-0.17295095
2025-07-23 16:00:00,0.24,2.3866799999999997,13.5,0.0,0.63016129,2.14668,0.137,-0.29409516
2025-07-23 17:00:00,0.7992346743295019,0.8442670000000001,13.5,0.0,0.63016129,0.0450323256704982,0.32,-0.014410344214559423
2025-07-23 18:00:00,0.8692346743295019,0.173985,12.8047503256705,0.0,0.63016129,0.0,0.358,0.0
2025-07-23 19:00:00,0.18,0.0,12.6247503256705,0.0,0.63016129,0.0,0.446,0.0
2025-07-23 20:00:00,0.27,0.0,12.3547503256705,0.0,0.63016129,0.0,0.276,0.0
2025-07-23 21:00:00,0.38,0.0,11.9747503256705,0.0,0.47016129,0.0,0.088,0.0
2025-07-23 22:00:00,0.57,0.0,11.4047503256705,0.0,0.47016129,0.0,0.08,0.0
2025-07-23 23:00:00,0.71,0.0,10.694750325670498,0.0,0.47016129,0.0,0.074,0.0
2025-07-24 00:00:00,0.22,0.0,10.474750325670495,0.0,0.42016129,0.0,0.075,0.0
2025-07-24 01:00:00,0.2299999999999999,0.0,10.244750325670497,0.0,0.42016129,0.0,0.072,0.0
2025-07-24 02:00:00,0.21,0.0,10.034750325670496,0.0,0.42016129,0.0,0.068,0.0
2025-07-24 03:00:00,0.22,0.0,9.814750325670497,0.0,0.42016129,0.0,0.067,0.0
2025-07-24 04:00:00,0.21,0.0,9.604750325670494,0.0,0.42016129,0.0,0.066,0.0
2025-07-24 05:00:00,0.22,0.031545,9.416295325670497,0.0,0.42016129,0.0,0.067,0.0
2025-07-24 06:00:00,0.22,0.403872,9.600167325670494,0.0,0.42016129,0.0,0.071,0.0
2025-07-24 07:00:00,0.37,0.398231,9.628398325670494,0.0,0.42016129,0.0,0.065,0.0
2025-07-24 08:00:00,0.21,0.731346,10.149744325670492,0.0,0.42016129,0.0,0.06,0.0
2025-07-24 09:00:00,0.21,1.28271,11.222454325670494,0.0,0.42016129,0.0,0.052,0.0
2025-07-24 10:00:00,0.22,1.498037,12.500491325670492,0.0,0.42016129,0.0,0.055,0.0
2025-07-24 11:00:00,0.5101826923076923,2.0239670000000003,13.5,0.0,0.42016129,1.5137843076923079,0.053,-0.08023056830769232
2025-07-24 12:00:00,0.5101826923076923,2.291716,13.5,0.0,0.42016129,1.7815333076923077,0.053,-0.0944212653076923
2025-07-24 13:00:00,0.5001826923076924,3.316179,13.5,0.0,0.42016129,2.8159963076923074,0.05,-0.14079981538461536
2025-07-24 14:00:00,0.21,3.454484,13.5,0.0,0.42016129,3.244484,0.046,-0.149246264
2025-07-24 15:00:00,0.22,2.740985,13.5,0.0,0.47016129,2.5209849999999996,0.05,-0.12604924999999997
2025-07-24 16:00:00,0.22,1.825702,13.5,0.0,0.63016129,1.605702,0.137,-0.219981174
2025-07-24 17:00:00,1.093852011494253,0.852583,13.258730988505746,0.0,0.63016129,0.0,0.32,0.0
2025-07-24 18:00:00,3.7238520114942526,0.194436,9.729314977011494,0.0,0.63016129,0.0,0.358,0.0
2025-07-24 19:00:00,0.21,0.0,9.519314977011494,0.0,0.63016129,0.0,0.446,0.0
2025-07-24 20:00:00,0.21,0.0,9.309314977011493,0.0,0.63016129,0.0,0.276,0.0
2025-07-24 21:00:00,0.29,0.0,9.019314977011494,0.0,0.47016129,0.0,0.088,0.0
2025-07-24 22:00:00,0.12,0.0,8.899314977011494,0.0,0.47016129,0.0,0.08,0.0
2025-07-24 23:00:00,0.1,0.0,8.799314977011495,0.0,0.47016129,0.0,0.074,0.0
2025-07-25 00:00:00,0.11,0.0,8.689314977011495,0.0,0.42016129,0.0,0.075,0.0
2025-07-25 01:00:00,0.1,0.0,8.589314977011496,0.0,0.42016129,0.0,0.072,0.0
2025-07-25 02:00:00,0.11,0.0,8.479314977011496,0.0,0.42016129,0.0,0.068,0.0
2025-07-25 03:00:00,0.09,0.0,8.389314977011496,0.0,0.42016129,0.0,0.067,0.0
2025-07-25 04:00:00,0.1,0.0,8.289314977011497,0.0,0.42016129,0.0,0.066,0.0
2025-07-25 05:00:00,0.1,0.035071,8.224385977011497,0.0,0.42016129,0.0,0.067,0.0
2025-07-25 06:00:00,0.11,0.30307,8.417455977011498,0.0,0.42016129,0.0,0.071,0.0
2025-07-25 07:00:00,0.12,0.399615,8.697070977011498,0.0,0.42016129,0.0,0.065,0.0
2025-07-25 08:00:00,0.44,0.728194,8.985264977011498,0.0,0.42016129,0.0,0.06,0.0
2025-07-25 09:00:00,0.12,1.423683,10.288947977011498,0.0,0.42016129,0.0,0.052,0.0
2025-07-25 10:00:00,2.4099999999999997,1.947829,9.826776977011498,0.0,0.42016129,0.0,0.055,0.0
2025-07-25 11:00:00,2.710182692307692,2.225073,9.341667284703806,0.0,0.42016129,0.0,0.053,0.0
2025-07-25 12:00:00,2.710182692307692,2.9420729999999997,9.573557592396114,0.0,0.42016129,0.0,0.053,0.0
2025-07-25 13:00:00,2.690182692307692,2.712543,9.595917900088422,0.0,0.42016129,0.0,0.05,0.0
2025-07-25 14:00:00,2.42,1.6372719999999998,8.813189900088421,0.0,0.42016129,0.0,0.046,0.0
2025-07-25 15:00:00,0.12,1.329759,10.02294890008842,0.0,0.47016129,0.0,0.05,0.0
2025-07-25 16:00:00,0.11,0.745165,10.658113900088422,0.0,0.63016129,0.0,0.137,0.0
2025-07-25 17:00:00,0.9538520114942528,0.4443229999999999,10.148584888594169,0.0,0.63016129,0.0,0.32,0.0
2025-07-25 18:00:00,1.313852011494253,0.1640569999999999,8.998789877099915,0.0,0.63016129,0.0,0.358,0.0
2025-07-25 19:00:00,0.28,0.0,8.718789877099915,0.0,0.63016129,0.0,0.446,0.0
2025-07-25 20:00:00,0.25,0.0,8.468789877099915,0.0,0.63016129,0.0,0.276,0.0
2025-07-25 21:00:00,0.12,0.0,8.348789877099916,0.0,0.47016129,0.0,0.088,0.0
2025-07-25 22:00:00,0.12,0.0,8.228789877099917,0.0,0.47016129,0.0,0.08,0.0
2025-07-25 23:00:00,0.1,0.0,8.128789877099917,0.0,0.47016129,0.0,0.074,0.0
2025-07-26 00:00:00,0.11,0.0,8.018789877099918,0.0,0.42016129,0.0,0.075,0.0
2025-07-26 01:00:00,0.1,0.0,7.918789877099918,0.0,0.42016129,0.0,0.072,0.0
2025-07-26 02:00:00,0.1,0.0,7.818789877099919,0.0,0.42016129,0.0,0.068,0.0
2025-07-26 03:00:00,0.1,0.0,7.718789877099919,0.0,0.42016129,0.0,0.067,0.0
2025-07-26 04:00:00,0.09,0.0,7.628789877099919,0.0,0.42016129,0.0,0.066,0.0
2025-07-26 05:00:00,0.51,0.032374,7.151163877099919,0.0,0.42016129,0.0,0.067,0.0
2025-07-26 06:00:00,0.3999999999999999,0.084224,6.83538787709992,0.0,0.42016129,0.0,0.071,0.0
2025-07-26 07:00:00,0.52,0.430363,6.74575087709992,0.0,0.42016129,0.0,0.065,0.0
2025-07-26 08:00:00,0.6200000000000001,0.7061280000000001,6.8318788770999195,0.0,0.42016129,0.0,0.06,0.0
2025-07-26 09:00:00,0.29,1.1379780000000002,7.67985687709992,0.0,0.42016129,0.0,0.052,0.0
2025-07-26 10:00:00,2.55,1.988005,7.11786187709992,0.0,0.42016129,0.0,0.055,0.0
2025-07-26 11:00:00,2.8301826923076923,2.728735,7.016414184792228,0.0,0.42016129,0.0,0.053,0.0
2025-07-26 12:00:00,2.8301826923076923,2.776126,6.962357492484536,0.0,0.42016129,0.0,0.053,0.0
2025-07-26 13:00:00,3.090182692307692,2.459705,6.331879800176844,0.0,0.42016129,0.0,0.05,0.0
2025-07-26 14:00:00,2.54,1.746002,5.5378818001768435,0.0,0.42016129,0.0,0.046,0.0
2025-07-26 15:00:00,0.13,1.864807,7.2726888001768435,0.0,0.47016129,0.0,0.05,0.0
2025-07-26 16:00:00,0.13,0.929077,8.071765800176843,0.0,0.63016129,0.0,0.137,0.0
2025-07-26 17:00:00,3.003852011494253,0.419235,5.487148788682591,0.0,0.63016129,0.0,0.32,0.0
2025-07-26 18:00:00,1.7538520114942528,0.179579,3.912875777188338,0.0,0.63016129,0.0,0.358,0.0
2025-07-26 19:00:00,0.12,0.0,3.7928757771883377,0.0,0.63016129,0.0,0.446,0.0
2025-07-26 20:00:00,0.53,0.0,3.262875777188338,0.0,0.63016129,0.0,0.276,0.0
2025-07-26 21:00:00,0.77,0.0,2.492875777188338,0.0,0.47016129,0.0,0.088,0.0
2025-07-26 22:00:00,0.44,0.0,2.052875777188338,0.0,0.47016129,0.0,0.08,0.0
2025-07-26 23:00:00,0.11,0.0,1.9428757771883376,0.0,0.47016129,0.0,0.074,0.0
2025-07-27 00:00:00,0.11,0.0,1.8328757771883375,0.0,0.42016129,0.0,0.075,0.0
2025-07-27 01:00:00,0.11,0.0,1.7228757771883376,0.0,0.42016129,0.0,0.072,0.0
2025-07-27 02:00:00,0.11,0.0,1.6128757771883375,0.0,0.42016129,0.0,0.068,0.0
2025-07-27 03:00:00,0.1,0.0,1.5128757771883374,0.0,0.42016129,0.0,0.067,0.0
2025-07-27 04:00:00,0.1,0.0,1.4128757771883371,0.0,0.42016129,0.0,0.066,0.0
2025-07-27 05:00:00,0.11,0.029172,1.3320477771883374,0.0,0.42016129,0.0,0.067,0.0
2025-07-27 06:00:00,0.11,0.283797,1.5058447771883374,0.0,0.42016129,0.0,0.071,0.0
2025-07-27 07:00:00,2.61,0.362398,0.0,0.7417572228116622,0.42016129,0.0,0.065,0.31165767160336544
2025-07-27 08:00:00,1.95,0.808766,0.0,1.1412339999999999,0.42016129,0.0,0.06,0.47950234963185995
2025-07-27 09:00:00,0.19,1.629668,1.439668,0.0,0.42016129,0.0,0.052,0.0
2025-07-27 10:00:00,2.53,2.087738,0.997406,0.0,0.42016129,0.0,0.055,0.0
2025-07-27 11:00:00,2.9301826923076923,2.651846,0.7190693076923076,0.0,0.42016129,0.0,0.053,0.0
2025-07-27 12:00:00,2.7601826923076924,3.488683,1.4475696153846151,0.0,0.42016129,0.0,0.053,0.0
2025-07-27 13:00:00,2.740182692307692,3.801628,2.509014923076923,0.0,0.42016129,0.0,0.05,0.0
2025-07-27 14:00:00,2.4099999999999997,3.001944,3.1009589230769232,0.0,0.42016129,0.0,0.046,0.0
2025-07-27 15:00:00,0.14,2.045835,5.006793923076923,0.0,0.47016129,0.0,0.05,0.0
2025-07-27 16:00:00,0.24,0.98005,5.7468439230769235,0.0,0.63016129,0.0,0.137,0.0
2025-07-27 17:00:00,0.9738520114942528,0.5868300000000001,5.359821911582671,0.0,0.63016129,0.0,0.32,0.0
2025-07-27 18:00:00,3.2738520114942533,0.157806,2.2437759000884174,0.0,0.63016129,0.0,0.358,0.0
2025-07-27 19:00:00,0.16,0.0,2.0837759000884173,0.0,0.63016129,0.0,0.446,0.0
2025-07-27 20:00:00,0.14,0.0,1.9437759000884172,0.0,0.63016129,0.0,0.276,0.0
2025-07-27 21:00:00,0.12,0.0,1.823775900088417,0.0,0.47016129,0.0,0.088,0.0
2025-07-27 22:00:00,0.12,0.0,1.703775900088417,0.0,0.47016129,0.0,0.08,0.0
2025-07-27 23:00:00,0.1,0.0,1.6037759000884169,0.0,0.47016129,0.0,0.074,0.0
2025-07-28 00:00:00,0.11,0.0,1.4937759000884168,0.0,0.42016129,0.0,0.075,0.0
2025-07-28 01:00:00,0.11,0.0,1.3837759000884169,0.0,0.42016129,0.0,0.072,0.0
2025-07-28 02:00:00,0.11,0.0,1.2737759000884166,0.0,0.42016129,0.0,0.068,0.0
2025-07-28 03:00:00,0.11,0.0,1.1637759000884165,0.0,0.42016129,0.0,0.067,0.0
2025-07-28 04:00:00,0.11,0.0,1.0537759000884164,0.0,0.42016129,0.0,0.066,0.0
2025-07-28 05:00:00,0.11,0.025986,0.9697619000884165,0.0,0.42016129,0.0,0.067,0.0
2025-07-28 06:00:00,0.51,0.269659,0.7294209000884163,0.0,0.42016129,0.0,0.071,0.0
2025-07-28 07:00:00,0.63,0.636126,0.7355469000884163,0.0,0.42016129,0.0,0.065,0.0
2025-07-28 08:00:00,0.8200000000000001,1.1501880000000002,1.0657349000884164,0.0,0.42016129,0.0,0.06,0.0
2025-07-28 09:00:00,0.78,1.434382,1.7201169000884164,0.0,0.42016129,0.0,0.052,0.0
2025-07-28 10:00:00,0.25,1.972917,3.443033900088416,0.0,0.42016129,0.0,0.055,0.0
2025-07-28 11:00:00,0.7106666666666668,3.246348,5.978715233421749,0.0,0.42016129,0.0,0.053,0.0
2025-07-28 12:00:00,0.5606666666666668,5.682118999999999,11.10016756675508,0.0,0.42016129,0.0,0.053,0.0
2025-07-28 13:00:00,0.5106666666666667,5.458453,13.5,0.0,0.42016129,4.947786333333334,0.05,-0.24738931666666672
2025-07-28 14:00:00,0.16,4.856425,13.5,0.0,0.42016129,4.696425,0.046,-0.21603555
2025-07-28 15:00:00,0.26,3.874858,13.5,0.0,0.47016129,3.614858,0.05,-0.1807429
2025-07-28 16:00:00,0.22,2.521571,13.5,0.0,0.63016129,2.3015709999999996,0.137,-0.315315227
2025-07-28 17:00:00,1.2691340996168583,0.6831090000000001,12.913974900383142,0.0,0.63016129,0.0,0.32,0.0
2025-07-28 18:00:00,1.3391340996168584,0.148244,11.723084800766284,0.0,0.63016129,0.0,0.358,0.0
2025-07-28 19:00:00,0.16,0.0,11.563084800766283,0.0,0.63016129,0.0,0.446,0.0
2025-07-28 20:00:00,0.17,0.0,11.393084800766283,0.0,0.63016129,0.0,0.276,0.0
2025-07-28 21:00:00,0.15,0.0,11.243084800766283,0.0,0.47016129,0.0,0.088,0.0
2025-07-28 22:00:00,0.16,0.0,11.083084800766285,0.0,0.47016129,0.0,0.08,0.0
2025-07-28 23:00:00,0.11,0.0,10.973084800766284,0.0,0.47016129,0.0,0.074,0.0
2025-07-29 00:00:00,0.11,0.0,10.863084800766284,0.0,0.42016129,0.0,0.075,0.0
2025-07-29 01:00:00,0.11,0.0,10.753084800766285,0.0,0.42016129,0.0,0.072,0.0
2025-07-29 02:00:00,0.11,0.0,10.643084800766283,0.0,0.42016129,0.0,0.068,0.0
2025-07-29 03:00:00,0.11,0.0,10.533084800766286,0.0,0.42016129,0.0,0.067,0.0
2025-07-29 04:00:00,0.11,0.0,10.423084800766286,0.0,0.42016129,0.0,0.066,0.0
2025-07-29 05:00:00,0.12,0.022841,10.325925800766289,0.0,0.42016129,0.0,0.067,0.0
2025-07-29 06:00:00,0.11,0.271946,10.487871800766287,0.0,0.42016129,0.0,0.071,0.0
2025-07-29 07:00:00,0.13,0.682417,11.040288800766287,0.0,0.42016129,0.0,0.065,0.0
2025-07-29 08:00:00,0.55,1.141154,11.631442800766289,0.0,0.42016129,0.0,0.06,0.0
2025-07-29 09:00:00,0.61,1.640548,12.661990800766286,0.0,0.42016129,0.0,0.052,0.0
2025-07-29 10:00:00,0.1,2.298859,13.5,0.0,0.42016129,2.198859,0.055,-0.12093724500000001
2025-07-29 11:00:00,0.4906666666666667,5.601833,13.5,0.0,0.42016129,5.111166333333333,0.053,-0.27089181566666665
2025-07-29 12:00:00,0.4906666666666667,5.682323,13.5,0.0,0.42016129,5.191656333333333,0.053,-0.27515778566666665
2025-07-29 13:00:00,0.6006666666666667,5.414145,13.5,0.0,0.42016129,4.813478333333334,0.05,-0.2406739166666667
2025-07-29 14:00:00,0.14,2.66228,13.5,0.0,0.42016129,2.52228,0.046,-0.11602488
2025-07-29 15:00:00,0.12,3.827486,13.5,0.0,0.47016129,3.707486,0.05,-0.1853743
2025-07-29 16:00:00,0.11,2.50257,13.5,0.0,0.63016129,2.39257,0.137,-0.32778209
2025-07-29 17:00:00,1.2291340996168585,0.7730370000000001,13.04390290038314,0.0,0.63016129,0.0,0.32,0.0
2025-07-29 18:00:00,3.539134099616858,0.159135,9.663903800766285,0.0,0.63016129,0.0,0.358,0.0
2025-07-29 19:00:00,0.12,0.0,9.543903800766284,0.0,0.63016129,0.0,0.446,0.0
2025-07-29 20:00:00,0.15,0.0,9.393903800766283,0.0,0.63016129,0.0,0.276,0.0
2025-07-29 21:00:00,0.14,0.0,9.253903800766285,0.0,0.47016129,0.0,0.088,0.0
2025-07-29 22:00:00,0.14,0.0,9.113903800766282,0.0,0.47016129,0.0,0.08,0.0
2025-07-29 23:00:00,0.11,0.0,9.003903800766283,0.0,0.47016129,0.0,0.074,0.0
2025-07-30 00:00:00,0.1,0.0,8.903903800766283,0.0,0.42016129,0.0,0.075,0.0
2025-07-30 01:00:00,0.11,0.0,8.793903800766284,0.0,0.42016129,0.0,0.072,0.0
2025-07-30 02:00:00,0.11,0.0,8.683903800766284,0.0,0.42016129,0.0,0.068,0.0
2025-07-30 03:00:00,0.09,0.0,8.593903800766284,0.0,0.42016129,0.0,0.067,0.0
2025-07-30 04:00:00,0.1,0.0,8.493903800766285,0.0,0.42016129,0.0,0.066,0.0
2025-07-30 05:00:00,0.09,0.0,8.403903800766285,0.0,0.42016129,0.0,0.067,0.0
2025-07-30 06:00:00,0.12,0.286947,8.570850800766285,0.0,0.42016129,0.0,0.071,0.0
2025-07-30 07:00:00,0.12,0.969683,9.420533800766286,0.0,0.42016129,0.0,0.065,0.0
2025-07-30 08:00:00,0.55,2.347241,11.217774800766286,0.0,0.42016129,0.0,0.06,0.0
2025-07-30 09:00:00,0.15,4.299347,13.5,0.0,0.42016129,4.149347,0.052,-0.21576604399999996
2025-07-30 10:00:00,2.44,5.055953000000001,13.5,0.0,0.42016129,2.6159530000000006,0.055,-0.14387741500000004
2025-07-30 11:00:00,2.8406666666666665,5.504212000000001,13.5,0.0,0.42016129,2.6635453333333343,0.053,-0.1411679026666667
2025-07-30 12:00:00,3.0206666666666666,5.607964,13.5,0.0,0.42016129,2.5872973333333333,0.053,-0.13712675866666665
2025-07-30 13:00:00,2.9806666666666666,5.37845,13.5,0.0,0.42016129,2.3977833333333334,0.05,-0.11988916666666667
2025-07-30 14:00:00,2.48,4.784764,13.5,0.0,0.42016129,2.304764,0.046,-0.106019144
2025-07-30 15:00:00,0.15,3.818177,13.5,0.0,0.47016129,3.668177,0.05,-0.18340885
2025-07-30 16:00:00,0.29,2.494252,13.5,0.0,0.63016129,2.204252,0.137,-0.30198252400000003
2025-07-30 17:00:00,1.2491340996168585,0.779282,13.030147900383142,0.0,0.63016129,0.0,0.32,0.0
2025-07-30 18:00:00,1.3691340996168584,0.168746,11.829759800766285,0.0,0.63016129,0.0,0.358,0.0
2025-07-30 19:00:00,0.13,0.0,11.699759800766282,0.0,0.63016129,0.0,0.446,0.0
2025-07-30 20:00:00,0.4,0.0,11.299759800766282,0.0,0.63016129,0.0,0.276,0.0
2025-07-30 21:00:00,0.22,0.0,11.07975980076628,0.0,0.47016129,0.0,0.088,0.0
2025-07-30 22:00:00,1.45,0.0,9.629759800766282,0.0,0.47016129,0.0,0.08,0.0
2025-07-30 23:00:00,0.11,0.0,9.519759800766282,0.0,0.47016129,0.0,0.074,0.0
2025-07-31 00:00:00,0.62,0.0,8.899759800766283,0.0,0.42016129,0.0,0.075,0.0
2025-07-31 01:00:00,0.63,0.0,8.269759800766282,0.0,0.42016129,0.0,0.072,0.0
2025-07-31 02:00:00,0.5800000000000001,0.0,7.689759800766282,0.0,0.42016129,0.0,0.068,0.0
2025-07-31 03:00:00,0.11,0.0,7.579759800766282,0.0,0.42016129,0.0,0.067,0.0
2025-07-31 04:00:00,0.53,0.0,7.049759800766282,0.0,0.42016129,0.0,0.066,0.0
2025-07-31 05:00:00,0.58,0.020477,6.490236800766281,0.0,0.42016129,0.0,0.067,0.0
2025-07-31 06:00:00,0.12,0.3136429999999999,6.683879800766281,0.0,0.42016129,0.0,0.071,0.0
2025-07-31 07:00:00,0.7100000000000001,0.8316079999999999,6.805487800766281,0.0,0.42016129,0.0,0.065,0.0
2025-07-31 08:00:00,0.35,1.346126,7.801613800766281,0.0,0.42016129,0.0,0.06,0.0
2025-07-31 09:00:00,0.53,1.517856,8.789469800766282,0.0,0.42016129,0.0,0.052,0.0
2025-07-31 10:00:00,0.7,2.910446,10.99991580076628,0.0,0.42016129,0.0,0.055,0.0
2025-07-31 11:00:00,1.246,3.658263,13.41217880076628,0.0,0.42016129,0.0,0.053,0.0
2025-07-31 12:00:00,0.976,3.027979,13.5,0.0,0.42016129,2.051979,0.053,-0.10875488700000001
2025-07-31 13:00:00,1.166,3.586806,13.5,0.0,0.42016129,2.4208060000000002,0.05,-0.12104030000000002
2025-07-31 14:00:00,0.16,2.454991,13.5,0.0,0.42016129,2.294991,0.046,-0.10556958599999999
2025-07-31 15:00:00,0.16,2.366989,13.5,0.0,0.47016129,2.2069889999999996,0.05,-0.11034944999999999
2025-07-31 16:00:00,0.13,1.082385,13.5,0.0,0.63016129,0.9523849999999999,0.137,-0.130476745
2025-07-31 17:00:00,1.8037011494252877,0.5219980000000001,12.218296850574712,0.0,0.63016129,0.0,0.32,0.0
2025-07-31 18:00:00,1.9437011494252876,0.165562,10.440157701149426,0.0,0.63016129,0.0,0.358,0.0
2025-07-31 19:00:00,0.13,0.0,10.310157701149423,0.0,0.63016129,0.0,0.446,0.0
2025-07-31 20:00:00,0.2,0.0,10.110157701149426,0.0,0.63016129,0.0,0.276,0.0
2025-07-31 21:00:00,0.12,0.0,9.990157701149426,0.0,0.47016129,0.0,0.088,0.0
2025-07-31 22:00:00,0.97,0.0,9.020157701149426,0.0,0.47016129,0.0,0.08,0.0
2025-07-31 23:00:00,0.5,0.0,8.520157701149426,0.0,0.47016129,0.0,0.074,0.0
2025-07-31 23:59:59,0.1,0.0,8.520157701149426,0.1,150.0,0.0,0.0,15.0
2025-08-01 00:00:00,0.71,0.0,7.810157701149426,0.0,0.42016129,0.0,0.086,0.0
2025-08-01 01:00:00,0.64,0.0,7.170157701149426,0.0,0.42016129,0.0,0.088,0.0
2025-08-01 02:00:00,0.22,0.0,6.950157701149426,0.0,0.42016129,0.0,0.085,0.0
2025-08-01 03:00:00,0.64,0.0,6.310157701149427,0.0,0.42016129,0.0,0.08,0.0
2025-08-01 04:00:00,0.62,0.0,5.690157701149427,0.0,0.42016129,0.0,0.08,0.0
2025-08-01 05:00:00,0.22,0.021042,5.4911997011494265,0.0,0.42016129,0.0,0.081,0.0
2025-08-01 06:00:00,0.58,0.27995,5.191149701149427,0.0,0.42016129,0.0,0.079,0.0
2025-08-01 07:00:00,0.33,0.46863,5.329779701149427,0.0,0.42016129,0.0,0.069,0.0
2025-08-01 08:00:00,0.16,0.96522,6.134999701149427,0.0,0.42016129,0.0,0.064,0.0
2025-08-01 09:00:00,0.6900000000000001,1.373704,6.818703701149427,0.0,0.42016129,0.0,0.063,0.0
2025-08-01 10:00:00,2.53,2.605028,6.893731701149427,0.0,0.42016129,0.0,0.063,0.0
2025-08-01 11:00:00,3.066,3.624625,7.452356701149427,0.0,0.42016129,0.0,0.062,0.0
2025-08-01 12:00:00,3.1159999999999997,5.696532,10.032888701149428,0.0,0.42016129,0.0,0.061,0.0
2025-08-01 13:00:00,3.006,5.451072,12.477960701149428,0.0,0.42016129,0.0,0.062,0.0
2025-08-01 14:00:00,2.44,4.825468,13.5,0.0,0.42016129,2.385468,0.063,-0.150284484
2025-08-01 15:00:00,0.15,3.85872,13.5,0.0,0.47016129,3.70872,0.066,-0.24477552000000002
2025-08-01 16:00:00,0.14,1.405801,13.5,0.0,0.63016129,1.2658010000000002,0.157,-0.19873075700000004
2025-08-01 17:00:00,1.8237011494252875,0.56368,12.239978850574712,0.0,0.63016129,0.0,0.825,0.0
2025-08-01 18:00:00,2.0337011494252875,0.140474,10.346751701149424,0.0,0.63016129,0.0,0.933,0.0
2025-08-01 19:00:00,0.16,0.0,10.186751701149424,0.0,0.63016129,0.0,1.034,0.0
2025-08-01 20:00:00,0.48,0.0,9.706751701149424,0.0,0.63016129,0.0,0.989,0.0
2025-08-01 21:00:00,0.22,0.0,9.486751701149425,0.0,0.47016129,0.0,0.72,0.0
2025-08-01 22:00:00,0.11,0.0,9.376751701149423,0.0,0.47016129,0.0,0.7,0.0
2025-08-01 23:00:00,0.5700000000000001,0.0,8.806751701149423,0.0,0.47016129,0.0,0.088,0.0
2025-08-02 00:00:00,0.13,0.0,8.676751701149422,0.0,0.42016129,0.0,0.086,0.0
2025-08-02 01:00:00,0.5,0.0,8.176751701149422,0.0,0.42016129,0.0,0.088,0.0
2025-08-02 02:00:00,0.1,0.0,8.076751701149423,0.0,0.42016129,0.0,0.085,0.0
2025-08-02 03:00:00,0.47,0.0,7.606751701149423,0.0,0.42016129,0.0,0.08,0.0
2025-08-02 04:00:00,0.52,0.0,7.0867517011494225,0.0,0.42016129,0.0,0.08,0.0
2025-08-02 05:00:00,0.2,0.034321,6.921072701149423,0.0,0.42016129,0.0,0.081,0.0
2025-08-02 06:00:00,0.76,0.276945,6.438017701149422,0.0,0.42016129,0.0,0.079,0.0
2025-08-02 07:00:00,1.53,0.518423,5.4264407011494225,0.0,0.42016129,0.0,0.069,0.0
2025-08-02 08:00:00,0.2,0.8704500000000001,6.096890701149422,0.0,0.42016129,0.0,0.064,0.0
2025-08-02 09:00:00,0.5900000000000001,1.776141,7.283031701149422,0.0,0.42016129,0.0,0.063,0.0
2025-08-02 10:00:00,2.44,3.096145,7.939176701149423,0.0,0.42016129,0.0,0.063,0.0
2025-08-02 11:00:00,3.9573653846153847,3.429621,7.411432316534038,0.0,0.42016129,0.0,0.062,0.0
2025-08-02 12:00:00,2.8773653846153846,5.557894,10.091960931918653,0.0,0.42016129,0.0,0.061,0.0
2025-08-02 13:00:00,3.1573653846153844,5.347112,12.281707547303268,0.0,0.42016129,0.0,0.062,0.0
2025-08-02 14:00:00,3.07,3.523787,12.735494547303269,0.0,0.42016129,0.0,0.063,0.0
2025-08-02 15:00:00,0.13,2.508347,13.5,0.0,0.47016129,2.378347,0.066,-0.15697090200000002
2025-08-02 16:00:00,0.12,1.446442,13.5,0.0,0.63016129,1.3264420000000001,0.157,-0.208251394
2025-08-02 17:00:00,0.935853448275862,0.559714,13.12386055172414,0.0,0.63016129,0.0,0.825,0.0
2025-08-02 18:00:00,1.1058534482758622,0.145449,12.163456103448278,0.0,0.63016129,0.0,0.933,0.0
2025-08-02 19:00:00,0.16,0.0,12.003456103448276,0.0,0.63016129,0.0,1.034,0.0
2025-08-02 20:00:00,0.17,0.0,11.833456103448276,0.0,0.63016129,0.0,0.989,0.0
2025-08-02 21:00:00,0.16,0.0,11.673456103448276,0.0,0.47016129,0.0,0.72,0.0
2025-08-02 22:00:00,0.24,0.0,11.433456103448275,0.0,0.47016129,0.0,0.7,0.0
2025-08-02 23:00:00,0.12,0.0,11.313456103448278,0.0,0.47016129,0.0,0.088,0.0
2025-08-03 00:00:00,0.11,0.0,11.203456103448278,0.0,0.42016129,0.0,0.086,0.0
2025-08-03 01:00:00,0.11,0.0,11.09345610344828,0.0,0.42016129,0.0,0.088,0.0
2025-08-03 02:00:00,0.53,0.0,10.56345610344828,0.0,0.42016129,0.0,0.085,0.0
2025-08-03 03:00:00,0.6200000000000001,0.0,9.94345610344828,0.0,0.42016129,0.0,0.08,0.0
2025-08-03 04:00:00,0.55,0.0,9.39345610344828,0.0,0.42016129,0.0,0.08,0.0
2025-08-03 05:00:00,0.49,0.027538,8.93099410344828,0.0,0.42016129,0.0,0.081,0.0
2025-08-03 06:00:00,0.11,0.294099,9.11509310344828,0.0,0.42016129,0.0,0.079,0.0
2025-08-03 07:00:00,1.36,0.5228809999999999,8.27797410344828,0.0,0.42016129,0.0,0.069,0.0
2025-08-03 08:00:00,0.9,1.102333,8.480307103448279,0.0,0.42016129,0.0,0.064,0.0
2025-08-03 09:00:00,0.13,1.806003,10.15631010344828,0.0,0.42016129,0.0,0.063,0.0
2025-08-03 10:00:00,2.65,3.062891,10.56920110344828,0.0,0.42016129,0.0,0.063,0.0
2025-08-03 11:00:00,5.457365384615384,3.538324,8.650159718832896,0.0,0.42016129,0.0,0.062,0.0
2025-08-03 12:00:00,3.207365384615384,5.595219,11.038013334217512,0.0,0.42016129,0.0,0.061,0.0
2025-08-03 13:00:00,2.9173653846153846,4.07054,12.191187949602128,0.0,0.42016129,0.0,0.062,0.0
2025-08-03 14:00:00,2.8099999999999996,3.626575,13.007762949602128,0.0,0.42016129,0.0,0.063,0.0
2025-08-03 15:00:00,0.43,2.774714,13.5,0.0,0.47016129,2.3447139999999997,0.066,-0.154751124
2025-08-03 16:00:00,0.49,1.427555,13.5,0.0,0.63016129,0.9375549999999999,0.157,-0.14719613499999998
2025-08-03 17:00:00,1.205853448275862,0.703591,12.997737551724136,0.0,0.63016129,0.0,0.825,0.0
2025-08-03 18:00:00,1.1358534482758622,0.1387179999999999,12.000602103448276,0.0,0.63016129,0.0,0.933,0.0
2025-08-03 19:00:00,0.19,0.0,11.810602103448277,0.0,0.63016129,0.0,1.034,0.0
2025-08-03 20:00:00,0.27,0.0,11.540602103448276,0.0,0.63016129,0.0,0.989,0.0
2025-08-03 21:00:00,0.26,0.0,11.280602103448276,0.0,0.47016129,0.0,0.72,0.0
2025-08-03 22:00:00,0.64,0.0,10.640602103448275,0.0,0.47016129,0.0,0.7,0.0
2025-08-03 23:00:00,0.66,0.0,9.980602103448277,0.0,0.47016129,0.0,0.088,0.0
2025-08-04 00:00:00,0.59,0.0,9.390602103448275,0.0,0.42016129,0.0,0.086,0.0
2025-08-04 01:00:00,0.1399999999999999,0.0,9.250602103448276,0.0,0.42016129,0.0,0.088,0.0
2025-08-04 02:00:00,0.64,0.0,8.610602103448274,0.0,0.42016129,0.0,0.085,0.0
2025-08-04 03:00:00,0.7200000000000001,0.0,7.890602103448274,0.0,0.42016129,0.0,0.08,0.0
2025-08-04 04:00:00,0.59,0.0,7.300602103448274,0.0,0.42016129,0.0,0.08,0.0
2025-08-04 05:00:00,0.59,0.0141039999999999,6.724706103448274,0.0,0.42016129,0.0,0.081,0.0
2025-08-04 06:00:00,0.29,0.374315,6.809021103448274,0.0,0.42016129,0.0,0.079,0.0
2025-08-04 07:00:00,0.18,0.892351,7.521372103448274,0.0,0.42016129,0.0,0.069,0.0
2025-08-04 08:00:00,0.48,1.448034,8.489406103448275,0.0,0.42016129,0.0,0.064,0.0
2025-08-04 09:00:00,0.16,2.107714,10.437120103448274,0.0,0.42016129,0.0,0.063,0.0
2025-08-04 10:00:00,0.12,3.629617,13.5,0.0,0.42016129,3.509617,0.063,-0.221105871
2025-08-04 11:00:00,0.3973653846153847,3.970067,13.5,0.0,0.42016129,3.572701615384615,0.062,-0.22150750015384613
2025-08-04 12:00:00,0.4073653846153847,5.569946,13.5,0.0,0.42016129,5.162580615384615,0.061,-0.31491741753846153
2025-08-04 13:00:00,0.5273653846153847,3.556287,13.5,0.0,0.42016129,3.0289216153846157,0.062,-0.18779314015384618
2025-08-04 14:00:00,0.69,3.0415590000000003,13.5,0.0,0.42016129,2.3515590000000004,0.063,-0.14814821700000003
2025-08-04 15:00:00,0.61,1.455339,13.5,0.0,0.47016129,0.845339,0.066,-0.055792374
2025-08-04 16:00:00,0.15,0.796362,13.5,0.0,0.63016129,0.646362,0.157,-0.101478834
2025-08-04 17:00:00,1.045853448275862,0.464921,12.919067551724138,0.0,0.63016129,0.0,0.825,0.0
2025-08-04 18:00:00,3.2258534482758625,0.149833,9.843047103448276,0.0,0.63016129,0.0,0.933,0.0
2025-08-04 19:00:00,0.42,0.0,9.423047103448276,0.0,0.63016129,0.0,1.034,0.0
2025-08-04 20:00:00,0.27,0.0,9.153047103448277,0.0,0.63016129,0.0,0.989,0.0
2025-08-04 21:00:00,0.22,0.0,8.933047103448276,0.0,0.47016129,0.0,0.72,0.0
2025-08-04 22:00:00,0.14,0.0,8.793047103448275,0.0,0.47016129,0.0,0.7,0.0
2025-08-04 23:00:00,0.1,0.0,8.693047103448276,0.0,0.47016129,0.0,0.088,0.0
2025-08-05 00:00:00,0.11,0.0,8.583047103448276,0.0,0.42016129,0.0,0.086,0.0
2025-08-05 01:00:00,0.1,0.0,8.483047103448277,0.0,0.42016129,0.0,0.088,0.0
2025-08-05 02:00:00,0.11,0.0,8.373047103448277,0.0,0.42016129,0.0,0.085,0.0
2025-08-05 03:00:00,0.1,0.0,8.273047103448278,0.0,0.42016129,0.0,0.08,0.0
2025-08-05 04:00:00,0.09,0.0,8.183047103448278,0.0,0.42016129,0.0,0.08,0.0
2025-08-05 05:00:00,0.25,0.010781,7.943828103448277,0.0,0.42016129,0.0,0.081,0.0
2025-08-05 06:00:00,0.38,0.275175,7.839003103448277,0.0,0.42016129,0.0,0.079,0.0
2025-08-05 07:00:00,0.42,0.144799,7.563802103448277,0.0,0.42016129,0.0,0.069,0.0
2025-08-05 08:00:00,0.6799999999999999,0.765795,7.649597103448277,0.0,0.42016129,0.0,0.064,0.0
2025-08-05 09:00:00,0.44,1.125305,8.334902103448277,0.0,0.42016129,0.0,0.063,0.0
2025-08-05 10:00:00,0.22,1.530581,9.645483103448278,0.0,0.42016129,0.0,0.063,0.0
2025-08-05 11:00:00,0.4973653846153847,2.402272,11.550389718832893,0.0,0.42016129,0.0,0.062,0.0
2025-08-05 12:00:00,0.5073653846153847,1.551487,12.594511334217508,0.0,0.42016129,0.0,0.061,0.0
2025-08-05 13:00:00,0.4973653846153847,1.661835,13.5,0.0,0.42016129,1.1644696153846152,0.062,-0.07219711615384615
2025-08-05 14:00:00,0.21,1.076054,13.5,0.0,0.42016129,0.8660540000000001,0.063,-0.05456140200000001
2025-08-05 15:00:00,0.22,0.8438049999999999,13.5,0.0,0.47016129,0.6238049999999999,0.066,-0.04117113
2025-08-05 16:00:00,0.22,0.513927,13.5,0.0,0.63016129,0.29392700000000005,0.157,-0.04614653900000001
2025-08-05 17:00:00,1.0758534482758622,0.197458,12.621604551724138,0.0,0.63016129,0.0,0.825,0.0
2025-08-05 18:00:00,1.3758534482758622,0.131897,11.377648103448276,0.0,0.63016129,0.0,0.933,0.0
2025-08-05 19:00:00,0.27,0.0,11.107648103448277,0.0,0.63016129,0.0,1.034,0.0
2025-08-05 20:00:00,0.53,0.0,10.577648103448276,0.0,0.63016129,0.0,0.989,0.0
2025-08-05 21:00:00,0.29,0.0,10.287648103448278,0.0,0.47016129,0.0,0.72,0.0
2025-08-05 22:00:00,0.25,0.0,10.037648103448278,0.0,0.47016129,0.0,0.7,0.0
2025-08-05 23:00:00,0.22,0.0,9.817648103448278,0.0,0.47016129,0.0,0.088,0.0
2025-08-06 00:00:00,0.22,0.0,9.597648103448275,0.0,0.42016129,0.0,0.086,0.0
2025-08-06 01:00:00,0.22,0.0,9.377648103448276,0.0,0.42016129,0.0,0.088,0.0
2025-08-06 02:00:00,0.22,0.0,9.157648103448276,0.0,0.42016129,0.0,0.085,0.0
2025-08-06 03:00:00,0.18,0.0,8.977648103448276,0.0,0.42016129,0.0,0.08,0.0
2025-08-06 04:00:00,0.1,0.0,8.877648103448276,0.0,0.42016129,0.0,0.08,0.0
2025-08-06 05:00:00,0.45,0.010781,8.438429103448277,0.0,0.42016129,0.0,0.081,0.0
2025-08-06 06:00:00,0.56,0.28911,8.167539103448277,0.0,0.42016129,0.0,0.079,0.0
2025-08-06 07:00:00,0.21,0.492703,8.450242103448277,0.0,0.42016129,0.0,0.069,0.0
2025-08-06 08:00:00,0.15,0.52888,8.829122103448277,0.0,0.42016129,0.0,0.064,0.0
2025-08-06 09:00:00,0.11,1.27537,9.994492103448277,0.0,0.42016129,0.0,0.063,0.0
2025-08-06 10:00:00,2.4099999999999997,1.969656,9.554148103448275,0.0,0.42016129,0.0,0.063,0.0
2025-08-06 11:00:00,2.6973653846153844,2.266886,9.123668718832892,0.0,0.42016129,0.0,0.062,0.0
2025-08-06 12:00:00,2.6973653846153844,3.353821,9.780124334217508,0.0,0.42016129,0.0,0.061,0.0
2025-08-06 13:00:00,2.6973653846153844,3.443346,10.526104949602123,0.0,0.42016129,0.0,0.062,0.0
2025-08-06 14:00:00,2.4,3.002031,11.128135949602123,0.0,0.42016129,0.0,0.063,0.0
2025-08-06 15:00:00,0.11,2.718241,13.5,0.0,0.47016129,2.608241,0.066,-0.172143906
2025-08-06 16:00:00,0.11,1.77973,13.5,0.0,0.63016129,1.66973,0.157,-0.26214761
2025-08-06 17:00:00,1.6758534482758622,0.902626,12.726772551724135,0.0,0.63016129,0.0,0.825,0.0
2025-08-06 18:00:00,2.5158534482758625,0.136572,10.347491103448274,0.0,0.63016129,0.0,0.933,0.0
2025-08-06 19:00:00,0.15,0.0,10.197491103448272,0.0,0.63016129,0.0,1.034,0.0
2025-08-06 20:00:00,0.16,0.0,10.037491103448271,0.0,0.63016129,0.0,0.989,0.0
2025-08-06 21:00:00,0.13,0.0,9.907491103448272,0.0,0.47016129,0.0,0.72,0.0
2025-08-06 22:00:00,0.23,0.0,9.677491103448272,0.0,0.47016129,0.0,0.7,0.0
2025-08-06 23:00:00,0.22,0.0,9.457491103448271,0.0,0.47016129,0.0,0.088,0.0
2025-08-07 00:00:00,0.22,0.0,9.23749110344827,0.0,0.42016129,0.0,0.086,0.0
2025-08-07 01:00:00,0.22,0.0,9.01749110344827,0.0,0.42016129,0.0,0.088,0.0
2025-08-07 02:00:00,0.22,0.0,8.79749110344827,0.0,0.42016129,0.0,0.085,0.0
2025-08-07 03:00:00,0.21,0.0,8.587491103448269,0.0,0.42016129,0.0,0.08,0.0
2025-08-07 04:00:00,0.21,0.0,8.377491103448268,0.0,0.42016129,0.0,0.08,0.0
2025-08-07 05:00:00,0.21,0.014112,8.181603103448268,0.0,0.42016129,0.0,0.081,0.0
2025-08-07 06:00:00,0.6,0.286858,7.868461103448268,0.0,0.42016129,0.0,0.079,0.0
2025-08-07 07:00:00,0.22,0.57923,8.227691103448267,0.0,0.42016129,0.0,0.069,0.0
2025-08-07 08:00:00,0.1,3.229171,11.356862103448266,0.0,0.42016129,0.0,0.064,0.0
2025-08-07 09:00:00,0.12,2.4706509999999997,13.5,0.0,0.42016129,2.3506509999999996,0.063,-0.14809101299999997
2025-08-07 10:00:00,0.1,2.139699,13.5,0.0,0.42016129,2.0396989999999997,0.063,-0.12850103699999998
2025-08-07 11:00:00,0.3773653846153847,3.336308,13.5,0.0,0.42016129,2.9589426153846152,0.062,-0.18345444215384615
2025-08-07 12:00:00,0.3873653846153847,5.75,13.5,0.0,0.42016129,5.362634615384615,0.061,-0.3271207115384615
2025-08-07 13:00:00,0.3873653846153847,5.5054669999999994,13.5,0.0,0.42016129,5.118101615384615,0.062,-0.3173223001538461
2025-08-07 14:00:00,0.1,4.888628,13.5,0.0,0.42016129,4.788628,0.063,-0.301683564
2025-08-07 15:00:00,0.11,3.905698,13.5,0.0,0.47016129,3.7956980000000002,0.066,-0.25051606800000004
2025-08-07 16:00:00,0.1,2.538485,13.5,0.0,0.63016129,2.438485,0.157,-0.382842145
2025-08-07 17:00:00,0.9658534482758622,0.8939579999999999,13.428104551724138,0.0,0.63016129,0.0,0.825,0.0
2025-08-07 18:00:00,1.0758534482758622,0.12218,12.474431103448277,0.0,0.63016129,0.0,0.933,0.0
2025-08-07 19:00:00,0.19,0.0,12.284431103448275,0.0,0.63016129,0.0,1.034,0.0
2025-08-07 20:00:00,0.21,0.0,12.074431103448276,0.0,0.63016129,0.0,0.989,0.0
2025-08-07 21:00:00,0.17,0.0,11.904431103448276,0.0,0.47016129,0.0,0.72,0.0
2025-08-07 22:00:00,0.58,0.0,11.324431103448276,0.0,0.47016129,0.0,0.7,0.0
2025-08-07 23:00:00,0.61,0.0,10.714431103448277,0.0,0.47016129,0.0,0.088,0.0
2025-08-08 00:00:00,0.1,0.0,10.614431103448275,0.0,0.42016129,0.0,0.086,0.0
2025-08-08 01:00:00,0.11,0.0,10.504431103448276,0.0,0.42016129,0.0,0.088,0.0
2025-08-08 02:00:00,0.1,0.0,10.404431103448276,0.0,0.42016129,0.0,0.085,0.0
2025-08-08 03:00:00,0.11,0.0,10.294431103448275,0.0,0.42016129,0.0,0.08,0.0
2025-08-08 04:00:00,0.1,0.0,10.194431103448276,0.0,0.42016129,0.0,0.08,0.0
2025-08-08 05:00:00,0.11,0.0109649999999999,10.095396103448277,0.0,0.42016129,0.0,0.081,0.0
2025-08-08 06:00:00,0.1,0.280949,10.276345103448277,0.0,0.42016129,0.0,0.079,0.0
2025-08-08 07:00:00,0.11,0.343326,10.509671103448277,0.0,0.42016129,0.0,0.069,0.0
2025-08-08 08:00:00,0.22,0.6051810000000001,10.894852103448276,0.0,0.42016129,0.0,0.064,0.0
2025-08-08 09:00:00,0.15,0.8966259999999999,11.641478103448277,0.0,0.42016129,0.0,0.063,0.0
2025-08-08 10:00:00,2.4499999999999997,1.331264,10.522742103448277,0.0,0.42016129,0.0,0.063,0.0
2025-08-08 11:00:00,2.7373653846153845,1.79713,9.58250671883289,0.0,0.42016129,0.0,0.062,0.0
2025-08-08 12:00:00,2.7373653846153845,1.7679090000000002,8.613050334217506,0.0,0.42016129,0.0,0.061,0.0
2025-08-08 13:00:00,2.7173653846153845,1.774929,7.670613949602122,0.0,0.42016129,0.0,0.062,0.0
2025-08-08 14:00:00,2.44,1.887218,7.117831949602122,0.0,0.42016129,0.0,0.063,0.0
2025-08-08 15:00:00,0.79,1.346259,7.674090949602122,0.0,0.47016129,0.0,0.066,0.0
2025-08-08 16:00:00,0.27,0.611468,8.015558949602122,0.0,0.63016129,0.0,0.157,0.0
2025-08-08 17:00:00,1.005853448275862,0.367436,7.37714150132626,0.0,0.63016129,0.0,0.825,0.0
2025-08-08 18:00:00,1.1758534482758622,0.1257609999999999,6.3270490530503976,0.0,0.63016129,0.0,0.933,0.0
2025-08-08 19:00:00,0.3,0.0,6.027049053050398,0.0,0.63016129,0.0,1.034,0.0
2025-08-08 20:00:00,0.42,0.0,5.607049053050398,0.0,0.63016129,0.0,0.989,0.0
2025-08-08 21:00:00,0.31,0.0,5.297049053050398,0.0,0.47016129,0.0,0.72,0.0
2025-08-08 22:00:00,0.35,0.0,4.9470490530503985,0.0,0.47016129,0.0,0.7,0.0
2025-08-08 23:00:00,0.12,0.0,4.827049053050398,0.0,0.47016129,0.0,0.088,0.0
2025-08-09 00:00:00,0.1,0.0,4.727049053050399,0.0,0.42016129,0.0,0.086,0.0
2025-08-09 01:00:00,0.11,0.0,4.6170490530503985,0.0,0.42016129,0.0,0.088,0.0
2025-08-09 02:00:00,0.11,0.0,4.507049053050398,0.0,0.42016129,0.0,0.085,0.0
2025-08-09 03:00:00,0.11,0.0,4.397049053050398,0.0,0.42016129,0.0,0.08,0.0
2025-08-09 04:00:00,0.1,0.0,4.297049053050398,0.0,0.42016129,0.0,0.08,0.0
2025-08-09 05:00:00,0.1,0.007449,4.204498053050398,0.0,0.42016129,0.0,0.081,0.0
2025-08-09 06:00:00,0.1,0.267607,4.372105053050398,0.0,0.42016129,0.0,0.079,0.0
2025-08-09 07:00:00,0.12,0.367843,4.619948053050399,0.0,0.42016129,0.0,0.069,0.0
2025-08-09 08:00:00,0.42,0.649295,4.849243053050398,0.0,0.42016129,0.0,0.064,0.0
2025-08-09 09:00:00,2.33,1.373427,3.892670053050398,0.0,0.42016129,0.0,0.063,0.0
2025-08-09 10:00:00,4.66,2.345723,1.578393053050398,0.0,0.42016129,0.0,0.063,0.0
2025-08-09 11:00:00,2.9973653846153843,3.2505970000000004,1.831624668435014,0.0,0.42016129,0.0,0.062,0.0
2025-08-09 12:00:00,2.8973653846153846,3.606079,2.54033828381963,0.0,0.42016129,0.0,0.061,0.0
2025-08-09 13:00:00,3.2673653846153847,2.928847,2.2018198992042453,0.0,0.42016129,0.0,0.062,0.0
2025-08-09 14:00:00,2.51,4.76959,4.461409899204245,0.0,0.42016129,0.0,0.063,0.0
2025-08-09 15:00:00,0.16,1.93347,6.234879899204245,0.0,0.47016129,0.0,0.066,0.0
2025-08-09 16:00:00,0.11,0.877368,7.002247899204245,0.0,0.63016129,0.0,0.157,0.0
2025-08-09 17:00:00,2.1758534482758622,0.409598,5.235992450928382,0.0,0.63016129,0.0,0.825,0.0
2025-08-09 18:00:00,1.965853448275862,0.124998,3.39513700265252,0.0,0.63016129,0.0,0.933,0.0
2025-08-09 19:00:00,0.19,0.0,3.20513700265252,0.0,0.63016129,0.0,1.034,0.0
2025-08-09 20:00:00,0.19,0.0,3.01513700265252,0.0,0.63016129,0.0,0.989,0.0
2025-08-09 21:00:00,0.27,0.0,2.74513700265252,0.0,0.47016129,0.0,0.72,0.0
2025-08-09 22:00:00,0.25,0.0,2.49513700265252,0.0,0.47016129,0.0,0.7,0.0
2025-08-09 23:00:00,0.2299999999999999,0.0,2.26513700265252,0.0,0.47016129,0.0,0.088,0.0
2025-08-10 00:00:00,0.2299999999999999,0.0,2.03513700265252,0.0,0.42016129,0.0,0.086,0.0
2025-08-10 01:00:00,0.22,0.0,1.81513700265252,0.0,0.42016129,0.0,0.088,0.0
2025-08-10 02:00:00,0.22,0.0,1.5951370026525202,0.0,0.42016129,0.0,0.085,0.0
2025-08-10 03:00:00,0.22,0.0,1.3751370026525205,0.0,0.42016129,0.0,0.08,0.0
2025-08-10 04:00:00,0.22,0.0,1.1551370026525205,0.0,0.42016129,0.0,0.08,0.0
2025-08-10 05:00:00,0.25,0.0,0.9051370026525204,0.0,0.42016129,0.0,0.081,0.0
2025-08-10 06:00:00,0.53,0.334379,0.7095160026525202,0.0,0.42016129,0.0,0.079,0.0
2025-08-10 07:00:00,0.3,1.190093,1.5996090026525205,0.0,0.42016129,0.0,0.069,0.0
2025-08-10 08:00:00,1.27,3.223927,3.55353600265252,0.0,0.42016129,0.0,0.064,0.0
2025-08-10 09:00:00,2.77,4.354093,5.13762900265252,0.0,0.42016129,0.0,0.063,0.0
2025-08-10 10:00:00,4.8,5.1566030000000005,5.494232002652521,0.0,0.42016129,0.0,0.063,0.0
2025-08-10 11:00:00,3.4073653846153844,5.63381,7.720676618037137,0.0,0.42016129,0.0,0.062,0.0
2025-08-10 12:00:00,2.8773653846153846,5.75,10.593311233421751,0.0,0.42016129,0.0,0.061,0.0
2025-08-10 13:00:00,2.7973653846153845,5.53592,13.331865848806368,0.0,0.42016129,0.0,0.062,0.0
2025-08-10 14:00:00,2.52,4.9186689999999995,13.5,0.0,0.42016129,2.3986689999999995,0.063,-0.15111614699999998
2025-08-10 15:00:00,0.12,3.899011,13.5,0.0,0.47016129,3.7790109999999997,0.066,-0.249414726
2025-08-10 16:00:00,0.12,2.518637,13.5,0.0,0.63016129,2.398637,0.157,-0.376586009
2025-08-10 17:00:00,0.9458534482758622,0.876696,13.43084255172414,0.0,0.63016129,0.0,0.825,0.0
2025-08-10 18:00:00,1.1358534482758622,0.115017,12.410006103448277,0.0,0.63016129,0.0,0.933,0.0
2025-08-10 19:00:00,0.21,0.0,12.200006103448276,0.0,0.63016129,0.0,1.034,0.0
2025-08-10 20:00:00,0.25,0.0,11.950006103448276,0.0,0.63016129,0.0,0.989,0.0
2025-08-10 21:00:00,0.4599999999999999,0.0,11.490006103448277,0.0,0.47016129,0.0,0.72,0.0
2025-08-10 22:00:00,0.4,0.0,11.090006103448276,0.0,0.47016129,0.0,0.7,0.0
2025-08-10 23:00:00,0.85,0.0,10.240006103448277,0.0,0.47016129,0.0,0.088,0.0
2025-08-11 00:00:00,0.26,0.0,9.980006103448275,0.0,0.42016129,0.0,0.086,0.0
2025-08-11 01:00:00,0.24,0.0,9.740006103448277,0.0,0.42016129,0.0,0.088,0.0
2025-08-11 02:00:00,0.2299999999999999,0.0,9.510006103448276,0.0,0.42016129,0.0,0.085,0.0
2025-08-11 03:00:00,0.2299999999999999,0.0,9.280006103448276,0.0,0.42016129,0.0,0.08,0.0
2025-08-11 04:00:00,0.2299999999999999,0.0,9.050006103448275,0.0,0.42016129,0.0,0.08,0.0
2025-08-11 05:00:00,0.24,0.0,8.810006103448275,0.0,0.42016129,0.0,0.081,0.0
2025-08-11 06:00:00,0.22,0.265727,8.855733103448275,0.0,0.42016129,0.0,0.079,0.0
2025-08-11 07:00:00,0.24,0.423182,9.038915103448277,0.0,0.42016129,0.0,0.069,0.0
2025-08-11 08:00:00,0.23,1.176156,9.985071103448275,0.0,0.42016129,0.0,0.064,0.0
2025-08-11 09:00:00,0.22,2.058697,11.823768103448275,0.0,0.42016129,0.0,0.063,0.0
2025-08-11 10:00:00,0.22,5.375321,13.5,0.0,0.42016129,5.155321,0.063,-0.324785223
2025-08-11 11:00:00,0.5073653846153847,5.75,13.5,0.0,0.42016129,5.242634615384615,0.062,-0.3250433461538461
2025-08-11 12:00:00,0.5073653846153847,5.75,13.5,0.0,0.42016129,5.242634615384615,0.061,-0.3198007115384615
2025-08-11 13:00:00,0.5073653846153847,5.684941,13.5,0.0,0.42016129,5.177575615384615,0.062,-0.3210096881538462
2025-08-11 14:00:00,0.2299999999999999,5.002042,13.5,0.0,0.42016129,4.772042000000001,0.063,-0.30063864600000006
2025-08-11 15:00:00,0.22,3.981314,13.5,0.0,0.47016129,3.7613139999999996,0.066,-0.24824672399999997
2025-08-11 16:00:00,0.2299999999999999,2.563438,13.5,0.0,0.63016129,2.333438,0.157,-0.366349766
2025-08-11 17:00:00,1.045853448275862,0.8794679999999999,13.333614551724136,0.0,0.63016129,0.0,0.825,0.0
2025-08-11 18:00:00,1.435853448275862,0.106206,12.003967103448277,0.0,0.63016129,0.0,0.933,0.0
2025-08-11 19:00:00,0.19,0.0,11.813967103448276,0.0,0.63016129,0.0,1.034,0.0
2025-08-11 20:00:00,0.15,0.0,11.663967103448275,0.0,0.63016129,0.0,0.989,0.0
2025-08-11 21:00:00,0.14,0.0,11.523967103448276,0.0,0.47016129,0.0,0.72,0.0
2025-08-11 22:00:00,0.19,0.0,11.333967103448275,0.0,0.47016129,0.0,0.7,0.0
2025-08-11 23:00:00,0.23,0.0,11.103967103448277,0.0,0.47016129,0.0,0.088,0.0
2025-08-12 00:00:00,0.22,0.0,10.883967103448274,0.0,0.42016129,0.0,0.086,0.0
2025-08-12 01:00:00,0.22,0.0,10.663967103448272,0.0,0.42016129,0.0,0.088,0.0
2025-08-12 02:00:00,0.22,0.0,10.443967103448273,0.0,0.42016129,0.0,0.085,0.0
2025-08-12 03:00:00,0.22,0.0,10.223967103448272,0.0,0.42016129,0.0,0.08,0.0
2025-08-12 04:00:00,0.22,0.0,10.003967103448272,0.0,0.42016129,0.0,0.08,0.0
2025-08-12 05:00:00,0.23,0.0,9.773967103448271,0.0,0.42016129,0.0,0.081,0.0
2025-08-12 06:00:00,0.99,0.2774979999999999,9.06146510344827,0.0,0.42016129,0.0,0.079,0.0
2025-08-12 07:00:00,0.22,0.629063,9.47052810344827,0.0,0.42016129,0.0,0.069,0.0
2025-08-12 08:00:00,0.84,0.909377,9.53990510344827,0.0,0.42016129,0.0,0.064,0.0
2025-08-12 09:00:00,0.38,1.4923689999999998,10.652274103448269,0.0,0.42016129,0.0,0.063,0.0
2025-08-12 10:00:00,0.25,2.7166729999999997,13.118947103448267,0.0,0.42016129,0.0,0.063,0.0
2025-08-12 11:00:00,0.5673653846153848,5.75,13.5,0.0,0.42016129,5.1826346153846155,0.062,-0.32132334615384617
2025-08-12 12:00:00,0.5773653846153847,5.75,13.5,0.0,0.42016129,5.172634615384616,0.061,-0.3155307115384616
2025-08-12 13:00:00,0.5173653846153847,5.709174,13.5,0.0,0.42016129,5.191808615384615,0.062,-0.32189213415384615
2025-08-12 14:00:00,0.22,5.027254,13.5,0.0,0.42016129,4.807254,0.063,-0.30285700200000004
2025-08-12 15:00:00,0.23,3.997205,13.5,0.0,0.47016129,3.767205,0.066,-0.24863553000000002
2025-08-12 16:00:00,0.22,2.578795,13.5,0.0,0.63016129,2.3587949999999998,0.157,-0.370330815
2025-08-12 17:00:00,1.765853448275862,0.876546,12.61069255172414,0.0,0.63016129,0.0,0.825,0.0
2025-08-12 18:00:00,2.755853448275862,0.095473,9.950312103448276,0.0,0.63016129,0.0,0.933,0.0
2025-08-12 19:00:00,0.3399999999999999,0.0,9.610312103448276,0.0,0.63016129,0.0,1.034,0.0
2025-08-12 20:00:00,0.29,0.0,9.320312103448275,0.0,0.63016129,0.0,0.989,0.0
2025-08-12 21:00:00,0.26,0.0,9.060312103448275,0.0,0.47016129,0.0,0.72,0.0
2025-08-12 22:00:00,0.28,0.0,8.780312103448278,0.0,0.47016129,0.0,0.7,0.0
2025-08-12 23:00:00,0.22,0.0,8.560312103448277,0.0,0.47016129,0.0,0.088,0.0
2025-08-13 00:00:00,0.24,0.0,8.320312103448277,0.0,0.42016129,0.0,0.086,0.0
2025-08-13 01:00:00,0.22,0.0,8.100312103448276,0.0,0.42016129,0.0,0.088,0.0
2025-08-13 02:00:00,0.22,0.0,7.880312103448277,0.0,0.42016129,0.0,0.085,0.0
2025-08-13 03:00:00,0.22,0.0,7.660312103448277,0.0,0.42016129,0.0,0.08,0.0
2025-08-13 04:00:00,0.22,0.0,7.440312103448277,0.0,0.42016129,0.0,0.08,0.0
2025-08-13 05:00:00,0.54,0.0,6.900312103448277,0.0,0.42016129,0.0,0.081,0.0
2025-08-13 06:00:00,0.3,0.265454,6.865766103448277,0.0,0.42016129,0.0,0.079,0.0
2025-08-13 07:00:00,0.55,0.717132,7.032898103448277,0.0,0.42016129,0.0,0.069,0.0
2025-08-13 08:00:00,0.2299999999999999,1.010402,7.813300103448277,0.0,0.42016129,0.0,0.064,0.0
2025-08-13 09:00:00,0.29,2.256971,9.780271103448278,0.0,0.42016129,0.0,0.063,0.0
2025-08-13 10:00:00,3.07,5.311421,12.02169210344828,0.0,0.42016129,0.0,0.063,0.0
2025-08-13 11:00:00,2.7273653846153847,5.75,13.5,0.0,0.42016129,3.0226346153846153,0.062,-0.18740334615384616
2025-08-13 12:00:00,2.9873653846153845,5.75,13.5,0.0,0.42016129,2.7626346153846155,0.061,-0.16852071153846154
2025-08-13 13:00:00,2.9273653846153844,5.594119,13.5,0.0,0.42016129,2.6667536153846156,0.062,-0.16533872415384618
2025-08-13 14:00:00,3.04,4.975764,13.5,0.0,0.42016129,1.9357639999999998,0.063,-0.12195313199999999
2025-08-13 15:00:00,1.23,3.965878,13.5,0.0,0.47016129,2.735878,0.066,-0.180567948
2025-08-13 16:00:00,0.26,2.557712,13.5,0.0,0.63016129,2.2977119999999998,0.157,-0.360740784
2025-08-13 17:00:00,1.1258534482758622,0.8526050000000001,13.22675155172414,0.0,0.63016129,0.0,0.825,0.0
2025-08-13 18:00:00,1.1958534482758625,0.091067,12.121965103448275,0.0,0.63016129,0.0,0.933,0.0
2025-08-13 19:00:00,0.26,0.0,11.861965103448275,0.0,0.63016129,0.0,1.034,0.0
2025-08-13 20:00:00,0.22,0.0,11.641965103448277,0.0,0.63016129,0.0,0.989,0.0
2025-08-13 21:00:00,0.16,0.0,11.481965103448276,0.0,0.47016129,0.0,0.72,0.0
2025-08-13 22:00:00,0.22,0.0,11.261965103448274,0.0,0.47016129,0.0,0.7,0.0
2025-08-13 23:00:00,0.26,0.0,11.001965103448274,0.0,0.47016129,0.0,0.088,0.0
2025-08-14 00:00:00,0.27,0.0,10.731965103448276,0.0,0.42016129,0.0,0.086,0.0
2025-08-14 01:00:00,0.27,0.0,10.461965103448277,0.0,0.42016129,0.0,0.088,0.0
2025-08-14 02:00:00,0.26,0.0,10.201965103448275,0.0,0.42016129,0.0,0.085,0.0
2025-08-14 03:00:00,0.26,0.0,9.941965103448275,0.0,0.42016129,0.0,0.08,0.0
2025-08-14 04:00:00,0.26,0.0,9.681965103448276,0.0,0.42016129,0.0,0.08,0.0
2025-08-14 05:00:00,0.27,0.0,9.411965103448276,0.0,0.42016129,0.0,0.081,0.0
2025-08-14 06:00:00,0.26,0.2585969999999999,9.410562103448276,0.0,0.42016129,0.0,0.079,0.0
2025-08-14 07:00:00,1.02,0.593628,8.984190103448276,0.0,0.42016129,0.0,0.069,0.0
2025-08-14 08:00:00,0.19,1.101108,9.895298103448276,0.0,0.42016129,0.0,0.064,0.0
2025-08-14 09:00:00,0.43,1.599184,11.064482103448276,0.0,0.42016129,0.0,0.063,0.0
2025-08-14 10:00:00,0.49,2.400171,12.974653103448276,0.0,0.42016129,0.0,0.063,0.0
2025-08-14 11:00:00,1.073153846153846,2.551686,13.5,0.0,0.42016129,1.4785321538461542,0.062,-0.09166899353846156
2025-08-14 12:00:00,0.9931538461538464,2.485565,13.5,0.0,0.42016129,1.4924111538461533,0.061,-0.09103708038461535
2025-08-14 13:00:00,0.7031538461538462,2.184138,13.5,0.0,0.42016129,1.4809841538461537,0.062,-0.09182101753846153
2025-08-14 14:00:00,0.32,3.334469,13.5,0.0,0.42016129,3.014469,0.063,-0.189911547
2025-08-14 15:00:00,0.3,3.833982,13.5,0.0,0.47016129,3.533982,0.066,-0.23324281200000002
2025-08-14 16:00:00,0.34,2.463038,13.5,0.0,0.63016129,2.123038,0.157,-0.33331696600000005
2025-08-14 17:00:00,1.4578045977011498,0.825295,12.86749040229885,0.0,0.63016129,0.0,0.825,0.0
2025-08-14 18:00:00,1.4678045977011496,0.083538,11.4832238045977,0.0,0.63016129,0.0,0.933,0.0
2025-08-14 19:00:00,0.28,0.0,11.203223804597702,0.0,0.63016129,0.0,1.034,0.0
2025-08-14 20:00:00,0.35,0.0,10.853223804597702,0.0,0.63016129,0.0,0.989,0.0
2025-08-14 21:00:00,0.28,0.0,10.573223804597705,0.0,0.47016129,0.0,0.72,0.0
2025-08-14 22:00:00,0.29,0.0,10.283223804597704,0.0,0.47016129,0.0,0.7,0.0
2025-08-14 23:00:00,0.37,0.0,9.913223804597704,0.0,0.47016129,0.0,0.088,0.0
2025-08-15 00:00:00,0.24,0.0,9.673223804597704,0.0,0.42016129,0.0,0.086,0.0
2025-08-15 01:00:00,0.24,0.0,9.433223804597704,0.0,0.42016129,0.0,0.088,0.0
2025-08-15 02:00:00,0.2299999999999999,0.0,9.203223804597704,0.0,0.42016129,0.0,0.085,0.0
2025-08-15 03:00:00,0.25,0.0,8.953223804597704,0.0,0.42016129,0.0,0.08,0.0
2025-08-15 04:00:00,0.22,0.0,8.733223804597703,0.0,0.42016129,0.0,0.08,0.0
2025-08-15 05:00:00,0.22,0.0,8.513223804597702,0.0,0.42016129,0.0,0.081,0.0
2025-08-15 06:00:00,0.22,0.265579,8.558802804597702,0.0,0.42016129,0.0,0.079,0.0
2025-08-15 07:00:00,0.1699999999999999,0.569072,8.957874804597703,0.0,0.42016129,0.0,0.069,0.0
2025-08-15 08:00:00,0.1,1.367816,10.225690804597702,0.0,0.42016129,0.0,0.064,0.0
2025-08-15 09:00:00,0.1,2.01908,12.144770804597702,0.0,0.42016129,0.0,0.063,0.0
2025-08-15 10:00:00,2.4099999999999997,3.206451,12.941221804597705,0.0,0.42016129,0.0,0.063,0.0
2025-08-15 11:00:00,2.913153846153846,4.352446,13.5,0.0,0.42016129,1.4392921538461536,0.062,-0.08923611353846152
2025-08-15 12:00:00,2.783153846153846,4.427689,13.5,0.0,0.42016129,1.644535153846154,0.061,-0.10031664438461539
2025-08-15 13:00:00,2.783153846153846,5.6430050000000005,13.5,0.0,0.42016129,2.8598511538461544,0.062,-0.17731077153846156
2025-08-15 14:00:00,2.4099999999999997,4.994223,13.5,0.0,0.42016129,2.584223,0.063,-0.162806049
2025-08-15 15:00:00,0.11,3.948301,13.5,0.0,0.47016129,3.838301,0.066,-0.253327866
2025-08-15 16:00:00,0.18,2.538941,13.5,0.0,0.63016129,2.3589409999999997,0.157,-0.37035373699999996
2025-08-15 17:00:00,1.2878045977011496,0.83973,13.051925402298853,0.0,0.63016129,0.0,0.825,0.0
2025-08-15 18:00:00,1.2978045977011496,0.082986,11.8371068045977,0.0,0.63016129,0.0,0.933,0.0
2025-08-15 19:00:00,0.3,0.0,11.5371068045977,0.0,0.63016129,0.0,1.034,0.0
2025-08-15 20:00:00,0.15,0.0,11.3871068045977,0.0,0.63016129,0.0,0.989,0.0
2025-08-15 21:00:00,0.15,0.0,11.2371068045977,0.0,0.47016129,0.0,0.72,0.0
2025-08-15 22:00:00,0.13,0.0,11.1071068045977,0.0,0.47016129,0.0,0.7,0.0
2025-08-15 23:00:00,0.1,0.0,11.0071068045977,0.0,0.47016129,0.0,0.088,0.0
2025-08-16 00:00:00,0.1,0.0,10.9071068045977,0.0,0.42016129,0.0,0.086,0.0
2025-08-16 01:00:00,0.1,0.0,10.8071068045977,0.0,0.42016129,0.0,0.088,0.0
2025-08-16 02:00:00,0.11,0.0,10.6971068045977,0.0,0.42016129,0.0,0.085,0.0
2025-08-16 03:00:00,0.1,0.0,10.5971068045977,0.0,0.42016129,0.0,0.08,0.0
2025-08-16 04:00:00,0.1,0.0,10.4971068045977,0.0,0.42016129,0.0,0.08,0.0
2025-08-16 05:00:00,0.1,0.0,10.3971068045977,0.0,0.42016129,0.0,0.081,0.0
2025-08-16 06:00:00,0.12,0.264767,10.5418738045977,0.0,0.42016129,0.0,0.079,0.0
2025-08-16 07:00:00,3.22,0.6150789999999999,7.936952804597701,0.0,0.42016129,0.0,0.069,0.0
2025-08-16 08:00:00,1.86,1.152441,7.229393804597701,0.0,0.42016129,0.0,0.064,0.0
2025-08-16 09:00:00,0.8200000000000001,1.846521,8.255914804597701,0.0,0.42016129,0.0,0.063,0.0
2025-08-16 10:00:00,2.97,5.4160129999999995,10.7019278045977,0.0,0.42016129,0.0,0.063,0.0
2025-08-16 11:00:00,2.823153846153846,5.75,13.5,0.0,0.42016129,2.926846153846154,0.062,-0.18146446153846155
2025-08-16 12:00:00,3.043153846153846,5.75,13.5,0.0,0.42016129,2.706846153846154,0.061,-0.1651176153846154
2025-08-16 13:00:00,4.953153846153846,5.748906,13.5,0.0,0.42016129,0.7957521538461538,0.062,-0.04933663353846154
2025-08-16 14:00:00,4.6899999999999995,5.100306,13.5,0.0,0.42016129,0.4103060000000003,0.063,-0.025849278000000017
2025-08-16 15:00:00,1.12,4.039119,13.5,0.0,0.47016129,2.9191190000000002,0.066,-0.19266185400000002
2025-08-16 16:00:00,0.3399999999999999,2.586927,13.5,0.0,0.63016129,2.2469270000000003,0.157,-0.3527675390000001
2025-08-16 17:00:00,1.4478045977011496,0.8577859999999999,12.90998140229885,0.0,0.63016129,0.0,0.825,0.0
2025-08-16 18:00:00,2.5278045977011496,0.0760909999999999,10.4582678045977,0.0,0.63016129,0.0,0.933,0.0
2025-08-16 19:00:00,0.15,0.0,10.3082678045977,0.0,0.63016129,0.0,1.034,0.0
2025-08-16 20:00:00,0.22,0.0,10.0882678045977,0.0,0.63016129,0.0,0.989,0.0
2025-08-16 21:00:00,0.16,0.0,9.9282678045977,0.0,0.47016129,0.0,0.72,0.0
2025-08-16 22:00:00,0.2,0.0,9.7282678045977,0.0,0.47016129,0.0,0.7,0.0
2025-08-16 23:00:00,0.33,0.0,9.3982678045977,0.0,0.47016129,0.0,0.088,0.0
2025-08-17 00:00:00,0.27,0.0,9.1282678045977,0.0,0.42016129,0.0,0.086,0.0
2025-08-17 01:00:00,0.2299999999999999,0.0,8.8982678045977,0.0,0.42016129,0.0,0.088,0.0
2025-08-17 02:00:00,0.2299999999999999,0.0,8.668267804597699,0.0,0.42016129,0.0,0.085,0.0
2025-08-17 03:00:00,0.22,0.0,8.448267804597698,0.0,0.42016129,0.0,0.08,0.0
2025-08-17 04:00:00,0.22,0.0,8.228267804597698,0.0,0.42016129,0.0,0.08,0.0
2025-08-17 05:00:00,0.22,0.0,8.008267804597697,0.0,0.42016129,0.0,0.081,0.0
2025-08-17 06:00:00,0.1699999999999999,0.279585,8.117852804597698,0.0,0.42016129,0.0,0.079,0.0
2025-08-17 07:00:00,0.26,1.777058,9.634910804597698,0.0,0.42016129,0.0,0.069,0.0
2025-08-17 08:00:00,0.22,3.41749,12.832400804597698,0.0,0.42016129,0.0,0.064,0.0
2025-08-17 09:00:00,0.1,4.616464,13.5,0.0,0.42016129,4.516464,0.063,-0.28453723200000003
2025-08-17 10:00:00,2.44,5.425702,13.5,0.0,0.42016129,2.9857020000000003,0.063,-0.188099226
2025-08-17 11:00:00,3.013153846153846,5.75,13.5,0.0,0.42016129,2.736846153846154,0.062,-0.16968446153846153
2025-08-17 12:00:00,3.003153846153846,5.75,13.5,0.0,0.42016129,2.746846153846154,0.061,-0.1675576153846154
2025-08-17 13:00:00,2.953153846153846,5.662452,13.5,0.0,0.42016129,2.709298153846154,0.062,-0.16797648553846156
2025-08-17 14:00:00,2.53,4.980289,13.5,0.0,0.42016129,2.450289,0.063,-0.154368207
2025-08-17 15:00:00,0.24,3.939849,13.5,0.0,0.47016129,3.6998490000000004,0.066,-0.24419003400000003
2025-08-17 16:00:00,0.2299999999999999,2.515538,13.5,0.0,0.63016129,2.285538,0.157,-0.358829466
2025-08-17 17:00:00,1.3478045977011497,0.838915,12.991110402298853,0.0,0.63016129,0.0,0.825,0.0
2025-08-17 18:00:00,3.55780459770115,0.0773799999999999,9.5106858045977,0.0,0.63016129,0.0,0.933,0.0
2025-08-17 19:00:00,0.2299999999999999,0.0,9.2806858045977,0.0,0.63016129,0.0,1.034,0.0
2025-08-17 20:00:00,0.31,0.0,8.9706858045977,0.0,0.63016129,0.0,0.989,0.0
2025-08-17 21:00:00,0.31,0.0,8.6606858045977,0.0,0.47016129,0.0,0.72,0.0
2025-08-17 22:00:00,0.28,0.0,8.3806858045977,0.0,0.47016129,0.0,0.7,0.0
2025-08-17 23:00:00,0.32,0.0,8.0606858045977,0.0,0.47016129,0.0,0.088,0.0
2025-08-18 00:00:00,0.22,0.0,7.8406858045977,0.0,0.42016129,0.0,0.086,0.0
2025-08-18 01:00:00,0.22,0.0,7.6206858045977,0.0,0.42016129,0.0,0.088,0.0
2025-08-18 02:00:00,0.22,0.0,7.400685804597701,0.0,0.42016129,0.0,0.085,0.0
2025-08-18 03:00:00,0.22,0.0,7.180685804597701,0.0,0.42016129,0.0,0.08,0.0
2025-08-18 04:00:00,0.22,0.0,6.960685804597701,0.0,0.42016129,0.0,0.08,0.0
2025-08-18 05:00:00,0.3399999999999999,0.0,6.620685804597701,0.0,0.42016129,0.0,0.081,0.0
2025-08-18 06:00:00,0.4,0.273492,6.494177804597701,0.0,0.42016129,0.0,0.079,0.0
2025-08-18 07:00:00,0.65,1.7515999999999998,7.5957778045977005,0.0,0.42016129,0.0,0.069,0.0
2025-08-18 08:00:00,0.23,1.809561,9.1753388045977,0.0,0.42016129,0.0,0.064,0.0
2025-08-18 09:00:00,0.17,4.5681639999999994,13.5,0.0,0.42016129,4.3981639999999995,0.063,-0.277084332
2025-08-18 10:00:00,0.16,5.410602,13.5,0.0,0.42016129,5.250602,0.063,-0.330787926
2025-08-18 11:00:00,0.5631538461538462,5.75,13.5,0.0,0.42016129,5.186846153846154,0.062,-0.32158446153846154
2025-08-18 12:00:00,0.5431538461538462,5.75,13.5,0.0,0.42016129,5.206846153846154,0.061,-0.3176176153846154
2025-08-18 13:00:00,0.5331538461538462,5.66782,13.5,0.0,0.42016129,5.134666153846154,0.062,-0.3183493015384615
2025-08-18 14:00:00,0.62,4.999044,13.5,0.0,0.42016129,4.3790439999999995,0.063,-0.27587977199999997
2025-08-18 15:00:00,0.71,3.961893,13.5,0.0,0.47016129,3.251893,0.066,-0.21462493800000002
2025-08-18 16:00:00,0.26,2.529577,13.5,0.0,0.63016129,2.269577,0.157,-0.356323589
2025-08-18 17:00:00,1.8378045977011497,0.828928,12.49112340229885,0.0,0.63016129,0.0,0.825,0.0
2025-08-18 18:00:00,3.0678045977011497,0.0612239999999999,9.484542804597702,0.0,0.63016129,0.0,0.933,0.0
2025-08-18 19:00:00,0.14,0.0,9.3445428045977,0.0,0.63016129,0.0,1.034,0.0
2025-08-18 20:00:00,0.38,0.0,8.9645428045977,0.0,0.63016129,0.0,0.989,0.0
2025-08-18 21:00:00,0.48,0.0,8.4845428045977,0.0,0.47016129,0.0,0.72,0.0
2025-08-18 22:00:00,0.25,0.0,8.2345428045977,0.0,0.47016129,0.0,0.7,0.0
2025-08-18 23:00:00,0.2299999999999999,0.0,8.0045428045977,0.0,0.47016129,0.0,0.088,0.0
2025-08-19 00:00:00,0.2299999999999999,0.0,7.7745428045977,0.0,0.42016129,0.0,0.086,0.0
2025-08-19 01:00:00,0.22,0.0,7.5545428045977,0.0,0.42016129,0.0,0.088,0.0
2025-08-19 02:00:00,0.22,0.0,7.3345428045977,0.0,0.42016129,0.0,0.085,0.0
2025-08-19 03:00:00,0.53,0.0,6.8045428045977,0.0,0.42016129,0.0,0.08,0.0
2025-08-19 04:00:00,0.84,0.0,5.9645428045977,0.0,0.42016129,0.0,0.08,0.0
2025-08-19 05:00:00,1.01,0.0,4.9545428045977005,0.0,0.42016129,0.0,0.081,0.0
2025-08-19 06:00:00,0.62,0.286273,4.620815804597701,0.0,0.42016129,0.0,0.079,0.0
2025-08-19 07:00:00,0.6,0.699941,4.720756804597701,0.0,0.42016129,0.0,0.069,0.0
2025-08-19 08:00:00,0.24,3.1478029999999997,7.6285598045977006,0.0,0.42016129,0.0,0.064,0.0
2025-08-19 09:00:00,0.31,4.212173,11.5307328045977,0.0,0.42016129,0.0,0.063,0.0
2025-08-19 10:00:00,0.22,4.980841000000001,13.5,0.0,0.42016129,4.760841000000001,0.063,-0.29993298300000004
2025-08-19 11:00:00,0.6031538461538463,5.390522,13.5,0.0,0.42016129,4.787368153846153,0.062,-0.2968168255384615
2025-08-19 12:00:00,0.6031538461538463,5.469273,13.5,0.0,0.42016129,4.866119153846154,0.061,-0.2968332683846154
2025-08-19 13:00:00,0.6031538461538463,5.229973,13.5,0.0,0.42016129,4.626819153846154,0.062,-0.28686278753846156
2025-08-19 14:00:00,0.22,4.640564,13.5,0.0,0.42016129,4.420564000000001,0.063,-0.27849553200000005
2025-08-19 15:00:00,0.22,3.669492,13.5,0.0,0.47016129,3.449492,0.066,-0.227666472
2025-08-19 16:00:00,0.22,2.351722,13.5,0.0,0.63016129,2.131722,0.157,-0.33468035399999996
2025-08-19 17:00:00,1.6978045977011496,0.766192,12.56838740229885,0.0,0.63016129,0.0,0.825,0.0
2025-08-19 18:00:00,3.1578045977011495,0.048117,9.4586998045977,0.0,0.63016129,0.0,0.933,0.0
2025-08-19 19:00:00,0.27,0.0,9.1886998045977,0.0,0.63016129,0.0,1.034,0.0
2025-08-19 20:00:00,0.28,0.0,8.9086998045977,0.0,0.63016129,0.0,0.989,0.0
2025-08-19 21:00:00,0.34,0.0,8.568699804597701,0.0,0.47016129,0.0,0.72,0.0
2025-08-19 22:00:00,0.25,0.0,8.318699804597701,0.0,0.47016129,0.0,0.7,0.0
2025-08-19 23:00:00,0.22,0.0,8.0986998045977,0.0,0.47016129,0.0,0.088,0.0
2025-08-20 00:00:00,0.22,0.0,7.878699804597701,0.0,0.42016129,0.0,0.086,0.0
2025-08-20 01:00:00,0.22,0.0,7.658699804597701,0.0,0.42016129,0.0,0.088,0.0
2025-08-20 02:00:00,0.21,0.0,7.448699804597701,0.0,0.42016129,0.0,0.085,0.0
2025-08-20 03:00:00,0.22,0.0,7.228699804597701,0.0,0.42016129,0.0,0.08,0.0
2025-08-20 04:00:00,0.21,0.0,7.018699804597701,0.0,0.42016129,0.0,0.08,0.0
2025-08-20 05:00:00,0.22,0.0,6.798699804597701,0.0,0.42016129,0.0,0.081,0.0
2025-08-20 06:00:00,0.22,0.255135,6.833834804597702,0.0,0.42016129,0.0,0.079,0.0
2025-08-20 07:00:00,0.5599999999999999,1.661632,7.935466804597702,0.0,0.42016129,0.0,0.069,0.0
2025-08-20 08:00:00,0.18,3.177213,10.932679804597702,0.0,0.42016129,0.0,0.064,0.0
2025-08-20 09:00:00,0.14,4.279363,13.5,0.0,0.42016129,4.139363,0.063,-0.260779869
2025-08-20 10:00:00,2.42,5.033232,13.5,0.0,0.42016129,2.613232,0.063,-0.164633616
2025-08-20 11:00:00,2.6873653846153847,5.4910820000000005,13.5,0.0,0.42016129,2.803716615384616,0.062,-0.17383043015384617
2025-08-20 12:00:00,2.7673653846153847,5.598332999999999,13.5,0.0,0.42016129,2.8309676153846146,0.061,-0.1726890245384615
2025-08-20 13:00:00,2.7073653846153847,5.375310000000001,13.5,0.0,0.42016129,2.667944615384616,0.062,-0.1654125661538462
2025-08-20 14:00:00,2.4099999999999997,4.767582,13.5,0.0,0.42016129,2.3575820000000003,0.063,-0.14852766600000003
2025-08-20 15:00:00,0.11,3.777152,13.5,0.0,0.47016129,3.667152,0.066,-0.24203203200000004
2025-08-20 16:00:00,0.11,2.412209,13.5,0.0,0.63016129,2.302209,0.157,-0.361446813
2025-08-20 17:00:00,0.925853448275862,0.770443,13.344589551724138,0.0,0.63016129,0.0,0.825,0.0
2025-08-20 18:00:00,1.1258534482758622,0.041119,12.259855103448276,0.0,0.63016129,0.0,0.933,0.0
2025-08-20 19:00:00,0.23,0.0,12.029855103448275,0.0,0.63016129,0.0,1.034,0.0
2025-08-20 20:00:00,0.15,0.0,11.879855103448277,0.0,0.63016129,0.0,0.989,0.0
2025-08-20 21:00:00,0.13,0.0,11.749855103448274,0.0,0.47016129,0.0,0.72,0.0
2025-08-20 22:00:00,0.19,0.0,11.559855103448276,0.0,0.47016129,0.0,0.7,0.0
2025-08-20 23:00:00,0.22,0.0,11.339855103448274,0.0,0.47016129,0.0,0.088,0.0
2025-08-21 00:00:00,0.21,0.0,11.129855103448271,0.0,0.42016129,0.0,0.086,0.0
2025-08-21 01:00:00,0.21,0.0,10.919855103448272,0.0,0.42016129,0.0,0.088,0.0
2025-08-21 02:00:00,0.21,0.0,10.709855103448271,0.0,0.42016129,0.0,0.085,0.0
2025-08-21 03:00:00,0.2299999999999999,0.0,10.479855103448273,0.0,0.42016129,0.0,0.08,0.0
2025-08-21 04:00:00,0.21,0.0,10.26985510344827,0.0,0.42016129,0.0,0.08,0.0
2025-08-21 05:00:00,0.21,0.0,10.05985510344827,0.0,0.42016129,0.0,0.081,0.0
2025-08-21 06:00:00,1.08,0.257481,9.23733610344827,0.0,0.42016129,0.0,0.079,0.0
2025-08-21 07:00:00,0.95,0.7957989999999999,9.083135103448267,0.0,0.42016129,0.0,0.069,0.0
2025-08-21 08:00:00,0.11,3.226352,12.19948710344827,0.0,0.42016129,0.0,0.064,0.0
2025-08-21 09:00:00,0.09,4.2954859999999995,13.5,0.0,0.42016129,4.205486,0.063,-0.264945618
2025-08-21 10:00:00,0.1,5.035109,13.5,0.0,0.42016129,4.935109000000001,0.063,-0.31091186700000006
2025-08-21 11:00:00,0.3873653846153847,5.4675270000000005,13.5,0.0,0.42016129,5.080161615384616,0.062,-0.3149700201538462
2025-08-21 12:00:00,0.3873653846153847,5.5741760000000005,13.5,0.0,0.42016129,5.186810615384616,0.061,-0.31639544753846155
2025-08-21 13:00:00,0.3973653846153847,5.326442,13.5,0.0,0.42016129,4.9290766153846155,0.062,-0.30560275015384614
2025-08-21 14:00:00,0.1,4.7046719999999995,13.5,0.0,0.42016129,4.604672,0.063,-0.290094336
2025-08-21 15:00:00,0.1,3.705568,13.5,0.0,0.47016129,3.605568,0.066,-0.237967488
2025-08-21 16:00:00,0.11,2.358196,13.5,0.0,0.63016129,2.248196,0.157,-0.35296677200000004
2025-08-21 17:00:00,0.925853448275862,0.7588980000000001,13.333044551724138,0.0,0.63016129,0.0,0.825,0.0
2025-08-21 18:00:00,1.1258534482758622,0.036062,12.243253103448277,0.0,0.63016129,0.0,0.933,0.0
2025-08-21 19:00:00,0.24,0.0,12.003253103448277,0.0,0.63016129,0.0,1.034,0.0
2025-08-21 20:00:00,0.16,0.0,11.843253103448276,0.0,0.63016129,0.0,0.989,0.0
2025-08-21 21:00:00,0.13,0.0,11.713253103448274,0.0,0.47016129,0.0,0.72,0.0
2025-08-21 22:00:00,0.19,0.0,11.523253103448274,0.0,0.47016129,0.0,0.7,0.0
2025-08-21 23:00:00,0.22,0.0,11.303253103448274,0.0,0.47016129,0.0,0.088,0.0
2025-08-22 00:00:00,0.22,0.0,11.083253103448271,0.0,0.42016129,0.0,0.086,0.0
2025-08-22 01:00:00,0.22,0.0,10.863253103448272,0.0,0.42016129,0.0,0.088,0.0
2025-08-22 02:00:00,0.22,0.0,10.643253103448272,0.0,0.42016129,0.0,0.085,0.0
2025-08-22 03:00:00,0.18,0.0,10.463253103448272,0.0,0.42016129,0.0,0.08,0.0
2025-08-22 04:00:00,0.11,0.0,10.353253103448273,0.0,0.42016129,0.0,0.08,0.0
2025-08-22 05:00:00,0.11,0.0,10.243253103448271,0.0,0.42016129,0.0,0.081,0.0
2025-08-22 06:00:00,0.1,0.2945179999999999,10.437771103448274,0.0,0.42016129,0.0,0.079,0.0
2025-08-22 07:00:00,0.21,1.653409,11.881180103448274,0.0,0.42016129,0.0,0.069,0.0
2025-08-22 08:00:00,0.48,3.140925,13.5,0.0,0.42016129,2.660925,0.064,-0.1702992
2025-08-22 09:00:00,0.48,4.192678,13.5,0.0,0.42016129,3.712678,0.063,-0.233898714
2025-08-22 10:00:00,2.92,5.000017,13.5,0.0,0.42016129,2.080017,0.063,-0.13104107099999998
2025-08-22 11:00:00,2.9973653846153843,5.486495,13.5,0.0,0.42016129,2.4891296153846154,0.062,-0.15432603615384616
2025-08-22 12:00:00,2.6873653846153847,5.615614,13.5,0.0,0.42016129,2.9282486153846152,0.061,-0.17862316553846153
2025-08-22 13:00:00,2.7373653846153845,5.411454,13.5,0.0,0.42016129,2.6740886153846155,0.062,-0.16579349415384617
2025-08-22 14:00:00,2.52,4.762283,13.5,0.0,0.42016129,2.242283,0.063,-0.141263829
2025-08-22 15:00:00,0.14,3.774495,13.5,0.0,0.47016129,3.634495,0.066,-0.23987667
2025-08-22 16:00:00,0.1,2.389612,13.5,0.0,0.63016129,2.289612,0.157,-0.359469084
2025-08-22 17:00:00,1.1158534482758622,0.780774,13.164920551724135,0.0,0.63016129,0.0,0.825,0.0
2025-08-22 18:00:00,1.165853448275862,0.039651,12.038718103448277,0.0,0.63016129,0.0,0.933,0.0
2025-08-22 19:00:00,0.14,0.0,11.898718103448276,0.0,0.63016129,0.0,1.034,0.0
2025-08-22 20:00:00,0.12,0.0,11.778718103448275,0.0,0.63016129,0.0,0.989,0.0
2025-08-22 21:00:00,0.53,0.0,11.248718103448276,0.0,0.47016129,0.0,0.72,0.0
2025-08-22 22:00:00,0.61,0.0,10.638718103448277,0.0,0.47016129,0.0,0.7,0.0
2025-08-22 23:00:00,0.18,0.0,10.458718103448277,0.0,0.47016129,0.0,0.088,0.0
2025-08-23 00:00:00,0.11,0.0,10.348718103448276,0.0,0.42016129,0.0,0.086,0.0
2025-08-23 01:00:00,0.1,0.0,10.248718103448278,0.0,0.42016129,0.0,0.088,0.0
2025-08-23 02:00:00,0.2,0.0,10.048718103448278,0.0,0.42016129,0.0,0.085,0.0
2025-08-23 03:00:00,0.48,0.0,9.568718103448278,0.0,0.42016129,0.0,0.08,0.0
2025-08-23 04:00:00,0.53,0.0,9.03871810344828,0.0,0.42016129,0.0,0.08,0.0
2025-08-23 05:00:00,0.54,0.0,8.49871810344828,0.0,0.42016129,0.0,0.081,0.0
2025-08-23 06:00:00,0.49,0.2948809999999999,8.30359910344828,0.0,0.42016129,0.0,0.079,0.0
2025-08-23 07:00:00,0.36,0.7715510000000001,8.715150103448279,0.0,0.42016129,0.0,0.069,0.0
2025-08-23 08:00:00,1.41,3.204447,10.50959710344828,0.0,0.42016129,0.0,0.064,0.0
2025-08-23 09:00:00,0.12,4.316498999999999,13.5,0.0,0.42016129,4.196498999999999,0.063,-0.26437943699999994
2025-08-23 10:00:00,2.73,5.072896,13.5,0.0,0.42016129,2.342896,0.063,-0.147602448
2025-08-23 11:00:00,2.7073653846153847,5.515864,13.5,0.0,0.42016129,2.808498615384615,0.062,-0.17412691415384612
2025-08-23 12:00:00,3.2973653846153845,5.598368000000001,13.5,0.0,0.42016129,2.301002615384616,0.061,-0.1403611595384616
2025-08-23 13:00:00,4.907365384615384,5.362419,13.5,0.0,0.42016129,0.45505361538461564,0.062,-0.02821332415384617
2025-08-23 14:00:00,2.88,4.7355469999999995,13.5,0.0,0.42016129,1.8555469999999996,0.063,-0.11689946099999998
2025-08-23 15:00:00,0.25,3.734961,13.5,0.0,0.47016129,3.484961,0.066,-0.23000742600000001
2025-08-23 16:00:00,0.14,1.1531300000000002,13.5,0.0,0.63016129,1.0131300000000003,0.157,-0.15906141000000004
2025-08-23 17:00:00,2.0658534482758624,0.755873,12.190019551724138,0.0,0.63016129,0.0,0.825,0.0
2025-08-23 18:00:00,2.6458534482758624,0.03442,9.578586103448275,0.0,0.63016129,0.0,0.933,0.0
2025-08-23 19:00:00,0.14,0.0,9.438586103448277,0.0,0.63016129,0.0,1.034,0.0
2025-08-23 20:00:00,0.15,0.0,9.288586103448274,0.0,0.63016129,0.0,0.989,0.0
2025-08-23 21:00:00,0.14,0.0,9.148586103448274,0.0,0.47016129,0.0,0.72,0.0
2025-08-23 22:00:00,0.22,0.0,8.928586103448273,0.0,0.47016129,0.0,0.7,0.0
2025-08-23 23:00:00,0.22,0.0,8.708586103448273,0.0,0.47016129,0.0,0.088,0.0
2025-08-24 00:00:00,0.22,0.0,8.488586103448272,0.0,0.42016129,0.0,0.086,0.0
2025-08-24 01:00:00,0.22,0.0,8.268586103448271,0.0,0.42016129,0.0,0.088,0.0
2025-08-24 02:00:00,0.22,0.0,8.04858610344827,0.0,0.42016129,0.0,0.085,0.0
2025-08-24 03:00:00,0.22,0.0,7.828586103448271,0.0,0.42016129,0.0,0.08,0.0
2025-08-24 04:00:00,0.22,0.0,7.608586103448271,0.0,0.42016129,0.0,0.08,0.0
2025-08-24 05:00:00,0.22,0.0,7.388586103448271,0.0,0.42016129,0.0,0.081,0.0
2025-08-24 06:00:00,0.23,0.297735,7.456321103448271,0.0,0.42016129,0.0,0.079,0.0
2025-08-24 07:00:00,0.22,0.336004,7.572325103448272,0.0,0.42016129,0.0,0.069,0.0
2025-08-24 08:00:00,1.28,0.910591,7.202916103448271,0.0,0.42016129,0.0,0.064,0.0
2025-08-24 09:00:00,0.13,4.398695,11.471611103448272,0.0,0.42016129,0.0,0.063,0.0
2025-08-24 10:00:00,2.71,5.150546,13.5,0.0,0.42016129,2.4405460000000003,0.063,-0.15375439800000001
2025-08-24 11:00:00,2.6298923076923075,5.608871,13.5,0.0,0.42016129,2.978978692307692,0.062,-0.18469667892307692
2025-08-24 12:00:00,2.6598923076923073,5.666768,13.5,0.0,0.42016129,3.006875692307693,0.061,-0.18341941723076927
2025-08-24 13:00:00,2.6898923076923076,2.73328,13.5,0.0,0.42016129,0.04338769230769257,0.062,-0.0026900369230769394
2025-08-24 14:00:00,2.5599999999999996,2.099619,13.039619,0.0,0.42016129,0.0,0.063,0.0
2025-08-24 15:00:00,0.14,3.732285,13.5,0.0,0.47016129,3.592285,0.066,-0.23709081
2025-08-24 16:00:00,0.12,0.949928,13.5,0.0,0.63016129,0.829928,0.157,-0.130298696
2025-08-24 17:00:00,0.8026827586206897,0.383289,13.08060624137931,0.0,0.63016129,0.0,0.825,0.0
2025-08-24 18:00:00,0.8026827586206897,0.028328,12.30625148275862,0.0,0.63016129,0.0,0.933,0.0
2025-08-24 19:00:00,0.21,0.0,12.09625148275862,0.0,0.63016129,0.0,1.034,0.0
2025-08-24 20:00:00,0.27,0.0,11.82625148275862,0.0,0.63016129,0.0,0.989,0.0
2025-08-24 21:00:00,0.5800000000000001,0.0,11.24625148275862,0.0,0.47016129,0.0,0.72,0.0
2025-08-24 22:00:00,0.23,0.0,11.01625148275862,0.0,0.47016129,0.0,0.7,0.0
2025-08-24 23:00:00,0.2299999999999999,0.0,10.78625148275862,0.0,0.47016129,0.0,0.088,0.0
2025-08-25 00:00:00,0.22,0.0,10.566251482758618,0.0,0.42016129,0.0,0.086,0.0
2025-08-25 01:00:00,0.26,0.0,10.306251482758618,0.0,0.42016129,0.0,0.088,0.0
2025-08-25 02:00:00,0.3,0.0,10.006251482758618,0.0,0.42016129,0.0,0.085,0.0
2025-08-25 03:00:00,0.22,0.0,9.786251482758615,0.0,0.42016129,0.0,0.08,0.0
2025-08-25 04:00:00,0.21,0.0,9.576251482758616,0.0,0.42016129,0.0,0.08,0.0
2025-08-25 05:00:00,0.22,0.0,9.356251482758616,0.0,0.42016129,0.0,0.081,0.0
2025-08-25 06:00:00,0.23,0.293206,9.419457482758617,0.0,0.42016129,0.0,0.079,0.0
2025-08-25 07:00:00,1.21,0.268947,8.478404482758615,0.0,0.42016129,0.0,0.069,0.0
2025-08-25 08:00:00,0.5800000000000001,0.654154,8.552558482758615,0.0,0.42016129,0.0,0.064,0.0
2025-08-25 09:00:00,0.12,0.989937,9.422495482758617,0.0,0.42016129,0.0,0.063,0.0
2025-08-25 10:00:00,0.14,2.171388,11.453883482758616,0.0,0.42016129,0.0,0.063,0.0
2025-08-25 11:00:00,0.3598923076923077,3.799548,13.5,0.0,0.42016129,3.4396556923076926,0.062,-0.21325865292307694
2025-08-25 12:00:00,0.4098923076923077,3.4197040000000003,13.5,0.0,0.42016129,3.0098116923076925,0.061,-0.18359851323076923
2025-08-25 13:00:00,0.7598923076923078,5.451308,13.5,0.0,0.42016129,4.691415692307692,0.062,-0.2908677729230769
2025-08-25 14:00:00,0.5700000000000001,4.812188,13.5,0.0,0.42016129,4.242188,0.063,-0.26725784399999997
2025-08-25 15:00:00,0.2,3.819094,13.5,0.0,0.47016129,3.619094,0.066,-0.23886020400000002
2025-08-25 16:00:00,0.21,2.3898029999999997,13.5,0.0,0.63016129,2.1798029999999997,0.157,-0.34222907099999994
2025-08-25 17:00:00,2.50268275862069,0.74952,11.74683724137931,0.0,0.63016129,0.0,0.825,0.0
2025-08-25 18:00:00,1.9726827586206896,0.025693,9.79984748275862,0.0,0.63016129,0.0,0.933,0.0
2025-08-25 19:00:00,0.21,0.0,9.58984748275862,0.0,0.63016129,0.0,1.034,0.0
2025-08-25 20:00:00,0.36,0.0,9.22984748275862,0.0,0.63016129,0.0,0.989,0.0
2025-08-25 21:00:00,0.3399999999999999,0.0,8.88984748275862,0.0,0.47016129,0.0,0.72,0.0
2025-08-25 22:00:00,0.32,0.0,8.56984748275862,0.0,0.47016129,0.0,0.7,0.0
2025-08-25 23:00:00,0.38,0.0,8.18984748275862,0.0,0.47016129,0.0,0.088,0.0
2025-08-26 00:00:00,0.3,0.0,7.889847482758619,0.0,0.42016129,0.0,0.086,0.0
2025-08-26 01:00:00,0.26,0.0,7.62984748275862,0.0,0.42016129,0.0,0.088,0.0
2025-08-26 02:00:00,0.26,0.0,7.36984748275862,0.0,0.42016129,0.0,0.085,0.0
2025-08-26 03:00:00,0.27,0.0,7.099847482758619,0.0,0.42016129,0.0,0.08,0.0
2025-08-26 04:00:00,0.27,0.0,6.82984748275862,0.0,0.42016129,0.0,0.08,0.0
2025-08-26 05:00:00,0.26,0.0,6.56984748275862,0.0,0.42016129,0.0,0.081,0.0
2025-08-26 06:00:00,0.27,0.290344,6.59019148275862,0.0,0.42016129,0.0,0.079,0.0
2025-08-26 07:00:00,0.24,0.349726,6.69991748275862,0.0,0.42016129,0.0,0.069,0.0
2025-08-26 08:00:00,0.1,0.8453769999999999,7.445294482758619,0.0,0.42016129,0.0,0.064,0.0
2025-08-26 09:00:00,0.1,0.950563,8.295857482758619,0.0,0.42016129,0.0,0.063,0.0
2025-08-26 10:00:00,0.1,1.451836,9.64769348275862,0.0,0.42016129,0.0,0.063,0.0
2025-08-26 11:00:00,0.3398923076923077,2.3462739999999997,11.65407517506631,0.0,0.42016129,0.0,0.062,0.0
2025-08-26 12:00:00,0.3298923076923077,3.2451350000000003,13.5,0.0,0.42016129,2.9152426923076926,0.061,-0.17782980423076925
2025-08-26 13:00:00,0.3298923076923077,3.1502179999999997,13.5,0.0,0.42016129,2.820325692307692,0.062,-0.17486019292307692
2025-08-26 14:00:00,0.1,2.840126,13.5,0.0,0.42016129,2.740126,0.063,-0.172627938
2025-08-26 15:00:00,0.15,3.797385,13.5,0.0,0.47016129,3.647385,0.066,-0.24072741
2025-08-26 16:00:00,0.2,1.064872,13.5,0.0,0.63016129,0.8648720000000001,0.157,-0.135784904
2025-08-26 17:00:00,2.5526827586206897,0.398687,11.34600424137931,0.0,0.63016129,0.0,0.825,0.0
2025-08-26 18:00:00,1.5426827586206897,0.022661,9.82598248275862,0.0,0.63016129,0.0,0.933,0.0
2025-08-26 19:00:00,0.16,0.0,9.66598248275862,0.0,0.63016129,0.0,1.034,0.0
2025-08-26 20:00:00,0.23,0.0,9.43598248275862,0.0,0.63016129,0.0,0.989,0.0
2025-08-26 21:00:00,0.26,0.0,9.17598248275862,0.0,0.47016129,0.0,0.72,0.0
2025-08-26 22:00:00,0.22,0.0,8.95598248275862,0.0,0.47016129,0.0,0.7,0.0
2025-08-26 23:00:00,0.2299999999999999,0.0,8.725982482758619,0.0,0.47016129,0.0,0.088,0.0
2025-08-27 00:00:00,0.22,0.0,8.505982482758618,0.0,0.42016129,0.0,0.086,0.0
2025-08-27 01:00:00,0.22,0.0,8.285982482758618,0.0,0.42016129,0.0,0.088,0.0
2025-08-27 02:00:00,0.22,0.0,8.065982482758617,0.0,0.42016129,0.0,0.085,0.0
2025-08-27 03:00:00,0.3,0.0,7.765982482758617,0.0,0.42016129,0.0,0.08,0.0
2025-08-27 04:00:00,0.28,0.0,7.485982482758617,0.0,0.42016129,0.0,0.08,0.0
2025-08-27 05:00:00,0.22,0.0,7.265982482758617,0.0,0.42016129,0.0,0.081,0.0
2025-08-27 06:00:00,0.22,0.318152,7.364134482758617,0.0,0.42016129,0.0,0.079,0.0
2025-08-27 07:00:00,0.15,0.8234880000000001,8.037622482758618,0.0,0.42016129,0.0,0.069,0.0
2025-08-27 08:00:00,0.1,1.217122,9.154744482758618,0.0,0.42016129,0.0,0.064,0.0
2025-08-27 09:00:00,0.1,4.326343,13.381087482758618,0.0,0.42016129,0.0,0.063,0.0
2025-08-27 10:00:00,2.4099999999999997,5.111437,13.5,0.0,0.42016129,2.701437,0.063,-0.170190531
2025-08-27 11:00:00,2.639892307692308,3.327886,13.5,0.0,0.42016129,0.6879936923076917,0.062,-0.04265560892307688
2025-08-27 12:00:00,2.6298923076923075,3.647161,13.5,0.0,0.42016129,1.0172686923076926,0.061,-0.062053390230769244
2025-08-27 13:00:00,2.639892307692308,5.396744,13.5,0.0,0.42016129,2.756851692307692,0.062,-0.17092480492307688
2025-08-27 14:00:00,2.4099999999999997,4.7223180000000005,13.5,0.0,0.42016129,2.3123180000000008,0.063,-0.14567603400000004
2025-08-27 15:00:00,0.11,2.562363,13.5,0.0,0.47016129,2.452363,0.066,-0.16185595800000002
2025-08-27 16:00:00,0.11,2.3277669999999997,13.5,0.0,0.63016129,2.217767,0.157,-0.348189419
2025-08-27 17:00:00,1.2926827586206897,0.7126140000000001,12.91993124137931,0.0,0.63016129,0.0,0.825,0.0
2025-08-27 18:00:00,2.17268275862069,0.03981,10.78705848275862,0.0,0.63016129,0.0,0.933,0.0
2025-08-27 19:00:00,0.3299999999999999,0.0,10.45705848275862,0.0,0.63016129,0.0,1.034,0.0
2025-08-27 20:00:00,0.26,0.0,10.19705848275862,0.0,0.63016129,0.0,0.989,0.0
2025-08-27 21:00:00,0.2299999999999999,0.0,9.96705848275862,0.0,0.47016129,0.0,0.72,0.0
2025-08-27 22:00:00,0.25,0.0,9.71705848275862,0.0,0.47016129,0.0,0.7,0.0
2025-08-27 23:00:00,0.2299999999999999,0.0,9.48705848275862,0.0,0.47016129,0.0,0.088,0.0
2025-08-28 00:00:00,0.22,0.0,9.26705848275862,0.0,0.42016129,0.0,0.086,0.0
2025-08-28 01:00:00,0.22,0.0,9.04705848275862,0.0,0.42016129,0.0,0.088,0.0
2025-08-28 02:00:00,0.21,0.0,8.837058482758618,0.0,0.42016129,0.0,0.085,0.0
2025-08-28 03:00:00,0.22,0.0,8.617058482758617,0.0,0.42016129,0.0,0.08,0.0
2025-08-28 04:00:00,0.22,0.0,8.397058482758617,0.0,0.42016129,0.0,0.08,0.0
2025-08-28 05:00:00,0.21,0.0,8.187058482758616,0.0,0.42016129,0.0,0.081,0.0
2025-08-28 06:00:00,0.24,0.289437,8.236495482758615,0.0,0.42016129,0.0,0.079,0.0
2025-08-28 07:00:00,0.33,1.633395,9.539890482758617,0.0,0.42016129,0.0,0.069,0.0
2025-08-28 08:00:00,0.15,3.076014,12.465904482758615,0.0,0.42016129,0.0,0.064,0.0
2025-08-28 09:00:00,0.35,4.108421999999999,13.5,0.0,0.42016129,3.758421999999999,0.063,-0.23678058599999993
2025-08-28 10:00:00,0.5700000000000001,4.846636,13.5,0.0,0.42016129,4.276636,0.063,-0.269428068
2025-08-28 11:00:00,0.8998923076923078,5.298918,13.5,0.0,0.42016129,4.399025692307692,0.062,-0.2727395929230769
2025-08-28 12:00:00,0.6498923076923078,5.411810999999999,13.5,0.0,0.42016129,4.761918692307692,0.061,-0.2904770402307692
2025-08-28 13:00:00,0.5698923076923077,5.143059,13.5,0.0,0.42016129,4.573166692307693,0.062,-0.28353633492307695
2025-08-28 14:00:00,0.11,4.55358,13.5,0.0,0.42016129,4.44358,0.063,-0.27994554
2025-08-28 15:00:00,0.11,3.552723,13.5,0.0,0.47016129,3.442723,0.066,-0.22721971800000001
2025-08-28 16:00:00,0.11,2.184474,13.5,0.0,0.63016129,2.074474,0.157,-0.325692418
2025-08-28 17:00:00,0.7826827586206897,0.680276,13.39759324137931,0.0,0.63016129,0.0,0.825,0.0
2025-08-28 18:00:00,1.3026827586206895,0.015888,12.11079848275862,0.0,0.63016129,0.0,0.933,0.0
2025-08-28 19:00:00,0.32,0.0,11.79079848275862,0.0,0.63016129,0.0,1.034,0.0
2025-08-28 20:00:00,0.2,0.0,11.59079848275862,0.0,0.63016129,0.0,0.989,0.0
2025-08-28 21:00:00,0.42,0.0,11.17079848275862,0.0,0.47016129,0.0,0.72,0.0
2025-08-28 22:00:00,0.29,0.0,10.88079848275862,0.0,0.47016129,0.0,0.7,0.0
2025-08-28 23:00:00,0.68,0.0,10.20079848275862,0.0,0.47016129,0.0,0.088,0.0
2025-08-29 00:00:00,0.11,0.0,10.090798482758622,0.0,0.42016129,0.0,0.086,0.0
2025-08-29 01:00:00,0.1,0.0,9.990798482758622,0.0,0.42016129,0.0,0.088,0.0
2025-08-29 02:00:00,0.1,0.0,9.890798482758624,0.0,0.42016129,0.0,0.085,0.0
2025-08-29 03:00:00,0.11,0.0,9.780798482758623,0.0,0.42016129,0.0,0.08,0.0
2025-08-29 04:00:00,0.1,0.0,9.680798482758624,0.0,0.42016129,0.0,0.08,0.0
2025-08-29 05:00:00,0.09,0.0,9.590798482758624,0.0,0.42016129,0.0,0.081,0.0
2025-08-29 06:00:00,0.1,0.301057,9.791855482758624,0.0,0.42016129,0.0,0.079,0.0
2025-08-29 07:00:00,0.14,1.625626,11.277481482758624,0.0,0.42016129,0.0,0.069,0.0
2025-08-29 08:00:00,0.18,3.0807469999999997,13.5,0.0,0.42016129,2.9007469999999995,0.064,-0.18564780799999997
2025-08-29 09:00:00,0.16,4.168709,13.5,0.0,0.42016129,4.008709,0.063,-0.252548667
2025-08-29 10:00:00,2.55,4.9019960000000005,13.5,0.0,0.42016129,2.3519960000000006,0.063,-0.14817574800000005
2025-08-29 11:00:00,2.8173653846153845,5.342720999999999,13.5,0.0,0.42016129,2.5253556153846146,0.062,-0.1565720481538461
2025-08-29 12:00:00,2.7473653846153843,5.454103,13.5,0.0,0.42016129,2.7067376153846157,0.061,-0.16511099453846156
2025-08-29 13:00:00,2.7573653846153845,5.205942,13.5,0.0,0.42016129,2.448576615384616,0.062,-0.15181175015384618
2025-08-29 14:00:00,2.47,4.575412999999999,13.5,0.0,0.42016129,2.105412999999999,0.063,-0.13264101899999994
2025-08-29 15:00:00,0.19,3.594295,13.5,0.0,0.47016129,3.404295,0.066,-0.22468347
2025-08-29 16:00:00,0.16,2.225161,13.5,0.0,0.63016129,2.065161,0.157,-0.32423027699999996
2025-08-29 17:00:00,2.075853448275862,0.670394,12.094540551724135,0.0,0.63016129,0.0,0.825,0.0
2025-08-29 18:00:00,2.625853448275862,0.009427,9.478114103448275,0.0,0.63016129,0.0,0.933,0.0
2025-08-29 19:00:00,0.37,0.0,9.108114103448276,0.0,0.63016129,0.0,1.034,0.0
2025-08-29 20:00:00,0.27,0.0,8.838114103448277,0.0,0.63016129,0.0,0.989,0.0
2025-08-29 21:00:00,0.55,0.0,8.288114103448276,0.0,0.47016129,0.0,0.72,0.0
2025-08-29 22:00:00,0.1,0.0,8.188114103448276,0.0,0.47016129,0.0,0.7,0.0
2025-08-29 23:00:00,0.1,0.0,8.088114103448277,0.0,0.47016129,0.0,0.088,0.0
2025-08-30 00:00:00,0.1,0.0,7.988114103448277,0.0,0.42016129,0.0,0.086,0.0
2025-08-30 01:00:00,0.1,0.0,7.888114103448277,0.0,0.42016129,0.0,0.088,0.0
2025-08-30 02:00:00,0.1,0.0,7.788114103448278,0.0,0.42016129,0.0,0.085,0.0
2025-08-30 03:00:00,0.1,0.0,7.688114103448278,0.0,0.42016129,0.0,0.08,0.0
2025-08-30 04:00:00,0.1,0.0,7.588114103448278,0.0,0.42016129,0.0,0.08,0.0
2025-08-30 05:00:00,0.11,0.0,7.478114103448278,0.0,0.42016129,0.0,0.081,0.0
2025-08-30 06:00:00,0.21,0.284281,7.552395103448278,0.0,0.42016129,0.0,0.079,0.0
2025-08-30 07:00:00,0.1,1.643285,9.095680103448275,0.0,0.42016129,0.0,0.069,0.0
2025-08-30 08:00:00,0.1,3.0847710000000004,12.080451103448278,0.0,0.42016129,0.0,0.064,0.0
2025-08-30 09:00:00,0.1,4.110357,13.5,0.0,0.42016129,4.010357,0.063,-0.252652491
2025-08-30 10:00:00,2.4099999999999997,4.852901,13.5,0.0,0.42016129,2.4429010000000004,0.063,-0.15390276300000003
2025-08-30 11:00:00,2.6873653846153847,5.292119,13.5,0.0,0.42016129,2.604753615384615,0.062,-0.16149472415384614
2025-08-30 12:00:00,2.6973653846153844,5.414576,13.5,0.0,0.42016129,2.717210615384616,0.061,-0.16574984753846156
2025-08-30 13:00:00,2.6873653846153847,5.168009,13.5,0.0,0.42016129,2.480643615384615,0.062,-0.15379990415384612
2025-08-30 14:00:00,2.4099999999999997,4.523658,13.5,0.0,0.42016129,2.1136580000000005,0.063,-0.13316045400000004
2025-08-30 15:00:00,0.11,3.555958,13.5,0.0,0.47016129,3.445958,0.066,-0.22743322800000002
2025-08-30 16:00:00,0.11,2.205249,13.5,0.0,0.63016129,2.095249,0.157,-0.328954093
2025-08-30 17:00:00,0.915853448275862,0.657154,13.241300551724136,0.0,0.63016129,0.0,0.825,0.0
2025-08-30 18:00:00,0.915853448275862,0.0062169999999999,12.331664103448276,0.0,0.63016129,0.0,0.933,0.0
2025-08-30 19:00:00,0.11,0.0,12.221664103448276,0.0,0.63016129,0.0,1.034,0.0
2025-08-30 20:00:00,0.11,0.0,12.111664103448277,0.0,0.63016129,0.0,0.989,0.0
2025-08-30 21:00:00,0.11,0.0,12.001664103448276,0.0,0.47016129,0.0,0.72,0.0
2025-08-30 22:00:00,0.1,0.0,11.901664103448278,0.0,0.47016129,0.0,0.7,0.0
2025-08-30 23:00:00,0.1,0.0,11.801664103448278,0.0,0.47016129,0.0,0.088,0.0
2025-08-31 00:00:00,0.11,0.0,11.69166410344828,0.0,0.42016129,0.0,0.086,0.0
2025-08-31 01:00:00,0.1,0.0,11.59166410344828,0.0,0.42016129,0.0,0.088,0.0
2025-08-31 02:00:00,0.11,0.0,11.48166410344828,0.0,0.42016129,0.0,0.085,0.0
2025-08-31 03:00:00,0.1,0.0,11.38166410344828,0.0,0.42016129,0.0,0.08,0.0
2025-08-31 04:00:00,0.11,0.0,11.27166410344828,0.0,0.42016129,0.0,0.08,0.0
2025-08-31 05:00:00,0.1,0.0,11.17166410344828,0.0,0.42016129,0.0,0.081,0.0
2025-08-31 06:00:00,0.1,0.0,11.07166410344828,0.0,0.42016129,0.0,0.079,0.0
2025-08-31 07:00:00,0.1,0.616924,11.58858810344828,0.0,0.42016129,0.0,0.069,0.0
2025-08-31 08:00:00,0.09,0.330918,11.82950610344828,0.0,0.42016129,0.0,0.064,0.0
2025-08-31 09:00:00,0.1,1.694213,13.42371910344828,0.0,0.42016129,0.0,0.063,0.0
2025-08-31 10:00:00,2.4099999999999997,2.373872,13.387591103448282,0.0,0.42016129,0.0,0.063,0.0
2025-08-31 11:00:00,2.6873653846153847,3.95412,13.5,0.0,0.42016129,1.2667546153846154,0.062,-0.07853878615384616
2025-08-31 12:00:00,2.6873653846153847,5.61382,13.5,0.0,0.42016129,2.926454615384615,0.061,-0.1785137315384615
2025-08-31 13:00:00,2.6873653846153847,5.33176,13.5,0.0,0.42016129,2.6443946153846154,0.062,-0.16395246615384615
2025-08-31 14:00:00,2.4,4.674147,13.5,0.0,0.42016129,2.2741469999999997,0.063,-0.14327126099999998
2025-08-31 15:00:00,0.51,3.68046,13.5,0.0,0.47016129,3.1704600000000003,0.066,-0.20925036000000002
2025-08-31 16:00:00,0.11,2.229071,13.5,0.0,0.63016129,2.119071,0.157,-0.332694147
2025-08-31 17:00:00,0.915853448275862,0.673176,13.25732255172414,0.0,0.63016129,0.0,0.825,0.0
2025-08-31 18:00:00,0.915853448275862,0.003338,12.344807103448275,0.0,0.63016129,0.0,0.933,0.0
2025-08-31 19:00:00,0.11,0.0,12.234807103448276,0.0,0.63016129,0.0,1.034,0.0
2025-08-31 20:00:00,0.11,0.0,12.124807103448278,0.0,0.63016129,0.0,0.989,0.0
2025-08-31 21:00:00,0.11,0.0,12.01480710344828,0.0,0.47016129,0.0,0.72,0.0
2025-08-31 22:00:00,0.1,0.0,11.91480710344828,0.0,0.47016129,0.0,0.7,0.0
2025-08-31 23:00:00,0.1,0.0,11.81480710344828,0.0,0.47016129,0.0,0.088,0.0
2025-08-31 23:59:59,0.1,0.0,11.81480710344828,0.1,150.0,0.0,0.0,15.0
2025-09-01 00:00:00,0.1,0.0,11.71480710344828,0.0,0.420833333,0.0,0.092,0.0
2025-09-01 01:00:00,0.1,0.0,11.61480710344828,0.0,0.420833333,0.0,0.089,0.0
2025-09-01 02:00:00,0.11,0.0,11.50480710344828,0.0,0.420833333,0.0,0.086,0.0
2025-09-01 03:00:00,0.1,0.0,11.40480710344828,0.0,0.420833333,0.0,0.084,0.0
2025-09-01 04:00:00,0.11,0.0,11.294807103448282,0.0,0.420833333,0.0,0.083,0.0
2025-09-01 05:00:00,0.1,0.0,11.194807103448282,0.0,0.420833333,0.0,0.085,0.0
2025-09-01 06:00:00,0.1,0.3072789999999999,11.402086103448282,0.0,0.420833333,0.0,0.084,0.0
2025-09-01 07:00:00,0.1,1.748199,13.050285103448282,0.0,0.420833333,0.0,0.071,0.0
2025-09-01 08:00:00,0.09,3.22746,13.5,0.0,0.420833333,3.1374600000000004,0.063,-0.19765998
2025-09-01 09:00:00,0.1,4.284470000000001,13.5,0.0,0.420833333,4.184470000000001,0.061,-0.25525267000000007
2025-09-01 10:00:00,0.09,5.0886819999999995,13.5,0.0,0.420833333,4.998682,0.06,-0.29992092
2025-09-01 11:00:00,0.3873653846153847,5.589665,13.5,0.0,0.420833333,5.202299615384615,0.06,-0.31213797692307693
2025-09-01 12:00:00,0.3973653846153847,5.700858,13.5,0.0,0.420833333,5.303492615384616,0.059,-0.3129060643076923
2025-09-01 13:00:00,0.3873653846153847,5.412440999999999,13.5,0.0,0.420833333,5.025075615384615,0.059,-0.29647946130769226
2025-09-01 14:00:00,0.11,4.738787,13.5,0.0,0.420833333,4.628787,0.059,-0.273098433
2025-09-01 15:00:00,0.11,3.724719,13.5,0.0,0.470833333,3.614719,0.062,-0.224112578
2025-09-01 16:00:00,0.13,2.282682,13.5,0.0,0.630833333,2.152682,0.073,-0.15714578599999998
2025-09-01 17:00:00,0.915853448275862,0.671933,13.256079551724138,0.0,0.630833333,0.0,0.125,0.0
2025-09-01 18:00:00,1.1058534482758622,0.0,12.150226103448276,0.0,0.630833333,0.0,0.368,0.0
2025-09-01 19:00:00,0.26,0.0,11.890226103448276,0.0,0.630833333,0.0,0.497,0.0
2025-09-01 20:00:00,0.22,0.0,11.670226103448275,0.0,0.630833333,0.0,0.292,0.0
2025-09-01 21:00:00,0.65,0.0,11.020226103448277,0.0,0.470833333,0.0,0.143,0.0
2025-09-01 22:00:00,0.36,0.0,10.660226103448275,0.0,0.470833333,0.0,0.136,0.0
2025-09-01 23:00:00,0.11,0.0,10.550226103448276,0.0,0.470833333,0.0,0.093,0.0
2025-09-02 00:00:00,0.1,0.0,10.450226103448276,0.0,0.420833333,0.0,0.092,0.0
2025-09-02 01:00:00,0.11,0.0,10.340226103448275,0.0,0.420833333,0.0,0.089,0.0
2025-09-02 02:00:00,0.1,0.0,10.240226103448276,0.0,0.420833333,0.0,0.086,0.0
2025-09-02 03:00:00,0.1,0.0,10.140226103448278,0.0,0.420833333,0.0,0.084,0.0
2025-09-02 04:00:00,0.1,0.0,10.040226103448278,0.0,0.420833333,0.0,0.083,0.0
2025-09-02 05:00:00,0.1,0.0,9.940226103448278,0.0,0.420833333,0.0,0.085,0.0
2025-09-02 06:00:00,0.1,0.301546,10.14177210344828,0.0,0.420833333,0.0,0.084,0.0
2025-09-02 07:00:00,0.13,1.7817349999999998,11.79350710344828,0.0,0.420833333,0.0,0.071,0.0
2025-09-02 08:00:00,0.11,3.304057,13.5,0.0,0.420833333,3.194057,0.063,-0.201225591
2025-09-02 09:00:00,0.09,4.393051000000001,13.5,0.0,0.420833333,4.303051000000001,0.061,-0.262486111
2025-09-02 10:00:00,0.1,5.193817,13.5,0.0,0.420833333,5.0938170000000005,0.06,-0.30562902000000003
2025-09-02 11:00:00,0.3298923076923077,5.6753789999999995,13.5,0.0,0.420833333,5.345486692307691,0.06,-0.32072920153846146
2025-09-02 12:00:00,0.3398923076923077,5.75,13.5,0.0,0.420833333,5.410107692307692,0.059,-0.3191963538461538
2025-09-02 13:00:00,0.3298923076923077,5.506396,13.5,0.0,0.420833333,5.176503692307692,0.059,-0.30541371784615384
2025-09-02 14:00:00,0.1,4.80134,13.5,0.0,0.420833333,4.70134,0.059,-0.27737906
2025-09-02 15:00:00,0.11,3.744523,13.5,0.0,0.470833333,3.634523,0.062,-0.225340426
2025-09-02 16:00:00,0.11,2.3051709999999996,13.5,0.0,0.630833333,2.1951709999999998,0.073,-0.16024748299999997
2025-09-02 17:00:00,0.7526827586206897,0.659065,13.40638224137931,0.0,0.630833333,0.0,0.125,0.0
2025-09-02 18:00:00,1.6826827586206896,0.0,11.72369948275862,0.0,0.630833333,0.0,0.368,0.0
2025-09-02 19:00:00,0.28,0.0,11.44369948275862,0.0,0.630833333,0.0,0.497,0.0
2025-09-02 20:00:00,0.41,0.0,11.03369948275862,0.0,0.630833333,0.0,0.292,0.0
2025-09-02 21:00:00,0.3,0.0,10.73369948275862,0.0,0.470833333,0.0,0.143,0.0
2025-09-02 22:00:00,0.2,0.0,10.53369948275862,0.0,0.470833333,0.0,0.136,0.0
2025-09-02 23:00:00,0.22,0.0,10.31369948275862,0.0,0.470833333,0.0,0.093,0.0
2025-09-03 00:00:00,0.22,0.0,10.09369948275862,0.0,0.420833333,0.0,0.092,0.0
2025-09-03 01:00:00,0.21,0.0,9.88369948275862,0.0,0.420833333,0.0,0.089,0.0
2025-09-03 02:00:00,0.22,0.0,9.663699482758618,0.0,0.420833333,0.0,0.086,0.0
2025-09-03 03:00:00,0.21,0.0,9.453699482758616,0.0,0.420833333,0.0,0.084,0.0
2025-09-03 04:00:00,0.22,0.0,9.233699482758617,0.0,0.420833333,0.0,0.083,0.0
2025-09-03 05:00:00,0.22,0.0,9.013699482758616,0.0,0.420833333,0.0,0.085,0.0
2025-09-03 06:00:00,0.15,0.303651,9.167350482758616,0.0,0.420833333,0.0,0.084,0.0
2025-09-03 07:00:00,0.22,0.641008,9.588358482758617,0.0,0.420833333,0.0,0.071,0.0
2025-09-03 08:00:00,0.12,1.007,10.475358482758615,0.0,0.420833333,0.0,0.063,0.0
2025-09-03 09:00:00,0.18,1.669718,11.965076482758615,0.0,0.420833333,0.0,0.061,0.0
2025-09-03 10:00:00,2.5,1.823649,11.288725482758617,0.0,0.420833333,0.0,0.06,0.0
2025-09-03 11:00:00,2.679892307692308,2.907732,11.516565175066308,0.0,0.420833333,0.0,0.06,0.0
2025-09-03 12:00:00,2.779892307692307,2.6330479999999996,11.369720867374,0.0,0.420833333,0.0,0.059,0.0
2025-09-03 13:00:00,2.7998923076923075,2.64129,11.211118559681694,0.0,0.420833333,0.0,0.059,0.0
2025-09-03 14:00:00,2.46,2.111065,10.862183559681691,0.0,0.420833333,0.0,0.059,0.0
2025-09-03 15:00:00,0.17,1.614003,12.306186559681692,0.0,0.470833333,0.0,0.062,0.0
2025-09-03 16:00:00,0.15,0.653864,12.810050559681692,0.0,0.630833333,0.0,0.073,0.0
2025-09-03 17:00:00,2.50268275862069,0.339796,10.647163801061003,0.0,0.630833333,0.0,0.125,0.0
2025-09-03 18:00:00,1.7226827586206896,0.0,8.924481042440313,0.0,0.630833333,0.0,0.368,0.0
2025-09-03 19:00:00,0.17,0.0,8.754481042440313,0.0,0.630833333,0.0,0.497,0.0
2025-09-03 20:00:00,0.25,0.0,8.504481042440313,0.0,0.630833333,0.0,0.292,0.0
2025-09-03 21:00:00,0.27,0.0,8.234481042440313,0.0,0.470833333,0.0,0.143,0.0
2025-09-03 22:00:00,1.33,0.0,6.904481042440313,0.0,0.470833333,0.0,0.136,0.0
2025-09-03 23:00:00,0.32,0.0,6.584481042440313,0.0,0.470833333,0.0,0.093,0.0
2025-09-04 00:00:00,0.23,0.0,6.354481042440312,0.0,0.420833333,0.0,0.092,0.0
2025-09-04 01:00:00,0.14,0.0,6.214481042440313,0.0,0.420833333,0.0,0.089,0.0
2025-09-04 02:00:00,0.22,0.0,5.994481042440313,0.0,0.420833333,0.0,0.086,0.0
2025-09-04 03:00:00,0.22,0.0,5.774481042440313,0.0,0.420833333,0.0,0.084,0.0
2025-09-04 04:00:00,0.22,0.0,5.5544810424403135,0.0,0.420833333,0.0,0.083,0.0
2025-09-04 05:00:00,0.22,0.0,5.334481042440314,0.0,0.420833333,0.0,0.085,0.0
2025-09-04 06:00:00,0.22,0.304214,5.418695042440314,0.0,0.420833333,0.0,0.084,0.0
2025-09-04 07:00:00,0.25,1.807246,6.975941042440314,0.0,0.420833333,0.0,0.071,0.0
2025-09-04 08:00:00,0.12,3.4104699999999997,10.266411042440314,0.0,0.420833333,0.0,0.063,0.0
2025-09-04 09:00:00,0.1,4.569872,13.5,0.0,0.420833333,4.4698720000000005,0.061,-0.272662192
2025-09-04 10:00:00,0.09,5.404929,13.5,0.0,0.420833333,5.314929,0.06,-0.31889574
2025-09-04 11:00:00,0.3398923076923077,5.75,13.5,0.0,0.420833333,5.410107692307692,0.06,-0.3246064615384615
2025-09-04 12:00:00,0.3298923076923077,5.75,13.5,0.0,0.420833333,5.420107692307692,0.059,-0.3197863538461538
2025-09-04 13:00:00,0.3298923076923077,5.640356,13.5,0.0,0.420833333,5.310463692307692,0.059,-0.31331735784615383
2025-09-04 14:00:00,0.09,4.946172,13.5,0.0,0.420833333,4.856172,0.059,-0.28651414799999997
2025-09-04 15:00:00,0.1,3.852291,13.5,0.0,0.470833333,3.752291,0.062,-0.232642042
2025-09-04 16:00:00,0.1,2.3441140000000003,13.5,0.0,0.630833333,2.244114,0.073,-0.163820322
2025-09-04 17:00:00,0.8526827586206898,0.6467480000000001,13.294065241379313,0.0,0.630833333,0.0,0.125,0.0
2025-09-04 18:00:00,0.8926827586206897,0.0,12.40138248275862,0.0,0.630833333,0.0,0.368,0.0
2025-09-04 19:00:00,0.27,0.0,12.13138248275862,0.0,0.630833333,0.0,0.497,0.0
2025-09-04 20:00:00,1.2999999999999998,0.0,10.83138248275862,0.0,0.630833333,0.0,0.292,0.0
2025-09-04 21:00:00,0.98,0.0,9.85138248275862,0.0,0.470833333,0.0,0.143,0.0
2025-09-04 22:00:00,0.14,0.0,9.71138248275862,0.0,0.470833333,0.0,0.136,0.0
2025-09-04 23:00:00,0.1,0.0,9.61138248275862,0.0,0.470833333,0.0,0.093,0.0
2025-09-05 00:00:00,0.11,0.0,9.50138248275862,0.0,0.420833333,0.0,0.092,0.0
2025-09-05 01:00:00,0.1,0.0,9.40138248275862,0.0,0.420833333,0.0,0.089,0.0
2025-09-05 02:00:00,0.11,0.0,9.29138248275862,0.0,0.420833333,0.0,0.086,0.0
2025-09-05 03:00:00,0.1,0.0,9.19138248275862,0.0,0.420833333,0.0,0.084,0.0
2025-09-05 04:00:00,0.09,0.0,9.101382482758622,0.0,0.420833333,0.0,0.083,0.0
2025-09-05 05:00:00,0.11,0.0,8.991382482758622,0.0,0.420833333,0.0,0.085,0.0
2025-09-05 06:00:00,0.11,0.297929,9.179311482758624,0.0,0.420833333,0.0,0.084,0.0
2025-09-05 07:00:00,0.15,1.848931,10.878242482758624,0.0,0.420833333,0.0,0.071,0.0
2025-09-05 08:00:00,0.31,3.460916,13.5,0.0,0.420833333,3.150916,0.063,-0.198507708
2025-09-05 09:00:00,0.16,4.642632,13.5,0.0,0.420833333,4.482632,0.061,-0.273440552
2025-09-05 10:00:00,2.47,5.4661800000000005,13.5,0.0,0.420833333,2.9961800000000003,0.06,-0.1797708
2025-09-05 11:00:00,2.8698923076923073,5.75,13.5,0.0,0.420833333,2.8801076923076927,0.06,-0.17280646153846155
2025-09-05 12:00:00,2.8598923076923075,5.75,13.5,0.0,0.420833333,2.8901076923076925,0.059,-0.17051635384615385
2025-09-05 13:00:00,2.969892307692308,5.670073,13.5,0.0,0.420833333,2.7001806923076925,0.059,-0.15931066084615386
2025-09-05 14:00:00,2.97,4.964005,13.5,0.0,0.420833333,1.994005,0.059,-0.117646295
2025-09-05 15:00:00,0.18,3.865996,13.5,0.0,0.470833333,3.685996,0.062,-0.22853175199999998
2025-09-05 16:00:00,0.23,2.356348,13.5,0.0,0.630833333,2.126348,0.073,-0.155223404
2025-09-05 17:00:00,0.8626827586206897,0.6354270000000001,13.27274424137931,0.0,0.630833333,0.0,0.125,0.0
2025-09-05 18:00:00,2.2826827586206897,0.0,10.99006148275862,0.0,0.630833333,0.0,0.368,0.0
2025-09-05 19:00:00,0.21,0.0,10.78006148275862,0.0,0.630833333,0.0,0.497,0.0
2025-09-05 20:00:00,0.26,0.0,10.52006148275862,0.0,0.630833333,0.0,0.292,0.0
2025-09-05 21:00:00,0.32,0.0,10.20006148275862,0.0,0.470833333,0.0,0.143,0.0
2025-09-05 22:00:00,0.16,0.0,10.04006148275862,0.0,0.470833333,0.0,0.136,0.0
2025-09-05 23:00:00,0.1,0.0,9.94006148275862,0.0,0.470833333,0.0,0.093,0.0
2025-09-06 00:00:00,0.1,0.0,9.84006148275862,0.0,0.420833333,0.0,0.092,0.0
2025-09-06 01:00:00,0.1,0.0,9.74006148275862,0.0,0.420833333,0.0,0.089,0.0
2025-09-06 02:00:00,0.11,0.0,9.630061482758622,0.0,0.420833333,0.0,0.086,0.0
2025-09-06 03:00:00,0.1,0.0,9.530061482758622,0.0,0.420833333,0.0,0.084,0.0
2025-09-06 04:00:00,0.2,0.0,9.330061482758625,0.0,0.420833333,0.0,0.083,0.0
2025-09-06 05:00:00,0.14,0.0,9.190061482758622,0.0,0.420833333,0.0,0.085,0.0
2025-09-06 06:00:00,0.1,0.066609,9.156670482758622,0.0,0.420833333,0.0,0.084,0.0
2025-09-06 07:00:00,0.12,0.805238,9.841908482758624,0.0,0.420833333,0.0,0.071,0.0
2025-09-06 08:00:00,0.1,3.471731,13.213639482758625,0.0,0.420833333,0.0,0.063,0.0
2025-09-06 09:00:00,0.27,4.651734,13.5,0.0,0.420833333,4.381734,0.061,-0.267285774
2025-09-06 10:00:00,2.4499999999999997,5.4792700000000005,13.5,0.0,0.420833333,3.029270000000001,0.06,-0.18175620000000003
2025-09-06 11:00:00,2.6498923076923075,2.443129,13.293236692307692,0.0,0.420833333,0.0,0.06,0.0
2025-09-06 12:00:00,2.6598923076923073,2.116459,12.749803384615385,0.0,0.420833333,0.0,0.059,0.0
2025-09-06 13:00:00,2.9498923076923074,1.746866,11.546777076923078,0.0,0.420833333,0.0,0.059,0.0
2025-09-06 14:00:00,2.53,1.807522,10.824299076923078,0.0,0.420833333,0.0,0.059,0.0
2025-09-06 15:00:00,0.21,1.154238,11.768537076923078,0.0,0.470833333,0.0,0.062,0.0
2025-09-06 16:00:00,0.21,0.3731379999999999,11.931675076923078,0.0,0.630833333,0.0,0.073,0.0
2025-09-06 17:00:00,0.8026827586206897,0.027912,11.156904318302388,0.0,0.630833333,0.0,0.125,0.0
2025-09-06 18:00:00,0.7726827586206897,0.0,10.384221559681698,0.0,0.630833333,0.0,0.368,0.0
2025-09-06 19:00:00,0.11,0.0,10.2742215596817,0.0,0.630833333,0.0,0.497,0.0
2025-09-06 20:00:00,0.24,0.0,10.0342215596817,0.0,0.630833333,0.0,0.292,0.0
2025-09-06 21:00:00,0.5,0.0,9.5342215596817,0.0,0.470833333,0.0,0.143,0.0
2025-09-06 22:00:00,0.25,0.0,9.2842215596817,0.0,0.470833333,0.0,0.136,0.0
2025-09-06 23:00:00,0.2299999999999999,0.0,9.054221559681698,0.0,0.470833333,0.0,0.093,0.0
2025-09-07 00:00:00,0.2299999999999999,0.0,8.824221559681698,0.0,0.420833333,0.0,0.092,0.0
2025-09-07 01:00:00,0.22,0.0,8.604221559681697,0.0,0.420833333,0.0,0.089,0.0
2025-09-07 02:00:00,0.22,0.0,8.384221559681697,0.0,0.420833333,0.0,0.086,0.0
2025-09-07 03:00:00,0.32,0.0,8.064221559681696,0.0,0.420833333,0.0,0.084,0.0
2025-09-07 04:00:00,0.2,0.0,7.864221559681696,0.0,0.420833333,0.0,0.083,0.0
2025-09-07 05:00:00,0.11,0.0,7.754221559681696,0.0,0.420833333,0.0,0.085,0.0
2025-09-07 06:00:00,0.11,0.0,7.644221559681696,0.0,0.420833333,0.0,0.084,0.0
2025-09-07 07:00:00,0.7799999999999999,0.31463,7.1788515596816955,0.0,0.420833333,0.0,0.071,0.0
2025-09-07 08:00:00,2.97,0.551016,4.7598675596816955,0.0,0.420833333,0.0,0.063,0.0
2025-09-07 09:00:00,1.22,1.908839,5.448706559681695,0.0,0.420833333,0.0,0.061,0.0
2025-09-07 10:00:00,2.5599999999999996,5.525154000000001,8.413860559681696,0.0,0.420833333,0.0,0.06,0.0
2025-09-07 11:00:00,2.8301826923076923,3.697143,9.280820867374004,0.0,0.420833333,0.0,0.06,0.0
2025-09-07 12:00:00,2.880182692307692,4.294131,10.694769175066313,0.0,0.420833333,0.0,0.059,0.0
2025-09-07 13:00:00,2.950182692307692,5.710638,13.45522448275862,0.0,0.420833333,0.0,0.059,0.0
2025-09-07 14:00:00,2.67,4.979242,13.5,0.0,0.420833333,2.3092420000000002,0.059,-0.136245278
2025-09-07 15:00:00,0.49,3.874192,13.5,0.0,0.470833333,3.3841919999999996,0.062,-0.20981990399999997
2025-09-07 16:00:00,0.35,2.3223499999999997,13.5,0.0,0.630833333,1.9723499999999996,0.073,-0.14398154999999996
2025-09-07 17:00:00,1.1738520114942528,0.612438,12.938585988505746,0.0,0.630833333,0.0,0.125,0.0
2025-09-07 18:00:00,2.1438520114942525,0.0,10.794733977011491,0.0,0.630833333,0.0,0.368,0.0
2025-09-07 19:00:00,0.26,0.0,10.534733977011491,0.0,0.630833333,0.0,0.497,0.0
2025-09-07 20:00:00,0.26,0.0,10.274733977011492,0.0,0.630833333,0.0,0.292,0.0
2025-09-07 21:00:00,0.3,0.0,9.974733977011493,0.0,0.470833333,0.0,0.143,0.0
2025-09-07 22:00:00,0.15,0.0,9.824733977011492,0.0,0.470833333,0.0,0.136,0.0
2025-09-07 23:00:00,0.11,0.0,9.714733977011493,0.0,0.470833333,0.0,0.093,0.0
2025-09-08 00:00:00,0.2,0.0,9.514733977011494,0.0,0.420833333,0.0,0.092,0.0
2025-09-08 01:00:00,0.15,0.0,9.364733977011491,0.0,0.420833333,0.0,0.089,0.0
2025-09-08 02:00:00,0.11,0.0,9.254733977011494,0.0,0.420833333,0.0,0.086,0.0
2025-09-08 03:00:00,0.11,0.0,9.144733977011494,0.0,0.420833333,0.0,0.084,0.0
2025-09-08 04:00:00,0.11,0.0,9.034733977011497,0.0,0.420833333,0.0,0.083,0.0
2025-09-08 05:00:00,0.11,0.0,8.924733977011496,0.0,0.420833333,0.0,0.085,0.0
2025-09-08 06:00:00,0.12,0.318221,9.122954977011496,0.0,0.420833333,0.0,0.084,0.0
2025-09-08 07:00:00,0.1,1.879938,10.902892977011495,0.0,0.420833333,0.0,0.071,0.0
2025-09-08 08:00:00,0.22,3.480206,13.5,0.0,0.420833333,3.2602059999999997,0.063,-0.20539297799999998
2025-09-08 09:00:00,0.21,4.5929210000000005,13.5,0.0,0.420833333,4.3829210000000005,0.061,-0.26735818100000003
2025-09-08 10:00:00,0.19,5.3763320000000006,13.5,0.0,0.420833333,5.186332,0.06,-0.31117992
2025-09-08 11:00:00,0.4801826923076923,5.75,13.5,0.0,0.420833333,5.269817307692308,0.06,-0.31618903846153845
2025-09-08 12:00:00,0.5501826923076923,5.75,13.5,0.0,0.420833333,5.1998173076923075,0.059,-0.3067892211538461
2025-09-08 13:00:00,0.5601826923076924,5.630827,13.5,0.0,0.420833333,5.070644307692308,0.059,-0.29916801415384614
2025-09-08 14:00:00,0.19,4.905649,13.5,0.0,0.420833333,4.715649,0.059,-0.278223291
2025-09-08 15:00:00,0.15,3.819986,13.5,0.0,0.470833333,3.669986,0.062,-0.227539132
2025-09-08 16:00:00,0.16,2.287375,13.5,0.0,0.630833333,2.127375,0.073,-0.155298375
2025-09-08 17:00:00,1.383852011494253,0.595508,12.711655988505749,0.0,0.630833333,0.0,0.125,0.0
2025-09-08 18:00:00,3.823852011494253,0.0,8.887803977011494,0.0,0.630833333,0.0,0.368,0.0
2025-09-08 19:00:00,0.42,0.0,8.467803977011494,0.0,0.630833333,0.0,0.497,0.0
2025-09-08 20:00:00,0.33,0.0,8.137803977011494,0.0,0.630833333,0.0,0.292,0.0
2025-09-08 21:00:00,0.45,0.0,7.687803977011494,0.0,0.470833333,0.0,0.143,0.0
2025-09-08 22:00:00,0.66,0.0,7.0278039770114935,0.0,0.470833333,0.0,0.136,0.0
2025-09-08 23:00:00,0.86,0.0,6.167803977011493,0.0,0.470833333,0.0,0.093,0.0
2025-09-09 00:00:00,0.3,0.0,5.867803977011493,0.0,0.420833333,0.0,0.092,0.0
2025-09-09 01:00:00,0.22,0.0,5.647803977011494,0.0,0.420833333,0.0,0.089,0.0
2025-09-09 02:00:00,0.22,0.0,5.427803977011494,0.0,0.420833333,0.0,0.086,0.0
2025-09-09 03:00:00,0.2299999999999999,0.0,5.197803977011494,0.0,0.420833333,0.0,0.084,0.0
2025-09-09 04:00:00,0.22,0.0,4.977803977011495,0.0,0.420833333,0.0,0.083,0.0
2025-09-09 05:00:00,0.24,0.0,4.737803977011494,0.0,0.420833333,0.0,0.085,0.0
2025-09-09 06:00:00,0.22,0.308493,4.826296977011494,0.0,0.420833333,0.0,0.084,0.0
2025-09-09 07:00:00,0.21,1.861263,6.477559977011494,0.0,0.420833333,0.0,0.071,0.0
2025-09-09 08:00:00,0.24,3.432021,9.669580977011496,0.0,0.420833333,0.0,0.063,0.0
2025-09-09 09:00:00,0.22,4.521997000000001,13.5,0.0,0.420833333,4.301997000000001,0.061,-0.26242181700000006
2025-09-09 10:00:00,0.22,5.225565,13.5,0.0,0.420833333,5.005565,0.06,-0.3003339
2025-09-09 11:00:00,0.5101826923076923,5.573579,13.5,0.0,0.420833333,5.063396307692307,0.06,-0.30380377846153844
2025-09-09 12:00:00,0.5001826923076924,5.658994,13.5,0.0,0.420833333,5.158811307692307,0.059,-0.3043698671538461
2025-09-09 13:00:00,0.5101826923076923,5.42729,13.5,0.0,0.420833333,4.917107307692308,0.059,-0.29010933115384613
2025-09-09 14:00:00,0.22,4.789402,13.5,0.0,0.420833333,4.569402,0.059,-0.269594718
2025-09-09 15:00:00,0.22,3.751423,13.5,0.0,0.470833333,3.5314229999999998,0.062,-0.218948226
2025-09-09 16:00:00,0.22,2.2475569999999996,13.5,0.0,0.630833333,2.0275569999999994,0.073,-0.14801166099999993
2025-09-09 17:00:00,1.0338520114942529,0.5758329999999999,13.041980988505747,0.0,0.630833333,0.0,0.125,0.0
2025-09-09 18:00:00,1.073852011494253,0.0,11.968128977011494,0.0,0.630833333,0.0,0.368,0.0
2025-09-09 19:00:00,0.19,0.0,11.778128977011496,0.0,0.630833333,0.0,0.497,0.0
2025-09-09 20:00:00,0.26,0.0,11.518128977011497,0.0,0.630833333,0.0,0.292,0.0
2025-09-09 21:00:00,0.26,0.0,11.258128977011497,0.0,0.470833333,0.0,0.143,0.0
2025-09-09 22:00:00,0.3,0.0,10.958128977011494,0.0,0.470833333,0.0,0.136,0.0
2025-09-09 23:00:00,0.25,0.0,10.708128977011494,0.0,0.470833333,0.0,0.093,0.0
2025-09-10 00:00:00,0.22,0.0,10.488128977011494,0.0,0.420833333,0.0,0.092,0.0
2025-09-10 01:00:00,0.2299999999999999,0.0,10.258128977011491,0.0,0.420833333,0.0,0.089,0.0
2025-09-10 02:00:00,0.2299999999999999,0.0,10.028128977011493,0.0,0.420833333,0.0,0.086,0.0
2025-09-10 03:00:00,0.22,0.0,9.808128977011492,0.0,0.420833333,0.0,0.084,0.0
2025-09-10 04:00:00,0.22,0.0,9.588128977011491,0.0,0.420833333,0.0,0.083,0.0
2025-09-10 05:00:00,0.2299999999999999,0.0,9.358128977011493,0.0,0.420833333,0.0,0.085,0.0
2025-09-10 06:00:00,0.11,0.305435,9.55356397701149,0.0,0.420833333,0.0,0.084,0.0
2025-09-10 07:00:00,0.14,1.839675,11.253238977011492,0.0,0.420833333,0.0,0.071,0.0
2025-09-10 08:00:00,0.24,3.3793939999999996,13.5,0.0,0.420833333,3.1393939999999994,0.063,-0.19778182199999997
2025-09-10 09:00:00,0.15,4.453079,13.5,0.0,0.420833333,4.303078999999999,0.061,-0.26248781899999996
2025-09-10 10:00:00,2.4099999999999997,5.210401,13.5,0.0,0.420833333,2.8004010000000004,0.06,-0.16802406
2025-09-10 11:00:00,2.700182692307692,5.668851,13.5,0.0,0.420833333,2.968668307692308,0.06,-0.17812009846153848
2025-09-10 12:00:00,2.700182692307692,5.747337000000001,13.5,0.0,0.420833333,3.047154307692309,0.059,-0.1797821041538462
2025-09-10 13:00:00,2.700182692307692,5.435281,13.5,0.0,0.420833333,2.735098307692308,0.059,-0.16137080015384617
2025-09-10 14:00:00,2.4099999999999997,4.754179,13.5,0.0,0.420833333,2.344179,0.059,-0.138306561
2025-09-10 15:00:00,0.11,3.689632,13.5,0.0,0.470833333,3.579632,0.062,-0.221937184
2025-09-10 16:00:00,0.11,2.1978449999999996,13.5,0.0,0.630833333,2.0878449999999997,0.073,-0.15241268499999996
2025-09-10 17:00:00,0.9638520114942528,0.363752,12.899899988505748,0.0,0.630833333,0.0,0.125,0.0
2025-09-10 18:00:00,1.073852011494253,0.0,11.826047977011497,0.0,0.630833333,0.0,0.368,0.0
2025-09-10 19:00:00,0.19,0.0,11.636047977011495,0.0,0.630833333,0.0,0.497,0.0
2025-09-10 20:00:00,0.27,0.0,11.366047977011496,0.0,0.630833333,0.0,0.292,0.0
2025-09-10 21:00:00,0.18,0.0,11.186047977011496,0.0,0.470833333,0.0,0.143,0.0
2025-09-10 22:00:00,0.1699999999999999,0.0,11.016047977011496,0.0,0.470833333,0.0,0.136,0.0
2025-09-10 23:00:00,0.2299999999999999,0.0,10.786047977011496,0.0,0.470833333,0.0,0.093,0.0
2025-09-11 00:00:00,0.22,0.0,10.566047977011497,0.0,0.420833333,0.0,0.092,0.0
2025-09-11 01:00:00,0.22,0.0,10.346047977011494,0.0,0.420833333,0.0,0.089,0.0
2025-09-11 02:00:00,0.22,0.0,10.126047977011494,0.0,0.420833333,0.0,0.086,0.0
2025-09-11 03:00:00,0.21,0.0,9.916047977011493,0.0,0.420833333,0.0,0.084,0.0
2025-09-11 04:00:00,0.2299999999999999,0.0,9.686047977011492,0.0,0.420833333,0.0,0.083,0.0
2025-09-11 05:00:00,0.22,0.0,9.466047977011492,0.0,0.420833333,0.0,0.085,0.0
2025-09-11 06:00:00,0.23,0.207297,9.443344977011492,0.0,0.420833333,0.0,0.084,0.0
2025-09-11 07:00:00,0.23,0.822268,10.035612977011493,0.0,0.420833333,0.0,0.071,0.0
2025-09-11 08:00:00,0.11,1.495722,11.421334977011492,0.0,0.420833333,0.0,0.063,0.0
2025-09-11 09:00:00,0.35,4.491086,13.5,0.0,0.420833333,4.1410860000000005,0.061,-0.25260624600000003
2025-09-11 10:00:00,0.61,5.26006,13.5,0.0,0.420833333,4.65006,0.06,-0.27900359999999996
2025-09-11 11:00:00,1.2603653846153846,5.687857,13.5,0.0,0.420833333,4.427491615384616,0.06,-0.26564949692307693
2025-09-11 12:00:00,1.0203653846153846,5.75,13.5,0.0,0.420833333,4.729634615384615,0.059,-0.27904844230769227
2025-09-11 13:00:00,0.8003653846153846,5.445739,13.5,0.0,0.420833333,4.6453736153846155,0.059,-0.2740770433076923
2025-09-11 14:00:00,0.11,4.7059809999999995,13.5,0.0,0.420833333,4.595980999999999,0.059,-0.2711628789999999
2025-09-11 15:00:00,0.1,2.596517,13.5,0.0,0.470833333,2.496517,0.062,-0.154784054
2025-09-11 16:00:00,0.11,1.152849,13.5,0.0,0.630833333,1.042849,0.073,-0.07612797699999999
2025-09-11 17:00:00,1.757704022988506,0.180387,11.922682977011494,0.0,0.630833333,0.0,0.125,0.0
2025-09-11 18:00:00,1.8477040229885056,0.0,10.074978954022988,0.0,0.630833333,0.0,0.368,0.0
2025-09-11 19:00:00,0.16,0.0,9.914978954022988,0.0,0.630833333,0.0,0.497,0.0
2025-09-11 20:00:00,0.29,0.0,9.624978954022987,0.0,0.630833333,0.0,0.292,0.0
2025-09-11 21:00:00,0.33,0.0,9.294978954022987,0.0,0.470833333,0.0,0.143,0.0
2025-09-11 22:00:00,0.14,0.0,9.154978954022988,0.0,0.470833333,0.0,0.136,0.0
2025-09-11 23:00:00,0.1,0.0,9.054978954022989,0.0,0.470833333,0.0,0.093,0.0
2025-09-12 00:00:00,0.12,0.0,8.93497895402299,0.0,0.420833333,0.0,0.092,0.0
2025-09-12 01:00:00,0.24,0.0,8.69497895402299,0.0,0.420833333,0.0,0.089,0.0
2025-09-12 02:00:00,0.12,0.0,8.57497895402299,0.0,0.420833333,0.0,0.086,0.0
2025-09-12 03:00:00,0.1,0.0,8.47497895402299,0.0,0.420833333,0.0,0.084,0.0
2025-09-12 04:00:00,0.1,0.0,8.37497895402299,0.0,0.420833333,0.0,0.083,0.0
2025-09-12 05:00:00,0.12,0.0,8.254978954022992,0.0,0.420833333,0.0,0.085,0.0
2025-09-12 06:00:00,0.1,0.311993,8.466971954022991,0.0,0.420833333,0.0,0.084,0.0
2025-09-12 07:00:00,0.13,0.249379,8.586350954022992,0.0,0.420833333,0.0,0.071,0.0
2025-09-12 08:00:00,0.16,0.642968,9.069318954022991,0.0,0.420833333,0.0,0.063,0.0
2025-09-12 09:00:00,0.1,0.999766,9.96908495402299,0.0,0.420833333,0.0,0.061,0.0
2025-09-12 10:00:00,2.4099999999999997,1.61309,9.17217495402299,0.0,0.420833333,0.0,0.06,0.0
2025-09-12 11:00:00,3.0103653846153846,2.638346,8.800155569407606,0.0,0.420833333,0.0,0.06,0.0
2025-09-12 12:00:00,3.1903653846153848,4.090113,9.69990318479222,0.0,0.420833333,0.0,0.059,0.0
2025-09-12 13:00:00,3.0803653846153844,5.515929,12.135466800176836,0.0,0.420833333,0.0,0.059,0.0
2025-09-12 14:00:00,2.73,2.904733,12.310199800176836,0.0,0.420833333,0.0,0.059,0.0
2025-09-12 15:00:00,0.15,1.707083,13.5,0.0,0.470833333,1.557083,0.062,-0.09653914599999999
2025-09-12 16:00:00,0.2299999999999999,0.767722,13.5,0.0,0.630833333,0.5377220000000001,0.073,-0.039253706000000006
2025-09-12 17:00:00,1.8777040229885056,0.5162859999999999,12.138581977011494,0.0,0.630833333,0.0,0.125,0.0
2025-09-12 18:00:00,3.1377040229885056,0.0,9.00087795402299,0.0,0.630833333,0.0,0.368,0.0
2025-09-12 19:00:00,0.1699999999999999,0.0,8.83087795402299,0.0,0.630833333,0.0,0.497,0.0
2025-09-12 20:00:00,0.2,0.0,8.63087795402299,0.0,0.630833333,0.0,0.292,0.0
2025-09-12 21:00:00,0.16,0.0,8.47087795402299,0.0,0.470833333,0.0,0.143,0.0
2025-09-12 22:00:00,0.29,0.0,8.180877954022991,0.0,0.470833333,0.0,0.136,0.0
2025-09-12 23:00:00,0.13,0.0,8.05087795402299,0.0,0.470833333,0.0,0.093,0.0
2025-09-13 00:00:00,0.12,0.0,7.93087795402299,0.0,0.420833333,0.0,0.092,0.0
2025-09-13 01:00:00,0.1,0.0,7.8308779540229905,0.0,0.420833333,0.0,0.089,0.0
2025-09-13 02:00:00,0.1,0.0,7.730877954022991,0.0,0.420833333,0.0,0.086,0.0
2025-09-13 03:00:00,0.48,0.0,7.250877954022991,0.0,0.420833333,0.0,0.084,0.0
2025-09-13 04:00:00,0.53,0.0,6.720877954022991,0.0,0.420833333,0.0,0.083,0.0
2025-09-13 05:00:00,0.11,0.0,6.610877954022991,0.0,0.420833333,0.0,0.085,0.0
2025-09-13 06:00:00,0.11,0.045831,6.546708954022991,0.0,0.420833333,0.0,0.084,0.0
2025-09-13 07:00:00,0.2,0.23472,6.581428954022991,0.0,0.420833333,0.0,0.071,0.0
2025-09-13 08:00:00,0.64,0.538329,6.4797579540229915,0.0,0.420833333,0.0,0.063,0.0
2025-09-13 09:00:00,0.72,1.133516,6.893273954022991,0.0,0.420833333,0.0,0.061,0.0
2025-09-13 10:00:00,2.51,1.525266,5.9085399540229915,0.0,0.420833333,0.0,0.06,0.0
2025-09-13 11:00:00,2.6498923076923075,2.04079,5.299437646330684,0.0,0.420833333,0.0,0.06,0.0
2025-09-13 12:00:00,2.6898923076923076,2.8805259999999997,5.490071338638376,0.0,0.420833333,0.0,0.059,0.0
2025-09-13 13:00:00,2.7898923076923077,2.054805,4.754984030946069,0.0,0.420833333,0.0,0.059,0.0
2025-09-13 14:00:00,2.44,2.618333,4.933317030946069,0.0,0.420833333,0.0,0.059,0.0
2025-09-13 15:00:00,0.12,1.806236,6.6195530309460695,0.0,0.470833333,0.0,0.062,0.0
2025-09-13 16:00:00,0.14,0.6920700000000001,7.171623030946069,0.0,0.630833333,0.0,0.073,0.0
2025-09-13 17:00:00,0.8026827586206897,0.51985,6.888790272325379,0.0,0.630833333,0.0,0.125,0.0
2025-09-13 18:00:00,0.7926827586206897,0.0,6.096107513704689,0.0,0.630833333,0.0,0.368,0.0
2025-09-13 19:00:00,0.19,0.0,5.906107513704689,0.0,0.630833333,0.0,0.497,0.0
2025-09-13 20:00:00,0.18,0.0,5.726107513704689,0.0,0.630833333,0.0,0.292,0.0
2025-09-13 21:00:00,0.15,0.0,5.576107513704689,0.0,0.470833333,0.0,0.143,0.0
2025-09-13 22:00:00,0.15,0.0,5.426107513704689,0.0,0.470833333,0.0,0.136,0.0
2025-09-13 23:00:00,0.11,0.0,5.316107513704688,0.0,0.470833333,0.0,0.093,0.0
2025-09-14 00:00:00,0.1,0.0,5.216107513704689,0.0,0.420833333,0.0,0.092,0.0
2025-09-14 01:00:00,0.2,0.0,5.016107513704688,0.0,0.420833333,0.0,0.089,0.0
2025-09-14 02:00:00,0.15,0.0,4.866107513704688,0.0,0.420833333,0.0,0.086,0.0
2025-09-14 03:00:00,0.21,0.0,4.656107513704688,0.0,0.420833333,0.0,0.084,0.0
2025-09-14 04:00:00,0.23,0.0,4.426107513704688,0.0,0.420833333,0.0,0.083,0.0
2025-09-14 05:00:00,0.22,0.0,4.206107513704688,0.0,0.420833333,0.0,0.085,0.0
2025-09-14 06:00:00,0.21,0.050439,4.046546513704688,0.0,0.420833333,0.0,0.084,0.0
2025-09-14 07:00:00,0.21,0.412956,4.249502513704688,0.0,0.420833333,0.0,0.071,0.0
2025-09-14 08:00:00,0.21,1.418769,5.458271513704688,0.0,0.420833333,0.0,0.063,0.0
2025-09-14 09:00:00,0.1,1.53705,6.895321513704689,0.0,0.420833333,0.0,0.061,0.0
2025-09-14 10:00:00,2.44,2.026209,6.481530513704689,0.0,0.420833333,0.0,0.06,0.0
2025-09-14 11:00:00,2.6598923076923073,3.133511,6.955149206012381,0.0,0.420833333,0.0,0.06,0.0
2025-09-14 12:00:00,2.6898923076923076,4.217433,8.482689898320073,0.0,0.420833333,0.0,0.059,0.0
2025-09-14 13:00:00,2.639892307692308,4.491307,10.334104590627764,0.0,0.420833333,0.0,0.059,0.0
2025-09-14 14:00:00,2.4099999999999997,3.987648,11.911752590627763,0.0,0.420833333,0.0,0.059,0.0
2025-09-14 15:00:00,0.11,3.409695,13.5,0.0,0.470833333,3.2996950000000003,0.062,-0.20458109000000002
2025-09-14 16:00:00,0.11,1.737684,13.5,0.0,0.630833333,1.627684,0.073,-0.11882093199999999
2025-09-14 17:00:00,0.7526827586206897,0.2988969999999999,13.04621424137931,0.0,0.630833333,0.0,0.125,0.0
2025-09-14 18:00:00,0.8826827586206897,0.0,12.16353148275862,0.0,0.630833333,0.0,0.368,0.0
2025-09-14 19:00:00,0.2,0.0,11.963531482758622,0.0,0.630833333,0.0,0.497,0.0
2025-09-14 20:00:00,0.37,0.0,11.593531482758625,0.0,0.630833333,0.0,0.292,0.0
2025-09-14 21:00:00,0.3399999999999999,0.0,11.253531482758625,0.0,0.470833333,0.0,0.143,0.0
2025-09-14 22:00:00,0.22,0.0,11.033531482758622,0.0,0.470833333,0.0,0.136,0.0
2025-09-14 23:00:00,0.22,0.0,10.813531482758622,0.0,0.470833333,0.0,0.093,0.0
2025-09-15 00:00:00,0.22,0.0,10.59353148275862,0.0,0.420833333,0.0,0.092,0.0
2025-09-15 01:00:00,0.12,0.0,10.473531482758622,0.0,0.420833333,0.0,0.089,0.0
2025-09-15 02:00:00,0.1,0.0,10.373531482758622,0.0,0.420833333,0.0,0.086,0.0
2025-09-15 03:00:00,0.11,0.0,10.263531482758625,0.0,0.420833333,0.0,0.084,0.0
2025-09-15 04:00:00,0.1,0.0,10.163531482758623,0.0,0.420833333,0.0,0.083,0.0
2025-09-15 05:00:00,0.1,0.0,10.063531482758624,0.0,0.420833333,0.0,0.085,0.0
2025-09-15 06:00:00,0.11,0.30543,10.258961482758624,0.0,0.420833333,0.0,0.084,0.0
2025-09-15 07:00:00,0.12,0.400642,10.539603482758624,0.0,0.420833333,0.0,0.071,0.0
2025-09-15 08:00:00,0.12,1.191172,11.610775482758624,0.0,0.420833333,0.0,0.063,0.0
2025-09-15 09:00:00,0.23,4.670081,13.5,0.0,0.420833333,4.440080999999999,0.061,-0.27084494099999995
2025-09-15 10:00:00,0.11,5.4725,13.5,0.0,0.420833333,5.3625,0.06,-0.32175
2025-09-15 11:00:00,0.3298923076923077,5.75,13.5,0.0,0.420833333,5.420107692307692,0.06,-0.3252064615384615
2025-09-15 12:00:00,0.3298923076923077,4.1910870000000005,13.5,0.0,0.420833333,3.8611946923076927,0.059,-0.22781048684615385
2025-09-15 13:00:00,0.3298923076923077,5.532261,13.5,0.0,0.420833333,5.202368692307692,0.059,-0.3069397528461538
2025-09-15 14:00:00,0.11,4.811415,13.5,0.0,0.420833333,4.701415,0.059,-0.277383485
2025-09-15 15:00:00,0.11,3.694175,13.5,0.0,0.470833333,3.584175,0.062,-0.22221885
2025-09-15 16:00:00,0.1,2.1805100000000004,13.5,0.0,0.630833333,2.0805100000000003,0.073,-0.15187723
2025-09-15 17:00:00,0.7726827586206897,0.48894,13.21625724137931,0.0,0.630833333,0.0,0.125,0.0
2025-09-15 18:00:00,3.9926827586206897,0.0,9.22357448275862,0.0,0.630833333,0.0,0.368,0.0
2025-09-15 19:00:00,0.1699999999999999,0.0,9.05357448275862,0.0,0.630833333,0.0,0.497,0.0
2025-09-15 20:00:00,0.22,0.0,8.83357448275862,0.0,0.630833333,0.0,0.292,0.0
2025-09-15 21:00:00,0.26,0.0,8.57357448275862,0.0,0.470833333,0.0,0.143,0.0
2025-09-15 22:00:00,0.22,0.0,8.353574482758619,0.0,0.470833333,0.0,0.136,0.0
2025-09-15 23:00:00,0.22,0.0,8.133574482758618,0.0,0.470833333,0.0,0.093,0.0
2025-09-16 00:00:00,0.22,0.0,7.913574482758619,0.0,0.420833333,0.0,0.092,0.0
2025-09-16 01:00:00,0.2299999999999999,0.0,7.683574482758619,0.0,0.420833333,0.0,0.089,0.0
2025-09-16 02:00:00,0.22,0.0,7.463574482758619,0.0,0.420833333,0.0,0.086,0.0
2025-09-16 03:00:00,0.22,0.0,7.2435744827586195,0.0,0.420833333,0.0,0.084,0.0
2025-09-16 04:00:00,0.21,0.0,7.0335744827586195,0.0,0.420833333,0.0,0.083,0.0
2025-09-16 05:00:00,0.22,0.0,6.81357448275862,0.0,0.420833333,0.0,0.085,0.0
2025-09-16 06:00:00,0.22,0.030902,6.62447648275862,0.0,0.420833333,0.0,0.084,0.0
2025-09-16 07:00:00,0.13,1.026139,7.52061548275862,0.0,0.420833333,0.0,0.071,0.0
2025-09-16 08:00:00,0.11,1.234923,8.64553848275862,0.0,0.420833333,0.0,0.063,0.0
2025-09-16 09:00:00,0.09,4.592943,13.14848148275862,0.0,0.420833333,0.0,0.061,0.0
2025-09-16 10:00:00,0.11,5.444959,13.5,0.0,0.420833333,5.334959,0.06,-0.32009753999999996
2025-09-16 11:00:00,0.3298923076923077,5.75,13.5,0.0,0.420833333,5.420107692307692,0.06,-0.3252064615384615
2025-09-16 12:00:00,0.3398923076923077,5.75,13.5,0.0,0.420833333,5.410107692307692,0.059,-0.3191963538461538
2025-09-16 13:00:00,0.3498923076923077,5.555511,13.5,0.0,0.420833333,5.205618692307692,0.059,-0.3071315028461538
2025-09-16 14:00:00,0.1399999999999999,4.816929,13.5,0.0,0.420833333,4.676929,0.059,-0.275938811
2025-09-16 15:00:00,0.12,3.665045,13.5,0.0,0.470833333,3.545045,0.062,-0.21979279
2025-09-16 16:00:00,0.11,2.1226190000000003,13.5,0.0,0.630833333,2.0126190000000004,0.073,-0.146921187
2025-09-16 17:00:00,2.17268275862069,0.4591469999999999,11.78646424137931,0.0,0.630833333,0.0,0.125,0.0
2025-09-16 18:00:00,2.0326827586206897,0.0,9.75378148275862,0.0,0.630833333,0.0,0.368,0.0
2025-09-16 19:00:00,0.15,0.0,9.60378148275862,0.0,0.630833333,0.0,0.497,0.0
2025-09-16 20:00:00,0.2299999999999999,0.0,9.37378148275862,0.0,0.630833333,0.0,0.292,0.0
2025-09-16 21:00:00,0.36,0.0,9.01378148275862,0.0,0.470833333,0.0,0.143,0.0
2025-09-16 22:00:00,0.6699999999999999,0.0,8.34378148275862,0.0,0.470833333,0.0,0.136,0.0
2025-09-16 23:00:00,0.73,0.0,7.61378148275862,0.0,0.470833333,0.0,0.093,0.0
2025-09-17 00:00:00,0.2299999999999999,0.0,7.383781482758621,0.0,0.420833333,0.0,0.092,0.0
2025-09-17 01:00:00,0.22,0.0,7.163781482758621,0.0,0.420833333,0.0,0.089,0.0
2025-09-17 02:00:00,0.22,0.0,6.943781482758621,0.0,0.420833333,0.0,0.086,0.0
2025-09-17 03:00:00,0.22,0.0,6.723781482758621,0.0,0.420833333,0.0,0.084,0.0
2025-09-17 04:00:00,0.24,0.0,6.483781482758621,0.0,0.420833333,0.0,0.083,0.0
2025-09-17 05:00:00,0.37,0.0,6.113781482758621,0.0,0.420833333,0.0,0.085,0.0
2025-09-17 06:00:00,0.25,0.291369,6.155150482758621,0.0,0.420833333,0.0,0.084,0.0
2025-09-17 07:00:00,0.12,1.881785,7.916935482758621,0.0,0.420833333,0.0,0.071,0.0
2025-09-17 08:00:00,0.26,3.533162,11.19009748275862,0.0,0.420833333,0.0,0.063,0.0
2025-09-17 09:00:00,0.18,4.7073670000000005,13.5,0.0,0.420833333,4.527367000000001,0.061,-0.27616938700000004
2025-09-17 10:00:00,2.48,5.496272,13.5,0.0,0.420833333,3.0162720000000003,0.06,-0.18097632000000002
2025-09-17 11:00:00,2.7098923076923076,5.75,13.5,0.0,0.420833333,3.0401076923076924,0.06,-0.18240646153846155
2025-09-17 12:00:00,2.7298923076923076,5.75,13.5,0.0,0.420833333,3.0201076923076924,0.059,-0.17818635384615383
2025-09-17 13:00:00,2.639892307692308,5.636161,13.5,0.0,0.420833333,2.996268692307692,0.059,-0.17677985284615383
2025-09-17 14:00:00,2.4099999999999997,4.856009,13.5,0.0,0.420833333,2.4460090000000005,0.059,-0.14431453100000002
2025-09-17 15:00:00,0.3,3.715393,13.5,0.0,0.470833333,3.4153930000000003,0.062,-0.21175436600000003
2025-09-17 16:00:00,0.32,2.133197,13.5,0.0,0.630833333,1.813197,0.073,-0.13236338099999997
2025-09-17 17:00:00,0.9126827586206896,0.4582799999999999,13.04559724137931,0.0,0.630833333,0.0,0.125,0.0
2025-09-17 18:00:00,0.8726827586206897,0.0,12.17291448275862,0.0,0.630833333,0.0,0.368,0.0
2025-09-17 19:00:00,0.21,0.0,11.96291448275862,0.0,0.630833333,0.0,0.497,0.0
2025-09-17 20:00:00,0.15,0.0,11.81291448275862,0.0,0.630833333,0.0,0.292,0.0
2025-09-17 21:00:00,0.12,0.0,11.69291448275862,0.0,0.470833333,0.0,0.143,0.0
2025-09-17 22:00:00,0.26,0.0,11.43291448275862,0.0,0.470833333,0.0,0.136,0.0
2025-09-17 23:00:00,0.22,0.0,11.21291448275862,0.0,0.470833333,0.0,0.093,0.0
2025-09-18 00:00:00,0.22,0.0,10.99291448275862,0.0,0.420833333,0.0,0.092,0.0
2025-09-18 01:00:00,0.22,0.0,10.77291448275862,0.0,0.420833333,0.0,0.089,0.0
2025-09-18 02:00:00,0.21,0.0,10.562914482758618,0.0,0.420833333,0.0,0.086,0.0
2025-09-18 03:00:00,0.22,0.0,10.342914482758616,0.0,0.420833333,0.0,0.084,0.0
2025-09-18 04:00:00,0.33,0.0,10.012914482758616,0.0,0.420833333,0.0,0.083,0.0
2025-09-18 05:00:00,0.27,0.0,9.742914482758618,0.0,0.420833333,0.0,0.085,0.0
2025-09-18 06:00:00,0.2299999999999999,0.299613,9.812527482758618,0.0,0.420833333,0.0,0.084,0.0
2025-09-18 07:00:00,0.22,1.924648,11.51717548275862,0.0,0.420833333,0.0,0.071,0.0
2025-09-18 08:00:00,0.26,3.519581,13.5,0.0,0.420833333,3.259581,0.063,-0.205353603
2025-09-18 09:00:00,0.5,4.667104,13.5,0.0,0.420833333,4.167104,0.061,-0.254193344
2025-09-18 10:00:00,0.46,5.439520000000001,13.5,0.0,0.420833333,4.979520000000001,0.06,-0.2987712
2025-09-18 11:00:00,0.9647307692307694,5.75,13.5,0.0,0.420833333,4.785269230769231,0.06,-0.28711615384615385
2025-09-18 12:00:00,0.8647307692307694,5.75,13.5,0.0,0.420833333,4.8852692307692305,0.059,-0.2882308846153846
2025-09-18 13:00:00,0.7347307692307694,5.463261999999999,13.5,0.0,0.420833333,4.72853123076923,0.059,-0.27898334261538454
2025-09-18 14:00:00,0.21,4.729989,13.5,0.0,0.420833333,4.519989,0.059,-0.26667935099999995
2025-09-18 15:00:00,0.16,3.622719,13.5,0.0,0.470833333,3.462719,0.062,-0.214688578
2025-09-18 16:00:00,0.2799999999999999,2.1103449999999997,13.5,0.0,0.630833333,1.8303449999999999,0.073,-0.13361518499999997
2025-09-18 17:00:00,1.811706896551724,0.444059,12.132352103448277,0.0,0.630833333,0.0,0.125,0.0
2025-09-18 18:00:00,2.0217068965517244,0.0,10.110645206896551,0.0,0.630833333,0.0,0.368,0.0
2025-09-18 19:00:00,0.24,0.0,9.870645206896551,0.0,0.630833333,0.0,0.497,0.0
2025-09-18 20:00:00,0.3299999999999999,0.0,9.540645206896553,0.0,0.630833333,0.0,0.292,0.0
2025-09-18 21:00:00,0.24,0.0,9.300645206896553,0.0,0.470833333,0.0,0.143,0.0
2025-09-18 22:00:00,0.31,0.0,8.990645206896552,0.0,0.470833333,0.0,0.136,0.0
2025-09-18 23:00:00,0.23,0.0,8.760645206896552,0.0,0.470833333,0.0,0.093,0.0
2025-09-19 00:00:00,0.22,0.0,8.540645206896551,0.0,0.420833333,0.0,0.092,0.0
2025-09-19 01:00:00,0.2299999999999999,0.0,8.31064520689655,0.0,0.420833333,0.0,0.089,0.0
2025-09-19 02:00:00,0.32,0.0,7.99064520689655,0.0,0.420833333,0.0,0.086,0.0
2025-09-19 03:00:00,0.23,0.0,7.76064520689655,0.0,0.420833333,0.0,0.084,0.0
2025-09-19 04:00:00,0.22,0.0,7.54064520689655,0.0,0.420833333,0.0,0.083,0.0
2025-09-19 05:00:00,0.16,0.0,7.38064520689655,0.0,0.420833333,0.0,0.085,0.0
2025-09-19 06:00:00,0.12,0.297764,7.55840920689655,0.0,0.420833333,0.0,0.084,0.0
2025-09-19 07:00:00,0.23,1.916857,9.24526620689655,0.0,0.420833333,0.0,0.071,0.0
2025-09-19 08:00:00,0.29,3.4681819999999997,12.42344820689655,0.0,0.420833333,0.0,0.063,0.0
2025-09-19 09:00:00,0.16,4.48361,13.5,0.0,0.420833333,4.3236099999999995,0.061,-0.26374021
2025-09-19 10:00:00,2.4099999999999997,5.096422,13.5,0.0,0.420833333,2.686422,0.06,-0.16118532
2025-09-19 11:00:00,3.0747307692307695,5.516035,13.5,0.0,0.420833333,2.44130423076923,0.06,-0.1464782538461538
2025-09-19 12:00:00,3.014730769230769,5.662853,13.5,0.0,0.420833333,2.648122230769231,0.059,-0.15623921161538462
2025-09-19 13:00:00,2.984730769230769,5.32702,13.5,0.0,0.420833333,2.342289230769231,0.059,-0.1381950646153846
2025-09-19 14:00:00,2.4099999999999997,4.585308,13.5,0.0,0.420833333,2.1753080000000007,0.059,-0.12834317200000003
2025-09-19 15:00:00,0.12,3.501973,13.5,0.0,0.470833333,3.381973,0.062,-0.209682326
2025-09-19 16:00:00,0.11,1.998492,13.5,0.0,0.630833333,1.8884919999999998,0.073,-0.13785991599999997
2025-09-19 17:00:00,1.9617068965517244,0.405034,11.943327103448276,0.0,0.630833333,0.0,0.125,0.0
2025-09-19 18:00:00,2.8617068965517243,0.0,9.081620206896552,0.0,0.630833333,0.0,0.368,0.0
2025-09-19 19:00:00,0.2,0.0,8.881620206896553,0.0,0.630833333,0.0,0.497,0.0
2025-09-19 20:00:00,0.32,0.0,8.561620206896553,0.0,0.630833333,0.0,0.292,0.0
2025-09-19 21:00:00,0.34,0.0,8.221620206896553,0.0,0.470833333,0.0,0.143,0.0
2025-09-19 22:00:00,0.86,0.0,7.361620206896553,0.0,0.470833333,0.0,0.136,0.0
2025-09-19 23:00:00,0.8500000000000001,0.0,6.511620206896552,0.0,0.470833333,0.0,0.093,0.0
2025-09-20 00:00:00,0.22,0.0,6.291620206896552,0.0,0.420833333,0.0,0.092,0.0
2025-09-20 01:00:00,0.22,0.0,6.071620206896553,0.0,0.420833333,0.0,0.089,0.0
2025-09-20 02:00:00,0.22,0.0,5.851620206896553,0.0,0.420833333,0.0,0.086,0.0
2025-09-20 03:00:00,0.22,0.0,5.631620206896553,0.0,0.420833333,0.0,0.084,0.0
2025-09-20 04:00:00,0.22,0.0,5.411620206896553,0.0,0.420833333,0.0,0.083,0.0
2025-09-20 05:00:00,0.24,0.0,5.171620206896553,0.0,0.420833333,0.0,0.085,0.0
2025-09-20 06:00:00,0.11,0.2807869999999999,5.342407206896553,0.0,0.420833333,0.0,0.084,0.0
2025-09-20 07:00:00,0.2,1.824758,6.967165206896553,0.0,0.420833333,0.0,0.071,0.0
2025-09-20 08:00:00,0.1,3.356469,10.223634206896552,0.0,0.420833333,0.0,0.063,0.0
2025-09-20 09:00:00,0.22,4.4539539999999995,13.5,0.0,0.420833333,4.233954,0.061,-0.258271194
2025-09-20 10:00:00,2.4,5.203803,13.5,0.0,0.420833333,2.803803,0.06,-0.16822817999999998
2025-09-20 11:00:00,2.783153846153846,5.635365,13.5,0.0,0.420833333,2.852211153846154,0.06,-0.17113266923076925
2025-09-20 12:00:00,2.7731538461538463,5.727504,13.5,0.0,0.420833333,2.9543501538461534,0.059,-0.17430665907692305
2025-09-20 13:00:00,2.863153846153846,5.45245,13.5,0.0,0.420833333,2.5892961538461536,0.059,-0.15276847307692307
2025-09-20 14:00:00,2.4099999999999997,4.712662,13.5,0.0,0.420833333,2.302662,0.059,-0.135857058
2025-09-20 15:00:00,0.1,3.612811,13.5,0.0,0.470833333,3.512811,0.062,-0.217794282
2025-09-20 16:00:00,0.39,2.057638,13.5,0.0,0.630833333,1.6676379999999997,0.073,-0.12173757399999997
2025-09-20 17:00:00,1.6878045977011498,0.41148,12.22367540229885,0.0,0.630833333,0.0,0.125,0.0
2025-09-20 18:00:00,2.88780459770115,0.0,9.3358708045977,0.0,0.630833333,0.0,0.368,0.0
2025-09-20 19:00:00,0.23,0.0,9.1058708045977,0.0,0.630833333,0.0,0.497,0.0
2025-09-20 20:00:00,0.29,0.0,8.8158708045977,0.0,0.630833333,0.0,0.292,0.0
2025-09-20 21:00:00,0.27,0.0,8.545870804597701,0.0,0.470833333,0.0,0.143,0.0
2025-09-20 22:00:00,0.26,0.0,8.285870804597701,0.0,0.470833333,0.0,0.136,0.0
2025-09-20 23:00:00,0.2299999999999999,0.0,8.055870804597701,0.0,0.470833333,0.0,0.093,0.0
2025-09-21 00:00:00,0.22,0.0,7.835870804597701,0.0,0.420833333,0.0,0.092,0.0
2025-09-21 01:00:00,0.22,0.0,7.615870804597701,0.0,0.420833333,0.0,0.089,0.0
2025-09-21 02:00:00,0.22,0.0,7.395870804597702,0.0,0.420833333,0.0,0.086,0.0
2025-09-21 03:00:00,0.31,0.0,7.085870804597702,0.0,0.420833333,0.0,0.084,0.0
2025-09-21 04:00:00,0.26,0.0,6.825870804597702,0.0,0.420833333,0.0,0.083,0.0
2025-09-21 05:00:00,0.22,0.0,6.605870804597703,0.0,0.420833333,0.0,0.085,0.0
2025-09-21 06:00:00,0.21,0.287646,6.683516804597702,0.0,0.420833333,0.0,0.084,0.0
2025-09-21 07:00:00,0.1,0.5029,7.086416804597702,0.0,0.420833333,0.0,0.071,0.0
2025-09-21 08:00:00,0.2,1.024772,7.911188804597702,0.0,0.420833333,0.0,0.063,0.0
2025-09-21 09:00:00,0.16,1.672287,9.423475804597702,0.0,0.420833333,0.0,0.061,0.0
2025-09-21 10:00:00,2.42,3.693994,10.697469804597702,0.0,0.420833333,0.0,0.06,0.0
2025-09-21 11:00:00,2.783153846153846,5.713125,13.5,0.0,0.420833333,2.9299711538461537,0.06,-0.17579826923076922
2025-09-21 12:00:00,2.783153846153846,2.542628,13.259474153846154,0.0,0.420833333,0.0,0.059,0.0
2025-09-21 13:00:00,2.8131538461538463,2.178241,12.624561307692309,0.0,0.420833333,0.0,0.059,0.0
2025-09-21 14:00:00,2.4099999999999997,2.042222,12.256783307692308,0.0,0.420833333,0.0,0.059,0.0
2025-09-21 15:00:00,0.36,1.854088,13.5,0.0,0.470833333,1.494088,0.062,-0.092633456
2025-09-21 16:00:00,0.63,0.612344,13.482344,0.0,0.630833333,0.0,0.073,0.0
2025-09-21 17:00:00,2.3178045977011497,0.3775179999999999,11.54205740229885,0.0,0.630833333,0.0,0.125,0.0
2025-09-21 18:00:00,3.1778045977011495,0.0,8.364252804597701,0.0,0.630833333,0.0,0.368,0.0
2025-09-21 19:00:00,0.28,0.0,8.084252804597702,0.0,0.630833333,0.0,0.497,0.0
2025-09-21 20:00:00,0.33,0.0,7.754252804597701,0.0,0.630833333,0.0,0.292,0.0
2025-09-21 21:00:00,0.31,0.0,7.444252804597702,0.0,0.470833333,0.0,0.143,0.0
2025-09-21 22:00:00,0.25,0.0,7.194252804597702,0.0,0.470833333,0.0,0.136,0.0
2025-09-21 23:00:00,0.12,0.0,7.074252804597702,0.0,0.470833333,0.0,0.093,0.0
2025-09-22 00:00:00,0.11,0.0,6.9642528045977015,0.0,0.420833333,0.0,0.092,0.0
2025-09-22 01:00:00,0.11,0.0,6.854252804597701,0.0,0.420833333,0.0,0.089,0.0
2025-09-22 02:00:00,0.1,0.0,6.7542528045977015,0.0,0.420833333,0.0,0.086,0.0
2025-09-22 03:00:00,0.11,0.0,6.644252804597701,0.0,0.420833333,0.0,0.084,0.0
2025-09-22 04:00:00,0.11,0.0,6.534252804597701,0.0,0.420833333,0.0,0.083,0.0
2025-09-22 05:00:00,0.11,0.0,6.4242528045977005,0.0,0.420833333,0.0,0.085,0.0
2025-09-22 06:00:00,0.1,0.023665,6.3479178045977,0.0,0.420833333,0.0,0.084,0.0
2025-09-22 07:00:00,0.11,0.306368,6.5442858045977,0.0,0.420833333,0.0,0.071,0.0
2025-09-22 08:00:00,0.15,1.761685,8.1559708045977,0.0,0.420833333,0.0,0.063,0.0
2025-09-22 09:00:00,0.15,4.597493999999999,12.6034648045977,0.0,0.420833333,0.0,0.061,0.0
2025-09-22 10:00:00,0.22,3.5743229999999997,13.5,0.0,0.420833333,3.3543229999999995,0.06,-0.20125937999999996
2025-09-22 11:00:00,0.5831538461538462,5.729195,13.5,0.0,0.420833333,5.146041153846154,0.06,-0.3087624692307692
2025-09-22 12:00:00,0.6731538461538462,3.094531,13.5,0.0,0.420833333,2.4213771538461537,0.059,-0.14286125207692307
2025-09-22 13:00:00,0.5431538461538462,5.3869560000000005,13.5,0.0,0.420833333,4.843802153846155,0.059,-0.2857843270769231
2025-09-22 14:00:00,0.17,4.681366,13.5,0.0,0.420833333,4.511366,0.059,-0.266170594
2025-09-22 15:00:00,0.17,3.554953,13.5,0.0,0.470833333,3.384953,0.062,-0.20986708599999998
2025-09-22 16:00:00,0.15,1.291879,13.5,0.0,0.630833333,1.141879,0.073,-0.083357167
2025-09-22 17:00:00,2.51780459770115,0.367867,11.35006240229885,0.0,0.630833333,0.0,0.125,0.0
2025-09-22 18:00:00,3.0878045977011497,0.0,8.2622578045977,0.0,0.630833333,0.0,0.368,0.0
2025-09-22 19:00:00,0.26,0.0,8.0022578045977,0.0,0.630833333,0.0,0.497,0.0
2025-09-22 20:00:00,0.32,0.0,7.6822578045977,0.0,0.630833333,0.0,0.292,0.0
2025-09-22 21:00:00,0.6599999999999999,0.0,7.0222578045977,0.0,0.470833333,0.0,0.143,0.0
2025-09-22 22:00:00,0.85,0.0,6.172257804597701,0.0,0.470833333,0.0,0.136,0.0
2025-09-22 23:00:00,0.39,0.0,5.782257804597701,0.0,0.470833333,0.0,0.093,0.0
2025-09-23 00:00:00,0.22,0.0,5.562257804597701,0.0,0.420833333,0.0,0.092,0.0
2025-09-23 01:00:00,0.2299999999999999,0.0,5.332257804597702,0.0,0.420833333,0.0,0.089,0.0
2025-09-23 02:00:00,0.2299999999999999,0.0,5.102257804597702,0.0,0.420833333,0.0,0.086,0.0
2025-09-23 03:00:00,0.2299999999999999,0.0,4.8722578045977025,0.0,0.420833333,0.0,0.084,0.0
2025-09-23 04:00:00,0.22,0.0,4.652257804597703,0.0,0.420833333,0.0,0.083,0.0
2025-09-23 05:00:00,0.22,0.0,4.432257804597703,0.0,0.420833333,0.0,0.085,0.0
2025-09-23 06:00:00,0.22,0.284859,4.497116804597703,0.0,0.420833333,0.0,0.084,0.0
2025-09-23 07:00:00,0.35,0.638073,4.785189804597703,0.0,0.420833333,0.0,0.071,0.0
2025-09-23 08:00:00,0.39,3.488742,7.883931804597703,0.0,0.420833333,0.0,0.063,0.0
2025-09-23 09:00:00,0.13,4.589493,12.343424804597705,0.0,0.420833333,0.0,0.061,0.0
2025-09-23 10:00:00,0.1,5.337146,13.5,0.0,0.420833333,5.237146,0.06,-0.31422876
2025-09-23 11:00:00,0.3298923076923077,5.75,13.5,0.0,0.420833333,5.420107692307692,0.06,-0.3252064615384615
2025-09-23 12:00:00,1.0998923076923075,5.75,13.5,0.0,0.420833333,4.650107692307692,0.059,-0.2743563538461538
2025-09-23 13:00:00,1.589892307692308,5.495971,13.5,0.0,0.420833333,3.906078692307692,0.059,-0.2304586428461538
2025-09-23 14:00:00,1.73,4.7581880000000005,13.5,0.0,0.420833333,3.0281880000000005,0.059,-0.17866309200000002
2025-09-23 15:00:00,1.28,3.64779,13.5,0.0,0.470833333,2.3677900000000003,0.062,-0.14680298000000003
2025-09-23 16:00:00,1.0,2.051061,13.5,0.0,0.630833333,1.0510609999999998,0.073,-0.07672745299999999
2025-09-23 17:00:00,1.77268275862069,0.369789,12.09710624137931,0.0,0.630833333,0.0,0.125,0.0
2025-09-23 18:00:00,4.01268275862069,0.0,8.08442348275862,0.0,0.630833333,0.0,0.368,0.0
2025-09-23 19:00:00,0.31,0.0,7.77442348275862,0.0,0.630833333,0.0,0.497,0.0
2025-09-23 20:00:00,0.42,0.0,7.35442348275862,0.0,0.630833333,0.0,0.292,0.0
2025-09-23 21:00:00,0.36,0.0,6.99442348275862,0.0,0.470833333,0.0,0.143,0.0
2025-09-23 22:00:00,0.29,0.0,6.70442348275862,0.0,0.470833333,0.0,0.136,0.0
2025-09-23 23:00:00,0.22,0.0,6.48442348275862,0.0,0.470833333,0.0,0.093,0.0
2025-09-24 00:00:00,0.22,0.0,6.2644234827586205,0.0,0.420833333,0.0,0.092,0.0
2025-09-24 01:00:00,0.2299999999999999,0.0,6.034423482758621,0.0,0.420833333,0.0,0.089,0.0
2025-09-24 02:00:00,0.2299999999999999,0.0,5.804423482758621,0.0,0.420833333,0.0,0.086,0.0
2025-09-24 03:00:00,0.25,0.0,5.554423482758621,0.0,0.420833333,0.0,0.084,0.0
2025-09-24 04:00:00,0.22,0.0,5.334423482758622,0.0,0.420833333,0.0,0.083,0.0
2025-09-24 05:00:00,0.22,0.0,5.114423482758622,0.0,0.420833333,0.0,0.085,0.0
2025-09-24 06:00:00,0.22,0.080616,4.975039482758622,0.0,0.420833333,0.0,0.084,0.0
2025-09-24 07:00:00,0.26,0.425288,5.1403274827586225,0.0,0.420833333,0.0,0.071,0.0
2025-09-24 08:00:00,0.33,1.598809,6.409136482758623,0.0,0.420833333,0.0,0.063,0.0
2025-09-24 09:00:00,0.15,1.969045,8.228181482758623,0.0,0.420833333,0.0,0.061,0.0
2025-09-24 10:00:00,2.4299999999999997,3.093477,8.891658482758624,0.0,0.420833333,0.0,0.06,0.0
2025-09-24 11:00:00,2.6598923076923073,3.758238,9.990004175066316,0.0,0.420833333,0.0,0.06,0.0
2025-09-24 12:00:00,2.6598923076923073,3.362657,10.692768867374008,0.0,0.420833333,0.0,0.059,0.0
2025-09-24 13:00:00,2.6598923076923073,2.829717,10.8625935596817,0.0,0.420833333,0.0,0.059,0.0
2025-09-24 14:00:00,2.44,1.887111,10.3097045596817,0.0,0.420833333,0.0,0.059,0.0
2025-09-24 15:00:00,0.14,1.225748,11.3954525596817,0.0,0.470833333,0.0,0.062,0.0
2025-09-24 16:00:00,0.14,0.3675779999999999,11.6230305596817,0.0,0.630833333,0.0,0.073,0.0
2025-09-24 17:00:00,0.7926827586206897,0.036592,10.86693980106101,0.0,0.630833333,0.0,0.125,0.0
2025-09-24 18:00:00,0.8526827586206898,0.0,10.01425704244032,0.0,0.630833333,0.0,0.368,0.0
2025-09-24 19:00:00,0.35,0.0,9.66425704244032,0.0,0.630833333,0.0,0.497,0.0
2025-09-24 20:00:00,0.22,0.0,9.44425704244032,0.0,0.630833333,0.0,0.292,0.0
2025-09-24 21:00:00,0.14,0.0,9.30425704244032,0.0,0.470833333,0.0,0.143,0.0
2025-09-24 22:00:00,0.25,0.0,9.05425704244032,0.0,0.470833333,0.0,0.136,0.0
2025-09-24 23:00:00,0.22,0.0,8.834257042440319,0.0,0.470833333,0.0,0.093,0.0
2025-09-25 00:00:00,0.22,0.0,8.614257042440318,0.0,0.420833333,0.0,0.092,0.0
2025-09-25 01:00:00,0.22,0.0,8.394257042440318,0.0,0.420833333,0.0,0.089,0.0
2025-09-25 02:00:00,0.22,0.0,8.174257042440317,0.0,0.420833333,0.0,0.086,0.0
2025-09-25 03:00:00,0.22,0.0,7.954257042440317,0.0,0.420833333,0.0,0.084,0.0
2025-09-25 04:00:00,0.22,0.0,7.734257042440317,0.0,0.420833333,0.0,0.083,0.0
2025-09-25 05:00:00,0.22,0.0,7.514257042440318,0.0,0.420833333,0.0,0.085,0.0
2025-09-25 06:00:00,0.2299999999999999,0.051799,7.336056042440318,0.0,0.420833333,0.0,0.084,0.0
2025-09-25 07:00:00,0.22,0.226693,7.342749042440318,0.0,0.420833333,0.0,0.071,0.0
2025-09-25 08:00:00,0.19,0.642718,7.795467042440318,0.0,0.420833333,0.0,0.063,0.0
2025-09-25 09:00:00,0.37,1.508085,8.933552042440319,0.0,0.420833333,0.0,0.061,0.0
2025-09-25 10:00:00,0.51,2.038937,10.462489042440318,0.0,0.420833333,0.0,0.06,0.0
2025-09-25 11:00:00,0.8098923076923078,2.274925,11.92752173474801,0.0,0.420833333,0.0,0.06,0.0
2025-09-25 12:00:00,0.5698923076923077,2.918,13.5,0.0,0.420833333,2.3481076923076927,0.059,-0.13853835384615387
2025-09-25 13:00:00,0.4998923076923077,2.4623069999999996,13.5,0.0,0.420833333,1.962414692307692,0.059,-0.11578246684615381
2025-09-25 14:00:00,0.26,1.891928,13.5,0.0,0.420833333,1.631928,0.059,-0.096283752
2025-09-25 15:00:00,0.44,1.202676,13.5,0.0,0.470833333,0.7626760000000001,0.062,-0.047285912000000006
2025-09-25 16:00:00,0.26,0.413539,13.5,0.0,0.630833333,0.15353899999999998,0.073,-0.011208346999999999
2025-09-25 17:00:00,0.8726827586206897,0.026851,12.65416824137931,0.0,0.630833333,0.0,0.125,0.0
2025-09-25 18:00:00,1.0426827586206897,0.0,11.61148548275862,0.0,0.630833333,0.0,0.368,0.0
2025-09-25 19:00:00,0.3,0.0,11.31148548275862,0.0,0.630833333,0.0,0.497,0.0
2025-09-25 20:00:00,0.28,0.0,11.03148548275862,0.0,0.630833333,0.0,0.292,0.0
2025-09-25 21:00:00,0.64,0.0,10.39148548275862,0.0,0.470833333,0.0,0.143,0.0
2025-09-25 22:00:00,0.75,0.0,9.64148548275862,0.0,0.470833333,0.0,0.136,0.0
2025-09-25 23:00:00,0.22,0.0,9.42148548275862,0.0,0.470833333,0.0,0.093,0.0
2025-09-26 00:00:00,0.22,0.0,9.20148548275862,0.0,0.420833333,0.0,0.092,0.0
2025-09-26 01:00:00,0.22,0.0,8.981485482758618,0.0,0.420833333,0.0,0.089,0.0
2025-09-26 02:00:00,0.22,0.0,8.761485482758617,0.0,0.420833333,0.0,0.086,0.0
2025-09-26 03:00:00,0.19,0.0,8.571485482758618,0.0,0.420833333,0.0,0.084,0.0
2025-09-26 04:00:00,0.11,0.0,8.461485482758619,0.0,0.420833333,0.0,0.083,0.0
2025-09-26 05:00:00,0.11,0.0,8.35148548275862,0.0,0.420833333,0.0,0.085,0.0
2025-09-26 06:00:00,0.11,0.0,8.24148548275862,0.0,0.420833333,0.0,0.084,0.0
2025-09-26 07:00:00,0.1,0.104581,8.24606648275862,0.0,0.420833333,0.0,0.071,0.0
2025-09-26 08:00:00,0.12,0.387261,8.51332748275862,0.0,0.420833333,0.0,0.063,0.0
2025-09-26 09:00:00,0.14,0.724665,9.097992482758618,0.0,0.420833333,0.0,0.061,0.0
2025-09-26 10:00:00,2.5799999999999996,1.080006,7.597998482758619,0.0,0.420833333,0.0,0.06,0.0
2025-09-26 11:00:00,2.7398923076923074,1.973848,6.831954175066312,0.0,0.420833333,0.0,0.06,0.0
2025-09-26 12:00:00,2.8498923076923077,2.247957,6.230018867374005,0.0,0.420833333,0.0,0.059,0.0
2025-09-26 13:00:00,2.7398923076923074,2.085051,5.5751775596816975,0.0,0.420833333,0.0,0.059,0.0
2025-09-26 14:00:00,2.4499999999999997,1.573945,4.6991225596816975,0.0,0.420833333,0.0,0.059,0.0
2025-09-26 15:00:00,0.24,0.7540789999999999,5.213201559681697,0.0,0.470833333,0.0,0.062,0.0
2025-09-26 16:00:00,0.4,0.37588,5.189081559681697,0.0,0.630833333,0.0,0.073,0.0
2025-09-26 17:00:00,0.9526827586206896,0.043322,4.279720801061008,0.0,0.630833333,0.0,0.125,0.0
2025-09-26 18:00:00,0.8526827586206898,0.0,3.4270380424403184,0.0,0.630833333,0.0,0.368,0.0
2025-09-26 19:00:00,0.15,0.0,3.2770380424403185,0.0,0.630833333,0.0,0.497,0.0
2025-09-26 20:00:00,0.4,0.0,2.8770380424403186,0.0,0.630833333,0.0,0.292,0.0
2025-09-26 21:00:00,0.31,0.0,2.5670380424403185,0.0,0.470833333,0.0,0.143,0.0
2025-09-26 22:00:00,0.24,0.0,2.3270380424403188,0.0,0.470833333,0.0,0.136,0.0
2025-09-26 23:00:00,0.22,0.0,2.1070380424403186,0.0,0.470833333,0.0,0.093,0.0
2025-09-27 00:00:00,0.2299999999999999,0.0,1.8770380424403184,0.0,0.420833333,0.0,0.092,0.0
2025-09-27 01:00:00,0.22,0.0,1.6570380424403186,0.0,0.420833333,0.0,0.089,0.0
2025-09-27 02:00:00,0.21,0.0,1.4470380424403186,0.0,0.420833333,0.0,0.086,0.0
2025-09-27 03:00:00,0.22,0.0,1.2270380424403189,0.0,0.420833333,0.0,0.084,0.0
2025-09-27 04:00:00,0.22,0.0,1.0070380424403187,0.0,0.420833333,0.0,0.083,0.0
2025-09-27 05:00:00,0.5900000000000001,0.0,0.4170380424403186,0.0,0.420833333,0.0,0.085,0.0
2025-09-27 06:00:00,0.11,0.0,0.3070380424403186,0.0,0.420833333,0.0,0.084,0.0
2025-09-27 07:00:00,0.22,0.6154400000000001,0.7024780424403188,0.0,0.420833333,0.0,0.071,0.0
2025-09-27 08:00:00,0.38,0.139679,0.4621570424403187,0.0,0.420833333,0.0,0.063,0.0
2025-09-27 09:00:00,0.12,2.596233,2.938390042440319,0.0,0.420833333,0.0,0.061,0.0
2025-09-27 10:00:00,2.4099999999999997,0.902003,1.4303930424403193,0.0,0.420833333,0.0,0.06,0.0
2025-09-27 11:00:00,2.7398923076923074,2.419813,1.110313734748012,0.0,0.420833333,0.0,0.06,0.0
2025-09-27 12:00:00,3.689892307692307,2.033849,0.0,0.545729572944295,0.420833333,0.0,0.059,0.22966119509881427
2025-09-27 13:00:00,3.709892307692307,1.721394,0.0,1.988498307692307,0.420833333,0.0,0.059,0.836826370491013
2025-09-27 14:00:00,2.44,1.050241,0.0,1.389759,0.420833333,0.0,0.059,0.584856912036747
2025-09-27 15:00:00,0.12,1.014102,0.8941020000000001,0.0,0.470833333,0.0,0.062,0.0
2025-09-27 16:00:00,0.11,1.822982,2.607084,0.0,0.630833333,0.0,0.073,0.0
2025-09-27 17:00:00,0.7526827586206897,0.238572,2.09297324137931,0.0,0.630833333,0.0,0.125,0.0
2025-09-27 18:00:00,1.0326827586206897,0.0,1.0602904827586204,0.0,0.630833333,0.0,0.368,0.0
2025-09-27 19:00:00,0.23,0.0,0.8302904827586204,0.0,0.630833333,0.0,0.497,0.0
2025-09-27 20:00:00,0.22,0.0,0.6102904827586204,0.0,0.630833333,0.0,0.292,0.0
2025-09-27 21:00:00,0.14,0.0,0.4702904827586204,0.0,0.470833333,0.0,0.143,0.0
2025-09-27 22:00:00,0.22,0.0,0.2502904827586204,0.0,0.470833333,0.0,0.136,0.0
2025-09-27 23:00:00,0.31,0.0,0.0,0.05970951724137957,0.470833333,0.0,0.093,0.02811323101457971
2025-09-28 00:00:00,0.25,0.0,0.0,0.25,0.420833333,0.0,0.092,0.10520833325
2025-09-28 01:00:00,0.22,0.0,0.0,0.22,0.420833333,0.0,0.089,0.09258333326
2025-09-28 02:00:00,0.22,0.0,0.0,0.22,0.420833333,0.0,0.086,0.09258333326
2025-09-28 03:00:00,0.21,0.0,0.0,0.21,0.420833333,0.0,0.084,0.08837499992999999
2025-09-28 04:00:00,0.1,0.0,0.0,0.1,0.420833333,0.0,0.083,0.0420833333
2025-09-28 05:00:00,0.11,0.0,0.0,0.11,0.420833333,0.0,0.085,0.04629166663
2025-09-28 06:00:00,0.18,0.209383,0.029383,0.0,0.420833333,0.0,0.084,0.0
2025-09-28 07:00:00,0.2,0.294159,0.123542,0.0,0.420833333,0.0,0.071,0.0
2025-09-28 08:00:00,0.2299999999999999,1.4515129999999998,1.345055,0.0,0.420833333,0.0,0.063,0.0
2025-09-28 09:00:00,0.22,1.815634,2.940689,0.0,0.420833333,0.0,0.061,0.0
2025-09-28 10:00:00,4.62,1.38988,0.0,0.28943100000000044,0.420833333,0.0,0.06,0.12180221240352318
2025-09-28 11:00:00,5.397365384615385,1.858415,0.0,3.5389503846153847,0.420833333,0.0,0.06,1.4893082856793243
2025-09-28 12:00:00,2.9673653846153845,5.75,2.7826346153846155,0.0,0.420833333,0.0,0.059,0.0
2025-09-28 13:00:00,3.2773653846153845,5.395138,4.900407230769231,0.0,0.420833333,0.0,0.059,0.0
2025-09-28 14:00:00,3.4799999999999995,4.600296999999999,6.020704230769231,0.0,0.420833333,0.0,0.059,0.0
2025-09-28 15:00:00,1.18,3.4506439999999996,8.29134823076923,0.0,0.470833333,0.0,0.062,0.0
2025-09-28 16:00:00,1.24,1.846671,8.898019230769231,0.0,0.630833333,0.0,0.073,0.0
2025-09-28 17:00:00,2.205853448275862,0.216204,6.908369782493369,0.0,0.630833333,0.0,0.125,0.0
2025-09-28 18:00:00,2.725853448275862,0.0,4.182516334217507,0.0,0.630833333,0.0,0.368,0.0
2025-09-28 19:00:00,1.29,0.0,2.892516334217506,0.0,0.630833333,0.0,0.497,0.0
2025-09-28 20:00:00,1.25,0.0,1.6425163342175066,0.0,0.630833333,0.0,0.292,0.0
2025-09-28 21:00:00,1.19,0.0,0.4525163342175067,0.0,0.470833333,0.0,0.143,0.0
2025-09-28 22:00:00,1.61,0.0,0.0,1.1574836657824934,0.470833333,0.0,0.136,0.5449818922534294
2025-09-28 23:00:00,1.74,0.0,0.0,1.74,0.470833333,0.0,0.093,0.81924999942
2025-09-29 00:00:00,1.25,0.0,0.0,1.25,0.420833333,0.0,0.092,0.5260416662499999
2025-09-29 01:00:00,1.19,0.0,0.0,1.19,0.420833333,0.0,0.089,0.5007916662699999
2025-09-29 02:00:00,1.19,0.0,0.0,1.19,0.420833333,0.0,0.086,0.5007916662699999
2025-09-29 03:00:00,1.19,0.0,0.0,1.19,0.420833333,0.0,0.084,0.5007916662699999
2025-09-29 04:00:00,1.19,0.0,0.0,1.19,0.420833333,0.0,0.083,0.5007916662699999
2025-09-29 05:00:00,1.19,0.0,0.0,1.19,0.420833333,0.0,0.085,0.5007916662699999
2025-09-29 06:00:00,1.2,0.184278,0.0,1.015722,0.420833333,0.0,0.084,0.42744967466142597
2025-09-29 07:00:00,1.27,0.413466,0.0,0.856534,0.420833333,0.0,0.071,0.360458058047822
2025-09-29 08:00:00,0.42,1.002748,0.582748,0.0,0.420833333,0.0,0.063,0.0
2025-09-29 09:00:00,0.1,4.544135,5.026883,0.0,0.420833333,0.0,0.061,0.0
2025-09-29 10:00:00,0.11,5.340755,10.257638,0.0,0.420833333,0.0,0.06,0.0
2025-09-29 11:00:00,0.4273653846153847,5.75,13.5,0.0,0.420833333,5.322634615384615,0.06,-0.3193580769230769
2025-09-29 12:00:00,0.4273653846153847,5.75,13.5,0.0,0.420833333,5.322634615384615,0.059,-0.31403544230769226
2025-09-29 13:00:00,0.4673653846153847,5.470568,13.5,0.0,0.420833333,5.003202615384615,0.059,-0.29518895430769226
2025-09-29 14:00:00,0.22,4.654689,13.5,0.0,0.420833333,4.4346890000000005,0.059,-0.261646651
2025-09-29 15:00:00,0.1699999999999999,3.467225,13.5,0.0,0.470833333,3.297225,0.062,-0.20442795
2025-09-29 16:00:00,0.14,1.834243,13.5,0.0,0.630833333,1.6942430000000002,0.073,-0.12367973900000001
2025-09-29 17:00:00,2.925853448275862,0.176445,10.750591551724138,0.0,0.630833333,0.0,0.125,0.0
2025-09-29 18:00:00,1.535853448275862,0.0,9.214738103448276,0.0,0.630833333,0.0,0.368,0.0
2025-09-29 19:00:00,0.28,0.0,8.934738103448277,0.0,0.630833333,0.0,0.497,0.0
2025-09-29 20:00:00,0.29,0.0,8.644738103448278,0.0,0.630833333,0.0,0.292,0.0
2025-09-29 21:00:00,0.25,0.0,8.394738103448278,0.0,0.470833333,0.0,0.143,0.0
2025-09-29 22:00:00,0.24,0.0,8.154738103448278,0.0,0.470833333,0.0,0.136,0.0
2025-09-29 23:00:00,0.22,0.0,7.934738103448278,0.0,0.470833333,0.0,0.093,0.0
2025-09-30 00:00:00,0.2299999999999999,0.0,7.704738103448278,0.0,0.420833333,0.0,0.092,0.0
2025-09-30 01:00:00,0.22,0.0,7.4847381034482785,0.0,0.420833333,0.0,0.089,0.0
2025-09-30 02:00:00,0.22,0.0,7.264738103448279,0.0,0.420833333,0.0,0.086,0.0
2025-09-30 03:00:00,0.2299999999999999,0.0,7.034738103448279,0.0,0.420833333,0.0,0.084,0.0
2025-09-30 04:00:00,0.12,0.0,6.914738103448279,0.0,0.420833333,0.0,0.083,0.0
2025-09-30 05:00:00,0.11,0.0,6.804738103448279,0.0,0.420833333,0.0,0.085,0.0
2025-09-30 06:00:00,0.15,0.1458269999999999,6.800565103448279,0.0,0.420833333,0.0,0.084,0.0
2025-09-30 07:00:00,0.34,1.713277,8.17384210344828,0.0,0.420833333,0.0,0.071,0.0
2025-09-30 08:00:00,0.12,3.301593,11.35543510344828,0.0,0.420833333,0.0,0.063,0.0
2025-09-30 09:00:00,0.1,4.444594,13.5,0.0,0.420833333,4.344594000000001,0.061,-0.265020234
2025-09-30 10:00:00,0.1,5.200796,13.5,0.0,0.420833333,5.100796000000001,0.06,-0.30604776000000006
2025-09-30 11:00:00,0.3873653846153847,5.651179,13.5,0.0,0.420833333,5.263813615384615,0.06,-0.3158288169230769
2025-09-30 12:00:00,0.3873653846153847,5.702662999999999,13.5,0.0,0.420833333,5.3152976153846145,0.059,-0.31360255930769226
2025-09-30 13:00:00,0.3873653846153847,5.316702,13.5,0.0,0.420833333,4.929336615384615,0.059,-0.2908308603076923
2025-09-30 14:00:00,0.1,4.493061,13.5,0.0,0.420833333,4.393061,0.059,-0.259190599
2025-09-30 15:00:00,0.11,3.235404,13.5,0.0,0.470833333,3.125404,0.062,-0.193775048
2025-09-30 16:00:00,0.11,1.7558779999999998,13.5,0.0,0.630833333,1.6458779999999997,0.073,-0.12014909399999997
2025-09-30 17:00:00,1.815853448275862,0.135173,11.81931955172414,0.0,0.630833333,0.0,0.125,0.0
2025-09-30 18:00:00,3.295853448275862,0.0,8.523466103448277,0.0,0.630833333,0.0,0.368,0.0
2025-09-30 19:00:00,0.39,0.0,8.133466103448276,0.0,0.630833333,0.0,0.497,0.0
2025-09-30 20:00:00,0.27,0.0,7.8634661034482765,0.0,0.630833333,0.0,0.292,0.0
2025-09-30 21:00:00,0.3,0.0,7.563466103448277,0.0,0.470833333,0.0,0.143,0.0
2025-09-30 22:00:00,0.36,0.0,7.203466103448276,0.0,0.470833333,0.0,0.136,0.0
2025-09-30 23:00:00,0.26,0.0,6.9434661034482765,0.0,0.470833333,0.0,0.093,0.0
2025-09-30 23:59:59,0.1,0.0,6.9434661034482765,0.1,150.0,0.0,0.0,15.0
2025-10-01 00:00:00,0.22,0.0,6.723466103448277,0.0,0.37016129,0.0,0.089,0.0
2025-10-01 01:00:00,0.2299999999999999,0.0,6.493466103448277,0.0,0.37016129,0.0,0.087,0.0
2025-10-01 02:00:00,0.22,0.0,6.2734661034482775,0.0,0.37016129,0.0,0.084,0.0
2025-10-01 03:00:00,0.23,0.0,6.043466103448277,0.0,0.37016129,0.0,0.083,0.0
2025-10-01 04:00:00,0.22,0.0,5.823466103448277,0.0,0.37016129,0.0,0.081,0.0
2025-10-01 05:00:00,0.22,0.0,5.603466103448278,0.0,0.37016129,0.0,0.084,0.0
2025-10-01 06:00:00,0.31,0.154126,5.447592103448278,0.0,0.37016129,0.0,0.083,0.0
2025-10-01 07:00:00,0.29,1.791327,6.948919103448278,0.0,0.37016129,0.0,0.075,0.0
2025-10-01 08:00:00,0.2299999999999999,3.354445,10.073364103448275,0.0,0.37016129,0.0,0.064,0.0
2025-10-01 09:00:00,0.2299999999999999,4.414121,13.5,0.0,0.37016129,4.184121,0.059,-0.246863139
2025-10-01 10:00:00,2.53,5.095532,13.5,0.0,0.37016129,2.5655320000000006,0.059,-0.15136638800000002
2025-10-01 11:00:00,2.8073653846153848,5.333761000000001,13.5,0.0,0.37016129,2.526395615384616,0.059,-0.14905734130769235
2025-10-01 12:00:00,2.8073653846153848,5.349323,13.5,0.0,0.37016129,2.5419576153846153,0.058,-0.14743354169230768
2025-10-01 13:00:00,2.8073653846153848,5.0576170000000005,13.5,0.0,0.37016129,2.2502516153846157,0.057,-0.1282643420769231
2025-10-01 14:00:00,2.52,4.4268670000000006,13.5,0.0,0.37016129,1.9068670000000005,0.057,-0.10869141900000004
2025-10-01 15:00:00,0.22,3.329284,13.5,0.0,0.38016129,3.1092839999999997,0.058,-0.180338472
2025-10-01 16:00:00,0.22,1.774473,13.5,0.0,0.40016129,1.554473,0.062,-0.096377326
2025-10-01 17:00:00,2.745853448275862,0.131823,10.885969551724138,0.0,0.40016129,0.0,0.092,0.0
2025-10-01 18:00:00,1.9058534482758624,0.0,8.980116103448275,0.0,0.40016129,0.0,0.103,0.0
2025-10-01 19:00:00,0.41,0.0,8.570116103448274,0.0,0.40016129,0.0,0.101,0.0
2025-10-01 20:00:00,0.71,0.0,7.860116103448275,0.0,0.40016129,0.0,0.091,0.0
2025-10-01 21:00:00,1.0,0.0,6.8601161034482745,0.0,0.38016129,0.0,0.088,0.0
2025-10-01 22:00:00,1.11,0.0,5.750116103448274,0.0,0.38016129,0.0,0.091,0.0
2025-10-01 23:00:00,0.2299999999999999,0.0,5.520116103448275,0.0,0.38016129,0.0,0.09,0.0
2025-10-02 00:00:00,0.2299999999999999,0.0,5.290116103448275,0.0,0.37016129,0.0,0.089,0.0
2025-10-02 01:00:00,0.2299999999999999,0.0,5.060116103448276,0.0,0.37016129,0.0,0.087,0.0
2025-10-02 02:00:00,0.2299999999999999,0.0,4.830116103448276,0.0,0.37016129,0.0,0.084,0.0
2025-10-02 03:00:00,0.2299999999999999,0.0,4.6001161034482765,0.0,0.37016129,0.0,0.083,0.0
2025-10-02 04:00:00,0.2299999999999999,0.0,4.370116103448277,0.0,0.37016129,0.0,0.081,0.0
2025-10-02 05:00:00,0.2299999999999999,0.0,4.140116103448277,0.0,0.37016129,0.0,0.084,0.0
2025-10-02 06:00:00,0.26,0.15906,4.039176103448278,0.0,0.37016129,0.0,0.083,0.0
2025-10-02 07:00:00,0.2,1.869158,5.708334103448278,0.0,0.37016129,0.0,0.075,0.0
2025-10-02 08:00:00,0.11,3.406985,9.00531910344828,0.0,0.37016129,0.0,0.064,0.0
2025-10-02 09:00:00,0.1,4.398731,13.30405010344828,0.0,0.37016129,0.0,0.059,0.0
2025-10-02 10:00:00,0.11,5.093988,13.5,0.0,0.37016129,4.983988,0.059,-0.29405529199999997
2025-10-02 11:00:00,0.3421461538461539,5.48963,13.5,0.0,0.37016129,5.147483846153846,0.059,-0.3037015469230769
2025-10-02 12:00:00,0.3421461538461539,5.537424,13.5,0.0,0.37016129,5.195277846153846,0.058,-0.3013261150769231
2025-10-02 13:00:00,0.3421461538461539,5.230427,13.5,0.0,0.37016129,4.888280846153846,0.057,-0.2786320082307692
2025-10-02 14:00:00,0.11,4.510087,13.5,0.0,0.37016129,4.400087,0.057,-0.250804959
2025-10-02 15:00:00,0.1,3.388111,13.5,0.0,0.38016129,3.288111,0.058,-0.190710438
2025-10-02 16:00:00,0.1,1.804676,13.5,0.0,0.40016129,1.7046759999999999,0.062,-0.105689912
2025-10-02 17:00:00,0.8190816091954024,0.127797,12.808715390804595,0.0,0.40016129,0.0,0.092,0.0
2025-10-02 18:00:00,0.8190816091954024,0.0,11.989633781609196,0.0,0.40016129,0.0,0.103,0.0
2025-10-02 19:00:00,0.44,0.0,11.549633781609195,0.0,0.40016129,0.0,0.101,0.0
2025-10-02 20:00:00,0.28,0.0,11.269633781609196,0.0,0.40016129,0.0,0.091,0.0
2025-10-02 21:00:00,0.2,0.0,11.069633781609197,0.0,0.38016129,0.0,0.088,0.0
2025-10-02 22:00:00,0.15,0.0,10.919633781609196,0.0,0.38016129,0.0,0.091,0.0
2025-10-02 23:00:00,0.24,0.0,10.679633781609196,0.0,0.38016129,0.0,0.09,0.0
2025-10-03 00:00:00,0.22,0.0,10.459633781609195,0.0,0.37016129,0.0,0.089,0.0
2025-10-03 01:00:00,0.2299999999999999,0.0,10.229633781609197,0.0,0.37016129,0.0,0.087,0.0
2025-10-03 02:00:00,0.22,0.0,10.009633781609194,0.0,0.37016129,0.0,0.084,0.0
2025-10-03 03:00:00,0.22,0.0,9.789633781609194,0.0,0.37016129,0.0,0.083,0.0
2025-10-03 04:00:00,0.22,0.0,9.569633781609191,0.0,0.37016129,0.0,0.081,0.0
2025-10-03 05:00:00,0.21,0.0,9.359633781609192,0.0,0.37016129,0.0,0.084,0.0
2025-10-03 06:00:00,0.22,0.144035,9.283668781609192,0.0,0.37016129,0.0,0.083,0.0
2025-10-03 07:00:00,0.2299999999999999,1.839375,10.893043781609192,0.0,0.37016129,0.0,0.075,0.0
2025-10-03 08:00:00,0.19,3.426412,13.5,0.0,0.37016129,3.236412,0.064,-0.207130368
2025-10-03 09:00:00,0.15,4.559113999999999,13.5,0.0,0.37016129,4.409113999999999,0.059,-0.2601377259999999
2025-10-03 10:00:00,2.46,5.300193,13.5,0.0,0.37016129,2.840193,0.059,-0.16757138700000002
2025-10-03 11:00:00,2.8221461538461536,5.695475999999999,13.5,0.0,0.37016129,2.8733298461538457,0.059,-0.16952646092307688
2025-10-03 12:00:00,2.7821461538461536,5.706399,13.5,0.0,0.37016129,2.9242528461538466,0.058,-0.16960666507692312
2025-10-03 13:00:00,2.7621461538461536,2.869159,13.5,0.0,0.37016129,0.10701284615384621,0.057,-0.0060997322307692345
2025-10-03 14:00:00,2.4299999999999997,1.0609179999999998,12.130918,0.0,0.37016129,0.0,0.057,0.0
2025-10-03 15:00:00,0.21,0.6850750000000001,12.605993,0.0,0.38016129,0.0,0.058,0.0
2025-10-03 16:00:00,0.48,0.3751259999999999,12.501119,0.0,0.40016129,0.0,0.062,0.0
2025-10-03 17:00:00,4.159081609195402,0.0603939999999999,8.402431390804598,0.0,0.40016129,0.0,0.092,0.0
2025-10-03 18:00:00,0.7890816091954024,0.0,7.6133497816091955,0.0,0.40016129,0.0,0.103,0.0
2025-10-03 19:00:00,0.19,0.0,7.423349781609195,0.0,0.40016129,0.0,0.101,0.0
2025-10-03 20:00:00,0.28,0.0,7.143349781609195,0.0,0.40016129,0.0,0.091,0.0
2025-10-03 21:00:00,0.26,0.0,6.883349781609195,0.0,0.38016129,0.0,0.088,0.0
2025-10-03 22:00:00,0.2,0.0,6.683349781609195,0.0,0.38016129,0.0,0.091,0.0
2025-10-03 23:00:00,0.2,0.0,6.483349781609195,0.0,0.38016129,0.0,0.09,0.0
2025-10-04 00:00:00,0.16,0.0,6.323349781609195,0.0,0.37016129,0.0,0.089,0.0
2025-10-04 01:00:00,0.11,0.0,6.213349781609194,0.0,0.37016129,0.0,0.087,0.0
2025-10-04 02:00:00,0.11,0.0,6.103349781609194,0.0,0.37016129,0.0,0.084,0.0
2025-10-04 03:00:00,0.11,0.0,5.993349781609194,0.0,0.37016129,0.0,0.083,0.0
2025-10-04 04:00:00,0.11,0.0,5.883349781609193,0.0,0.37016129,0.0,0.081,0.0
2025-10-04 05:00:00,0.11,0.0,5.773349781609193,0.0,0.37016129,0.0,0.084,0.0
2025-10-04 06:00:00,0.11,0.1440689999999999,5.807418781609193,0.0,0.37016129,0.0,0.083,0.0
2025-10-04 07:00:00,0.11,0.058381,5.755799781609193,0.0,0.37016129,0.0,0.075,0.0
2025-10-04 08:00:00,0.41,0.629544,5.975343781609193,0.0,0.37016129,0.0,0.064,0.0
2025-10-04 09:00:00,0.3,4.710132,10.385475781609191,0.0,0.37016129,0.0,0.059,0.0
2025-10-04 10:00:00,2.9,5.485755,12.971230781609194,0.0,0.37016129,0.0,0.059,0.0
2025-10-04 11:00:00,2.7421461538461536,2.563253,12.79233762776304,0.0,0.37016129,0.0,0.059,0.0
2025-10-04 12:00:00,2.7021461538461535,3.923666,13.5,0.0,0.37016129,1.2215198461538463,0.058,-0.07084815107692309
2025-10-04 13:00:00,2.682146153846154,5.512172,13.5,0.0,0.37016129,2.8300258461538457,0.057,-0.16131147323076922
2025-10-04 14:00:00,2.5,1.832271,12.832271,0.0,0.37016129,0.0,0.057,0.0
2025-10-04 15:00:00,0.32,3.443822,13.5,0.0,0.38016129,3.123822,0.058,-0.181181676
2025-10-04 16:00:00,0.16,1.77532,13.5,0.0,0.40016129,1.61532,0.062,-0.10014984
2025-10-04 17:00:00,0.8190816091954024,0.096348,12.777266390804598,0.0,0.40016129,0.0,0.092,0.0
2025-10-04 18:00:00,0.8990816091954024,0.0,11.878184781609196,0.0,0.40016129,0.0,0.103,0.0
2025-10-04 19:00:00,0.23,0.0,11.648184781609196,0.0,0.40016129,0.0,0.101,0.0
2025-10-04 20:00:00,0.16,0.0,11.488184781609196,0.0,0.40016129,0.0,0.091,0.0
2025-10-04 21:00:00,0.16,0.0,11.328184781609195,0.0,0.38016129,0.0,0.088,0.0
2025-10-04 22:00:00,0.13,0.0,11.198184781609196,0.0,0.38016129,0.0,0.091,0.0
2025-10-04 23:00:00,0.1,0.0,11.098184781609197,0.0,0.38016129,0.0,0.09,0.0
2025-10-05 00:00:00,0.12,0.0,10.978184781609196,0.0,0.37016129,0.0,0.089,0.0
2025-10-05 01:00:00,0.1,0.0,10.878184781609196,0.0,0.37016129,0.0,0.087,0.0
2025-10-05 02:00:00,0.11,0.0,10.768184781609197,0.0,0.37016129,0.0,0.084,0.0
2025-10-05 03:00:00,0.1,0.0,10.668184781609195,0.0,0.37016129,0.0,0.083,0.0
2025-10-05 04:00:00,0.12,0.0,10.548184781609198,0.0,0.37016129,0.0,0.081,0.0
2025-10-05 05:00:00,0.1,0.0,10.448184781609198,0.0,0.37016129,0.0,0.084,0.0
2025-10-05 06:00:00,0.11,0.1464019999999999,10.4845867816092,0.0,0.37016129,0.0,0.083,0.0
2025-10-05 07:00:00,0.45,1.916916,11.951502781609198,0.0,0.37016129,0.0,0.075,0.0
2025-10-05 08:00:00,0.19,3.558338,13.5,0.0,0.37016129,3.368338,0.064,-0.21557363200000002
2025-10-05 09:00:00,0.11,4.740748,13.5,0.0,0.37016129,4.630748,0.059,-0.27321413199999994
2025-10-05 10:00:00,2.4099999999999997,2.264043,13.354043,0.0,0.37016129,0.0,0.059,0.0
2025-10-05 11:00:00,2.642146153846154,3.860408,13.5,0.0,0.37016129,1.2182618461538461,0.059,-0.07187744892307692
2025-10-05 12:00:00,2.6521461538461537,5.75,13.5,0.0,0.37016129,3.0978538461538463,0.058,-0.17967552307692308
2025-10-05 13:00:00,2.772146153846154,5.421557,13.5,0.0,0.37016129,2.649410846153846,0.057,-0.15101641823076922
2025-10-05 14:00:00,2.76,1.820216,12.560216,0.0,0.37016129,0.0,0.057,0.0
2025-10-05 15:00:00,0.51,0.067398,12.117614,0.0,0.38016129,0.0,0.058,0.0
2025-10-05 16:00:00,0.2299999999999999,1.28705,13.174664,0.0,0.40016129,0.0,0.062,0.0
2025-10-05 17:00:00,1.4990816091954025,0.098731,11.774313390804595,0.0,0.40016129,0.0,0.092,0.0
2025-10-05 18:00:00,0.9790816091954024,0.0,10.795231781609194,0.0,0.40016129,0.0,0.103,0.0
2025-10-05 19:00:00,0.21,0.0,10.585231781609194,0.0,0.40016129,0.0,0.101,0.0
2025-10-05 20:00:00,0.22,0.0,10.365231781609191,0.0,0.40016129,0.0,0.091,0.0
2025-10-05 21:00:00,0.17,0.0,10.195231781609191,0.0,0.38016129,0.0,0.088,0.0
2025-10-05 22:00:00,0.16,0.0,10.035231781609191,0.0,0.38016129,0.0,0.091,0.0
2025-10-05 23:00:00,0.23,0.0,9.805231781609193,0.0,0.38016129,0.0,0.09,0.0
2025-10-06 00:00:00,0.14,0.0,9.665231781609192,0.0,0.37016129,0.0,0.089,0.0
2025-10-06 01:00:00,0.12,0.0,9.545231781609193,0.0,0.37016129,0.0,0.087,0.0
2025-10-06 02:00:00,0.11,0.0,9.435231781609192,0.0,0.37016129,0.0,0.084,0.0
2025-10-06 03:00:00,0.19,0.0,9.245231781609194,0.0,0.37016129,0.0,0.083,0.0
2025-10-06 04:00:00,0.2299999999999999,0.0,9.015231781609192,0.0,0.37016129,0.0,0.081,0.0
2025-10-06 05:00:00,0.22,0.0,8.795231781609193,0.0,0.37016129,0.0,0.084,0.0
2025-10-06 06:00:00,0.24,0.140236,8.695467781609192,0.0,0.37016129,0.0,0.083,0.0
2025-10-06 07:00:00,0.2299999999999999,1.885222,10.350689781609193,0.0,0.37016129,0.0,0.075,0.0
2025-10-06 08:00:00,0.22,3.469163,13.5,0.0,0.37016129,3.249163,0.064,-0.207946432
2025-10-06 09:00:00,0.14,4.576152,13.5,0.0,0.37016129,4.436152000000001,0.059,-0.261732968
2025-10-06 10:00:00,0.16,5.3940969999999995,13.5,0.0,0.37016129,5.234096999999999,0.059,-0.3088117229999999
2025-10-06 11:00:00,0.3821461538461539,5.75,13.5,0.0,0.37016129,5.367853846153846,0.059,-0.3167033769230769
2025-10-06 12:00:00,0.4021461538461539,5.75,13.5,0.0,0.37016129,5.347853846153846,0.058,-0.3101755230769231
2025-10-06 13:00:00,0.3621461538461539,5.457103,13.5,0.0,0.37016129,5.094956846153846,0.057,-0.29041254023076923
2025-10-06 14:00:00,3.08,4.699642,13.5,0.0,0.37016129,1.6196419999999998,0.057,-0.09231959399999999
2025-10-06 15:00:00,1.38,3.519834,13.5,0.0,0.38016129,2.139834,0.058,-0.12411037200000001
2025-10-06 16:00:00,0.15,1.82359,13.5,0.0,0.40016129,1.6735900000000001,0.062,-0.10376258000000001
2025-10-06 17:00:00,0.7990816091954024,0.080102,12.781020390804596,0.0,0.40016129,0.0,0.092,0.0
2025-10-06 18:00:00,0.8990816091954024,0.0,11.881938781609197,0.0,0.40016129,0.0,0.103,0.0
2025-10-06 19:00:00,0.22,0.0,11.661938781609194,0.0,0.40016129,0.0,0.101,0.0
2025-10-06 20:00:00,0.17,0.0,11.491938781609194,0.0,0.40016129,0.0,0.091,0.0
2025-10-06 21:00:00,0.15,0.0,11.341938781609194,0.0,0.38016129,0.0,0.088,0.0
2025-10-06 22:00:00,0.22,0.0,11.121938781609192,0.0,0.38016129,0.0,0.091,0.0
2025-10-06 23:00:00,0.22,0.0,10.901938781609193,0.0,0.38016129,0.0,0.09,0.0
2025-10-07 00:00:00,0.22,0.0,10.681938781609192,0.0,0.37016129,0.0,0.089,0.0
2025-10-07 01:00:00,0.22,0.0,10.461938781609192,0.0,0.37016129,0.0,0.087,0.0
2025-10-07 02:00:00,0.22,0.0,10.241938781609193,0.0,0.37016129,0.0,0.084,0.0
2025-10-07 03:00:00,0.22,0.0,10.02193878160919,0.0,0.37016129,0.0,0.083,0.0
2025-10-07 04:00:00,0.22,0.0,9.80193878160919,0.0,0.37016129,0.0,0.081,0.0
2025-10-07 05:00:00,0.21,0.0,9.591938781609189,0.0,0.37016129,0.0,0.084,0.0
2025-10-07 06:00:00,0.23,0.077361,9.439299781609188,0.0,0.37016129,0.0,0.083,0.0
2025-10-07 07:00:00,0.25,1.957418,11.146717781609189,0.0,0.37016129,0.0,0.075,0.0
2025-10-07 08:00:00,0.5,0.54669,11.193407781609189,0.0,0.37016129,0.0,0.064,0.0
2025-10-07 09:00:00,0.63,1.606527,12.16993478160919,0.0,0.37016129,0.0,0.059,0.0
2025-10-07 10:00:00,0.1,5.533525,13.5,0.0,0.37016129,5.433525,0.059,-0.320577975
2025-10-07 11:00:00,0.4869102564102564,5.75,13.5,0.0,0.37016129,5.2630897435897435,0.059,-0.31052229487179484
2025-10-07 12:00:00,0.4869102564102564,5.75,13.5,0.0,0.37016129,5.2630897435897435,0.058,-0.30525920512820515
2025-10-07 13:00:00,0.4869102564102564,5.488176,13.5,0.0,0.37016129,5.001265743589744,0.057,-0.2850721473846154
2025-10-07 14:00:00,0.1,4.677294,13.5,0.0,0.37016129,4.577294,0.057,-0.26090575800000004
2025-10-07 15:00:00,0.1,3.483886,13.5,0.0,0.38016129,3.383886,0.058,-0.196265388
2025-10-07 16:00:00,0.11,1.777191,13.5,0.0,0.40016129,1.6671909999999999,0.062,-0.10336584199999999
2025-10-07 17:00:00,2.938469348659004,0.062993,10.624523651340995,0.0,0.40016129,0.0,0.092,0.0
2025-10-07 18:00:00,1.2584693486590035,0.0,9.366054302681992,0.0,0.40016129,0.0,0.103,0.0
2025-10-07 19:00:00,0.28,0.0,9.086054302681994,0.0,0.40016129,0.0,0.101,0.0
2025-10-07 20:00:00,0.5800000000000001,0.0,8.506054302681994,0.0,0.40016129,0.0,0.091,0.0
2025-10-07 21:00:00,0.59,0.0,7.916054302681994,0.0,0.38016129,0.0,0.088,0.0
2025-10-07 22:00:00,0.26,0.0,7.656054302681994,0.0,0.38016129,0.0,0.091,0.0
2025-10-07 23:00:00,0.2299999999999999,0.0,7.426054302681995,0.0,0.38016129,0.0,0.09,0.0
2025-10-08 00:00:00,0.22,0.0,7.206054302681995,0.0,0.37016129,0.0,0.089,0.0
2025-10-08 01:00:00,0.2299999999999999,0.0,6.9760543026819954,0.0,0.37016129,0.0,0.087,0.0
2025-10-08 02:00:00,0.22,0.0,6.756054302681996,0.0,0.37016129,0.0,0.084,0.0
2025-10-08 03:00:00,0.22,0.0,6.536054302681996,0.0,0.37016129,0.0,0.083,0.0
2025-10-08 04:00:00,0.2299999999999999,0.0,6.306054302681996,0.0,0.37016129,0.0,0.081,0.0
2025-10-08 05:00:00,0.16,0.0,6.146054302681996,0.0,0.37016129,0.0,0.084,0.0
2025-10-08 06:00:00,0.1,0.119558,6.165612302681996,0.0,0.37016129,0.0,0.083,0.0
2025-10-08 07:00:00,0.12,1.876921,7.922533302681996,0.0,0.37016129,0.0,0.075,0.0
2025-10-08 08:00:00,0.23,3.543308,11.235841302681996,0.0,0.37016129,0.0,0.064,0.0
2025-10-08 09:00:00,0.13,4.721573,13.5,0.0,0.37016129,4.591573,0.059,-0.270902807
2025-10-08 10:00:00,2.4099999999999997,5.529438,13.5,0.0,0.37016129,3.119438,0.059,-0.184046842
2025-10-08 11:00:00,2.776910256410256,5.75,13.5,0.0,0.37016129,2.973089743589744,0.059,-0.17541229487179488
2025-10-08 12:00:00,2.7869102564102564,5.75,13.5,0.0,0.37016129,2.9630897435897436,0.058,-0.17185920512820513
2025-10-08 13:00:00,2.776910256410256,5.471952,13.5,0.0,0.37016129,2.695041743589744,0.057,-0.1536173793846154
2025-10-08 14:00:00,2.4,4.637241,13.5,0.0,0.37016129,2.2372410000000005,0.057,-0.12752273700000002
2025-10-08 15:00:00,0.1,3.434658,13.5,0.0,0.38016129,3.334658,0.058,-0.19341016400000002
2025-10-08 16:00:00,0.1,1.725066,13.5,0.0,0.40016129,1.625066,0.062,-0.10075409199999999
2025-10-08 17:00:00,1.9084693486590036,0.047436,11.638966651340995,0.0,0.40016129,0.0,0.092,0.0
2025-10-08 18:00:00,3.3484693486590036,0.0,8.290497302681993,0.0,0.40016129,0.0,0.103,0.0
2025-10-08 19:00:00,0.19,0.0,8.100497302681994,0.0,0.40016129,0.0,0.101,0.0
2025-10-08 20:00:00,0.24,0.0,7.860497302681994,0.0,0.40016129,0.0,0.091,0.0
2025-10-08 21:00:00,0.2299999999999999,0.0,7.630497302681994,0.0,0.38016129,0.0,0.088,0.0
2025-10-08 22:00:00,0.21,0.0,7.420497302681994,0.0,0.38016129,0.0,0.091,0.0
2025-10-08 23:00:00,0.11,0.0,7.310497302681994,0.0,0.38016129,0.0,0.09,0.0
2025-10-09 00:00:00,0.1,0.0,7.210497302681994,0.0,0.37016129,0.0,0.089,0.0
2025-10-09 01:00:00,0.1,0.0,7.110497302681995,0.0,0.37016129,0.0,0.087,0.0
2025-10-09 02:00:00,0.09,0.0,7.020497302681995,0.0,0.37016129,0.0,0.084,0.0
2025-10-09 03:00:00,0.1,0.0,6.920497302681995,0.0,0.37016129,0.0,0.083,0.0
2025-10-09 04:00:00,0.1,0.0,6.8204973026819955,0.0,0.37016129,0.0,0.081,0.0
2025-10-09 05:00:00,0.1,0.0,6.720497302681996,0.0,0.37016129,0.0,0.084,0.0
2025-10-09 06:00:00,0.12,0.124669,6.725166302681996,0.0,0.37016129,0.0,0.083,0.0
2025-10-09 07:00:00,0.1,1.891252,8.516418302681995,0.0,0.37016129,0.0,0.075,0.0
2025-10-09 08:00:00,0.1,3.467346,11.883764302681994,0.0,0.37016129,0.0,0.064,0.0
2025-10-09 09:00:00,0.3399999999999999,1.984082,13.5,0.0,0.37016129,1.644082,0.059,-0.09700083799999999
2025-10-09 10:00:00,0.55,5.269208,13.5,0.0,0.37016129,4.719208,0.059,-0.278433272
2025-10-09 11:00:00,1.0369102564102564,5.668216999999999,13.5,0.0,0.37016129,4.631306743589743,0.059,-0.2732470978717948
2025-10-09 12:00:00,0.8169102564102564,5.698648,13.5,0.0,0.37016129,4.881737743589744,0.058,-0.2831407891282052
2025-10-09 13:00:00,0.8069102564102564,5.255958,13.5,0.0,0.37016129,4.449047743589743,0.057,-0.25359572138461534
2025-10-09 14:00:00,0.13,4.456372999999999,13.5,0.0,0.37016129,4.326372999999999,0.057,-0.24660326099999996
2025-10-09 15:00:00,0.11,3.25316,13.5,0.0,0.38016129,3.14316,0.058,-0.18230328
2025-10-09 16:00:00,0.1,1.601502,13.5,0.0,0.40016129,1.501502,0.062,-0.093093124
2025-10-09 17:00:00,1.228469348659004,0.026368,12.297898651340995,0.0,0.40016129,0.0,0.092,0.0
2025-10-09 18:00:00,1.208469348659004,0.0,11.089429302681992,0.0,0.40016129,0.0,0.103,0.0
2025-10-09 19:00:00,0.18,0.0,10.909429302681993,0.0,0.40016129,0.0,0.101,0.0
2025-10-09 20:00:00,0.3,0.0,10.609429302681992,0.0,0.40016129,0.0,0.091,0.0
2025-10-09 21:00:00,0.29,0.0,10.319429302681993,0.0,0.38016129,0.0,0.088,0.0
2025-10-09 22:00:00,0.23,0.0,10.089429302681992,0.0,0.38016129,0.0,0.091,0.0
2025-10-09 23:00:00,0.15,0.0,9.939429302681992,0.0,0.38016129,0.0,0.09,0.0
2025-10-10 00:00:00,0.22,0.0,9.719429302681991,0.0,0.37016129,0.0,0.089,0.0
2025-10-10 01:00:00,0.1,0.0,9.619429302681992,0.0,0.37016129,0.0,0.087,0.0
2025-10-10 02:00:00,0.1,0.0,9.519429302681992,0.0,0.37016129,0.0,0.084,0.0
2025-10-10 03:00:00,0.09,0.0,9.429429302681992,0.0,0.37016129,0.0,0.083,0.0
2025-10-10 04:00:00,0.1,0.0,9.329429302681993,0.0,0.37016129,0.0,0.081,0.0
2025-10-10 05:00:00,0.12,0.0,9.209429302681992,0.0,0.37016129,0.0,0.084,0.0
2025-10-10 06:00:00,0.1,0.030279,9.139708302681994,0.0,0.37016129,0.0,0.083,0.0
2025-10-10 07:00:00,0.11,1.002833,10.032541302681992,0.0,0.37016129,0.0,0.075,0.0
2025-10-10 08:00:00,0.13,1.6565219999999998,11.559063302681992,0.0,0.37016129,0.0,0.064,0.0
2025-10-10 09:00:00,0.14,4.569291,13.5,0.0,0.37016129,4.429291,0.059,-0.261328169
2025-10-10 10:00:00,2.57,5.336099,13.5,0.0,0.37016129,2.766099,0.059,-0.16319984099999998
2025-10-10 11:00:00,2.771576923076923,2.424216,13.152639076923077,0.0,0.37016129,0.0,0.059,0.0
2025-10-10 12:00:00,2.651576923076923,5.659194,13.5,0.0,0.37016129,3.0076170769230774,0.058,-0.1744417904615385
2025-10-10 13:00:00,2.631576923076923,5.258476,13.5,0.0,0.37016129,2.626899076923077,0.057,-0.1497332473846154
2025-10-10 14:00:00,2.4499999999999997,4.460018,13.5,0.0,0.37016129,2.010018,0.057,-0.114571026
2025-10-10 15:00:00,0.13,0.970306,13.5,0.0,0.38016129,0.840306,0.058,-0.048737748000000004
2025-10-10 16:00:00,0.44,1.544049,13.5,0.0,0.40016129,1.104049,0.062,-0.068451038
2025-10-10 17:00:00,0.8339022988505749,0.0,12.666097701149424,0.0,0.40016129,0.0,0.092,0.0
2025-10-10 18:00:00,0.8839022988505748,0.0,11.78219540229885,0.0,0.40016129,0.0,0.103,0.0
2025-10-10 19:00:00,0.25,0.0,11.53219540229885,0.0,0.40016129,0.0,0.101,0.0
2025-10-10 20:00:00,0.43,0.0,11.10219540229885,0.0,0.40016129,0.0,0.091,0.0
2025-10-10 21:00:00,0.34,0.0,10.76219540229885,0.0,0.38016129,0.0,0.088,0.0
2025-10-10 22:00:00,0.18,0.0,10.58219540229885,0.0,0.38016129,0.0,0.091,0.0
2025-10-10 23:00:00,0.11,0.0,10.472195402298851,0.0,0.38016129,0.0,0.09,0.0
2025-10-11 00:00:00,0.11,0.0,10.362195402298852,0.0,0.37016129,0.0,0.089,0.0
2025-10-11 01:00:00,0.1,0.0,10.262195402298852,0.0,0.37016129,0.0,0.087,0.0
2025-10-11 02:00:00,0.11,0.0,10.152195402298853,0.0,0.37016129,0.0,0.084,0.0
2025-10-11 03:00:00,0.11,0.0,10.042195402298852,0.0,0.37016129,0.0,0.083,0.0
2025-10-11 04:00:00,0.11,0.0,9.932195402298854,0.0,0.37016129,0.0,0.081,0.0
2025-10-11 05:00:00,0.12,0.0,9.812195402298856,0.0,0.37016129,0.0,0.084,0.0
2025-10-11 06:00:00,0.1,0.056875,9.769070402298857,0.0,0.37016129,0.0,0.083,0.0
2025-10-11 07:00:00,0.1,0.024426,9.693496402298855,0.0,0.37016129,0.0,0.075,0.0
2025-10-11 08:00:00,0.3299999999999999,0.357173,9.720669402298856,0.0,0.37016129,0.0,0.064,0.0
2025-10-11 09:00:00,0.41,0.299439,9.610108402298854,0.0,0.37016129,0.0,0.059,0.0
2025-10-11 10:00:00,2.75,0.513413,7.373521402298854,0.0,0.37016129,0.0,0.059,0.0
2025-10-11 11:00:00,2.731576923076923,0.941767,5.583711479221931,0.0,0.37016129,0.0,0.059,0.0
2025-10-11 12:00:00,3.361576923076923,0.181519,2.403653556145008,0.0,0.37016129,0.0,0.058,0.0
2025-10-11 13:00:00,3.171576923076923,0.127174,0.0,0.6407493669319146,0.37016129,0.0,0.057,0.23718061223020084
2025-10-11 14:00:00,2.4099999999999997,0.1492659999999999,0.0,2.260734,0.37016129,0.0,0.057,0.8368362137868599
2025-10-11 15:00:00,0.11,0.033959,0.0,0.076041,0.38016129,0.0,0.058,0.028907844652889998
2025-10-11 16:00:00,0.11,0.0,0.0,0.11,0.40016129,0.0,0.062,0.0440177419
2025-10-11 17:00:00,0.6539022988505748,0.0,0.0,0.6539022988505748,0.40016129,0.0,0.092,0.26166638744201154
2025-10-11 18:00:00,0.6539022988505748,0.0,0.0,0.6539022988505748,0.40016129,0.0,0.103,0.26166638744201154
2025-10-11 19:00:00,0.11,0.0,0.0,0.11,0.40016129,0.0,0.101,0.0440177419
2025-10-11 20:00:00,0.11,0.0,0.0,0.11,0.40016129,0.0,0.091,0.0440177419
2025-10-11 21:00:00,0.12,0.0,0.0,0.12,0.38016129,0.0,0.088,0.0456193548
2025-10-11 22:00:00,0.1,0.0,0.0,0.1,0.38016129,0.0,0.091,0.038016129
2025-10-11 23:00:00,0.1,0.0,0.0,0.1,0.38016129,0.0,0.09,0.038016129
2025-10-12 00:00:00,0.1,0.0,0.0,0.1,0.37016129,0.0,0.089,0.037016129
2025-10-12 01:00:00,0.11,0.0,0.0,0.11,0.37016129,0.0,0.087,0.0407177419
2025-10-12 02:00:00,0.1,0.0,0.0,0.1,0.37016129,0.0,0.084,0.037016129
2025-10-12 03:00:00,0.11,0.0,0.0,0.11,0.37016129,0.0,0.083,0.0407177419
2025-10-12 04:00:00,0.09,0.0,0.0,0.09,0.37016129,0.0,0.081,0.0333145161
2025-10-12 05:00:00,0.1,0.0,0.0,0.1,0.37016129,0.0,0.084,0.037016129
2025-10-12 06:00:00,0.1,0.053491,0.0,0.04650900000000001,0.37016129,0.0,0.083,0.017215831436610003
2025-10-12 07:00:00,0.1,1.736997,1.636997,0.0,0.37016129,0.0,0.075,0.0
2025-10-12 08:00:00,0.1,0.3907359999999999,1.927733,0.0,0.37016129,0.0,0.064,0.0
2025-10-12 09:00:00,0.1,1.845364,3.673097,0.0,0.37016129,0.0,0.059,0.0
2025-10-12 10:00:00,2.3899999999999997,2.4013910000000003,3.684488,0.0,0.37016129,0.0,0.059,0.0
2025-10-12 11:00:00,2.591576923076923,1.4959079999999998,2.5888190769230777,0.0,0.37016129,0.0,0.059,0.0
2025-10-12 12:00:00,2.601576923076923,1.577063,1.5643051538461548,0.0,0.37016129,0.0,0.058,0.0
2025-10-12 13:00:00,2.591576923076923,1.451575,0.424303230769232,0.0,0.37016129,0.0,0.057,0.0
2025-10-12 14:00:00,2.4,1.758644,0.0,0.21705276923076783,0.37016129,0.0,0.057,0.08034453305653332
2025-10-12 15:00:00,0.1,1.443441,1.343441,0.0,0.38016129,0.0,0.058,0.0
2025-10-12 16:00:00,0.11,0.476945,1.710386,0.0,0.40016129,0.0,0.062,0.0
2025-10-12 17:00:00,0.6439022988505748,0.0,1.066483701149425,0.0,0.40016129,0.0,0.092,0.0
2025-10-12 18:00:00,0.6539022988505748,0.0,0.4125814022988502,0.0,0.40016129,0.0,0.103,0.0
2025-10-12 19:00:00,0.11,0.0,0.3025814022988502,0.0,0.40016129,0.0,0.101,0.0
2025-10-12 20:00:00,0.11,0.0,0.1925814022988502,0.0,0.40016129,0.0,0.091,0.0
2025-10-12 21:00:00,0.11,0.0,0.0825814022988502,0.0,0.38016129,0.0,0.088,0.0
2025-10-12 22:00:00,0.11,0.0,0.0,0.027418597701149794,0.38016129,0.0,0.091,0.01042348947206014
2025-10-12 23:00:00,0.1,0.0,0.0,0.1,0.38016129,0.0,0.09,0.038016129
2025-10-13 00:00:00,0.1,0.0,0.0,0.1,0.37016129,0.0,0.089,0.037016129
2025-10-13 01:00:00,0.11,0.0,0.0,0.11,0.37016129,0.0,0.087,0.0407177419
2025-10-13 02:00:00,0.1,0.0,0.0,0.1,0.37016129,0.0,0.084,0.037016129
2025-10-13 03:00:00,0.11,0.0,0.0,0.11,0.37016129,0.0,0.083,0.0407177419
2025-10-13 04:00:00,0.09,0.0,0.0,0.09,0.37016129,0.0,0.081,0.0333145161
2025-10-13 05:00:00,0.1,0.0,0.0,0.1,0.37016129,0.0,0.084,0.037016129
2025-10-13 06:00:00,0.1,0.063146,0.0,0.03685400000000001,0.37016129,0.0,0.083,0.013641924181660003
2025-10-13 07:00:00,0.1,1.795735,1.6957349999999998,0.0,0.37016129,0.0,0.075,0.0
2025-10-13 08:00:00,0.1,3.410311,5.006046,0.0,0.37016129,0.0,0.064,0.0
2025-10-13 09:00:00,0.1,4.556609000000001,9.462655000000002,0.0,0.37016129,0.0,0.059,0.0
2025-10-13 10:00:00,0.09,5.327678,13.5,0.0,0.37016129,5.237678,0.059,-0.309023002
2025-10-13 11:00:00,0.2915769230769231,5.716607,13.5,0.0,0.37016129,5.425030076923076,0.059,-0.3200767745384615
2025-10-13 12:00:00,0.2915769230769231,5.702529999999999,13.5,0.0,0.37016129,5.410953076923076,0.058,-0.3138352784615384
2025-10-13 13:00:00,1.0415769230769232,5.278482,13.5,0.0,0.37016129,4.236905076923077,0.057,-0.24150358938461539
2025-10-13 14:00:00,1.79,4.48557,13.5,0.0,0.37016129,2.69557,0.057,-0.15364749
2025-10-13 15:00:00,1.7,3.2979969999999996,13.5,0.0,0.38016129,1.5979969999999997,0.058,-0.09268382599999998
2025-10-13 16:00:00,1.81,1.557212,13.247212,0.0,0.40016129,0.0,0.062,0.0
2025-10-13 17:00:00,2.313902298850575,0.0,10.933309701149424,0.0,0.40016129,0.0,0.092,0.0
2025-10-13 18:00:00,1.5439022988505748,0.0,9.389407402298849,0.0,0.40016129,0.0,0.103,0.0
2025-10-13 19:00:00,0.36,0.0,9.02940740229885,0.0,0.40016129,0.0,0.101,0.0
2025-10-13 20:00:00,0.25,0.0,8.77940740229885,0.0,0.40016129,0.0,0.091,0.0
2025-10-13 21:00:00,0.96,0.0,7.819407402298849,0.0,0.38016129,0.0,0.088,0.0
2025-10-13 22:00:00,0.82,0.0,6.999407402298849,0.0,0.38016129,0.0,0.091,0.0
2025-10-13 23:00:00,0.21,0.0,6.789407402298849,0.0,0.38016129,0.0,0.09,0.0
2025-10-14 00:00:00,0.14,0.0,6.649407402298849,0.0,0.37016129,0.0,0.089,0.0
2025-10-14 01:00:00,1.04,0.0,5.609407402298849,0.0,0.37016129,0.0,0.087,0.0
2025-10-14 02:00:00,0.49,0.0,5.119407402298849,0.0,0.37016129,0.0,0.084,0.0
2025-10-14 03:00:00,0.5800000000000001,0.0,4.539407402298849,0.0,0.37016129,0.0,0.083,0.0
2025-10-14 04:00:00,0.8999999999999999,0.0,3.639407402298849,0.0,0.37016129,0.0,0.081,0.0
2025-10-14 05:00:00,0.5900000000000001,0.0,3.049407402298849,0.0,0.37016129,0.0,0.084,0.0
2025-10-14 06:00:00,0.98,0.0767,2.146107402298849,0.0,0.37016129,0.0,0.083,0.0
2025-10-14 07:00:00,1.39,1.849985,2.606092402298849,0.0,0.37016129,0.0,0.075,0.0
2025-10-14 08:00:00,0.4499999999999999,3.476494,5.63258640229885,0.0,0.37016129,0.0,0.064,0.0
2025-10-14 09:00:00,0.1,4.591839,10.12442540229885,0.0,0.37016129,0.0,0.059,0.0
2025-10-14 10:00:00,0.11,3.367715,13.382140402298852,0.0,0.37016129,0.0,0.059,0.0
2025-10-14 11:00:00,0.2915769230769231,5.691946,13.5,0.0,0.37016129,5.400369076923076,0.059,-0.3186217755384615
2025-10-14 12:00:00,0.2915769230769231,5.680152,13.5,0.0,0.37016129,5.388575076923076,0.058,-0.31253735446153846
2025-10-14 13:00:00,0.2915769230769231,5.248815,13.5,0.0,0.37016129,4.957238076923076,0.057,-0.28256257038461535
2025-10-14 14:00:00,0.1,4.497191,13.5,0.0,0.37016129,4.397191,0.057,-0.250639887
2025-10-14 15:00:00,0.1,3.2592719999999997,13.5,0.0,0.38016129,3.1592719999999996,0.058,-0.183237776
2025-10-14 16:00:00,0.1,1.539808,13.5,0.0,0.40016129,1.439808,0.062,-0.08926809599999999
2025-10-14 17:00:00,0.6739022988505748,0.0,12.826097701149424,0.0,0.40016129,0.0,0.092,0.0
2025-10-14 18:00:00,0.9439022988505748,0.0,11.882195402298851,0.0,0.40016129,0.0,0.103,0.0
2025-10-14 19:00:00,0.29,0.0,11.592195402298852,0.0,0.40016129,0.0,0.101,0.0
2025-10-14 20:00:00,0.19,0.0,11.402195402298853,0.0,0.40016129,0.0,0.091,0.0
2025-10-14 21:00:00,0.14,0.0,11.262195402298852,0.0,0.38016129,0.0,0.088,0.0
2025-10-14 22:00:00,0.1,0.0,11.162195402298853,0.0,0.38016129,0.0,0.091,0.0
2025-10-14 23:00:00,0.13,0.0,11.032195402298852,0.0,0.38016129,0.0,0.09,0.0
2025-10-15 00:00:00,0.11,0.0,10.922195402298852,0.0,0.37016129,0.0,0.089,0.0
2025-10-15 01:00:00,0.1,0.0,10.822195402298853,0.0,0.37016129,0.0,0.087,0.0
2025-10-15 02:00:00,0.38,0.0,10.442195402298852,0.0,0.37016129,0.0,0.084,0.0
2025-10-15 03:00:00,0.56,0.0,9.882195402298851,0.0,0.37016129,0.0,0.083,0.0
2025-10-15 04:00:00,0.33,0.0,9.552195402298851,0.0,0.37016129,0.0,0.081,0.0
2025-10-15 05:00:00,0.86,0.0,8.692195402298852,0.0,0.37016129,0.0,0.084,0.0
2025-10-15 06:00:00,0.59,0.054666,8.156861402298851,0.0,0.37016129,0.0,0.083,0.0
2025-10-15 07:00:00,0.53,1.810394,9.43725540229885,0.0,0.37016129,0.0,0.075,0.0
2025-10-15 08:00:00,0.5900000000000001,3.459298,12.30655340229885,0.0,0.37016129,0.0,0.064,0.0
2025-10-15 09:00:00,0.46,4.558961,13.5,0.0,0.37016129,4.098961,0.059,-0.241838699
2025-10-15 10:00:00,2.76,5.316002999999999,13.5,0.0,0.37016129,2.5560029999999996,0.059,-0.15080417699999996
2025-10-15 11:00:00,2.591576923076923,5.652411,13.5,0.0,0.37016129,3.060834076923077,0.059,-0.18058921053846153
2025-10-15 12:00:00,2.591576923076923,5.621048,13.5,0.0,0.37016129,3.0294710769230773,0.058,-0.1757093224615385
2025-10-15 13:00:00,2.601576923076923,5.232945,13.5,0.0,0.37016129,2.631368076923077,0.057,-0.1499879803846154
2025-10-15 14:00:00,2.4099999999999997,4.429564999999999,13.5,0.0,0.37016129,2.0195649999999996,0.057,-0.11511520499999998
2025-10-15 15:00:00,0.1,3.237134,13.5,0.0,0.38016129,3.137134,0.058,-0.181953772
2025-10-15 16:00:00,0.1,1.512613,13.5,0.0,0.40016129,1.412613,0.062,-0.08758200599999999
2025-10-15 17:00:00,0.8739022988505748,0.0,12.626097701149424,0.0,0.40016129,0.0,0.092,0.0
2025-10-15 18:00:00,3.183902298850575,0.0,9.44219540229885,0.0,0.40016129,0.0,0.103,0.0
2025-10-15 19:00:00,0.28,0.0,9.16219540229885,0.0,0.40016129,0.0,0.101,0.0
2025-10-15 20:00:00,0.24,0.0,8.92219540229885,0.0,0.40016129,0.0,0.091,0.0
2025-10-15 21:00:00,0.39,0.0,8.53219540229885,0.0,0.38016129,0.0,0.088,0.0
2025-10-15 22:00:00,0.2,0.0,8.33219540229885,0.0,0.38016129,0.0,0.091,0.0
2025-10-15 23:00:00,0.11,0.0,8.222195402298851,0.0,0.38016129,0.0,0.09,0.0
2025-10-16 00:00:00,0.44,0.0,7.782195402298851,0.0,0.37016129,0.0,0.089,0.0
2025-10-16 01:00:00,0.47,0.0,7.312195402298851,0.0,0.37016129,0.0,0.087,0.0
2025-10-16 02:00:00,0.5499999999999999,0.0,6.762195402298851,0.0,0.37016129,0.0,0.084,0.0
2025-10-16 03:00:00,0.96,0.0,5.802195402298851,0.0,0.37016129,0.0,0.083,0.0
2025-10-16 04:00:00,0.5,0.0,5.302195402298851,0.0,0.37016129,0.0,0.081,0.0
2025-10-16 05:00:00,0.75,0.0,4.552195402298851,0.0,0.37016129,0.0,0.084,0.0
2025-10-16 06:00:00,0.92,0.066143,3.6983384022988512,0.0,0.37016129,0.0,0.083,0.0
2025-10-16 07:00:00,0.95,1.815352,4.563690402298851,0.0,0.37016129,0.0,0.075,0.0
2025-10-16 08:00:00,0.32,3.456192,7.699882402298852,0.0,0.37016129,0.0,0.064,0.0
2025-10-16 09:00:00,0.1,4.601083,12.200965402298852,0.0,0.37016129,0.0,0.059,0.0
2025-10-16 10:00:00,0.1,5.376849,13.5,0.0,0.37016129,5.276849,0.059,-0.311334091
2025-10-16 11:00:00,0.4931538461538462,5.75,13.5,0.0,0.37016129,5.256846153846154,0.059,-0.3101539230769231
2025-10-16 12:00:00,0.4831538461538462,5.747914,13.5,0.0,0.37016129,5.2647601538461535,0.058,-0.3053560889230769
2025-10-16 13:00:00,0.4831538461538462,5.311100000000001,13.5,0.0,0.37016129,4.827946153846154,0.057,-0.2751929307692308
2025-10-16 14:00:00,0.1,4.530811,13.5,0.0,0.37016129,4.430811,0.057,-0.252556227
2025-10-16 15:00:00,0.1,3.2467550000000003,13.5,0.0,0.38016129,3.146755,0.058,-0.18251179
2025-10-16 16:00:00,0.1,1.515938,13.5,0.0,0.40016129,1.415938,0.062,-0.08778815599999999
2025-10-16 17:00:00,1.2478045977011496,0.0,12.25219540229885,0.0,0.40016129,0.0,0.092,0.0
2025-10-16 18:00:00,1.6078045977011497,0.0,10.644390804597702,0.0,0.40016129,0.0,0.103,0.0
2025-10-16 19:00:00,0.45,0.0,10.194390804597704,0.0,0.40016129,0.0,0.101,0.0
2025-10-16 20:00:00,0.31,0.0,9.884390804597702,0.0,0.40016129,0.0,0.091,0.0
2025-10-16 21:00:00,0.44,0.0,9.444390804597704,0.0,0.38016129,0.0,0.088,0.0
2025-10-16 22:00:00,0.6699999999999999,0.0,8.774390804597703,0.0,0.38016129,0.0,0.091,0.0
2025-10-16 23:00:00,0.51,0.0,8.264390804597703,0.0,0.38016129,0.0,0.09,0.0
2025-10-17 00:00:00,0.21,0.0,8.054390804597702,0.0,0.37016129,0.0,0.089,0.0
2025-10-17 01:00:00,0.22,0.0,7.834390804597702,0.0,0.37016129,0.0,0.087,0.0
2025-10-17 02:00:00,0.54,0.0,7.294390804597702,0.0,0.37016129,0.0,0.084,0.0
2025-10-17 03:00:00,0.55,0.0,6.744390804597702,0.0,0.37016129,0.0,0.083,0.0
2025-10-17 04:00:00,0.96,0.0,5.784390804597702,0.0,0.37016129,0.0,0.081,0.0
2025-10-17 05:00:00,0.62,0.0,5.164390804597702,0.0,0.37016129,0.0,0.084,0.0
2025-10-17 06:00:00,0.64,0.0,4.524390804597703,0.0,0.37016129,0.0,0.083,0.0
2025-10-17 07:00:00,0.5700000000000001,1.967912,5.922302804597702,0.0,0.37016129,0.0,0.075,0.0
2025-10-17 08:00:00,0.22,3.671401,9.373703804597705,0.0,0.37016129,0.0,0.064,0.0
2025-10-17 09:00:00,0.22,4.869959,13.5,0.0,0.37016129,4.649959,0.059,-0.274347581
2025-10-17 10:00:00,2.53,5.626741,13.5,0.0,0.37016129,3.096741,0.059,-0.182707719
2025-10-17 11:00:00,2.933153846153846,5.75,13.5,0.0,0.37016129,2.816846153846154,0.059,-0.16619392307692307
2025-10-17 12:00:00,2.903153846153846,5.75,13.5,0.0,0.37016129,2.846846153846154,0.058,-0.16511707692307692
2025-10-17 13:00:00,2.903153846153846,5.396484999999999,13.5,0.0,0.37016129,2.493331153846153,0.057,-0.14211987576923074
2025-10-17 14:00:00,2.52,4.544681,13.5,0.0,0.37016129,2.0246809999999997,0.057,-0.115406817
2025-10-17 15:00:00,0.2299999999999999,3.323498,13.5,0.0,0.38016129,3.093498,0.058,-0.179422884
2025-10-17 16:00:00,0.28,1.535925,13.5,0.0,0.40016129,1.255925,0.062,-0.07786735
2025-10-17 17:00:00,1.4278045977011495,0.0,12.072195402298853,0.0,0.40016129,0.0,0.092,0.0
2025-10-17 18:00:00,2.7978045977011496,0.0,9.2743908045977,0.0,0.40016129,0.0,0.103,0.0
2025-10-17 19:00:00,1.24,0.0,8.0343908045977,0.0,0.40016129,0.0,0.101,0.0
2025-10-17 20:00:00,0.35,0.0,7.684390804597701,0.0,0.40016129,0.0,0.091,0.0
2025-10-17 21:00:00,0.37,0.0,7.314390804597701,0.0,0.38016129,0.0,0.088,0.0
2025-10-17 22:00:00,0.47,0.0,6.844390804597701,0.0,0.38016129,0.0,0.091,0.0
2025-10-17 23:00:00,0.35,0.0,6.4943908045977015,0.0,0.38016129,0.0,0.09,0.0
2025-10-18 00:00:00,0.35,0.0,6.144390804597702,0.0,0.37016129,0.0,0.089,0.0
2025-10-18 01:00:00,0.33,0.0,5.814390804597702,0.0,0.37016129,0.0,0.087,0.0
2025-10-18 02:00:00,0.33,0.0,5.484390804597702,0.0,0.37016129,0.0,0.084,0.0
2025-10-18 03:00:00,0.36,0.0,5.124390804597701,0.0,0.37016129,0.0,0.083,0.0
2025-10-18 04:00:00,0.36,0.0,4.764390804597701,0.0,0.37016129,0.0,0.081,0.0
2025-10-18 05:00:00,0.3399999999999999,0.0,4.424390804597701,0.0,0.37016129,0.0,0.084,0.0
2025-10-18 06:00:00,0.35,0.0,4.0743908045977015,0.0,0.37016129,0.0,0.083,0.0
2025-10-18 07:00:00,0.53,1.862883,5.407273804597701,0.0,0.37016129,0.0,0.075,0.0
2025-10-18 08:00:00,0.6,3.5579810000000003,8.3652548045977,0.0,0.37016129,0.0,0.064,0.0
2025-10-18 09:00:00,0.36,4.650384,12.6556388045977,0.0,0.37016129,0.0,0.059,0.0
2025-10-18 10:00:00,2.63,5.366918,13.5,0.0,0.37016129,2.736918,0.059,-0.161478162
2025-10-18 11:00:00,3.133153846153846,5.75,13.5,0.0,0.37016129,2.616846153846154,0.059,-0.15439392307692307
2025-10-18 12:00:00,3.353153846153846,5.75,13.5,0.0,0.37016129,2.396846153846154,0.058,-0.13901707692307694
2025-10-18 13:00:00,5.243153846153846,5.421963,13.5,0.0,0.37016129,0.1788091538461538,0.057,-0.010192121769230768
2025-10-18 14:00:00,3.37,4.571178,13.5,0.0,0.37016129,1.2011779999999996,0.057,-0.06846714599999998
2025-10-18 15:00:00,2.5700000000000003,3.245877,13.5,0.0,0.38016129,0.6758769999999998,0.058,-0.039200865999999994
2025-10-18 16:00:00,1.78,1.456979,13.176979,0.0,0.40016129,0.0,0.062,0.0
2025-10-18 17:00:00,1.2578045977011496,0.0,11.91917440229885,0.0,0.40016129,0.0,0.092,0.0
2025-10-18 18:00:00,1.2478045977011496,0.0,10.6713698045977,0.0,0.40016129,0.0,0.103,0.0
2025-10-18 19:00:00,0.2,0.0,10.471369804597702,0.0,0.40016129,0.0,0.101,0.0
2025-10-18 20:00:00,0.24,0.0,10.2313698045977,0.0,0.40016129,0.0,0.091,0.0
2025-10-18 21:00:00,0.12,0.0,10.111369804597702,0.0,0.38016129,0.0,0.088,0.0
2025-10-18 22:00:00,0.2,0.0,9.911369804597705,0.0,0.38016129,0.0,0.091,0.0
2025-10-18 23:00:00,0.25,0.0,9.661369804597705,0.0,0.38016129,0.0,0.09,0.0
2025-10-19 00:00:00,0.32,0.0,9.341369804597702,0.0,0.37016129,0.0,0.089,0.0
2025-10-19 01:00:00,0.2299999999999999,0.0,9.111369804597702,0.0,0.37016129,0.0,0.087,0.0
2025-10-19 02:00:00,0.2299999999999999,0.0,8.881369804597702,0.0,0.37016129,0.0,0.084,0.0
2025-10-19 03:00:00,0.2299999999999999,0.0,8.651369804597701,0.0,0.37016129,0.0,0.083,0.0
2025-10-19 04:00:00,0.22,0.0,8.4313698045977,0.0,0.37016129,0.0,0.081,0.0
2025-10-19 05:00:00,0.24,0.0,8.1913698045977,0.0,0.37016129,0.0,0.084,0.0
2025-10-19 06:00:00,0.88,0.0,7.3113698045977005,0.0,0.37016129,0.0,0.083,0.0
2025-10-19 07:00:00,0.39,1.696992,8.6183618045977,0.0,0.37016129,0.0,0.075,0.0
2025-10-19 08:00:00,0.24,3.341855,11.7202168045977,0.0,0.37016129,0.0,0.064,0.0
2025-10-19 09:00:00,0.7,4.5409120000000005,13.5,0.0,0.37016129,3.8409120000000003,0.059,-0.226613808
2025-10-19 10:00:00,2.99,5.287603,13.5,0.0,0.37016129,2.2976029999999996,0.059,-0.13555857699999996
2025-10-19 11:00:00,2.764548076923077,1.102823,11.838274923076924,0.0,0.37016129,0.0,0.059,0.0
2025-10-19 12:00:00,2.784548076923077,1.165553,10.219279846153846,0.0,0.37016129,0.0,0.058,0.0
2025-10-19 13:00:00,2.774548076923077,1.071277,8.516008769230769,0.0,0.37016129,0.0,0.057,0.0
2025-10-19 14:00:00,2.42,0.875377,6.9713857692307695,0.0,0.37016129,0.0,0.057,0.0
2025-10-19 15:00:00,0.22,0.451195,7.202580769230769,0.0,0.38016129,0.0,0.058,0.0
2025-10-19 16:00:00,0.32,1.4052170000000002,8.28779776923077,0.0,0.40016129,0.0,0.062,0.0
2025-10-19 17:00:00,1.6578548850574713,0.0,6.629942884173298,0.0,0.40016129,0.0,0.092,0.0
2025-10-19 18:00:00,3.187854885057471,0.0,3.442087999115827,0.0,0.40016129,0.0,0.103,0.0
2025-10-19 19:00:00,0.21,0.0,3.232087999115827,0.0,0.40016129,0.0,0.101,0.0
2025-10-19 20:00:00,0.25,0.0,2.982087999115827,0.0,0.40016129,0.0,0.091,0.0
2025-10-19 21:00:00,0.3399999999999999,0.0,2.642087999115827,0.0,0.38016129,0.0,0.088,0.0
2025-10-19 22:00:00,0.2299999999999999,0.0,2.412087999115827,0.0,0.38016129,0.0,0.091,0.0
2025-10-19 23:00:00,0.22,0.0,2.192087999115827,0.0,0.38016129,0.0,0.09,0.0
2025-10-20 00:00:00,0.2299999999999999,0.0,1.9620879991158269,0.0,0.37016129,0.0,0.089,0.0
2025-10-20 01:00:00,0.2299999999999999,0.0,1.732087999115827,0.0,0.37016129,0.0,0.087,0.0
2025-10-20 02:00:00,0.11,0.0,1.6220879991158268,0.0,0.37016129,0.0,0.084,0.0
2025-10-20 03:00:00,0.2,0.0,1.4220879991158268,0.0,0.37016129,0.0,0.083,0.0
2025-10-20 04:00:00,0.4599999999999999,0.0,0.9620879991158268,0.0,0.37016129,0.0,0.081,0.0
2025-10-20 05:00:00,0.3999999999999999,0.0,0.562087999115827,0.0,0.37016129,0.0,0.084,0.0
2025-10-20 06:00:00,0.49,0.0,0.0720879991158269,0.0,0.37016129,0.0,0.083,0.0
2025-10-20 07:00:00,0.12,1.806401,1.758488999115827,0.0,0.37016129,0.0,0.075,0.0
2025-10-20 08:00:00,0.14,0.374114,1.992602999115827,0.0,0.37016129,0.0,0.064,0.0
2025-10-20 09:00:00,0.17,0.7952809999999999,2.617883999115827,0.0,0.37016129,0.0,0.059,0.0
2025-10-20 10:00:00,0.15,1.324528,3.792411999115827,0.0,0.37016129,0.0,0.059,0.0
2025-10-20 11:00:00,0.4345480769230769,3.030702,6.38856592219275,0.0,0.37016129,0.0,0.059,0.0
2025-10-20 12:00:00,0.484548076923077,5.75,11.654017845269674,0.0,0.37016129,0.0,0.058,0.0
2025-10-20 13:00:00,0.394548076923077,5.4872309999999995,13.5,0.0,0.37016129,5.092682923076922,0.057,-0.2902829266153846
2025-10-20 14:00:00,0.17,4.661926,13.5,0.0,0.37016129,4.491926,0.057,-0.25603978200000005
2025-10-20 15:00:00,0.16,3.315947,13.5,0.0,0.38016129,3.155947,0.058,-0.183044926
2025-10-20 16:00:00,0.27,1.46582,13.5,0.0,0.40016129,1.1958199999999999,0.062,-0.07414083999999999
2025-10-20 17:00:00,1.2178548850574713,0.0,12.282145114942528,0.0,0.40016129,0.0,0.092,0.0
2025-10-20 18:00:00,1.3578548850574714,0.0,10.924290229885056,0.0,0.40016129,0.0,0.103,0.0
2025-10-20 19:00:00,0.16,0.0,10.764290229885056,0.0,0.40016129,0.0,0.101,0.0
2025-10-20 20:00:00,0.23,0.0,10.534290229885055,0.0,0.40016129,0.0,0.091,0.0
2025-10-20 21:00:00,0.36,0.0,10.174290229885056,0.0,0.38016129,0.0,0.088,0.0
2025-10-20 22:00:00,0.49,0.0,9.684290229885056,0.0,0.38016129,0.0,0.091,0.0
2025-10-20 23:00:00,0.64,0.0,9.044290229885055,0.0,0.38016129,0.0,0.09,0.0
2025-10-21 00:00:00,0.11,0.0,8.934290229885056,0.0,0.37016129,0.0,0.089,0.0
2025-10-21 01:00:00,0.1,0.0,8.834290229885056,0.0,0.37016129,0.0,0.087,0.0
2025-10-21 02:00:00,0.11,0.0,8.724290229885057,0.0,0.37016129,0.0,0.084,0.0
2025-10-21 03:00:00,0.11,0.0,8.614290229885057,0.0,0.37016129,0.0,0.083,0.0
2025-10-21 04:00:00,0.11,0.0,8.504290229885058,0.0,0.37016129,0.0,0.081,0.0
2025-10-21 05:00:00,0.11,0.0,8.394290229885058,0.0,0.37016129,0.0,0.084,0.0
2025-10-21 06:00:00,0.12,0.0,8.27429022988506,0.0,0.37016129,0.0,0.083,0.0
2025-10-21 07:00:00,0.12,1.2277829999999998,9.38207322988506,0.0,0.37016129,0.0,0.075,0.0
2025-10-21 08:00:00,0.15,1.098271,10.33034422988506,0.0,0.37016129,0.0,0.064,0.0
2025-10-21 09:00:00,0.14,3.310332,13.5,0.0,0.37016129,3.1703319999999997,0.059,-0.18704958799999996
2025-10-21 10:00:00,0.15,3.707817,13.5,0.0,0.37016129,3.557817,0.059,-0.209911203
2025-10-21 11:00:00,0.4345480769230769,5.75,13.5,0.0,0.37016129,5.315451923076923,0.059,-0.3136116634615384
2025-10-21 12:00:00,0.4345480769230769,4.747359,13.5,0.0,0.37016129,4.312810923076923,0.058,-0.25014303353846157
2025-10-21 13:00:00,0.4345480769230769,5.492054,13.5,0.0,0.37016129,5.057505923076923,0.057,-0.2882778376153846
2025-10-21 14:00:00,0.15,4.60633,13.5,0.0,0.37016129,4.4563299999999995,0.057,-0.25401081
2025-10-21 15:00:00,0.14,3.225118,13.5,0.0,0.38016129,3.085118,0.058,-0.178936844
2025-10-21 16:00:00,0.14,1.385134,13.5,0.0,0.40016129,1.2451340000000002,0.062,-0.07719830800000001
2025-10-21 17:00:00,2.597854885057471,0.0,10.90214511494253,0.0,0.40016129,0.0,0.092,0.0
2025-10-21 18:00:00,2.4178548850574715,0.0,8.484290229885058,0.0,0.40016129,0.0,0.103,0.0
2025-10-21 19:00:00,0.24,0.0,8.244290229885058,0.0,0.40016129,0.0,0.101,0.0
2025-10-21 20:00:00,0.24,0.0,8.004290229885058,0.0,0.40016129,0.0,0.091,0.0
2025-10-21 21:00:00,0.15,0.0,7.854290229885057,0.0,0.38016129,0.0,0.088,0.0
2025-10-21 22:00:00,0.22,0.0,7.634290229885058,0.0,0.38016129,0.0,0.091,0.0
2025-10-21 23:00:00,0.22,0.0,7.414290229885058,0.0,0.38016129,0.0,0.09,0.0
2025-10-22 00:00:00,0.22,0.0,7.194290229885058,0.0,0.37016129,0.0,0.089,0.0
2025-10-22 01:00:00,0.24,0.0,6.954290229885058,0.0,0.37016129,0.0,0.087,0.0
2025-10-22 02:00:00,0.22,0.0,6.734290229885058,0.0,0.37016129,0.0,0.084,0.0
2025-10-22 03:00:00,0.22,0.0,6.5142902298850585,0.0,0.37016129,0.0,0.083,0.0
2025-10-22 04:00:00,0.21,0.0,6.3042902298850585,0.0,0.37016129,0.0,0.081,0.0
2025-10-22 05:00:00,0.22,0.0,6.084290229885059,0.0,0.37016129,0.0,0.084,0.0
2025-10-22 06:00:00,0.2299999999999999,0.0,5.854290229885059,0.0,0.37016129,0.0,0.083,0.0
2025-10-22 07:00:00,0.22,0.053541,5.6878312298850595,0.0,0.37016129,0.0,0.075,0.0
2025-10-22 08:00:00,0.41,3.522591,8.80042222988506,0.0,0.37016129,0.0,0.064,0.0
2025-10-22 09:00:00,0.22,4.84999,13.43041222988506,0.0,0.37016129,0.0,0.059,0.0
2025-10-22 10:00:00,2.52,3.467107,13.5,0.0,0.37016129,0.9471069999999999,0.059,-0.05587931299999999
2025-10-22 11:00:00,2.7945480769230766,5.75,13.5,0.0,0.37016129,2.9554519230769234,0.059,-0.17437166346153848
2025-10-22 12:00:00,2.7945480769230766,5.75,13.5,0.0,0.37016129,2.9554519230769234,0.058,-0.17141621153846157
2025-10-22 13:00:00,2.7945480769230766,5.543892,13.5,0.0,0.37016129,2.749343923076923,0.057,-0.1567126036153846
2025-10-22 14:00:00,2.6199999999999997,0.3105819999999999,11.190582,0.0,0.37016129,0.0,0.057,0.0
2025-10-22 15:00:00,0.36,3.288222,13.5,0.0,0.38016129,2.9282220000000003,0.058,-0.16983687600000003
2025-10-22 16:00:00,0.29,1.387653,13.5,0.0,0.40016129,1.097653,0.062,-0.068054486
2025-10-22 17:00:00,2.2178548850574713,0.0,11.282145114942528,0.0,0.40016129,0.0,0.092,0.0
2025-10-22 18:00:00,3.3378548850574714,0.0,7.944290229885057,0.0,0.40016129,0.0,0.103,0.0
2025-10-22 19:00:00,0.55,0.0,7.3942902298850575,0.0,0.40016129,0.0,0.101,0.0
2025-10-22 20:00:00,0.38,0.0,7.014290229885058,0.0,0.40016129,0.0,0.091,0.0
2025-10-22 21:00:00,0.32,0.0,6.694290229885057,0.0,0.38016129,0.0,0.088,0.0
2025-10-22 22:00:00,0.27,0.0,6.424290229885058,0.0,0.38016129,0.0,0.091,0.0
2025-10-22 23:00:00,0.13,0.0,6.294290229885058,0.0,0.38016129,0.0,0.09,0.0
2025-10-23 00:00:00,0.11,0.0,6.1842902298850575,0.0,0.37016129,0.0,0.089,0.0
2025-10-23 01:00:00,0.11,0.0,6.074290229885057,0.0,0.37016129,0.0,0.087,0.0
2025-10-23 02:00:00,0.11,0.0,5.964290229885057,0.0,0.37016129,0.0,0.084,0.0
2025-10-23 03:00:00,0.11,0.0,5.8542902298850565,0.0,0.37016129,0.0,0.083,0.0
2025-10-23 04:00:00,0.11,0.0,5.744290229885056,0.0,0.37016129,0.0,0.081,0.0
2025-10-23 05:00:00,0.11,0.0,5.634290229885056,0.0,0.37016129,0.0,0.084,0.0
2025-10-23 06:00:00,0.12,0.0,5.514290229885056,0.0,0.37016129,0.0,0.083,0.0
2025-10-23 07:00:00,0.4,0.471874,5.586164229885056,0.0,0.37016129,0.0,0.075,0.0
2025-10-23 08:00:00,0.37,1.717702,6.933866229885056,0.0,0.37016129,0.0,0.064,0.0
2025-10-23 09:00:00,0.48,4.072216,10.526082229885056,0.0,0.37016129,0.0,0.059,0.0
2025-10-23 10:00:00,0.7,5.475955,13.5,0.0,0.37016129,4.775955,0.059,-0.28178134499999996
2025-10-23 11:00:00,1.858192307692308,5.75,13.5,0.0,0.37016129,3.891807692307692,0.059,-0.22961665384615382
2025-10-23 12:00:00,1.848192307692308,5.75,13.5,0.0,0.37016129,3.901807692307692,0.058,-0.22630484615384613
2025-10-23 13:00:00,2.118192307692308,5.468611,13.5,0.0,0.37016129,3.350418692307692,0.057,-0.19097386546153844
2025-10-23 14:00:00,0.68,4.551368999999999,13.5,0.0,0.37016129,3.871368999999999,0.057,-0.22066803299999996
2025-10-23 15:00:00,0.24,3.196897,13.5,0.0,0.38016129,2.9568969999999997,0.058,-0.171500026
2025-10-23 16:00:00,0.32,1.331322,13.5,0.0,0.40016129,1.0113219999999998,0.062,-0.06270196399999999
2025-10-23 17:00:00,3.561419540229885,0.0,9.938580459770115,0.0,0.40016129,0.0,0.092,0.0
2025-10-23 18:00:00,3.711419540229885,0.0,6.22716091954023,0.0,0.40016129,0.0,0.103,0.0
2025-10-23 19:00:00,0.37,0.0,5.85716091954023,0.0,0.40016129,0.0,0.101,0.0
2025-10-23 20:00:00,0.28,0.0,5.57716091954023,0.0,0.40016129,0.0,0.091,0.0
2025-10-23 21:00:00,0.32,0.0,5.25716091954023,0.0,0.38016129,0.0,0.088,0.0
2025-10-23 22:00:00,0.26,0.0,4.99716091954023,0.0,0.38016129,0.0,0.091,0.0
2025-10-23 23:00:00,0.2299999999999999,0.0,4.76716091954023,0.0,0.38016129,0.0,0.09,0.0
2025-10-24 00:00:00,0.2299999999999999,0.0,4.537160919540231,0.0,0.37016129,0.0,0.089,0.0
2025-10-24 01:00:00,0.2299999999999999,0.0,4.307160919540231,0.0,0.37016129,0.0,0.087,0.0
2025-10-24 02:00:00,0.2299999999999999,0.0,4.077160919540232,0.0,0.37016129,0.0,0.084,0.0
2025-10-24 03:00:00,0.22,0.0,3.857160919540231,0.0,0.37016129,0.0,0.083,0.0
2025-10-24 04:00:00,0.2299999999999999,0.0,3.627160919540231,0.0,0.37016129,0.0,0.081,0.0
2025-10-24 05:00:00,0.6,0.0,3.0271609195402314,0.0,0.37016129,0.0,0.084,0.0
2025-10-24 06:00:00,0.55,0.0,2.477160919540231,0.0,0.37016129,0.0,0.083,0.0
2025-10-24 07:00:00,0.87,1.676921,3.284081919540231,0.0,0.37016129,0.0,0.075,0.0
2025-10-24 08:00:00,0.6599999999999999,3.4724079999999997,6.096489919540231,0.0,0.37016129,0.0,0.064,0.0
2025-10-24 09:00:00,0.2299999999999999,4.715006000000001,10.581495919540233,0.0,0.37016129,0.0,0.059,0.0
2025-10-24 10:00:00,2.5599999999999996,5.447932,13.46942791954023,0.0,0.37016129,0.0,0.059,0.0
2025-10-24 11:00:00,4.299096153846154,5.75,13.5,0.0,0.37016129,1.450903846153846,0.059,-0.0856033269230769
2025-10-24 12:00:00,3.619096153846154,5.75,13.5,0.0,0.37016129,2.130903846153846,0.058,-0.12359242307692309
2025-10-24 13:00:00,3.1990961538461535,5.326508,13.5,0.0,0.37016129,2.127411846153846,0.057,-0.12126247523076923
2025-10-24 14:00:00,2.52,4.481529999999999,13.5,0.0,0.37016129,1.9615299999999993,0.057,-0.11180720999999996
2025-10-24 15:00:00,2.71,3.146545,13.5,0.0,0.38016129,0.4365450000000002,0.058,-0.025319610000000013
2025-10-24 16:00:00,0.98,0.111098,12.631098,0.0,0.40016129,0.0,0.062,0.0
2025-10-24 17:00:00,3.385709770114943,0.0,9.245388229885055,0.0,0.40016129,0.0,0.092,0.0
2025-10-24 18:00:00,2.1957097701149424,0.0,7.0496784597701145,0.0,0.40016129,0.0,0.103,0.0
2025-10-24 19:00:00,1.01,0.0,6.039678459770115,0.0,0.40016129,0.0,0.101,0.0
2025-10-24 20:00:00,0.17,0.0,5.869678459770115,0.0,0.40016129,0.0,0.091,0.0
2025-10-24 21:00:00,0.15,0.0,5.7196784597701145,0.0,0.38016129,0.0,0.088,0.0
2025-10-24 22:00:00,1.18,0.0,4.539678459770115,0.0,0.38016129,0.0,0.091,0.0
2025-10-24 23:00:00,0.84,0.0,3.699678459770115,0.0,0.38016129,0.0,0.09,0.0
2025-10-25 00:00:00,0.45,0.0,3.2496784597701147,0.0,0.37016129,0.0,0.089,0.0
2025-10-25 01:00:00,0.12,0.0,3.1296784597701146,0.0,0.37016129,0.0,0.087,0.0
2025-10-25 02:00:00,0.1,0.0,3.0296784597701145,0.0,0.37016129,0.0,0.084,0.0
2025-10-25 03:00:00,0.11,0.0,2.919678459770114,0.0,0.37016129,0.0,0.083,0.0
2025-10-25 04:00:00,0.11,0.0,2.8096784597701148,0.0,0.37016129,0.0,0.081,0.0
2025-10-25 05:00:00,0.13,0.0,2.679678459770115,0.0,0.37016129,0.0,0.084,0.0
2025-10-25 06:00:00,0.11,0.0,2.569678459770115,0.0,0.37016129,0.0,0.083,0.0
2025-10-25 07:00:00,1.87,1.659663,2.359341459770115,0.0,0.37016129,0.0,0.075,0.0
2025-10-25 08:00:00,2.28,3.382145,3.461486459770115,0.0,0.37016129,0.0,0.064,0.0
2025-10-25 09:00:00,0.2,4.6470519999999995,7.908538459770115,0.0,0.37016129,0.0,0.059,0.0
2025-10-25 10:00:00,2.53,0.545447,5.9239854597701145,0.0,0.37016129,0.0,0.059,0.0
2025-10-25 11:00:00,3.2390961538461536,3.558063,6.242952305923961,0.0,0.37016129,0.0,0.059,0.0
2025-10-25 12:00:00,3.1690961538461537,5.699231,8.773087152077807,0.0,0.37016129,0.0,0.058,0.0
2025-10-25 13:00:00,3.2390961538461536,5.261278,10.795268998231652,0.0,0.37016129,0.0,0.057,0.0
2025-10-25 14:00:00,2.47,4.441419,12.766687998231651,0.0,0.37016129,0.0,0.057,0.0
2025-10-25 15:00:00,0.11,3.128131,13.5,0.0,0.38016129,3.0181310000000003,0.058,-0.17505159800000003
2025-10-25 16:00:00,1.85,1.294815,12.944815,0.0,0.40016129,0.0,0.062,0.0
2025-10-25 17:00:00,3.495709770114942,0.0,9.449105229885058,0.0,0.40016129,0.0,0.092,0.0
2025-10-25 18:00:00,3.0557097701149427,0.0,6.393395459770115,0.0,0.40016129,0.0,0.103,0.0
2025-10-25 19:00:00,0.35,0.0,6.043395459770116,0.0,0.40016129,0.0,0.101,0.0
2025-10-25 20:00:00,0.33,0.0,5.7133954597701155,0.0,0.40016129,0.0,0.091,0.0
2025-10-25 21:00:00,0.25,0.0,5.4633954597701155,0.0,0.38016129,0.0,0.088,0.0
2025-10-25 22:00:00,0.8500000000000001,0.0,4.613395459770116,0.0,0.38016129,0.0,0.091,0.0
2025-10-25 23:00:00,0.86,0.0,3.753395459770116,0.0,0.38016129,0.0,0.09,0.0
2025-10-26 00:00:00,0.28,0.0,3.473395459770116,0.0,0.37016129,0.0,0.089,0.0
2025-10-26 01:00:00,0.24,0.0,3.233395459770116,0.0,0.37016129,0.0,0.087,0.0
2025-10-26 02:00:00,0.27,0.0,2.963395459770116,0.0,0.37016129,0.0,0.084,0.0
2025-10-26 03:00:00,0.25,0.0,2.713395459770116,0.0,0.37016129,0.0,0.083,0.0
2025-10-26 04:00:00,0.2299999999999999,0.0,2.483395459770116,0.0,0.37016129,0.0,0.081,0.0
2025-10-26 05:00:00,0.2299999999999999,0.0,2.253395459770116,0.0,0.37016129,0.0,0.084,0.0
2025-10-26 06:00:00,0.2299999999999999,0.0,2.023395459770116,0.0,0.37016129,0.0,0.083,0.0
2025-10-26 07:00:00,0.71,1.739302,3.052697459770116,0.0,0.37016129,0.0,0.075,0.0
2025-10-26 08:00:00,0.52,3.468967,6.001664459770116,0.0,0.37016129,0.0,0.064,0.0
2025-10-26 09:00:00,0.33,4.682047,10.353711459770116,0.0,0.37016129,0.0,0.059,0.0
2025-10-26 10:00:00,2.99,5.3906480000000006,12.754359459770116,0.0,0.37016129,0.0,0.059,0.0
2025-10-26 11:00:00,3.194730769230769,5.7379560000000005,13.5,0.0,0.37016129,2.5432252307692313,0.059,-0.15005028861538464
2025-10-26 12:00:00,3.014730769230769,5.7028680000000005,13.5,0.0,0.37016129,2.6881372307692315,0.058,-0.15591195938461544
2025-10-26 13:00:00,2.984730769230769,5.227949,13.5,0.0,0.37016129,2.2432182307692305,0.057,-0.12786343915384615
2025-10-26 14:00:00,2.4099999999999997,4.379379,13.5,0.0,0.37016129,1.9693790000000004,0.057,-0.11225460300000002
2025-10-26 15:00:00,0.1,3.061728,13.5,0.0,0.38016129,2.961728,0.058,-0.171780224
2025-10-26 16:00:00,0.11,1.248159,13.5,0.0,0.40016129,1.138159,0.062,-0.070565858
2025-10-26 17:00:00,1.7317068965517244,0.0,11.768293103448276,0.0,0.40016129,0.0,0.092,0.0
2025-10-26 18:00:00,1.7917068965517242,0.0,9.97658620689655,0.0,0.40016129,0.0,0.103,0.0
2025-10-26 19:00:00,0.5700000000000001,0.0,9.40658620689655,0.0,0.40016129,0.0,0.101,0.0
2025-10-26 20:00:00,0.48,0.0,8.92658620689655,0.0,0.40016129,0.0,0.091,0.0
2025-10-26 21:00:00,0.28,0.0,8.64658620689655,0.0,0.38016129,0.0,0.088,0.0
2025-10-26 22:00:00,0.36,0.0,8.286586206896551,0.0,0.38016129,0.0,0.091,0.0
2025-10-26 23:00:00,0.14,0.0,8.14658620689655,0.0,0.38016129,0.0,0.09,0.0
2025-10-27 00:00:00,0.1,0.0,8.046586206896551,0.0,0.37016129,0.0,0.089,0.0
2025-10-27 01:00:00,0.53,0.0,7.516586206896551,0.0,0.37016129,0.0,0.087,0.0
2025-10-27 02:00:00,0.51,0.0,7.006586206896551,0.0,0.37016129,0.0,0.084,0.0
2025-10-27 03:00:00,0.6000000000000001,0.0,6.4065862068965505,0.0,0.37016129,0.0,0.083,0.0
2025-10-27 04:00:00,0.48,0.0,5.92658620689655,0.0,0.37016129,0.0,0.081,0.0
2025-10-27 05:00:00,0.8600000000000001,0.0,5.06658620689655,0.0,0.37016129,0.0,0.084,0.0
2025-10-27 06:00:00,0.5499999999999999,0.0,4.51658620689655,0.0,0.37016129,0.0,0.083,0.0
2025-10-27 07:00:00,1.38,1.636447,4.7730332068965495,0.0,0.37016129,0.0,0.075,0.0
2025-10-27 08:00:00,1.37,3.296399,6.6994322068965495,0.0,0.37016129,0.0,0.064,0.0
2025-10-27 09:00:00,0.32,4.463567,10.84299920689655,0.0,0.37016129,0.0,0.059,0.0
2025-10-27 10:00:00,0.25,5.22858,13.5,0.0,0.37016129,4.97858,0.059,-0.29373622
2025-10-27 11:00:00,0.7247307692307694,5.588659,13.5,0.0,0.37016129,4.863928230769231,0.059,-0.2869717656153846
2025-10-27 12:00:00,0.8347307692307694,5.539625,13.5,0.0,0.37016129,4.704894230769231,0.058,-0.2728838653846154
2025-10-27 13:00:00,0.7147307692307694,5.08893,13.5,0.0,0.37016129,4.374199230769231,0.057,-0.2493293561538462
2025-10-27 14:00:00,0.29,4.260737,13.5,0.0,0.37016129,3.9707369999999997,0.057,-0.226332009
2025-10-27 15:00:00,0.21,3.041704,13.5,0.0,0.38016129,2.831704,0.058,-0.16423883200000003
2025-10-27 16:00:00,0.29,1.233922,13.5,0.0,0.40016129,0.9439219999999999,0.062,-0.058523163999999996
2025-10-27 17:00:00,2.0817068965517245,0.0,11.418293103448276,0.0,0.40016129,0.0,0.092,0.0
2025-10-27 18:00:00,4.041706896551725,0.0,7.376586206896551,0.0,0.40016129,0.0,0.103,0.0
2025-10-27 19:00:00,0.53,0.0,6.846586206896551,0.0,0.40016129,0.0,0.101,0.0
2025-10-27 20:00:00,0.79,0.0,6.056586206896551,0.0,0.40016129,0.0,0.091,0.0
2025-10-27 21:00:00,0.81,0.0,5.24658620689655,0.0,0.38016129,0.0,0.088,0.0
2025-10-27 22:00:00,0.32,0.0,4.92658620689655,0.0,0.38016129,0.0,0.091,0.0
2025-10-27 23:00:00,0.15,0.0,4.77658620689655,0.0,0.38016129,0.0,0.09,0.0
2025-10-28 00:00:00,0.22,0.0,4.55658620689655,0.0,0.37016129,0.0,0.089,0.0
2025-10-28 01:00:00,0.15,0.0,4.40658620689655,0.0,0.37016129,0.0,0.087,0.0
2025-10-28 02:00:00,0.11,0.0,4.296586206896549,0.0,0.37016129,0.0,0.084,0.0
2025-10-28 03:00:00,0.11,0.0,4.186586206896549,0.0,0.37016129,0.0,0.083,0.0
2025-10-28 04:00:00,0.1,0.0,4.086586206896549,0.0,0.37016129,0.0,0.081,0.0
2025-10-28 05:00:00,0.11,0.0,3.9765862068965494,0.0,0.37016129,0.0,0.084,0.0
2025-10-28 06:00:00,0.74,0.0,3.2365862068965496,0.0,0.37016129,0.0,0.083,0.0
2025-10-28 07:00:00,0.34,1.611433,4.50801920689655,0.0,0.37016129,0.0,0.075,0.0
2025-10-28 08:00:00,0.16,3.3071509999999997,7.65517020689655,0.0,0.37016129,0.0,0.064,0.0
2025-10-28 09:00:00,0.1,4.4790410000000005,12.03421120689655,0.0,0.37016129,0.0,0.059,0.0
2025-10-28 10:00:00,0.1,5.189076,13.5,0.0,0.37016129,5.089076,0.059,-0.300255484
2025-10-28 11:00:00,0.6847307692307694,5.529129,13.5,0.0,0.37016129,4.844398230769231,0.059,-0.2858194956153846
2025-10-28 12:00:00,0.6747307692307694,5.510927,13.5,0.0,0.37016129,4.8361962307692306,0.058,-0.2804993813846154
2025-10-28 13:00:00,0.6847307692307694,5.088997,13.5,0.0,0.37016129,4.404266230769231,0.057,-0.25104317515384617
2025-10-28 14:00:00,0.11,4.307314,13.5,0.0,0.37016129,4.1973139999999995,0.057,-0.23924689799999999
2025-10-28 15:00:00,0.11,3.021203,13.5,0.0,0.38016129,2.911203,0.058,-0.168849774
2025-10-28 16:00:00,0.11,1.199951,13.5,0.0,0.40016129,1.089951,0.062,-0.06757696199999999
2025-10-28 17:00:00,1.7417068965517244,0.0,11.758293103448276,0.0,0.40016129,0.0,0.092,0.0
2025-10-28 18:00:00,2.011706896551724,0.0,9.746586206896552,0.0,0.40016129,0.0,0.103,0.0
2025-10-28 19:00:00,0.36,0.0,9.386586206896553,0.0,0.40016129,0.0,0.101,0.0
2025-10-28 20:00:00,0.55,0.0,8.836586206896552,0.0,0.40016129,0.0,0.091,0.0
2025-10-28 21:00:00,0.75,0.0,8.086586206896552,0.0,0.38016129,0.0,0.088,0.0
2025-10-28 22:00:00,1.39,0.0,6.696586206896552,0.0,0.38016129,0.0,0.091,0.0
2025-10-28 23:00:00,1.06,0.0,5.636586206896553,0.0,0.38016129,0.0,0.09,0.0
2025-10-29 00:00:00,1.05,0.0,4.586586206896553,0.0,0.37016129,0.0,0.089,0.0
2025-10-29 01:00:00,1.05,0.0,3.536586206896553,0.0,0.37016129,0.0,0.087,0.0
2025-10-29 02:00:00,1.06,0.0,2.476586206896553,0.0,0.37016129,0.0,0.084,0.0
2025-10-29 03:00:00,1.05,0.0,1.426586206896553,0.0,0.37016129,0.0,0.083,0.0
2025-10-29 04:00:00,1.07,0.0,0.3565862068965528,0.0,0.37016129,0.0,0.081,0.0
2025-10-29 05:00:00,1.09,0.0,0.0,0.7334137931034472,0.37016129,0.0,0.084,0.2714813957589651
2025-10-29 06:00:00,1.07,0.0,0.0,1.07,0.37016129,0.0,0.083,0.3960725803
2025-10-29 07:00:00,1.13,1.757233,0.6272330000000002,0.0,0.37016129,0.0,0.075,0.0
2025-10-29 08:00:00,0.1,0.659501,1.1867340000000002,0.0,0.37016129,0.0,0.064,0.0
2025-10-29 09:00:00,0.09,2.171601,3.2683350000000004,0.0,0.37016129,0.0,0.059,0.0
2025-10-29 10:00:00,2.4,5.320034,6.188369,0.0,0.37016129,0.0,0.059,0.0
2025-10-29 11:00:00,2.974730769230769,5.6129489999999995,8.826587230769231,0.0,0.37016129,0.0,0.059,0.0
2025-10-29 12:00:00,2.974730769230769,5.60154,11.453396461538462,0.0,0.37016129,0.0,0.058,0.0
2025-10-29 13:00:00,2.974730769230769,5.225766999999999,13.5,0.0,0.37016129,2.2510362307692304,0.057,-0.12830906515384613
2025-10-29 14:00:00,2.4,4.427839,13.5,0.0,0.37016129,2.0278389999999997,0.057,-0.11558682299999999
2025-10-29 15:00:00,0.1,1.678304,13.5,0.0,0.38016129,1.578304,0.058,-0.091541632
2025-10-29 16:00:00,0.1,1.238298,13.5,0.0,0.40016129,1.1382979999999998,0.062,-0.07057447599999998
2025-10-29 17:00:00,1.9317068965517243,0.0,11.568293103448276,0.0,0.40016129,0.0,0.092,0.0
2025-10-29 18:00:00,2.121706896551724,0.0,9.446586206896551,0.0,0.40016129,0.0,0.103,0.0
2025-10-29 19:00:00,0.29,0.0,9.156586206896552,0.0,0.40016129,0.0,0.101,0.0
2025-10-29 20:00:00,0.49,0.0,8.666586206896552,0.0,0.40016129,0.0,0.091,0.0
2025-10-29 21:00:00,0.44,0.0,8.226586206896553,0.0,0.38016129,0.0,0.088,0.0
2025-10-29 22:00:00,0.35,0.0,7.876586206896553,0.0,0.38016129,0.0,0.091,0.0
2025-10-29 23:00:00,0.2299999999999999,0.0,7.646586206896553,0.0,0.38016129,0.0,0.09,0.0
2025-10-30 00:00:00,0.2299999999999999,0.0,7.416586206896554,0.0,0.37016129,0.0,0.089,0.0
2025-10-30 01:00:00,0.17,0.0,7.246586206896554,0.0,0.37016129,0.0,0.087,0.0
2025-10-30 02:00:00,0.1,0.0,7.146586206896554,0.0,0.37016129,0.0,0.084,0.0
2025-10-30 03:00:00,0.1,0.0,7.046586206896555,0.0,0.37016129,0.0,0.083,0.0
2025-10-30 04:00:00,0.11,0.0,6.936586206896554,0.0,0.37016129,0.0,0.081,0.0
2025-10-30 05:00:00,0.11,0.0,6.826586206896554,0.0,0.37016129,0.0,0.084,0.0
2025-10-30 06:00:00,0.23,0.0,6.5965862068965535,0.0,0.37016129,0.0,0.083,0.0
2025-10-30 07:00:00,0.12,1.673808,8.150394206896554,0.0,0.37016129,0.0,0.075,0.0
2025-10-30 08:00:00,0.18,3.411882,11.382276206896552,0.0,0.37016129,0.0,0.064,0.0
2025-10-30 09:00:00,0.54,4.530247,13.5,0.0,0.37016129,3.990247,0.059,-0.235424573
2025-10-30 10:00:00,0.22,1.865043,13.5,0.0,0.37016129,1.645043,0.059,-0.097057537
2025-10-30 11:00:00,0.5336347577728666,5.599292999999999,13.5,0.0,0.37016129,5.065658242227133,0.059,-0.2988738362914008
2025-10-30 12:00:00,0.4136347577728667,5.563899999999999,13.5,0.0,0.37016129,5.150265242227133,0.058,-0.2987153840491737
2025-10-30 13:00:00,0.4036347577728667,5.134135000000001,13.5,0.0,0.37016129,4.730500242227134,0.057,-0.26963851380694664
2025-10-30 14:00:00,0.22,2.048503,13.5,0.0,0.37016129,1.8285030000000002,0.057,-0.10422467100000002
2025-10-30 15:00:00,0.21,0.45503,13.5,0.0,0.38016129,0.24503,0.058,-0.01421174
2025-10-30 16:00:00,0.21,1.204452,13.5,0.0,0.40016129,0.9944520000000001,0.062,-0.061656024000000004
2025-10-30 17:00:00,1.0997446571252651,0.0,12.400255342874734,0.0,0.40016129,0.0,0.092,0.0
2025-10-30 18:00:00,1.289744657125265,0.0,11.11051068574947,0.0,0.40016129,0.0,0.103,0.0
2025-10-30 19:00:00,0.26,0.0,10.85051068574947,0.0,0.40016129,0.0,0.101,0.0
2025-10-30 20:00:00,0.55,0.0,10.300510685749469,0.0,0.40016129,0.0,0.091,0.0
2025-10-30 21:00:00,0.43,0.0,9.870510685749467,0.0,0.38016129,0.0,0.088,0.0
2025-10-30 22:00:00,0.5,0.0,9.370510685749467,0.0,0.38016129,0.0,0.091,0.0
2025-10-30 23:00:00,0.54,0.0,8.83051068574947,0.0,0.38016129,0.0,0.09,0.0
2025-10-31 00:00:00,0.54,0.0,8.29051068574947,0.0,0.37016129,0.0,0.089,0.0
2025-10-31 01:00:00,0.6100000000000001,0.0,7.6805106857494705,0.0,0.37016129,0.0,0.087,0.0
2025-10-31 02:00:00,0.57,0.0,7.11051068574947,0.0,0.37016129,0.0,0.084,0.0
2025-10-31 03:00:00,0.51,0.0,6.60051068574947,0.0,0.37016129,0.0,0.083,0.0
2025-10-31 04:00:00,0.5499999999999999,0.0,6.050510685749471,0.0,0.37016129,0.0,0.081,0.0
2025-10-31 05:00:00,0.5499999999999999,0.0,5.500510685749471,0.0,0.37016129,0.0,0.084,0.0
2025-10-31 06:00:00,0.48,0.0,5.020510685749471,0.0,0.37016129,0.0,0.083,0.0
2025-10-31 07:00:00,0.48,0.087423,4.627933685749471,0.0,0.37016129,0.0,0.075,0.0
2025-10-31 08:00:00,1.63,1.918678,4.916611685749471,0.0,0.37016129,0.0,0.064,0.0
2025-10-31 09:00:00,0.2,1.453616,6.170227685749471,0.0,0.37016129,0.0,0.059,0.0
2025-10-31 10:00:00,2.8099999999999996,1.115552,4.475779685749472,0.0,0.37016129,0.0,0.059,0.0
2025-10-31 11:00:00,2.7436347577728664,1.675396,3.407540927976605,0.0,0.37016129,0.0,0.059,0.0
2025-10-31 12:00:00,2.7236347577728663,0.679052,1.3629581702037386,0.0,0.37016129,0.0,0.058,0.0
2025-10-31 13:00:00,2.7036347577728663,0.8645879999999999,0.0,0.47608858756912786,0.37016129,0.0,0.057,0.17622956572886633
2025-10-31 14:00:00,3.74,0.62491,0.0,3.1150900000000004,0.37016129,0.0,0.057,1.1530857328661002
2025-10-31 15:00:00,0.4399999999999999,0.494584,0.0545840000000001,0.0,0.38016129,0.0,0.058,0.0
2025-10-31 16:00:00,0.12,1.287858,1.222442,0.0,0.40016129,0.0,0.062,0.0
2025-10-31 17:00:00,0.6597446571252652,0.0,0.5626973428747348,0.0,0.40016129,0.0,0.092,0.0
2025-10-31 18:00:00,0.6697446571252652,0.0,0.0,0.10704731425053038,0.40016129,0.0,0.103,0.04283619136152762
2025-10-31 19:00:00,0.12,0.0,0.0,0.12,0.40016129,0.0,0.101,0.0480193548
2025-10-31 20:00:00,0.21,0.0,0.0,0.21,0.40016129,0.0,0.091,0.0840338709
2025-10-31 21:00:00,0.12,0.0,0.0,0.12,0.38016129,0.0,0.088,0.0456193548
2025-10-31 22:00:00,0.25,0.0,0.0,0.25,0.38016129,0.0,0.091,0.0950403225
2025-10-31 23:00:00,0.48,0.0,0.0,0.48,0.38016129,0.0,0.09,0.1824774192
2025-10-31 23:59:59,0.1,0.0,0.0,0.1,150.0,0.0,0.0,15.0
2025-11-01 00:00:00,0.9034130984547936,0.0,0.0,0.9034130984547936,0.370833333,0.0,0.087,0.3350156903758482
2025-11-01 01:00:00,1.122886337062455,0.0,0.0,1.122886337062455,0.370833333,0.0,0.086,0.41640368295303165
2025-11-01 02:00:00,1.1509584954890164,0.0,0.0,1.1509584954890164,0.370833333,0.0,0.084,0.4268137750268574
2025-11-01 03:00:00,1.263247129195262,0.0,0.0,1.263247129195262,0.370833333,0.0,0.083,0.4684541433221606
2025-11-01 04:00:00,1.209654826744554,0.0,0.0,1.209654826744554,0.370833333,0.0,0.086,0.4485803311812205
2025-11-01 05:00:00,1.3066313740363114,0.0,0.0,1.3066313740363114,0.370833333,0.0,0.087,0.484542467436255
2025-11-01 06:00:00,1.3423595756701163,0.0,0.0,1.3423595756701163,0.370833333,0.0,0.083,0.4977916755302149
2025-11-01 07:00:00,1.270903172402506,1.775306,0.5044028275974941,0.0,0.370833333,0.0,0.072,0.0
2025-11-01 08:00:00,1.1024702218431377,3.628841,3.030773605754357,0.0,0.370833333,0.0,0.064,0.0
2025-11-01 09:00:00,1.1713746107083336,4.828901,6.688299995046023,0.0,0.370833333,0.0,0.061,0.0
2025-11-01 10:00:00,2.9303475573964235,5.574974,9.3329264376496,0.0,0.370833333,0.0,0.061,0.0
2025-11-01 11:00:00,3.070390012718582,5.75,12.01253642493102,0.0,0.370833333,0.0,0.06,0.0
2025-11-01 12:00:00,2.6416515931129174,5.75,13.5,0.0,0.370833333,3.1083484068870826,0.06,-0.18650090441322495
2025-11-01 13:00:00,2.718212025185357,5.2632579999999995,13.5,0.0,0.370833333,2.5450459748146423,0.058,-0.14761266653924926
2025-11-01 14:00:00,2.476088993766612,4.4158040000000005,13.5,0.0,0.370833333,1.9397150062333886,0.058,-0.11250347036153655
2025-11-01 15:00:00,0.1837450369738561,3.065935,13.5,0.0,0.380833333,2.882189963026144,0.064,-0.1844601576336732
2025-11-01 16:00:00,0.6941479174567904,1.164276,13.5,0.0,0.400833333,0.4701280825432097,0.09,-0.04231152742888887
2025-11-01 17:00:00,1.9916327944895544,0.0,11.508367205510446,0.0,0.400833333,0.0,0.095,0.0
2025-11-01 18:00:00,2.1753778314634102,0.0,9.332989374047036,0.0,0.400833333,0.0,0.088,0.0
2025-11-01 19:00:00,0.5052988516781047,0.0,8.827690522368929,0.0,0.400833333,0.0,0.085,0.0
2025-11-01 20:00:00,0.5614431685312274,0.0,8.266247353837702,0.0,0.400833333,0.0,0.085,0.0
2025-11-01 21:00:00,0.8549248248089145,0.0,7.411322529028787,0.0,0.380833333,0.0,0.088,0.0
2025-11-01 22:00:00,1.1994467691348951,0.0,6.211875759893892,0.0,0.380833333,0.0,0.088,0.0
2025-11-01 23:00:00,0.8523728104065,0.0,5.359502949487392,0.0,0.380833333,0.0,0.086,0.0
2025-11-02 00:00:00,1.0105977033562097,0.0,4.348905246131182,0.0,0.370833333,0.0,0.087,0.0
2025-11-02 01:00:00,0.9876295737344774,0.0,3.361275672396705,0.0,0.370833333,0.0,0.086,0.0
2025-11-02 02:00:00,0.9799735305272336,0.0,2.3813021418694715,0.0,0.370833333,0.0,0.084,0.0
2025-11-02 03:00:00,1.1075742506479669,0.0,1.2737278912215046,0.0,0.370833333,0.0,0.083,0.0
2025-11-02 04:00:00,1.122886337062455,0.0,0.1508415541590495,0.0,0.370833333,0.0,0.086,0.0
2025-11-02 05:00:00,1.1866866971228216,0.0,0.0,1.035845142963772,0.370833333,0.0,0.087,0.38412590683711706
2025-11-02 06:00:00,1.255591085988018,0.0,0.0,1.255591085988018,0.370833333,0.0,0.083,0.46561502730202625
2025-11-02 07:00:00,1.2147588555493831,1.540824,0.3260651444506168,0.0,0.370833333,0.0,0.072,0.0
2025-11-02 08:00:00,1.2122068411469684,3.355504,2.4693623033036483,0.0,0.370833333,0.0,0.064,0.0
2025-11-02 09:00:00,0.6992519462616196,4.572259,6.3423693570420285,0.0,0.370833333,0.0,0.061,0.0
2025-11-02 10:00:00,2.889515326957788,5.319148,8.772002030084241,0.0,0.370833333,0.0,0.061,0.0
2025-11-02 11:00:00,3.242914313945689,5.506398,11.035485716138552,0.0,0.370833333,0.0,0.06,0.0
2025-11-02 12:00:00,3.758421223233453,5.394597,12.6716614929051,0.0,0.370833333,0.0,0.06,0.0
2025-11-02 13:00:00,3.0055769745211247,5.036577,13.5,0.0,0.370833333,2.0310000254788756,0.058,-0.11779800147777479
2025-11-02 14:00:00,2.7312904340080792,4.2384520000000006,13.5,0.0,0.370833333,1.5071615659919213,0.058,-0.08741537082753144
2025-11-02 15:00:00,0.4823307220563727,2.916566,13.5,0.0,0.380833333,2.4342352779436274,0.064,-0.15579105778839217
2025-11-02 16:00:00,0.6482116582133262,1.003332,13.5,0.0,0.400833333,0.35512034178667373,0.09,-0.03196083076080063
2025-11-02 17:00:00,1.8090020386521,0.0,11.6909979613479,0.0,0.400833333,0.0,0.095,0.0
2025-11-02 18:00:00,3.1539136287246317,0.0,8.53708433262327,0.0,0.400833333,0.0,0.088,0.0
2025-11-02 19:00:00,1.2836632444145792,0.0,7.253421088208691,0.0,0.400833333,0.0,0.085,0.0
2025-11-02 20:00:00,1.1203343226600406,0.0,6.13308676554865,0.0,0.400833333,0.0,0.085,0.0
2025-11-02 21:00:00,1.2096548267445535,0.0,4.923431938804097,0.0,0.380833333,0.0,0.088,0.0
2025-11-02 22:00:00,1.2300709419638711,0.0,3.6933609968402257,0.0,0.380833333,0.0,0.088,0.0
2025-11-02 23:00:00,1.2913192876218231,0.0,2.4020417092184028,0.0,0.380833333,0.0,0.086,0.0
2025-11-03 00:00:00,1.6434972751550478,0.0,0.7585444340633549,0.0,0.370833333,0.0,0.087,0.0
2025-11-03 01:00:00,1.5950090015091694,0.0,0.0,0.8364645674458144,0.370833333,0.0,0.086,0.31018894348233467
2025-11-03 02:00:00,1.6894335343985118,0.0,0.0,1.6894335343985118,0.370833333,0.0,0.084,0.6264982684429703
2025-11-03 03:00:00,1.6996415920081709,0.0,0.0,1.6996415920081709,0.370833333,0.0,0.083,0.6302837564698162
2025-11-03 04:00:00,1.804274182507172,0.0,0.0,1.804274182507172,0.370833333,0.0,0.086,0.6690850087449849
2025-11-03 05:00:00,1.6383932463502184,0.0,0.0,1.6383932463502184,0.370833333,0.0,0.087,0.6075708283087415
2025-11-03 06:00:00,1.9089067730061735,0.0,0.0,1.9089067730061735,0.370833333,0.0,0.083,0.7078862610201537
2025-11-03 07:00:00,1.81958626892166,1.551925,0.0,0.26766126892166,0.370833333,0.0,0.072,0.09925772046922848
2025-11-03 08:00:00,0.9850775593320628,3.29556,2.310482440667937,0.0,0.370833333,0.0,0.064,0.0
2025-11-03 09:00:00,0.4236343908008352,4.815135000000001,6.701983049867103,0.0,0.370833333,0.0,0.061,0.0
2025-11-03 10:00:00,0.4236343908008353,5.680834,11.959182659066268,0.0,0.370833333,0.0,0.061,0.0
2025-11-03 11:00:00,0.4625722763324766,2.910817,13.5,0.0,0.370833333,2.4482447236675235,0.06,-0.1468946834200514
2025-11-03 12:00:00,0.5467887516121608,1.08858,13.5,0.0,0.370833333,0.5417912483878393,0.06,-0.032507474903270356
2025-11-03 13:00:00,0.6692854429280649,2.8627640000000003,13.5,0.0,0.370833333,2.1934785570719355,0.058,-0.12722175631017227
2025-11-03 14:00:00,1.2096548267445535,0.367993,12.658338173255446,0.0,0.370833333,0.0,0.058,0.0
2025-11-03 15:00:00,0.882996983235476,0.0,11.77534119001997,0.0,0.380833333,0.0,0.064,0.0
2025-11-03 16:00:00,0.3266578435090776,0.06926,11.517943346510894,0.0,0.400833333,0.0,0.09,0.0
2025-11-03 17:00:00,1.279957056241134,0.0,10.23798629026976,0.0,0.400833333,0.0,0.095,0.0
2025-11-03 18:00:00,2.071081520989682,0.0,8.166904769280077,0.0,0.400833333,0.0,0.088,0.0
2025-11-03 19:00:00,0.6482116582133262,0.0,7.51869311106675,0.0,0.400833333,0.0,0.085,0.0
2025-11-03 20:00:00,0.7349801478954251,0.0,6.783712963171325,0.0,0.400833333,0.0,0.085,0.0
2025-11-03 21:00:00,1.036117847380356,0.0,5.747595115790969,0.0,0.380833333,0.0,0.088,0.0
2025-11-03 22:00:00,1.1203343226600402,0.0,4.6272607931309295,0.0,0.380833333,0.0,0.088,0.0
2025-11-03 23:00:00,1.0948141786358936,0.0,3.532446614495036,0.0,0.380833333,0.0,0.086,0.0
2025-11-04 00:00:00,1.2453830283783591,0.0,2.287063586116677,0.0,0.370833333,0.0,0.087,0.0
2025-11-04 01:00:00,1.3627756908894342,0.0,0.9242878952272426,0.0,0.370833333,0.0,0.086,0.0
2025-11-04 02:00:00,1.1892387115252363,0.0,0.0,0.26495081629799366,0.370833333,0.0,0.084,0.0982525942888557
2025-11-04 03:00:00,1.2760072012073354,0.0,0.0,1.2760072012073354,0.370833333,0.0,0.083,0.47318600335571775
2025-11-04 04:00:00,1.3806397917063369,0.0,0.0,1.3806397917063369,0.370833333,0.0,0.086,0.5119872556308867
2025-11-04 05:00:00,1.2913192876218234,0.0,0.0,1.2913192876218234,0.370833333,0.0,0.087,0.4788642353959864
2025-11-04 06:00:00,1.5056884974246558,0.0,0.0,1.5056884974246558,0.370833333,0.0,0.083,0.558359483959747
2025-11-04 07:00:00,1.4597522381811916,0.0995559999999999,0.0,1.3601962381811916,0.370833333,0.0,0.072,0.5044061045387931
2025-11-04 08:00:00,0.7145640326761076,0.5925940000000001,0.0,0.12197003267610751,0.370833333,0.0,0.064,0.045230553743399855
2025-11-04 09:00:00,0.5001948228732753,2.404771,1.904576177126725,0.0,0.370833333,0.0,0.061,0.0
2025-11-04 10:00:00,0.2449933826318082,2.68007,4.339652794494917,0.0,0.370833333,0.0,0.061,0.0
2025-11-04 11:00:00,0.5008524923686966,1.783327,5.622127302126221,0.0,0.370833333,0.0,0.06,0.0
2025-11-04 12:00:00,0.4600202619300619,1.316394,6.478501040196159,0.0,0.370833333,0.0,0.06,0.0
2025-11-04 13:00:00,0.4421561611131592,3.456405,9.492749879083,0.0,0.370833333,0.0,0.058,0.0
2025-11-04 14:00:00,0.15312086414488,0.458211,9.79784001493812,0.0,0.370833333,0.0,0.058,0.0
2025-11-04 15:00:00,0.1556728785472948,0.0098859999999999,9.652053136390826,0.0,0.380833333,0.0,0.064,0.0
2025-11-04 16:00:00,0.1990571233883442,0.0,9.45299601300248,0.0,0.400833333,0.0,0.09,0.0
2025-11-04 17:00:00,1.2978211570580367,0.0,8.155174855944445,0.0,0.400833333,0.0,0.095,0.0
2025-11-04 18:00:00,2.379875263681857,0.0,5.775299592262588,0.0,0.400833333,0.0,0.088,0.0
2025-11-04 19:00:00,0.5588911541288126,0.0,5.216408438133775,0.0,0.400833333,0.0,0.085,0.0
2025-11-04 20:00:00,0.9723174873199896,0.0,4.244090950813785,0.0,0.400833333,0.0,0.085,0.0
2025-11-04 21:00:00,0.959557415307916,0.0,3.2845335355058687,0.0,0.380833333,0.0,0.088,0.0
2025-11-04 22:00:00,1.0616379914045029,0.0,2.222895544101366,0.0,0.380833333,0.0,0.088,0.0
2025-11-04 23:00:00,0.9493493576982572,0.0,1.2735461864031088,0.0,0.380833333,0.0,0.086,0.0
2025-11-05 00:00:00,1.192301128808134,0.0,0.0812450575949748,0.0,0.370833333,0.0,0.087,0.0
2025-11-05 01:00:00,1.1412608407598408,0.0,0.0,1.060015783164866,0.370833333,0.0,0.086,0.3930891859036325
2025-11-05 02:00:00,1.3127562086021063,0.0,0.0,1.3127562086021063,0.370833333,0.0,0.084,0.48681376025236234
2025-11-05 03:00:00,1.261715920553813,0.0,0.0,1.261715920553813,0.370833333,0.0,0.083,0.4678863201181337
2025-11-05 04:00:00,1.255591085988018,0.0,0.0,1.255591085988018,0.370833333,0.0,0.086,0.46561502730202625
2025-11-05 05:00:00,1.286215258816994,0.0,0.0,1.286215258816994,0.370833333,0.0,0.087,0.4769714913825635
2025-11-05 06:00:00,1.3842126118697171,0.0,0.0,1.3842126118697171,0.370833333,0.0,0.083,0.5133121764402825
2025-11-05 07:00:00,1.2331333592467688,1.38055,0.1474166407532311,0.0,0.370833333,0.0,0.072,0.0
2025-11-05 08:00:00,0.8901426235622371,1.580284,0.8375580171909941,0.0,0.370833333,0.0,0.064,0.0
2025-11-05 09:00:00,0.8105197742068992,4.515829,4.542867242984095,0.0,0.370833333,0.0,0.061,0.0
2025-11-05 10:00:00,2.863484780053159,4.708799,6.388181462930936,0.0,0.370833333,0.0,0.061,0.0
2025-11-05 11:00:00,3.33682530876317,5.552217,8.603573154167766,0.0,0.370833333,0.0,0.06,0.0
2025-11-05 12:00:00,3.108164818306815,5.461117,10.95652533586095,0.0,0.370833333,0.0,0.06,0.0
2025-11-05 13:00:00,3.0407916380830677,5.121402,13.037135697777885,0.0,0.370833333,0.0,0.058,0.0
2025-11-05 14:00:00,2.5837840015485107,4.265277,13.5,0.0,0.370833333,1.6814929984514895,0.058,-0.0975265939101864
2025-11-05 15:00:00,0.4777370961320262,2.917111,13.5,0.0,0.380833333,2.4393739038679736,0.064,-0.15611992984755033
2025-11-05 16:00:00,0.6288163487549747,0.970166,13.5,0.0,0.400833333,0.34134965124502525,0.09,-0.030721468612052272
2025-11-05 17:00:00,2.089697121757805,0.0,11.410302878242195,0.0,0.400833333,0.0,0.095,0.0
2025-11-05 18:00:00,3.049254537065721,0.0,8.361048341176474,0.0,0.400833333,0.0,0.088,0.0
2025-11-05 19:00:00,0.579817672228613,0.0,7.781230668947861,0.0,0.400833333,0.0,0.085,0.0
2025-11-05 20:00:00,0.4348632541714597,0.0,7.3463674147764015,0.0,0.400833333,0.0,0.085,0.0
2025-11-05 21:00:00,0.5206109380925927,0.0,6.825756476683809,0.0,0.380833333,0.0,0.088,0.0
2025-11-05 22:00:00,0.7227304787638346,0.0,6.103025997919975,0.0,0.380833333,0.0,0.088,0.0
2025-11-05 23:00:00,1.0800124951018883,0.0,5.0230135028180865,0.0,0.380833333,0.0,0.086,0.0
2025-11-06 00:00:00,1.0636796029264346,0.0,3.959333899891652,0.0,0.370833333,0.0,0.087,0.0
2025-11-06 01:00:00,1.2453830283783591,0.0,2.7139508715132927,0.0,0.370833333,0.0,0.086,0.0
2025-11-06 02:00:00,1.1392192292379089,0.0,1.574731642275384,0.0,0.370833333,0.0,0.084,0.0
2025-11-06 03:00:00,1.1555521214133628,0.0,0.419179520862021,0.0,0.370833333,0.0,0.083,0.0
2025-11-06 04:00:00,1.16371856750109,0.0,0.0,0.7445390466390689,0.370833333,0.0,0.086,0.27609989621380837
2025-11-06 05:00:00,1.3617548851284682,0.0,0.0,1.3617548851284682,0.370833333,0.0,0.087,0.504984102781222
2025-11-06 06:00:00,1.261715920553813,0.0,0.0,1.261715920553813,0.370833333,0.0,0.083,0.4678863201181337
2025-11-06 07:00:00,1.3045897625143796,1.442674,0.1380842374856203,0.0,0.370833333,0.0,0.072,0.0
2025-11-06 08:00:00,0.6288163487549746,0.650846,0.1601138887306458,0.0,0.370833333,0.0,0.064,0.0
2025-11-06 09:00:00,0.4695706500442992,2.006706,1.6972492386863465,0.0,0.370833333,0.0,0.061,0.0
2025-11-06 10:00:00,0.4940699883074801,5.337203000000001,6.540382250378867,0.0,0.370833333,0.0,0.061,0.0
2025-11-06 11:00:00,1.0325167537356046,5.657133,11.164998496643262,0.0,0.370833333,0.0,0.06,0.0
2025-11-06 12:00:00,1.0529328689549218,5.598466,13.5,0.0,0.370833333,4.545533131045079,0.06,-0.2727319878627047
2025-11-06 13:00:00,0.750774363709025,2.925058,13.5,0.0,0.370833333,2.174283636290975,0.058,-0.12610845090487655
2025-11-06 14:00:00,0.2409101595879447,1.906536,13.5,0.0,0.370833333,1.6656258404120554,0.058,-0.09660629874389921
2025-11-06 15:00:00,0.2939920591581699,0.800875,13.5,0.0,0.380833333,0.50688294084183,0.064,-0.032440508213877124
2025-11-06 16:00:00,0.4736538730881626,0.115422,13.141768126911838,0.0,0.400833333,0.0,0.09,0.0
2025-11-06 17:00:00,1.7586448547604117,0.0,11.383123272151426,0.0,0.400833333,0.0,0.095,0.0
2025-11-06 18:00:00,2.9468627605246827,0.0,8.436260511626744,0.0,0.400833333,0.0,0.088,0.0
2025-11-06 19:00:00,0.610441845057589,0.0,7.825818666569155,0.0,0.400833333,0.0,0.085,0.0
2025-11-06 20:00:00,0.4573209809127088,0.0,7.368497685656446,0.0,0.400833333,0.0,0.085,0.0
2025-11-06 21:00:00,0.4961115998294118,0.0,6.872386085827034,0.0,0.380833333,0.0,0.088,0.0
2025-11-06 22:00:00,0.6614821331058826,0.0,6.210903952721152,0.0,0.380833333,0.0,0.088,0.0
2025-11-06 23:00:00,0.7023143635445173,0.0,5.508589589176634,0.0,0.380833333,0.0,0.086,0.0
2025-11-07 00:00:00,0.610441845057589,0.0,4.898147744119045,0.0,0.370833333,0.0,0.087,0.0
2025-11-07 01:00:00,0.8166446087726945,0.0,4.081503135346351,0.0,0.370833333,0.0,0.086,0.0
2025-11-07 02:00:00,0.6247331257111113,0.0,3.4567700096352394,0.0,0.370833333,0.0,0.084,0.0
2025-11-07 03:00:00,0.8391023355139435,0.0,2.6176676741212956,0.0,0.370833333,0.0,0.083,0.0
2025-11-07 04:00:00,0.8329775009481484,0.0,1.7846901731731473,0.0,0.370833333,0.0,0.086,0.0
2025-11-07 05:00:00,0.8533936161674658,0.0,0.9312965570056816,0.0,0.370833333,0.0,0.087,0.0
2025-11-07 06:00:00,0.9473077461763256,0.0,0.0,0.016011189170644036,0.370833333,0.0,0.083,0.005937482645443433
2025-11-07 07:00:00,1.0800124951018883,1.286018,0.2060055048981117,0.0,0.370833333,0.0,0.072,0.0
2025-11-07 08:00:00,1.0657212144483663,0.106834,0.0,0.7528817095502547,0.370833333,0.0,0.064,0.27919363370725886
2025-11-07 09:00:00,0.6778150252813364,1.047555,0.3697399747186636,0.0,0.370833333,0.0,0.061,0.0
2025-11-07 10:00:00,2.93494118332077,5.050993,2.4857917913978937,0.0,0.370833333,0.0,0.061,0.0
2025-11-07 11:00:00,3.690880746980506,5.396991,4.191902044417388,0.0,0.370833333,0.0,0.06,0.0
2025-11-07 12:00:00,3.0498147290939404,5.317168,6.459255315323447,0.0,0.370833333,0.0,0.06,0.0
2025-11-07 13:00:00,3.121271132361551,4.877629,8.215613182961896,0.0,0.370833333,0.0,0.058,0.0
2025-11-07 14:00:00,2.7185303619960055,1.439384,6.93646682096589,0.0,0.370833333,0.0,0.058,0.0
2025-11-07 15:00:00,0.4389464772153231,2.620721,9.118241343750569,0.0,0.380833333,0.0,0.064,0.0
2025-11-07 16:00:00,0.5532767224435003,0.735721,9.300685621307066,0.0,0.400833333,0.0,0.09,0.0
2025-11-07 17:00:00,2.447698145623628,0.0,6.852987475683438,0.0,0.400833333,0.0,0.095,0.0
2025-11-07 18:00:00,2.823354665659068,0.0,4.029632810024371,0.0,0.400833333,0.0,0.088,0.0
2025-11-07 19:00:00,1.0779708835799569,0.0,2.9516619264444137,0.0,0.400833333,0.0,0.085,0.0
2025-11-07 20:00:00,0.6206499026672478,0.0,2.331012023777166,0.0,0.400833333,0.0,0.085,0.0
2025-11-07 21:00:00,0.7411049824612201,0.0,1.5899070413159455,0.0,0.380833333,0.0,0.088,0.0
2025-11-07 22:00:00,0.6859814713690634,0.0,0.9039255699468824,0.0,0.380833333,0.0,0.088,0.0
2025-11-07 23:00:00,0.9330164655228036,0.0,0.0,0.02909089557592115,0.380833333,0.0,0.086,0.011078782722133005
2025-11-08 00:00:00,0.9034130984547936,0.0,0.0,0.9034130984547936,0.370833333,0.0,0.087,0.3350156903758482
2025-11-08 01:00:00,1.122886337062455,0.0,0.0,1.122886337062455,0.370833333,0.0,0.086,0.41640368295303165
2025-11-08 02:00:00,1.1509584954890164,0.0,0.0,1.1509584954890164,0.370833333,0.0,0.084,0.4268137750268574
2025-11-08 03:00:00,1.263247129195262,0.0,0.0,1.263247129195262,0.370833333,0.0,0.083,0.4684541433221606
2025-11-08 04:00:00,1.209654826744554,0.0,0.0,1.209654826744554,0.370833333,0.0,0.086,0.4485803311812205
2025-11-08 05:00:00,1.3066313740363114,0.0,0.0,1.3066313740363114,0.370833333,0.0,0.087,0.484542467436255
2025-11-08 06:00:00,1.3423595756701163,0.0,0.0,1.3423595756701163,0.370833333,0.0,0.083,0.4977916755302149
2025-11-08 07:00:00,1.270903172402506,0.061884,0.0,1.209019172402506,0.370833333,0.0,0.072,0.44834460936292286
2025-11-08 08:00:00,1.1024702218431377,0.284954,0.0,0.8175162218431378,0.370833333,0.0,0.064,0.30316226532765816
2025-11-08 09:00:00,1.1713746107083336,0.2819649999999999,0.0,0.8894096107083337,0.370833333,0.0,0.061,0.32982273034120385
2025-11-08 10:00:00,2.9303475573964235,0.368139,0.0,2.5622085573964233,0.370833333,0.0,0.061,0.9501523391804374
2025-11-08 11:00:00,3.1672073916050154,0.770817,0.0,2.3963903916050153,0.370833333,0.0,0.06,0.888661436088063
2025-11-08 12:00:00,2.7384689719993505,0.235354,0.0,2.5031149719993504,0.370833333,0.0,0.06,0.9282384679487208
2025-11-08 13:00:00,2.8150294040717907,0.237424,0.0,2.577605404071791,0.370833333,0.0,0.058,0.955862003150754
2025-11-08 14:00:00,2.476088993766612,0.2285869999999999,0.0,2.247501993766612,0.370833333,0.0,0.058,0.8334486552726179
2025-11-08 15:00:00,0.1837450369738561,0.16204,0.0,0.021705036973856118,0.380833333,0.0,0.064,0.00826600157364186
2025-11-08 16:00:00,0.6941479174567904,0.010276,0.0,0.6838719174567904,0.400833333,0.0,0.09,0.2741186600193062
2025-11-08 17:00:00,2.2665051230521867,0.0,0.0,2.2665051230521867,0.400833333,0.0,0.095,0.9084908027345832
2025-11-08 18:00:00,2.4502501600260427,0.0,0.0,2.4502501600260427,0.400833333,0.0,0.088,0.9821419383270221
2025-11-08 19:00:00,0.5052988516781047,0.0,0.0,0.5052988516781047,0.400833333,0.0,0.085,0.20254062287920738
2025-11-08 20:00:00,0.5614431685312274,0.0,0.0,0.5614431685312274,0.400833333,0.0,0.085,0.22504513653245262
2025-11-08 21:00:00,0.8549248248089145,0.0,0.0,0.8549248248089145,0.380833333,0.0,0.088,0.32558387049642
2025-11-08 22:00:00,1.1994467691348951,0.0,0.0,1.1994467691348951,0.380833333,0.0,0.088,0.4567893108457236
2025-11-08 23:00:00,0.8523728104065,0.0,0.0,0.8523728104065,0.380833333,0.0,0.086,0.3246119783456845
2025-11-09 00:00:00,1.0105977033562097,0.0,0.0,1.0105977033562097,0.370833333,0.0,0.087,0.3747633146577285
2025-11-09 01:00:00,0.9876295737344774,0.0,0.0,0.9876295737344774,0.370833333,0.0,0.086,0.3662459665973255
2025-11-09 02:00:00,0.9799735305272336,0.0,0.0,0.9799735305272336,0.370833333,0.0,0.084,0.36340685057719124
2025-11-09 03:00:00,1.1075742506479669,0.0,0.0,1.1075742506479669,0.370833333,0.0,0.083,0.41072545091276297
2025-11-09 04:00:00,1.122886337062455,0.0,0.0,1.122886337062455,0.370833333,0.0,0.086,0.41640368295303165
2025-11-09 05:00:00,1.1866866971228216,0.0,0.0,1.1866866971228216,0.370833333,0.0,0.087,0.44006298312081743
2025-11-09 06:00:00,1.255591085988018,0.0,0.0,1.255591085988018,0.370833333,0.0,0.083,0.46561502730202625
2025-11-09 07:00:00,1.2147588555493831,0.203484,0.0,1.0112748555493831,0.370833333,0.0,0.072,0.37501442526247125
2025-11-09 08:00:00,1.2122068411469684,0.4363539999999999,0.0,0.7758528411469685,0.370833333,0.0,0.064,0.28771209500004985
2025-11-09 09:00:00,0.6992519462616196,0.7112670000000001,0.0120150537383805,0.0,0.370833333,0.0,0.061,0.0
2025-11-09 10:00:00,2.889515326957788,2.289817,0.0,0.587683273219407,0.370833333,0.0,0.061,0.21793254695630235
2025-11-09 11:00:00,3.242914313945689,0.870975,0.0,2.371939313945689,0.370833333,0.0,0.06,0.8795941614642131
2025-11-09 12:00:00,3.758421223233453,0.418175,0.0,3.3402462232334527,0.370833333,0.0,0.06,1.2386746400023232
2025-11-09 13:00:00,3.0055769745211247,3.338067,0.3324900254788754,0.0,0.370833333,0.0,0.058,0.0
2025-11-09 14:00:00,2.7312904340080792,1.281859,0.0,1.1169414085292038,0.370833333,0.0,0.058,0.4141991052905992
2025-11-09 15:00:00,0.4823307220563727,1.001638,0.5193072779436274,0.0,0.380833333,0.0,0.064,0.0
2025-11-09 16:00:00,0.6482116582133262,0.077029,0.0,0.051875380269698734,0.400833333,0.0,0.09,0.020793381574145783
2025-11-09 17:00:00,1.8090020386521,0.0,0.0,1.8090020386521,0.400833333,0.0,0.095,0.725108316556716
2025-11-09 18:00:00,3.1539136287246317,0.0,0.0,3.1539136287246317,0.400833333,0.0,0.088,1.2641937117958186
2025-11-09 19:00:00,1.2836632444145792,0.0,0.0,1.2836632444145792,0.400833333,0.0,0.085,0.5145350167082895
2025-11-09 20:00:00,1.1203343226600406,0.0,0.0,1.1203343226600406,0.400833333,0.0,0.085,0.4490673406261215
2025-11-09 21:00:00,1.2096548267445535,0.0,0.0,1.2096548267445535,0.380833333,0.0,0.088,0.46067687944866587
2025-11-09 22:00:00,1.2300709419638711,0.0,0.0,1.2300709419638711,0.380833333,0.0,0.088,0.4684520166545506
2025-11-09 23:00:00,1.2913192876218231,0.0,0.0,1.2913192876218231,0.380833333,0.0,0.086,0.49177742827220455
2025-11-10 00:00:00,1.6434972751550478,0.0,0.0,1.6434972751550478,0.370833333,0.0,0.087,0.6094635723221644
2025-11-10 01:00:00,1.5950090015091694,0.0,0.0,1.5950090015091694,0.370833333,0.0,0.086,0.5914825041946473
2025-11-10 02:00:00,1.6894335343985118,0.0,0.0,1.6894335343985118,0.370833333,0.0,0.084,0.6264982684429703
2025-11-10 03:00:00,1.6996415920081709,0.0,0.0,1.6996415920081709,0.370833333,0.0,0.083,0.6302837564698162
2025-11-10 04:00:00,1.804274182507172,0.0,0.0,1.804274182507172,0.370833333,0.0,0.086,0.6690850087449849
2025-11-10 05:00:00,1.6383932463502184,0.0,0.0,1.6383932463502184,0.370833333,0.0,0.087,0.6075708283087415
2025-11-10 06:00:00,1.9089067730061735,0.0,0.0,1.9089067730061735,0.370833333,0.0,0.083,0.7078862610201537
2025-11-10 07:00:00,1.81958626892166,1.286597,0.0,0.53298926892166,0.370833333,0.0,0.072,0.1976501870474525
2025-11-10 08:00:00,0.9850775593320628,0.029364,0.0,0.9557135593320627,0.370833333,0.0,0.064,0.35441044460040205
2025-11-10 09:00:00,0.4236343908008352,0.287634,0.0,0.1360003908008352,0.370833333,0.0,0.061,0.050433478209976255
2025-11-10 10:00:00,0.4236343908008353,2.656832,2.2331976091991645,0.0,0.370833333,0.0,0.061,0.0
2025-11-10 11:00:00,0.4625722763324766,1.096996,2.8676213328666877,0.0,0.370833333,0.0,0.06,0.0
2025-11-10 12:00:00,0.5467887516121608,0.583955,2.904787581254527,0.0,0.370833333,0.0,0.06,0.0
2025-11-10 13:00:00,0.6692854429280649,2.2178850000000003,4.4533871383264625,0.0,0.370833333,0.0,0.058,0.0
2025-11-10 14:00:00,1.2096548267445535,2.1066439999999997,5.3503763115819085,0.0,0.370833333,0.0,0.058,0.0
2025-11-10 15:00:00,0.882996983235476,2.754674,7.222053328346432,0.0,0.380833333,0.0,0.064,0.0
2025-11-10 16:00:00,0.3266578435090776,0.7797569999999999,7.675152484837355,0.0,0.400833333,0.0,0.09,0.0
2025-11-10 17:00:00,1.279957056241134,0.0,6.395195428596221,0.0,0.400833333,0.0,0.095,0.0
2025-11-10 18:00:00,2.071081520989682,0.0,4.324113907606539,0.0,0.400833333,0.0,0.088,0.0
2025-11-10 19:00:00,0.6482116582133262,0.0,3.675902249393213,0.0,0.400833333,0.0,0.085,0.0
2025-11-10 20:00:00,0.7349801478954251,0.0,2.9409221014977875,0.0,0.400833333,0.0,0.085,0.0
2025-11-10 21:00:00,1.036117847380356,0.0,1.9048042541174317,0.0,0.380833333,0.0,0.088,0.0
2025-11-10 22:00:00,1.1203343226600402,0.0,0.7844699314573913,0.0,0.380833333,0.0,0.088,0.0
2025-11-10 23:00:00,1.0948141786358936,0.0,0.0,0.3103442471785023,0.380833333,0.0,0.086,0.11818943403036487
2025-11-11 00:00:00,1.2453830283783591,0.0,0.0,1.2453830283783591,0.370833333,0.0,0.087,0.4618295392751805
2025-11-11 01:00:00,1.3627756908894342,0.0,0.0,1.3627756908894342,0.370833333,0.0,0.086,0.5053626515839066
2025-11-11 02:00:00,1.1892387115252363,0.0,0.0,1.1892387115252363,0.370833333,0.0,0.084,0.44100935512752887
2025-11-11 03:00:00,1.2760072012073354,0.0,0.0,1.2760072012073354,0.370833333,0.0,0.083,0.47318600335571775
2025-11-11 04:00:00,1.3806397917063369,0.0,0.0,1.3806397917063369,0.370833333,0.0,0.086,0.5119872556308867
2025-11-11 05:00:00,1.2913192876218234,0.0,0.0,1.2913192876218234,0.370833333,0.0,0.087,0.4788642353959864
2025-11-11 06:00:00,1.5056884974246558,0.0,0.0,1.5056884974246558,0.370833333,0.0,0.083,0.558359483959747
2025-11-11 07:00:00,1.4597522381811916,0.0,0.0,1.4597522381811916,0.370833333,0.0,0.072,0.5413247878389411
2025-11-11 08:00:00,0.7145640326761076,0.074127,0.0,0.6404370326761075,0.370833333,0.0,0.064,0.23749539940391085
2025-11-11 09:00:00,0.5001948228732753,0.323618,0.0,0.1765768228732753,0.370833333,0.0,0.061,0.06548057175664732
2025-11-11 10:00:00,0.2449933826318082,0.138505,0.0,0.10648838263180821,0.370833333,0.0,0.061,0.03948944185713275
2025-11-11 11:00:00,0.5008524923686966,0.334778,0.0,0.16607449236869654,0.370833333,0.0,0.06,0.0615859575313668
2025-11-11 12:00:00,0.4600202619300619,0.082061,0.0,0.3779592619300619,0.370833333,0.0,0.06,0.14015989283974487
2025-11-11 13:00:00,0.4421561611131592,1.189714,0.7475578388868407,0.0,0.370833333,0.0,0.058,0.0
2025-11-11 14:00:00,0.15312086414488,0.29089,0.8853269747419606,0.0,0.370833333,0.0,0.058,0.0
2025-11-11 15:00:00,0.1556728785472948,2.80971,3.5393640961946655,0.0,0.380833333,0.0,0.064,0.0
2025-11-11 16:00:00,0.1990571233883442,0.800568,4.140874972806321,0.0,0.400833333,0.0,0.09,0.0
2025-11-11 17:00:00,1.2978211570580367,0.0,2.8430538157482843,0.0,0.400833333,0.0,0.095,0.0
2025-11-11 18:00:00,2.379875263681857,0.0,0.4631785520664273,0.0,0.400833333,0.0,0.088,0.0
2025-11-11 19:00:00,0.5588911541288126,0.0,0.0,0.09571260206238535,0.400833333,0.0,0.085,0.038364801294768595
2025-11-11 20:00:00,0.9723174873199896,0.0,0.0,0.9723174873199896,0.400833333,0.0,0.085,0.3897372591766567
2025-11-11 21:00:00,0.959557415307916,0.0,0.0,0.959557415307916,0.380833333,0.0,0.088,0.3654314486765789
2025-11-11 22:00:00,1.0616379914045029,0.0,0.0,1.0616379914045029,0.380833333,0.0,0.088,0.40430713470600216
2025-11-11 23:00:00,0.9493493576982572,0.0,0.0,0.9493493576982572,0.380833333,0.0,0.086,0.3615438800736365
2025-11-12 00:00:00,1.192301128808134,0.0,0.0,1.192301128808134,0.370833333,0.0,0.087,0.4421450015355826
2025-11-12 01:00:00,1.1412608407598408,0.0,0.0,1.1412608407598408,0.370833333,0.0,0.086,0.423217561401354
2025-11-12 02:00:00,1.3127562086021063,0.0,0.0,1.3127562086021063,0.370833333,0.0,0.084,0.48681376025236234
2025-11-12 03:00:00,1.261715920553813,0.0,0.0,1.261715920553813,0.370833333,0.0,0.083,0.4678863201181337
2025-11-12 04:00:00,1.255591085988018,0.0,0.0,1.255591085988018,0.370833333,0.0,0.086,0.46561502730202625
2025-11-12 05:00:00,1.286215258816994,0.0,0.0,1.286215258816994,0.370833333,0.0,0.087,0.4769714913825635
2025-11-12 06:00:00,1.3842126118697171,0.0,0.0,1.3842126118697171,0.370833333,0.0,0.083,0.5133121764402825
2025-11-12 07:00:00,1.2331333592467688,1.280604,0.0474706407532312,0.0,0.370833333,0.0,0.072,0.0
2025-11-12 08:00:00,0.8901426235622371,3.196905,2.354233017190994,0.0,0.370833333,0.0,0.064,0.0
2025-11-12 09:00:00,0.8105197742068992,4.503029000000001,6.046742242984095,0.0,0.370833333,0.0,0.061,0.0
2025-11-12 10:00:00,2.863484780053159,5.324147,8.507404462930936,0.0,0.370833333,0.0,0.061,0.0
2025-11-12 11:00:00,3.33682530876317,5.711616,10.882195154167766,0.0,0.370833333,0.0,0.06,0.0
2025-11-12 12:00:00,3.108164818306815,5.656073999999999,13.43010433586095,0.0,0.370833333,0.0,0.06,0.0
2025-11-12 13:00:00,3.0407916380830677,5.163747,13.5,0.0,0.370833333,2.122955361916932,0.058,-0.12313141099118206
2025-11-12 14:00:00,2.5837840015485107,3.924778,13.5,0.0,0.370833333,1.3409939984514891,0.058,-0.07777765191018637
2025-11-12 15:00:00,0.4777370961320262,0.6824349999999999,13.5,0.0,0.380833333,0.2046979038679737,0.064,-0.013100665847550317
2025-11-12 16:00:00,0.6288163487549747,0.011405,12.882588651245026,0.0,0.400833333,0.0,0.09,0.0
2025-11-12 17:00:00,2.089697121757805,0.0,10.79289152948722,0.0,0.400833333,0.0,0.095,0.0
2025-11-12 18:00:00,3.049254537065721,0.0,7.7436369924215,0.0,0.400833333,0.0,0.088,0.0
2025-11-12 19:00:00,0.579817672228613,0.0,7.1638193201928875,0.0,0.400833333,0.0,0.085,0.0
2025-11-12 20:00:00,0.4348632541714597,0.0,6.728956066021428,0.0,0.400833333,0.0,0.085,0.0
2025-11-12 21:00:00,0.5206109380925927,0.0,6.208345127928835,0.0,0.380833333,0.0,0.088,0.0
2025-11-12 22:00:00,0.7227304787638346,0.0,5.485614649165001,0.0,0.380833333,0.0,0.088,0.0
2025-11-12 23:00:00,1.0800124951018883,0.0,4.4056021540631125,0.0,0.380833333,0.0,0.086,0.0
2025-11-13 00:00:00,1.0636796029264346,0.0,3.341922551136678,0.0,0.370833333,0.0,0.087,0.0
2025-11-13 01:00:00,1.2453830283783591,0.0,2.096539522758319,0.0,0.370833333,0.0,0.086,0.0
2025-11-13 02:00:00,1.1392192292379089,0.0,0.95732029352041,0.0,0.370833333,0.0,0.084,0.0
2025-11-13 03:00:00,1.1555521214133628,0.0,0.0,0.1982318278929528,0.370833333,0.0,0.083,0.07351096944422605
2025-11-13 04:00:00,1.16371856750109,0.0,0.0,1.16371856750109,0.370833333,0.0,0.086,0.43154563506041466
2025-11-13 05:00:00,1.3617548851284682,0.0,0.0,1.3617548851284682,0.370833333,0.0,0.087,0.504984102781222
2025-11-13 06:00:00,1.261715920553813,0.0,0.0,1.261715920553813,0.370833333,0.0,0.083,0.4678863201181337
2025-11-13 07:00:00,1.3045897625143796,1.213678,0.0,0.0909117625143796,0.370833333,0.0,0.072,0.03371311190211185
2025-11-13 08:00:00,0.6288163487549746,3.166264,2.5374476512450252,0.0,0.370833333,0.0,0.064,0.0
2025-11-13 09:00:00,0.4695706500442992,4.511983,6.579860001200726,0.0,0.370833333,0.0,0.061,0.0
2025-11-13 10:00:00,0.4940699883074801,5.309652,11.395442012893245,0.0,0.370833333,0.0,0.061,0.0
2025-11-13 11:00:00,1.0325167537356046,5.684354,13.5,0.0,0.370833333,4.651837246264395,0.06,-0.2791102347758637
2025-11-13 12:00:00,1.0529328689549218,5.686482,13.5,0.0,0.370833333,4.633549131045078,0.06,-0.2780129478627047
2025-11-13 13:00:00,0.750774363709025,5.226100000000001,13.5,0.0,0.370833333,4.475325636290975,0.058,-0.25956888690487656
2025-11-13 14:00:00,0.2409101595879447,4.253731,13.5,0.0,0.370833333,4.012820840412055,0.058,-0.2327436087438992
2025-11-13 15:00:00,0.2939920591581699,2.824551,13.5,0.0,0.380833333,2.5305589408418303,0.064,-0.16195577221387714
2025-11-13 16:00:00,0.4736538730881626,0.674365,13.5,0.0,0.400833333,0.2007111269118374,0.09,-0.018064001422065365
2025-11-13 17:00:00,1.7586448547604117,0.0,11.741355145239588,0.0,0.400833333,0.0,0.095,0.0
2025-11-13 18:00:00,2.9468627605246827,0.0,8.794492384714905,0.0,0.400833333,0.0,0.088,0.0
2025-11-13 19:00:00,0.610441845057589,0.0,8.184050539657317,0.0,0.400833333,0.0,0.085,0.0
2025-11-13 20:00:00,0.4573209809127088,0.0,7.726729558744608,0.0,0.400833333,0.0,0.085,0.0
2025-11-13 21:00:00,0.4961115998294118,0.0,7.230617958915197,0.0,0.380833333,0.0,0.088,0.0
2025-11-13 22:00:00,0.6614821331058826,0.0,6.569135825809314,0.0,0.380833333,0.0,0.088,0.0
2025-11-13 23:00:00,0.7023143635445173,0.0,5.866821462264797,0.0,0.380833333,0.0,0.086,0.0
2025-11-14 00:00:00,0.610441845057589,0.0,5.256379617207208,0.0,0.370833333,0.0,0.087,0.0
2025-11-14 01:00:00,0.8166446087726945,0.0,4.439735008434513,0.0,0.370833333,0.0,0.086,0.0
2025-11-14 02:00:00,0.6247331257111113,0.0,3.815001882723402,0.0,0.370833333,0.0,0.084,0.0
2025-11-14 03:00:00,0.8391023355139435,0.0,2.9758995472094583,0.0,0.370833333,0.0,0.083,0.0
2025-11-14 04:00:00,0.8329775009481484,0.0,2.14292204626131,0.0,0.370833333,0.0,0.086,0.0
2025-11-14 05:00:00,0.8533936161674658,0.0,1.289528430093844,0.0,0.370833333,0.0,0.087,0.0
2025-11-14 06:00:00,0.9473077461763256,0.0,0.3422206839175185,0.0,0.370833333,0.0,0.083,0.0
2025-11-14 07:00:00,1.0800124951018883,1.163582,0.4257901888156302,0.0,0.370833333,0.0,0.072,0.0
2025-11-14 08:00:00,1.0657212144483663,1.894064,1.254132974367264,0.0,0.370833333,0.0,0.064,0.0
2025-11-14 09:00:00,0.6778150252813364,2.466085,3.0424029490859277,0.0,0.370833333,0.0,0.061,0.0
2025-11-14 10:00:00,2.93494118332077,4.024703,4.1321647657651575,0.0,0.370833333,0.0,0.061,0.0
2025-11-14 11:00:00,3.690880746980506,3.939164,4.3804480187846515,0.0,0.370833333,0.0,0.06,0.0
2025-11-14 12:00:00,3.0498147290939404,4.131238000000001,5.461871289690712,0.0,0.370833333,0.0,0.06,0.0
2025-11-14 13:00:00,3.121271132361551,3.4606280000000003,5.801228157329161,0.0,0.370833333,0.0,0.058,0.0
2025-11-14 14:00:00,2.7185303619960055,2.43384,5.516537795333155,0.0,0.370833333,0.0,0.058,0.0
2025-11-14 15:00:00,0.4389464772153231,1.4579749999999998,6.535566318117832,0.0,0.380833333,0.0,0.064,0.0
2025-11-14 16:00:00,0.5532767224435003,0.2890129999999999,6.271302595674332,0.0,0.400833333,0.0,0.09,0.0
2025-11-14 17:00:00,2.447698145623628,0.0,3.8236044500507034,0.0,0.400833333,0.0,0.095,0.0
2025-11-14 18:00:00,2.823354665659068,0.0,1.0002497843916354,0.0,0.400833333,0.0,0.088,0.0
2025-11-14 19:00:00,1.0779708835799569,0.0,0.0,0.07772109918832149,0.400833333,0.0,0.085,0.031153207232078498
2025-11-14 20:00:00,0.6206499026672478,0.0,0.0,0.6206499026672478,0.400833333,0.0,0.085,0.24877716911223854
2025-11-14 21:00:00,0.7411049824612201,0.0,0.0,0.7411049824612201,0.380833333,0.0,0.088,0.28223748057361303
2025-11-14 22:00:00,0.6859814713690634,0.0,0.0,0.6859814713690634,0.380833333,0.0,0.088,0.2612446101177245
2025-11-14 23:00:00,0.9330164655228036,0.0,0.0,0.9330164655228036,0.380833333,0.0,0.086,0.35532377030892887
2025-11-15 00:00:00,0.9034130984547936,0.0,0.0,0.9034130984547936,0.370833333,0.0,0.087,0.3350156903758482
2025-11-15 01:00:00,1.122886337062455,0.0,0.0,1.122886337062455,0.370833333,0.0,0.086,0.41640368295303165
2025-11-15 02:00:00,1.1509584954890164,0.0,0.0,1.1509584954890164,0.370833333,0.0,0.084,0.4268137750268574
2025-11-15 03:00:00,1.263247129195262,0.0,0.0,1.263247129195262,0.370833333,0.0,0.083,0.4684541433221606
2025-11-15 04:00:00,1.209654826744554,0.0,0.0,1.209654826744554,0.370833333,0.0,0.086,0.4485803311812205
2025-11-15 05:00:00,1.3066313740363114,0.0,0.0,1.3066313740363114,0.370833333,0.0,0.087,0.484542467436255
2025-11-15 06:00:00,1.3423595756701163,0.0,0.0,1.3423595756701163,0.370833333,0.0,0.083,0.4977916755302149
2025-11-15 07:00:00,1.270903172402506,0.615323,0.0,0.655580172402506,0.370833333,0.0,0.072,0.2431109803807359
2025-11-15 08:00:00,1.1024702218431377,1.83826,0.7357897781568623,0.0,0.370833333,0.0,0.064,0.0
2025-11-15 09:00:00,1.1713746107083336,2.844366,2.4087811674485287,0.0,0.370833333,0.0,0.061,0.0
2025-11-15 10:00:00,2.9303475573964235,2.930796,2.409229610052105,0.0,0.370833333,0.0,0.061,0.0
2025-11-15 11:00:00,3.1672073916050154,3.111542,2.3535642184470897,0.0,0.370833333,0.0,0.06,0.0
2025-11-15 12:00:00,2.7384689719993505,3.597067,3.2121622464477393,0.0,0.370833333,0.0,0.06,0.0
2025-11-15 13:00:00,2.8150294040717907,3.135812,3.5329448423759486,0.0,0.370833333,0.0,0.058,0.0
2025-11-15 14:00:00,2.476088993766612,2.394311,3.4511668486093368,0.0,0.370833333,0.0,0.058,0.0
2025-11-15 15:00:00,0.1837450369738561,1.409759,4.6771808116354805,0.0,0.380833333,0.0,0.064,0.0
2025-11-15 16:00:00,0.6941479174567904,0.32924,4.31227289417869,0.0,0.400833333,0.0,0.09,0.0
2025-11-15 17:00:00,2.2665051230521867,0.0,2.0457677711265037,0.0,0.400833333,0.0,0.095,0.0
2025-11-15 18:00:00,2.4502501600260427,0.0,0.0,0.404482388899539,0.400833333,0.0,0.088,0.16213002408240443
2025-11-15 19:00:00,0.5052988516781047,0.0,0.0,0.5052988516781047,0.400833333,0.0,0.085,0.20254062287920738
2025-11-15 20:00:00,0.5614431685312274,0.0,0.0,0.5614431685312274,0.400833333,0.0,0.085,0.22504513653245262
2025-11-15 21:00:00,0.8549248248089145,0.0,0.0,0.8549248248089145,0.380833333,0.0,0.088,0.32558387049642
2025-11-15 22:00:00,1.1994467691348951,0.0,0.0,1.1994467691348951,0.380833333,0.0,0.088,0.4567893108457236
2025-11-15 23:00:00,0.8523728104065,0.0,0.0,0.8523728104065,0.380833333,0.0,0.086,0.3246119783456845
2025-11-16 00:00:00,1.0105977033562097,0.0,0.0,1.0105977033562097,0.370833333,0.0,0.087,0.3747633146577285
2025-11-16 01:00:00,0.9876295737344774,0.0,0.0,0.9876295737344774,0.370833333,0.0,0.086,0.3662459665973255
2025-11-16 02:00:00,0.9799735305272336,0.0,0.0,0.9799735305272336,0.370833333,0.0,0.084,0.36340685057719124
2025-11-16 03:00:00,1.1075742506479669,0.0,0.0,1.1075742506479669,0.370833333,0.0,0.083,0.41072545091276297
2025-11-16 04:00:00,1.122886337062455,0.0,0.0,1.122886337062455,0.370833333,0.0,0.086,0.41640368295303165
2025-11-16 05:00:00,1.1866866971228216,0.0,0.0,1.1866866971228216,0.370833333,0.0,0.087,0.44006298312081743
2025-11-16 06:00:00,1.255591085988018,0.0,0.0,1.255591085988018,0.370833333,0.0,0.083,0.46561502730202625
2025-11-16 07:00:00,1.2147588555493831,0.779775,0.0,0.4349838555493831,0.370833333,0.0,0.072,0.1613065129545683
2025-11-16 08:00:00,1.2122068411469684,0.459059,0.0,0.7531478411469684,0.370833333,0.0,0.064,0.27929232417428485
2025-11-16 09:00:00,0.6992519462616196,3.20281,2.5035580537383804,0.0,0.370833333,0.0,0.061,0.0
2025-11-16 10:00:00,2.889515326957788,3.0569520000000003,2.670994726780593,0.0,0.370833333,0.0,0.061,0.0
2025-11-16 11:00:00,3.242914313945689,4.14459,3.572670412834904,0.0,0.370833333,0.0,0.06,0.0
2025-11-16 12:00:00,3.758421223233453,5.205656,5.0199051896014515,0.0,0.370833333,0.0,0.06,0.0
2025-11-16 13:00:00,3.0055769745211247,4.833284,6.847612215080327,0.0,0.370833333,0.0,0.058,0.0
2025-11-16 14:00:00,2.7312904340080792,3.098449,7.214770781072248,0.0,0.370833333,0.0,0.058,0.0
2025-11-16 15:00:00,0.4823307220563727,1.041076,7.773516059015875,0.0,0.380833333,0.0,0.064,0.0
2025-11-16 16:00:00,0.6482116582133262,0.096455,7.221759400802549,0.0,0.400833333,0.0,0.09,0.0
2025-11-16 17:00:00,1.8090020386521,0.0,5.412757362150449,0.0,0.400833333,0.0,0.095,0.0
2025-11-16 18:00:00,3.1539136287246317,0.0,2.2588437334258176,0.0,0.400833333,0.0,0.088,0.0
2025-11-16 19:00:00,1.2836632444145792,0.0,0.9751804890112384,0.0,0.400833333,0.0,0.085,0.0
2025-11-16 20:00:00,1.1203343226600406,0.0,0.0,0.1451538336488022,0.400833333,0.0,0.085,0.05818249493917693
2025-11-16 21:00:00,1.2096548267445535,0.0,0.0,1.2096548267445535,0.380833333,0.0,0.088,0.46067687944866587
2025-11-16 22:00:00,1.2300709419638711,0.0,0.0,1.2300709419638711,0.380833333,0.0,0.088,0.4684520166545506
2025-11-16 23:00:00,1.2913192876218231,0.0,0.0,1.2913192876218231,0.380833333,0.0,0.086,0.49177742827220455
2025-11-17 00:00:00,1.6434972751550478,0.0,0.0,1.6434972751550478,0.370833333,0.0,0.087,0.6094635723221644
2025-11-17 01:00:00,1.5950090015091694,0.0,0.0,1.5950090015091694,0.370833333,0.0,0.086,0.5914825041946473
2025-11-17 02:00:00,1.6894335343985118,0.0,0.0,1.6894335343985118,0.370833333,0.0,0.084,0.6264982684429703
2025-11-17 03:00:00,1.6996415920081709,0.0,0.0,1.6996415920081709,0.370833333,0.0,0.083,0.6302837564698162
2025-11-17 04:00:00,1.804274182507172,0.0,0.0,1.804274182507172,0.370833333,0.0,0.086,0.6690850087449849
2025-11-17 05:00:00,1.6383932463502184,0.0,0.0,1.6383932463502184,0.370833333,0.0,0.087,0.6075708283087415
2025-11-17 06:00:00,1.9089067730061735,0.0,0.0,1.9089067730061735,0.370833333,0.0,0.083,0.7078862610201537
2025-11-17 07:00:00,1.81958626892166,0.968102,0.0,0.85148426892166,0.370833333,0.0,0.072,0.31575874944128746
2025-11-17 08:00:00,0.9850775593320628,2.881228,1.8961504406679373,0.0,0.370833333,0.0,0.064,0.0
2025-11-17 09:00:00,0.4236343908008352,4.192422,5.664938049867102,0.0,0.370833333,0.0,0.061,0.0
2025-11-17 10:00:00,0.4236343908008353,5.016344,10.257647659066269,0.0,0.370833333,0.0,0.061,0.0
2025-11-17 11:00:00,0.4625722763324766,5.311395999999999,13.5,0.0,0.370833333,4.848823723667523,0.06,-0.29092942342005135
2025-11-17 12:00:00,0.5467887516121608,5.220483,13.5,0.0,0.370833333,4.673694248387839,0.06,-0.28042165490327037
2025-11-17 13:00:00,0.6692854429280649,4.766852,13.5,0.0,0.370833333,4.097566557071935,0.058,-0.23765886031017222
2025-11-17 14:00:00,1.2096548267445535,3.982568,13.5,0.0,0.370833333,2.7729131732554464,0.058,-0.1608289640488159
2025-11-17 15:00:00,0.882996983235476,2.629729,13.5,0.0,0.380833333,1.7467320167645242,0.064,-0.11179084907292955
2025-11-17 16:00:00,0.3266578435090776,0.508215,13.5,0.0,0.400833333,0.18155715649092236,0.09,-0.016340144084183012
2025-11-17 17:00:00,1.279957056241134,0.0,12.220042943758866,0.0,0.400833333,0.0,0.095,0.0
2025-11-17 18:00:00,2.071081520989682,0.0,10.148961422769183,0.0,0.400833333,0.0,0.088,0.0
2025-11-17 19:00:00,0.6482116582133262,0.0,9.500749764555858,0.0,0.400833333,0.0,0.085,0.0
2025-11-17 20:00:00,0.7349801478954251,0.0,8.765769616660432,0.0,0.400833333,0.0,0.085,0.0
2025-11-17 21:00:00,1.036117847380356,0.0,7.729651769280076,0.0,0.380833333,0.0,0.088,0.0
2025-11-17 22:00:00,1.1203343226600402,0.0,6.609317446620036,0.0,0.380833333,0.0,0.088,0.0
2025-11-17 23:00:00,1.0948141786358936,0.0,5.514503267984143,0.0,0.380833333,0.0,0.086,0.0
2025-11-18 00:00:00,1.2453830283783591,0.0,4.269120239605783,0.0,0.370833333,0.0,0.087,0.0
2025-11-18 01:00:00,1.3627756908894342,0.0,2.906344548716349,0.0,0.370833333,0.0,0.086,0.0
2025-11-18 02:00:00,1.1892387115252363,0.0,1.7171058371911128,0.0,0.370833333,0.0,0.084,0.0
2025-11-18 03:00:00,1.2760072012073354,0.0,0.4410986359837774,0.0,0.370833333,0.0,0.083,0.0
2025-11-18 04:00:00,1.3806397917063369,0.0,0.0,0.9395411557225595,0.370833333,0.0,0.086,0.34841317826726875
2025-11-18 05:00:00,1.2913192876218234,0.0,0.0,1.2913192876218234,0.370833333,0.0,0.087,0.4788642353959864
2025-11-18 06:00:00,1.5056884974246558,0.0,0.0,1.5056884974246558,0.370833333,0.0,0.083,0.558359483959747
2025-11-18 07:00:00,1.4597522381811916,1.061427,0.0,0.3983252381811917,0.370833333,0.0,0.072,0.14771227569275017
2025-11-18 08:00:00,0.7145640326761076,0.4073589999999999,0.0,0.30720503267610766,0.370833333,0.0,0.064,0.11392186618165491
2025-11-18 09:00:00,0.5001948228732753,1.921157,1.420962177126725,0.0,0.370833333,0.0,0.061,0.0
2025-11-18 10:00:00,0.2449933826318082,5.1738100000000005,6.349778794494917,0.0,0.370833333,0.0,0.061,0.0
2025-11-18 11:00:00,0.5008524923686966,5.566917999999999,11.41584430212622,0.0,0.370833333,0.0,0.06,0.0
2025-11-18 12:00:00,0.4600202619300619,3.695268,13.5,0.0,0.370833333,3.2352477380699383,0.06,-0.19411486428419628
2025-11-18 13:00:00,0.4421561611131592,3.616048,13.5,0.0,0.370833333,3.173891838886841,0.058,-0.1840857266554368
2025-11-18 14:00:00,0.15312086414488,4.224423,13.5,0.0,0.370833333,4.07130213585512,0.058,-0.236135523879597
2025-11-18 15:00:00,0.1556728785472948,2.824844,13.5,0.0,0.380833333,2.669171121452705,0.064,-0.17082695177297313
2025-11-18 16:00:00,0.1990571233883442,0.531128,13.5,0.0,0.400833333,0.33207087661165585,0.09,-0.029886378895049026
2025-11-18 17:00:00,1.2978211570580367,0.0,12.202178842941963,0.0,0.400833333,0.0,0.095,0.0
2025-11-18 18:00:00,2.379875263681857,0.0,9.822303579260106,0.0,0.400833333,0.0,0.088,0.0
2025-11-18 19:00:00,0.5588911541288126,0.0,9.263412425131294,0.0,0.400833333,0.0,0.085,0.0
2025-11-18 20:00:00,0.9723174873199896,0.0,8.291094937811305,0.0,0.400833333,0.0,0.085,0.0
2025-11-18 21:00:00,0.959557415307916,0.0,7.331537522503389,0.0,0.380833333,0.0,0.088,0.0
2025-11-18 22:00:00,1.0616379914045029,0.0,6.269899531098886,0.0,0.380833333,0.0,0.088,0.0
2025-11-18 23:00:00,0.9493493576982572,0.0,5.320550173400629,0.0,0.380833333,0.0,0.086,0.0
2025-11-19 00:00:00,1.192301128808134,0.0,4.128249044592495,0.0,0.370833333,0.0,0.087,0.0
2025-11-19 01:00:00,1.1412608407598408,0.0,2.9869882038326545,0.0,0.370833333,0.0,0.086,0.0
2025-11-19 02:00:00,1.3127562086021063,0.0,1.6742319952305482,0.0,0.370833333,0.0,0.084,0.0
2025-11-19 03:00:00,1.261715920553813,0.0,0.4125160746767351,0.0,0.370833333,0.0,0.083,0.0
2025-11-19 04:00:00,1.255591085988018,0.0,0.0,0.8430750113112828,0.370833333,0.0,0.086,0.3126403164135757
2025-11-19 05:00:00,1.286215258816994,0.0,0.0,1.286215258816994,0.370833333,0.0,0.087,0.4769714913825635
2025-11-19 06:00:00,1.3842126118697171,0.0,0.0,1.3842126118697171,0.370833333,0.0,0.083,0.5133121764402825
2025-11-19 07:00:00,1.2331333592467688,1.115668,0.0,0.11746535924676871,0.370833333,0.0,0.072,0.04356007068152161
2025-11-19 08:00:00,0.8901426235622371,3.2328539999999997,2.3427113764377627,0.0,0.370833333,0.0,0.064,0.0
2025-11-19 09:00:00,0.8105197742068992,4.686622000000001,6.218813602230864,0.0,0.370833333,0.0,0.061,0.0
2025-11-19 10:00:00,2.863484780053159,5.546274,8.901602822177706,0.0,0.370833333,0.0,0.061,0.0
2025-11-19 11:00:00,3.33682530876317,5.75,11.314777513414535,0.0,0.370833333,0.0,0.06,0.0
2025-11-19 12:00:00,3.108164818306815,5.75,13.5,0.0,0.370833333,2.641835181693185,0.06,-0.1585101109015911
2025-11-19 13:00:00,3.0407916380830677,5.3880360000000005,13.5,0.0,0.370833333,2.3472443619169328,0.058,-0.1361401729911821
2025-11-19 14:00:00,2.5837840015485107,4.395173,13.5,0.0,0.370833333,1.811388998451489,0.058,-0.10506056191018637
2025-11-19 15:00:00,0.4777370961320262,2.900372,13.5,0.0,0.380833333,2.4226349038679738,0.064,-0.15504863384755033
2025-11-19 16:00:00,0.6288163487549747,0.523909,13.395092651245026,0.0,0.400833333,0.0,0.09,0.0
2025-11-19 17:00:00,2.089697121757805,0.0,11.30539552948722,0.0,0.400833333,0.0,0.095,0.0
2025-11-19 18:00:00,3.049254537065721,0.0,8.2561409924215,0.0,0.400833333,0.0,0.088,0.0
2025-11-19 19:00:00,0.579817672228613,0.0,7.676323320192887,0.0,0.400833333,0.0,0.085,0.0
2025-11-19 20:00:00,0.4348632541714597,0.0,7.2414600660214274,0.0,0.400833333,0.0,0.085,0.0
2025-11-19 21:00:00,0.5206109380925927,0.0,6.720849127928835,0.0,0.380833333,0.0,0.088,0.0
2025-11-19 22:00:00,0.7227304787638346,0.0,5.998118649165001,0.0,0.380833333,0.0,0.088,0.0
2025-11-19 23:00:00,1.0800124951018883,0.0,4.918106154063112,0.0,0.380833333,0.0,0.086,0.0
2025-11-20 00:00:00,1.0636796029264346,0.0,3.8544265511366778,0.0,0.370833333,0.0,0.087,0.0
2025-11-20 01:00:00,1.2453830283783591,0.0,2.609043522758318,0.0,0.370833333,0.0,0.086,0.0
2025-11-20 02:00:00,1.1392192292379089,0.0,1.4698242935204098,0.0,0.370833333,0.0,0.084,0.0
2025-11-20 03:00:00,1.1555521214133628,0.0,0.3142721721070469,0.0,0.370833333,0.0,0.083,0.0
2025-11-20 04:00:00,1.16371856750109,0.0,0.0,0.849446395394043,0.370833333,0.0,0.086,0.3150030380088088
2025-11-20 05:00:00,1.3617548851284682,0.0,0.0,1.3617548851284682,0.370833333,0.0,0.087,0.504984102781222
2025-11-20 06:00:00,1.261715920553813,0.0,0.0,1.261715920553813,0.370833333,0.0,0.083,0.4678863201181337
2025-11-20 07:00:00,1.3045897625143796,1.244104,0.0,0.06048576251437954,0.370833333,0.0,0.072,0.022430136912253824
2025-11-20 08:00:00,0.6288163487549746,3.445747,2.816930651245025,0.0,0.370833333,0.0,0.064,0.0
2025-11-20 09:00:00,0.4695706500442992,4.825545,7.172905001200726,0.0,0.370833333,0.0,0.061,0.0
2025-11-20 10:00:00,0.4940699883074801,5.669079,12.347914012893243,0.0,0.370833333,0.0,0.061,0.0
2025-11-20 11:00:00,1.0325167537356046,5.75,13.5,0.0,0.370833333,4.717483246264395,0.06,-0.2830489947758637
2025-11-20 12:00:00,1.0529328689549218,5.75,13.5,0.0,0.370833333,4.6970671310450784,0.06,-0.2818240278627047
2025-11-20 13:00:00,0.750774363709025,5.401227,13.5,0.0,0.370833333,4.650452636290975,0.058,-0.26972625290487656
2025-11-20 14:00:00,0.2409101595879447,4.448599,13.5,0.0,0.370833333,4.207688840412055,0.058,-0.24404595274389917
2025-11-20 15:00:00,0.2939920591581699,3.00729,13.5,0.0,0.380833333,2.71329794084183,0.064,-0.17365106821387713
2025-11-20 16:00:00,0.4736538730881626,0.591846,13.5,0.0,0.400833333,0.11819212691183739,0.09,-0.010637291422065365
2025-11-20 17:00:00,1.7586448547604117,0.0,11.741355145239588,0.0,0.400833333,0.0,0.095,0.0
2025-11-20 18:00:00,2.9468627605246827,0.0,8.794492384714905,0.0,0.400833333,0.0,0.088,0.0
2025-11-20 19:00:00,0.610441845057589,0.0,8.184050539657317,0.0,0.400833333,0.0,0.085,0.0
2025-11-20 20:00:00,0.4573209809127088,0.0,7.726729558744608,0.0,0.400833333,0.0,0.085,0.0
2025-11-20 21:00:00,0.4961115998294118,0.0,7.230617958915197,0.0,0.380833333,0.0,0.088,0.0
2025-11-20 22:00:00,0.6614821331058826,0.0,6.569135825809314,0.0,0.380833333,0.0,0.088,0.0
2025-11-20 23:00:00,0.7023143635445173,0.0,5.866821462264797,0.0,0.380833333,0.0,0.086,0.0
2025-11-21 00:00:00,0.610441845057589,0.0,5.256379617207208,0.0,0.370833333,0.0,0.087,0.0
2025-11-21 01:00:00,0.8166446087726945,0.0,4.439735008434513,0.0,0.370833333,0.0,0.086,0.0
2025-11-21 02:00:00,0.6247331257111113,0.0,3.815001882723402,0.0,0.370833333,0.0,0.084,0.0
2025-11-21 03:00:00,0.8391023355139435,0.0,2.9758995472094583,0.0,0.370833333,0.0,0.083,0.0
2025-11-21 04:00:00,0.8329775009481484,0.0,2.14292204626131,0.0,0.370833333,0.0,0.086,0.0
2025-11-21 05:00:00,0.8533936161674658,0.0,1.289528430093844,0.0,0.370833333,0.0,0.087,0.0
2025-11-21 06:00:00,0.9473077461763256,0.0,0.3422206839175185,0.0,0.370833333,0.0,0.083,0.0
2025-11-21 07:00:00,1.0800124951018883,1.201114,0.4633221888156301,0.0,0.370833333,0.0,0.072,0.0
2025-11-21 08:00:00,1.0657212144483663,3.444953,2.842553974367263,0.0,0.370833333,0.0,0.064,0.0
2025-11-21 09:00:00,0.6778150252813364,4.86173,7.026468949085926,0.0,0.370833333,0.0,0.061,0.0
2025-11-21 10:00:00,2.93494118332077,5.75,9.841527765765155,0.0,0.370833333,0.0,0.061,0.0
2025-11-21 11:00:00,3.690880746980506,5.75,11.90064701878465,0.0,0.370833333,0.0,0.06,0.0
2025-11-21 12:00:00,3.0498147290939404,5.75,13.5,0.0,0.370833333,2.7001852709060596,0.06,-0.16201111625436357
2025-11-21 13:00:00,3.121271132361551,5.568022,13.5,0.0,0.370833333,2.446750867638449,0.058,-0.14191155032303004
2025-11-21 14:00:00,2.7185303619960055,4.6064560000000006,13.5,0.0,0.370833333,1.887925638003995,0.058,-0.10949968700423172
2025-11-21 15:00:00,0.4389464772153231,3.078144,13.5,0.0,0.380833333,2.639197522784677,0.064,-0.16890864145821935
2025-11-21 16:00:00,0.5532767224435003,0.586831,13.5,0.0,0.400833333,0.033554277556499645,0.09,-0.003019884980084968
2025-11-21 17:00:00,2.447698145623628,0.0,11.052301854376372,0.0,0.400833333,0.0,0.095,0.0
2025-11-21 18:00:00,2.823354665659068,0.0,8.228947188717305,0.0,0.400833333,0.0,0.088,0.0
2025-11-21 19:00:00,1.0779708835799569,0.0,7.150976305137348,0.0,0.400833333,0.0,0.085,0.0
2025-11-21 20:00:00,0.6206499026672478,0.0,6.5303264024701,0.0,0.400833333,0.0,0.085,0.0
2025-11-21 21:00:00,0.7411049824612201,0.0,5.7892214200088805,0.0,0.380833333,0.0,0.088,0.0
2025-11-21 22:00:00,0.6859814713690634,0.0,5.103239948639817,0.0,0.380833333,0.0,0.088,0.0
2025-11-21 23:00:00,0.9330164655228036,0.0,4.170223483117013,0.0,0.380833333,0.0,0.086,0.0
2025-11-22 00:00:00,0.9034130984547936,0.0,3.2668103846622194,0.0,0.370833333,0.0,0.087,0.0
2025-11-22 01:00:00,1.122886337062455,0.0,2.1439240475997643,0.0,0.370833333,0.0,0.086,0.0
2025-11-22 02:00:00,1.1509584954890164,0.0,0.992965552110748,0.0,0.370833333,0.0,0.084,0.0
2025-11-22 03:00:00,1.263247129195262,0.0,0.0,0.27028157708451406,0.370833333,0.0,0.083,0.10022941807874677
2025-11-22 04:00:00,1.209654826744554,0.0,0.0,1.209654826744554,0.370833333,0.0,0.086,0.4485803311812205
2025-11-22 05:00:00,1.3066313740363114,0.0,0.0,1.3066313740363114,0.370833333,0.0,0.087,0.484542467436255
2025-11-22 06:00:00,1.3423595756701163,0.0,0.0,1.3423595756701163,0.370833333,0.0,0.083,0.4977916755302149
2025-11-22 07:00:00,1.270903172402506,1.05247,0.0,0.21843317240250593,0.370833333,0.0,0.072,0.08100230135978488
2025-11-22 08:00:00,1.1024702218431377,1.413365,0.3108947781568623,0.0,0.370833333,0.0,0.064,0.0
2025-11-22 09:00:00,1.1713746107083336,4.021211,3.160731167448529,0.0,0.370833333,0.0,0.061,0.0
2025-11-22 10:00:00,2.9303475573964235,4.371886000000001,4.602269610052106,0.0,0.370833333,0.0,0.061,0.0
2025-11-22 11:00:00,3.1672073916050154,5.559666,6.994728218447091,0.0,0.370833333,0.0,0.06,0.0
2025-11-22 12:00:00,2.7384689719993505,5.504314999999999,9.76057424644774,0.0,0.370833333,0.0,0.06,0.0
2025-11-22 13:00:00,2.8150294040717907,4.049709,10.995253842375948,0.0,0.370833333,0.0,0.058,0.0
2025-11-22 14:00:00,2.476088993766612,4.196821,12.715985848609336,0.0,0.370833333,0.0,0.058,0.0
2025-11-22 15:00:00,0.1837450369738561,2.797863,13.5,0.0,0.380833333,2.614117963026144,0.064,-0.16730354963367322
2025-11-22 16:00:00,0.6941479174567904,0.495042,13.30089408254321,0.0,0.400833333,0.0,0.09,0.0
2025-11-22 17:00:00,2.2665051230521867,0.0,11.034388959491022,0.0,0.400833333,0.0,0.095,0.0
2025-11-22 18:00:00,2.4502501600260427,0.0,8.584138799464979,0.0,0.400833333,0.0,0.088,0.0
2025-11-22 19:00:00,0.5052988516781047,0.0,8.078839947786875,0.0,0.400833333,0.0,0.085,0.0
2025-11-22 20:00:00,0.5614431685312274,0.0,7.517396779255647,0.0,0.400833333,0.0,0.085,0.0
2025-11-22 21:00:00,0.8549248248089145,0.0,6.662471954446733,0.0,0.380833333,0.0,0.088,0.0
2025-11-22 22:00:00,1.1994467691348951,0.0,5.463025185311838,0.0,0.380833333,0.0,0.088,0.0
2025-11-22 23:00:00,0.8523728104065,0.0,4.610652374905338,0.0,0.380833333,0.0,0.086,0.0
2025-11-23 00:00:00,1.0105977033562097,0.0,3.6000546715491284,0.0,0.370833333,0.0,0.087,0.0
2025-11-23 01:00:00,0.9876295737344774,0.0,2.612425097814651,0.0,0.370833333,0.0,0.086,0.0
2025-11-23 02:00:00,0.9799735305272336,0.0,1.6324515672874176,0.0,0.370833333,0.0,0.084,0.0
2025-11-23 03:00:00,1.1075742506479669,0.0,0.5248773166394507,0.0,0.370833333,0.0,0.083,0.0
2025-11-23 04:00:00,1.122886337062455,0.0,0.0,0.5980090204230044,0.370833333,0.0,0.086,0.2217616782075278
2025-11-23 05:00:00,1.1866866971228216,0.0,0.0,1.1866866971228216,0.370833333,0.0,0.087,0.44006298312081743
2025-11-23 06:00:00,1.255591085988018,0.0,0.0,1.255591085988018,0.370833333,0.0,0.083,0.46561502730202625
2025-11-23 07:00:00,1.2147588555493831,0.809823,0.0,0.40493585554938316,0.370833333,0.0,0.072,0.1501637129645843
2025-11-23 08:00:00,1.2122068411469684,0.472994,0.0,0.7392128411469684,0.370833333,0.0,0.064,0.2741247616789298
2025-11-23 09:00:00,0.6992519462616196,4.3587929999999995,3.65954105373838,0.0,0.370833333,0.0,0.061,0.0
2025-11-23 10:00:00,2.889515326957788,5.173394,5.943419726780592,0.0,0.370833333,0.0,0.061,0.0
2025-11-23 11:00:00,3.242914313945689,5.581973,8.282478412834902,0.0,0.370833333,0.0,0.06,0.0
2025-11-23 12:00:00,3.758421223233453,5.550673,10.074730189601448,0.0,0.370833333,0.0,0.06,0.0
2025-11-23 13:00:00,3.0055769745211247,5.066618,12.135771215080323,0.0,0.370833333,0.0,0.058,0.0
2025-11-23 14:00:00,2.7312904340080792,4.120138,13.5,0.0,0.370833333,1.3888475659919206,0.058,-0.0805531588275314
2025-11-23 15:00:00,0.4823307220563727,2.679402,13.5,0.0,0.380833333,2.1970712779436274,0.064,-0.14061256178839215
2025-11-23 16:00:00,0.6482116582133262,0.4112099999999999,13.262998341786671,0.0,0.400833333,0.0,0.09,0.0
2025-11-23 17:00:00,1.8090020386521,0.0,11.453996303134574,0.0,0.400833333,0.0,0.095,0.0
2025-11-23 18:00:00,3.1539136287246317,0.0,8.300082674409943,0.0,0.400833333,0.0,0.088,0.0
2025-11-23 19:00:00,1.2836632444145792,0.0,7.016419429995364,0.0,0.400833333,0.0,0.085,0.0
2025-11-23 20:00:00,1.1203343226600406,0.0,5.896085107335323,0.0,0.400833333,0.0,0.085,0.0
2025-11-23 21:00:00,1.2096548267445535,0.0,4.68643028059077,0.0,0.380833333,0.0,0.088,0.0
2025-11-23 22:00:00,1.2300709419638711,0.0,3.456359338626899,0.0,0.380833333,0.0,0.088,0.0
2025-11-23 23:00:00,1.2913192876218231,0.0,2.165040051005076,0.0,0.380833333,0.0,0.086,0.0
2025-11-24 00:00:00,1.6434972751550478,0.0,0.5215427758500282,0.0,0.370833333,0.0,0.087,0.0
2025-11-24 01:00:00,1.5950090015091694,0.0,0.0,1.0734662256591412,0.370833333,0.0,0.086,0.39807705832410945
2025-11-24 02:00:00,1.6894335343985118,0.0,0.0,1.6894335343985118,0.370833333,0.0,0.084,0.6264982684429703
2025-11-24 03:00:00,1.6996415920081709,0.0,0.0,1.6996415920081709,0.370833333,0.0,0.083,0.6302837564698162
2025-11-24 04:00:00,1.804274182507172,0.0,0.0,1.804274182507172,0.370833333,0.0,0.086,0.6690850087449849
2025-11-24 05:00:00,1.6383932463502184,0.0,0.0,1.6383932463502184,0.370833333,0.0,0.087,0.6075708283087415
2025-11-24 06:00:00,1.9089067730061735,0.0,0.0,1.9089067730061735,0.370833333,0.0,0.083,0.7078862610201537
2025-11-24 07:00:00,1.81958626892166,0.792139,0.0,1.02744726892166,0.370833333,0.0,0.072,0.3810116952159665
2025-11-24 08:00:00,0.9850775593320628,2.961291,1.9762134406679372,0.0,0.370833333,0.0,0.064,0.0
2025-11-24 09:00:00,0.4236343908008352,4.313176,5.8657550498671025,0.0,0.370833333,0.0,0.061,0.0
2025-11-24 10:00:00,0.4236343908008353,5.039428,10.481548659066268,0.0,0.370833333,0.0,0.061,0.0
2025-11-24 11:00:00,0.4625722763324766,5.376390000000001,13.5,0.0,0.370833333,4.913817723667524,0.06,-0.29482906342005144
2025-11-24 12:00:00,0.5467887516121608,5.351274999999999,13.5,0.0,0.370833333,4.804486248387839,0.06,-0.2882691749032703
2025-11-24 13:00:00,0.6692854429280649,4.833192,13.5,0.0,0.370833333,4.163906557071935,0.058,-0.24150658031017225
2025-11-24 14:00:00,1.2096548267445535,3.959107,13.5,0.0,0.370833333,2.749452173255446,0.058,-0.1594682260488159
2025-11-24 15:00:00,0.882996983235476,2.540445,13.5,0.0,0.380833333,1.657448016764524,0.064,-0.10607667307292953
2025-11-24 16:00:00,0.3266578435090776,0.308285,13.481627156490925,0.0,0.400833333,0.0,0.09,0.0
2025-11-24 17:00:00,1.279957056241134,0.0,12.201670100249787,0.0,0.400833333,0.0,0.095,0.0
2025-11-24 18:00:00,2.071081520989682,0.0,10.130588579260106,0.0,0.400833333,0.0,0.088,0.0
2025-11-24 19:00:00,0.6482116582133262,0.0,9.48237692104678,0.0,0.400833333,0.0,0.085,0.0
2025-11-24 20:00:00,0.7349801478954251,0.0,8.747396773151355,0.0,0.400833333,0.0,0.085,0.0
2025-11-24 21:00:00,1.036117847380356,0.0,7.711278925770999,0.0,0.380833333,0.0,0.088,0.0
2025-11-24 22:00:00,1.1203343226600402,0.0,6.590944603110959,0.0,0.380833333,0.0,0.088,0.0
2025-11-24 23:00:00,1.0948141786358936,0.0,5.496130424475066,0.0,0.380833333,0.0,0.086,0.0
2025-11-25 00:00:00,1.2453830283783591,0.0,4.250747396096706,0.0,0.370833333,0.0,0.087,0.0
2025-11-25 01:00:00,1.3627756908894342,0.0,2.887971705207272,0.0,0.370833333,0.0,0.086,0.0
2025-11-25 02:00:00,1.1892387115252363,0.0,1.6987329936820357,0.0,0.370833333,0.0,0.084,0.0
2025-11-25 03:00:00,1.2760072012073354,0.0,0.4227257924747003,0.0,0.370833333,0.0,0.083,0.0
2025-11-25 04:00:00,1.3806397917063369,0.0,0.0,0.9579139992316366,0.370833333,0.0,0.086,0.35522644106242723
2025-11-25 05:00:00,1.2913192876218234,0.0,0.0,1.2913192876218234,0.370833333,0.0,0.087,0.4788642353959864
2025-11-25 06:00:00,1.5056884974246558,0.0,0.0,1.5056884974246558,0.370833333,0.0,0.083,0.558359483959747
2025-11-25 07:00:00,1.4597522381811916,0.016101,0.0,1.4436512381811917,0.370833333,0.0,0.072,0.5353540003443081
2025-11-25 08:00:00,0.7145640326761076,0.264769,0.0,0.4497950326761076,0.370833333,0.0,0.064,0.16679899113412489
2025-11-25 09:00:00,0.5001948228732753,0.751162,0.2509671771267246,0.0,0.370833333,0.0,0.061,0.0
2025-11-25 10:00:00,0.2449933826318082,1.846641,1.8526147944949165,0.0,0.370833333,0.0,0.061,0.0
2025-11-25 11:00:00,0.5008524923686966,3.652084,5.00384630212622,0.0,0.370833333,0.0,0.06,0.0
2025-11-25 12:00:00,0.4600202619300619,1.7445,6.288326040196158,0.0,0.370833333,0.0,0.06,0.0
2025-11-25 13:00:00,0.4421561611131592,0.2122589999999999,6.0584288790829985,0.0,0.370833333,0.0,0.058,0.0
2025-11-25 14:00:00,0.15312086414488,0.624637,6.529945014938119,0.0,0.370833333,0.0,0.058,0.0
2025-11-25 15:00:00,0.1556728785472948,0.176964,6.551236136390824,0.0,0.380833333,0.0,0.064,0.0
2025-11-25 16:00:00,0.1990571233883442,0.433124,6.78530301300248,0.0,0.400833333,0.0,0.09,0.0
2025-11-25 17:00:00,1.2978211570580367,0.0,5.487481855944443,0.0,0.400833333,0.0,0.095,0.0
2025-11-25 18:00:00,2.379875263681857,0.0,3.107606592262586,0.0,0.400833333,0.0,0.088,0.0
2025-11-25 19:00:00,0.5588911541288126,0.0,2.5487154381337733,0.0,0.400833333,0.0,0.085,0.0
2025-11-25 20:00:00,0.9723174873199896,0.0,1.5763979508137838,0.0,0.400833333,0.0,0.085,0.0
2025-11-25 21:00:00,0.959557415307916,0.0,0.6168405355058677,0.0,0.380833333,0.0,0.088,0.0
2025-11-25 22:00:00,1.0616379914045029,0.0,0.0,0.4447974558986352,0.380833333,0.0,0.088,0.16939369763979775
2025-11-25 23:00:00,0.9493493576982572,0.0,0.0,0.9493493576982572,0.380833333,0.0,0.086,0.3615438800736365
2025-11-26 00:00:00,1.192301128808134,0.0,0.0,1.192301128808134,0.370833333,0.0,0.087,0.4421450015355826
2025-11-26 01:00:00,1.1412608407598408,0.0,0.0,1.1412608407598408,0.370833333,0.0,0.086,0.423217561401354
2025-11-26 02:00:00,1.3127562086021063,0.0,0.0,1.3127562086021063,0.370833333,0.0,0.084,0.48681376025236234
2025-11-26 03:00:00,1.261715920553813,0.0,0.0,1.261715920553813,0.370833333,0.0,0.083,0.4678863201181337
2025-11-26 04:00:00,1.255591085988018,0.0,0.0,1.255591085988018,0.370833333,0.0,0.086,0.46561502730202625
2025-11-26 05:00:00,1.286215258816994,0.0,0.0,1.286215258816994,0.370833333,0.0,0.087,0.4769714913825635
2025-11-26 06:00:00,1.3842126118697171,0.0,0.0,1.3842126118697171,0.370833333,0.0,0.083,0.5133121764402825
2025-11-26 07:00:00,1.2331333592467688,0.556433,0.0,0.6767003592467689,0.370833333,0.0,0.072,0.25094304966177666
2025-11-26 08:00:00,0.8901426235622371,2.7318200000000004,1.8416773764377632,0.0,0.370833333,0.0,0.064,0.0
2025-11-26 09:00:00,0.8105197742068992,4.117858,5.149015602230865,0.0,0.370833333,0.0,0.061,0.0
2025-11-26 10:00:00,2.863484780053159,4.919809,7.205339822177706,0.0,0.370833333,0.0,0.061,0.0
2025-11-26 11:00:00,3.33682530876317,2.670782,6.539296513414536,0.0,0.370833333,0.0,0.06,0.0
2025-11-26 12:00:00,3.108164818306815,3.228734,6.659865695107721,0.0,0.370833333,0.0,0.06,0.0
2025-11-26 13:00:00,3.0407916380830677,2.862076,6.481150057024653,0.0,0.370833333,0.0,0.058,0.0
2025-11-26 14:00:00,2.5837840015485107,1.773327,5.670693055476143,0.0,0.370833333,0.0,0.058,0.0
2025-11-26 15:00:00,0.4777370961320262,0.7366670000000001,5.929622959344116,0.0,0.380833333,0.0,0.064,0.0
2025-11-26 16:00:00,0.6288163487549747,0.0,5.300806610589142,0.0,0.400833333,0.0,0.09,0.0
2025-11-26 17:00:00,2.089697121757805,0.0,3.2111094888313367,0.0,0.400833333,0.0,0.095,0.0
2025-11-26 18:00:00,3.049254537065721,0.0,0.1618549517656156,0.0,0.400833333,0.0,0.088,0.0
2025-11-26 19:00:00,0.579817672228613,0.0,0.0,0.41796272046299743,0.400833333,0.0,0.085,0.16753339031293057
2025-11-26 20:00:00,0.4348632541714597,0.0,0.0,0.4348632541714597,0.400833333,0.0,0.085,0.17430768756877235
2025-11-26 21:00:00,0.5206109380925927,0.0,0.0,0.5206109380925927,0.380833333,0.0,0.088,0.19826599875005876
2025-11-26 22:00:00,0.7227304787638346,0.0,0.0,0.7227304787638346,0.380833333,0.0,0.088,0.27523985708831683
2025-11-26 23:00:00,1.0800124951018883,0.0,0.0,1.0800124951018883,0.380833333,0.0,0.086,0.4113047581912983
2025-11-27 00:00:00,1.0636796029264346,0.0,0.0,1.0636796029264346,0.370833333,0.0,0.087,0.39444785239732627
2025-11-27 01:00:00,1.2453830283783591,0.0,0.0,1.2453830283783591,0.370833333,0.0,0.086,0.4618295392751805
2025-11-27 02:00:00,1.1392192292379089,0.0,0.0,1.1392192292379089,0.370833333,0.0,0.084,0.4224604637959848
2025-11-27 03:00:00,1.1555521214133628,0.0,0.0,1.1555521214133628,0.370833333,0.0,0.083,0.428517244638938
2025-11-27 04:00:00,1.16371856750109,0.0,0.0,1.16371856750109,0.370833333,0.0,0.086,0.43154563506041466
2025-11-27 05:00:00,1.3617548851284682,0.0,0.0,1.3617548851284682,0.370833333,0.0,0.087,0.504984102781222
2025-11-27 06:00:00,1.261715920553813,0.0,0.0,1.261715920553813,0.370833333,0.0,0.083,0.4678863201181337
2025-11-27 07:00:00,1.3045897625143796,0.489407,0.0,0.8151827625143797,0.370833333,0.0,0.072,0.30229694082735487
2025-11-27 08:00:00,0.6288163487549746,0.16434,0.0,0.46447634875497457,0.370833333,0.0,0.064,0.1722433125084776
2025-11-27 09:00:00,0.4695706500442992,0.8697630000000001,0.4001923499557008,0.0,0.370833333,0.0,0.061,0.0
2025-11-27 10:00:00,0.4940699883074801,5.464902,5.371024361648221,0.0,0.370833333,0.0,0.061,0.0
2025-11-27 11:00:00,1.0325167537356046,5.75,10.088507607912616,0.0,0.370833333,0.0,0.06,0.0
2025-11-27 12:00:00,1.0529328689549218,5.75,13.5,0.0,0.370833333,4.6970671310450784,0.06,-0.2818240278627047
2025-11-27 13:00:00,0.750774363709025,5.469302,13.5,0.0,0.370833333,4.718527636290975,0.058,-0.2736746029048766
2025-11-27 14:00:00,0.2409101595879447,4.485364,13.5,0.0,0.370833333,4.244453840412055,0.058,-0.24617832274389917
2025-11-27 15:00:00,0.2939920591581699,2.945448,13.5,0.0,0.380833333,2.65145594084183,0.064,-0.16969318021387714
2025-11-27 16:00:00,0.4736538730881626,0.507532,13.5,0.0,0.400833333,0.03387812691183739,0.09,-0.003049031422065365
2025-11-27 17:00:00,1.7586448547604117,0.0,11.741355145239588,0.0,0.400833333,0.0,0.095,0.0
2025-11-27 18:00:00,2.9468627605246827,0.0,8.794492384714905,0.0,0.400833333,0.0,0.088,0.0
2025-11-27 19:00:00,0.610441845057589,0.0,8.184050539657317,0.0,0.400833333,0.0,0.085,0.0
2025-11-27 20:00:00,0.4573209809127088,0.0,7.726729558744608,0.0,0.400833333,0.0,0.085,0.0
2025-11-27 21:00:00,0.4961115998294118,0.0,7.230617958915197,0.0,0.380833333,0.0,0.088,0.0
2025-11-27 22:00:00,0.6614821331058826,0.0,6.569135825809314,0.0,0.380833333,0.0,0.088,0.0
2025-11-27 23:00:00,0.7023143635445173,0.0,5.866821462264797,0.0,0.380833333,0.0,0.086,0.0
2025-11-28 00:00:00,0.610441845057589,0.0,5.256379617207208,0.0,0.370833333,0.0,0.087,0.0
2025-11-28 01:00:00,0.8166446087726945,0.0,4.439735008434513,0.0,0.370833333,0.0,0.086,0.0
2025-11-28 02:00:00,0.6247331257111113,0.0,3.815001882723402,0.0,0.370833333,0.0,0.084,0.0
2025-11-28 03:00:00,0.8391023355139435,0.0,2.9758995472094583,0.0,0.370833333,0.0,0.083,0.0
2025-11-28 04:00:00,0.8329775009481484,0.0,2.14292204626131,0.0,0.370833333,0.0,0.086,0.0
2025-11-28 05:00:00,0.8533936161674658,0.0,1.289528430093844,0.0,0.370833333,0.0,0.087,0.0
2025-11-28 06:00:00,0.9473077461763256,0.0,0.3422206839175185,0.0,0.370833333,0.0,0.083,0.0
2025-11-28 07:00:00,1.0800124951018883,0.676527,0.0,0.06126481118436988,0.370833333,0.0,0.072,0.02271903412711556
2025-11-28 08:00:00,1.0657212144483663,3.2869029999999997,2.221181785551633,0.0,0.370833333,0.0,0.064,0.0
2025-11-28 09:00:00,0.6778150252813364,4.847916000000001,6.391282760270298,0.0,0.370833333,0.0,0.061,0.0
2025-11-28 10:00:00,2.93494118332077,5.741402,9.197743576949527,0.0,0.370833333,0.0,0.061,0.0
2025-11-28 11:00:00,3.690880746980506,5.75,11.25686282996902,0.0,0.370833333,0.0,0.06,0.0
2025-11-28 12:00:00,3.0498147290939404,5.75,13.5,0.0,0.370833333,2.7001852709060596,0.06,-0.16201111625436357
2025-11-28 13:00:00,3.121271132361551,5.622520000000001,13.5,0.0,0.370833333,2.5012488676384494,0.058,-0.14507243432303008
2025-11-28 14:00:00,2.7185303619960055,4.65942,13.5,0.0,0.370833333,1.9408896380039944,0.058,-0.11257159900423168
2025-11-28 15:00:00,0.4389464772153231,3.101495,13.5,0.0,0.380833333,2.662548522784677,0.064,-0.17040310545821932
2025-11-28 16:00:00,0.5532767224435003,0.568371,13.5,0.0,0.400833333,0.015094277556499613,0.09,-0.001358484980084965
2025-11-28 17:00:00,2.447698145623628,0.0,11.052301854376372,0.0,0.400833333,0.0,0.095,0.0
2025-11-28 18:00:00,2.823354665659068,0.0,8.228947188717305,0.0,0.400833333,0.0,0.088,0.0
2025-11-28 19:00:00,1.0779708835799569,0.0,7.150976305137348,0.0,0.400833333,0.0,0.085,0.0
2025-11-28 20:00:00,0.6206499026672478,0.0,6.5303264024701,0.0,0.400833333,0.0,0.085,0.0
2025-11-28 21:00:00,0.7411049824612201,0.0,5.7892214200088805,0.0,0.380833333,0.0,0.088,0.0
2025-11-28 22:00:00,0.6859814713690634,0.0,5.103239948639817,0.0,0.380833333,0.0,0.088,0.0
2025-11-28 23:00:00,0.9330164655228036,0.0,4.170223483117013,0.0,0.380833333,0.0,0.086,0.0
2025-11-29 00:00:00,0.9034130984547936,0.0,3.2668103846622194,0.0,0.370833333,0.0,0.087,0.0
2025-11-29 01:00:00,1.122886337062455,0.0,2.1439240475997643,0.0,0.370833333,0.0,0.086,0.0
2025-11-29 02:00:00,1.1509584954890164,0.0,0.992965552110748,0.0,0.370833333,0.0,0.084,0.0
2025-11-29 03:00:00,1.263247129195262,0.0,0.0,0.27028157708451406,0.370833333,0.0,0.083,0.10022941807874677
2025-11-29 04:00:00,1.209654826744554,0.0,0.0,1.209654826744554,0.370833333,0.0,0.086,0.4485803311812205
2025-11-29 05:00:00,1.3066313740363114,0.0,0.0,1.3066313740363114,0.370833333,0.0,0.087,0.484542467436255
2025-11-29 06:00:00,1.3423595756701163,0.0,0.0,1.3423595756701163,0.370833333,0.0,0.083,0.4977916755302149
2025-11-29 07:00:00,1.270903172402506,0.6590130000000001,0.0,0.6118901724025059,0.370833333,0.0,0.072,0.22690927206196587
2025-11-29 08:00:00,1.1024702218431377,2.962485,1.8600147781568623,0.0,0.370833333,0.0,0.064,0.0
2025-11-29 09:00:00,1.1713746107083336,4.723788,5.412428167448528,0.0,0.370833333,0.0,0.061,0.0
2025-11-29 10:00:00,2.9303475573964235,5.561978,8.044058610052105,0.0,0.370833333,0.0,0.061,0.0
2025-11-29 11:00:00,3.1672073916050154,5.75,10.62685121844709,0.0,0.370833333,0.0,0.06,0.0
2025-11-29 12:00:00,2.7384689719993505,5.75,13.5,0.0,0.370833333,3.0115310280006495,0.06,-0.18069186168003898
2025-11-29 13:00:00,2.8150294040717907,4.684243,13.5,0.0,0.370833333,1.8692135959282097,0.058,-0.10841438856383617
2025-11-29 14:00:00,2.476088993766612,2.6082840000000003,13.5,0.0,0.370833333,0.1321950062333883,0.058,-0.007667310361536522
2025-11-29 15:00:00,0.1837450369738561,0.30291,13.5,0.0,0.380833333,0.1191649630261439,0.064,-0.00762655763367321
2025-11-29 16:00:00,0.6941479174567904,0.003123,12.80897508254321,0.0,0.400833333,0.0,0.09,0.0
2025-11-29 17:00:00,2.2665051230521867,0.0,10.542469959491022,0.0,0.400833333,0.0,0.095,0.0
2025-11-29 18:00:00,2.4502501600260427,0.0,8.09221979946498,0.0,0.400833333,0.0,0.088,0.0
2025-11-29 19:00:00,0.5052988516781047,0.0,7.586920947786875,0.0,0.400833333,0.0,0.085,0.0
2025-11-29 20:00:00,0.5614431685312274,0.0,7.025477779255647,0.0,0.400833333,0.0,0.085,0.0
2025-11-29 21:00:00,0.8549248248089145,0.0,6.170552954446732,0.0,0.380833333,0.0,0.088,0.0
2025-11-29 22:00:00,1.1994467691348951,0.0,4.971106185311837,0.0,0.380833333,0.0,0.088,0.0
2025-11-29 23:00:00,0.8523728104065,0.0,4.118733374905337,0.0,0.380833333,0.0,0.086,0.0
2025-11-30 00:00:00,1.0105977033562097,0.0,3.1081356715491273,0.0,0.370833333,0.0,0.087,0.0
2025-11-30 01:00:00,0.9876295737344774,0.0,2.12050609781465,0.0,0.370833333,0.0,0.086,0.0
2025-11-30 02:00:00,0.9799735305272336,0.0,1.1405325672874165,0.0,0.370833333,0.0,0.084,0.0
2025-11-30 03:00:00,1.1075742506479669,0.0,0.0329583166394495,0.0,0.370833333,0.0,0.083,0.0
2025-11-30 04:00:00,1.122886337062455,0.0,0.0,1.0899280204230055,0.370833333,0.0,0.086,0.4041816405435552
2025-11-30 05:00:00,1.1866866971228216,0.0,0.0,1.1866866971228216,0.370833333,0.0,0.087,0.44006298312081743
2025-11-30 06:00:00,1.255591085988018,0.0,0.0,1.255591085988018,0.370833333,0.0,0.083,0.46561502730202625
2025-11-30 07:00:00,1.2147588555493831,0.47288,0.0,0.7418788555493832,0.370833333,0.0,0.072,0.2751134086856033
2025-11-30 08:00:00,1.2122068411469684,1.404078,0.1918711588530315,0.0,0.370833333,0.0,0.064,0.0
2025-11-30 09:00:00,0.6992519462616196,4.3175360000000005,3.810155212591413,0.0,0.370833333,0.0,0.061,0.0
2025-11-30 10:00:00,2.889515326957788,5.23816,6.158799885633624,0.0,0.370833333,0.0,0.061,0.0
2025-11-30 11:00:00,3.242914313945689,5.6456,8.561485571687935,0.0,0.370833333,0.0,0.06,0.0
2025-11-30 12:00:00,3.758421223233453,5.612402,10.415466348454483,0.0,0.370833333,0.0,0.06,0.0
2025-11-30 13:00:00,3.0055769745211247,5.127665,12.53755437393336,0.0,0.370833333,0.0,0.058,0.0
2025-11-30 14:00:00,2.7312904340080792,4.185503,13.5,0.0,0.370833333,1.4542125659919205,0.058,-0.08434432882753139
2025-11-30 15:00:00,0.4823307220563727,2.716265,13.5,0.0,0.380833333,2.2339342779436273,0.064,-0.14297179378839214
2025-11-30 16:00:00,0.6482116582133262,0.4647099999999999,13.316498341786671,0.0,0.400833333,0.0,0.09,0.0
2025-11-30 17:00:00,1.8090020386521,0.0,11.507496303134571,0.0,0.400833333,0.0,0.095,0.0
2025-11-30 18:00:00,3.1539136287246317,0.0,8.353582674409942,0.0,0.400833333,0.0,0.088,0.0
2025-11-30 19:00:00,1.2836632444145792,0.0,7.069919429995363,0.0,0.400833333,0.0,0.085,0.0
2025-11-30 20:00:00,1.1203343226600406,0.0,5.949585107335323,0.0,0.400833333,0.0,0.085,0.0
2025-11-30 21:00:00,1.2096548267445535,0.0,4.7399302805907695,0.0,0.380833333,0.0,0.088,0.0
2025-11-30 22:00:00,1.2300709419638711,0.0,3.5098593386268986,0.0,0.380833333,0.0,0.088,0.0
2025-11-30 23:00:00,1.2913192876218231,0.0,2.2185400510050757,0.0,0.380833333,0.0,0.086,0.0
2025-11-30 23:59:59,0.1,0.0,2.2185400510050757,0.1,150.0,0.0,0.0,15.0
2025-12-01 00:00:00,1.5953504784789492,0.0,0.6231895725261265,0.0,0.37016129,0.0,0.089,0.0
2025-12-01 01:00:00,1.5482826848592284,0.0,0.0,0.9250931123331019,0.37016129,0.0,0.085,0.3424336598313359
2025-12-01 02:00:00,1.6399410198028948,0.0,0.0,1.6399410198028948,0.37016129,0.0,0.082,0.607042683414155
2025-12-01 03:00:00,1.649850028985994,0.0,0.0,1.649850028985994,0.37016129,0.0,0.082,0.6107106150359929
2025-12-01 04:00:00,1.7514173731127594,0.0,0.0,1.7514173731127594,0.37016129,0.0,0.085,0.6483069141598303
2025-12-01 05:00:00,1.5903959738873996,0.0,0.0,1.5903959738873996,0.37016129,0.0,0.089,0.5887030253049661
2025-12-01 06:00:00,1.8529847172395248,0.0,0.0,1.8529847172395248,0.37016129,0.0,0.09,0.6859032132836678
2025-12-01 07:00:00,1.766280886887408,0.52571,0.0,1.240570886887408,0.37016129,0.0,0.083,0.45921131982668695
2025-12-01 08:00:00,0.9562193861690595,2.8973069999999996,1.94108761383094,0.0,0.37016129,0.0,0.074,0.0
2025-12-01 09:00:00,0.411223881098611,4.32508,5.854943732732329,0.0,0.37016129,0.0,0.069,0.0
2025-12-01 10:00:00,0.411223881098611,5.26009,10.703809851633718,0.0,0.37016129,0.0,0.069,0.0
2025-12-01 11:00:00,0.4528091575594098,5.644708,13.5,0.0,0.37016129,5.191898842440589,0.063,-0.32708962707375716
2025-12-01 12:00:00,0.5345584833199772,5.622116,13.5,0.0,0.37016129,5.087557516680023,0.063,-0.3205161235508414
2025-12-01 13:00:00,0.6534665935171661,5.138979,13.5,0.0,0.37016129,4.485512406482834,0.061,-0.2736162567954529
2025-12-01 14:00:00,1.1742175881972388,4.286058,13.5,0.0,0.37016129,3.1118404118027607,0.062,-0.19293410553177115
2025-12-01 15:00:00,0.8571292943380688,2.8705770000000004,13.5,0.0,0.38016129,2.0134477056619318,0.069,-0.1389278916906733
2025-12-01 16:00:00,0.3170882938591698,0.516057,13.5,0.0,0.40016129,0.19896870614083018,0.091,-0.018106152258815546
2025-12-01 17:00:00,1.2532149805652202,0.0,12.24678501943478,0.0,0.40016129,0.0,0.095,0.0
2025-12-01 18:00:00,2.021163192255398,0.0,10.22562182717938,0.0,0.40016129,0.0,0.091,0.0
2025-12-01 19:00:00,0.6292220831267904,0.0,9.59639974405259,0.0,0.40016129,0.0,0.089,0.0
2025-12-01 20:00:00,0.7134486611831324,0.0,8.882951082869457,0.0,0.40016129,0.0,0.088,0.0
2025-12-01 21:00:00,1.005764432084555,0.0,7.877186650784902,0.0,0.38016129,0.0,0.09,0.0
2025-12-01 22:00:00,1.0875137578451222,0.0,6.78967289293978,0.0,0.38016129,0.0,0.09,0.0
2025-12-01 23:00:00,1.0627412348873746,0.0,5.726931658052406,0.0,0.38016129,0.0,0.091,0.0
2025-12-02 00:00:00,1.2088991203380857,0.0,4.51803253771432,0.0,0.37016129,0.0,0.089,0.0
2025-12-02 01:00:00,1.3228527259437248,0.0,3.195179811770595,0.0,0.37016129,0.0,0.085,0.0
2025-12-02 02:00:00,1.1543995698310408,0.0,2.0407802419395544,0.0,0.37016129,0.0,0.082,0.0
2025-12-02 03:00:00,1.2386261478873828,0.0,0.8021540940521716,0.0,0.37016129,0.0,0.082,0.0
2025-12-02 04:00:00,1.3401934920141485,0.0,0.0,0.5380393979619769,0.37016129,0.0,0.085,0.19916135762042872
2025-12-02 05:00:00,1.2534896616620312,0.0,0.0,1.2534896616620312,0.37016129,0.0,0.089,0.463993350162481
2025-12-02 06:00:00,1.4615788545071118,0.0,0.0,1.4615788545071118,0.37016129,0.0,0.09,0.5410199142210748
2025-12-02 07:00:00,1.416988313183166,0.58082,0.0,0.836168313183166,0.37016129,0.0,0.083,0.3095171414650047
2025-12-02 08:00:00,0.6936306428169343,3.112239,2.418608357183066,0.0,0.37016129,0.0,0.074,0.0
2025-12-02 09:00:00,0.485541449971854,4.653487,6.586553907211212,0.0,0.37016129,0.0,0.069,0.0
2025-12-02 10:00:00,0.2378162203943774,5.526212,11.874949686816835,0.0,0.37016129,0.0,0.069,0.0
2025-12-02 11:00:00,0.4899679419960313,5.75,13.5,0.0,0.37016129,5.260032058003969,0.063,-0.33138201965425
2025-12-02 12:00:00,0.4503319052636352,5.75,13.5,0.0,0.37016129,5.299668094736365,0.063,-0.333879089968391
2025-12-02 13:00:00,0.4329911391932117,5.381662,13.5,0.0,0.37016129,4.948670860806788,0.061,-0.3018689225092141
2025-12-02 14:00:00,0.1486351377464856,4.427582,13.5,0.0,0.37016129,4.278946862253514,0.062,-0.2652947054597179
2025-12-02 15:00:00,0.1511123900422604,2.911962,13.5,0.0,0.38016129,2.7608496099577398,0.069,-0.19049862308708407
2025-12-02 16:00:00,0.1932256790704316,0.510487,13.5,0.0,0.40016129,0.31726132092956844,0.091,-0.02887078020459073
2025-12-02 17:00:00,1.2705557466356434,0.0,12.229444253364356,0.0,0.40016129,0.0,0.095,0.0
2025-12-02 18:00:00,2.3209107200441443,0.0,9.908533533320211,0.0,0.40016129,0.0,0.091,0.0
2025-12-02 19:00:00,0.5425182527746735,0.0,9.366015280545538,0.0,0.40016129,0.0,0.089,0.0
2025-12-02 20:00:00,0.9438331246901857,0.0,8.422182155855353,0.0,0.40016129,0.0,0.088,0.0
2025-12-02 21:00:00,0.931446863211312,0.0,7.490735292644041,0.0,0.38016129,0.0,0.09,0.0
2025-12-02 22:00:00,1.0305369550423027,0.0,6.460198337601739,0.0,0.38016129,0.0,0.09,0.0
2025-12-02 23:00:00,0.9215378540282128,0.0,5.538660483573526,0.0,0.38016129,0.0,0.091,0.0
2025-12-03 00:00:00,1.1573722725859703,0.0,4.381288210987556,0.0,0.37016129,0.0,0.089,0.0
2025-12-03 01:00:00,1.1078272266704752,0.0,3.2734609843170808,0.0,0.37016129,0.0,0.085,0.0
2025-12-03 02:00:00,1.2742985809465392,0.0,1.9991624033705415,0.0,0.37016129,0.0,0.082,0.0
2025-12-03 03:00:00,1.224753535031044,0.0,0.7744088683394976,0.0,0.37016129,0.0,0.082,0.0
2025-12-03 04:00:00,1.2188081295211846,0.0,0.0,0.44439926118168693,0.37016129,0.0,0.085,0.16449940379406014
2025-12-03 05:00:00,1.248535157070482,0.0,0.0,1.248535157070482,0.37016129,0.0,0.089,0.4621593843515622
2025-12-03 06:00:00,1.343661645228233,0.0,0.0,1.343661645228233,0.37016129,0.0,0.09,0.49737152792120504
2025-12-03 07:00:00,1.1970083093183668,0.5049049999999999,0.0,0.6921033093183668,0.37016129,0.0,0.083,0.25618985379055564
2025-12-03 08:00:00,0.8640656007662383,2.9564589999999997,2.0923933992337616,0.0,0.37016129,0.0,0.074,0.0
2025-12-03 09:00:00,0.7867753291380655,4.487874,5.793492070095695,0.0,0.37016129,0.0,0.069,0.0
2025-12-03 10:00:00,2.846977306907068,5.376503,8.323017763188627,0.0,0.37016129,0.0,0.069,0.0
2025-12-03 11:00:00,3.3126012423408744,5.743064,10.753480520847752,0.0,0.37016129,0.0,0.063,0.0
2025-12-03 12:00:00,3.0906394366394556,5.595569,13.258410084208297,0.0,0.37016129,0.0,0.063,0.0
2025-12-03 13:00:00,3.025239976031002,5.137907,13.5,0.0,0.37016129,2.1126670239689984,0.061,-0.1288726884621089
2025-12-03 14:00:00,2.5754704552901537,4.215796,13.5,0.0,0.37016129,1.6403255447098464,0.062,-0.10170018377201047
2025-12-03 15:00:00,0.4637416297690361,2.8097109999999996,13.5,0.0,0.38016129,2.3459693702309634,0.069,-0.16187188654593648
2025-12-03 16:00:00,0.6103949656789022,0.499697,13.389302034321098,0.0,0.40016129,0.0,0.091,0.0
2025-12-03 17:00:00,2.0459393083383643,0.0,11.343362725982733,0.0,0.40016129,0.0,0.095,0.0
2025-12-03 18:00:00,2.9773861715496768,0.0,8.365976554433056,0.0,0.40016129,0.0,0.091,0.0
2025-12-03 19:00:00,0.5628317216000266,0.0,7.803144832833029,0.0,0.40016129,0.0,0.089,0.0
2025-12-03 20:00:00,0.4221237912000199,0.0,7.381021041633009,0.0,0.40016129,0.0,0.088,0.0
2025-12-03 21:00:00,0.505359468338052,0.0,6.875661573294956,0.0,0.38016129,0.0,0.09,0.0
2025-12-03 22:00:00,0.7015578501634135,0.0,6.174103723131543,0.0,0.38016129,0.0,0.09,0.0
2025-12-03 23:00:00,1.048373171571881,0.0,5.125730551559662,0.0,0.38016129,0.0,0.091,0.0
2025-12-04 00:00:00,1.0325187568789225,0.0,4.093211794680739,0.0,0.37016129,0.0,0.089,0.0
2025-12-04 01:00:00,1.2088991203380854,0.0,2.8843126743426537,0.0,0.37016129,0.0,0.085,0.0
2025-12-04 02:00:00,1.1058454248338554,0.0,1.7784672495087983,0.0,0.37016129,0.0,0.082,0.0
2025-12-04 03:00:00,1.1216998395268138,0.0,0.6567674099819845,0.0,0.37016129,0.0,0.082,0.0
2025-12-04 04:00:00,1.1296270468732932,0.0,0.0,0.4728596368913087,0.37016129,0.0,0.085,0.17503433318061842
2025-12-04 05:00:00,1.3218618250254148,0.0,0.0,1.3218618250254148,0.37016129,0.0,0.089,0.4893020783531618
2025-12-04 06:00:00,1.2247535350310443,0.0,0.0,1.2247535350310443,0.37016129,0.0,0.09,0.4533563484591515
2025-12-04 07:00:00,1.26637137360006,0.503339,0.0,0.7630323736000599,0.37016129,0.0,0.083,0.2824450477235601
2025-12-04 08:00:00,0.6103949656789021,2.941587,2.331192034321098,0.0,0.37016129,0.0,0.074,0.0
2025-12-04 09:00:00,0.4558144224225568,4.455433,6.330810611898542,0.0,0.37016129,0.0,0.069,0.0
2025-12-04 10:00:00,0.4795960444619944,5.373845,11.22505956743655,0.0,0.37016129,0.0,0.069,0.0
2025-12-04 11:00:00,1.0083891973556534,5.736797999999999,13.5,0.0,0.37016129,4.728408802644346,0.063,-0.2978897545665938
2025-12-04 12:00:00,1.0282072157218514,5.68162,13.5,0.0,0.37016129,4.6534127842781485,0.063,-0.29316500540952334
2025-12-04 13:00:00,0.7349005439021192,5.205385000000001,13.5,0.0,0.37016129,4.470484456097881,0.061,-0.27269955182197075
2025-12-04 14:00:00,0.2338526167211377,4.347569999999999,13.5,0.0,0.37016129,4.113717383278861,0.062,-0.25505047776328943
2025-12-04 15:00:00,0.2853794644732529,2.892154,13.5,0.0,0.38016129,2.606774535526747,0.069,-0.17986744295134557
2025-12-04 16:00:00,0.4597780260957963,0.513193,13.5,0.0,0.40016129,0.05341497390420369,0.091,-0.004860762625282535
2025-12-04 17:00:00,1.7245009765720831,0.0,11.775499023427916,0.0,0.40016129,0.0,0.095,0.0
2025-12-04 18:00:00,2.877909645484814,0.0,8.897589377943103,0.0,0.40016129,0.0,0.091,0.0
2025-12-04 19:00:00,0.5925587491493239,0.0,8.305030628793778,0.0,0.40016129,0.0,0.089,0.0
2025-12-04 20:00:00,0.4439236114028378,0.0,7.861107017390941,0.0,0.40016129,0.0,0.088,0.0
2025-12-04 21:00:00,0.4815778462986143,0.0,7.379529171092327,0.0,0.38016129,0.0,0.09,0.0
2025-12-04 22:00:00,0.6421037950648191,0.0,6.737425376027508,0.0,0.38016129,0.0,0.09,0.0
2025-12-04 23:00:00,0.6817398317972154,0.0,6.055685544230292,0.0,0.38016129,0.0,0.091,0.0
2025-12-05 00:00:00,0.5925587491493238,0.0,5.463126795080969,0.0,0.37016129,0.0,0.089,0.0
2025-12-05 01:00:00,0.7927207346479249,0.0,4.670406060433044,0.0,0.37016129,0.0,0.085,0.0
2025-12-05 02:00:00,0.6064313620056625,0.0,4.063974698427382,0.0,0.37016129,0.0,0.082,0.0
2025-12-05 03:00:00,0.8145205548507428,0.0,3.249454143576638,0.0,0.37016129,0.0,0.082,0.0
2025-12-05 04:00:00,0.8085751493408835,0.0,2.440878994235755,0.0,0.37016129,0.0,0.085,0.0
2025-12-05 05:00:00,0.8283931677070815,0.0,1.6124858265286737,0.0,0.37016129,0.0,0.089,0.0
2025-12-05 06:00:00,0.919556052191593,0.0,0.6929297743370807,0.0,0.37016129,0.0,0.09,0.0
2025-12-05 07:00:00,1.0483731715718807,0.530466,0.1750226027651999,0.0,0.37016129,0.0,0.083,0.0
2025-12-05 08:00:00,1.034500558715542,3.001892,2.1424140440496577,0.0,0.37016129,0.0,0.074,0.0
2025-12-05 09:00:00,0.6579582097577776,4.504491,5.98894683429188,0.0,0.37016129,0.0,0.069,0.0
2025-12-05 10:00:00,2.9163403711887614,5.347312,8.41991846310312,0.0,0.37016129,0.0,0.069,0.0
2025-12-05 11:00:00,3.653941093352681,5.749020000000001,10.51499736975044,0.0,0.37016129,0.0,0.063,0.0
2025-12-05 12:00:00,3.0316553166540596,5.700556,13.18389805309638,0.0,0.37016129,0.0,0.063,0.0
2025-12-05 13:00:00,3.101018380935753,5.225497000000001,13.5,0.0,0.37016129,2.1244786190642477,0.061,-0.1295931957629191
2025-12-05 14:00:00,2.7062693765070613,4.335501,13.5,0.0,0.37016129,1.6292316234929385,0.062,-0.10101236065656219
2025-12-05 15:00:00,0.4260873948732596,2.912578,13.5,0.0,0.38016129,2.48649060512674,0.069,-0.1715678517537451
2025-12-05 16:00:00,0.537068297723969,0.5294439999999999,13.49237570227603,0.0,0.40016129,0.0,0.091,0.0
2025-12-05 17:00:00,2.3867994272783455,0.0,11.105576274997684,0.0,0.40016129,0.0,0.095,0.0
2025-12-05 18:00:00,2.751450965216391,0.0,8.354125309781294,0.0,0.40016129,0.0,0.091,0.0
2025-12-05 19:00:00,1.046391369735261,0.0,7.307733940046033,0.0,0.40016129,0.0,0.089,0.0
2025-12-05 20:00:00,0.6024677583324228,0.0,6.70526618171361,0.0,0.40016129,0.0,0.088,0.0
2025-12-05 21:00:00,0.7193940666929919,0.0,5.9858721150206184,0.0,0.38016129,0.0,0.09,0.0
2025-12-05 22:00:00,0.6658854171042569,0.0,5.319986697916361,0.0,0.38016129,0.0,0.09,0.0
2025-12-05 23:00:00,0.9056834393352544,0.0,4.414303258581107,0.0,0.38016129,0.0,0.091,0.0
2025-12-06 00:00:00,0.876947312704267,0.0,3.53735594587684,0.0,0.37016129,0.0,0.089,0.0
2025-12-06 01:00:00,1.089991010140897,0.0,2.4473649357359433,0.0,0.37016129,0.0,0.085,0.0
2025-12-06 02:00:00,1.1172407853944193,0.0,1.330124150341524,0.0,0.37016129,0.0,0.082,0.0
2025-12-06 03:00:00,1.2262398864085091,0.0,0.1038842639330148,0.0,0.37016129,0.0,0.082,0.0
2025-12-06 04:00:00,1.174217588197239,0.0,0.0,1.0703333242642241,0.37016129,0.0,0.085,0.3961959640396335
2025-12-06 05:00:00,1.26835317543668,0.0,0.0,1.26835317543668,0.37016129,0.0,0.089,0.4694952475952377
2025-12-06 06:00:00,1.3030347075775266,0.0,0.0,1.3030347075775266,0.37016129,0.0,0.09,0.48233300827166997
2025-12-06 07:00:00,1.2336716432958332,0.449324,0.0,0.7843476432958332,0.37016129,0.0,0.083,0.29033513545084544
2025-12-06 08:00:00,1.0701729917746987,2.88113,1.8109570082253017,0.0,0.37016129,0.0,0.074,0.0
2025-12-06 09:00:00,1.1370588037606175,4.409992,5.083890204464684,0.0,0.37016129,0.0,0.069,0.0
2025-12-06 10:00:00,2.911881317056367,5.330617,7.502625887408317,0.0,0.37016129,0.0,0.069,0.0
2025-12-06 11:00:00,3.145608922259699,5.669899,10.026915965148618,0.0,0.37016129,0.0,0.063,0.0
2025-12-06 12:00:00,2.729430536569538,5.601119,12.89860442857908,0.0,0.37016129,0.0,0.063,0.0
2025-12-06 13:00:00,2.8037481054427813,5.154017,13.5,0.0,0.37016129,2.3502688945572183,0.061,-0.14336640256799033
2025-12-06 14:00:00,2.4709304084084587,4.246341,13.5,0.0,0.37016129,1.7754105915915415,0.062,-0.11007545667867558
2025-12-06 15:00:00,0.1783621652957829,2.830799,13.5,0.0,0.38016129,2.652436834704217,0.069,-0.18301814159459098
2025-12-06 16:00:00,0.6738126244507361,0.494711,13.320898375549264,0.0,0.40016129,0.0,0.091,0.0
2025-12-06 17:00:00,2.210914514278337,0.0,11.109983861270926,0.0,0.40016129,0.0,0.095,0.0
2025-12-06 18:00:00,2.3892766795741203,0.0,8.720707181696806,0.0,0.40016129,0.0,0.091,0.0
2025-12-06 19:00:00,0.4904959545634034,0.0,8.230211227133402,0.0,0.40016129,0.0,0.089,0.0
2025-12-06 20:00:00,0.5449955050704482,0.0,7.685215722062955,0.0,0.40016129,0.0,0.088,0.0
2025-12-06 21:00:00,0.8298795190845464,0.0,6.855336202978409,0.0,0.38016129,0.0,0.09,0.0
2025-12-06 22:00:00,1.16430857901414,0.0,5.691027623964269,0.0,0.38016129,0.0,0.09,0.0
2025-12-06 23:00:00,0.8274022667887718,0.0,4.863625357175497,0.0,0.38016129,0.0,0.091,0.0
2025-12-07 00:00:00,0.9809919091268072,0.0,3.88263344804869,0.0,0.37016129,0.0,0.089,0.0
2025-12-07 01:00:00,0.958696638464834,0.0,2.923936809583856,0.0,0.37016129,0.0,0.085,0.0
2025-12-07 02:00:00,0.95126488157751,0.0,1.9726719280063456,0.0,0.37016129,0.0,0.082,0.0
2025-12-07 03:00:00,1.0751274963662485,0.0,0.8975444316400973,0.0,0.37016129,0.0,0.082,0.0
2025-12-07 04:00:00,1.089991010140897,0.0,0.0,0.1924465785007996,0.37016129,0.0,0.085,0.07123627375394224
2025-12-07 05:00:00,1.151922317535266,0.0,0.0,1.151922317535266,0.37016129,0.0,0.089,0.42639705103864367
2025-12-07 06:00:00,1.2188081295211848,0.0,0.0,1.2188081295211848,0.37016129,0.0,0.09,0.45115558948604884
2025-12-07 07:00:00,1.1791720927887883,0.3663039999999999,0.0,0.8128680927887884,0.37016129,0.0,0.083,0.3008923018265376
2025-12-07 08:00:00,1.1766948404930138,2.8861350000000003,1.7094401595069866,0.0,0.37016129,0.0,0.074,0.0
2025-12-07 09:00:00,0.6787671290422856,4.445465,5.476138030464702,0.0,0.37016129,0.0,0.069,0.0
2025-12-07 10:00:00,2.87224528032397,5.363345000000001,7.9672377501407325,0.0,0.37016129,0.0,0.069,0.0
2025-12-07 11:00:00,3.219153692445021,5.645761,10.393845057695712,0.0,0.37016129,0.0,0.063,0.0
2025-12-07 12:00:00,3.719558656191523,5.554286,12.22857240150419,0.0,0.37016129,0.0,0.063,0.0
2025-12-07 13:00:00,2.9887692289379677,5.141427999999999,13.5,0.0,0.37016129,2.1526587710620317,0.061,-0.13131218503478392
2025-12-07 14:00:00,2.7186556379859352,4.247917,13.5,0.0,0.37016129,1.529261362014065,0.062,-0.09481420444487203
2025-12-07 15:00:00,0.4682006839014306,2.823123,13.5,0.0,0.38016129,2.3549223160985693,0.069,-0.1624896398108013
2025-12-07 16:00:00,0.6292220831267904,0.487971,13.358748916873209,0.0,0.40016129,0.0,0.091,0.0
2025-12-07 17:00:00,1.7669722913752768,0.0,11.591776625497932,0.0,0.40016129,0.0,0.095,0.0
2025-12-07 18:00:00,3.0724842512485786,0.0,8.519292374249353,0.0,0.40016129,0.0,0.091,0.0
2025-12-07 19:00:00,1.2460579047747071,0.0,7.273234469474646,0.0,0.40016129,0.0,0.089,0.0
2025-12-07 20:00:00,1.0875137578451222,0.0,6.185720711629524,0.0,0.40016129,0.0,0.088,0.0
2025-12-07 21:00:00,1.174217588197239,0.0,5.011503123432285,0.0,0.38016129,0.0,0.09,0.0
2025-12-07 22:00:00,1.194035606563437,0.0,3.817467516868848,0.0,0.38016129,0.0,0.09,0.0
2025-12-07 23:00:00,1.2534896616620317,0.0,2.563977855206816,0.0,0.38016129,0.0,0.091,0.0
2025-12-08 00:00:00,1.5953504784789492,0.0,0.9686273767278668,0.0,0.37016129,0.0,0.089,0.0
2025-12-08 01:00:00,1.5482826848592284,0.0,0.0,0.5796553081313616,0.37016129,0.0,0.085,0.21456595661325228
2025-12-08 02:00:00,1.6399410198028948,0.0,0.0,1.6399410198028948,0.37016129,0.0,0.082,0.607042683414155
2025-12-08 03:00:00,1.649850028985994,0.0,0.0,1.649850028985994,0.37016129,0.0,0.082,0.6107106150359929
2025-12-08 04:00:00,1.7514173731127594,0.0,0.0,1.7514173731127594,0.37016129,0.0,0.085,0.6483069141598303
2025-12-08 05:00:00,1.5903959738873996,0.0,0.0,1.5903959738873996,0.37016129,0.0,0.089,0.5887030253049661
2025-12-08 06:00:00,1.8529847172395248,0.0,0.0,1.8529847172395248,0.37016129,0.0,0.09,0.6859032132836678
2025-12-08 07:00:00,1.766280886887408,0.001432,0.0,1.764848886887408,0.37016129,0.0,0.083,0.653278740625307
2025-12-08 08:00:00,0.9562193861690595,0.377149,0.0,0.5790703861690596,0.37016129,0.0,0.074,0.21434944114513724
2025-12-08 09:00:00,0.411223881098611,0.3924959999999999,0.0,0.01872788109861112,0.37016129,0.0,0.069,0.00693233662642851
2025-12-08 10:00:00,0.411223881098611,3.0174879999999997,2.6062641189013886,0.0,0.37016129,0.0,0.069,0.0
2025-12-08 11:00:00,0.4528091575594098,1.650802,3.804256961341979,0.0,0.37016129,0.0,0.063,0.0
2025-12-08 12:00:00,0.5345584833199772,0.971746,4.241444478022002,0.0,0.37016129,0.0,0.063,0.0
2025-12-08 13:00:00,0.6534665935171661,0.140156,3.728133884504836,0.0,0.37016129,0.0,0.061,0.0
2025-12-08 14:00:00,1.1742175881972388,0.356914,2.910830296307598,0.0,0.37016129,0.0,0.062,0.0
2025-12-08 15:00:00,0.8571292943380688,0.114711,2.1684120019695285,0.0,0.38016129,0.0,0.069,0.0
2025-12-08 16:00:00,0.3170882938591698,0.0,1.8513237081103584,0.0,0.40016129,0.0,0.091,0.0
2025-12-08 17:00:00,1.2532149805652202,0.0,0.5981087275451384,0.0,0.40016129,0.0,0.095,0.0
2025-12-08 18:00:00,2.021163192255398,0.0,0.0,1.4230544647102594,0.40016129,0.0,0.091,0.5694513103387169
2025-12-08 19:00:00,0.6292220831267904,0.0,0.0,0.6292220831267904,0.40016129,0.0,0.089,0.2517903204805037
2025-12-08 20:00:00,0.7134486611831324,0.0,0.0,0.7134486611831324,0.40016129,0.0,0.088,0.2854945366078152
2025-12-08 21:00:00,1.005764432084555,0.0,0.0,1.005764432084555,0.38016129,0.0,0.09,0.38235270393738174
2025-12-08 22:00:00,1.0875137578451222,0.0,0.0,1.0875137578451222,0.38016129,0.0,0.09,0.41343063307514927
2025-12-08 23:00:00,1.0627412348873746,0.0,0.0,1.0627412348873746,0.38016129,0.0,0.091,0.4040130787909773
2025-12-09 00:00:00,1.2088991203380857,0.0,0.0,1.2088991203380857,0.37016129,0.0,0.089,0.447487657864211
2025-12-09 01:00:00,1.3228527259437248,0.0,0.0,1.3228527259437248,0.37016129,0.0,0.085,0.4896688715153456
2025-12-09 02:00:00,1.1543995698310408,0.0,0.0,1.1543995698310408,0.37016129,0.0,0.082,0.4273140339441031
2025-12-09 03:00:00,1.2386261478873828,0.0,0.0,1.2386261478873828,0.37016129,0.0,0.082,0.45849145272972436
2025-12-09 04:00:00,1.3401934920141485,0.0,0.0,1.3401934920141485,0.37016129,0.0,0.085,0.49608775185356185
2025-12-09 05:00:00,1.2534896616620312,0.0,0.0,1.2534896616620312,0.37016129,0.0,0.089,0.463993350162481
2025-12-09 06:00:00,1.4615788545071118,0.0,0.0,1.4615788545071118,0.37016129,0.0,0.09,0.5410199142210748
2025-12-09 07:00:00,1.416988313183166,0.099495,0.0,1.3174933131831659,0.37016129,0.0,0.083,0.48768502437425465
2025-12-09 08:00:00,0.6936306428169343,0.433405,0.0,0.26022564281693433,0.37016129,0.0,0.074,0.09632545963619564
2025-12-09 09:00:00,0.485541449971854,3.974182,3.488640550028146,0.0,0.37016129,0.0,0.069,0.0
2025-12-09 10:00:00,0.2378162203943774,0.099187,3.350011329633769,0.0,0.37016129,0.0,0.069,0.0
2025-12-09 11:00:00,0.4899679419960313,0.063498,2.923541387637737,0.0,0.37016129,0.0,0.063,0.0
2025-12-09 12:00:00,0.4503319052636352,5.602247,8.075456482374102,0.0,0.37016129,0.0,0.063,0.0
2025-12-09 13:00:00,0.4329911391932117,1.456596,9.09906134318089,0.0,0.37016129,0.0,0.061,0.0
2025-12-09 14:00:00,0.1486351377464856,1.252965,10.203391205434404,0.0,0.37016129,0.0,0.062,0.0
2025-12-09 15:00:00,0.1511123900422604,0.009602,10.061880815392144,0.0,0.38016129,0.0,0.069,0.0
2025-12-09 16:00:00,0.1932256790704316,0.0,9.868655136321712,0.0,0.40016129,0.0,0.091,0.0
2025-12-09 17:00:00,1.2705557466356434,0.0,8.59809938968607,0.0,0.40016129,0.0,0.095,0.0
2025-12-09 18:00:00,2.3209107200441443,0.0,6.277188669641925,0.0,0.40016129,0.0,0.091,0.0
2025-12-09 19:00:00,0.5425182527746735,0.0,5.734670416867251,0.0,0.40016129,0.0,0.089,0.0
2025-12-09 20:00:00,0.9438331246901857,0.0,4.790837292177065,0.0,0.40016129,0.0,0.088,0.0
2025-12-09 21:00:00,0.931446863211312,0.0,3.8593904289657535,0.0,0.38016129,0.0,0.09,0.0
2025-12-09 22:00:00,1.0305369550423027,0.0,2.8288534739234508,0.0,0.38016129,0.0,0.09,0.0
2025-12-09 23:00:00,0.9215378540282128,0.0,1.907315619895238,0.0,0.38016129,0.0,0.091,0.0
2025-12-10 00:00:00,1.1573722725859703,0.0,0.7499433473092676,0.0,0.37016129,0.0,0.089,0.0
2025-12-10 01:00:00,1.1078272266704752,0.0,0.0,0.3578838793612076,0.37016129,0.0,0.085,0.13247475845454895
2025-12-10 02:00:00,1.2742985809465392,0.0,0.0,1.2742985809465392,0.37016129,0.0,0.082,0.4716960065683404
2025-12-10 03:00:00,1.224753535031044,0.0,0.0,1.224753535031044,0.37016129,0.0,0.082,0.45335634845915135
2025-12-10 04:00:00,1.2188081295211846,0.0,0.0,1.2188081295211846,0.37016129,0.0,0.085,0.4511555894860487
2025-12-10 05:00:00,1.248535157070482,0.0,0.0,1.248535157070482,0.37016129,0.0,0.089,0.4621593843515622
2025-12-10 06:00:00,1.343661645228233,0.0,0.0,1.343661645228233,0.37016129,0.0,0.09,0.49737152792120504
2025-12-10 07:00:00,1.1970083093183668,0.0,0.0,1.1970083093183668,0.37016129,0.0,0.083,0.44308613991800566
2025-12-10 08:00:00,0.8640656007662383,0.0,0.0,0.8640656007662383,0.37016129,0.0,0.074,0.31984363742425576
2025-12-10 09:00:00,0.7867753291380655,0.091039,0.0,0.6957363291380655,0.37016129,0.0,0.069,0.2575346570936109
2025-12-10 10:00:00,2.846977306907068,4.553194,1.7062166930929323,0.0,0.37016129,0.0,0.069,0.0
2025-12-10 11:00:00,3.3126012423408744,5.1727229999999995,3.5663384507520575,0.0,0.37016129,0.0,0.063,0.0
2025-12-10 12:00:00,3.0906394366394556,3.646251,4.121950014112603,0.0,0.37016129,0.0,0.063,0.0
2025-12-10 13:00:00,3.025239976031002,4.068785,5.165495038081601,0.0,0.37016129,0.0,0.061,0.0
2025-12-10 14:00:00,2.5754704552901537,2.736638,5.326662582791448,0.0,0.37016129,0.0,0.062,0.0
2025-12-10 15:00:00,0.4637416297690361,2.1095949999999997,6.972515953022411,0.0,0.38016129,0.0,0.069,0.0
2025-12-10 16:00:00,0.6103949656789022,0.060391,6.422511987343508,0.0,0.40016129,0.0,0.091,0.0
2025-12-10 17:00:00,2.0459393083383643,0.0,4.376572679005144,0.0,0.40016129,0.0,0.095,0.0
2025-12-10 18:00:00,2.9773861715496768,0.0,1.3991865074554672,0.0,0.40016129,0.0,0.091,0.0
2025-12-10 19:00:00,0.5628317216000266,0.0,0.8363547858554407,0.0,0.40016129,0.0,0.089,0.0
2025-12-10 20:00:00,0.4221237912000199,0.0,0.4142309946554207,0.0,0.40016129,0.0,0.088,0.0
2025-12-10 21:00:00,0.505359468338052,0.0,0.0,0.09112847368263133,0.38016129,0.0,0.09,0.034643518110920174
2025-12-10 22:00:00,0.7015578501634135,0.0,0.0,0.7015578501634135,0.38016129,0.0,0.09,0.26670513732775
2025-12-10 23:00:00,1.048373171571881,0.0,0.0,1.048373171571881,0.38016129,0.0,0.091,0.39855089730615756
2025-12-11 00:00:00,1.0325187568789225,0.0,0.0,1.0325187568789225,0.37016129,0.0,0.089,0.3821984749954983
2025-12-11 01:00:00,1.2088991203380854,0.0,0.0,1.2088991203380854,0.37016129,0.0,0.085,0.4474876578642109
2025-12-11 02:00:00,1.1058454248338554,0.0,0.0,1.1058454248338554,0.37016129,0.0,0.082,0.40934116899709794
2025-12-11 03:00:00,1.1216998395268138,0.0,0.0,1.1216998395268138,0.37016129,0.0,0.082,0.4152098595920384
2025-12-11 04:00:00,1.1296270468732932,0.0,0.0,1.1296270468732932,0.37016129,0.0,0.085,0.41814420488950865
2025-12-11 05:00:00,1.3218618250254148,0.0,0.0,1.3218618250254148,0.37016129,0.0,0.089,0.4893020783531618
2025-12-11 06:00:00,1.2247535350310443,0.0,0.0,1.2247535350310443,0.37016129,0.0,0.09,0.4533563484591515
2025-12-11 07:00:00,1.26637137360006,0.0,0.0,1.26637137360006,0.37016129,0.0,0.083,0.4687616612708701
2025-12-11 08:00:00,0.6103949656789021,0.024802,0.0,0.5855929656789021,0.37016129,0.0,0.074,0.2167638475906281
2025-12-11 09:00:00,0.4558144224225568,0.309362,0.0,0.1464524224225568,0.37016129,0.0,0.069,0.054211017607558545
2025-12-11 10:00:00,0.4795960444619944,3.072268,2.592671955538006,0.0,0.37016129,0.0,0.069,0.0
2025-12-11 11:00:00,1.0083891973556534,0.656999,2.2412817581823523,0.0,0.37016129,0.0,0.063,0.0
2025-12-11 12:00:00,1.0282072157218514,0.4383829999999999,1.651457542460501,0.0,0.37016129,0.0,0.063,0.0
2025-12-11 13:00:00,0.7349005439021192,2.1343270000000003,3.050883998558382,0.0,0.37016129,0.0,0.061,0.0
2025-12-11 14:00:00,0.2338526167211377,0.044314,2.8613453818372445,0.0,0.37016129,0.0,0.062,0.0
2025-12-11 15:00:00,0.2853794644732529,1.193807,3.769772917363992,0.0,0.38016129,0.0,0.069,0.0
2025-12-11 16:00:00,0.4597780260957963,0.022521,3.332515891268195,0.0,0.40016129,0.0,0.091,0.0
2025-12-11 17:00:00,1.7245009765720831,0.0,1.608014914696112,0.0,0.40016129,0.0,0.095,0.0
2025-12-11 18:00:00,2.877909645484814,0.0,0.0,1.2698947307887019,0.40016129,0.0,0.091,0.5081627136366097
2025-12-11 19:00:00,0.5925587491493239,0.0,0.0,0.5925587491493239,0.40016129,0.0,0.089,0.23711907346037986
2025-12-11 20:00:00,0.4439236114028378,0.0,0.0,0.4439236114028378,0.40016129,0.0,0.088,0.1776410450004183
2025-12-11 21:00:00,0.4815778462986143,0.0,0.0,0.4815778462986143,0.38016129,0.0,0.09,0.1830772552843029
2025-12-11 22:00:00,0.6421037950648191,0.0,0.0,0.6421037950648191,0.38016129,0.0,0.09,0.24410300704573723
2025-12-11 23:00:00,0.6817398317972154,0.0,0.0,0.6817398317972154,0.38016129,0.0,0.091,0.25917109390041243
2025-12-12 00:00:00,0.5925587491493238,0.0,0.0,0.5925587491493238,0.37016129,0.0,0.089,0.2193423109859001
2025-12-12 01:00:00,0.7927207346479249,0.0,0.0,0.7927207346479249,0.37016129,0.0,0.085,0.29343452974702355
2025-12-12 02:00:00,0.6064313620056625,0.0,0.0,0.6064313620056625,0.37016129,0.0,0.082,0.224477415256473
2025-12-12 03:00:00,0.8145205548507428,0.0,0.0,0.8145205548507428,0.37016129,0.0,0.082,0.3015039793150667
2025-12-12 04:00:00,0.8085751493408835,0.0,0.0,0.8085751493408835,0.37016129,0.0,0.085,0.29930322034196405
2025-12-12 05:00:00,0.8283931677070815,0.0,0.0,0.8283931677070815,0.37016129,0.0,0.089,0.3066390835856396
2025-12-12 06:00:00,0.919556052191593,0.0,0.0,0.919556052191593,0.37016129,0.0,0.09,0.34038405450654735
2025-12-12 07:00:00,1.0483731715718807,0.0,0.0,1.0483731715718807,0.37016129,0.0,0.083,0.3880671655904387
2025-12-12 08:00:00,1.034500558715542,0.0,0.0,1.034500558715542,0.37016129,0.0,0.074,0.38293206131986574
2025-12-12 09:00:00,0.6579582097577776,0.115605,0.0,0.5423532097577777,0.37016129,0.0,0.069,0.20075816375957956
2025-12-12 10:00:00,2.9163403711887614,0.34978,0.0,2.5665603711887615,0.37016129,0.0,0.069,0.9500412978621107
2025-12-12 11:00:00,3.653941093352681,0.4643469999999999,0.0,3.1895940933526807,0.37016129,0.0,0.063,1.1806642641718086
2025-12-12 12:00:00,3.0316553166540596,0.7247039999999999,0.0,2.3069513166540596,0.37016129,0.0,0.063,0.8539440753398652
2025-12-12 13:00:00,3.101018380935753,0.063228,0.0,3.037790380935753,0.37016129,0.0,0.061,1.1244724061567697
2025-12-12 14:00:00,2.7062693765070613,0.1759679999999999,0.0,2.5303013765070617,0.37016129,0.0,0.062,0.9366196216166296
2025-12-12 15:00:00,0.4260873948732596,0.213221,0.0,0.2128663948732596,0.38016129,0.0,0.069,0.08092356327266775
2025-12-12 16:00:00,0.537068297723969,0.291687,0.0,0.24538129772396905,0.40016129,0.0,0.091,0.09819209663909752
2025-12-12 17:00:00,2.3867994272783455,0.0,0.0,2.3867994272783455,0.40016129,0.0,0.095,0.9551047377909639
2025-12-12 18:00:00,2.751450965216391,0.0,0.0,2.751450965216391,0.40016129,0.0,0.091,1.1010241676127361
2025-12-12 19:00:00,1.046391369735261,0.0,0.0,1.046391369735261,0.40016129,0.0,0.089,0.418725320358129
2025-12-12 20:00:00,0.6024677583324228,0.0,0.0,0.6024677583324228,0.40016129,0.0,0.088,0.24108427535771057
2025-12-12 21:00:00,0.7193940666929919,0.0,0.0,0.7193940666929919,0.38016129,0.0,0.09,0.27348577641235383
2025-12-12 22:00:00,0.6658854171042569,0.0,0.0,0.6658854171042569,0.38016129,0.0,0.09,0.2531438591585423
2025-12-12 23:00:00,0.9056834393352544,0.0,0.0,0.9056834393352544,0.38016129,0.0,0.091,0.34430578462932704
2025-12-13 00:00:00,0.876947312704267,0.0,0.0,0.876947312704267,0.37016129,0.0,0.089,0.3246119485326448
2025-12-13 01:00:00,1.089991010140897,0.0,0.0,1.089991010140897,0.37016129,0.0,0.085,0.40347247840215744
2025-12-13 02:00:00,1.1172407853944193,0.0,0.0,1.1172407853944193,0.37016129,0.0,0.082,0.4135592903622114
2025-12-13 03:00:00,1.2262398864085091,0.0,0.0,1.2262398864085091,0.37016129,0.0,0.082,0.45390653820242716
2025-12-13 04:00:00,1.174217588197239,0.0,0.0,1.174217588197239,0.37016129,0.0,0.085,0.43464989718777874
2025-12-13 05:00:00,1.26835317543668,0.0,0.0,1.26835317543668,0.37016129,0.0,0.089,0.4694952475952377
2025-12-13 06:00:00,1.3030347075775266,0.0,0.0,1.3030347075775266,0.37016129,0.0,0.09,0.48233300827166997
2025-12-13 07:00:00,1.2336716432958332,0.0,0.0,1.2336716432958332,0.37016129,0.0,0.083,0.4566574869188055
2025-12-13 08:00:00,1.0701729917746987,0.00922,0.0,1.0609529917746987,0.37016129,0.0,0.074,0.3927237280646818
2025-12-13 09:00:00,1.1370588037606175,0.1103649999999999,0.0,1.0266938037606177,0.37016129,0.0,0.069,0.3800423028350371
2025-12-13 10:00:00,2.911881317056367,0.306939,0.0,2.6049423170563673,0.37016129,0.0,0.069,0.9642488084571739
2025-12-13 11:00:00,3.145608922259699,0.750274,0.0,2.395334922259699,0.37016129,0.0,0.063,0.8866602648056998
2025-12-13 12:00:00,2.729430536569538,0.328934,0.0,2.400496536569538,0.37016129,0.0,0.063,0.8885708946171124
2025-12-13 13:00:00,2.8037481054427813,0.908737,0.0,1.8950111054427814,0.37016129,0.0,0.061,0.7014597553550259
2025-12-13 14:00:00,2.4709304084084587,0.119291,0.0,2.3516394084084586,0.37016129,0.0,0.062,0.8704858770313119
2025-12-13 15:00:00,0.1783621652957829,0.014034,0.0,0.1643281652957829,0.38016129,0.0,0.069,0.062471207302178054
2025-12-13 16:00:00,0.6738126244507361,0.0,0.0,0.6738126244507361,0.40016129,0.0,0.091,0.2696337290184921
2025-12-13 17:00:00,2.210914514278337,0.0,0.0,2.210914514278337,0.40016129,0.0,0.095,0.8847224041133428
2025-12-13 18:00:00,2.3892766795741203,0.0,0.0,2.3892766795741203,0.40016129,0.0,0.091,0.9560960382652967
2025-12-13 19:00:00,0.4904959545634034,0.0,0.0,0.4904959545634034,0.40016129,0.0,0.089,0.1962774939178729
2025-12-13 20:00:00,0.5449955050704482,0.0,0.0,0.5449955050704482,0.40016129,0.0,0.088,0.21808610435319212
2025-12-13 21:00:00,0.8298795190845464,0.0,0.0,0.8298795190845464,0.38016129,0.0,0.09,0.31548806851976074
2025-12-13 22:00:00,1.16430857901414,0.0,0.0,1.16430857901414,0.38016129,0.0,0.09,0.44262505135608243
2025-12-13 23:00:00,0.8274022667887718,0.0,0.0,0.8274022667887718,0.38016129,0.0,0.091,0.3145463130913436
2025-12-14 00:00:00,0.9809919091268072,0.0,0.0,0.9809919091268072,0.37016129,0.0,0.089,0.36312523056194174
2025-12-14 01:00:00,0.958696638464834,0.0,0.0,0.958696638464834,0.37016129,0.0,0.085,0.35487238441280655
2025-12-14 02:00:00,0.95126488157751,0.0,0.0,0.95126488157751,0.37016129,0.0,0.082,0.3521214356964283
2025-12-14 03:00:00,1.0751274963662485,0.0,0.0,1.0751274963662485,0.37016129,0.0,0.082,0.39797058096940086
2025-12-14 04:00:00,1.089991010140897,0.0,0.0,1.089991010140897,0.37016129,0.0,0.085,0.40347247840215744
2025-12-14 05:00:00,1.151922317535266,0.0,0.0,1.151922317535266,0.37016129,0.0,0.089,0.42639705103864367
2025-12-14 06:00:00,1.2188081295211848,0.0,0.0,1.2188081295211848,0.37016129,0.0,0.09,0.45115558948604884
2025-12-14 07:00:00,1.1791720927887883,0.0,0.0,1.1791720927887883,0.37016129,0.0,0.083,0.43648386299869757
2025-12-14 08:00:00,1.1766948404930138,0.0,0.0,1.1766948404930138,0.37016129,0.0,0.074,0.4355668800932382
2025-12-14 09:00:00,0.6787671290422856,0.019268,0.0,0.6594991290422857,0.37016129,0.0,0.069,0.24412104836016893
2025-12-14 10:00:00,2.87224528032397,0.270125,0.0,2.60212028032397,0.37016129,0.0,0.069,0.9632041996998822
2025-12-14 11:00:00,3.219153692445021,0.73781,0.0,2.4813436924450207,0.37016129,0.0,0.063,0.918497382128812
2025-12-14 12:00:00,3.719558656191523,1.153312,0.0,2.566246656191523,0.37016129,0.0,0.063,0.9499251727140405
2025-12-14 13:00:00,2.9887692289379677,0.3854769999999999,0.0,2.603292228937968,0.37016129,0.0,0.061,0.9636380097106535
2025-12-14 14:00:00,2.7186556379859352,0.523385,0.0,2.195270637985935,0.37016129,0.0,0.062,0.8126042112559967
2025-12-14 15:00:00,0.4682006839014306,0.6029009999999999,0.1347003160985693,0.0,0.38016129,0.0,0.069,0.0
2025-12-14 16:00:00,0.6292220831267904,0.015452,0.0,0.47906976702822107,0.40016129,0.0,0.091,0.1917051759740124
2025-12-14 17:00:00,1.7669722913752768,0.0,0.0,1.7669722913752768,0.40016129,0.0,0.095,0.7070739115109866
2025-12-14 18:00:00,3.0724842512485786,0.0,0.0,3.0724842512485786,0.40016129,0.0,0.091,1.2294892614843154
2025-12-14 19:00:00,1.2460579047747071,0.0,0.0,1.2460579047747071,0.40016129,0.0,0.089,0.49862413858934396
2025-12-14 20:00:00,1.0875137578451222,0.0,0.0,1.0875137578451222,0.40016129,0.0,0.088,0.4351809082320517
2025-12-14 21:00:00,1.174217588197239,0.0,0.0,1.174217588197239,0.38016129,0.0,0.09,0.44639207306975115
2025-12-14 22:00:00,1.194035606563437,0.0,0.0,1.194035606563437,0.38016129,0.0,0.09,0.45392611649708864
2025-12-14 23:00:00,1.2534896616620317,0.0,0.0,1.2534896616620317,0.38016129,0.0,0.091,0.4765282467791015
2025-12-15 00:00:00,1.5953504784789492,0.0,0.0,1.5953504784789492,0.37016129,0.0,0.089,0.590536991115885
2025-12-15 01:00:00,1.5482826848592284,0.0,0.0,1.5482826848592284,0.37016129,0.0,0.085,0.5731143159121554
2025-12-15 02:00:00,1.6399410198028948,0.0,0.0,1.6399410198028948,0.37016129,0.0,0.082,0.607042683414155
2025-12-15 03:00:00,1.649850028985994,0.0,0.0,1.649850028985994,0.37016129,0.0,0.082,0.6107106150359929
2025-12-15 04:00:00,1.7514173731127594,0.0,0.0,1.7514173731127594,0.37016129,0.0,0.085,0.6483069141598303
2025-12-15 05:00:00,1.5903959738873996,0.0,0.0,1.5903959738873996,0.37016129,0.0,0.089,0.5887030253049661
2025-12-15 06:00:00,1.8529847172395248,0.0,0.0,1.8529847172395248,0.37016129,0.0,0.09,0.6859032132836678
2025-12-15 07:00:00,1.766280886887408,0.0,0.0,1.766280886887408,0.37016129,0.0,0.083,0.653808811592587
2025-12-15 08:00:00,0.9562193861690595,1.072028,0.1158086138309404,0.0,0.37016129,0.0,0.074,0.0
2025-12-15 09:00:00,0.411223881098611,3.620361,3.3249457327323295,0.0,0.37016129,0.0,0.069,0.0
2025-12-15 10:00:00,0.411223881098611,5.07793,7.991651851633719,0.0,0.37016129,0.0,0.069,0.0
2025-12-15 11:00:00,0.4528091575594098,4.655709,12.19455169407431,0.0,0.37016129,0.0,0.063,0.0
2025-12-15 12:00:00,0.5345584833199772,3.640783,13.5,0.0,0.37016129,3.1062245166800224,0.063,-0.1956921445508414
2025-12-15 13:00:00,0.6534665935171661,3.135491,13.5,0.0,0.37016129,2.482024406482834,0.061,-0.15140348879545287
2025-12-15 14:00:00,1.1742175881972388,2.991333,13.5,0.0,0.37016129,1.8171154118027613,0.062,-0.1126611555317712
2025-12-15 15:00:00,0.8571292943380688,1.287373,13.5,0.0,0.38016129,0.43024370566193126,0.069,-0.02968681569067326
2025-12-15 16:00:00,0.3170882938591698,0.04252,13.22543170614083,0.0,0.40016129,0.0,0.091,0.0
2025-12-15 17:00:00,1.2532149805652202,0.0,11.97221672557561,0.0,0.40016129,0.0,0.095,0.0
2025-12-15 18:00:00,2.021163192255398,0.0,9.951053533320213,0.0,0.40016129,0.0,0.091,0.0
2025-12-15 19:00:00,0.6292220831267904,0.0,9.321831450193422,0.0,0.40016129,0.0,0.089,0.0
2025-12-15 20:00:00,0.7134486611831324,0.0,8.608382789010289,0.0,0.40016129,0.0,0.088,0.0
2025-12-15 21:00:00,1.005764432084555,0.0,7.602618356925734,0.0,0.38016129,0.0,0.09,0.0
2025-12-15 22:00:00,1.0875137578451222,0.0,6.515104599080612,0.0,0.38016129,0.0,0.09,0.0
2025-12-15 23:00:00,1.0627412348873746,0.0,5.452363364193237,0.0,0.38016129,0.0,0.091,0.0
2025-12-16 00:00:00,1.2088991203380857,0.0,4.2434642438551515,0.0,0.37016129,0.0,0.089,0.0
2025-12-16 01:00:00,1.3228527259437248,0.0,2.9206115179114267,0.0,0.37016129,0.0,0.085,0.0
2025-12-16 02:00:00,1.1543995698310408,0.0,1.766211948080386,0.0,0.37016129,0.0,0.082,0.0
2025-12-16 03:00:00,1.2386261478873828,0.0,0.5275858001930032,0.0,0.37016129,0.0,0.082,0.0
2025-12-16 04:00:00,1.3401934920141485,0.0,0.0,0.8126076918211453,0.37016129,0.0,0.085,0.3007959114684376
2025-12-16 05:00:00,1.2534896616620312,0.0,0.0,1.2534896616620312,0.37016129,0.0,0.089,0.463993350162481
2025-12-16 06:00:00,1.4615788545071118,0.0,0.0,1.4615788545071118,0.37016129,0.0,0.09,0.5410199142210748
2025-12-16 07:00:00,1.416988313183166,0.0,0.0,1.416988313183166,0.37016129,0.0,0.083,0.5245142219228047
2025-12-16 08:00:00,0.6936306428169343,0.5343,0.0,0.15933064281693432,0.37016129,0.0,0.074,0.058978036281645635
2025-12-16 09:00:00,0.485541449971854,0.0,0.0,0.485541449971854,0.37016129,0.0,0.069,0.17972864947005193
2025-12-16 10:00:00,0.2378162203943774,3.689688,3.451871779605623,0.0,0.37016129,0.0,0.069,0.0
2025-12-16 11:00:00,0.4899679419960313,2.22882,5.190723837609592,0.0,0.37016129,0.0,0.063,0.0
2025-12-16 12:00:00,0.4503319052636352,3.076309,7.816700932345957,0.0,0.37016129,0.0,0.063,0.0
2025-12-16 13:00:00,0.4329911391932117,2.336292,9.720001793152743,0.0,0.37016129,0.0,0.061,0.0
2025-12-16 14:00:00,0.1486351377464856,0.672355,10.24372165540626,0.0,0.37016129,0.0,0.062,0.0
2025-12-16 15:00:00,0.1511123900422604,1.036628,11.129237265364,0.0,0.38016129,0.0,0.069,0.0
2025-12-16 16:00:00,0.1932256790704316,0.032246,10.968257586293568,0.0,0.40016129,0.0,0.091,0.0
2025-12-16 17:00:00,1.2705557466356434,0.0,9.697701839657924,0.0,0.40016129,0.0,0.095,0.0
2025-12-16 18:00:00,2.3209107200441443,0.0,7.376791119613779,0.0,0.40016129,0.0,0.091,0.0
2025-12-16 19:00:00,0.5425182527746735,0.0,6.834272866839106,0.0,0.40016129,0.0,0.089,0.0
2025-12-16 20:00:00,0.9438331246901857,0.0,5.89043974214892,0.0,0.40016129,0.0,0.088,0.0
2025-12-16 21:00:00,0.931446863211312,0.0,4.958992878937607,0.0,0.38016129,0.0,0.09,0.0
2025-12-16 22:00:00,1.0305369550423027,0.0,3.9284559238953047,0.0,0.38016129,0.0,0.09,0.0
2025-12-16 23:00:00,0.9215378540282128,0.0,3.006918069867092,0.0,0.38016129,0.0,0.091,0.0
2025-12-17 00:00:00,1.1573722725859703,0.0,1.8495457972811216,0.0,0.37016129,0.0,0.089,0.0
2025-12-17 01:00:00,1.1078272266704752,0.0,0.7417185706106464,0.0,0.37016129,0.0,0.085,0.0
2025-12-17 02:00:00,1.2742985809465392,0.0,0.0,0.5325800103358929,0.37016129,0.0,0.082,0.19714050365414743
2025-12-17 03:00:00,1.224753535031044,0.0,0.0,1.224753535031044,0.37016129,0.0,0.082,0.45335634845915135
2025-12-17 04:00:00,1.2188081295211846,0.0,0.0,1.2188081295211846,0.37016129,0.0,0.085,0.4511555894860487
2025-12-17 05:00:00,1.248535157070482,0.0,0.0,1.248535157070482,0.37016129,0.0,0.089,0.4621593843515622
2025-12-17 06:00:00,1.343661645228233,0.0,0.0,1.343661645228233,0.37016129,0.0,0.09,0.49737152792120504
2025-12-17 07:00:00,1.1970083093183668,0.040465,0.0,1.1565433093183668,0.37016129,0.0,0.083,0.42810756331815564
2025-12-17 08:00:00,0.8640656007662383,2.19557,1.3315043992337618,0.0,0.37016129,0.0,0.074,0.0
2025-12-17 09:00:00,0.7867753291380655,3.917048,4.461777070095696,0.0,0.37016129,0.0,0.069,0.0
2025-12-17 10:00:00,2.846977306907068,5.11362,6.7284197631886276,0.0,0.37016129,0.0,0.069,0.0
2025-12-17 11:00:00,3.3126012423408744,5.596801,9.012619520847752,0.0,0.37016129,0.0,0.063,0.0
2025-12-17 12:00:00,3.0906394366394556,5.6626970000000005,11.584677084208298,0.0,0.37016129,0.0,0.063,0.0
2025-12-17 13:00:00,3.025239976031002,5.34004,13.5,0.0,0.37016129,2.3148000239689983,0.061,-0.1412028014621089
2025-12-17 14:00:00,2.5754704552901537,4.452899,13.5,0.0,0.37016129,1.8774285447098467,0.062,-0.11640056977201049
2025-12-17 15:00:00,0.4637416297690361,2.9993290000000004,13.5,0.0,0.38016129,2.535587370230964,0.069,-0.17495552854593655
2025-12-17 16:00:00,0.6103949656789022,0.584226,13.473831034321098,0.0,0.40016129,0.0,0.091,0.0
2025-12-17 17:00:00,2.0459393083383643,0.0,11.427891725982732,0.0,0.40016129,0.0,0.095,0.0
2025-12-17 18:00:00,2.9773861715496768,0.0,8.450505554433056,0.0,0.40016129,0.0,0.091,0.0
2025-12-17 19:00:00,0.5628317216000266,0.0,7.887673832833029,0.0,0.40016129,0.0,0.089,0.0
2025-12-17 20:00:00,0.4221237912000199,0.0,7.465550041633008,0.0,0.40016129,0.0,0.088,0.0
2025-12-17 21:00:00,0.505359468338052,0.0,6.960190573294956,0.0,0.38016129,0.0,0.09,0.0
2025-12-17 22:00:00,0.7015578501634135,0.0,6.258632723131543,0.0,0.38016129,0.0,0.09,0.0
2025-12-17 23:00:00,1.048373171571881,0.0,5.210259551559662,0.0,0.38016129,0.0,0.091,0.0
2025-12-18 00:00:00,1.0325187568789225,0.0,4.177740794680739,0.0,0.37016129,0.0,0.089,0.0
2025-12-18 01:00:00,1.2088991203380854,0.0,2.9688416743426536,0.0,0.37016129,0.0,0.085,0.0
2025-12-18 02:00:00,1.1058454248338554,0.0,1.8629962495087984,0.0,0.37016129,0.0,0.082,0.0
2025-12-18 03:00:00,1.1216998395268138,0.0,0.7412964099819843,0.0,0.37016129,0.0,0.082,0.0
2025-12-18 04:00:00,1.1296270468732932,0.0,0.0,0.38833063689130887,0.37016129,0.0,0.085,0.14374496949820847
2025-12-18 05:00:00,1.3218618250254148,0.0,0.0,1.3218618250254148,0.37016129,0.0,0.089,0.4893020783531618
2025-12-18 06:00:00,1.2247535350310443,0.0,0.0,1.2247535350310443,0.37016129,0.0,0.09,0.4533563484591515
2025-12-18 07:00:00,1.26637137360006,0.0,0.0,1.26637137360006,0.37016129,0.0,0.083,0.4687616612708701
2025-12-18 08:00:00,0.6103949656789021,2.95314,2.342745034321098,0.0,0.37016129,0.0,0.074,0.0
2025-12-18 09:00:00,0.4558144224225568,4.568916,6.455846611898541,0.0,0.37016129,0.0,0.069,0.0
2025-12-18 10:00:00,0.4795960444619944,5.557854,11.534104567436549,0.0,0.37016129,0.0,0.069,0.0
2025-12-18 11:00:00,1.0083891973556534,5.75,13.5,0.0,0.37016129,4.741610802644347,0.063,-0.29872148056659387
2025-12-18 12:00:00,1.0282072157218514,5.75,13.5,0.0,0.37016129,4.721792784278149,0.063,-0.2974729454095234
2025-12-18 13:00:00,0.7349005439021192,5.632371,13.5,0.0,0.37016129,4.897470456097881,0.061,-0.2987456978219707
2025-12-18 14:00:00,0.2338526167211377,4.740265,13.5,0.0,0.37016129,4.506412383278862,0.062,-0.27939756776328944
2025-12-18 15:00:00,0.2853794644732529,3.26827,13.5,0.0,0.38016129,2.9828905355267468,0.069,-0.20581944695134555
2025-12-18 16:00:00,0.4597780260957963,0.692619,13.5,0.0,0.40016129,0.23284097390420366,0.091,-0.021188528625282532
2025-12-18 17:00:00,1.7245009765720831,0.0,11.775499023427916,0.0,0.40016129,0.0,0.095,0.0
2025-12-18 18:00:00,2.877909645484814,0.0,8.897589377943103,0.0,0.40016129,0.0,0.091,0.0
2025-12-18 19:00:00,0.5925587491493239,0.0,8.305030628793778,0.0,0.40016129,0.0,0.089,0.0
2025-12-18 20:00:00,0.4439236114028378,0.0,7.861107017390941,0.0,0.40016129,0.0,0.088,0.0
2025-12-18 21:00:00,0.4815778462986143,0.0,7.379529171092327,0.0,0.38016129,0.0,0.09,0.0
2025-12-18 22:00:00,0.6421037950648191,0.0,6.737425376027508,0.0,0.38016129,0.0,0.09,0.0
2025-12-18 23:00:00,0.6817398317972154,0.0,6.055685544230292,0.0,0.38016129,0.0,0.091,0.0
2025-12-19 00:00:00,0.5925587491493238,0.0,5.463126795080969,0.0,0.37016129,0.0,0.089,0.0
2025-12-19 01:00:00,0.7927207346479249,0.0,4.670406060433044,0.0,0.37016129,0.0,0.085,0.0
2025-12-19 02:00:00,0.6064313620056625,0.0,4.063974698427382,0.0,0.37016129,0.0,0.082,0.0
2025-12-19 03:00:00,0.8145205548507428,0.0,3.249454143576638,0.0,0.37016129,0.0,0.082,0.0
2025-12-19 04:00:00,0.8085751493408835,0.0,2.440878994235755,0.0,0.37016129,0.0,0.085,0.0
2025-12-19 05:00:00,0.8283931677070815,0.0,1.6124858265286737,0.0,0.37016129,0.0,0.089,0.0
2025-12-19 06:00:00,0.919556052191593,0.0,0.6929297743370807,0.0,0.37016129,0.0,0.09,0.0
2025-12-19 07:00:00,1.0483731715718807,0.0,0.0,0.3554433972348,0.37016129,0.0,0.083,0.131571386442416
2025-12-19 08:00:00,1.034500558715542,2.794591,1.760090441284458,0.0,0.37016129,0.0,0.074,0.0
2025-12-19 09:00:00,0.6579582097577776,4.386644,5.488776231526681,0.0,0.37016129,0.0,0.069,0.0
2025-12-19 10:00:00,2.9163403711887614,5.290157,7.862592860337919,0.0,0.37016129,0.0,0.069,0.0
2025-12-19 11:00:00,3.653941093352681,5.639337,9.84798876698524,0.0,0.37016129,0.0,0.063,0.0
2025-12-19 12:00:00,3.0316553166540596,5.538609,12.35494245033118,0.0,0.37016129,0.0,0.063,0.0
2025-12-19 13:00:00,3.101018380935753,5.023807,13.5,0.0,0.37016129,1.9227886190642467,0.061,-0.11729010576291904
2025-12-19 14:00:00,2.7062693765070613,4.207514,13.5,0.0,0.37016129,1.5012446234929384,0.062,-0.09307716665656218
2025-12-19 15:00:00,0.4260873948732596,2.892149,13.5,0.0,0.38016129,2.46606160512674,0.069,-0.17015825075374508
2025-12-19 16:00:00,0.537068297723969,0.54003,13.5,0.0,0.40016129,0.0029617022760309863,0.091,-0.0002695149071188197
2025-12-19 17:00:00,2.3867994272783455,0.0,11.113200572721654,0.0,0.40016129,0.0,0.095,0.0
2025-12-19 18:00:00,2.751450965216391,0.0,8.361749607505264,0.0,0.40016129,0.0,0.091,0.0
2025-12-19 19:00:00,1.046391369735261,0.0,7.315358237770003,0.0,0.40016129,0.0,0.089,0.0
2025-12-19 20:00:00,0.6024677583324228,0.0,6.71289047943758,0.0,0.40016129,0.0,0.088,0.0
2025-12-19 21:00:00,0.7193940666929919,0.0,5.993496412744588,0.0,0.38016129,0.0,0.09,0.0
2025-12-19 22:00:00,0.6658854171042569,0.0,5.327610995640331,0.0,0.38016129,0.0,0.09,0.0
2025-12-19 23:00:00,0.9056834393352544,0.0,4.421927556305077,0.0,0.38016129,0.0,0.091,0.0
2025-12-20 00:00:00,0.876947312704267,0.0,3.54498024360081,0.0,0.37016129,0.0,0.089,0.0
2025-12-20 01:00:00,1.089991010140897,0.0,2.454989233459913,0.0,0.37016129,0.0,0.085,0.0
2025-12-20 02:00:00,1.1172407853944193,0.0,1.3377484480654938,0.0,0.37016129,0.0,0.082,0.0
2025-12-20 03:00:00,1.2262398864085091,0.0,0.1115085616569846,0.0,0.37016129,0.0,0.082,0.0
2025-12-20 04:00:00,1.174217588197239,0.0,0.0,1.0627090265402543,0.37016129,0.0,0.085,0.39337374415878473
2025-12-20 05:00:00,1.26835317543668,0.0,0.0,1.26835317543668,0.37016129,0.0,0.089,0.4694952475952377
2025-12-20 06:00:00,1.3030347075775266,0.0,0.0,1.3030347075775266,0.37016129,0.0,0.09,0.48233300827166997
2025-12-20 07:00:00,1.2336716432958332,0.0,0.0,1.2336716432958332,0.37016129,0.0,0.083,0.4566574869188055
2025-12-20 08:00:00,1.0701729917746987,0.714072,0.0,0.35610099177469867,0.37016129,0.0,0.074,0.13181480248560185
2025-12-20 09:00:00,1.1370588037606175,2.880679,1.7436201962393827,0.0,0.37016129,0.0,0.069,0.0
2025-12-20 10:00:00,2.911881317056367,1.688031,0.5197698791830156,0.0,0.37016129,0.0,0.069,0.0
2025-12-20 11:00:00,3.145608922259699,4.090475,1.4646359569233165,0.0,0.37016129,0.0,0.063,0.0
2025-12-20 12:00:00,2.729430536569538,5.493979,4.2291844203537785,0.0,0.37016129,0.0,0.063,0.0
2025-12-20 13:00:00,2.8037481054427813,5.0741819999999995,6.499618314910997,0.0,0.37016129,0.0,0.061,0.0
2025-12-20 14:00:00,2.4709304084084587,4.180639,8.209326906502538,0.0,0.37016129,0.0,0.062,0.0
2025-12-20 15:00:00,0.1783621652957829,0.408902,8.439866741206755,0.0,0.38016129,0.0,0.069,0.0
2025-12-20 16:00:00,0.6738126244507361,0.458697,8.22475111675602,0.0,0.40016129,0.0,0.091,0.0
2025-12-20 17:00:00,2.210914514278337,0.0,6.013836602477682,0.0,0.40016129,0.0,0.095,0.0
2025-12-20 18:00:00,2.3892766795741203,0.0,3.624559922903562,0.0,0.40016129,0.0,0.091,0.0
2025-12-20 19:00:00,0.4904959545634034,0.0,3.1340639683401585,0.0,0.40016129,0.0,0.089,0.0
2025-12-20 20:00:00,0.5449955050704482,0.0,2.5890684632697103,0.0,0.40016129,0.0,0.088,0.0
2025-12-20 21:00:00,0.8298795190845464,0.0,1.7591889441851638,0.0,0.38016129,0.0,0.09,0.0
2025-12-20 22:00:00,1.16430857901414,0.0,0.5948803651710237,0.0,0.38016129,0.0,0.09,0.0
2025-12-20 23:00:00,0.8274022667887718,0.0,0.0,0.2325219016177481,0.38016129,0.0,0.091,0.0883958260722562
2025-12-21 00:00:00,0.9809919091268072,0.0,0.0,0.9809919091268072,0.37016129,0.0,0.089,0.36312523056194174
2025-12-21 01:00:00,0.958696638464834,0.0,0.0,0.958696638464834,0.37016129,0.0,0.085,0.35487238441280655
2025-12-21 02:00:00,0.95126488157751,0.0,0.0,0.95126488157751,0.37016129,0.0,0.082,0.3521214356964283
2025-12-21 03:00:00,1.0751274963662485,0.0,0.0,1.0751274963662485,0.37016129,0.0,0.082,0.39797058096940086
2025-12-21 04:00:00,1.089991010140897,0.0,0.0,1.089991010140897,0.37016129,0.0,0.085,0.40347247840215744
2025-12-21 05:00:00,1.151922317535266,0.0,0.0,1.151922317535266,0.37016129,0.0,0.089,0.42639705103864367
2025-12-21 06:00:00,1.2188081295211848,0.0,0.0,1.2188081295211848,0.37016129,0.0,0.09,0.45115558948604884
2025-12-21 07:00:00,1.1791720927887883,0.0,0.0,1.1791720927887883,0.37016129,0.0,0.083,0.43648386299869757
2025-12-21 08:00:00,1.1766948404930138,0.212445,0.0,0.9642498404930138,0.37016129,0.0,0.074,0.3569279648391882
2025-12-21 09:00:00,0.6787671290422856,0.0403909999999999,0.0,0.6383761290422858,0.37016129,0.0,0.069,0.23630213143149897
2025-12-21 10:00:00,2.87224528032397,0.237782,0.0,2.63446328032397,0.37016129,0.0,0.069,0.9751763263023523
2025-12-21 11:00:00,3.219153692445021,0.385059,0.0,2.8340946924450208,0.37016129,0.0,0.063,1.0490721473376021
2025-12-21 12:00:00,3.719558656191523,0.358017,0.0,3.3615416561915232,0.37016129,0.0,0.063,1.2443125958445906
2025-12-21 13:00:00,2.9887692289379677,0.0901599999999999,0.0,2.8986092289379677,0.37016129,0.0,0.061,1.0729529313895834
2025-12-21 14:00:00,2.7186556379859352,0.0447539999999999,0.0,2.6739016379859355,0.37016129,0.0,0.062,0.9897748796499868
2025-12-21 15:00:00,0.4682006839014306,0.346016,0.0,0.12218468390143061,0.38016129,0.0,0.069,0.046449887050210095
2025-12-21 16:00:00,0.6292220831267904,0.012474,0.0,0.6167480831267904,0.40016129,0.0,0.091,0.24679870854904368
2025-12-21 17:00:00,1.7669722913752768,0.0,0.0,1.7669722913752768,0.40016129,0.0,0.095,0.7070739115109866
2025-12-21 18:00:00,3.0724842512485786,0.0,0.0,3.0724842512485786,0.40016129,0.0,0.091,1.2294892614843154
2025-12-21 19:00:00,1.2460579047747071,0.0,0.0,1.2460579047747071,0.40016129,0.0,0.089,0.49862413858934396
2025-12-21 20:00:00,1.0875137578451222,0.0,0.0,1.0875137578451222,0.40016129,0.0,0.088,0.4351809082320517
2025-12-21 21:00:00,1.174217588197239,0.0,0.0,1.174217588197239,0.38016129,0.0,0.09,0.44639207306975115
2025-12-21 22:00:00,1.194035606563437,0.0,0.0,1.194035606563437,0.38016129,0.0,0.09,0.45392611649708864
2025-12-21 23:00:00,1.2534896616620317,0.0,0.0,1.2534896616620317,0.38016129,0.0,0.091,0.4765282467791015
2025-12-22 00:00:00,1.5953504784789492,0.0,0.0,1.5953504784789492,0.37016129,0.0,0.089,0.590536991115885
2025-12-22 01:00:00,1.5482826848592284,0.0,0.0,1.5482826848592284,0.37016129,0.0,0.085,0.5731143159121554
2025-12-22 02:00:00,1.6399410198028948,0.0,0.0,1.6399410198028948,0.37016129,0.0,0.082,0.607042683414155
2025-12-22 03:00:00,1.649850028985994,0.0,0.0,1.649850028985994,0.37016129,0.0,0.082,0.6107106150359929
2025-12-22 04:00:00,1.7514173731127594,0.0,0.0,1.7514173731127594,0.37016129,0.0,0.085,0.6483069141598303
2025-12-22 05:00:00,1.5903959738873996,0.0,0.0,1.5903959738873996,0.37016129,0.0,0.089,0.5887030253049661
2025-12-22 06:00:00,1.8529847172395248,0.0,0.0,1.8529847172395248,0.37016129,0.0,0.09,0.6859032132836678
2025-12-22 07:00:00,1.766280886887408,0.0,0.0,1.766280886887408,0.37016129,0.0,0.083,0.653808811592587
2025-12-22 08:00:00,0.9562193861690595,2.617608,1.6613886138309406,0.0,0.37016129,0.0,0.074,0.0
2025-12-22 09:00:00,0.411223881098611,4.310348,5.56051273273233,0.0,0.37016129,0.0,0.069,0.0
2025-12-22 10:00:00,0.411223881098611,5.3051580000000005,10.45444685163372,0.0,0.37016129,0.0,0.069,0.0
2025-12-22 11:00:00,0.4528091575594098,5.75,13.5,0.0,0.37016129,5.29719084244059,0.063,-0.3337230230737572
2025-12-22 12:00:00,0.5345584833199772,5.75,13.5,0.0,0.37016129,5.2154415166800225,0.063,-0.32857281555084145
2025-12-22 13:00:00,0.6534665935171661,5.433965,13.5,0.0,0.37016129,4.780498406482834,0.061,-0.29161040279545286
2025-12-22 14:00:00,1.1742175881972388,4.5161880000000005,13.5,0.0,0.37016129,3.3419704118027616,0.062,-0.2072021655317712
2025-12-22 15:00:00,0.8571292943380688,3.088003,13.5,0.0,0.38016129,2.2308737056619314,0.069,-0.15393028569067327
2025-12-22 16:00:00,0.3170882938591698,0.670746,13.5,0.0,0.40016129,0.35365770614083014,0.091,-0.032182851258815544
2025-12-22 17:00:00,1.2532149805652202,0.0,12.24678501943478,0.0,0.40016129,0.0,0.095,0.0
2025-12-22 18:00:00,2.021163192255398,0.0,10.22562182717938,0.0,0.40016129,0.0,0.091,0.0
2025-12-22 19:00:00,0.6292220831267904,0.0,9.59639974405259,0.0,0.40016129,0.0,0.089,0.0
2025-12-22 20:00:00,0.7134486611831324,0.0,8.882951082869457,0.0,0.40016129,0.0,0.088,0.0
2025-12-22 21:00:00,1.005764432084555,0.0,7.877186650784902,0.0,0.38016129,0.0,0.09,0.0
2025-12-22 22:00:00,1.0875137578451222,0.0,6.78967289293978,0.0,0.38016129,0.0,0.09,0.0
2025-12-22 23:00:00,1.0627412348873746,0.0,5.726931658052406,0.0,0.38016129,0.0,0.091,0.0
2025-12-23 00:00:00,1.2088991203380857,0.0,4.51803253771432,0.0,0.37016129,0.0,0.089,0.0
2025-12-23 01:00:00,1.3228527259437248,0.0,3.195179811770595,0.0,0.37016129,0.0,0.085,0.0
2025-12-23 02:00:00,1.1543995698310408,0.0,2.0407802419395544,0.0,0.37016129,0.0,0.082,0.0
2025-12-23 03:00:00,1.2386261478873828,0.0,0.8021540940521716,0.0,0.37016129,0.0,0.082,0.0
2025-12-23 04:00:00,1.3401934920141485,0.0,0.0,0.5380393979619769,0.37016129,0.0,0.085,0.19916135762042872
2025-12-23 05:00:00,1.2534896616620312,0.0,0.0,1.2534896616620312,0.37016129,0.0,0.089,0.463993350162481
2025-12-23 06:00:00,1.4615788545071118,0.0,0.0,1.4615788545071118,0.37016129,0.0,0.09,0.5410199142210748
2025-12-23 07:00:00,1.416988313183166,0.0,0.0,1.416988313183166,0.37016129,0.0,0.083,0.5245142219228047
2025-12-23 08:00:00,0.6936306428169343,2.357848,1.6642173571830658,0.0,0.37016129,0.0,0.074,0.0
2025-12-23 09:00:00,0.485541449971854,3.802493,4.981168907211212,0.0,0.37016129,0.0,0.069,0.0
2025-12-23 10:00:00,0.2378162203943774,3.633333,8.376685686816835,0.0,0.37016129,0.0,0.069,0.0
2025-12-23 11:00:00,0.4899679419960313,3.777857,11.664574744820804,0.0,0.37016129,0.0,0.063,0.0
2025-12-23 12:00:00,0.4503319052636352,5.239694999999999,13.5,0.0,0.37016129,4.789363094736364,0.063,-0.30172987496839093
2025-12-23 13:00:00,0.4329911391932117,4.865597,13.5,0.0,0.37016129,4.432605860806788,0.061,-0.2703889575092141
2025-12-23 14:00:00,0.1486351377464856,3.022822,13.5,0.0,0.37016129,2.8741868622535147,0.062,-0.17819958545971792
2025-12-23 15:00:00,0.1511123900422604,2.6557199999999996,13.5,0.0,0.38016129,2.5046076099577395,0.069,-0.17281792508708405
2025-12-23 16:00:00,0.1932256790704316,0.5113840000000001,13.5,0.0,0.40016129,0.31815832092956847,0.091,-0.02895240720459073
2025-12-23 17:00:00,1.2705557466356434,0.0,12.229444253364356,0.0,0.40016129,0.0,0.095,0.0
2025-12-23 18:00:00,2.3209107200441443,0.0,9.908533533320211,0.0,0.40016129,0.0,0.091,0.0
2025-12-23 19:00:00,0.5425182527746735,0.0,9.366015280545538,0.0,0.40016129,0.0,0.089,0.0
2025-12-23 20:00:00,0.9438331246901857,0.0,8.422182155855353,0.0,0.40016129,0.0,0.088,0.0
2025-12-23 21:00:00,0.931446863211312,0.0,7.490735292644041,0.0,0.38016129,0.0,0.09,0.0
2025-12-23 22:00:00,1.0305369550423027,0.0,6.460198337601739,0.0,0.38016129,0.0,0.09,0.0
2025-12-23 23:00:00,0.9215378540282128,0.0,5.538660483573526,0.0,0.38016129,0.0,0.091,0.0
2025-12-24 00:00:00,1.1573722725859703,0.0,4.381288210987556,0.0,0.37016129,0.0,0.089,0.0
2025-12-24 01:00:00,1.1078272266704752,0.0,3.2734609843170808,0.0,0.37016129,0.0,0.085,0.0
2025-12-24 02:00:00,1.2742985809465392,0.0,1.9991624033705415,0.0,0.37016129,0.0,0.082,0.0
2025-12-24 03:00:00,1.224753535031044,0.0,0.7744088683394976,0.0,0.37016129,0.0,0.082,0.0
2025-12-24 04:00:00,1.2188081295211846,0.0,0.0,0.44439926118168693,0.37016129,0.0,0.085,0.16449940379406014
2025-12-24 05:00:00,1.248535157070482,0.0,0.0,1.248535157070482,0.37016129,0.0,0.089,0.4621593843515622
2025-12-24 06:00:00,1.343661645228233,0.0,0.0,1.343661645228233,0.37016129,0.0,0.09,0.49737152792120504
2025-12-24 07:00:00,1.1970083093183668,0.0,0.0,1.1970083093183668,0.37016129,0.0,0.083,0.44308613991800566
2025-12-24 08:00:00,0.8640656007662383,0.8618239999999999,0.0,0.002241600766238361,0.37016129,0.0,0.074,0.0008297538312957801
2025-12-24 09:00:00,0.7867753291380655,0.940873,0.1540976708619346,0.0,0.37016129,0.0,0.069,0.0
2025-12-24 10:00:00,2.846977306907068,2.796222,0.1033423639548667,0.0,0.37016129,0.0,0.069,0.0
2025-12-24 11:00:00,3.3126012423408744,2.5270970000000004,0.0,0.6821618783860073,0.37016129,0.0,0.063,0.25250992089218754
2025-12-24 12:00:00,3.0906394366394556,1.986732,0.0,1.1039074366394557,0.37016129,0.0,0.063,0.4086238007870541
2025-12-24 13:00:00,3.025239976031002,0.907166,0.0,2.1180739760310017,0.37016129,0.0,0.061,0.7840289952830646
2025-12-24 14:00:00,2.5754704552901537,0.359581,0.0,2.215889455290154,0.37016129,0.0,0.062,0.8202364992676006
2025-12-24 15:00:00,0.4637416297690361,2.004435,1.5406933702309638,0.0,0.38016129,0.0,0.069,0.0
2025-12-24 16:00:00,0.6103949656789022,0.016089,0.9463874045520616,0.0,0.40016129,0.0,0.091,0.0
2025-12-24 17:00:00,2.0459393083383643,0.0,0.0,1.0995519037863026,0.40016129,0.0,0.095,0.43999810824108276
2025-12-24 18:00:00,2.9773861715496768,0.0,0.0,2.9773861715496768,0.40016129,0.0,0.091,1.19143469123548
2025-12-24 19:00:00,0.5628317216000266,0.0,0.0,0.5628317216000266,0.40016129,0.0,0.089,0.2252234677683875
2025-12-24 20:00:00,0.4221237912000199,0.0,0.0,0.4221237912000199,0.40016129,0.0,0.088,0.16891760082629062
2025-12-24 21:00:00,0.505359468338052,0.0,0.0,0.505359468338052,0.38016129,0.0,0.09,0.192118107397108
2025-12-24 22:00:00,0.7015578501634135,0.0,0.0,0.7015578501634135,0.38016129,0.0,0.09,0.26670513732775
2025-12-24 23:00:00,1.048373171571881,0.0,0.0,1.048373171571881,0.38016129,0.0,0.091,0.39855089730615756
2025-12-25 00:00:00,1.0325187568789225,0.0,0.0,1.0325187568789225,0.37016129,0.0,0.089,0.3821984749954983
2025-12-25 01:00:00,1.2088991203380854,0.0,0.0,1.2088991203380854,0.37016129,0.0,0.085,0.4474876578642109
2025-12-25 02:00:00,1.1058454248338554,0.0,0.0,1.1058454248338554,0.37016129,0.0,0.082,0.40934116899709794
2025-12-25 03:00:00,1.1216998395268138,0.0,0.0,1.1216998395268138,0.37016129,0.0,0.082,0.4152098595920384
2025-12-25 04:00:00,1.1296270468732932,0.0,0.0,1.1296270468732932,0.37016129,0.0,0.085,0.41814420488950865
2025-12-25 05:00:00,1.3218618250254148,0.0,0.0,1.3218618250254148,0.37016129,0.0,0.089,0.4893020783531618
2025-12-25 06:00:00,1.2247535350310443,0.0,0.0,1.2247535350310443,0.37016129,0.0,0.09,0.4533563484591515
2025-12-25 07:00:00,1.26637137360006,0.0,0.0,1.26637137360006,0.37016129,0.0,0.083,0.4687616612708701
2025-12-25 08:00:00,0.6103949656789021,0.172815,0.0,0.43757996567890206,0.37016129,0.0,0.074,0.1619751645738581
2025-12-25 09:00:00,0.4558144224225568,1.6514760000000002,1.1956615775774433,0.0,0.37016129,0.0,0.069,0.0
2025-12-25 10:00:00,0.4795960444619944,3.286909,4.002974533115449,0.0,0.37016129,0.0,0.069,0.0
2025-12-25 11:00:00,1.0083891973556534,1.568097,4.562682335759796,0.0,0.37016129,0.0,0.063,0.0
2025-12-25 12:00:00,1.0282072157218514,2.001271,5.5357461200379445,0.0,0.37016129,0.0,0.063,0.0
2025-12-25 13:00:00,0.7349005439021192,3.58027,8.381115576135826,0.0,0.37016129,0.0,0.061,0.0
2025-12-25 14:00:00,0.2338526167211377,3.173085,11.320347959414688,0.0,0.37016129,0.0,0.062,0.0
2025-12-25 15:00:00,0.2853794644732529,0.043982,11.078950494941434,0.0,0.38016129,0.0,0.069,0.0
2025-12-25 16:00:00,0.4597780260957963,0.0,10.61917246884564,0.0,0.40016129,0.0,0.091,0.0
2025-12-25 17:00:00,1.7245009765720831,0.0,8.894671492273556,0.0,0.40016129,0.0,0.095,0.0
2025-12-25 18:00:00,2.877909645484814,0.0,6.016761846788742,0.0,0.40016129,0.0,0.091,0.0
2025-12-25 19:00:00,0.5925587491493239,0.0,5.424203097639418,0.0,0.40016129,0.0,0.089,0.0
2025-12-25 20:00:00,0.4439236114028378,0.0,4.98027948623658,0.0,0.40016129,0.0,0.088,0.0
2025-12-25 21:00:00,0.4815778462986143,0.0,4.498701639937966,0.0,0.38016129,0.0,0.09,0.0
2025-12-25 22:00:00,0.6421037950648191,0.0,3.8565978448731473,0.0,0.38016129,0.0,0.09,0.0
2025-12-25 23:00:00,0.6817398317972154,0.0,3.174858013075932,0.0,0.38016129,0.0,0.091,0.0
2025-12-26 00:00:00,0.5925587491493238,0.0,2.582299263926608,0.0,0.37016129,0.0,0.089,0.0
2025-12-26 01:00:00,0.7927207346479249,0.0,1.7895785292786832,0.0,0.37016129,0.0,0.085,0.0
2025-12-26 02:00:00,0.6064313620056625,0.0,1.1831471672730207,0.0,0.37016129,0.0,0.082,0.0
2025-12-26 03:00:00,0.8145205548507428,0.0,0.3686266124222779,0.0,0.37016129,0.0,0.082,0.0
2025-12-26 04:00:00,0.8085751493408835,0.0,0.0,0.4399485369186056,0.37016129,0.0,0.085,0.16285191795940365
2025-12-26 05:00:00,0.8283931677070815,0.0,0.0,0.8283931677070815,0.37016129,0.0,0.089,0.3066390835856396
2025-12-26 06:00:00,0.919556052191593,0.0,0.0,0.919556052191593,0.37016129,0.0,0.09,0.34038405450654735
2025-12-26 07:00:00,1.0483731715718807,0.0,0.0,1.0483731715718807,0.37016129,0.0,0.083,0.3880671655904387
2025-12-26 08:00:00,1.034500558715542,0.033595,0.0,1.000905558715542,0.37016129,0.0,0.074,0.3704964927823157
2025-12-26 09:00:00,0.6579582097577776,0.126236,0.0,0.5317222097577776,0.37016129,0.0,0.069,0.19682297908558954
2025-12-26 10:00:00,2.9163403711887614,0.304538,0.0,2.6118023711887615,0.37016129,0.0,0.069,0.9667881349442907
2025-12-26 11:00:00,3.653941093352681,1.446911,0.0,2.2070300933526807,0.37016129,0.0,0.063,0.8169571064242487
2025-12-26 12:00:00,3.0316553166540596,0.414706,0.0,2.6169493166540594,0.37016129,0.0,0.063,0.968693334917285
2025-12-26 13:00:00,3.101018380935753,0.325649,0.0,2.775369380935753,0.37016129,0.0,0.061,1.0273343102736798
2025-12-26 14:00:00,2.7062693765070613,0.220619,0.0,2.485650376507061,0.37016129,0.0,0.062,0.9200915498568394
2025-12-26 15:00:00,0.4260873948732596,0.089557,0.0,0.3365303948732596,0.38016129,0.0,0.069,0.12793582903922773
2025-12-26 16:00:00,0.537068297723969,0.0,0.0,0.537068297723969,0.40016129,0.0,0.091,0.2149139428353275
2025-12-26 17:00:00,2.3867994272783455,0.0,0.0,2.3867994272783455,0.40016129,0.0,0.095,0.9551047377909639
2025-12-26 18:00:00,2.751450965216391,0.0,0.0,2.751450965216391,0.40016129,0.0,0.091,1.1010241676127361
2025-12-26 19:00:00,1.046391369735261,0.0,0.0,1.046391369735261,0.40016129,0.0,0.089,0.418725320358129
2025-12-26 20:00:00,0.6024677583324228,0.0,0.0,0.6024677583324228,0.40016129,0.0,0.088,0.24108427535771057
2025-12-26 21:00:00,0.7193940666929919,0.0,0.0,0.7193940666929919,0.38016129,0.0,0.09,0.27348577641235383
2025-12-26 22:00:00,0.6658854171042569,0.0,0.0,0.6658854171042569,0.38016129,0.0,0.09,0.2531438591585423
2025-12-26 23:00:00,0.9056834393352544,0.0,0.0,0.9056834393352544,0.38016129,0.0,0.091,0.34430578462932704
2025-12-27 00:00:00,0.876947312704267,0.0,0.0,0.876947312704267,0.37016129,0.0,0.089,0.3246119485326448
2025-12-27 01:00:00,1.089991010140897,0.0,0.0,1.089991010140897,0.37016129,0.0,0.085,0.40347247840215744
2025-12-27 02:00:00,1.1172407853944193,0.0,0.0,1.1172407853944193,0.37016129,0.0,0.082,0.4135592903622114
2025-12-27 03:00:00,1.2262398864085091,0.0,0.0,1.2262398864085091,0.37016129,0.0,0.082,0.45390653820242716
2025-12-27 04:00:00,1.174217588197239,0.0,0.0,1.174217588197239,0.37016129,0.0,0.085,0.43464989718777874
2025-12-27 05:00:00,1.26835317543668,0.0,0.0,1.26835317543668,0.37016129,0.0,0.089,0.4694952475952377
2025-12-27 06:00:00,1.3030347075775266,0.0,0.0,1.3030347075775266,0.37016129,0.0,0.09,0.48233300827166997
2025-12-27 07:00:00,1.2336716432958332,0.0,0.0,1.2336716432958332,0.37016129,0.0,0.083,0.4566574869188055
2025-12-27 08:00:00,1.0701729917746987,2.027237,0.9570640082253012,0.0,0.37016129,0.0,0.074,0.0
2025-12-27 09:00:00,1.1370588037606175,3.811346,3.631351204464684,0.0,0.37016129,0.0,0.069,0.0
2025-12-27 10:00:00,2.911881317056367,5.022017,5.741486887408317,0.0,0.37016129,0.0,0.069,0.0
2025-12-27 11:00:00,3.145608922259699,5.685143,8.281020965148617,0.0,0.37016129,0.0,0.063,0.0
2025-12-27 12:00:00,2.729430536569538,5.75,11.30159042857908,0.0,0.37016129,0.0,0.063,0.0
2025-12-27 13:00:00,2.8037481054427813,5.462328,13.5,0.0,0.37016129,2.658579894557219,0.061,-0.16217337356799036
2025-12-27 14:00:00,2.4709304084084587,4.572814999999999,13.5,0.0,0.37016129,2.1018845915915407,0.062,-0.13031684467867552
2025-12-27 15:00:00,0.1783621652957829,3.177062,13.5,0.0,0.38016129,2.998699834704217,0.069,-0.20691028859459099
2025-12-27 16:00:00,0.6738126244507361,0.758719,13.5,0.0,0.40016129,0.08490637554926395,0.091,-0.0077264801749830185
2025-12-27 17:00:00,2.210914514278337,0.0,11.289085485721664,0.0,0.40016129,0.0,0.095,0.0
2025-12-27 18:00:00,2.3892766795741203,0.0,8.899808806147544,0.0,0.40016129,0.0,0.091,0.0
2025-12-27 19:00:00,0.4904959545634034,0.0,8.40931285158414,0.0,0.40016129,0.0,0.089,0.0
2025-12-27 20:00:00,0.5449955050704482,0.0,7.864317346513692,0.0,0.40016129,0.0,0.088,0.0
2025-12-27 21:00:00,0.8298795190845464,0.0,7.034437827429146,0.0,0.38016129,0.0,0.09,0.0
2025-12-27 22:00:00,1.16430857901414,0.0,5.870129248415006,0.0,0.38016129,0.0,0.09,0.0
2025-12-27 23:00:00,0.8274022667887718,0.0,5.042726981626235,0.0,0.38016129,0.0,0.091,0.0
2025-12-28 00:00:00,0.9809919091268072,0.0,4.0617350724994274,0.0,0.37016129,0.0,0.089,0.0
2025-12-28 01:00:00,0.958696638464834,0.0,3.1030384340345933,0.0,0.37016129,0.0,0.085,0.0
2025-12-28 02:00:00,0.95126488157751,0.0,2.151773552457083,0.0,0.37016129,0.0,0.082,0.0
2025-12-28 03:00:00,1.0751274963662485,0.0,1.0766460560908346,0.0,0.37016129,0.0,0.082,0.0
2025-12-28 04:00:00,1.089991010140897,0.0,0.0,0.013344954050062308,0.37016129,0.0,0.085,0.004939785406161788
2025-12-28 05:00:00,1.151922317535266,0.0,0.0,1.151922317535266,0.37016129,0.0,0.089,0.42639705103864367
2025-12-28 06:00:00,1.2188081295211848,0.0,0.0,1.2188081295211848,0.37016129,0.0,0.09,0.45115558948604884
2025-12-28 07:00:00,1.1791720927887883,0.0,0.0,1.1791720927887883,0.37016129,0.0,0.083,0.43648386299869757
2025-12-28 08:00:00,1.1766948404930138,2.745603,1.5689081595069865,0.0,0.37016129,0.0,0.074,0.0
2025-12-28 09:00:00,0.6787671290422856,4.48092,5.3710610304647,0.0,0.37016129,0.0,0.069,0.0
2025-12-28 10:00:00,2.87224528032397,5.5366409999999995,8.03545675014073,0.0,0.37016129,0.0,0.069,0.0
2025-12-28 11:00:00,3.219153692445021,5.75,10.566303057695707,0.0,0.37016129,0.0,0.063,0.0
2025-12-28 12:00:00,3.719558656191523,5.75,12.596744401504186,0.0,0.37016129,0.0,0.063,0.0
2025-12-28 13:00:00,2.9887692289379677,5.713174,13.5,0.0,0.37016129,2.7244047710620327,0.061,-0.16618869103478398
2025-12-28 14:00:00,2.7186556379859352,4.797218,13.5,0.0,0.37016129,2.0785623620140647,0.062,-0.128870866444872
2025-12-28 15:00:00,0.4682006839014306,3.364063,13.5,0.0,0.38016129,2.8958623160985693,0.069,-0.1998144998108013
2025-12-28 16:00:00,0.6292220831267904,0.942524,13.5,0.0,0.40016129,0.31330191687320963,0.091,-0.028510474435462077
2025-12-28 17:00:00,1.7669722913752768,0.0,11.733027708624723,0.0,0.40016129,0.0,0.095,0.0
2025-12-28 18:00:00,3.0724842512485786,0.0,8.660543457376145,0.0,0.40016129,0.0,0.091,0.0
2025-12-28 19:00:00,1.2460579047747071,0.0,7.414485552601437,0.0,0.40016129,0.0,0.089,0.0
2025-12-28 20:00:00,1.0875137578451222,0.0,6.326971794756315,0.0,0.40016129,0.0,0.088,0.0
2025-12-28 21:00:00,1.174217588197239,0.0,5.152754206559076,0.0,0.38016129,0.0,0.09,0.0
2025-12-28 22:00:00,1.194035606563437,0.0,3.958718599995639,0.0,0.38016129,0.0,0.09,0.0
2025-12-28 23:00:00,1.2534896616620317,0.0,2.7052289383336072,0.0,0.38016129,0.0,0.091,0.0
2025-12-29 00:00:00,1.5953504784789492,0.0,1.109878459854658,0.0,0.37016129,0.0,0.089,0.0
2025-12-29 01:00:00,1.5482826848592284,0.0,0.0,0.4384042250045703,0.37016129,0.0,0.085,0.162280273469142
2025-12-29 02:00:00,1.6399410198028948,0.0,0.0,1.6399410198028948,0.37016129,0.0,0.082,0.607042683414155
2025-12-29 03:00:00,1.649850028985994,0.0,0.0,1.649850028985994,0.37016129,0.0,0.082,0.6107106150359929
2025-12-29 04:00:00,1.7514173731127594,0.0,0.0,1.7514173731127594,0.37016129,0.0,0.085,0.6483069141598303
2025-12-29 05:00:00,1.5903959738873996,0.0,0.0,1.5903959738873996,0.37016129,0.0,0.089,0.5887030253049661
2025-12-29 06:00:00,1.8529847172395248,0.0,0.0,1.8529847172395248,0.37016129,0.0,0.09,0.6859032132836678
2025-12-29 07:00:00,1.766280886887408,0.0,0.0,1.766280886887408,0.37016129,0.0,0.083,0.653808811592587
2025-12-29 08:00:00,0.9562193861690595,1.185514,0.2292946138309404,0.0,0.37016129,0.0,0.074,0.0
2025-12-29 09:00:00,0.411223881098611,2.8942289999999997,2.712299732732329,0.0,0.37016129,0.0,0.069,0.0
2025-12-29 10:00:00,0.411223881098611,4.240518,6.541593851633717,0.0,0.37016129,0.0,0.069,0.0
2025-12-29 11:00:00,0.4528091575594098,3.889832,9.978616694074308,0.0,0.37016129,0.0,0.063,0.0
2025-12-29 12:00:00,0.5345584833199772,4.880725999999999,13.5,0.0,0.37016129,4.346167516680022,0.063,-0.2738085535508414
2025-12-29 13:00:00,0.6534665935171661,4.659669,13.5,0.0,0.37016129,4.006202406482834,0.061,-0.24437834679545287
2025-12-29 14:00:00,1.1742175881972388,3.176506,13.5,0.0,0.37016129,2.002288411802761,0.062,-0.12414188153177118
2025-12-29 15:00:00,0.8571292943380688,1.035871,13.5,0.0,0.38016129,0.17874170566193115,0.069,-0.01233317769067325
2025-12-29 16:00:00,0.3170882938591698,0.960934,13.5,0.0,0.40016129,0.6438457061408301,0.091,-0.05858995925881554
2025-12-29 17:00:00,1.2532149805652202,0.0,12.24678501943478,0.0,0.40016129,0.0,0.095,0.0
2025-12-29 18:00:00,2.021163192255398,0.0,10.22562182717938,0.0,0.40016129,0.0,0.091,0.0
2025-12-29 19:00:00,0.6292220831267904,0.0,9.59639974405259,0.0,0.40016129,0.0,0.089,0.0
2025-12-29 20:00:00,0.7134486611831324,0.0,8.882951082869457,0.0,0.40016129,0.0,0.088,0.0
2025-12-29 21:00:00,1.005764432084555,0.0,7.877186650784902,0.0,0.38016129,0.0,0.09,0.0
2025-12-29 22:00:00,1.0875137578451222,0.0,6.78967289293978,0.0,0.38016129,0.0,0.09,0.0
2025-12-29 23:00:00,1.0627412348873746,0.0,5.726931658052406,0.0,0.38016129,0.0,0.091,0.0
2025-12-30 00:00:00,1.2088991203380857,0.0,4.51803253771432,0.0,0.37016129,0.0,0.089,0.0
2025-12-30 01:00:00,1.3228527259437248,0.0,3.195179811770595,0.0,0.37016129,0.0,0.085,0.0
2025-12-30 02:00:00,1.1543995698310408,0.0,2.0407802419395544,0.0,0.37016129,0.0,0.082,0.0
2025-12-30 03:00:00,1.2386261478873828,0.0,0.8021540940521716,0.0,0.37016129,0.0,0.082,0.0
2025-12-30 04:00:00,1.3401934920141485,0.0,0.0,0.5380393979619769,0.37016129,0.0,0.085,0.19916135762042872
2025-12-30 05:00:00,1.2534896616620312,0.0,0.0,1.2534896616620312,0.37016129,0.0,0.089,0.463993350162481
2025-12-30 06:00:00,1.4615788545071118,0.0,0.0,1.4615788545071118,0.37016129,0.0,0.09,0.5410199142210748
2025-12-30 07:00:00,1.416988313183166,0.0,0.0,1.416988313183166,0.37016129,0.0,0.083,0.5245142219228047
2025-12-30 08:00:00,0.6936306428169343,2.4239349999999997,1.7303043571830654,0.0,0.37016129,0.0,0.074,0.0
2025-12-30 09:00:00,0.485541449971854,4.027878,5.272640907211212,0.0,0.37016129,0.0,0.069,0.0
2025-12-30 10:00:00,0.2378162203943774,4.980142,10.014966686816834,0.0,0.37016129,0.0,0.069,0.0
2025-12-30 11:00:00,0.4899679419960313,5.497657,13.5,0.0,0.37016129,5.007689058003969,0.063,-0.31548441065425004
2025-12-30 12:00:00,0.4503319052636352,5.541705,13.5,0.0,0.37016129,5.091373094736365,0.063,-0.32075650496839103
2025-12-30 13:00:00,0.4329911391932117,5.076609,13.5,0.0,0.37016129,4.643617860806788,0.061,-0.28326068950921407
2025-12-30 14:00:00,0.1486351377464856,4.243847,13.5,0.0,0.37016129,4.095211862253514,0.062,-0.2539031354597179
2025-12-30 15:00:00,0.1511123900422604,2.906759,13.5,0.0,0.38016129,2.75564660995774,0.069,-0.19013961608708407
2025-12-30 16:00:00,0.1932256790704316,0.32018,13.5,0.0,0.40016129,0.12695432092956843,0.091,-0.011552843204590726
2025-12-30 17:00:00,1.2705557466356434,0.0,12.229444253364356,0.0,0.40016129,0.0,0.095,0.0
2025-12-30 18:00:00,2.3209107200441443,0.0,9.908533533320211,0.0,0.40016129,0.0,0.091,0.0
2025-12-30 19:00:00,0.5425182527746735,0.0,9.366015280545538,0.0,0.40016129,0.0,0.089,0.0
2025-12-30 20:00:00,0.9438331246901857,0.0,8.422182155855353,0.0,0.40016129,0.0,0.088,0.0
2025-12-30 21:00:00,0.931446863211312,0.0,7.490735292644041,0.0,0.38016129,0.0,0.09,0.0
2025-12-30 22:00:00,1.0305369550423027,0.0,6.460198337601739,0.0,0.38016129,0.0,0.09,0.0
2025-12-30 23:00:00,0.9215378540282128,0.0,5.538660483573526,0.0,0.38016129,0.0,0.091,0.0
2025-12-31 00:00:00,1.1573722725859703,0.0,4.381288210987556,0.0,0.37016129,0.0,0.089,0.0
2025-12-31 01:00:00,1.1078272266704752,0.0,3.2734609843170808,0.0,0.37016129,0.0,0.085,0.0
2025-12-31 02:00:00,1.2742985809465392,0.0,1.9991624033705415,0.0,0.37016129,0.0,0.082,0.0
2025-12-31 03:00:00,1.224753535031044,0.0,0.7744088683394976,0.0,0.37016129,0.0,0.082,0.0
2025-12-31 04:00:00,1.2188081295211846,0.0,0.0,0.44439926118168693,0.37016129,0.0,0.085,0.16449940379406014
2025-12-31 05:00:00,1.248535157070482,0.0,0.0,1.248535157070482,0.37016129,0.0,0.089,0.4621593843515622
2025-12-31 06:00:00,1.343661645228233,0.0,0.0,1.343661645228233,0.37016129,0.0,0.09,0.49737152792120504
2025-12-31 07:00:00,1.1970083093183668,0.0,0.0,1.1970083093183668,0.37016129,0.0,0.083,0.44308613991800566
2025-12-31 08:00:00,0.8640656007662383,0.267563,0.0,0.5965026007662383,0.37016129,0.0,0.074,0.22080217218798573
2025-12-31 09:00:00,0.7867753291380655,1.154602,0.3678266708619346,0.0,0.37016129,0.0,0.069,0.0
2025-12-31 10:00:00,2.846977306907068,0.7162999999999999,0.0,1.7628506360451335,0.37016129,0.0,0.069,0.6525390655157871
2025-12-31 11:00:00,3.3126012423408744,0.701973,0.0,2.6106282423408746,0.37016129,0.0,0.063,0.9663535178953307
2025-12-31 12:00:00,3.0906394366394556,0.677241,0.0,2.4133984366394556,0.37016129,0.0,0.063,0.8933466785904441
2025-12-31 13:00:00,3.025239976031002,0.6280359999999999,0.0,2.397203976031002,0.37016129,0.0,0.061,0.8873521161607647
2025-12-31 14:00:00,2.5754704552901537,0.329126,0.0,2.2463444552901537,0.37016129,0.0,0.062,0.8315097613545506
2025-12-31 15:00:00,0.4637416297690361,0.174026,0.0,0.2897156297690361,0.38016129,0.0,0.069,0.11013866754615916
2025-12-31 16:00:00,0.6103949656789022,0.03584,0.0,0.5745549656789022,0.40016129,0.0,0.091,0.2299146562419752
2025-12-31 17:00:00,2.0459393083383643,0.0,0.0,2.0459393083383643,0.40016129,0.0,0.095,0.8187057128863876
2025-12-31 18:00:00,2.9773861715496768,0.0,0.0,2.9773861715496768,0.40016129,0.0,0.091,1.19143469123548
2025-12-31 19:00:00,0.5628317216000266,0.0,0.0,0.5628317216000266,0.40016129,0.0,0.089,0.2252234677683875
2025-12-31 20:00:00,0.4221237912000199,0.0,0.0,0.4221237912000199,0.40016129,0.0,0.088,0.16891760082629062
2025-12-31 21:00:00,0.505359468338052,0.0,0.0,0.505359468338052,0.38016129,0.0,0.09,0.192118107397108
2025-12-31 22:00:00,0.7015578501634135,0.0,0.0,0.7015578501634135,0.38016129,0.0,0.09,0.26670513732775
2025-12-31 23:00:00,1.048373171571881,0.0,0.0,1.048373171571881,0.38016129,0.0,0.091,0.39855089730615756
2025-12-31 23:59:59,0.1,0.0,0.0,0.1,150.0,0.0,0.0,15.0
