timestamp,usage_kwh,generation_kwh,battery_soc_kwh,buy_kwh,buy_price,sell_kwh,sell_price,cost
2025-01-01 00:00:00,1.46,0.0,12.04,0.0,0.37016129,0.0,0.09,0.0
2025-01-01 01:00:00,0.95,0.0,11.09,0.0,0.37016129,0.0,0.088,0.0
2025-01-01 02:00:00,1.24,0.0,9.85,0.0,0.37016129,0.0,0.086,0.0
2025-01-01 03:00:00,1.52,0.0,8.33,0.0,0.37016129,0.0,0.086,0.0
2025-01-01 04:00:00,1.4,0.0,6.93,0.0,0.37016129,0.0,0.087,0.0
2025-01-01 05:00:00,1.5,0.0,5.43,0.0,0.37016129,0.0,0.092,0.0
2025-01-01 06:00:00,1.26,0.0,4.17,0.0,0.37016129,0.0,0.092,0.0
2025-01-01 07:00:00,1.0,0.0,3.17,0.0,0.37016129,0.0,0.088,0.0
2025-01-01 08:00:00,1.09,1.770152,3.850152,0.0,0.37016129,0.0,0.073,0.0
2025-01-01 09:00:00,1.51,0.029625,2.3697769999999996,0.0,0.37016129,0.0,0.065,0.0
2025-01-01 10:00:00,3.689999999999999,1.6583420000000002,0.3381190000000007,0.0,0.37016129,0.0,0.062,0.0
2025-01-01 11:00:00,4.980730769230769,4.583333,0.0,0.0592787692307688,0.37016129,0.0,0.061,0.021942705688073685
2025-01-01 12:00:00,4.230730769230769,4.583333,0.3526022307692305,0.0,0.37016129,0.0,0.06,0.0
2025-01-01 13:00:00,4.3007307692307695,2.158598,0.0,1.789530538461539,0.37016129,0.0,0.058,0.6624149326113178
2025-01-01 14:00:00,2.8499999999999996,2.395653,0.0,0.45434699999999983,0.37016129,0.0,0.057,0.16818167162762993
2025-01-01 15:00:00,1.54,2.834454,1.294454,0.0,0.38016129,0.0,0.061,0.0
2025-01-01 16:00:00,2.02,0.9853,0.259754,0.0,0.40016129,0.0,0.081,0.0
2025-01-01 17:00:00,5.4254080459770115,0.0,0.0,5.1656540459770115,0.40016129,0.0,0.098,2.06709478673188
2025-01-01 18:00:00,5.665408045977012,0.0,0.0,5.665408045977012,0.40016129,0.0,0.095,2.26707699205454
2025-01-01 19:00:00,0.48,0.0,0.0,0.48,0.40016129,0.0,0.089,0.1920774192
2025-01-01 20:00:00,0.29,0.0,0.0,0.29,0.40016129,0.0,0.088,0.1160467741
2025-01-01 21:00:00,0.25,0.0,0.0,0.25,0.38016129,0.0,0.09,0.0950403225
2025-01-01 22:00:00,0.41,0.0,0.0,0.41,0.38016129,0.0,0.09,0.15586612889999998
2025-01-01 23:00:00,0.75,0.0,0.0,0.75,0.38016129,0.0,0.091,0.2851209675
2025-01-02 00:00:00,0.86,0.0,0.0,0.86,0.37016129,0.0,0.09,0.3183387094
2025-01-02 01:00:00,1.36,0.0,0.0,1.36,0.37016129,0.0,0.088,0.5034193544
2025-01-02 02:00:00,1.06,0.0,0.0,1.06,0.37016129,0.0,0.086,0.3923709674
2025-01-02 03:00:00,1.06,0.0,0.0,1.06,0.37016129,0.0,0.086,0.3923709674
2025-01-02 04:00:00,1.07,0.0,0.0,1.07,0.37016129,0.0,0.087,0.3960725803
2025-01-02 05:00:00,1.12,0.0,0.0,1.12,0.37016129,0.0,0.092,0.4145806448
2025-01-02 06:00:00,1.39,0.0,0.0,1.39,0.37016129,0.0,0.092,0.5145241931
2025-01-02 07:00:00,1.3199999999999998,0.0,0.0,1.3199999999999998,0.37016129,0.0,0.088,0.4886129027999999
2025-01-02 08:00:00,0.56,0.0,0.0,0.56,0.37016129,0.0,0.073,0.2072903224
2025-01-02 09:00:00,0.17,0.1566779999999999,0.0,0.013322000000000112,0.37016129,0.0,0.065,0.004931288705380041
2025-01-02 10:00:00,0.72,0.081673,0.0,0.638327,0.37016129,0.0,0.062,0.23628394576182998
2025-01-02 11:00:00,1.0369102564102564,0.640143,0.0,0.39676725641025634,0.37016129,0.0,0.061,0.14686787946258126
2025-01-02 12:00:00,1.1269102564102564,0.435391,0.0,0.6915192564102565,0.37016129,0.0,0.06,0.2559736600126613
2025-01-02 13:00:00,0.4869102564102564,0.675626,0.1887157435897435,0.0,0.37016129,0.0,0.058,0.0
2025-01-02 14:00:00,0.2,0.2556879999999999,0.2444037435897434,0.0,0.37016129,0.0,0.057,0.0
2025-01-02 15:00:00,0.56,0.275002,0.0,0.04059425641025663,0.38016129,0.0,0.061,0.01543236488351393
2025-01-02 16:00:00,0.93,0.027475,0.0,0.902525,0.40016129,0.0,0.081,0.36115556825725004
2025-01-02 17:00:00,1.3484693486590038,0.0,0.0,1.3484693486590038,0.40016129,0.0,0.098,0.5396052340848467
2025-01-02 18:00:00,1.948469348659004,0.0,0.0,1.948469348659004,0.40016129,0.0,0.095,0.7797020080848468
2025-01-02 19:00:00,0.96,0.0,0.0,0.96,0.40016129,0.0,0.089,0.3841548384
2025-01-02 20:00:00,0.6000000000000001,0.0,0.0,0.6000000000000001,0.40016129,0.0,0.088,0.24009677400000004
2025-01-02 21:00:00,0.61,0.0,0.0,0.61,0.38016129,0.0,0.09,0.23189838689999998
2025-01-02 22:00:00,0.76,0.0,0.0,0.76,0.38016129,0.0,0.09,0.2889225804
2025-01-02 23:00:00,0.5499999999999999,0.0,0.0,0.5499999999999999,0.38016129,0.0,0.091,0.20908870949999997
2025-01-03 00:00:00,0.92,0.0,0.0,0.92,0.37016129,0.0,0.09,0.3405483868
2025-01-03 01:00:00,0.92,0.0,0.0,0.92,0.37016129,0.0,0.088,0.3405483868
2025-01-03 02:00:00,0.5700000000000001,0.0,0.0,0.5700000000000001,0.37016129,0.0,0.086,0.21099193530000002
2025-01-03 03:00:00,0.67,0.0,0.0,0.67,0.37016129,0.0,0.086,0.2480080643
2025-01-03 04:00:00,0.91,0.0,0.0,0.91,0.37016129,0.0,0.087,0.3368467739
2025-01-03 05:00:00,0.63,0.0,0.0,0.63,0.37016129,0.0,0.092,0.23320161269999998
2025-01-03 06:00:00,0.57,0.0,0.0,0.57,0.37016129,0.0,0.092,0.21099193529999996
2025-01-03 07:00:00,1.39,0.0,0.0,1.39,0.37016129,0.0,0.088,0.5145241931
2025-01-03 08:00:00,1.6,0.012529,0.0,1.587471,0.37016129,0.0,0.073,0.58762031319759
2025-01-03 09:00:00,0.92,1.159791,0.2397909999999999,0.0,0.37016129,0.0,0.065,0.0
2025-01-03 10:00:00,3.21,3.025604,0.0553949999999999,0.0,0.37016129,0.0,0.062,0.0
2025-01-03 11:00:00,5.176910256410256,1.1670999999999998,0.0,3.9544152564102566,0.37016129,0.0,0.061,1.4637714525085013
2025-01-03 12:00:00,3.2369102564102565,0.790139,0.0,2.4467712564102566,0.37016129,0.0,0.06,0.9057000046077412
2025-01-03 13:00:00,2.9469102564102565,0.767338,0.0,2.1795722564102564,0.37016129,0.0,0.058,0.8067932780810312
2025-01-03 14:00:00,2.53,1.002993,0.0,1.5270069999999998,0.37016129,0.0,0.057,0.5652388809590299
2025-01-03 15:00:00,0.2299999999999999,1.258529,1.028529,0.0,0.38016129,0.0,0.061,0.0
2025-01-03 16:00:00,0.26,0.034199,0.802728,0.0,0.40016129,0.0,0.081,0.0
2025-01-03 17:00:00,1.6784693486590037,0.0,0.0,0.8757413486590037,0.40016129,0.0,0.098,0.35043778778572665
2025-01-03 18:00:00,2.958469348659004,0.0,0.0,2.958469348659004,0.40016129,0.0,0.095,1.1838649109848467
2025-01-03 19:00:00,1.26,0.0,0.0,1.26,0.40016129,0.0,0.089,0.5042032254
2025-01-03 20:00:00,0.6799999999999999,0.0,0.0,0.6799999999999999,0.40016129,0.0,0.088,0.27210967719999996
2025-01-03 21:00:00,0.98,0.0,0.0,0.98,0.38016129,0.0,0.09,0.3725580642
2025-01-03 22:00:00,0.67,0.0,0.0,0.67,0.38016129,0.0,0.09,0.2547080643
2025-01-03 23:00:00,1.09,0.0,0.0,1.09,0.38016129,0.0,0.091,0.4143758061
2025-01-04 00:00:00,0.65,0.0,0.0,0.65,0.37016129,0.0,0.09,0.2406048385
2025-01-04 01:00:00,1.04,0.0,0.0,1.04,0.37016129,0.0,0.088,0.38496774159999997
2025-01-04 02:00:00,1.11,0.0,0.0,1.11,0.37016129,0.0,0.086,0.4108790319
2025-01-04 03:00:00,1.03,0.0,0.0,1.03,0.37016129,0.0,0.086,0.3812661287
2025-01-04 04:00:00,1.23,0.0,0.0,1.23,0.37016129,0.0,0.087,0.45529838669999995
2025-01-04 05:00:00,1.1,0.0,0.0,1.1,0.37016129,0.0,0.092,0.407177419
2025-01-04 06:00:00,1.08,0.0,0.0,1.08,0.37016129,0.0,0.092,0.3997741932
2025-01-04 07:00:00,1.2,0.0,0.0,1.2,0.37016129,0.0,0.088,0.44419354799999994
2025-01-04 08:00:00,1.06,0.848185,0.0,0.2118150000000001,0.37016129,0.0,0.073,0.07840571364135003
2025-01-04 09:00:00,0.92,2.365212,1.4452120000000002,0.0,0.37016129,0.0,0.065,0.0
2025-01-04 10:00:00,2.9299999999999997,0.204391,0.0,1.2803969999999993,0.37016129,0.0,0.062,0.4739534052321297
2025-01-04 11:00:00,3.4469102564102565,1.87187,0.0,1.5750402564102566,0.37016129,0.0,0.061,0.5830189331147513
2025-01-04 12:00:00,2.8269102564102564,2.2873099999999997,0.0,0.5396002564102567,0.37016129,0.0,0.06,0.19973912699715135
2025-01-04 13:00:00,3.006910256410256,2.1545949999999996,0.0,0.8523152564102565,0.37016129,0.0,0.058,0.3154941147995013
2025-01-04 14:00:00,2.46,0.207395,0.0,2.252605,0.37016129,0.0,0.057,0.8338271726604499
2025-01-04 15:00:00,0.31,2.7288,2.4188,0.0,0.38016129,0.0,0.061,0.0
2025-01-04 16:00:00,2.29,0.011446,0.1402459999999998,0.0,0.40016129,0.0,0.081,0.0
2025-01-04 17:00:00,3.658469348659004,0.0,0.0,3.518223348659004,0.40016129,0.0,0.098,1.4078567937075068
2025-01-04 18:00:00,2.898469348659004,0.0,0.0,2.898469348659004,0.40016129,0.0,0.095,1.1598552335848467
2025-01-04 19:00:00,0.73,0.0,0.0,0.73,0.40016129,0.0,0.089,0.2921177417
2025-01-04 20:00:00,0.64,0.0,0.0,0.64,0.40016129,0.0,0.088,0.2561032256
2025-01-04 21:00:00,1.04,0.0,0.0,1.04,0.38016129,0.0,0.09,0.3953677416
2025-01-04 22:00:00,0.81,0.0,0.0,0.81,0.38016129,0.0,0.09,0.3079306449
2025-01-04 23:00:00,0.91,0.0,0.0,0.91,0.38016129,0.0,0.091,0.3459467739
2025-01-05 00:00:00,1.06,0.0,0.0,1.06,0.37016129,0.0,0.09,0.3923709674
2025-01-05 01:00:00,1.13,0.0,0.0,1.13,0.37016129,0.0,0.088,0.41828225769999994
2025-01-05 02:00:00,0.97,0.0,0.0,0.97,0.37016129,0.0,0.086,0.35905645129999997
2025-01-05 03:00:00,1.19,0.0,0.0,1.19,0.37016129,0.0,0.086,0.44049193509999995
2025-01-05 04:00:00,1.21,0.0,0.0,1.21,0.37016129,0.0,0.087,0.4478951609
2025-01-05 05:00:00,0.99,0.0,0.0,0.99,0.37016129,0.0,0.092,0.3664596771
2025-01-05 06:00:00,1.16,0.0,0.0,1.16,0.37016129,0.0,0.092,0.42938709639999995
2025-01-05 07:00:00,1.41,0.0,0.0,1.41,0.37016129,0.0,0.088,0.5219274188999999
2025-01-05 08:00:00,1.71,0.093635,0.0,1.616365,0.37016129,0.0,0.073,0.59831575351085
2025-01-05 09:00:00,0.13,0.54479,0.41479,0.0,0.37016129,0.0,0.065,0.0
2025-01-05 10:00:00,2.5,0.632205,0.0,1.453005,0.37016129,0.0,0.062,0.53784620517645
2025-01-05 11:00:00,2.833153846153846,0.227661,0.0,2.605492846153846,0.37016129,0.0,0.061,0.9644525930180792
2025-01-05 12:00:00,2.783153846153846,0.86049,0.0,1.9226638461538461,0.37016129,0.0,0.06,0.7116957295286692
2025-01-05 13:00:00,2.893153846153846,0.217137,0.0,2.676016846153846,0.37016129,0.0,0.058,0.990557847834039
2025-01-05 14:00:00,2.75,0.221786,0.0,2.528214,0.37016129,0.0,0.057,0.93584695563606
2025-01-05 15:00:00,0.15,0.129778,0.0,0.02022199999999999,0.38016129,0.0,0.061,0.007687621606379996
2025-01-05 16:00:00,0.32,0.905823,0.585823,0.0,0.40016129,0.0,0.081,0.0
2025-01-05 17:00:00,1.3778045977011495,0.0,0.0,0.7919815977011495,0.40016129,0.0,0.098,0.31692037779235305
2025-01-05 18:00:00,2.51780459770115,0.0,0.0,2.51780459770115,0.40016129,0.0,0.095,1.0075279357840232
2025-01-05 19:00:00,0.78,0.0,0.0,0.78,0.40016129,0.0,0.089,0.3121258062
2025-01-05 20:00:00,0.6900000000000001,0.0,0.0,0.6900000000000001,0.40016129,0.0,0.088,0.2761112901
2025-01-05 21:00:00,1.26,0.0,0.0,1.26,0.38016129,0.0,0.09,0.4790032254
2025-01-05 22:00:00,0.8700000000000001,0.0,0.0,0.8700000000000001,0.38016129,0.0,0.09,0.3307403223
2025-01-05 23:00:00,1.5,0.0,0.0,1.5,0.38016129,0.0,0.091,0.570241935
2025-01-06 00:00:00,1.52,0.0,0.0,1.52,0.37016129,0.0,0.09,0.5626451607999999
2025-01-06 01:00:00,1.84,0.0,0.0,1.84,0.37016129,0.0,0.088,0.6810967736
2025-01-06 02:00:00,1.85,0.0,0.0,1.85,0.37016129,0.0,0.086,0.6847983865
2025-01-06 03:00:00,2.17,0.0,0.0,2.17,0.37016129,0.0,0.086,0.8032499993
2025-01-06 04:00:00,1.84,0.0,0.0,1.84,0.37016129,0.0,0.087,0.6810967736
2025-01-06 05:00:00,1.92,0.0,0.0,1.92,0.37016129,0.0,0.092,0.7107096768
2025-01-06 06:00:00,1.93,0.0,0.0,1.93,0.37016129,0.0,0.092,0.7144112896999999
2025-01-06 07:00:00,2.05,0.0,0.0,2.05,0.37016129,0.0,0.088,0.7588306444999999
2025-01-06 08:00:00,0.7300000000000001,2.020356,1.290356,0.0,0.37016129,0.0,0.073,0.0
2025-01-06 09:00:00,0.38,3.4382170000000003,4.348573,0.0,0.37016129,0.0,0.065,0.0
2025-01-06 10:00:00,0.47,4.271059,8.149632,0.0,0.37016129,0.0,0.062,0.0
2025-01-06 11:00:00,0.6631538461538462,4.583333,12.069811153846151,0.0,0.37016129,0.0,0.061,0.0
2025-01-06 12:00:00,1.0431538461538463,4.583333,13.5,0.0,0.37016129,3.5401791538461533,0.06,-0.2124107492307692
2025-01-06 13:00:00,1.4331538461538462,4.553078999999999,13.5,0.0,0.37016129,3.119925153846153,0.058,-0.18095565892307688
2025-01-06 14:00:00,1.3199999999999998,2.14574,13.5,0.0,0.37016129,0.8257400000000001,0.057,-0.04706718000000001
2025-01-06 15:00:00,0.7000000000000001,2.913552,13.5,0.0,0.38016129,2.213552,0.061,-0.135026672
2025-01-06 16:00:00,0.28,1.234902,13.5,0.0,0.40016129,0.9549019999999999,0.081,-0.077347062
2025-01-06 17:00:00,2.34780459770115,0.0,11.152195402298853,0.0,0.40016129,0.0,0.098,0.0
2025-01-06 18:00:00,2.74780459770115,0.0,8.404390804597702,0.0,0.40016129,0.0,0.095,0.0
2025-01-06 19:00:00,1.7600000000000002,0.0,6.644390804597702,0.0,0.40016129,0.0,0.089,0.0
2025-01-06 20:00:00,1.5,0.0,5.144390804597702,0.0,0.40016129,0.0,0.088,0.0
2025-01-06 21:00:00,1.4500000000000002,0.0,3.6943908045977016,0.0,0.38016129,0.0,0.09,0.0
2025-01-06 22:00:00,1.87,0.0,1.8243908045977015,0.0,0.38016129,0.0,0.09,0.0
2025-01-06 23:00:00,1.73,0.0,0.0943908045977015,0.0,0.38016129,0.0,0.091,0.0
2025-01-07 00:00:00,1.83,0.0,0.0,1.7356091954022985,0.37016129,0.0,0.09,0.6424553387059768
2025-01-07 01:00:00,1.9,0.0,0.0,1.9,0.37016129,0.0,0.088,0.7033064509999999
2025-01-07 02:00:00,1.74,0.0,0.0,1.74,0.37016129,0.0,0.086,0.6440806445999999
2025-01-07 03:00:00,1.82,0.0,0.0,1.82,0.37016129,0.0,0.086,0.6736935478
2025-01-07 04:00:00,2.03,0.0,0.0,2.03,0.37016129,0.0,0.087,0.7514274186999998
2025-01-07 05:00:00,1.82,0.0,0.0,1.82,0.37016129,0.0,0.092,0.6736935478
2025-01-07 06:00:00,2.19,0.0,0.0,2.19,0.37016129,0.0,0.092,0.8106532250999999
2025-01-07 07:00:00,1.79,0.0,0.0,1.79,0.37016129,0.0,0.088,0.6625887091
2025-01-07 08:00:00,0.62,0.0,0.0,0.62,0.37016129,0.0,0.073,0.2294999998
2025-01-07 09:00:00,0.52,0.91616,0.3961599999999999,0.0,0.37016129,0.0,0.065,0.0
2025-01-07 10:00:00,0.53,0.5502,0.4163599999999999,0.0,0.37016129,0.0,0.062,0.0
2025-01-07 11:00:00,0.7831538461538463,0.295383,0.0,0.07141084615384641,0.37016129,0.0,0.061,0.026433530932299325
2025-01-07 12:00:00,0.6231538461538462,0.415427,0.0,0.20772684615384618,0.37016129,0.0,0.06,0.07689243733993924
2025-01-07 13:00:00,0.5331538461538462,0.445804,0.0,0.08734984615384622,0.37016129,0.0,0.058,0.032333531733609255
2025-01-07 14:00:00,0.1,0.333801,0.233801,0.0,0.37016129,0.0,0.057,0.0
2025-01-07 15:00:00,0.12,0.595442,0.7092430000000001,0.0,0.38016129,0.0,0.061,0.0
2025-01-07 16:00:00,0.21,0.064966,0.5642090000000001,0.0,0.40016129,0.0,0.081,0.0
2025-01-07 17:00:00,1.2778045977011496,0.0,0.0,0.7135955977011496,0.40016129,0.0,0.098,0.28555333491441304
2025-01-07 18:00:00,3.1978045977011496,0.0,0.0,3.1978045977011496,0.40016129,0.0,0.095,1.279637612984023
2025-01-07 19:00:00,0.38,0.0,0.0,0.38,0.40016129,0.0,0.089,0.1520612902
2025-01-07 20:00:00,0.56,0.0,0.0,0.56,0.40016129,0.0,0.088,0.2240903224
2025-01-07 21:00:00,0.62,0.0,0.0,0.62,0.38016129,0.0,0.09,0.23569999979999998
2025-01-07 22:00:00,0.6900000000000001,0.0,0.0,0.6900000000000001,0.38016129,0.0,0.09,0.26231129010000004
2025-01-07 23:00:00,0.58,0.0,0.0,0.58,0.38016129,0.0,0.091,0.22049354819999997
2025-01-08 00:00:00,0.51,0.0,0.0,0.51,0.37016129,0.0,0.09,0.1887822579
2025-01-08 01:00:00,0.69,0.0,0.0,0.69,0.37016129,0.0,0.088,0.25541129009999997
2025-01-08 02:00:00,0.78,0.0,0.0,0.78,0.37016129,0.0,0.086,0.2887258062
2025-01-08 03:00:00,0.78,0.0,0.0,0.78,0.37016129,0.0,0.086,0.2887258062
2025-01-08 04:00:00,0.79,0.0,0.0,0.79,0.37016129,0.0,0.087,0.2924274191
2025-01-08 05:00:00,0.79,0.0,0.0,0.79,0.37016129,0.0,0.092,0.2924274191
2025-01-08 06:00:00,0.8800000000000001,0.0,0.0,0.8800000000000001,0.37016129,0.0,0.092,0.3257419352
2025-01-08 07:00:00,1.0,0.0,0.0,1.0,0.37016129,0.0,0.088,0.37016129
2025-01-08 08:00:00,0.52,1.944562,1.424562,0.0,0.37016129,0.0,0.073,0.0
2025-01-08 09:00:00,0.18,0.012925,1.2574869999999998,0.0,0.37016129,0.0,0.065,0.0
2025-01-08 10:00:00,2.46,1.698285,0.4957719999999999,0.0,0.37016129,0.0,0.062,0.0
2025-01-08 11:00:00,2.7273653846153847,0.374087,0.0,1.857506384615385,0.37016129,0.0,0.061,0.687576959512467
2025-01-08 12:00:00,2.7173653846153845,0.177154,0.0,2.5402113846153846,0.37016129,0.0,0.06,0.9402879230019169
2025-01-08 13:00:00,2.7173653846153845,0.038977,0.0,2.6783883846153844,0.37016129,0.0,0.058,0.9914356995702468
2025-01-08 14:00:00,2.4299999999999997,0.4059,0.0,2.0241,0.37016129,0.0,0.057,0.7492434670889999
2025-01-08 15:00:00,0.14,0.10845,0.0,0.03155000000000001,0.38016129,0.0,0.061,0.011994088699500003
2025-01-08 16:00:00,0.2,0.0,0.0,0.2,0.40016129,0.0,0.081,0.08003225800000001
2025-01-08 17:00:00,0.995853448275862,0.0,0.0,0.995853448275862,0.40016129,0.0,0.098,0.3985020005130172
2025-01-08 18:00:00,1.4058534482758622,0.0,0.0,1.4058534482758622,0.40016129,0.0,0.095,0.5625681294130173
2025-01-08 19:00:00,0.32,0.0,0.0,0.32,0.40016129,0.0,0.089,0.1280516128
2025-01-08 20:00:00,0.33,0.0,0.0,0.33,0.40016129,0.0,0.088,0.1320532257
2025-01-08 21:00:00,0.44,0.0,0.0,0.44,0.38016129,0.0,0.09,0.1672709676
2025-01-08 22:00:00,1.45,0.0,0.0,1.45,0.38016129,0.0,0.09,0.5512338705
2025-01-08 23:00:00,1.76,0.0,0.0,1.76,0.38016129,0.0,0.091,0.6690838704
2025-01-09 00:00:00,1.85,0.0,0.0,1.85,0.37016129,0.0,0.09,0.6847983865
2025-01-09 01:00:00,1.93,0.0,0.0,1.93,0.37016129,0.0,0.088,0.7144112896999999
2025-01-09 02:00:00,1.65,0.0,0.0,1.65,0.37016129,0.0,0.086,0.6107661284999999
2025-01-09 03:00:00,2.05,0.0,0.0,2.05,0.37016129,0.0,0.086,0.7588306444999999
2025-01-09 04:00:00,1.77,0.0,0.0,1.77,0.37016129,0.0,0.087,0.6551854832999999
2025-01-09 05:00:00,2.05,0.0,0.0,2.05,0.37016129,0.0,0.092,0.7588306444999999
2025-01-09 06:00:00,1.88,0.0,0.0,1.88,0.37016129,0.0,0.092,0.6959032251999999
2025-01-09 07:00:00,1.99,0.0,0.0,1.99,0.37016129,0.0,0.088,0.7366209670999999
2025-01-09 08:00:00,0.54,0.610622,0.0706219999999999,0.0,0.37016129,0.0,0.073,0.0
2025-01-09 09:00:00,0.2,0.5269790000000001,0.397601,0.0,0.37016129,0.0,0.065,0.0
2025-01-09 10:00:00,0.2,0.957706,1.155307,0.0,0.37016129,0.0,0.062,0.0
2025-01-09 11:00:00,0.4973653846153847,3.150698,3.808639615384615,0.0,0.37016129,0.0,0.061,0.0
2025-01-09 12:00:00,0.4873653846153847,2.604023,5.92529723076923,0.0,0.37016129,0.0,0.06,0.0
2025-01-09 13:00:00,0.4973653846153847,2.540147,7.968078846153846,0.0,0.37016129,0.0,0.058,0.0
2025-01-09 14:00:00,0.21,2.58473,10.342808846153844,0.0,0.37016129,0.0,0.057,0.0
2025-01-09 15:00:00,0.21,1.942012,12.074820846153845,0.0,0.38016129,0.0,0.061,0.0
2025-01-09 16:00:00,0.2,0.086054,11.960874846153844,0.0,0.40016129,0.0,0.081,0.0
2025-01-09 17:00:00,1.0858534482758622,0.0,10.87502139787798,0.0,0.40016129,0.0,0.098,0.0
2025-01-09 18:00:00,3.575853448275862,0.0,7.299167949602119,0.0,0.40016129,0.0,0.095,0.0
2025-01-09 19:00:00,0.75,0.0,6.549167949602119,0.0,0.40016129,0.0,0.089,0.0
2025-01-09 20:00:00,0.2,0.0,6.349167949602119,0.0,0.40016129,0.0,0.088,0.0
2025-01-09 21:00:00,0.16,0.0,6.189167949602119,0.0,0.38016129,0.0,0.09,0.0
2025-01-09 22:00:00,0.14,0.0,6.049167949602119,0.0,0.38016129,0.0,0.09,0.0
2025-01-09 23:00:00,0.09,0.0,5.9591679496021195,0.0,0.38016129,0.0,0.091,0.0
2025-01-10 00:00:00,0.09,0.0,5.86916794960212,0.0,0.37016129,0.0,0.09,0.0
2025-01-10 01:00:00,0.1,0.0,5.76916794960212,0.0,0.37016129,0.0,0.088,0.0
2025-01-10 02:00:00,0.1,0.0,5.66916794960212,0.0,0.37016129,0.0,0.086,0.0
2025-01-10 03:00:00,0.41,0.0,5.25916794960212,0.0,0.37016129,0.0,0.086,0.0
2025-01-10 04:00:00,0.69,0.0,4.56916794960212,0.0,0.37016129,0.0,0.087,0.0
2025-01-10 05:00:00,0.51,0.0,4.05916794960212,0.0,0.37016129,0.0,0.092,0.0
2025-01-10 06:00:00,0.94,0.0,3.11916794960212,0.0,0.37016129,0.0,0.092,0.0
2025-01-10 07:00:00,0.51,0.0,2.60916794960212,0.0,0.37016129,0.0,0.088,0.0
2025-01-10 08:00:00,0.4499999999999999,0.093732,2.25289994960212,0.0,0.37016129,0.0,0.073,0.0
2025-01-10 09:00:00,0.09,0.398813,2.5617129496021196,0.0,0.37016129,0.0,0.065,0.0
2025-01-10 10:00:00,2.4,0.445189,0.6069019496021197,0.0,0.37016129,0.0,0.062,0.0
2025-01-10 11:00:00,2.6973653846153844,1.89357,0.0,0.19689343501326473,0.37016129,0.0,0.061,0.07288232789704123
2025-01-10 12:00:00,2.6773653846153844,4.583333,1.9059676153846152,0.0,0.37016129,0.0,0.06,0.0
2025-01-10 13:00:00,2.6873653846153847,3.1528780000000003,2.371480230769231,0.0,0.37016129,0.0,0.058,0.0
2025-01-10 14:00:00,2.3899999999999997,0.618467,0.5999472307692311,0.0,0.37016129,0.0,0.057,0.0
2025-01-10 15:00:00,0.1,0.361225,0.8611722307692311,0.0,0.38016129,0.0,0.061,0.0
2025-01-10 16:00:00,0.99,0.204707,0.075879230769231,0.0,0.40016129,0.0,0.081,0.0
2025-01-10 17:00:00,3.535853448275862,0.0,0.0,3.4599742175066313,0.40016129,0.0,0.098,1.3845477462441942
2025-01-10 18:00:00,1.785853448275862,0.0,0.0,1.785853448275862,0.40016129,0.0,0.095,0.7146294196130172
2025-01-10 19:00:00,0.17,0.0,0.0,0.17,0.40016129,0.0,0.089,0.0680274193
2025-01-10 20:00:00,0.19,0.0,0.0,0.19,0.40016129,0.0,0.088,0.0760306451
2025-01-10 21:00:00,0.14,0.0,0.0,0.14,0.38016129,0.0,0.09,0.0532225806
2025-01-10 22:00:00,0.15,0.0,0.0,0.15,0.38016129,0.0,0.09,0.057024193499999994
2025-01-10 23:00:00,0.1,0.0,0.0,0.1,0.38016129,0.0,0.091,0.038016129
2025-01-11 00:00:00,0.51,0.0,0.0,0.51,0.37016129,0.0,0.09,0.1887822579
2025-01-11 01:00:00,0.66,0.0,0.0,0.66,0.37016129,0.0,0.088,0.24430645139999999
2025-01-11 02:00:00,0.94,0.0,0.0,0.94,0.37016129,0.0,0.086,0.34795161259999996
2025-01-11 03:00:00,0.87,0.0,0.0,0.87,0.37016129,0.0,0.086,0.32204032229999996
2025-01-11 04:00:00,0.86,0.0,0.0,0.86,0.37016129,0.0,0.087,0.3183387094
2025-01-11 05:00:00,1.24,0.0,0.0,1.24,0.37016129,0.0,0.092,0.4589999996
2025-01-11 06:00:00,0.96,0.0,0.0,0.96,0.37016129,0.0,0.092,0.3553548384
2025-01-11 07:00:00,0.97,0.0,0.0,0.97,0.37016129,0.0,0.088,0.35905645129999997
2025-01-11 08:00:00,0.5700000000000001,1.618046,1.048046,0.0,0.37016129,0.0,0.073,0.0
2025-01-11 09:00:00,0.66,3.405942,3.793988,0.0,0.37016129,0.0,0.065,0.0
2025-01-11 10:00:00,2.51,4.394788999999999,5.678776999999999,0.0,0.37016129,0.0,0.062,0.0
2025-01-11 11:00:00,2.7973653846153845,4.583333,7.464744615384614,0.0,0.37016129,0.0,0.061,0.0
2025-01-11 12:00:00,2.7773653846153845,4.583333,9.27071223076923,0.0,0.37016129,0.0,0.06,0.0
2025-01-11 13:00:00,2.6973653846153844,1.837242,8.410588846153845,0.0,0.37016129,0.0,0.058,0.0
2025-01-11 14:00:00,2.4099999999999997,1.483557,7.484145846153845,0.0,0.37016129,0.0,0.057,0.0
2025-01-11 15:00:00,0.11,2.905367,10.279512846153844,0.0,0.38016129,0.0,0.061,0.0
2025-01-11 16:00:00,0.13,1.228102,11.377614846153843,0.0,0.40016129,0.0,0.081,0.0
2025-01-11 17:00:00,1.3558534482758622,0.0,10.02176139787798,0.0,0.40016129,0.0,0.098,0.0
2025-01-11 18:00:00,3.325853448275862,0.0,6.695907949602119,0.0,0.40016129,0.0,0.095,0.0
2025-01-11 19:00:00,0.19,0.0,6.505907949602118,0.0,0.40016129,0.0,0.089,0.0
2025-01-11 20:00:00,0.22,0.0,6.285907949602119,0.0,0.40016129,0.0,0.088,0.0
2025-01-11 21:00:00,0.77,0.0,5.515907949602118,0.0,0.38016129,0.0,0.09,0.0
2025-01-11 22:00:00,1.61,0.0,3.905907949602118,0.0,0.38016129,0.0,0.09,0.0
2025-01-11 23:00:00,0.56,0.0,3.345907949602118,0.0,0.38016129,0.0,0.091,0.0
2025-01-12 00:00:00,0.72,0.0,2.6259079496021176,0.0,0.37016129,0.0,0.09,0.0
2025-01-12 01:00:00,0.87,0.0,1.7559079496021175,0.0,0.37016129,0.0,0.088,0.0
2025-01-12 02:00:00,0.58,0.0,1.1759079496021174,0.0,0.37016129,0.0,0.086,0.0
2025-01-12 03:00:00,1.02,0.0,0.1559079496021174,0.0,0.37016129,0.0,0.086,0.0
2025-01-12 04:00:00,0.9,0.0,0.0,0.7440920503978826,0.37016129,0.0,0.087,0.27543407325402525
2025-01-12 05:00:00,0.98,0.0,0.0,0.98,0.37016129,0.0,0.092,0.36275806419999995
2025-01-12 06:00:00,1.2,0.0,0.0,1.2,0.37016129,0.0,0.092,0.44419354799999994
2025-01-12 07:00:00,0.8,0.0,0.0,0.8,0.37016129,0.0,0.088,0.296129032
2025-01-12 08:00:00,0.57,2.244936,1.6749360000000002,0.0,0.37016129,0.0,0.073,0.0
2025-01-12 09:00:00,0.56,3.5746979999999997,4.689634,0.0,0.37016129,0.0,0.065,0.0
2025-01-12 10:00:00,2.5599999999999996,4.384182,6.513816,0.0,0.37016129,0.0,0.062,0.0
2025-01-12 11:00:00,3.9231538461538458,4.583333,7.173995153846154,0.0,0.37016129,0.0,0.061,0.0
2025-01-12 12:00:00,5.413153846153846,4.583333,6.344174307692308,0.0,0.37016129,0.0,0.06,0.0
2025-01-12 13:00:00,3.263153846153846,4.583333,7.664353461538461,0.0,0.37016129,0.0,0.058,0.0
2025-01-12 14:00:00,2.5599999999999996,4.150305,9.254658461538462,0.0,0.37016129,0.0,0.057,0.0
2025-01-12 15:00:00,0.11,3.114995,12.259653461538464,0.0,0.38016129,0.0,0.061,0.0
2025-01-12 16:00:00,0.09,1.516461,13.5,0.0,0.40016129,1.426461,0.081,-0.11554334100000001
2025-01-12 17:00:00,1.7078045977011498,0.0,11.79219540229885,0.0,0.40016129,0.0,0.098,0.0
2025-01-12 18:00:00,3.3478045977011495,0.0,8.4443908045977,0.0,0.40016129,0.0,0.095,0.0
2025-01-12 19:00:00,1.14,0.0,7.304390804597701,0.0,0.40016129,0.0,0.089,0.0
2025-01-12 20:00:00,0.49,0.0,6.814390804597701,0.0,0.40016129,0.0,0.088,0.0
2025-01-12 21:00:00,0.6,0.0,6.214390804597701,0.0,0.38016129,0.0,0.09,0.0
2025-01-12 22:00:00,0.59,0.0,5.624390804597701,0.0,0.38016129,0.0,0.09,0.0
2025-01-12 23:00:00,0.6,0.0,5.024390804597702,0.0,0.38016129,0.0,0.091,0.0
2025-01-13 00:00:00,0.7000000000000001,0.0,4.3243908045977015,0.0,0.37016129,0.0,0.09,0.0
2025-01-13 01:00:00,0.86,0.0,3.4643908045977017,0.0,0.37016129,0.0,0.088,0.0
2025-01-13 02:00:00,0.9,0.0,2.5643908045977017,0.0,0.37016129,0.0,0.086,0.0
2025-01-13 03:00:00,1.3,0.0,1.2643908045977017,0.0,0.37016129,0.0,0.086,0.0
2025-01-13 04:00:00,1.23,0.0,0.0343908045977017,0.0,0.37016129,0.0,0.087,0.0
2025-01-13 05:00:00,1.06,0.0,0.0,1.0256091954022983,0.37016129,0.0,0.092,0.3796408228059768
2025-01-13 06:00:00,1.36,0.0,0.0,1.36,0.37016129,0.0,0.092,0.5034193544
2025-01-13 07:00:00,1.29,0.0,0.0,1.29,0.37016129,0.0,0.088,0.47750806409999996
2025-01-13 08:00:00,0.68,0.118203,0.0,0.5617970000000001,0.37016129,0.0,0.073,0.20795550223813003
2025-01-13 09:00:00,0.42,0.334225,0.0,0.08577499999999999,0.37016129,0.0,0.065,0.031750584649749995
2025-01-13 10:00:00,0.52,0.7943669999999999,0.2743669999999999,0.0,0.37016129,0.0,0.062,0.0
2025-01-13 11:00:00,0.5731538461538462,0.73848,0.4396931538461537,0.0,0.37016129,0.0,0.061,0.0
2025-01-13 12:00:00,0.5331538461538462,1.25071,1.1572493076923074,0.0,0.37016129,0.0,0.06,0.0
2025-01-13 13:00:00,0.5131538461538463,1.392557,2.036652461538461,0.0,0.37016129,0.0,0.058,0.0
2025-01-13 14:00:00,0.14,1.1275160000000002,3.024168461538461,0.0,0.37016129,0.0,0.057,0.0
2025-01-13 15:00:00,0.14,0.382849,3.2670174615384613,0.0,0.38016129,0.0,0.061,0.0
2025-01-13 16:00:00,0.24,0.0410009999999999,3.068018461538461,0.0,0.40016129,0.0,0.081,0.0
2025-01-13 17:00:00,1.2578045977011496,0.0,1.8102138638373115,0.0,0.40016129,0.0,0.098,0.0
2025-01-13 18:00:00,2.74780459770115,0.0,0.0,0.9375907338638383,0.40016129,0.0,0.095,0.37518751755500024
2025-01-13 19:00:00,0.26,0.0,0.0,0.26,0.40016129,0.0,0.089,0.10404193540000001
2025-01-13 20:00:00,0.98,0.0,0.0,0.98,0.40016129,0.0,0.088,0.3921580642
2025-01-13 21:00:00,0.89,0.0,0.0,0.89,0.38016129,0.0,0.09,0.3383435481
2025-01-13 22:00:00,1.09,0.0,0.0,1.09,0.38016129,0.0,0.09,0.4143758061
2025-01-13 23:00:00,0.94,0.0,0.0,0.94,0.38016129,0.0,0.091,0.3573516126
2025-01-14 00:00:00,0.93,0.0,0.0,0.93,0.37016129,0.0,0.09,0.3442499997
2025-01-14 01:00:00,1.21,0.0,0.0,1.21,0.37016129,0.0,0.088,0.4478951609
2025-01-14 02:00:00,0.86,0.0,0.0,0.86,0.37016129,0.0,0.086,0.3183387094
2025-01-14 03:00:00,1.24,0.0,0.0,1.24,0.37016129,0.0,0.086,0.4589999996
2025-01-14 04:00:00,0.98,0.0,0.0,0.98,0.37016129,0.0,0.087,0.36275806419999995
2025-01-14 05:00:00,1.39,0.0,0.0,1.39,0.37016129,0.0,0.092,0.5145241931
2025-01-14 06:00:00,1.02,0.0,0.0,1.02,0.37016129,0.0,0.092,0.3775645158
2025-01-14 07:00:00,1.27,0.0,0.0,1.27,0.37016129,0.0,0.088,0.4701048383
2025-01-14 08:00:00,1.0,2.290038,1.290038,0.0,0.37016129,0.0,0.073,0.0
2025-01-14 09:00:00,0.41,3.665443,4.5454810000000005,0.0,0.37016129,0.0,0.065,0.0
2025-01-14 10:00:00,0.1,4.460869,8.90635,0.0,0.37016129,0.0,0.062,0.0
2025-01-14 11:00:00,0.4831538461538462,4.115246,12.538442153846152,0.0,0.37016129,0.0,0.061,0.0
2025-01-14 12:00:00,0.4831538461538462,4.098448,13.5,0.0,0.37016129,3.615294153846154,0.06,-0.21691764923076923
2025-01-14 13:00:00,0.4931538461538462,4.583333,13.5,0.0,0.37016129,4.090179153846154,0.058,-0.23723039092307693
2025-01-14 14:00:00,0.18,4.078859,13.5,0.0,0.37016129,3.8988589999999994,0.057,-0.22223496299999998
2025-01-14 15:00:00,0.17,3.0580279999999997,13.5,0.0,0.38016129,2.888028,0.061,-0.17616970799999998
2025-01-14 16:00:00,0.2299999999999999,0.652913,13.5,0.0,0.40016129,0.4229130000000001,0.081,-0.034255953000000006
2025-01-14 17:00:00,2.42780459770115,0.0,11.07219540229885,0.0,0.40016129,0.0,0.098,0.0
2025-01-14 18:00:00,2.51780459770115,0.0,8.554390804597698,0.0,0.40016129,0.0,0.095,0.0
2025-01-14 19:00:00,1.1,0.0,7.454390804597699,0.0,0.40016129,0.0,0.089,0.0
2025-01-14 20:00:00,1.83,0.0,5.624390804597699,0.0,0.40016129,0.0,0.088,0.0
2025-01-14 21:00:00,1.46,0.0,4.164390804597699,0.0,0.38016129,0.0,0.09,0.0
2025-01-14 22:00:00,1.92,0.0,2.244390804597699,0.0,0.38016129,0.0,0.09,0.0
2025-01-14 23:00:00,1.53,0.0,0.7143908045976988,0.0,0.38016129,0.0,0.091,0.0
2025-01-15 00:00:00,1.89,0.0,0.0,1.1756091954023011,0.37016129,0.0,0.09,0.4351650163059778
2025-01-15 01:00:00,1.95,0.0,0.0,1.95,0.37016129,0.0,0.088,0.7218145155
2025-01-15 02:00:00,2.06,0.0,0.0,2.06,0.37016129,0.0,0.086,0.7625322574
2025-01-15 03:00:00,1.94,0.0,0.0,1.94,0.37016129,0.0,0.086,0.7181129025999999
2025-01-15 04:00:00,2.06,0.0,0.0,2.06,0.37016129,0.0,0.087,0.7625322574
2025-01-15 05:00:00,2.04,0.0,0.0,2.04,0.37016129,0.0,0.092,0.7551290316
2025-01-15 06:00:00,2.24,0.0,0.0,2.24,0.37016129,0.0,0.092,0.8291612896
2025-01-15 07:00:00,1.83,0.0,0.0,1.83,0.37016129,0.0,0.088,0.6773951606999999
2025-01-15 08:00:00,1.22,0.425427,0.0,0.794573,0.37016129,0.0,0.073,0.29412016667916996
2025-01-15 09:00:00,1.03,2.384892,1.3548919999999998,0.0,0.37016129,0.0,0.065,0.0
2025-01-15 10:00:00,2.51,2.554477,1.399369,0.0,0.37016129,0.0,0.062,0.0
2025-01-15 11:00:00,2.984730769230769,2.8810749999999996,1.2957132307692305,0.0,0.37016129,0.0,0.061,0.0
2025-01-15 12:00:00,2.9947307692307694,2.948902,1.2498844615384608,0.0,0.37016129,0.0,0.06,0.0
2025-01-15 13:00:00,2.984730769230769,2.4909229999999996,0.7560766923076911,0.0,0.37016129,0.0,0.058,0.0
2025-01-15 14:00:00,2.42,1.294778,0.0,0.3691453076923088,0.37016129,0.0,0.057,0.13664330329283195
2025-01-15 15:00:00,0.11,1.184271,1.0742709999999998,0.0,0.38016129,0.0,0.061,0.0
2025-01-15 16:00:00,0.19,0.453412,1.3376829999999995,0.0,0.40016129,0.0,0.081,0.0
2025-01-15 17:00:00,2.0017068965517244,0.0,0.0,0.6640238965517249,0.40016129,0.0,0.098,0.2657166590349648
2025-01-15 18:00:00,3.731706896551725,0.0,0.0,3.731706896551725,0.40016129,0.0,0.095,1.4932846456260347
2025-01-15 19:00:00,0.33,0.0,0.0,0.33,0.40016129,0.0,0.089,0.1320532257
2025-01-15 20:00:00,0.27,0.0,0.0,0.27,0.40016129,0.0,0.088,0.10804354830000001
2025-01-15 21:00:00,0.22,0.0,0.0,0.22,0.38016129,0.0,0.09,0.0836354838
2025-01-15 22:00:00,0.5,0.0,0.0,0.5,0.38016129,0.0,0.09,0.190080645
2025-01-15 23:00:00,0.8600000000000001,0.0,0.0,0.8600000000000001,0.38016129,0.0,0.091,0.3269387094
2025-01-16 00:00:00,0.94,0.0,0.0,0.94,0.37016129,0.0,0.09,0.34795161259999996
2025-01-16 01:00:00,1.01,0.0,0.0,1.01,0.37016129,0.0,0.088,0.37386290289999996
2025-01-16 02:00:00,0.8500000000000001,0.0,0.0,0.8500000000000001,0.37016129,0.0,0.086,0.3146370965
2025-01-16 03:00:00,0.92,0.0,0.0,0.92,0.37016129,0.0,0.086,0.3405483868
2025-01-16 04:00:00,1.05,0.0,0.0,1.05,0.37016129,0.0,0.087,0.3886693545
2025-01-16 05:00:00,1.2999999999999998,0.0,0.0,1.2999999999999998,0.37016129,0.0,0.092,0.4812096769999999
2025-01-16 06:00:00,0.93,0.0,0.0,0.93,0.37016129,0.0,0.092,0.3442499997
2025-01-16 07:00:00,1.16,0.0,0.0,1.16,0.37016129,0.0,0.088,0.42938709639999995
2025-01-16 08:00:00,0.75,2.030631,1.280631,0.0,0.37016129,0.0,0.073,0.0
2025-01-16 09:00:00,0.85,3.429743,3.860374,0.0,0.37016129,0.0,0.065,0.0
2025-01-16 10:00:00,0.51,4.289941,7.640314999999999,0.0,0.37016129,0.0,0.062,0.0
2025-01-16 11:00:00,1.9747307692307696,4.583333,10.24891723076923,0.0,0.37016129,0.0,0.061,0.0
2025-01-16 12:00:00,1.394730769230769,4.583333,13.43751946153846,0.0,0.37016129,0.0,0.06,0.0
2025-01-16 13:00:00,1.0647307692307693,4.583333,13.5,0.0,0.37016129,3.5186022307692304,0.058,-0.2040789293846154
2025-01-16 14:00:00,0.12,3.993707,13.5,0.0,0.37016129,3.873707,0.057,-0.220801299
2025-01-16 15:00:00,0.1,2.989393,13.5,0.0,0.38016129,2.889393,0.061,-0.176252973
2025-01-16 16:00:00,0.11,1.50833,13.5,0.0,0.40016129,1.3983299999999999,0.081,-0.11326473
2025-01-16 17:00:00,1.7617068965517242,0.0,11.738293103448276,0.0,0.40016129,0.0,0.098,0.0
2025-01-16 18:00:00,2.281706896551724,0.0,9.456586206896551,0.0,0.40016129,0.0,0.095,0.0
2025-01-16 19:00:00,0.25,0.0,9.206586206896551,0.0,0.40016129,0.0,0.089,0.0
2025-01-16 20:00:00,0.3,0.0,8.906586206896552,0.0,0.40016129,0.0,0.088,0.0
2025-01-16 21:00:00,0.13,0.0,8.776586206896551,0.0,0.38016129,0.0,0.09,0.0
2025-01-16 22:00:00,0.54,0.0,8.23658620689655,0.0,0.38016129,0.0,0.09,0.0
2025-01-16 23:00:00,0.8500000000000001,0.0,7.386586206896551,0.0,0.38016129,0.0,0.091,0.0
2025-01-17 00:00:00,0.72,0.0,6.666586206896551,0.0,0.37016129,0.0,0.09,0.0
2025-01-17 01:00:00,0.79,0.0,5.876586206896551,0.0,0.37016129,0.0,0.088,0.0
2025-01-17 02:00:00,0.78,0.0,5.096586206896551,0.0,0.37016129,0.0,0.086,0.0
2025-01-17 03:00:00,0.86,0.0,4.2365862068965505,0.0,0.37016129,0.0,0.086,0.0
2025-01-17 04:00:00,0.87,0.0,3.3665862068965504,0.0,0.37016129,0.0,0.087,0.0
2025-01-17 05:00:00,0.93,0.0,2.4365862068965503,0.0,0.37016129,0.0,0.092,0.0
2025-01-17 06:00:00,1.16,0.0,1.2765862068965503,0.0,0.37016129,0.0,0.092,0.0
2025-01-17 07:00:00,1.1,0.0,0.1765862068965502,0.0,0.37016129,0.0,0.088,0.0
2025-01-17 08:00:00,0.77,0.009497,0.0,0.5839167931034499,0.37016129,0.0,0.073,0.2161433933878361
2025-01-17 09:00:00,1.02,2.419811,1.399811,0.0,0.37016129,0.0,0.065,0.0
2025-01-17 10:00:00,2.9,2.690309,1.1901200000000005,0.0,0.37016129,0.0,0.062,0.0
2025-01-17 11:00:00,3.635333333333333,2.891173,0.445959666666667,0.0,0.37016129,0.0,0.061,0.0
2025-01-17 12:00:00,2.955333333333333,3.728576,1.219202333333334,0.0,0.37016129,0.0,0.06,0.0
2025-01-17 13:00:00,3.1053333333333333,2.614447,0.7283160000000009,0.0,0.37016129,0.0,0.058,0.0
2025-01-17 14:00:00,2.8499999999999996,2.016364,0.0,0.10531999999999897,0.37016129,0.0,0.057,0.038985387062799616
2025-01-17 15:00:00,0.5499999999999999,1.981725,1.431725,0.0,0.38016129,0.0,0.061,0.0
2025-01-17 16:00:00,0.6400000000000001,0.589858,1.381583,0.0,0.40016129,0.0,0.081,0.0
2025-01-17 17:00:00,1.9845670498084291,0.0,0.0,0.6029840498084291,0.40016129,0.0,0.098,0.24129087522076526
2025-01-17 18:00:00,2.6945670498084295,0.0,0.0,2.6945670498084295,0.40016129,0.0,0.095,1.0782614266428354
2025-01-17 19:00:00,0.81,0.0,0.0,0.81,0.40016129,0.0,0.089,0.32413064490000004
2025-01-17 20:00:00,0.72,0.0,0.0,0.72,0.40016129,0.0,0.088,0.2881161288
2025-01-17 21:00:00,0.92,0.0,0.0,0.92,0.38016129,0.0,0.09,0.3497483868
2025-01-17 22:00:00,0.54,0.0,0.0,0.54,0.38016129,0.0,0.09,0.2052870966
2025-01-17 23:00:00,1.15,0.0,0.0,1.15,0.38016129,0.0,0.091,0.43718548349999997
2025-01-18 00:00:00,0.93,0.0,0.0,0.93,0.37016129,0.0,0.09,0.3442499997
2025-01-18 01:00:00,0.88,0.0,0.0,0.88,0.37016129,0.0,0.088,0.3257419352
2025-01-18 02:00:00,0.93,0.0,0.0,0.93,0.37016129,0.0,0.086,0.3442499997
2025-01-18 03:00:00,1.08,0.0,0.0,1.08,0.37016129,0.0,0.086,0.3997741932
2025-01-18 04:00:00,0.82,0.0,0.0,0.82,0.37016129,0.0,0.087,0.3035322578
2025-01-18 05:00:00,0.96,0.0,0.0,0.96,0.37016129,0.0,0.092,0.3553548384
2025-01-18 06:00:00,1.33,0.0,0.0,1.33,0.37016129,0.0,0.092,0.4923145157
2025-01-18 07:00:00,0.94,0.0,0.0,0.94,0.37016129,0.0,0.088,0.34795161259999996
2025-01-18 08:00:00,0.87,1.920375,1.0503749999999998,0.0,0.37016129,0.0,0.073,0.0
2025-01-18 09:00:00,1.56,0.720105,0.2104799999999997,0.0,0.37016129,0.0,0.065,0.0
2025-01-18 10:00:00,2.8099999999999996,3.347906,0.7483860000000002,0.0,0.37016129,0.0,0.062,0.0
2025-01-18 11:00:00,2.6653333333333333,4.583333,2.6663856666666668,0.0,0.37016129,0.0,0.061,0.0
2025-01-18 12:00:00,2.6453333333333333,4.583333,4.604385333333333,0.0,0.37016129,0.0,0.06,0.0
2025-01-18 13:00:00,2.715333333333333,3.464343,5.353395,0.0,0.37016129,0.0,0.058,0.0
2025-01-18 14:00:00,2.46,4.084918,6.978313,0.0,0.37016129,0.0,0.057,0.0
2025-01-18 15:00:00,0.1,3.077124,9.955437,0.0,0.38016129,0.0,0.061,0.0
2025-01-18 16:00:00,0.12,1.519364,11.354801,0.0,0.40016129,0.0,0.081,0.0
2025-01-18 17:00:00,0.6745670498084292,0.0,10.680233950191573,0.0,0.40016129,0.0,0.098,0.0
2025-01-18 18:00:00,0.7345670498084291,0.0,9.94566690038314,0.0,0.40016129,0.0,0.095,0.0
2025-01-18 19:00:00,0.59,0.0,9.355666900383142,0.0,0.40016129,0.0,0.089,0.0
2025-01-18 20:00:00,1.06,0.0,8.295666900383141,0.0,0.40016129,0.0,0.088,0.0
2025-01-18 21:00:00,0.8300000000000001,0.0,7.465666900383141,0.0,0.38016129,0.0,0.09,0.0
2025-01-18 22:00:00,0.8,0.0,6.665666900383141,0.0,0.38016129,0.0,0.09,0.0
2025-01-18 23:00:00,0.95,0.0,5.715666900383141,0.0,0.38016129,0.0,0.091,0.0
2025-01-19 00:00:00,1.25,0.0,4.465666900383141,0.0,0.37016129,0.0,0.09,0.0
2025-01-19 01:00:00,0.9,0.0,3.565666900383141,0.0,0.37016129,0.0,0.088,0.0
2025-01-19 02:00:00,1.25,0.0,2.315666900383141,0.0,0.37016129,0.0,0.086,0.0
2025-01-19 03:00:00,1.09,0.0,1.225666900383141,0.0,0.37016129,0.0,0.086,0.0
2025-01-19 04:00:00,1.04,0.0,0.185666900383141,0.0,0.37016129,0.0,0.087,0.0
2025-01-19 05:00:00,0.94,0.0,0.0,0.7543330996168589,0.37016129,0.0,0.092,0.279224913243875
2025-01-19 06:00:00,1.19,0.0,0.0,1.19,0.37016129,0.0,0.092,0.44049193509999995
2025-01-19 07:00:00,1.18,0.0,0.0,1.18,0.37016129,0.0,0.088,0.43679032219999997
2025-01-19 08:00:00,0.95,2.181154,1.231154,0.0,0.37016129,0.0,0.073,0.0
2025-01-19 09:00:00,0.92,3.567083,3.878237,0.0,0.37016129,0.0,0.065,0.0
2025-01-19 10:00:00,3.17,4.483425,5.191662000000001,0.0,0.37016129,0.0,0.062,0.0
2025-01-19 11:00:00,3.095333333333333,4.583333,6.679661666666668,0.0,0.37016129,0.0,0.061,0.0
2025-01-19 12:00:00,3.5553333333333335,4.583333,7.707661333333334,0.0,0.37016129,0.0,0.06,0.0
2025-01-19 13:00:00,3.0453333333333332,4.583333,9.245661,0.0,0.37016129,0.0,0.058,0.0
2025-01-19 14:00:00,2.75,4.107981,10.603642,0.0,0.37016129,0.0,0.057,0.0
2025-01-19 15:00:00,1.04,3.1331979999999997,12.69684,0.0,0.38016129,0.0,0.061,0.0
2025-01-19 16:00:00,1.53,1.653923,12.820763,0.0,0.40016129,0.0,0.081,0.0
2025-01-19 17:00:00,2.394567049808429,0.0,10.42619595019157,0.0,0.40016129,0.0,0.098,0.0
2025-01-19 18:00:00,2.444567049808429,0.0,7.981628900383141,0.0,0.40016129,0.0,0.095,0.0
2025-01-19 19:00:00,1.99,0.0,5.991628900383141,0.0,0.40016129,0.0,0.089,0.0
2025-01-19 20:00:00,2.26,0.0,3.731628900383141,0.0,0.40016129,0.0,0.088,0.0
2025-01-19 21:00:00,1.87,0.0,1.861628900383141,0.0,0.38016129,0.0,0.09,0.0
2025-01-19 22:00:00,2.22,0.0,0.0,0.3583710996168592,0.38016129,0.0,0.09,0.1362388195290637
2025-01-19 23:00:00,1.88,0.0,0.0,1.88,0.38016129,0.0,0.091,0.7147032252
2025-01-20 00:00:00,3.21,0.0,0.0,3.21,0.37016129,0.0,0.09,1.1882177408999999
2025-01-20 01:00:00,2.26,0.0,0.0,2.26,0.37016129,0.0,0.088,0.8365645153999999
2025-01-20 02:00:00,2.28,0.0,0.0,2.28,0.37016129,0.0,0.086,0.8439677411999998
2025-01-20 03:00:00,2.1,0.0,0.0,2.1,0.37016129,0.0,0.086,0.777338709
2025-01-20 04:00:00,2.3,0.0,0.0,2.3,0.37016129,0.0,0.087,0.8513709669999999
2025-01-20 05:00:00,2.24,0.0,0.0,2.24,0.37016129,0.0,0.092,0.8291612896
2025-01-20 06:00:00,2.62,0.0,0.0,2.62,0.37016129,0.0,0.092,0.9698225798
2025-01-20 07:00:00,2.49,0.0,0.0,2.49,0.37016129,0.0,0.088,0.9217016121
2025-01-20 08:00:00,1.47,2.178422,0.7084219999999999,0.0,0.37016129,0.0,0.073,0.0
2025-01-20 09:00:00,0.39,3.541111,3.859533,0.0,0.37016129,0.0,0.065,0.0
2025-01-20 10:00:00,0.57,4.378537000000001,7.66807,0.0,0.37016129,0.0,0.062,0.0
2025-01-20 11:00:00,0.2953333333333333,4.583333,11.956069666666666,0.0,0.37016129,0.0,0.061,0.0
2025-01-20 12:00:00,0.2953333333333333,4.583333,13.5,0.0,0.37016129,4.287999666666666,0.06,-0.25727997999999996
2025-01-20 13:00:00,0.4053333333333334,4.387764,13.5,0.0,0.37016129,3.9824306666666662,0.058,-0.23098097866666664
2025-01-20 14:00:00,3.1799999999999997,3.619407,13.5,0.0,0.37016129,0.4394070000000001,0.057,-0.025046199000000005
2025-01-20 15:00:00,2.51,1.260424,12.250424,0.0,0.38016129,0.0,0.061,0.0
2025-01-20 16:00:00,0.64,0.5069549999999999,12.117379,0.0,0.40016129,0.0,0.081,0.0
2025-01-20 17:00:00,0.6945670498084292,0.0,11.422811950191573,0.0,0.40016129,0.0,0.098,0.0
2025-01-20 18:00:00,0.7845670498084292,0.0,10.638244900383144,0.0,0.40016129,0.0,0.095,0.0
2025-01-20 19:00:00,0.18,0.0,10.458244900383145,0.0,0.40016129,0.0,0.089,0.0
2025-01-20 20:00:00,0.18,0.0,10.278244900383145,0.0,0.40016129,0.0,0.088,0.0
2025-01-20 21:00:00,0.92,0.0,9.358244900383143,0.0,0.38016129,0.0,0.09,0.0
2025-01-20 22:00:00,0.56,0.0,8.798244900383143,0.0,0.38016129,0.0,0.09,0.0
2025-01-20 23:00:00,0.81,0.0,7.988244900383142,0.0,0.38016129,0.0,0.091,0.0
2025-01-21 00:00:00,0.99,0.0,6.998244900383142,0.0,0.37016129,0.0,0.09,0.0
2025-01-21 01:00:00,1.01,0.0,5.988244900383142,0.0,0.37016129,0.0,0.088,0.0
2025-01-21 02:00:00,1.0,0.0,4.988244900383142,0.0,0.37016129,0.0,0.086,0.0
2025-01-21 03:00:00,1.03,0.0,3.958244900383142,0.0,0.37016129,0.0,0.086,0.0
2025-01-21 04:00:00,1.36,0.0,2.5982449003831416,0.0,0.37016129,0.0,0.087,0.0
2025-01-21 05:00:00,0.98,0.0,1.6182449003831416,0.0,0.37016129,0.0,0.092,0.0
2025-01-21 06:00:00,1.31,0.0,0.3082449003831415,0.0,0.37016129,0.0,0.092,0.0
2025-01-21 07:00:00,1.65,0.0,0.0,1.3417550996168583,0.37016129,0.0,0.088,0.49666579853825477
2025-01-21 08:00:00,0.62,2.1108200000000004,1.4908200000000005,0.0,0.37016129,0.0,0.073,0.0
2025-01-21 09:00:00,0.55,3.37598,4.316800000000001,0.0,0.37016129,0.0,0.065,0.0
2025-01-21 10:00:00,0.22,4.1157770000000005,8.212577000000001,0.0,0.37016129,0.0,0.062,0.0
2025-01-21 11:00:00,0.4253333333333333,4.408694000000001,12.19593766666667,0.0,0.37016129,0.0,0.061,0.0
2025-01-21 12:00:00,0.4153333333333333,4.461309,13.5,0.0,0.37016129,4.045975666666667,0.06,-0.24275854000000002
2025-01-21 13:00:00,0.4253333333333333,4.319971,13.5,0.0,0.37016129,3.8946376666666667,0.058,-0.22588898466666668
2025-01-21 14:00:00,0.22,3.919322,13.5,0.0,0.37016129,3.699322,0.057,-0.210861354
2025-01-21 15:00:00,0.22,3.065402,13.5,0.0,0.38016129,2.845402,0.061,-0.173569522
2025-01-21 16:00:00,0.22,1.68409,13.5,0.0,0.40016129,1.4640900000000001,0.081,-0.11859129000000002
2025-01-21 17:00:00,0.7345670498084291,0.0,12.76543295019157,0.0,0.40016129,0.0,0.098,0.0
2025-01-21 18:00:00,2.9045670498084295,0.0,9.86086590038314,0.0,0.40016129,0.0,0.095,0.0
2025-01-21 19:00:00,0.44,0.0,9.42086590038314,0.0,0.40016129,0.0,0.089,0.0
2025-01-21 20:00:00,0.5700000000000001,0.0,8.850865900383141,0.0,0.40016129,0.0,0.088,0.0
2025-01-21 21:00:00,0.72,0.0,8.13086590038314,0.0,0.38016129,0.0,0.09,0.0
2025-01-21 22:00:00,0.6,0.0,7.530865900383141,0.0,0.38016129,0.0,0.09,0.0
2025-01-21 23:00:00,0.88,0.0,6.650865900383141,0.0,0.38016129,0.0,0.091,0.0
2025-01-22 00:00:00,1.12,0.0,5.530865900383141,0.0,0.37016129,0.0,0.09,0.0
2025-01-22 01:00:00,1.06,0.0,4.47086590038314,0.0,0.37016129,0.0,0.088,0.0
2025-01-22 02:00:00,1.18,0.0,3.2908659003831406,0.0,0.37016129,0.0,0.086,0.0
2025-01-22 03:00:00,1.2000000000000002,0.0,2.0908659003831405,0.0,0.37016129,0.0,0.086,0.0
2025-01-22 04:00:00,1.02,0.0,1.0708659003831404,0.0,0.37016129,0.0,0.087,0.0
2025-01-22 05:00:00,1.16,0.0,0.0,0.08913409961685947,0.37016129,0.0,0.092,0.03299399329716521
2025-01-22 06:00:00,1.44,0.0,0.0,1.44,0.37016129,0.0,0.092,0.5330322576
2025-01-22 07:00:00,1.11,0.0,0.0,1.11,0.37016129,0.0,0.088,0.4108790319
2025-01-22 08:00:00,0.59,2.209182,1.619182,0.0,0.37016129,0.0,0.073,0.0
2025-01-22 09:00:00,0.52,3.527317,4.626499,0.0,0.37016129,0.0,0.065,0.0
2025-01-22 10:00:00,2.4099999999999997,2.72971,4.946209,0.0,0.37016129,0.0,0.062,0.0
2025-01-22 11:00:00,2.6053333333333333,4.583333,6.924208666666666,0.0,0.37016129,0.0,0.061,0.0
2025-01-22 12:00:00,2.615333333333333,4.583333,8.892208333333333,0.0,0.37016129,0.0,0.06,0.0
2025-01-22 13:00:00,2.6053333333333333,4.419804,10.706679,0.0,0.37016129,0.0,0.058,0.0
2025-01-22 14:00:00,2.4099999999999997,3.867477,12.164156,0.0,0.37016129,0.0,0.057,0.0
2025-01-22 15:00:00,0.11,2.985621,13.5,0.0,0.38016129,2.875621,0.061,-0.17541288100000002
2025-01-22 16:00:00,0.27,0.772888,13.5,0.0,0.40016129,0.502888,0.081,-0.040733928
2025-01-22 17:00:00,1.0845670498084292,0.0,12.41543295019157,0.0,0.40016129,0.0,0.098,0.0
2025-01-22 18:00:00,1.1145670498084292,0.0,11.300865900383142,0.0,0.40016129,0.0,0.095,0.0
2025-01-22 19:00:00,0.16,0.0,11.140865900383142,0.0,0.40016129,0.0,0.089,0.0
2025-01-22 20:00:00,0.19,0.0,10.950865900383144,0.0,0.40016129,0.0,0.088,0.0
2025-01-22 21:00:00,0.16,0.0,10.790865900383142,0.0,0.38016129,0.0,0.09,0.0
2025-01-22 22:00:00,0.21,0.0,10.580865900383142,0.0,0.38016129,0.0,0.09,0.0
2025-01-22 23:00:00,0.8,0.0,9.78086590038314,0.0,0.38016129,0.0,0.091,0.0
2025-01-23 00:00:00,0.4299999999999999,0.0,9.35086590038314,0.0,0.37016129,0.0,0.09,0.0
2025-01-23 01:00:00,0.86,0.0,8.490865900383142,0.0,0.37016129,0.0,0.088,0.0
2025-01-23 02:00:00,0.9,0.0,7.590865900383141,0.0,0.37016129,0.0,0.086,0.0
2025-01-23 03:00:00,0.75,0.0,6.840865900383141,0.0,0.37016129,0.0,0.086,0.0
2025-01-23 04:00:00,0.94,0.0,5.900865900383142,0.0,0.37016129,0.0,0.087,0.0
2025-01-23 05:00:00,0.85,0.0,5.050865900383142,0.0,0.37016129,0.0,0.092,0.0
2025-01-23 06:00:00,1.12,0.0,3.930865900383142,0.0,0.37016129,0.0,0.092,0.0
2025-01-23 07:00:00,0.52,0.0,3.410865900383142,0.0,0.37016129,0.0,0.088,0.0
2025-01-23 08:00:00,0.1,1.985393,5.296258900383142,0.0,0.37016129,0.0,0.073,0.0
2025-01-23 09:00:00,0.13,1.437786,6.604044900383142,0.0,0.37016129,0.0,0.065,0.0
2025-01-23 10:00:00,0.13,4.037211,10.511255900383144,0.0,0.37016129,0.0,0.062,0.0
2025-01-23 11:00:00,0.403,4.456055999999999,13.5,0.0,0.37016129,4.053056,0.061,-0.247236416
2025-01-23 12:00:00,0.523,4.537813,13.5,0.0,0.37016129,4.014813,0.06,-0.24088878
2025-01-23 13:00:00,0.403,4.342995,13.5,0.0,0.37016129,3.939995,0.058,-0.22851971000000001
2025-01-23 14:00:00,0.1,3.753485,13.5,0.0,0.37016129,3.653485,0.057,-0.208248645
2025-01-23 15:00:00,0.1,2.794475,13.5,0.0,0.38016129,2.6944749999999997,0.061,-0.16436297499999997
2025-01-23 16:00:00,0.1,1.376108,13.5,0.0,0.40016129,1.276108,0.081,-0.103364748
2025-01-23 17:00:00,1.281850574712644,0.0,12.218149425287356,0.0,0.40016129,0.0,0.098,0.0
2025-01-23 18:00:00,3.121850574712644,0.0,9.096298850574712,0.0,0.40016129,0.0,0.095,0.0
2025-01-23 19:00:00,0.28,0.0,8.816298850574713,0.0,0.40016129,0.0,0.089,0.0
2025-01-23 20:00:00,0.17,0.0,8.646298850574713,0.0,0.40016129,0.0,0.088,0.0
2025-01-23 21:00:00,0.16,0.0,8.486298850574713,0.0,0.38016129,0.0,0.09,0.0
2025-01-23 22:00:00,0.7100000000000001,0.0,7.776298850574713,0.0,0.38016129,0.0,0.09,0.0
2025-01-23 23:00:00,0.7100000000000001,0.0,7.066298850574713,0.0,0.38016129,0.0,0.091,0.0
2025-01-24 00:00:00,0.41,0.0,6.6562988505747125,0.0,0.37016129,0.0,0.09,0.0
2025-01-24 01:00:00,0.6799999999999999,0.0,5.976298850574713,0.0,0.37016129,0.0,0.088,0.0
2025-01-24 02:00:00,0.6799999999999999,0.0,5.296298850574713,0.0,0.37016129,0.0,0.086,0.0
2025-01-24 03:00:00,0.88,0.0,4.416298850574713,0.0,0.37016129,0.0,0.086,0.0
2025-01-24 04:00:00,0.75,0.0,3.666298850574713,0.0,0.37016129,0.0,0.087,0.0
2025-01-24 05:00:00,0.94,0.0,2.726298850574713,0.0,0.37016129,0.0,0.092,0.0
2025-01-24 06:00:00,0.93,0.0,1.796298850574713,0.0,0.37016129,0.0,0.092,0.0
2025-01-24 07:00:00,1.0,0.002152,0.7984508505747131,0.0,0.37016129,0.0,0.088,0.0
2025-01-24 08:00:00,0.45,0.0803619999999999,0.4288128505747131,0.0,0.37016129,0.0,0.073,0.0
2025-01-24 09:00:00,0.27,1.200235,1.359047850574713,0.0,0.37016129,0.0,0.065,0.0
2025-01-24 10:00:00,2.57,3.1779189999999997,1.9669668505747129,0.0,0.37016129,0.0,0.062,0.0
2025-01-24 11:00:00,2.853,2.570696,1.6846628505747123,0.0,0.37016129,0.0,0.061,0.0
2025-01-24 12:00:00,2.853,4.004991,2.836653850574713,0.0,0.37016129,0.0,0.06,0.0
2025-01-24 13:00:00,2.8129999999999997,2.968558,2.992211850574713,0.0,0.37016129,0.0,0.058,0.0
2025-01-24 14:00:00,2.51,3.801415,4.283626850574713,0.0,0.37016129,0.0,0.057,0.0
2025-01-24 15:00:00,0.22,2.187613,6.251239850574713,0.0,0.38016129,0.0,0.061,0.0
2025-01-24 16:00:00,0.21,0.186065,6.227304850574713,0.0,0.40016129,0.0,0.081,0.0
2025-01-24 17:00:00,1.4618505747126438,0.0,4.765454275862069,0.0,0.40016129,0.0,0.098,0.0
2025-01-24 18:00:00,4.111850574712644,0.0,0.6536037011494251,0.0,0.40016129,0.0,0.095,0.0
2025-01-24 19:00:00,2.3200000000000003,0.0,0.0,1.6663962988505752,0.40016129,0.0,0.089,0.6668272925992716
2025-01-24 20:00:00,1.11,0.0,0.0,1.11,0.40016129,0.0,0.088,0.4441790319
2025-01-24 21:00:00,1.17,0.0,0.0,1.17,0.38016129,0.0,0.09,0.4447887093
2025-01-24 22:00:00,1.46,0.0,0.0,1.46,0.38016129,0.0,0.09,0.5550354834
2025-01-24 23:00:00,1.82,0.0,0.0,1.82,0.38016129,0.0,0.091,0.6918935478
2025-01-25 00:00:00,1.4500000000000002,0.0,0.0,1.4500000000000002,0.37016129,0.0,0.09,0.5367338705
2025-01-25 01:00:00,1.82,0.0,0.0,1.82,0.37016129,0.0,0.088,0.6736935478
2025-01-25 02:00:00,1.53,0.0,0.0,1.53,0.37016129,0.0,0.086,0.5663467737
2025-01-25 03:00:00,1.97,0.0,0.0,1.97,0.37016129,0.0,0.086,0.7292177412999999
2025-01-25 04:00:00,1.83,0.0,0.0,1.83,0.37016129,0.0,0.087,0.6773951606999999
2025-01-25 05:00:00,1.82,0.0,0.0,1.82,0.37016129,0.0,0.092,0.6736935478
2025-01-25 06:00:00,1.89,0.0,0.0,1.89,0.37016129,0.0,0.092,0.6996048381
2025-01-25 07:00:00,1.87,0.0,0.0,1.87,0.37016129,0.0,0.088,0.6922016123
2025-01-25 08:00:00,1.82,0.181994,0.0,1.638006,0.37016129,0.0,0.073,0.60632641398774
2025-01-25 09:00:00,1.4500000000000002,2.451252,1.0012519999999996,0.0,0.37016129,0.0,0.065,0.0
2025-01-25 10:00:00,3.42,0.143487,0.0,2.2752610000000004,0.37016129,0.0,0.062,0.8422135468466901
2025-01-25 11:00:00,3.713,0.4988809999999999,0.0,3.214119,0.37016129,0.0,0.061,1.18974243525351
2025-01-25 12:00:00,2.6929999999999996,0.29331,0.0,2.3996899999999997,0.37016129,0.0,0.06,0.8882723460000999
2025-01-25 13:00:00,2.823,0.247768,0.0,2.5752319999999997,0.37016129,0.0,0.058,0.9532511991692798
2025-01-25 14:00:00,2.5599999999999996,0.262827,0.0,2.2971729999999995,0.37016129,0.0,0.057,0.8503245210331698
2025-01-25 15:00:00,0.2,0.1805469999999999,0.0,0.01945300000000011,0.38016129,0.0,0.061,0.0073952775743700416
2025-01-25 16:00:00,0.18,0.113483,0.0,0.06651699999999999,0.40016129,0.0,0.081,0.026617528526929998
2025-01-25 17:00:00,3.261850574712644,0.0,0.0,3.261850574712644,0.40016129,0.0,0.098,1.305266333764253
2025-01-25 18:00:00,2.711850574712644,0.0,0.0,2.711850574712644,0.40016129,0.0,0.095,1.085177624264253
2025-01-25 19:00:00,0.47,0.0,0.0,0.47,0.40016129,0.0,0.089,0.18807580629999998
2025-01-25 20:00:00,0.28,0.0,0.0,0.28,0.40016129,0.0,0.088,0.1120451612
2025-01-25 21:00:00,0.71,0.0,0.0,0.71,0.38016129,0.0,0.09,0.2699145159
2025-01-25 22:00:00,1.48,0.0,0.0,1.48,0.38016129,0.0,0.09,0.5626387091999999
2025-01-25 23:00:00,0.92,0.0,0.0,0.92,0.38016129,0.0,0.091,0.3497483868
2025-01-26 00:00:00,0.93,0.0,0.0,0.93,0.37016129,0.0,0.09,0.3442499997
2025-01-26 01:00:00,0.97,0.0,0.0,0.97,0.37016129,0.0,0.088,0.35905645129999997
2025-01-26 02:00:00,1.04,0.0,0.0,1.04,0.37016129,0.0,0.086,0.38496774159999997
2025-01-26 03:00:00,1.04,0.0,0.0,1.04,0.37016129,0.0,0.086,0.38496774159999997
2025-01-26 04:00:00,1.25,0.0,0.0,1.25,0.37016129,0.0,0.087,0.46270161249999997
2025-01-26 05:00:00,1.74,0.0,0.0,1.74,0.37016129,0.0,0.092,0.6440806445999999
2025-01-26 06:00:00,1.37,0.0,0.0,1.37,0.37016129,0.0,0.092,0.5071209673
2025-01-26 07:00:00,1.37,0.0,0.0,1.37,0.37016129,0.0,0.088,0.5071209673
2025-01-26 08:00:00,1.52,0.217812,0.0,1.3021880000000001,0.37016129,0.0,0.073,0.48201958990252003
2025-01-26 09:00:00,1.13,1.554585,0.4245850000000002,0.0,0.37016129,0.0,0.065,0.0
2025-01-26 10:00:00,3.28,2.29082,0.0,0.5645949999999995,0.37016129,0.0,0.062,0.20899121352754982
2025-01-26 11:00:00,3.143,4.583333,1.440333,0.0,0.37016129,0.0,0.061,0.0
2025-01-26 12:00:00,3.263,4.583333,2.7606659999999996,0.0,0.37016129,0.0,0.06,0.0
2025-01-26 13:00:00,2.863,4.583333,4.480998999999999,0.0,0.37016129,0.0,0.058,0.0
2025-01-26 14:00:00,2.83,2.623645,4.274643999999999,0.0,0.37016129,0.0,0.057,0.0
2025-01-26 15:00:00,0.59,0.0093059999999999,3.6939499999999983,0.0,0.38016129,0.0,0.061,0.0
2025-01-26 16:00:00,0.6,0.801044,3.8949939999999983,0.0,0.40016129,0.0,0.081,0.0
2025-01-26 17:00:00,1.891850574712644,0.0,2.003143425287355,0.0,0.40016129,0.0,0.098,0.0
2025-01-26 18:00:00,4.331850574712644,0.0,0.0,2.328707149425289,0.40016129,0.0,0.095,0.9318584569462465
2025-01-26 19:00:00,1.12,0.0,0.0,1.12,0.40016129,0.0,0.089,0.4481806448
2025-01-26 20:00:00,0.95,0.0,0.0,0.95,0.40016129,0.0,0.088,0.38015322549999997
2025-01-26 21:00:00,1.01,0.0,0.0,1.01,0.38016129,0.0,0.09,0.3839629029
2025-01-26 22:00:00,1.14,0.0,0.0,1.14,0.38016129,0.0,0.09,0.43338387059999994
2025-01-26 23:00:00,1.08,0.0,0.0,1.08,0.38016129,0.0,0.091,0.4105741932
2025-01-27 00:00:00,1.01,0.0,0.0,1.01,0.37016129,0.0,0.09,0.37386290289999996
2025-01-27 01:00:00,1.29,0.0,0.0,1.29,0.37016129,0.0,0.088,0.47750806409999996
2025-01-27 02:00:00,1.59,0.0,0.0,1.59,0.37016129,0.0,0.086,0.5885564511
2025-01-27 03:00:00,1.09,0.0,0.0,1.09,0.37016129,0.0,0.086,0.4034758061
2025-01-27 04:00:00,1.7000000000000002,0.0,0.0,1.7000000000000002,0.37016129,0.0,0.087,0.629274193
2025-01-27 05:00:00,1.2000000000000002,0.0,0.0,1.2000000000000002,0.37016129,0.0,0.092,0.44419354800000005
2025-01-27 06:00:00,1.57,0.0,0.0,1.57,0.37016129,0.0,0.092,0.5811532253
2025-01-27 07:00:00,1.3,0.002032,0.0,1.297968,0.37016129,0.0,0.088,0.48045750925872
2025-01-27 08:00:00,0.98,1.114229,0.1342290000000001,0.0,0.37016129,0.0,0.073,0.0
2025-01-27 09:00:00,0.47,2.444603,2.108832,0.0,0.37016129,0.0,0.065,0.0
2025-01-27 10:00:00,0.1,0.655248,2.66408,0.0,0.37016129,0.0,0.062,0.0
2025-01-27 11:00:00,0.403,1.365843,3.626923000000001,0.0,0.37016129,0.0,0.061,0.0
2025-01-27 12:00:00,0.393,1.173342,4.407265000000001,0.0,0.37016129,0.0,0.06,0.0
2025-01-27 13:00:00,0.393,0.385824,4.400089,0.0,0.37016129,0.0,0.058,0.0
2025-01-27 14:00:00,0.1,1.965305,6.265394000000001,0.0,0.37016129,0.0,0.057,0.0
2025-01-27 15:00:00,0.11,0.521786,6.677180000000001,0.0,0.38016129,0.0,0.061,0.0
2025-01-27 16:00:00,0.12,0.107497,6.664677000000001,0.0,0.40016129,0.0,0.081,0.0
2025-01-27 17:00:00,1.061850574712644,0.0,5.602826425287357,0.0,0.40016129,0.0,0.098,0.0
2025-01-27 18:00:00,2.181850574712644,0.0,3.4209758505747128,0.0,0.40016129,0.0,0.095,0.0
2025-01-27 19:00:00,0.3399999999999999,0.0,3.080975850574713,0.0,0.40016129,0.0,0.089,0.0
2025-01-27 20:00:00,0.22,0.0,2.8609758505747127,0.0,0.40016129,0.0,0.088,0.0
2025-01-27 21:00:00,0.8,0.0,2.060975850574713,0.0,0.38016129,0.0,0.09,0.0
2025-01-27 22:00:00,0.87,0.0,1.1909758505747128,0.0,0.38016129,0.0,0.09,0.0
2025-01-27 23:00:00,0.81,0.0,0.3809758505747127,0.0,0.38016129,0.0,0.091,0.0
2025-01-28 00:00:00,1.13,0.0,0.0,0.7490241494252872,0.37016129,0.0,0.09,0.27725974539241705
2025-01-28 01:00:00,1.22,0.0,0.0,1.22,0.37016129,0.0,0.088,0.45159677379999996
2025-01-28 02:00:00,1.06,0.0,0.0,1.06,0.37016129,0.0,0.086,0.3923709674
2025-01-28 03:00:00,0.91,0.0,0.0,0.91,0.37016129,0.0,0.086,0.3368467739
2025-01-28 04:00:00,1.04,0.0,0.0,1.04,0.37016129,0.0,0.087,0.38496774159999997
2025-01-28 05:00:00,0.87,0.0,0.0,0.87,0.37016129,0.0,0.092,0.32204032229999996
2025-01-28 06:00:00,1.38,0.0,0.0,1.38,0.37016129,0.0,0.092,0.5108225801999999
2025-01-28 07:00:00,1.01,0.0,0.0,1.01,0.37016129,0.0,0.088,0.37386290289999996
2025-01-28 08:00:00,0.56,0.832043,0.2720429999999999,0.0,0.37016129,0.0,0.073,0.0
2025-01-28 09:00:00,0.48,2.9761770000000003,2.7682200000000003,0.0,0.37016129,0.0,0.065,0.0
2025-01-28 10:00:00,0.11,4.225803,6.884023,0.0,0.37016129,0.0,0.062,0.0
2025-01-28 11:00:00,0.393,4.583333,11.074356,0.0,0.37016129,0.0,0.061,0.0
2025-01-28 12:00:00,0.403,4.583333,13.5,0.0,0.37016129,4.180332999999999,0.06,-0.25081997999999994
2025-01-28 13:00:00,0.403,2.783528,13.5,0.0,0.37016129,2.380528,0.058,-0.138070624
2025-01-28 14:00:00,0.1,4.1465749999999995,13.5,0.0,0.37016129,4.046575,0.057,-0.230654775
2025-01-28 15:00:00,0.1,0.059955,13.459955,0.0,0.38016129,0.0,0.061,0.0
2025-01-28 16:00:00,0.12,1.748065,13.5,0.0,0.40016129,1.6280649999999999,0.081,-0.131873265
2025-01-28 17:00:00,0.9918505747126438,0.0,12.508149425287357,0.0,0.40016129,0.0,0.098,0.0
2025-01-28 18:00:00,1.051850574712644,0.0,11.456298850574711,0.0,0.40016129,0.0,0.095,0.0
2025-01-28 19:00:00,0.27,0.0,11.186298850574714,0.0,0.40016129,0.0,0.089,0.0
2025-01-28 20:00:00,0.85,0.0,10.336298850574714,0.0,0.40016129,0.0,0.088,0.0
2025-01-28 21:00:00,0.96,0.0,9.376298850574711,0.0,0.38016129,0.0,0.09,0.0
2025-01-28 22:00:00,0.95,0.0,8.426298850574714,0.0,0.38016129,0.0,0.09,0.0
2025-01-28 23:00:00,0.73,0.0,7.696298850574713,0.0,0.38016129,0.0,0.091,0.0
2025-01-29 00:00:00,0.86,0.0,6.836298850574713,0.0,0.37016129,0.0,0.09,0.0
2025-01-29 01:00:00,0.94,0.0,5.896298850574713,0.0,0.37016129,0.0,0.088,0.0
2025-01-29 02:00:00,1.17,0.0,4.726298850574713,0.0,0.37016129,0.0,0.086,0.0
2025-01-29 03:00:00,0.74,0.0,3.986298850574713,0.0,0.37016129,0.0,0.086,0.0
2025-01-29 04:00:00,0.8800000000000001,0.0,3.1062988505747127,0.0,0.37016129,0.0,0.087,0.0
2025-01-29 05:00:00,0.81,0.0,2.2962988505747126,0.0,0.37016129,0.0,0.092,0.0
2025-01-29 06:00:00,0.96,0.0,1.3362988505747126,0.0,0.37016129,0.0,0.092,0.0
2025-01-29 07:00:00,1.1,0.170327,0.4066258505747125,0.0,0.37016129,0.0,0.088,0.0
2025-01-29 08:00:00,0.94,2.267458,1.7340838505747125,0.0,0.37016129,0.0,0.073,0.0
2025-01-29 09:00:00,0.73,3.592199,4.596282850574712,0.0,0.37016129,0.0,0.065,0.0
2025-01-29 10:00:00,3.1899999999999995,4.454626,5.860908850574713,0.0,0.37016129,0.0,0.062,0.0
2025-01-29 11:00:00,3.493,4.583333,6.951241850574712,0.0,0.37016129,0.0,0.061,0.0
2025-01-29 12:00:00,3.113,4.583333,8.421574850574713,0.0,0.37016129,0.0,0.06,0.0
2025-01-29 13:00:00,2.7329999999999997,4.583333,10.271907850574712,0.0,0.37016129,0.0,0.058,0.0
2025-01-29 14:00:00,2.78,4.241129,11.733036850574711,0.0,0.37016129,0.0,0.057,0.0
2025-01-29 15:00:00,0.44,3.292874,13.5,0.0,0.38016129,2.852874,0.061,-0.174025314
2025-01-29 16:00:00,0.4,1.900389,13.5,0.0,0.40016129,1.5003890000000002,0.081,-0.12153150900000002
2025-01-29 17:00:00,1.331850574712644,0.0,12.168149425287355,0.0,0.40016129,0.0,0.098,0.0
2025-01-29 18:00:00,3.621850574712644,0.0,8.546298850574713,0.0,0.40016129,0.0,0.095,0.0
2025-01-29 19:00:00,1.55,0.0,6.996298850574713,0.0,0.40016129,0.0,0.089,0.0
2025-01-29 20:00:00,1.05,0.0,5.946298850574713,0.0,0.40016129,0.0,0.088,0.0
2025-01-29 21:00:00,1.48,0.0,4.466298850574713,0.0,0.38016129,0.0,0.09,0.0
2025-01-29 22:00:00,0.97,0.0,3.4962988505747132,0.0,0.38016129,0.0,0.09,0.0
2025-01-29 23:00:00,1.12,0.0,2.376298850574713,0.0,0.38016129,0.0,0.091,0.0
2025-01-30 00:00:00,1.13,0.0,1.2462988505747132,0.0,0.37016129,0.0,0.09,0.0
2025-01-30 01:00:00,0.94,0.0,0.3062988505747133,0.0,0.37016129,0.0,0.088,0.0
2025-01-30 02:00:00,1.12,0.0,0.0,0.8137011494252868,0.37016129,0.0,0.086,0.3012006671457469
2025-01-30 03:00:00,0.88,0.0,0.0,0.88,0.37016129,0.0,0.086,0.3257419352
2025-01-30 04:00:00,0.87,0.0,0.0,0.87,0.37016129,0.0,0.087,0.32204032229999996
2025-01-30 05:00:00,1.35,0.0,0.0,1.35,0.37016129,0.0,0.092,0.4997177415
2025-01-30 06:00:00,0.86,0.0,0.0,0.86,0.37016129,0.0,0.092,0.3183387094
2025-01-30 07:00:00,1.4,0.279005,0.0,1.120995,0.37016129,0.0,0.088,0.41494895528354997
2025-01-30 08:00:00,1.13,2.39212,1.26212,0.0,0.37016129,0.0,0.073,0.0
2025-01-30 09:00:00,0.95,3.685681,3.997801,0.0,0.37016129,0.0,0.065,0.0
2025-01-30 10:00:00,0.86,3.88997,7.027771,0.0,0.37016129,0.0,0.062,0.0
2025-01-30 11:00:00,0.6930000000000001,4.583333,10.918104,0.0,0.37016129,0.0,0.061,0.0
2025-01-30 12:00:00,1.173,4.366545,13.5,0.0,0.37016129,3.1935450000000003,0.06,-0.19161270000000002
2025-01-30 13:00:00,0.7730000000000001,4.446474,13.5,0.0,0.37016129,3.673474,0.058,-0.21306149200000002
2025-01-30 14:00:00,0.55,4.200816,13.5,0.0,0.37016129,3.650816,0.057,-0.208096512
2025-01-30 15:00:00,0.47,3.266517,13.5,0.0,0.38016129,2.7965169999999997,0.061,-0.17058753699999998
2025-01-30 16:00:00,0.98,1.903691,13.5,0.0,0.40016129,0.923691,0.081,-0.07481897100000001
2025-01-30 17:00:00,1.851850574712644,0.0,11.648149425287356,0.0,0.40016129,0.0,0.098,0.0
2025-01-30 18:00:00,2.2218505747126436,0.0,9.426298850574712,0.0,0.40016129,0.0,0.095,0.0
2025-01-30 19:00:00,0.75,0.0,8.676298850574712,0.0,0.40016129,0.0,0.089,0.0
2025-01-30 20:00:00,0.97,0.0,7.706298850574712,0.0,0.40016129,0.0,0.088,0.0
2025-01-30 21:00:00,1.37,0.0,6.336298850574712,0.0,0.38016129,0.0,0.09,0.0
2025-01-30 22:00:00,1.09,0.0,5.246298850574712,0.0,0.38016129,0.0,0.09,0.0
2025-01-30 23:00:00,1.24,0.0,4.006298850574712,0.0,0.38016129,0.0,0.091,0.0
2025-01-31 00:00:00,0.85,0.0,3.156298850574712,0.0,0.37016129,0.0,0.09,0.0
2025-01-31 01:00:00,1.51,0.0,1.646298850574712,0.0,0.37016129,0.0,0.088,0.0
2025-01-31 02:00:00,0.93,0.0,0.716298850574712,0.0,0.37016129,0.0,0.086,0.0
2025-01-31 03:00:00,1.29,0.0,0.0,0.573701149425288,0.37016129,0.0,0.086,0.21236195754574738
2025-01-31 04:00:00,0.8600000000000001,0.0,0.0,0.8600000000000001,0.37016129,0.0,0.087,0.31833870940000003
2025-01-31 05:00:00,1.17,0.0,0.0,1.17,0.37016129,0.0,0.092,0.43308870929999993
2025-01-31 06:00:00,1.04,0.0,0.0,1.04,0.37016129,0.0,0.092,0.38496774159999997
2025-01-31 07:00:00,1.29,0.004695,0.0,1.2853050000000001,0.37016129,0.0,0.088,0.47577015684345003
2025-01-31 08:00:00,1.95,0.823434,0.0,1.126566,0.37016129,0.0,0.073,0.41701112383013994
2025-01-31 09:00:00,1.02,3.476366,2.456366,0.0,0.37016129,0.0,0.065,0.0
2025-01-31 10:00:00,3.53,4.344624,3.27099,0.0,0.37016129,0.0,0.062,0.0
2025-01-31 11:00:00,4.080666666666667,4.583333,3.773656333333333,0.0,0.37016129,0.0,0.061,0.0
2025-01-31 12:00:00,3.5806666666666667,4.583333,4.776322666666665,0.0,0.37016129,0.0,0.06,0.0
2025-01-31 13:00:00,4.100666666666667,4.583333,5.258988999999998,0.0,0.37016129,0.0,0.058,0.0
2025-01-31 14:00:00,3.2699999999999996,4.130476,6.119464999999998,0.0,0.37016129,0.0,0.057,0.0
2025-01-31 15:00:00,1.05,2.271951,7.341415999999998,0.0,0.38016129,0.0,0.061,0.0
2025-01-31 16:00:00,0.61,0.568331,7.299746999999998,0.0,0.40016129,0.0,0.081,0.0
2025-01-31 17:00:00,3.6991340996168582,0.0,3.60061290038314,0.0,0.40016129,0.0,0.098,0.0
2025-01-31 18:00:00,2.6491340996168584,0.0,0.9514788007662816,0.0,0.40016129,0.0,0.095,0.0
2025-01-31 19:00:00,0.7200000000000001,0.0,0.2314788007662814,0.0,0.40016129,0.0,0.089,0.0
2025-01-31 20:00:00,0.34,0.0,0.0,0.10852119923371861,0.40016129,0.0,0.088,0.04342598307771185
2025-01-31 21:00:00,0.42,0.0,0.0,0.42,0.38016129,0.0,0.09,0.15966774179999998
2025-01-31 22:00:00,0.54,0.0,0.0,0.54,0.38016129,0.0,0.09,0.2052870966
2025-01-31 23:00:00,0.41,0.0,0.0,0.41,0.38016129,0.0,0.091,0.15586612889999998
2025-01-31 23:59:59,0.1,0.0,0.0,0.1,150.0,0.0,0.0,15.0
2025-02-01 00:00:00,0.72,0.0,0.0,0.72,0.372321429,0.0,0.086,0.26807142887999996
2025-02-01 01:00:00,0.5,0.0,0.0,0.5,0.372321429,0.0,0.084,0.1861607145
2025-02-01 02:00:00,0.68,0.0,0.0,0.68,0.372321429,0.0,0.084,0.25317857172
2025-02-01 03:00:00,0.1699999999999999,0.0,0.0,0.1699999999999999,0.372321429,0.0,0.084,0.06329464292999996
2025-02-01 04:00:00,0.61,0.0,0.0,0.61,0.372321429,0.0,0.085,0.22711607168999998
2025-02-01 05:00:00,0.61,0.0,0.0,0.61,0.372321429,0.0,0.084,0.22711607168999998
2025-02-01 06:00:00,0.6699999999999999,0.0,0.0,0.6699999999999999,0.372321429,0.0,0.08,0.24945535742999997
2025-02-01 07:00:00,0.65,0.028308,0.0,0.621692,0.372321429,0.0,0.076,0.23146925383786798
2025-02-01 08:00:00,0.5800000000000001,2.222078,1.6420779999999997,0.0,0.372321429,0.0,0.055,0.0
2025-02-01 09:00:00,1.58,3.465427,3.5275049999999997,0.0,0.372321429,0.0,0.043,0.0
2025-02-01 10:00:00,3.01,4.1494930000000005,4.666998,0.0,0.372321429,0.0,0.038,0.0
2025-02-01 11:00:00,3.530666666666667,4.583333,5.719664333333333,0.0,0.372321429,0.0,0.038,0.0
2025-02-01 12:00:00,3.5906666666666665,4.583333,6.7123306666666664,0.0,0.372321429,0.0,0.034,0.0
2025-02-01 13:00:00,4.120666666666667,4.583333,7.174996999999999,0.0,0.372321429,0.0,0.032,0.0
2025-02-01 14:00:00,4.07,4.127561,7.232557999999999,0.0,0.372321429,0.0,0.031,0.0
2025-02-01 15:00:00,1.07,3.2340720000000003,9.396629999999998,0.0,0.382321429,0.0,0.032,0.0
2025-02-01 16:00:00,1.52,1.892169,9.768798999999998,0.0,0.402321429,0.0,0.062,0.0
2025-02-01 17:00:00,2.639134099616858,0.0,7.12966490038314,0.0,0.402321429,0.0,0.099,0.0
2025-02-01 18:00:00,3.1791340996168587,0.0,3.950530800766281,0.0,0.402321429,0.0,0.089,0.0
2025-02-01 19:00:00,1.56,0.0,2.390530800766281,0.0,0.402321429,0.0,0.082,0.0
2025-02-01 20:00:00,1.35,0.0,1.0405308007662808,0.0,0.402321429,0.0,0.083,0.0
2025-02-01 21:00:00,1.17,0.0,0.0,0.12946919923371913,0.382321429,0.0,0.082,0.049498849262521204
2025-02-01 22:00:00,1.24,0.0,0.0,1.24,0.382321429,0.0,0.086,0.47407857196
2025-02-01 23:00:00,1.11,0.0,0.0,1.11,0.382321429,0.0,0.087,0.42437678619
2025-02-02 00:00:00,1.15,0.0,0.0,1.15,0.372321429,0.0,0.086,0.42816964334999996
2025-02-02 01:00:00,1.6,0.0,0.0,1.6,0.372321429,0.0,0.084,0.5957142864
2025-02-02 02:00:00,1.2000000000000002,0.0,0.0,1.2000000000000002,0.372321429,0.0,0.084,0.44678571480000007
2025-02-02 03:00:00,1.71,0.0,0.0,1.71,0.372321429,0.0,0.084,0.63666964359
2025-02-02 04:00:00,1.51,0.0,0.0,1.51,0.372321429,0.0,0.085,0.56220535779
2025-02-02 05:00:00,1.41,0.0,0.0,1.41,0.372321429,0.0,0.084,0.5249732148899999
2025-02-02 06:00:00,1.42,0.0,0.0,1.42,0.372321429,0.0,0.08,0.5286964291799999
2025-02-02 07:00:00,1.5,0.30915,0.0,1.19085,0.372321429,0.0,0.076,0.44337897372464996
2025-02-02 08:00:00,1.56,2.277896,0.7178960000000001,0.0,0.372321429,0.0,0.055,0.0
2025-02-02 09:00:00,2.23,3.535098,2.022994,0.0,0.372321429,0.0,0.043,0.0
2025-02-02 10:00:00,2.9299999999999997,4.379548,3.472542,0.0,0.372321429,0.0,0.038,0.0
2025-02-02 11:00:00,3.3206666666666664,4.583333,4.7352083333333335,0.0,0.372321429,0.0,0.038,0.0
2025-02-02 12:00:00,3.1906666666666665,4.583333,6.127874666666667,0.0,0.372321429,0.0,0.034,0.0
2025-02-02 13:00:00,3.3706666666666667,4.583333,7.340541,0.0,0.372321429,0.0,0.032,0.0
2025-02-02 14:00:00,2.78,4.178205,8.738746,0.0,0.372321429,0.0,0.031,0.0
2025-02-02 15:00:00,0.79,3.263531,11.212277,0.0,0.382321429,0.0,0.032,0.0
2025-02-02 16:00:00,0.87,1.906433,12.24871,0.0,0.402321429,0.0,0.062,0.0
2025-02-02 17:00:00,1.6891340996168585,0.0,10.559575900383145,0.0,0.402321429,0.0,0.099,0.0
2025-02-02 18:00:00,1.6591340996168582,0.0,8.900441800766284,0.0,0.402321429,0.0,0.089,0.0
2025-02-02 19:00:00,0.76,0.0,8.140441800766284,0.0,0.402321429,0.0,0.082,0.0
2025-02-02 20:00:00,0.33,0.0,7.810441800766284,0.0,0.402321429,0.0,0.083,0.0
2025-02-02 21:00:00,0.29,0.0,7.520441800766284,0.0,0.382321429,0.0,0.082,0.0
2025-02-02 22:00:00,0.55,0.0,6.9704418007662845,0.0,0.382321429,0.0,0.086,0.0
2025-02-02 23:00:00,0.1,0.0,6.870441800766285,0.0,0.382321429,0.0,0.087,0.0
2025-02-03 00:00:00,0.54,0.0,6.330441800766285,0.0,0.372321429,0.0,0.086,0.0
2025-02-03 01:00:00,0.45,0.0,5.880441800766285,0.0,0.372321429,0.0,0.084,0.0
2025-02-03 02:00:00,0.46,0.0,5.420441800766285,0.0,0.372321429,0.0,0.084,0.0
2025-02-03 03:00:00,0.8200000000000001,0.0,4.600441800766284,0.0,0.372321429,0.0,0.084,0.0
2025-02-03 04:00:00,0.5700000000000001,0.0,4.030441800766284,0.0,0.372321429,0.0,0.085,0.0
2025-02-03 05:00:00,0.64,0.0,3.390441800766284,0.0,0.372321429,0.0,0.084,0.0
2025-02-03 06:00:00,0.96,0.0,2.430441800766284,0.0,0.372321429,0.0,0.08,0.0
2025-02-03 07:00:00,0.57,0.287248,2.147689800766284,0.0,0.372321429,0.0,0.076,0.0
2025-02-03 08:00:00,0.5499999999999999,0.293672,1.891361800766284,0.0,0.372321429,0.0,0.055,0.0
2025-02-03 09:00:00,0.56,2.1333420000000003,3.4647038007662845,0.0,0.372321429,0.0,0.043,0.0
2025-02-03 10:00:00,0.18,4.367492,7.652195800766285,0.0,0.372321429,0.0,0.038,0.0
2025-02-03 11:00:00,0.4066538461538462,4.583333,11.828874954612438,0.0,0.372321429,0.0,0.038,0.0
2025-02-03 12:00:00,0.4666538461538462,4.583333,13.5,0.0,0.372321429,4.116679153846153,0.034,-0.13996709123076922
2025-02-03 13:00:00,0.3966538461538462,4.583333,13.5,0.0,0.372321429,4.186679153846153,0.032,-0.1339737329230769
2025-02-03 14:00:00,0.17,4.161926,13.5,0.0,0.372321429,3.9919260000000003,0.031,-0.12374970600000001
2025-02-03 15:00:00,0.17,3.273304,13.5,0.0,0.382321429,3.103304,0.032,-0.09930572800000001
2025-02-03 16:00:00,0.3,1.967428,13.5,0.0,0.402321429,1.667428,0.062,-0.103380536
2025-02-03 17:00:00,1.1318793103448277,0.0,12.368120689655171,0.0,0.402321429,0.0,0.099,0.0
2025-02-03 18:00:00,3.0618793103448274,0.0,9.306241379310343,0.0,0.402321429,0.0,0.089,0.0
2025-02-03 19:00:00,0.5,0.0,8.806241379310343,0.0,0.402321429,0.0,0.082,0.0
2025-02-03 20:00:00,1.7,0.0,7.106241379310343,0.0,0.402321429,0.0,0.083,0.0
2025-02-03 21:00:00,1.0,0.0,6.106241379310343,0.0,0.382321429,0.0,0.082,0.0
2025-02-03 22:00:00,0.32,0.0,5.786241379310343,0.0,0.382321429,0.0,0.086,0.0
2025-02-03 23:00:00,0.62,0.0,5.1662413793103426,0.0,0.382321429,0.0,0.087,0.0
2025-02-04 00:00:00,0.74,0.0,4.426241379310342,0.0,0.372321429,0.0,0.086,0.0
2025-02-04 01:00:00,0.6,0.0,3.8262413793103422,0.0,0.372321429,0.0,0.084,0.0
2025-02-04 02:00:00,0.94,0.0,2.8862413793103423,0.0,0.372321429,0.0,0.084,0.0
2025-02-04 03:00:00,0.51,0.0,2.3762413793103425,0.0,0.372321429,0.0,0.084,0.0
2025-02-04 04:00:00,0.91,0.0,1.4662413793103424,0.0,0.372321429,0.0,0.085,0.0
2025-02-04 05:00:00,0.6,0.0,0.8662413793103424,0.0,0.372321429,0.0,0.084,0.0
2025-02-04 06:00:00,0.91,0.0,0.0,0.043758620689657635,0.372321429,0.0,0.08,0.016292272186242296
2025-02-04 07:00:00,0.63,0.400742,0.0,0.22925800000000002,0.372321429,0.0,0.076,0.085357666169682
2025-02-04 08:00:00,0.87,0.305824,0.0,0.564176,0.372321429,0.0,0.055,0.210054814527504
2025-02-04 09:00:00,1.02,3.784643,2.764643,0.0,0.372321429,0.0,0.043,0.0
2025-02-04 10:00:00,0.5599999999999999,4.558869,6.7635119999999995,0.0,0.372321429,0.0,0.038,0.0
2025-02-04 11:00:00,1.2066538461538463,4.583333,10.140191153846152,0.0,0.372321429,0.0,0.038,0.0
2025-02-04 12:00:00,0.6566538461538463,4.583333,13.5,0.0,0.372321429,3.9266791538461536,0.034,-0.13350709123076923
2025-02-04 13:00:00,1.2066538461538463,4.583333,13.5,0.0,0.372321429,3.3766791538461534,0.032,-0.1080537329230769
2025-02-04 14:00:00,0.54,4.221037,13.5,0.0,0.372321429,3.681037,0.031,-0.114112147
2025-02-04 15:00:00,0.49,3.3867559999999997,13.5,0.0,0.382321429,2.896756,0.032,-0.092696192
2025-02-04 16:00:00,0.39,2.0517179999999997,13.5,0.0,0.402321429,1.6617179999999996,0.062,-0.10302651599999997
2025-02-04 17:00:00,1.7518793103448278,0.0,11.748120689655172,0.0,0.402321429,0.0,0.099,0.0
2025-02-04 18:00:00,2.351879310344827,0.0,9.396241379310345,0.0,0.402321429,0.0,0.089,0.0
2025-02-04 19:00:00,1.0,0.0,8.396241379310345,0.0,0.402321429,0.0,0.082,0.0
2025-02-04 20:00:00,0.8699999999999999,0.0,7.526241379310345,0.0,0.402321429,0.0,0.083,0.0
2025-02-04 21:00:00,1.18,0.0,6.346241379310345,0.0,0.382321429,0.0,0.082,0.0
2025-02-04 22:00:00,1.1,0.0,5.246241379310344,0.0,0.382321429,0.0,0.086,0.0
2025-02-04 23:00:00,1.96,0.0,3.2862413793103444,0.0,0.382321429,0.0,0.087,0.0
2025-02-05 00:00:00,1.25,0.0,2.0362413793103444,0.0,0.372321429,0.0,0.086,0.0
2025-02-05 01:00:00,1.34,0.0,0.6962413793103444,0.0,0.372321429,0.0,0.084,0.0
2025-02-05 02:00:00,1.28,0.0,0.0,0.5837586206896557,0.372321429,0.0,0.084,0.21734584384624156
2025-02-05 03:00:00,2.03,0.0,0.0,2.03,0.372321429,0.0,0.084,0.7558125008699998
2025-02-05 04:00:00,1.4,0.0,0.0,1.4,0.372321429,0.0,0.085,0.5212500005999999
2025-02-05 05:00:00,1.83,0.0,0.0,1.83,0.372321429,0.0,0.084,0.68134821507
2025-02-05 06:00:00,1.38,0.0,0.0,1.38,0.372321429,0.0,0.08,0.5138035720199999
2025-02-05 07:00:00,1.55,0.367327,0.0,1.182673,0.372321429,0.0,0.076,0.440334501399717
2025-02-05 08:00:00,0.57,1.14876,0.57876,0.0,0.372321429,0.0,0.055,0.0
2025-02-05 09:00:00,0.49,1.6650619999999998,1.753822,0.0,0.372321429,0.0,0.043,0.0
2025-02-05 10:00:00,2.42,3.199756,2.533578,0.0,0.372321429,0.0,0.038,0.0
2025-02-05 11:00:00,2.666653846153846,1.675171,1.542095153846154,0.0,0.372321429,0.0,0.038,0.0
2025-02-05 12:00:00,2.6466538461538462,2.926843,1.8222843076923076,0.0,0.372321429,0.0,0.034,0.0
2025-02-05 13:00:00,2.666653846153846,4.583333,3.7389634615384617,0.0,0.372321429,0.0,0.032,0.0
2025-02-05 14:00:00,2.4099999999999997,4.167927,5.496890461538461,0.0,0.372321429,0.0,0.031,0.0
2025-02-05 15:00:00,0.12,3.2865770000000003,8.663467461538461,0.0,0.382321429,0.0,0.032,0.0
2025-02-05 16:00:00,0.12,1.99021,10.533677461538462,0.0,0.402321429,0.0,0.062,0.0
2025-02-05 17:00:00,0.8018793103448277,0.0,9.731798151193631,0.0,0.402321429,0.0,0.099,0.0
2025-02-05 18:00:00,2.961879310344828,0.0,6.7699188408488045,0.0,0.402321429,0.0,0.089,0.0
2025-02-05 19:00:00,0.99,0.0,5.779918840848804,0.0,0.402321429,0.0,0.082,0.0
2025-02-05 20:00:00,1.32,0.0,4.459918840848804,0.0,0.402321429,0.0,0.083,0.0
2025-02-05 21:00:00,0.93,0.0,3.529918840848804,0.0,0.382321429,0.0,0.082,0.0
2025-02-05 22:00:00,1.28,0.0,2.249918840848804,0.0,0.382321429,0.0,0.086,0.0
2025-02-05 23:00:00,1.17,0.0,1.079918840848804,0.0,0.382321429,0.0,0.087,0.0
2025-02-06 00:00:00,1.18,0.0,0.0,0.10008115915119586,0.372321429,0.0,0.086,0.03726236019114967
2025-02-06 01:00:00,1.7400000000000002,0.0,0.0,1.7400000000000002,0.372321429,0.0,0.084,0.64783928646
2025-02-06 02:00:00,1.33,0.0,0.0,1.33,0.372321429,0.0,0.084,0.49518750057
2025-02-06 03:00:00,1.1800000000000002,0.0,0.0,1.1800000000000002,0.372321429,0.0,0.084,0.43933928622
2025-02-06 04:00:00,1.53,0.0,0.0,1.53,0.372321429,0.0,0.085,0.56965178637
2025-02-06 05:00:00,1.27,0.0,0.0,1.27,0.372321429,0.0,0.084,0.47284821483
2025-02-06 06:00:00,1.38,0.0,0.0,1.38,0.372321429,0.0,0.08,0.5138035720199999
2025-02-06 07:00:00,1.44,0.34052,0.0,1.09948,0.372321429,0.0,0.076,0.40935996475692
2025-02-06 08:00:00,1.56,0.074877,0.0,1.485123,0.372321429,0.0,0.055,0.552943117600767
2025-02-06 09:00:00,1.12,0.389338,0.0,0.7306620000000001,0.372321429,0.0,0.043,0.27204111995599806
2025-02-06 10:00:00,1.6,0.469366,0.0,1.1306340000000001,0.372321429,0.0,0.038,0.42095926655598603
2025-02-06 11:00:00,1.156653846153846,1.044502,0.0,0.11215184615384599,0.372321429,0.0,0.038,0.04175653562498809
2025-02-06 12:00:00,1.4566538461538463,2.991332,1.5346781538461536,0.0,0.372321429,0.0,0.034,0.0
2025-02-06 13:00:00,1.156653846153846,2.2058020000000003,2.583826307692308,0.0,0.372321429,0.0,0.032,0.0
2025-02-06 14:00:00,0.4599999999999999,1.744742,3.868568307692308,0.0,0.372321429,0.0,0.031,0.0
2025-02-06 15:00:00,0.7,1.473855,4.642423307692308,0.0,0.382321429,0.0,0.032,0.0
2025-02-06 16:00:00,0.51,0.692215,4.824638307692308,0.0,0.402321429,0.0,0.062,0.0
2025-02-06 17:00:00,1.2318793103448278,0.0,3.5927589973474805,0.0,0.402321429,0.0,0.099,0.0
2025-02-06 18:00:00,3.1318793103448277,0.0,0.4608796870026528,0.0,0.402321429,0.0,0.089,0.0
2025-02-06 19:00:00,0.6,0.0,0.0,0.13912031299734717,0.402321429,0.0,0.082,0.05597108312801999
2025-02-06 20:00:00,0.41,0.0,0.0,0.41,0.402321429,0.0,0.083,0.16495178588999998
2025-02-06 21:00:00,0.5399999999999999,0.0,0.0,0.5399999999999999,0.382321429,0.0,0.082,0.20645357165999997
2025-02-06 22:00:00,0.85,0.0,0.0,0.85,0.382321429,0.0,0.086,0.32497321465
2025-02-06 23:00:00,0.6,0.0,0.0,0.6,0.382321429,0.0,0.087,0.22939285739999998
2025-02-07 00:00:00,1.19,0.0,0.0,1.19,0.372321429,0.0,0.086,0.44306250050999996
2025-02-07 01:00:00,0.81,0.0,0.0,0.81,0.372321429,0.0,0.084,0.30158035749
2025-02-07 02:00:00,0.87,0.0,0.0,0.87,0.372321429,0.0,0.084,0.32391964323
2025-02-07 03:00:00,1.19,0.0,0.0,1.19,0.372321429,0.0,0.084,0.44306250050999996
2025-02-07 04:00:00,0.93,0.0,0.0,0.93,0.372321429,0.0,0.085,0.34625892897
2025-02-07 05:00:00,1.02,0.0,0.0,1.02,0.372321429,0.0,0.084,0.37976785758
2025-02-07 06:00:00,1.2,0.0,0.0,1.2,0.372321429,0.0,0.08,0.44678571479999996
2025-02-07 07:00:00,0.97,0.0,0.0,0.97,0.372321429,0.0,0.076,0.36115178613
2025-02-07 08:00:00,1.29,0.582251,0.0,0.7077490000000001,0.372321429,0.0,0.055,0.263510119053321
2025-02-07 09:00:00,0.8200000000000001,0.6509170000000001,0.0,0.16908299999999998,0.372321429,0.0,0.043,0.06295322417960698
2025-02-07 10:00:00,3.3099999999999996,0.684493,0.0,2.625507,0.372321429,0.0,0.038,0.9775325180895029
2025-02-07 11:00:00,3.456653846153846,1.5815519999999998,0.0,1.875101846153846,0.372321429,0.0,0.038,0.698140598880538
2025-02-07 12:00:00,2.676653846153846,0.904827,0.0,1.771826846153846,0.372321429,0.0,0.034,0.6596891033005631
2025-02-07 13:00:00,2.666653846153846,0.791058,0.0,1.8755958461538458,0.372321429,0.0,0.032,0.698324525666464
2025-02-07 14:00:00,2.4499999999999997,0.38955,0.0,2.06045,0.372321429,0.0,0.031,0.76714968838305
2025-02-07 15:00:00,0.15,0.450073,0.300073,0.0,0.382321429,0.0,0.032,0.0
2025-02-07 16:00:00,0.21,0.250337,0.34041,0.0,0.402321429,0.0,0.062,0.0
2025-02-07 17:00:00,0.8018793103448277,0.0,0.0,0.46146931034482774,0.402321429,0.0,0.099,0.18565899237757558
2025-02-07 18:00:00,3.461879310344828,0.0,0.0,3.461879310344828,0.402321429,0.0,0.089,1.3927882311634658
2025-02-07 19:00:00,0.8600000000000001,0.0,0.0,0.8600000000000001,0.402321429,0.0,0.082,0.34599642894000004
2025-02-07 20:00:00,1.0,0.0,0.0,1.0,0.402321429,0.0,0.083,0.402321429
2025-02-07 21:00:00,1.2,0.0,0.0,1.2,0.382321429,0.0,0.082,0.45878571479999997
2025-02-07 22:00:00,1.42,0.0,0.0,1.42,0.382321429,0.0,0.086,0.5428964291799999
2025-02-07 23:00:00,0.87,0.0,0.0,0.87,0.382321429,0.0,0.087,0.33261964323
2025-02-08 00:00:00,1.02,0.0,0.0,1.02,0.372321429,0.0,0.086,0.37976785758
2025-02-08 01:00:00,1.23,0.0,0.0,1.23,0.372321429,0.0,0.084,0.45795535766999995
2025-02-08 02:00:00,1.68,0.0,0.0,1.68,0.372321429,0.0,0.084,0.6255000007199999
2025-02-08 03:00:00,1.29,0.0,0.0,1.29,0.372321429,0.0,0.084,0.48029464341
2025-02-08 04:00:00,1.9,0.0,0.0,1.9,0.372321429,0.0,0.085,0.7074107151
2025-02-08 05:00:00,1.51,0.0,0.0,1.51,0.372321429,0.0,0.084,0.56220535779
2025-02-08 06:00:00,1.48,0.0,0.0,1.48,0.372321429,0.0,0.08,0.5510357149199999
2025-02-08 07:00:00,1.67,0.4375799999999999,0.0,1.23242,0.372321429,0.0,0.076,0.45885637552818
2025-02-08 08:00:00,0.67,2.449666,1.7796660000000002,0.0,0.372321429,0.0,0.055,0.0
2025-02-08 09:00:00,0.5,2.505818,3.785484,0.0,0.372321429,0.0,0.043,0.0
2025-02-08 10:00:00,2.42,4.044261,5.409745,0.0,0.372321429,0.0,0.038,0.0
2025-02-08 11:00:00,2.8606666666666665,4.583333,7.132411333333334,0.0,0.372321429,0.0,0.038,0.0
2025-02-08 12:00:00,2.9306666666666663,4.583333,8.785077666666666,0.0,0.372321429,0.0,0.034,0.0
2025-02-08 13:00:00,2.9406666666666665,4.583333,10.427744,0.0,0.372321429,0.0,0.032,0.0
2025-02-08 14:00:00,2.46,4.274519000000001,12.242263,0.0,0.372321429,0.0,0.031,0.0
2025-02-08 15:00:00,0.11,3.412917,13.5,0.0,0.382321429,3.3029170000000003,0.032,-0.10569334400000001
2025-02-08 16:00:00,0.12,2.078695,13.5,0.0,0.402321429,1.958695,0.062,-0.12143909
2025-02-08 17:00:00,1.3791340996168584,0.134168,12.25503390038314,0.0,0.402321429,0.0,0.099,0.0
2025-02-08 18:00:00,2.3391340996168584,0.0,9.915899800766285,0.0,0.402321429,0.0,0.089,0.0
2025-02-08 19:00:00,0.62,0.0,9.295899800766284,0.0,0.402321429,0.0,0.082,0.0
2025-02-08 20:00:00,0.63,0.0,8.665899800766283,0.0,0.402321429,0.0,0.083,0.0
2025-02-08 21:00:00,1.1,0.0,7.565899800766283,0.0,0.382321429,0.0,0.082,0.0
2025-02-08 22:00:00,1.3199999999999998,0.0,6.245899800766283,0.0,0.382321429,0.0,0.086,0.0
2025-02-08 23:00:00,1.03,0.0,5.215899800766283,0.0,0.382321429,0.0,0.087,0.0
2025-02-09 00:00:00,1.42,0.0,3.795899800766283,0.0,0.372321429,0.0,0.086,0.0
2025-02-09 01:00:00,1.23,0.0,2.565899800766283,0.0,0.372321429,0.0,0.084,0.0
2025-02-09 02:00:00,1.63,0.0,0.9358998007662832,0.0,0.372321429,0.0,0.084,0.0
2025-02-09 03:00:00,1.07,0.0,0.0,0.13410019923371685,0.372321429,0.0,0.084,0.04992837780788216
2025-02-09 04:00:00,1.67,0.0,0.0,1.67,0.372321429,0.0,0.085,0.6217767864299999
2025-02-09 05:00:00,1.58,0.0,0.0,1.58,0.372321429,0.0,0.084,0.58826785782
2025-02-09 06:00:00,1.3,0.0,0.0,1.3,0.372321429,0.0,0.08,0.4840178577
2025-02-09 07:00:00,1.49,0.47361,0.0,1.01639,0.372321429,0.0,0.076,0.37842377722130993
2025-02-09 08:00:00,0.6599999999999999,2.507257,1.847257,0.0,0.372321429,0.0,0.055,0.0
2025-02-09 09:00:00,0.12,3.773021,5.500278000000001,0.0,0.372321429,0.0,0.043,0.0
2025-02-09 10:00:00,2.72,4.544213,7.324491,0.0,0.372321429,0.0,0.038,0.0
2025-02-09 11:00:00,3.9806666666666666,4.583333,7.927157333333334,0.0,0.372321429,0.0,0.038,0.0
2025-02-09 12:00:00,3.8406666666666665,4.583333,8.669823666666666,0.0,0.372321429,0.0,0.034,0.0
2025-02-09 13:00:00,3.9606666666666666,4.583333,9.29249,0.0,0.372321429,0.0,0.032,0.0
2025-02-09 14:00:00,3.3899999999999997,4.2819650000000005,10.184455,0.0,0.372321429,0.0,0.031,0.0
2025-02-09 15:00:00,1.06,3.426392,12.550847,0.0,0.382321429,0.0,0.032,0.0
2025-02-09 16:00:00,1.06,2.0989720000000003,13.5,0.0,0.402321429,1.0389720000000002,0.062,-0.06441626400000001
2025-02-09 17:00:00,2.7591340996168583,0.161045,10.90191090038314,0.0,0.402321429,0.0,0.099,0.0
2025-02-09 18:00:00,4.219134099616858,0.0,6.682776800766283,0.0,0.402321429,0.0,0.089,0.0
2025-02-09 19:00:00,1.82,0.0,4.862776800766283,0.0,0.402321429,0.0,0.082,0.0
2025-02-09 20:00:00,0.6900000000000001,0.0,4.172776800766282,0.0,0.402321429,0.0,0.083,0.0
2025-02-09 21:00:00,0.8300000000000001,0.0,3.3427768007662824,0.0,0.382321429,0.0,0.082,0.0
2025-02-09 22:00:00,1.26,0.0,2.0827768007662826,0.0,0.382321429,0.0,0.086,0.0
2025-02-09 23:00:00,1.6700000000000002,0.0,0.4127768007662824,0.0,0.382321429,0.0,0.087,0.0
2025-02-10 00:00:00,1.8,0.0,0.0,1.3872231992337176,0.372321429,0.0,0.086,0.5164929238806494
2025-02-10 01:00:00,1.06,0.0,0.0,1.06,0.372321429,0.0,0.084,0.39466071474
2025-02-10 02:00:00,1.37,0.0,0.0,1.37,0.372321429,0.0,0.084,0.51008035773
2025-02-10 03:00:00,1.7,0.0,0.0,1.7,0.372321429,0.0,0.084,0.6329464293
2025-02-10 04:00:00,1.21,0.0,0.0,1.21,0.372321429,0.0,0.085,0.45050892908999995
2025-02-10 05:00:00,1.6,0.0,0.0,1.6,0.372321429,0.0,0.084,0.5957142864
2025-02-10 06:00:00,1.59,0.0,0.0,1.59,0.372321429,0.0,0.08,0.59199107211
2025-02-10 07:00:00,1.22,0.455561,0.0,0.764439,0.372321429,0.0,0.076,0.28461702086333096
2025-02-10 08:00:00,0.6699999999999999,2.4038809999999997,1.7338809999999998,0.0,0.372321429,0.0,0.055,0.0
2025-02-10 09:00:00,0.39,3.59206,4.935941,0.0,0.372321429,0.0,0.043,0.0
2025-02-10 10:00:00,0.39,4.306779000000001,8.85272,0.0,0.372321429,0.0,0.038,0.0
2025-02-10 11:00:00,0.5006666666666667,4.583333,12.935386333333334,0.0,0.372321429,0.0,0.038,0.0
2025-02-10 12:00:00,0.5006666666666667,4.583333,13.5,0.0,0.372321429,4.082666333333333,0.034,-0.13881065533333334
2025-02-10 13:00:00,0.5006666666666667,4.583333,13.5,0.0,0.372321429,4.082666333333333,0.032,-0.13064532266666667
2025-02-10 14:00:00,0.1,4.068692,13.5,0.0,0.372321429,3.9686920000000003,0.031,-0.12302945200000001
2025-02-10 15:00:00,0.1,3.268981,13.5,0.0,0.382321429,3.168981,0.032,-0.101407392
2025-02-10 16:00:00,0.11,1.819806,13.5,0.0,0.402321429,1.709806,0.062,-0.10600797199999999
2025-02-10 17:00:00,1.2591340996168583,0.015212,12.256077900383142,0.0,0.402321429,0.0,0.099,0.0
2025-02-10 18:00:00,3.2991340996168588,0.0,8.956943800766282,0.0,0.402321429,0.0,0.089,0.0
2025-02-10 19:00:00,1.96,0.0,6.9969438007662825,0.0,0.402321429,0.0,0.082,0.0
2025-02-10 20:00:00,0.8,0.0,6.196943800766283,0.0,0.402321429,0.0,0.083,0.0
2025-02-10 21:00:00,1.05,0.0,5.146943800766283,0.0,0.382321429,0.0,0.082,0.0
2025-02-10 22:00:00,1.12,0.0,4.026943800766283,0.0,0.382321429,0.0,0.086,0.0
2025-02-10 23:00:00,0.9,0.0,3.126943800766283,0.0,0.382321429,0.0,0.087,0.0
2025-02-11 00:00:00,1.79,0.0,1.3369438007662828,0.0,0.372321429,0.0,0.086,0.0
2025-02-11 01:00:00,0.98,0.0,0.3569438007662828,0.0,0.372321429,0.0,0.084,0.0
2025-02-11 02:00:00,1.61,0.0,0.0,1.2530561992337172,0.372321429,0.0,0.084,0.46653967471600627
2025-02-11 03:00:00,1.4,0.0,0.0,1.4,0.372321429,0.0,0.084,0.5212500005999999
2025-02-11 04:00:00,1.63,0.0,0.0,1.63,0.372321429,0.0,0.085,0.6068839292699999
2025-02-11 05:00:00,1.5299999999999998,0.0,0.0,1.5299999999999998,0.372321429,0.0,0.084,0.5696517863699999
2025-02-11 06:00:00,1.59,0.0,0.0,1.59,0.372321429,0.0,0.08,0.59199107211
2025-02-11 07:00:00,1.4300000000000002,0.264184,0.0,1.1658160000000002,0.372321429,0.0,0.076,0.43405827907106403
2025-02-11 08:00:00,0.11,0.605523,0.495523,0.0,0.372321429,0.0,0.055,0.0
2025-02-11 09:00:00,0.09,3.07633,3.481853,0.0,0.372321429,0.0,0.043,0.0
2025-02-11 10:00:00,0.13,3.7991,7.1509529999999994,0.0,0.372321429,0.0,0.038,0.0
2025-02-11 11:00:00,0.6074285714285714,4.009054,10.552578428571428,0.0,0.372321429,0.0,0.038,0.0
2025-02-11 12:00:00,0.2774285714285714,4.583333,13.5,0.0,0.372321429,4.305904428571428,0.034,-0.14640075057142857
2025-02-11 13:00:00,0.2674285714285714,3.797547,13.5,0.0,0.372321429,3.5301184285714284,0.032,-0.11296378971428571
2025-02-11 14:00:00,0.54,2.8686149999999997,13.5,0.0,0.372321429,2.3286149999999997,0.031,-0.072187065
2025-02-11 15:00:00,0.1,2.677749,13.5,0.0,0.382321429,2.577749,0.032,-0.082487968
2025-02-11 16:00:00,1.4500000000000002,1.962791,13.5,0.0,0.402321429,0.5127909999999998,0.062,-0.03179304199999999
2025-02-11 17:00:00,2.275343185550082,0.022294,11.246950814449916,0.0,0.402321429,0.0,0.099,0.0
2025-02-11 18:00:00,2.855343185550082,0.0,8.391607628899836,0.0,0.402321429,0.0,0.089,0.0
2025-02-11 19:00:00,2.36,0.0,6.031607628899836,0.0,0.402321429,0.0,0.082,0.0
2025-02-11 20:00:00,0.7300000000000001,0.0,5.301607628899836,0.0,0.402321429,0.0,0.083,0.0
2025-02-11 21:00:00,1.4500000000000002,0.0,3.851607628899836,0.0,0.382321429,0.0,0.082,0.0
2025-02-11 22:00:00,0.8300000000000001,0.0,3.0216076288998357,0.0,0.382321429,0.0,0.086,0.0
2025-02-11 23:00:00,1.39,0.0,1.6316076288998358,0.0,0.382321429,0.0,0.087,0.0
2025-02-12 00:00:00,1.28,0.0,0.3516076288998357,0.0,0.372321429,0.0,0.086,0.0
2025-02-12 01:00:00,1.51,0.0,0.0,1.1583923711001642,0.372321429,0.0,0.084,0.4312943029507114
2025-02-12 02:00:00,1.5,0.0,0.0,1.5,0.372321429,0.0,0.084,0.5584821435
2025-02-12 03:00:00,1.27,0.0,0.0,1.27,0.372321429,0.0,0.084,0.47284821483
2025-02-12 04:00:00,1.46,0.0,0.0,1.46,0.372321429,0.0,0.085,0.5435892863399999
2025-02-12 05:00:00,1.39,0.0,0.0,1.39,0.372321429,0.0,0.084,0.5175267863099999
2025-02-12 06:00:00,1.86,0.0,0.0,1.86,0.372321429,0.0,0.08,0.69251785794
2025-02-12 07:00:00,1.34,0.465812,0.0,0.8741880000000001,0.372321429,0.0,0.076,0.325478925374652
2025-02-12 08:00:00,1.15,2.347626,1.197626,0.0,0.372321429,0.0,0.055,0.0
2025-02-12 09:00:00,1.09,2.174971,2.282597,0.0,0.372321429,0.0,0.043,0.0
2025-02-12 10:00:00,2.8899999999999997,4.223482,3.616079,0.0,0.372321429,0.0,0.038,0.0
2025-02-12 11:00:00,3.4974285714285713,4.583333,4.701983428571428,0.0,0.372321429,0.0,0.038,0.0
2025-02-12 12:00:00,3.1674285714285713,4.583333,6.117887857142857,0.0,0.372321429,0.0,0.034,0.0
2025-02-12 13:00:00,3.0374285714285714,3.688581,6.7690402857142855,0.0,0.372321429,0.0,0.032,0.0
2025-02-12 14:00:00,2.72,3.469135,7.518175285714285,0.0,0.372321429,0.0,0.031,0.0
2025-02-12 15:00:00,0.58,2.253075,9.191250285714286,0.0,0.382321429,0.0,0.032,0.0
2025-02-12 16:00:00,1.15,0.999806,9.041056285714289,0.0,0.402321429,0.0,0.062,0.0
2025-02-12 17:00:00,1.605343185550082,0.024848,7.460561100164205,0.0,0.402321429,0.0,0.099,0.0
2025-02-12 18:00:00,1.4453431855500822,0.0,6.015217914614123,0.0,0.402321429,0.0,0.089,0.0
2025-02-12 19:00:00,2.61,0.0,3.405217914614123,0.0,0.402321429,0.0,0.082,0.0
2025-02-12 20:00:00,2.4299999999999997,0.0,0.9752179146141232,0.0,0.402321429,0.0,0.083,0.0
2025-02-12 21:00:00,2.4000000000000004,0.0,0.0,1.424782085385877,0.382321429,0.0,0.082,0.5447247228983285
2025-02-12 22:00:00,2.52,0.0,0.0,2.52,0.382321429,0.0,0.086,0.96345000108
2025-02-12 23:00:00,2.6,0.0,0.0,2.6,0.382321429,0.0,0.087,0.9940357154
2025-02-13 00:00:00,2.35,0.0,0.0,2.35,0.372321429,0.0,0.086,0.87495535815
2025-02-13 01:00:00,2.28,0.0,0.0,2.28,0.372321429,0.0,0.084,0.8488928581199999
2025-02-13 02:00:00,1.91,0.0,0.0,1.91,0.372321429,0.0,0.084,0.71113392939
2025-02-13 03:00:00,2.47,0.0,0.0,2.47,0.372321429,0.0,0.084,0.91963392963
2025-02-13 04:00:00,1.95,0.0,0.0,1.95,0.372321429,0.0,0.085,0.72602678655
2025-02-13 05:00:00,1.13,0.0,0.0,1.13,0.372321429,0.0,0.084,0.42072321476999996
2025-02-13 06:00:00,1.42,0.0,0.0,1.42,0.372321429,0.0,0.08,0.5286964291799999
2025-02-13 07:00:00,1.03,0.0,0.0,1.03,0.372321429,0.0,0.076,0.38349107187
2025-02-13 08:00:00,0.8400000000000001,0.08873,0.0,0.7512700000000001,0.372321429,0.0,0.055,0.27971391996483
2025-02-13 09:00:00,0.64,0.095579,0.0,0.544421,0.372321429,0.0,0.043,0.202699604697609
2025-02-13 10:00:00,0.67,0.3666709999999999,0.0,0.3033290000000001,0.372321429,0.0,0.038,0.11293588673714104
2025-02-13 11:00:00,1.5874285714285716,0.61822,0.0,0.9692085714285716,0.372321429,0.0,0.038,0.36085712031333433
2025-02-13 12:00:00,1.3274285714285714,0.854131,0.0,0.47329757142857143,0.372321429,0.0,0.034,0.17621882813651527
2025-02-13 13:00:00,0.5074285714285715,0.678563,0.1711344285714285,0.0,0.372321429,0.0,0.032,0.0
2025-02-13 14:00:00,1.57,0.3945079999999999,0.0,1.0043575714285717,0.372321429,0.0,0.031,0.37394384622125537
2025-02-13 15:00:00,0.7,0.157802,0.0,0.542198,0.382321429,0.0,0.032,0.20729391416094198
2025-02-13 16:00:00,0.49,0.140619,0.0,0.349381,0.402321429,0.0,0.062,0.140563463185449
2025-02-13 17:00:00,1.7353431855500825,0.0,0.0,1.7353431855500825,0.402321429,0.0,0.099,0.6981657502159213
2025-02-13 18:00:00,2.485343185550082,0.0,0.0,2.485343185550082,0.402321429,0.0,0.089,0.9999068219659211
2025-02-13 19:00:00,0.93,0.0,0.0,0.93,0.402321429,0.0,0.082,0.37415892897
2025-02-13 20:00:00,0.64,0.0,0.0,0.64,0.402321429,0.0,0.083,0.25748571456
2025-02-13 21:00:00,0.9,0.0,0.0,0.9,0.382321429,0.0,0.082,0.3440892861
2025-02-13 22:00:00,0.81,0.0,0.0,0.81,0.382321429,0.0,0.086,0.30968035749
2025-02-13 23:00:00,0.57,0.0,0.0,0.57,0.382321429,0.0,0.087,0.21792321452999996
2025-02-14 00:00:00,0.93,0.0,0.0,0.93,0.372321429,0.0,0.086,0.34625892897
2025-02-14 01:00:00,0.64,0.0,0.0,0.64,0.372321429,0.0,0.084,0.23828571456
2025-02-14 02:00:00,0.95,0.0,0.0,0.95,0.372321429,0.0,0.084,0.35370535755
2025-02-14 03:00:00,0.95,0.0,0.0,0.95,0.372321429,0.0,0.084,0.35370535755
2025-02-14 04:00:00,1.0,0.0,0.0,1.0,0.372321429,0.0,0.085,0.372321429
2025-02-14 05:00:00,0.49,0.0,0.0,0.49,0.372321429,0.0,0.084,0.18243750021
2025-02-14 06:00:00,1.46,0.0,0.0,1.46,0.372321429,0.0,0.08,0.5435892863399999
2025-02-14 07:00:00,0.8,0.477253,0.0,0.32274700000000006,0.372321429,0.0,0.076,0.12016562424546302
2025-02-14 08:00:00,0.73,2.031576,1.3015759999999998,0.0,0.372321429,0.0,0.055,0.0
2025-02-14 09:00:00,0.16,3.127701,4.269277,0.0,0.372321429,0.0,0.043,0.0
2025-02-14 10:00:00,2.44,3.860946,5.690223,0.0,0.372321429,0.0,0.038,0.0
2025-02-14 11:00:00,2.607428571428571,4.242049,7.324843428571429,0.0,0.372321429,0.0,0.038,0.0
2025-02-14 12:00:00,3.1874285714285713,4.389962000000001,8.527376857142858,0.0,0.372321429,0.0,0.034,0.0
2025-02-14 13:00:00,5.027428571428571,4.2361059999999995,7.736054285714287,0.0,0.372321429,0.0,0.032,0.0
2025-02-14 14:00:00,5.02,1.832548,4.548602285714288,0.0,0.372321429,0.0,0.031,0.0
2025-02-14 15:00:00,1.26,0.969942,4.2585442857142874,0.0,0.382321429,0.0,0.032,0.0
2025-02-14 16:00:00,0.42,0.227247,4.065791285714288,0.0,0.402321429,0.0,0.062,0.0
2025-02-14 17:00:00,0.975343185550082,0.033913,3.1243611001642058,0.0,0.402321429,0.0,0.099,0.0
2025-02-14 18:00:00,0.5853431855500821,0.0,2.5390179146141234,0.0,0.402321429,0.0,0.089,0.0
2025-02-14 19:00:00,0.48,0.0,2.059017914614123,0.0,0.402321429,0.0,0.082,0.0
2025-02-14 20:00:00,0.16,0.0,1.8990179146141235,0.0,0.402321429,0.0,0.083,0.0
2025-02-14 21:00:00,0.5,0.0,1.3990179146141235,0.0,0.382321429,0.0,0.082,0.0
2025-02-14 22:00:00,0.43,0.0,0.9690179146141236,0.0,0.382321429,0.0,0.086,0.0
2025-02-14 23:00:00,0.16,0.0,0.8090179146141235,0.0,0.382321429,0.0,0.087,0.0
2025-02-15 00:00:00,0.5,0.0,0.3090179146141235,0.0,0.372321429,0.0,0.086,0.0
2025-02-15 01:00:00,1.18,0.0,0.0,0.8709820853858765,0.372321429,0.0,0.084,0.32428529466426953
2025-02-15 02:00:00,0.86,0.0,0.0,0.86,0.372321429,0.0,0.084,0.32019642894
2025-02-15 03:00:00,0.96,0.0,0.0,0.96,0.372321429,0.0,0.084,0.35742857184
2025-02-15 04:00:00,1.39,0.0,0.0,1.39,0.372321429,0.0,0.085,0.5175267863099999
2025-02-15 05:00:00,0.94,0.0,0.0,0.94,0.372321429,0.0,0.084,0.34998214326
2025-02-15 06:00:00,0.93,0.0,0.0,0.93,0.372321429,0.0,0.08,0.34625892897
2025-02-15 07:00:00,1.19,0.55018,0.0,0.6398199999999999,0.372321429,0.0,0.076,0.23821869670277998
2025-02-15 08:00:00,0.7300000000000001,0.120056,0.0,0.609944,0.372321429,0.0,0.055,0.227095221689976
2025-02-15 09:00:00,0.47,1.036639,0.5666389999999999,0.0,0.372321429,0.0,0.043,0.0
2025-02-15 10:00:00,2.8,4.252703,2.0193420000000004,0.0,0.372321429,0.0,0.038,0.0
2025-02-15 11:00:00,2.5774285714285714,3.0640810000000003,2.5059944285714293,0.0,0.372321429,0.0,0.038,0.0
2025-02-15 12:00:00,2.5574285714285714,2.724268,2.672833857142858,0.0,0.372321429,0.0,0.034,0.0
2025-02-15 13:00:00,2.567428571428571,1.5371780000000002,1.6425832857142868,0.0,0.372321429,0.0,0.032,0.0
2025-02-15 14:00:00,2.4,2.4733159999999996,1.7158992857142863,0.0,0.372321429,0.0,0.031,0.0
2025-02-15 15:00:00,0.09,2.548323,4.174222285714286,0.0,0.382321429,0.0,0.032,0.0
2025-02-15 16:00:00,0.1,1.988184,6.062406285714286,0.0,0.402321429,0.0,0.062,0.0
2025-02-15 17:00:00,0.965343185550082,0.23396,5.331023100164204,0.0,0.402321429,0.0,0.099,0.0
2025-02-15 18:00:00,0.5753431855500821,0.0,4.755679914614122,0.0,0.402321429,0.0,0.089,0.0
2025-02-15 19:00:00,0.54,0.0,4.215679914614122,0.0,0.402321429,0.0,0.082,0.0
2025-02-15 20:00:00,0.11,0.0,4.105679914614122,0.0,0.402321429,0.0,0.083,0.0
2025-02-15 21:00:00,0.53,0.0,3.5756799146141214,0.0,0.382321429,0.0,0.082,0.0
2025-02-15 22:00:00,0.09,0.0,3.4856799146141215,0.0,0.382321429,0.0,0.086,0.0
2025-02-15 23:00:00,0.7000000000000001,0.0,2.7856799146141213,0.0,0.382321429,0.0,0.087,0.0
2025-02-16 00:00:00,1.09,0.0,1.6956799146141213,0.0,0.372321429,0.0,0.086,0.0
2025-02-16 01:00:00,0.4,0.0,1.2956799146141211,0.0,0.372321429,0.0,0.084,0.0
2025-02-16 02:00:00,1.16,0.0,0.1356799146141212,0.0,0.372321429,0.0,0.084,0.0
2025-02-16 03:00:00,0.85,0.0,0.0,0.7143200853858788,0.372321429,0.0,0.084,0.2659566749542724
2025-02-16 04:00:00,1.04,0.0,0.0,1.04,0.372321429,0.0,0.085,0.38721428616
2025-02-16 05:00:00,0.94,0.0,0.0,0.94,0.372321429,0.0,0.084,0.34998214326
2025-02-16 06:00:00,0.94,0.0,0.0,0.94,0.372321429,0.0,0.08,0.34998214326
2025-02-16 07:00:00,0.89,0.6598200000000001,0.0,0.23017999999999994,0.372321429,0.0,0.076,0.08570094652721998
2025-02-16 08:00:00,0.54,2.348636,1.808636,0.0,0.372321429,0.0,0.055,0.0
2025-02-16 09:00:00,0.48,2.083124,3.4117599999999997,0.0,0.372321429,0.0,0.043,0.0
2025-02-16 10:00:00,2.72,2.985056,3.676816,0.0,0.372321429,0.0,0.038,0.0
2025-02-16 11:00:00,2.867428571428571,2.941277,3.750664428571429,0.0,0.372321429,0.0,0.038,0.0
2025-02-16 12:00:00,2.567428571428571,1.97433,3.157565857142857,0.0,0.372321429,0.0,0.034,0.0
2025-02-16 13:00:00,2.567428571428571,1.289461,1.879598285714286,0.0,0.372321429,0.0,0.032,0.0
2025-02-16 14:00:00,2.4,1.111232,0.590830285714286,0.0,0.372321429,0.0,0.031,0.0
2025-02-16 15:00:00,0.09,0.063558,0.564388285714286,0.0,0.382321429,0.0,0.032,0.0
2025-02-16 16:00:00,0.1,0.3627869999999999,0.827175285714286,0.0,0.402321429,0.0,0.062,0.0
2025-02-16 17:00:00,0.5753431855500821,0.0,0.2518321001642039,0.0,0.402321429,0.0,0.099,0.0
2025-02-16 18:00:00,0.5853431855500821,0.0,0.0,0.33351108538587826,0.402321429,0.0,0.089,0.13417865645978755
2025-02-16 19:00:00,0.1,0.0,0.0,0.1,0.402321429,0.0,0.082,0.040232142900000004
2025-02-16 20:00:00,0.54,0.0,0.0,0.54,0.402321429,0.0,0.083,0.21725357166
2025-02-16 21:00:00,0.1,0.0,0.0,0.1,0.382321429,0.0,0.082,0.0382321429
2025-02-16 22:00:00,0.1,0.0,0.0,0.1,0.382321429,0.0,0.086,0.0382321429
2025-02-16 23:00:00,0.5,0.0,0.0,0.5,0.382321429,0.0,0.087,0.1911607145
2025-02-17 00:00:00,0.1,0.0,0.0,0.1,0.372321429,0.0,0.086,0.0372321429
2025-02-17 01:00:00,0.49,0.0,0.0,0.49,0.372321429,0.0,0.084,0.18243750021
2025-02-17 02:00:00,0.3399999999999999,0.0,0.0,0.3399999999999999,0.372321429,0.0,0.084,0.12658928585999996
2025-02-17 03:00:00,0.71,0.0,0.0,0.71,0.372321429,0.0,0.084,0.26434821458999996
2025-02-17 04:00:00,1.04,0.0,0.0,1.04,0.372321429,0.0,0.085,0.38721428616
2025-02-17 05:00:00,0.5700000000000001,0.0,0.0,0.5700000000000001,0.372321429,0.0,0.084,0.21222321453
2025-02-17 06:00:00,0.7200000000000001,0.0,0.0,0.7200000000000001,0.372321429,0.0,0.08,0.26807142888
2025-02-17 07:00:00,0.8400000000000001,0.353094,0.0,0.48690600000000006,0.372321429,0.0,0.076,0.181285537708674
2025-02-17 08:00:00,0.5399999999999999,2.2322930000000003,1.6922930000000005,0.0,0.372321429,0.0,0.055,0.0
2025-02-17 09:00:00,0.37,3.567678,4.889971,0.0,0.372321429,0.0,0.043,0.0
2025-02-17 10:00:00,0.43,4.477435000000001,8.937406000000001,0.0,0.372321429,0.0,0.038,0.0
2025-02-17 11:00:00,0.2674285714285714,4.583333,13.253310428571428,0.0,0.372321429,0.0,0.038,0.0
2025-02-17 12:00:00,0.2574285714285714,1.914785,13.5,0.0,0.372321429,1.6573564285714286,0.034,-0.056350118571428576
2025-02-17 13:00:00,0.2674285714285714,4.583333,13.5,0.0,0.372321429,4.315904428571428,0.032,-0.1381089417142857
2025-02-17 14:00:00,0.1,4.304435000000001,13.5,0.0,0.372321429,4.204435000000001,0.031,-0.13033748500000003
2025-02-17 15:00:00,0.1,3.393019,13.5,0.0,0.382321429,3.2930189999999997,0.032,-0.105376608
2025-02-17 16:00:00,0.94,2.0622640000000003,13.5,0.0,0.402321429,1.1222640000000004,0.062,-0.06958036800000002
2025-02-17 17:00:00,1.225343185550082,0.2638399999999999,12.538496814449918,0.0,0.402321429,0.0,0.099,0.0
2025-02-17 18:00:00,2.405343185550082,0.0,10.133153628899835,0.0,0.402321429,0.0,0.089,0.0
2025-02-17 19:00:00,0.91,0.0,9.223153628899835,0.0,0.402321429,0.0,0.082,0.0
2025-02-17 20:00:00,0.6599999999999999,0.0,8.563153628899835,0.0,0.402321429,0.0,0.083,0.0
2025-02-17 21:00:00,1.34,0.0,7.223153628899835,0.0,0.382321429,0.0,0.082,0.0
2025-02-17 22:00:00,1.42,0.0,5.803153628899835,0.0,0.382321429,0.0,0.086,0.0
2025-02-17 23:00:00,1.11,0.0,4.693153628899835,0.0,0.382321429,0.0,0.087,0.0
2025-02-18 00:00:00,1.02,0.0,3.673153628899835,0.0,0.372321429,0.0,0.086,0.0
2025-02-18 01:00:00,1.12,0.0,2.553153628899835,0.0,0.372321429,0.0,0.084,0.0
2025-02-18 02:00:00,1.02,0.0,1.5331536288998349,0.0,0.372321429,0.0,0.084,0.0
2025-02-18 03:00:00,1.35,0.0,0.1831536288998347,0.0,0.372321429,0.0,0.084,0.0
2025-02-18 04:00:00,0.94,0.0,0.0,0.7568463711001653,0.372321429,0.0,0.085,0.28179012242147783
2025-02-18 05:00:00,1.61,0.0,0.0,1.61,0.372321429,0.0,0.084,0.59943750069
2025-02-18 06:00:00,1.13,0.0,0.0,1.13,0.372321429,0.0,0.08,0.42072321476999996
2025-02-18 07:00:00,1.25,0.072514,0.0,1.177486,0.372321429,0.0,0.076,0.438403270147494
2025-02-18 08:00:00,0.18,0.3899479999999999,0.2099479999999999,0.0,0.372321429,0.0,0.055,0.0
2025-02-18 09:00:00,0.14,0.73651,0.8064579999999999,0.0,0.372321429,0.0,0.043,0.0
2025-02-18 10:00:00,0.15,2.243164,2.899622,0.0,0.372321429,0.0,0.038,0.0
2025-02-18 11:00:00,0.4301826923076923,2.607221,5.076660307692308,0.0,0.372321429,0.0,0.038,0.0
2025-02-18 12:00:00,0.4501826923076923,2.9115569999999997,7.538034615384615,0.0,0.372321429,0.0,0.034,0.0
2025-02-18 13:00:00,0.4201826923076923,2.0436099999999997,9.161461923076924,0.0,0.372321429,0.0,0.032,0.0
2025-02-18 14:00:00,0.14,1.830643,10.852104923076922,0.0,0.372321429,0.0,0.031,0.0
2025-02-18 15:00:00,0.14,1.128351,11.840455923076922,0.0,0.382321429,0.0,0.032,0.0
2025-02-18 16:00:00,0.15,0.148332,11.838787923076922,0.0,0.402321429,0.0,0.062,0.0
2025-02-18 17:00:00,0.9438520114942528,0.0,10.89493591158267,0.0,0.402321429,0.0,0.099,0.0
2025-02-18 18:00:00,0.9338520114942528,0.0,9.961083900088417,0.0,0.402321429,0.0,0.089,0.0
2025-02-18 19:00:00,0.11,0.0,9.851083900088415,0.0,0.402321429,0.0,0.082,0.0
2025-02-18 20:00:00,0.13,0.0,9.721083900088416,0.0,0.402321429,0.0,0.083,0.0
2025-02-18 21:00:00,0.45,0.0,9.271083900088415,0.0,0.382321429,0.0,0.082,0.0
2025-02-18 22:00:00,0.5800000000000001,0.0,8.691083900088417,0.0,0.382321429,0.0,0.086,0.0
2025-02-18 23:00:00,0.76,0.0,7.931083900088417,0.0,0.382321429,0.0,0.087,0.0
2025-02-19 00:00:00,0.72,0.0,7.2110839000884175,0.0,0.372321429,0.0,0.086,0.0
2025-02-19 01:00:00,0.78,0.0,6.431083900088417,0.0,0.372321429,0.0,0.084,0.0
2025-02-19 02:00:00,0.95,0.0,5.481083900088417,0.0,0.372321429,0.0,0.084,0.0
2025-02-19 03:00:00,0.57,0.0,4.911083900088417,0.0,0.372321429,0.0,0.084,0.0
2025-02-19 04:00:00,0.94,0.0,3.971083900088417,0.0,0.372321429,0.0,0.085,0.0
2025-02-19 05:00:00,0.8,0.0,3.171083900088417,0.0,0.372321429,0.0,0.084,0.0
2025-02-19 06:00:00,0.95,0.0,2.2210839000884164,0.0,0.372321429,0.0,0.08,0.0
2025-02-19 07:00:00,0.5900000000000001,0.0,1.6310839000884163,0.0,0.372321429,0.0,0.076,0.0
2025-02-19 08:00:00,0.49,1.1608969999999998,2.301980900088416,0.0,0.372321429,0.0,0.055,0.0
2025-02-19 09:00:00,0.66,0.963441,2.605421900088416,0.0,0.372321429,0.0,0.043,0.0
2025-02-19 10:00:00,3.19,0.355699,0.0,0.22887909991158395,0.372321429,0.0,0.038,0.0852165935473147
2025-02-19 11:00:00,3.690182692307692,0.968675,0.0,2.721507692307692,0.372321429,0.0,0.038,1.013275633034492
2025-02-19 12:00:00,2.990182692307692,0.7688550000000001,0.0,2.2213276923076917,0.372321429,0.0,0.034,0.8270479006772721
2025-02-19 13:00:00,3.630182692307692,0.151772,0.0,3.4784106923076923,0.372321429,0.0,0.032,1.2950868396088793
2025-02-19 14:00:00,2.8899999999999997,0.201874,0.0,2.6881259999999996,0.372321429,0.0,0.031,1.0008469136520537
2025-02-19 15:00:00,0.69,0.295922,0.0,0.39407799999999993,0.382321429,0.0,0.032,0.15066446409746198
2025-02-19 16:00:00,0.15,0.0,0.0,0.15,0.402321429,0.0,0.062,0.06034821435
2025-02-19 17:00:00,0.9838520114942528,0.2883,0.0,0.6955520114942528,0.402321429,0.0,0.099,0.27983547920819224
2025-02-19 18:00:00,1.2938520114942529,0.0,0.0,1.2938520114942529,0.402321429,0.0,0.089,0.5205443901788922
2025-02-19 19:00:00,0.94,0.0,0.0,0.94,0.402321429,0.0,0.082,0.37818214326
2025-02-19 20:00:00,0.27,0.0,0.0,0.27,0.402321429,0.0,0.083,0.10862678583
2025-02-19 21:00:00,1.08,0.0,0.0,1.08,0.382321429,0.0,0.082,0.41290714332
2025-02-19 22:00:00,0.62,0.0,0.0,0.62,0.382321429,0.0,0.086,0.23703928598
2025-02-19 23:00:00,0.15,0.0,0.0,0.15,0.382321429,0.0,0.087,0.057348214349999996
2025-02-20 00:00:00,0.98,0.0,0.0,0.98,0.372321429,0.0,0.086,0.36487500042
2025-02-20 01:00:00,0.49,0.0,0.0,0.49,0.372321429,0.0,0.084,0.18243750021
2025-02-20 02:00:00,1.24,0.0,0.0,1.24,0.372321429,0.0,0.084,0.46167857195999995
2025-02-20 03:00:00,0.65,0.0,0.0,0.65,0.372321429,0.0,0.084,0.24200892885
2025-02-20 04:00:00,1.01,0.0,0.0,1.01,0.372321429,0.0,0.085,0.37604464329
2025-02-20 05:00:00,0.95,0.0,0.0,0.95,0.372321429,0.0,0.084,0.35370535755
2025-02-20 06:00:00,1.1,0.0,0.0,1.1,0.372321429,0.0,0.08,0.4095535719
2025-02-20 07:00:00,1.08,0.070456,0.0,1.009544,0.372321429,0.0,0.076,0.375874864718376
2025-02-20 08:00:00,0.21,0.115323,0.0,0.094677,0.372321429,0.0,0.055,0.035250275933432995
2025-02-20 09:00:00,0.1,3.452413,3.352413,0.0,0.372321429,0.0,0.043,0.0
2025-02-20 10:00:00,0.1399999999999999,1.99841,5.2108229999999995,0.0,0.372321429,0.0,0.038,0.0
2025-02-20 11:00:00,0.4101826923076923,1.254784,6.0554243076923076,0.0,0.372321429,0.0,0.038,0.0
2025-02-20 12:00:00,0.5301826923076923,3.074767,8.600008615384615,0.0,0.372321429,0.0,0.034,0.0
2025-02-20 13:00:00,0.4201826923076923,2.072744,10.252569923076924,0.0,0.372321429,0.0,0.032,0.0
2025-02-20 14:00:00,0.24,3.942484,13.5,0.0,0.372321429,3.702484,0.031,-0.114777004
2025-02-20 15:00:00,0.11,3.1010340000000003,13.5,0.0,0.382321429,2.9910340000000004,0.032,-0.09571308800000002
2025-02-20 16:00:00,0.19,1.886973,13.5,0.0,0.402321429,1.696973,0.062,-0.10521232600000001
2025-02-20 17:00:00,1.0338520114942529,0.24797,12.714117988505746,0.0,0.402321429,0.0,0.099,0.0
2025-02-20 18:00:00,3.283852011494253,0.0,9.430265977011494,0.0,0.402321429,0.0,0.089,0.0
2025-02-20 19:00:00,1.19,0.0,8.240265977011495,0.0,0.402321429,0.0,0.082,0.0
2025-02-20 20:00:00,0.3,0.0,7.940265977011495,0.0,0.402321429,0.0,0.083,0.0
2025-02-20 21:00:00,0.31,0.0,7.630265977011495,0.0,0.382321429,0.0,0.082,0.0
2025-02-20 22:00:00,0.64,0.0,6.990265977011496,0.0,0.382321429,0.0,0.086,0.0
2025-02-20 23:00:00,0.79,0.0,6.200265977011496,0.0,0.382321429,0.0,0.087,0.0
2025-02-21 00:00:00,0.15,0.0,6.050265977011495,0.0,0.372321429,0.0,0.086,0.0
2025-02-21 01:00:00,0.52,0.0,5.530265977011496,0.0,0.372321429,0.0,0.084,0.0
2025-02-21 02:00:00,0.84,0.0,4.690265977011496,0.0,0.372321429,0.0,0.084,0.0
2025-02-21 03:00:00,0.95,0.0,3.740265977011496,0.0,0.372321429,0.0,0.084,0.0
2025-02-21 04:00:00,1.1,0.0,2.6402659770114956,0.0,0.372321429,0.0,0.085,0.0
2025-02-21 05:00:00,1.0,0.0,1.6402659770114956,0.0,0.372321429,0.0,0.084,0.0
2025-02-21 06:00:00,0.6400000000000001,0.0,1.0002659770114954,0.0,0.372321429,0.0,0.08,0.0
2025-02-21 07:00:00,0.95,0.045718,0.0959839770114955,0.0,0.372321429,0.0,0.076,0.0
2025-02-21 08:00:00,0.5800000000000001,0.8672709999999999,0.3832549770114953,0.0,0.372321429,0.0,0.055,0.0
2025-02-21 09:00:00,0.29,1.962913,2.056167977011495,0.0,0.372321429,0.0,0.043,0.0
2025-02-21 10:00:00,2.54,4.057491,3.573658977011495,0.0,0.372321429,0.0,0.038,0.0
2025-02-21 11:00:00,2.840182692307692,3.917256,4.650732284703803,0.0,0.372321429,0.0,0.038,0.0
2025-02-21 12:00:00,2.880182692307692,4.54059,6.311139592396112,0.0,0.372321429,0.0,0.034,0.0
2025-02-21 13:00:00,2.840182692307692,3.586777,7.05773390008842,0.0,0.372321429,0.0,0.032,0.0
2025-02-21 14:00:00,2.5599999999999996,3.927789,8.42552290008842,0.0,0.372321429,0.0,0.031,0.0
2025-02-21 15:00:00,0.3,3.132067,11.25758990008842,0.0,0.382321429,0.0,0.032,0.0
2025-02-21 16:00:00,0.2299999999999999,1.990769,13.01835890008842,0.0,0.402321429,0.0,0.062,0.0
2025-02-21 17:00:00,1.053852011494253,0.325335,12.289841888594168,0.0,0.402321429,0.0,0.099,0.0
2025-02-21 18:00:00,1.053852011494253,0.0,11.235989877099914,0.0,0.402321429,0.0,0.089,0.0
2025-02-21 19:00:00,0.2299999999999999,0.0,11.005989877099914,0.0,0.402321429,0.0,0.082,0.0
2025-02-21 20:00:00,1.76,0.0,9.245989877099914,0.0,0.402321429,0.0,0.083,0.0
2025-02-21 21:00:00,1.37,0.0,7.875989877099914,0.0,0.382321429,0.0,0.082,0.0
2025-02-21 22:00:00,0.24,0.0,7.635989877099914,0.0,0.382321429,0.0,0.086,0.0
2025-02-21 23:00:00,0.22,0.0,7.415989877099914,0.0,0.382321429,0.0,0.087,0.0
2025-02-22 00:00:00,0.21,0.0,7.205989877099914,0.0,0.372321429,0.0,0.086,0.0
2025-02-22 01:00:00,0.5700000000000001,0.0,6.635989877099914,0.0,0.372321429,0.0,0.084,0.0
2025-02-22 02:00:00,0.96,0.0,5.675989877099914,0.0,0.372321429,0.0,0.084,0.0
2025-02-22 03:00:00,0.96,0.0,4.715989877099914,0.0,0.372321429,0.0,0.084,0.0
2025-02-22 04:00:00,0.8999999999999999,0.0,3.815989877099914,0.0,0.372321429,0.0,0.085,0.0
2025-02-22 05:00:00,1.05,0.0,2.765989877099914,0.0,0.372321429,0.0,0.084,0.0
2025-02-22 06:00:00,1.21,0.0,1.555989877099914,0.0,0.372321429,0.0,0.08,0.0
2025-02-22 07:00:00,0.78,0.082917,0.8589068770999139,0.0,0.372321429,0.0,0.076,0.0
2025-02-22 08:00:00,0.44,0.852478,1.271384877099914,0.0,0.372321429,0.0,0.055,0.0
2025-02-22 09:00:00,0.21,3.192815,4.254199877099914,0.0,0.372321429,0.0,0.043,0.0
2025-02-22 10:00:00,2.52,3.882533,5.616732877099914,0.0,0.372321429,0.0,0.038,0.0
2025-02-22 11:00:00,2.62756993006993,3.880158,6.869320947029984,0.0,0.372321429,0.0,0.038,0.0
2025-02-22 12:00:00,2.61756993006993,3.813145,8.064896016960054,0.0,0.372321429,0.0,0.034,0.0
2025-02-22 13:00:00,2.61756993006993,3.831654,9.278980086890124,0.0,0.372321429,0.0,0.032,0.0
2025-02-22 14:00:00,2.54,3.3272600000000003,10.066240086890124,0.0,0.372321429,0.0,0.031,0.0
2025-02-22 15:00:00,0.24,1.383215,11.209455086890124,0.0,0.382321429,0.0,0.032,0.0
2025-02-22 16:00:00,0.35,0.407719,11.267174086890124,0.0,0.402321429,0.0,0.062,0.0
2025-02-22 17:00:00,0.5753996865203762,0.011196,10.702970400369749,0.0,0.402321429,0.0,0.099,0.0
2025-02-22 18:00:00,0.5853996865203762,0.0,10.117570713849371,0.0,0.402321429,0.0,0.089,0.0
2025-02-22 19:00:00,0.32,0.0,9.797570713849373,0.0,0.402321429,0.0,0.082,0.0
2025-02-22 20:00:00,0.11,0.0,9.687570713849372,0.0,0.402321429,0.0,0.083,0.0
2025-02-22 21:00:00,0.19,0.0,9.497570713849374,0.0,0.382321429,0.0,0.082,0.0
2025-02-22 22:00:00,0.18,0.0,9.317570713849374,0.0,0.382321429,0.0,0.086,0.0
2025-02-22 23:00:00,0.11,0.0,9.207570713849377,0.0,0.382321429,0.0,0.087,0.0
2025-02-23 00:00:00,0.11,0.0,9.097570713849375,0.0,0.372321429,0.0,0.086,0.0
2025-02-23 01:00:00,0.1,0.0,8.997570713849376,0.0,0.372321429,0.0,0.084,0.0
2025-02-23 02:00:00,0.49,0.0,8.507570713849375,0.0,0.372321429,0.0,0.084,0.0
2025-02-23 03:00:00,0.85,0.0,7.657570713849376,0.0,0.372321429,0.0,0.084,0.0
2025-02-23 04:00:00,0.78,0.0,6.877570713849376,0.0,0.372321429,0.0,0.085,0.0
2025-02-23 05:00:00,0.74,0.0,6.137570713849375,0.0,0.372321429,0.0,0.084,0.0
2025-02-23 06:00:00,0.95,0.0,5.187570713849375,0.0,0.372321429,0.0,0.08,0.0
2025-02-23 07:00:00,0.38,0.883325,5.690895713849375,0.0,0.372321429,0.0,0.076,0.0
2025-02-23 08:00:00,0.47,2.457618,7.678513713849376,0.0,0.372321429,0.0,0.055,0.0
2025-02-23 09:00:00,0.54,0.3881259999999999,7.526639713849376,0.0,0.372321429,0.0,0.043,0.0
2025-02-23 10:00:00,2.4,4.411991,9.538630713849376,0.0,0.372321429,0.0,0.038,0.0
2025-02-23 11:00:00,2.49756993006993,4.583333,11.624393783779446,0.0,0.372321429,0.0,0.038,0.0
2025-02-23 12:00:00,2.49756993006993,3.0412559999999997,12.168079853709516,0.0,0.372321429,0.0,0.034,0.0
2025-02-23 13:00:00,2.5075699300699297,3.325669,12.986178923639589,0.0,0.372321429,0.0,0.032,0.0
2025-02-23 14:00:00,2.4,2.811683,13.397861923639589,0.0,0.372321429,0.0,0.031,0.0
2025-02-23 15:00:00,0.23,2.026701,13.5,0.0,0.382321429,1.796701,0.032,-0.057494432000000005
2025-02-23 16:00:00,0.27,2.0243979999999997,13.5,0.0,0.402321429,1.7543979999999997,0.062,-0.10877267599999998
2025-02-23 17:00:00,0.4253996865203762,0.386197,13.460797313479624,0.0,0.402321429,0.0,0.099,0.0
2025-02-23 18:00:00,0.4453996865203762,0.0,13.015397626959247,0.0,0.402321429,0.0,0.089,0.0
2025-02-23 19:00:00,0.15,0.0,12.865397626959249,0.0,0.402321429,0.0,0.082,0.0
2025-02-23 20:00:00,0.16,0.0,12.705397626959249,0.0,0.402321429,0.0,0.083,0.0
2025-02-23 21:00:00,0.19,0.0,12.515397626959247,0.0,0.382321429,0.0,0.082,0.0
2025-02-23 22:00:00,0.13,0.0,12.385397626959248,0.0,0.382321429,0.0,0.086,0.0
2025-02-23 23:00:00,0.46,0.0,11.925397626959246,0.0,0.382321429,0.0,0.087,0.0
2025-02-24 00:00:00,0.8899999999999999,0.0,11.035397626959243,0.0,0.372321429,0.0,0.086,0.0
2025-02-24 01:00:00,0.57,0.0,10.465397626959245,0.0,0.372321429,0.0,0.084,0.0
2025-02-24 02:00:00,0.41,0.0,10.055397626959245,0.0,0.372321429,0.0,0.084,0.0
2025-02-24 03:00:00,0.95,0.0,9.105397626959244,0.0,0.372321429,0.0,0.084,0.0
2025-02-24 04:00:00,0.5800000000000001,0.0,8.525397626959245,0.0,0.372321429,0.0,0.085,0.0
2025-02-24 05:00:00,0.5700000000000001,0.0,7.955397626959245,0.0,0.372321429,0.0,0.084,0.0
2025-02-24 06:00:00,0.5700000000000001,0.0,7.385397626959245,0.0,0.372321429,0.0,0.08,0.0
2025-02-24 07:00:00,0.8200000000000001,0.915171,7.480568626959244,0.0,0.372321429,0.0,0.076,0.0
2025-02-24 08:00:00,0.37,2.487218,9.597786626959245,0.0,0.372321429,0.0,0.055,0.0
2025-02-24 09:00:00,0.47,3.612123,12.739909626959244,0.0,0.372321429,0.0,0.043,0.0
2025-02-24 10:00:00,0.19,4.322659,13.5,0.0,0.372321429,4.132658999999999,0.038,-0.15704104199999996
2025-02-24 11:00:00,0.2275699300699301,4.583333,13.5,0.0,0.372321429,4.355763069930069,0.038,-0.16551899665734263
2025-02-24 12:00:00,0.20756993006993,4.583333,13.5,0.0,0.372321429,4.37576306993007,0.034,-0.14877594437762237
2025-02-24 13:00:00,0.20756993006993,4.583333,13.5,0.0,0.372321429,4.37576306993007,0.032,-0.14002441823776224
2025-02-24 14:00:00,0.1,4.176333,13.5,0.0,0.372321429,4.076333,0.031,-0.126366323
2025-02-24 15:00:00,0.11,3.356762,13.5,0.0,0.382321429,3.246762,0.032,-0.103896384
2025-02-24 16:00:00,0.13,2.119284,13.5,0.0,0.402321429,1.989284,0.062,-0.123335608
2025-02-24 17:00:00,0.4553996865203762,0.473676,13.5,0.0,0.402321429,0.018276313479623774,0.099,-0.0018093550344827536
2025-02-24 18:00:00,0.4853996865203762,0.0,13.014600313479624,0.0,0.402321429,0.0,0.089,0.0
2025-02-24 19:00:00,0.27,0.0,12.744600313479625,0.0,0.402321429,0.0,0.082,0.0
2025-02-24 20:00:00,0.18,0.0,12.564600313479623,0.0,0.402321429,0.0,0.083,0.0
2025-02-24 21:00:00,0.15,0.0,12.414600313479625,0.0,0.382321429,0.0,0.082,0.0
2025-02-24 22:00:00,0.1699999999999999,0.0,12.244600313479625,0.0,0.382321429,0.0,0.086,0.0
2025-02-24 23:00:00,0.18,0.0,12.064600313479623,0.0,0.382321429,0.0,0.087,0.0
2025-02-25 00:00:00,0.54,0.0,11.524600313479624,0.0,0.372321429,0.0,0.086,0.0
2025-02-25 01:00:00,0.48,0.0,11.044600313479624,0.0,0.372321429,0.0,0.084,0.0
2025-02-25 02:00:00,0.8,0.0,10.244600313479625,0.0,0.372321429,0.0,0.084,0.0
2025-02-25 03:00:00,0.94,0.0,9.304600313479623,0.0,0.372321429,0.0,0.084,0.0
2025-02-25 04:00:00,0.5700000000000001,0.0,8.734600313479623,0.0,0.372321429,0.0,0.085,0.0
2025-02-25 05:00:00,0.89,0.0,7.844600313479623,0.0,0.372321429,0.0,0.084,0.0
2025-02-25 06:00:00,0.99,0.0,6.854600313479623,0.0,0.372321429,0.0,0.08,0.0
2025-02-25 07:00:00,0.58,0.945028,7.219628313479623,0.0,0.372321429,0.0,0.076,0.0
2025-02-25 08:00:00,0.11,2.525133,9.634761313479622,0.0,0.372321429,0.0,0.055,0.0
2025-02-25 09:00:00,0.1,3.652727,13.187488313479625,0.0,0.372321429,0.0,0.043,0.0
2025-02-25 10:00:00,0.1,4.324014,13.5,0.0,0.372321429,4.224014,0.038,-0.160512532
2025-02-25 11:00:00,0.20756993006993,4.583333,13.5,0.0,0.372321429,4.37576306993007,0.038,-0.16627899665734264
2025-02-25 12:00:00,0.20756993006993,4.583333,13.5,0.0,0.372321429,4.37576306993007,0.034,-0.14877594437762237
2025-02-25 13:00:00,0.21756993006993,4.583333,13.5,0.0,0.372321429,4.36576306993007,0.032,-0.13970441823776225
2025-02-25 14:00:00,0.1,4.124307,13.5,0.0,0.372321429,4.024307,0.031,-0.12475351700000001
2025-02-25 15:00:00,0.1,3.320864,13.5,0.0,0.382321429,3.2208639999999997,0.032,-0.103067648
2025-02-25 16:00:00,0.1,2.131272,13.5,0.0,0.402321429,2.031272,0.062,-0.12593886399999998
2025-02-25 17:00:00,0.4153996865203762,0.525328,13.5,0.0,0.402321429,0.10992831347962384,0.099,-0.010882903034482761
2025-02-25 18:00:00,2.2753996865203763,0.0,11.224600313479623,0.0,0.402321429,0.0,0.089,0.0
2025-02-25 19:00:00,0.91,0.0,10.314600313479623,0.0,0.402321429,0.0,0.082,0.0
2025-02-25 20:00:00,0.19,0.0,10.124600313479624,0.0,0.402321429,0.0,0.083,0.0
2025-02-25 21:00:00,0.36,0.0,9.764600313479624,0.0,0.382321429,0.0,0.082,0.0
2025-02-25 22:00:00,0.45,0.0,9.314600313479623,0.0,0.382321429,0.0,0.086,0.0
2025-02-25 23:00:00,0.2,0.0,9.114600313479626,0.0,0.382321429,0.0,0.087,0.0
2025-02-26 00:00:00,0.11,0.0,9.004600313479626,0.0,0.372321429,0.0,0.086,0.0
2025-02-26 01:00:00,0.53,0.0,8.474600313479627,0.0,0.372321429,0.0,0.084,0.0
2025-02-26 02:00:00,0.64,0.0,7.834600313479627,0.0,0.372321429,0.0,0.084,0.0
2025-02-26 03:00:00,0.86,0.0,6.974600313479627,0.0,0.372321429,0.0,0.084,0.0
2025-02-26 04:00:00,1.85,0.0,5.124600313479627,0.0,0.372321429,0.0,0.085,0.0
2025-02-26 05:00:00,1.03,0.0,4.094600313479627,0.0,0.372321429,0.0,0.084,0.0
2025-02-26 06:00:00,0.8500000000000001,0.0,3.244600313479627,0.0,0.372321429,0.0,0.08,0.0
2025-02-26 07:00:00,0.24,0.944392,3.948992313479627,0.0,0.372321429,0.0,0.076,0.0
2025-02-26 08:00:00,0.18,2.504764,6.273756313479627,0.0,0.372321429,0.0,0.055,0.0
2025-02-26 09:00:00,0.13,3.653494,9.797250313479626,0.0,0.372321429,0.0,0.043,0.0
2025-02-26 10:00:00,2.44,4.363938,11.721188313479626,0.0,0.372321429,0.0,0.038,0.0
2025-02-26 11:00:00,2.55756993006993,4.583333,13.5,0.0,0.372321429,2.0257630699300697,0.038,-0.07697899665734265
2025-02-26 12:00:00,2.61756993006993,4.064499,13.5,0.0,0.372321429,1.4469290699300696,0.034,-0.04919558837762237
2025-02-26 13:00:00,2.51756993006993,3.554355,13.5,0.0,0.372321429,1.0367850699300702,0.032,-0.03317712223776225
2025-02-26 14:00:00,2.4099999999999997,3.09752,13.5,0.0,0.372321429,0.6875200000000001,0.031,-0.021313120000000005
2025-02-26 15:00:00,0.12,2.127879,13.5,0.0,0.382321429,2.007879,0.032,-0.064252128
2025-02-26 16:00:00,0.22,1.179717,13.5,0.0,0.402321429,0.9597169999999999,0.062,-0.059502453999999996
2025-02-26 17:00:00,0.4653996865203762,0.112803,13.147403313479623,0.0,0.402321429,0.0,0.099,0.0
2025-02-26 18:00:00,0.4353996865203762,0.0,12.712003626959246,0.0,0.402321429,0.0,0.089,0.0
2025-02-26 19:00:00,0.13,0.0,12.582003626959246,0.0,0.402321429,0.0,0.082,0.0
2025-02-26 20:00:00,0.1699999999999999,0.0,12.412003626959246,0.0,0.402321429,0.0,0.083,0.0
2025-02-26 21:00:00,0.15,0.0,12.262003626959244,0.0,0.382321429,0.0,0.082,0.0
2025-02-26 22:00:00,0.17,0.0,12.092003626959244,0.0,0.382321429,0.0,0.086,0.0
2025-02-26 23:00:00,0.12,0.0,11.972003626959246,0.0,0.382321429,0.0,0.087,0.0
2025-02-27 00:00:00,0.1,0.0,11.872003626959248,0.0,0.372321429,0.0,0.086,0.0
2025-02-27 01:00:00,0.11,0.0,11.762003626959247,0.0,0.372321429,0.0,0.084,0.0
2025-02-27 02:00:00,0.1,0.0,11.662003626959248,0.0,0.372321429,0.0,0.084,0.0
2025-02-27 03:00:00,0.11,0.0,11.552003626959248,0.0,0.372321429,0.0,0.084,0.0
2025-02-27 04:00:00,0.48,0.0,11.072003626959248,0.0,0.372321429,0.0,0.085,0.0
2025-02-27 05:00:00,0.51,0.0,10.562003626959248,0.0,0.372321429,0.0,0.084,0.0
2025-02-27 06:00:00,0.92,0.0,9.642003626959248,0.0,0.372321429,0.0,0.08,0.0
2025-02-27 07:00:00,0.4,0.129161,9.371164626959247,0.0,0.372321429,0.0,0.076,0.0
2025-02-27 08:00:00,0.2,2.25598,11.427144626959247,0.0,0.372321429,0.0,0.055,0.0
2025-02-27 09:00:00,0.33,2.843797,13.5,0.0,0.372321429,2.513797,0.043,-0.10809327099999999
2025-02-27 10:00:00,0.4599999999999999,3.835912,13.5,0.0,0.372321429,3.375912,0.038,-0.128284656
2025-02-27 11:00:00,0.5075699300699301,4.583333,13.5,0.0,0.372321429,4.075763069930069,0.038,-0.15487899665734262
2025-02-27 12:00:00,0.32756993006993,4.583333,13.5,0.0,0.372321429,4.25576306993007,0.034,-0.14469594437762237
2025-02-27 13:00:00,0.2975699300699301,3.633836,13.5,0.0,0.372321429,3.33626606993007,0.032,-0.10676051423776224
2025-02-27 14:00:00,0.17,3.143669,13.5,0.0,0.372321429,2.973669,0.031,-0.092183739
2025-02-27 15:00:00,0.16,2.379378,13.5,0.0,0.382321429,2.219378,0.032,-0.07102009599999999
2025-02-27 16:00:00,0.15,1.015071,13.5,0.0,0.402321429,0.865071,0.062,-0.053634402000000005
2025-02-27 17:00:00,0.5653996865203762,0.085122,13.019722313479624,0.0,0.402321429,0.0,0.099,0.0
2025-02-27 18:00:00,0.4553996865203762,0.0,12.564322626959248,0.0,0.402321429,0.0,0.089,0.0
2025-02-27 19:00:00,0.14,0.0,12.424322626959247,0.0,0.402321429,0.0,0.082,0.0
2025-02-27 20:00:00,0.17,0.0,12.254322626959247,0.0,0.402321429,0.0,0.083,0.0
2025-02-27 21:00:00,0.21,0.0,12.044322626959246,0.0,0.382321429,0.0,0.082,0.0
2025-02-27 22:00:00,0.12,0.0,11.924322626959247,0.0,0.382321429,0.0,0.086,0.0
2025-02-27 23:00:00,0.1,0.0,11.824322626959248,0.0,0.382321429,0.0,0.087,0.0
2025-02-28 00:00:00,0.09,0.0,11.734322626959248,0.0,0.372321429,0.0,0.086,0.0
2025-02-28 01:00:00,0.1,0.0,11.634322626959248,0.0,0.372321429,0.0,0.084,0.0
2025-02-28 02:00:00,0.09,0.0,11.544322626959248,0.0,0.372321429,0.0,0.084,0.0
2025-02-28 03:00:00,0.11,0.0,11.434322626959249,0.0,0.372321429,0.0,0.084,0.0
2025-02-28 04:00:00,0.1,0.0,11.33432262695925,0.0,0.372321429,0.0,0.085,0.0
2025-02-28 05:00:00,0.1,0.0,11.23432262695925,0.0,0.372321429,0.0,0.084,0.0
2025-02-28 06:00:00,0.09,0.0,11.14432262695925,0.0,0.372321429,0.0,0.08,0.0
2025-02-28 07:00:00,0.62,1.0240440000000002,11.54836662695925,0.0,0.372321429,0.0,0.076,0.0
2025-02-28 08:00:00,0.6900000000000001,2.542509,13.40087562695925,0.0,0.372321429,0.0,0.055,0.0
2025-02-28 09:00:00,0.74,3.5565949999999997,13.5,0.0,0.372321429,2.8165949999999995,0.043,-0.12111358499999997
2025-02-28 10:00:00,2.9299999999999997,4.270701,13.5,0.0,0.372321429,1.3407010000000001,0.038,-0.050946638
2025-02-28 11:00:00,2.70756993006993,4.583333,13.5,0.0,0.372321429,1.8757630699300698,0.038,-0.07127899665734265
2025-02-28 12:00:00,2.66756993006993,4.583333,13.5,0.0,0.372321429,1.9157630699300698,0.034,-0.06513594437762238
2025-02-28 13:00:00,2.66756993006993,4.583333,13.5,0.0,0.372321429,1.9157630699300698,0.032,-0.06130441823776223
2025-02-28 14:00:00,2.74,4.153057,13.5,0.0,0.372321429,1.4130570000000002,0.031,-0.04380476700000001
2025-02-28 15:00:00,0.27,3.3446260000000003,13.5,0.0,0.382321429,3.0746260000000003,0.032,-0.09838803200000001
2025-02-28 16:00:00,0.22,2.169648,13.5,0.0,0.402321429,1.949648,0.062,-0.120878176
2025-02-28 17:00:00,0.5353996865203762,0.539033,13.5,0.0,0.402321429,0.003633313479623812,0.099,-0.0003596980344827574
2025-02-28 18:00:00,0.5253996865203762,0.0,12.974600313479623,0.0,0.402321429,0.0,0.089,0.0
2025-02-28 19:00:00,0.22,0.0,12.754600313479624,0.0,0.402321429,0.0,0.082,0.0
2025-02-28 20:00:00,0.2299999999999999,0.0,12.524600313479622,0.0,0.402321429,0.0,0.083,0.0
2025-02-28 21:00:00,0.16,0.0,12.364600313479622,0.0,0.382321429,0.0,0.082,0.0
2025-02-28 22:00:00,0.23,0.0,12.134600313479622,0.0,0.382321429,0.0,0.086,0.0
2025-02-28 23:00:00,0.12,0.0,12.014600313479622,0.0,0.382321429,0.0,0.087,0.0
2025-02-28 23:59:59,0.1,0.0,12.014600313479622,0.1,150.0,0.0,0.0,15.0
2025-03-01 00:00:00,0.11,0.0,11.904600313479625,0.0,0.37016129,0.0,0.069,0.0
2025-03-01 01:00:00,0.1,0.0,11.804600313479623,0.0,0.37016129,0.0,0.069,0.0
2025-03-01 02:00:00,0.09,0.0,11.714600313479623,0.0,0.37016129,0.0,0.068,0.0
2025-03-01 03:00:00,0.53,0.0,11.184600313479624,0.0,0.37016129,0.0,0.067,0.0
2025-03-01 04:00:00,0.71,0.0,10.474600313479623,0.0,0.37016129,0.0,0.068,0.0
2025-03-01 05:00:00,0.48,0.0,9.994600313479625,0.0,0.37016129,0.0,0.071,0.0
2025-03-01 06:00:00,0.8,0.0,9.194600313479622,0.0,0.37016129,0.0,0.072,0.0
2025-03-01 07:00:00,0.8500000000000001,0.002803,8.347403313479623,0.0,0.37016129,0.0,0.07,0.0
2025-03-01 08:00:00,0.87,0.200804,7.678207313479622,0.0,0.37016129,0.0,0.049,0.0
2025-03-01 09:00:00,0.6699999999999999,0.772124,7.780331313479622,0.0,0.37016129,0.0,0.023,0.0
2025-03-01 10:00:00,2.72,2.947587,8.007918313479621,0.0,0.37016129,0.0,0.016,0.0
2025-03-01 11:00:00,2.78756993006993,2.484045,7.704393383409691,0.0,0.37016129,0.0,0.019,0.0
2025-03-01 12:00:00,2.8575699300699298,1.896205,6.743028453339761,0.0,0.37016129,0.0,0.015,0.0
2025-03-01 13:00:00,2.70756993006993,4.571728,8.607186523269831,0.0,0.37016129,0.0,0.018,0.0
2025-03-01 14:00:00,3.1999999999999997,3.075672,8.482858523269831,0.0,0.37016129,0.0,0.021,0.0
2025-03-01 15:00:00,0.7999999999999999,3.186038,10.868896523269832,0.0,0.38016129,0.0,0.017,0.0
2025-03-01 16:00:00,0.66,1.796636,12.005532523269832,0.0,0.40016129,0.0,0.028,0.0
2025-03-01 17:00:00,2.425399686520376,0.4158759999999999,9.996008836749455,0.0,0.40016129,0.0,0.064,0.0
2025-03-01 18:00:00,2.655399686520376,0.0,7.34060915022908,0.0,0.40016129,0.0,0.082,0.0
2025-03-01 19:00:00,0.25,0.0,7.09060915022908,0.0,0.40016129,0.0,0.081,0.0
2025-03-01 20:00:00,0.29,0.0,6.8006091502290795,0.0,0.40016129,0.0,0.077,0.0
2025-03-01 21:00:00,0.72,0.0,6.08060915022908,0.0,0.38016129,0.0,0.081,0.0
2025-03-01 22:00:00,0.12,0.0,5.96060915022908,0.0,0.38016129,0.0,0.069,0.0
2025-03-01 23:00:00,0.54,0.0,5.42060915022908,0.0,0.38016129,0.0,0.067,0.0
2025-03-02 00:00:00,0.49,0.0,4.930609150229079,0.0,0.37016129,0.0,0.069,0.0
2025-03-02 01:00:00,0.67,0.0,4.2606091502290795,0.0,0.37016129,0.0,0.069,0.0
2025-03-02 02:00:00,0.94,0.0,3.3206091502290795,0.0,0.37016129,0.0,0.068,0.0
2025-03-02 03:00:00,0.56,0.0,2.7606091502290795,0.0,0.37016129,0.0,0.067,0.0
2025-03-02 04:00:00,1.02,0.0,1.7406091502290797,0.0,0.37016129,0.0,0.068,0.0
2025-03-02 05:00:00,0.82,0.0,0.9206091502290796,0.0,0.37016129,0.0,0.071,0.0
2025-03-02 06:00:00,0.87,0.0,0.0506091502290795,0.0,0.37016129,0.0,0.072,0.0
2025-03-02 07:00:00,1.24,0.954406,0.0,0.23498484977092052,0.37016129,0.0,0.07,0.08698229512166014
2025-03-02 08:00:00,0.56,2.467627,1.9076269999999995,0.0,0.37016129,0.0,0.049,0.0
2025-03-02 09:00:00,0.11,3.5922959999999997,5.389923,0.0,0.37016129,0.0,0.023,0.0
2025-03-02 10:00:00,2.4,4.326694000000001,7.316617000000001,0.0,0.37016129,0.0,0.016,0.0
2025-03-02 11:00:00,2.52756993006993,4.583333,9.37238006993007,0.0,0.37016129,0.0,0.019,0.0
2025-03-02 12:00:00,2.65756993006993,4.583333,11.29814313986014,0.0,0.37016129,0.0,0.015,0.0
2025-03-02 13:00:00,2.51756993006993,4.583333,13.36390620979021,0.0,0.37016129,0.0,0.018,0.0
2025-03-02 14:00:00,2.84,4.120952,13.5,0.0,0.37016129,1.280952,0.021,-0.026899992000000005
2025-03-02 15:00:00,0.65,3.292315,13.5,0.0,0.38016129,2.642315,0.017,-0.044919355
2025-03-02 16:00:00,0.18,2.072545,13.5,0.0,0.40016129,1.892545,0.028,-0.05299126
2025-03-02 17:00:00,0.4653996865203762,0.557389,13.5,0.0,0.40016129,0.0919893134796238,0.064,-0.005887316062695923
2025-03-02 18:00:00,0.4453996865203762,0.0,13.054600313479623,0.0,0.40016129,0.0,0.082,0.0
2025-03-02 19:00:00,0.7500000000000001,0.0,12.304600313479623,0.0,0.40016129,0.0,0.081,0.0
2025-03-02 20:00:00,0.15,0.0,12.154600313479625,0.0,0.40016129,0.0,0.077,0.0
2025-03-02 21:00:00,0.83,0.0,11.324600313479625,0.0,0.38016129,0.0,0.081,0.0
2025-03-02 22:00:00,1.06,0.0,10.264600313479622,0.0,0.38016129,0.0,0.069,0.0
2025-03-02 23:00:00,0.8699999999999999,0.0,9.394600313479623,0.0,0.38016129,0.0,0.067,0.0
2025-03-03 00:00:00,0.99,0.0,8.404600313479623,0.0,0.37016129,0.0,0.069,0.0
2025-03-03 01:00:00,1.19,0.0,7.214600313479624,0.0,0.37016129,0.0,0.069,0.0
2025-03-03 02:00:00,1.08,0.0,6.134600313479623,0.0,0.37016129,0.0,0.068,0.0
2025-03-03 03:00:00,1.44,0.0,4.694600313479624,0.0,0.37016129,0.0,0.067,0.0
2025-03-03 04:00:00,1.01,0.0,3.684600313479624,0.0,0.37016129,0.0,0.068,0.0
2025-03-03 05:00:00,1.35,0.0,2.334600313479624,0.0,0.37016129,0.0,0.071,0.0
2025-03-03 06:00:00,1.28,0.0,1.054600313479624,0.0,0.37016129,0.0,0.072,0.0
2025-03-03 07:00:00,0.44,1.013059,1.627659313479624,0.0,0.37016129,0.0,0.07,0.0
2025-03-03 08:00:00,0.54,2.504031,3.591690313479624,0.0,0.37016129,0.0,0.049,0.0
2025-03-03 09:00:00,0.15,3.600398,7.042088313479624,0.0,0.37016129,0.0,0.023,0.0
2025-03-03 10:00:00,0.44,4.2777259999999995,10.879814313479624,0.0,0.37016129,0.0,0.016,0.0
2025-03-03 11:00:00,0.2375699300699301,4.583333,13.5,0.0,0.37016129,4.3457630699300696,0.019,-0.08256949832867132
2025-03-03 12:00:00,0.32756993006993,3.93358,13.5,0.0,0.37016129,3.60601006993007,0.015,-0.05409015104895105
2025-03-03 13:00:00,0.2975699300699301,4.410512,13.5,0.0,0.37016129,4.11294206993007,0.018,-0.07403295725874126
2025-03-03 14:00:00,0.15,3.946409,13.5,0.0,0.37016129,3.796409,0.021,-0.07972458900000001
2025-03-03 15:00:00,0.15,3.04523,13.5,0.0,0.38016129,2.89523,0.017,-0.049218910000000005
2025-03-03 16:00:00,0.11,1.933215,13.5,0.0,0.40016129,1.8232149999999998,0.028,-0.051050019999999995
2025-03-03 17:00:00,0.4153996865203762,0.194167,13.278767313479625,0.0,0.40016129,0.0,0.064,0.0
2025-03-03 18:00:00,0.4053996865203761,0.0,12.873367626959247,0.0,0.40016129,0.0,0.082,0.0
2025-03-03 19:00:00,0.11,0.0,12.76336762695925,0.0,0.40016129,0.0,0.081,0.0
2025-03-03 20:00:00,0.14,0.0,12.623367626959247,0.0,0.40016129,0.0,0.077,0.0
2025-03-03 21:00:00,0.25,0.0,12.373367626959247,0.0,0.38016129,0.0,0.081,0.0
2025-03-03 22:00:00,0.47,0.0,11.903367626959248,0.0,0.38016129,0.0,0.069,0.0
2025-03-03 23:00:00,0.93,0.0,10.973367626959249,0.0,0.38016129,0.0,0.067,0.0
2025-03-04 00:00:00,0.55,0.0,10.423367626959248,0.0,0.37016129,0.0,0.069,0.0
2025-03-04 01:00:00,1.09,0.0,9.333367626959248,0.0,0.37016129,0.0,0.069,0.0
2025-03-04 02:00:00,1.04,0.0,8.293367626959249,0.0,0.37016129,0.0,0.068,0.0
2025-03-04 03:00:00,0.56,0.0,7.733367626959248,0.0,0.37016129,0.0,0.067,0.0
2025-03-04 04:00:00,1.19,0.0,6.543367626959249,0.0,0.37016129,0.0,0.068,0.0
2025-03-04 05:00:00,0.55,0.0,5.993367626959249,0.0,0.37016129,0.0,0.071,0.0
2025-03-04 06:00:00,0.95,0.0,5.043367626959249,0.0,0.37016129,0.0,0.072,0.0
2025-03-04 07:00:00,1.2399999999999998,0.729949,4.533316626959249,0.0,0.37016129,0.0,0.07,0.0
2025-03-04 08:00:00,0.56,1.428061,5.401377626959249,0.0,0.37016129,0.0,0.049,0.0
2025-03-04 09:00:00,0.47,2.683243,7.614620626959249,0.0,0.37016129,0.0,0.023,0.0
2025-03-04 10:00:00,0.76,3.396088,10.250708626959248,0.0,0.37016129,0.0,0.016,0.0
2025-03-04 11:00:00,0.3075699300699301,3.159043,13.102181696889318,0.0,0.37016129,0.0,0.019,0.0
2025-03-04 12:00:00,0.4675699300699301,3.880959,13.5,0.0,0.37016129,3.4133890699300697,0.015,-0.051200836048951044
2025-03-04 13:00:00,0.20756993006993,3.397471,13.5,0.0,0.37016129,3.18990106993007,0.018,-0.05741821925874126
2025-03-04 14:00:00,0.09,3.330189,13.5,0.0,0.37016129,3.240189,0.021,-0.06804396900000001
2025-03-04 15:00:00,0.1,1.7554539999999998,13.5,0.0,0.38016129,1.6554539999999998,0.017,-0.028142717999999997
2025-03-04 16:00:00,0.09,1.6653520000000002,13.5,0.0,0.40016129,1.575352,0.028,-0.044109856
2025-03-04 17:00:00,1.6953996865203762,0.37221,12.176810313479624,0.0,0.40016129,0.0,0.064,0.0
2025-03-04 18:00:00,0.9353996865203762,0.0,11.241410626959247,0.0,0.40016129,0.0,0.082,0.0
2025-03-04 19:00:00,0.24,0.0,11.001410626959249,0.0,0.40016129,0.0,0.081,0.0
2025-03-04 20:00:00,0.14,0.0,10.861410626959248,0.0,0.40016129,0.0,0.077,0.0
2025-03-04 21:00:00,0.5599999999999999,0.0,10.301410626959246,0.0,0.38016129,0.0,0.081,0.0
2025-03-04 22:00:00,0.51,0.0,9.791410626959246,0.0,0.38016129,0.0,0.069,0.0
2025-03-04 23:00:00,0.56,0.0,9.231410626959246,0.0,0.38016129,0.0,0.067,0.0
2025-03-05 00:00:00,0.8699999999999999,0.0,8.361410626959247,0.0,0.37016129,0.0,0.069,0.0
2025-03-05 01:00:00,0.42,0.0,7.941410626959247,0.0,0.37016129,0.0,0.069,0.0
2025-03-05 02:00:00,1.04,0.0,6.901410626959247,0.0,0.37016129,0.0,0.068,0.0
2025-03-05 03:00:00,0.71,0.0,6.191410626959247,0.0,0.37016129,0.0,0.067,0.0
2025-03-05 04:00:00,0.5,0.0,5.691410626959247,0.0,0.37016129,0.0,0.068,0.0
2025-03-05 05:00:00,0.78,0.0,4.911410626959246,0.0,0.37016129,0.0,0.071,0.0
2025-03-05 06:00:00,0.56,0.0,4.351410626959247,0.0,0.37016129,0.0,0.072,0.0
2025-03-05 07:00:00,1.0,0.406248,3.7576586269592465,0.0,0.37016129,0.0,0.07,0.0
2025-03-05 08:00:00,0.59,1.363404,4.531062626959247,0.0,0.37016129,0.0,0.049,0.0
2025-03-05 09:00:00,0.6,2.2548760000000003,6.185938626959247,0.0,0.37016129,0.0,0.023,0.0
2025-03-05 10:00:00,3.0599999999999996,2.92772,6.053658626959248,0.0,0.37016129,0.0,0.016,0.0
2025-03-05 11:00:00,2.9849461538461535,4.473943,7.542655473113094,0.0,0.37016129,0.0,0.019,0.0
2025-03-05 12:00:00,2.5449461538461535,4.524043,9.52175231926694,0.0,0.37016129,0.0,0.015,0.0
2025-03-05 13:00:00,2.5649461538461535,4.2932179999999995,11.250024165420786,0.0,0.37016129,0.0,0.018,0.0
2025-03-05 14:00:00,2.84,3.886006,12.296030165420786,0.0,0.37016129,0.0,0.021,0.0
2025-03-05 15:00:00,0.28,2.47749,13.5,0.0,0.38016129,2.19749,0.017,-0.03735733000000001
2025-03-05 16:00:00,0.13,1.700251,13.5,0.0,0.40016129,1.5702509999999998,0.028,-0.043967028
2025-03-05 17:00:00,0.4263413793103449,0.544539,13.5,0.0,0.40016129,0.11819762068965511,0.064,-0.0075646477241379274
2025-03-05 18:00:00,1.156341379310345,0.0,12.343658620689656,0.0,0.40016129,0.0,0.082,0.0
2025-03-05 19:00:00,0.48,0.0,11.863658620689655,0.0,0.40016129,0.0,0.081,0.0
2025-03-05 20:00:00,1.03,0.0,10.833658620689656,0.0,0.40016129,0.0,0.077,0.0
2025-03-05 21:00:00,0.8,0.0,10.033658620689655,0.0,0.38016129,0.0,0.081,0.0
2025-03-05 22:00:00,1.31,0.0,8.723658620689655,0.0,0.38016129,0.0,0.069,0.0
2025-03-05 23:00:00,0.9,0.0,7.823658620689654,0.0,0.38016129,0.0,0.067,0.0
2025-03-06 00:00:00,1.1,0.0,6.723658620689655,0.0,0.37016129,0.0,0.069,0.0
2025-03-06 01:00:00,0.93,0.0,5.793658620689655,0.0,0.37016129,0.0,0.069,0.0
2025-03-06 02:00:00,1.01,0.0,4.783658620689655,0.0,0.37016129,0.0,0.068,0.0
2025-03-06 03:00:00,1.05,0.0,3.7336586206896554,0.0,0.37016129,0.0,0.067,0.0
2025-03-06 04:00:00,1.63,0.0,2.1036586206896555,0.0,0.37016129,0.0,0.068,0.0
2025-03-06 05:00:00,0.97,0.0,1.1336586206896555,0.0,0.37016129,0.0,0.071,0.0
2025-03-06 06:00:00,1.09,0.0,0.0436586206896554,0.0,0.37016129,0.0,0.072,0.0
2025-03-06 07:00:00,0.86,0.993466,0.1771246206896554,0.0,0.37016129,0.0,0.07,0.0
2025-03-06 08:00:00,0.39,2.3768890000000003,2.1640136206896554,0.0,0.37016129,0.0,0.049,0.0
2025-03-06 09:00:00,0.1,2.446496,4.510509620689655,0.0,0.37016129,0.0,0.023,0.0
2025-03-06 10:00:00,0.39,3.945922,8.066431620689656,0.0,0.37016129,0.0,0.016,0.0
2025-03-06 11:00:00,0.5049461538461539,4.334178,11.895663466843502,0.0,0.37016129,0.0,0.019,0.0
2025-03-06 12:00:00,0.2149461538461538,4.496455,13.5,0.0,0.37016129,4.281508846153846,0.015,-0.06422263269230769
2025-03-06 13:00:00,0.2049461538461538,2.040499,13.5,0.0,0.37016129,1.8355528461538462,0.018,-0.03303995123076923
2025-03-06 14:00:00,0.1,2.77775,13.5,0.0,0.37016129,2.67775,0.021,-0.056232750000000005
2025-03-06 15:00:00,0.1,0.928927,13.5,0.0,0.38016129,0.828927,0.017,-0.014091759
2025-03-06 16:00:00,0.1,0.672987,13.5,0.0,0.40016129,0.572987,0.028,-0.016043636
2025-03-06 17:00:00,0.4263413793103449,0.101551,13.175209620689657,0.0,0.40016129,0.0,0.064,0.0
2025-03-06 18:00:00,0.4863413793103448,0.0,12.68886824137931,0.0,0.40016129,0.0,0.082,0.0
2025-03-06 19:00:00,0.14,0.0,12.54886824137931,0.0,0.40016129,0.0,0.081,0.0
2025-03-06 20:00:00,0.16,0.0,12.38886824137931,0.0,0.40016129,0.0,0.077,0.0
2025-03-06 21:00:00,0.14,0.0,12.24886824137931,0.0,0.38016129,0.0,0.081,0.0
2025-03-06 22:00:00,0.87,0.0,11.37886824137931,0.0,0.38016129,0.0,0.069,0.0
2025-03-06 23:00:00,0.8500000000000001,0.0,10.52886824137931,0.0,0.38016129,0.0,0.067,0.0
2025-03-07 00:00:00,1.01,0.0,9.51886824137931,0.0,0.37016129,0.0,0.069,0.0
2025-03-07 01:00:00,0.93,0.0,8.588868241379311,0.0,0.37016129,0.0,0.069,0.0
2025-03-07 02:00:00,1.06,0.0,7.52886824137931,0.0,0.37016129,0.0,0.068,0.0
2025-03-07 03:00:00,1.12,0.0,6.40886824137931,0.0,0.37016129,0.0,0.067,0.0
2025-03-07 04:00:00,1.0,0.0,5.40886824137931,0.0,0.37016129,0.0,0.068,0.0
2025-03-07 05:00:00,0.97,0.0,4.438868241379311,0.0,0.37016129,0.0,0.071,0.0
2025-03-07 06:00:00,1.4300000000000002,0.0,3.0088682413793104,0.0,0.37016129,0.0,0.072,0.0
2025-03-07 07:00:00,0.5,0.841212,3.3500802413793105,0.0,0.37016129,0.0,0.07,0.0
2025-03-07 08:00:00,0.49,1.138376,3.9984562413793103,0.0,0.37016129,0.0,0.049,0.0
2025-03-07 09:00:00,0.1,2.648812,6.54726824137931,0.0,0.37016129,0.0,0.023,0.0
2025-03-07 10:00:00,2.4,1.464994,5.612262241379311,0.0,0.37016129,0.0,0.016,0.0
2025-03-07 11:00:00,2.5049461538461535,3.113743,6.221059087533157,0.0,0.37016129,0.0,0.019,0.0
2025-03-07 12:00:00,2.5249461538461535,4.583333,8.279445933687004,0.0,0.37016129,0.0,0.015,0.0
2025-03-07 13:00:00,2.5149461538461537,4.476096999999999,10.24059677984085,0.0,0.37016129,0.0,0.018,0.0
2025-03-07 14:00:00,2.4099999999999997,3.968289,11.79888577984085,0.0,0.37016129,0.0,0.021,0.0
2025-03-07 15:00:00,0.1,0.313189,12.01207477984085,0.0,0.38016129,0.0,0.017,0.0
2025-03-07 16:00:00,0.1,0.218004,12.13007877984085,0.0,0.40016129,0.0,0.028,0.0
2025-03-07 17:00:00,0.4263413793103449,0.232013,11.935750400530504,0.0,0.40016129,0.0,0.064,0.0
2025-03-07 18:00:00,0.4363413793103448,0.0,11.49940902122016,0.0,0.40016129,0.0,0.082,0.0
2025-03-07 19:00:00,0.11,0.0,11.38940902122016,0.0,0.40016129,0.0,0.081,0.0
2025-03-07 20:00:00,0.26,0.0,11.12940902122016,0.0,0.40016129,0.0,0.077,0.0
2025-03-07 21:00:00,0.29,0.0,10.83940902122016,0.0,0.38016129,0.0,0.081,0.0
2025-03-07 22:00:00,0.25,0.0,10.58940902122016,0.0,0.38016129,0.0,0.069,0.0
2025-03-07 23:00:00,0.8300000000000001,0.0,9.75940902122016,0.0,0.38016129,0.0,0.067,0.0
2025-03-08 00:00:00,0.55,0.0,9.20940902122016,0.0,0.37016129,0.0,0.069,0.0
2025-03-08 01:00:00,1.0,0.0,8.20940902122016,0.0,0.37016129,0.0,0.069,0.0
2025-03-08 02:00:00,1.02,0.0,7.189409021220161,0.0,0.37016129,0.0,0.068,0.0
2025-03-08 03:00:00,0.55,0.0,6.639409021220161,0.0,0.37016129,0.0,0.067,0.0
2025-03-08 04:00:00,0.86,0.0,5.779409021220161,0.0,0.37016129,0.0,0.068,0.0
2025-03-08 05:00:00,1.03,0.0,4.749409021220161,0.0,0.37016129,0.0,0.071,0.0
2025-03-08 06:00:00,1.16,0.0,3.5894090212201606,0.0,0.37016129,0.0,0.072,0.0
2025-03-08 07:00:00,1.05,0.488139,3.0275480212201606,0.0,0.37016129,0.0,0.07,0.0
2025-03-08 08:00:00,0.6,2.44848,4.8760280212201605,0.0,0.37016129,0.0,0.049,0.0
2025-03-08 09:00:00,0.49,3.556301,7.942329021220161,0.0,0.37016129,0.0,0.023,0.0
2025-03-08 10:00:00,2.88,4.27359,9.33591902122016,0.0,0.37016129,0.0,0.016,0.0
2025-03-08 11:00:00,2.7849461538461537,4.583333,11.134305867374009,0.0,0.37016129,0.0,0.019,0.0
2025-03-08 12:00:00,2.5149461538461537,4.583333,13.202692713527853,0.0,0.37016129,0.0,0.015,0.0
2025-03-08 13:00:00,2.6449461538461536,4.583064,13.5,0.0,0.37016129,1.9381178461538466,0.018,-0.034886121230769236
2025-03-08 14:00:00,2.84,3.551552,13.5,0.0,0.37016129,0.7115520000000002,0.021,-0.014942592000000005
2025-03-08 15:00:00,0.2299999999999999,2.5219,13.5,0.0,0.38016129,2.2919,0.017,-0.038962300000000005
2025-03-08 16:00:00,0.23,1.796604,13.5,0.0,0.40016129,1.566604,0.028,-0.043864912000000006
2025-03-08 17:00:00,0.5563413793103449,0.1241029999999999,13.067761620689655,0.0,0.40016129,0.0,0.064,0.0
2025-03-08 18:00:00,0.5463413793103449,0.0,12.52142024137931,0.0,0.40016129,0.0,0.082,0.0
2025-03-08 19:00:00,0.2299999999999999,0.0,12.29142024137931,0.0,0.40016129,0.0,0.081,0.0
2025-03-08 20:00:00,0.2,0.0,12.09142024137931,0.0,0.40016129,0.0,0.077,0.0
2025-03-08 21:00:00,0.14,0.0,11.95142024137931,0.0,0.38016129,0.0,0.081,0.0
2025-03-08 22:00:00,0.12,0.0,11.83142024137931,0.0,0.38016129,0.0,0.069,0.0
2025-03-08 23:00:00,0.52,0.0,11.311420241379311,0.0,0.38016129,0.0,0.067,0.0
2025-03-09 00:00:00,1.0,0.0,10.311420241379311,0.0,0.37016129,0.0,0.069,0.0
2025-03-09 01:00:00,0.87,0.0,9.441420241379312,0.0,0.37016129,0.0,0.069,0.0
2025-03-09 02:00:00,0.13,0.0,9.311420241379311,0.0,0.37016129,0.0,0.068,0.0
2025-03-09 03:00:00,0.8,0.0,8.51142024137931,0.0,0.37016129,0.0,0.067,0.0
2025-03-09 04:00:00,1.52,0.0,6.991420241379311,0.0,0.37016129,0.0,0.068,0.0
2025-03-09 05:00:00,0.94,0.0,6.0514202413793114,0.0,0.37016129,0.0,0.071,0.0
2025-03-09 06:00:00,0.85,0.0,5.201420241379312,0.0,0.37016129,0.0,0.072,0.0
2025-03-09 07:00:00,0.94,0.288899,4.550319241379312,0.0,0.37016129,0.0,0.07,0.0
2025-03-09 08:00:00,0.48,0.677447,4.7477662413793125,0.0,0.37016129,0.0,0.049,0.0
2025-03-09 09:00:00,0.66,2.4334279999999997,6.5211942413793125,0.0,0.37016129,0.0,0.023,0.0
2025-03-09 10:00:00,2.4299999999999997,2.812217,6.903411241379313,0.0,0.37016129,0.0,0.016,0.0
2025-03-09 11:00:00,2.5149461538461537,4.288735,8.677200087533159,0.0,0.37016129,0.0,0.019,0.0
2025-03-09 12:00:00,2.5149461538461537,4.058993,10.221246933687006,0.0,0.37016129,0.0,0.015,0.0
2025-03-09 13:00:00,2.5049461538461535,3.668707,11.385007779840851,0.0,0.37016129,0.0,0.018,0.0
2025-03-09 14:00:00,2.4,3.4606790000000003,12.445686779840852,0.0,0.37016129,0.0,0.021,0.0
2025-03-09 15:00:00,0.1,2.49231,13.5,0.0,0.38016129,2.3923099999999997,0.017,-0.04066927
2025-03-09 16:00:00,0.12,1.864368,13.5,0.0,0.40016129,1.7443680000000001,0.028,-0.048842304
2025-03-09 17:00:00,0.4363413793103448,0.487338,13.5,0.0,0.40016129,0.050996620689655214,0.064,-0.0032637837241379338
2025-03-09 18:00:00,0.4363413793103448,0.0,13.063658620689656,0.0,0.40016129,0.0,0.082,0.0
2025-03-09 19:00:00,0.1699999999999999,0.0,12.893658620689656,0.0,0.40016129,0.0,0.081,0.0
2025-03-09 20:00:00,0.24,0.0,12.653658620689654,0.0,0.40016129,0.0,0.077,0.0
2025-03-09 21:00:00,0.15,0.0,12.503658620689654,0.0,0.38016129,0.0,0.081,0.0
2025-03-09 22:00:00,0.24,0.0,12.263658620689654,0.0,0.38016129,0.0,0.069,0.0
2025-03-09 23:00:00,0.53,0.0,11.733658620689654,0.0,0.38016129,0.0,0.067,0.0
2025-03-10 00:00:00,0.56,0.0,11.173658620689654,0.0,0.37016129,0.0,0.069,0.0
2025-03-10 01:00:00,1.25,0.0,9.923658620689654,0.0,0.37016129,0.0,0.069,0.0
2025-03-10 02:00:00,0.88,0.0,9.043658620689651,0.0,0.37016129,0.0,0.068,0.0
2025-03-10 03:00:00,0.8600000000000001,0.0,8.183658620689654,0.0,0.37016129,0.0,0.067,0.0
2025-03-10 04:00:00,0.95,0.0,7.233658620689654,0.0,0.37016129,0.0,0.068,0.0
2025-03-10 05:00:00,1.0,0.0,6.233658620689654,0.0,0.37016129,0.0,0.071,0.0
2025-03-10 06:00:00,1.51,0.0,4.723658620689654,0.0,0.37016129,0.0,0.072,0.0
2025-03-10 07:00:00,1.08,1.020244,4.663902620689654,0.0,0.37016129,0.0,0.07,0.0
2025-03-10 08:00:00,0.94,2.3974810000000004,6.121383620689654,0.0,0.37016129,0.0,0.049,0.0
2025-03-10 09:00:00,0.51,3.410528,9.021911620689654,0.0,0.37016129,0.0,0.023,0.0
2025-03-10 10:00:00,0.74,4.086405,12.368316620689654,0.0,0.37016129,0.0,0.016,0.0
2025-03-10 11:00:00,0.2549461538461539,3.640304,13.5,0.0,0.37016129,3.385357846153846,0.019,-0.06432179907692308
2025-03-10 12:00:00,0.3549461538461538,4.583333,13.5,0.0,0.37016129,4.228386846153846,0.015,-0.06342580269230769
2025-03-10 13:00:00,0.2549461538461539,3.622241,13.5,0.0,0.37016129,3.367294846153846,0.018,-0.06061130723076922
2025-03-10 14:00:00,0.09,2.7720680000000004,13.5,0.0,0.37016129,2.6820680000000006,0.021,-0.056323428000000016
2025-03-10 15:00:00,0.1,1.950834,13.5,0.0,0.38016129,1.8508339999999999,0.017,-0.031464178
2025-03-10 16:00:00,0.1,1.892841,13.5,0.0,0.40016129,1.792841,0.028,-0.050199548
2025-03-10 17:00:00,0.4263413793103449,0.527775,13.5,0.0,0.40016129,0.10143362068965511,0.064,-0.006491751724137927
2025-03-10 18:00:00,2.6563413793103448,0.0,10.843658620689656,0.0,0.40016129,0.0,0.082,0.0
2025-03-10 19:00:00,1.43,0.0,9.413658620689656,0.0,0.40016129,0.0,0.081,0.0
2025-03-10 20:00:00,0.29,0.0,9.123658620689657,0.0,0.40016129,0.0,0.077,0.0
2025-03-10 21:00:00,0.14,0.0,8.983658620689656,0.0,0.38016129,0.0,0.081,0.0
2025-03-10 22:00:00,0.12,0.0,8.863658620689657,0.0,0.38016129,0.0,0.069,0.0
2025-03-10 23:00:00,0.09,0.0,8.773658620689657,0.0,0.38016129,0.0,0.067,0.0
2025-03-11 00:00:00,0.74,0.0,8.033658620689657,0.0,0.37016129,0.0,0.069,0.0
2025-03-11 01:00:00,0.64,0.0,7.393658620689657,0.0,0.37016129,0.0,0.069,0.0
2025-03-11 02:00:00,0.94,0.0,6.453658620689657,0.0,0.37016129,0.0,0.068,0.0
2025-03-11 03:00:00,0.93,0.0,5.523658620689657,0.0,0.37016129,0.0,0.067,0.0
2025-03-11 04:00:00,1.16,0.0,4.363658620689657,0.0,0.37016129,0.0,0.068,0.0
2025-03-11 05:00:00,1.18,0.0,3.1836586206896573,0.0,0.37016129,0.0,0.071,0.0
2025-03-11 06:00:00,0.95,0.0,2.233658620689657,0.0,0.37016129,0.0,0.072,0.0
2025-03-11 07:00:00,1.04,0.45721,1.650868620689657,0.0,0.37016129,0.0,0.07,0.0
2025-03-11 08:00:00,0.53,1.868496,2.989364620689657,0.0,0.37016129,0.0,0.049,0.0
2025-03-11 09:00:00,0.15,2.503668,5.343032620689657,0.0,0.37016129,0.0,0.023,0.0
2025-03-11 10:00:00,0.37,3.342973,8.316005620689657,0.0,0.37016129,0.0,0.016,0.0
2025-03-11 11:00:00,0.2449461538461538,4.556243,12.627302466843505,0.0,0.37016129,0.0,0.019,0.0
2025-03-11 12:00:00,0.2949461538461538,4.583333,13.5,0.0,0.37016129,4.288386846153846,0.015,-0.06432580269230768
2025-03-11 13:00:00,0.3149461538461539,4.4377830000000005,13.5,0.0,0.37016129,4.122836846153847,0.018,-0.07421106323076924
2025-03-11 14:00:00,0.17,3.90167,13.5,0.0,0.37016129,3.7316700000000003,0.021,-0.07836507000000001
2025-03-11 15:00:00,0.15,3.127497,13.5,0.0,0.38016129,2.977497,0.017,-0.050617449
2025-03-11 16:00:00,0.14,1.956439,13.5,0.0,0.40016129,1.816439,0.028,-0.050860292
2025-03-11 17:00:00,0.4863413793103448,0.565451,13.5,0.0,0.40016129,0.07910962068965521,0.064,-0.005063015724137933
2025-03-11 18:00:00,0.4463413793103448,0.0,13.053658620689657,0.0,0.40016129,0.0,0.082,0.0
2025-03-11 19:00:00,0.11,0.0,12.943658620689655,0.0,0.40016129,0.0,0.081,0.0
2025-03-11 20:00:00,0.16,0.0,12.783658620689655,0.0,0.40016129,0.0,0.077,0.0
2025-03-11 21:00:00,0.15,0.0,12.633658620689657,0.0,0.38016129,0.0,0.081,0.0
2025-03-11 22:00:00,0.14,0.0,12.493658620689654,0.0,0.38016129,0.0,0.069,0.0
2025-03-11 23:00:00,0.11,0.0,12.383658620689657,0.0,0.38016129,0.0,0.067,0.0
2025-03-12 00:00:00,0.11,0.0,12.273658620689655,0.0,0.37016129,0.0,0.069,0.0
2025-03-12 01:00:00,0.11,0.0,12.163658620689656,0.0,0.37016129,0.0,0.069,0.0
2025-03-12 02:00:00,0.11,0.0,12.053658620689657,0.0,0.37016129,0.0,0.068,0.0
2025-03-12 03:00:00,0.51,0.0,11.543658620689657,0.0,0.37016129,0.0,0.067,0.0
2025-03-12 04:00:00,0.88,0.0,10.663658620689656,0.0,0.37016129,0.0,0.068,0.0
2025-03-12 05:00:00,0.5599999999999999,0.0,10.103658620689655,0.0,0.37016129,0.0,0.071,0.0
2025-03-12 06:00:00,0.8,0.0,9.303658620689657,0.0,0.37016129,0.0,0.072,0.0
2025-03-12 07:00:00,0.8600000000000001,1.024929,9.468587620689654,0.0,0.37016129,0.0,0.07,0.0
2025-03-12 08:00:00,0.7000000000000001,2.38658,11.155167620689651,0.0,0.37016129,0.0,0.049,0.0
2025-03-12 09:00:00,0.74,3.394026,13.5,0.0,0.37016129,2.654026,0.023,-0.061042597999999997
2025-03-12 10:00:00,3.12,4.033459,13.5,0.0,0.37016129,0.9134589999999996,0.016,-0.014615343999999994
2025-03-12 11:00:00,3.2749461538461535,4.021002,13.5,0.0,0.37016129,0.7460558461538467,0.019,-0.014175061076923087
2025-03-12 12:00:00,2.8249461538461538,3.980727,13.5,0.0,0.37016129,1.1557808461538461,0.015,-0.01733671269230769
2025-03-12 13:00:00,3.1549461538461534,3.530199,13.5,0.0,0.37016129,0.3752528461538467,0.018,-0.00675455123076924
2025-03-12 14:00:00,2.86,3.012409,13.5,0.0,0.37016129,0.15240900000000002,0.021,-0.0032005890000000006
2025-03-12 15:00:00,0.51,2.630358,13.5,0.0,0.38016129,2.1203580000000004,0.017,-0.03604608600000001
2025-03-12 16:00:00,0.98,1.669095,13.5,0.0,0.40016129,0.689095,0.028,-0.01929466
2025-03-12 17:00:00,1.1763413793103448,0.47773,12.801388620689655,0.0,0.40016129,0.0,0.064,0.0
2025-03-12 18:00:00,1.2463413793103448,0.0,11.555047241379311,0.0,0.40016129,0.0,0.082,0.0
2025-03-12 19:00:00,0.9,0.0,10.655047241379313,0.0,0.40016129,0.0,0.081,0.0
2025-03-12 20:00:00,0.5599999999999999,0.0,10.09504724137931,0.0,0.40016129,0.0,0.077,0.0
2025-03-12 21:00:00,0.98,0.0,9.11504724137931,0.0,0.38016129,0.0,0.081,0.0
2025-03-12 22:00:00,0.92,0.0,8.19504724137931,0.0,0.38016129,0.0,0.069,0.0
2025-03-12 23:00:00,1.4,0.0,6.79504724137931,0.0,0.38016129,0.0,0.067,0.0
2025-03-13 00:00:00,0.6,0.0,6.19504724137931,0.0,0.37016129,0.0,0.069,0.0
2025-03-13 01:00:00,1.14,0.0,5.05504724137931,0.0,0.37016129,0.0,0.069,0.0
2025-03-13 02:00:00,1.34,0.0,3.7150472413793105,0.0,0.37016129,0.0,0.068,0.0
2025-03-13 03:00:00,0.99,0.0,2.7250472413793103,0.0,0.37016129,0.0,0.067,0.0
2025-03-13 04:00:00,1.24,0.0,1.4850472413793103,0.0,0.37016129,0.0,0.068,0.0
2025-03-13 05:00:00,1.02,0.0,0.4650472413793103,0.0,0.37016129,0.0,0.071,0.0
2025-03-13 06:00:00,1.5,0.0,0.0,1.0349527586206897,0.37016129,0.0,0.072,0.3830994482200931
2025-03-13 07:00:00,1.47,1.053764,0.0,0.41623600000000005,0.37016129,0.0,0.07,0.15407445470444
2025-03-13 08:00:00,1.15,0.821444,0.0,0.32855599999999996,0.37016129,0.0,0.049,0.12161871279723997
2025-03-13 09:00:00,0.87,1.867253,0.9972529999999998,0.0,0.37016129,0.0,0.023,0.0
2025-03-13 10:00:00,0.7,4.084974,4.382226999999999,0.0,0.37016129,0.0,0.016,0.0
2025-03-13 11:00:00,0.5449461538461539,2.900107,6.737387846153846,0.0,0.37016129,0.0,0.019,0.0
2025-03-13 12:00:00,0.534946153846154,3.273569,9.476010692307693,0.0,0.37016129,0.0,0.015,0.0
2025-03-13 13:00:00,0.5849461538461538,2.888094,11.77915853846154,0.0,0.37016129,0.0,0.018,0.0
2025-03-13 14:00:00,0.13,1.2890899999999998,12.93824853846154,0.0,0.37016129,0.0,0.021,0.0
2025-03-13 15:00:00,0.13,3.096399,13.5,0.0,0.38016129,2.966399,0.017,-0.050428783000000005
2025-03-13 16:00:00,0.14,1.962819,13.5,0.0,0.40016129,1.822819,0.028,-0.051038932
2025-03-13 17:00:00,0.5663413793103449,0.563112,13.496770620689656,0.0,0.40016129,0.0,0.064,0.0
2025-03-13 18:00:00,1.156341379310345,0.0,12.340429241379312,0.0,0.40016129,0.0,0.082,0.0
2025-03-13 19:00:00,0.28,0.0,12.060429241379312,0.0,0.40016129,0.0,0.081,0.0
2025-03-13 20:00:00,1.01,0.0,11.050429241379312,0.0,0.40016129,0.0,0.077,0.0
2025-03-13 21:00:00,0.99,0.0,10.060429241379312,0.0,0.38016129,0.0,0.081,0.0
2025-03-13 22:00:00,0.63,0.0,9.430429241379311,0.0,0.38016129,0.0,0.069,0.0
2025-03-13 23:00:00,1.07,0.0,8.360429241379311,0.0,0.38016129,0.0,0.067,0.0
2025-03-14 00:00:00,1.07,0.0,7.290429241379311,0.0,0.37016129,0.0,0.069,0.0
2025-03-14 01:00:00,0.99,0.0,6.300429241379311,0.0,0.37016129,0.0,0.069,0.0
2025-03-14 02:00:00,1.05,0.0,5.250429241379311,0.0,0.37016129,0.0,0.068,0.0
2025-03-14 03:00:00,1.28,0.0,3.9704292413793105,0.0,0.37016129,0.0,0.067,0.0
2025-03-14 04:00:00,1.6,0.0,2.3704292413793104,0.0,0.37016129,0.0,0.068,0.0
2025-03-14 05:00:00,1.68,0.0,0.6904292413793105,0.0,0.37016129,0.0,0.071,0.0
2025-03-14 06:00:00,1.46,0.0,0.0,0.7695707586206895,0.37016129,0.0,0.072,0.28486530475731303
2025-03-14 07:00:00,1.82,0.242227,0.0,1.577773,0.37016129,0.0,0.07,0.58403048900717
2025-03-14 08:00:00,1.62,1.378162,0.0,0.241838,0.37016129,0.0,0.049,0.08951906605101999
2025-03-14 09:00:00,1.38,3.62399,2.2439899999999997,0.0,0.37016129,0.0,0.023,0.0
2025-03-14 10:00:00,3.75,4.3089129999999995,2.8029029999999993,0.0,0.37016129,0.0,0.016,0.0
2025-03-14 11:00:00,3.884946153846154,4.583333,3.501289846153845,0.0,0.37016129,0.0,0.019,0.0
2025-03-14 12:00:00,3.1249461538461536,4.583333,4.959676692307691,0.0,0.37016129,0.0,0.015,0.0
2025-03-14 13:00:00,2.5149461538461537,4.5712600000000005,7.015990538461538,0.0,0.37016129,0.0,0.018,0.0
2025-03-14 14:00:00,2.4,3.560045,8.176035538461537,0.0,0.37016129,0.0,0.021,0.0
2025-03-14 15:00:00,0.45,2.7902910000000003,10.516326538461538,0.0,0.38016129,0.0,0.017,0.0
2025-03-14 16:00:00,0.09,1.17908,11.605406538461535,0.0,0.40016129,0.0,0.028,0.0
2025-03-14 17:00:00,0.4463413793103448,0.5154070000000001,11.674472159151192,0.0,0.40016129,0.0,0.064,0.0
2025-03-14 18:00:00,2.776341379310345,0.0,8.898130779840846,0.0,0.40016129,0.0,0.082,0.0
2025-03-14 19:00:00,1.1,0.0,7.798130779840847,0.0,0.40016129,0.0,0.081,0.0
2025-03-14 20:00:00,0.68,0.0,7.118130779840847,0.0,0.40016129,0.0,0.077,0.0
2025-03-14 21:00:00,0.19,0.0,6.9281307798408465,0.0,0.38016129,0.0,0.081,0.0
2025-03-14 22:00:00,0.51,0.0,6.418130779840847,0.0,0.38016129,0.0,0.069,0.0
2025-03-14 23:00:00,0.71,0.0,5.708130779840847,0.0,0.38016129,0.0,0.067,0.0
2025-03-15 00:00:00,0.65,0.0,5.058130779840846,0.0,0.37016129,0.0,0.069,0.0
2025-03-15 01:00:00,1.09,0.0,3.9681307798408465,0.0,0.37016129,0.0,0.069,0.0
2025-03-15 02:00:00,0.72,0.0,3.2481307798408467,0.0,0.37016129,0.0,0.068,0.0
2025-03-15 03:00:00,1.03,0.0,2.2181307798408465,0.0,0.37016129,0.0,0.067,0.0
2025-03-15 04:00:00,0.8600000000000001,0.0,1.3581307798408464,0.0,0.37016129,0.0,0.068,0.0
2025-03-15 05:00:00,1.04,0.0,0.3181307798408463,0.0,0.37016129,0.0,0.071,0.0
2025-03-15 06:00:00,1.02,0.0,0.0,0.7018692201591537,0.37016129,0.0,0.072,0.25980481594540633
2025-03-15 07:00:00,0.98,1.094271,0.114271,0.0,0.37016129,0.0,0.07,0.0
2025-03-15 08:00:00,0.97,2.495331,1.6396020000000002,0.0,0.37016129,0.0,0.049,0.0
2025-03-15 09:00:00,0.11,3.474583,5.0041850000000005,0.0,0.37016129,0.0,0.023,0.0
2025-03-15 10:00:00,2.8099999999999996,4.147501,6.341686000000001,0.0,0.37016129,0.0,0.016,0.0
2025-03-15 11:00:00,2.974730769230769,4.491982,7.858937230769232,0.0,0.37016129,0.0,0.019,0.0
2025-03-15 12:00:00,2.9947307692307694,4.560758,9.424964461538462,0.0,0.37016129,0.0,0.015,0.0
2025-03-15 13:00:00,2.984730769230769,4.373767,10.814000692307692,0.0,0.37016129,0.0,0.018,0.0
2025-03-15 14:00:00,2.49,3.884347,12.208347692307692,0.0,0.37016129,0.0,0.021,0.0
2025-03-15 15:00:00,0.22,3.1070279999999997,13.5,0.0,0.38016129,2.8870279999999995,0.017,-0.049079476
2025-03-15 16:00:00,0.11,1.958447,13.5,0.0,0.40016129,1.848447,0.028,-0.051756516
2025-03-15 17:00:00,1.7817068965517242,0.5678329999999999,12.286126103448275,0.0,0.40016129,0.0,0.064,0.0
2025-03-15 18:00:00,2.0017068965517244,0.0,10.284419206896551,0.0,0.40016129,0.0,0.082,0.0
2025-03-15 19:00:00,0.26,0.0,10.024419206896551,0.0,0.40016129,0.0,0.081,0.0
2025-03-15 20:00:00,0.1699999999999999,0.0,9.854419206896551,0.0,0.40016129,0.0,0.077,0.0
2025-03-15 21:00:00,0.11,0.0,9.744419206896552,0.0,0.38016129,0.0,0.081,0.0
2025-03-15 22:00:00,0.13,0.0,9.614419206896551,0.0,0.38016129,0.0,0.069,0.0
2025-03-15 23:00:00,0.11,0.0,9.504419206896552,0.0,0.38016129,0.0,0.067,0.0
2025-03-16 00:00:00,0.12,0.0,9.384419206896553,0.0,0.37016129,0.0,0.069,0.0
2025-03-16 01:00:00,1.22,0.0,8.164419206896552,0.0,0.37016129,0.0,0.069,0.0
2025-03-16 02:00:00,0.97,0.0,7.194419206896552,0.0,0.37016129,0.0,0.068,0.0
2025-03-16 03:00:00,0.7999999999999999,0.0,6.394419206896552,0.0,0.37016129,0.0,0.067,0.0
2025-03-16 04:00:00,0.79,0.0,5.604419206896552,0.0,0.37016129,0.0,0.068,0.0
2025-03-16 05:00:00,0.93,0.0,4.674419206896553,0.0,0.37016129,0.0,0.071,0.0
2025-03-16 06:00:00,0.71,0.0047469999999999,3.9691662068965528,0.0,0.37016129,0.0,0.072,0.0
2025-03-16 07:00:00,1.1,1.067292,3.936458206896552,0.0,0.37016129,0.0,0.07,0.0
2025-03-16 08:00:00,0.67,2.381346,5.647804206896552,0.0,0.37016129,0.0,0.049,0.0
2025-03-16 09:00:00,1.25,3.309283,7.707087206896552,0.0,0.37016129,0.0,0.023,0.0
2025-03-16 10:00:00,3.11,3.864965,8.462052206896551,0.0,0.37016129,0.0,0.016,0.0
2025-03-16 11:00:00,2.974730769230769,4.142769,9.630090437665782,0.0,0.37016129,0.0,0.019,0.0
2025-03-16 12:00:00,3.2947307692307692,4.288066,10.623425668435011,0.0,0.37016129,0.0,0.015,0.0
2025-03-16 13:00:00,2.974730769230769,4.21717,11.865864899204244,0.0,0.37016129,0.0,0.018,0.0
2025-03-16 14:00:00,2.4499999999999997,3.792884,13.208748899204243,0.0,0.37016129,0.0,0.021,0.0
2025-03-16 15:00:00,0.2,3.043551,13.5,0.0,0.38016129,2.8435509999999997,0.017,-0.048340367
2025-03-16 16:00:00,0.28,1.931326,13.5,0.0,0.40016129,1.651326,0.028,-0.046237128
2025-03-16 17:00:00,1.811706896551724,0.565413,12.253706103448277,0.0,0.40016129,0.0,0.064,0.0
2025-03-16 18:00:00,2.9417068965517243,0.0,9.311999206896552,0.0,0.40016129,0.0,0.082,0.0
2025-03-16 19:00:00,0.48,0.0,8.831999206896551,0.0,0.40016129,0.0,0.081,0.0
2025-03-16 20:00:00,0.29,0.0,8.541999206896552,0.0,0.40016129,0.0,0.077,0.0
2025-03-16 21:00:00,0.15,0.0,8.391999206896552,0.0,0.38016129,0.0,0.081,0.0
2025-03-16 22:00:00,0.55,0.0,7.841999206896552,0.0,0.38016129,0.0,0.069,0.0
2025-03-16 23:00:00,0.8999999999999999,0.0,6.941999206896552,0.0,0.38016129,0.0,0.067,0.0
2025-03-17 00:00:00,0.5800000000000001,0.0,6.361999206896552,0.0,0.37016129,0.0,0.069,0.0
2025-03-17 01:00:00,1.01,0.0,5.3519992068965525,0.0,0.37016129,0.0,0.069,0.0
2025-03-17 02:00:00,0.55,0.0,4.801999206896553,0.0,0.37016129,0.0,0.068,0.0
2025-03-17 03:00:00,0.93,0.0,3.871999206896553,0.0,0.37016129,0.0,0.067,0.0
2025-03-17 04:00:00,0.8800000000000001,0.0,2.991999206896552,0.0,0.37016129,0.0,0.068,0.0
2025-03-17 05:00:00,1.07,0.0,1.921999206896552,0.0,0.37016129,0.0,0.071,0.0
2025-03-17 06:00:00,0.69,0.0,1.2319992068965522,0.0,0.37016129,0.0,0.072,0.0
2025-03-17 07:00:00,0.85,0.029289,0.4112882068965522,0.0,0.37016129,0.0,0.07,0.0
2025-03-17 08:00:00,0.99,0.318177,0.0,0.26053479310344785,0.37016129,0.0,0.049,0.09643989510505535
2025-03-17 09:00:00,0.18,0.5740919999999999,0.3940919999999999,0.0,0.37016129,0.0,0.023,0.0
2025-03-17 10:00:00,0.14,0.772169,1.026261,0.0,0.37016129,0.0,0.016,0.0
2025-03-17 11:00:00,0.6198923076923077,1.1855170000000002,1.5918856923076925,0.0,0.37016129,0.0,0.019,0.0
2025-03-17 12:00:00,0.5198923076923078,1.844652,2.916645384615385,0.0,0.37016129,0.0,0.015,0.0
2025-03-17 13:00:00,0.4598923076923077,1.445414,3.902167076923077,0.0,0.37016129,0.0,0.018,0.0
2025-03-17 14:00:00,0.18,1.609345,5.331512076923078,0.0,0.37016129,0.0,0.021,0.0
2025-03-17 15:00:00,0.15,2.077811,7.259323076923078,0.0,0.38016129,0.0,0.017,0.0
2025-03-17 16:00:00,0.15,1.908067,9.017390076923078,0.0,0.40016129,0.0,0.028,0.0
2025-03-17 17:00:00,1.1826827586206896,0.543318,8.378025318302388,0.0,0.40016129,0.0,0.064,0.0
2025-03-17 18:00:00,3.69268275862069,0.0,4.685342559681699,0.0,0.40016129,0.0,0.082,0.0
2025-03-17 19:00:00,0.25,0.0,4.435342559681699,0.0,0.40016129,0.0,0.081,0.0
2025-03-17 20:00:00,0.5599999999999999,0.0,3.8753425596816986,0.0,0.40016129,0.0,0.077,0.0
2025-03-17 21:00:00,0.19,0.0,3.685342559681698,0.0,0.38016129,0.0,0.081,0.0
2025-03-17 22:00:00,0.64,0.0,3.0453425596816985,0.0,0.38016129,0.0,0.069,0.0
2025-03-17 23:00:00,0.8400000000000001,0.0,2.2053425596816982,0.0,0.38016129,0.0,0.067,0.0
2025-03-18 00:00:00,1.15,0.0,1.0553425596816983,0.0,0.37016129,0.0,0.069,0.0
2025-03-18 01:00:00,0.97,0.0,0.0853425596816983,0.0,0.37016129,0.0,0.069,0.0
2025-03-18 02:00:00,1.39,0.0,0.0,1.3046574403183016,0.37016129,0.0,0.068,0.48293368111632046
2025-03-18 03:00:00,0.98,0.0,0.0,0.98,0.37016129,0.0,0.067,0.36275806419999995
2025-03-18 04:00:00,1.6,0.0,0.0,1.6,0.37016129,0.0,0.068,0.592258064
2025-03-18 05:00:00,1.42,0.0,0.0,1.42,0.37016129,0.0,0.071,0.5256290318
2025-03-18 06:00:00,1.8,0.0,0.0,1.8,0.37016129,0.0,0.072,0.6662903219999999
2025-03-18 07:00:00,1.3,0.136989,0.0,1.163011,0.37016129,0.0,0.07,0.43050165204419
2025-03-18 08:00:00,0.77,0.4566179999999999,0.0,0.3133820000000001,0.37016129,0.0,0.049,0.11600188538278003
2025-03-18 09:00:00,0.38,2.082274,1.702274,0.0,0.37016129,0.0,0.023,0.0
2025-03-18 10:00:00,0.1,4.222060000000001,5.824334000000001,0.0,0.37016129,0.0,0.016,0.0
2025-03-18 11:00:00,0.3298923076923077,4.583333,10.077774692307692,0.0,0.37016129,0.0,0.019,0.0
2025-03-18 12:00:00,0.3298923076923077,4.583333,13.5,0.0,0.37016129,4.2534406923076915,0.015,-0.06380161038461538
2025-03-18 13:00:00,0.3298923076923077,2.563733,13.5,0.0,0.37016129,2.2338406923076923,0.018,-0.04020913246153846
2025-03-18 14:00:00,0.1,1.398694,13.5,0.0,0.37016129,1.298694,0.021,-0.027272574
2025-03-18 15:00:00,0.1,0.797797,13.5,0.0,0.38016129,0.697797,0.017,-0.011862549
2025-03-18 16:00:00,0.1,0.341692,13.5,0.0,0.40016129,0.241692,0.028,-0.006767376
2025-03-18 17:00:00,0.7526827586206897,0.543176,13.29049324137931,0.0,0.40016129,0.0,0.064,0.0
2025-03-18 18:00:00,0.9326827586206896,0.0,12.35781048275862,0.0,0.40016129,0.0,0.082,0.0
2025-03-18 19:00:00,0.31,0.0,12.04781048275862,0.0,0.40016129,0.0,0.081,0.0
2025-03-18 20:00:00,0.33,0.0,11.71781048275862,0.0,0.40016129,0.0,0.077,0.0
2025-03-18 21:00:00,0.15,0.0,11.56781048275862,0.0,0.38016129,0.0,0.081,0.0
2025-03-18 22:00:00,0.25,0.0,11.31781048275862,0.0,0.38016129,0.0,0.069,0.0
2025-03-18 23:00:00,0.79,0.0,10.52781048275862,0.0,0.38016129,0.0,0.067,0.0
2025-03-19 00:00:00,1.04,0.0,9.487810482758622,0.0,0.37016129,0.0,0.069,0.0
2025-03-19 01:00:00,0.7000000000000001,0.0,8.787810482758623,0.0,0.37016129,0.0,0.069,0.0
2025-03-19 02:00:00,1.2,0.0,7.587810482758623,0.0,0.37016129,0.0,0.068,0.0
2025-03-19 03:00:00,1.5299999999999998,0.0,6.057810482758622,0.0,0.37016129,0.0,0.067,0.0
2025-03-19 04:00:00,1.13,0.0,4.927810482758622,0.0,0.37016129,0.0,0.068,0.0
2025-03-19 05:00:00,1.35,0.0,3.5778104827586223,0.0,0.37016129,0.0,0.071,0.0
2025-03-19 06:00:00,1.14,0.0,2.437810482758622,0.0,0.37016129,0.0,0.072,0.0
2025-03-19 07:00:00,1.02,0.053437,1.4712474827586222,0.0,0.37016129,0.0,0.07,0.0
2025-03-19 08:00:00,0.93,0.80428,1.345527482758622,0.0,0.37016129,0.0,0.049,0.0
2025-03-19 09:00:00,0.65,2.686506,3.3820334827586223,0.0,0.37016129,0.0,0.023,0.0
2025-03-19 10:00:00,2.4,2.71419,3.6962234827586222,0.0,0.37016129,0.0,0.016,0.0
2025-03-19 11:00:00,2.6298923076923075,3.302298,4.368629175066315,0.0,0.37016129,0.0,0.019,0.0
2025-03-19 12:00:00,2.6298923076923075,1.0258699999999998,2.764606867374007,0.0,0.37016129,0.0,0.015,0.0
2025-03-19 13:00:00,2.6198923076923073,1.53717,1.6818845596816998,0.0,0.37016129,0.0,0.018,0.0
2025-03-19 14:00:00,2.3899999999999997,1.291034,0.5829185596817001,0.0,0.37016129,0.0,0.021,0.0
2025-03-19 15:00:00,0.1,1.723547,2.2064655596817,0.0,0.38016129,0.0,0.017,0.0
2025-03-19 16:00:00,0.1,0.688585,2.7950505596817,0.0,0.40016129,0.0,0.028,0.0
2025-03-19 17:00:00,0.7726827586206897,0.1062729999999999,2.1286408010610103,0.0,0.40016129,0.0,0.064,0.0
2025-03-19 18:00:00,2.5326827586206897,0.0,0.0,0.4040419575596794,0.40016129,0.0,0.082,0.16168195095120658
2025-03-19 19:00:00,1.03,0.0,0.0,1.03,0.40016129,0.0,0.081,0.4121661287
2025-03-19 20:00:00,0.67,0.0,0.0,0.67,0.40016129,0.0,0.077,0.2681080643
2025-03-19 21:00:00,0.2,0.0,0.0,0.2,0.38016129,0.0,0.081,0.076032258
2025-03-19 22:00:00,0.16,0.0,0.0,0.16,0.38016129,0.0,0.069,0.0608258064
2025-03-19 23:00:00,0.11,0.0,0.0,0.11,0.38016129,0.0,0.067,0.0418177419
2025-03-20 00:00:00,0.5,0.0,0.0,0.5,0.37016129,0.0,0.069,0.185080645
2025-03-20 01:00:00,1.0,0.0,0.0,1.0,0.37016129,0.0,0.069,0.37016129
2025-03-20 02:00:00,0.55,0.0,0.0,0.55,0.37016129,0.0,0.068,0.2035887095
2025-03-20 03:00:00,1.09,0.0,0.0,1.09,0.37016129,0.0,0.067,0.4034758061
2025-03-20 04:00:00,1.17,0.0,0.0,1.17,0.37016129,0.0,0.068,0.43308870929999993
2025-03-20 05:00:00,0.88,0.0,0.0,0.88,0.37016129,0.0,0.071,0.3257419352
2025-03-20 06:00:00,1.41,0.0,0.0,1.41,0.37016129,0.0,0.072,0.5219274188999999
2025-03-20 07:00:00,1.09,0.0127409999999999,0.0,1.0772590000000002,0.37016129,0.0,0.07,0.39875958110411003
2025-03-20 08:00:00,0.14,0.108444,0.0,0.031556000000000015,0.37016129,0.0,0.049,0.011680809667240005
2025-03-20 09:00:00,0.14,0.26156,0.12156,0.0,0.37016129,0.0,0.023,0.0
2025-03-20 10:00:00,0.13,1.010639,1.002199,0.0,0.37016129,0.0,0.016,0.0
2025-03-20 11:00:00,0.3698923076923077,1.667649,2.2999556923076923,0.0,0.37016129,0.0,0.019,0.0
2025-03-20 12:00:00,0.3598923076923077,3.062794,5.0028573846153845,0.0,0.37016129,0.0,0.015,0.0
2025-03-20 13:00:00,0.3698923076923077,4.491705,9.124670076923078,0.0,0.37016129,0.0,0.018,0.0
2025-03-20 14:00:00,0.15,3.984544,12.95921407692308,0.0,0.37016129,0.0,0.021,0.0
2025-03-20 15:00:00,0.14,3.130291,13.5,0.0,0.38016129,2.990291,0.017,-0.050834947000000005
2025-03-20 16:00:00,0.15,1.2924380000000002,13.5,0.0,0.40016129,1.1424380000000003,0.028,-0.03198826400000001
2025-03-20 17:00:00,0.8026827586206897,0.5396770000000001,13.23699424137931,0.0,0.40016129,0.0,0.064,0.0
2025-03-20 18:00:00,0.9526827586206896,0.0,12.28431148275862,0.0,0.40016129,0.0,0.082,0.0
2025-03-20 19:00:00,0.27,0.0,12.014311482758622,0.0,0.40016129,0.0,0.081,0.0
2025-03-20 20:00:00,0.19,0.0,11.824311482758622,0.0,0.40016129,0.0,0.077,0.0
2025-03-20 21:00:00,0.15,0.0,11.674311482758622,0.0,0.38016129,0.0,0.081,0.0
2025-03-20 22:00:00,0.15,0.0,11.52431148275862,0.0,0.38016129,0.0,0.069,0.0
2025-03-20 23:00:00,0.1,0.0,11.424311482758622,0.0,0.38016129,0.0,0.067,0.0
2025-03-21 00:00:00,0.97,0.0,10.45431148275862,0.0,0.37016129,0.0,0.069,0.0
2025-03-21 01:00:00,0.68,0.0,9.77431148275862,0.0,0.37016129,0.0,0.069,0.0
2025-03-21 02:00:00,0.98,0.0,8.794311482758621,0.0,0.37016129,0.0,0.068,0.0
2025-03-21 03:00:00,1.08,0.0,7.714311482758621,0.0,0.37016129,0.0,0.067,0.0
2025-03-21 04:00:00,1.02,0.0,6.694311482758621,0.0,0.37016129,0.0,0.068,0.0
2025-03-21 05:00:00,1.1,0.0,5.594311482758622,0.0,0.37016129,0.0,0.071,0.0
2025-03-21 06:00:00,1.22,0.031293,4.405604482758622,0.0,0.37016129,0.0,0.072,0.0
2025-03-21 07:00:00,1.14,1.08309,4.348694482758622,0.0,0.37016129,0.0,0.07,0.0
2025-03-21 08:00:00,0.5700000000000001,2.4812220000000003,6.259916482758622,0.0,0.37016129,0.0,0.049,0.0
2025-03-21 09:00:00,0.43,3.5361260000000003,9.366042482758624,0.0,0.37016129,0.0,0.023,0.0
2025-03-21 10:00:00,2.69,4.244299,10.920341482758625,0.0,0.37016129,0.0,0.016,0.0
2025-03-21 11:00:00,2.6198923076923073,4.583333,12.883782175066315,0.0,0.37016129,0.0,0.019,0.0
2025-03-21 12:00:00,2.6298923076923075,4.583333,13.5,0.0,0.37016129,1.9534406923076921,0.015,-0.02930161038461538
2025-03-21 13:00:00,2.6298923076923075,4.4916279999999995,13.5,0.0,0.37016129,1.861735692307692,0.018,-0.03351124246153845
2025-03-21 14:00:00,2.4,3.950449,13.5,0.0,0.37016129,1.550449,0.021,-0.032559429
2025-03-21 15:00:00,0.1,3.124772,13.5,0.0,0.38016129,3.024772,0.017,-0.051421124000000006
2025-03-21 16:00:00,0.11,1.905177,13.5,0.0,0.40016129,1.7951769999999998,0.028,-0.05026495599999999
2025-03-21 17:00:00,0.7726827586206897,0.53584,13.26315724137931,0.0,0.40016129,0.0,0.064,0.0
2025-03-21 18:00:00,1.71268275862069,0.0,11.55047448275862,0.0,0.40016129,0.0,0.082,0.0
2025-03-21 19:00:00,0.3,0.0,11.25047448275862,0.0,0.40016129,0.0,0.081,0.0
2025-03-21 20:00:00,0.4,0.0,10.85047448275862,0.0,0.40016129,0.0,0.077,0.0
2025-03-21 21:00:00,0.88,0.0,9.970474482758618,0.0,0.38016129,0.0,0.081,0.0
2025-03-21 22:00:00,0.6199999999999999,0.0,9.35047448275862,0.0,0.38016129,0.0,0.069,0.0
2025-03-21 23:00:00,0.11,0.0,9.24047448275862,0.0,0.38016129,0.0,0.067,0.0
2025-03-22 00:00:00,0.11,0.0,9.13047448275862,0.0,0.37016129,0.0,0.069,0.0
2025-03-22 01:00:00,0.1,0.0,9.03047448275862,0.0,0.37016129,0.0,0.069,0.0
2025-03-22 02:00:00,0.11,0.0,8.920474482758621,0.0,0.37016129,0.0,0.068,0.0
2025-03-22 03:00:00,0.99,0.0,7.930474482758621,0.0,0.37016129,0.0,0.067,0.0
2025-03-22 04:00:00,0.49,0.0,7.440474482758621,0.0,0.37016129,0.0,0.068,0.0
2025-03-22 05:00:00,0.71,0.0,6.730474482758621,0.0,0.37016129,0.0,0.071,0.0
2025-03-22 06:00:00,1.13,0.041789,5.64226348275862,0.0,0.37016129,0.0,0.072,0.0
2025-03-22 07:00:00,0.59,1.121531,6.173794482758621,0.0,0.37016129,0.0,0.07,0.0
2025-03-22 08:00:00,0.62,2.490786,8.04458048275862,0.0,0.37016129,0.0,0.049,0.0
2025-03-22 09:00:00,0.22,3.481642,11.30622248275862,0.0,0.37016129,0.0,0.023,0.0
2025-03-22 10:00:00,2.53,4.0925,12.86872248275862,0.0,0.37016129,0.0,0.016,0.0
2025-03-22 11:00:00,2.7869102564102564,4.458163,13.5,0.0,0.37016129,1.6712527435897435,0.019,-0.031753802128205125
2025-03-22 12:00:00,2.9569102564102563,3.027004,13.5,0.0,0.37016129,0.07009374358974352,0.015,-0.0010514061538461528
2025-03-22 13:00:00,3.026910256410257,4.303767,13.5,0.0,0.37016129,1.2768567435897427,0.018,-0.022983421384615368
2025-03-22 14:00:00,2.63,3.823396,13.5,0.0,0.37016129,1.193396,0.021,-0.025061316
2025-03-22 15:00:00,0.11,3.036031,13.5,0.0,0.38016129,2.926031,0.017,-0.049742527
2025-03-22 16:00:00,0.19,1.859,13.5,0.0,0.40016129,1.669,0.028,-0.046732
2025-03-22 17:00:00,1.2184693486590037,0.4363519999999999,12.717882651340997,0.0,0.40016129,0.0,0.064,0.0
2025-03-22 18:00:00,2.5084693486590037,0.0,10.209413302681993,0.0,0.40016129,0.0,0.082,0.0
2025-03-22 19:00:00,0.48,0.0,9.729413302681992,0.0,0.40016129,0.0,0.081,0.0
2025-03-22 20:00:00,0.23,0.0,9.499413302681992,0.0,0.40016129,0.0,0.077,0.0
2025-03-22 21:00:00,0.12,0.0,9.379413302681993,0.0,0.38016129,0.0,0.081,0.0
2025-03-22 22:00:00,0.1,0.0,9.279413302681991,0.0,0.38016129,0.0,0.069,0.0
2025-03-22 23:00:00,0.46,0.0,8.819413302681992,0.0,0.38016129,0.0,0.067,0.0
2025-03-23 00:00:00,0.49,0.0,8.329413302681992,0.0,0.37016129,0.0,0.069,0.0
2025-03-23 01:00:00,0.99,0.0,7.339413302681992,0.0,0.37016129,0.0,0.069,0.0
2025-03-23 02:00:00,0.56,0.0,6.779413302681991,0.0,0.37016129,0.0,0.068,0.0
2025-03-23 03:00:00,0.94,0.0,5.839413302681992,0.0,0.37016129,0.0,0.067,0.0
2025-03-23 04:00:00,1.02,0.0,4.819413302681992,0.0,0.37016129,0.0,0.068,0.0
2025-03-23 05:00:00,0.56,0.0,4.259413302681992,0.0,0.37016129,0.0,0.071,0.0
2025-03-23 06:00:00,1.26,0.040432,3.039845302681992,0.0,0.37016129,0.0,0.072,0.0
2025-03-23 07:00:00,0.63,1.082849,3.492694302681992,0.0,0.37016129,0.0,0.07,0.0
2025-03-23 08:00:00,1.59,2.4019850000000003,4.3046793026819925,0.0,0.37016129,0.0,0.049,0.0
2025-03-23 09:00:00,0.29,3.367264,7.381943302681993,0.0,0.37016129,0.0,0.023,0.0
2025-03-23 10:00:00,2.61,3.993606,8.765549302681993,0.0,0.37016129,0.0,0.016,0.0
2025-03-23 11:00:00,3.966910256410256,4.3531580000000005,9.15179704627174,0.0,0.37016129,0.0,0.019,0.0
2025-03-23 12:00:00,3.386910256410256,4.431911,10.196797789861485,0.0,0.37016129,0.0,0.015,0.0
2025-03-23 13:00:00,2.896910256410256,4.250938,11.550825533451228,0.0,0.37016129,0.0,0.018,0.0
2025-03-23 14:00:00,2.55,3.794026,12.794851533451228,0.0,0.37016129,0.0,0.021,0.0
2025-03-23 15:00:00,0.36,2.958012,13.5,0.0,0.38016129,2.598012,0.017,-0.04416620400000001
2025-03-23 16:00:00,0.14,1.787752,13.5,0.0,0.40016129,1.647752,0.028,-0.046137056
2025-03-23 17:00:00,1.3384693486590038,0.481443,12.642973651340997,0.0,0.40016129,0.0,0.064,0.0
2025-03-23 18:00:00,1.3284693486590038,0.0,11.314504302681993,0.0,0.40016129,0.0,0.082,0.0
2025-03-23 19:00:00,0.27,0.0,11.044504302681991,0.0,0.40016129,0.0,0.081,0.0
2025-03-23 20:00:00,0.19,0.0,10.854504302681994,0.0,0.40016129,0.0,0.077,0.0
2025-03-23 21:00:00,0.26,0.0,10.594504302681994,0.0,0.38016129,0.0,0.081,0.0
2025-03-23 22:00:00,0.14,0.0,10.454504302681991,0.0,0.38016129,0.0,0.069,0.0
2025-03-23 23:00:00,0.1,0.0,10.354504302681994,0.0,0.38016129,0.0,0.067,0.0
2025-03-24 00:00:00,0.1,0.0,10.254504302681994,0.0,0.37016129,0.0,0.069,0.0
2025-03-24 01:00:00,0.98,0.0,9.274504302681994,0.0,0.37016129,0.0,0.069,0.0
2025-03-24 02:00:00,0.54,0.0,8.734504302681994,0.0,0.37016129,0.0,0.068,0.0
2025-03-24 03:00:00,0.78,0.0,7.954504302681994,0.0,0.37016129,0.0,0.067,0.0
2025-03-24 04:00:00,0.55,0.0,7.404504302681994,0.0,0.37016129,0.0,0.068,0.0
2025-03-24 05:00:00,0.7,0.0,6.704504302681994,0.0,0.37016129,0.0,0.071,0.0
2025-03-24 06:00:00,0.67,0.0,6.034504302681994,0.0,0.37016129,0.0,0.072,0.0
2025-03-24 07:00:00,0.2299999999999999,0.248775,6.053279302681994,0.0,0.37016129,0.0,0.07,0.0
2025-03-24 08:00:00,0.1699999999999999,0.37961,6.2628893026819945,0.0,0.37016129,0.0,0.049,0.0
2025-03-24 09:00:00,0.21,0.492272,6.545161302681994,0.0,0.37016129,0.0,0.023,0.0
2025-03-24 10:00:00,0.16,1.116297,7.501458302681995,0.0,0.37016129,0.0,0.016,0.0
2025-03-24 11:00:00,0.5369102564102565,1.457493,8.422041046271739,0.0,0.37016129,0.0,0.019,0.0
2025-03-24 12:00:00,0.5569102564102565,1.6411369999999998,9.506267789861482,0.0,0.37016129,0.0,0.015,0.0
2025-03-24 13:00:00,0.5469102564102565,1.615444,10.574801533451224,0.0,0.37016129,0.0,0.018,0.0
2025-03-24 14:00:00,0.15,0.879772,11.304573533451226,0.0,0.37016129,0.0,0.021,0.0
2025-03-24 15:00:00,0.15,0.97803,12.132603533451226,0.0,0.38016129,0.0,0.017,0.0
2025-03-24 16:00:00,0.14,0.352585,12.345188533451228,0.0,0.40016129,0.0,0.028,0.0
2025-03-24 17:00:00,1.208469348659004,0.110748,11.247467184792225,0.0,0.40016129,0.0,0.064,0.0
2025-03-24 18:00:00,1.2184693486590037,0.0,10.028997836133218,0.0,0.40016129,0.0,0.082,0.0
2025-03-24 19:00:00,0.34,0.0,9.688997836133218,0.0,0.40016129,0.0,0.081,0.0
2025-03-24 20:00:00,0.29,0.0,9.39899783613322,0.0,0.40016129,0.0,0.077,0.0
2025-03-24 21:00:00,0.95,0.0,8.44899783613322,0.0,0.38016129,0.0,0.081,0.0
2025-03-24 22:00:00,1.17,0.0,7.27899783613322,0.0,0.38016129,0.0,0.069,0.0
2025-03-24 23:00:00,1.13,0.0,6.14899783613322,0.0,0.38016129,0.0,0.067,0.0
2025-03-25 00:00:00,1.08,0.0,5.06899783613322,0.0,0.37016129,0.0,0.069,0.0
2025-03-25 01:00:00,1.06,0.0,4.00899783613322,0.0,0.37016129,0.0,0.069,0.0
2025-03-25 02:00:00,1.07,0.0,2.93899783613322,0.0,0.37016129,0.0,0.068,0.0
2025-03-25 03:00:00,1.09,0.0,1.84899783613322,0.0,0.37016129,0.0,0.067,0.0
2025-03-25 04:00:00,1.08,0.0,0.7689978361332199,0.0,0.37016129,0.0,0.068,0.0
2025-03-25 05:00:00,1.08,0.0,0.0,0.31100216386678015,0.37016129,0.0,0.071,0.11512096216971872
2025-03-25 06:00:00,1.07,0.003851,0.0,1.066149,0.37016129,0.0,0.072,0.39464708917221
2025-03-25 07:00:00,1.2,0.426975,0.0,0.773025,0.37016129,0.0,0.07,0.28614393120224996
2025-03-25 08:00:00,0.15,1.469769,1.3197690000000002,0.0,0.37016129,0.0,0.049,0.0
2025-03-25 09:00:00,0.11,2.2338310000000003,3.443600000000001,0.0,0.37016129,0.0,0.023,0.0
2025-03-25 10:00:00,0.1,2.720462,6.064062000000001,0.0,0.37016129,0.0,0.016,0.0
2025-03-25 11:00:00,0.3901826923076923,2.605353,8.279232307692308,0.0,0.37016129,0.0,0.019,0.0
2025-03-25 12:00:00,0.4001826923076923,2.626341,10.505390615384616,0.0,0.37016129,0.0,0.015,0.0
2025-03-25 13:00:00,0.4001826923076923,2.124356,12.229563923076924,0.0,0.37016129,0.0,0.018,0.0
2025-03-25 14:00:00,0.1,0.922795,13.052358923076923,0.0,0.37016129,0.0,0.021,0.0
2025-03-25 15:00:00,0.11,1.442264,13.5,0.0,0.38016129,1.332264,0.017,-0.022648488
2025-03-25 16:00:00,0.12,0.456794,13.5,0.0,0.40016129,0.336794,0.028,-0.009430232
2025-03-25 17:00:00,1.0138520114942529,0.294481,12.780628988505748,0.0,0.40016129,0.0,0.064,0.0
2025-03-25 18:00:00,2.9838520114942533,0.0,9.796776977011492,0.0,0.40016129,0.0,0.082,0.0
2025-03-25 19:00:00,0.16,0.0,9.636776977011491,0.0,0.40016129,0.0,0.081,0.0
2025-03-25 20:00:00,0.14,0.0,9.496776977011493,0.0,0.40016129,0.0,0.077,0.0
2025-03-25 21:00:00,0.2,0.0,9.296776977011492,0.0,0.38016129,0.0,0.081,0.0
2025-03-25 22:00:00,0.1699999999999999,0.0,9.126776977011492,0.0,0.38016129,0.0,0.069,0.0
2025-03-25 23:00:00,0.1,0.0,9.026776977011494,0.0,0.38016129,0.0,0.067,0.0
2025-03-26 00:00:00,0.1,0.0,8.926776977011494,0.0,0.37016129,0.0,0.069,0.0
2025-03-26 01:00:00,0.1,0.0,8.826776977011495,0.0,0.37016129,0.0,0.069,0.0
2025-03-26 02:00:00,0.1,0.0,8.726776977011495,0.0,0.37016129,0.0,0.068,0.0
2025-03-26 03:00:00,0.1,0.0,8.626776977011495,0.0,0.37016129,0.0,0.067,0.0
2025-03-26 04:00:00,0.1,0.0,8.526776977011496,0.0,0.37016129,0.0,0.068,0.0
2025-03-26 05:00:00,0.1,0.0,8.426776977011496,0.0,0.37016129,0.0,0.071,0.0
2025-03-26 06:00:00,0.11,0.069523,8.386299977011497,0.0,0.37016129,0.0,0.072,0.0
2025-03-26 07:00:00,0.19,0.439178,8.635477977011497,0.0,0.37016129,0.0,0.07,0.0
2025-03-26 08:00:00,0.1699999999999999,0.973621,9.439098977011495,0.0,0.37016129,0.0,0.049,0.0
2025-03-26 09:00:00,0.17,1.290914,10.560012977011496,0.0,0.37016129,0.0,0.023,0.0
2025-03-26 10:00:00,2.44,1.286702,9.406714977011497,0.0,0.37016129,0.0,0.016,0.0
2025-03-26 11:00:00,2.770182692307692,1.58161,8.218142284703804,0.0,0.37016129,0.0,0.019,0.0
2025-03-26 12:00:00,2.740182692307692,0.977073,6.455032592396112,0.0,0.37016129,0.0,0.015,0.0
2025-03-26 13:00:00,2.750182692307692,1.394157,5.099006900088419,0.0,0.37016129,0.0,0.018,0.0
2025-03-26 14:00:00,2.4499999999999997,0.1444629999999999,2.7934699000884193,0.0,0.37016129,0.0,0.021,0.0
2025-03-26 15:00:00,0.14,0.383818,3.037287900088419,0.0,0.38016129,0.0,0.017,0.0
2025-03-26 16:00:00,0.19,0.227872,3.0751599000884196,0.0,0.40016129,0.0,0.028,0.0
2025-03-26 17:00:00,0.9738520114942528,0.504382,2.6056898885941666,0.0,0.40016129,0.0,0.064,0.0
2025-03-26 18:00:00,2.243852011494253,0.0,0.3618378770999135,0.0,0.40016129,0.0,0.082,0.0
2025-03-26 19:00:00,0.73,0.0,0.0,0.3681621229000865,0.40016129,0.0,0.081,0.14732423002883716
2025-03-26 20:00:00,0.29,0.0,0.0,0.29,0.40016129,0.0,0.077,0.1160467741
2025-03-26 21:00:00,0.15,0.0,0.0,0.15,0.38016129,0.0,0.081,0.057024193499999994
2025-03-26 22:00:00,0.13,0.0,0.0,0.13,0.38016129,0.0,0.069,0.0494209677
2025-03-26 23:00:00,0.1,0.0,0.0,0.1,0.38016129,0.0,0.067,0.038016129
2025-03-27 00:00:00,0.1,0.0,0.0,0.1,0.37016129,0.0,0.069,0.037016129
2025-03-27 01:00:00,0.1,0.0,0.0,0.1,0.37016129,0.0,0.069,0.037016129
2025-03-27 02:00:00,0.1,0.0,0.0,0.1,0.37016129,0.0,0.068,0.037016129
2025-03-27 03:00:00,0.43,0.0,0.0,0.43,0.37016129,0.0,0.067,0.1591693547
2025-03-27 04:00:00,0.45,0.0,0.0,0.45,0.37016129,0.0,0.068,0.16657258049999998
2025-03-27 05:00:00,0.7,0.0,0.0,0.7,0.37016129,0.0,0.071,0.25911290299999995
2025-03-27 06:00:00,0.49,0.09221,0.0,0.39779,0.37016129,0.0,0.072,0.14724645954909998
2025-03-27 07:00:00,0.5599999999999999,1.167512,0.6075119999999999,0.0,0.37016129,0.0,0.07,0.0
2025-03-27 08:00:00,0.43,2.5588249999999997,2.7363369999999994,0.0,0.37016129,0.0,0.049,0.0
2025-03-27 09:00:00,0.1,3.585542,6.2218789999999995,0.0,0.37016129,0.0,0.023,0.0
2025-03-27 10:00:00,0.1,4.282239,10.404118,0.0,0.37016129,0.0,0.016,0.0
2025-03-27 11:00:00,0.3901826923076923,4.583333,13.5,0.0,0.37016129,4.193150307692307,0.019,-0.07966985584615384
2025-03-27 12:00:00,0.4001826923076923,4.583333,13.5,0.0,0.37016129,4.183150307692308,0.015,-0.0627472546153846
2025-03-27 13:00:00,0.3901826923076923,4.55053,13.5,0.0,0.37016129,4.160347307692308,0.018,-0.07488625153846154
2025-03-27 14:00:00,0.1,3.948101,13.5,0.0,0.37016129,3.8481009999999998,0.021,-0.080810121
2025-03-27 15:00:00,0.6799999999999999,2.9956080000000003,13.5,0.0,0.38016129,2.315608,0.017,-0.03936533600000001
2025-03-27 16:00:00,2.0700000000000003,1.724461,13.154461,0.0,0.40016129,0.0,0.028,0.0
2025-03-27 17:00:00,1.053852011494253,0.469898,12.570506988505748,0.0,0.40016129,0.0,0.064,0.0
2025-03-27 18:00:00,1.2138520114942528,0.0,11.356654977011496,0.0,0.40016129,0.0,0.082,0.0
2025-03-27 19:00:00,0.32,0.0,11.036654977011494,0.0,0.40016129,0.0,0.081,0.0
2025-03-27 20:00:00,0.53,0.0,10.506654977011497,0.0,0.40016129,0.0,0.077,0.0
2025-03-27 21:00:00,0.75,0.0,9.756654977011497,0.0,0.38016129,0.0,0.081,0.0
2025-03-27 22:00:00,0.52,0.0,9.236654977011495,0.0,0.38016129,0.0,0.069,0.0
2025-03-27 23:00:00,0.11,0.0,9.126654977011496,0.0,0.38016129,0.0,0.067,0.0
2025-03-28 00:00:00,0.1,0.0,9.026654977011496,0.0,0.37016129,0.0,0.069,0.0
2025-03-28 01:00:00,0.1,0.0,8.926654977011497,0.0,0.37016129,0.0,0.069,0.0
2025-03-28 02:00:00,0.77,0.0,8.156654977011497,0.0,0.37016129,0.0,0.068,0.0
2025-03-28 03:00:00,0.5599999999999999,0.0,7.5966549770114975,0.0,0.37016129,0.0,0.067,0.0
2025-03-28 04:00:00,0.49,0.0,7.106654977011497,0.0,0.37016129,0.0,0.068,0.0
2025-03-28 05:00:00,0.5599999999999999,0.0,6.546654977011498,0.0,0.37016129,0.0,0.071,0.0
2025-03-28 06:00:00,0.8799999999999999,0.099912,5.766566977011498,0.0,0.37016129,0.0,0.072,0.0
2025-03-28 07:00:00,0.63,1.193299,6.329865977011497,0.0,0.37016129,0.0,0.07,0.0
2025-03-28 08:00:00,1.64,2.601343,7.291208977011498,0.0,0.37016129,0.0,0.049,0.0
2025-03-28 09:00:00,1.32,3.609243,9.580451977011498,0.0,0.37016129,0.0,0.023,0.0
2025-03-28 10:00:00,3.95,4.323244,9.953695977011495,0.0,0.37016129,0.0,0.016,0.0
2025-03-28 11:00:00,2.780182692307692,4.583333,11.756846284703805,0.0,0.37016129,0.0,0.019,0.0
2025-03-28 12:00:00,3.380182692307692,4.583333,12.959996592396111,0.0,0.37016129,0.0,0.015,0.0
2025-03-28 13:00:00,3.1601826923076923,4.496694000000001,13.5,0.0,0.37016129,1.3365113076923083,0.018,-0.02405720353846155
2025-03-28 14:00:00,2.4499999999999997,3.91263,13.5,0.0,0.37016129,1.4626300000000003,0.021,-0.03071523000000001
2025-03-28 15:00:00,0.14,3.046965,13.5,0.0,0.38016129,2.906965,0.017,-0.049418405000000006
2025-03-28 16:00:00,0.15,1.823645,13.5,0.0,0.40016129,1.673645,0.028,-0.046862060000000004
2025-03-28 17:00:00,2.663852011494253,0.5006499999999999,11.336797988505747,0.0,0.40016129,0.0,0.064,0.0
2025-03-28 18:00:00,4.663852011494253,0.0,6.672945977011494,0.0,0.40016129,0.0,0.082,0.0
2025-03-28 19:00:00,1.95,0.0,4.722945977011494,0.0,0.40016129,0.0,0.081,0.0
2025-03-28 20:00:00,1.61,0.0,3.112945977011494,0.0,0.40016129,0.0,0.077,0.0
2025-03-28 21:00:00,1.62,0.0,1.4929459770114937,0.0,0.38016129,0.0,0.081,0.0
2025-03-28 22:00:00,3.07,0.0,0.0,1.5770540229885062,0.38016129,0.0,0.069,0.5995348917790001
2025-03-28 23:00:00,2.56,0.0,0.0,2.56,0.38016129,0.0,0.067,0.9732129024
2025-03-29 00:00:00,2.0700000000000003,0.0,0.0,2.0700000000000003,0.37016129,0.0,0.069,0.7662338703
2025-03-29 01:00:00,2.1,0.0,0.0,2.1,0.37016129,0.0,0.069,0.777338709
2025-03-29 02:00:00,2.15,0.0,0.0,2.15,0.37016129,0.0,0.068,0.7958467734999999
2025-03-29 03:00:00,2.06,0.0,0.0,2.06,0.37016129,0.0,0.067,0.7625322574
2025-03-29 04:00:00,2.13,0.0,0.0,2.13,0.37016129,0.0,0.068,0.7884435476999999
2025-03-29 05:00:00,2.24,0.0,0.0,2.24,0.37016129,0.0,0.071,0.8291612896
2025-03-29 06:00:00,1.96,0.103588,0.0,1.856412,0.37016129,0.0,0.072,0.68717186069148
2025-03-29 07:00:00,2.47,1.196266,0.0,1.2737340000000001,0.37016129,0.0,0.07,0.47148702055686004
2025-03-29 08:00:00,2.63,2.56394,0.0,0.06605999999999979,0.37016129,0.0,0.049,0.024452854817399918
2025-03-29 09:00:00,1.92,3.510497,1.590497,0.0,0.37016129,0.0,0.023,0.0
2025-03-29 10:00:00,3.939999999999999,4.140696,1.7911930000000011,0.0,0.37016129,0.0,0.016,0.0
2025-03-29 11:00:00,4.010365384615385,4.489520000000001,2.2703476153846167,0.0,0.37016129,0.0,0.019,0.0
2025-03-29 12:00:00,3.1103653846153847,4.056039,3.216021230769232,0.0,0.37016129,0.0,0.015,0.0
2025-03-29 13:00:00,3.200365384615385,3.801861,3.817516846153847,0.0,0.37016129,0.0,0.018,0.0
2025-03-29 14:00:00,2.63,3.167413,4.354929846153847,0.0,0.37016129,0.0,0.021,0.0
2025-03-29 15:00:00,0.49,2.949563,6.814492846153847,0.0,0.38016129,0.0,0.017,0.0
2025-03-29 16:00:00,0.75,1.7641300000000002,7.828622846153847,0.0,0.40016129,0.0,0.028,0.0
2025-03-29 17:00:00,2.207704022988506,0.480367,6.101285823165341,0.0,0.40016129,0.0,0.064,0.0
2025-03-29 18:00:00,1.8777040229885056,0.0,4.223581800176835,0.0,0.40016129,0.0,0.082,0.0
2025-03-29 19:00:00,0.2299999999999999,0.0,3.9935818001768353,0.0,0.40016129,0.0,0.081,0.0
2025-03-29 20:00:00,0.27,0.0,3.7235818001768353,0.0,0.40016129,0.0,0.077,0.0
2025-03-29 21:00:00,0.14,0.0,3.583581800176835,0.0,0.38016129,0.0,0.081,0.0
2025-03-29 22:00:00,1.27,0.0,2.313581800176835,0.0,0.38016129,0.0,0.069,0.0
2025-03-29 23:00:00,1.05,0.0,1.263581800176835,0.0,0.38016129,0.0,0.067,0.0
2025-03-30 00:00:00,1.02,0.0,0.243581800176835,0.0,0.37016129,0.0,0.069,0.0
2025-03-30 01:00:00,0.72,0.0,0.0,0.47641819982316497,0.37016129,0.0,0.069,0.1763515754260205
2025-03-30 02:00:00,1.0499999999999998,0.0,0.0,1.0499999999999998,0.37016129,0.0,0.068,0.3886693544999999
2025-03-30 03:00:00,0.78,0.0,0.0,0.78,0.37016129,0.0,0.067,0.2887258062
2025-03-30 04:00:00,0.83,0.0,0.0,0.83,0.37016129,0.0,0.068,0.30723387069999997
2025-03-30 05:00:00,1.07,0.0,0.0,1.07,0.37016129,0.0,0.071,0.3960725803
2025-03-30 06:00:00,1.02,0.110784,0.0,0.909216,0.37016129,0.0,0.072,0.33655656744864
2025-03-30 07:00:00,0.78,1.113357,0.3333569999999999,0.0,0.37016129,0.0,0.07,0.0
2025-03-30 08:00:00,1.04,2.380176,1.673533,0.0,0.37016129,0.0,0.049,0.0
2025-03-30 09:00:00,0.52,3.2911390000000003,4.444672000000001,0.0,0.37016129,0.0,0.023,0.0
2025-03-30 10:00:00,3.33,3.946549,5.061221000000001,0.0,0.37016129,0.0,0.016,0.0
2025-03-30 11:00:00,3.0003653846153844,4.297871,6.358726615384616,0.0,0.37016129,0.0,0.019,0.0
2025-03-30 12:00:00,3.0103653846153846,4.410993,7.759354230769231,0.0,0.37016129,0.0,0.015,0.0
2025-03-30 13:00:00,3.4603653846153843,4.226356,8.525344846153846,0.0,0.37016129,0.0,0.018,0.0
2025-03-30 14:00:00,2.4499999999999997,3.761339,9.836683846153846,0.0,0.37016129,0.0,0.021,0.0
2025-03-30 15:00:00,0.13,2.405776,12.112459846153849,0.0,0.38016129,0.0,0.017,0.0
2025-03-30 16:00:00,2.29,1.734727,11.557186846153847,0.0,0.40016129,0.0,0.028,0.0
2025-03-30 17:00:00,4.317704022988506,0.474123,7.713605823165341,0.0,0.40016129,0.0,0.064,0.0
2025-03-30 18:00:00,2.997704022988506,0.0,4.715901800176836,0.0,0.40016129,0.0,0.082,0.0
2025-03-30 19:00:00,0.29,0.0,4.4259018001768355,0.0,0.40016129,0.0,0.081,0.0
2025-03-30 20:00:00,0.54,0.0,3.885901800176835,0.0,0.40016129,0.0,0.077,0.0
2025-03-30 21:00:00,0.18,0.0,3.7059018001768353,0.0,0.38016129,0.0,0.081,0.0
2025-03-30 22:00:00,0.6900000000000001,0.0,3.0159018001768354,0.0,0.38016129,0.0,0.069,0.0
2025-03-30 23:00:00,0.6400000000000001,0.0,2.3759018001768353,0.0,0.38016129,0.0,0.067,0.0
2025-03-31 00:00:00,0.6600000000000001,0.0,1.7159018001768351,0.0,0.37016129,0.0,0.069,0.0
2025-03-31 01:00:00,0.6000000000000001,0.0,1.115901800176835,0.0,0.37016129,0.0,0.069,0.0
2025-03-31 02:00:00,0.53,0.0,0.585901800176835,0.0,0.37016129,0.0,0.068,0.0
2025-03-31 03:00:00,0.55,0.0,0.0359018001768349,0.0,0.37016129,0.0,0.067,0.0
2025-03-31 04:00:00,1.01,0.0,0.0,0.9740981998231651,0.37016129,0.0,0.068,0.3605734462332206
2025-03-31 05:00:00,0.5900000000000001,0.0,0.0,0.5900000000000001,0.37016129,0.0,0.071,0.2183951611
2025-03-31 06:00:00,0.3399999999999999,0.115468,0.0,0.2245319999999999,0.37016129,0.0,0.072,0.08311305476627996
2025-03-31 07:00:00,0.79,1.110245,0.3202449999999999,0.0,0.37016129,0.0,0.07,0.0
2025-03-31 08:00:00,0.14,2.405822,2.586067,0.0,0.37016129,0.0,0.049,0.0
2025-03-31 09:00:00,0.54,3.372052,5.418119,0.0,0.37016129,0.0,0.023,0.0
2025-03-31 10:00:00,0.47,4.030934,8.979053,0.0,0.37016129,0.0,0.016,0.0
2025-03-31 11:00:00,0.6973653846153847,4.4001220000000005,12.681809615384616,0.0,0.37016129,0.0,0.019,0.0
2025-03-31 12:00:00,0.6673653846153846,4.457523,13.5,0.0,0.37016129,3.7901576153846155,0.015,-0.05685236423076923
2025-03-31 13:00:00,0.4273653846153847,3.577194,13.5,0.0,0.37016129,3.149828615384615,0.018,-0.056696915076923066
2025-03-31 14:00:00,0.14,2.923039,13.5,0.0,0.37016129,2.783039,0.021,-0.058443819
2025-03-31 15:00:00,0.55,2.879855,13.5,0.0,0.38016129,2.3298550000000002,0.017,-0.039607535000000006
2025-03-31 16:00:00,0.14,1.613389,13.5,0.0,0.40016129,1.473389,0.028,-0.041254892
2025-03-31 17:00:00,1.1358534482758622,0.105051,12.469197551724138,0.0,0.40016129,0.0,0.064,0.0
2025-03-31 18:00:00,1.1358534482758622,0.0,11.333344103448276,0.0,0.40016129,0.0,0.082,0.0
2025-03-31 19:00:00,0.27,0.0,11.063344103448276,0.0,0.40016129,0.0,0.081,0.0
2025-03-31 20:00:00,0.35,0.0,10.713344103448277,0.0,0.40016129,0.0,0.077,0.0
2025-03-31 21:00:00,0.76,0.0,9.953344103448275,0.0,0.38016129,0.0,0.081,0.0
2025-03-31 22:00:00,0.5,0.0,9.453344103448275,0.0,0.38016129,0.0,0.069,0.0
2025-03-31 23:00:00,0.11,0.0,9.343344103448278,0.0,0.38016129,0.0,0.067,0.0
2025-03-31 23:59:59,0.1,0.0,9.343344103448278,0.1,150.0,0.0,0.0,15.0
2025-04-01 00:00:00,0.1,0.0,9.243344103448278,0.0,0.370833333,0.0,0.075,0.0
2025-04-01 01:00:00,0.29,0.0,8.953344103448279,0.0,0.370833333,0.0,0.074,0.0
2025-04-01 02:00:00,0.7200000000000001,0.0,8.233344103448278,0.0,0.370833333,0.0,0.075,0.0
2025-04-01 03:00:00,0.78,0.0,7.453344103448278,0.0,0.370833333,0.0,0.074,0.0
2025-04-01 04:00:00,0.8899999999999999,0.0,6.563344103448278,0.0,0.370833333,0.0,0.071,0.0
2025-04-01 05:00:00,0.53,0.0,6.033344103448278,0.0,0.370833333,0.0,0.073,0.0
2025-04-01 06:00:00,0.8799999999999999,0.133162,5.2865061034482785,0.0,0.370833333,0.0,0.07,0.0
2025-04-01 07:00:00,0.59,1.147189,5.843695103448279,0.0,0.370833333,0.0,0.065,0.0
2025-04-01 08:00:00,0.5599999999999999,2.498213,7.781908103448279,0.0,0.370833333,0.0,0.018,0.0
2025-04-01 09:00:00,0.48,3.513883,10.815791103448278,0.0,0.370833333,0.0,0.011,0.0
2025-04-01 10:00:00,0.48,4.240863999999999,13.5,0.0,0.370833333,3.7608639999999993,0.01,-0.03760863999999999
2025-04-01 11:00:00,0.3973653846153847,4.583333,13.5,0.0,0.370833333,4.185967615384615,0.011,-0.04604564376923076
2025-04-01 12:00:00,0.3973653846153847,4.583333,13.5,0.0,0.370833333,4.185967615384615,0.012,-0.050231611384615384
2025-04-01 13:00:00,0.8273653846153848,4.4401589999999995,13.5,0.0,0.370833333,3.6127936153846147,0.008,-0.02890234892307692
2025-04-01 14:00:00,1.31,3.853206,13.5,0.0,0.370833333,2.543206,0.002,-0.005086412
2025-04-01 15:00:00,1.37,2.9949899999999996,13.5,0.0,0.380833333,1.6249899999999995,0.001,-0.0016249899999999996
2025-04-01 16:00:00,1.14,1.751739,13.5,0.0,0.400833333,0.611739,0.002,-0.001223478
2025-04-01 17:00:00,1.205853448275862,0.468717,12.762863551724138,0.0,0.400833333,0.0,0.011,0.0
2025-04-01 18:00:00,1.0758534482758622,0.0,11.687010103448277,0.0,0.400833333,0.0,0.081,0.0
2025-04-01 19:00:00,0.3,0.0,11.387010103448276,0.0,0.400833333,0.0,0.077,0.0
2025-04-01 20:00:00,0.84,0.0,10.547010103448276,0.0,0.400833333,0.0,0.071,0.0
2025-04-01 21:00:00,0.9,0.0,9.647010103448276,0.0,0.380833333,0.0,0.072,0.0
2025-04-01 22:00:00,0.4599999999999999,0.0,9.187010103448277,0.0,0.380833333,0.0,0.073,0.0
2025-04-01 23:00:00,0.84,0.0,8.347010103448277,0.0,0.380833333,0.0,0.071,0.0
2025-04-02 00:00:00,0.98,0.0,7.367010103448276,0.0,0.370833333,0.0,0.075,0.0
2025-04-02 01:00:00,1.22,0.0,6.1470101034482765,0.0,0.370833333,0.0,0.074,0.0
2025-04-02 02:00:00,0.94,0.0,5.207010103448276,0.0,0.370833333,0.0,0.075,0.0
2025-04-02 03:00:00,1.25,0.0,3.957010103448276,0.0,0.370833333,0.0,0.074,0.0
2025-04-02 04:00:00,0.91,0.0,3.047010103448276,0.0,0.370833333,0.0,0.071,0.0
2025-04-02 05:00:00,1.41,0.0,1.637010103448276,0.0,0.370833333,0.0,0.073,0.0
2025-04-02 06:00:00,1.19,0.085777,0.5327871034482761,0.0,0.370833333,0.0,0.07,0.0
2025-04-02 07:00:00,0.78,0.4619669999999999,0.214754103448276,0.0,0.370833333,0.0,0.065,0.0
2025-04-02 08:00:00,0.42,2.367451,2.162205103448276,0.0,0.370833333,0.0,0.018,0.0
2025-04-02 09:00:00,0.1,2.741259,4.803464103448276,0.0,0.370833333,0.0,0.011,0.0
2025-04-02 10:00:00,2.4,3.191185,5.594649103448276,0.0,0.370833333,0.0,0.01,0.0
2025-04-02 11:00:00,2.6873653846153847,3.685455,6.592738718832892,0.0,0.370833333,0.0,0.011,0.0
2025-04-02 12:00:00,2.6873653846153847,3.598297,7.503670334217507,0.0,0.370833333,0.0,0.012,0.0
2025-04-02 13:00:00,2.6873653846153847,3.2884360000000004,8.104740949602123,0.0,0.370833333,0.0,0.008,0.0
2025-04-02 14:00:00,2.4099999999999997,2.68493,8.379670949602122,0.0,0.370833333,0.0,0.002,0.0
2025-04-02 15:00:00,0.11,1.697695,9.967365949602122,0.0,0.380833333,0.0,0.001,0.0
2025-04-02 16:00:00,0.11,1.002394,10.859759949602122,0.0,0.400833333,0.0,0.002,0.0
2025-04-02 17:00:00,0.935853448275862,0.2473429999999999,10.17124950132626,0.0,0.400833333,0.0,0.011,0.0
2025-04-02 18:00:00,2.0558534482758626,0.0,8.115396053050397,0.0,0.400833333,0.0,0.081,0.0
2025-04-02 19:00:00,0.14,0.0,7.975396053050397,0.0,0.400833333,0.0,0.077,0.0
2025-04-02 20:00:00,0.13,0.0,7.845396053050397,0.0,0.400833333,0.0,0.071,0.0
2025-04-02 21:00:00,0.18,0.0,7.665396053050397,0.0,0.380833333,0.0,0.072,0.0
2025-04-02 22:00:00,0.13,0.0,7.535396053050397,0.0,0.380833333,0.0,0.073,0.0
2025-04-02 23:00:00,0.09,0.0,7.445396053050397,0.0,0.380833333,0.0,0.071,0.0
2025-04-03 00:00:00,0.94,0.0,6.505396053050397,0.0,0.370833333,0.0,0.075,0.0
2025-04-03 01:00:00,1.05,0.0,5.455396053050397,0.0,0.370833333,0.0,0.074,0.0
2025-04-03 02:00:00,1.34,0.0,4.1153960530503975,0.0,0.370833333,0.0,0.075,0.0
2025-04-03 03:00:00,0.92,0.0,3.1953960530503975,0.0,0.370833333,0.0,0.074,0.0
2025-04-03 04:00:00,1.08,0.0,2.1153960530503975,0.0,0.370833333,0.0,0.071,0.0
2025-04-03 05:00:00,1.03,0.0,1.0853960530503974,0.0,0.370833333,0.0,0.073,0.0
2025-04-03 06:00:00,1.08,0.030745,0.0361410530503973,0.0,0.370833333,0.0,0.07,0.0
2025-04-03 07:00:00,1.13,0.8116509999999999,0.0,0.2822079469496027,0.370833333,0.0,0.065,0.10465211356640836
2025-04-03 08:00:00,0.16,1.851781,1.691781,0.0,0.370833333,0.0,0.018,0.0
2025-04-03 09:00:00,0.16,2.410015,3.941796,0.0,0.370833333,0.0,0.011,0.0
2025-04-03 10:00:00,0.14,3.507042,7.308838,0.0,0.370833333,0.0,0.01,0.0
2025-04-03 11:00:00,0.4273653846153847,3.652267,10.533739615384617,0.0,0.370833333,0.0,0.011,0.0
2025-04-03 12:00:00,0.4473653846153846,4.35448,13.5,0.0,0.370833333,3.9071146153846152,0.012,-0.04688537538461538
2025-04-03 13:00:00,0.5373653846153847,3.4010659999999997,13.5,0.0,0.370833333,2.863700615384615,0.008,-0.02290960492307692
2025-04-03 14:00:00,0.19,3.563187,13.5,0.0,0.370833333,3.373187,0.002,-0.006746374
2025-04-03 15:00:00,0.18,1.023803,13.5,0.0,0.380833333,0.8438030000000001,0.001,-0.0008438030000000001
2025-04-03 16:00:00,0.14,0.368212,13.5,0.0,0.400833333,0.22821199999999997,0.002,-0.0004564239999999999
2025-04-03 17:00:00,0.925853448275862,0.185491,12.759637551724138,0.0,0.400833333,0.0,0.011,0.0
2025-04-03 18:00:00,1.1758534482758622,0.0,11.583784103448275,0.0,0.400833333,0.0,0.081,0.0
2025-04-03 19:00:00,0.15,0.0,11.433784103448277,0.0,0.400833333,0.0,0.077,0.0
2025-04-03 20:00:00,0.18,0.0,11.253784103448275,0.0,0.400833333,0.0,0.071,0.0
2025-04-03 21:00:00,0.16,0.0,11.093784103448275,0.0,0.380833333,0.0,0.072,0.0
2025-04-03 22:00:00,0.11,0.0,10.983784103448276,0.0,0.380833333,0.0,0.073,0.0
2025-04-03 23:00:00,0.12,0.0,10.863784103448276,0.0,0.380833333,0.0,0.071,0.0
2025-04-04 00:00:00,0.1,0.0,10.763784103448277,0.0,0.370833333,0.0,0.075,0.0
2025-04-04 01:00:00,0.6000000000000001,0.0,10.163784103448275,0.0,0.370833333,0.0,0.074,0.0
2025-04-04 02:00:00,0.92,0.0,9.243784103448276,0.0,0.370833333,0.0,0.075,0.0
2025-04-04 03:00:00,0.86,0.0,8.383784103448278,0.0,0.370833333,0.0,0.074,0.0
2025-04-04 04:00:00,0.98,0.0,7.403784103448277,0.0,0.370833333,0.0,0.071,0.0
2025-04-04 05:00:00,1.12,0.0,6.283784103448277,0.0,0.370833333,0.0,0.073,0.0
2025-04-04 06:00:00,1.04,0.144768,5.388552103448277,0.0,0.370833333,0.0,0.07,0.0
2025-04-04 07:00:00,0.52,1.165917,6.034469103448277,0.0,0.370833333,0.0,0.065,0.0
2025-04-04 08:00:00,0.41,2.5112330000000003,8.135702103448278,0.0,0.370833333,0.0,0.018,0.0
2025-04-04 09:00:00,0.09,3.5456999999999996,11.591402103448278,0.0,0.370833333,0.0,0.011,0.0
2025-04-04 10:00:00,2.4,4.247296,13.438698103448278,0.0,0.370833333,0.0,0.01,0.0
2025-04-04 11:00:00,2.6845480769230767,4.583333,13.5,0.0,0.370833333,1.898784923076923,0.011,-0.020886634153846152
2025-04-04 12:00:00,2.674548076923077,4.583333,13.5,0.0,0.370833333,1.9087849230769227,0.012,-0.022905419076923072
2025-04-04 13:00:00,2.694548076923077,4.520606,13.5,0.0,0.370833333,1.826057923076923,0.008,-0.014608463384615383
2025-04-04 14:00:00,2.42,3.920362,13.5,0.0,0.370833333,1.500362,0.002,-0.003000724
2025-04-04 15:00:00,0.19,3.035633,13.5,0.0,0.380833333,2.845633,0.001,-0.0028456329999999998
2025-04-04 16:00:00,0.18,1.7605719999999998,13.5,0.0,0.400833333,1.5805719999999999,0.002,-0.003161144
2025-04-04 17:00:00,0.9578548850574712,0.465869,13.00801411494253,0.0,0.400833333,0.0,0.011,0.0
2025-04-04 18:00:00,1.2178548850574713,0.0,11.790159229885058,0.0,0.400833333,0.0,0.081,0.0
2025-04-04 19:00:00,0.26,0.0,11.530159229885058,0.0,0.400833333,0.0,0.077,0.0
2025-04-04 20:00:00,0.24,0.0,11.290159229885058,0.0,0.400833333,0.0,0.071,0.0
2025-04-04 21:00:00,0.74,0.0,10.550159229885056,0.0,0.380833333,0.0,0.072,0.0
2025-04-04 22:00:00,0.1,0.0,10.450159229885058,0.0,0.380833333,0.0,0.073,0.0
2025-04-04 23:00:00,0.1,0.0,10.350159229885058,0.0,0.380833333,0.0,0.071,0.0
2025-04-05 00:00:00,0.1,0.0,10.25015922988506,0.0,0.370833333,0.0,0.075,0.0
2025-04-05 01:00:00,0.1,0.0,10.15015922988506,0.0,0.370833333,0.0,0.074,0.0
2025-04-05 02:00:00,0.1,0.0,10.05015922988506,0.0,0.370833333,0.0,0.075,0.0
2025-04-05 03:00:00,0.1,0.0,9.95015922988506,0.0,0.370833333,0.0,0.074,0.0
2025-04-05 04:00:00,0.22,0.0,9.73015922988506,0.0,0.370833333,0.0,0.071,0.0
2025-04-05 05:00:00,0.8200000000000001,0.0,8.910159229885059,0.0,0.370833333,0.0,0.073,0.0
2025-04-05 06:00:00,0.58,0.148588,8.478747229885059,0.0,0.370833333,0.0,0.07,0.0
2025-04-05 07:00:00,0.93,1.189397,8.738144229885059,0.0,0.370833333,0.0,0.065,0.0
2025-04-05 08:00:00,0.33,2.573714,10.98185822988506,0.0,0.370833333,0.0,0.018,0.0
2025-04-05 09:00:00,0.5900000000000001,3.597047,13.5,0.0,0.370833333,3.007047,0.011,-0.033077517
2025-04-05 10:00:00,2.65,4.322282,13.5,0.0,0.370833333,1.6722820000000005,0.01,-0.016722820000000006
2025-04-05 11:00:00,2.6845480769230767,4.583333,13.5,0.0,0.370833333,1.898784923076923,0.011,-0.020886634153846152
2025-04-05 12:00:00,2.7045480769230767,4.583333,13.5,0.0,0.370833333,1.878784923076923,0.012,-0.022545419076923076
2025-04-05 13:00:00,2.7045480769230767,4.464638,13.5,0.0,0.370833333,1.7600899230769231,0.008,-0.014080719384615385
2025-04-05 14:00:00,2.44,3.864825,13.5,0.0,0.370833333,1.4248250000000002,0.002,-0.0028496500000000004
2025-04-05 15:00:00,0.86,2.991635,13.5,0.0,0.380833333,2.131635,0.001,-0.002131635
2025-04-05 16:00:00,2.22,1.727297,13.007297,0.0,0.400833333,0.0,0.002,0.0
2025-04-05 17:00:00,2.3878548850574712,0.456959,11.076401114942527,0.0,0.400833333,0.0,0.011,0.0
2025-04-05 18:00:00,2.977854885057471,0.0,8.098546229885056,0.0,0.400833333,0.0,0.081,0.0
2025-04-05 19:00:00,0.65,0.0,7.448546229885055,0.0,0.400833333,0.0,0.077,0.0
2025-04-05 20:00:00,0.49,0.0,6.958546229885055,0.0,0.400833333,0.0,0.071,0.0
2025-04-05 21:00:00,0.21,0.0,6.748546229885055,0.0,0.380833333,0.0,0.072,0.0
2025-04-05 22:00:00,0.14,0.0,6.6085462298850555,0.0,0.380833333,0.0,0.073,0.0
2025-04-05 23:00:00,0.12,0.0,6.488546229885055,0.0,0.380833333,0.0,0.071,0.0
2025-04-06 00:00:00,0.1,0.0,6.388546229885056,0.0,0.370833333,0.0,0.075,0.0
2025-04-06 01:00:00,0.1,0.0,6.288546229885056,0.0,0.370833333,0.0,0.074,0.0
2025-04-06 02:00:00,0.1699999999999999,0.0,6.118546229885056,0.0,0.370833333,0.0,0.075,0.0
2025-04-06 03:00:00,0.91,0.0,5.208546229885056,0.0,0.370833333,0.0,0.074,0.0
2025-04-06 04:00:00,0.48,0.0,4.7285462298850565,0.0,0.370833333,0.0,0.071,0.0
2025-04-06 05:00:00,0.94,0.0,3.788546229885057,0.0,0.370833333,0.0,0.073,0.0
2025-04-06 06:00:00,0.81,0.157819,3.1363652298850564,0.0,0.370833333,0.0,0.07,0.0
2025-04-06 07:00:00,0.53,1.157143,3.7635082298850566,0.0,0.370833333,0.0,0.065,0.0
2025-04-06 08:00:00,0.45,2.450582,5.764090229885056,0.0,0.370833333,0.0,0.018,0.0
2025-04-06 09:00:00,0.1,3.4278299999999997,9.091920229885057,0.0,0.370833333,0.0,0.011,0.0
2025-04-06 10:00:00,2.4099999999999997,4.108601999999999,10.790522229885054,0.0,0.370833333,0.0,0.01,0.0
2025-04-06 11:00:00,2.944548076923077,4.4140950000000005,12.26006915296198,0.0,0.370833333,0.0,0.011,0.0
2025-04-06 12:00:00,2.7945480769230766,4.500591,13.5,0.0,0.370833333,1.7060429230769234,0.012,-0.020472515076923083
2025-04-06 13:00:00,2.7945480769230766,4.2636400000000005,13.5,0.0,0.370833333,1.469091923076924,0.008,-0.011752735384615392
2025-04-06 14:00:00,2.44,3.757418,13.5,0.0,0.370833333,1.317418,0.002,-0.002634836
2025-04-06 15:00:00,0.21,2.883724,13.5,0.0,0.380833333,2.673724,0.001,-0.002673724
2025-04-06 16:00:00,0.11,1.6673589999999998,13.5,0.0,0.400833333,1.5573589999999997,0.002,-0.0031147179999999994
2025-04-06 17:00:00,1.7178548850574713,0.383923,12.16606811494253,0.0,0.400833333,0.0,0.011,0.0
2025-04-06 18:00:00,3.307854885057471,0.0,8.858213229885058,0.0,0.400833333,0.0,0.081,0.0
2025-04-06 19:00:00,0.22,0.0,8.638213229885057,0.0,0.400833333,0.0,0.077,0.0
2025-04-06 20:00:00,0.19,0.0,8.448213229885058,0.0,0.400833333,0.0,0.071,0.0
2025-04-06 21:00:00,0.16,0.0,8.288213229885057,0.0,0.380833333,0.0,0.072,0.0
2025-04-06 22:00:00,0.13,0.0,8.158213229885057,0.0,0.380833333,0.0,0.073,0.0
2025-04-06 23:00:00,0.1,0.0,8.058213229885057,0.0,0.380833333,0.0,0.071,0.0
2025-04-07 00:00:00,0.1,0.0,7.958213229885057,0.0,0.370833333,0.0,0.075,0.0
2025-04-07 01:00:00,0.1,0.0,7.858213229885058,0.0,0.370833333,0.0,0.074,0.0
2025-04-07 02:00:00,0.1,0.0,7.758213229885058,0.0,0.370833333,0.0,0.075,0.0
2025-04-07 03:00:00,0.1,0.0,7.658213229885059,0.0,0.370833333,0.0,0.074,0.0
2025-04-07 04:00:00,0.1,0.0,7.558213229885059,0.0,0.370833333,0.0,0.071,0.0
2025-04-07 05:00:00,0.1,0.0,7.458213229885059,0.0,0.370833333,0.0,0.073,0.0
2025-04-07 06:00:00,0.25,0.156571,7.364784229885059,0.0,0.370833333,0.0,0.07,0.0
2025-04-07 07:00:00,0.4,0.8184859999999999,7.783270229885059,0.0,0.370833333,0.0,0.065,0.0
2025-04-07 08:00:00,0.49,2.320531,9.61380122988506,0.0,0.370833333,0.0,0.018,0.0
2025-04-07 09:00:00,0.18,2.7032130000000003,12.13701422988506,0.0,0.370833333,0.0,0.011,0.0
2025-04-07 10:00:00,0.14,3.867164,13.5,0.0,0.370833333,3.7271639999999997,0.01,-0.037271639999999995
2025-04-07 11:00:00,0.424548076923077,3.694892,13.5,0.0,0.370833333,3.270343923076923,0.011,-0.035973783153846146
2025-04-07 12:00:00,0.504548076923077,4.368195,13.5,0.0,0.370833333,3.863646923076923,0.012,-0.046363763076923074
2025-04-07 13:00:00,0.4545480769230769,4.158823,13.5,0.0,0.370833333,3.704274923076923,0.008,-0.029634199384615385
2025-04-07 14:00:00,0.18,3.630922,13.5,0.0,0.370833333,3.450922,0.002,-0.006901844
2025-04-07 15:00:00,0.15,2.556474,13.5,0.0,0.380833333,2.4064740000000002,0.001,-0.0024064740000000005
2025-04-07 16:00:00,0.13,1.162124,13.5,0.0,0.400833333,1.032124,0.002,-0.0020642480000000003
2025-04-07 17:00:00,1.2578548850574711,0.345094,12.587239114942529,0.0,0.400833333,0.0,0.011,0.0
2025-04-07 18:00:00,2.9678548850574713,0.0,9.619384229885055,0.0,0.400833333,0.0,0.081,0.0
2025-04-07 19:00:00,0.2,0.0,9.419384229885058,0.0,0.400833333,0.0,0.077,0.0
2025-04-07 20:00:00,0.19,0.0,9.229384229885058,0.0,0.400833333,0.0,0.071,0.0
2025-04-07 21:00:00,0.16,0.0,9.069384229885058,0.0,0.380833333,0.0,0.072,0.0
2025-04-07 22:00:00,0.14,0.0,8.929384229885057,0.0,0.380833333,0.0,0.073,0.0
2025-04-07 23:00:00,0.1,0.0,8.829384229885058,0.0,0.380833333,0.0,0.071,0.0
2025-04-08 00:00:00,0.1,0.0,8.729384229885058,0.0,0.370833333,0.0,0.075,0.0
2025-04-08 01:00:00,0.11,0.0,8.619384229885059,0.0,0.370833333,0.0,0.074,0.0
2025-04-08 02:00:00,0.41,0.0,8.209384229885059,0.0,0.370833333,0.0,0.075,0.0
2025-04-08 03:00:00,0.48,0.0,7.729384229885058,0.0,0.370833333,0.0,0.074,0.0
2025-04-08 04:00:00,0.57,0.0,7.159384229885058,0.0,0.370833333,0.0,0.071,0.0
2025-04-08 05:00:00,0.77,0.0,6.389384229885058,0.0,0.370833333,0.0,0.073,0.0
2025-04-08 06:00:00,0.5800000000000001,0.130479,5.939863229885058,0.0,0.370833333,0.0,0.07,0.0
2025-04-08 07:00:00,0.2299999999999999,1.1298050000000002,6.839668229885059,0.0,0.370833333,0.0,0.065,0.0
2025-04-08 08:00:00,0.45,2.361004,8.750672229885058,0.0,0.370833333,0.0,0.018,0.0
2025-04-08 09:00:00,0.1,2.71856,11.36923222988506,0.0,0.370833333,0.0,0.011,0.0
2025-04-08 10:00:00,0.1,3.5702190000000003,13.5,0.0,0.370833333,3.470219,0.01,-0.03470219
2025-04-08 11:00:00,0.669096153846154,3.667194,13.5,0.0,0.370833333,2.998097846153846,0.011,-0.032979076307692305
2025-04-08 12:00:00,0.669096153846154,3.686421,13.5,0.0,0.370833333,3.017324846153846,0.012,-0.03620789815384615
2025-04-08 13:00:00,0.669096153846154,3.576307,13.5,0.0,0.370833333,2.9072108461538457,0.008,-0.023257686769230766
2025-04-08 14:00:00,0.2,2.651734,13.5,0.0,0.370833333,2.4517339999999996,0.002,-0.004903467999999999
2025-04-08 15:00:00,0.12,1.154321,13.5,0.0,0.380833333,1.0343209999999998,0.001,-0.001034321
2025-04-08 16:00:00,0.11,1.360381,13.5,0.0,0.400833333,1.250381,0.002,-0.002500762
2025-04-08 17:00:00,2.925709770114943,0.284664,10.858954229885056,0.0,0.400833333,0.0,0.011,0.0
2025-04-08 18:00:00,2.455709770114942,0.0,8.403244459770114,0.0,0.400833333,0.0,0.081,0.0
2025-04-08 19:00:00,0.32,0.0,8.083244459770114,0.0,0.400833333,0.0,0.077,0.0
2025-04-08 20:00:00,0.26,0.0,7.823244459770114,0.0,0.400833333,0.0,0.071,0.0
2025-04-08 21:00:00,0.2,0.0,7.623244459770114,0.0,0.380833333,0.0,0.072,0.0
2025-04-08 22:00:00,0.14,0.0,7.483244459770114,0.0,0.380833333,0.0,0.073,0.0
2025-04-08 23:00:00,0.11,0.0,7.373244459770114,0.0,0.380833333,0.0,0.071,0.0
2025-04-09 00:00:00,0.11,0.0,7.263244459770114,0.0,0.370833333,0.0,0.075,0.0
2025-04-09 01:00:00,0.1,0.0,7.163244459770114,0.0,0.370833333,0.0,0.074,0.0
2025-04-09 02:00:00,0.11,0.0,7.053244459770114,0.0,0.370833333,0.0,0.075,0.0
2025-04-09 03:00:00,0.1,0.0,6.953244459770114,0.0,0.370833333,0.0,0.074,0.0
2025-04-09 04:00:00,0.47,0.0,6.483244459770114,0.0,0.370833333,0.0,0.071,0.0
2025-04-09 05:00:00,0.78,0.0,5.703244459770114,0.0,0.370833333,0.0,0.073,0.0
2025-04-09 06:00:00,0.6699999999999999,0.0758269999999999,5.109071459770115,0.0,0.370833333,0.0,0.07,0.0
2025-04-09 07:00:00,0.5399999999999999,0.514963,5.084034459770114,0.0,0.370833333,0.0,0.065,0.0
2025-04-09 08:00:00,0.59,1.862218,6.356252459770115,0.0,0.370833333,0.0,0.018,0.0
2025-04-09 09:00:00,0.96,2.7128850000000004,8.109137459770116,0.0,0.370833333,0.0,0.011,0.0
2025-04-09 10:00:00,3.09,3.154171,8.173308459770116,0.0,0.370833333,0.0,0.01,0.0
2025-04-09 11:00:00,3.599096153846154,3.3734349999999997,7.947647305923962,0.0,0.370833333,0.0,0.011,0.0
2025-04-09 12:00:00,3.469096153846154,3.1989609999999997,7.677512152077807,0.0,0.370833333,0.0,0.012,0.0
2025-04-09 13:00:00,3.2390961538461536,2.954272,7.392687998231654,0.0,0.370833333,0.0,0.008,0.0
2025-04-09 14:00:00,2.46,2.648033,7.580720998231654,0.0,0.370833333,0.0,0.002,0.0
2025-04-09 15:00:00,0.15,1.19636,8.627080998231655,0.0,0.380833333,0.0,0.001,0.0
2025-04-09 16:00:00,0.14,1.148158,9.635238998231657,0.0,0.400833333,0.0,0.002,0.0
2025-04-09 17:00:00,1.7357097701149424,0.239222,8.138751228116712,0.0,0.400833333,0.0,0.011,0.0
2025-04-09 18:00:00,1.7357097701149424,0.0,6.40304145800177,0.0,0.400833333,0.0,0.081,0.0
2025-04-09 19:00:00,0.29,0.0,6.11304145800177,0.0,0.400833333,0.0,0.077,0.0
2025-04-09 20:00:00,0.29,0.0,5.82304145800177,0.0,0.400833333,0.0,0.071,0.0
2025-04-09 21:00:00,0.27,0.0,5.55304145800177,0.0,0.380833333,0.0,0.072,0.0
2025-04-09 22:00:00,0.17,0.0,5.38304145800177,0.0,0.380833333,0.0,0.073,0.0
2025-04-09 23:00:00,0.11,0.0,5.27304145800177,0.0,0.380833333,0.0,0.071,0.0
2025-04-10 00:00:00,0.1,0.0,5.17304145800177,0.0,0.370833333,0.0,0.075,0.0
2025-04-10 01:00:00,0.1,0.0,5.073041458001771,0.0,0.370833333,0.0,0.074,0.0
2025-04-10 02:00:00,0.1,0.0,4.973041458001771,0.0,0.370833333,0.0,0.075,0.0
2025-04-10 03:00:00,0.12,0.0,4.853041458001771,0.0,0.370833333,0.0,0.074,0.0
2025-04-10 04:00:00,0.1,0.0,4.753041458001771,0.0,0.370833333,0.0,0.071,0.0
2025-04-10 05:00:00,0.11,0.0,4.643041458001771,0.0,0.370833333,0.0,0.073,0.0
2025-04-10 06:00:00,0.31,0.058209,4.391250458001771,0.0,0.370833333,0.0,0.07,0.0
2025-04-10 07:00:00,0.77,0.339336,3.960586458001771,0.0,0.370833333,0.0,0.065,0.0
2025-04-10 08:00:00,0.19,0.27729,4.047876458001771,0.0,0.370833333,0.0,0.018,0.0
2025-04-10 09:00:00,0.7300000000000001,0.257021,3.574897458001771,0.0,0.370833333,0.0,0.011,0.0
2025-04-10 10:00:00,0.2,0.1746519999999999,3.549549458001771,0.0,0.370833333,0.0,0.01,0.0
2025-04-10 11:00:00,0.559397435897436,0.475925,3.466077022104335,0.0,0.370833333,0.0,0.011,0.0
2025-04-10 12:00:00,0.559397435897436,0.498828,3.405507586206899,0.0,0.370833333,0.0,0.012,0.0
2025-04-10 13:00:00,0.559397435897436,0.6726190000000001,3.518729150309463,0.0,0.370833333,0.0,0.008,0.0
2025-04-10 14:00:00,0.18,0.596357,3.935086150309463,0.0,0.370833333,0.0,0.002,0.0
2025-04-10 15:00:00,0.18,0.336584,4.091670150309463,0.0,0.380833333,0.0,0.001,0.0
2025-04-10 16:00:00,0.12,0.325865,4.297535150309463,0.0,0.400833333,0.0,0.002,0.0
2025-04-10 17:00:00,1.9371398467432952,0.032582,2.3929773035661683,0.0,0.400833333,0.0,0.011,0.0
2025-04-10 18:00:00,2.687139846743295,0.0,0.0,0.29416254317712687,0.400833333,0.0,0.081,0.11791015262544417
2025-04-10 19:00:00,0.17,0.0,0.0,0.17,0.400833333,0.0,0.077,0.06814166661000001
2025-04-10 20:00:00,0.18,0.0,0.0,0.18,0.400833333,0.0,0.071,0.07214999994
2025-04-10 21:00:00,0.17,0.0,0.0,0.17,0.380833333,0.0,0.072,0.06474166661
2025-04-10 22:00:00,0.25,0.0,0.0,0.25,0.380833333,0.0,0.073,0.09520833325
2025-04-10 23:00:00,0.13,0.0,0.0,0.13,0.380833333,0.0,0.071,0.04950833329
2025-04-11 00:00:00,0.11,0.0,0.0,0.11,0.370833333,0.0,0.075,0.04079166663
2025-04-11 01:00:00,0.11,0.0,0.0,0.11,0.370833333,0.0,0.074,0.04079166663
2025-04-11 02:00:00,0.1,0.0,0.0,0.1,0.370833333,0.0,0.075,0.0370833333
2025-04-11 03:00:00,0.1,0.0,0.0,0.1,0.370833333,0.0,0.074,0.0370833333
2025-04-11 04:00:00,0.1,0.0,0.0,0.1,0.370833333,0.0,0.071,0.0370833333
2025-04-11 05:00:00,0.1,0.0,0.0,0.1,0.370833333,0.0,0.073,0.0370833333
2025-04-11 06:00:00,0.13,0.154949,0.024949,0.0,0.370833333,0.0,0.07,0.0
2025-04-11 07:00:00,0.65,1.1200329999999998,0.4949819999999998,0.0,0.370833333,0.0,0.065,0.0
2025-04-11 08:00:00,0.17,2.420549,2.7455309999999997,0.0,0.370833333,0.0,0.018,0.0
2025-04-11 09:00:00,0.16,3.39496,5.980491,0.0,0.370833333,0.0,0.011,0.0
2025-04-11 10:00:00,2.8899999999999997,2.8157979999999996,5.906288999999999,0.0,0.370833333,0.0,0.01,0.0
2025-04-11 11:00:00,2.8493974358974357,3.220011,6.2769025641025635,0.0,0.370833333,0.0,0.011,0.0
2025-04-11 12:00:00,2.799397435897436,3.1067150000000003,6.5842201282051285,0.0,0.370833333,0.0,0.012,0.0
2025-04-11 13:00:00,3.869397435897436,2.924309,5.639131692307693,0.0,0.370833333,0.0,0.008,0.0
2025-04-11 14:00:00,6.4399999999999995,1.8968,1.0959316923076932,0.0,0.370833333,0.0,0.002,0.0
2025-04-11 15:00:00,1.5,1.696748,1.2926796923076933,0.0,0.380833333,0.0,0.001,0.0
2025-04-11 16:00:00,1.1,1.151631,1.3443106923076933,0.0,0.400833333,0.0,0.002,0.0
2025-04-11 17:00:00,2.3071398467432953,0.3884169999999999,0.0,0.574412154435602,0.400833333,0.0,0.011,0.2302435383781331
2025-04-11 18:00:00,2.317139846743295,0.004182,0.0,2.312957846743295,0.400833333,0.0,0.081,0.9271106027986181
2025-04-11 19:00:00,1.37,0.0,0.0,1.37,0.400833333,0.0,0.077,0.54914166621
2025-04-11 20:00:00,2.0,0.0,0.0,2.0,0.400833333,0.0,0.071,0.801666666
2025-04-11 21:00:00,2.73,0.0,0.0,2.73,0.380833333,0.0,0.072,1.03967499909
2025-04-11 22:00:00,1.74,0.0,0.0,1.74,0.380833333,0.0,0.073,0.66264999942
2025-04-11 23:00:00,1.98,0.0,0.0,1.98,0.380833333,0.0,0.071,0.7540499993399999
2025-04-12 00:00:00,1.46,0.0,0.0,1.46,0.370833333,0.0,0.075,0.54141666618
2025-04-12 01:00:00,1.89,0.0,0.0,1.89,0.370833333,0.0,0.074,0.70087499937
2025-04-12 02:00:00,1.23,0.0,0.0,1.23,0.370833333,0.0,0.075,0.45612499958999997
2025-04-12 03:00:00,1.07,0.0,0.0,1.07,0.370833333,0.0,0.074,0.39679166631
2025-04-12 04:00:00,1.41,0.0,0.0,1.41,0.370833333,0.0,0.071,0.5228749995299999
2025-04-12 05:00:00,1.89,0.0,0.0,1.89,0.370833333,0.0,0.073,0.70087499937
2025-04-12 06:00:00,2.06,0.194994,0.0,1.8650060000000002,0.370833333,0.0,0.07,0.691606391044998
2025-04-12 07:00:00,1.1,1.108089,0.0080889999999997,0.0,0.370833333,0.0,0.065,0.0
2025-04-12 08:00:00,0.11,0.8547530000000001,0.7528419999999999,0.0,0.370833333,0.0,0.018,0.0
2025-04-12 09:00:00,0.11,3.3507710000000004,3.993613,0.0,0.370833333,0.0,0.011,0.0
2025-04-12 10:00:00,2.77,3.275792,4.499405,0.0,0.370833333,0.0,0.01,0.0
2025-04-12 11:00:00,2.7893974358974356,2.82621,4.536217564102564,0.0,0.370833333,0.0,0.011,0.0
2025-04-12 12:00:00,2.9493974358974357,2.3421309999999997,3.928951128205128,0.0,0.370833333,0.0,0.012,0.0
2025-04-12 13:00:00,3.1393974358974357,1.997132,2.786685692307693,0.0,0.370833333,0.0,0.008,0.0
2025-04-12 14:00:00,2.67,1.324705,1.441390692307693,0.0,0.370833333,0.0,0.002,0.0
2025-04-12 15:00:00,0.23,0.954026,2.165416692307693,0.0,0.380833333,0.0,0.001,0.0
2025-04-12 16:00:00,0.21,0.31761,2.273026692307693,0.0,0.400833333,0.0,0.002,0.0
2025-04-12 17:00:00,1.287139846743295,0.286763,1.272649845564398,0.0,0.400833333,0.0,0.011,0.0
2025-04-12 18:00:00,3.9571398467432943,0.0,0.0,2.6844900011788964,0.400833333,0.0,0.081,1.076033074577711
2025-04-12 19:00:00,0.33,0.0,0.0,0.33,0.400833333,0.0,0.077,0.13227499989000002
2025-04-12 20:00:00,0.8,0.0,0.0,0.8,0.400833333,0.0,0.071,0.3206666664
2025-04-12 21:00:00,0.41,0.0,0.0,0.41,0.380833333,0.0,0.072,0.15614166653
2025-04-12 22:00:00,0.6,0.0,0.0,0.6,0.380833333,0.0,0.073,0.2284999998
2025-04-12 23:00:00,1.62,0.0,0.0,1.62,0.380833333,0.0,0.071,0.6169499994600001
2025-04-13 00:00:00,1.12,0.0,0.0,1.12,0.370833333,0.0,0.075,0.41533333296
2025-04-13 01:00:00,1.04,0.0,0.0,1.04,0.370833333,0.0,0.074,0.38566666632
2025-04-13 02:00:00,0.93,0.0,0.0,0.93,0.370833333,0.0,0.075,0.34487499969
2025-04-13 03:00:00,0.53,0.0,0.0,0.53,0.370833333,0.0,0.074,0.19654166649000002
2025-04-13 04:00:00,0.1,0.0,0.0,0.1,0.370833333,0.0,0.071,0.0370833333
2025-04-13 05:00:00,0.48,0.0,0.0,0.48,0.370833333,0.0,0.073,0.17799999983999998
2025-04-13 06:00:00,0.85,0.169222,0.0,0.680778,0.370833333,0.0,0.07,0.252455174773074
2025-04-13 07:00:00,0.68,1.121164,0.441164,0.0,0.370833333,0.0,0.065,0.0
2025-04-13 08:00:00,0.1999999999999999,2.34714,2.5883040000000004,0.0,0.370833333,0.0,0.018,0.0
2025-04-13 09:00:00,0.14,3.341103,5.789407000000001,0.0,0.370833333,0.0,0.011,0.0
2025-04-13 10:00:00,2.8099999999999996,3.247988,6.227395000000001,0.0,0.370833333,0.0,0.01,0.0
2025-04-13 11:00:00,3.1393974358974357,4.464889,7.552886564102566,0.0,0.370833333,0.0,0.011,0.0
2025-04-13 12:00:00,3.059397435897436,4.546232,9.03972112820513,0.0,0.370833333,0.0,0.012,0.0
2025-04-13 13:00:00,3.309397435897436,4.2513950000000005,9.981718692307696,0.0,0.370833333,0.0,0.008,0.0
2025-04-13 14:00:00,2.86,3.70798,10.829698692307694,0.0,0.370833333,0.0,0.002,0.0
2025-04-13 15:00:00,0.16,2.808493,13.478191692307696,0.0,0.380833333,0.0,0.001,0.0
2025-04-13 16:00:00,0.12,1.571747,13.5,0.0,0.400833333,1.4517470000000001,0.002,-0.0029034940000000004
2025-04-13 17:00:00,1.217139846743295,0.391597,12.674457153256704,0.0,0.400833333,0.0,0.011,0.0
2025-04-13 18:00:00,1.247139846743295,0.011347,11.43866430651341,0.0,0.400833333,0.0,0.081,0.0
2025-04-13 19:00:00,0.2,0.0,11.23866430651341,0.0,0.400833333,0.0,0.077,0.0
2025-04-13 20:00:00,0.14,0.0,11.09866430651341,0.0,0.400833333,0.0,0.071,0.0
2025-04-13 21:00:00,0.16,0.0,10.93866430651341,0.0,0.380833333,0.0,0.072,0.0
2025-04-13 22:00:00,0.95,0.0,9.98866430651341,0.0,0.380833333,0.0,0.073,0.0
2025-04-13 23:00:00,0.15,0.0,9.83866430651341,0.0,0.380833333,0.0,0.071,0.0
2025-04-14 00:00:00,0.11,0.0,9.72866430651341,0.0,0.370833333,0.0,0.075,0.0
2025-04-14 01:00:00,0.1,0.0,9.62866430651341,0.0,0.370833333,0.0,0.074,0.0
2025-04-14 02:00:00,0.11,0.0,9.518664306513411,0.0,0.370833333,0.0,0.075,0.0
2025-04-14 03:00:00,0.1,0.0,9.418664306513412,0.0,0.370833333,0.0,0.074,0.0
2025-04-14 04:00:00,0.11,0.0,9.308664306513412,0.0,0.370833333,0.0,0.071,0.0
2025-04-14 05:00:00,0.6300000000000001,0.0,8.678664306513411,0.0,0.370833333,0.0,0.073,0.0
2025-04-14 06:00:00,0.86,0.154745,7.973409306513411,0.0,0.370833333,0.0,0.07,0.0
2025-04-14 07:00:00,0.26,1.142984,8.85639330651341,0.0,0.370833333,0.0,0.065,0.0
2025-04-14 08:00:00,1.01,2.447966,10.29435930651341,0.0,0.370833333,0.0,0.018,0.0
2025-04-14 09:00:00,0.19,3.415951,13.5,0.0,0.370833333,3.2259510000000002,0.011,-0.035485461
2025-04-14 10:00:00,0.38,4.068303,13.5,0.0,0.370833333,3.6883030000000003,0.01,-0.036883030000000004
2025-04-14 11:00:00,0.549397435897436,4.413209,13.5,0.0,0.370833333,3.8638115641025643,0.011,-0.04250192720512821
2025-04-14 12:00:00,0.719397435897436,4.445259,13.5,0.0,0.370833333,3.725861564102564,0.012,-0.044710338769230765
2025-04-14 13:00:00,0.709397435897436,4.154922,13.5,0.0,0.370833333,3.445524564102564,0.008,-0.027564196512820514
2025-04-14 14:00:00,0.2,3.558665,13.5,0.0,0.370833333,3.358665,0.002,-0.00671733
2025-04-14 15:00:00,0.53,2.7349189999999997,13.5,0.0,0.380833333,2.2049189999999994,0.001,-0.0022049189999999996
2025-04-14 16:00:00,0.52,1.526594,13.5,0.0,0.400833333,1.006594,0.002,-0.002013188
2025-04-14 17:00:00,1.947139846743295,0.381882,11.934742153256703,0.0,0.400833333,0.0,0.011,0.0
2025-04-14 18:00:00,4.447139846743295,0.01331,7.50091230651341,0.0,0.400833333,0.0,0.081,0.0
2025-04-14 19:00:00,0.6599999999999999,0.0,6.84091230651341,0.0,0.400833333,0.0,0.077,0.0
2025-04-14 20:00:00,1.5,0.0,5.34091230651341,0.0,0.400833333,0.0,0.071,0.0
2025-04-14 21:00:00,1.83,0.0,3.5109123065134096,0.0,0.380833333,0.0,0.072,0.0
2025-04-14 22:00:00,0.7300000000000001,0.0,2.7809123065134096,0.0,0.380833333,0.0,0.073,0.0
2025-04-14 23:00:00,0.22,0.0,2.5609123065134094,0.0,0.380833333,0.0,0.071,0.0
2025-04-15 00:00:00,0.14,0.0,2.4209123065134093,0.0,0.370833333,0.0,0.075,0.0
2025-04-15 01:00:00,0.11,0.0,2.3109123065134094,0.0,0.370833333,0.0,0.074,0.0
2025-04-15 02:00:00,0.11,0.0,2.2009123065134095,0.0,0.370833333,0.0,0.075,0.0
2025-04-15 03:00:00,0.1,0.0,2.1009123065134094,0.0,0.370833333,0.0,0.074,0.0
2025-04-15 04:00:00,0.11,0.0,1.9909123065134091,0.0,0.370833333,0.0,0.071,0.0
2025-04-15 05:00:00,0.13,0.0,1.8609123065134092,0.0,0.370833333,0.0,0.073,0.0
2025-04-15 06:00:00,0.5499999999999999,0.183661,1.4945733065134092,0.0,0.370833333,0.0,0.07,0.0
2025-04-15 07:00:00,1.25,0.22394,0.4685133065134093,0.0,0.370833333,0.0,0.065,0.0
2025-04-15 08:00:00,1.44,0.445927,0.0,0.5255596934865907,0.370833333,0.0,0.018,0.19489505282609082
2025-04-15 09:00:00,2.05,0.871152,0.0,1.178848,0.370833333,0.0,0.011,0.43715613294038397
2025-04-15 10:00:00,0.65,1.658637,1.0086369999999998,0.0,0.370833333,0.0,0.01,0.0
2025-04-15 11:00:00,1.819397435897436,4.228459,3.417698564102564,0.0,0.370833333,0.0,0.011,0.0
2025-04-15 12:00:00,1.349397435897436,4.268694,6.336995128205128,0.0,0.370833333,0.0,0.012,0.0
2025-04-15 13:00:00,0.6293974358974359,4.023547,9.731144692307693,0.0,0.370833333,0.0,0.008,0.0
2025-04-15 14:00:00,0.26,3.4803490000000004,12.951493692307691,0.0,0.370833333,0.0,0.002,0.0
2025-04-15 15:00:00,0.56,2.67787,13.5,0.0,0.380833333,2.11787,0.001,-0.00211787
2025-04-15 16:00:00,0.21,1.489549,13.5,0.0,0.400833333,1.279549,0.002,-0.002559098
2025-04-15 17:00:00,1.277139846743295,0.365637,12.588497153256704,0.0,0.400833333,0.0,0.011,0.0
2025-04-15 18:00:00,3.857139846743295,0.011846,8.74320330651341,0.0,0.400833333,0.0,0.081,0.0
2025-04-15 19:00:00,0.24,0.0,8.50320330651341,0.0,0.400833333,0.0,0.077,0.0
2025-04-15 20:00:00,0.49,0.0,8.01320330651341,0.0,0.400833333,0.0,0.071,0.0
2025-04-15 21:00:00,1.0,0.0,7.013203306513409,0.0,0.380833333,0.0,0.072,0.0
2025-04-15 22:00:00,0.16,0.0,6.853203306513409,0.0,0.380833333,0.0,0.073,0.0
2025-04-15 23:00:00,0.12,0.0,6.733203306513409,0.0,0.380833333,0.0,0.071,0.0
2025-04-16 00:00:00,0.11,0.0,6.623203306513409,0.0,0.370833333,0.0,0.075,0.0
2025-04-16 01:00:00,0.1,0.0,6.523203306513409,0.0,0.370833333,0.0,0.074,0.0
2025-04-16 02:00:00,0.11,0.0,6.413203306513409,0.0,0.370833333,0.0,0.075,0.0
2025-04-16 03:00:00,0.1,0.0,6.313203306513409,0.0,0.370833333,0.0,0.074,0.0
2025-04-16 04:00:00,0.5499999999999999,0.0,5.763203306513409,0.0,0.370833333,0.0,0.071,0.0
2025-04-16 05:00:00,0.1,0.0,5.6632033065134095,0.0,0.370833333,0.0,0.073,0.0
2025-04-16 06:00:00,0.11,0.181369,5.734572306513409,0.0,0.370833333,0.0,0.07,0.0
2025-04-16 07:00:00,0.94,0.920726,5.715298306513409,0.0,0.370833333,0.0,0.065,0.0
2025-04-16 08:00:00,0.16,1.919333,7.474631306513409,0.0,0.370833333,0.0,0.018,0.0
2025-04-16 09:00:00,0.26,3.248933,10.463564306513408,0.0,0.370833333,0.0,0.011,0.0
2025-04-16 10:00:00,3.16,3.896171,11.199735306513409,0.0,0.370833333,0.0,0.01,0.0
2025-04-16 11:00:00,2.8293974358974356,4.209093,12.579430870615973,0.0,0.370833333,0.0,0.011,0.0
2025-04-16 12:00:00,2.8493974358974357,4.245859,13.5,0.0,0.370833333,1.3964615641025646,0.012,-0.016757538769230775
2025-04-16 13:00:00,2.969397435897436,4.026641,13.5,0.0,0.370833333,1.0572435641025635,0.008,-0.008457948512820508
2025-04-16 14:00:00,2.5999999999999996,2.8729720000000003,13.5,0.0,0.370833333,0.27297200000000066,0.002,-0.0005459440000000013
2025-04-16 15:00:00,0.16,1.979453,13.5,0.0,0.380833333,1.819453,0.001,-0.001819453
2025-04-16 16:00:00,1.23,0.666732,12.936732,0.0,0.400833333,0.0,0.002,0.0
2025-04-16 17:00:00,1.9571398467432952,0.316357,11.295949153256704,0.0,0.400833333,0.0,0.011,0.0
2025-04-16 18:00:00,1.3471398467432951,0.0,9.94880930651341,0.0,0.400833333,0.0,0.081,0.0
2025-04-16 19:00:00,0.1699999999999999,0.0,9.77880930651341,0.0,0.400833333,0.0,0.077,0.0
2025-04-16 20:00:00,0.94,0.0,8.83880930651341,0.0,0.400833333,0.0,0.071,0.0
2025-04-16 21:00:00,1.86,0.0,6.978809306513409,0.0,0.380833333,0.0,0.072,0.0
2025-04-16 22:00:00,0.7200000000000001,0.0,6.25880930651341,0.0,0.380833333,0.0,0.073,0.0
2025-04-16 23:00:00,0.14,0.0,6.11880930651341,0.0,0.380833333,0.0,0.071,0.0
2025-04-17 00:00:00,0.24,0.0,5.87880930651341,0.0,0.370833333,0.0,0.075,0.0
2025-04-17 01:00:00,0.12,0.0,5.75880930651341,0.0,0.370833333,0.0,0.074,0.0
2025-04-17 02:00:00,0.11,0.0,5.648809306513409,0.0,0.370833333,0.0,0.075,0.0
2025-04-17 03:00:00,0.11,0.0,5.538809306513409,0.0,0.370833333,0.0,0.074,0.0
2025-04-17 04:00:00,0.11,0.0,5.428809306513409,0.0,0.370833333,0.0,0.071,0.0
2025-04-17 05:00:00,0.11,0.0,5.318809306513408,0.0,0.370833333,0.0,0.073,0.0
2025-04-17 06:00:00,0.7100000000000001,0.186347,4.795156306513408,0.0,0.370833333,0.0,0.07,0.0
2025-04-17 07:00:00,1.32,0.253341,3.728497306513408,0.0,0.370833333,0.0,0.065,0.0
2025-04-17 08:00:00,0.59,0.320908,3.459405306513408,0.0,0.370833333,0.0,0.018,0.0
2025-04-17 09:00:00,0.5,0.908172,3.867577306513408,0.0,0.370833333,0.0,0.011,0.0
2025-04-17 10:00:00,0.8799999999999999,2.179422,5.166999306513408,0.0,0.370833333,0.0,0.01,0.0
2025-04-17 11:00:00,0.559397435897436,2.699372,7.3069738706159715,0.0,0.370833333,0.0,0.011,0.0
2025-04-17 12:00:00,0.789397435897436,2.299199,8.816775434718537,0.0,0.370833333,0.0,0.012,0.0
2025-04-17 13:00:00,0.8793974358974359,1.650449,9.5878269988211,0.0,0.370833333,0.0,0.008,0.0
2025-04-17 14:00:00,0.71,2.5465859999999996,11.4244129988211,0.0,0.370833333,0.0,0.002,0.0
2025-04-17 15:00:00,2.35,1.674382,10.7487949988211,0.0,0.380833333,0.0,0.001,0.0
2025-04-17 16:00:00,1.73,1.449897,10.4686919988211,0.0,0.400833333,0.0,0.002,0.0
2025-04-17 17:00:00,2.297139846743295,0.178881,8.350433152077805,0.0,0.400833333,0.0,0.011,0.0
2025-04-17 18:00:00,4.427139846743295,0.0,3.92329330533451,0.0,0.400833333,0.0,0.081,0.0
2025-04-17 19:00:00,1.35,0.0,2.5732933053345097,0.0,0.400833333,0.0,0.077,0.0
2025-04-17 20:00:00,1.28,0.0,1.2932933053345097,0.0,0.400833333,0.0,0.071,0.0
2025-04-17 21:00:00,2.34,0.0,0.0,1.0467066946654902,0.380833333,0.0,0.072,0.3986207992028719
2025-04-17 22:00:00,1.54,0.0,0.0,1.54,0.380833333,0.0,0.073,0.58648333282
2025-04-17 23:00:00,1.06,0.0,0.0,1.06,0.380833333,0.0,0.071,0.40368333298000003
2025-04-18 00:00:00,1.06,0.0,0.0,1.06,0.370833333,0.0,0.075,0.39308333298000003
2025-04-18 01:00:00,1.06,0.0,0.0,1.06,0.370833333,0.0,0.074,0.39308333298000003
2025-04-18 02:00:00,1.06,0.0,0.0,1.06,0.370833333,0.0,0.075,0.39308333298000003
2025-04-18 03:00:00,1.07,0.0,0.0,1.07,0.370833333,0.0,0.074,0.39679166631
2025-04-18 04:00:00,1.42,0.0,0.0,1.42,0.370833333,0.0,0.071,0.5265833328599999
2025-04-18 05:00:00,2.02,0.0,0.0,2.02,0.370833333,0.0,0.073,0.7490833326599999
2025-04-18 06:00:00,1.97,0.104653,0.0,1.8653469999999999,0.370833333,0.0,0.07,0.6917328452115509
2025-04-18 07:00:00,3.53,1.05948,0.0,2.4705199999999996,0.370833333,0.0,0.065,0.9161511658431598
2025-04-18 08:00:00,1.54,2.231768,0.6917680000000002,0.0,0.370833333,0.0,0.018,0.0
2025-04-18 09:00:00,0.73,3.1535819999999997,3.11535,0.0,0.370833333,0.0,0.011,0.0
2025-04-18 10:00:00,3.53,3.792412,3.3777619999999997,0.0,0.370833333,0.0,0.01,0.0
2025-04-18 11:00:00,3.769397435897436,4.127875,3.736239564102564,0.0,0.370833333,0.0,0.011,0.0
2025-04-18 12:00:00,3.509397435897436,4.177517,4.404359128205128,0.0,0.370833333,0.0,0.012,0.0
2025-04-18 13:00:00,3.359397435897436,3.87357,4.918531692307692,0.0,0.370833333,0.0,0.008,0.0
2025-04-18 14:00:00,4.45,3.352997,3.821528692307691,0.0,0.370833333,0.0,0.002,0.0
2025-04-18 15:00:00,2.3899999999999997,1.974643,3.4061716923076917,0.0,0.380833333,0.0,0.001,0.0
2025-04-18 16:00:00,1.33,0.975514,3.0516856923076916,0.0,0.400833333,0.0,0.002,0.0
2025-04-18 17:00:00,1.3771398467432951,0.348521,2.0230668455643963,0.0,0.400833333,0.0,0.011,0.0
2025-04-18 18:00:00,1.487139846743295,0.017692,0.5536189988211013,0.0,0.400833333,0.0,0.081,0.0
2025-04-18 19:00:00,0.8899999999999999,0.0,0.0,0.3363810011788986,0.400833333,0.0,0.077,0.13483271786041484
2025-04-18 20:00:00,0.73,0.0,0.0,0.73,0.400833333,0.0,0.071,0.29260833309
2025-04-18 21:00:00,0.86,0.0,0.0,0.86,0.380833333,0.0,0.072,0.32751666638
2025-04-18 22:00:00,1.39,0.0,0.0,1.39,0.380833333,0.0,0.073,0.52935833287
2025-04-18 23:00:00,1.02,0.0,0.0,1.02,0.380833333,0.0,0.071,0.38844999966
2025-04-19 00:00:00,0.31,0.0,0.0,0.31,0.370833333,0.0,0.075,0.11495833323
2025-04-19 01:00:00,0.31,0.0,0.0,0.31,0.370833333,0.0,0.074,0.11495833323
2025-04-19 02:00:00,0.32,0.0,0.0,0.32,0.370833333,0.0,0.075,0.11866666656
2025-04-19 03:00:00,0.44,0.0,0.0,0.44,0.370833333,0.0,0.074,0.16316666652
2025-04-19 04:00:00,0.8200000000000001,0.0,0.0,0.8200000000000001,0.370833333,0.0,0.071,0.30408333306
2025-04-19 05:00:00,1.12,0.0,0.0,1.12,0.370833333,0.0,0.073,0.41533333296
2025-04-19 06:00:00,0.66,0.173472,0.0,0.48652800000000007,0.370833333,0.0,0.07,0.18042079983782403
2025-04-19 07:00:00,1.59,0.633264,0.0,0.956736,0.370833333,0.0,0.065,0.354789599681088
2025-04-19 08:00:00,0.91,2.184348,1.2743479999999998,0.0,0.370833333,0.0,0.018,0.0
2025-04-19 09:00:00,0.5700000000000001,3.096084,3.800432,0.0,0.370833333,0.0,0.011,0.0
2025-04-19 10:00:00,3.3499999999999996,3.712197,4.162629000000001,0.0,0.370833333,0.0,0.01,0.0
2025-04-19 11:00:00,3.329096153846154,4.037208,4.870740846153847,0.0,0.370833333,0.0,0.011,0.0
2025-04-19 12:00:00,3.989096153846154,4.066985,4.9486296923076925,0.0,0.370833333,0.0,0.012,0.0
2025-04-19 13:00:00,4.509096153846154,3.813708,4.2532415384615385,0.0,0.370833333,0.0,0.008,0.0
2025-04-19 14:00:00,2.57,3.279623,4.962864538461538,0.0,0.370833333,0.0,0.002,0.0
2025-04-19 15:00:00,0.74,2.491391,6.714255538461538,0.0,0.380833333,0.0,0.001,0.0
2025-04-19 16:00:00,0.84,1.371082,7.245337538461539,0.0,0.400833333,0.0,0.002,0.0
2025-04-19 17:00:00,3.5257097701149425,0.299005,4.018632768346596,0.0,0.400833333,0.0,0.011,0.0
2025-04-19 18:00:00,2.1957097701149424,0.018492,1.841414998231654,0.0,0.400833333,0.0,0.081,0.0
2025-04-19 19:00:00,1.02,0.0,0.8214149982316541,0.0,0.400833333,0.0,0.077,0.0
2025-04-19 20:00:00,1.09,0.0,0.0,0.268585001768346,0.400833333,0.0,0.071,0.10765782145261701
2025-04-19 21:00:00,1.02,0.0,0.0,1.02,0.380833333,0.0,0.072,0.38844999966
2025-04-19 22:00:00,0.69,0.0,0.0,0.69,0.380833333,0.0,0.073,0.26277499976999996
2025-04-19 23:00:00,0.2,0.0,0.0,0.2,0.380833333,0.0,0.071,0.0761666666
2025-04-20 00:00:00,0.21,0.0,0.0,0.21,0.370833333,0.0,0.075,0.07787499993
2025-04-20 01:00:00,0.32,0.0,0.0,0.32,0.370833333,0.0,0.074,0.11866666656
2025-04-20 02:00:00,0.21,0.0,0.0,0.21,0.370833333,0.0,0.075,0.07787499993
2025-04-20 03:00:00,0.19,0.0,0.0,0.19,0.370833333,0.0,0.074,0.07045833326999999
2025-04-20 04:00:00,0.19,0.0,0.0,0.19,0.370833333,0.0,0.071,0.07045833326999999
2025-04-20 05:00:00,0.61,0.0,0.0,0.61,0.370833333,0.0,0.073,0.22620833313
2025-04-20 06:00:00,0.25,0.161443,0.0,0.088557,0.370833333,0.0,0.07,0.032839887470481
2025-04-20 07:00:00,1.37,1.048806,0.0,0.3211940000000002,0.370833333,0.0,0.065,0.11910944155960207
2025-04-20 08:00:00,1.03,2.226452,1.196452,0.0,0.370833333,0.0,0.018,0.0
2025-04-20 09:00:00,1.69,3.11514,2.6215919999999997,0.0,0.370833333,0.0,0.011,0.0
2025-04-20 10:00:00,3.33,3.696975,2.988567,0.0,0.370833333,0.0,0.01,0.0
2025-04-20 11:00:00,4.039096153846154,4.011487,2.9609578461538453,0.0,0.370833333,0.0,0.011,0.0
2025-04-20 12:00:00,3.949096153846154,4.04075,3.0526116923076914,0.0,0.370833333,0.0,0.012,0.0
2025-04-20 13:00:00,3.3790961538461537,3.80708,3.4805955384615377,0.0,0.370833333,0.0,0.008,0.0
2025-04-20 14:00:00,2.9299999999999997,3.302123,3.852718538461538,0.0,0.370833333,0.0,0.002,0.0
2025-04-20 15:00:00,0.24,2.508543,6.121261538461538,0.0,0.380833333,0.0,0.001,0.0
2025-04-20 16:00:00,0.21,1.378065,7.289326538461538,0.0,0.400833333,0.0,0.002,0.0
2025-04-20 17:00:00,4.425709770114943,0.296053,3.1596697683465953,0.0,0.400833333,0.0,0.011,0.0
2025-04-20 18:00:00,2.1957097701149424,0.018382,0.9823419982316528,0.0,0.400833333,0.0,0.081,0.0
2025-04-20 19:00:00,0.24,0.0,0.7423419982316528,0.0,0.400833333,0.0,0.077,0.0
2025-04-20 20:00:00,1.19,0.0,0.0,0.44765800176834714,0.400833333,0.0,0.071,0.17943624889292648
2025-04-20 21:00:00,1.0,0.0,0.0,1.0,0.380833333,0.0,0.072,0.380833333
2025-04-20 22:00:00,0.8300000000000001,0.0,0.0,0.8300000000000001,0.380833333,0.0,0.073,0.31609166639
2025-04-20 23:00:00,0.17,0.0,0.0,0.17,0.380833333,0.0,0.071,0.06474166661
2025-04-21 00:00:00,0.15,0.0,0.0,0.15,0.370833333,0.0,0.075,0.05562499995
2025-04-21 01:00:00,0.12,0.0,0.0,0.12,0.370833333,0.0,0.074,0.044499999959999995
2025-04-21 02:00:00,0.12,0.0,0.0,0.12,0.370833333,0.0,0.075,0.044499999959999995
2025-04-21 03:00:00,0.24,0.0,0.0,0.24,0.370833333,0.0,0.074,0.08899999991999999
2025-04-21 04:00:00,0.69,0.0,0.0,0.69,0.370833333,0.0,0.071,0.25587499976999994
2025-04-21 05:00:00,0.5599999999999999,0.0,0.0,0.5599999999999999,0.370833333,0.0,0.073,0.20766666647999998
2025-04-21 06:00:00,0.8,0.150802,0.0,0.649198,0.370833333,0.0,0.07,0.240744258116934
2025-04-21 07:00:00,1.38,1.033682,0.0,0.3463179999999999,0.370833333,0.0,0.065,0.12842625821789397
2025-04-21 08:00:00,0.61,2.180187,1.5701870000000002,0.0,0.370833333,0.0,0.018,0.0
2025-04-21 09:00:00,0.2,3.012939,4.383126,0.0,0.370833333,0.0,0.011,0.0
2025-04-21 10:00:00,0.21,3.5386379999999997,7.711764,0.0,0.370833333,0.0,0.01,0.0
2025-04-21 11:00:00,0.569397435897436,3.800052,10.942418564102564,0.0,0.370833333,0.0,0.011,0.0
2025-04-21 12:00:00,0.5393974358974359,3.842048,13.5,0.0,0.370833333,3.302650564102564,0.012,-0.03963180676923077
2025-04-21 13:00:00,0.679397435897436,3.656708,13.5,0.0,0.370833333,2.977310564102564,0.008,-0.023818484512820513
2025-04-21 14:00:00,0.17,3.201263,13.5,0.0,0.370833333,3.031263,0.002,-0.006062526
2025-04-21 15:00:00,0.18,2.449739,13.5,0.0,0.380833333,2.269739,0.001,-0.002269739
2025-04-21 16:00:00,0.23,1.347359,13.5,0.0,0.400833333,1.117359,0.002,-0.002234718
2025-04-21 17:00:00,1.297139846743295,0.290076,12.492936153256704,0.0,0.400833333,0.0,0.011,0.0
2025-04-21 18:00:00,3.5171398467432953,0.020481,8.99627730651341,0.0,0.400833333,0.0,0.081,0.0
2025-04-21 19:00:00,2.02,0.0,6.97627730651341,0.0,0.400833333,0.0,0.077,0.0
2025-04-21 20:00:00,0.41,0.0,6.56627730651341,0.0,0.400833333,0.0,0.071,0.0
2025-04-21 21:00:00,0.2299999999999999,0.0,6.33627730651341,0.0,0.380833333,0.0,0.072,0.0
2025-04-21 22:00:00,0.2,0.0,6.13627730651341,0.0,0.380833333,0.0,0.073,0.0
2025-04-21 23:00:00,0.12,0.0,6.01627730651341,0.0,0.380833333,0.0,0.071,0.0
2025-04-22 00:00:00,0.23,0.0,5.786277306513409,0.0,0.370833333,0.0,0.075,0.0
2025-04-22 01:00:00,0.14,0.0,5.64627730651341,0.0,0.370833333,0.0,0.074,0.0
2025-04-22 02:00:00,0.12,0.0,5.52627730651341,0.0,0.370833333,0.0,0.075,0.0
2025-04-22 03:00:00,0.11,0.0,5.416277306513409,0.0,0.370833333,0.0,0.074,0.0
2025-04-22 04:00:00,0.11,0.0,5.306277306513409,0.0,0.370833333,0.0,0.071,0.0
2025-04-22 05:00:00,0.12,0.0,5.186277306513409,0.0,0.370833333,0.0,0.073,0.0
2025-04-22 06:00:00,0.8300000000000001,0.181532,4.537809306513409,0.0,0.370833333,0.0,0.07,0.0
2025-04-22 07:00:00,0.66,1.031094,4.908903306513409,0.0,0.370833333,0.0,0.065,0.0
2025-04-22 08:00:00,0.55,2.211446,6.570349306513409,0.0,0.370833333,0.0,0.018,0.0
2025-04-22 09:00:00,0.38,3.094557,9.28490630651341,0.0,0.370833333,0.0,0.011,0.0
2025-04-22 10:00:00,0.1,3.683468,12.86837430651341,0.0,0.370833333,0.0,0.01,0.0
2025-04-22 11:00:00,0.479397435897436,3.995894,13.5,0.0,0.370833333,3.516496564102564,0.011,-0.0386814622051282
2025-04-22 12:00:00,0.4893974358974359,4.042618,13.5,0.0,0.370833333,3.5532205641025643,0.012,-0.04263864676923077
2025-04-22 13:00:00,0.479397435897436,3.798373,13.5,0.0,0.370833333,3.3189755641025642,0.008,-0.026551804512820514
2025-04-22 14:00:00,0.12,3.2803,13.5,0.0,0.370833333,3.1603,0.002,-0.0063206
2025-04-22 15:00:00,0.36,1.153957,13.5,0.0,0.380833333,0.7939569999999999,0.001,-0.000793957
2025-04-22 16:00:00,0.37,0.505205,13.5,0.0,0.400833333,0.13520500000000002,0.002,-0.00027041000000000006
2025-04-22 17:00:00,1.1771398467432952,0.237369,12.560229153256705,0.0,0.400833333,0.0,0.011,0.0
2025-04-22 18:00:00,1.1871398467432952,0.025866,11.39895530651341,0.0,0.400833333,0.0,0.081,0.0
2025-04-22 19:00:00,0.11,0.0,11.28895530651341,0.0,0.400833333,0.0,0.077,0.0
2025-04-22 20:00:00,0.14,0.0,11.14895530651341,0.0,0.400833333,0.0,0.071,0.0
2025-04-22 21:00:00,0.11,0.0,11.03895530651341,0.0,0.380833333,0.0,0.072,0.0
2025-04-22 22:00:00,0.16,0.0,10.87895530651341,0.0,0.380833333,0.0,0.073,0.0
2025-04-22 23:00:00,0.12,0.0,10.75895530651341,0.0,0.380833333,0.0,0.071,0.0
2025-04-23 00:00:00,0.71,0.0,10.04895530651341,0.0,0.370833333,0.0,0.075,0.0
2025-04-23 01:00:00,0.48,0.0,9.56895530651341,0.0,0.370833333,0.0,0.074,0.0
2025-04-23 02:00:00,1.08,0.0,8.48895530651341,0.0,0.370833333,0.0,0.075,0.0
2025-04-23 03:00:00,0.5599999999999999,0.0,7.9289553065134095,0.0,0.370833333,0.0,0.074,0.0
2025-04-23 04:00:00,0.8700000000000001,0.0,7.058955306513409,0.0,0.370833333,0.0,0.071,0.0
2025-04-23 05:00:00,0.8300000000000001,0.0,6.228955306513409,0.0,0.370833333,0.0,0.073,0.0
2025-04-23 06:00:00,0.89,0.191239,5.530194306513409,0.0,0.370833333,0.0,0.07,0.0
2025-04-23 07:00:00,1.03,0.23505,4.735244306513409,0.0,0.370833333,0.0,0.065,0.0
2025-04-23 08:00:00,0.89,1.191823,5.037067306513409,0.0,0.370833333,0.0,0.018,0.0
2025-04-23 09:00:00,0.77,1.225531,5.4925983065134085,0.0,0.370833333,0.0,0.011,0.0
2025-04-23 10:00:00,2.99,2.684594,5.187192306513408,0.0,0.370833333,0.0,0.01,0.0
2025-04-23 11:00:00,2.8493974358974357,1.679393,4.017187870615972,0.0,0.370833333,0.0,0.011,0.0
2025-04-23 12:00:00,2.839397435897436,2.128857,3.306647434718536,0.0,0.370833333,0.0,0.012,0.0
2025-04-23 13:00:00,2.859397435897436,2.274364,2.7216139988211,0.0,0.370833333,0.0,0.008,0.0
2025-04-23 14:00:00,2.57,2.13988,2.2914939988211005,0.0,0.370833333,0.0,0.002,0.0
2025-04-23 15:00:00,0.12,1.646247,3.8177409988211006,0.0,0.380833333,0.0,0.001,0.0
2025-04-23 16:00:00,0.1,0.69594,4.413680998821101,0.0,0.400833333,0.0,0.002,0.0
2025-04-23 17:00:00,1.1871398467432952,0.311181,3.5377221520778055,0.0,0.400833333,0.0,0.011,0.0
2025-04-23 18:00:00,1.697139846743295,0.026666,1.8672483053345104,0.0,0.400833333,0.0,0.081,0.0
2025-04-23 19:00:00,0.23,0.0,1.6372483053345106,0.0,0.400833333,0.0,0.077,0.0
2025-04-23 20:00:00,0.54,0.0,1.0972483053345106,0.0,0.400833333,0.0,0.071,0.0
2025-04-23 21:00:00,0.57,0.0,0.5272483053345106,0.0,0.380833333,0.0,0.072,0.0
2025-04-23 22:00:00,0.97,0.0,0.0,0.44275169466548936,0.380833333,0.0,0.073,0.16861460357085664
2025-04-23 23:00:00,0.5700000000000001,0.0,0.0,0.5700000000000001,0.380833333,0.0,0.071,0.21707499981000003
2025-04-24 00:00:00,0.5900000000000001,0.0,0.0,0.5900000000000001,0.370833333,0.0,0.075,0.21879166647000003
2025-04-24 01:00:00,0.99,0.0,0.0,0.99,0.370833333,0.0,0.074,0.36712499967
2025-04-24 02:00:00,0.9,0.0,0.0,0.9,0.370833333,0.0,0.075,0.3337499997
2025-04-24 03:00:00,1.12,0.0,0.0,1.12,0.370833333,0.0,0.074,0.41533333296
2025-04-24 04:00:00,0.56,0.0,0.0,0.56,0.370833333,0.0,0.071,0.20766666648
2025-04-24 05:00:00,0.75,0.0,0.0,0.75,0.370833333,0.0,0.073,0.27812499975
2025-04-24 06:00:00,0.94,0.1874799999999999,0.0,0.7525200000000001,0.370833333,0.0,0.07,0.27905949974916
2025-04-24 07:00:00,0.72,0.456526,0.0,0.263474,0.370833333,0.0,0.065,0.09770494157884199
2025-04-24 08:00:00,1.39,0.687808,0.0,0.7021919999999999,0.370833333,0.0,0.018,0.260396199765936
2025-04-24 09:00:00,1.4500000000000002,2.041523,0.5915229999999996,0.0,0.370833333,0.0,0.011,0.0
2025-04-24 10:00:00,1.24,0.853347,0.2048699999999995,0.0,0.370833333,0.0,0.01,0.0
2025-04-24 11:00:00,1.469096153846154,3.868939,2.604712846153846,0.0,0.370833333,0.0,0.011,0.0
2025-04-24 12:00:00,1.099096153846154,3.929363,5.434979692307691,0.0,0.370833333,0.0,0.012,0.0
2025-04-24 13:00:00,1.309096153846154,3.711368,7.837251538461537,0.0,0.370833333,0.0,0.008,0.0
2025-04-24 14:00:00,0.17,3.216152,10.883403538461536,0.0,0.370833333,0.0,0.002,0.0
2025-04-24 15:00:00,0.12,1.907916,12.671319538461535,0.0,0.380833333,0.0,0.001,0.0
2025-04-24 16:00:00,0.11,0.935223,13.496542538461537,0.0,0.400833333,0.0,0.002,0.0
2025-04-24 17:00:00,1.7557097701149424,0.330804,12.071636768346591,0.0,0.400833333,0.0,0.011,0.0
2025-04-24 18:00:00,1.8557097701149423,0.030857,10.24678399823165,0.0,0.400833333,0.0,0.081,0.0
2025-04-24 19:00:00,0.7,0.0,9.546783998231652,0.0,0.400833333,0.0,0.077,0.0
2025-04-24 20:00:00,0.18,0.0,9.366783998231652,0.0,0.400833333,0.0,0.071,0.0
2025-04-24 21:00:00,0.15,0.0,9.216783998231652,0.0,0.380833333,0.0,0.072,0.0
2025-04-24 22:00:00,0.61,0.0,8.606783998231652,0.0,0.380833333,0.0,0.073,0.0
2025-04-24 23:00:00,0.1,0.0,8.506783998231652,0.0,0.380833333,0.0,0.071,0.0
2025-04-25 00:00:00,0.92,0.0,7.5867839982316525,0.0,0.370833333,0.0,0.075,0.0
2025-04-25 01:00:00,0.48,0.0,7.106783998231652,0.0,0.370833333,0.0,0.074,0.0
2025-04-25 02:00:00,0.99,0.0,6.116783998231652,0.0,0.370833333,0.0,0.075,0.0
2025-04-25 03:00:00,0.93,0.0,5.186783998231652,0.0,0.370833333,0.0,0.074,0.0
2025-04-25 04:00:00,0.8300000000000001,0.0,4.356783998231652,0.0,0.370833333,0.0,0.071,0.0
2025-04-25 05:00:00,0.66,0.0,3.696783998231652,0.0,0.370833333,0.0,0.073,0.0
2025-04-25 06:00:00,0.64,0.2331579999999999,3.289941998231652,0.0,0.370833333,0.0,0.07,0.0
2025-04-25 07:00:00,1.11,0.079702,2.2596439982316516,0.0,0.370833333,0.0,0.065,0.0
2025-04-25 08:00:00,0.8200000000000001,0.122029,1.5616729982316515,0.0,0.370833333,0.0,0.018,0.0
2025-04-25 09:00:00,0.5399999999999999,1.363492,2.3851649982316516,0.0,0.370833333,0.0,0.011,0.0
2025-04-25 10:00:00,2.4,1.777271,1.7624359982316518,0.0,0.370833333,0.0,0.01,0.0
2025-04-25 11:00:00,3.309096153846154,2.7827420000000003,1.2360818443854982,0.0,0.370833333,0.0,0.011,0.0
2025-04-25 12:00:00,3.229096153846154,3.111736,1.1187216905393444,0.0,0.370833333,0.0,0.012,0.0
2025-04-25 13:00:00,2.969096153846154,3.2872730000000003,1.4368985366931908,0.0,0.370833333,0.0,0.008,0.0
2025-04-25 14:00:00,2.4499999999999997,2.529288,1.5161865366931913,0.0,0.370833333,0.0,0.002,0.0
2025-04-25 15:00:00,0.15,2.119542,3.485728536693191,0.0,0.380833333,0.0,0.001,0.0
2025-04-25 16:00:00,0.14,0.041614,3.387342536693191,0.0,0.400833333,0.0,0.002,0.0
2025-04-25 17:00:00,1.7557097701149424,0.002595,1.6342277665782483,0.0,0.400833333,0.0,0.011,0.0
2025-04-25 18:00:00,1.8057097701149425,0.0,0.0,0.17148200353669418,0.400833333,0.0,0.081,0.06873570302713092
2025-04-25 19:00:00,0.24,0.0,0.0,0.24,0.400833333,0.0,0.077,0.09619999992
2025-04-25 20:00:00,0.15,0.0,0.0,0.15,0.400833333,0.0,0.071,0.06012499995
2025-04-25 21:00:00,0.22,0.0,0.0,0.22,0.380833333,0.0,0.072,0.08378333326
2025-04-25 22:00:00,0.22,0.0,0.0,0.22,0.380833333,0.0,0.073,0.08378333326
2025-04-25 23:00:00,0.1,0.0,0.0,0.1,0.380833333,0.0,0.071,0.0380833333
2025-04-26 00:00:00,0.98,0.0,0.0,0.98,0.370833333,0.0,0.075,0.36341666633999997
2025-04-26 01:00:00,1.09,0.0,0.0,1.09,0.370833333,0.0,0.074,0.40420833297000003
2025-04-26 02:00:00,0.8300000000000001,0.0,0.0,0.8300000000000001,0.370833333,0.0,0.075,0.30779166639
2025-04-26 03:00:00,1.0699999999999998,0.0,0.0,1.0699999999999998,0.370833333,0.0,0.074,0.3967916663099999
2025-04-26 04:00:00,0.9,0.0,0.0,0.9,0.370833333,0.0,0.071,0.3337499997
2025-04-26 05:00:00,1.17,0.0,0.0,1.17,0.370833333,0.0,0.073,0.43387499961
2025-04-26 06:00:00,0.96,0.0,0.0,0.96,0.370833333,0.0,0.07,0.35599999967999996
2025-04-26 07:00:00,1.12,0.12912,0.0,0.9908800000000001,0.370833333,0.0,0.065,0.36745133300304
2025-04-26 08:00:00,0.24,0.843129,0.603129,0.0,0.370833333,0.0,0.018,0.0
2025-04-26 09:00:00,0.47,0.822418,0.955547,0.0,0.370833333,0.0,0.011,0.0
2025-04-26 10:00:00,2.44,2.924963,1.4405100000000002,0.0,0.370833333,0.0,0.01,0.0
2025-04-26 11:00:00,2.7473653846153843,4.276959,2.9701036153846156,0.0,0.370833333,0.0,0.011,0.0
2025-04-26 12:00:00,2.8173653846153845,4.331041,4.4837792307692315,0.0,0.370833333,0.0,0.012,0.0
2025-04-26 13:00:00,2.8173653846153845,4.02071,5.687123846153847,0.0,0.370833333,0.0,0.008,0.0
2025-04-26 14:00:00,2.58,3.461458,6.568581846153847,0.0,0.370833333,0.0,0.002,0.0
2025-04-26 15:00:00,0.14,2.598913,9.027494846153846,0.0,0.380833333,0.0,0.001,0.0
2025-04-26 16:00:00,0.11,1.387569,10.305063846153846,0.0,0.400833333,0.0,0.002,0.0
2025-04-26 17:00:00,0.925853448275862,0.309302,9.688512397877984,0.0,0.400833333,0.0,0.011,0.0
2025-04-26 18:00:00,0.925853448275862,0.047705,8.810363949602122,0.0,0.400833333,0.0,0.081,0.0
2025-04-26 19:00:00,0.13,0.0,8.680363949602121,0.0,0.400833333,0.0,0.077,0.0
2025-04-26 20:00:00,0.13,0.0,8.55036394960212,0.0,0.400833333,0.0,0.071,0.0
2025-04-26 21:00:00,0.11,0.0,8.440363949602121,0.0,0.380833333,0.0,0.072,0.0
2025-04-26 22:00:00,0.12,0.0,8.320363949602122,0.0,0.380833333,0.0,0.073,0.0
2025-04-26 23:00:00,0.98,0.0,7.340363949602121,0.0,0.380833333,0.0,0.071,0.0
2025-04-27 00:00:00,0.57,0.0,6.770363949602121,0.0,0.370833333,0.0,0.075,0.0
2025-04-27 01:00:00,0.5599999999999999,0.0,6.2103639496021215,0.0,0.370833333,0.0,0.074,0.0
2025-04-27 02:00:00,0.56,0.0,5.650363949602122,0.0,0.370833333,0.0,0.075,0.0
2025-04-27 03:00:00,0.74,0.0,4.910363949602122,0.0,0.370833333,0.0,0.074,0.0
2025-04-27 04:00:00,1.0,0.0,3.9103639496021216,0.0,0.370833333,0.0,0.071,0.0
2025-04-27 05:00:00,0.79,0.004438,3.1248019496021215,0.0,0.370833333,0.0,0.073,0.0
2025-04-27 06:00:00,0.6,0.21436,2.7391619496021216,0.0,0.370833333,0.0,0.07,0.0
2025-04-27 07:00:00,2.16,1.054243,1.6334049496021217,0.0,0.370833333,0.0,0.065,0.0
2025-04-27 08:00:00,0.81,2.278111,3.1015159496021214,0.0,0.370833333,0.0,0.018,0.0
2025-04-27 09:00:00,1.16,3.224473,5.165988949602122,0.0,0.370833333,0.0,0.011,0.0
2025-04-27 10:00:00,3.3899999999999997,3.811301,5.5872899496021216,0.0,0.370833333,0.0,0.01,0.0
2025-04-27 11:00:00,2.7073653846153847,4.118282,6.998206564986736,0.0,0.370833333,0.0,0.011,0.0
2025-04-27 12:00:00,2.8673653846153844,4.149321,8.280162180371352,0.0,0.370833333,0.0,0.012,0.0
2025-04-27 13:00:00,3.717365384615385,3.875787,8.438583795755967,0.0,0.370833333,0.0,0.008,0.0
2025-04-27 14:00:00,5.5,3.344786,6.283369795755967,0.0,0.370833333,0.0,0.002,0.0
2025-04-27 15:00:00,0.87,2.188011,7.601380795755967,0.0,0.380833333,0.0,0.001,0.0
2025-04-27 16:00:00,0.29,1.329634,8.641014795755966,0.0,0.400833333,0.0,0.002,0.0
2025-04-27 17:00:00,1.185853448275862,0.326213,7.781374347480105,0.0,0.400833333,0.0,0.011,0.0
2025-04-27 18:00:00,1.2158534482758625,0.050715,6.616235899204242,0.0,0.400833333,0.0,0.081,0.0
2025-04-27 19:00:00,0.25,0.0,6.366235899204242,0.0,0.400833333,0.0,0.077,0.0
2025-04-27 20:00:00,0.26,0.0,6.1062358992042425,0.0,0.400833333,0.0,0.071,0.0
2025-04-27 21:00:00,0.15,0.0,5.956235899204242,0.0,0.380833333,0.0,0.072,0.0
2025-04-27 22:00:00,0.1,0.0,5.8562358992042425,0.0,0.380833333,0.0,0.073,0.0
2025-04-27 23:00:00,0.1,0.0,5.756235899204243,0.0,0.380833333,0.0,0.071,0.0
2025-04-28 00:00:00,0.12,0.0,5.636235899204243,0.0,0.370833333,0.0,0.075,0.0
2025-04-28 01:00:00,0.22,0.0,5.416235899204243,0.0,0.370833333,0.0,0.074,0.0
2025-04-28 02:00:00,0.92,0.0,4.496235899204243,0.0,0.370833333,0.0,0.075,0.0
2025-04-28 03:00:00,0.5499999999999999,0.0,3.9462358992042432,0.0,0.370833333,0.0,0.074,0.0
2025-04-28 04:00:00,1.0,0.0,2.9462358992042432,0.0,0.370833333,0.0,0.071,0.0
2025-04-28 05:00:00,0.82,0.00418,2.1304158992042432,0.0,0.370833333,0.0,0.073,0.0
2025-04-28 06:00:00,0.66,0.187669,1.6580848992042432,0.0,0.370833333,0.0,0.07,0.0
2025-04-28 07:00:00,0.5,0.996634,2.1547188992042434,0.0,0.370833333,0.0,0.065,0.0
2025-04-28 08:00:00,0.15,2.18662,4.1913388992042435,0.0,0.370833333,0.0,0.018,0.0
2025-04-28 09:00:00,0.24,3.094348,7.045686899204243,0.0,0.370833333,0.0,0.011,0.0
2025-04-28 10:00:00,0.14,3.716308,10.621994899204244,0.0,0.370833333,0.0,0.01,0.0
2025-04-28 11:00:00,0.4273653846153847,4.02695,13.5,0.0,0.370833333,3.5995846153846154,0.011,-0.03959543076923077
2025-04-28 12:00:00,0.4573653846153847,4.052803,13.5,0.0,0.370833333,3.5954376153846153,0.012,-0.043145251384615384
2025-04-28 13:00:00,0.4973653846153847,3.790699,13.5,0.0,0.370833333,3.2933336153846153,0.008,-0.026346668923076924
2025-04-28 14:00:00,0.14,3.28006,13.5,0.0,0.370833333,3.14006,0.002,-0.00628012
2025-04-28 15:00:00,0.44,2.431786,13.5,0.0,0.380833333,1.9917859999999998,0.001,-0.0019917859999999997
2025-04-28 16:00:00,0.13,1.291449,13.5,0.0,0.400833333,1.1614490000000002,0.002,-0.0023228980000000003
2025-04-28 17:00:00,0.9458534482758622,0.329689,12.883835551724138,0.0,0.400833333,0.0,0.011,0.0
2025-04-28 18:00:00,0.9458534482758622,0.056934,11.994916103448276,0.0,0.400833333,0.0,0.081,0.0
2025-04-28 19:00:00,1.3,0.0,10.694916103448277,0.0,0.400833333,0.0,0.077,0.0
2025-04-28 20:00:00,0.21,0.0,10.484916103448274,0.0,0.400833333,0.0,0.071,0.0
2025-04-28 21:00:00,0.15,0.0,10.334916103448274,0.0,0.380833333,0.0,0.072,0.0
2025-04-28 22:00:00,0.14,0.0,10.194916103448271,0.0,0.380833333,0.0,0.073,0.0
2025-04-28 23:00:00,0.1,0.0,10.094916103448274,0.0,0.380833333,0.0,0.071,0.0
2025-04-29 00:00:00,0.1,0.0,9.994916103448274,0.0,0.370833333,0.0,0.075,0.0
2025-04-29 01:00:00,0.1,0.0,9.894916103448274,0.0,0.370833333,0.0,0.074,0.0
2025-04-29 02:00:00,0.1,0.0,9.794916103448276,0.0,0.370833333,0.0,0.075,0.0
2025-04-29 03:00:00,0.53,0.0,9.264916103448275,0.0,0.370833333,0.0,0.074,0.0
2025-04-29 04:00:00,0.88,0.0,8.384916103448274,0.0,0.370833333,0.0,0.071,0.0
2025-04-29 05:00:00,0.5399999999999999,0.004045,7.848961103448275,0.0,0.370833333,0.0,0.073,0.0
2025-04-29 06:00:00,0.5700000000000001,0.231757,7.510718103448275,0.0,0.370833333,0.0,0.07,0.0
2025-04-29 07:00:00,0.22,1.019452,8.310170103448275,0.0,0.370833333,0.0,0.065,0.0
2025-04-29 08:00:00,0.1,2.141417,10.351587103448274,0.0,0.370833333,0.0,0.018,0.0
2025-04-29 09:00:00,0.13,3.020013,13.241600103448274,0.0,0.370833333,0.0,0.011,0.0
2025-04-29 10:00:00,1.36,3.603464,13.5,0.0,0.370833333,2.2434639999999995,0.01,-0.022434639999999995
2025-04-29 11:00:00,2.8073653846153848,3.936088,13.5,0.0,0.370833333,1.128722615384615,0.011,-0.012415948769230765
2025-04-29 12:00:00,0.5073653846153847,3.95165,13.5,0.0,0.370833333,3.444284615384615,0.012,-0.04133141538461538
2025-04-29 13:00:00,0.3873653846153847,3.699663,13.5,0.0,0.370833333,3.3122976153846153,0.008,-0.026498380923076922
2025-04-29 14:00:00,0.12,3.180064,13.5,0.0,0.370833333,3.0600639999999997,0.002,-0.006120128
2025-04-29 15:00:00,0.1,2.381063,13.5,0.0,0.380833333,2.281063,0.001,-0.0022810630000000003
2025-04-29 16:00:00,0.11,1.275383,13.5,0.0,0.400833333,1.1653829999999998,0.002,-0.0023307659999999997
2025-04-29 17:00:00,1.1458534482758622,0.3264479999999999,12.680594551724138,0.0,0.400833333,0.0,0.011,0.0
2025-04-29 18:00:00,2.395853448275862,0.06404,10.348781103448276,0.0,0.400833333,0.0,0.081,0.0
2025-04-29 19:00:00,0.16,0.0,10.188781103448274,0.0,0.400833333,0.0,0.077,0.0
2025-04-29 20:00:00,0.5700000000000001,0.0,9.618781103448274,0.0,0.400833333,0.0,0.071,0.0
2025-04-29 21:00:00,0.72,0.0,8.898781103448274,0.0,0.380833333,0.0,0.072,0.0
2025-04-29 22:00:00,0.38,0.0,8.518781103448273,0.0,0.380833333,0.0,0.073,0.0
2025-04-29 23:00:00,0.13,0.0,8.388781103448272,0.0,0.380833333,0.0,0.071,0.0
2025-04-30 00:00:00,0.11,0.0,8.278781103448273,0.0,0.370833333,0.0,0.075,0.0
2025-04-30 01:00:00,0.11,0.0,8.168781103448273,0.0,0.370833333,0.0,0.074,0.0
2025-04-30 02:00:00,0.12,0.0,8.048781103448274,0.0,0.370833333,0.0,0.075,0.0
2025-04-30 03:00:00,0.12,0.0,7.928781103448274,0.0,0.370833333,0.0,0.074,0.0
2025-04-30 04:00:00,0.11,0.0,7.8187811034482735,0.0,0.370833333,0.0,0.071,0.0
2025-04-30 05:00:00,0.11,0.006439,7.7152201034482735,0.0,0.370833333,0.0,0.073,0.0
2025-04-30 06:00:00,0.88,0.247159,7.0823791034482735,0.0,0.370833333,0.0,0.07,0.0
2025-04-30 07:00:00,0.64,0.995526,7.437905103448274,0.0,0.370833333,0.0,0.065,0.0
2025-04-30 08:00:00,0.15,2.102738,9.390643103448271,0.0,0.370833333,0.0,0.018,0.0
2025-04-30 09:00:00,0.24,2.999198,12.149841103448273,0.0,0.370833333,0.0,0.011,0.0
2025-04-30 10:00:00,2.44,3.59016,13.300001103448272,0.0,0.370833333,0.0,0.01,0.0
2025-04-30 11:00:00,2.7273653846153847,3.5963939999999996,13.5,0.0,0.370833333,0.869028615384615,0.011,-0.009559314769230763
2025-04-30 12:00:00,2.7373653846153845,3.5216469999999997,13.5,0.0,0.370833333,0.7842816153846153,0.012,-0.009411379384615384
2025-04-30 13:00:00,2.7573653846153845,3.386951,13.5,0.0,0.370833333,0.6295856153846153,0.008,-0.005036684923076923
2025-04-30 14:00:00,2.46,2.4461709999999997,13.486171,0.0,0.370833333,0.0,0.002,0.0
2025-04-30 15:00:00,0.15,2.099378,13.5,0.0,0.380833333,1.9493780000000003,0.001,-0.0019493780000000003
2025-04-30 16:00:00,0.18,1.213871,13.5,0.0,0.400833333,1.033871,0.002,-0.002067742
2025-04-30 17:00:00,0.9458534482758622,0.282997,12.837143551724138,0.0,0.400833333,0.0,0.011,0.0
2025-04-30 18:00:00,1.1558534482758622,0.065625,11.746915103448275,0.0,0.400833333,0.0,0.081,0.0
2025-04-30 19:00:00,0.18,0.0,11.566915103448276,0.0,0.400833333,0.0,0.077,0.0
2025-04-30 20:00:00,0.3,0.0,11.266915103448277,0.0,0.400833333,0.0,0.071,0.0
2025-04-30 21:00:00,0.25,0.0,11.016915103448277,0.0,0.380833333,0.0,0.072,0.0
2025-04-30 22:00:00,0.16,0.0,10.856915103448276,0.0,0.380833333,0.0,0.073,0.0
2025-04-30 23:00:00,0.11,0.0,10.746915103448275,0.0,0.380833333,0.0,0.071,0.0
2025-04-30 23:59:59,0.1,0.0,10.746915103448275,0.1,150.0,0.0,0.0,15.0
2025-05-01 00:00:00,0.11,0.0,10.636915103448276,0.0,0.37016129,0.0,0.075,0.0
2025-05-01 01:00:00,0.1,0.0,10.536915103448276,0.0,0.37016129,0.0,0.071,0.0
2025-05-01 02:00:00,0.11,0.0,10.426915103448277,0.0,0.37016129,0.0,0.071,0.0
2025-05-01 03:00:00,0.16,0.0,10.266915103448277,0.0,0.37016129,0.0,0.071,0.0
2025-05-01 04:00:00,0.93,0.0,9.336915103448275,0.0,0.37016129,0.0,0.072,0.0
2025-05-01 05:00:00,0.6400000000000001,0.0,8.696915103448276,0.0,0.37016129,0.0,0.069,0.0
2025-05-01 06:00:00,0.49,0.112209,8.319124103448276,0.0,0.37016129,0.0,0.065,0.0
2025-05-01 07:00:00,0.26,0.525485,8.584609103448276,0.0,0.37016129,0.0,0.06,0.0
2025-05-01 08:00:00,0.56,1.42084,9.445449103448276,0.0,0.37016129,0.0,0.029,0.0
2025-05-01 09:00:00,0.22,1.735291,10.960740103448275,0.0,0.37016129,0.0,0.016,0.0
2025-05-01 10:00:00,0.21,2.545261,13.296001103448276,0.0,0.37016129,0.0,0.012,0.0
2025-05-01 11:00:00,0.5073653846153847,2.536933,13.5,0.0,0.37016129,2.0295676153846154,0.016,-0.03247308184615385
2025-05-01 12:00:00,0.5073653846153847,2.511678,13.5,0.0,0.37016129,2.004312615384615,0.013,-0.026056063999999993
2025-05-01 13:00:00,0.5073653846153847,3.0146840000000004,13.5,0.0,0.37016129,2.507318615384616,0.009,-0.022565867538461543
2025-05-01 14:00:00,0.22,2.847723,13.5,0.0,0.37016129,2.6277229999999996,0.009,-0.023649506999999993
2025-05-01 15:00:00,0.21,2.235182,13.5,0.0,0.38016129,2.025182,0.007,-0.014176274
2025-05-01 16:00:00,0.21,0.985153,13.5,0.0,0.40016129,0.775153,0.014,-0.010852142
2025-05-01 17:00:00,1.025853448275862,0.217034,12.691180551724138,0.0,0.40016129,0.0,0.033,0.0
2025-05-01 18:00:00,1.1258534482758622,0.0284239999999999,11.593751103448277,0.0,0.40016129,0.0,0.08,0.0
2025-05-01 19:00:00,0.12,0.0,11.473751103448276,0.0,0.40016129,0.0,0.082,0.0
2025-05-01 20:00:00,0.17,0.0,11.303751103448276,0.0,0.40016129,0.0,0.073,0.0
2025-05-01 21:00:00,0.21,0.0,11.093751103448277,0.0,0.38016129,0.0,0.07,0.0
2025-05-01 22:00:00,0.12,0.0,10.973751103448276,0.0,0.38016129,0.0,0.069,0.0
2025-05-01 23:00:00,0.09,0.0,10.883751103448276,0.0,0.38016129,0.0,0.072,0.0
2025-05-02 00:00:00,0.95,0.0,9.933751103448277,0.0,0.37016129,0.0,0.075,0.0
2025-05-02 01:00:00,0.46,0.0,9.473751103448276,0.0,0.37016129,0.0,0.071,0.0
2025-05-02 02:00:00,0.94,0.0,8.533751103448276,0.0,0.37016129,0.0,0.071,0.0
2025-05-02 03:00:00,0.56,0.0,7.973751103448276,0.0,0.37016129,0.0,0.071,0.0
2025-05-02 04:00:00,0.94,0.0,7.033751103448276,0.0,0.37016129,0.0,0.072,0.0
2025-05-02 05:00:00,0.86,0.0,6.173751103448276,0.0,0.37016129,0.0,0.069,0.0
2025-05-02 06:00:00,0.8200000000000001,0.171708,5.525459103448275,0.0,0.37016129,0.0,0.065,0.0
2025-05-02 07:00:00,0.54,0.444196,5.429655103448275,0.0,0.37016129,0.0,0.06,0.0
2025-05-02 08:00:00,0.53,0.601819,5.501474103448275,0.0,0.37016129,0.0,0.029,0.0
2025-05-02 09:00:00,0.2299999999999999,2.076762,7.348236103448275,0.0,0.37016129,0.0,0.016,0.0
2025-05-02 10:00:00,2.4299999999999997,1.395681,6.313917103448275,0.0,0.37016129,0.0,0.012,0.0
2025-05-02 11:00:00,3.0173653846153847,1.927925,5.22447671883289,0.0,0.37016129,0.0,0.016,0.0
2025-05-02 12:00:00,2.8773653846153846,0.842496,3.1896073342175058,0.0,0.37016129,0.0,0.013,0.0
2025-05-02 13:00:00,2.7273653846153847,0.597642,1.059883949602121,0.0,0.37016129,0.0,0.009,0.0
2025-05-02 14:00:00,2.5,0.454838,0.0,0.9852780503978789,0.37016129,0.0,0.009,0.3647117941439638
2025-05-02 15:00:00,0.11,0.109291,0.0,0.0007090000000000013,0.38016129,0.0,0.007,0.0002695343546100005
2025-05-02 16:00:00,0.1,0.739778,0.6397780000000001,0.0,0.40016129,0.0,0.014,0.0
2025-05-02 17:00:00,1.0958534482758622,0.228681,0.0,0.22739444827586208,0.40016129,0.0,0.033,0.09099445576090724
2025-05-02 18:00:00,1.005853448275862,0.0,0.0,1.005853448275862,0.40016129,0.0,0.08,0.40250361341301727
2025-05-02 19:00:00,0.12,0.0,0.0,0.12,0.40016129,0.0,0.082,0.0480193548
2025-05-02 20:00:00,0.47,0.0,0.0,0.47,0.40016129,0.0,0.073,0.18807580629999998
2025-05-02 21:00:00,0.36,0.0,0.0,0.36,0.38016129,0.0,0.07,0.13685806439999998
2025-05-02 22:00:00,0.53,0.0,0.0,0.53,0.38016129,0.0,0.069,0.2014854837
2025-05-02 23:00:00,0.1,0.0,0.0,0.1,0.38016129,0.0,0.072,0.038016129
2025-05-03 00:00:00,0.39,0.0,0.0,0.39,0.37016129,0.0,0.075,0.1443629031
2025-05-03 01:00:00,0.56,0.0,0.0,0.56,0.37016129,0.0,0.071,0.2072903224
2025-05-03 02:00:00,0.5700000000000001,0.0,0.0,0.5700000000000001,0.37016129,0.0,0.071,0.21099193530000002
2025-05-03 03:00:00,0.8099999999999999,0.0,0.0,0.8099999999999999,0.37016129,0.0,0.071,0.29983064489999994
2025-05-03 04:00:00,0.76,0.0,0.0,0.76,0.37016129,0.0,0.072,0.28132258039999997
2025-05-03 05:00:00,0.59,0.0,0.0,0.59,0.37016129,0.0,0.069,0.21839516109999998
2025-05-03 06:00:00,0.8,0.2084389999999999,0.0,0.5915610000000001,0.37016129,0.0,0.065,0.21897298287369002
2025-05-03 07:00:00,1.33,0.61442,0.0,0.7155800000000001,0.37016129,0.0,0.06,0.26488001589820004
2025-05-03 08:00:00,1.63,1.109781,0.0,0.520219,0.37016129,0.0,0.029,0.19256493612251
2025-05-03 09:00:00,0.6,1.863016,1.263016,0.0,0.37016129,0.0,0.016,0.0
2025-05-03 10:00:00,2.9399999999999995,1.571684,0.0,0.1052999999999995,0.37016129,0.0,0.012,0.03897798383699982
2025-05-03 11:00:00,2.8173653846153845,1.417607,0.0,1.3997583846153845,0.37016129,0.0,0.016,0.5181363693375468
2025-05-03 12:00:00,2.847365384615385,3.076446,0.229080615384615,0.0,0.37016129,0.0,0.013,0.0
2025-05-03 13:00:00,2.7773653846153845,3.704404,1.1561192307692305,0.0,0.37016129,0.0,0.009,0.0
2025-05-03 14:00:00,2.57,3.2133580000000004,1.7994772307692308,0.0,0.37016129,0.0,0.009,0.0
2025-05-03 15:00:00,0.19,2.372962,3.9824392307692302,0.0,0.38016129,0.0,0.007,0.0
2025-05-03 16:00:00,0.11,1.061654,4.934093230769231,0.0,0.40016129,0.0,0.014,0.0
2025-05-03 17:00:00,0.985853448275862,0.3233879999999999,4.271627782493369,0.0,0.40016129,0.0,0.033,0.0
2025-05-03 18:00:00,0.985853448275862,0.077724,3.3634983342175073,0.0,0.40016129,0.0,0.08,0.0
2025-05-03 19:00:00,0.29,0.0,3.0734983342175073,0.0,0.40016129,0.0,0.082,0.0
2025-05-03 20:00:00,0.37,0.0,2.703498334217507,0.0,0.40016129,0.0,0.073,0.0
2025-05-03 21:00:00,0.35,0.0,2.353498334217507,0.0,0.38016129,0.0,0.07,0.0
2025-05-03 22:00:00,0.18,0.0,2.173498334217507,0.0,0.38016129,0.0,0.069,0.0
2025-05-03 23:00:00,0.1,0.0,2.073498334217507,0.0,0.38016129,0.0,0.072,0.0
2025-05-04 00:00:00,0.6000000000000001,0.0,1.4734983342175068,0.0,0.37016129,0.0,0.075,0.0
2025-05-04 01:00:00,1.01,0.0,0.4634983342175067,0.0,0.37016129,0.0,0.071,0.0
2025-05-04 02:00:00,0.96,0.0,0.0,0.4965016657824933,0.37016129,0.0,0.071,0.18378569709319656
2025-05-04 03:00:00,1.01,0.0,0.0,1.01,0.37016129,0.0,0.071,0.37386290289999996
2025-05-04 04:00:00,0.96,0.0,0.0,0.96,0.37016129,0.0,0.072,0.3553548384
2025-05-04 05:00:00,0.68,0.022854,0.0,0.657146,0.37016129,0.0,0.069,0.24325001107834
2025-05-04 06:00:00,1.02,0.1198259999999999,0.0,0.9001740000000001,0.37016129,0.0,0.065,0.33320956906446003
2025-05-04 07:00:00,0.66,0.5905349999999999,0.0,0.06946500000000011,0.37016129,0.0,0.06,0.02571325400985004
2025-05-04 08:00:00,0.14,1.02572,0.88572,0.0,0.37016129,0.0,0.029,0.0
2025-05-04 09:00:00,0.1,0.765947,1.551667,0.0,0.37016129,0.0,0.016,0.0
2025-05-04 10:00:00,2.4,2.333991,1.4856580000000004,0.0,0.37016129,0.0,0.012,0.0
2025-05-04 11:00:00,2.6298923076923075,2.713669,1.5694346923076927,0.0,0.37016129,0.0,0.016,0.0
2025-05-04 12:00:00,2.6898923076923076,4.019037,2.898579384615385,0.0,0.37016129,0.0,0.013,0.0
2025-05-04 13:00:00,5.639892307692307,3.793473,1.0521600769230783,0.0,0.37016129,0.0,0.009,0.0
2025-05-04 14:00:00,4.109999999999999,3.279836,0.2219960769230788,0.0,0.37016129,0.0,0.009,0.0
2025-05-04 15:00:00,0.16,2.40721,2.469206076923079,0.0,0.38016129,0.0,0.007,0.0
2025-05-04 16:00:00,0.11,1.250041,3.6092470769230784,0.0,0.40016129,0.0,0.014,0.0
2025-05-04 17:00:00,0.7526827586206897,0.286541,3.1431053183023887,0.0,0.40016129,0.0,0.033,0.0
2025-05-04 18:00:00,0.9326827586206896,0.0820699999999999,2.292492559681699,0.0,0.40016129,0.0,0.08,0.0
2025-05-04 19:00:00,0.18,0.0,2.112492559681699,0.0,0.40016129,0.0,0.082,0.0
2025-05-04 20:00:00,0.14,0.0,1.972492559681699,0.0,0.40016129,0.0,0.073,0.0
2025-05-04 21:00:00,0.11,0.0,1.8624925596816984,0.0,0.38016129,0.0,0.07,0.0
2025-05-04 22:00:00,0.16,0.0,1.7024925596816989,0.0,0.38016129,0.0,0.069,0.0
2025-05-04 23:00:00,0.1,0.0,1.6024925596816986,0.0,0.38016129,0.0,0.072,0.0
2025-05-05 00:00:00,0.1,0.0,1.5024925596816985,0.0,0.37016129,0.0,0.075,0.0
2025-05-05 01:00:00,0.11,0.0,1.3924925596816984,0.0,0.37016129,0.0,0.071,0.0
2025-05-05 02:00:00,0.2,0.0,1.1924925596816984,0.0,0.37016129,0.0,0.071,0.0
2025-05-05 03:00:00,0.12,0.0,1.0724925596816983,0.0,0.37016129,0.0,0.071,0.0
2025-05-05 04:00:00,0.42,0.0,0.6524925596816984,0.0,0.37016129,0.0,0.072,0.0
2025-05-05 05:00:00,0.39,0.0205479999999999,0.2830405596816984,0.0,0.37016129,0.0,0.069,0.0
2025-05-05 06:00:00,0.4,0.271348,0.1543885596816984,0.0,0.37016129,0.0,0.065,0.0
2025-05-05 07:00:00,0.19,0.916095,0.8804835596816983,0.0,0.37016129,0.0,0.06,0.0
2025-05-05 08:00:00,0.18,1.92488,2.6253635596816984,0.0,0.37016129,0.0,0.029,0.0
2025-05-05 09:00:00,0.18,3.0197800000000004,5.465143559681699,0.0,0.37016129,0.0,0.016,0.0
2025-05-05 10:00:00,0.15,3.680007,8.995150559681699,0.0,0.37016129,0.0,0.012,0.0
2025-05-05 11:00:00,0.4298923076923077,4.0144459999999995,12.57970425198939,0.0,0.37016129,0.0,0.016,0.0
2025-05-05 12:00:00,0.4198923076923077,3.680805,13.5,0.0,0.37016129,3.2609126923076923,0.013,-0.042391865
2025-05-05 13:00:00,0.4098923076923078,3.391868,13.5,0.0,0.37016129,2.9819756923076923,0.009,-0.026837781230769228
2025-05-05 14:00:00,0.18,3.200273,13.5,0.0,0.37016129,3.020273,0.009,-0.027182456999999997
2025-05-05 15:00:00,0.6200000000000001,2.34098,13.5,0.0,0.38016129,1.72098,0.007,-0.01204686
2025-05-05 16:00:00,0.63,1.245018,13.5,0.0,0.40016129,0.615018,0.014,-0.008610251999999999
2025-05-05 17:00:00,0.7626827586206897,0.287994,13.02531124137931,0.0,0.40016129,0.0,0.033,0.0
2025-05-05 18:00:00,0.8326827586206897,0.057039,12.24966748275862,0.0,0.40016129,0.0,0.08,0.0
2025-05-05 19:00:00,0.2,0.0,12.04966748275862,0.0,0.40016129,0.0,0.082,0.0
2025-05-05 20:00:00,0.26,0.0,11.78966748275862,0.0,0.40016129,0.0,0.073,0.0
2025-05-05 21:00:00,0.28,0.0,11.50966748275862,0.0,0.38016129,0.0,0.07,0.0
2025-05-05 22:00:00,0.22,0.0,11.28966748275862,0.0,0.38016129,0.0,0.069,0.0
2025-05-05 23:00:00,0.14,0.0,11.14966748275862,0.0,0.38016129,0.0,0.072,0.0
2025-05-06 00:00:00,0.11,0.0,11.03966748275862,0.0,0.37016129,0.0,0.075,0.0
2025-05-06 01:00:00,0.14,0.0,10.89966748275862,0.0,0.37016129,0.0,0.071,0.0
2025-05-06 02:00:00,0.19,0.0,10.70966748275862,0.0,0.37016129,0.0,0.071,0.0
2025-05-06 03:00:00,0.19,0.0,10.51966748275862,0.0,0.37016129,0.0,0.071,0.0
2025-05-06 04:00:00,0.19,0.0,10.32966748275862,0.0,0.37016129,0.0,0.072,0.0
2025-05-06 05:00:00,0.19,0.018478,10.158145482758622,0.0,0.37016129,0.0,0.069,0.0
2025-05-06 06:00:00,0.22,0.258372,10.196517482758622,0.0,0.37016129,0.0,0.065,0.0
2025-05-06 07:00:00,0.15,0.995733,11.042250482758622,0.0,0.37016129,0.0,0.06,0.0
2025-05-06 08:00:00,0.1,2.130773,13.073023482758622,0.0,0.37016129,0.0,0.029,0.0
2025-05-06 09:00:00,0.1,3.041236,13.5,0.0,0.37016129,2.941236,0.016,-0.047059776
2025-05-06 10:00:00,0.11,3.126237,13.5,0.0,0.37016129,3.0162370000000003,0.012,-0.036194844000000004
2025-05-06 11:00:00,0.3298923076923077,2.9623519999999997,13.5,0.0,0.37016129,2.632459692307692,0.016,-0.04211935507692307
2025-05-06 12:00:00,0.3398923076923077,3.009824,13.5,0.0,0.37016129,2.669931692307692,0.013,-0.03470911199999999
2025-05-06 13:00:00,0.3298923076923077,2.856657,13.5,0.0,0.37016129,2.526764692307692,0.009,-0.022740882230769227
2025-05-06 14:00:00,0.1,0.616691,13.5,0.0,0.37016129,0.516691,0.009,-0.004650219
2025-05-06 15:00:00,0.1,0.85913,13.5,0.0,0.38016129,0.75913,0.007,-0.00531391
2025-05-06 16:00:00,0.11,0.228146,13.5,0.0,0.40016129,0.11814599999999999,0.014,-0.001654044
2025-05-06 17:00:00,0.7626827586206897,0.345002,13.08231924137931,0.0,0.40016129,0.0,0.033,0.0
2025-05-06 18:00:00,0.9326827586206896,0.06881,12.21844648275862,0.0,0.40016129,0.0,0.08,0.0
2025-05-06 19:00:00,0.35,0.0,11.86844648275862,0.0,0.40016129,0.0,0.082,0.0
2025-05-06 20:00:00,0.51,0.0,11.35844648275862,0.0,0.40016129,0.0,0.073,0.0
2025-05-06 21:00:00,0.19,0.0,11.16844648275862,0.0,0.38016129,0.0,0.07,0.0
2025-05-06 22:00:00,0.14,0.0,11.02844648275862,0.0,0.38016129,0.0,0.069,0.0
2025-05-06 23:00:00,0.1,0.0,10.92844648275862,0.0,0.38016129,0.0,0.072,0.0
2025-05-07 00:00:00,0.1,0.0,10.82844648275862,0.0,0.37016129,0.0,0.075,0.0
2025-05-07 01:00:00,0.1,0.0,10.72844648275862,0.0,0.37016129,0.0,0.071,0.0
2025-05-07 02:00:00,0.1,0.0,10.62844648275862,0.0,0.37016129,0.0,0.071,0.0
2025-05-07 03:00:00,0.1,0.0,10.52844648275862,0.0,0.37016129,0.0,0.071,0.0
2025-05-07 04:00:00,0.11,0.0,10.418446482758622,0.0,0.37016129,0.0,0.072,0.0
2025-05-07 05:00:00,0.92,0.023251,9.521697482758622,0.0,0.37016129,0.0,0.069,0.0
2025-05-07 06:00:00,0.39,0.274939,9.40663648275862,0.0,0.37016129,0.0,0.065,0.0
2025-05-07 07:00:00,0.26,0.708999,9.855635482758622,0.0,0.37016129,0.0,0.06,0.0
2025-05-07 08:00:00,0.38,1.0324680000000002,10.508103482758624,0.0,0.37016129,0.0,0.029,0.0
2025-05-07 09:00:00,0.13,3.0649499999999996,13.44305348275862,0.0,0.37016129,0.0,0.016,0.0
2025-05-07 10:00:00,2.4499999999999997,3.640779,13.5,0.0,0.37016129,1.1907790000000005,0.012,-0.014289348000000006
2025-05-07 11:00:00,2.679892307692308,3.970684,13.5,0.0,0.37016129,1.290791692307692,0.016,-0.020652667076923075
2025-05-07 12:00:00,2.7098923076923076,4.002349000000001,13.5,0.0,0.37016129,1.292456692307693,0.013,-0.01680193700000001
2025-05-07 13:00:00,2.6698923076923076,3.739052,13.5,0.0,0.37016129,1.0691596923076925,0.009,-0.009622437230769231
2025-05-07 14:00:00,2.44,3.231424,13.5,0.0,0.37016129,0.7914240000000001,0.009,-0.0071228160000000006
2025-05-07 15:00:00,0.15,2.368228,13.5,0.0,0.38016129,2.2182280000000003,0.007,-0.015527596000000003
2025-05-07 16:00:00,0.11,1.249907,13.5,0.0,0.40016129,1.139907,0.014,-0.015958698
2025-05-07 17:00:00,2.1026827586206895,0.369095,11.76641224137931,0.0,0.40016129,0.0,0.033,0.0
2025-05-07 18:00:00,2.0126827586206897,0.103453,9.85718248275862,0.0,0.40016129,0.0,0.08,0.0
2025-05-07 19:00:00,0.23,0.0,9.62718248275862,0.0,0.40016129,0.0,0.082,0.0
2025-05-07 20:00:00,0.14,0.0,9.48718248275862,0.0,0.40016129,0.0,0.073,0.0
2025-05-07 21:00:00,0.12,0.0,9.36718248275862,0.0,0.38016129,0.0,0.07,0.0
2025-05-07 22:00:00,0.14,0.0,9.22718248275862,0.0,0.38016129,0.0,0.069,0.0
2025-05-07 23:00:00,0.1,0.0,9.12718248275862,0.0,0.38016129,0.0,0.072,0.0
2025-05-08 00:00:00,0.09,0.0,9.03718248275862,0.0,0.37016129,0.0,0.075,0.0
2025-05-08 01:00:00,0.11,0.0,8.92718248275862,0.0,0.37016129,0.0,0.071,0.0
2025-05-08 02:00:00,0.45,0.0,8.477182482758622,0.0,0.37016129,0.0,0.071,0.0
2025-05-08 03:00:00,0.55,0.0,7.927182482758622,0.0,0.37016129,0.0,0.071,0.0
2025-05-08 04:00:00,0.56,0.0,7.367182482758622,0.0,0.37016129,0.0,0.072,0.0
2025-05-08 05:00:00,0.92,0.0,6.447182482758622,0.0,0.37016129,0.0,0.069,0.0
2025-05-08 06:00:00,0.41,0.293774,6.330956482758622,0.0,0.37016129,0.0,0.065,0.0
2025-05-08 07:00:00,0.97,1.002468,6.363424482758622,0.0,0.37016129,0.0,0.06,0.0
2025-05-08 08:00:00,0.8099999999999999,2.123797,7.677221482758622,0.0,0.37016129,0.0,0.029,0.0
2025-05-08 09:00:00,1.26,3.0564940000000003,9.473715482758625,0.0,0.37016129,0.0,0.016,0.0
2025-05-08 10:00:00,0.6699999999999999,3.716007,12.519722482758624,0.0,0.37016129,0.0,0.012,0.0
2025-05-08 11:00:00,0.8498923076923077,4.068105,13.5,0.0,0.37016129,3.2182126923076924,0.016,-0.05149140307692308
2025-05-08 12:00:00,0.5498923076923077,4.095973,13.5,0.0,0.37016129,3.546080692307692,0.013,-0.046099048999999996
2025-05-08 13:00:00,0.5398923076923077,3.81351,13.5,0.0,0.37016129,3.2736176923076923,0.009,-0.02946255923076923
2025-05-08 14:00:00,0.11,3.255737,13.5,0.0,0.37016129,3.145737,0.009,-0.028311633
2025-05-08 15:00:00,0.1,2.372696,13.5,0.0,0.38016129,2.272696,0.007,-0.015908871999999998
2025-05-08 16:00:00,0.1,1.238251,13.5,0.0,0.40016129,1.138251,0.014,-0.015935513999999998
2025-05-08 17:00:00,0.7526827586206897,0.327319,13.074636241379311,0.0,0.40016129,0.0,0.033,0.0
2025-05-08 18:00:00,2.3726827586206896,0.105269,10.807222482758622,0.0,0.40016129,0.0,0.08,0.0
2025-05-08 19:00:00,0.18,0.0,10.627222482758622,0.0,0.40016129,0.0,0.082,0.0
2025-05-08 20:00:00,0.19,0.0,10.437222482758624,0.0,0.40016129,0.0,0.073,0.0
2025-05-08 21:00:00,0.15,0.0,10.287222482758622,0.0,0.38016129,0.0,0.07,0.0
2025-05-08 22:00:00,0.18,0.0,10.107222482758624,0.0,0.38016129,0.0,0.069,0.0
2025-05-08 23:00:00,0.1,0.0,10.007222482758625,0.0,0.38016129,0.0,0.072,0.0
2025-05-09 00:00:00,0.11,0.0,9.897222482758623,0.0,0.37016129,0.0,0.075,0.0
2025-05-09 01:00:00,0.1,0.0,9.797222482758624,0.0,0.37016129,0.0,0.071,0.0
2025-05-09 02:00:00,0.1,0.0,9.697222482758624,0.0,0.37016129,0.0,0.071,0.0
2025-05-09 03:00:00,0.4600000000000001,0.0,9.237222482758623,0.0,0.37016129,0.0,0.071,0.0
2025-05-09 04:00:00,0.5599999999999999,0.0,8.677222482758623,0.0,0.37016129,0.0,0.072,0.0
2025-05-09 05:00:00,1.01,0.0296069999999999,7.6968294827586226,0.0,0.37016129,0.0,0.069,0.0
2025-05-09 06:00:00,0.11,0.25172,7.838549482758623,0.0,0.37016129,0.0,0.065,0.0
2025-05-09 07:00:00,0.21,0.974788,8.603337482758622,0.0,0.37016129,0.0,0.06,0.0
2025-05-09 08:00:00,0.2299999999999999,2.139905,10.513242482758622,0.0,0.37016129,0.0,0.029,0.0
2025-05-09 09:00:00,0.27,3.08679,13.330032482758622,0.0,0.37016129,0.0,0.016,0.0
2025-05-09 10:00:00,2.48,3.66661,13.5,0.0,0.37016129,1.18661,0.012,-0.01423932
2025-05-09 11:00:00,3.0247307692307692,4.006301,13.5,0.0,0.37016129,0.9815702307692304,0.016,-0.015705123692307688
2025-05-09 12:00:00,3.0447307692307692,4.045388,13.5,0.0,0.37016129,1.0006572307692307,0.013,-0.013008543999999999
2025-05-09 13:00:00,3.114730769230769,3.781186,13.5,0.0,0.37016129,0.6664552307692309,0.009,-0.005998097076923077
2025-05-09 14:00:00,2.47,3.223652,13.5,0.0,0.37016129,0.7536519999999998,0.009,-0.0067828679999999975
2025-05-09 15:00:00,0.17,2.369943,13.5,0.0,0.38016129,2.199943,0.007,-0.015399601000000002
2025-05-09 16:00:00,0.16,1.208199,13.5,0.0,0.40016129,1.048199,0.014,-0.014674786000000002
2025-05-09 17:00:00,1.7417068965517244,0.282505,12.040798103448276,0.0,0.40016129,0.0,0.033,0.0
2025-05-09 18:00:00,1.9017068965517243,0.095578,10.234669206896552,0.0,0.40016129,0.0,0.08,0.0
2025-05-09 19:00:00,0.1699999999999999,0.0,10.064669206896552,0.0,0.40016129,0.0,0.082,0.0
2025-05-09 20:00:00,0.18,0.0,9.884669206896552,0.0,0.40016129,0.0,0.073,0.0
2025-05-09 21:00:00,0.33,0.0,9.554669206896552,0.0,0.38016129,0.0,0.07,0.0
2025-05-09 22:00:00,0.1699999999999999,0.0,9.384669206896552,0.0,0.38016129,0.0,0.069,0.0
2025-05-09 23:00:00,0.11,0.0,9.274669206896553,0.0,0.38016129,0.0,0.072,0.0
2025-05-10 00:00:00,0.11,0.0,9.164669206896551,0.0,0.37016129,0.0,0.075,0.0
2025-05-10 01:00:00,0.1,0.0,9.064669206896554,0.0,0.37016129,0.0,0.071,0.0
2025-05-10 02:00:00,0.09,0.0,8.974669206896554,0.0,0.37016129,0.0,0.071,0.0
2025-05-10 03:00:00,0.1,0.0,8.874669206896554,0.0,0.37016129,0.0,0.071,0.0
2025-05-10 04:00:00,0.1,0.0,8.774669206896554,0.0,0.37016129,0.0,0.072,0.0
2025-05-10 05:00:00,0.41,0.035587,8.400256206896554,0.0,0.37016129,0.0,0.069,0.0
2025-05-10 06:00:00,0.8799999999999999,0.244341,7.764597206896554,0.0,0.37016129,0.0,0.065,0.0
2025-05-10 07:00:00,0.34,0.95033,8.374927206896555,0.0,0.37016129,0.0,0.06,0.0
2025-05-10 08:00:00,0.19,2.084897,10.269824206896557,0.0,0.37016129,0.0,0.029,0.0
2025-05-10 09:00:00,0.12,2.958943,13.108767206896555,0.0,0.37016129,0.0,0.016,0.0
2025-05-10 10:00:00,2.42,3.514019,13.5,0.0,0.37016129,1.0940189999999999,0.012,-0.013128227999999999
2025-05-10 11:00:00,3.0347307692307695,3.847805,13.5,0.0,0.37016129,0.8130742307692307,0.016,-0.01300918769230769
2025-05-10 12:00:00,3.184730769230769,3.885493,13.5,0.0,0.37016129,0.7007622307692309,0.013,-0.009109909000000001
2025-05-10 13:00:00,3.134730769230769,3.659669,13.5,0.0,0.37016129,0.524938230769231,0.009,-0.0047244440769230785
2025-05-10 14:00:00,2.55,3.159393,13.5,0.0,0.37016129,0.6093930000000003,0.009,-0.005484537000000002
2025-05-10 15:00:00,0.22,2.310336,13.5,0.0,0.38016129,2.0903359999999997,0.007,-0.014632351999999998
2025-05-10 16:00:00,0.2,1.178239,13.5,0.0,0.40016129,0.9782390000000001,0.014,-0.013695346
2025-05-10 17:00:00,1.7317068965517244,0.27701,12.045303103448276,0.0,0.40016129,0.0,0.033,0.0
2025-05-10 18:00:00,1.801706896551724,0.0988769999999999,10.342473206896551,0.0,0.40016129,0.0,0.08,0.0
2025-05-10 19:00:00,0.13,0.0,10.212473206896552,0.0,0.40016129,0.0,0.082,0.0
2025-05-10 20:00:00,0.23,0.0,9.982473206896552,0.0,0.40016129,0.0,0.073,0.0
2025-05-10 21:00:00,0.25,0.0,9.732473206896552,0.0,0.38016129,0.0,0.07,0.0
2025-05-10 22:00:00,0.5700000000000001,0.0,9.162473206896552,0.0,0.38016129,0.0,0.069,0.0
2025-05-10 23:00:00,0.63,0.0,8.532473206896551,0.0,0.38016129,0.0,0.072,0.0
2025-05-11 00:00:00,0.1,0.0,8.432473206896551,0.0,0.37016129,0.0,0.075,0.0
2025-05-11 01:00:00,0.1,0.0,8.332473206896552,0.0,0.37016129,0.0,0.071,0.0
2025-05-11 02:00:00,0.46,0.0,7.872473206896552,0.0,0.37016129,0.0,0.071,0.0
2025-05-11 03:00:00,0.56,0.0,7.312473206896552,0.0,0.37016129,0.0,0.071,0.0
2025-05-11 04:00:00,1.02,0.0,6.2924732068965525,0.0,0.37016129,0.0,0.072,0.0
2025-05-11 05:00:00,0.57,0.04356,5.7660332068965525,0.0,0.37016129,0.0,0.069,0.0
2025-05-11 06:00:00,0.5,0.283138,5.549171206896553,0.0,0.37016129,0.0,0.065,0.0
2025-05-11 07:00:00,1.94,0.6856319999999999,4.294803206896553,0.0,0.37016129,0.0,0.06,0.0
2025-05-11 08:00:00,1.02,2.068338,5.343141206896553,0.0,0.37016129,0.0,0.029,0.0
2025-05-11 09:00:00,0.19,1.983415,7.136556206896554,0.0,0.37016129,0.0,0.016,0.0
2025-05-11 10:00:00,2.46,2.326783,7.003339206896554,0.0,0.37016129,0.0,0.012,0.0
2025-05-11 11:00:00,2.605818681318681,3.813169,8.210689525577873,0.0,0.37016129,0.0,0.016,0.0
2025-05-11 12:00:00,2.595818681318681,3.839179,9.454049844259192,0.0,0.37016129,0.0,0.013,0.0
2025-05-11 13:00:00,2.7258186813186813,3.584325,10.31255616294051,0.0,0.37016129,0.0,0.009,0.0
2025-05-11 14:00:00,2.52,3.1056060000000003,10.89816216294051,0.0,0.37016129,0.0,0.009,0.0
2025-05-11 15:00:00,0.24,2.258179,12.91634116294051,0.0,0.38016129,0.0,0.007,0.0
2025-05-11 16:00:00,0.13,1.152472,13.5,0.0,0.40016129,1.022472,0.014,-0.014314608000000001
2025-05-11 17:00:00,0.590772577996716,0.293633,13.202860422003283,0.0,0.40016129,0.0,0.033,0.0
2025-05-11 18:00:00,0.600772577996716,0.107386,12.709473844006569,0.0,0.40016129,0.0,0.08,0.0
2025-05-11 19:00:00,0.16,0.0,12.549473844006569,0.0,0.40016129,0.0,0.082,0.0
2025-05-11 20:00:00,0.26,0.0,12.289473844006569,0.0,0.40016129,0.0,0.073,0.0
2025-05-11 21:00:00,0.26,0.0,12.029473844006567,0.0,0.38016129,0.0,0.07,0.0
2025-05-11 22:00:00,0.15,0.0,11.879473844006569,0.0,0.38016129,0.0,0.069,0.0
2025-05-11 23:00:00,0.11,0.0,11.769473844006567,0.0,0.38016129,0.0,0.072,0.0
2025-05-12 00:00:00,0.11,0.0,11.659473844006568,0.0,0.37016129,0.0,0.075,0.0
2025-05-12 01:00:00,0.11,0.0,11.549473844006569,0.0,0.37016129,0.0,0.071,0.0
2025-05-12 02:00:00,0.11,0.0,11.439473844006567,0.0,0.37016129,0.0,0.071,0.0
2025-05-12 03:00:00,0.12,0.0,11.31947384400657,0.0,0.37016129,0.0,0.071,0.0
2025-05-12 04:00:00,0.11,0.0,11.20947384400657,0.0,0.37016129,0.0,0.072,0.0
2025-05-12 05:00:00,0.4499999999999999,0.047767,10.80724084400657,0.0,0.37016129,0.0,0.069,0.0
2025-05-12 06:00:00,0.49,0.2850129999999999,10.602253844006569,0.0,0.37016129,0.0,0.065,0.0
2025-05-12 07:00:00,0.51,0.922908,11.015161844006569,0.0,0.37016129,0.0,0.06,0.0
2025-05-12 08:00:00,0.4800000000000001,2.050747,12.585908844006568,0.0,0.37016129,0.0,0.029,0.0
2025-05-12 09:00:00,0.19,2.912395,13.5,0.0,0.37016129,2.722395,0.016,-0.043558320000000005
2025-05-12 10:00:00,0.15,3.4770909999999997,13.5,0.0,0.37016129,3.327091,0.012,-0.039925091999999995
2025-05-12 11:00:00,0.3858186813186813,3.771408,13.5,0.0,0.37016129,3.3855893186813186,0.016,-0.0541694290989011
2025-05-12 12:00:00,0.3858186813186813,3.822441,13.5,0.0,0.37016129,3.4366223186813185,0.013,-0.04467609014285714
2025-05-12 13:00:00,0.4558186813186814,3.580593,13.5,0.0,0.37016129,3.1247743186813186,0.009,-0.028122968868131867
2025-05-12 14:00:00,0.24,3.081458,13.5,0.0,0.37016129,2.8414580000000003,0.009,-0.025573122
2025-05-12 15:00:00,0.15,2.264279,13.5,0.0,0.38016129,2.1142790000000002,0.007,-0.014799953000000003
2025-05-12 16:00:00,0.28,1.1436769999999998,13.5,0.0,0.40016129,0.8636769999999998,0.014,-0.012091477999999998
2025-05-12 17:00:00,0.640772577996716,0.263271,13.122498422003284,0.0,0.40016129,0.0,0.033,0.0
2025-05-12 18:00:00,0.7807725779967161,0.102069,12.443794844006568,0.0,0.40016129,0.0,0.08,0.0
2025-05-12 19:00:00,0.14,0.0,12.303794844006568,0.0,0.40016129,0.0,0.082,0.0
2025-05-12 20:00:00,0.24,0.0,12.063794844006567,0.0,0.40016129,0.0,0.073,0.0
2025-05-12 21:00:00,0.21,0.0,11.853794844006568,0.0,0.38016129,0.0,0.07,0.0
2025-05-12 22:00:00,0.1,0.0,11.753794844006569,0.0,0.38016129,0.0,0.069,0.0
2025-05-12 23:00:00,0.11,0.0,11.643794844006568,0.0,0.38016129,0.0,0.072,0.0
2025-05-13 00:00:00,0.09,0.0,11.553794844006568,0.0,0.37016129,0.0,0.075,0.0
2025-05-13 01:00:00,0.1,0.0,11.453794844006568,0.0,0.37016129,0.0,0.071,0.0
2025-05-13 02:00:00,0.1,0.0,11.353794844006568,0.0,0.37016129,0.0,0.071,0.0
2025-05-13 03:00:00,0.11,0.0,11.243794844006567,0.0,0.37016129,0.0,0.071,0.0
2025-05-13 04:00:00,0.55,0.0,10.693794844006568,0.0,0.37016129,0.0,0.072,0.0
2025-05-13 05:00:00,0.74,0.049844,10.003638844006568,0.0,0.37016129,0.0,0.069,0.0
2025-05-13 06:00:00,0.11,0.2716,10.165238844006568,0.0,0.37016129,0.0,0.065,0.0
2025-05-13 07:00:00,0.12,0.6004769999999999,10.645715844006569,0.0,0.37016129,0.0,0.06,0.0
2025-05-13 08:00:00,0.43,0.733789,10.949504844006569,0.0,0.37016129,0.0,0.029,0.0
2025-05-13 09:00:00,0.1,1.395706,12.245210844006568,0.0,0.37016129,0.0,0.016,0.0
2025-05-13 10:00:00,0.09,2.360469,13.5,0.0,0.37016129,2.2704690000000003,0.012,-0.027245628000000004
2025-05-13 11:00:00,0.2558186813186813,2.785543,13.5,0.0,0.37016129,2.529724318681319,0.016,-0.0404755890989011
2025-05-13 12:00:00,0.2658186813186813,2.805767,13.5,0.0,0.37016129,2.5399483186813185,0.013,-0.033019328142857136
2025-05-13 13:00:00,0.2658186813186813,1.669202,13.5,0.0,0.37016129,1.4033833186813187,0.009,-0.012630449868131867
2025-05-13 14:00:00,0.11,1.512193,13.5,0.0,0.37016129,1.4021929999999998,0.009,-0.012619736999999997
2025-05-13 15:00:00,0.1,1.060825,13.5,0.0,0.38016129,0.9608249999999999,0.007,-0.006725775
2025-05-13 16:00:00,0.1,0.716703,13.5,0.0,0.40016129,0.616703,0.014,-0.008633842000000001
2025-05-13 17:00:00,0.610772577996716,0.2625679999999999,13.151795422003284,0.0,0.40016129,0.0,0.033,0.0
2025-05-13 18:00:00,0.580772577996716,0.111164,12.682186844006567,0.0,0.40016129,0.0,0.08,0.0
2025-05-13 19:00:00,0.1,0.0,12.582186844006568,0.0,0.40016129,0.0,0.082,0.0
2025-05-13 20:00:00,0.19,0.0,12.392186844006568,0.0,0.40016129,0.0,0.073,0.0
2025-05-13 21:00:00,0.26,0.0,12.132186844006569,0.0,0.38016129,0.0,0.07,0.0
2025-05-13 22:00:00,0.32,0.0,11.812186844006568,0.0,0.38016129,0.0,0.069,0.0
2025-05-13 23:00:00,0.1,0.0,11.712186844006569,0.0,0.38016129,0.0,0.072,0.0
2025-05-14 00:00:00,0.1,0.0,11.612186844006567,0.0,0.37016129,0.0,0.075,0.0
2025-05-14 01:00:00,0.1,0.0,11.51218684400657,0.0,0.37016129,0.0,0.071,0.0
2025-05-14 02:00:00,0.54,0.0,10.972186844006568,0.0,0.37016129,0.0,0.071,0.0
2025-05-14 03:00:00,0.49,0.0,10.482186844006568,0.0,0.37016129,0.0,0.071,0.0
2025-05-14 04:00:00,0.94,0.0,9.542186844006569,0.0,0.37016129,0.0,0.072,0.0
2025-05-14 05:00:00,0.5499999999999999,0.057118,9.049304844006569,0.0,0.37016129,0.0,0.069,0.0
2025-05-14 06:00:00,0.5700000000000001,0.252442,8.731746844006569,0.0,0.37016129,0.0,0.065,0.0
2025-05-14 07:00:00,0.21,0.185052,8.706798844006569,0.0,0.37016129,0.0,0.06,0.0
2025-05-14 08:00:00,0.21,0.757891,9.254689844006569,0.0,0.37016129,0.0,0.029,0.0
2025-05-14 09:00:00,0.2,0.708032,9.762721844006569,0.0,0.37016129,0.0,0.016,0.0
2025-05-14 10:00:00,2.47,0.736118,8.02883984400657,0.0,0.37016129,0.0,0.012,0.0
2025-05-14 11:00:00,2.5758186813186814,1.448713,6.901734162687887,0.0,0.37016129,0.0,0.016,0.0
2025-05-14 12:00:00,2.6858186813186813,1.580042,5.795957481369206,0.0,0.37016129,0.0,0.013,0.0
2025-05-14 13:00:00,2.5758186813186814,3.228386,6.448524800050524,0.0,0.37016129,0.0,0.009,0.0
2025-05-14 14:00:00,2.4099999999999997,1.890009,5.928533800050525,0.0,0.37016129,0.0,0.009,0.0
2025-05-14 15:00:00,0.1,1.771433,7.599966800050526,0.0,0.38016129,0.0,0.007,0.0
2025-05-14 16:00:00,0.11,0.727793,8.217759800050526,0.0,0.40016129,0.0,0.014,0.0
2025-05-14 17:00:00,1.520772577996716,0.2812699999999999,6.97825722205381,0.0,0.40016129,0.0,0.033,0.0
2025-05-14 18:00:00,2.5207725779967163,0.128058,4.585542644057094,0.0,0.40016129,0.0,0.08,0.0
2025-05-14 19:00:00,0.16,0.0,4.425542644057094,0.0,0.40016129,0.0,0.082,0.0
2025-05-14 20:00:00,0.56,0.0,3.865542644057094,0.0,0.40016129,0.0,0.073,0.0
2025-05-14 21:00:00,0.16,0.0,3.7055426440570938,0.0,0.38016129,0.0,0.07,0.0
2025-05-14 22:00:00,0.43,0.0,3.2755426440570936,0.0,0.38016129,0.0,0.069,0.0
2025-05-14 23:00:00,0.28,0.0,2.995542644057094,0.0,0.38016129,0.0,0.072,0.0
2025-05-15 00:00:00,0.6000000000000001,0.0,2.3955426440570933,0.0,0.37016129,0.0,0.075,0.0
2025-05-15 01:00:00,0.1,0.0,2.295542644057093,0.0,0.37016129,0.0,0.071,0.0
2025-05-15 02:00:00,0.1,0.0,2.195542644057093,0.0,0.37016129,0.0,0.071,0.0
2025-05-15 03:00:00,0.79,0.0,1.405542644057093,0.0,0.37016129,0.0,0.071,0.0
2025-05-15 04:00:00,0.82,0.0,0.5855426440570931,0.0,0.37016129,0.0,0.072,0.0
2025-05-15 05:00:00,0.6400000000000001,0.06377,0.0093126440570929,0.0,0.37016129,0.0,0.069,0.0
2025-05-15 06:00:00,0.58,0.199493,0.0,0.371194355942907,0.37016129,0.0,0.065,0.13740178163654562
2025-05-15 07:00:00,0.13,0.756232,0.626232,0.0,0.37016129,0.0,0.06,0.0
2025-05-15 08:00:00,0.09,1.197466,1.733698,0.0,0.37016129,0.0,0.029,0.0
2025-05-15 09:00:00,0.1,2.986004,4.619702,0.0,0.37016129,0.0,0.016,0.0
2025-05-15 10:00:00,0.1,3.596128,8.11583,0.0,0.37016129,0.0,0.012,0.0
2025-05-15 11:00:00,0.2758186813186813,3.907551,11.74756231868132,0.0,0.37016129,0.0,0.016,0.0
2025-05-15 12:00:00,0.2658186813186813,3.932332,13.5,0.0,0.37016129,3.666513318681319,0.013,-0.04766467314285714
2025-05-15 13:00:00,0.2758186813186813,3.688738,13.5,0.0,0.37016129,3.4129193186813187,0.009,-0.030716273868131867
2025-05-15 14:00:00,0.1,3.1263609999999997,13.5,0.0,0.37016129,3.0263609999999996,0.009,-0.027237248999999995
2025-05-15 15:00:00,0.11,2.26656,13.5,0.0,0.38016129,2.1565600000000003,0.007,-0.015095920000000002
2025-05-15 16:00:00,0.1,1.166105,13.5,0.0,0.40016129,1.0661049999999999,0.014,-0.014925469999999998
2025-05-15 17:00:00,0.570772577996716,0.317888,13.247115422003285,0.0,0.40016129,0.0,0.033,0.0
2025-05-15 18:00:00,2.860772577996716,0.125753,10.512095844006568,0.0,0.40016129,0.0,0.08,0.0
2025-05-15 19:00:00,0.86,0.0,9.652095844006569,0.0,0.40016129,0.0,0.082,0.0
2025-05-15 20:00:00,0.21,0.0,9.442095844006568,0.0,0.40016129,0.0,0.073,0.0
2025-05-15 21:00:00,0.1699999999999999,0.0,9.272095844006568,0.0,0.38016129,0.0,0.07,0.0
2025-05-15 22:00:00,0.16,0.0,9.112095844006568,0.0,0.38016129,0.0,0.069,0.0
2025-05-15 23:00:00,0.11,0.0,9.002095844006568,0.0,0.38016129,0.0,0.072,0.0
2025-05-16 00:00:00,0.11,0.0,8.892095844006569,0.0,0.37016129,0.0,0.075,0.0
2025-05-16 01:00:00,0.1,0.0,8.79209584400657,0.0,0.37016129,0.0,0.071,0.0
2025-05-16 02:00:00,0.1,0.0,8.69209584400657,0.0,0.37016129,0.0,0.071,0.0
2025-05-16 03:00:00,0.09,0.0,8.60209584400657,0.0,0.37016129,0.0,0.071,0.0
2025-05-16 04:00:00,0.72,0.0,7.88209584400657,0.0,0.37016129,0.0,0.072,0.0
2025-05-16 05:00:00,0.8600000000000001,0.048758,7.07085384400657,0.0,0.37016129,0.0,0.069,0.0
2025-05-16 06:00:00,0.49,0.263863,6.84471684400657,0.0,0.37016129,0.0,0.065,0.0
2025-05-16 07:00:00,0.27,0.91003,7.484746844006571,0.0,0.37016129,0.0,0.06,0.0
2025-05-16 08:00:00,0.22,2.043917,9.30866384400657,0.0,0.37016129,0.0,0.029,0.0
2025-05-16 09:00:00,0.12,2.97423,12.16289384400657,0.0,0.37016129,0.0,0.016,0.0
2025-05-16 10:00:00,2.47,2.790419,12.48331284400657,0.0,0.37016129,0.0,0.012,0.0
2025-05-16 11:00:00,2.605818681318681,3.283697,13.161191162687889,0.0,0.37016129,0.0,0.016,0.0
2025-05-16 12:00:00,2.5758186813186814,3.876116,13.5,0.0,0.37016129,1.3002973186813187,0.013,-0.016903865142857143
2025-05-16 13:00:00,2.6258186813186812,3.273594,13.5,0.0,0.37016129,0.6477753186813189,0.009,-0.005829977868131869
2025-05-16 14:00:00,2.4099999999999997,2.796191,13.5,0.0,0.37016129,0.3861910000000002,0.009,-0.0034757190000000012
2025-05-16 15:00:00,0.11,1.778075,13.5,0.0,0.38016129,1.668075,0.007,-0.011676525
2025-05-16 16:00:00,0.12,1.075582,13.5,0.0,0.40016129,0.955582,0.014,-0.013378148000000001
2025-05-16 17:00:00,1.640772577996716,0.28668,12.145907422003283,0.0,0.40016129,0.0,0.033,0.0
2025-05-16 18:00:00,1.880772577996716,0.117265,10.382399844006567,0.0,0.40016129,0.0,0.08,0.0
2025-05-16 19:00:00,0.23,0.0,10.152399844006569,0.0,0.40016129,0.0,0.082,0.0
2025-05-16 20:00:00,0.38,0.0,9.772399844006566,0.0,0.40016129,0.0,0.073,0.0
2025-05-16 21:00:00,0.21,0.0,9.562399844006563,0.0,0.38016129,0.0,0.07,0.0
2025-05-16 22:00:00,0.16,0.0,9.402399844006563,0.0,0.38016129,0.0,0.069,0.0
2025-05-16 23:00:00,0.11,0.0,9.292399844006566,0.0,0.38016129,0.0,0.072,0.0
2025-05-17 00:00:00,0.11,0.0,9.182399844006566,0.0,0.37016129,0.0,0.075,0.0
2025-05-17 01:00:00,0.09,0.0,9.092399844006566,0.0,0.37016129,0.0,0.071,0.0
2025-05-17 02:00:00,0.1,0.0,8.992399844006567,0.0,0.37016129,0.0,0.071,0.0
2025-05-17 03:00:00,0.6000000000000001,0.0,8.392399844006567,0.0,0.37016129,0.0,0.071,0.0
2025-05-17 04:00:00,0.5599999999999999,0.0,7.832399844006567,0.0,0.37016129,0.0,0.072,0.0
2025-05-17 05:00:00,0.94,0.065041,6.957440844006568,0.0,0.37016129,0.0,0.069,0.0
2025-05-17 06:00:00,0.63,0.188606,6.516046844006568,0.0,0.37016129,0.0,0.065,0.0
2025-05-17 07:00:00,0.65,0.871764,6.737810844006568,0.0,0.37016129,0.0,0.06,0.0
2025-05-17 08:00:00,0.66,2.059559,8.137369844006567,0.0,0.37016129,0.0,0.029,0.0
2025-05-17 09:00:00,0.11,2.980622,11.007991844006568,0.0,0.37016129,0.0,0.016,0.0
2025-05-17 10:00:00,2.4,3.583598,12.191589844006568,0.0,0.37016129,0.0,0.012,0.0
2025-05-17 11:00:00,2.5758186813186814,3.896776,13.5,0.0,0.37016129,1.3209573186813186,0.016,-0.0211353170989011
2025-05-17 12:00:00,2.615818681318681,3.917647,13.5,0.0,0.37016129,1.301828318681319,0.013,-0.01692376814285715
2025-05-17 13:00:00,2.5758186813186814,3.664416,13.5,0.0,0.37016129,1.0885973186813187,0.009,-0.009797375868131867
2025-05-17 14:00:00,2.4299999999999997,3.113951,13.5,0.0,0.37016129,0.6839510000000004,0.009,-0.006155559000000003
2025-05-17 15:00:00,0.15,2.26212,13.5,0.0,0.38016129,2.11212,0.007,-0.01478484
2025-05-17 16:00:00,0.22,1.12509,13.5,0.0,0.40016129,0.90509,0.014,-0.01267126
2025-05-17 17:00:00,0.580772577996716,0.2766329999999999,13.195860422003284,0.0,0.40016129,0.0,0.033,0.0
2025-05-17 18:00:00,0.7907725779967161,0.123421,12.528508844006568,0.0,0.40016129,0.0,0.08,0.0
2025-05-17 19:00:00,0.13,0.0,12.398508844006567,0.0,0.40016129,0.0,0.082,0.0
2025-05-17 20:00:00,0.16,0.0,12.238508844006567,0.0,0.40016129,0.0,0.073,0.0
2025-05-17 21:00:00,0.13,0.0,12.108508844006566,0.0,0.38016129,0.0,0.07,0.0
2025-05-17 22:00:00,0.2,0.0,11.908508844006567,0.0,0.38016129,0.0,0.069,0.0
2025-05-17 23:00:00,0.6100000000000001,0.0,11.298508844006568,0.0,0.38016129,0.0,0.072,0.0
2025-05-18 00:00:00,0.5599999999999999,0.0,10.738508844006567,0.0,0.37016129,0.0,0.075,0.0
2025-05-18 01:00:00,0.7000000000000001,0.0,10.038508844006568,0.0,0.37016129,0.0,0.071,0.0
2025-05-18 02:00:00,0.85,0.0,9.188508844006568,0.0,0.37016129,0.0,0.071,0.0
2025-05-18 03:00:00,1.27,0.0,7.918508844006569,0.0,0.37016129,0.0,0.071,0.0
2025-05-18 04:00:00,0.64,0.0,7.278508844006569,0.0,0.37016129,0.0,0.072,0.0
2025-05-18 05:00:00,1.0,0.07407,6.352578844006569,0.0,0.37016129,0.0,0.069,0.0
2025-05-18 06:00:00,1.02,0.255917,5.588495844006569,0.0,0.37016129,0.0,0.065,0.0
2025-05-18 07:00:00,0.27,0.916058,6.234553844006569,0.0,0.37016129,0.0,0.06,0.0
2025-05-18 08:00:00,0.45,2.068997,7.853550844006569,0.0,0.37016129,0.0,0.029,0.0
2025-05-18 09:00:00,0.22,2.993817,10.627367844006567,0.0,0.37016129,0.0,0.016,0.0
2025-05-18 10:00:00,2.51,3.551148,11.668515844006569,0.0,0.37016129,0.0,0.012,0.0
2025-05-18 11:00:00,2.8073653846153848,3.847521,12.708671459391184,0.0,0.37016129,0.0,0.016,0.0
2025-05-18 12:00:00,2.8173653846153845,3.852935,13.5,0.0,0.37016129,1.0355696153846154,0.013,-0.013462405
2025-05-18 13:00:00,3.1673653846153846,3.609527,13.5,0.0,0.37016129,0.4421616153846153,0.009,-0.003979454538461537
2025-05-18 14:00:00,4.85,3.070266,11.720266,0.0,0.37016129,0.0,0.009,0.0
2025-05-18 15:00:00,2.79,2.2237240000000003,11.15399,0.0,0.38016129,0.0,0.007,0.0
2025-05-18 16:00:00,1.16,1.112475,11.106465,0.0,0.40016129,0.0,0.014,0.0
2025-05-18 17:00:00,1.025853448275862,0.252235,10.332846551724138,0.0,0.40016129,0.0,0.033,0.0
2025-05-18 18:00:00,1.1058534482758622,0.121186,9.348179103448276,0.0,0.40016129,0.0,0.08,0.0
2025-05-18 19:00:00,0.17,0.0,9.178179103448276,0.0,0.40016129,0.0,0.082,0.0
2025-05-18 20:00:00,0.28,0.0,8.898179103448276,0.0,0.40016129,0.0,0.073,0.0
2025-05-18 21:00:00,0.16,0.0,8.738179103448276,0.0,0.38016129,0.0,0.07,0.0
2025-05-18 22:00:00,0.11,0.0,8.628179103448277,0.0,0.38016129,0.0,0.069,0.0
2025-05-18 23:00:00,0.1,0.0,8.528179103448277,0.0,0.38016129,0.0,0.072,0.0
2025-05-19 00:00:00,0.1,0.0,8.428179103448278,0.0,0.37016129,0.0,0.075,0.0
2025-05-19 01:00:00,0.1,0.0,8.328179103448278,0.0,0.37016129,0.0,0.071,0.0
2025-05-19 02:00:00,0.1,0.0,8.228179103448278,0.0,0.37016129,0.0,0.071,0.0
2025-05-19 03:00:00,0.11,0.0,8.118179103448279,0.0,0.37016129,0.0,0.071,0.0
2025-05-19 04:00:00,0.15,0.0,7.9681791034482785,0.0,0.37016129,0.0,0.072,0.0
2025-05-19 05:00:00,1.35,0.074318,6.692497103448279,0.0,0.37016129,0.0,0.069,0.0
2025-05-19 06:00:00,0.6,0.2420459999999999,6.334543103448278,0.0,0.37016129,0.0,0.065,0.0
2025-05-19 07:00:00,0.16,0.882107,7.056650103448279,0.0,0.37016129,0.0,0.06,0.0
2025-05-19 08:00:00,0.3299999999999999,1.988019,8.714669103448278,0.0,0.37016129,0.0,0.029,0.0
2025-05-19 09:00:00,0.29,2.859432,11.28410110344828,0.0,0.37016129,0.0,0.016,0.0
2025-05-19 10:00:00,0.14,3.415278,13.5,0.0,0.37016129,3.2752779999999997,0.012,-0.039303335999999994
2025-05-19 11:00:00,0.5573653846153848,3.703673,13.5,0.0,0.37016129,3.1463076153846155,0.016,-0.050340921846153845
2025-05-19 12:00:00,0.4273653846153847,3.719603,13.5,0.0,0.37016129,3.2922376153846153,0.013,-0.042799089
2025-05-19 13:00:00,0.3973653846153847,3.486488,13.5,0.0,0.37016129,3.0891226153846154,0.009,-0.027802103538461537
2025-05-19 14:00:00,0.16,2.967293,13.5,0.0,0.37016129,2.807293,0.009,-0.025265636999999997
2025-05-19 15:00:00,0.14,2.16083,13.5,0.0,0.38016129,2.0208299999999997,0.007,-0.014145809999999998
2025-05-19 16:00:00,0.21,1.077157,13.5,0.0,0.40016129,0.867157,0.014,-0.012140198
2025-05-19 17:00:00,1.005853448275862,0.270185,12.76433155172414,0.0,0.40016129,0.0,0.033,0.0
2025-05-19 18:00:00,1.005853448275862,0.118921,11.877399103448276,0.0,0.40016129,0.0,0.08,0.0
2025-05-19 19:00:00,0.15,0.0,11.727399103448276,0.0,0.40016129,0.0,0.082,0.0
2025-05-19 20:00:00,0.5700000000000001,0.0,11.157399103448276,0.0,0.40016129,0.0,0.073,0.0
2025-05-19 21:00:00,0.15,0.0,11.007399103448275,0.0,0.38016129,0.0,0.07,0.0
2025-05-19 22:00:00,0.21,0.0,10.797399103448274,0.0,0.38016129,0.0,0.069,0.0
2025-05-19 23:00:00,0.2,0.0,10.597399103448277,0.0,0.38016129,0.0,0.072,0.0
2025-05-20 00:00:00,0.2,0.0,10.397399103448276,0.0,0.37016129,0.0,0.075,0.0
2025-05-20 01:00:00,0.19,0.0,10.207399103448276,0.0,0.37016129,0.0,0.071,0.0
2025-05-20 02:00:00,0.19,0.0,10.017399103448277,0.0,0.37016129,0.0,0.071,0.0
2025-05-20 03:00:00,0.54,0.0,9.477399103448278,0.0,0.37016129,0.0,0.071,0.0
2025-05-20 04:00:00,0.63,0.0,8.847399103448277,0.0,0.37016129,0.0,0.072,0.0
2025-05-20 05:00:00,0.79,0.07733,8.134729103448278,0.0,0.37016129,0.0,0.069,0.0
2025-05-20 06:00:00,0.65,0.256961,7.741690103448278,0.0,0.37016129,0.0,0.065,0.0
2025-05-20 07:00:00,0.14,0.854198,8.455888103448277,0.0,0.37016129,0.0,0.06,0.0
2025-05-20 08:00:00,0.1,1.933695,10.289583103448278,0.0,0.37016129,0.0,0.029,0.0
2025-05-20 09:00:00,0.1,2.8062069999999997,12.995790103448275,0.0,0.37016129,0.0,0.016,0.0
2025-05-20 10:00:00,0.1,3.335895,13.5,0.0,0.37016129,3.2358949999999997,0.012,-0.038830739999999996
2025-05-20 11:00:00,0.3973653846153847,3.624382,13.5,0.0,0.37016129,3.2270166153846156,0.016,-0.05163226584615385
2025-05-20 12:00:00,0.3873653846153847,3.651647,13.5,0.0,0.37016129,3.2642816153846153,0.013,-0.042435661
2025-05-20 13:00:00,0.3873653846153847,3.440283,13.5,0.0,0.37016129,3.052917615384615,0.009,-0.027476258538461536
2025-05-20 14:00:00,0.1,2.946731,13.5,0.0,0.37016129,2.846731,0.009,-0.025620578999999997
2025-05-20 15:00:00,0.1,2.147793,13.5,0.0,0.38016129,2.047793,0.007,-0.014334551000000001
2025-05-20 16:00:00,0.1,1.065672,13.5,0.0,0.40016129,0.965672,0.014,-0.013519408
2025-05-20 17:00:00,0.925853448275862,0.260613,12.834759551724138,0.0,0.40016129,0.0,0.033,0.0
2025-05-20 18:00:00,1.0758534482758622,0.12022,11.879126103448275,0.0,0.40016129,0.0,0.08,0.0
2025-05-20 19:00:00,0.27,0.0,11.609126103448276,0.0,0.40016129,0.0,0.082,0.0
2025-05-20 20:00:00,0.21,0.0,11.399126103448276,0.0,0.40016129,0.0,0.073,0.0
2025-05-20 21:00:00,0.22,0.0,11.179126103448276,0.0,0.38016129,0.0,0.07,0.0
2025-05-20 22:00:00,0.21,0.0,10.969126103448277,0.0,0.38016129,0.0,0.069,0.0
2025-05-20 23:00:00,0.11,0.0,10.859126103448276,0.0,0.38016129,0.0,0.072,0.0
2025-05-21 00:00:00,0.11,0.0,10.749126103448276,0.0,0.37016129,0.0,0.075,0.0
2025-05-21 01:00:00,0.11,0.0,10.639126103448277,0.0,0.37016129,0.0,0.071,0.0
2025-05-21 02:00:00,0.46,0.0,10.179126103448276,0.0,0.37016129,0.0,0.071,0.0
2025-05-21 03:00:00,0.93,0.0,9.249126103448276,0.0,0.37016129,0.0,0.071,0.0
2025-05-21 04:00:00,0.5599999999999999,0.0,8.689126103448276,0.0,0.37016129,0.0,0.072,0.0
2025-05-21 05:00:00,0.93,0.081034,7.840160103448276,0.0,0.37016129,0.0,0.069,0.0
2025-05-21 06:00:00,0.64,0.256586,7.456746103448276,0.0,0.37016129,0.0,0.065,0.0
2025-05-21 07:00:00,0.1699999999999999,0.845121,8.131867103448275,0.0,0.37016129,0.0,0.06,0.0
2025-05-21 08:00:00,0.11,1.919528,9.941395103448276,0.0,0.37016129,0.0,0.029,0.0
2025-05-21 09:00:00,0.08,2.809725,12.671120103448276,0.0,0.37016129,0.0,0.016,0.0
2025-05-21 10:00:00,2.4099999999999997,3.329968,13.5,0.0,0.37016129,0.9199680000000003,0.012,-0.011039616000000004
2025-05-21 11:00:00,2.6973653846153844,3.61604,13.5,0.0,0.37016129,0.9186746153846155,0.016,-0.014698793846153848
2025-05-21 12:00:00,2.6973653846153844,3.652668,13.5,0.0,0.37016129,0.9553026153846154,0.013,-0.012418934
2025-05-21 13:00:00,2.6973653846153844,3.418145,13.5,0.0,0.37016129,0.7207796153846155,0.009,-0.006487016538461539
2025-05-21 14:00:00,2.4099999999999997,2.923648,13.5,0.0,0.37016129,0.5136480000000003,0.009,-0.004622832000000003
2025-05-21 15:00:00,0.11,2.12654,13.5,0.0,0.38016129,2.01654,0.007,-0.01411578
2025-05-21 16:00:00,0.11,1.05251,13.5,0.0,0.40016129,0.9425100000000001,0.014,-0.013195140000000001
2025-05-21 17:00:00,0.9558534482758622,0.360154,12.904300551724138,0.0,0.40016129,0.0,0.033,0.0
2025-05-21 18:00:00,1.295853448275862,0.122815,11.731262103448277,0.0,0.40016129,0.0,0.08,0.0
2025-05-21 19:00:00,0.29,0.0,11.441262103448276,0.0,0.40016129,0.0,0.082,0.0
2025-05-21 20:00:00,0.19,0.0,11.251262103448276,0.0,0.40016129,0.0,0.073,0.0
2025-05-21 21:00:00,0.26,0.0,10.991262103448276,0.0,0.38016129,0.0,0.07,0.0
2025-05-21 22:00:00,0.25,0.0,10.741262103448276,0.0,0.38016129,0.0,0.069,0.0
2025-05-21 23:00:00,0.21,0.0,10.531262103448276,0.0,0.38016129,0.0,0.072,0.0
2025-05-22 00:00:00,0.19,0.0,10.341262103448276,0.0,0.37016129,0.0,0.075,0.0
2025-05-22 01:00:00,0.5,0.0,9.841262103448276,0.0,0.37016129,0.0,0.071,0.0
2025-05-22 02:00:00,0.54,0.0,9.301262103448275,0.0,0.37016129,0.0,0.071,0.0
2025-05-22 03:00:00,1.02,0.0,8.281262103448277,0.0,0.37016129,0.0,0.071,0.0
2025-05-22 04:00:00,0.64,0.0,7.641262103448278,0.0,0.37016129,0.0,0.072,0.0
2025-05-22 05:00:00,0.89,0.082436,6.8336981034482775,0.0,0.37016129,0.0,0.069,0.0
2025-05-22 06:00:00,0.53,0.310671,6.614369103448277,0.0,0.37016129,0.0,0.065,0.0
2025-05-22 07:00:00,0.13,0.831918,7.316287103448277,0.0,0.37016129,0.0,0.06,0.0
2025-05-22 08:00:00,0.11,1.63589,8.842177103448277,0.0,0.37016129,0.0,0.029,0.0
2025-05-22 09:00:00,0.36,2.245831,10.728008103448277,0.0,0.37016129,0.0,0.016,0.0
2025-05-22 10:00:00,0.61,2.7974140000000003,12.915422103448275,0.0,0.37016129,0.0,0.012,0.0
2025-05-22 11:00:00,0.9631538461538462,3.046616,13.5,0.0,0.37016129,2.083462153846154,0.016,-0.033335394461538465
2025-05-22 12:00:00,0.8531538461538463,3.700439,13.5,0.0,0.37016129,2.8472851538461534,0.013,-0.037014706999999994
2025-05-22 13:00:00,0.5131538461538463,3.4548270000000003,13.5,0.0,0.37016129,2.9416731538461542,0.009,-0.026475058384615387
2025-05-22 14:00:00,0.11,2.9552910000000003,13.5,0.0,0.37016129,2.8452910000000005,0.009,-0.025607619
2025-05-22 15:00:00,0.1,2.152881,13.5,0.0,0.38016129,2.0528809999999997,0.007,-0.014370166999999998
2025-05-22 16:00:00,0.1,1.070939,13.5,0.0,0.40016129,0.9709390000000001,0.014,-0.013593146000000002
2025-05-22 17:00:00,1.1878045977011498,0.2751039999999999,12.58729940229885,0.0,0.40016129,0.0,0.033,0.0
2025-05-22 18:00:00,1.2678045977011496,0.132968,11.4524628045977,0.0,0.40016129,0.0,0.08,0.0
2025-05-22 19:00:00,0.12,0.0,11.332462804597702,0.0,0.40016129,0.0,0.082,0.0
2025-05-22 20:00:00,0.12,0.0,11.212462804597704,0.0,0.40016129,0.0,0.073,0.0
2025-05-22 21:00:00,0.24,0.0,10.972462804597702,0.0,0.38016129,0.0,0.07,0.0
2025-05-22 22:00:00,0.25,0.0,10.722462804597702,0.0,0.38016129,0.0,0.069,0.0
2025-05-22 23:00:00,0.21,0.0,10.512462804597702,0.0,0.38016129,0.0,0.072,0.0
2025-05-23 00:00:00,0.21,0.0,10.3024628045977,0.0,0.37016129,0.0,0.075,0.0
2025-05-23 01:00:00,0.21,0.0,10.0924628045977,0.0,0.37016129,0.0,0.071,0.0
2025-05-23 02:00:00,0.63,0.0,9.4624628045977,0.0,0.37016129,0.0,0.071,0.0
2025-05-23 03:00:00,0.64,0.0,8.822462804597698,0.0,0.37016129,0.0,0.071,0.0
2025-05-23 04:00:00,1.02,0.0,7.802462804597699,0.0,0.37016129,0.0,0.072,0.0
2025-05-23 05:00:00,0.58,0.085706,7.308168804597699,0.0,0.37016129,0.0,0.069,0.0
2025-05-23 06:00:00,1.04,0.332182,6.600350804597699,0.0,0.37016129,0.0,0.065,0.0
2025-05-23 07:00:00,0.65,0.847328,6.797678804597699,0.0,0.37016129,0.0,0.06,0.0
2025-05-23 08:00:00,0.24,1.930149,8.4878278045977,0.0,0.37016129,0.0,0.029,0.0
2025-05-23 09:00:00,0.18,1.80972,10.1175478045977,0.0,0.37016129,0.0,0.016,0.0
2025-05-23 10:00:00,2.4299999999999997,2.370154,10.0577018045977,0.0,0.37016129,0.0,0.012,0.0
2025-05-23 11:00:00,2.783153846153846,3.657495,10.932042958443857,0.0,0.37016129,0.0,0.016,0.0
2025-05-23 12:00:00,2.893153846153846,3.634166,11.673055112290008,0.0,0.37016129,0.0,0.013,0.0
2025-05-23 13:00:00,2.823153846153846,2.149973,10.999874266136162,0.0,0.37016129,0.0,0.009,0.0
2025-05-23 14:00:00,2.4499999999999997,1.39626,9.946134266136164,0.0,0.37016129,0.0,0.009,0.0
2025-05-23 15:00:00,1.31,1.011237,9.647371266136162,0.0,0.38016129,0.0,0.007,0.0
2025-05-23 16:00:00,1.74,0.6582749999999999,8.565646266136161,0.0,0.40016129,0.0,0.014,0.0
2025-05-23 17:00:00,2.17780459770115,0.257421,6.645262668435011,0.0,0.40016129,0.0,0.033,0.0
2025-05-23 18:00:00,3.3678045977011495,0.131056,3.4085140707338617,0.0,0.40016129,0.0,0.08,0.0
2025-05-23 19:00:00,1.55,0.0,1.8585140707338617,0.0,0.40016129,0.0,0.082,0.0
2025-05-23 20:00:00,0.8999999999999999,0.0,0.9585140707338616,0.0,0.40016129,0.0,0.073,0.0
2025-05-23 21:00:00,1.16,0.0,0.0,0.2014859292661383,0.38016129,0.0,0.07,0.07659715078666388
2025-05-23 22:00:00,1.71,0.0,0.0,1.71,0.38016129,0.0,0.069,0.6500758058999999
2025-05-23 23:00:00,1.45,0.0,0.0,1.45,0.38016129,0.0,0.072,0.5512338705
2025-05-24 00:00:00,0.2,0.0,0.0,0.2,0.37016129,0.0,0.075,0.074032258
2025-05-24 01:00:00,0.2,0.0,0.0,0.2,0.37016129,0.0,0.071,0.074032258
2025-05-24 02:00:00,0.3,0.0,0.0,0.3,0.37016129,0.0,0.071,0.11104838699999998
2025-05-24 03:00:00,0.22,0.0,0.0,0.22,0.37016129,0.0,0.071,0.0814354838
2025-05-24 04:00:00,0.19,0.0,0.0,0.19,0.37016129,0.0,0.072,0.07033064509999999
2025-05-24 05:00:00,0.54,0.084147,0.0,0.45585300000000006,0.37016129,0.0,0.069,0.16873913453037
2025-05-24 06:00:00,0.76,0.2415689999999999,0.0,0.5184310000000001,0.37016129,0.0,0.065,0.19190308773599002
2025-05-24 07:00:00,0.85,0.4430369999999999,0.0,0.4069630000000001,0.37016129,0.0,0.06,0.15064194906227002
2025-05-24 08:00:00,0.66,0.55143,0.0,0.10857000000000006,0.37016129,0.0,0.029,0.04018841125530002
2025-05-24 09:00:00,0.64,0.827387,0.1873869999999999,0.0,0.37016129,0.0,0.016,0.0
2025-05-24 10:00:00,4.52,1.802763,0.0,2.52985,0.37016129,0.0,0.012,0.9364525395065
2025-05-24 11:00:00,4.253153846153846,2.259816,0.0,1.993337846153846,0.37016129,0.0,0.016,0.7378565085381291
2025-05-24 12:00:00,3.123153846153846,1.659452,0.0,1.463701846153846,0.37016129,0.0,0.013,0.5418057635476892
2025-05-24 13:00:00,3.213153846153846,1.940685,0.0,1.2724688461538458,0.37016129,0.0,0.009,0.47101870957711905
2025-05-24 14:00:00,3.0,1.032935,0.0,1.967065,0.37016129,0.0,0.009,0.72813131791385
2025-05-24 15:00:00,0.44,0.722134,0.282134,0.0,0.38016129,0.0,0.007,0.0
2025-05-24 16:00:00,0.4,0.690804,0.572938,0.0,0.40016129,0.0,0.014,0.0
2025-05-24 17:00:00,1.6478045977011495,0.394208,0.0,0.6806585977011494,0.40016129,0.0,0.033,0.272373222505683
2025-05-24 18:00:00,1.7578045977011496,0.005265,0.0,1.7525395977011495,0.40016129,0.0,0.08,0.701298506192173
2025-05-24 19:00:00,0.32,0.0,0.0,0.32,0.40016129,0.0,0.082,0.1280516128
2025-05-24 20:00:00,0.24,0.0,0.0,0.24,0.40016129,0.0,0.073,0.0960387096
2025-05-24 21:00:00,0.21,0.0,0.0,0.21,0.38016129,0.0,0.07,0.07983387089999999
2025-05-24 22:00:00,3.22,0.0,0.0,3.22,0.38016129,0.0,0.069,1.2241193538
2025-05-24 23:00:00,1.11,0.0,0.0,1.11,0.38016129,0.0,0.072,0.4219790319
2025-05-25 00:00:00,0.21,0.0,0.0,0.21,0.37016129,0.0,0.075,0.07773387089999999
2025-05-25 01:00:00,0.32,0.0,0.0,0.32,0.37016129,0.0,0.071,0.1184516128
2025-05-25 02:00:00,0.23,0.0,0.0,0.23,0.37016129,0.0,0.071,0.0851370967
2025-05-25 03:00:00,0.21,0.0,0.0,0.21,0.37016129,0.0,0.071,0.07773387089999999
2025-05-25 04:00:00,0.2,0.0,0.0,0.2,0.37016129,0.0,0.072,0.074032258
2025-05-25 05:00:00,0.55,0.092397,0.0,0.45760300000000004,0.37016129,0.0,0.069,0.16938691678787
2025-05-25 06:00:00,0.65,0.161332,0.0,0.488668,0.37016129,0.0,0.065,0.18088597726171998
2025-05-25 07:00:00,0.71,0.8084880000000001,0.0984880000000001,0.0,0.37016129,0.0,0.06,0.0
2025-05-25 08:00:00,0.97,1.203288,0.331776,0.0,0.37016129,0.0,0.029,0.0
2025-05-25 09:00:00,0.52,1.6051220000000002,1.4168980000000002,0.0,0.37016129,0.0,0.016,0.0
2025-05-25 10:00:00,2.4299999999999997,1.569244,0.5561420000000004,0.0,0.37016129,0.0,0.012,0.0
2025-05-25 11:00:00,3.214730769230769,2.3325169999999997,0.0,0.3260717692307691,0.37016129,0.0,0.016,0.12069914673104379
2025-05-25 12:00:00,3.014730769230769,2.1342800000000004,0.0,0.8804507692307686,0.37016129,0.0,0.013,0.3259087925199536
2025-05-25 13:00:00,3.264730769230769,1.760417,0.0,1.504313769230769,0.37016129,0.0,0.009,0.5568387253832238
2025-05-25 14:00:00,2.65,1.5554,0.0,1.0946,0.37016129,0.0,0.009,0.405178548034
2025-05-25 15:00:00,0.25,1.270488,1.020488,0.0,0.38016129,0.0,0.007,0.0
2025-05-25 16:00:00,0.31,0.796581,1.507069,0.0,0.40016129,0.0,0.014,0.0
2025-05-25 17:00:00,1.8917068965517243,0.367074,0.0,0.01756389655172441,0.40016129,0.0,0.033,0.007028391501564592
2025-05-25 18:00:00,1.8817068965517243,0.090417,0.0,1.7912898965517243,0.40016129,0.0,0.08,0.7168048757681046
2025-05-25 19:00:00,0.24,0.0,0.0,0.24,0.40016129,0.0,0.082,0.0960387096
2025-05-25 20:00:00,0.14,0.0,0.0,0.14,0.40016129,0.0,0.073,0.0560225806
2025-05-25 21:00:00,0.15,0.0,0.0,0.15,0.38016129,0.0,0.07,0.057024193499999994
2025-05-25 22:00:00,1.89,0.0,0.0,1.89,0.38016129,0.0,0.069,0.7185048381
2025-05-25 23:00:00,0.32,0.0,0.0,0.32,0.38016129,0.0,0.072,0.1216516128
2025-05-26 00:00:00,0.32,0.0,0.0,0.32,0.37016129,0.0,0.075,0.1184516128
2025-05-26 01:00:00,0.21,0.0,0.0,0.21,0.37016129,0.0,0.071,0.07773387089999999
2025-05-26 02:00:00,0.22,0.0,0.0,0.22,0.37016129,0.0,0.071,0.0814354838
2025-05-26 03:00:00,0.19,0.0,0.0,0.19,0.37016129,0.0,0.071,0.07033064509999999
2025-05-26 04:00:00,0.72,0.0,0.0,0.72,0.37016129,0.0,0.072,0.2665161288
2025-05-26 05:00:00,0.87,0.085536,0.0,0.784464,0.37016129,0.0,0.069,0.29037820619856
2025-05-26 06:00:00,0.6499999999999999,0.328723,0.0,0.3212769999999999,0.37016129,0.0,0.065,0.11892430876732997
2025-05-26 07:00:00,1.83,0.822985,0.0,1.007015,0.37016129,0.0,0.06,0.37275797144934997
2025-05-26 08:00:00,1.41,1.875459,0.465459,0.0,0.37016129,0.0,0.029,0.0
2025-05-26 09:00:00,0.14,2.75823,3.083689,0.0,0.37016129,0.0,0.016,0.0
2025-05-26 10:00:00,0.22,3.355209,6.218897999999999,0.0,0.37016129,0.0,0.012,0.0
2025-05-26 11:00:00,0.6847307692307694,3.660858,9.19502523076923,0.0,0.37016129,0.0,0.016,0.0
2025-05-26 12:00:00,0.6847307692307694,3.689329,12.199623461538462,0.0,0.37016129,0.0,0.013,0.0
2025-05-26 13:00:00,0.6847307692307694,3.446929,13.5,0.0,0.37016129,2.7621982307692305,0.009,-0.02485978407692307
2025-05-26 14:00:00,0.11,2.936862,13.5,0.0,0.37016129,2.826862,0.009,-0.025441758
2025-05-26 15:00:00,2.0,2.110709,13.5,0.0,0.38016129,0.11070899999999995,0.007,-0.0007749629999999996
2025-05-26 16:00:00,3.49,1.0250039999999998,11.035004,0.0,0.40016129,0.0,0.014,0.0
2025-05-26 17:00:00,4.201706896551724,0.226113,7.059410103448276,0.0,0.40016129,0.0,0.033,0.0
2025-05-26 18:00:00,2.531706896551724,0.111931,4.639634206896552,0.0,0.40016129,0.0,0.08,0.0
2025-05-26 19:00:00,0.32,0.0,4.319634206896552,0.0,0.40016129,0.0,0.082,0.0
2025-05-26 20:00:00,0.23,0.0,4.089634206896552,0.0,0.40016129,0.0,0.073,0.0
2025-05-26 21:00:00,0.15,0.0,3.939634206896552,0.0,0.38016129,0.0,0.07,0.0
2025-05-26 22:00:00,1.32,0.0,2.619634206896552,0.0,0.38016129,0.0,0.069,0.0
2025-05-26 23:00:00,0.11,0.0,2.509634206896552,0.0,0.38016129,0.0,0.072,0.0
2025-05-27 00:00:00,0.1,0.0,2.409634206896552,0.0,0.37016129,0.0,0.075,0.0
2025-05-27 01:00:00,0.1,0.0,2.309634206896552,0.0,0.37016129,0.0,0.071,0.0
2025-05-27 02:00:00,0.1,0.0,2.209634206896552,0.0,0.37016129,0.0,0.071,0.0
2025-05-27 03:00:00,0.1,0.0,2.1096342068965517,0.0,0.37016129,0.0,0.071,0.0
2025-05-27 04:00:00,0.97,0.0,1.1396342068965517,0.0,0.37016129,0.0,0.072,0.0
2025-05-27 05:00:00,0.78,0.08283,0.4424642068965516,0.0,0.37016129,0.0,0.069,0.0
2025-05-27 06:00:00,1.09,0.203524,0.0,0.44401179310344846,0.37016129,0.0,0.065,0.16435597811038558
2025-05-27 07:00:00,0.78,0.775961,0.0,0.004039000000000015,0.37016129,0.0,0.06,0.0014950814503100053
2025-05-27 08:00:00,0.64,1.845626,1.205626,0.0,0.37016129,0.0,0.029,0.0
2025-05-27 09:00:00,0.38,2.7209299999999996,3.546556,0.0,0.37016129,0.0,0.016,0.0
2025-05-27 10:00:00,0.34,3.2700859999999996,6.476642,0.0,0.37016129,0.0,0.012,0.0
2025-05-27 11:00:00,1.408192307692308,3.561779,8.630228692307693,0.0,0.37016129,0.0,0.016,0.0
2025-05-27 12:00:00,1.418192307692308,3.587378,10.799414384615384,0.0,0.37016129,0.0,0.013,0.0
2025-05-27 13:00:00,1.678192307692308,3.360062,12.481284076923078,0.0,0.37016129,0.0,0.009,0.0
2025-05-27 14:00:00,0.28,2.863802,13.5,0.0,0.37016129,2.5838020000000004,0.009,-0.023254218
2025-05-27 15:00:00,0.35,2.061936,13.5,0.0,0.38016129,1.7119360000000001,0.007,-0.011983552000000001
2025-05-27 16:00:00,0.33,1.007027,13.5,0.0,0.40016129,0.6770269999999998,0.014,-0.009478377999999997
2025-05-27 17:00:00,3.501419540229885,0.211687,10.210267459770115,0.0,0.40016129,0.0,0.033,0.0
2025-05-27 18:00:00,3.871419540229885,0.1175259999999999,6.45637391954023,0.0,0.40016129,0.0,0.08,0.0
2025-05-27 19:00:00,2.99,0.0,3.4663739195402297,0.0,0.40016129,0.0,0.082,0.0
2025-05-27 20:00:00,0.39,0.0,3.0763739195402295,0.0,0.40016129,0.0,0.073,0.0
2025-05-27 21:00:00,0.41,0.0,2.6663739195402294,0.0,0.38016129,0.0,0.07,0.0
2025-05-27 22:00:00,1.6800000000000002,0.0,0.9863739195402292,0.0,0.38016129,0.0,0.069,0.0
2025-05-27 23:00:00,0.24,0.0,0.7463739195402292,0.0,0.38016129,0.0,0.072,0.0
2025-05-28 00:00:00,0.22,0.0,0.5263739195402293,0.0,0.37016129,0.0,0.075,0.0
2025-05-28 01:00:00,0.26,0.0,0.2663739195402292,0.0,0.37016129,0.0,0.071,0.0
2025-05-28 02:00:00,0.3,0.0,0.0,0.03362608045977078,0.37016129,0.0,0.071,0.012447073320632544
2025-05-28 03:00:00,0.2299999999999999,0.0,0.0,0.2299999999999999,0.37016129,0.0,0.071,0.08513709669999996
2025-05-28 04:00:00,0.44,0.0,0.0,0.44,0.37016129,0.0,0.072,0.1628709676
2025-05-28 05:00:00,1.02,0.09006,0.0,0.92994,0.37016129,0.0,0.069,0.34422779002259996
2025-05-28 06:00:00,0.6,0.216184,0.0,0.383816,0.37016129,0.0,0.065,0.14207382568264
2025-05-28 07:00:00,0.91,0.791858,0.0,0.11814200000000008,0.37016129,0.0,0.06,0.04373159512318003
2025-05-28 08:00:00,0.77,1.863934,1.093934,0.0,0.37016129,0.0,0.029,0.0
2025-05-28 09:00:00,0.63,2.727394,3.191328,0.0,0.37016129,0.0,0.016,0.0
2025-05-28 10:00:00,3.05,3.243178,3.384506,0.0,0.37016129,0.0,0.012,0.0
2025-05-28 11:00:00,3.2390961538461536,3.512145,3.6575548461538463,0.0,0.37016129,0.0,0.016,0.0
2025-05-28 12:00:00,3.009096153846154,3.558859,4.207317692307692,0.0,0.37016129,0.0,0.013,0.0
2025-05-28 13:00:00,3.009096153846154,2.783463,3.981684538461538,0.0,0.37016129,0.0,0.009,0.0
2025-05-28 14:00:00,2.44,2.6291640000000003,4.170848538461538,0.0,0.37016129,0.0,0.009,0.0
2025-05-28 15:00:00,0.15,2.061684,6.082532538461538,0.0,0.38016129,0.0,0.007,0.0
2025-05-28 16:00:00,0.11,0.990811,6.9633435384615385,0.0,0.40016129,0.0,0.014,0.0
2025-05-28 17:00:00,2.3657097701149423,0.380781,4.978414768346596,0.0,0.40016129,0.0,0.033,0.0
2025-05-28 18:00:00,4.455709770114942,0.137697,0.660401998231654,0.0,0.40016129,0.0,0.08,0.0
2025-05-28 19:00:00,0.49,0.0,0.170401998231654,0.0,0.40016129,0.0,0.082,0.0
2025-05-28 20:00:00,0.14,0.0,0.030401998231654,0.0,0.40016129,0.0,0.073,0.0
2025-05-28 21:00:00,0.2,0.0,0.0,0.169598001768346,0.38016129,0.0,0.07,0.06447459513367669
2025-05-28 22:00:00,1.61,0.0,0.0,1.61,0.38016129,0.0,0.069,0.6120596769
2025-05-28 23:00:00,0.11,0.0,0.0,0.11,0.38016129,0.0,0.072,0.0418177419
2025-05-29 00:00:00,0.11,0.0,0.0,0.11,0.37016129,0.0,0.075,0.0407177419
2025-05-29 01:00:00,0.11,0.0,0.0,0.11,0.37016129,0.0,0.071,0.0407177419
2025-05-29 02:00:00,0.1,0.0,0.0,0.1,0.37016129,0.0,0.071,0.037016129
2025-05-29 03:00:00,0.1,0.0,0.0,0.1,0.37016129,0.0,0.071,0.037016129
2025-05-29 04:00:00,0.55,0.0,0.0,0.55,0.37016129,0.0,0.072,0.2035887095
2025-05-29 05:00:00,0.97,0.082313,0.0,0.887687,0.37016129,0.0,0.069,0.32858736503623
2025-05-29 06:00:00,0.69,0.324865,0.0,0.36513499999999993,0.37016129,0.0,0.065,0.13515884262414996
2025-05-29 07:00:00,0.2,0.610247,0.410247,0.0,0.37016129,0.0,0.06,0.0
2025-05-29 08:00:00,0.41,1.426216,1.426463,0.0,0.37016129,0.0,0.029,0.0
2025-05-29 09:00:00,0.39,1.5678489999999998,2.6043119999999997,0.0,0.37016129,0.0,0.016,0.0
2025-05-29 10:00:00,0.43,1.844197,4.018509,0.0,0.37016129,0.0,0.012,0.0
2025-05-29 11:00:00,0.719096153846154,2.8911860000000003,6.190598846153846,0.0,0.37016129,0.0,0.016,0.0
2025-05-29 12:00:00,0.7790961538461539,1.617032,7.028534692307693,0.0,0.37016129,0.0,0.013,0.0
2025-05-29 13:00:00,0.699096153846154,0.983729,7.313167538461538,0.0,0.37016129,0.0,0.009,0.0
2025-05-29 14:00:00,0.35,0.642814,7.605981538461538,0.0,0.37016129,0.0,0.009,0.0
2025-05-29 15:00:00,0.42,0.699388,7.885369538461538,0.0,0.38016129,0.0,0.007,0.0
2025-05-29 16:00:00,0.23,0.302362,7.957731538461538,0.0,0.40016129,0.0,0.014,0.0
2025-05-29 17:00:00,3.375709770114942,0.171316,4.753337768346596,0.0,0.40016129,0.0,0.033,0.0
2025-05-29 18:00:00,3.1057097701149425,0.148839,1.796466998231654,0.0,0.40016129,0.0,0.08,0.0
2025-05-29 19:00:00,0.2,0.0,1.596466998231654,0.0,0.40016129,0.0,0.082,0.0
2025-05-29 20:00:00,0.14,0.0,1.456466998231654,0.0,0.40016129,0.0,0.073,0.0
2025-05-29 21:00:00,0.15,0.0,1.306466998231654,0.0,0.38016129,0.0,0.07,0.0
2025-05-29 22:00:00,1.75,0.0,0.0,0.4435330017683461,0.38016129,0.0,0.069,0.16861407810982673
2025-05-29 23:00:00,0.61,0.0,0.0,0.61,0.38016129,0.0,0.072,0.23189838689999998
2025-05-30 00:00:00,0.11,0.0,0.0,0.11,0.37016129,0.0,0.075,0.0407177419
2025-05-30 01:00:00,0.11,0.0,0.0,0.11,0.37016129,0.0,0.071,0.0407177419
2025-05-30 02:00:00,0.12,0.0,0.0,0.12,0.37016129,0.0,0.071,0.0444193548
2025-05-30 03:00:00,0.1,0.0,0.0,0.1,0.37016129,0.0,0.071,0.037016129
2025-05-30 04:00:00,0.11,0.0,0.0,0.11,0.37016129,0.0,0.072,0.0407177419
2025-05-30 05:00:00,0.11,0.106455,0.0,0.0035450000000000065,0.37016129,0.0,0.069,0.0013122217730500024
2025-05-30 06:00:00,0.16,0.284781,0.124781,0.0,0.37016129,0.0,0.065,0.0
2025-05-30 07:00:00,0.53,0.807227,0.402008,0.0,0.37016129,0.0,0.06,0.0
2025-05-30 08:00:00,0.25,0.7262609999999999,0.878269,0.0,0.37016129,0.0,0.029,0.0
2025-05-30 09:00:00,0.15,0.888327,1.616596,0.0,0.37016129,0.0,0.016,0.0
2025-05-30 10:00:00,2.57,1.059864,0.1064600000000002,0.0,0.37016129,0.0,0.012,0.0
2025-05-30 11:00:00,3.009096153846154,1.667308,0.0,1.2353281538461538,0.37016129,0.0,0.016,0.4572706630010107
2025-05-30 12:00:00,3.309096153846154,2.6287089999999997,0.0,0.6803871538461541,0.37016129,0.0,0.013,0.25185298656712085
2025-05-30 13:00:00,3.059096153846154,3.383444,0.324347846153846,0.0,0.37016129,0.0,0.009,0.0
2025-05-30 14:00:00,2.48,2.8846689999999997,0.7290168461538458,0.0,0.37016129,0.0,0.009,0.0
2025-05-30 15:00:00,0.22,2.087123,2.5961398461538456,0.0,0.38016129,0.0,0.007,0.0
2025-05-30 16:00:00,0.16,1.030346,3.4664858461538457,0.0,0.40016129,0.0,0.014,0.0
2025-05-30 17:00:00,1.7357097701149424,0.274495,2.005271076038903,0.0,0.40016129,0.0,0.033,0.0
2025-05-30 18:00:00,1.9757097701149424,0.142598,0.1721593059239607,0.0,0.40016129,0.0,0.08,0.0
2025-05-30 19:00:00,0.2299999999999999,0.0,0.0,0.0578406940760392,0.40016129,0.0,0.082,0.023145606755963204
2025-05-30 20:00:00,0.21,0.0,0.0,0.21,0.40016129,0.0,0.073,0.0840338709
2025-05-30 21:00:00,0.18,0.0,0.0,0.18,0.38016129,0.0,0.07,0.06842903219999999
2025-05-30 22:00:00,0.22,0.0,0.0,0.22,0.38016129,0.0,0.069,0.0836354838
2025-05-30 23:00:00,0.22,0.0,0.0,0.22,0.38016129,0.0,0.072,0.0836354838
2025-05-31 00:00:00,0.2,0.0,0.0,0.2,0.37016129,0.0,0.075,0.074032258
2025-05-31 01:00:00,0.19,0.0,0.0,0.19,0.37016129,0.0,0.071,0.07033064509999999
2025-05-31 02:00:00,0.86,0.0,0.0,0.86,0.37016129,0.0,0.071,0.3183387094
2025-05-31 03:00:00,1.02,0.0,0.0,1.02,0.37016129,0.0,0.071,0.3775645158
2025-05-31 04:00:00,0.7000000000000001,0.0,0.0,0.7000000000000001,0.37016129,0.0,0.072,0.259112903
2025-05-31 05:00:00,1.07,0.102138,0.0,0.967862,0.37016129,0.0,0.069,0.35826504646198
2025-05-31 06:00:00,0.2,0.267151,0.067151,0.0,0.37016129,0.0,0.065,0.0
2025-05-31 07:00:00,0.24,0.422315,0.249466,0.0,0.37016129,0.0,0.06,0.0
2025-05-31 08:00:00,0.14,0.917932,1.027398,0.0,0.37016129,0.0,0.029,0.0
2025-05-31 09:00:00,1.89,1.312077,0.449475,0.0,0.37016129,0.0,0.016,0.0
2025-05-31 10:00:00,4.76,2.3449229999999996,0.0,1.965602,0.37016129,0.0,0.012,0.72758977194658
2025-05-31 11:00:00,3.179096153846154,3.703847,0.5247508461538462,0.0,0.37016129,0.0,0.016,0.0
2025-05-31 12:00:00,3.019096153846154,3.72089,1.226544692307692,0.0,0.37016129,0.0,0.013,0.0
2025-05-31 13:00:00,3.119096153846154,3.473981,1.5814295384615384,0.0,0.37016129,0.0,0.009,0.0
2025-05-31 14:00:00,2.44,2.958434,2.0998635384615385,0.0,0.37016129,0.0,0.009,0.0
2025-05-31 15:00:00,0.11,2.133954,4.123817538461539,0.0,0.38016129,0.0,0.007,0.0
2025-05-31 16:00:00,0.12,1.053141,5.056958538461539,0.0,0.40016129,0.0,0.014,0.0
2025-05-31 17:00:00,1.7157097701149426,0.248225,3.5894737683465965,0.0,0.40016129,0.0,0.033,0.0
2025-05-31 18:00:00,1.9257097701149424,0.150678,1.8144419982316544,0.0,0.40016129,0.0,0.08,0.0
2025-05-31 19:00:00,0.15,0.0,1.6644419982316545,0.0,0.40016129,0.0,0.082,0.0
2025-05-31 20:00:00,0.14,0.0,1.5244419982316542,0.0,0.40016129,0.0,0.073,0.0
2025-05-31 21:00:00,0.11,0.0,1.414441998231654,0.0,0.38016129,0.0,0.07,0.0
2025-05-31 22:00:00,0.62,0.0,0.7944419982316541,0.0,0.38016129,0.0,0.069,0.0
2025-05-31 23:00:00,0.8,0.0,0.0,0.005558001768345977,0.38016129,0.0,0.072,0.002112937122076688
2025-05-31 23:59:59,0.1,0.0,0.0,0.1,150.0,0.0,0.0,15.0
2025-06-01 00:00:00,0.22,0.0,0.0,0.22,0.420833333,0.0,0.07927,0.09258333326
2025-06-01 01:00:00,1.01,0.0,0.0,1.01,0.420833333,0.0,0.07407,0.42504166632999996
2025-06-01 02:00:00,0.58,0.0,0.0,0.58,0.420833333,0.0,0.07337,0.24408333313999997
2025-06-01 03:00:00,1.03,0.0,0.0,1.03,0.420833333,0.0,0.076,0.43345833299
2025-06-01 04:00:00,1.11,0.0,0.0,1.11,0.420833333,0.0,0.07453,0.46712499963000004
2025-06-01 05:00:00,0.8400000000000001,0.098361,0.0,0.741639,0.420833333,0.0,0.0774,0.312106412252787
2025-06-01 06:00:00,0.71,0.239262,0.0,0.470738,0.420833333,0.0,0.07575,0.19810224150975397
2025-06-01 07:00:00,0.62,0.764462,0.1444619999999999,0.0,0.420833333,0.0,0.07118,0.0
2025-06-01 08:00:00,0.7,1.832118,1.27658,0.0,0.420833333,0.0,0.05545,0.0
2025-06-01 09:00:00,0.23,2.732781,3.779361,0.0,0.420833333,0.0,0.04501,0.0
2025-06-01 10:00:00,2.6599999999999997,3.305297,4.424658000000001,0.0,0.420833333,0.0,0.04187,0.0
2025-06-01 11:00:00,2.923153846153846,3.609207,5.110711153846155,0.0,0.420833333,0.0,0.04093,0.0
2025-06-01 12:00:00,3.143153846153846,3.635521,5.603078307692309,0.0,0.420833333,0.0,0.03947,0.0
2025-06-01 13:00:00,2.973153846153846,3.425592,6.055516461538463,0.0,0.420833333,0.0,0.04408,0.0
2025-06-01 14:00:00,2.52,2.91486,6.450376461538463,0.0,0.420833333,0.0,0.0408,0.0
2025-06-01 15:00:00,0.73,2.085933,7.806309461538463,0.0,0.470833333,0.0,0.0384,0.0
2025-06-01 16:00:00,0.85,1.023146,7.979455461538463,0.0,0.630833333,0.0,0.12416,0.0
2025-06-01 17:00:00,1.5078045977011496,0.2440929999999999,6.7157438638373135,0.0,0.630833333,0.0,0.22896,0.0
2025-06-01 18:00:00,3.59780459770115,0.15043,3.2683692661361636,0.0,0.630833333,0.0,0.26699,0.0
2025-06-01 19:00:00,0.6599999999999999,0.0,2.6083692661361635,0.0,0.630833333,0.0,0.26207,0.0
2025-06-01 20:00:00,0.26,0.0,2.3483692661361637,0.0,0.630833333,0.0,0.17572,0.0
2025-06-01 21:00:00,0.64,0.0,1.7083692661361636,0.0,0.470833333,0.0,0.08224,0.0
2025-06-01 22:00:00,1.54,0.0,0.1683692661361635,0.0,0.470833333,0.0,0.07558,0.0
2025-06-01 23:00:00,0.25,0.0,0.0,0.08163073386383651,0.470833333,0.0,0.07432,0.03843447050034612
2025-06-02 00:00:00,0.32,0.0,0.0,0.32,0.420833333,0.0,0.07927,0.13466666656
2025-06-02 01:00:00,0.24,0.0,0.0,0.24,0.420833333,0.0,0.07407,0.10099999991999999
2025-06-02 02:00:00,1.0,0.0,0.0,1.0,0.420833333,0.0,0.07337,0.420833333
2025-06-02 03:00:00,0.67,0.0,0.0,0.67,0.420833333,0.0,0.076,0.28195833311
2025-06-02 04:00:00,0.8200000000000001,0.0,0.0,0.8200000000000001,0.420833333,0.0,0.07453,0.34508333306
2025-06-02 05:00:00,1.03,0.102239,0.0,0.9277610000000001,0.420833333,0.0,0.0774,0.390432753857413
2025-06-02 06:00:00,0.69,0.244082,0.0,0.4459179999999999,0.420833333,0.0,0.07575,0.18765715818469395
2025-06-02 07:00:00,0.97,0.7715299999999999,0.0,0.19847000000000004,0.420833333,0.0,0.07118,0.08352279160051002
2025-06-02 08:00:00,0.37,1.851358,1.4813579999999995,0.0,0.420833333,0.0,0.05545,0.0
2025-06-02 09:00:00,0.41,2.767044,3.838401999999999,0.0,0.420833333,0.0,0.04501,0.0
2025-06-02 10:00:00,0.19,3.355379,7.003781,0.0,0.420833333,0.0,0.04187,0.0
2025-06-02 11:00:00,0.6231538461538462,3.683534,10.064161153846154,0.0,0.420833333,0.0,0.04093,0.0
2025-06-02 12:00:00,1.1631538461538462,3.714635,12.615642307692308,0.0,0.420833333,0.0,0.03947,0.0
2025-06-02 13:00:00,1.0331538461538463,3.495094,13.5,0.0,0.420833333,2.461940153846154,0.04408,-0.10852232198153847
2025-06-02 14:00:00,0.7,2.981708,13.5,0.0,0.420833333,2.281708,0.0408,-0.09309368640000001
2025-06-02 15:00:00,0.47,2.143501,13.5,0.0,0.470833333,1.6735010000000001,0.0384,-0.0642624384
2025-06-02 16:00:00,0.22,1.046335,13.5,0.0,0.630833333,0.826335,0.12416,-0.10259775360000001
2025-06-02 17:00:00,1.2978045977011496,0.24133,12.44352540229885,0.0,0.630833333,0.0,0.22896,0.0
2025-06-02 18:00:00,1.3578045977011497,0.12578,11.2115008045977,0.0,0.630833333,0.0,0.26699,0.0
2025-06-02 19:00:00,0.54,0.0,10.6715008045977,0.0,0.630833333,0.0,0.26207,0.0
2025-06-02 20:00:00,0.6900000000000001,0.0,9.9815008045977,0.0,0.630833333,0.0,0.17572,0.0
2025-06-02 21:00:00,0.43,0.0,9.5515008045977,0.0,0.470833333,0.0,0.08224,0.0
2025-06-02 22:00:00,0.26,0.0,9.2915008045977,0.0,0.470833333,0.0,0.07558,0.0
2025-06-02 23:00:00,0.2299999999999999,0.0,9.0615008045977,0.0,0.470833333,0.0,0.07432,0.0
2025-06-03 00:00:00,0.22,0.0,8.841500804597699,0.0,0.420833333,0.0,0.07927,0.0
2025-06-03 01:00:00,0.22,0.0,8.621500804597698,0.0,0.420833333,0.0,0.07407,0.0
2025-06-03 02:00:00,0.22,0.0,8.401500804597697,0.0,0.420833333,0.0,0.07337,0.0
2025-06-03 03:00:00,0.2299999999999999,0.0,8.171500804597697,0.0,0.420833333,0.0,0.076,0.0
2025-06-03 04:00:00,0.96,0.0,7.211500804597697,0.0,0.420833333,0.0,0.07453,0.0
2025-06-03 05:00:00,0.56,0.108287,6.759787804597697,0.0,0.420833333,0.0,0.0774,0.0
2025-06-03 06:00:00,0.57,0.03267,6.222457804597697,0.0,0.420833333,0.0,0.07575,0.0
2025-06-03 07:00:00,0.2,0.442648,6.465105804597697,0.0,0.420833333,0.0,0.07118,0.0
2025-06-03 08:00:00,0.11,1.239373,7.594478804597697,0.0,0.420833333,0.0,0.05545,0.0
2025-06-03 09:00:00,0.1,0.777163,8.271641804597698,0.0,0.420833333,0.0,0.04501,0.0
2025-06-03 10:00:00,0.1,1.256233,9.427874804597698,0.0,0.420833333,0.0,0.04187,0.0
2025-06-03 11:00:00,0.4831538461538462,1.181106,10.125826958443852,0.0,0.420833333,0.0,0.04093,0.0
2025-06-03 12:00:00,0.4831538461538462,2.1738069999999996,11.816480112290003,0.0,0.420833333,0.0,0.03947,0.0
2025-06-03 13:00:00,0.4931538461538462,3.4494070000000003,13.5,0.0,0.420833333,2.9562531538461543,0.04408,-0.13031163902153847
2025-06-03 14:00:00,0.11,2.944632,13.5,0.0,0.420833333,2.834632,0.0408,-0.11565298560000001
2025-06-03 15:00:00,0.11,1.5536,13.5,0.0,0.470833333,1.4436,0.0384,-0.055434239999999996
2025-06-03 16:00:00,0.11,1.0439649999999998,13.5,0.0,0.630833333,0.9339649999999998,0.12416,-0.11596109439999998
2025-06-03 17:00:00,1.1978045977011498,0.240536,12.54273140229885,0.0,0.630833333,0.0,0.22896,0.0
2025-06-03 18:00:00,1.2878045977011496,0.148835,11.4037618045977,0.0,0.630833333,0.0,0.26699,0.0
2025-06-03 19:00:00,0.16,0.0,11.2437618045977,0.0,0.630833333,0.0,0.26207,0.0
2025-06-03 20:00:00,0.15,0.0,11.0937618045977,0.0,0.630833333,0.0,0.17572,0.0
2025-06-03 21:00:00,0.11,0.0,10.9837618045977,0.0,0.470833333,0.0,0.08224,0.0
2025-06-03 22:00:00,0.22,0.0,10.7637618045977,0.0,0.470833333,0.0,0.07558,0.0
2025-06-03 23:00:00,0.19,0.0,10.5737618045977,0.0,0.470833333,0.0,0.07432,0.0
2025-06-04 00:00:00,0.19,0.0,10.3837618045977,0.0,0.420833333,0.0,0.07927,0.0
2025-06-04 01:00:00,0.61,0.0,9.7737618045977,0.0,0.420833333,0.0,0.07407,0.0
2025-06-04 02:00:00,0.95,0.0,8.823761804597702,0.0,0.420833333,0.0,0.07337,0.0
2025-06-04 03:00:00,0.72,0.0,8.103761804597701,0.0,0.420833333,0.0,0.076,0.0
2025-06-04 04:00:00,1.28,0.0,6.823761804597701,0.0,0.420833333,0.0,0.07453,0.0
2025-06-04 05:00:00,0.66,0.1055649999999999,6.269326804597701,0.0,0.420833333,0.0,0.0774,0.0
2025-06-04 06:00:00,0.5700000000000001,0.247409,5.946735804597701,0.0,0.420833333,0.0,0.07575,0.0
2025-06-04 07:00:00,0.59,0.3426619999999999,5.699397804597701,0.0,0.420833333,0.0,0.07118,0.0
2025-06-04 08:00:00,0.2299999999999999,0.52883,5.9982278045977,0.0,0.420833333,0.0,0.05545,0.0
2025-06-04 09:00:00,0.36,0.7645259999999999,6.4027538045977,0.0,0.420833333,0.0,0.04501,0.0
2025-06-04 10:00:00,2.53,0.990264,4.863017804597701,0.0,0.420833333,0.0,0.04187,0.0
2025-06-04 11:00:00,2.903153846153846,1.615982,3.5758459584438542,0.0,0.420833333,0.0,0.04093,0.0
2025-06-04 12:00:00,2.903153846153846,1.52645,2.199142112290008,0.0,0.420833333,0.0,0.03947,0.0
2025-06-04 13:00:00,2.903153846153846,2.437733,1.733721266136162,0.0,0.420833333,0.0,0.04408,0.0
2025-06-04 14:00:00,2.52,2.964522,2.178243266136162,0.0,0.420833333,0.0,0.0408,0.0
2025-06-04 15:00:00,0.2299999999999999,2.131395,4.079638266136162,0.0,0.470833333,0.0,0.0384,0.0
2025-06-04 16:00:00,0.2299999999999999,1.033696,4.8833342661361625,0.0,0.630833333,0.0,0.12416,0.0
2025-06-04 17:00:00,1.2478045977011496,0.227825,3.863354668435013,0.0,0.630833333,0.0,0.22896,0.0
2025-06-04 18:00:00,1.2678045977011496,0.1246569999999999,2.7202070707338635,0.0,0.630833333,0.0,0.26699,0.0
2025-06-04 19:00:00,0.14,0.0,2.5802070707338634,0.0,0.630833333,0.0,0.26207,0.0
2025-06-04 20:00:00,0.14,0.0,2.4402070707338632,0.0,0.630833333,0.0,0.17572,0.0
2025-06-04 21:00:00,0.29,0.0,2.150207070733863,0.0,0.470833333,0.0,0.08224,0.0
2025-06-04 22:00:00,0.29,0.0,1.8602070707338632,0.0,0.470833333,0.0,0.07558,0.0
2025-06-04 23:00:00,0.22,0.0,1.6402070707338632,0.0,0.470833333,0.0,0.07432,0.0
2025-06-05 00:00:00,0.2,0.0,1.4402070707338632,0.0,0.420833333,0.0,0.07927,0.0
2025-06-05 01:00:00,0.2,0.0,1.2402070707338633,0.0,0.420833333,0.0,0.07407,0.0
2025-06-05 02:00:00,0.2,0.0,1.040207070733863,0.0,0.420833333,0.0,0.07337,0.0
2025-06-05 03:00:00,0.47,0.0,0.5702070707338633,0.0,0.420833333,0.0,0.076,0.0
2025-06-05 04:00:00,0.5599999999999999,0.0,0.0102070707338634,0.0,0.420833333,0.0,0.07453,0.0
2025-06-05 05:00:00,0.67,0.091867,0.0,0.5679259292661366,0.420833333,0.0,0.0774,0.2390021617101905
2025-06-05 06:00:00,0.64,0.19351,0.0,0.44649000000000005,0.420833333,0.0,0.07575,0.18789787485117002
2025-06-05 07:00:00,0.53,0.499343,0.0,0.030657000000000045,0.420833333,0.0,0.07118,0.012901487489781018
2025-06-05 08:00:00,0.23,0.861323,0.631323,0.0,0.420833333,0.0,0.05545,0.0
2025-06-05 09:00:00,0.47,0.0,0.161323,0.0,0.420833333,0.0,0.04501,0.0
2025-06-05 10:00:00,0.65,3.29499,2.806313,0.0,0.420833333,0.0,0.04187,0.0
2025-06-05 11:00:00,1.1431538461538462,1.87888,3.5420391538461535,0.0,0.420833333,0.0,0.04093,0.0
2025-06-05 12:00:00,0.8831538461538462,1.471095,4.129980307692307,0.0,0.420833333,0.0,0.03947,0.0
2025-06-05 13:00:00,0.6031538461538463,1.722727,5.249553461538461,0.0,0.420833333,0.0,0.04408,0.0
2025-06-05 14:00:00,0.3,2.00656,6.956113461538461,0.0,0.420833333,0.0,0.0408,0.0
2025-06-05 15:00:00,0.25,1.848447,8.554560461538461,0.0,0.470833333,0.0,0.0384,0.0
2025-06-05 16:00:00,0.21,1.009148,9.353708461538462,0.0,0.630833333,0.0,0.12416,0.0
2025-06-05 17:00:00,1.3078045977011497,0.254236,8.300139863837313,0.0,0.630833333,0.0,0.22896,0.0
2025-06-05 18:00:00,1.3778045977011495,0.155096,7.077431266136163,0.0,0.630833333,0.0,0.26699,0.0
2025-06-05 19:00:00,0.12,0.0,6.957431266136163,0.0,0.630833333,0.0,0.26207,0.0
2025-06-05 20:00:00,0.44,0.0,6.517431266136162,0.0,0.630833333,0.0,0.17572,0.0
2025-06-05 21:00:00,0.14,0.0,6.3774312661361625,0.0,0.470833333,0.0,0.08224,0.0
2025-06-05 22:00:00,0.22,0.0,6.157431266136163,0.0,0.470833333,0.0,0.07558,0.0
2025-06-05 23:00:00,0.21,0.0,5.947431266136163,0.0,0.470833333,0.0,0.07432,0.0
2025-06-06 00:00:00,0.21,0.0,5.737431266136163,0.0,0.420833333,0.0,0.07927,0.0
2025-06-06 01:00:00,0.2,0.0,5.537431266136163,0.0,0.420833333,0.0,0.07407,0.0
2025-06-06 02:00:00,0.27,0.0,5.267431266136162,0.0,0.420833333,0.0,0.07337,0.0
2025-06-06 03:00:00,0.25,0.0,5.017431266136162,0.0,0.420833333,0.0,0.076,0.0
2025-06-06 04:00:00,0.19,0.0,4.827431266136162,0.0,0.420833333,0.0,0.07453,0.0
2025-06-06 05:00:00,0.19,0.098801,4.736232266136162,0.0,0.420833333,0.0,0.0774,0.0
2025-06-06 06:00:00,0.21,0.204565,4.730797266136162,0.0,0.420833333,0.0,0.07575,0.0
2025-06-06 07:00:00,0.29,0.711075,5.151872266136162,0.0,0.420833333,0.0,0.07118,0.0
2025-06-06 08:00:00,0.1699999999999999,1.810377,6.792249266136162,0.0,0.420833333,0.0,0.05545,0.0
2025-06-06 09:00:00,0.11,2.746097,9.428346266136163,0.0,0.420833333,0.0,0.04501,0.0
2025-06-06 10:00:00,2.4,3.332138,10.360484266136163,0.0,0.420833333,0.0,0.04187,0.0
2025-06-06 11:00:00,2.803153846153846,3.637279,11.194609419982315,0.0,0.420833333,0.0,0.04093,0.0
2025-06-06 12:00:00,2.833153846153846,3.685758,12.047213573828472,0.0,0.420833333,0.0,0.03947,0.0
2025-06-06 13:00:00,2.793153846153846,3.439975,12.694034727674628,0.0,0.420833333,0.0,0.04408,0.0
2025-06-06 14:00:00,2.5,2.9289270000000003,13.122961727674626,0.0,0.420833333,0.0,0.0408,0.0
2025-06-06 15:00:00,0.17,2.089437,13.5,0.0,0.470833333,1.9194370000000003,0.0384,-0.0737063808
2025-06-06 16:00:00,0.14,1.001186,13.5,0.0,0.630833333,0.8611859999999999,0.12416,-0.10692485376
2025-06-06 17:00:00,1.2078045977011498,0.226147,12.51834240229885,0.0,0.630833333,0.0,0.22896,0.0
2025-06-06 18:00:00,1.3778045977011495,0.127468,11.2680058045977,0.0,0.630833333,0.0,0.26699,0.0
2025-06-06 19:00:00,0.67,0.0,10.5980058045977,0.0,0.630833333,0.0,0.26207,0.0
2025-06-06 20:00:00,1.56,0.0,9.0380058045977,0.0,0.630833333,0.0,0.17572,0.0
2025-06-06 21:00:00,0.28,0.0,8.758005804597701,0.0,0.470833333,0.0,0.08224,0.0
2025-06-06 22:00:00,0.17,0.0,8.588005804597701,0.0,0.470833333,0.0,0.07558,0.0
2025-06-06 23:00:00,0.1,0.0,8.488005804597702,0.0,0.470833333,0.0,0.07432,0.0
2025-06-07 00:00:00,0.11,0.0,8.378005804597702,0.0,0.420833333,0.0,0.07927,0.0
2025-06-07 01:00:00,0.1,0.0,8.278005804597703,0.0,0.420833333,0.0,0.07407,0.0
2025-06-07 02:00:00,0.1,0.0,8.178005804597703,0.0,0.420833333,0.0,0.07337,0.0
2025-06-07 03:00:00,0.1,0.0,8.078005804597703,0.0,0.420833333,0.0,0.076,0.0
2025-06-07 04:00:00,0.11,0.0,7.968005804597703,0.0,0.420833333,0.0,0.07453,0.0
2025-06-07 05:00:00,0.11,0.103107,7.961112804597703,0.0,0.420833333,0.0,0.0774,0.0
2025-06-07 06:00:00,0.11,0.209155,8.060267804597704,0.0,0.420833333,0.0,0.07575,0.0
2025-06-07 07:00:00,2.1799999999999997,0.716801,6.597068804597704,0.0,0.420833333,0.0,0.07118,0.0
2025-06-07 08:00:00,2.34,1.835845,6.092913804597704,0.0,0.420833333,0.0,0.05545,0.0
2025-06-07 09:00:00,0.21,2.792921,8.675834804597704,0.0,0.420833333,0.0,0.04501,0.0
2025-06-07 10:00:00,2.4,3.396674,9.672508804597705,0.0,0.420833333,0.0,0.04187,0.0
2025-06-07 11:00:00,2.5577179487179484,3.716111,10.830901855879755,0.0,0.420833333,0.0,0.04093,0.0
2025-06-07 12:00:00,2.687717948717949,3.774265,11.917448907161804,0.0,0.420833333,0.0,0.03947,0.0
2025-06-07 13:00:00,2.5877179487179487,3.536414,12.866144958443858,0.0,0.420833333,0.0,0.04408,0.0
2025-06-07 14:00:00,2.84,3.029954,13.056098958443858,0.0,0.420833333,0.0,0.0408,0.0
2025-06-07 15:00:00,0.6799999999999999,2.175179,13.5,0.0,0.470833333,1.495179,0.0384,-0.0574148736
2025-06-07 16:00:00,0.25,1.053218,13.5,0.0,0.630833333,0.803218,0.12416,-0.09972754688
2025-06-07 17:00:00,0.6426015325670499,0.253777,13.11117546743295,0.0,0.630833333,0.0,0.22896,0.0
2025-06-07 18:00:00,0.92260153256705,0.149924,12.3384979348659,0.0,0.630833333,0.0,0.26699,0.0
2025-06-07 19:00:00,0.37,0.0,11.9684979348659,0.0,0.630833333,0.0,0.26207,0.0
2025-06-07 20:00:00,0.51,0.0,11.458497934865902,0.0,0.630833333,0.0,0.17572,0.0
2025-06-07 21:00:00,0.24,0.0,11.2184979348659,0.0,0.470833333,0.0,0.08224,0.0
2025-06-07 22:00:00,0.17,0.0,11.0484979348659,0.0,0.470833333,0.0,0.07558,0.0
2025-06-07 23:00:00,0.1,0.0,10.948497934865902,0.0,0.470833333,0.0,0.07432,0.0
2025-06-08 00:00:00,0.1,0.0,10.848497934865902,0.0,0.420833333,0.0,0.07927,0.0
2025-06-08 01:00:00,0.1,0.0,10.748497934865902,0.0,0.420833333,0.0,0.07407,0.0
2025-06-08 02:00:00,0.11,0.0,10.638497934865905,0.0,0.420833333,0.0,0.07337,0.0
2025-06-08 03:00:00,0.27,0.0,10.368497934865903,0.0,0.420833333,0.0,0.076,0.0
2025-06-08 04:00:00,0.55,0.0,9.818497934865904,0.0,0.420833333,0.0,0.07453,0.0
2025-06-08 05:00:00,0.8300000000000001,0.103147,9.091644934865904,0.0,0.420833333,0.0,0.0774,0.0
2025-06-08 06:00:00,0.87,0.23377,8.455414934865903,0.0,0.420833333,0.0,0.07575,0.0
2025-06-08 07:00:00,0.4,0.7181109999999999,8.773525934865903,0.0,0.420833333,0.0,0.07118,0.0
2025-06-08 08:00:00,0.98,1.807016,9.600541934865904,0.0,0.420833333,0.0,0.05545,0.0
2025-06-08 09:00:00,0.74,2.745602,11.606143934865903,0.0,0.420833333,0.0,0.04501,0.0
2025-06-08 10:00:00,2.5,3.3513040000000003,12.457447934865904,0.0,0.420833333,0.0,0.04187,0.0
2025-06-08 11:00:00,2.6177179487179485,3.665222,13.5,0.0,0.420833333,1.0475040512820515,0.04093,-0.04287434081897437
2025-06-08 12:00:00,2.6177179487179485,3.713718,13.5,0.0,0.420833333,1.0960000512820516,0.03947,-0.04325912202410257
2025-06-08 13:00:00,2.6277179487179487,2.407213,13.279495051282051,0.0,0.420833333,0.0,0.04408,0.0
2025-06-08 14:00:00,2.49,2.9711529999999997,13.5,0.0,0.420833333,0.4811529999999995,0.0408,-0.019631042399999982
2025-06-08 15:00:00,0.2,2.126718,13.5,0.0,0.470833333,1.926718,0.0384,-0.07398597119999999
2025-06-08 16:00:00,0.32,1.055569,13.5,0.0,0.630833333,0.7355689999999999,0.12416,-0.09132824703999999
2025-06-08 17:00:00,0.5626015325670499,0.3988009999999999,13.33619946743295,0.0,0.630833333,0.0,0.22896,0.0
2025-06-08 18:00:00,0.5726015325670499,0.173127,12.9367249348659,0.0,0.630833333,0.0,0.26699,0.0
2025-06-08 19:00:00,0.21,0.0,12.7267249348659,0.0,0.630833333,0.0,0.26207,0.0
2025-06-08 20:00:00,0.21,0.0,12.516724934865898,0.0,0.630833333,0.0,0.17572,0.0
2025-06-08 21:00:00,0.21,0.0,12.306724934865898,0.0,0.470833333,0.0,0.08224,0.0
2025-06-08 22:00:00,0.19,0.0,12.116724934865898,0.0,0.470833333,0.0,0.07558,0.0
2025-06-08 23:00:00,0.2,0.0,11.9167249348659,0.0,0.470833333,0.0,0.07432,0.0
2025-06-09 00:00:00,0.19,0.0,11.7267249348659,0.0,0.420833333,0.0,0.07927,0.0
2025-06-09 01:00:00,0.19,0.0,11.5367249348659,0.0,0.420833333,0.0,0.07407,0.0
2025-06-09 02:00:00,0.19,0.0,11.3467249348659,0.0,0.420833333,0.0,0.07337,0.0
2025-06-09 03:00:00,0.19,0.0,11.1567249348659,0.0,0.420833333,0.0,0.076,0.0
2025-06-09 04:00:00,0.54,0.0,10.6167249348659,0.0,0.420833333,0.0,0.07453,0.0
2025-06-09 05:00:00,0.19,0.111563,10.5382879348659,0.0,0.420833333,0.0,0.0774,0.0
2025-06-09 06:00:00,0.86,0.270685,9.9489729348659,0.0,0.420833333,0.0,0.07575,0.0
2025-06-09 07:00:00,0.29,0.737716,10.3966889348659,0.0,0.420833333,0.0,0.07118,0.0
2025-06-09 08:00:00,0.46,1.766083,11.7027719348659,0.0,0.420833333,0.0,0.05545,0.0
2025-06-09 09:00:00,0.46,2.6478699999999997,13.5,0.0,0.420833333,2.1878699999999998,0.04501,-0.0984760287
2025-06-09 10:00:00,0.2,3.200318,13.5,0.0,0.420833333,3.000318,0.04187,-0.12562331465999999
2025-06-09 11:00:00,0.3177179487179488,1.775759,13.5,0.0,0.420833333,1.4580410512820512,0.04093,-0.059677620228974354
2025-06-09 12:00:00,0.3277179487179488,1.630278,13.5,0.0,0.420833333,1.3025600512820512,0.03947,-0.05141204522410256
2025-06-09 13:00:00,0.3177179487179488,2.0725279999999997,13.5,0.0,0.420833333,1.754810051282051,0.04408,-0.0773520270605128
2025-06-09 14:00:00,0.18,1.313693,13.5,0.0,0.420833333,1.133693,0.0408,-0.04625467440000001
2025-06-09 15:00:00,0.19,1.319438,13.5,0.0,0.470833333,1.1294380000000002,0.0384,-0.0433704192
2025-06-09 16:00:00,0.2,0.975371,13.5,0.0,0.630833333,0.775371,0.12416,-0.09627006336
2025-06-09 17:00:00,0.5526015325670499,0.286111,13.23350946743295,0.0,0.630833333,0.0,0.22896,0.0
2025-06-09 18:00:00,0.5726015325670499,0.164281,12.8251889348659,0.0,0.630833333,0.0,0.26699,0.0
2025-06-09 19:00:00,0.22,0.0,12.6051889348659,0.0,0.630833333,0.0,0.26207,0.0
2025-06-09 20:00:00,0.21,0.0,12.3951889348659,0.0,0.630833333,0.0,0.17572,0.0
2025-06-09 21:00:00,0.21,0.0,12.1851889348659,0.0,0.470833333,0.0,0.08224,0.0
2025-06-09 22:00:00,0.19,0.0,11.9951889348659,0.0,0.470833333,0.0,0.07558,0.0
2025-06-09 23:00:00,0.18,0.0,11.8151889348659,0.0,0.470833333,0.0,0.07432,0.0
2025-06-10 00:00:00,0.38,0.0,11.4351889348659,0.0,0.420833333,0.0,0.07927,0.0
2025-06-10 01:00:00,0.62,0.0,10.8151889348659,0.0,0.420833333,0.0,0.07407,0.0
2025-06-10 02:00:00,0.19,0.0,10.6251889348659,0.0,0.420833333,0.0,0.07337,0.0
2025-06-10 03:00:00,0.49,0.0,10.1351889348659,0.0,0.420833333,0.0,0.076,0.0
2025-06-10 04:00:00,0.63,0.0,9.5051889348659,0.0,0.420833333,0.0,0.07453,0.0
2025-06-10 05:00:00,0.56,0.056118,9.001306934865898,0.0,0.420833333,0.0,0.0774,0.0
2025-06-10 06:00:00,0.5499999999999999,0.287987,8.739293934865898,0.0,0.420833333,0.0,0.07575,0.0
2025-06-10 07:00:00,0.63,0.440607,8.549900934865898,0.0,0.420833333,0.0,0.07118,0.0
2025-06-10 08:00:00,0.6,0.642577,8.592477934865897,0.0,0.420833333,0.0,0.05545,0.0
2025-06-10 09:00:00,0.19,0.8028310000000001,9.205308934865895,0.0,0.420833333,0.0,0.04501,0.0
2025-06-10 10:00:00,0.5,0.994572,9.699880934865895,0.0,0.420833333,0.0,0.04187,0.0
2025-06-10 11:00:00,0.3177179487179488,1.248034,10.630196986147949,0.0,0.420833333,0.0,0.04093,0.0
2025-06-10 12:00:00,0.3177179487179488,1.1762560000000002,11.48873503743,0.0,0.420833333,0.0,0.03947,0.0
2025-06-10 13:00:00,0.3277179487179488,2.417482,13.5,0.0,0.420833333,2.0897640512820512,0.04408,-0.09211679938051281
2025-06-10 14:00:00,0.19,2.9102020000000004,13.5,0.0,0.420833333,2.7202020000000005,0.0408,-0.11098424160000003
2025-06-10 15:00:00,0.19,2.105991,13.5,0.0,0.470833333,1.915991,0.0384,-0.07357405439999999
2025-06-10 16:00:00,0.19,1.050736,13.5,0.0,0.630833333,0.860736,0.12416,-0.10686898176
2025-06-10 17:00:00,0.5526015325670499,0.266297,13.21369546743295,0.0,0.630833333,0.0,0.22896,0.0
2025-06-10 18:00:00,0.5726015325670499,0.1706109999999999,12.8117049348659,0.0,0.630833333,0.0,0.26699,0.0
2025-06-10 19:00:00,0.21,0.0,12.6017049348659,0.0,0.630833333,0.0,0.26207,0.0
2025-06-10 20:00:00,0.21,0.0,12.3917049348659,0.0,0.630833333,0.0,0.17572,0.0
2025-06-10 21:00:00,0.21,0.0,12.181704934865898,0.0,0.470833333,0.0,0.08224,0.0
2025-06-10 22:00:00,0.19,0.0,11.9917049348659,0.0,0.470833333,0.0,0.07558,0.0
2025-06-10 23:00:00,0.47,0.0,11.521704934865898,0.0,0.470833333,0.0,0.07432,0.0
2025-06-11 00:00:00,0.62,0.0,10.9017049348659,0.0,0.420833333,0.0,0.07927,0.0
2025-06-11 01:00:00,0.64,0.0,10.261704934865898,0.0,0.420833333,0.0,0.07407,0.0
2025-06-11 02:00:00,0.8699999999999999,0.0,9.3917049348659,0.0,0.420833333,0.0,0.07337,0.0
2025-06-11 03:00:00,0.55,0.0,8.841704934865898,0.0,0.420833333,0.0,0.076,0.0
2025-06-11 04:00:00,0.5499999999999999,0.0,8.291704934865898,0.0,0.420833333,0.0,0.07453,0.0
2025-06-11 05:00:00,0.5599999999999999,0.121244,7.852948934865898,0.0,0.420833333,0.0,0.0774,0.0
2025-06-11 06:00:00,0.93,0.295641,7.218589934865898,0.0,0.420833333,0.0,0.07575,0.0
2025-06-11 07:00:00,0.5599999999999999,0.729683,7.388272934865898,0.0,0.420833333,0.0,0.07118,0.0
2025-06-11 08:00:00,0.63,1.791234,8.549506934865898,0.0,0.420833333,0.0,0.05545,0.0
2025-06-11 09:00:00,0.52,2.706599,10.736105934865895,0.0,0.420833333,0.0,0.04501,0.0
2025-06-11 10:00:00,2.49,3.268462,11.514567934865896,0.0,0.420833333,0.0,0.04187,0.0
2025-06-11 11:00:00,2.6177179487179485,3.553882,12.450731986147948,0.0,0.420833333,0.0,0.04093,0.0
2025-06-11 12:00:00,2.6177179487179485,3.578852,13.41186603743,0.0,0.420833333,0.0,0.03947,0.0
2025-06-11 13:00:00,2.6177179487179485,3.385815,13.5,0.0,0.420833333,0.7680970512820515,0.04408,-0.03385771802051283
2025-06-11 14:00:00,2.49,2.928465,13.5,0.0,0.420833333,0.4384649999999999,0.0408,-0.017889371999999997
2025-06-11 15:00:00,0.2,2.100282,13.5,0.0,0.470833333,1.900282,0.0384,-0.0729708288
2025-06-11 16:00:00,0.19,1.00903,13.5,0.0,0.630833333,0.8190300000000001,0.12416,-0.10169076480000003
2025-06-11 17:00:00,0.5526015325670499,0.3703639999999999,13.31776246743295,0.0,0.630833333,0.0,0.22896,0.0
2025-06-11 18:00:00,0.5826015325670498,0.188508,12.9236689348659,0.0,0.630833333,0.0,0.26699,0.0
2025-06-11 19:00:00,0.21,0.0,12.7136689348659,0.0,0.630833333,0.0,0.26207,0.0
2025-06-11 20:00:00,0.21,0.0,12.503668934865898,0.0,0.630833333,0.0,0.17572,0.0
2025-06-11 21:00:00,0.21,0.0,12.293668934865895,0.0,0.470833333,0.0,0.08224,0.0
2025-06-11 22:00:00,0.19,0.0,12.103668934865896,0.0,0.470833333,0.0,0.07558,0.0
2025-06-11 23:00:00,0.53,0.0,11.573668934865898,0.0,0.470833333,0.0,0.07432,0.0
2025-06-12 00:00:00,0.55,0.0,11.023668934865896,0.0,0.420833333,0.0,0.07927,0.0
2025-06-12 01:00:00,0.5499999999999999,0.0,10.473668934865897,0.0,0.420833333,0.0,0.07407,0.0
2025-06-12 02:00:00,0.63,0.0,9.843668934865896,0.0,0.420833333,0.0,0.07337,0.0
2025-06-12 03:00:00,0.5599999999999999,0.0,9.283668934865895,0.0,0.420833333,0.0,0.076,0.0
2025-06-12 04:00:00,0.7200000000000001,0.0,8.563668934865895,0.0,0.420833333,0.0,0.07453,0.0
2025-06-12 05:00:00,0.5499999999999999,0.1087,8.122368934865895,0.0,0.420833333,0.0,0.0774,0.0
2025-06-12 06:00:00,1.0,0.256059,7.378427934865895,0.0,0.420833333,0.0,0.07575,0.0
2025-06-12 07:00:00,0.63,0.687447,7.435874934865895,0.0,0.420833333,0.0,0.07118,0.0
2025-06-12 08:00:00,0.63,1.732059,8.537933934865896,0.0,0.420833333,0.0,0.05545,0.0
2025-06-12 09:00:00,0.19,2.607586,10.955519934865896,0.0,0.420833333,0.0,0.04501,0.0
2025-06-12 10:00:00,0.51,3.1893510000000003,13.5,0.0,0.420833333,2.6793510000000005,0.04187,-0.11218442637
2025-06-12 11:00:00,0.4377179487179488,3.4892600000000003,13.5,0.0,0.420833333,3.0515420512820515,0.04093,-0.12489961615897437
2025-06-12 12:00:00,0.3377179487179487,3.545712,13.5,0.0,0.420833333,3.2079940512820513,0.03947,-0.12661952520410255
2025-06-12 13:00:00,0.3277179487179488,3.334451,13.5,0.0,0.420833333,3.006733051282051,0.04408,-0.13253679290051282
2025-06-12 14:00:00,0.19,2.8471979999999997,13.5,0.0,0.420833333,2.6571979999999997,0.0408,-0.10841367839999999
2025-06-12 15:00:00,0.19,2.050149,13.5,0.0,0.470833333,1.8601490000000003,0.0384,-0.07142972160000001
2025-06-12 16:00:00,0.2,1.01324,13.5,0.0,0.630833333,0.81324,0.12416,-0.1009718784
2025-06-12 17:00:00,0.5526015325670499,0.239829,13.18722746743295,0.0,0.630833333,0.0,0.22896,0.0
2025-06-12 18:00:00,0.5726015325670499,0.154566,12.7691919348659,0.0,0.630833333,0.0,0.26699,0.0
2025-06-12 19:00:00,0.21,0.0,12.5591919348659,0.0,0.630833333,0.0,0.26207,0.0
2025-06-12 20:00:00,0.2,0.0,12.3591919348659,0.0,0.630833333,0.0,0.17572,0.0
2025-06-12 21:00:00,0.21,0.0,12.1491919348659,0.0,0.470833333,0.0,0.08224,0.0
2025-06-12 22:00:00,0.2,0.0,11.9491919348659,0.0,0.470833333,0.0,0.07558,0.0
2025-06-12 23:00:00,0.27,0.0,11.6791919348659,0.0,0.470833333,0.0,0.07432,0.0
2025-06-13 00:00:00,0.54,0.0,11.1391919348659,0.0,0.420833333,0.0,0.07927,0.0
2025-06-13 01:00:00,0.62,0.0,10.5191919348659,0.0,0.420833333,0.0,0.07407,0.0
2025-06-13 02:00:00,0.92,0.0,9.5991919348659,0.0,0.420833333,0.0,0.07337,0.0
2025-06-13 03:00:00,0.63,0.0,8.969191934865899,0.0,0.420833333,0.0,0.076,0.0
2025-06-13 04:00:00,0.63,0.0,8.339191934865898,0.0,0.420833333,0.0,0.07453,0.0
2025-06-13 05:00:00,0.87,0.099532,7.568723934865898,0.0,0.420833333,0.0,0.0774,0.0
2025-06-13 06:00:00,0.98,0.204722,6.793445934865898,0.0,0.420833333,0.0,0.07575,0.0
2025-06-13 07:00:00,0.63,0.673319,6.836764934865898,0.0,0.420833333,0.0,0.07118,0.0
2025-06-13 08:00:00,0.63,1.763107,7.969871934865898,0.0,0.420833333,0.0,0.05545,0.0
2025-06-13 09:00:00,0.5599999999999999,2.6950909999999997,10.104962934865895,0.0,0.420833333,0.0,0.04501,0.0
2025-06-13 10:00:00,2.76,3.2854940000000004,10.630456934865895,0.0,0.420833333,0.0,0.04187,0.0
2025-06-13 11:00:00,2.8077179487179484,3.591027,11.413765986147949,0.0,0.420833333,0.0,0.04093,0.0
2025-06-13 12:00:00,2.6177179487179485,3.616968,12.41301603743,0.0,0.420833333,0.0,0.03947,0.0
2025-06-13 13:00:00,2.6177179487179485,3.3865149999999997,13.181813088712053,0.0,0.420833333,0.0,0.04408,0.0
2025-06-13 14:00:00,2.49,2.874953,13.5,0.0,0.420833333,0.3849529999999999,0.0408,-0.015706082399999995
2025-06-13 15:00:00,0.19,2.05486,13.5,0.0,0.470833333,1.8648600000000002,0.0384,-0.071610624
2025-06-13 16:00:00,0.19,0.997616,13.5,0.0,0.630833333,0.8076159999999999,0.12416,-0.10027360256
2025-06-13 17:00:00,0.5526015325670499,0.236916,13.18431446743295,0.0,0.630833333,0.0,0.22896,0.0
2025-06-13 18:00:00,0.5726015325670499,0.137405,12.7491179348659,0.0,0.630833333,0.0,0.26699,0.0
2025-06-13 19:00:00,0.21,0.0,12.5391179348659,0.0,0.630833333,0.0,0.26207,0.0
2025-06-13 20:00:00,0.21,0.0,12.3291179348659,0.0,0.630833333,0.0,0.17572,0.0
2025-06-13 21:00:00,0.21,0.0,12.119117934865898,0.0,0.470833333,0.0,0.08224,0.0
2025-06-13 22:00:00,0.2,0.0,11.919117934865898,0.0,0.470833333,0.0,0.07558,0.0
2025-06-13 23:00:00,1.64,0.0,10.279117934865898,0.0,0.470833333,0.0,0.07432,0.0
2025-06-14 00:00:00,0.93,0.0,9.349117934865898,0.0,0.420833333,0.0,0.07927,0.0
2025-06-14 01:00:00,0.99,0.0,8.359117934865898,0.0,0.420833333,0.0,0.07407,0.0
2025-06-14 02:00:00,0.72,0.0,7.639117934865898,0.0,0.420833333,0.0,0.07337,0.0
2025-06-14 03:00:00,0.95,0.0,6.689117934865898,0.0,0.420833333,0.0,0.076,0.0
2025-06-14 04:00:00,1.03,0.0,5.659117934865898,0.0,0.420833333,0.0,0.07453,0.0
2025-06-14 05:00:00,0.56,0.098658,5.197775934865898,0.0,0.420833333,0.0,0.0774,0.0
2025-06-14 06:00:00,0.96,0.205774,4.4435499348658976,0.0,0.420833333,0.0,0.07575,0.0
2025-06-14 07:00:00,0.5700000000000001,0.666682,4.540231934865897,0.0,0.420833333,0.0,0.07118,0.0
2025-06-14 08:00:00,0.18,1.7119449999999998,6.072176934865897,0.0,0.420833333,0.0,0.05545,0.0
2025-06-14 09:00:00,0.4,2.613163,8.285339934865897,0.0,0.420833333,0.0,0.04501,0.0
2025-06-14 10:00:00,2.77,3.173431,8.688770934865897,0.0,0.420833333,0.0,0.04187,0.0
2025-06-14 11:00:00,2.5377179487179484,3.486116,9.637168986147948,0.0,0.420833333,0.0,0.04093,0.0
2025-06-14 12:00:00,2.5877179487179487,3.267654,10.31710503743,0.0,0.420833333,0.0,0.03947,0.0
2025-06-14 13:00:00,3.0377179487179484,3.348141,10.627528088712053,0.0,0.420833333,0.0,0.04408,0.0
2025-06-14 14:00:00,2.42,2.870227,11.07775508871205,0.0,0.420833333,0.0,0.0408,0.0
2025-06-14 15:00:00,0.12,2.088341,13.046096088712051,0.0,0.470833333,0.0,0.0384,0.0
2025-06-14 16:00:00,0.1,1.015984,13.5,0.0,0.630833333,0.915984,0.12416,-0.11372857344000001
2025-06-14 17:00:00,0.5126015325670499,0.425548,13.41294646743295,0.0,0.630833333,0.0,0.22896,0.0
2025-06-14 18:00:00,0.5226015325670499,0.164714,13.0550589348659,0.0,0.630833333,0.0,0.26699,0.0
2025-06-14 19:00:00,0.13,0.0,12.9250589348659,0.0,0.630833333,0.0,0.26207,0.0
2025-06-14 20:00:00,0.21,0.0,12.7150589348659,0.0,0.630833333,0.0,0.17572,0.0
2025-06-14 21:00:00,0.15,0.0,12.5650589348659,0.0,0.470833333,0.0,0.08224,0.0
2025-06-14 22:00:00,0.23,0.0,12.3350589348659,0.0,0.470833333,0.0,0.07558,0.0
2025-06-14 23:00:00,0.19,0.0,12.1450589348659,0.0,0.470833333,0.0,0.07432,0.0
2025-06-15 00:00:00,0.2,0.0,11.9450589348659,0.0,0.420833333,0.0,0.07927,0.0
2025-06-15 01:00:00,0.46,0.0,11.4850589348659,0.0,0.420833333,0.0,0.07407,0.0
2025-06-15 02:00:00,0.49,0.0,10.9950589348659,0.0,0.420833333,0.0,0.07337,0.0
2025-06-15 03:00:00,0.67,0.0,10.3250589348659,0.0,0.420833333,0.0,0.076,0.0
2025-06-15 04:00:00,1.09,0.0,9.2350589348659,0.0,0.420833333,0.0,0.07453,0.0
2025-06-15 05:00:00,0.49,0.104819,8.8498779348659,0.0,0.420833333,0.0,0.0774,0.0
2025-06-15 06:00:00,1.04,0.237804,8.0476819348659,0.0,0.420833333,0.0,0.07575,0.0
2025-06-15 07:00:00,2.93,0.6758160000000001,5.793497934865899,0.0,0.420833333,0.0,0.07118,0.0
2025-06-15 08:00:00,1.07,1.716213,6.439710934865898,0.0,0.420833333,0.0,0.05545,0.0
2025-06-15 09:00:00,0.13,2.6015680000000003,8.911278934865898,0.0,0.420833333,0.0,0.04501,0.0
2025-06-15 10:00:00,2.42,3.158646,9.649924934865895,0.0,0.420833333,0.0,0.04187,0.0
2025-06-15 11:00:00,2.6277179487179487,3.461927,10.484133986147947,0.0,0.420833333,0.0,0.04093,0.0
2025-06-15 12:00:00,2.5877179487179487,3.501099,11.39751503743,0.0,0.420833333,0.0,0.03947,0.0
2025-06-15 13:00:00,2.5377179487179484,3.2992199999999996,12.159017088712051,0.0,0.420833333,0.0,0.04408,0.0
2025-06-15 14:00:00,2.63,2.836101,12.365118088712052,0.0,0.420833333,0.0,0.0408,0.0
2025-06-15 15:00:00,1.34,2.041512,13.066630088712053,0.0,0.470833333,0.0,0.0384,0.0
2025-06-15 16:00:00,0.11,1.018678,13.5,0.0,0.630833333,0.908678,0.12416,-0.11282146048000001
2025-06-15 17:00:00,2.1126015325670497,0.246442,11.63384046743295,0.0,0.630833333,0.0,0.22896,0.0
2025-06-15 18:00:00,2.0726015325670497,0.163957,9.7251959348659,0.0,0.630833333,0.0,0.26699,0.0
2025-06-15 19:00:00,0.18,0.0,9.545195934865902,0.0,0.630833333,0.0,0.26207,0.0
2025-06-15 20:00:00,0.28,0.0,9.265195934865902,0.0,0.630833333,0.0,0.17572,0.0
2025-06-15 21:00:00,0.56,0.0,8.705195934865902,0.0,0.470833333,0.0,0.08224,0.0
2025-06-15 22:00:00,0.71,0.0,7.995195934865902,0.0,0.470833333,0.0,0.07558,0.0
2025-06-15 23:00:00,0.11,0.0,7.885195934865901,0.0,0.470833333,0.0,0.07432,0.0
2025-06-16 00:00:00,0.11,0.0,7.775195934865901,0.0,0.420833333,0.0,0.07927,0.0
2025-06-16 01:00:00,0.1,0.0,7.675195934865902,0.0,0.420833333,0.0,0.07407,0.0
2025-06-16 02:00:00,0.1,0.0,7.575195934865902,0.0,0.420833333,0.0,0.07337,0.0
2025-06-16 03:00:00,0.46,0.0,7.115195934865902,0.0,0.420833333,0.0,0.076,0.0
2025-06-16 04:00:00,0.48,0.0,6.6351959348659015,0.0,0.420833333,0.0,0.07453,0.0
2025-06-16 05:00:00,0.93,0.1162,5.821395934865901,0.0,0.420833333,0.0,0.0774,0.0
2025-06-16 06:00:00,0.49,0.270926,5.602321934865901,0.0,0.420833333,0.0,0.07575,0.0
2025-06-16 07:00:00,1.5199999999999998,0.6974940000000001,4.779815934865901,0.0,0.420833333,0.0,0.07118,0.0
2025-06-16 08:00:00,1.0,1.7268910000000002,5.5067069348659015,0.0,0.420833333,0.0,0.05545,0.0
2025-06-16 09:00:00,0.17,2.627829,7.964535934865902,0.0,0.420833333,0.0,0.04501,0.0
2025-06-16 10:00:00,0.36,3.174808,10.779343934865905,0.0,0.420833333,0.0,0.04187,0.0
2025-06-16 11:00:00,0.6973653846153847,3.483687,13.5,0.0,0.420833333,2.7863216153846153,0.04093,-0.11404414371769231
2025-06-16 12:00:00,0.3973653846153847,3.527173,13.5,0.0,0.420833333,3.1298076153846153,0.03947,-0.12353350657923076
2025-06-16 13:00:00,0.3873653846153847,3.330083,13.5,0.0,0.420833333,2.9427176153846153,0.04408,-0.12971499248615384
2025-06-16 14:00:00,0.1,1.811015,13.5,0.0,0.420833333,1.711015,0.0408,-0.069809412
2025-06-16 15:00:00,0.1,1.196516,13.5,0.0,0.470833333,1.0965159999999998,0.0384,-0.04210621439999999
2025-06-16 16:00:00,0.1,0.857827,13.5,0.0,0.630833333,0.757827,0.12416,-0.09409180032
2025-06-16 17:00:00,0.915853448275862,0.250963,12.835109551724138,0.0,0.630833333,0.0,0.22896,0.0
2025-06-16 18:00:00,0.9758534482758622,0.166257,12.025513103448276,0.0,0.630833333,0.0,0.26699,0.0
2025-06-16 19:00:00,0.12,0.0,11.905513103448277,0.0,0.630833333,0.0,0.26207,0.0
2025-06-16 20:00:00,0.14,0.0,11.765513103448276,0.0,0.630833333,0.0,0.17572,0.0
2025-06-16 21:00:00,0.12,0.0,11.645513103448277,0.0,0.470833333,0.0,0.08224,0.0
2025-06-16 22:00:00,0.12,0.0,11.525513103448278,0.0,0.470833333,0.0,0.07558,0.0
2025-06-16 23:00:00,0.54,0.0,10.985513103448277,0.0,0.470833333,0.0,0.07432,0.0
2025-06-17 00:00:00,0.96,0.0,10.025513103448276,0.0,0.420833333,0.0,0.07927,0.0
2025-06-17 01:00:00,0.57,0.0,9.455513103448276,0.0,0.420833333,0.0,0.07407,0.0
2025-06-17 02:00:00,0.88,0.0,8.575513103448275,0.0,0.420833333,0.0,0.07337,0.0
2025-06-17 03:00:00,0.95,0.0,7.625513103448275,0.0,0.420833333,0.0,0.076,0.0
2025-06-17 04:00:00,1.03,0.0,6.595513103448274,0.0,0.420833333,0.0,0.07453,0.0
2025-06-17 05:00:00,0.96,0.113214,5.7487271034482745,0.0,0.420833333,0.0,0.0774,0.0
2025-06-17 06:00:00,0.49,0.254619,5.513346103448274,0.0,0.420833333,0.0,0.07575,0.0
2025-06-17 07:00:00,0.16,0.5091519999999999,5.862498103448274,0.0,0.420833333,0.0,0.07118,0.0
2025-06-17 08:00:00,0.22,1.051427,6.693925103448274,0.0,0.420833333,0.0,0.05545,0.0
2025-06-17 09:00:00,0.22,2.212303,8.686228103448274,0.0,0.420833333,0.0,0.04501,0.0
2025-06-17 10:00:00,0.21,3.220831,11.697059103448272,0.0,0.420833333,0.0,0.04187,0.0
2025-06-17 11:00:00,0.4973653846153847,3.527958,13.5,0.0,0.420833333,3.030592615384615,0.04093,-0.1240421557476923
2025-06-17 12:00:00,0.5073653846153847,3.573491,13.5,0.0,0.420833333,3.0661256153846157,0.03947,-0.12101997803923077
2025-06-17 13:00:00,0.5073653846153847,3.371316,13.5,0.0,0.420833333,2.8639506153846153,0.04408,-0.12624294312615383
2025-06-17 14:00:00,0.22,2.895735,13.5,0.0,0.420833333,2.675735,0.0408,-0.10916998800000001
2025-06-17 15:00:00,0.22,2.0884899999999997,13.5,0.0,0.470833333,1.8684899999999998,0.0384,-0.07175001599999999
2025-06-17 16:00:00,0.22,1.051877,13.5,0.0,0.630833333,0.831877,0.12416,-0.10328584832
2025-06-17 17:00:00,1.035853448275862,0.257805,12.72195155172414,0.0,0.630833333,0.0,0.22896,0.0
2025-06-17 18:00:00,1.1258534482758622,0.177899,11.773997103448275,0.0,0.630833333,0.0,0.26699,0.0
2025-06-17 19:00:00,0.35,0.0,11.423997103448276,0.0,0.630833333,0.0,0.26207,0.0
2025-06-17 20:00:00,0.22,0.0,11.203997103448277,0.0,0.630833333,0.0,0.17572,0.0
2025-06-17 21:00:00,0.12,0.0,11.083997103448278,0.0,0.470833333,0.0,0.08224,0.0
2025-06-17 22:00:00,0.22,0.0,10.863997103448275,0.0,0.470833333,0.0,0.07558,0.0
2025-06-17 23:00:00,0.2,0.0,10.663997103448278,0.0,0.470833333,0.0,0.07432,0.0
2025-06-18 00:00:00,0.19,0.0,10.473997103448278,0.0,0.420833333,0.0,0.07927,0.0
2025-06-18 01:00:00,0.19,0.0,10.28399710344828,0.0,0.420833333,0.0,0.07407,0.0
2025-06-18 02:00:00,0.19,0.0,10.09399710344828,0.0,0.420833333,0.0,0.07337,0.0
2025-06-18 03:00:00,0.22,0.0,9.87399710344828,0.0,0.420833333,0.0,0.076,0.0
2025-06-18 04:00:00,1.35,0.0,8.523997103448279,0.0,0.420833333,0.0,0.07453,0.0
2025-06-18 05:00:00,1.03,0.0044059999999999,7.498403103448279,0.0,0.420833333,0.0,0.0774,0.0
2025-06-18 06:00:00,1.35,0.117602,6.266005103448279,0.0,0.420833333,0.0,0.07575,0.0
2025-06-18 07:00:00,0.71,0.343382,5.899387103448279,0.0,0.420833333,0.0,0.07118,0.0
2025-06-18 08:00:00,0.16,0.506298,6.245685103448279,0.0,0.420833333,0.0,0.05545,0.0
2025-06-18 09:00:00,0.15,1.007866,7.103551103448279,0.0,0.420833333,0.0,0.04501,0.0
2025-06-18 10:00:00,2.46,1.772294,6.415845103448278,0.0,0.420833333,0.0,0.04187,0.0
2025-06-18 11:00:00,2.7473653846153843,3.5252800000000004,7.193759718832895,0.0,0.420833333,0.0,0.04093,0.0
2025-06-18 12:00:00,2.7073653846153847,3.5824659999999997,8.06886033421751,0.0,0.420833333,0.0,0.03947,0.0
2025-06-18 13:00:00,2.837365384615385,3.368712,8.600206949602125,0.0,0.420833333,0.0,0.04408,0.0
2025-06-18 14:00:00,2.55,2.897447,8.947653949602126,0.0,0.420833333,0.0,0.0408,0.0
2025-06-18 15:00:00,0.16,2.09483,10.882483949602126,0.0,0.470833333,0.0,0.0384,0.0
2025-06-18 16:00:00,0.16,1.051567,11.774050949602126,0.0,0.630833333,0.0,0.12416,0.0
2025-06-18 17:00:00,0.935853448275862,0.253435,11.091632501326265,0.0,0.630833333,0.0,0.22896,0.0
2025-06-18 18:00:00,1.0758534482758622,0.166518,10.182297053050402,0.0,0.630833333,0.0,0.26699,0.0
2025-06-18 19:00:00,0.28,0.0,9.902297053050402,0.0,0.630833333,0.0,0.26207,0.0
2025-06-18 20:00:00,0.14,0.0,9.762297053050402,0.0,0.630833333,0.0,0.17572,0.0
2025-06-18 21:00:00,0.13,0.0,9.6322970530504,0.0,0.470833333,0.0,0.08224,0.0
2025-06-18 22:00:00,0.22,0.0,9.4122970530504,0.0,0.470833333,0.0,0.07558,0.0
2025-06-18 23:00:00,0.21,0.0,9.2022970530504,0.0,0.470833333,0.0,0.07432,0.0
2025-06-19 00:00:00,0.2,0.0,9.0022970530504,0.0,0.420833333,0.0,0.07927,0.0
2025-06-19 01:00:00,0.21,0.0,8.7922970530504,0.0,0.420833333,0.0,0.07407,0.0
2025-06-19 02:00:00,0.22,0.0,8.572297053050399,0.0,0.420833333,0.0,0.07337,0.0
2025-06-19 03:00:00,0.92,0.0,7.652297053050399,0.0,0.420833333,0.0,0.076,0.0
2025-06-19 04:00:00,0.58,0.0,7.072297053050399,0.0,0.420833333,0.0,0.07453,0.0
2025-06-19 05:00:00,1.03,0.1078949999999999,6.150192053050398,0.0,0.420833333,0.0,0.0774,0.0
2025-06-19 06:00:00,0.75,0.256819,5.6570110530503985,0.0,0.420833333,0.0,0.07575,0.0
2025-06-19 07:00:00,0.37,0.371393,5.658404053050399,0.0,0.420833333,0.0,0.07118,0.0
2025-06-19 08:00:00,0.8400000000000001,0.417219,5.235623053050398,0.0,0.420833333,0.0,0.05545,0.0
2025-06-19 09:00:00,0.26,0.704682,5.6803050530503985,0.0,0.420833333,0.0,0.04501,0.0
2025-06-19 10:00:00,0.26,1.68869,7.108995053050398,0.0,0.420833333,0.0,0.04187,0.0
2025-06-19 11:00:00,0.4573653846153847,2.054017,8.705646668435014,0.0,0.420833333,0.0,0.04093,0.0
2025-06-19 12:00:00,0.6573653846153846,1.872272,9.920553283819627,0.0,0.420833333,0.0,0.03947,0.0
2025-06-19 13:00:00,0.5473653846153848,1.6190920000000002,10.992279899204243,0.0,0.420833333,0.0,0.04408,0.0
2025-06-19 14:00:00,0.26,1.834083,12.566362899204243,0.0,0.420833333,0.0,0.0408,0.0
2025-06-19 15:00:00,0.29,1.292576,13.5,0.0,0.470833333,1.002576,0.0384,-0.03849891839999999
2025-06-19 16:00:00,2.75,0.704874,11.454874,0.0,0.630833333,0.0,0.12416,0.0
2025-06-19 17:00:00,4.275853448275862,0.409797,7.588817551724138,0.0,0.630833333,0.0,0.22896,0.0
2025-06-19 18:00:00,1.9058534482758624,0.074453,5.757417103448276,0.0,0.630833333,0.0,0.26699,0.0
2025-06-19 19:00:00,0.33,0.0,5.427417103448276,0.0,0.630833333,0.0,0.26207,0.0
2025-06-19 20:00:00,0.1699999999999999,0.0,5.257417103448276,0.0,0.630833333,0.0,0.17572,0.0
2025-06-19 21:00:00,0.31,0.0,4.947417103448276,0.0,0.470833333,0.0,0.08224,0.0
2025-06-19 22:00:00,0.48,0.0,4.467417103448277,0.0,0.470833333,0.0,0.07558,0.0
2025-06-19 23:00:00,0.7100000000000001,0.0,3.757417103448277,0.0,0.470833333,0.0,0.07432,0.0
2025-06-20 00:00:00,0.6699999999999999,0.0,3.087417103448277,0.0,0.420833333,0.0,0.07927,0.0
2025-06-20 01:00:00,0.22,0.0,2.8674171034482767,0.0,0.420833333,0.0,0.07407,0.0
2025-06-20 02:00:00,0.22,0.0,2.6474171034482765,0.0,0.420833333,0.0,0.07337,0.0
2025-06-20 03:00:00,0.22,0.0,2.4274171034482763,0.0,0.420833333,0.0,0.076,0.0
2025-06-20 04:00:00,0.58,0.0,1.8474171034482765,0.0,0.420833333,0.0,0.07453,0.0
2025-06-20 05:00:00,0.72,0.101891,1.2293081034482762,0.0,0.420833333,0.0,0.0774,0.0
2025-06-20 06:00:00,1.03,0.21955,0.4188581034482762,0.0,0.420833333,0.0,0.07575,0.0
2025-06-20 07:00:00,0.2299999999999999,0.36063,0.5494881034482764,0.0,0.420833333,0.0,0.07118,0.0
2025-06-20 08:00:00,0.24,0.407963,0.7174511034482765,0.0,0.420833333,0.0,0.05545,0.0
2025-06-20 09:00:00,0.25,0.785846,1.2532971034482765,0.0,0.420833333,0.0,0.04501,0.0
2025-06-20 10:00:00,2.55,1.021231,0.0,0.2754718965517233,0.420833333,0.0,0.04187,0.11592775637369293
2025-06-20 11:00:00,2.837365384615385,1.041076,0.0,1.7962893846153851,0.420833333,0.0,0.04093,0.7559384487602114
2025-06-20 12:00:00,2.9173653846153846,1.697768,0.0,1.2195973846153847,0.420833333,0.0,0.03947,0.5132472322857753
2025-06-20 13:00:00,2.8273653846153843,1.453345,0.0,1.3740203846153842,0.420833333,0.0,0.04408,0.578233578067634
2025-06-20 14:00:00,2.5599999999999996,1.5869300000000002,0.0,0.9730699999999994,0.420833333,0.0,0.0408,0.40950029134230975
2025-06-20 15:00:00,0.26,1.4890219999999998,1.2290219999999998,0.0,0.470833333,0.0,0.0384,0.0
2025-06-20 16:00:00,0.2299999999999999,1.0625129999999998,2.0615349999999997,0.0,0.630833333,0.0,0.12416,0.0
2025-06-20 17:00:00,1.545853448275862,0.4048899999999999,0.9205715517241376,0.0,0.630833333,0.0,0.22896,0.0
2025-06-20 18:00:00,2.245853448275862,0.16276,0.0,1.1625218965517243,0.630833333,0.0,0.26699,0.7333575626872054
2025-06-20 19:00:00,0.39,0.0,0.0,0.39,0.630833333,0.0,0.26207,0.24602499987
2025-06-20 20:00:00,0.57,0.0,0.0,0.57,0.630833333,0.0,0.17572,0.35957499980999996
2025-06-20 21:00:00,0.24,0.0,0.0,0.24,0.470833333,0.0,0.08224,0.11299999992
2025-06-20 22:00:00,0.18,0.0,0.0,0.18,0.470833333,0.0,0.07558,0.08474999994
2025-06-20 23:00:00,0.12,0.0,0.0,0.12,0.470833333,0.0,0.07432,0.05649999996
2025-06-21 00:00:00,0.11,0.0,0.0,0.11,0.420833333,0.0,0.07927,0.04629166663
2025-06-21 01:00:00,0.1,0.0,0.0,0.1,0.420833333,0.0,0.07407,0.0420833333
2025-06-21 02:00:00,0.1,0.0,0.0,0.1,0.420833333,0.0,0.07337,0.0420833333
2025-06-21 03:00:00,0.93,0.0,0.0,0.93,0.420833333,0.0,0.076,0.39137499969
2025-06-21 04:00:00,0.5700000000000001,0.0,0.0,0.5700000000000001,0.420833333,0.0,0.07453,0.23987499981000002
2025-06-21 05:00:00,1.1,0.094781,0.0,1.005219,0.420833333,0.0,0.0774,0.423029662164927
2025-06-21 06:00:00,0.49,0.206107,0.0,0.28389299999999995,0.420833333,0.0,0.07575,0.11947163740536897
2025-06-21 07:00:00,2.13,0.357726,0.0,1.772274,0.420833333,0.0,0.07118,0.7458319744092419
2025-06-21 08:00:00,0.54,0.6864640000000001,0.146464,0.0,0.420833333,0.0,0.05545,0.0
2025-06-21 09:00:00,0.13,1.138118,1.154582,0.0,0.420833333,0.0,0.04501,0.0
2025-06-21 10:00:00,2.4099999999999997,3.221256,1.965838,0.0,0.420833333,0.0,0.04187,0.0
2025-06-21 11:00:00,2.6973653846153844,3.536535,2.8050076153846155,0.0,0.420833333,0.0,0.04093,0.0
2025-06-21 12:00:00,2.6973653846153844,2.5824830000000003,2.6901252307692314,0.0,0.420833333,0.0,0.03947,0.0
2025-06-21 13:00:00,2.6973653846153844,3.376134,3.368893846153847,0.0,0.420833333,0.0,0.04408,0.0
2025-06-21 14:00:00,2.4099999999999997,2.899825,3.858718846153847,0.0,0.420833333,0.0,0.0408,0.0
2025-06-21 15:00:00,0.17,2.0972579999999996,5.785976846153847,0.0,0.470833333,0.0,0.0384,0.0
2025-06-21 16:00:00,0.01,1.051692,6.8276688461538475,0.0,0.630833333,0.0,0.12416,0.0
2025-06-21 17:00:00,0.8258534482758622,0.422278,6.424093397877986,0.0,0.630833333,0.0,0.22896,0.0
2025-06-21 18:00:00,0.8458534482758622,0.128772,5.707011949602124,0.0,0.630833333,0.0,0.26699,0.0
2025-06-21 19:00:00,0.01,0.0,5.697011949602124,0.0,0.630833333,0.0,0.26207,0.0
2025-06-21 20:00:00,0.04,0.0,5.657011949602124,0.0,0.630833333,0.0,0.17572,0.0
2025-06-21 21:00:00,0.0,0.0,5.657011949602124,0.0,0.470833333,0.0,0.08224,0.0
2025-06-21 22:00:00,0.02,0.0,5.637011949602124,0.0,0.470833333,0.0,0.07558,0.0
2025-06-21 23:00:00,0.02,0.0,5.617011949602125,0.0,0.470833333,0.0,0.07432,0.0
2025-06-22 00:00:00,0.0,0.0,5.617011949602125,0.0,0.420833333,0.0,0.07927,0.0
2025-06-22 01:00:00,0.04,0.0,5.577011949602125,0.0,0.420833333,0.0,0.07407,0.0
2025-06-22 02:00:00,0.02,0.0,5.557011949602125,0.0,0.420833333,0.0,0.07337,0.0
2025-06-22 03:00:00,0.06,0.0,5.4970119496021255,0.0,0.420833333,0.0,0.076,0.0
2025-06-22 04:00:00,0.08,0.0,5.417011949602125,0.0,0.420833333,0.0,0.07453,0.0
2025-06-22 05:00:00,0.06,0.1051179999999999,5.462129949602126,0.0,0.420833333,0.0,0.0774,0.0
2025-06-22 06:00:00,0.07,0.227236,5.619365949602126,0.0,0.420833333,0.0,0.07575,0.0
2025-06-22 07:00:00,0.65,0.488009,5.457374949602126,0.0,0.420833333,0.0,0.07118,0.0
2025-06-22 08:00:00,0.29,1.041871,6.209245949602126,0.0,0.420833333,0.0,0.05545,0.0
2025-06-22 09:00:00,0.15,1.529466,7.588711949602126,0.0,0.420833333,0.0,0.04501,0.0
2025-06-22 10:00:00,2.42,1.651425,6.820136949602126,0.0,0.420833333,0.0,0.04187,0.0
2025-06-22 11:00:00,2.7773653846153845,3.576273,7.619044564986741,0.0,0.420833333,0.0,0.04093,0.0
2025-06-22 12:00:00,2.7173653846153845,3.635515,8.537194180371356,0.0,0.420833333,0.0,0.03947,0.0
2025-06-22 13:00:00,2.7373653846153845,3.424105,9.223933795755972,0.0,0.420833333,0.0,0.04408,0.0
2025-06-22 14:00:00,2.4099999999999997,2.943591,9.757524795755971,0.0,0.420833333,0.0,0.0408,0.0
2025-06-22 15:00:00,0.14,2.123386,11.740910795755973,0.0,0.470833333,0.0,0.0384,0.0
2025-06-22 16:00:00,0.19,1.058396,12.609306795755971,0.0,0.630833333,0.0,0.12416,0.0
2025-06-22 17:00:00,1.1058534482758622,0.254085,11.75753834748011,0.0,0.630833333,0.0,0.22896,0.0
2025-06-22 18:00:00,4.2258534482758625,0.14943,7.681114899204248,0.0,0.630833333,0.0,0.26699,0.0
2025-06-22 19:00:00,0.29,0.0,7.391114899204248,0.0,0.630833333,0.0,0.26207,0.0
2025-06-22 20:00:00,0.16,0.0,7.231114899204248,0.0,0.630833333,0.0,0.17572,0.0
2025-06-22 21:00:00,0.22,0.0,7.011114899204248,0.0,0.470833333,0.0,0.08224,0.0
2025-06-22 22:00:00,0.69,0.0,6.3211148992042485,0.0,0.470833333,0.0,0.07558,0.0
2025-06-22 23:00:00,0.57,0.0,5.751114899204248,0.0,0.470833333,0.0,0.07432,0.0
2025-06-23 00:00:00,0.22,0.0,5.5311148992042485,0.0,0.420833333,0.0,0.07927,0.0
2025-06-23 01:00:00,0.21,0.0,5.3211148992042485,0.0,0.420833333,0.0,0.07407,0.0
2025-06-23 02:00:00,0.21,0.0,5.1111148992042486,0.0,0.420833333,0.0,0.07337,0.0
2025-06-23 03:00:00,0.62,0.0,4.491114899204248,0.0,0.420833333,0.0,0.076,0.0
2025-06-23 04:00:00,0.6599999999999999,0.0,3.831114899204248,0.0,0.420833333,0.0,0.07453,0.0
2025-06-23 05:00:00,0.6799999999999999,0.091186,3.242300899204248,0.0,0.420833333,0.0,0.0774,0.0
2025-06-23 06:00:00,0.76,0.201044,2.683344899204248,0.0,0.420833333,0.0,0.07575,0.0
2025-06-23 07:00:00,0.6000000000000001,0.332272,2.415616899204248,0.0,0.420833333,0.0,0.07118,0.0
2025-06-23 08:00:00,0.93,0.646109,2.131725899204248,0.0,0.420833333,0.0,0.05545,0.0
2025-06-23 09:00:00,0.43,1.3425809999999998,3.0443068992042477,0.0,0.420833333,0.0,0.04501,0.0
2025-06-23 10:00:00,0.41,2.512002,5.146308899204247,0.0,0.420833333,0.0,0.04187,0.0
2025-06-23 11:00:00,0.9673653846153848,3.540281,7.719224514588863,0.0,0.420833333,0.0,0.04093,0.0
2025-06-23 12:00:00,0.9873653846153848,3.601273,10.333132129973478,0.0,0.420833333,0.0,0.03947,0.0
2025-06-23 13:00:00,0.6173653846153847,3.385266,13.101032745358092,0.0,0.420833333,0.0,0.04408,0.0
2025-06-23 14:00:00,0.52,2.920077,13.5,0.0,0.420833333,2.400077,0.0408,-0.09792314160000001
2025-06-23 15:00:00,2.94,1.797347,12.357347,0.0,0.470833333,0.0,0.0384,0.0
2025-06-23 16:00:00,0.11,1.054965,13.302312,0.0,0.630833333,0.0,0.12416,0.0
2025-06-23 17:00:00,0.925853448275862,0.247878,12.624336551724138,0.0,0.630833333,0.0,0.22896,0.0
2025-06-23 18:00:00,1.0858534482758622,0.134788,11.673271103448275,0.0,0.630833333,0.0,0.26699,0.0
2025-06-23 19:00:00,0.27,0.0,11.403271103448276,0.0,0.630833333,0.0,0.26207,0.0
2025-06-23 20:00:00,0.16,0.0,11.243271103448276,0.0,0.630833333,0.0,0.17572,0.0
2025-06-23 21:00:00,0.14,0.0,11.103271103448275,0.0,0.470833333,0.0,0.08224,0.0
2025-06-23 22:00:00,0.13,0.0,10.973271103448274,0.0,0.470833333,0.0,0.07558,0.0
2025-06-23 23:00:00,0.11,0.0,10.863271103448277,0.0,0.470833333,0.0,0.07432,0.0
2025-06-24 00:00:00,0.11,0.0,10.753271103448276,0.0,0.420833333,0.0,0.07927,0.0
2025-06-24 01:00:00,0.11,0.0,10.643271103448276,0.0,0.420833333,0.0,0.07407,0.0
2025-06-24 02:00:00,0.11,0.0,10.533271103448277,0.0,0.420833333,0.0,0.07337,0.0
2025-06-24 03:00:00,0.11,0.0,10.423271103448275,0.0,0.420833333,0.0,0.076,0.0
2025-06-24 04:00:00,0.1,0.0,10.323271103448278,0.0,0.420833333,0.0,0.07453,0.0
2025-06-24 05:00:00,0.56,0.010529,9.773800103448275,0.0,0.420833333,0.0,0.0774,0.0
2025-06-24 06:00:00,0.51,0.330028,9.593828103448278,0.0,0.420833333,0.0,0.07575,0.0
2025-06-24 07:00:00,0.51,0.571163,9.654991103448278,0.0,0.420833333,0.0,0.07118,0.0
2025-06-24 08:00:00,0.5,1.119713,10.27470410344828,0.0,0.420833333,0.0,0.05545,0.0
2025-06-24 09:00:00,0.4,0.966696,10.84140010344828,0.0,0.420833333,0.0,0.04501,0.0
2025-06-24 10:00:00,0.1,3.273146,13.5,0.0,0.420833333,3.173146,0.04187,-0.13285962301999998
2025-06-24 11:00:00,0.6473653846153847,3.597378,13.5,0.0,0.420833333,2.9500126153846153,0.04093,-0.12074401634769232
2025-06-24 12:00:00,0.3873653846153847,3.655814,13.5,0.0,0.420833333,3.268448615384615,0.03947,-0.12900566684923076
2025-06-24 13:00:00,0.3973653846153847,3.439314,13.5,0.0,0.420833333,3.0419486153846154,0.04408,-0.13408909496615384
2025-06-24 14:00:00,0.1,2.9454670000000003,13.5,0.0,0.420833333,2.845467,0.0408,-0.11609505360000001
2025-06-24 15:00:00,0.1,2.13264,13.5,0.0,0.470833333,2.03264,0.0384,-0.07805337599999998
2025-06-24 16:00:00,0.11,1.078657,13.5,0.0,0.630833333,0.968657,0.12416,-0.12026845312000001
2025-06-24 17:00:00,0.925853448275862,0.235103,12.809249551724138,0.0,0.630833333,0.0,0.22896,0.0
2025-06-24 18:00:00,0.9858534482758622,0.133647,11.957043103448276,0.0,0.630833333,0.0,0.26699,0.0
2025-06-24 19:00:00,0.15,0.0,11.807043103448276,0.0,0.630833333,0.0,0.26207,0.0
2025-06-24 20:00:00,0.27,0.0,11.537043103448276,0.0,0.630833333,0.0,0.17572,0.0
2025-06-24 21:00:00,0.21,0.0,11.327043103448275,0.0,0.470833333,0.0,0.08224,0.0
2025-06-24 22:00:00,0.1,0.0,11.227043103448276,0.0,0.470833333,0.0,0.07558,0.0
2025-06-24 23:00:00,0.48,0.0,10.747043103448275,0.0,0.470833333,0.0,0.07432,0.0
2025-06-25 00:00:00,0.5,0.0,10.247043103448275,0.0,0.420833333,0.0,0.07927,0.0
2025-06-25 01:00:00,0.5,0.0,9.747043103448275,0.0,0.420833333,0.0,0.07407,0.0
2025-06-25 02:00:00,0.58,0.0,9.167043103448275,0.0,0.420833333,0.0,0.07337,0.0
2025-06-25 03:00:00,0.8899999999999999,0.0,8.277043103448275,0.0,0.420833333,0.0,0.076,0.0
2025-06-25 04:00:00,0.5700000000000001,0.0,7.707043103448275,0.0,0.420833333,0.0,0.07453,0.0
2025-06-25 05:00:00,0.5900000000000001,0.088435,7.205478103448274,0.0,0.420833333,0.0,0.0774,0.0
2025-06-25 06:00:00,0.5,0.217422,6.922900103448274,0.0,0.420833333,0.0,0.07575,0.0
2025-06-25 07:00:00,0.58,0.545856,6.888756103448275,0.0,0.420833333,0.0,0.07118,0.0
2025-06-25 08:00:00,0.48,1.719754,8.128510103448274,0.0,0.420833333,0.0,0.05545,0.0
2025-06-25 09:00:00,0.41,2.6621149999999996,10.380625103448274,0.0,0.420833333,0.0,0.04501,0.0
2025-06-25 10:00:00,2.8499999999999996,3.259764,10.790389103448277,0.0,0.420833333,0.0,0.04187,0.0
2025-06-25 11:00:00,2.957365384615384,3.585487,11.418510718832891,0.0,0.420833333,0.0,0.04093,0.0
2025-06-25 12:00:00,2.6873653846153847,3.632216,12.363361334217506,0.0,0.420833333,0.0,0.03947,0.0
2025-06-25 13:00:00,2.6873653846153847,3.409045,13.08504094960212,0.0,0.420833333,0.0,0.04408,0.0
2025-06-25 14:00:00,2.4,2.919552,13.5,0.0,0.420833333,0.519552,0.0408,-0.021197721600000004
2025-06-25 15:00:00,0.11,2.117515,13.5,0.0,0.470833333,2.007515,0.0384,-0.077088576
2025-06-25 16:00:00,0.1,1.0529670000000002,13.5,0.0,0.630833333,0.9529670000000002,0.12416,-0.11832038272000003
2025-06-25 17:00:00,1.495853448275862,0.2366359999999999,12.240782551724138,0.0,0.630833333,0.0,0.22896,0.0
2025-06-25 18:00:00,1.4258534482758622,0.131978,10.946907103448275,0.0,0.630833333,0.0,0.26699,0.0
2025-06-25 19:00:00,0.14,0.0,10.806907103448276,0.0,0.630833333,0.0,0.26207,0.0
2025-06-25 20:00:00,0.59,0.0,10.216907103448277,0.0,0.630833333,0.0,0.17572,0.0
2025-06-25 21:00:00,1.04,0.0,9.176907103448276,0.0,0.470833333,0.0,0.08224,0.0
2025-06-25 22:00:00,0.81,0.0,8.366907103448275,0.0,0.470833333,0.0,0.07558,0.0
2025-06-25 23:00:00,0.13,0.0,8.236907103448274,0.0,0.470833333,0.0,0.07432,0.0
2025-06-26 00:00:00,0.19,0.0,8.046907103448275,0.0,0.420833333,0.0,0.07927,0.0
2025-06-26 01:00:00,0.55,0.0,7.496907103448275,0.0,0.420833333,0.0,0.07407,0.0
2025-06-26 02:00:00,0.79,0.0,6.706907103448275,0.0,0.420833333,0.0,0.07337,0.0
2025-06-26 03:00:00,0.82,0.0,5.886907103448275,0.0,0.420833333,0.0,0.076,0.0
2025-06-26 04:00:00,0.65,0.0,5.236907103448274,0.0,0.420833333,0.0,0.07453,0.0
2025-06-26 05:00:00,1.13,0.087599,4.1945061034482745,0.0,0.420833333,0.0,0.0774,0.0
2025-06-26 06:00:00,0.57,0.196082,3.8205881034482743,0.0,0.420833333,0.0,0.07575,0.0
2025-06-26 07:00:00,0.24,0.626799,4.207387103448275,0.0,0.420833333,0.0,0.07118,0.0
2025-06-26 08:00:00,0.5599999999999999,1.717922,5.365309103448275,0.0,0.420833333,0.0,0.05545,0.0
2025-06-26 09:00:00,0.1,2.658743,7.924052103448275,0.0,0.420833333,0.0,0.04501,0.0
2025-06-26 10:00:00,0.1,3.2541439999999997,11.078196103448274,0.0,0.420833333,0.0,0.04187,0.0
2025-06-26 11:00:00,0.3873653846153847,3.5928519999999997,13.5,0.0,0.420833333,3.205486615384615,0.04093,-0.1312005671676923
2025-06-26 12:00:00,0.4673653846153847,3.657693,13.5,0.0,0.420833333,3.190327615384615,0.03947,-0.12592223097923075
2025-06-26 13:00:00,0.4573653846153847,3.4618270000000004,13.5,0.0,0.420833333,3.0044616153846158,0.04408,-0.13243666800615386
2025-06-26 14:00:00,0.1,2.983648,13.5,0.0,0.420833333,2.883648,0.0408,-0.11765283840000001
2025-06-26 15:00:00,0.11,2.175389,13.5,0.0,0.470833333,2.065389,0.0384,-0.07931093759999999
2025-06-26 16:00:00,0.1,1.091795,13.5,0.0,0.630833333,0.9917950000000001,0.12416,-0.12314126720000002
2025-06-26 17:00:00,0.925853448275862,0.259932,12.834078551724138,0.0,0.630833333,0.0,0.22896,0.0
2025-06-26 18:00:00,1.3558534482758622,0.154359,11.632584103448275,0.0,0.630833333,0.0,0.26699,0.0
2025-06-26 19:00:00,0.13,0.0,11.502584103448276,0.0,0.630833333,0.0,0.26207,0.0
2025-06-26 20:00:00,0.13,0.0,11.372584103448274,0.0,0.630833333,0.0,0.17572,0.0
2025-06-26 21:00:00,0.13,0.0,11.242584103448271,0.0,0.470833333,0.0,0.08224,0.0
2025-06-26 22:00:00,0.21,0.0,11.032584103448272,0.0,0.470833333,0.0,0.07558,0.0
2025-06-26 23:00:00,0.2,0.0,10.832584103448273,0.0,0.470833333,0.0,0.07432,0.0
2025-06-27 00:00:00,0.19,0.0,10.642584103448272,0.0,0.420833333,0.0,0.07927,0.0
2025-06-27 01:00:00,0.19,0.0,10.452584103448274,0.0,0.420833333,0.0,0.07407,0.0
2025-06-27 02:00:00,0.56,0.0,9.892584103448272,0.0,0.420833333,0.0,0.07337,0.0
2025-06-27 03:00:00,0.71,0.0,9.182584103448274,0.0,0.420833333,0.0,0.076,0.0
2025-06-27 04:00:00,1.02,0.0,8.162584103448275,0.0,0.420833333,0.0,0.07453,0.0
2025-06-27 05:00:00,0.58,0.093904,7.676488103448275,0.0,0.420833333,0.0,0.0774,0.0
2025-06-27 06:00:00,0.6,0.2128129999999999,7.289301103448275,0.0,0.420833333,0.0,0.07575,0.0
2025-06-27 07:00:00,0.19,0.634777,7.734078103448275,0.0,0.420833333,0.0,0.07118,0.0
2025-06-27 08:00:00,0.12,1.685704,9.299782103448274,0.0,0.420833333,0.0,0.05545,0.0
2025-06-27 09:00:00,0.1,2.605364,11.805146103448276,0.0,0.420833333,0.0,0.04501,0.0
2025-06-27 10:00:00,2.49,3.2033069999999997,12.518453103448271,0.0,0.420833333,0.0,0.04187,0.0
2025-06-27 11:00:00,2.7073653846153847,3.534772,13.345859718832887,0.0,0.420833333,0.0,0.04093,0.0
2025-06-27 12:00:00,2.8173653846153845,3.604082,13.5,0.0,0.420833333,0.7867166153846155,0.03947,-0.031051704809230772
2025-06-27 13:00:00,2.7073653846153847,3.402622,13.5,0.0,0.420833333,0.6952566153846154,0.04408,-0.030646911606153845
2025-06-27 14:00:00,2.44,2.92131,13.5,0.0,0.420833333,0.4813100000000001,0.0408,-0.019637448000000005
2025-06-27 15:00:00,0.11,2.1317890000000004,13.5,0.0,0.470833333,2.0217890000000005,0.0384,-0.07763669760000001
2025-06-27 16:00:00,0.1,1.093514,13.5,0.0,0.630833333,0.9935140000000001,0.12416,-0.12335469824000002
2025-06-27 17:00:00,1.305853448275862,0.266968,12.46111455172414,0.0,0.630833333,0.0,0.22896,0.0
2025-06-27 18:00:00,2.6558534482758622,0.173696,9.978957103448275,0.0,0.630833333,0.0,0.26699,0.0
2025-06-27 19:00:00,0.15,0.0,9.828957103448277,0.0,0.630833333,0.0,0.26207,0.0
2025-06-27 20:00:00,0.18,0.0,9.648957103448277,0.0,0.630833333,0.0,0.17572,0.0
2025-06-27 21:00:00,0.13,0.0,9.518957103448276,0.0,0.470833333,0.0,0.08224,0.0
2025-06-27 22:00:00,0.12,0.0,9.398957103448277,0.0,0.470833333,0.0,0.07558,0.0
2025-06-27 23:00:00,0.19,0.0,9.208957103448276,0.0,0.470833333,0.0,0.07432,0.0
2025-06-28 00:00:00,0.15,0.0,9.058957103448275,0.0,0.420833333,0.0,0.07927,0.0
2025-06-28 01:00:00,0.1,0.0,8.958957103448277,0.0,0.420833333,0.0,0.07407,0.0
2025-06-28 02:00:00,0.11,0.0,8.848957103448278,0.0,0.420833333,0.0,0.07337,0.0
2025-06-28 03:00:00,0.1,0.0,8.748957103448278,0.0,0.420833333,0.0,0.076,0.0
2025-06-28 04:00:00,0.14,0.0,8.608957103448278,0.0,0.420833333,0.0,0.07453,0.0
2025-06-28 05:00:00,0.19,0.097019,8.515976103448278,0.0,0.420833333,0.0,0.0774,0.0
2025-06-28 06:00:00,0.19,0.255229,8.581205103448278,0.0,0.420833333,0.0,0.07575,0.0
2025-06-28 07:00:00,0.32,0.657026,8.918231103448278,0.0,0.420833333,0.0,0.07118,0.0
2025-06-28 08:00:00,0.48,1.695812,10.134043103448278,0.0,0.420833333,0.0,0.05545,0.0
2025-06-28 09:00:00,0.37,2.621459,12.385502103448278,0.0,0.420833333,0.0,0.04501,0.0
2025-06-28 10:00:00,2.4099999999999997,3.183265,13.158767103448278,0.0,0.420833333,0.0,0.04187,0.0
2025-06-28 11:00:00,2.7929999999999997,3.50177,13.5,0.0,0.420833333,0.7087700000000003,0.04093,-0.029009956100000015
2025-06-28 12:00:00,5.893,3.566927,11.173927,0.0,0.420833333,0.0,0.03947,0.0
2025-06-28 13:00:00,3.533,3.383743,11.02467,0.0,0.420833333,0.0,0.04408,0.0
2025-06-28 14:00:00,2.44,2.920696,11.505366,0.0,0.420833333,0.0,0.0408,0.0
2025-06-28 15:00:00,0.12,2.146322,13.5,0.0,0.470833333,2.026322,0.0384,-0.07781076479999999
2025-06-28 16:00:00,0.11,1.115539,13.5,0.0,0.630833333,1.005539,0.12416,-0.12484772224
2025-06-28 17:00:00,0.9618505747126438,0.288576,12.826725425287355,0.0,0.630833333,0.0,0.22896,0.0
2025-06-28 18:00:00,0.9718505747126438,0.178479,12.033353850574713,0.0,0.630833333,0.0,0.26699,0.0
2025-06-28 19:00:00,0.12,0.0,11.913353850574714,0.0,0.630833333,0.0,0.26207,0.0
2025-06-28 20:00:00,0.27,0.0,11.643353850574714,0.0,0.630833333,0.0,0.17572,0.0
2025-06-28 21:00:00,0.26,0.0,11.383353850574714,0.0,0.470833333,0.0,0.08224,0.0
2025-06-28 22:00:00,0.23,0.0,11.153353850574714,0.0,0.470833333,0.0,0.07558,0.0
2025-06-28 23:00:00,0.22,0.0,10.933353850574711,0.0,0.470833333,0.0,0.07432,0.0
2025-06-29 00:00:00,0.22,0.0,10.713353850574713,0.0,0.420833333,0.0,0.07927,0.0
2025-06-29 01:00:00,0.21,0.0,10.503353850574712,0.0,0.420833333,0.0,0.07407,0.0
2025-06-29 02:00:00,0.21,0.0,10.29335385057471,0.0,0.420833333,0.0,0.07337,0.0
2025-06-29 03:00:00,0.21,0.0,10.08335385057471,0.0,0.420833333,0.0,0.076,0.0
2025-06-29 04:00:00,0.62,0.0,9.46335385057471,0.0,0.420833333,0.0,0.07453,0.0
2025-06-29 05:00:00,1.05,0.093056,8.50640985057471,0.0,0.420833333,0.0,0.0774,0.0
2025-06-29 06:00:00,0.59,0.217046,8.13345585057471,0.0,0.420833333,0.0,0.07575,0.0
2025-06-29 07:00:00,0.32,0.720146,8.53360185057471,0.0,0.420833333,0.0,0.07118,0.0
2025-06-29 08:00:00,0.2299999999999999,1.265171,9.56877285057471,0.0,0.420833333,0.0,0.05545,0.0
2025-06-29 09:00:00,0.2299999999999999,2.570504,11.90927685057471,0.0,0.420833333,0.0,0.04501,0.0
2025-06-29 10:00:00,2.52,3.117533,12.50680985057471,0.0,0.420833333,0.0,0.04187,0.0
2025-06-29 11:00:00,2.803,3.441607,13.14541685057471,0.0,0.420833333,0.0,0.04093,0.0
2025-06-29 12:00:00,2.8129999999999997,3.500618,13.5,0.0,0.420833333,0.6876180000000001,0.03947,-0.02714028246
2025-06-29 13:00:00,3.323,3.312499,13.489499,0.0,0.420833333,0.0,0.04408,0.0
2025-06-29 14:00:00,3.09,2.884458,13.283957,0.0,0.420833333,0.0,0.0408,0.0
2025-06-29 15:00:00,0.76,2.102688,13.5,0.0,0.470833333,1.342688,0.0384,-0.0515592192
2025-06-29 16:00:00,0.24,1.10226,13.5,0.0,0.630833333,0.86226,0.12416,-0.10705820160000001
2025-06-29 17:00:00,0.9918505747126438,0.334877,12.843026425287356,0.0,0.630833333,0.0,0.22896,0.0
2025-06-29 18:00:00,1.0118505747126438,0.192086,12.023261850574713,0.0,0.630833333,0.0,0.26699,0.0
2025-06-29 19:00:00,0.12,0.0,11.903261850574712,0.0,0.630833333,0.0,0.26207,0.0
2025-06-29 20:00:00,0.1699999999999999,0.0,11.733261850574712,0.0,0.630833333,0.0,0.17572,0.0
2025-06-29 21:00:00,0.11,0.0,11.623261850574714,0.0,0.470833333,0.0,0.08224,0.0
2025-06-29 22:00:00,0.22,0.0,11.403261850574712,0.0,0.470833333,0.0,0.07558,0.0
2025-06-29 23:00:00,0.22,0.0,11.183261850574713,0.0,0.470833333,0.0,0.07432,0.0
2025-06-30 00:00:00,0.2299999999999999,0.0,10.953261850574712,0.0,0.420833333,0.0,0.07927,0.0
2025-06-30 01:00:00,0.22,0.0,10.733261850574712,0.0,0.420833333,0.0,0.07407,0.0
2025-06-30 02:00:00,0.22,0.0,10.513261850574713,0.0,0.420833333,0.0,0.07337,0.0
2025-06-30 03:00:00,0.21,0.0,10.30326185057471,0.0,0.420833333,0.0,0.076,0.0
2025-06-30 04:00:00,0.6399999999999999,0.0,9.66326185057471,0.0,0.420833333,0.0,0.07453,0.0
2025-06-30 05:00:00,0.61,0.0978889999999999,9.151150850574709,0.0,0.420833333,0.0,0.0774,0.0
2025-06-30 06:00:00,0.67,0.268543,8.749693850574708,0.0,0.420833333,0.0,0.07575,0.0
2025-06-30 07:00:00,1.4300000000000002,0.331031,7.650724850574708,0.0,0.420833333,0.0,0.07118,0.0
2025-06-30 08:00:00,0.24,0.521552,7.932276850574707,0.0,0.420833333,0.0,0.05545,0.0
2025-06-30 09:00:00,0.25,0.902619,8.584895850574707,0.0,0.420833333,0.0,0.04501,0.0
2025-06-30 10:00:00,0.24,1.054122,9.399017850574706,0.0,0.420833333,0.0,0.04187,0.0
2025-06-30 11:00:00,0.493,2.1901010000000003,11.096118850574706,0.0,0.420833333,0.0,0.04093,0.0
2025-06-30 12:00:00,0.543,3.547581,13.5,0.0,0.420833333,3.004581,0.03947,-0.11859081207
2025-06-30 13:00:00,0.423,3.3267930000000003,13.5,0.0,0.420833333,2.9037930000000003,0.04408,-0.12799919544000002
2025-06-30 14:00:00,0.16,0.958124,13.5,0.0,0.420833333,0.798124,0.0408,-0.0325634592
2025-06-30 15:00:00,0.15,0.63206,13.5,0.0,0.470833333,0.48205999999999993,0.0384,-0.018511103999999997
2025-06-30 16:00:00,0.13,1.076047,13.5,0.0,0.630833333,0.946047,0.12416,-0.11746119552
2025-06-30 17:00:00,1.2718505747126438,0.251731,12.479880425287355,0.0,0.630833333,0.0,0.22896,0.0
2025-06-30 18:00:00,2.1518505747126437,0.144083,10.472112850574712,0.0,0.630833333,0.0,0.26699,0.0
2025-06-30 19:00:00,0.16,0.0,10.312112850574712,0.0,0.630833333,0.0,0.26207,0.0
2025-06-30 20:00:00,0.22,0.0,10.092112850574711,0.0,0.630833333,0.0,0.17572,0.0
2025-06-30 21:00:00,0.17,0.0,9.922112850574711,0.0,0.470833333,0.0,0.08224,0.0
2025-06-30 22:00:00,0.13,0.0,9.79211285057471,0.0,0.470833333,0.0,0.07558,0.0
2025-06-30 23:00:00,0.1,0.0,9.692112850574713,0.0,0.470833333,0.0,0.07432,0.0
2025-06-30 23:59:59,0.1,0.0,9.692112850574713,0.1,150.0,0.0,0.0,15.0
2025-07-01 00:00:00,0.11,0.0,9.582112850574712,0.0,0.42016129,0.0,0.075,0.0
2025-07-01 01:00:00,0.11,0.0,9.472112850574712,0.0,0.42016129,0.0,0.072,0.0
2025-07-01 02:00:00,0.1,0.0,9.372112850574712,0.0,0.42016129,0.0,0.068,0.0
2025-07-01 03:00:00,0.1,0.0,9.272112850574713,0.0,0.42016129,0.0,0.067,0.0
2025-07-01 04:00:00,0.09,0.0,9.182112850574711,0.0,0.42016129,0.0,0.066,0.0
2025-07-01 05:00:00,0.11,0.079345,9.151457850574714,0.0,0.42016129,0.0,0.067,0.0
2025-07-01 06:00:00,0.8500000000000001,0.204724,8.506181850574713,0.0,0.42016129,0.0,0.071,0.0
2025-07-01 07:00:00,0.59,0.71865,8.634831850574713,0.0,0.42016129,0.0,0.065,0.0
2025-07-01 08:00:00,0.1,1.71521,10.250041850574712,0.0,0.42016129,0.0,0.06,0.0
2025-07-01 09:00:00,0.1,2.670922,12.820963850574712,0.0,0.42016129,0.0,0.052,0.0
2025-07-01 10:00:00,0.1,3.275434,13.5,0.0,0.42016129,3.175434,0.055,-0.17464887
2025-07-01 11:00:00,0.403,3.606901,13.5,0.0,0.42016129,3.203901,0.053,-0.169806753
2025-07-01 12:00:00,0.383,3.677105,13.5,0.0,0.42016129,3.294105,0.053,-0.174587565
2025-07-01 13:00:00,0.393,3.468947,13.5,0.0,0.42016129,3.075947,0.05,-0.15379735000000003
2025-07-01 14:00:00,0.1,2.984956,13.5,0.0,0.42016129,2.884956,0.046,-0.13270797599999998
2025-07-01 15:00:00,0.1,2.178603,13.5,0.0,0.47016129,2.0786029999999998,0.05,-0.10393015
2025-07-01 16:00:00,0.11,1.102111,13.5,0.0,0.63016129,0.9921110000000001,0.137,-0.13591920700000001
2025-07-01 17:00:00,0.9318505747126438,0.22382,12.791969425287355,0.0,0.63016129,0.0,0.32,0.0
2025-07-01 18:00:00,2.371850574712644,0.139354,10.55947285057471,0.0,0.63016129,0.0,0.358,0.0
2025-07-01 19:00:00,0.25,0.0,10.30947285057471,0.0,0.63016129,0.0,0.446,0.0
2025-07-01 20:00:00,0.16,0.0,10.14947285057471,0.0,0.63016129,0.0,0.276,0.0
2025-07-01 21:00:00,0.18,0.0,9.96947285057471,0.0,0.47016129,0.0,0.088,0.0
2025-07-01 22:00:00,0.23,0.0,9.73947285057471,0.0,0.47016129,0.0,0.08,0.0
2025-07-01 23:00:00,0.21,0.0,9.52947285057471,0.0,0.47016129,0.0,0.074,0.0
2025-07-02 00:00:00,0.2299999999999999,0.0,9.299472850574707,0.0,0.42016129,0.0,0.075,0.0
2025-07-02 01:00:00,0.22,0.0,9.079472850574708,0.0,0.42016129,0.0,0.072,0.0
2025-07-02 02:00:00,0.22,0.0,8.859472850574708,0.0,0.42016129,0.0,0.068,0.0
2025-07-02 03:00:00,0.63,0.0,8.229472850574707,0.0,0.42016129,0.0,0.067,0.0
2025-07-02 04:00:00,0.65,0.0,7.579472850574707,0.0,0.42016129,0.0,0.066,0.0
2025-07-02 05:00:00,0.68,0.076816,6.976288850574707,0.0,0.42016129,0.0,0.067,0.0
2025-07-02 06:00:00,0.68,0.202537,6.498825850574707,0.0,0.42016129,0.0,0.071,0.0
2025-07-02 07:00:00,0.6900000000000001,0.600506,6.409331850574707,0.0,0.42016129,0.0,0.065,0.0
2025-07-02 08:00:00,0.47,1.659594,7.598925850574707,0.0,0.42016129,0.0,0.06,0.0
2025-07-02 09:00:00,0.22,2.574168,9.953093850574708,0.0,0.42016129,0.0,0.052,0.0
2025-07-02 10:00:00,2.52,3.153483,10.586576850574708,0.0,0.42016129,0.0,0.055,0.0
2025-07-02 11:00:00,2.9106666666666667,3.474224,11.15013418390804,0.0,0.42016129,0.0,0.053,0.0
2025-07-02 12:00:00,2.9106666666666667,3.5484940000000003,11.787961517241374,0.0,0.42016129,0.0,0.053,0.0
2025-07-02 13:00:00,2.9106666666666667,3.346641,12.223935850574708,0.0,0.42016129,0.0,0.05,0.0
2025-07-02 14:00:00,2.52,2.884371,12.588306850574709,0.0,0.42016129,0.0,0.046,0.0
2025-07-02 15:00:00,0.21,2.118637,13.5,0.0,0.47016129,1.9086370000000001,0.05,-0.09543185000000001
2025-07-02 16:00:00,0.22,1.082558,13.5,0.0,0.63016129,0.8625579999999999,0.137,-0.118170446
2025-07-02 17:00:00,3.5491340996168583,0.250511,10.201376900383142,0.0,0.63016129,0.0,0.32,0.0
2025-07-02 18:00:00,2.2491340996168585,0.139687,8.091929800766284,0.0,0.63016129,0.0,0.358,0.0
2025-07-02 19:00:00,0.17,0.0,7.921929800766284,0.0,0.63016129,0.0,0.446,0.0
2025-07-02 20:00:00,0.16,0.0,7.761929800766284,0.0,0.63016129,0.0,0.276,0.0
2025-07-02 21:00:00,0.5700000000000001,0.0,7.1919298007662835,0.0,0.47016129,0.0,0.088,0.0
2025-07-02 22:00:00,0.74,0.0,6.451929800766283,0.0,0.47016129,0.0,0.08,0.0
2025-07-02 23:00:00,0.22,0.0,6.2319298007662836,0.0,0.47016129,0.0,0.074,0.0
2025-07-03 00:00:00,1.07,0.0,5.161929800766283,0.0,0.42016129,0.0,0.075,0.0
2025-07-03 01:00:00,0.48,0.0,4.681929800766284,0.0,0.42016129,0.0,0.072,0.0
2025-07-03 02:00:00,0.87,0.0,3.811929800766283,0.0,0.42016129,0.0,0.068,0.0
2025-07-03 03:00:00,0.4599999999999999,0.0,3.3519298007662837,0.0,0.42016129,0.0,0.067,0.0
2025-07-03 04:00:00,1.05,0.0,2.301929800766284,0.0,0.42016129,0.0,0.066,0.0
2025-07-03 05:00:00,0.7300000000000001,0.0731209999999999,1.6450508007662838,0.0,0.42016129,0.0,0.067,0.0
2025-07-03 06:00:00,0.75,0.177485,1.0725358007662835,0.0,0.42016129,0.0,0.071,0.0
2025-07-03 07:00:00,0.6,0.609734,1.0822698007662837,0.0,0.42016129,0.0,0.065,0.0
2025-07-03 08:00:00,0.56,1.091653,1.6139228007662836,0.0,0.42016129,0.0,0.06,0.0
2025-07-03 09:00:00,0.73,1.855743,2.7396658007662835,0.0,0.42016129,0.0,0.052,0.0
2025-07-03 10:00:00,0.76,1.763808,3.7434738007662833,0.0,0.42016129,0.0,0.055,0.0
2025-07-03 11:00:00,1.1806666666666668,2.402763,4.965570134099616,0.0,0.42016129,0.0,0.053,0.0
2025-07-03 12:00:00,1.0306666666666668,2.23527,6.170173467432949,0.0,0.42016129,0.0,0.053,0.0
2025-07-03 13:00:00,0.7506666666666667,2.332745,7.752251800766283,0.0,0.42016129,0.0,0.05,0.0
2025-07-03 14:00:00,0.21,1.94018,9.482431800766284,0.0,0.42016129,0.0,0.046,0.0
2025-07-03 15:00:00,0.22,2.16256,11.424991800766284,0.0,0.47016129,0.0,0.05,0.0
2025-07-03 16:00:00,0.22,1.116262,12.321253800766284,0.0,0.63016129,0.0,0.137,0.0
2025-07-03 17:00:00,1.3491340996168584,0.243624,11.215743701149426,0.0,0.63016129,0.0,0.32,0.0
2025-07-03 18:00:00,4.469134099616858,0.138123,6.884732601532568,0.0,0.63016129,0.0,0.358,0.0
2025-07-03 19:00:00,0.27,0.0,6.614732601532568,0.0,0.63016129,0.0,0.446,0.0
2025-07-03 20:00:00,0.27,0.0,6.344732601532568,0.0,0.63016129,0.0,0.276,0.0
2025-07-03 21:00:00,0.24,0.0,6.104732601532568,0.0,0.47016129,0.0,0.088,0.0
2025-07-03 22:00:00,0.24,0.0,5.864732601532568,0.0,0.47016129,0.0,0.08,0.0
2025-07-03 23:00:00,0.22,0.0,5.644732601532568,0.0,0.47016129,0.0,0.074,0.0
2025-07-04 00:00:00,0.75,0.0,4.894732601532568,0.0,0.42016129,0.0,0.075,0.0
2025-07-04 01:00:00,0.77,0.0,4.124732601532568,0.0,0.42016129,0.0,0.072,0.0
2025-07-04 02:00:00,0.59,0.0,3.5347326015325677,0.0,0.42016129,0.0,0.068,0.0
2025-07-04 03:00:00,1.05,0.0,2.484732601532568,0.0,0.42016129,0.0,0.067,0.0
2025-07-04 04:00:00,0.5900000000000001,0.0,1.894732601532568,0.0,0.42016129,0.0,0.066,0.0
2025-07-04 05:00:00,0.91,0.073958,1.0586906015325677,0.0,0.42016129,0.0,0.067,0.0
2025-07-04 06:00:00,0.8400000000000001,0.20574,0.4244306015325676,0.0,0.42016129,0.0,0.071,0.0
2025-07-04 07:00:00,0.8200000000000001,0.60625,0.2106806015325675,0.0,0.42016129,0.0,0.065,0.0
2025-07-04 08:00:00,0.8200000000000001,1.67467,1.0653506015325676,0.0,0.42016129,0.0,0.06,0.0
2025-07-04 09:00:00,0.2,2.576288,3.441638601532567,0.0,0.42016129,0.0,0.052,0.0
2025-07-04 10:00:00,2.4,3.15327,4.194908601532568,0.0,0.42016129,0.0,0.055,0.0
2025-07-04 11:00:00,2.790666666666666,3.4773229999999997,4.881564934865901,0.0,0.42016129,0.0,0.053,0.0
2025-07-04 12:00:00,4.310666666666666,3.5580920000000003,4.128990268199235,0.0,0.42016129,0.0,0.053,0.0
2025-07-04 13:00:00,4.250666666666667,3.369978,3.2483016015325687,0.0,0.42016129,0.0,0.05,0.0
2025-07-04 14:00:00,2.54,2.921136,3.629437601532569,0.0,0.42016129,0.0,0.046,0.0
2025-07-04 15:00:00,0.13,2.152009,5.6514466015325695,0.0,0.47016129,0.0,0.05,0.0
2025-07-04 16:00:00,0.11,1.117667,6.659113601532569,0.0,0.63016129,0.0,0.137,0.0
2025-07-04 17:00:00,1.3691340996168584,0.263808,5.553787501915711,0.0,0.63016129,0.0,0.32,0.0
2025-07-04 18:00:00,1.2691340996168583,0.166916,4.451569402298852,0.0,0.63016129,0.0,0.358,0.0
2025-07-04 19:00:00,0.12,0.0,4.331569402298852,0.0,0.63016129,0.0,0.446,0.0
2025-07-04 20:00:00,0.2,0.0,4.131569402298852,0.0,0.63016129,0.0,0.276,0.0
2025-07-04 21:00:00,0.65,0.0,3.481569402298852,0.0,0.47016129,0.0,0.088,0.0
2025-07-04 22:00:00,0.6699999999999999,0.0,2.811569402298852,0.0,0.47016129,0.0,0.08,0.0
2025-07-04 23:00:00,0.21,0.0,2.601569402298852,0.0,0.47016129,0.0,0.074,0.0
2025-07-05 00:00:00,0.62,0.0,1.981569402298852,0.0,0.42016129,0.0,0.075,0.0
2025-07-05 01:00:00,0.54,0.0,1.441569402298852,0.0,0.42016129,0.0,0.072,0.0
2025-07-05 02:00:00,0.71,0.0,0.7315694022988519,0.0,0.42016129,0.0,0.068,0.0
2025-07-05 03:00:00,0.59,0.0,0.1415694022988519,0.0,0.42016129,0.0,0.067,0.0
2025-07-05 04:00:00,0.6,0.0,0.0,0.4584305977011481,0.42016129,0.0,0.066,0.19261479130558543
2025-07-05 05:00:00,0.8,0.072145,0.0,0.727855,0.42016129,0.0,0.067,0.30581649573295
2025-07-05 06:00:00,0.93,0.237579,0.0,0.6924210000000001,0.42016129,0.0,0.071,0.29092850058309006
2025-07-05 07:00:00,0.6799999999999999,0.683816,0.003816,0.0,0.42016129,0.0,0.065,0.0
2025-07-05 08:00:00,0.63,1.633495,1.007311,0.0,0.42016129,0.0,0.06,0.0
2025-07-05 09:00:00,0.45,2.500424,3.0577349999999996,0.0,0.42016129,0.0,0.052,0.0
2025-07-05 10:00:00,2.4099999999999997,3.0646799999999996,3.712415,0.0,0.42016129,0.0,0.055,0.0
2025-07-05 11:00:00,2.730182692307692,3.391556,4.373788307692307,0.0,0.42016129,0.0,0.053,0.0
2025-07-05 12:00:00,2.8301826923076923,3.458627,5.0022326153846155,0.0,0.42016129,0.0,0.053,0.0
2025-07-05 13:00:00,2.770182692307692,3.250436,5.482485923076924,0.0,0.42016129,0.0,0.05,0.0
2025-07-05 14:00:00,2.4099999999999997,2.831031,5.903516923076924,0.0,0.42016129,0.0,0.046,0.0
2025-07-05 15:00:00,0.1,2.086417,7.889933923076924,0.0,0.47016129,0.0,0.05,0.0
2025-07-05 16:00:00,0.11,1.023685,8.803618923076924,0.0,0.63016129,0.0,0.137,0.0
2025-07-05 17:00:00,2.423852011494253,0.424744,6.804510911582671,0.0,0.63016129,0.0,0.32,0.0
2025-07-05 18:00:00,1.643852011494253,0.076467,5.237125900088419,0.0,0.63016129,0.0,0.358,0.0
2025-07-05 19:00:00,0.12,0.0,5.117125900088419,0.0,0.63016129,0.0,0.446,0.0
2025-07-05 20:00:00,0.12,0.0,4.9971259000884185,0.0,0.63016129,0.0,0.276,0.0
2025-07-05 21:00:00,0.13,0.0,4.867125900088419,0.0,0.47016129,0.0,0.088,0.0
2025-07-05 22:00:00,0.22,0.0,4.647125900088419,0.0,0.47016129,0.0,0.08,0.0
2025-07-05 23:00:00,0.25,0.0,4.397125900088419,0.0,0.47016129,0.0,0.074,0.0
2025-07-06 00:00:00,0.32,0.0,4.077125900088419,0.0,0.42016129,0.0,0.075,0.0
2025-07-06 01:00:00,0.22,0.0,3.8571259000884184,0.0,0.42016129,0.0,0.072,0.0
2025-07-06 02:00:00,0.63,0.0,3.2271259000884185,0.0,0.42016129,0.0,0.068,0.0
2025-07-06 03:00:00,0.63,0.0,2.5971259000884186,0.0,0.42016129,0.0,0.067,0.0
2025-07-06 04:00:00,1.0,0.0,1.5971259000884186,0.0,0.42016129,0.0,0.066,0.0
2025-07-06 05:00:00,0.6,0.082418,1.0795439000884186,0.0,0.42016129,0.0,0.067,0.0
2025-07-06 06:00:00,1.06,0.244422,0.2639659000884186,0.0,0.42016129,0.0,0.071,0.0
2025-07-06 07:00:00,1.29,0.6800080000000001,0.0,0.3460260999115814,0.42016129,0.0,0.065,0.14538677251251894
2025-07-06 08:00:00,0.81,1.663187,0.8531869999999999,0.0,0.42016129,0.0,0.06,0.0
2025-07-06 09:00:00,0.59,1.400999,1.664186,0.0,0.42016129,0.0,0.052,0.0
2025-07-06 10:00:00,2.71,1.523635,0.477821,0.0,0.42016129,0.0,0.055,0.0
2025-07-06 11:00:00,2.7201826923076924,1.66108,0.0,0.5812816923076924,0.42016129,0.0,0.053,0.24423206569338315
2025-07-06 12:00:00,2.750182692307692,1.416918,0.0,1.3332646923076923,0.42016129,0.0,0.053,0.5601862130314531
2025-07-06 13:00:00,2.750182692307692,1.5452739999999998,0.0,1.2049086923076924,0.42016129,0.0,0.05,0.5062559904922131
2025-07-06 14:00:00,2.42,1.815278,0.0,0.604722,0.42016129,0.0,0.046,0.25408077561138
2025-07-06 15:00:00,0.11,1.034785,0.924785,0.0,0.47016129,0.0,0.05,0.0
2025-07-06 16:00:00,0.11,0.50694,1.321725,0.0,0.63016129,0.0,0.137,0.0
2025-07-06 17:00:00,0.9538520114942528,0.285942,0.6538149885057473,0.0,0.63016129,0.0,0.32,0.0
2025-07-06 18:00:00,1.083852011494253,0.1318079999999999,0.0,0.29822902298850573,0.63016129,0.0,0.358,0.1879323858418764
2025-07-06 19:00:00,0.26,0.0,0.0,0.26,0.63016129,0.0,0.446,0.1638419354
2025-07-06 20:00:00,0.4599999999999999,0.0,0.0,0.4599999999999999,0.63016129,0.0,0.276,0.2898741933999999
2025-07-06 21:00:00,0.16,0.0,0.0,0.16,0.47016129,0.0,0.088,0.0752258064
2025-07-06 22:00:00,0.2,0.0,0.0,0.2,0.47016129,0.0,0.08,0.09403225800000001
2025-07-06 23:00:00,0.21,0.0,0.0,0.21,0.47016129,0.0,0.074,0.09873387089999999
2025-07-07 00:00:00,0.21,0.0,0.0,0.21,0.42016129,0.0,0.075,0.0882338709
2025-07-07 01:00:00,0.63,0.0,0.0,0.63,0.42016129,0.0,0.072,0.26470161270000003
2025-07-07 02:00:00,0.83,0.0,0.0,0.83,0.42016129,0.0,0.068,0.3487338707
2025-07-07 03:00:00,0.74,0.0,0.0,0.74,0.42016129,0.0,0.067,0.31091935460000003
2025-07-07 04:00:00,1.05,0.0,0.0,1.05,0.42016129,0.0,0.066,0.44116935450000005
2025-07-07 05:00:00,0.6699999999999999,0.076736,0.0,0.5932639999999999,0.42016129,0.0,0.067,0.24926656755055998
2025-07-07 06:00:00,1.28,0.097329,0.0,1.182671,0.42016129,0.0,0.071,0.49691257300559005
2025-07-07 07:00:00,1.54,0.274719,0.0,1.265281,0.42016129,0.0,0.065,0.5316220971724901
2025-07-07 08:00:00,0.6799999999999999,0.5678300000000001,0.0,0.11216999999999988,0.42016129,0.0,0.06,0.04712949189929995
2025-07-07 09:00:00,1.07,0.906532,0.0,0.16346800000000006,0.42016129,0.0,0.052,0.06868292575372002
2025-07-07 10:00:00,0.84,1.078748,0.238748,0.0,0.42016129,0.0,0.055,0.0
2025-07-07 11:00:00,0.5901826923076923,1.11062,0.7591853076923077,0.0,0.42016129,0.0,0.053,0.0
2025-07-07 12:00:00,0.5401826923076923,1.074123,1.2931256153846151,0.0,0.42016129,0.0,0.053,0.0
2025-07-07 13:00:00,0.5101826923076923,0.926711,1.7096539230769232,0.0,0.42016129,0.0,0.05,0.0
2025-07-07 14:00:00,0.23,1.311903,2.7915569230769233,0.0,0.42016129,0.0,0.046,0.0
2025-07-07 15:00:00,0.2299999999999999,0.942176,3.5037329230769236,0.0,0.47016129,0.0,0.05,0.0
2025-07-07 16:00:00,0.22,0.628793,3.912525923076924,0.0,0.63016129,0.0,0.137,0.0
2025-07-07 17:00:00,1.083852011494253,0.4142,3.242873911582671,0.0,0.63016129,0.0,0.32,0.0
2025-07-07 18:00:00,1.093852011494253,0.082219,2.231240900088418,0.0,0.63016129,0.0,0.358,0.0
2025-07-07 19:00:00,0.22,0.0,2.011240900088418,0.0,0.63016129,0.0,0.446,0.0
2025-07-07 20:00:00,0.2,0.0,1.811240900088418,0.0,0.63016129,0.0,0.276,0.0
2025-07-07 21:00:00,0.12,0.0,1.691240900088418,0.0,0.47016129,0.0,0.088,0.0
2025-07-07 22:00:00,0.12,0.0,1.571240900088418,0.0,0.47016129,0.0,0.08,0.0
2025-07-07 23:00:00,0.11,0.0,1.461240900088418,0.0,0.47016129,0.0,0.074,0.0
2025-07-08 00:00:00,0.11,0.0,1.3512409000884178,0.0,0.42016129,0.0,0.075,0.0
2025-07-08 01:00:00,0.11,0.0,1.2412409000884177,0.0,0.42016129,0.0,0.072,0.0
2025-07-08 02:00:00,0.1,0.0,1.1412409000884176,0.0,0.42016129,0.0,0.068,0.0
2025-07-08 03:00:00,0.1,0.0,1.0412409000884175,0.0,0.42016129,0.0,0.067,0.0
2025-07-08 04:00:00,0.1,0.0,0.9412409000884177,0.0,0.42016129,0.0,0.066,0.0
2025-07-08 05:00:00,0.1,0.078933,0.9201739000884176,0.0,0.42016129,0.0,0.067,0.0
2025-07-08 06:00:00,0.52,0.243105,0.6432789000884175,0.0,0.42016129,0.0,0.071,0.0
2025-07-08 07:00:00,0.13,0.570141,1.0834199000884177,0.0,0.42016129,0.0,0.065,0.0
2025-07-08 08:00:00,0.11,1.665243,2.638662900088417,0.0,0.42016129,0.0,0.06,0.0
2025-07-08 09:00:00,0.1,2.571377,5.110039900088417,0.0,0.42016129,0.0,0.052,0.0
2025-07-08 10:00:00,0.11,3.1260630000000003,8.126102900088418,0.0,0.42016129,0.0,0.055,0.0
2025-07-08 11:00:00,0.3901826923076923,3.449444,11.185364207780726,0.0,0.42016129,0.0,0.053,0.0
2025-07-08 12:00:00,0.3901826923076923,3.51819,13.5,0.0,0.42016129,3.128007307692308,0.053,-0.16578438730769232
2025-07-08 13:00:00,0.4001826923076923,3.334857,13.5,0.0,0.42016129,2.9346743076923074,0.05,-0.14673371538461538
2025-07-08 14:00:00,0.1,2.925654,13.5,0.0,0.42016129,2.825654,0.046,-0.129980084
2025-07-08 15:00:00,0.1,2.166711,13.5,0.0,0.47016129,2.0667109999999997,0.05,-0.10333555
2025-07-08 16:00:00,0.1,0.984582,13.5,0.0,0.63016129,0.884582,0.137,-0.121187734
2025-07-08 17:00:00,0.9338520114942528,0.284209,12.850356988505748,0.0,0.63016129,0.0,0.32,0.0
2025-07-08 18:00:00,1.153852011494253,0.17233,11.868834977011495,0.0,0.63016129,0.0,0.358,0.0
2025-07-08 19:00:00,0.26,0.0,11.608834977011496,0.0,0.63016129,0.0,0.446,0.0
2025-07-08 20:00:00,0.1699999999999999,0.0,11.438834977011496,0.0,0.63016129,0.0,0.276,0.0
2025-07-08 21:00:00,0.2,0.0,11.238834977011496,0.0,0.47016129,0.0,0.088,0.0
2025-07-08 22:00:00,0.16,0.0,11.078834977011496,0.0,0.47016129,0.0,0.08,0.0
2025-07-08 23:00:00,0.11,0.0,10.968834977011497,0.0,0.47016129,0.0,0.074,0.0
2025-07-09 00:00:00,0.1,0.0,10.868834977011495,0.0,0.42016129,0.0,0.075,0.0
2025-07-09 01:00:00,0.1,0.0,10.768834977011498,0.0,0.42016129,0.0,0.072,0.0
2025-07-09 02:00:00,0.1,0.0,10.668834977011498,0.0,0.42016129,0.0,0.068,0.0
2025-07-09 03:00:00,0.11,0.0,10.558834977011498,0.0,0.42016129,0.0,0.067,0.0
2025-07-09 04:00:00,0.11,0.0,10.4488349770115,0.0,0.42016129,0.0,0.066,0.0
2025-07-09 05:00:00,0.1,0.075494,10.424328977011498,0.0,0.42016129,0.0,0.067,0.0
2025-07-09 06:00:00,0.11,0.286338,10.600666977011498,0.0,0.42016129,0.0,0.071,0.0
2025-07-09 07:00:00,0.12,0.61976,11.100426977011498,0.0,0.42016129,0.0,0.065,0.0
2025-07-09 08:00:00,0.1,1.037731,12.038157977011496,0.0,0.42016129,0.0,0.06,0.0
2025-07-09 09:00:00,0.1,1.794593,13.5,0.0,0.42016129,1.694593,0.052,-0.08811883599999999
2025-07-09 10:00:00,2.4,3.135468,13.5,0.0,0.42016129,0.735468,0.055,-0.04045074
2025-07-09 11:00:00,2.5289700854700854,3.493502,13.5,0.0,0.42016129,0.9645319145299145,0.053,-0.051120191470085466
2025-07-09 12:00:00,2.5289700854700854,3.532129,13.5,0.0,0.42016129,1.0031589145299145,0.053,-0.05316742247008546
2025-07-09 13:00:00,2.5289700854700854,3.3931210000000003,13.5,0.0,0.42016129,0.8641509145299149,0.05,-0.043207545726495745
2025-07-09 14:00:00,2.4099999999999997,2.942603,13.5,0.0,0.42016129,0.5326030000000004,0.046,-0.024499738000000017
2025-07-09 15:00:00,0.11,2.180557,13.5,0.0,0.47016129,2.070557,0.05,-0.10352785
2025-07-09 16:00:00,0.11,1.159559,13.5,0.0,0.63016129,1.049559,0.137,-0.143789583
2025-07-09 17:00:00,0.4961564495530013,0.278771,13.282614550447,0.0,0.63016129,0.0,0.32,0.0
2025-07-09 18:00:00,0.7861564495530013,0.15919,12.655648100893998,0.0,0.63016129,0.0,0.358,0.0
2025-07-09 19:00:00,0.41,0.0,12.245648100893998,0.0,0.63016129,0.0,0.446,0.0
2025-07-09 20:00:00,0.51,0.0,11.735648100893998,0.0,0.63016129,0.0,0.276,0.0
2025-07-09 21:00:00,0.28,0.0,11.455648100894,0.0,0.47016129,0.0,0.088,0.0
2025-07-09 22:00:00,0.5700000000000001,0.0,10.885648100894,0.0,0.47016129,0.0,0.08,0.0
2025-07-09 23:00:00,0.11,0.0,10.775648100894,0.0,0.47016129,0.0,0.074,0.0
2025-07-10 00:00:00,0.1,0.0,10.675648100894,0.0,0.42016129,0.0,0.075,0.0
2025-07-10 01:00:00,0.1,0.0,10.575648100894,0.0,0.42016129,0.0,0.072,0.0
2025-07-10 02:00:00,0.1,0.0,10.475648100894,0.0,0.42016129,0.0,0.068,0.0
2025-07-10 03:00:00,0.5,0.0,9.975648100894,0.0,0.42016129,0.0,0.067,0.0
2025-07-10 04:00:00,0.9,0.0,9.075648100894,0.0,0.42016129,0.0,0.066,0.0
2025-07-10 05:00:00,0.66,0.06597,8.481618100894,0.0,0.42016129,0.0,0.067,0.0
2025-07-10 06:00:00,0.57,0.205233,8.116851100894,0.0,0.42016129,0.0,0.071,0.0
2025-07-10 07:00:00,0.71,0.363423,7.770274100894,0.0,0.42016129,0.0,0.065,0.0
2025-07-10 08:00:00,0.44,0.68088,8.011154100894,0.0,0.42016129,0.0,0.06,0.0
2025-07-10 09:00:00,0.32,1.577762,9.268916100894,0.0,0.42016129,0.0,0.052,0.0
2025-07-10 10:00:00,0.1,3.0562519999999997,12.225168100894,0.0,0.42016129,0.0,0.055,0.0
2025-07-10 11:00:00,0.2289700854700855,3.398127,13.5,0.0,0.42016129,3.1691569145299145,0.053,-0.16796531647008547
2025-07-10 12:00:00,0.2289700854700855,2.93717,13.5,0.0,0.42016129,2.7081999145299145,0.053,-0.14353459547008546
2025-07-10 13:00:00,0.2289700854700855,3.265105,13.5,0.0,0.42016129,3.0361349145299146,0.05,-0.15180674572649575
2025-07-10 14:00:00,0.11,2.335432,13.5,0.0,0.42016129,2.225432,0.046,-0.102369872
2025-07-10 15:00:00,0.11,1.166389,13.5,0.0,0.47016129,1.0563889999999998,0.05,-0.05281944999999999
2025-07-10 16:00:00,0.1,0.89095,13.5,0.0,0.63016129,0.79095,0.137,-0.10836015000000002
2025-07-10 17:00:00,2.316156449553002,0.311928,11.495771550446998,0.0,0.63016129,0.0,0.32,0.0
2025-07-10 18:00:00,1.8361564495530016,0.158274,9.817889100893996,0.0,0.63016129,0.0,0.358,0.0
2025-07-10 19:00:00,0.3,0.0,9.517889100893996,0.0,0.63016129,0.0,0.446,0.0
2025-07-10 20:00:00,0.27,0.0,9.247889100893996,0.0,0.63016129,0.0,0.276,0.0
2025-07-10 21:00:00,0.21,0.0,9.037889100893995,0.0,0.47016129,0.0,0.088,0.0
2025-07-10 22:00:00,0.2,0.0,8.837889100893996,0.0,0.47016129,0.0,0.08,0.0
2025-07-10 23:00:00,0.22,0.0,8.617889100893995,0.0,0.47016129,0.0,0.074,0.0
2025-07-11 00:00:00,0.22,0.0,8.397889100893995,0.0,0.42016129,0.0,0.075,0.0
2025-07-11 01:00:00,0.22,0.0,8.177889100893994,0.0,0.42016129,0.0,0.072,0.0
2025-07-11 02:00:00,0.22,0.0,7.957889100893994,0.0,0.42016129,0.0,0.068,0.0
2025-07-11 03:00:00,0.22,0.0,7.737889100893995,0.0,0.42016129,0.0,0.067,0.0
2025-07-11 04:00:00,0.62,0.0,7.117889100893994,0.0,0.42016129,0.0,0.066,0.0
2025-07-11 05:00:00,0.65,0.065375,6.5332641008939945,0.0,0.42016129,0.0,0.067,0.0
2025-07-11 06:00:00,0.65,0.243018,6.126282100893994,0.0,0.42016129,0.0,0.071,0.0
2025-07-11 07:00:00,0.31,0.702247,6.5185291008939945,0.0,0.42016129,0.0,0.065,0.0
2025-07-11 08:00:00,0.25,0.961225,7.229754100893994,0.0,0.42016129,0.0,0.06,0.0
2025-07-11 09:00:00,0.22,1.937854,8.947608100893994,0.0,0.42016129,0.0,0.052,0.0
2025-07-11 10:00:00,2.53,1.833859,8.251467100893993,0.0,0.42016129,0.0,0.055,0.0
2025-07-11 11:00:00,2.6589700854700853,1.905049,7.497546015423908,0.0,0.42016129,0.0,0.053,0.0
2025-07-11 12:00:00,2.6489700854700855,3.609374,8.457949929953823,0.0,0.42016129,0.0,0.053,0.0
2025-07-11 13:00:00,2.6489700854700855,3.390858,9.19983784448374,0.0,0.42016129,0.0,0.05,0.0
2025-07-11 14:00:00,2.52,2.940855,9.620692844483738,0.0,0.42016129,0.0,0.046,0.0
2025-07-11 15:00:00,0.22,2.192027,11.59271984448374,0.0,0.47016129,0.0,0.05,0.0
2025-07-11 16:00:00,0.22,1.153941,12.52666084448374,0.0,0.63016129,0.0,0.137,0.0
2025-07-11 17:00:00,0.5761564495530014,0.2592049999999999,12.20970939493074,0.0,0.63016129,0.0,0.32,0.0
2025-07-11 18:00:00,0.5761564495530014,0.1345329999999999,11.768085945377738,0.0,0.63016129,0.0,0.358,0.0
2025-07-11 19:00:00,0.22,0.0,11.548085945377736,0.0,0.63016129,0.0,0.446,0.0
2025-07-11 20:00:00,0.22,0.0,11.328085945377737,0.0,0.63016129,0.0,0.276,0.0
2025-07-11 21:00:00,0.2299999999999999,0.0,11.098085945377736,0.0,0.47016129,0.0,0.088,0.0
2025-07-11 22:00:00,0.21,0.0,10.888085945377735,0.0,0.47016129,0.0,0.08,0.0
2025-07-11 23:00:00,0.22,0.0,10.668085945377737,0.0,0.47016129,0.0,0.074,0.0
2025-07-12 00:00:00,0.22,0.0,10.448085945377734,0.0,0.42016129,0.0,0.075,0.0
2025-07-12 01:00:00,0.25,0.0,10.198085945377734,0.0,0.42016129,0.0,0.072,0.0
2025-07-12 02:00:00,0.3,0.0,9.898085945377732,0.0,0.42016129,0.0,0.068,0.0
2025-07-12 03:00:00,0.22,0.0,9.678085945377733,0.0,0.42016129,0.0,0.067,0.0
2025-07-12 04:00:00,0.22,0.0,9.458085945377732,0.0,0.42016129,0.0,0.066,0.0
2025-07-12 05:00:00,0.21,0.001497,9.249582945377732,0.0,0.42016129,0.0,0.067,0.0
2025-07-12 06:00:00,0.21,0.123795,9.163377945377732,0.0,0.42016129,0.0,0.071,0.0
2025-07-12 07:00:00,0.21,0.686785,9.640162945377732,0.0,0.42016129,0.0,0.065,0.0
2025-07-12 08:00:00,0.21,1.403266,10.833428945377731,0.0,0.42016129,0.0,0.06,0.0
2025-07-12 09:00:00,0.21,2.293937,12.917365945377732,0.0,0.42016129,0.0,0.052,0.0
2025-07-12 10:00:00,2.51,3.186489,13.5,0.0,0.42016129,0.6764890000000001,0.055,-0.037206895000000004
2025-07-12 11:00:00,2.6389700854700853,3.532637,13.5,0.0,0.42016129,0.8936669145299145,0.053,-0.04736434647008547
2025-07-12 12:00:00,2.6389700854700853,3.613501,13.5,0.0,0.42016129,0.9745309145299146,0.053,-0.05165013847008547
2025-07-12 13:00:00,2.6389700854700853,3.43281,13.5,0.0,0.42016129,0.7938399145299146,0.05,-0.03969199572649573
2025-07-12 14:00:00,2.51,2.98549,13.5,0.0,0.42016129,0.4754900000000002,0.046,-0.02187254000000001
2025-07-12 15:00:00,0.22,2.2226950000000003,13.5,0.0,0.47016129,2.002695,0.05,-0.10013475000000001
2025-07-12 16:00:00,0.22,1.164046,13.5,0.0,0.63016129,0.9440459999999999,0.137,-0.129334302
2025-07-12 17:00:00,0.5761564495530014,0.237979,13.161822550447,0.0,0.63016129,0.0,0.32,0.0
2025-07-12 18:00:00,0.5761564495530014,0.134964,12.720630100893995,0.0,0.63016129,0.0,0.358,0.0
2025-07-12 19:00:00,0.21,0.0,12.510630100893996,0.0,0.63016129,0.0,0.446,0.0
2025-07-12 20:00:00,0.21,0.0,12.300630100893995,0.0,0.63016129,0.0,0.276,0.0
2025-07-12 21:00:00,0.22,0.0,12.080630100893996,0.0,0.47016129,0.0,0.088,0.0
2025-07-12 22:00:00,0.22,0.0,11.860630100893994,0.0,0.47016129,0.0,0.08,0.0
2025-07-12 23:00:00,0.21,0.0,11.650630100893991,0.0,0.47016129,0.0,0.074,0.0
2025-07-13 00:00:00,0.22,0.0,11.430630100893993,0.0,0.42016129,0.0,0.075,0.0
2025-07-13 01:00:00,0.21,0.0,11.220630100893992,0.0,0.42016129,0.0,0.072,0.0
2025-07-13 02:00:00,0.22,0.0,11.000630100893993,0.0,0.42016129,0.0,0.068,0.0
2025-07-13 03:00:00,0.21,0.0,10.79063010089399,0.0,0.42016129,0.0,0.067,0.0
2025-07-13 04:00:00,0.2,0.0,10.590630100893993,0.0,0.42016129,0.0,0.066,0.0
2025-07-13 05:00:00,0.36,0.052658,10.28328810089399,0.0,0.42016129,0.0,0.067,0.0
2025-07-13 06:00:00,0.37,0.189489,10.102777100893992,0.0,0.42016129,0.0,0.071,0.0
2025-07-13 07:00:00,0.62,0.5961420000000001,10.078919100893993,0.0,0.42016129,0.0,0.065,0.0
2025-07-13 08:00:00,0.52,1.668568,11.227487100893992,0.0,0.42016129,0.0,0.06,0.0
2025-07-13 09:00:00,0.21,2.593149,13.5,0.0,0.42016129,2.383149,0.052,-0.12392374799999999
2025-07-13 10:00:00,2.51,3.1758040000000003,13.5,0.0,0.42016129,0.6658040000000005,0.055,-0.03661922000000003
2025-07-13 11:00:00,2.6389700854700853,3.521323,13.5,0.0,0.42016129,0.8823529145299149,0.053,-0.04676470447008549
2025-07-13 12:00:00,2.6389700854700853,3.614457,13.5,0.0,0.42016129,0.9754869145299145,0.053,-0.05170080647008547
2025-07-13 13:00:00,2.6389700854700853,3.4133180000000003,13.5,0.0,0.42016129,0.774347914529915,0.05,-0.038717395726495754
2025-07-13 14:00:00,2.52,2.9620300000000004,13.5,0.0,0.42016129,0.44203000000000037,0.046,-0.020333380000000015
2025-07-13 15:00:00,0.21,1.384137,13.5,0.0,0.47016129,1.174137,0.05,-0.058706850000000005
2025-07-13 16:00:00,0.21,0.907354,13.5,0.0,0.63016129,0.697354,0.137,-0.09553749800000001
2025-07-13 17:00:00,0.5861564495530013,0.42385,13.337693550446998,0.0,0.63016129,0.0,0.32,0.0
2025-07-13 18:00:00,0.5761564495530014,0.103837,12.865374100893996,0.0,0.63016129,0.0,0.358,0.0
2025-07-13 19:00:00,0.21,0.0,12.655374100893996,0.0,0.63016129,0.0,0.446,0.0
2025-07-13 20:00:00,0.22,0.0,12.435374100893997,0.0,0.63016129,0.0,0.276,0.0
2025-07-13 21:00:00,0.22,0.0,12.215374100893994,0.0,0.47016129,0.0,0.088,0.0
2025-07-13 22:00:00,0.21,0.0,12.005374100893992,0.0,0.47016129,0.0,0.08,0.0
2025-07-13 23:00:00,0.21,0.0,11.795374100893993,0.0,0.47016129,0.0,0.074,0.0
2025-07-14 00:00:00,0.21,0.0,11.585374100893992,0.0,0.42016129,0.0,0.075,0.0
2025-07-14 01:00:00,0.21,0.0,11.37537410089399,0.0,0.42016129,0.0,0.072,0.0
2025-07-14 02:00:00,0.21,0.0,11.16537410089399,0.0,0.42016129,0.0,0.068,0.0
2025-07-14 03:00:00,0.21,0.0,10.955374100893987,0.0,0.42016129,0.0,0.067,0.0
2025-07-14 04:00:00,0.21,0.0,10.745374100893988,0.0,0.42016129,0.0,0.066,0.0
2025-07-14 05:00:00,0.21,0.05138,10.586754100893987,0.0,0.42016129,0.0,0.067,0.0
2025-07-14 06:00:00,0.54,0.175632,10.222386100893988,0.0,0.42016129,0.0,0.071,0.0
2025-07-14 07:00:00,0.52,0.392699,10.095085100893987,0.0,0.42016129,0.0,0.065,0.0
2025-07-14 08:00:00,0.21,0.632721,10.517806100893988,0.0,0.42016129,0.0,0.06,0.0
2025-07-14 09:00:00,0.21,0.8814160000000001,11.189222100893987,0.0,0.42016129,0.0,0.052,0.0
2025-07-14 10:00:00,0.21,1.092653,12.071875100893989,0.0,0.42016129,0.0,0.055,0.0
2025-07-14 11:00:00,0.3389700854700855,1.191253,12.9241580154239,0.0,0.42016129,0.0,0.053,0.0
2025-07-14 12:00:00,0.3389700854700855,1.454623,13.5,0.0,0.42016129,1.1156529145299146,0.053,-0.05912960447008547
2025-07-14 13:00:00,0.3489700854700854,1.813567,13.5,0.0,0.42016129,1.4645969145299145,0.05,-0.07322984572649573
2025-07-14 14:00:00,0.22,1.396848,13.5,0.0,0.42016129,1.1768480000000001,0.046,-0.054135008000000005
2025-07-14 15:00:00,0.21,1.031949,13.5,0.0,0.47016129,0.821949,0.05,-0.04109745000000001
2025-07-14 16:00:00,0.21,0.539435,13.5,0.0,0.63016129,0.32943500000000003,0.137,-0.04513259500000001
2025-07-14 17:00:00,0.5861564495530013,0.292602,13.206445550447,0.0,0.63016129,0.0,0.32,0.0
2025-07-14 18:00:00,0.5861564495530013,0.147359,12.767648100893997,0.0,0.63016129,0.0,0.358,0.0
2025-07-14 19:00:00,0.22,0.0,12.547648100893996,0.0,0.63016129,0.0,0.446,0.0
2025-07-14 20:00:00,0.22,0.0,12.327648100893995,0.0,0.63016129,0.0,0.276,0.0
2025-07-14 21:00:00,0.22,0.0,12.107648100893996,0.0,0.47016129,0.0,0.088,0.0
2025-07-14 22:00:00,0.22,0.0,11.887648100893994,0.0,0.47016129,0.0,0.08,0.0
2025-07-14 23:00:00,0.21,0.0,11.677648100893991,0.0,0.47016129,0.0,0.074,0.0
2025-07-15 00:00:00,0.22,0.0,11.457648100893993,0.0,0.42016129,0.0,0.075,0.0
2025-07-15 01:00:00,0.22,0.0,11.237648100893992,0.0,0.42016129,0.0,0.072,0.0
2025-07-15 02:00:00,0.21,0.0,11.027648100893993,0.0,0.42016129,0.0,0.068,0.0
2025-07-15 03:00:00,0.21,0.0,10.81764810089399,0.0,0.42016129,0.0,0.067,0.0
2025-07-15 04:00:00,0.22,0.0,10.59764810089399,0.0,0.42016129,0.0,0.066,0.0
2025-07-15 05:00:00,0.21,0.049144,10.436792100893989,0.0,0.42016129,0.0,0.067,0.0
2025-07-15 06:00:00,0.21,0.181229,10.408021100893988,0.0,0.42016129,0.0,0.071,0.0
2025-07-15 07:00:00,0.2,0.509971,10.717992100893987,0.0,0.42016129,0.0,0.065,0.0
2025-07-15 08:00:00,0.21,0.737855,11.245847100893988,0.0,0.42016129,0.0,0.06,0.0
2025-07-15 09:00:00,0.22,2.636331,13.5,0.0,0.42016129,2.416331,0.052,-0.12564921199999998
2025-07-15 10:00:00,0.21,3.236363,13.5,0.0,0.42016129,3.026363,0.055,-0.166449965
2025-07-15 11:00:00,0.3389700854700855,3.56846,13.5,0.0,0.42016129,3.2294899145299145,0.053,-0.17116296547008547
2025-07-15 12:00:00,0.3389700854700855,3.638681,13.5,0.0,0.42016129,3.2997109145299146,0.053,-0.17488467847008546
2025-07-15 13:00:00,0.3389700854700855,2.2486840000000003,13.5,0.0,0.42016129,1.909713914529915,0.05,-0.09548569572649575
2025-07-15 14:00:00,0.21,1.500518,13.5,0.0,0.42016129,1.290518,0.046,-0.059363828
2025-07-15 15:00:00,0.22,2.2196770000000003,13.5,0.0,0.47016129,1.9996770000000004,0.05,-0.09998385000000003
2025-07-15 16:00:00,0.32,1.175898,13.5,0.0,0.63016129,0.855898,0.137,-0.11725802600000002
2025-07-15 17:00:00,0.6161564495530013,0.249213,13.133056550446998,0.0,0.63016129,0.0,0.32,0.0
2025-07-15 18:00:00,0.5861564495530013,0.122111,12.669011100893997,0.0,0.63016129,0.0,0.358,0.0
2025-07-15 19:00:00,0.22,0.0,12.449011100893996,0.0,0.63016129,0.0,0.446,0.0
2025-07-15 20:00:00,0.22,0.0,12.229011100893995,0.0,0.63016129,0.0,0.276,0.0
2025-07-15 21:00:00,0.22,0.0,12.009011100893996,0.0,0.47016129,0.0,0.088,0.0
2025-07-15 22:00:00,0.21,0.0,11.799011100893994,0.0,0.47016129,0.0,0.08,0.0
2025-07-15 23:00:00,0.21,0.0,11.589011100893991,0.0,0.47016129,0.0,0.074,0.0
2025-07-16 00:00:00,0.21,0.0,11.379011100893992,0.0,0.42016129,0.0,0.075,0.0
2025-07-16 01:00:00,0.21,0.0,11.169011100893991,0.0,0.42016129,0.0,0.072,0.0
2025-07-16 02:00:00,0.22,0.0,10.94901110089399,0.0,0.42016129,0.0,0.068,0.0
2025-07-16 03:00:00,0.21,0.0,10.73901110089399,0.0,0.42016129,0.0,0.067,0.0
2025-07-16 04:00:00,0.22,0.0,10.519011100893987,0.0,0.42016129,0.0,0.066,0.0
2025-07-16 05:00:00,0.2,0.041933,10.360944100893988,0.0,0.42016129,0.0,0.067,0.0
2025-07-16 06:00:00,0.61,0.179905,9.930849100893989,0.0,0.42016129,0.0,0.071,0.0
2025-07-16 07:00:00,0.53,0.437724,9.838573100893989,0.0,0.42016129,0.0,0.065,0.0
2025-07-16 08:00:00,0.4,0.797197,10.235770100893989,0.0,0.42016129,0.0,0.06,0.0
2025-07-16 09:00:00,0.5700000000000001,1.019428,10.685198100893988,0.0,0.42016129,0.0,0.052,0.0
2025-07-16 10:00:00,2.52,0.946243,9.111441100893988,0.0,0.42016129,0.0,0.055,0.0
2025-07-16 11:00:00,2.6389700854700853,1.57708,8.049551015423901,0.0,0.42016129,0.0,0.053,0.0
2025-07-16 12:00:00,2.6389700854700853,2.11896,7.529540929953816,0.0,0.42016129,0.0,0.053,0.0
2025-07-16 13:00:00,2.6389700854700853,2.22363,7.114200844483731,0.0,0.42016129,0.0,0.05,0.0
2025-07-16 14:00:00,2.51,2.424772,7.028972844483731,0.0,0.42016129,0.0,0.046,0.0
2025-07-16 15:00:00,0.21,1.540621,8.359593844483731,0.0,0.47016129,0.0,0.05,0.0
2025-07-16 16:00:00,0.22,0.712974,8.852567844483731,0.0,0.63016129,0.0,0.137,0.0
2025-07-16 17:00:00,0.5761564495530014,0.376086,8.65249739493073,0.0,0.63016129,0.0,0.32,0.0
2025-07-16 18:00:00,0.5861564495530013,0.120865,8.187205945377729,0.0,0.63016129,0.0,0.358,0.0
2025-07-16 19:00:00,0.22,0.0,7.967205945377729,0.0,0.63016129,0.0,0.446,0.0
2025-07-16 20:00:00,0.22,0.0,7.747205945377729,0.0,0.63016129,0.0,0.276,0.0
2025-07-16 21:00:00,0.22,0.0,7.527205945377729,0.0,0.47016129,0.0,0.088,0.0
2025-07-16 22:00:00,0.21,0.0,7.317205945377729,0.0,0.47016129,0.0,0.08,0.0
2025-07-16 23:00:00,0.21,0.0,7.107205945377729,0.0,0.47016129,0.0,0.074,0.0
2025-07-17 00:00:00,0.22,0.0,6.88720594537773,0.0,0.42016129,0.0,0.075,0.0
2025-07-17 01:00:00,0.21,0.0,6.67720594537773,0.0,0.42016129,0.0,0.072,0.0
2025-07-17 02:00:00,0.21,0.0,6.46720594537773,0.0,0.42016129,0.0,0.068,0.0
2025-07-17 03:00:00,0.22,0.0,6.24720594537773,0.0,0.42016129,0.0,0.067,0.0
2025-07-17 04:00:00,0.21,0.0,6.03720594537773,0.0,0.42016129,0.0,0.066,0.0
2025-07-17 05:00:00,0.22,0.0,5.81720594537773,0.0,0.42016129,0.0,0.067,0.0
2025-07-17 06:00:00,0.21,0.1849269999999999,5.79213294537773,0.0,0.42016129,0.0,0.071,0.0
2025-07-17 07:00:00,0.21,0.6095839999999999,6.19171694537773,0.0,0.42016129,0.0,0.065,0.0
2025-07-17 08:00:00,0.2,0.5475209999999999,6.53923794537773,0.0,0.42016129,0.0,0.06,0.0
2025-07-17 09:00:00,0.45,0.906603,6.99584094537773,0.0,0.42016129,0.0,0.052,0.0
2025-07-17 10:00:00,0.72,1.5919469999999998,7.86778794537773,0.0,0.42016129,0.0,0.055,0.0
2025-07-17 11:00:00,0.7589700854700855,2.276507,9.385324859907644,0.0,0.42016129,0.0,0.053,0.0
2025-07-17 12:00:00,0.5489700854700855,2.320033,11.156387774437558,0.0,0.42016129,0.0,0.053,0.0
2025-07-17 13:00:00,0.3589700854700854,1.725912,12.523329688967472,0.0,0.42016129,0.0,0.05,0.0
2025-07-17 14:00:00,0.21,1.654726,13.5,0.0,0.42016129,1.444726,0.046,-0.066457396
2025-07-17 15:00:00,0.22,2.1780120000000003,13.5,0.0,0.47016129,1.9580120000000003,0.05,-0.09790060000000002
2025-07-17 16:00:00,0.21,0.660807,13.5,0.0,0.63016129,0.45080700000000007,0.137,-0.061760559000000013
2025-07-17 17:00:00,0.5761564495530014,0.248975,13.172818550447,0.0,0.63016129,0.0,0.32,0.0
2025-07-17 18:00:00,0.5861564495530013,0.118095,12.704757100893998,0.0,0.63016129,0.0,0.358,0.0
2025-07-17 19:00:00,0.21,0.0,12.494757100893995,0.0,0.63016129,0.0,0.446,0.0
2025-07-17 20:00:00,0.22,0.0,12.274757100893996,0.0,0.63016129,0.0,0.276,0.0
2025-07-17 21:00:00,0.22,0.0,12.054757100893996,0.0,0.47016129,0.0,0.088,0.0
2025-07-17 22:00:00,0.21,0.0,11.844757100893997,0.0,0.47016129,0.0,0.08,0.0
2025-07-17 23:00:00,0.22,0.0,11.624757100893994,0.0,0.47016129,0.0,0.074,0.0
2025-07-18 00:00:00,0.21,0.0,11.414757100893992,0.0,0.42016129,0.0,0.075,0.0
2025-07-18 01:00:00,0.21,0.0,11.204757100893993,0.0,0.42016129,0.0,0.072,0.0
2025-07-18 02:00:00,0.21,0.0,10.994757100893992,0.0,0.42016129,0.0,0.068,0.0
2025-07-18 03:00:00,0.21,0.0,10.78475710089399,0.0,0.42016129,0.0,0.067,0.0
2025-07-18 04:00:00,0.22,0.0,10.56475710089399,0.0,0.42016129,0.0,0.066,0.0
2025-07-18 05:00:00,0.21,0.035478,10.39023510089399,0.0,0.42016129,0.0,0.067,0.0
2025-07-18 06:00:00,0.22,0.179461,10.34969610089399,0.0,0.42016129,0.0,0.071,0.0
2025-07-18 07:00:00,0.21,0.630506,10.77020210089399,0.0,0.42016129,0.0,0.065,0.0
2025-07-18 08:00:00,0.21,1.677447,12.23764910089399,0.0,0.42016129,0.0,0.06,0.0
2025-07-18 09:00:00,0.21,2.618423,13.5,0.0,0.42016129,2.408423,0.052,-0.125237996
2025-07-18 10:00:00,2.51,3.208184,13.5,0.0,0.42016129,0.6981840000000004,0.055,-0.03840012000000002
2025-07-18 11:00:00,2.703455128205128,3.590491,13.5,0.0,0.42016129,0.8870358717948723,0.053,-0.04701290120512823
2025-07-18 12:00:00,2.703455128205128,3.68702,13.5,0.0,0.42016129,0.9835648717948722,0.053,-0.05212893820512823
2025-07-18 13:00:00,2.713455128205128,3.508051,13.5,0.0,0.42016129,0.794595871794872,0.05,-0.0397297935897436
2025-07-18 14:00:00,2.52,3.0512550000000003,13.5,0.0,0.42016129,0.5312550000000003,0.046,-0.02443773000000001
2025-07-18 15:00:00,0.21,2.2879810000000003,13.5,0.0,0.47016129,2.0779810000000003,0.05,-0.10389905000000002
2025-07-18 16:00:00,0.21,1.218643,13.5,0.0,0.63016129,1.008643,0.137,-0.138184091
2025-07-18 17:00:00,0.759234674329502,0.245007,12.985772325670498,0.0,0.63016129,0.0,0.32,0.0
2025-07-18 18:00:00,0.7692346743295019,0.122556,12.339093651340995,0.0,0.63016129,0.0,0.358,0.0
2025-07-18 19:00:00,0.21,0.0,12.129093651340996,0.0,0.63016129,0.0,0.446,0.0
2025-07-18 20:00:00,0.21,0.0,11.919093651340994,0.0,0.63016129,0.0,0.276,0.0
2025-07-18 21:00:00,0.22,0.0,11.699093651340991,0.0,0.47016129,0.0,0.088,0.0
2025-07-18 22:00:00,0.22,0.0,11.479093651340992,0.0,0.47016129,0.0,0.08,0.0
2025-07-18 23:00:00,0.21,0.0,11.269093651340992,0.0,0.47016129,0.0,0.074,0.0
2025-07-19 00:00:00,0.22,0.0,11.049093651340993,0.0,0.42016129,0.0,0.075,0.0
2025-07-19 01:00:00,0.21,0.0,10.83909365134099,0.0,0.42016129,0.0,0.072,0.0
2025-07-19 02:00:00,0.21,0.0,10.62909365134099,0.0,0.42016129,0.0,0.068,0.0
2025-07-19 03:00:00,0.21,0.0,10.419093651340988,0.0,0.42016129,0.0,0.067,0.0
2025-07-19 04:00:00,0.21,0.0,10.209093651340988,0.0,0.42016129,0.0,0.066,0.0
2025-07-19 05:00:00,0.21,0.028529,10.027622651340987,0.0,0.42016129,0.0,0.067,0.0
2025-07-19 06:00:00,0.21,0.1717189999999999,9.989341651340988,0.0,0.42016129,0.0,0.071,0.0
2025-07-19 07:00:00,0.2,0.617255,10.406596651340989,0.0,0.42016129,0.0,0.065,0.0
2025-07-19 08:00:00,0.51,1.7297829999999998,11.626379651340988,0.0,0.42016129,0.0,0.06,0.0
2025-07-19 09:00:00,0.52,2.691041,13.5,0.0,0.42016129,2.1710409999999998,0.052,-0.11289413199999998
2025-07-19 10:00:00,2.5,3.291125,13.5,0.0,0.42016129,0.7911250000000001,0.055,-0.043511875000000005
2025-07-19 11:00:00,2.703455128205128,3.632626,13.5,0.0,0.42016129,0.9291708717948723,0.053,-0.04924605620512823
2025-07-19 12:00:00,2.873455128205128,3.700451,13.5,0.0,0.42016129,0.826995871794872,0.053,-0.04383078120512821
2025-07-19 13:00:00,2.703455128205128,3.525714,13.5,0.0,0.42016129,0.822258871794872,0.05,-0.0411129435897436
2025-07-19 14:00:00,2.51,3.069331,13.5,0.0,0.42016129,0.5593310000000002,0.046,-0.02572922600000001
2025-07-19 15:00:00,0.21,2.29679,13.5,0.0,0.47016129,2.08679,0.05,-0.10433950000000002
2025-07-19 16:00:00,0.21,1.2334349999999998,13.5,0.0,0.63016129,1.0234349999999999,0.137,-0.140210595
2025-07-19 17:00:00,0.7692346743295019,0.263683,12.9944483256705,0.0,0.63016129,0.0,0.32,0.0
2025-07-19 18:00:00,0.7692346743295019,0.121458,12.346671651340998,0.0,0.63016129,0.0,0.358,0.0
2025-07-19 19:00:00,0.21,0.0,12.136671651340995,0.0,0.63016129,0.0,0.446,0.0
2025-07-19 20:00:00,0.22,0.0,11.916671651340996,0.0,0.63016129,0.0,0.276,0.0
2025-07-19 21:00:00,0.21,0.0,11.706671651340995,0.0,0.47016129,0.0,0.088,0.0
2025-07-19 22:00:00,0.21,0.0,11.496671651340996,0.0,0.47016129,0.0,0.08,0.0
2025-07-19 23:00:00,0.21,0.0,11.286671651340994,0.0,0.47016129,0.0,0.074,0.0
2025-07-20 00:00:00,0.21,0.0,11.076671651340993,0.0,0.42016129,0.0,0.075,0.0
2025-07-20 01:00:00,0.21,0.0,10.866671651340992,0.0,0.42016129,0.0,0.072,0.0
2025-07-20 02:00:00,0.21,0.0,10.656671651340991,0.0,0.42016129,0.0,0.068,0.0
2025-07-20 03:00:00,0.47,0.0,10.18667165134099,0.0,0.42016129,0.0,0.067,0.0
2025-07-20 04:00:00,0.53,0.0,9.656671651340991,0.0,0.42016129,0.0,0.066,0.0
2025-07-20 05:00:00,0.62,0.028452,9.065123651340992,0.0,0.42016129,0.0,0.067,0.0
2025-07-20 06:00:00,0.21,0.179491,9.034614651340991,0.0,0.42016129,0.0,0.071,0.0
2025-07-20 07:00:00,0.78,0.641131,8.895745651340992,0.0,0.42016129,0.0,0.065,0.0
2025-07-20 08:00:00,0.21,1.709192,10.394937651340992,0.0,0.42016129,0.0,0.06,0.0
2025-07-20 09:00:00,0.52,2.626255,12.501192651340991,0.0,0.42016129,0.0,0.052,0.0
2025-07-20 10:00:00,2.51,3.218087,13.209279651340994,0.0,0.42016129,0.0,0.055,0.0
2025-07-20 11:00:00,2.703455128205128,3.537147,13.5,0.0,0.42016129,0.8336918717948723,0.053,-0.04418566920512823
2025-07-20 12:00:00,2.713455128205128,3.615147,13.5,0.0,0.42016129,0.9016918717948719,0.053,-0.047789669205128206
2025-07-20 13:00:00,2.703455128205128,3.421381,13.5,0.0,0.42016129,0.717925871794872,0.05,-0.035896293589743604
2025-07-20 14:00:00,2.51,2.961822,13.5,0.0,0.42016129,0.4518220000000004,0.046,-0.020783812000000016
2025-07-20 15:00:00,0.21,1.01342,13.5,0.0,0.47016129,0.80342,0.05,-0.040171000000000005
2025-07-20 16:00:00,0.21,0.670285,13.5,0.0,0.63016129,0.46028500000000006,0.137,-0.06305904500000001
2025-07-20 17:00:00,0.759234674329502,0.255261,12.996026325670496,0.0,0.63016129,0.0,0.32,0.0
2025-07-20 18:00:00,0.759234674329502,0.112978,12.349769651340996,0.0,0.63016129,0.0,0.358,0.0
2025-07-20 19:00:00,0.2,0.0,12.149769651340996,0.0,0.63016129,0.0,0.446,0.0
2025-07-20 20:00:00,0.93,0.0,11.219769651340997,0.0,0.63016129,0.0,0.276,0.0
2025-07-20 21:00:00,0.72,0.0,10.499769651340996,0.0,0.47016129,0.0,0.088,0.0
2025-07-20 22:00:00,1.82,0.0,8.679769651340996,0.0,0.47016129,0.0,0.08,0.0
2025-07-20 23:00:00,0.94,0.0,7.739769651340996,0.0,0.47016129,0.0,0.074,0.0
2025-07-21 00:00:00,0.88,0.0,6.859769651340996,0.0,0.42016129,0.0,0.075,0.0
2025-07-21 01:00:00,0.43,0.0,6.4297696513409965,0.0,0.42016129,0.0,0.072,0.0
2025-07-21 02:00:00,0.66,0.0,5.769769651340996,0.0,0.42016129,0.0,0.068,0.0
2025-07-21 03:00:00,0.61,0.0,5.159769651340996,0.0,0.42016129,0.0,0.067,0.0
2025-07-21 04:00:00,0.55,0.0,4.609769651340996,0.0,0.42016129,0.0,0.066,0.0
2025-07-21 05:00:00,0.55,0.025723,4.085492651340997,0.0,0.42016129,0.0,0.067,0.0
2025-07-21 06:00:00,0.54,0.167877,3.713369651340997,0.0,0.42016129,0.0,0.071,0.0
2025-07-21 07:00:00,0.62,0.293717,3.3870866513409963,0.0,0.42016129,0.0,0.065,0.0
2025-07-21 08:00:00,1.02,0.924274,3.2913606513409963,0.0,0.42016129,0.0,0.06,0.0
2025-07-21 09:00:00,0.22,2.589341,5.660701651340997,0.0,0.42016129,0.0,0.052,0.0
2025-07-21 10:00:00,0.14,3.163792,8.684493651340997,0.0,0.42016129,0.0,0.055,0.0
2025-07-21 11:00:00,0.4934551282051282,3.495071,11.686109523135867,0.0,0.42016129,0.0,0.053,0.0
2025-07-21 12:00:00,0.3434551282051282,3.5729430000000004,13.5,0.0,0.42016129,3.229487871794872,0.053,-0.17116285720512822
2025-07-21 13:00:00,0.3134551282051282,3.4180300000000003,13.5,0.0,0.42016129,3.1045748717948722,0.05,-0.15522874358974362
2025-07-21 14:00:00,0.14,2.978116,13.5,0.0,0.42016129,2.838116,0.046,-0.130553336
2025-07-21 15:00:00,0.27,2.246644,13.5,0.0,0.47016129,1.9766439999999998,0.05,-0.0988322
2025-07-21 16:00:00,0.15,1.215189,13.5,0.0,0.63016129,1.0651890000000002,0.137,-0.14593089300000003
2025-07-21 17:00:00,1.7592346743295018,0.26271,12.003475325670498,0.0,0.63016129,0.0,0.32,0.0
2025-07-21 18:00:00,1.889234674329502,0.112387,10.226627651340996,0.0,0.63016129,0.0,0.358,0.0
2025-07-21 19:00:00,0.21,0.0,10.016627651340997,0.0,0.63016129,0.0,0.446,0.0
2025-07-21 20:00:00,0.2299999999999999,0.0,9.786627651340996,0.0,0.63016129,0.0,0.276,0.0
2025-07-21 21:00:00,0.24,0.0,9.546627651340994,0.0,0.47016129,0.0,0.088,0.0
2025-07-21 22:00:00,0.22,0.0,9.326627651340994,0.0,0.47016129,0.0,0.08,0.0
2025-07-21 23:00:00,0.2299999999999999,0.0,9.096627651340992,0.0,0.47016129,0.0,0.074,0.0
2025-07-22 00:00:00,0.2299999999999999,0.0,8.866627651340993,0.0,0.42016129,0.0,0.075,0.0
2025-07-22 01:00:00,0.22,0.0,8.646627651340992,0.0,0.42016129,0.0,0.072,0.0
2025-07-22 02:00:00,0.22,0.0,8.426627651340992,0.0,0.42016129,0.0,0.068,0.0
2025-07-22 03:00:00,0.22,0.0,8.206627651340991,0.0,0.42016129,0.0,0.067,0.0
2025-07-22 04:00:00,0.59,0.0,7.616627651340991,0.0,0.42016129,0.0,0.066,0.0
2025-07-22 05:00:00,0.55,0.021245,7.087872651340991,0.0,0.42016129,0.0,0.067,0.0
2025-07-22 06:00:00,0.95,0.16454,6.302412651340991,0.0,0.42016129,0.0,0.071,0.0
2025-07-22 07:00:00,0.8,0.62037,6.122782651340991,0.0,0.42016129,0.0,0.065,0.0
2025-07-22 08:00:00,0.39,1.69407,7.42685265134099,0.0,0.42016129,0.0,0.06,0.0
2025-07-22 09:00:00,0.52,2.614789,9.52164165134099,0.0,0.42016129,0.0,0.052,0.0
2025-07-22 10:00:00,0.22,3.192131,12.49377265134099,0.0,0.42016129,0.0,0.055,0.0
2025-07-22 11:00:00,0.4034551282051282,3.5310970000000004,13.5,0.0,0.42016129,3.1276418717948724,0.053,-0.16576501920512823
2025-07-22 12:00:00,0.4034551282051282,2.765015,13.5,0.0,0.42016129,2.3615598717948716,0.053,-0.1251626732051282
2025-07-22 13:00:00,0.4034551282051282,3.434241,13.5,0.0,0.42016129,3.0307858717948717,0.05,-0.1515392935897436
2025-07-22 14:00:00,0.21,1.502159,13.5,0.0,0.42016129,1.292159,0.046,-0.059439314
2025-07-22 15:00:00,0.22,1.214088,13.5,0.0,0.47016129,0.9940880000000001,0.05,-0.04970440000000001
2025-07-22 16:00:00,0.21,0.758852,13.5,0.0,0.63016129,0.548852,0.137,-0.075192724
2025-07-22 17:00:00,1.629234674329502,0.2831669999999999,12.153932325670498,0.0,0.63016129,0.0,0.32,0.0
2025-07-22 18:00:00,2.5792346743295016,0.121266,9.695963651340996,0.0,0.63016129,0.0,0.358,0.0
2025-07-22 19:00:00,0.2299999999999999,0.0,9.465963651340996,0.0,0.63016129,0.0,0.446,0.0
2025-07-22 20:00:00,0.36,0.0,9.105963651340996,0.0,0.63016129,0.0,0.276,0.0
2025-07-22 21:00:00,0.26,0.0,8.845963651340996,0.0,0.47016129,0.0,0.088,0.0
2025-07-22 22:00:00,0.23,0.0,8.615963651340996,0.0,0.47016129,0.0,0.08,0.0
2025-07-22 23:00:00,0.22,0.0,8.395963651340995,0.0,0.47016129,0.0,0.074,0.0
2025-07-23 00:00:00,0.22,0.0,8.175963651340995,0.0,0.42016129,0.0,0.075,0.0
2025-07-23 01:00:00,0.22,0.0,7.955963651340995,0.0,0.42016129,0.0,0.072,0.0
2025-07-23 02:00:00,0.21,0.0,7.745963651340995,0.0,0.42016129,0.0,0.068,0.0
2025-07-23 03:00:00,0.21,0.0,7.535963651340995,0.0,0.42016129,0.0,0.067,0.0
2025-07-23 04:00:00,0.61,0.0,6.925963651340995,0.0,0.42016129,0.0,0.066,0.0
2025-07-23 05:00:00,0.55,0.023478,6.399441651340995,0.0,0.42016129,0.0,0.067,0.0
2025-07-23 06:00:00,0.64,0.165118,5.924559651340995,0.0,0.42016129,0.0,0.071,0.0
2025-07-23 07:00:00,0.6900000000000001,0.545431,5.779990651340995,0.0,0.42016129,0.0,0.065,0.0
2025-07-23 08:00:00,0.24,1.06449,6.604480651340995,0.0,0.42016129,0.0,0.06,0.0
2025-07-23 09:00:00,0.24,2.657326,9.021806651340995,0.0,0.42016129,0.0,0.052,0.0
2025-07-23 10:00:00,2.53,3.256527,9.748333651340996,0.0,0.42016129,0.0,0.055,0.0
2025-07-23 11:00:00,2.733455128205128,3.5895210000000004,10.604399523135868,0.0,0.42016129,0.0,0.053,0.0
2025-07-23 12:00:00,2.733455128205128,2.745209,10.61615339493074,0.0,0.42016129,0.0,0.053,0.0
2025-07-23 13:00:00,2.723455128205128,3.4601390000000003,11.352837266725611,0.0,0.42016129,0.0,0.05,0.0
2025-07-23 14:00:00,2.54,3.003148,11.815985266725612,0.0,0.42016129,0.0,0.046,0.0
2025-07-23 15:00:00,0.22,2.262014,13.5,0.0,0.47016129,2.042014,0.05,-0.1021007
2025-07-23 16:00:00,0.24,1.23212,13.5,0.0,0.63016129,0.9921200000000001,0.137,-0.13592044000000003
2025-07-23 17:00:00,0.7992346743295019,0.4346259999999999,13.1353913256705,0.0,0.63016129,0.0,0.32,0.0
2025-07-23 18:00:00,0.8692346743295019,0.137143,12.403299651340998,0.0,0.63016129,0.0,0.358,0.0
2025-07-23 19:00:00,0.18,0.0,12.223299651340998,0.0,0.63016129,0.0,0.446,0.0
2025-07-23 20:00:00,0.27,0.0,11.953299651340998,0.0,0.63016129,0.0,0.276,0.0
2025-07-23 21:00:00,0.38,0.0,11.573299651340998,0.0,0.47016129,0.0,0.088,0.0
2025-07-23 22:00:00,0.57,0.0,11.003299651340996,0.0,0.47016129,0.0,0.08,0.0
2025-07-23 23:00:00,0.71,0.0,10.293299651340998,0.0,0.47016129,0.0,0.074,0.0
2025-07-24 00:00:00,0.22,0.0,10.073299651340998,0.0,0.42016129,0.0,0.075,0.0
2025-07-24 01:00:00,0.2299999999999999,0.0,9.843299651340995,0.0,0.42016129,0.0,0.072,0.0
2025-07-24 02:00:00,0.21,0.0,9.633299651340996,0.0,0.42016129,0.0,0.068,0.0
2025-07-24 03:00:00,0.22,0.0,9.413299651340996,0.0,0.42016129,0.0,0.067,0.0
2025-07-24 04:00:00,0.21,0.0,9.203299651340997,0.0,0.42016129,0.0,0.066,0.0
2025-07-24 05:00:00,0.22,0.023592,9.006891651340995,0.0,0.42016129,0.0,0.067,0.0
2025-07-24 06:00:00,0.22,0.263696,9.050587651340996,0.0,0.42016129,0.0,0.071,0.0
2025-07-24 07:00:00,0.37,0.262269,8.942856651340996,0.0,0.42016129,0.0,0.065,0.0
2025-07-24 08:00:00,0.21,0.484054,9.216910651340996,0.0,0.42016129,0.0,0.06,0.0
2025-07-24 09:00:00,0.21,0.8515940000000001,9.858504651340995,0.0,0.42016129,0.0,0.052,0.0
2025-07-24 10:00:00,0.22,1.000403,10.638907651340997,0.0,0.42016129,0.0,0.055,0.0
2025-07-24 11:00:00,0.5101826923076923,1.367441,11.496165959033302,0.0,0.42016129,0.0,0.053,0.0
2025-07-24 12:00:00,0.5101826923076923,1.550174,12.53615726672561,0.0,0.42016129,0.0,0.053,0.0
2025-07-24 13:00:00,0.5001826923076924,2.237496,13.5,0.0,0.42016129,1.7373133076923077,0.05,-0.08686566538461539
2025-07-24 14:00:00,0.21,2.299643,13.5,0.0,0.42016129,2.089643,0.046,-0.096123578
2025-07-24 15:00:00,0.22,1.764857,13.5,0.0,0.47016129,1.544857,0.05,-0.07724285
2025-07-24 16:00:00,0.22,1.082737,13.5,0.0,0.63016129,0.8627370000000001,0.137,-0.11819496900000002
2025-07-24 17:00:00,1.093852011494253,0.429704,12.835851988505746,0.0,0.63016129,0.0,0.32,0.0
2025-07-24 18:00:00,3.7238520114942526,0.152226,9.264225977011494,0.0,0.63016129,0.0,0.358,0.0
2025-07-24 19:00:00,0.21,0.0,9.054225977011493,0.0,0.63016129,0.0,0.446,0.0
2025-07-24 20:00:00,0.21,0.0,8.844225977011492,0.0,0.63016129,0.0,0.276,0.0
2025-07-24 21:00:00,0.29,0.0,8.554225977011493,0.0,0.47016129,0.0,0.088,0.0
2025-07-24 22:00:00,0.12,0.0,8.434225977011494,0.0,0.47016129,0.0,0.08,0.0
2025-07-24 23:00:00,0.1,0.0,8.334225977011494,0.0,0.47016129,0.0,0.074,0.0
2025-07-25 00:00:00,0.11,0.0,8.224225977011494,0.0,0.42016129,0.0,0.075,0.0
2025-07-25 01:00:00,0.1,0.0,8.124225977011495,0.0,0.42016129,0.0,0.072,0.0
2025-07-25 02:00:00,0.11,0.0,8.014225977011495,0.0,0.42016129,0.0,0.068,0.0
2025-07-25 03:00:00,0.09,0.0,7.924225977011496,0.0,0.42016129,0.0,0.067,0.0
2025-07-25 04:00:00,0.1,0.0,7.824225977011496,0.0,0.42016129,0.0,0.066,0.0
2025-07-25 05:00:00,0.1,0.0245489999999999,7.748774977011496,0.0,0.42016129,0.0,0.067,0.0
2025-07-25 06:00:00,0.11,0.197711,7.836485977011495,0.0,0.42016129,0.0,0.071,0.0
2025-07-25 07:00:00,0.12,0.2632359999999999,7.979721977011495,0.0,0.42016129,0.0,0.065,0.0
2025-07-25 08:00:00,0.44,0.482162,8.021883977011495,0.0,0.42016129,0.0,0.06,0.0
2025-07-25 09:00:00,0.12,0.94541,8.847293977011494,0.0,0.42016129,0.0,0.052,0.0
2025-07-25 10:00:00,2.4099999999999997,1.3104079999999998,7.747701977011495,0.0,0.42016129,0.0,0.055,0.0
2025-07-25 11:00:00,2.710182692307692,1.5049359999999998,6.542455284703802,0.0,0.42016129,0.0,0.053,0.0
2025-07-25 12:00:00,2.710182692307692,1.991575,5.82384759239611,0.0,0.42016129,0.0,0.053,0.0
2025-07-25 13:00:00,2.690182692307692,1.829459,4.9631239000884175,0.0,0.42016129,0.0,0.05,0.0
2025-07-25 14:00:00,2.42,1.09158,3.6347039000884176,0.0,0.42016129,0.0,0.046,0.0
2025-07-25 15:00:00,0.12,0.8782340000000001,4.392937900088418,0.0,0.47016129,0.0,0.05,0.0
2025-07-25 16:00:00,0.11,0.491315,4.774252900088418,0.0,0.63016129,0.0,0.137,0.0
2025-07-25 17:00:00,0.9538520114942528,0.289992,4.1103928885941645,0.0,0.63016129,0.0,0.32,0.0
2025-07-25 18:00:00,1.313852011494253,0.131376,2.9279168770999116,0.0,0.63016129,0.0,0.358,0.0
2025-07-25 19:00:00,0.28,0.0,2.6479168770999113,0.0,0.63016129,0.0,0.446,0.0
2025-07-25 20:00:00,0.25,0.0,2.3979168770999113,0.0,0.63016129,0.0,0.276,0.0
2025-07-25 21:00:00,0.12,0.0,2.277916877099911,0.0,0.47016129,0.0,0.088,0.0
2025-07-25 22:00:00,0.12,0.0,2.157916877099911,0.0,0.47016129,0.0,0.08,0.0
2025-07-25 23:00:00,0.1,0.0,2.057916877099911,0.0,0.47016129,0.0,0.074,0.0
2025-07-26 00:00:00,0.11,0.0,1.947916877099911,0.0,0.42016129,0.0,0.075,0.0
2025-07-26 01:00:00,0.1,0.0,1.8479168770999108,0.0,0.42016129,0.0,0.072,0.0
2025-07-26 02:00:00,0.1,0.0,1.7479168770999107,0.0,0.42016129,0.0,0.068,0.0
2025-07-26 03:00:00,0.1,0.0,1.6479168770999106,0.0,0.42016129,0.0,0.067,0.0
2025-07-26 04:00:00,0.09,0.0,1.5579168770999106,0.0,0.42016129,0.0,0.066,0.0
2025-07-26 05:00:00,0.51,0.023874,1.0717908770999105,0.0,0.42016129,0.0,0.067,0.0
2025-07-26 06:00:00,0.3999999999999999,0.052325,0.7241158770999105,0.0,0.42016129,0.0,0.071,0.0
2025-07-26 07:00:00,0.52,0.283384,0.4874998770999105,0.0,0.42016129,0.0,0.065,0.0
2025-07-26 08:00:00,0.6200000000000001,0.4677219999999999,0.3352218770999104,0.0,0.42016129,0.0,0.06,0.0
2025-07-26 09:00:00,0.29,0.756799,0.8020208770999104,0.0,0.42016129,0.0,0.052,0.0
2025-07-26 10:00:00,2.55,1.3387840000000002,0.0,0.4091951229000892,0.42016129,0.0,0.055,0.17192795069941003
2025-07-26 11:00:00,2.8301826923076923,1.847284,0.0,0.9828986923076923,0.42016129,0.0,0.053,0.4129759824993131
2025-07-26 12:00:00,2.8301826923076923,1.881721,0.0,0.9484616923076923,0.42016129,0.0,0.053,0.3985068881555831
2025-07-26 13:00:00,3.090182692307692,1.661185,0.0,1.4289976923076921,0.42016129,0.0,0.05,0.600409513807023
2025-07-26 14:00:00,2.54,1.171095,0.0,1.368905,0.42016129,0.0,0.046,0.57516089068745
2025-07-26 15:00:00,0.13,1.223999,1.0939990000000002,0.0,0.47016129,0.0,0.05,0.0
2025-07-26 16:00:00,0.13,0.605893,1.5698920000000005,0.0,0.63016129,0.0,0.137,0.0
2025-07-26 17:00:00,3.003852011494253,0.273979,0.0,1.1599810114942526,0.63016129,0.0,0.32,0.730975130578723
2025-07-26 18:00:00,1.7538520114942528,0.141523,0.0,1.6123290114942528,0.63016129,0.0,0.358,1.0160273297876432
2025-07-26 19:00:00,0.12,0.0,0.0,0.12,0.63016129,0.0,0.446,0.0756193548
2025-07-26 20:00:00,0.53,0.0,0.0,0.53,0.63016129,0.0,0.276,0.33398548370000003
2025-07-26 21:00:00,0.77,0.0,0.0,0.77,0.47016129,0.0,0.088,0.3620241933
2025-07-26 22:00:00,0.44,0.0,0.0,0.44,0.47016129,0.0,0.08,0.2068709676
2025-07-26 23:00:00,0.11,0.0,0.0,0.11,0.47016129,0.0,0.074,0.0517177419
2025-07-27 00:00:00,0.11,0.0,0.0,0.11,0.42016129,0.0,0.075,0.046217741900000005
2025-07-27 01:00:00,0.11,0.0,0.0,0.11,0.42016129,0.0,0.072,0.046217741900000005
2025-07-27 02:00:00,0.11,0.0,0.0,0.11,0.42016129,0.0,0.068,0.046217741900000005
2025-07-27 03:00:00,0.1,0.0,0.0,0.1,0.42016129,0.0,0.067,0.042016129000000006
2025-07-27 04:00:00,0.1,0.0,0.0,0.1,0.42016129,0.0,0.066,0.042016129000000006
2025-07-27 05:00:00,0.11,0.0215539999999999,0.0,0.08844600000000011,0.42016129,0.0,0.067,0.03716158545534005
2025-07-27 06:00:00,0.11,0.182127,0.072127,0.0,0.42016129,0.0,0.071,0.0
2025-07-27 07:00:00,2.61,0.2386519999999999,0.0,2.2992209999999997,0.42016129,0.0,0.065,0.9660436613550899
2025-07-27 08:00:00,1.95,0.535437,0.0,1.4145629999999998,0.42016129,0.0,0.06,0.59434461486627
2025-07-27 09:00:00,0.19,1.088384,0.8983840000000001,0.0,0.42016129,0.0,0.052,0.0
2025-07-27 10:00:00,2.53,1.4077339999999998,0.0,0.22388199999999991,0.42016129,0.0,0.055,0.09406654992777996
2025-07-27 11:00:00,2.9301826923076923,1.798029,0.0,1.1321536923076922,0.42016129,0.0,0.053,0.4756871558382631
2025-07-27 12:00:00,2.7601826923076924,2.3764450000000004,0.0,0.38373769230769206,0.42016129,0.0,0.053,0.16123172382162299
2025-07-27 13:00:00,2.740182692307692,2.580762,0.0,0.15942069230769196,0.42016129,0.0,0.05,0.06698240373269293
2025-07-27 14:00:00,2.4099999999999997,2.009544,0.0,0.4004559999999997,0.42016129,0.0,0.046,0.16825610954823988
2025-07-27 15:00:00,0.14,1.338309,1.198309,0.0,0.47016129,0.0,0.05,0.0
2025-07-27 16:00:00,0.24,0.636854,1.595163,0.0,0.63016129,0.0,0.137,0.0
2025-07-27 17:00:00,0.9738520114942528,0.37493,0.9962409885057472,0.0,0.63016129,0.0,0.32,0.0
2025-07-27 18:00:00,3.2738520114942533,0.126255,0.0,2.151356022988506,0.63016129,0.0,0.358,1.3557012866957066
2025-07-27 19:00:00,0.16,0.0,0.0,0.16,0.63016129,0.0,0.446,0.1008258064
2025-07-27 20:00:00,0.14,0.0,0.0,0.14,0.63016129,0.0,0.276,0.0882225806
2025-07-27 21:00:00,0.12,0.0,0.0,0.12,0.47016129,0.0,0.088,0.0564193548
2025-07-27 22:00:00,0.12,0.0,0.0,0.12,0.47016129,0.0,0.08,0.0564193548
2025-07-27 23:00:00,0.1,0.0,0.0,0.1,0.47016129,0.0,0.074,0.047016129000000004
2025-07-28 00:00:00,0.11,0.0,0.0,0.11,0.42016129,0.0,0.075,0.046217741900000005
2025-07-28 01:00:00,0.11,0.0,0.0,0.11,0.42016129,0.0,0.072,0.046217741900000005
2025-07-28 02:00:00,0.11,0.0,0.0,0.11,0.42016129,0.0,0.068,0.046217741900000005
2025-07-28 03:00:00,0.11,0.0,0.0,0.11,0.42016129,0.0,0.067,0.046217741900000005
2025-07-28 04:00:00,0.11,0.0,0.0,0.11,0.42016129,0.0,0.066,0.046217741900000005
2025-07-28 05:00:00,0.11,0.019235,0.0,0.090765,0.42016129,0.0,0.067,0.03813593948685
2025-07-28 06:00:00,0.51,0.171186,0.0,0.338814,0.42016129,0.0,0.071,0.14235652731006002
2025-07-28 07:00:00,0.63,0.416817,0.0,0.213183,0.42016129,0.0,0.065,0.08957124428607001
2025-07-28 08:00:00,0.8200000000000001,0.754108,0.0,0.06589200000000006,0.42016129,0.0,0.06,0.027685267720680026
2025-07-28 09:00:00,0.78,0.953962,0.1739619999999999,0.0,0.42016129,0.0,0.052,0.0
2025-07-28 10:00:00,0.25,1.330184,1.254146,0.0,0.42016129,0.0,0.055,0.0
2025-07-28 11:00:00,0.7106666666666668,2.209567,2.753046333333333,0.0,0.42016129,0.0,0.053,0.0
2025-07-28 12:00:00,0.5606666666666668,3.837197,6.029576666666666,0.0,0.42016129,0.0,0.053,0.0
2025-07-28 13:00:00,0.5106666666666667,3.658894,9.177803999999998,0.0,0.42016129,0.0,0.05,0.0
2025-07-28 14:00:00,0.16,3.194524,12.212327999999998,0.0,0.42016129,0.0,0.046,0.0
2025-07-28 15:00:00,0.26,2.418607,13.5,0.0,0.47016129,2.158607,0.05,-0.10793035000000001
2025-07-28 16:00:00,0.22,1.326968,13.5,0.0,0.63016129,1.106968,0.137,-0.151654616
2025-07-28 17:00:00,1.2691340996168583,0.413779,12.644644900383142,0.0,0.63016129,0.0,0.32,0.0
2025-07-28 18:00:00,1.3391340996168584,0.119252,11.424762800766285,0.0,0.63016129,0.0,0.358,0.0
2025-07-28 19:00:00,0.16,0.0,11.264762800766285,0.0,0.63016129,0.0,0.446,0.0
2025-07-28 20:00:00,0.17,0.0,11.094762800766285,0.0,0.63016129,0.0,0.276,0.0
2025-07-28 21:00:00,0.15,0.0,10.944762800766282,0.0,0.47016129,0.0,0.088,0.0
2025-07-28 22:00:00,0.16,0.0,10.784762800766282,0.0,0.47016129,0.0,0.08,0.0
2025-07-28 23:00:00,0.11,0.0,10.674762800766285,0.0,0.47016129,0.0,0.074,0.0
2025-07-29 00:00:00,0.11,0.0,10.564762800766283,0.0,0.42016129,0.0,0.075,0.0
2025-07-29 01:00:00,0.11,0.0,10.454762800766284,0.0,0.42016129,0.0,0.072,0.0
2025-07-29 02:00:00,0.11,0.0,10.344762800766285,0.0,0.42016129,0.0,0.068,0.0
2025-07-29 03:00:00,0.11,0.0,10.234762800766283,0.0,0.42016129,0.0,0.067,0.0
2025-07-29 04:00:00,0.11,0.0,10.124762800766286,0.0,0.42016129,0.0,0.066,0.0
2025-07-29 05:00:00,0.12,0.016962,10.021724800766286,0.0,0.42016129,0.0,0.067,0.0
2025-07-29 06:00:00,0.11,0.175376,10.087100800766288,0.0,0.42016129,0.0,0.071,0.0
2025-07-29 07:00:00,0.13,0.445475,10.402575800766286,0.0,0.42016129,0.0,0.065,0.0
2025-07-29 08:00:00,0.55,0.748401,10.600976800766286,0.0,0.42016129,0.0,0.06,0.0
2025-07-29 09:00:00,0.61,1.095754,11.086730800766286,0.0,0.42016129,0.0,0.052,0.0
2025-07-29 10:00:00,0.1,1.549744,12.536474800766284,0.0,0.42016129,0.0,0.055,0.0
2025-07-29 11:00:00,0.4906666666666667,3.781372,13.5,0.0,0.42016129,3.2907053333333334,0.053,-0.17440738266666667
2025-07-29 12:00:00,0.4906666666666667,3.844017,13.5,0.0,0.42016129,3.353350333333333,0.053,-0.17772756766666664
2025-07-29 13:00:00,0.6006666666666667,3.638709,13.5,0.0,0.42016129,3.0380423333333333,0.05,-0.15190211666666667
2025-07-29 14:00:00,0.14,1.790544,13.5,0.0,0.42016129,1.650544,0.046,-0.075925024
2025-07-29 15:00:00,0.12,2.402926,13.5,0.0,0.47016129,2.282926,0.05,-0.11414629999999999
2025-07-29 16:00:00,0.11,1.328441,13.5,0.0,0.63016129,1.2184409999999999,0.137,-0.166926417
2025-07-29 17:00:00,1.2291340996168585,0.433273,12.70413890038314,0.0,0.63016129,0.0,0.32,0.0
2025-07-29 18:00:00,3.539134099616858,0.126302,9.291306800766282,0.0,0.63016129,0.0,0.358,0.0
2025-07-29 19:00:00,0.12,0.0,9.171306800766285,0.0,0.63016129,0.0,0.446,0.0
2025-07-29 20:00:00,0.15,0.0,9.021306800766284,0.0,0.63016129,0.0,0.276,0.0
2025-07-29 21:00:00,0.14,0.0,8.881306800766282,0.0,0.47016129,0.0,0.088,0.0
2025-07-29 22:00:00,0.14,0.0,8.741306800766282,0.0,0.47016129,0.0,0.08,0.0
2025-07-29 23:00:00,0.11,0.0,8.631306800766282,0.0,0.47016129,0.0,0.074,0.0
2025-07-30 00:00:00,0.1,0.0,8.531306800766282,0.0,0.42016129,0.0,0.075,0.0
2025-07-30 01:00:00,0.11,0.0,8.421306800766283,0.0,0.42016129,0.0,0.072,0.0
2025-07-30 02:00:00,0.11,0.0,8.311306800766284,0.0,0.42016129,0.0,0.068,0.0
2025-07-30 03:00:00,0.09,0.0,8.221306800766284,0.0,0.42016129,0.0,0.067,0.0
2025-07-30 04:00:00,0.1,0.0,8.121306800766284,0.0,0.42016129,0.0,0.066,0.0
2025-07-30 05:00:00,0.09,0.0,8.031306800766284,0.0,0.42016129,0.0,0.067,0.0
2025-07-30 06:00:00,0.12,0.181954,8.093260800766284,0.0,0.42016129,0.0,0.071,0.0
2025-07-30 07:00:00,0.12,0.596736,8.569996800766285,0.0,0.42016129,0.0,0.065,0.0
2025-07-30 08:00:00,0.55,1.461726,9.481722800766285,0.0,0.42016129,0.0,0.06,0.0
2025-07-30 09:00:00,0.15,2.805564,12.137286800766285,0.0,0.42016129,0.0,0.052,0.0
2025-07-30 10:00:00,2.44,3.3909209999999996,13.088207800766284,0.0,0.42016129,0.0,0.055,0.0
2025-07-30 11:00:00,2.8406666666666665,3.733582,13.5,0.0,0.42016129,0.8929153333333337,0.053,-0.047324512666666686
2025-07-30 12:00:00,3.0206666666666666,3.8093,13.5,0.0,0.42016129,0.7886333333333333,0.053,-0.04179756666666666
2025-07-30 13:00:00,2.9806666666666666,3.627696,13.5,0.0,0.42016129,0.6470293333333332,0.05,-0.03235146666666666
2025-07-30 14:00:00,2.48,3.1693200000000004,13.5,0.0,0.42016129,0.6893200000000004,0.046,-0.03170872000000002
2025-07-30 15:00:00,0.15,2.406562,13.5,0.0,0.47016129,2.256562,0.05,-0.11282810000000001
2025-07-30 16:00:00,0.29,1.341157,13.5,0.0,0.63016129,1.051157,0.137,-0.144008509
2025-07-30 17:00:00,1.2491340996168585,0.4286669999999999,12.67953290038314,0.0,0.63016129,0.0,0.32,0.0
2025-07-30 18:00:00,1.3691340996168584,0.132362,11.442760800766282,0.0,0.63016129,0.0,0.358,0.0
2025-07-30 19:00:00,0.13,0.0,11.31276080076628,0.0,0.63016129,0.0,0.446,0.0
2025-07-30 20:00:00,0.4,0.0,10.91276080076628,0.0,0.63016129,0.0,0.276,0.0
2025-07-30 21:00:00,0.22,0.0,10.69276080076628,0.0,0.47016129,0.0,0.088,0.0
2025-07-30 22:00:00,1.45,0.0,9.24276080076628,0.0,0.47016129,0.0,0.08,0.0
2025-07-30 23:00:00,0.11,0.0,9.13276080076628,0.0,0.47016129,0.0,0.074,0.0
2025-07-31 00:00:00,0.62,0.0,8.512760800766282,0.0,0.42016129,0.0,0.075,0.0
2025-07-31 01:00:00,0.63,0.0,7.882760800766282,0.0,0.42016129,0.0,0.072,0.0
2025-07-31 02:00:00,0.5800000000000001,0.0,7.302760800766282,0.0,0.42016129,0.0,0.068,0.0
2025-07-31 03:00:00,0.11,0.0,7.1927608007662815,0.0,0.42016129,0.0,0.067,0.0
2025-07-31 04:00:00,0.53,0.0,6.662760800766281,0.0,0.42016129,0.0,0.066,0.0
2025-07-31 05:00:00,0.58,0.013733,6.0964938007662814,0.0,0.42016129,0.0,0.067,0.0
2025-07-31 06:00:00,0.12,0.20428,6.180773800766281,0.0,0.42016129,0.0,0.071,0.0
2025-07-31 07:00:00,0.7100000000000001,0.5282290000000001,5.999002800766281,0.0,0.42016129,0.0,0.065,0.0
2025-07-31 08:00:00,0.35,0.8803970000000001,6.529399800766281,0.0,0.42016129,0.0,0.06,0.0
2025-07-31 09:00:00,0.53,1.01073,7.010129800766281,0.0,0.42016129,0.0,0.052,0.0
2025-07-31 10:00:00,0.7,1.97468,8.284809800766281,0.0,0.42016129,0.0,0.055,0.0
2025-07-31 11:00:00,1.246,2.4966109999999997,9.53542080076628,0.0,0.42016129,0.0,0.053,0.0
2025-07-31 12:00:00,0.976,2.061022,10.62044280076628,0.0,0.42016129,0.0,0.053,0.0
2025-07-31 13:00:00,1.166,2.439018,11.89346080076628,0.0,0.42016129,0.0,0.05,0.0
2025-07-31 14:00:00,0.16,1.647906,13.381366800766282,0.0,0.42016129,0.0,0.046,0.0
2025-07-31 15:00:00,0.16,1.552569,13.5,0.0,0.47016129,1.3925690000000002,0.05,-0.06962845000000001
2025-07-31 16:00:00,0.13,0.700043,13.5,0.0,0.63016129,0.570043,0.137,-0.078095891
2025-07-31 17:00:00,1.8037011494252877,0.338636,12.034934850574713,0.0,0.63016129,0.0,0.32,0.0
2025-07-31 18:00:00,1.9437011494252876,0.129818,10.221051701149426,0.0,0.63016129,0.0,0.358,0.0
2025-07-31 19:00:00,0.13,0.0,10.091051701149423,0.0,0.63016129,0.0,0.446,0.0
2025-07-31 20:00:00,0.2,0.0,9.891051701149426,0.0,0.63016129,0.0,0.276,0.0
2025-07-31 21:00:00,0.12,0.0,9.771051701149426,0.0,0.47016129,0.0,0.088,0.0
2025-07-31 22:00:00,0.97,0.0,8.801051701149426,0.0,0.47016129,0.0,0.08,0.0
2025-07-31 23:00:00,0.5,0.0,8.301051701149426,0.0,0.47016129,0.0,0.074,0.0
2025-07-31 23:59:59,0.1,0.0,8.301051701149426,0.1,150.0,0.0,0.0,15.0
2025-08-01 00:00:00,0.71,0.0,7.591051701149426,0.0,0.42016129,0.0,0.086,0.0
2025-08-01 01:00:00,0.64,0.0,6.951051701149426,0.0,0.42016129,0.0,0.088,0.0
2025-08-01 02:00:00,0.22,0.0,6.731051701149426,0.0,0.42016129,0.0,0.085,0.0
2025-08-01 03:00:00,0.64,0.0,6.091051701149427,0.0,0.42016129,0.0,0.08,0.0
2025-08-01 04:00:00,0.62,0.0,5.471051701149427,0.0,0.42016129,0.0,0.08,0.0
2025-08-01 05:00:00,0.22,0.010683,5.261734701149426,0.0,0.42016129,0.0,0.081,0.0
2025-08-01 06:00:00,0.58,0.174919,4.856653701149426,0.0,0.42016129,0.0,0.079,0.0
2025-08-01 07:00:00,0.33,0.308415,4.835068701149426,0.0,0.42016129,0.0,0.069,0.0
2025-08-01 08:00:00,0.16,0.637366,5.312434701149426,0.0,0.42016129,0.0,0.064,0.0
2025-08-01 09:00:00,0.6900000000000001,0.915246,5.5376807011494265,0.0,0.42016129,0.0,0.063,0.0
2025-08-01 10:00:00,2.53,1.760583,4.768263701149427,0.0,0.42016129,0.0,0.063,0.0
2025-08-01 11:00:00,3.066,2.475896,4.178159701149427,0.0,0.42016129,0.0,0.062,0.0
2025-08-01 12:00:00,3.1159999999999997,3.879392,4.941551701149427,0.0,0.42016129,0.0,0.061,0.0
2025-08-01 13:00:00,3.006,3.689041,5.624592701149427,0.0,0.42016129,0.0,0.062,0.0
2025-08-01 14:00:00,2.44,3.209585,6.394177701149427,0.0,0.42016129,0.0,0.063,0.0
2025-08-01 15:00:00,0.15,2.447863,8.692040701149427,0.0,0.47016129,0.0,0.066,0.0
2025-08-01 16:00:00,0.14,0.882323,9.434363701149428,0.0,0.63016129,0.0,0.157,0.0
2025-08-01 17:00:00,1.8237011494252875,0.361349,7.97201155172414,0.0,0.63016129,0.0,0.825,0.0
2025-08-01 18:00:00,2.0337011494252875,0.112327,6.050637402298853,0.0,0.63016129,0.0,0.933,0.0
2025-08-01 19:00:00,0.16,0.0,5.890637402298853,0.0,0.63016129,0.0,1.034,0.0
2025-08-01 20:00:00,0.48,0.0,5.410637402298853,0.0,0.63016129,0.0,0.989,0.0
2025-08-01 21:00:00,0.22,0.0,5.1906374022988535,0.0,0.47016129,0.0,0.72,0.0
2025-08-01 22:00:00,0.11,0.0,5.080637402298853,0.0,0.47016129,0.0,0.7,0.0
2025-08-01 23:00:00,0.5700000000000001,0.0,4.510637402298853,0.0,0.47016129,0.0,0.088,0.0
2025-08-02 00:00:00,0.13,0.0,4.380637402298853,0.0,0.42016129,0.0,0.086,0.0
2025-08-02 01:00:00,0.5,0.0,3.880637402298853,0.0,0.42016129,0.0,0.088,0.0
2025-08-02 02:00:00,0.1,0.0,3.780637402298853,0.0,0.42016129,0.0,0.085,0.0
2025-08-02 03:00:00,0.47,0.0,3.3106374022988527,0.0,0.42016129,0.0,0.08,0.0
2025-08-02 04:00:00,0.52,0.0,2.7906374022988527,0.0,0.42016129,0.0,0.08,0.0
2025-08-02 05:00:00,0.2,0.0196,2.6102374022988526,0.0,0.42016129,0.0,0.081,0.0
2025-08-02 06:00:00,0.76,0.172875,2.0231124022988527,0.0,0.42016129,0.0,0.079,0.0
2025-08-02 07:00:00,1.53,0.34082,0.8339324022988528,0.0,0.42016129,0.0,0.069,0.0
2025-08-02 08:00:00,0.2,0.57604,1.2099724022988527,0.0,0.42016129,0.0,0.064,0.0
2025-08-02 09:00:00,0.5900000000000001,1.189645,1.8096174022988527,0.0,0.42016129,0.0,0.063,0.0
2025-08-02 10:00:00,2.44,2.10373,1.4733474022988529,0.0,0.42016129,0.0,0.063,0.0
2025-08-02 11:00:00,3.9573653846153847,2.347036,0.0,0.1369819823165317,0.42016129,0.0,0.062,0.05755452639687115
2025-08-02 12:00:00,2.8773653846153846,3.791613,0.9142476153846152,0.0,0.42016129,0.0,0.061,0.0
2025-08-02 13:00:00,3.1573653846153844,3.623695,1.380577230769231,0.0,0.42016129,0.0,0.062,0.0
2025-08-02 14:00:00,3.07,2.377086,0.687663230769231,0.0,0.42016129,0.0,0.063,0.0
2025-08-02 15:00:00,0.13,1.64463,2.202293230769231,0.0,0.47016129,0.0,0.066,0.0
2025-08-02 16:00:00,0.12,0.911591,2.993884230769231,0.0,0.63016129,0.0,0.157,0.0
2025-08-02 17:00:00,0.935853448275862,0.358505,2.416535782493369,0.0,0.63016129,0.0,0.825,0.0
2025-08-02 18:00:00,1.1058534482758622,0.11499,1.4256723342175066,0.0,0.63016129,0.0,0.933,0.0
2025-08-02 19:00:00,0.16,0.0,1.2656723342175067,0.0,0.63016129,0.0,1.034,0.0
2025-08-02 20:00:00,0.17,0.0,1.0956723342175068,0.0,0.63016129,0.0,0.989,0.0
2025-08-02 21:00:00,0.16,0.0,0.9356723342175068,0.0,0.47016129,0.0,0.72,0.0
2025-08-02 22:00:00,0.24,0.0,0.6956723342175067,0.0,0.47016129,0.0,0.7,0.0
2025-08-02 23:00:00,0.12,0.0,0.5756723342175067,0.0,0.47016129,0.0,0.088,0.0
2025-08-03 00:00:00,0.11,0.0,0.4656723342175067,0.0,0.42016129,0.0,0.086,0.0
2025-08-03 01:00:00,0.11,0.0,0.3556723342175067,0.0,0.42016129,0.0,0.088,0.0
2025-08-03 02:00:00,0.53,0.0,0.0,0.1743276657824933,0.42016129,0.0,0.085,0.07324573693786125
2025-08-03 03:00:00,0.6200000000000001,0.0,0.0,0.6200000000000001,0.42016129,0.0,0.08,0.26049999980000005
2025-08-03 04:00:00,0.55,0.0,0.0,0.55,0.42016129,0.0,0.08,0.23108870950000002
2025-08-03 05:00:00,0.49,0.015045,0.0,0.474955,0.42016129,0.0,0.081,0.19955770549195
2025-08-03 06:00:00,0.11,0.183975,0.073975,0.0,0.42016129,0.0,0.079,0.0
2025-08-03 07:00:00,1.36,0.343805,0.0,0.9422200000000002,0.42016129,0.0,0.069,0.3958843706638001
2025-08-03 08:00:00,0.9,0.725645,0.0,0.17435500000000004,0.42016129,0.0,0.064,0.07325722171795002
2025-08-03 09:00:00,0.13,1.211109,1.081109,0.0,0.42016129,0.0,0.063,0.0
2025-08-03 10:00:00,2.65,2.084751,0.5158600000000004,0.0,0.42016129,0.0,0.063,0.0
2025-08-03 11:00:00,5.457365384615384,2.424754,0.0,2.5167513846153837,0.42016129,0.0,0.062,1.0574415083692859
2025-08-03 12:00:00,3.207365384615384,3.825797,0.6184316153846163,0.0,0.42016129,0.0,0.061,0.0
2025-08-03 13:00:00,2.9173653846153846,2.784262,0.4853282307692317,0.0,0.42016129,0.0,0.062,0.0
2025-08-03 14:00:00,2.8099999999999996,2.447453,0.1227812307692319,0.0,0.42016129,0.0,0.063,0.0
2025-08-03 15:00:00,0.43,1.819442,1.512223230769232,0.0,0.47016129,0.0,0.066,0.0
2025-08-03 16:00:00,0.49,0.901633,1.923856230769232,0.0,0.63016129,0.0,0.157,0.0
2025-08-03 17:00:00,1.205853448275862,0.413829,1.13183178249337,0.0,0.63016129,0.0,0.825,0.0
2025-08-03 18:00:00,1.1358534482758622,0.110066,0.1060443342175077,0.0,0.63016129,0.0,0.933,0.0
2025-08-03 19:00:00,0.19,0.0,0.0,0.0839556657824923,0.63016129,0.0,1.034,0.05290561065230421
2025-08-03 20:00:00,0.27,0.0,0.0,0.27,0.63016129,0.0,0.989,0.1701435483
2025-08-03 21:00:00,0.26,0.0,0.0,0.26,0.47016129,0.0,0.72,0.1222419354
2025-08-03 22:00:00,0.64,0.0,0.0,0.64,0.47016129,0.0,0.7,0.3009032256
2025-08-03 23:00:00,0.66,0.0,0.0,0.66,0.47016129,0.0,0.088,0.3103064514
2025-08-04 00:00:00,0.59,0.0,0.0,0.59,0.42016129,0.0,0.086,0.2478951611
2025-08-04 01:00:00,0.1399999999999999,0.0,0.0,0.1399999999999999,0.42016129,0.0,0.088,0.05882258059999996
2025-08-04 02:00:00,0.64,0.0,0.0,0.64,0.42016129,0.0,0.085,0.2689032256
2025-08-04 03:00:00,0.7200000000000001,0.0,0.0,0.7200000000000001,0.42016129,0.0,0.08,0.30251612880000006
2025-08-04 04:00:00,0.59,0.0,0.0,0.59,0.42016129,0.0,0.08,0.2478951611
2025-08-04 05:00:00,0.59,0.006022,0.0,0.583978,0.42016129,0.0,0.081,0.24536494981162002
2025-08-04 06:00:00,0.29,0.242277,0.0,0.04772299999999999,0.42016129,0.0,0.079,0.020051357242669997
2025-08-04 07:00:00,0.18,0.560264,0.380264,0.0,0.42016129,0.0,0.069,0.0
2025-08-04 08:00:00,0.48,0.945948,0.846212,0.0,0.42016129,0.0,0.064,0.0
2025-08-04 09:00:00,0.16,1.410204,2.096416,0.0,0.42016129,0.0,0.063,0.0
2025-08-04 10:00:00,0.12,2.475353,4.4517690000000005,0.0,0.42016129,0.0,0.063,0.0
2025-08-04 11:00:00,0.3973653846153847,2.728927,6.783330615384616,0.0,0.42016129,0.0,0.062,0.0
2025-08-04 12:00:00,0.4073653846153847,3.809784,10.18574923076923,0.0,0.42016129,0.0,0.061,0.0
2025-08-04 13:00:00,0.5273653846153847,2.4283200000000003,12.086703846153846,0.0,0.42016129,0.0,0.062,0.0
2025-08-04 14:00:00,0.69,2.0539389999999997,13.450642846153846,0.0,0.42016129,0.0,0.063,0.0
2025-08-04 15:00:00,0.61,0.968961,13.5,0.0,0.47016129,0.358961,0.066,-0.023691425999999998
2025-08-04 16:00:00,0.15,0.522923,13.5,0.0,0.63016129,0.372923,0.157,-0.058548911
2025-08-04 17:00:00,1.045853448275862,0.301674,12.755820551724138,0.0,0.63016129,0.0,0.825,0.0
2025-08-04 18:00:00,3.2258534482758625,0.1163289999999999,9.646296103448275,0.0,0.63016129,0.0,0.933,0.0
2025-08-04 19:00:00,0.42,0.0,9.226296103448275,0.0,0.63016129,0.0,1.034,0.0
2025-08-04 20:00:00,0.27,0.0,8.956296103448276,0.0,0.63016129,0.0,0.989,0.0
2025-08-04 21:00:00,0.22,0.0,8.736296103448275,0.0,0.47016129,0.0,0.72,0.0
2025-08-04 22:00:00,0.14,0.0,8.596296103448275,0.0,0.47016129,0.0,0.7,0.0
2025-08-04 23:00:00,0.1,0.0,8.496296103448275,0.0,0.47016129,0.0,0.088,0.0
2025-08-05 00:00:00,0.11,0.0,8.386296103448275,0.0,0.42016129,0.0,0.086,0.0
2025-08-05 01:00:00,0.1,0.0,8.286296103448276,0.0,0.42016129,0.0,0.088,0.0
2025-08-05 02:00:00,0.11,0.0,8.176296103448276,0.0,0.42016129,0.0,0.085,0.0
2025-08-05 03:00:00,0.1,0.0,8.076296103448277,0.0,0.42016129,0.0,0.08,0.0
2025-08-05 04:00:00,0.09,0.0,7.986296103448277,0.0,0.42016129,0.0,0.08,0.0
2025-08-05 05:00:00,0.25,0.003789,7.740085103448277,0.0,0.42016129,0.0,0.081,0.0
2025-08-05 06:00:00,0.38,0.165484,7.525569103448277,0.0,0.42016129,0.0,0.079,0.0
2025-08-05 07:00:00,0.42,0.09254,7.198109103448277,0.0,0.42016129,0.0,0.069,0.0
2025-08-05 08:00:00,0.6799999999999999,0.50644,7.024549103448277,0.0,0.42016129,0.0,0.064,0.0
2025-08-05 09:00:00,0.44,0.7481230000000001,7.332672103448277,0.0,0.42016129,0.0,0.063,0.0
2025-08-05 10:00:00,0.22,1.024102,8.136774103448277,0.0,0.42016129,0.0,0.063,0.0
2025-08-05 11:00:00,0.4973653846153847,1.633034,9.272442718832892,0.0,0.42016129,0.0,0.062,0.0
2025-08-05 12:00:00,0.5073653846153847,1.041574,9.806651334217507,0.0,0.42016129,0.0,0.061,0.0
2025-08-05 13:00:00,0.4973653846153847,1.114485,10.423770949602122,0.0,0.42016129,0.0,0.062,0.0
2025-08-05 14:00:00,0.21,0.716807,10.930577949602124,0.0,0.42016129,0.0,0.063,0.0
2025-08-05 15:00:00,0.22,0.559339,11.269916949602123,0.0,0.47016129,0.0,0.066,0.0
2025-08-05 16:00:00,0.22,0.338671,11.388587949602124,0.0,0.63016129,0.0,0.157,0.0
2025-08-05 17:00:00,1.0758534482758622,0.127597,10.440331501326265,0.0,0.63016129,0.0,0.825,0.0
2025-08-05 18:00:00,1.3758534482758622,0.103768,9.1682460530504,0.0,0.63016129,0.0,0.933,0.0
2025-08-05 19:00:00,0.27,0.0,8.898246053050402,0.0,0.63016129,0.0,1.034,0.0
2025-08-05 20:00:00,0.53,0.0,8.368246053050402,0.0,0.63016129,0.0,0.989,0.0
2025-08-05 21:00:00,0.29,0.0,8.078246053050403,0.0,0.47016129,0.0,0.72,0.0
2025-08-05 22:00:00,0.25,0.0,7.828246053050403,0.0,0.47016129,0.0,0.7,0.0
2025-08-05 23:00:00,0.22,0.0,7.6082460530504035,0.0,0.47016129,0.0,0.088,0.0
2025-08-06 00:00:00,0.22,0.0,7.388246053050404,0.0,0.42016129,0.0,0.086,0.0
2025-08-06 01:00:00,0.22,0.0,7.168246053050404,0.0,0.42016129,0.0,0.088,0.0
2025-08-06 02:00:00,0.22,0.0,6.948246053050404,0.0,0.42016129,0.0,0.085,0.0
2025-08-06 03:00:00,0.18,0.0,6.7682460530504045,0.0,0.42016129,0.0,0.08,0.0
2025-08-06 04:00:00,0.1,0.0,6.668246053050405,0.0,0.42016129,0.0,0.08,0.0
2025-08-06 05:00:00,0.45,0.003789,6.222035053050405,0.0,0.42016129,0.0,0.081,0.0
2025-08-06 06:00:00,0.56,0.175132,5.837167053050405,0.0,0.42016129,0.0,0.079,0.0
2025-08-06 07:00:00,0.21,0.323312,5.950479053050405,0.0,0.42016129,0.0,0.069,0.0
2025-08-06 08:00:00,0.15,0.349403,6.149882053050405,0.0,0.42016129,0.0,0.064,0.0
2025-08-06 09:00:00,0.11,0.848799,6.888681053050405,0.0,0.42016129,0.0,0.063,0.0
2025-08-06 10:00:00,2.4099999999999997,1.3330719999999998,5.811753053050405,0.0,0.42016129,0.0,0.063,0.0
2025-08-06 11:00:00,2.6973653846153844,1.542748,4.657135668435021,0.0,0.42016129,0.0,0.062,0.0
2025-08-06 12:00:00,2.6973653846153844,2.302371,4.262141283819637,0.0,0.42016129,0.0,0.061,0.0
2025-08-06 13:00:00,2.6973653846153844,2.352556,3.917331899204252,0.0,0.42016129,0.0,0.062,0.0
2025-08-06 14:00:00,2.4,2.029249,3.5465808992042525,0.0,0.42016129,0.0,0.063,0.0
2025-08-06 15:00:00,0.11,1.794014,5.230594899204252,0.0,0.47016129,0.0,0.066,0.0
2025-08-06 16:00:00,0.11,1.09329,6.213884899204253,0.0,0.63016129,0.0,0.157,0.0
2025-08-06 17:00:00,1.6758534482758622,0.341504,4.87953545092839,0.0,0.63016129,0.0,0.825,0.0
2025-08-06 18:00:00,2.5158534482758625,0.106629,2.4703110026525277,0.0,0.63016129,0.0,0.933,0.0
2025-08-06 19:00:00,0.15,0.0,2.320311002652528,0.0,0.63016129,0.0,1.034,0.0
2025-08-06 20:00:00,0.16,0.0,2.1603110026525276,0.0,0.63016129,0.0,0.989,0.0
2025-08-06 21:00:00,0.13,0.0,2.0303110026525277,0.0,0.47016129,0.0,0.72,0.0
2025-08-06 22:00:00,0.23,0.0,1.8003110026525275,0.0,0.47016129,0.0,0.7,0.0
2025-08-06 23:00:00,0.22,0.0,1.5803110026525278,0.0,0.47016129,0.0,0.088,0.0
2025-08-07 00:00:00,0.22,0.0,1.3603110026525278,0.0,0.42016129,0.0,0.086,0.0
2025-08-07 01:00:00,0.22,0.0,1.1403110026525278,0.0,0.42016129,0.0,0.088,0.0
2025-08-07 02:00:00,0.22,0.0,0.920311002652528,0.0,0.42016129,0.0,0.085,0.0
2025-08-07 03:00:00,0.21,0.0,0.7103110026525279,0.0,0.42016129,0.0,0.08,0.0
2025-08-07 04:00:00,0.21,0.0,0.5003110026525279,0.0,0.42016129,0.0,0.08,0.0
2025-08-07 05:00:00,0.21,0.006026,0.2963370026525279,0.0,0.42016129,0.0,0.081,0.0
2025-08-07 06:00:00,0.6,0.171768,0.0,0.13189499734747206,0.42016129,0.0,0.079,0.055417172230060444
2025-08-07 07:00:00,0.22,0.3794929999999999,0.1594929999999999,0.0,0.42016129,0.0,0.069,0.0
2025-08-07 08:00:00,0.1,1.95779,2.017283,0.0,0.42016129,0.0,0.064,0.0
2025-08-07 09:00:00,0.12,1.661651,3.558934,0.0,0.42016129,0.0,0.063,0.0
2025-08-07 10:00:00,0.1,1.449576,4.90851,0.0,0.42016129,0.0,0.063,0.0
2025-08-07 11:00:00,0.3773653846153847,2.289943,6.821087615384615,0.0,0.42016129,0.0,0.062,0.0
2025-08-07 12:00:00,0.3873653846153847,3.973276,10.40699823076923,0.0,0.42016129,0.0,0.061,0.0
2025-08-07 13:00:00,0.3873653846153847,3.756282,13.5,0.0,0.42016129,3.3689166153846153,0.062,-0.20887283015384614
2025-08-07 14:00:00,0.1,3.2842,13.5,0.0,0.42016129,3.1841999999999997,0.063,-0.2006046
2025-08-07 15:00:00,0.11,2.519669,13.5,0.0,0.47016129,2.409669,0.066,-0.15903815400000001
2025-08-07 16:00:00,0.1,1.416172,13.5,0.0,0.63016129,1.316172,0.157,-0.206639004
2025-08-07 17:00:00,0.9658534482758622,0.340589,12.874735551724138,0.0,0.63016129,0.0,0.825,0.0
2025-08-07 18:00:00,1.0758534482758622,0.096334,11.895216103448275,0.0,0.63016129,0.0,0.933,0.0
2025-08-07 19:00:00,0.19,0.0,11.705216103448276,0.0,0.63016129,0.0,1.034,0.0
2025-08-07 20:00:00,0.21,0.0,11.495216103448277,0.0,0.63016129,0.0,0.989,0.0
2025-08-07 21:00:00,0.17,0.0,11.325216103448277,0.0,0.47016129,0.0,0.72,0.0
2025-08-07 22:00:00,0.58,0.0,10.745216103448277,0.0,0.47016129,0.0,0.7,0.0
2025-08-07 23:00:00,0.61,0.0,10.135216103448276,0.0,0.47016129,0.0,0.088,0.0
2025-08-08 00:00:00,0.1,0.0,10.035216103448276,0.0,0.42016129,0.0,0.086,0.0
2025-08-08 01:00:00,0.11,0.0,9.925216103448276,0.0,0.42016129,0.0,0.088,0.0
2025-08-08 02:00:00,0.1,0.0,9.825216103448277,0.0,0.42016129,0.0,0.085,0.0
2025-08-08 03:00:00,0.11,0.0,9.715216103448276,0.0,0.42016129,0.0,0.08,0.0
2025-08-08 04:00:00,0.1,0.0,9.615216103448278,0.0,0.42016129,0.0,0.08,0.0
2025-08-08 05:00:00,0.11,0.003915,9.509131103448276,0.0,0.42016129,0.0,0.081,0.0
2025-08-08 06:00:00,0.1,0.165649,9.574780103448278,0.0,0.42016129,0.0,0.079,0.0
2025-08-08 07:00:00,0.11,0.225257,9.690037103448278,0.0,0.42016129,0.0,0.069,0.0
2025-08-08 08:00:00,0.22,0.400225,9.870262103448278,0.0,0.42016129,0.0,0.064,0.0
2025-08-08 09:00:00,0.15,0.596346,10.316608103448278,0.0,0.42016129,0.0,0.063,0.0
2025-08-08 10:00:00,2.4499999999999997,0.8913139999999999,8.757922103448278,0.0,0.42016129,0.0,0.063,0.0
2025-08-08 11:00:00,2.7373653846153845,1.210181,7.230737718832893,0.0,0.42016129,0.0,0.062,0.0
2025-08-08 12:00:00,2.7373653846153845,1.190857,5.684229334217509,0.0,0.42016129,0.0,0.061,0.0
2025-08-08 13:00:00,2.7173653846153845,1.193392,4.160255949602124,0.0,0.42016129,0.0,0.062,0.0
2025-08-08 14:00:00,2.44,1.273948,2.9942039496021247,0.0,0.42016129,0.0,0.063,0.0
2025-08-08 15:00:00,0.79,0.8920159999999999,3.0962199496021245,0.0,0.47016129,0.0,0.066,0.0
2025-08-08 16:00:00,0.27,0.403066,3.2292859496021245,0.0,0.63016129,0.0,0.157,0.0
2025-08-08 17:00:00,1.005853448275862,0.2396049999999999,2.463037501326262,0.0,0.63016129,0.0,0.825,0.0
2025-08-08 18:00:00,1.1758534482758622,0.098069,1.3852530530504,0.0,0.63016129,0.0,0.933,0.0
2025-08-08 19:00:00,0.3,0.0,1.0852530530504,0.0,0.63016129,0.0,1.034,0.0
2025-08-08 20:00:00,0.42,0.0,0.6652530530504,0.0,0.63016129,0.0,0.989,0.0
2025-08-08 21:00:00,0.31,0.0,0.3552530530503999,0.0,0.47016129,0.0,0.72,0.0
2025-08-08 22:00:00,0.35,0.0,0.0052530530503999,0.0,0.47016129,0.0,0.7,0.0
2025-08-08 23:00:00,0.12,0.0,0.0,0.1147469469496001,0.47016129,0.0,0.088,0.05394957260138555
2025-08-09 00:00:00,0.1,0.0,0.0,0.1,0.42016129,0.0,0.086,0.042016129000000006
2025-08-09 01:00:00,0.11,0.0,0.0,0.11,0.42016129,0.0,0.088,0.046217741900000005
2025-08-09 02:00:00,0.11,0.0,0.0,0.11,0.42016129,0.0,0.085,0.046217741900000005
2025-08-09 03:00:00,0.11,0.0,0.0,0.11,0.42016129,0.0,0.08,0.046217741900000005
2025-08-09 04:00:00,0.1,0.0,0.0,0.1,0.42016129,0.0,0.08,0.042016129000000006
2025-08-09 05:00:00,0.1,0.001553,0.0,0.098447,0.42016129,0.0,0.081,0.04136361851663001
2025-08-09 06:00:00,0.1,0.154419,0.0544189999999999,0.0,0.42016129,0.0,0.079,0.0
2025-08-09 07:00:00,0.12,0.241595,0.176014,0.0,0.42016129,0.0,0.069,0.0
2025-08-09 08:00:00,0.42,0.429652,0.185666,0.0,0.42016129,0.0,0.064,0.0
2025-08-09 09:00:00,2.33,0.91601,0.0,1.2283240000000002,0.42016129,0.0,0.063,0.5160941963779601
2025-08-09 10:00:00,4.66,1.593773,0.0,3.066227,0.42016129,0.0,0.063,1.2883098917528302
2025-08-09 11:00:00,2.9973653846153843,2.238449,0.0,0.7589163846153841,0.42016129,0.0,0.062,0.31886728716213597
2025-08-09 12:00:00,2.8973653846153846,2.485293,0.0,0.41207238461538465,0.42016129,0.0,0.061,0.17313686469337616
2025-08-09 13:00:00,3.2673653846153847,1.996638,0.0,1.2707273846153848,0.42016129,0.0,0.062,0.5339104571583263
2025-08-09 14:00:00,2.51,3.2209250000000003,0.7109250000000005,0.0,0.42016129,0.0,0.063,0.0
2025-08-09 15:00:00,0.16,1.282767,1.8336920000000003,0.0,0.47016129,0.0,0.066,0.0
2025-08-09 16:00:00,0.11,0.573975,2.297667000000001,0.0,0.63016129,0.0,0.157,0.0
2025-08-09 17:00:00,2.1758534482758622,0.266357,0.3881705517241383,0.0,0.63016129,0.0,0.825,0.0
2025-08-09 18:00:00,1.965853448275862,0.096842,0.0,1.4808408965517237,0.63016129,0.0,0.933,0.9331686096557907
2025-08-09 19:00:00,0.19,0.0,0.0,0.19,0.63016129,0.0,1.034,0.1197306451
2025-08-09 20:00:00,0.19,0.0,0.0,0.19,0.63016129,0.0,0.989,0.1197306451
2025-08-09 21:00:00,0.27,0.0,0.0,0.27,0.47016129,0.0,0.72,0.12694354830000001
2025-08-09 22:00:00,0.25,0.0,0.0,0.25,0.47016129,0.0,0.7,0.1175403225
2025-08-09 23:00:00,0.2299999999999999,0.0,0.0,0.2299999999999999,0.47016129,0.0,0.088,0.10813709669999995
2025-08-10 00:00:00,0.2299999999999999,0.0,0.0,0.2299999999999999,0.42016129,0.0,0.086,0.09663709669999997
2025-08-10 01:00:00,0.22,0.0,0.0,0.22,0.42016129,0.0,0.088,0.09243548380000001
2025-08-10 02:00:00,0.22,0.0,0.0,0.22,0.42016129,0.0,0.085,0.09243548380000001
2025-08-10 03:00:00,0.22,0.0,0.0,0.22,0.42016129,0.0,0.08,0.09243548380000001
2025-08-10 04:00:00,0.22,0.0,0.0,0.22,0.42016129,0.0,0.08,0.09243548380000001
2025-08-10 05:00:00,0.25,0.0,0.0,0.25,0.42016129,0.0,0.081,0.1050403225
2025-08-10 06:00:00,0.53,0.21455,0.0,0.31545,0.42016129,0.0,0.079,0.1325398789305
2025-08-10 07:00:00,0.3,0.699995,0.399995,0.0,0.42016129,0.0,0.069,0.0
2025-08-10 08:00:00,1.27,1.982062,1.112057,0.0,0.42016129,0.0,0.064,0.0
2025-08-10 09:00:00,2.77,2.915246,1.2573030000000005,0.0,0.42016129,0.0,0.063,0.0
2025-08-10 10:00:00,4.8,3.5286060000000004,0.0,0.014090999999998965,0.42016129,0.0,0.063,0.0059204927373895655
2025-08-10 11:00:00,3.4073653846153844,3.889866,0.4825006153846156,0.0,0.42016129,0.0,0.062,0.0
2025-08-10 12:00:00,2.8773653846153846,3.978724,1.5838592307692312,0.0,0.42016129,0.0,0.061,0.0
2025-08-10 13:00:00,2.7973653846153845,3.798607,2.5851008461538467,0.0,0.42016129,0.0,0.062,0.0
2025-08-10 14:00:00,2.52,3.323891,3.388991846153847,0.0,0.42016129,0.0,0.063,0.0
2025-08-10 15:00:00,0.12,2.539859,5.808850846153847,0.0,0.47016129,0.0,0.066,0.0
2025-08-10 16:00:00,0.12,1.429016,7.117866846153847,0.0,0.63016129,0.0,0.157,0.0
2025-08-10 17:00:00,0.9458534482758622,0.346016,6.518029397877985,0.0,0.63016129,0.0,0.825,0.0
2025-08-10 18:00:00,1.1358534482758622,0.089623,5.471798949602123,0.0,0.63016129,0.0,0.933,0.0
2025-08-10 19:00:00,0.21,0.0,5.261798949602123,0.0,0.63016129,0.0,1.034,0.0
2025-08-10 20:00:00,0.25,0.0,5.011798949602123,0.0,0.63016129,0.0,0.989,0.0
2025-08-10 21:00:00,0.4599999999999999,0.0,4.551798949602123,0.0,0.47016129,0.0,0.72,0.0
2025-08-10 22:00:00,0.4,0.0,4.151798949602123,0.0,0.47016129,0.0,0.7,0.0
2025-08-10 23:00:00,0.85,0.0,3.3017989496021225,0.0,0.47016129,0.0,0.088,0.0
2025-08-11 00:00:00,0.26,0.0,3.0417989496021223,0.0,0.42016129,0.0,0.086,0.0
2025-08-11 01:00:00,0.24,0.0,2.801798949602122,0.0,0.42016129,0.0,0.088,0.0
2025-08-11 02:00:00,0.2299999999999999,0.0,2.571798949602122,0.0,0.42016129,0.0,0.085,0.0
2025-08-11 03:00:00,0.2299999999999999,0.0,2.341798949602122,0.0,0.42016129,0.0,0.08,0.0
2025-08-11 04:00:00,0.2299999999999999,0.0,2.111798949602122,0.0,0.42016129,0.0,0.08,0.0
2025-08-11 05:00:00,0.24,0.0,1.871798949602122,0.0,0.42016129,0.0,0.081,0.0
2025-08-11 06:00:00,0.22,0.1481279999999999,1.7999269496021222,0.0,0.42016129,0.0,0.079,0.0
2025-08-11 07:00:00,0.24,0.277845,1.8377719496021223,0.0,0.42016129,0.0,0.069,0.0
2025-08-11 08:00:00,0.23,0.77359,2.3813619496021223,0.0,0.42016129,0.0,0.064,0.0
2025-08-11 09:00:00,0.22,1.383612,3.5449739496021224,0.0,0.42016129,0.0,0.063,0.0
2025-08-11 10:00:00,0.22,3.671473,6.996446949602122,0.0,0.42016129,0.0,0.063,0.0
2025-08-11 11:00:00,0.5073653846153847,4.033196,10.522277564986735,0.0,0.42016129,0.0,0.062,0.0
2025-08-11 12:00:00,0.5073653846153847,4.108926,13.5,0.0,0.42016129,3.6015606153846154,0.061,-0.21969519753846153
2025-08-11 13:00:00,0.5073653846153847,3.905339,13.5,0.0,0.42016129,3.3979736153846156,0.062,-0.21067436415384616
2025-08-11 14:00:00,0.2299999999999999,3.387121,13.5,0.0,0.42016129,3.157121,0.063,-0.198898623
2025-08-11 15:00:00,0.22,2.6010329999999997,13.5,0.0,0.47016129,2.3810329999999995,0.066,-0.15714817799999997
2025-08-11 16:00:00,0.2299999999999999,1.462191,13.5,0.0,0.63016129,1.232191,0.157,-0.193453987
2025-08-11 17:00:00,1.045853448275862,0.344925,12.799071551724138,0.0,0.63016129,0.0,0.825,0.0
2025-08-11 18:00:00,1.435853448275862,0.083322,11.446540103448276,0.0,0.63016129,0.0,0.933,0.0
2025-08-11 19:00:00,0.19,0.0,11.256540103448277,0.0,0.63016129,0.0,1.034,0.0
2025-08-11 20:00:00,0.15,0.0,11.106540103448276,0.0,0.63016129,0.0,0.989,0.0
2025-08-11 21:00:00,0.14,0.0,10.966540103448276,0.0,0.47016129,0.0,0.72,0.0
2025-08-11 22:00:00,0.19,0.0,10.776540103448276,0.0,0.47016129,0.0,0.7,0.0
2025-08-11 23:00:00,0.23,0.0,10.546540103448276,0.0,0.47016129,0.0,0.088,0.0
2025-08-12 00:00:00,0.22,0.0,10.326540103448275,0.0,0.42016129,0.0,0.086,0.0
2025-08-12 01:00:00,0.22,0.0,10.106540103448276,0.0,0.42016129,0.0,0.088,0.0
2025-08-12 02:00:00,0.22,0.0,9.886540103448274,0.0,0.42016129,0.0,0.085,0.0
2025-08-12 03:00:00,0.22,0.0,9.666540103448272,0.0,0.42016129,0.0,0.08,0.0
2025-08-12 04:00:00,0.22,0.0,9.446540103448273,0.0,0.42016129,0.0,0.08,0.0
2025-08-12 05:00:00,0.23,0.0,9.216540103448272,0.0,0.42016129,0.0,0.081,0.0
2025-08-12 06:00:00,0.99,0.157734,8.384274103448272,0.0,0.42016129,0.0,0.079,0.0
2025-08-12 07:00:00,0.22,0.411961,8.576235103448271,0.0,0.42016129,0.0,0.069,0.0
2025-08-12 08:00:00,0.84,0.6012179999999999,8.33745310344827,0.0,0.42016129,0.0,0.064,0.0
2025-08-12 09:00:00,0.38,0.995983,8.95343610344827,0.0,0.42016129,0.0,0.063,0.0
2025-08-12 10:00:00,0.25,1.849248,10.55268410344827,0.0,0.42016129,0.0,0.063,0.0
2025-08-12 11:00:00,0.5673653846153848,4.069203,13.5,0.0,0.42016129,3.5018376153846154,0.062,-0.21711393215384614
2025-08-12 12:00:00,0.5773653846153847,4.155351,13.5,0.0,0.42016129,3.577985615384615,0.061,-0.2182571225384615
2025-08-12 13:00:00,0.5173653846153847,3.929896,13.5,0.0,0.42016129,3.412530615384615,0.062,-0.21157689815384614
2025-08-12 14:00:00,0.22,3.412324,13.5,0.0,0.42016129,3.1923239999999997,0.063,-0.201116412
2025-08-12 15:00:00,0.23,2.621098,13.5,0.0,0.47016129,2.391098,0.066,-0.157812468
2025-08-12 16:00:00,0.22,1.479373,13.5,0.0,0.63016129,1.259373,0.157,-0.19772156100000002
2025-08-12 17:00:00,1.765853448275862,0.340702,12.074848551724138,0.0,0.63016129,0.0,0.825,0.0
2025-08-12 18:00:00,2.755853448275862,0.075407,9.394402103448275,0.0,0.63016129,0.0,0.933,0.0
2025-08-12 19:00:00,0.3399999999999999,0.0,9.054402103448275,0.0,0.63016129,0.0,1.034,0.0
2025-08-12 20:00:00,0.29,0.0,8.764402103448276,0.0,0.63016129,0.0,0.989,0.0
2025-08-12 21:00:00,0.26,0.0,8.504402103448276,0.0,0.47016129,0.0,0.72,0.0
2025-08-12 22:00:00,0.28,0.0,8.224402103448277,0.0,0.47016129,0.0,0.7,0.0
2025-08-12 23:00:00,0.22,0.0,8.004402103448276,0.0,0.47016129,0.0,0.088,0.0
2025-08-13 00:00:00,0.24,0.0,7.764402103448276,0.0,0.42016129,0.0,0.086,0.0
2025-08-13 01:00:00,0.22,0.0,7.544402103448276,0.0,0.42016129,0.0,0.088,0.0
2025-08-13 02:00:00,0.22,0.0,7.324402103448277,0.0,0.42016129,0.0,0.085,0.0
2025-08-13 03:00:00,0.22,0.0,7.104402103448277,0.0,0.42016129,0.0,0.08,0.0
2025-08-13 04:00:00,0.22,0.0,6.884402103448277,0.0,0.42016129,0.0,0.08,0.0
2025-08-13 05:00:00,0.54,0.0,6.344402103448277,0.0,0.42016129,0.0,0.081,0.0
2025-08-13 06:00:00,0.3,0.145866,6.190268103448277,0.0,0.42016129,0.0,0.079,0.0
2025-08-13 07:00:00,0.55,0.46457,6.1048381034482775,0.0,0.42016129,0.0,0.069,0.0
2025-08-13 08:00:00,0.2299999999999999,0.66749,6.542328103448278,0.0,0.42016129,0.0,0.064,0.0
2025-08-13 09:00:00,0.29,1.521229,7.773557103448278,0.0,0.42016129,0.0,0.063,0.0
2025-08-13 10:00:00,3.07,3.657558,8.361115103448277,0.0,0.42016129,0.0,0.063,0.0
2025-08-13 11:00:00,2.7273653846153847,4.001956,9.635705718832892,0.0,0.42016129,0.0,0.062,0.0
2025-08-13 12:00:00,2.9873653846153845,4.069402999999999,10.717743334217506,0.0,0.42016129,0.0,0.061,0.0
2025-08-13 13:00:00,2.9273653846153844,3.868306,11.65868394960212,0.0,0.42016129,0.0,0.062,0.0
2025-08-13 14:00:00,3.04,3.3894879999999996,12.00817194960212,0.0,0.42016129,0.0,0.063,0.0
2025-08-13 15:00:00,1.23,2.608937,13.38710894960212,0.0,0.47016129,0.0,0.066,0.0
2025-08-13 16:00:00,0.26,1.470954,13.5,0.0,0.63016129,1.210954,0.157,-0.19011977800000002
2025-08-13 17:00:00,1.1258534482758622,0.323872,12.698018551724138,0.0,0.63016129,0.0,0.825,0.0
2025-08-13 18:00:00,1.1958534482758625,0.072941,11.575106103448276,0.0,0.63016129,0.0,0.933,0.0
2025-08-13 19:00:00,0.26,0.0,11.315106103448276,0.0,0.63016129,0.0,1.034,0.0
2025-08-13 20:00:00,0.22,0.0,11.095106103448275,0.0,0.63016129,0.0,0.989,0.0
2025-08-13 21:00:00,0.16,0.0,10.935106103448277,0.0,0.47016129,0.0,0.72,0.0
2025-08-13 22:00:00,0.22,0.0,10.715106103448274,0.0,0.47016129,0.0,0.7,0.0
2025-08-13 23:00:00,0.26,0.0,10.455106103448276,0.0,0.47016129,0.0,0.088,0.0
2025-08-14 00:00:00,0.27,0.0,10.185106103448277,0.0,0.42016129,0.0,0.086,0.0
2025-08-14 01:00:00,0.27,0.0,9.915106103448275,0.0,0.42016129,0.0,0.088,0.0
2025-08-14 02:00:00,0.26,0.0,9.655106103448276,0.0,0.42016129,0.0,0.085,0.0
2025-08-14 03:00:00,0.26,0.0,9.395106103448276,0.0,0.42016129,0.0,0.08,0.0
2025-08-14 04:00:00,0.26,0.0,9.135106103448276,0.0,0.42016129,0.0,0.08,0.0
2025-08-14 05:00:00,0.27,0.0,8.865106103448277,0.0,0.42016129,0.0,0.081,0.0
2025-08-14 06:00:00,0.26,0.1382479999999999,8.743354103448276,0.0,0.42016129,0.0,0.079,0.0
2025-08-14 07:00:00,1.02,0.3892649999999999,8.112619103448276,0.0,0.42016129,0.0,0.069,0.0
2025-08-14 08:00:00,0.19,0.726836,8.649455103448275,0.0,0.42016129,0.0,0.064,0.0
2025-08-14 09:00:00,0.43,1.07961,9.299065103448276,0.0,0.42016129,0.0,0.063,0.0
2025-08-14 10:00:00,0.49,1.638019,10.447084103448274,0.0,0.42016129,0.0,0.063,0.0
2025-08-14 11:00:00,1.073153846153846,1.75056,11.124490257294427,0.0,0.42016129,0.0,0.062,0.0
2025-08-14 12:00:00,0.9931538461538464,1.705857,11.837193411140582,0.0,0.42016129,0.0,0.061,0.0
2025-08-14 13:00:00,0.7031538461538462,1.492318,12.626357564986735,0.0,0.42016129,0.0,0.062,0.0
2025-08-14 14:00:00,0.32,2.289752,13.5,0.0,0.42016129,1.969752,0.063,-0.12409437599999999
2025-08-14 15:00:00,0.3,2.5339270000000003,13.5,0.0,0.47016129,2.2339270000000004,0.066,-0.14743918200000003
2025-08-14 16:00:00,0.34,1.4309960000000002,13.5,0.0,0.63016129,1.090996,0.157,-0.17128637200000002
2025-08-14 17:00:00,1.4578045977011498,0.330926,12.37312140229885,0.0,0.63016129,0.0,0.825,0.0
2025-08-14 18:00:00,1.4678045977011496,0.065671,10.9709878045977,0.0,0.63016129,0.0,0.933,0.0
2025-08-14 19:00:00,0.28,0.0,10.6909878045977,0.0,0.63016129,0.0,1.034,0.0
2025-08-14 20:00:00,0.35,0.0,10.3409878045977,0.0,0.63016129,0.0,0.989,0.0
2025-08-14 21:00:00,0.28,0.0,10.0609878045977,0.0,0.47016129,0.0,0.72,0.0
2025-08-14 22:00:00,0.29,0.0,9.770987804597702,0.0,0.47016129,0.0,0.7,0.0
2025-08-14 23:00:00,0.37,0.0,9.400987804597705,0.0,0.47016129,0.0,0.088,0.0
2025-08-15 00:00:00,0.24,0.0,9.160987804597704,0.0,0.42016129,0.0,0.086,0.0
2025-08-15 01:00:00,0.24,0.0,8.920987804597702,0.0,0.42016129,0.0,0.088,0.0
2025-08-15 02:00:00,0.2299999999999999,0.0,8.690987804597702,0.0,0.42016129,0.0,0.085,0.0
2025-08-15 03:00:00,0.25,0.0,8.440987804597702,0.0,0.42016129,0.0,0.08,0.0
2025-08-15 04:00:00,0.22,0.0,8.220987804597701,0.0,0.42016129,0.0,0.08,0.0
2025-08-15 05:00:00,0.22,0.0,8.0009878045977,0.0,0.42016129,0.0,0.081,0.0
2025-08-15 06:00:00,0.22,0.143984,7.924971804597701,0.0,0.42016129,0.0,0.079,0.0
2025-08-15 07:00:00,0.1699999999999999,0.3732339999999999,8.1282058045977,0.0,0.42016129,0.0,0.069,0.0
2025-08-15 08:00:00,0.1,0.905295,8.9335008045977,0.0,0.42016129,0.0,0.064,0.0
2025-08-15 09:00:00,0.1,1.363451,10.1969518045977,0.0,0.42016129,0.0,0.063,0.0
2025-08-15 10:00:00,2.4099999999999997,2.206789,9.9937408045977,0.0,0.42016129,0.0,0.063,0.0
2025-08-15 11:00:00,2.913153846153846,3.031863,10.112449958443854,0.0,0.42016129,0.0,0.062,0.0
2025-08-15 12:00:00,2.783153846153846,3.088015,10.417311112290008,0.0,0.42016129,0.0,0.061,0.0
2025-08-15 13:00:00,2.783153846153846,3.910622,11.544779266136162,0.0,0.42016129,0.0,0.062,0.0
2025-08-15 14:00:00,2.4099999999999997,3.4144989999999997,12.549278266136165,0.0,0.42016129,0.0,0.063,0.0
2025-08-15 15:00:00,0.11,2.616678,13.5,0.0,0.47016129,2.506678,0.066,-0.165440748
2025-08-15 16:00:00,0.18,1.479687,13.5,0.0,0.63016129,1.299687,0.157,-0.204050859
2025-08-15 17:00:00,1.2878045977011496,0.332324,12.54451940229885,0.0,0.63016129,0.0,0.825,0.0
2025-08-15 18:00:00,1.2978045977011496,0.065861,11.3125758045977,0.0,0.63016129,0.0,0.933,0.0
2025-08-15 19:00:00,0.3,0.0,11.0125758045977,0.0,0.63016129,0.0,1.034,0.0
2025-08-15 20:00:00,0.15,0.0,10.862575804597698,0.0,0.63016129,0.0,0.989,0.0
2025-08-15 21:00:00,0.15,0.0,10.712575804597698,0.0,0.47016129,0.0,0.72,0.0
2025-08-15 22:00:00,0.13,0.0,10.582575804597695,0.0,0.47016129,0.0,0.7,0.0
2025-08-15 23:00:00,0.1,0.0,10.482575804597698,0.0,0.47016129,0.0,0.088,0.0
2025-08-16 00:00:00,0.1,0.0,10.382575804597698,0.0,0.42016129,0.0,0.086,0.0
2025-08-16 01:00:00,0.1,0.0,10.282575804597698,0.0,0.42016129,0.0,0.088,0.0
2025-08-16 02:00:00,0.11,0.0,10.1725758045977,0.0,0.42016129,0.0,0.085,0.0
2025-08-16 03:00:00,0.1,0.0,10.0725758045977,0.0,0.42016129,0.0,0.08,0.0
2025-08-16 04:00:00,0.1,0.0,9.9725758045977,0.0,0.42016129,0.0,0.08,0.0
2025-08-16 05:00:00,0.1,0.0,9.8725758045977,0.0,0.42016129,0.0,0.081,0.0
2025-08-16 06:00:00,0.12,0.140362,9.8929378045977,0.0,0.42016129,0.0,0.079,0.0
2025-08-16 07:00:00,3.22,0.403136,7.0760738045977,0.0,0.42016129,0.0,0.069,0.0
2025-08-16 08:00:00,1.86,0.760419,5.976492804597699,0.0,0.42016129,0.0,0.064,0.0
2025-08-16 09:00:00,0.8200000000000001,1.24748,6.403972804597699,0.0,0.42016129,0.0,0.063,0.0
2025-08-16 10:00:00,2.97,3.738237,7.172209804597699,0.0,0.42016129,0.0,0.063,0.0
2025-08-16 11:00:00,2.823153846153846,4.119151,8.468206958443853,0.0,0.42016129,0.0,0.062,0.0
2025-08-16 12:00:00,3.043153846153846,4.20671,9.631763112290006,0.0,0.42016129,0.0,0.061,0.0
2025-08-16 13:00:00,4.953153846153846,3.987421,8.66603026613616,0.0,0.42016129,0.0,0.062,0.0
2025-08-16 14:00:00,4.6899999999999995,3.491444,7.46747426613616,0.0,0.42016129,0.0,0.063,0.0
2025-08-16 15:00:00,1.12,2.682656,9.03013026613616,0.0,0.47016129,0.0,0.066,0.0
2025-08-16 16:00:00,0.3399999999999999,1.516056,10.20618626613616,0.0,0.63016129,0.0,0.157,0.0
2025-08-16 17:00:00,1.4478045977011496,0.347706,9.106087668435013,0.0,0.63016129,0.0,0.825,0.0
2025-08-16 18:00:00,2.5278045977011496,0.059551,6.637834070733861,0.0,0.63016129,0.0,0.933,0.0
2025-08-16 19:00:00,0.15,0.0,6.487834070733861,0.0,0.63016129,0.0,1.034,0.0
2025-08-16 20:00:00,0.22,0.0,6.267834070733861,0.0,0.63016129,0.0,0.989,0.0
2025-08-16 21:00:00,0.16,0.0,6.107834070733861,0.0,0.47016129,0.0,0.72,0.0
2025-08-16 22:00:00,0.2,0.0,5.907834070733861,0.0,0.47016129,0.0,0.7,0.0
2025-08-16 23:00:00,0.33,0.0,5.577834070733861,0.0,0.47016129,0.0,0.088,0.0
2025-08-17 00:00:00,0.27,0.0,5.307834070733861,0.0,0.42016129,0.0,0.086,0.0
2025-08-17 01:00:00,0.2299999999999999,0.0,5.077834070733862,0.0,0.42016129,0.0,0.088,0.0
2025-08-17 02:00:00,0.2299999999999999,0.0,4.847834070733862,0.0,0.42016129,0.0,0.085,0.0
2025-08-17 03:00:00,0.22,0.0,4.627834070733862,0.0,0.42016129,0.0,0.08,0.0
2025-08-17 04:00:00,0.22,0.0,4.407834070733863,0.0,0.42016129,0.0,0.08,0.0
2025-08-17 05:00:00,0.22,0.0,4.187834070733863,0.0,0.42016129,0.0,0.081,0.0
2025-08-17 06:00:00,0.1699999999999999,0.1443779999999999,4.162212070733863,0.0,0.42016129,0.0,0.079,0.0
2025-08-17 07:00:00,0.26,0.941159,4.843371070733863,0.0,0.42016129,0.0,0.069,0.0
2025-08-17 08:00:00,0.22,2.172712,6.796083070733863,0.0,0.42016129,0.0,0.064,0.0
2025-08-17 09:00:00,0.1,3.140867,9.836950070733865,0.0,0.42016129,0.0,0.063,0.0
2025-08-17 10:00:00,2.44,3.76005,11.157000070733863,0.0,0.42016129,0.0,0.063,0.0
2025-08-17 11:00:00,3.013153846153846,4.101731,12.245577224580018,0.0,0.42016129,0.0,0.062,0.0
2025-08-17 12:00:00,3.003153846153846,4.1607579999999995,13.403181378426172,0.0,0.42016129,0.0,0.061,0.0
2025-08-17 13:00:00,2.953153846153846,3.940771,13.5,0.0,0.42016129,0.9876171538461538,0.062,-0.061232263538461534
2025-08-17 14:00:00,2.53,3.420876,13.5,0.0,0.42016129,0.890876,0.063,-0.056125188
2025-08-17 15:00:00,0.24,2.629732,13.5,0.0,0.47016129,2.3897320000000004,0.066,-0.15772231200000003
2025-08-17 16:00:00,0.2299999999999999,1.4874390000000002,13.5,0.0,0.63016129,1.2574390000000002,0.157,-0.19741792300000002
2025-08-17 17:00:00,1.3478045977011497,0.3580939999999999,12.51028940229885,0.0,0.63016129,0.0,0.825,0.0
2025-08-17 18:00:00,3.55780459770115,0.059384,9.0118688045977,0.0,0.63016129,0.0,0.933,0.0
2025-08-17 19:00:00,0.2299999999999999,0.0,8.7818688045977,0.0,0.63016129,0.0,1.034,0.0
2025-08-17 20:00:00,0.31,0.0,8.4718688045977,0.0,0.63016129,0.0,0.989,0.0
2025-08-17 21:00:00,0.31,0.0,8.161868804597699,0.0,0.47016129,0.0,0.72,0.0
2025-08-17 22:00:00,0.28,0.0,7.881868804597699,0.0,0.47016129,0.0,0.7,0.0
2025-08-17 23:00:00,0.32,0.0,7.561868804597698,0.0,0.47016129,0.0,0.088,0.0
2025-08-18 00:00:00,0.22,0.0,7.341868804597699,0.0,0.42016129,0.0,0.086,0.0
2025-08-18 01:00:00,0.22,0.0,7.121868804597699,0.0,0.42016129,0.0,0.088,0.0
2025-08-18 02:00:00,0.22,0.0,6.901868804597699,0.0,0.42016129,0.0,0.085,0.0
2025-08-18 03:00:00,0.22,0.0,6.681868804597699,0.0,0.42016129,0.0,0.08,0.0
2025-08-18 04:00:00,0.22,0.0,6.4618688045976995,0.0,0.42016129,0.0,0.08,0.0
2025-08-18 05:00:00,0.3399999999999999,0.0,6.1218688045977,0.0,0.42016129,0.0,0.081,0.0
2025-08-18 06:00:00,0.4,0.139467,5.8613358045977,0.0,0.42016129,0.0,0.079,0.0
2025-08-18 07:00:00,0.65,0.93978,6.1511158045976995,0.0,0.42016129,0.0,0.069,0.0
2025-08-18 08:00:00,0.23,1.2006880000000002,7.1218038045976995,0.0,0.42016129,0.0,0.064,0.0
2025-08-18 09:00:00,0.17,3.116564,10.0683678045977,0.0,0.42016129,0.0,0.063,0.0
2025-08-18 10:00:00,0.16,3.757797,13.5,0.0,0.42016129,3.597797,0.063,-0.226661211
2025-08-18 11:00:00,0.5631538461538462,4.112723,13.5,0.0,0.42016129,3.5495691538461536,0.062,-0.22007328753846153
2025-08-18 12:00:00,0.5431538461538462,4.187089,13.5,0.0,0.42016129,3.643935153846154,0.061,-0.22228004438461538
2025-08-18 13:00:00,0.5331538461538462,3.953481,13.5,0.0,0.42016129,3.420327153846154,0.062,-0.21206028353846154
2025-08-18 14:00:00,0.62,3.443647,13.5,0.0,0.42016129,2.823647,0.063,-0.17788976099999998
2025-08-18 15:00:00,0.71,2.654103,13.5,0.0,0.47016129,1.9441030000000001,0.066,-0.128310798
2025-08-18 16:00:00,0.26,1.505383,13.5,0.0,0.63016129,1.245383,0.157,-0.195525131
2025-08-18 17:00:00,1.8378045977011497,0.352051,12.01424640229885,0.0,0.63016129,0.0,0.825,0.0
2025-08-18 18:00:00,3.0678045977011497,0.047508,8.993949804597701,0.0,0.63016129,0.0,0.933,0.0
2025-08-18 19:00:00,0.14,0.0,8.8539498045977,0.0,0.63016129,0.0,1.034,0.0
2025-08-18 20:00:00,0.38,0.0,8.4739498045977,0.0,0.63016129,0.0,0.989,0.0
2025-08-18 21:00:00,0.48,0.0,7.993949804597699,0.0,0.47016129,0.0,0.72,0.0
2025-08-18 22:00:00,0.25,0.0,7.743949804597699,0.0,0.47016129,0.0,0.7,0.0
2025-08-18 23:00:00,0.2299999999999999,0.0,7.5139498045977,0.0,0.47016129,0.0,0.088,0.0
2025-08-19 00:00:00,0.2299999999999999,0.0,7.2839498045977,0.0,0.42016129,0.0,0.086,0.0
2025-08-19 01:00:00,0.22,0.0,7.0639498045977005,0.0,0.42016129,0.0,0.088,0.0
2025-08-19 02:00:00,0.22,0.0,6.843949804597701,0.0,0.42016129,0.0,0.085,0.0
2025-08-19 03:00:00,0.53,0.0,6.3139498045977005,0.0,0.42016129,0.0,0.08,0.0
2025-08-19 04:00:00,0.84,0.0,5.473949804597701,0.0,0.42016129,0.0,0.08,0.0
2025-08-19 05:00:00,1.01,0.0,4.463949804597701,0.0,0.42016129,0.0,0.081,0.0
2025-08-19 06:00:00,0.62,0.151658,3.995607804597701,0.0,0.42016129,0.0,0.079,0.0
2025-08-19 07:00:00,0.6,0.455139,3.850746804597701,0.0,0.42016129,0.0,0.069,0.0
2025-08-19 08:00:00,0.24,2.038398,5.649144804597701,0.0,0.42016129,0.0,0.064,0.0
2025-08-19 09:00:00,0.31,2.896094,8.235238804597701,0.0,0.42016129,0.0,0.063,0.0
2025-08-19 10:00:00,0.22,3.484228,11.4994668045977,0.0,0.42016129,0.0,0.063,0.0
2025-08-19 11:00:00,0.6031538461538463,3.799334,13.5,0.0,0.42016129,3.1961801538461536,0.062,-0.19816316953846153
2025-08-19 12:00:00,0.6031538461538463,3.857841,13.5,0.0,0.42016129,3.2546871538461537,0.061,-0.19853591638461537
2025-08-19 13:00:00,0.6031538461538463,3.668191,13.5,0.0,0.42016129,3.065037153846154,0.062,-0.19003230353846154
2025-08-19 14:00:00,0.22,3.213484,13.5,0.0,0.42016129,2.9934839999999996,0.063,-0.18858949199999997
2025-08-19 15:00:00,0.22,2.4736309999999997,13.5,0.0,0.47016129,2.2536309999999995,0.066,-0.14873964599999998
2025-08-19 16:00:00,0.22,1.407521,13.5,0.0,0.63016129,1.187521,0.157,-0.18644079700000002
2025-08-19 17:00:00,1.6978045977011496,0.328615,12.13081040229885,0.0,0.63016129,0.0,0.825,0.0
2025-08-19 18:00:00,3.1578045977011495,0.037391,9.0103968045977,0.0,0.63016129,0.0,0.933,0.0
2025-08-19 19:00:00,0.27,0.0,8.740396804597701,0.0,0.63016129,0.0,1.034,0.0
2025-08-19 20:00:00,0.28,0.0,8.460396804597702,0.0,0.63016129,0.0,0.989,0.0
2025-08-19 21:00:00,0.34,0.0,8.120396804597702,0.0,0.47016129,0.0,0.72,0.0
2025-08-19 22:00:00,0.25,0.0,7.870396804597702,0.0,0.47016129,0.0,0.7,0.0
2025-08-19 23:00:00,0.22,0.0,7.650396804597702,0.0,0.47016129,0.0,0.088,0.0
2025-08-20 00:00:00,0.22,0.0,7.430396804597702,0.0,0.42016129,0.0,0.086,0.0
2025-08-20 01:00:00,0.22,0.0,7.2103968045977025,0.0,0.42016129,0.0,0.088,0.0
2025-08-20 02:00:00,0.21,0.0,7.0003968045977025,0.0,0.42016129,0.0,0.085,0.0
2025-08-20 03:00:00,0.22,0.0,6.780396804597703,0.0,0.42016129,0.0,0.08,0.0
2025-08-20 04:00:00,0.21,0.0,6.570396804597703,0.0,0.42016129,0.0,0.08,0.0
2025-08-20 05:00:00,0.22,0.0,6.350396804597703,0.0,0.42016129,0.0,0.081,0.0
2025-08-20 06:00:00,0.22,0.126693,6.257089804597703,0.0,0.42016129,0.0,0.079,0.0
2025-08-20 07:00:00,0.5599999999999999,0.908845,6.605934804597703,0.0,0.42016129,0.0,0.069,0.0
2025-08-20 08:00:00,0.18,2.0578000000000003,8.483734804597702,0.0,0.42016129,0.0,0.064,0.0
2025-08-20 09:00:00,0.14,2.945817,11.289551804597702,0.0,0.42016129,0.0,0.063,0.0
2025-08-20 10:00:00,2.42,3.525253,12.3948048045977,0.0,0.42016129,0.0,0.063,0.0
2025-08-20 11:00:00,2.6873653846153847,3.871475,13.5,0.0,0.42016129,1.1841096153846156,0.062,-0.07341479615384616
2025-08-20 12:00:00,2.7673653846153847,3.947817,13.5,0.0,0.42016129,1.1804516153846154,0.061,-0.07200754853846154
2025-08-20 13:00:00,2.7073653846153847,3.769891,13.5,0.0,0.42016129,1.0625256153846152,0.062,-0.06587658815384614
2025-08-20 14:00:00,2.4099999999999997,3.301825,13.5,0.0,0.42016129,0.8918250000000003,0.063,-0.05618497500000002
2025-08-20 15:00:00,0.11,2.549417,13.5,0.0,0.47016129,2.439417,0.066,-0.161001522
2025-08-20 16:00:00,0.11,1.452782,13.5,0.0,0.63016129,1.342782,0.157,-0.21081677399999998
2025-08-20 17:00:00,0.925853448275862,0.329218,12.903364551724138,0.0,0.63016129,0.0,0.825,0.0
2025-08-20 18:00:00,1.1258534482758622,0.032576,11.810087103448277,0.0,0.63016129,0.0,0.933,0.0
2025-08-20 19:00:00,0.23,0.0,11.580087103448276,0.0,0.63016129,0.0,1.034,0.0
2025-08-20 20:00:00,0.15,0.0,11.430087103448274,0.0,0.63016129,0.0,0.989,0.0
2025-08-20 21:00:00,0.13,0.0,11.300087103448272,0.0,0.47016129,0.0,0.72,0.0
2025-08-20 22:00:00,0.19,0.0,11.110087103448274,0.0,0.47016129,0.0,0.7,0.0
2025-08-20 23:00:00,0.22,0.0,10.890087103448272,0.0,0.47016129,0.0,0.088,0.0
2025-08-21 00:00:00,0.21,0.0,10.680087103448273,0.0,0.42016129,0.0,0.086,0.0
2025-08-21 01:00:00,0.21,0.0,10.470087103448272,0.0,0.42016129,0.0,0.088,0.0
2025-08-21 02:00:00,0.21,0.0,10.26008710344827,0.0,0.42016129,0.0,0.085,0.0
2025-08-21 03:00:00,0.2299999999999999,0.0,10.03008710344827,0.0,0.42016129,0.0,0.08,0.0
2025-08-21 04:00:00,0.21,0.0,9.82008710344827,0.0,0.42016129,0.0,0.08,0.0
2025-08-21 05:00:00,0.21,0.0,9.610087103448269,0.0,0.42016129,0.0,0.081,0.0
2025-08-21 06:00:00,1.08,0.124934,8.655021103448268,0.0,0.42016129,0.0,0.079,0.0
2025-08-21 07:00:00,0.95,0.5158550000000001,8.22087610344827,0.0,0.42016129,0.0,0.069,0.0
2025-08-21 08:00:00,0.11,2.103946,10.214822103448268,0.0,0.42016129,0.0,0.064,0.0
2025-08-21 09:00:00,0.09,2.971223,13.096045103448269,0.0,0.42016129,0.0,0.063,0.0
2025-08-21 10:00:00,0.1,3.5422629999999997,13.5,0.0,0.42016129,3.4422629999999996,0.063,-0.21686256899999998
2025-08-21 11:00:00,0.3873653846153847,3.871945,13.5,0.0,0.42016129,3.4845796153846154,0.062,-0.21604393615384615
2025-08-21 12:00:00,0.3873653846153847,3.946509,13.5,0.0,0.42016129,3.559143615384615,0.061,-0.2171077605384615
2025-08-21 13:00:00,0.3973653846153847,3.749965,13.5,0.0,0.42016129,3.3525996153846154,0.062,-0.20786117615384614
2025-08-21 14:00:00,0.1,3.272206,13.5,0.0,0.42016129,3.172206,0.063,-0.199848978
2025-08-21 15:00:00,0.1,2.517009,13.5,0.0,0.47016129,2.4170089999999997,0.066,-0.159522594
2025-08-21 16:00:00,0.11,1.432449,13.5,0.0,0.63016129,1.322449,0.157,-0.207624493
2025-08-21 17:00:00,0.925853448275862,0.343132,12.917278551724138,0.0,0.63016129,0.0,0.825,0.0
2025-08-21 18:00:00,1.1258534482758622,0.027368,11.818793103448275,0.0,0.63016129,0.0,0.933,0.0
2025-08-21 19:00:00,0.24,0.0,11.578793103448277,0.0,0.63016129,0.0,1.034,0.0
2025-08-21 20:00:00,0.16,0.0,11.418793103448277,0.0,0.63016129,0.0,0.989,0.0
2025-08-21 21:00:00,0.13,0.0,11.288793103448274,0.0,0.47016129,0.0,0.72,0.0
2025-08-21 22:00:00,0.19,0.0,11.098793103448276,0.0,0.47016129,0.0,0.7,0.0
2025-08-21 23:00:00,0.22,0.0,10.878793103448274,0.0,0.47016129,0.0,0.088,0.0
2025-08-22 00:00:00,0.22,0.0,10.658793103448271,0.0,0.42016129,0.0,0.086,0.0
2025-08-22 01:00:00,0.22,0.0,10.438793103448273,0.0,0.42016129,0.0,0.088,0.0
2025-08-22 02:00:00,0.22,0.0,10.218793103448272,0.0,0.42016129,0.0,0.085,0.0
2025-08-22 03:00:00,0.18,0.0,10.038793103448272,0.0,0.42016129,0.0,0.08,0.0
2025-08-22 04:00:00,0.11,0.0,9.928793103448273,0.0,0.42016129,0.0,0.08,0.0
2025-08-22 05:00:00,0.11,0.0,9.818793103448272,0.0,0.42016129,0.0,0.081,0.0
2025-08-22 06:00:00,0.1,0.152132,9.870925103448274,0.0,0.42016129,0.0,0.079,0.0
2025-08-22 07:00:00,0.21,0.939533,10.600458103448274,0.0,0.42016129,0.0,0.069,0.0
2025-08-22 08:00:00,0.48,2.073023,12.193481103448274,0.0,0.42016129,0.0,0.064,0.0
2025-08-22 09:00:00,0.48,2.913882,13.5,0.0,0.42016129,2.433882,0.063,-0.153334566
2025-08-22 10:00:00,2.92,3.523005,13.5,0.0,0.42016129,0.603005,0.063,-0.037989315
2025-08-22 11:00:00,2.9973653846153843,3.884708,13.5,0.0,0.42016129,0.8873426153846156,0.062,-0.055015242153846164
2025-08-22 12:00:00,2.6873653846153847,3.976569,13.5,0.0,0.42016129,1.2892036153846154,0.061,-0.07864142053846153
2025-08-22 13:00:00,2.7373653846153845,3.814275,13.5,0.0,0.42016129,1.0769096153846154,0.062,-0.06676839615384615
2025-08-22 14:00:00,2.52,3.320169,13.5,0.0,0.42016129,0.8001689999999999,0.063,-0.050410646999999996
2025-08-22 15:00:00,0.14,2.576133,13.5,0.0,0.47016129,2.436133,0.066,-0.160784778
2025-08-22 16:00:00,0.1,1.472834,13.5,0.0,0.63016129,1.3728339999999999,0.157,-0.21553493799999998
2025-08-22 17:00:00,1.1158534482758622,0.371046,12.755192551724138,0.0,0.63016129,0.0,0.825,0.0
2025-08-22 18:00:00,1.165853448275862,0.028064,11.617403103448275,0.0,0.63016129,0.0,0.933,0.0
2025-08-22 19:00:00,0.14,0.0,11.477403103448276,0.0,0.63016129,0.0,1.034,0.0
2025-08-22 20:00:00,0.12,0.0,11.357403103448275,0.0,0.63016129,0.0,0.989,0.0
2025-08-22 21:00:00,0.53,0.0,10.827403103448276,0.0,0.47016129,0.0,0.72,0.0
2025-08-22 22:00:00,0.61,0.0,10.217403103448277,0.0,0.47016129,0.0,0.7,0.0
2025-08-22 23:00:00,0.18,0.0,10.037403103448275,0.0,0.47016129,0.0,0.088,0.0
2025-08-23 00:00:00,0.11,0.0,9.927403103448276,0.0,0.42016129,0.0,0.086,0.0
2025-08-23 01:00:00,0.1,0.0,9.827403103448278,0.0,0.42016129,0.0,0.088,0.0
2025-08-23 02:00:00,0.2,0.0,9.62740310344828,0.0,0.42016129,0.0,0.085,0.0
2025-08-23 03:00:00,0.48,0.0,9.147403103448278,0.0,0.42016129,0.0,0.08,0.0
2025-08-23 04:00:00,0.53,0.0,8.617403103448279,0.0,0.42016129,0.0,0.08,0.0
2025-08-23 05:00:00,0.54,0.0,8.07740310344828,0.0,0.42016129,0.0,0.081,0.0
2025-08-23 06:00:00,0.49,0.1493189999999999,7.73672210344828,0.0,0.42016129,0.0,0.079,0.0
2025-08-23 07:00:00,0.36,0.503557,7.88027910344828,0.0,0.42016129,0.0,0.069,0.0
2025-08-23 08:00:00,1.41,2.125835,8.59611410344828,0.0,0.42016129,0.0,0.064,0.0
2025-08-23 09:00:00,0.12,3.008473,11.48458710344828,0.0,0.42016129,0.0,0.063,0.0
2025-08-23 10:00:00,2.73,3.5868029999999997,12.341390103448278,0.0,0.42016129,0.0,0.063,0.0
2025-08-23 11:00:00,2.7073653846153847,3.923311,13.5,0.0,0.42016129,1.2159456153846153,0.062,-0.07538862815384614
2025-08-23 12:00:00,3.2973653846153845,3.983472,13.5,0.0,0.42016129,0.6861066153846154,0.061,-0.04185250353846154
2025-08-23 13:00:00,4.907365384615384,3.797501,12.390135615384615,0.0,0.42016129,0.0,0.062,0.0
2025-08-23 14:00:00,2.88,3.316952,12.827087615384617,0.0,0.42016129,0.0,0.063,0.0
2025-08-23 15:00:00,0.25,2.562489,13.5,0.0,0.47016129,2.312489,0.066,-0.152624274
2025-08-23 16:00:00,0.14,0.7555940000000001,13.5,0.0,0.63016129,0.6155940000000001,0.157,-0.09664825800000001
2025-08-23 17:00:00,2.0658534482758624,0.360189,11.79433555172414,0.0,0.63016129,0.0,0.825,0.0
2025-08-23 18:00:00,2.6458534482758624,0.0255339999999999,9.174016103448276,0.0,0.63016129,0.0,0.933,0.0
2025-08-23 19:00:00,0.14,0.0,9.034016103448277,0.0,0.63016129,0.0,1.034,0.0
2025-08-23 20:00:00,0.15,0.0,8.884016103448275,0.0,0.63016129,0.0,0.989,0.0
2025-08-23 21:00:00,0.14,0.0,8.744016103448274,0.0,0.47016129,0.0,0.72,0.0
2025-08-23 22:00:00,0.22,0.0,8.524016103448274,0.0,0.47016129,0.0,0.7,0.0
2025-08-23 23:00:00,0.22,0.0,8.304016103448273,0.0,0.47016129,0.0,0.088,0.0
2025-08-24 00:00:00,0.22,0.0,8.084016103448272,0.0,0.42016129,0.0,0.086,0.0
2025-08-24 01:00:00,0.22,0.0,7.864016103448272,0.0,0.42016129,0.0,0.088,0.0
2025-08-24 02:00:00,0.22,0.0,7.644016103448273,0.0,0.42016129,0.0,0.085,0.0
2025-08-24 03:00:00,0.22,0.0,7.424016103448273,0.0,0.42016129,0.0,0.08,0.0
2025-08-24 04:00:00,0.22,0.0,7.204016103448273,0.0,0.42016129,0.0,0.08,0.0
2025-08-24 05:00:00,0.22,0.0,6.9840161034482735,0.0,0.42016129,0.0,0.081,0.0
2025-08-24 06:00:00,0.23,0.149777,6.903793103448273,0.0,0.42016129,0.0,0.079,0.0
2025-08-24 07:00:00,0.22,0.220872,6.9046651034482736,0.0,0.42016129,0.0,0.069,0.0
2025-08-24 08:00:00,1.28,0.606596,6.231261103448274,0.0,0.42016129,0.0,0.064,0.0
2025-08-24 09:00:00,0.13,3.074741,9.176002103448274,0.0,0.42016129,0.0,0.063,0.0
2025-08-24 10:00:00,2.71,3.642666,10.108668103448274,0.0,0.42016129,0.0,0.063,0.0
2025-08-24 11:00:00,2.6298923076923075,3.989417,11.468192795755966,0.0,0.42016129,0.0,0.062,0.0
2025-08-24 12:00:00,2.6598923076923073,4.034064,12.84236448806366,0.0,0.42016129,0.0,0.061,0.0
2025-08-24 13:00:00,2.6898923076923076,1.895669,12.048141180371353,0.0,0.42016129,0.0,0.062,0.0
2025-08-24 14:00:00,2.5599999999999996,1.442454,10.930595180371352,0.0,0.42016129,0.0,0.063,0.0
2025-08-24 15:00:00,0.14,2.570584,13.361179180371352,0.0,0.47016129,0.0,0.066,0.0
2025-08-24 16:00:00,0.12,0.629432,13.5,0.0,0.63016129,0.509432,0.157,-0.079980824
2025-08-24 17:00:00,0.8026827586206897,0.249317,12.94663424137931,0.0,0.63016129,0.0,0.825,0.0
2025-08-24 18:00:00,0.8026827586206897,0.0196879999999999,12.16363948275862,0.0,0.63016129,0.0,0.933,0.0
2025-08-24 19:00:00,0.21,0.0,11.95363948275862,0.0,0.63016129,0.0,1.034,0.0
2025-08-24 20:00:00,0.27,0.0,11.68363948275862,0.0,0.63016129,0.0,0.989,0.0
2025-08-24 21:00:00,0.5800000000000001,0.0,11.10363948275862,0.0,0.47016129,0.0,0.72,0.0
2025-08-24 22:00:00,0.23,0.0,10.87363948275862,0.0,0.47016129,0.0,0.7,0.0
2025-08-24 23:00:00,0.2299999999999999,0.0,10.64363948275862,0.0,0.47016129,0.0,0.088,0.0
2025-08-25 00:00:00,0.22,0.0,10.42363948275862,0.0,0.42016129,0.0,0.086,0.0
2025-08-25 01:00:00,0.26,0.0,10.16363948275862,0.0,0.42016129,0.0,0.088,0.0
2025-08-25 02:00:00,0.3,0.0,9.863639482758618,0.0,0.42016129,0.0,0.085,0.0
2025-08-25 03:00:00,0.22,0.0,9.643639482758616,0.0,0.42016129,0.0,0.08,0.0
2025-08-25 04:00:00,0.21,0.0,9.433639482758617,0.0,0.42016129,0.0,0.08,0.0
2025-08-25 05:00:00,0.22,0.0,9.213639482758616,0.0,0.42016129,0.0,0.081,0.0
2025-08-25 06:00:00,0.23,0.145553,9.129192482758617,0.0,0.42016129,0.0,0.079,0.0
2025-08-25 07:00:00,1.21,0.17588,8.095072482758615,0.0,0.42016129,0.0,0.069,0.0
2025-08-25 08:00:00,0.5800000000000001,0.434872,7.949944482758616,0.0,0.42016129,0.0,0.064,0.0
2025-08-25 09:00:00,0.12,0.6637799999999999,8.493724482758616,0.0,0.42016129,0.0,0.063,0.0
2025-08-25 10:00:00,0.14,1.500472,9.854196482758615,0.0,0.42016129,0.0,0.063,0.0
2025-08-25 11:00:00,0.3598923076923077,2.680484,12.174788175066308,0.0,0.42016129,0.0,0.062,0.0
2025-08-25 12:00:00,0.4098923076923077,2.4088890000000003,13.5,0.0,0.42016129,1.9989966923076925,0.061,-0.12193879823076924
2025-08-25 13:00:00,0.7598923076923078,3.872374,13.5,0.0,0.42016129,3.1124816923076923,0.062,-0.19297386492307692
2025-08-25 14:00:00,0.5700000000000001,3.384491,13.5,0.0,0.42016129,2.8144910000000003,0.063,-0.17731293300000003
2025-08-25 15:00:00,0.2,2.633858,13.5,0.0,0.47016129,2.433858,0.066,-0.160634628
2025-08-25 16:00:00,0.21,1.498901,13.5,0.0,0.63016129,1.288901,0.157,-0.20235745700000002
2025-08-25 17:00:00,2.50268275862069,0.361042,11.35835924137931,0.0,0.63016129,0.0,0.825,0.0
2025-08-25 18:00:00,1.9726827586206896,0.019042,9.40471848275862,0.0,0.63016129,0.0,0.933,0.0
2025-08-25 19:00:00,0.21,0.0,9.19471848275862,0.0,0.63016129,0.0,1.034,0.0
2025-08-25 20:00:00,0.36,0.0,8.83471848275862,0.0,0.63016129,0.0,0.989,0.0
2025-08-25 21:00:00,0.3399999999999999,0.0,8.49471848275862,0.0,0.47016129,0.0,0.72,0.0
2025-08-25 22:00:00,0.32,0.0,8.17471848275862,0.0,0.47016129,0.0,0.7,0.0
2025-08-25 23:00:00,0.38,0.0,7.794718482758619,0.0,0.47016129,0.0,0.088,0.0
2025-08-26 00:00:00,0.3,0.0,7.4947184827586195,0.0,0.42016129,0.0,0.086,0.0
2025-08-26 01:00:00,0.26,0.0,7.23471848275862,0.0,0.42016129,0.0,0.088,0.0
2025-08-26 02:00:00,0.26,0.0,6.97471848275862,0.0,0.42016129,0.0,0.085,0.0
2025-08-26 03:00:00,0.27,0.0,6.70471848275862,0.0,0.42016129,0.0,0.08,0.0
2025-08-26 04:00:00,0.27,0.0,6.434718482758621,0.0,0.42016129,0.0,0.08,0.0
2025-08-26 05:00:00,0.26,0.0,6.174718482758621,0.0,0.42016129,0.0,0.081,0.0
2025-08-26 06:00:00,0.27,0.141097,6.045815482758621,0.0,0.42016129,0.0,0.079,0.0
2025-08-26 07:00:00,0.24,0.230017,6.035832482758621,0.0,0.42016129,0.0,0.069,0.0
2025-08-26 08:00:00,0.1,0.563509,6.499341482758621,0.0,0.42016129,0.0,0.064,0.0
2025-08-26 09:00:00,0.1,0.6369109999999999,7.036252482758621,0.0,0.42016129,0.0,0.063,0.0
2025-08-26 10:00:00,0.1,0.9824,7.91865248275862,0.0,0.42016129,0.0,0.063,0.0
2025-08-26 11:00:00,0.3398923076923077,1.628611,9.207371175066314,0.0,0.42016129,0.0,0.062,0.0
2025-08-26 12:00:00,0.3298923076923077,2.28751,11.164988867374008,0.0,0.42016129,0.0,0.061,0.0
2025-08-26 13:00:00,0.3298923076923077,2.213639,13.0487355596817,0.0,0.42016129,0.0,0.062,0.0
2025-08-26 14:00:00,0.1,1.97993,13.5,0.0,0.42016129,1.8799299999999999,0.063,-0.11843559
2025-08-26 15:00:00,0.15,2.627186,13.5,0.0,0.47016129,2.477186,0.066,-0.16349427600000002
2025-08-26 16:00:00,0.2,0.7035399999999999,13.5,0.0,0.63016129,0.5035399999999999,0.157,-0.07905577999999998
2025-08-26 17:00:00,2.5526827586206897,0.2587359999999999,11.20605324137931,0.0,0.63016129,0.0,0.825,0.0
2025-08-26 18:00:00,1.5426827586206897,0.016587,9.67995748275862,0.0,0.63016129,0.0,0.933,0.0
2025-08-26 19:00:00,0.16,0.0,9.51995748275862,0.0,0.63016129,0.0,1.034,0.0
2025-08-26 20:00:00,0.23,0.0,9.28995748275862,0.0,0.63016129,0.0,0.989,0.0
2025-08-26 21:00:00,0.26,0.0,9.02995748275862,0.0,0.47016129,0.0,0.72,0.0
2025-08-26 22:00:00,0.22,0.0,8.80995748275862,0.0,0.47016129,0.0,0.7,0.0
2025-08-26 23:00:00,0.2299999999999999,0.0,8.57995748275862,0.0,0.47016129,0.0,0.088,0.0
2025-08-27 00:00:00,0.22,0.0,8.359957482758618,0.0,0.42016129,0.0,0.086,0.0
2025-08-27 01:00:00,0.22,0.0,8.139957482758618,0.0,0.42016129,0.0,0.088,0.0
2025-08-27 02:00:00,0.22,0.0,7.919957482758618,0.0,0.42016129,0.0,0.085,0.0
2025-08-27 03:00:00,0.3,0.0,7.619957482758618,0.0,0.42016129,0.0,0.08,0.0
2025-08-27 04:00:00,0.28,0.0,7.339957482758618,0.0,0.42016129,0.0,0.08,0.0
2025-08-27 05:00:00,0.22,0.0,7.119957482758618,0.0,0.42016129,0.0,0.081,0.0
2025-08-27 06:00:00,0.22,0.167019,7.066976482758618,0.0,0.42016129,0.0,0.079,0.0
2025-08-27 07:00:00,0.15,0.537614,7.454590482758619,0.0,0.42016129,0.0,0.069,0.0
2025-08-27 08:00:00,0.1,0.8227140000000001,8.177304482758618,0.0,0.42016129,0.0,0.064,0.0
2025-08-27 09:00:00,0.1,3.055634,11.132938482758618,0.0,0.42016129,0.0,0.063,0.0
2025-08-27 10:00:00,2.4099999999999997,3.655018,12.377956482758618,0.0,0.42016129,0.0,0.063,0.0
2025-08-27 11:00:00,2.639892307692308,2.352801,12.090865175066307,0.0,0.42016129,0.0,0.062,0.0
2025-08-27 12:00:00,2.6298923076923075,2.58216,12.043132867374002,0.0,0.42016129,0.0,0.061,0.0
2025-08-27 13:00:00,2.639892307692308,3.858018,13.261258559681693,0.0,0.42016129,0.0,0.062,0.0
2025-08-27 14:00:00,2.4099999999999997,3.342457,13.5,0.0,0.42016129,0.9324570000000003,0.063,-0.05874479100000002
2025-08-27 15:00:00,0.11,1.775621,13.5,0.0,0.47016129,1.6656209999999998,0.066,-0.109930986
2025-08-27 16:00:00,0.11,1.480461,13.5,0.0,0.63016129,1.370461,0.157,-0.215162377
2025-08-27 17:00:00,1.2926827586206897,0.359546,12.56686324137931,0.0,0.63016129,0.0,0.825,0.0
2025-08-27 18:00:00,2.17268275862069,0.023277,10.41745748275862,0.0,0.63016129,0.0,0.933,0.0
2025-08-27 19:00:00,0.3299999999999999,0.0,10.08745748275862,0.0,0.63016129,0.0,1.034,0.0
2025-08-27 20:00:00,0.26,0.0,9.82745748275862,0.0,0.63016129,0.0,0.989,0.0
2025-08-27 21:00:00,0.2299999999999999,0.0,9.59745748275862,0.0,0.47016129,0.0,0.72,0.0
2025-08-27 22:00:00,0.25,0.0,9.34745748275862,0.0,0.47016129,0.0,0.7,0.0
2025-08-27 23:00:00,0.2299999999999999,0.0,9.11745748275862,0.0,0.47016129,0.0,0.088,0.0
2025-08-28 00:00:00,0.22,0.0,8.89745748275862,0.0,0.42016129,0.0,0.086,0.0
2025-08-28 01:00:00,0.22,0.0,8.67745748275862,0.0,0.42016129,0.0,0.088,0.0
2025-08-28 02:00:00,0.21,0.0,8.467457482758618,0.0,0.42016129,0.0,0.085,0.0
2025-08-28 03:00:00,0.22,0.0,8.247457482758618,0.0,0.42016129,0.0,0.08,0.0
2025-08-28 04:00:00,0.22,0.0,8.027457482758617,0.0,0.42016129,0.0,0.08,0.0
2025-08-28 05:00:00,0.21,0.0,7.817457482758617,0.0,0.42016129,0.0,0.081,0.0
2025-08-28 06:00:00,0.24,0.148138,7.725595482758617,0.0,0.42016129,0.0,0.079,0.0
2025-08-28 07:00:00,0.33,0.988663,8.384258482758618,0.0,0.42016129,0.0,0.069,0.0
2025-08-28 08:00:00,0.15,2.095415,10.32967348275862,0.0,0.42016129,0.0,0.064,0.0
2025-08-28 09:00:00,0.35,2.907422,12.887095482758616,0.0,0.42016129,0.0,0.063,0.0
2025-08-28 10:00:00,0.5700000000000001,3.469155,13.5,0.0,0.42016129,2.8991550000000004,0.063,-0.18264676500000002
2025-08-28 11:00:00,0.8998923076923078,3.808867,13.5,0.0,0.42016129,2.908974692307692,0.062,-0.18035643092307688
2025-08-28 12:00:00,0.6498923076923078,3.889471,13.5,0.0,0.42016129,3.239578692307692,0.061,-0.1976143002307692
2025-08-28 13:00:00,0.5698923076923077,3.680327,13.5,0.0,0.42016129,3.1104346923076927,0.062,-0.19284695092307694
2025-08-28 14:00:00,0.11,3.236908,13.5,0.0,0.42016129,3.1269080000000002,0.063,-0.196995204
2025-08-28 15:00:00,0.11,2.478032,13.5,0.0,0.47016129,2.368032,0.066,-0.156290112
2025-08-28 16:00:00,0.11,1.401555,13.5,0.0,0.63016129,1.291555,0.157,-0.202774135
2025-08-28 17:00:00,0.7826827586206897,0.360604,13.077921241379311,0.0,0.63016129,0.0,0.825,0.0
2025-08-28 18:00:00,1.3026827586206895,0.007206,11.782444482758622,0.0,0.63016129,0.0,0.933,0.0
2025-08-28 19:00:00,0.32,0.0,11.462444482758622,0.0,0.63016129,0.0,1.034,0.0
2025-08-28 20:00:00,0.2,0.0,11.262444482758625,0.0,0.63016129,0.0,0.989,0.0
2025-08-28 21:00:00,0.42,0.0,10.842444482758625,0.0,0.47016129,0.0,0.72,0.0
2025-08-28 22:00:00,0.29,0.0,10.552444482758624,0.0,0.47016129,0.0,0.7,0.0
2025-08-28 23:00:00,0.68,0.0,9.872444482758624,0.0,0.47016129,0.0,0.088,0.0
2025-08-29 00:00:00,0.11,0.0,9.762444482758625,0.0,0.42016129,0.0,0.086,0.0
2025-08-29 01:00:00,0.1,0.0,9.662444482758625,0.0,0.42016129,0.0,0.088,0.0
2025-08-29 02:00:00,0.1,0.0,9.562444482758623,0.0,0.42016129,0.0,0.085,0.0
2025-08-29 03:00:00,0.11,0.0,9.452444482758626,0.0,0.42016129,0.0,0.08,0.0
2025-08-29 04:00:00,0.1,0.0,9.352444482758626,0.0,0.42016129,0.0,0.08,0.0
2025-08-29 05:00:00,0.09,0.0,9.262444482758626,0.0,0.42016129,0.0,0.081,0.0
2025-08-29 06:00:00,0.1,0.159734,9.322178482758629,0.0,0.42016129,0.0,0.079,0.0
2025-08-29 07:00:00,0.14,1.001779,10.183957482758627,0.0,0.42016129,0.0,0.069,0.0
2025-08-29 08:00:00,0.18,2.110947,12.114904482758629,0.0,0.42016129,0.0,0.064,0.0
2025-08-29 09:00:00,0.16,2.9624200000000003,13.5,0.0,0.42016129,2.80242,0.063,-0.17655246000000002
2025-08-29 10:00:00,2.55,3.51544,13.5,0.0,0.42016129,0.9654400000000001,0.063,-0.060822720000000004
2025-08-29 11:00:00,2.8173653846153845,3.848262,13.5,0.0,0.42016129,1.0308966153846155,0.062,-0.06391559015384617
2025-08-29 12:00:00,2.7473653846153843,3.927957,13.5,0.0,0.42016129,1.1805916153846159,0.061,-0.07201608853846157
2025-08-29 13:00:00,2.7573653846153845,3.734407,13.5,0.0,0.42016129,0.9770416153846155,0.062,-0.06057658015384616
2025-08-29 14:00:00,2.47,3.252189,13.5,0.0,0.42016129,0.7821889999999998,0.063,-0.04927790699999999
2025-08-29 15:00:00,0.19,2.512067,13.5,0.0,0.47016129,2.322067,0.066,-0.153256422
2025-08-29 16:00:00,0.16,1.430478,13.5,0.0,0.63016129,1.270478,0.157,-0.199465046
2025-08-29 17:00:00,2.075853448275862,0.344572,11.768718551724138,0.0,0.63016129,0.0,0.825,0.0
2025-08-29 18:00:00,2.625853448275862,0.002869,9.145734103448277,0.0,0.63016129,0.0,0.933,0.0
2025-08-29 19:00:00,0.37,0.0,8.775734103448277,0.0,0.63016129,0.0,1.034,0.0
2025-08-29 20:00:00,0.27,0.0,8.505734103448278,0.0,0.63016129,0.0,0.989,0.0
2025-08-29 21:00:00,0.55,0.0,7.955734103448278,0.0,0.47016129,0.0,0.72,0.0
2025-08-29 22:00:00,0.1,0.0,7.855734103448278,0.0,0.47016129,0.0,0.7,0.0
2025-08-29 23:00:00,0.1,0.0,7.755734103448279,0.0,0.47016129,0.0,0.088,0.0
2025-08-30 00:00:00,0.1,0.0,7.655734103448279,0.0,0.42016129,0.0,0.086,0.0
2025-08-30 01:00:00,0.1,0.0,7.55573410344828,0.0,0.42016129,0.0,0.088,0.0
2025-08-30 02:00:00,0.1,0.0,7.45573410344828,0.0,0.42016129,0.0,0.085,0.0
2025-08-30 03:00:00,0.1,0.0,7.35573410344828,0.0,0.42016129,0.0,0.08,0.0
2025-08-30 04:00:00,0.1,0.0,7.25573410344828,0.0,0.42016129,0.0,0.08,0.0
2025-08-30 05:00:00,0.11,0.0,7.14573410344828,0.0,0.42016129,0.0,0.081,0.0
2025-08-30 06:00:00,0.21,0.1427729999999999,7.07850710344828,0.0,0.42016129,0.0,0.079,0.0
2025-08-30 07:00:00,0.1,1.013093,7.99160010344828,0.0,0.42016129,0.0,0.069,0.0
2025-08-30 08:00:00,0.1,2.123154,10.01475410344828,0.0,0.42016129,0.0,0.064,0.0
2025-08-30 09:00:00,0.1,2.9251210000000003,12.83987510344828,0.0,0.42016129,0.0,0.063,0.0
2025-08-30 10:00:00,2.4099999999999997,3.490079,13.5,0.0,0.42016129,1.0800790000000005,0.063,-0.06804497700000003
2025-08-30 11:00:00,2.6873653846153847,3.820685,13.5,0.0,0.42016129,1.1333196153846155,0.062,-0.07026581615384615
2025-08-30 12:00:00,2.6973653846153844,3.90649,13.5,0.0,0.42016129,1.2091246153846154,0.061,-0.07375660153846153
2025-08-30 13:00:00,2.6873653846153847,3.713476,13.5,0.0,0.42016129,1.0261106153846153,0.062,-0.06361885815384614
2025-08-30 14:00:00,2.4099999999999997,3.222044,13.5,0.0,0.42016129,0.8120440000000002,0.063,-0.05115877200000001
2025-08-30 15:00:00,0.11,2.492879,13.5,0.0,0.47016129,2.382879,0.066,-0.157270014
2025-08-30 16:00:00,0.11,1.4262560000000002,13.5,0.0,0.63016129,1.316256,0.157,-0.206652192
2025-08-30 17:00:00,0.915853448275862,0.342352,12.926498551724135,0.0,0.63016129,0.0,0.825,0.0
2025-08-30 18:00:00,0.915853448275862,0.0007149999999999,12.011360103448276,0.0,0.63016129,0.0,0.933,0.0
2025-08-30 19:00:00,0.11,0.0,11.901360103448276,0.0,0.63016129,0.0,1.034,0.0
2025-08-30 20:00:00,0.11,0.0,11.791360103448277,0.0,0.63016129,0.0,0.989,0.0
2025-08-30 21:00:00,0.11,0.0,11.681360103448275,0.0,0.47016129,0.0,0.72,0.0
2025-08-30 22:00:00,0.1,0.0,11.581360103448278,0.0,0.47016129,0.0,0.7,0.0
2025-08-30 23:00:00,0.1,0.0,11.481360103448278,0.0,0.47016129,0.0,0.088,0.0
2025-08-31 00:00:00,0.11,0.0,11.37136010344828,0.0,0.42016129,0.0,0.086,0.0
2025-08-31 01:00:00,0.1,0.0,11.27136010344828,0.0,0.42016129,0.0,0.088,0.0
2025-08-31 02:00:00,0.11,0.0,11.16136010344828,0.0,0.42016129,0.0,0.085,0.0
2025-08-31 03:00:00,0.1,0.0,11.06136010344828,0.0,0.42016129,0.0,0.08,0.0
2025-08-31 04:00:00,0.11,0.0,10.95136010344828,0.0,0.42016129,0.0,0.08,0.0
2025-08-31 05:00:00,0.1,0.0,10.85136010344828,0.0,0.42016129,0.0,0.081,0.0
2025-08-31 06:00:00,0.1,0.0,10.75136010344828,0.0,0.42016129,0.0,0.079,0.0
2025-08-31 07:00:00,0.1,0.406751,11.05811110344828,0.0,0.42016129,0.0,0.069,0.0
2025-08-31 08:00:00,0.09,0.217577,11.185688103448282,0.0,0.42016129,0.0,0.064,0.0
2025-08-31 09:00:00,0.1,1.166673,12.252361103448282,0.0,0.42016129,0.0,0.063,0.0
2025-08-31 10:00:00,2.4099999999999997,1.653557,11.495918103448282,0.0,0.42016129,0.0,0.063,0.0
2025-08-31 11:00:00,2.6873653846153847,2.834178,11.642730718832896,0.0,0.42016129,0.0,0.062,0.0
2025-08-31 12:00:00,2.6873653846153847,4.056481,13.011846334217513,0.0,0.42016129,0.0,0.061,0.0
2025-08-31 13:00:00,2.6873653846153847,3.839068,13.5,0.0,0.42016129,1.1517026153846155,0.062,-0.07140556215384616
2025-08-31 14:00:00,2.4,3.33752,13.5,0.0,0.42016129,0.9375200000000001,0.063,-0.05906376000000001
2025-08-31 15:00:00,0.51,2.58723,13.5,0.0,0.47016129,2.07723,0.066,-0.13709718
2025-08-31 16:00:00,0.11,1.453166,13.5,0.0,0.63016129,1.3431659999999999,0.157,-0.21087706199999998
2025-08-31 17:00:00,0.915853448275862,0.369572,12.95371855172414,0.0,0.63016129,0.0,0.825,0.0
2025-08-31 18:00:00,0.915853448275862,0.0,12.037865103448276,0.0,0.63016129,0.0,0.933,0.0
2025-08-31 19:00:00,0.11,0.0,11.927865103448276,0.0,0.63016129,0.0,1.034,0.0
2025-08-31 20:00:00,0.11,0.0,11.817865103448275,0.0,0.63016129,0.0,0.989,0.0
2025-08-31 21:00:00,0.11,0.0,11.707865103448276,0.0,0.47016129,0.0,0.72,0.0
2025-08-31 22:00:00,0.1,0.0,11.607865103448278,0.0,0.47016129,0.0,0.7,0.0
2025-08-31 23:00:00,0.1,0.0,11.507865103448278,0.0,0.47016129,0.0,0.088,0.0
2025-08-31 23:59:59,0.1,0.0,11.507865103448278,0.1,150.0,0.0,0.0,15.0
2025-09-01 00:00:00,0.1,0.0,11.40786510344828,0.0,0.420833333,0.0,0.092,0.0
2025-09-01 01:00:00,0.1,0.0,11.30786510344828,0.0,0.420833333,0.0,0.089,0.0
2025-09-01 02:00:00,0.11,0.0,11.19786510344828,0.0,0.420833333,0.0,0.086,0.0
2025-09-01 03:00:00,0.1,0.0,11.09786510344828,0.0,0.420833333,0.0,0.084,0.0
2025-09-01 04:00:00,0.11,0.0,10.98786510344828,0.0,0.420833333,0.0,0.083,0.0
2025-09-01 05:00:00,0.1,0.0,10.88786510344828,0.0,0.420833333,0.0,0.085,0.0
2025-09-01 06:00:00,0.1,0.158649,10.946514103448282,0.0,0.420833333,0.0,0.084,0.0
2025-09-01 07:00:00,0.1,1.0989760000000002,11.945490103448282,0.0,0.420833333,0.0,0.071,0.0
2025-09-01 08:00:00,0.09,2.2452020000000004,13.5,0.0,0.420833333,2.1552020000000005,0.063,-0.13577772600000004
2025-09-01 09:00:00,0.1,3.0693490000000003,13.5,0.0,0.420833333,2.9693490000000002,0.061,-0.181130289
2025-09-01 10:00:00,0.09,3.676842,13.5,0.0,0.420833333,3.5868420000000003,0.06,-0.21521052000000002
2025-09-01 11:00:00,0.3873653846153847,4.04932,13.5,0.0,0.420833333,3.661954615384615,0.06,-0.21971727692307688
2025-09-01 12:00:00,0.3973653846153847,4.127197,13.5,0.0,0.420833333,3.729831615384615,0.059,-0.2200600653076923
2025-09-01 13:00:00,0.3873653846153847,3.903001,13.5,0.0,0.420833333,3.5156356153846153,0.059,-0.2074225013076923
2025-09-01 14:00:00,0.11,3.389215,13.5,0.0,0.420833333,3.279215,0.059,-0.193473685
2025-09-01 15:00:00,0.11,2.624619,13.5,0.0,0.470833333,2.514619,0.062,-0.155906378
2025-09-01 16:00:00,0.13,1.492783,13.5,0.0,0.630833333,1.3627829999999999,0.073,-0.09948315899999999
2025-09-01 17:00:00,0.915853448275862,0.361145,12.945291551724138,0.0,0.630833333,0.0,0.125,0.0
2025-09-01 18:00:00,1.1058534482758622,0.0,11.839438103448275,0.0,0.630833333,0.0,0.368,0.0
2025-09-01 19:00:00,0.26,0.0,11.579438103448275,0.0,0.630833333,0.0,0.497,0.0
2025-09-01 20:00:00,0.22,0.0,11.359438103448277,0.0,0.630833333,0.0,0.292,0.0
2025-09-01 21:00:00,0.65,0.0,10.709438103448274,0.0,0.470833333,0.0,0.143,0.0
2025-09-01 22:00:00,0.36,0.0,10.349438103448277,0.0,0.470833333,0.0,0.136,0.0
2025-09-01 23:00:00,0.11,0.0,10.239438103448276,0.0,0.470833333,0.0,0.093,0.0
2025-09-02 00:00:00,0.1,0.0,10.139438103448276,0.0,0.420833333,0.0,0.092,0.0
2025-09-02 01:00:00,0.11,0.0,10.029438103448276,0.0,0.420833333,0.0,0.089,0.0
2025-09-02 02:00:00,0.1,0.0,9.929438103448277,0.0,0.420833333,0.0,0.086,0.0
2025-09-02 03:00:00,0.1,0.0,9.829438103448275,0.0,0.420833333,0.0,0.084,0.0
2025-09-02 04:00:00,0.1,0.0,9.729438103448278,0.0,0.420833333,0.0,0.083,0.0
2025-09-02 05:00:00,0.1,0.0,9.629438103448278,0.0,0.420833333,0.0,0.085,0.0
2025-09-02 06:00:00,0.1,0.152657,9.682095103448278,0.0,0.420833333,0.0,0.084,0.0
2025-09-02 07:00:00,0.13,1.128919,10.68101410344828,0.0,0.420833333,0.0,0.071,0.0
2025-09-02 08:00:00,0.11,2.304709,12.875723103448278,0.0,0.420833333,0.0,0.063,0.0
2025-09-02 09:00:00,0.09,3.149824,13.5,0.0,0.420833333,3.0598240000000003,0.061,-0.186649264
2025-09-02 10:00:00,0.1,3.754812,13.5,0.0,0.420833333,3.6548119999999997,0.06,-0.21928871999999996
2025-09-02 11:00:00,0.3298923076923077,4.115545,13.5,0.0,0.420833333,3.7856526923076923,0.06,-0.22713916153846153
2025-09-02 12:00:00,0.3398923076923077,4.190736,13.5,0.0,0.420833333,3.8508436923076923,0.059,-0.22719977784615383
2025-09-02 13:00:00,0.3298923076923077,3.978221,13.5,0.0,0.420833333,3.6483286923076923,0.059,-0.21525139284615383
2025-09-02 14:00:00,0.1,3.44265,13.5,0.0,0.420833333,3.34265,0.059,-0.19721634999999998
2025-09-02 15:00:00,0.11,2.643878,13.5,0.0,0.470833333,2.533878,0.062,-0.157100436
2025-09-02 16:00:00,0.11,1.512885,13.5,0.0,0.630833333,1.402885,0.073,-0.10241060499999999
2025-09-02 17:00:00,0.7526827586206897,0.352143,13.09946024137931,0.0,0.630833333,0.0,0.125,0.0
2025-09-02 18:00:00,1.6826827586206896,0.0,11.41677748275862,0.0,0.630833333,0.0,0.368,0.0
2025-09-02 19:00:00,0.28,0.0,11.13677748275862,0.0,0.630833333,0.0,0.497,0.0
2025-09-02 20:00:00,0.41,0.0,10.72677748275862,0.0,0.630833333,0.0,0.292,0.0
2025-09-02 21:00:00,0.3,0.0,10.42677748275862,0.0,0.470833333,0.0,0.143,0.0
2025-09-02 22:00:00,0.2,0.0,10.22677748275862,0.0,0.470833333,0.0,0.136,0.0
2025-09-02 23:00:00,0.22,0.0,10.00677748275862,0.0,0.470833333,0.0,0.093,0.0
2025-09-03 00:00:00,0.22,0.0,9.78677748275862,0.0,0.420833333,0.0,0.092,0.0
2025-09-03 01:00:00,0.21,0.0,9.57677748275862,0.0,0.420833333,0.0,0.089,0.0
2025-09-03 02:00:00,0.22,0.0,9.356777482758618,0.0,0.420833333,0.0,0.086,0.0
2025-09-03 03:00:00,0.21,0.0,9.146777482758615,0.0,0.420833333,0.0,0.084,0.0
2025-09-03 04:00:00,0.22,0.0,8.926777482758617,0.0,0.420833333,0.0,0.083,0.0
2025-09-03 05:00:00,0.22,0.0,8.706777482758616,0.0,0.420833333,0.0,0.085,0.0
2025-09-03 06:00:00,0.15,0.154921,8.711698482758615,0.0,0.420833333,0.0,0.084,0.0
2025-09-03 07:00:00,0.22,0.422196,8.913894482758616,0.0,0.420833333,0.0,0.071,0.0
2025-09-03 08:00:00,0.12,0.674226,9.468120482758616,0.0,0.420833333,0.0,0.063,0.0
2025-09-03 09:00:00,0.18,1.150851,10.438971482758616,0.0,0.420833333,0.0,0.061,0.0
2025-09-03 10:00:00,2.5,1.263712,9.202683482758616,0.0,0.420833333,0.0,0.06,0.0
2025-09-03 11:00:00,2.679892307692308,2.043548,8.566339175066307,0.0,0.420833333,0.0,0.06,0.0
2025-09-03 12:00:00,2.779892307692307,1.845582,7.632028867374,0.0,0.420833333,0.0,0.059,0.0
2025-09-03 13:00:00,2.7998923076923075,1.848698,6.680834559681693,0.0,0.420833333,0.0,0.059,0.0
2025-09-03 14:00:00,2.46,1.464154,5.684988559681693,0.0,0.420833333,0.0,0.059,0.0
2025-09-03 15:00:00,0.17,1.106661,6.621649559681693,0.0,0.470833333,0.0,0.062,0.0
2025-09-03 16:00:00,0.15,0.433267,6.904916559681693,0.0,0.630833333,0.0,0.073,0.0
2025-09-03 17:00:00,2.50268275862069,0.219046,4.621279801061004,0.0,0.630833333,0.0,0.125,0.0
2025-09-03 18:00:00,1.7226827586206896,0.0,2.898597042440314,0.0,0.630833333,0.0,0.368,0.0
2025-09-03 19:00:00,0.17,0.0,2.728597042440314,0.0,0.630833333,0.0,0.497,0.0
2025-09-03 20:00:00,0.25,0.0,2.478597042440314,0.0,0.630833333,0.0,0.292,0.0
2025-09-03 21:00:00,0.27,0.0,2.208597042440314,0.0,0.470833333,0.0,0.143,0.0
2025-09-03 22:00:00,1.33,0.0,0.878597042440314,0.0,0.470833333,0.0,0.136,0.0
2025-09-03 23:00:00,0.32,0.0,0.5585970424403139,0.0,0.470833333,0.0,0.093,0.0
2025-09-04 00:00:00,0.23,0.0,0.3285970424403139,0.0,0.420833333,0.0,0.092,0.0
2025-09-04 01:00:00,0.14,0.0,0.1885970424403139,0.0,0.420833333,0.0,0.089,0.0
2025-09-04 02:00:00,0.22,0.0,0.0,0.03140295755968611,0.420833333,0.0,0.086,0.013215411295900252
2025-09-04 03:00:00,0.22,0.0,0.0,0.22,0.420833333,0.0,0.084,0.09258333326
2025-09-04 04:00:00,0.22,0.0,0.0,0.22,0.420833333,0.0,0.083,0.09258333326
2025-09-04 05:00:00,0.22,0.0,0.0,0.22,0.420833333,0.0,0.085,0.09258333326
2025-09-04 06:00:00,0.22,0.159718,0.0,0.060282,0.420833333,0.0,0.084,0.025368674979906
2025-09-04 07:00:00,0.25,1.162008,0.912008,0.0,0.420833333,0.0,0.071,0.0
2025-09-04 08:00:00,0.12,2.391346,3.1833539999999996,0.0,0.420833333,0.0,0.063,0.0
2025-09-04 09:00:00,0.1,3.2815030000000003,6.364857,0.0,0.420833333,0.0,0.061,0.0
2025-09-04 10:00:00,0.09,3.914393,10.18925,0.0,0.420833333,0.0,0.06,0.0
2025-09-04 11:00:00,0.3398923076923077,4.255605999999999,13.5,0.0,0.420833333,3.9157136923076914,0.06,-0.23494282153846147
2025-09-04 12:00:00,0.3298923076923077,4.324397,13.5,0.0,0.420833333,3.9945046923076926,0.059,-0.23567577684615384
2025-09-04 13:00:00,0.3298923076923077,4.086101,13.5,0.0,0.420833333,3.7562086923076925,0.059,-0.22161631284615385
2025-09-04 14:00:00,0.09,3.557596,13.5,0.0,0.420833333,3.4675960000000003,0.059,-0.20458816400000002
2025-09-04 15:00:00,0.1,2.731906,13.5,0.0,0.470833333,2.631906,0.062,-0.16317817199999998
2025-09-04 16:00:00,0.1,1.553702,13.5,0.0,0.630833333,1.4537019999999998,0.073,-0.10612024599999999
2025-09-04 17:00:00,0.8526827586206898,0.354481,13.00179824137931,0.0,0.630833333,0.0,0.125,0.0
2025-09-04 18:00:00,0.8926827586206897,0.0,12.10911548275862,0.0,0.630833333,0.0,0.368,0.0
2025-09-04 19:00:00,0.27,0.0,11.83911548275862,0.0,0.630833333,0.0,0.497,0.0
2025-09-04 20:00:00,1.2999999999999998,0.0,10.53911548275862,0.0,0.630833333,0.0,0.292,0.0
2025-09-04 21:00:00,0.98,0.0,9.55911548275862,0.0,0.470833333,0.0,0.143,0.0
2025-09-04 22:00:00,0.14,0.0,9.41911548275862,0.0,0.470833333,0.0,0.136,0.0
2025-09-04 23:00:00,0.1,0.0,9.31911548275862,0.0,0.470833333,0.0,0.093,0.0
2025-09-05 00:00:00,0.11,0.0,9.20911548275862,0.0,0.420833333,0.0,0.092,0.0
2025-09-05 01:00:00,0.1,0.0,9.109115482758622,0.0,0.420833333,0.0,0.089,0.0
2025-09-05 02:00:00,0.11,0.0,8.999115482758622,0.0,0.420833333,0.0,0.086,0.0
2025-09-05 03:00:00,0.1,0.0,8.899115482758623,0.0,0.420833333,0.0,0.084,0.0
2025-09-05 04:00:00,0.09,0.0,8.809115482758623,0.0,0.420833333,0.0,0.083,0.0
2025-09-05 05:00:00,0.11,0.0,8.699115482758623,0.0,0.420833333,0.0,0.085,0.0
2025-09-05 06:00:00,0.11,0.15252,8.741635482758623,0.0,0.420833333,0.0,0.084,0.0
2025-09-05 07:00:00,0.15,1.195087,9.786722482758623,0.0,0.420833333,0.0,0.071,0.0
2025-09-05 08:00:00,0.31,2.434523,11.911245482758623,0.0,0.420833333,0.0,0.063,0.0
2025-09-05 09:00:00,0.16,3.341478,13.5,0.0,0.420833333,3.181478,0.061,-0.194070158
2025-09-05 10:00:00,2.47,3.96746,13.5,0.0,0.420833333,1.4974599999999998,0.06,-0.08984759999999999
2025-09-05 11:00:00,2.8698923076923073,4.308974,13.5,0.0,0.420833333,1.4390816923076928,0.06,-0.08634490153846157
2025-09-05 12:00:00,2.8598923076923075,4.369408,13.5,0.0,0.420833333,1.5095156923076924,0.059,-0.08906142584615385
2025-09-05 13:00:00,2.969892307692308,4.1183559999999995,13.5,0.0,0.420833333,1.1484636923076916,0.059,-0.0677593578461538
2025-09-05 14:00:00,2.97,3.5809810000000004,13.5,0.0,0.420833333,0.6109810000000002,0.059,-0.03604787900000001
2025-09-05 15:00:00,0.18,2.751455,13.5,0.0,0.470833333,2.571455,0.062,-0.15943021
2025-09-05 16:00:00,0.23,1.570501,13.5,0.0,0.630833333,1.340501,0.073,-0.09785657299999999
2025-09-05 17:00:00,0.8626827586206897,0.3519,12.989217241379311,0.0,0.630833333,0.0,0.125,0.0
2025-09-05 18:00:00,2.2826827586206897,0.0,10.706534482758622,0.0,0.630833333,0.0,0.368,0.0
2025-09-05 19:00:00,0.21,0.0,10.49653448275862,0.0,0.630833333,0.0,0.497,0.0
2025-09-05 20:00:00,0.26,0.0,10.23653448275862,0.0,0.630833333,0.0,0.292,0.0
2025-09-05 21:00:00,0.32,0.0,9.91653448275862,0.0,0.470833333,0.0,0.143,0.0
2025-09-05 22:00:00,0.16,0.0,9.75653448275862,0.0,0.470833333,0.0,0.136,0.0
2025-09-05 23:00:00,0.1,0.0,9.65653448275862,0.0,0.470833333,0.0,0.093,0.0
2025-09-06 00:00:00,0.1,0.0,9.556534482758622,0.0,0.420833333,0.0,0.092,0.0
2025-09-06 01:00:00,0.1,0.0,9.456534482758622,0.0,0.420833333,0.0,0.089,0.0
2025-09-06 02:00:00,0.11,0.0,9.346534482758624,0.0,0.420833333,0.0,0.086,0.0
2025-09-06 03:00:00,0.1,0.0,9.246534482758625,0.0,0.420833333,0.0,0.084,0.0
2025-09-06 04:00:00,0.2,0.0,9.046534482758624,0.0,0.420833333,0.0,0.083,0.0
2025-09-06 05:00:00,0.14,0.0,8.906534482758623,0.0,0.420833333,0.0,0.085,0.0
2025-09-06 06:00:00,0.1,0.040476,8.847010482758623,0.0,0.420833333,0.0,0.084,0.0
2025-09-06 07:00:00,0.12,0.535559,9.262569482758623,0.0,0.420833333,0.0,0.071,0.0
2025-09-06 08:00:00,0.1,2.459182,11.621751482758622,0.0,0.420833333,0.0,0.063,0.0
2025-09-06 09:00:00,0.27,3.359277,13.5,0.0,0.420833333,3.089277,0.061,-0.188445897
2025-09-06 10:00:00,2.4499999999999997,3.986055,13.5,0.0,0.420833333,1.5360550000000002,0.06,-0.0921633
2025-09-06 11:00:00,2.6498923076923075,1.71179,12.561897692307692,0.0,0.420833333,0.0,0.06,0.0
2025-09-06 12:00:00,2.6598923076923073,1.477221,11.379226384615384,0.0,0.420833333,0.0,0.059,0.0
2025-09-06 13:00:00,2.9498923076923074,1.191829,9.621163076923075,0.0,0.420833333,0.0,0.059,0.0
2025-09-06 14:00:00,2.53,1.25236,8.343523076923077,0.0,0.420833333,0.0,0.059,0.0
2025-09-06 15:00:00,0.21,0.777616,8.911139076923076,0.0,0.470833333,0.0,0.062,0.0
2025-09-06 16:00:00,0.21,0.245175,8.946314076923077,0.0,0.630833333,0.0,0.073,0.0
2025-09-06 17:00:00,0.8026827586206897,0.014757,8.158388318302388,0.0,0.630833333,0.0,0.125,0.0
2025-09-06 18:00:00,0.7726827586206897,0.0,7.385705559681698,0.0,0.630833333,0.0,0.368,0.0
2025-09-06 19:00:00,0.11,0.0,7.275705559681698,0.0,0.630833333,0.0,0.497,0.0
2025-09-06 20:00:00,0.24,0.0,7.0357055596816975,0.0,0.630833333,0.0,0.292,0.0
2025-09-06 21:00:00,0.5,0.0,6.5357055596816975,0.0,0.470833333,0.0,0.143,0.0
2025-09-06 22:00:00,0.25,0.0,6.2857055596816975,0.0,0.470833333,0.0,0.136,0.0
2025-09-06 23:00:00,0.2299999999999999,0.0,6.055705559681698,0.0,0.470833333,0.0,0.093,0.0
2025-09-07 00:00:00,0.2299999999999999,0.0,5.8257055596816985,0.0,0.420833333,0.0,0.092,0.0
2025-09-07 01:00:00,0.22,0.0,5.605705559681699,0.0,0.420833333,0.0,0.089,0.0
2025-09-07 02:00:00,0.22,0.0,5.385705559681699,0.0,0.420833333,0.0,0.086,0.0
2025-09-07 03:00:00,0.32,0.0,5.065705559681699,0.0,0.420833333,0.0,0.084,0.0
2025-09-07 04:00:00,0.2,0.0,4.8657055596816985,0.0,0.420833333,0.0,0.083,0.0
2025-09-07 05:00:00,0.11,0.0,4.755705559681698,0.0,0.420833333,0.0,0.085,0.0
2025-09-07 06:00:00,0.11,0.0,4.645705559681698,0.0,0.420833333,0.0,0.084,0.0
2025-09-07 07:00:00,0.7799999999999999,0.206,4.071705559681698,0.0,0.420833333,0.0,0.071,0.0
2025-09-07 08:00:00,2.97,0.365055,1.4667605596816975,0.0,0.420833333,0.0,0.063,0.0
2025-09-07 09:00:00,1.22,1.325224,1.5719845596816977,0.0,0.420833333,0.0,0.061,0.0
2025-09-07 10:00:00,2.5599999999999996,4.030111,3.042095559681698,0.0,0.420833333,0.0,0.06,0.0
2025-09-07 11:00:00,2.8301826923076923,2.6494180000000003,2.861330867374006,0.0,0.420833333,0.0,0.06,0.0
2025-09-07 12:00:00,2.880182692307692,3.1103989999999997,3.0915471750663137,0.0,0.420833333,0.0,0.059,0.0
2025-09-07 13:00:00,2.950182692307692,4.166821,4.3081854827586215,0.0,0.420833333,0.0,0.059,0.0
2025-09-07 14:00:00,2.67,3.610822,5.249007482758621,0.0,0.420833333,0.0,0.059,0.0
2025-09-07 15:00:00,0.49,2.7791509999999997,7.538158482758621,0.0,0.470833333,0.0,0.062,0.0
2025-09-07 16:00:00,0.35,1.570884,8.75904248275862,0.0,0.630833333,0.0,0.073,0.0
2025-09-07 17:00:00,1.1738520114942528,0.355353,7.940543471264367,0.0,0.630833333,0.0,0.125,0.0
2025-09-07 18:00:00,2.1438520114942525,0.0,5.7966914597701145,0.0,0.630833333,0.0,0.368,0.0
2025-09-07 19:00:00,0.26,0.0,5.536691459770115,0.0,0.630833333,0.0,0.497,0.0
2025-09-07 20:00:00,0.26,0.0,5.276691459770115,0.0,0.630833333,0.0,0.292,0.0
2025-09-07 21:00:00,0.3,0.0,4.976691459770115,0.0,0.470833333,0.0,0.143,0.0
2025-09-07 22:00:00,0.15,0.0,4.826691459770115,0.0,0.470833333,0.0,0.136,0.0
2025-09-07 23:00:00,0.11,0.0,4.716691459770114,0.0,0.470833333,0.0,0.093,0.0
2025-09-08 00:00:00,0.2,0.0,4.516691459770114,0.0,0.420833333,0.0,0.092,0.0
2025-09-08 01:00:00,0.15,0.0,4.366691459770114,0.0,0.420833333,0.0,0.089,0.0
2025-09-08 02:00:00,0.11,0.0,4.2566914597701135,0.0,0.420833333,0.0,0.086,0.0
2025-09-08 03:00:00,0.11,0.0,4.146691459770113,0.0,0.420833333,0.0,0.084,0.0
2025-09-08 04:00:00,0.11,0.0,4.036691459770113,0.0,0.420833333,0.0,0.083,0.0
2025-09-08 05:00:00,0.11,0.0,3.926691459770113,0.0,0.420833333,0.0,0.085,0.0
2025-09-08 06:00:00,0.12,0.178587,3.985278459770113,0.0,0.420833333,0.0,0.084,0.0
2025-09-08 07:00:00,0.1,1.250286,5.135564459770113,0.0,0.420833333,0.0,0.071,0.0
2025-09-08 08:00:00,0.22,2.48962,7.405184459770113,0.0,0.420833333,0.0,0.063,0.0
2025-09-08 09:00:00,0.21,3.33936,10.534544459770114,0.0,0.420833333,0.0,0.061,0.0
2025-09-08 10:00:00,0.19,3.936834,13.5,0.0,0.420833333,3.746834,0.06,-0.22481004000000002
2025-09-08 11:00:00,0.4801826923076923,4.265655,13.5,0.0,0.420833333,3.7854723076923076,0.06,-0.22712833846153846
2025-09-08 12:00:00,0.5501826923076923,4.341442,13.5,0.0,0.420833333,3.7912593076923073,0.059,-0.22368429915384613
2025-09-08 13:00:00,0.5601826923076924,4.11991,13.5,0.0,0.420833333,3.5597273076923077,0.059,-0.21002391115384614
2025-09-08 14:00:00,0.19,3.5678449999999997,13.5,0.0,0.420833333,3.3778449999999998,0.059,-0.19929285499999996
2025-09-08 15:00:00,0.15,2.7508670000000004,13.5,0.0,0.470833333,2.6008670000000005,0.062,-0.16125375400000003
2025-09-08 16:00:00,0.16,1.557926,13.5,0.0,0.630833333,1.397926,0.073,-0.10204859799999999
2025-09-08 17:00:00,1.383852011494253,0.350387,12.466534988505748,0.0,0.630833333,0.0,0.125,0.0
2025-09-08 18:00:00,3.823852011494253,0.0,8.642682977011495,0.0,0.630833333,0.0,0.368,0.0
2025-09-08 19:00:00,0.42,0.0,8.222682977011495,0.0,0.630833333,0.0,0.497,0.0
2025-09-08 20:00:00,0.33,0.0,7.892682977011495,0.0,0.630833333,0.0,0.292,0.0
2025-09-08 21:00:00,0.45,0.0,7.442682977011494,0.0,0.470833333,0.0,0.143,0.0
2025-09-08 22:00:00,0.66,0.0,6.782682977011494,0.0,0.470833333,0.0,0.136,0.0
2025-09-08 23:00:00,0.86,0.0,5.922682977011494,0.0,0.470833333,0.0,0.093,0.0
2025-09-09 00:00:00,0.3,0.0,5.622682977011494,0.0,0.420833333,0.0,0.092,0.0
2025-09-09 01:00:00,0.22,0.0,5.402682977011494,0.0,0.420833333,0.0,0.089,0.0
2025-09-09 02:00:00,0.22,0.0,5.182682977011495,0.0,0.420833333,0.0,0.086,0.0
2025-09-09 03:00:00,0.2299999999999999,0.0,4.952682977011495,0.0,0.420833333,0.0,0.084,0.0
2025-09-09 04:00:00,0.22,0.0,4.732682977011495,0.0,0.420833333,0.0,0.083,0.0
2025-09-09 05:00:00,0.24,0.0,4.492682977011495,0.0,0.420833333,0.0,0.085,0.0
2025-09-09 06:00:00,0.22,0.175059,4.447741977011495,0.0,0.420833333,0.0,0.084,0.0
2025-09-09 07:00:00,0.21,1.2489590000000002,5.486700977011496,0.0,0.420833333,0.0,0.071,0.0
2025-09-09 08:00:00,0.24,2.469793,7.716493977011496,0.0,0.420833333,0.0,0.063,0.0
2025-09-09 09:00:00,0.22,3.300798,10.797291977011495,0.0,0.420833333,0.0,0.061,0.0
2025-09-09 10:00:00,0.22,3.842967,13.5,0.0,0.420833333,3.6229669999999996,0.06,-0.21737801999999998
2025-09-09 11:00:00,0.5101826923076923,4.113094,13.5,0.0,0.420833333,3.602911307692308,0.06,-0.21617467846153846
2025-09-09 12:00:00,0.5001826923076924,4.173478,13.5,0.0,0.420833333,3.6732953076923076,0.059,-0.21672442315384613
2025-09-09 13:00:00,0.5101826923076923,3.987485,13.5,0.0,0.420833333,3.4773023076923075,0.059,-0.20516083615384614
2025-09-09 14:00:00,0.22,3.495998,13.5,0.0,0.420833333,3.275998,0.059,-0.193283882
2025-09-09 15:00:00,0.22,2.710976,13.5,0.0,0.470833333,2.490976,0.062,-0.154440512
2025-09-09 16:00:00,0.22,1.539442,13.5,0.0,0.630833333,1.319442,0.073,-0.096319266
2025-09-09 17:00:00,1.0338520114942529,0.343599,12.809746988505749,0.0,0.630833333,0.0,0.125,0.0
2025-09-09 18:00:00,1.073852011494253,0.0,11.735894977011494,0.0,0.630833333,0.0,0.368,0.0
2025-09-09 19:00:00,0.19,0.0,11.545894977011494,0.0,0.630833333,0.0,0.497,0.0
2025-09-09 20:00:00,0.26,0.0,11.285894977011496,0.0,0.630833333,0.0,0.292,0.0
2025-09-09 21:00:00,0.26,0.0,11.025894977011497,0.0,0.470833333,0.0,0.143,0.0
2025-09-09 22:00:00,0.3,0.0,10.725894977011494,0.0,0.470833333,0.0,0.136,0.0
2025-09-09 23:00:00,0.25,0.0,10.475894977011494,0.0,0.470833333,0.0,0.093,0.0
2025-09-10 00:00:00,0.22,0.0,10.255894977011494,0.0,0.420833333,0.0,0.092,0.0
2025-09-10 01:00:00,0.2299999999999999,0.0,10.025894977011491,0.0,0.420833333,0.0,0.089,0.0
2025-09-10 02:00:00,0.2299999999999999,0.0,9.795894977011493,0.0,0.420833333,0.0,0.086,0.0
2025-09-10 03:00:00,0.22,0.0,9.575894977011492,0.0,0.420833333,0.0,0.084,0.0
2025-09-10 04:00:00,0.22,0.0,9.355894977011491,0.0,0.420833333,0.0,0.083,0.0
2025-09-10 05:00:00,0.2299999999999999,0.0,9.125894977011493,0.0,0.420833333,0.0,0.085,0.0
2025-09-10 06:00:00,0.11,0.174395,9.19028997701149,0.0,0.420833333,0.0,0.084,0.0
2025-09-10 07:00:00,0.14,1.2477470000000002,10.29803697701149,0.0,0.420833333,0.0,0.071,0.0
2025-09-10 08:00:00,0.24,2.446424,12.50446097701149,0.0,0.420833333,0.0,0.063,0.0
2025-09-10 09:00:00,0.15,3.263103,13.5,0.0,0.420833333,3.113103,0.061,-0.189899283
2025-09-10 10:00:00,2.4099999999999997,3.840147,13.5,0.0,0.420833333,1.4301470000000003,0.06,-0.08580882000000001
2025-09-10 11:00:00,2.700182692307692,4.184997999999999,13.5,0.0,0.420833333,1.4848153076923074,0.06,-0.08908891846153844
2025-09-10 12:00:00,2.700182692307692,4.240392,13.5,0.0,0.420833333,1.540209307692308,0.059,-0.09087234915384616
2025-09-10 13:00:00,2.700182692307692,3.998198,13.5,0.0,0.420833333,1.298015307692308,0.059,-0.07658290315384617
2025-09-10 14:00:00,2.4099999999999997,3.478487,13.5,0.0,0.420833333,1.0684870000000002,0.059,-0.063040733
2025-09-10 15:00:00,0.11,2.6765790000000003,13.5,0.0,0.470833333,2.5665790000000004,0.062,-0.15912789800000002
2025-09-10 16:00:00,0.11,1.51486,13.5,0.0,0.630833333,1.40486,0.073,-0.10255478
2025-09-10 17:00:00,0.9638520114942528,0.233823,12.769970988505747,0.0,0.630833333,0.0,0.125,0.0
2025-09-10 18:00:00,1.073852011494253,0.0,11.696118977011494,0.0,0.630833333,0.0,0.368,0.0
2025-09-10 19:00:00,0.19,0.0,11.506118977011496,0.0,0.630833333,0.0,0.497,0.0
2025-09-10 20:00:00,0.27,0.0,11.236118977011497,0.0,0.630833333,0.0,0.292,0.0
2025-09-10 21:00:00,0.18,0.0,11.056118977011495,0.0,0.470833333,0.0,0.143,0.0
2025-09-10 22:00:00,0.1699999999999999,0.0,10.886118977011495,0.0,0.470833333,0.0,0.136,0.0
2025-09-10 23:00:00,0.2299999999999999,0.0,10.656118977011497,0.0,0.470833333,0.0,0.093,0.0
2025-09-11 00:00:00,0.22,0.0,10.436118977011494,0.0,0.420833333,0.0,0.092,0.0
2025-09-11 01:00:00,0.22,0.0,10.216118977011494,0.0,0.420833333,0.0,0.089,0.0
2025-09-11 02:00:00,0.22,0.0,9.996118977011491,0.0,0.420833333,0.0,0.086,0.0
2025-09-11 03:00:00,0.21,0.0,9.786118977011492,0.0,0.420833333,0.0,0.084,0.0
2025-09-11 04:00:00,0.2299999999999999,0.0,9.556118977011492,0.0,0.420833333,0.0,0.083,0.0
2025-09-11 05:00:00,0.22,0.0,9.336118977011491,0.0,0.420833333,0.0,0.085,0.0
2025-09-11 06:00:00,0.23,0.132977,9.239095977011493,0.0,0.420833333,0.0,0.084,0.0
2025-09-11 07:00:00,0.23,0.553691,9.562786977011491,0.0,0.420833333,0.0,0.071,0.0
2025-09-11 08:00:00,0.11,1.037731,10.490517977011493,0.0,0.420833333,0.0,0.063,0.0
2025-09-11 09:00:00,0.35,3.303076,13.44359397701149,0.0,0.420833333,0.0,0.061,0.0
2025-09-11 10:00:00,0.61,3.881459,13.5,0.0,0.420833333,3.271459,0.06,-0.19628754
2025-09-11 11:00:00,1.2603653846153846,4.205274,13.5,0.0,0.420833333,2.9449086153846156,0.06,-0.17669451692307692
2025-09-11 12:00:00,1.0203653846153846,4.263904999999999,13.5,0.0,0.420833333,3.2435396153846145,0.059,-0.19136883730769225
2025-09-11 13:00:00,0.8003653846153846,4.025223,13.5,0.0,0.420833333,3.224857615384616,0.059,-0.19026659930769232
2025-09-11 14:00:00,0.11,3.4605859999999997,13.5,0.0,0.420833333,3.350586,0.059,-0.19768457399999997
2025-09-11 15:00:00,0.1,1.862426,13.5,0.0,0.470833333,1.7624259999999998,0.062,-0.10927041199999998
2025-09-11 16:00:00,0.11,0.792373,13.5,0.0,0.630833333,0.682373,0.073,-0.049813229
2025-09-11 17:00:00,1.757704022988506,0.11623,11.858525977011494,0.0,0.630833333,0.0,0.125,0.0
2025-09-11 18:00:00,1.8477040229885056,0.0,10.010821954022989,0.0,0.630833333,0.0,0.368,0.0
2025-09-11 19:00:00,0.16,0.0,9.850821954022988,0.0,0.630833333,0.0,0.497,0.0
2025-09-11 20:00:00,0.29,0.0,9.56082195402299,0.0,0.630833333,0.0,0.292,0.0
2025-09-11 21:00:00,0.33,0.0,9.23082195402299,0.0,0.470833333,0.0,0.143,0.0
2025-09-11 22:00:00,0.14,0.0,9.090821954022989,0.0,0.470833333,0.0,0.136,0.0
2025-09-11 23:00:00,0.1,0.0,8.990821954022989,0.0,0.470833333,0.0,0.093,0.0
2025-09-12 00:00:00,0.12,0.0,8.87082195402299,0.0,0.420833333,0.0,0.092,0.0
2025-09-12 01:00:00,0.24,0.0,8.63082195402299,0.0,0.420833333,0.0,0.089,0.0
2025-09-12 02:00:00,0.12,0.0,8.51082195402299,0.0,0.420833333,0.0,0.086,0.0
2025-09-12 03:00:00,0.1,0.0,8.41082195402299,0.0,0.420833333,0.0,0.084,0.0
2025-09-12 04:00:00,0.1,0.0,8.310821954022991,0.0,0.420833333,0.0,0.083,0.0
2025-09-12 05:00:00,0.12,0.0,8.190821954022992,0.0,0.420833333,0.0,0.085,0.0
2025-09-12 06:00:00,0.1,0.190781,8.281602954022992,0.0,0.420833333,0.0,0.084,0.0
2025-09-12 07:00:00,0.13,0.16235,8.31395295402299,0.0,0.420833333,0.0,0.071,0.0
2025-09-12 08:00:00,0.16,0.428009,8.58196195402299,0.0,0.420833333,0.0,0.063,0.0
2025-09-12 09:00:00,0.1,0.673432,9.15539395402299,0.0,0.420833333,0.0,0.061,0.0
2025-09-12 10:00:00,2.4099999999999997,1.103618,7.849011954022991,0.0,0.420833333,0.0,0.06,0.0
2025-09-12 11:00:00,3.0103653846153846,1.868288,6.706934569407607,0.0,0.420833333,0.0,0.06,0.0
2025-09-12 12:00:00,3.1903653846153848,2.987358,6.5039271847922215,0.0,0.420833333,0.0,0.059,0.0
2025-09-12 13:00:00,3.0803653846153844,4.084742,7.508303800176837,0.0,0.420833333,0.0,0.059,0.0
2025-09-12 14:00:00,2.73,2.08113,6.859433800176838,0.0,0.420833333,0.0,0.059,0.0
2025-09-12 15:00:00,0.15,1.190036,7.899469800176838,0.0,0.470833333,0.0,0.062,0.0
2025-09-12 16:00:00,0.2299999999999999,0.520506,8.189975800176839,0.0,0.630833333,0.0,0.073,0.0
2025-09-12 17:00:00,1.8777040229885056,0.3277339999999999,6.640005777188334,0.0,0.630833333,0.0,0.125,0.0
2025-09-12 18:00:00,3.1377040229885056,0.0,3.502301754199828,0.0,0.630833333,0.0,0.368,0.0
2025-09-12 19:00:00,0.1699999999999999,0.0,3.332301754199828,0.0,0.630833333,0.0,0.497,0.0
2025-09-12 20:00:00,0.2,0.0,3.132301754199828,0.0,0.630833333,0.0,0.292,0.0
2025-09-12 21:00:00,0.16,0.0,2.972301754199828,0.0,0.470833333,0.0,0.143,0.0
2025-09-12 22:00:00,0.29,0.0,2.6823017541998277,0.0,0.470833333,0.0,0.136,0.0
2025-09-12 23:00:00,0.13,0.0,2.552301754199828,0.0,0.470833333,0.0,0.093,0.0
2025-09-13 00:00:00,0.12,0.0,2.4323017541998277,0.0,0.420833333,0.0,0.092,0.0
2025-09-13 01:00:00,0.1,0.0,2.3323017541998277,0.0,0.420833333,0.0,0.089,0.0
2025-09-13 02:00:00,0.1,0.0,2.2323017541998276,0.0,0.420833333,0.0,0.086,0.0
2025-09-13 03:00:00,0.48,0.0,1.7523017541998276,0.0,0.420833333,0.0,0.084,0.0
2025-09-13 04:00:00,0.53,0.0,1.2223017541998276,0.0,0.420833333,0.0,0.083,0.0
2025-09-13 05:00:00,0.11,0.0,1.1123017541998277,0.0,0.420833333,0.0,0.085,0.0
2025-09-13 06:00:00,0.11,0.026674,1.0289757541998277,0.0,0.420833333,0.0,0.084,0.0
2025-09-13 07:00:00,0.2,0.152556,0.9815317541998274,0.0,0.420833333,0.0,0.071,0.0
2025-09-13 08:00:00,0.64,0.356936,0.6984677541998274,0.0,0.420833333,0.0,0.063,0.0
2025-09-13 09:00:00,0.72,0.766794,0.7452617541998274,0.0,0.420833333,0.0,0.061,0.0
2025-09-13 10:00:00,2.51,1.041414,0.0,0.7233242458001723,0.420833333,0.0,0.06,0.30439895319979776
2025-09-13 11:00:00,2.6498923076923075,1.432738,0.0,1.2171543076923075,0.420833333,0.0,0.06,0.5122191040814613
2025-09-13 12:00:00,2.6898923076923076,2.046353,0.0,0.6435393076923077,0.420833333,0.0,0.059,0.2708227917726664
2025-09-13 13:00:00,2.7898923076923077,1.442381,0.0,1.3475113076923078,0.420833333,0.0,0.059,0.5670776748713424
2025-09-13 14:00:00,2.44,1.873345,0.0,0.5666549999999999,0.420833333,0.0,0.059,0.23846731231111495
2025-09-13 15:00:00,0.12,1.278578,1.158578,0.0,0.470833333,0.0,0.062,0.0
2025-09-13 16:00:00,0.14,0.4622559999999999,1.4808339999999998,0.0,0.630833333,0.0,0.073,0.0
2025-09-13 17:00:00,0.8026827586206897,0.334381,1.01253224137931,0.0,0.630833333,0.0,0.125,0.0
2025-09-13 18:00:00,0.7926827586206897,0.0,0.2198494827586203,0.0,0.630833333,0.0,0.368,0.0
2025-09-13 19:00:00,0.19,0.0,0.0298494827586203,0.0,0.630833333,0.0,0.497,0.0
2025-09-13 20:00:00,0.18,0.0,0.0,0.1501505172413797,0.630833333,0.0,0.292,0.09471995124305352
2025-09-13 21:00:00,0.15,0.0,0.0,0.15,0.470833333,0.0,0.143,0.07062499995
2025-09-13 22:00:00,0.15,0.0,0.0,0.15,0.470833333,0.0,0.136,0.07062499995
2025-09-13 23:00:00,0.11,0.0,0.0,0.11,0.470833333,0.0,0.093,0.051791666630000004
2025-09-14 00:00:00,0.1,0.0,0.0,0.1,0.420833333,0.0,0.092,0.0420833333
2025-09-14 01:00:00,0.2,0.0,0.0,0.2,0.420833333,0.0,0.089,0.0841666666
2025-09-14 02:00:00,0.15,0.0,0.0,0.15,0.420833333,0.0,0.086,0.06312499995
2025-09-14 03:00:00,0.21,0.0,0.0,0.21,0.420833333,0.0,0.084,0.08837499992999999
2025-09-14 04:00:00,0.23,0.0,0.0,0.23,0.420833333,0.0,0.083,0.09679166659
2025-09-14 05:00:00,0.22,0.0,0.0,0.22,0.420833333,0.0,0.085,0.09258333326
2025-09-14 06:00:00,0.21,0.029737,0.0,0.180263,0.420833333,0.0,0.084,0.075860679106579
2025-09-14 07:00:00,0.21,0.2724169999999999,0.0624169999999999,0.0,0.420833333,0.0,0.071,0.0
2025-09-14 08:00:00,0.21,0.986312,0.838729,0.0,0.420833333,0.0,0.063,0.0
2025-09-14 09:00:00,0.1,1.070011,1.80874,0.0,0.420833333,0.0,0.061,0.0
2025-09-14 10:00:00,2.44,1.423843,0.792583,0.0,0.420833333,0.0,0.06,0.0
2025-09-14 11:00:00,2.6598923076923073,2.2602800000000003,0.392970692307693,0.0,0.420833333,0.0,0.06,0.0
2025-09-14 12:00:00,2.6898923076923076,3.091576,0.7946543846153853,0.0,0.420833333,0.0,0.059,0.0
2025-09-14 13:00:00,2.639892307692308,3.318319,1.4730810769230769,0.0,0.420833333,0.0,0.059,0.0
2025-09-14 14:00:00,2.4099999999999997,2.937012,2.000093076923078,0.0,0.420833333,0.0,0.059,0.0
2025-09-14 15:00:00,0.11,2.5064789999999997,4.396572076923077,0.0,0.470833333,0.0,0.062,0.0
2025-09-14 16:00:00,0.11,1.227682,5.514254076923077,0.0,0.630833333,0.0,0.073,0.0
2025-09-14 17:00:00,0.7526827586206897,0.197298,4.958869318302387,0.0,0.630833333,0.0,0.125,0.0
2025-09-14 18:00:00,0.8826827586206897,0.0,4.076186559681697,0.0,0.630833333,0.0,0.368,0.0
2025-09-14 19:00:00,0.2,0.0,3.876186559681697,0.0,0.630833333,0.0,0.497,0.0
2025-09-14 20:00:00,0.37,0.0,3.506186559681697,0.0,0.630833333,0.0,0.292,0.0
2025-09-14 21:00:00,0.3399999999999999,0.0,3.166186559681697,0.0,0.470833333,0.0,0.143,0.0
2025-09-14 22:00:00,0.22,0.0,2.946186559681697,0.0,0.470833333,0.0,0.136,0.0
2025-09-14 23:00:00,0.22,0.0,2.7261865596816968,0.0,0.470833333,0.0,0.093,0.0
2025-09-15 00:00:00,0.22,0.0,2.506186559681697,0.0,0.420833333,0.0,0.092,0.0
2025-09-15 01:00:00,0.12,0.0,2.3861865596816965,0.0,0.420833333,0.0,0.089,0.0
2025-09-15 02:00:00,0.1,0.0,2.2861865596816964,0.0,0.420833333,0.0,0.086,0.0
2025-09-15 03:00:00,0.11,0.0,2.1761865596816965,0.0,0.420833333,0.0,0.084,0.0
2025-09-15 04:00:00,0.1,0.0,2.0761865596816964,0.0,0.420833333,0.0,0.083,0.0
2025-09-15 05:00:00,0.1,0.0,1.9761865596816963,0.0,0.420833333,0.0,0.085,0.0
2025-09-15 06:00:00,0.11,0.195452,2.0616385596816964,0.0,0.420833333,0.0,0.084,0.0
2025-09-15 07:00:00,0.12,0.264158,2.2057965596816964,0.0,0.420833333,0.0,0.071,0.0
2025-09-15 08:00:00,0.12,0.8237770000000001,2.9095735596816965,0.0,0.420833333,0.0,0.063,0.0
2025-09-15 09:00:00,0.23,3.4557040000000003,6.135277559681697,0.0,0.420833333,0.0,0.061,0.0
2025-09-15 10:00:00,0.11,4.064717,10.089994559681696,0.0,0.420833333,0.0,0.06,0.0
2025-09-15 11:00:00,0.3298923076923077,4.386254,13.5,0.0,0.420833333,4.056361692307693,0.06,-0.24338170153846156
2025-09-15 12:00:00,0.3298923076923077,3.07582,13.5,0.0,0.420833333,2.7459276923076925,0.059,-0.16200973384615386
2025-09-15 13:00:00,0.3298923076923077,4.110912999999999,13.5,0.0,0.420833333,3.7810206923076914,0.059,-0.22308022084615378
2025-09-15 14:00:00,0.11,3.56472,13.5,0.0,0.420833333,3.45472,0.059,-0.20382847999999998
2025-09-15 15:00:00,0.11,2.720663,13.5,0.0,0.470833333,2.610663,0.062,-0.161861106
2025-09-15 16:00:00,0.1,1.5503889999999998,13.5,0.0,0.630833333,1.4503889999999997,0.073,-0.10587839699999997
2025-09-15 17:00:00,0.7726827586206897,0.320209,13.04752624137931,0.0,0.630833333,0.0,0.125,0.0
2025-09-15 18:00:00,3.9926827586206897,0.0,9.05484348275862,0.0,0.630833333,0.0,0.368,0.0
2025-09-15 19:00:00,0.1699999999999999,0.0,8.88484348275862,0.0,0.630833333,0.0,0.497,0.0
2025-09-15 20:00:00,0.22,0.0,8.66484348275862,0.0,0.630833333,0.0,0.292,0.0
2025-09-15 21:00:00,0.26,0.0,8.40484348275862,0.0,0.470833333,0.0,0.143,0.0
2025-09-15 22:00:00,0.22,0.0,8.18484348275862,0.0,0.470833333,0.0,0.136,0.0
2025-09-15 23:00:00,0.22,0.0,7.96484348275862,0.0,0.470833333,0.0,0.093,0.0
2025-09-16 00:00:00,0.22,0.0,7.74484348275862,0.0,0.420833333,0.0,0.092,0.0
2025-09-16 01:00:00,0.2299999999999999,0.0,7.514843482758621,0.0,0.420833333,0.0,0.089,0.0
2025-09-16 02:00:00,0.22,0.0,7.294843482758621,0.0,0.420833333,0.0,0.086,0.0
2025-09-16 03:00:00,0.22,0.0,7.074843482758621,0.0,0.420833333,0.0,0.084,0.0
2025-09-16 04:00:00,0.21,0.0,6.864843482758621,0.0,0.420833333,0.0,0.083,0.0
2025-09-16 05:00:00,0.22,0.0,6.644843482758621,0.0,0.420833333,0.0,0.085,0.0
2025-09-16 06:00:00,0.22,0.016756,6.441599482758622,0.0,0.420833333,0.0,0.084,0.0
2025-09-16 07:00:00,0.13,0.7125090000000001,7.0241084827586215,0.0,0.420833333,0.0,0.071,0.0
2025-09-16 08:00:00,0.11,0.856388,7.770496482758622,0.0,0.420833333,0.0,0.063,0.0
2025-09-16 09:00:00,0.09,3.407763,11.088259482758623,0.0,0.420833333,0.0,0.061,0.0
2025-09-16 10:00:00,0.11,4.054379,13.5,0.0,0.420833333,3.944379,0.06,-0.23666273999999998
2025-09-16 11:00:00,0.3298923076923077,4.366428,13.5,0.0,0.420833333,4.036535692307693,0.06,-0.24219214153846155
2025-09-16 12:00:00,0.3398923076923077,4.388172,13.5,0.0,0.420833333,4.048279692307692,0.059,-0.2388485018461538
2025-09-16 13:00:00,0.3498923076923077,4.134498,13.5,0.0,0.420833333,3.784605692307692,0.059,-0.22329173584615383
2025-09-16 14:00:00,0.1399999999999999,3.57432,13.5,0.0,0.420833333,3.4343200000000005,0.059,-0.20262488
2025-09-16 15:00:00,0.12,2.7059949999999997,13.5,0.0,0.470833333,2.5859949999999996,0.062,-0.16033168999999997
2025-09-16 16:00:00,0.11,1.518837,13.5,0.0,0.630833333,1.408837,0.073,-0.10284510099999998
2025-09-16 17:00:00,2.17268275862069,0.304939,11.63225624137931,0.0,0.630833333,0.0,0.125,0.0
2025-09-16 18:00:00,2.0326827586206897,0.0,9.59957348275862,0.0,0.630833333,0.0,0.368,0.0
2025-09-16 19:00:00,0.15,0.0,9.44957348275862,0.0,0.630833333,0.0,0.497,0.0
2025-09-16 20:00:00,0.2299999999999999,0.0,9.21957348275862,0.0,0.630833333,0.0,0.292,0.0
2025-09-16 21:00:00,0.36,0.0,8.85957348275862,0.0,0.470833333,0.0,0.143,0.0
2025-09-16 22:00:00,0.6699999999999999,0.0,8.18957348275862,0.0,0.470833333,0.0,0.136,0.0
2025-09-16 23:00:00,0.73,0.0,7.4595734827586195,0.0,0.470833333,0.0,0.093,0.0
2025-09-17 00:00:00,0.2299999999999999,0.0,7.22957348275862,0.0,0.420833333,0.0,0.092,0.0
2025-09-17 01:00:00,0.22,0.0,7.00957348275862,0.0,0.420833333,0.0,0.089,0.0
2025-09-17 02:00:00,0.22,0.0,6.7895734827586205,0.0,0.420833333,0.0,0.086,0.0
2025-09-17 03:00:00,0.22,0.0,6.569573482758621,0.0,0.420833333,0.0,0.084,0.0
2025-09-17 04:00:00,0.24,0.0,6.3295734827586205,0.0,0.420833333,0.0,0.083,0.0
2025-09-17 05:00:00,0.37,0.0,5.95957348275862,0.0,0.420833333,0.0,0.085,0.0
2025-09-17 06:00:00,0.25,0.192312,5.901885482758621,0.0,0.420833333,0.0,0.084,0.0
2025-09-17 07:00:00,0.12,1.345158,7.127043482758621,0.0,0.420833333,0.0,0.071,0.0
2025-09-17 08:00:00,0.26,2.615865,9.48290848275862,0.0,0.420833333,0.0,0.063,0.0
2025-09-17 09:00:00,0.18,3.49944,12.80234848275862,0.0,0.420833333,0.0,0.061,0.0
2025-09-17 10:00:00,2.48,4.096542,13.5,0.0,0.420833333,1.6165420000000004,0.06,-0.09699252000000001
2025-09-17 11:00:00,2.7098923076923076,4.4190879999999995,13.5,0.0,0.420833333,1.7091956923076919,0.06,-0.10255174153846151
2025-09-17 12:00:00,2.7298923076923076,4.439374,13.5,0.0,0.420833333,1.7094816923076923,0.059,-0.10085941984615385
2025-09-17 13:00:00,2.639892307692308,4.200651,13.5,0.0,0.420833333,1.5607586923076915,0.059,-0.09208476284615379
2025-09-17 14:00:00,2.4099999999999997,3.611107,13.5,0.0,0.420833333,1.2011070000000004,0.059,-0.07086531300000001
2025-09-17 15:00:00,0.3,2.755126,13.5,0.0,0.470833333,2.4551260000000004,0.062,-0.152217812
2025-09-17 16:00:00,0.32,1.536229,13.5,0.0,0.630833333,1.216229,0.073,-0.088784717
2025-09-17 17:00:00,0.9126827586206896,0.310235,12.89755224137931,0.0,0.630833333,0.0,0.125,0.0
2025-09-17 18:00:00,0.8726827586206897,0.0,12.02486948275862,0.0,0.630833333,0.0,0.368,0.0
2025-09-17 19:00:00,0.21,0.0,11.81486948275862,0.0,0.630833333,0.0,0.497,0.0
2025-09-17 20:00:00,0.15,0.0,11.66486948275862,0.0,0.630833333,0.0,0.292,0.0
2025-09-17 21:00:00,0.12,0.0,11.54486948275862,0.0,0.470833333,0.0,0.143,0.0
2025-09-17 22:00:00,0.26,0.0,11.28486948275862,0.0,0.470833333,0.0,0.136,0.0
2025-09-17 23:00:00,0.22,0.0,11.06486948275862,0.0,0.470833333,0.0,0.093,0.0
2025-09-18 00:00:00,0.22,0.0,10.84486948275862,0.0,0.420833333,0.0,0.092,0.0
2025-09-18 01:00:00,0.22,0.0,10.62486948275862,0.0,0.420833333,0.0,0.089,0.0
2025-09-18 02:00:00,0.21,0.0,10.414869482758618,0.0,0.420833333,0.0,0.086,0.0
2025-09-18 03:00:00,0.22,0.0,10.194869482758618,0.0,0.420833333,0.0,0.084,0.0
2025-09-18 04:00:00,0.33,0.0,9.864869482758618,0.0,0.420833333,0.0,0.083,0.0
2025-09-18 05:00:00,0.27,0.0,9.594869482758618,0.0,0.420833333,0.0,0.085,0.0
2025-09-18 06:00:00,0.2299999999999999,0.201567,9.566436482758618,0.0,0.420833333,0.0,0.084,0.0
2025-09-18 07:00:00,0.22,1.386694,10.733130482758618,0.0,0.420833333,0.0,0.071,0.0
2025-09-18 08:00:00,0.26,2.615995,13.089125482758618,0.0,0.420833333,0.0,0.063,0.0
2025-09-18 09:00:00,0.5,3.484778,13.5,0.0,0.420833333,2.984778,0.061,-0.182071458
2025-09-18 10:00:00,0.46,4.072435,13.5,0.0,0.420833333,3.6124349999999996,0.06,-0.21674609999999997
2025-09-18 11:00:00,0.9647307692307694,4.3472740000000005,13.5,0.0,0.420833333,3.3825432307692314,0.06,-0.20295259384615388
2025-09-18 12:00:00,0.8647307692307694,4.369012,13.5,0.0,0.420833333,3.50428123076923,0.059,-0.20675259261538456
2025-09-18 13:00:00,0.7347307692307694,4.090381,13.5,0.0,0.420833333,3.35565023076923,0.059,-0.19798336361538457
2025-09-18 14:00:00,0.21,3.532673,13.5,0.0,0.420833333,3.322673,0.059,-0.19603770699999998
2025-09-18 15:00:00,0.16,2.694983,13.5,0.0,0.470833333,2.534983,0.062,-0.157168946
2025-09-18 16:00:00,0.2799999999999999,1.529517,13.5,0.0,0.630833333,1.249517,0.073,-0.09121474099999999
2025-09-18 17:00:00,1.811706896551724,0.304563,11.992856103448275,0.0,0.630833333,0.0,0.125,0.0
2025-09-18 18:00:00,2.0217068965517244,0.0,9.971149206896552,0.0,0.630833333,0.0,0.368,0.0
2025-09-18 19:00:00,0.24,0.0,9.731149206896552,0.0,0.630833333,0.0,0.497,0.0
2025-09-18 20:00:00,0.3299999999999999,0.0,9.401149206896552,0.0,0.630833333,0.0,0.292,0.0
2025-09-18 21:00:00,0.24,0.0,9.161149206896551,0.0,0.470833333,0.0,0.143,0.0
2025-09-18 22:00:00,0.31,0.0,8.851149206896551,0.0,0.470833333,0.0,0.136,0.0
2025-09-18 23:00:00,0.23,0.0,8.62114920689655,0.0,0.470833333,0.0,0.093,0.0
2025-09-19 00:00:00,0.22,0.0,8.40114920689655,0.0,0.420833333,0.0,0.092,0.0
2025-09-19 01:00:00,0.2299999999999999,0.0,8.17114920689655,0.0,0.420833333,0.0,0.089,0.0
2025-09-19 02:00:00,0.32,0.0,7.851149206896549,0.0,0.420833333,0.0,0.086,0.0
2025-09-19 03:00:00,0.23,0.0,7.621149206896549,0.0,0.420833333,0.0,0.084,0.0
2025-09-19 04:00:00,0.22,0.0,7.401149206896549,0.0,0.420833333,0.0,0.083,0.0
2025-09-19 05:00:00,0.16,0.0,7.241149206896549,0.0,0.420833333,0.0,0.085,0.0
2025-09-19 06:00:00,0.12,0.204312,7.325461206896549,0.0,0.420833333,0.0,0.084,0.0
2025-09-19 07:00:00,0.23,1.391316,8.486777206896548,0.0,0.420833333,0.0,0.071,0.0
2025-09-19 08:00:00,0.29,2.59051,10.787287206896549,0.0,0.420833333,0.0,0.063,0.0
2025-09-19 09:00:00,0.16,3.361895,13.5,0.0,0.420833333,3.201895,0.061,-0.19531559499999998
2025-09-19 10:00:00,2.4099999999999997,3.835548,13.5,0.0,0.420833333,1.4255480000000005,0.06,-0.08553288000000002
2025-09-19 11:00:00,3.0747307692307695,4.152453,13.5,0.0,0.420833333,1.077722230769231,0.06,-0.06466333384615386
2025-09-19 12:00:00,3.014730769230769,4.25784,13.5,0.0,0.420833333,1.2431092307692309,0.059,-0.07334344461538461
2025-09-19 13:00:00,2.984730769230769,3.998433,13.5,0.0,0.420833333,1.0137022307692307,0.059,-0.05980843161538461
2025-09-19 14:00:00,2.4099999999999997,3.435079,13.5,0.0,0.420833333,1.0250790000000003,0.059,-0.06047966100000001
2025-09-19 15:00:00,0.12,2.619253,13.5,0.0,0.470833333,2.499253,0.062,-0.154953686
2025-09-19 16:00:00,0.11,1.458932,13.5,0.0,0.630833333,1.3489319999999998,0.073,-0.09847203599999999
2025-09-19 17:00:00,1.9617068965517244,0.284264,11.822557103448275,0.0,0.630833333,0.0,0.125,0.0
2025-09-19 18:00:00,2.8617068965517243,0.0,8.960850206896552,0.0,0.630833333,0.0,0.368,0.0
2025-09-19 19:00:00,0.2,0.0,8.760850206896553,0.0,0.630833333,0.0,0.497,0.0
2025-09-19 20:00:00,0.32,0.0,8.440850206896553,0.0,0.630833333,0.0,0.292,0.0
2025-09-19 21:00:00,0.34,0.0,8.100850206896553,0.0,0.470833333,0.0,0.143,0.0
2025-09-19 22:00:00,0.86,0.0,7.240850206896552,0.0,0.470833333,0.0,0.136,0.0
2025-09-19 23:00:00,0.8500000000000001,0.0,6.390850206896552,0.0,0.470833333,0.0,0.093,0.0
2025-09-20 00:00:00,0.22,0.0,6.170850206896552,0.0,0.420833333,0.0,0.092,0.0
2025-09-20 01:00:00,0.22,0.0,5.950850206896552,0.0,0.420833333,0.0,0.089,0.0
2025-09-20 02:00:00,0.22,0.0,5.730850206896553,0.0,0.420833333,0.0,0.086,0.0
2025-09-20 03:00:00,0.22,0.0,5.510850206896553,0.0,0.420833333,0.0,0.084,0.0
2025-09-20 04:00:00,0.22,0.0,5.290850206896553,0.0,0.420833333,0.0,0.083,0.0
2025-09-20 05:00:00,0.24,0.0,5.050850206896553,0.0,0.420833333,0.0,0.085,0.0
2025-09-20 06:00:00,0.11,0.198152,5.139002206896553,0.0,0.420833333,0.0,0.084,0.0
2025-09-20 07:00:00,0.2,1.334882,6.273884206896553,0.0,0.420833333,0.0,0.071,0.0
2025-09-20 08:00:00,0.1,2.5174920000000003,8.691376206896553,0.0,0.420833333,0.0,0.063,0.0
2025-09-20 09:00:00,0.22,3.3549119999999997,11.826288206896551,0.0,0.420833333,0.0,0.061,0.0
2025-09-20 10:00:00,2.4,3.918014,13.344302206896554,0.0,0.420833333,0.0,0.06,0.0
2025-09-20 11:00:00,2.783153846153846,4.244071,13.5,0.0,0.420833333,1.4609171538461538,0.06,-0.08765502923076923
2025-09-20 12:00:00,2.7731538461538463,4.3113280000000005,13.5,0.0,0.420833333,1.5381741538461542,0.059,-0.09075227507692309
2025-09-20 13:00:00,2.863153846153846,4.1021019999999995,13.5,0.0,0.420833333,1.2389481538461533,0.059,-0.07309794107692304
2025-09-20 14:00:00,2.4099999999999997,3.540387,13.5,0.0,0.420833333,1.1303870000000003,0.059,-0.066692833
2025-09-20 15:00:00,0.1,2.711306,13.5,0.0,0.470833333,2.611306,0.062,-0.161900972
2025-09-20 16:00:00,0.39,1.51222,13.5,0.0,0.630833333,1.12222,0.073,-0.08192205999999999
2025-09-20 17:00:00,1.6878045977011498,0.292693,12.104888402298853,0.0,0.630833333,0.0,0.125,0.0
2025-09-20 18:00:00,2.88780459770115,0.0,9.2170838045977,0.0,0.630833333,0.0,0.368,0.0
2025-09-20 19:00:00,0.23,0.0,8.9870838045977,0.0,0.630833333,0.0,0.497,0.0
2025-09-20 20:00:00,0.29,0.0,8.697083804597701,0.0,0.630833333,0.0,0.292,0.0
2025-09-20 21:00:00,0.27,0.0,8.427083804597702,0.0,0.470833333,0.0,0.143,0.0
2025-09-20 22:00:00,0.26,0.0,8.167083804597702,0.0,0.470833333,0.0,0.136,0.0
2025-09-20 23:00:00,0.2299999999999999,0.0,7.937083804597703,0.0,0.470833333,0.0,0.093,0.0
2025-09-21 00:00:00,0.22,0.0,7.717083804597703,0.0,0.420833333,0.0,0.092,0.0
2025-09-21 01:00:00,0.22,0.0,7.497083804597703,0.0,0.420833333,0.0,0.089,0.0
2025-09-21 02:00:00,0.22,0.0,7.277083804597703,0.0,0.420833333,0.0,0.086,0.0
2025-09-21 03:00:00,0.31,0.0,6.967083804597704,0.0,0.420833333,0.0,0.084,0.0
2025-09-21 04:00:00,0.26,0.0,6.707083804597704,0.0,0.420833333,0.0,0.083,0.0
2025-09-21 05:00:00,0.22,0.0,6.487083804597704,0.0,0.420833333,0.0,0.085,0.0
2025-09-21 06:00:00,0.21,0.206027,6.483110804597704,0.0,0.420833333,0.0,0.084,0.0
2025-09-21 07:00:00,0.1,0.335435,6.718545804597704,0.0,0.420833333,0.0,0.071,0.0
2025-09-21 08:00:00,0.2,0.699681,7.218226804597704,0.0,0.420833333,0.0,0.063,0.0
2025-09-21 09:00:00,0.16,1.179969,8.238195804597703,0.0,0.420833333,0.0,0.061,0.0
2025-09-21 10:00:00,2.42,2.7365500000000003,8.554745804597705,0.0,0.420833333,0.0,0.06,0.0
2025-09-21 11:00:00,2.783153846153846,4.3110029999999995,10.082594958443858,0.0,0.420833333,0.0,0.06,0.0
2025-09-21 12:00:00,2.783153846153846,1.818725,9.118166112290012,0.0,0.420833333,0.0,0.059,0.0
2025-09-21 13:00:00,2.8131538461538463,1.548763,7.853775266136166,0.0,0.420833333,0.0,0.059,0.0
2025-09-21 14:00:00,2.4099999999999997,1.45299,6.896765266136167,0.0,0.420833333,0.0,0.059,0.0
2025-09-21 15:00:00,0.36,1.339068,7.8758332661361665,0.0,0.470833333,0.0,0.062,0.0
2025-09-21 16:00:00,0.63,0.41187,7.657703266136166,0.0,0.630833333,0.0,0.073,0.0
2025-09-21 17:00:00,2.3178045977011497,0.272749,5.612647668435017,0.0,0.630833333,0.0,0.125,0.0
2025-09-21 18:00:00,3.1778045977011495,0.0,2.434843070733867,0.0,0.630833333,0.0,0.368,0.0
2025-09-21 19:00:00,0.28,0.0,2.1548430707338673,0.0,0.630833333,0.0,0.497,0.0
2025-09-21 20:00:00,0.33,0.0,1.8248430707338672,0.0,0.630833333,0.0,0.292,0.0
2025-09-21 21:00:00,0.31,0.0,1.5148430707338671,0.0,0.470833333,0.0,0.143,0.0
2025-09-21 22:00:00,0.25,0.0,1.2648430707338671,0.0,0.470833333,0.0,0.136,0.0
2025-09-21 23:00:00,0.12,0.0,1.144843070733867,0.0,0.470833333,0.0,0.093,0.0
2025-09-22 00:00:00,0.11,0.0,1.034843070733867,0.0,0.420833333,0.0,0.092,0.0
2025-09-22 01:00:00,0.11,0.0,0.924843070733867,0.0,0.420833333,0.0,0.089,0.0
2025-09-22 02:00:00,0.1,0.0,0.824843070733867,0.0,0.420833333,0.0,0.086,0.0
2025-09-22 03:00:00,0.11,0.0,0.714843070733867,0.0,0.420833333,0.0,0.084,0.0
2025-09-22 04:00:00,0.11,0.0,0.604843070733867,0.0,0.420833333,0.0,0.083,0.0
2025-09-22 05:00:00,0.11,0.0,0.494843070733867,0.0,0.420833333,0.0,0.085,0.0
2025-09-22 06:00:00,0.1,0.011888,0.406731070733867,0.0,0.420833333,0.0,0.084,0.0
2025-09-22 07:00:00,0.11,0.200368,0.497099070733867,0.0,0.420833333,0.0,0.071,0.0
2025-09-22 08:00:00,0.15,1.271787,1.618886070733867,0.0,0.420833333,0.0,0.063,0.0
2025-09-22 09:00:00,0.15,3.475031,4.9439170707338675,0.0,0.420833333,0.0,0.061,0.0
2025-09-22 10:00:00,0.22,2.6454020000000003,7.369319070733868,0.0,0.420833333,0.0,0.06,0.0
2025-09-22 11:00:00,0.5831538461538462,4.32698,11.113145224580022,0.0,0.420833333,0.0,0.06,0.0
2025-09-22 12:00:00,0.6731538461538462,2.2556640000000003,12.695655378426176,0.0,0.420833333,0.0,0.059,0.0
2025-09-22 13:00:00,0.5431538461538462,4.064779,13.5,0.0,0.420833333,3.5216251538461534,0.059,-0.20777588407692305
2025-09-22 14:00:00,0.17,3.536504,13.5,0.0,0.420833333,3.366504,0.059,-0.198623736
2025-09-22 15:00:00,0.17,2.6815569999999997,13.5,0.0,0.470833333,2.511557,0.062,-0.155716534
2025-09-22 16:00:00,0.15,0.938315,13.5,0.0,0.630833333,0.788315,0.073,-0.057546995
2025-09-22 17:00:00,2.51780459770115,0.2700369999999999,11.25223240229885,0.0,0.630833333,0.0,0.125,0.0
2025-09-22 18:00:00,3.0878045977011497,0.0,8.1644278045977,0.0,0.630833333,0.0,0.368,0.0
2025-09-22 19:00:00,0.26,0.0,7.904427804597701,0.0,0.630833333,0.0,0.497,0.0
2025-09-22 20:00:00,0.32,0.0,7.5844278045977,0.0,0.630833333,0.0,0.292,0.0
2025-09-22 21:00:00,0.6599999999999999,0.0,6.9244278045977,0.0,0.470833333,0.0,0.143,0.0
2025-09-22 22:00:00,0.85,0.0,6.0744278045977005,0.0,0.470833333,0.0,0.136,0.0
2025-09-22 23:00:00,0.39,0.0,5.684427804597701,0.0,0.470833333,0.0,0.093,0.0
2025-09-23 00:00:00,0.22,0.0,5.464427804597701,0.0,0.420833333,0.0,0.092,0.0
2025-09-23 01:00:00,0.2299999999999999,0.0,5.2344278045977015,0.0,0.420833333,0.0,0.089,0.0
2025-09-23 02:00:00,0.2299999999999999,0.0,5.004427804597702,0.0,0.420833333,0.0,0.086,0.0
2025-09-23 03:00:00,0.2299999999999999,0.0,4.774427804597702,0.0,0.420833333,0.0,0.084,0.0
2025-09-23 04:00:00,0.22,0.0,4.554427804597703,0.0,0.420833333,0.0,0.083,0.0
2025-09-23 05:00:00,0.22,0.0,4.334427804597703,0.0,0.420833333,0.0,0.085,0.0
2025-09-23 06:00:00,0.22,0.211387,4.3258148045977025,0.0,0.420833333,0.0,0.084,0.0
2025-09-23 07:00:00,0.35,0.4398829999999999,4.415697804597703,0.0,0.420833333,0.0,0.071,0.0
2025-09-23 08:00:00,0.39,2.643005,6.668702804597703,0.0,0.420833333,0.0,0.063,0.0
2025-09-23 09:00:00,0.13,3.4746289999999997,10.013331804597703,0.0,0.420833333,0.0,0.061,0.0
2025-09-23 10:00:00,0.1,4.040343,13.5,0.0,0.420833333,3.940343,0.06,-0.23642058
2025-09-23 11:00:00,0.3298923076923077,4.3663,13.5,0.0,0.420833333,4.036407692307693,0.06,-0.24218446153846154
2025-09-23 12:00:00,1.0998923076923075,4.41877,13.5,0.0,0.420833333,3.3188776923076926,0.059,-0.19581378384615386
2025-09-23 13:00:00,1.589892307692308,4.155659,13.5,0.0,0.420833333,2.565766692307692,0.059,-0.15138023484615382
2025-09-23 14:00:00,1.73,3.596337,13.5,0.0,0.420833333,1.8663370000000001,0.059,-0.110113883
2025-09-23 15:00:00,1.28,2.7607109999999997,13.5,0.0,0.470833333,1.4807109999999997,0.062,-0.09180408199999998
2025-09-23 16:00:00,1.0,1.533872,13.5,0.0,0.630833333,0.5338719999999999,0.073,-0.03897265599999999
2025-09-23 17:00:00,1.77268275862069,0.2762559999999999,12.00357324137931,0.0,0.630833333,0.0,0.125,0.0
2025-09-23 18:00:00,4.01268275862069,0.0,7.990890482758621,0.0,0.630833333,0.0,0.368,0.0
2025-09-23 19:00:00,0.31,0.0,7.680890482758621,0.0,0.630833333,0.0,0.497,0.0
2025-09-23 20:00:00,0.42,0.0,7.260890482758621,0.0,0.630833333,0.0,0.292,0.0
2025-09-23 21:00:00,0.36,0.0,6.900890482758621,0.0,0.470833333,0.0,0.143,0.0
2025-09-23 22:00:00,0.29,0.0,6.610890482758621,0.0,0.470833333,0.0,0.136,0.0
2025-09-23 23:00:00,0.22,0.0,6.390890482758621,0.0,0.470833333,0.0,0.093,0.0
2025-09-24 00:00:00,0.22,0.0,6.1708904827586215,0.0,0.420833333,0.0,0.092,0.0
2025-09-24 01:00:00,0.2299999999999999,0.0,5.940890482758622,0.0,0.420833333,0.0,0.089,0.0
2025-09-24 02:00:00,0.2299999999999999,0.0,5.710890482758622,0.0,0.420833333,0.0,0.086,0.0
2025-09-24 03:00:00,0.25,0.0,5.460890482758622,0.0,0.420833333,0.0,0.084,0.0
2025-09-24 04:00:00,0.22,0.0,5.240890482758623,0.0,0.420833333,0.0,0.083,0.0
2025-09-24 05:00:00,0.22,0.0,5.020890482758623,0.0,0.420833333,0.0,0.085,0.0
2025-09-24 06:00:00,0.22,0.049886,4.850776482758623,0.0,0.420833333,0.0,0.084,0.0
2025-09-24 07:00:00,0.26,0.282007,4.872783482758623,0.0,0.420833333,0.0,0.071,0.0
2025-09-24 08:00:00,0.33,1.154931,5.697714482758624,0.0,0.420833333,0.0,0.063,0.0
2025-09-24 09:00:00,0.15,1.405097,6.952811482758624,0.0,0.420833333,0.0,0.061,0.0
2025-09-24 10:00:00,2.4299999999999997,2.267461,6.790272482758624,0.0,0.420833333,0.0,0.06,0.0
2025-09-24 11:00:00,2.6598923076923073,2.792163,6.922543175066316,0.0,0.420833333,0.0,0.06,0.0
2025-09-24 12:00:00,2.6598923076923073,2.466168,6.7288188673740095,0.0,0.420833333,0.0,0.059,0.0
2025-09-24 13:00:00,2.6598923076923073,2.064552,6.133478559681702,0.0,0.420833333,0.0,0.059,0.0
2025-09-24 14:00:00,2.44,1.3414739999999998,5.034952559681702,0.0,0.420833333,0.0,0.059,0.0
2025-09-24 15:00:00,0.14,0.860789,5.755741559681702,0.0,0.470833333,0.0,0.062,0.0
2025-09-24 16:00:00,0.14,0.242154,5.857895559681702,0.0,0.630833333,0.0,0.073,0.0
2025-09-24 17:00:00,0.7926827586206897,0.020444,5.085656801061012,0.0,0.630833333,0.0,0.125,0.0
2025-09-24 18:00:00,0.8526827586206898,0.0,4.232974042440323,0.0,0.630833333,0.0,0.368,0.0
2025-09-24 19:00:00,0.35,0.0,3.8829740424403223,0.0,0.630833333,0.0,0.497,0.0
2025-09-24 20:00:00,0.22,0.0,3.6629740424403225,0.0,0.630833333,0.0,0.292,0.0
2025-09-24 21:00:00,0.14,0.0,3.5229740424403224,0.0,0.470833333,0.0,0.143,0.0
2025-09-24 22:00:00,0.25,0.0,3.2729740424403224,0.0,0.470833333,0.0,0.136,0.0
2025-09-24 23:00:00,0.22,0.0,3.0529740424403222,0.0,0.470833333,0.0,0.093,0.0
2025-09-25 00:00:00,0.22,0.0,2.832974042440322,0.0,0.420833333,0.0,0.092,0.0
2025-09-25 01:00:00,0.22,0.0,2.612974042440322,0.0,0.420833333,0.0,0.089,0.0
2025-09-25 02:00:00,0.22,0.0,2.3929740424403216,0.0,0.420833333,0.0,0.086,0.0
2025-09-25 03:00:00,0.22,0.0,2.1729740424403214,0.0,0.420833333,0.0,0.084,0.0
2025-09-25 04:00:00,0.22,0.0,1.9529740424403217,0.0,0.420833333,0.0,0.083,0.0
2025-09-25 05:00:00,0.22,0.0,1.7329740424403215,0.0,0.420833333,0.0,0.085,0.0
2025-09-25 06:00:00,0.2299999999999999,0.030587,1.5335610424403217,0.0,0.420833333,0.0,0.084,0.0
2025-09-25 07:00:00,0.22,0.146837,1.4603980424403216,0.0,0.420833333,0.0,0.071,0.0
2025-09-25 08:00:00,0.19,0.4292459999999999,1.6996440424403216,0.0,0.420833333,0.0,0.063,0.0
2025-09-25 09:00:00,0.37,1.063151,2.3927950424403215,0.0,0.420833333,0.0,0.061,0.0
2025-09-25 10:00:00,0.51,1.451897,3.3346920424403215,0.0,0.420833333,0.0,0.06,0.0
2025-09-25 11:00:00,0.8098923076923078,1.6252760000000002,4.150075734748014,0.0,0.420833333,0.0,0.06,0.0
2025-09-25 12:00:00,0.5698923076923077,2.132736,5.712919427055706,0.0,0.420833333,0.0,0.059,0.0
2025-09-25 13:00:00,0.4998923076923077,1.7685,6.981527119363398,0.0,0.420833333,0.0,0.059,0.0
2025-09-25 14:00:00,0.26,1.347483,8.069010119363398,0.0,0.420833333,0.0,0.059,0.0
2025-09-25 15:00:00,0.44,0.845262,8.474272119363398,0.0,0.470833333,0.0,0.062,0.0
2025-09-25 16:00:00,0.26,0.273961,8.488233119363398,0.0,0.630833333,0.0,0.073,0.0
2025-09-25 17:00:00,0.8726827586206897,0.013993,7.629543360742709,0.0,0.630833333,0.0,0.125,0.0
2025-09-25 18:00:00,1.0426827586206897,0.0,6.586860602122019,0.0,0.630833333,0.0,0.368,0.0
2025-09-25 19:00:00,0.3,0.0,6.286860602122019,0.0,0.630833333,0.0,0.497,0.0
2025-09-25 20:00:00,0.28,0.0,6.0068606021220186,0.0,0.630833333,0.0,0.292,0.0
2025-09-25 21:00:00,0.64,0.0,5.366860602122019,0.0,0.470833333,0.0,0.143,0.0
2025-09-25 22:00:00,0.75,0.0,4.616860602122019,0.0,0.470833333,0.0,0.136,0.0
2025-09-25 23:00:00,0.22,0.0,4.396860602122019,0.0,0.470833333,0.0,0.093,0.0
2025-09-26 00:00:00,0.22,0.0,4.176860602122019,0.0,0.420833333,0.0,0.092,0.0
2025-09-26 01:00:00,0.22,0.0,3.956860602122019,0.0,0.420833333,0.0,0.089,0.0
2025-09-26 02:00:00,0.22,0.0,3.736860602122019,0.0,0.420833333,0.0,0.086,0.0
2025-09-26 03:00:00,0.19,0.0,3.546860602122019,0.0,0.420833333,0.0,0.084,0.0
2025-09-26 04:00:00,0.11,0.0,3.436860602122019,0.0,0.420833333,0.0,0.083,0.0
2025-09-26 05:00:00,0.11,0.0,3.3268606021220193,0.0,0.420833333,0.0,0.085,0.0
2025-09-26 06:00:00,0.11,0.0,3.2168606021220194,0.0,0.420833333,0.0,0.084,0.0
2025-09-26 07:00:00,0.1,0.0655139999999999,3.182374602122019,0.0,0.420833333,0.0,0.071,0.0
2025-09-26 08:00:00,0.12,0.254154,3.3165286021220193,0.0,0.420833333,0.0,0.063,0.0
2025-09-26 09:00:00,0.14,0.484263,3.660791602122019,0.0,0.420833333,0.0,0.061,0.0
2025-09-26 10:00:00,2.5799999999999996,0.732537,1.81332860212202,0.0,0.420833333,0.0,0.06,0.0
2025-09-26 11:00:00,2.7398923076923074,1.4011980000000002,0.4746342944297126,0.0,0.420833333,0.0,0.06,0.0
2025-09-26 12:00:00,2.8498923076923077,1.604769,0.0,0.7704890132625952,0.420833333,0.0,0.059,0.3242474594911791
2025-09-26 13:00:00,2.7398923076923074,1.485742,0.0,1.2541503076923075,0.420833333,0.0,0.059,0.5277882540691293
2025-09-26 14:00:00,2.4499999999999997,1.111341,0.0,1.3386589999999998,0.420833333,0.0,0.059,0.5633523287204469
2025-09-26 15:00:00,0.24,0.506267,0.266267,0.0,0.470833333,0.0,0.062,0.0
2025-09-26 16:00:00,0.4,0.248136,0.114403,0.0,0.630833333,0.0,0.073,0.0
2025-09-26 17:00:00,0.9526827586206896,0.024939,0.0,0.8133407586206896,0.630833333,0.0,0.125,0.513082461625438
2025-09-26 18:00:00,0.8526827586206898,0.0,0.0,0.8526827586206898,0.630833333,0.0,0.368,0.5379007066123243
2025-09-26 19:00:00,0.15,0.0,0.0,0.15,0.630833333,0.0,0.497,0.09462499995
2025-09-26 20:00:00,0.4,0.0,0.0,0.4,0.630833333,0.0,0.292,0.2523333332
2025-09-26 21:00:00,0.31,0.0,0.0,0.31,0.470833333,0.0,0.143,0.14595833323000001
2025-09-26 22:00:00,0.24,0.0,0.0,0.24,0.470833333,0.0,0.136,0.11299999992
2025-09-26 23:00:00,0.22,0.0,0.0,0.22,0.470833333,0.0,0.093,0.10358333326000001
2025-09-27 00:00:00,0.2299999999999999,0.0,0.0,0.2299999999999999,0.420833333,0.0,0.092,0.09679166658999995
2025-09-27 01:00:00,0.22,0.0,0.0,0.22,0.420833333,0.0,0.089,0.09258333326
2025-09-27 02:00:00,0.21,0.0,0.0,0.21,0.420833333,0.0,0.086,0.08837499992999999
2025-09-27 03:00:00,0.22,0.0,0.0,0.22,0.420833333,0.0,0.084,0.09258333326
2025-09-27 04:00:00,0.22,0.0,0.0,0.22,0.420833333,0.0,0.083,0.09258333326
2025-09-27 05:00:00,0.5900000000000001,0.0,0.0,0.5900000000000001,0.420833333,0.0,0.085,0.24829166647000003
2025-09-27 06:00:00,0.11,0.0,0.0,0.11,0.420833333,0.0,0.084,0.04629166663
2025-09-27 07:00:00,0.22,0.427016,0.207016,0.0,0.420833333,0.0,0.071,0.0
2025-09-27 08:00:00,0.38,0.088935,0.0,0.08404900000000001,0.420833333,0.0,0.063,0.035370620805317006
2025-09-27 09:00:00,0.12,1.903875,1.783875,0.0,0.420833333,0.0,0.061,0.0
2025-09-27 10:00:00,2.4099999999999997,0.607515,0.0,0.01860999999999957,0.420833333,0.0,0.06,0.00783170832712982
2025-09-27 11:00:00,2.7398923076923074,1.734686,0.0,1.0052063076923075,0.420833333,0.0,0.06,0.4230243208187773
2025-09-27 12:00:00,3.689892307692307,1.44652,0.0,2.243372307692307,0.420833333,0.0,0.059,0.9440858454060551
2025-09-27 13:00:00,3.709892307692307,1.217122,0.0,2.4927703076923073,0.420833333,0.0,0.059,1.0490408369895892
2025-09-27 14:00:00,2.44,0.713134,0.0,1.7268659999999998,0.420833333,0.0,0.059,0.7267227744243778
2025-09-27 15:00:00,0.12,0.6951369999999999,0.5751369999999999,0.0,0.470833333,0.0,0.062,0.0
2025-09-27 16:00:00,0.11,1.394718,1.859855,0.0,0.630833333,0.0,0.073,0.0
2025-09-27 17:00:00,0.7526827586206897,0.185494,1.2926662413793104,0.0,0.630833333,0.0,0.125,0.0
2025-09-27 18:00:00,1.0326827586206897,0.0,0.2599834827586207,0.0,0.630833333,0.0,0.368,0.0
2025-09-27 19:00:00,0.23,0.0,0.0299834827586207,0.0,0.630833333,0.0,0.497,0.0
2025-09-27 20:00:00,0.22,0.0,0.0,0.1900165172413793,0.630833333,0.0,0.292,0.11986875289643127
2025-09-27 21:00:00,0.14,0.0,0.0,0.14,0.470833333,0.0,0.143,0.06591666662000001
2025-09-27 22:00:00,0.22,0.0,0.0,0.22,0.470833333,0.0,0.136,0.10358333326000001
2025-09-27 23:00:00,0.31,0.0,0.0,0.31,0.470833333,0.0,0.093,0.14595833323000001
2025-09-28 00:00:00,0.25,0.0,0.0,0.25,0.420833333,0.0,0.092,0.10520833325
2025-09-28 01:00:00,0.22,0.0,0.0,0.22,0.420833333,0.0,0.089,0.09258333326
2025-09-28 02:00:00,0.22,0.0,0.0,0.22,0.420833333,0.0,0.086,0.09258333326
2025-09-28 03:00:00,0.21,0.0,0.0,0.21,0.420833333,0.0,0.084,0.08837499992999999
2025-09-28 04:00:00,0.1,0.0,0.0,0.1,0.420833333,0.0,0.083,0.0420833333
2025-09-28 05:00:00,0.11,0.0,0.0,0.11,0.420833333,0.0,0.085,0.04629166663
2025-09-28 06:00:00,0.18,0.1649739999999999,0.0,0.015026000000000095,0.420833333,0.0,0.084,0.00632344166165804
2025-09-28 07:00:00,0.2,0.192336,0.0,0.007664000000000004,0.420833333,0.0,0.071,0.0032252666641120016
2025-09-28 08:00:00,0.2299999999999999,1.037114,0.8071140000000002,0.0,0.420833333,0.0,0.063,0.0
2025-09-28 09:00:00,0.22,1.294933,1.882047,0.0,0.420833333,0.0,0.061,0.0
2025-09-28 10:00:00,4.62,0.953762,0.0,1.7841909999999999,0.420833333,0.0,0.06,0.7508470452386029
2025-09-28 11:00:00,5.397365384615385,1.318297,0.0,4.079068384615384,0.420833333,0.0,0.06,1.716607943832618
2025-09-28 12:00:00,2.9673653846153845,4.418974,1.451608615384616,0.0,0.420833333,0.0,0.059,0.0
2025-09-28 13:00:00,3.2773653846153845,4.131352,2.305595230769231,0.0,0.420833333,0.0,0.059,0.0
2025-09-28 14:00:00,3.4799999999999995,3.526745,2.3523402307692316,0.0,0.420833333,0.0,0.059,0.0
2025-09-28 15:00:00,1.18,2.654366,3.826706230769232,0.0,0.470833333,0.0,0.062,0.0
2025-09-28 16:00:00,1.24,1.42374,4.010446230769232,0.0,0.630833333,0.0,0.073,0.0
2025-09-28 17:00:00,2.205853448275862,0.174299,1.97889178249337,0.0,0.630833333,0.0,0.125,0.0
2025-09-28 18:00:00,2.725853448275862,0.0,0.0,0.746961665782492,0.630833333,0.0,0.368,0.47120831724880147
2025-09-28 19:00:00,1.29,0.0,0.0,1.29,0.630833333,0.0,0.497,0.81377499957
2025-09-28 20:00:00,1.25,0.0,0.0,1.25,0.630833333,0.0,0.292,0.78854166625
2025-09-28 21:00:00,1.19,0.0,0.0,1.19,0.470833333,0.0,0.143,0.56029166627
2025-09-28 22:00:00,1.61,0.0,0.0,1.61,0.470833333,0.0,0.136,0.7580416661300001
2025-09-28 23:00:00,1.74,0.0,0.0,1.74,0.470833333,0.0,0.093,0.81924999942
2025-09-29 00:00:00,1.25,0.0,0.0,1.25,0.420833333,0.0,0.092,0.5260416662499999
2025-09-29 01:00:00,1.19,0.0,0.0,1.19,0.420833333,0.0,0.089,0.5007916662699999
2025-09-29 02:00:00,1.19,0.0,0.0,1.19,0.420833333,0.0,0.086,0.5007916662699999
2025-09-29 03:00:00,1.19,0.0,0.0,1.19,0.420833333,0.0,0.084,0.5007916662699999
2025-09-29 04:00:00,1.19,0.0,0.0,1.19,0.420833333,0.0,0.083,0.5007916662699999
2025-09-29 05:00:00,1.19,0.0,0.0,1.19,0.420833333,0.0,0.085,0.5007916662699999
2025-09-29 06:00:00,1.2,0.148057,0.0,1.051943,0.420833333,0.0,0.084,0.442692678816019
2025-09-29 07:00:00,1.27,0.275002,0.0,0.994998,0.420833333,0.0,0.071,0.418728324668334
2025-09-29 08:00:00,0.42,0.689309,0.2693089999999999,0.0,0.420833333,0.0,0.063,0.0
2025-09-29 09:00:00,0.1,3.493355,3.662664,0.0,0.420833333,0.0,0.061,0.0
2025-09-29 10:00:00,0.11,4.090585,7.643249,0.0,0.420833333,0.0,0.06,0.0
2025-09-29 11:00:00,0.4273653846153847,4.417446,11.633329615384614,0.0,0.420833333,0.0,0.06,0.0
2025-09-29 12:00:00,0.4273653846153847,4.449144,13.5,0.0,0.420833333,4.021778615384616,0.059,-0.23728493830769232
2025-09-29 13:00:00,0.4673653846153847,4.196804,13.5,0.0,0.420833333,3.7294386153846153,0.059,-0.22003687830769228
2025-09-29 14:00:00,0.22,3.576496,13.5,0.0,0.420833333,3.356496,0.059,-0.198033264
2025-09-29 15:00:00,0.1699999999999999,2.6754070000000003,13.5,0.0,0.470833333,2.5054070000000004,0.062,-0.15533523400000002
2025-09-29 16:00:00,0.14,1.424138,13.5,0.0,0.630833333,1.284138,0.073,-0.093742074
2025-09-29 17:00:00,2.925853448275862,0.143163,10.71730955172414,0.0,0.630833333,0.0,0.125,0.0
2025-09-29 18:00:00,1.535853448275862,0.0,9.181456103448276,0.0,0.630833333,0.0,0.368,0.0
2025-09-29 19:00:00,0.28,0.0,8.901456103448277,0.0,0.630833333,0.0,0.497,0.0
2025-09-29 20:00:00,0.29,0.0,8.611456103448278,0.0,0.630833333,0.0,0.292,0.0
2025-09-29 21:00:00,0.25,0.0,8.361456103448278,0.0,0.470833333,0.0,0.143,0.0
2025-09-29 22:00:00,0.24,0.0,8.121456103448278,0.0,0.470833333,0.0,0.136,0.0
2025-09-29 23:00:00,0.22,0.0,7.901456103448278,0.0,0.470833333,0.0,0.093,0.0
2025-09-30 00:00:00,0.2299999999999999,0.0,7.671456103448278,0.0,0.420833333,0.0,0.092,0.0
2025-09-30 01:00:00,0.22,0.0,7.451456103448279,0.0,0.420833333,0.0,0.089,0.0
2025-09-30 02:00:00,0.22,0.0,7.231456103448279,0.0,0.420833333,0.0,0.086,0.0
2025-09-30 03:00:00,0.2299999999999999,0.0,7.001456103448279,0.0,0.420833333,0.0,0.084,0.0
2025-09-30 04:00:00,0.12,0.0,6.881456103448279,0.0,0.420833333,0.0,0.083,0.0
2025-09-30 05:00:00,0.11,0.0,6.771456103448279,0.0,0.420833333,0.0,0.085,0.0
2025-09-30 06:00:00,0.15,0.113016,6.734472103448279,0.0,0.420833333,0.0,0.084,0.0
2025-09-30 07:00:00,0.34,1.322232,7.716704103448278,0.0,0.420833333,0.0,0.071,0.0
2025-09-30 08:00:00,0.12,2.5536909999999997,10.15039510344828,0.0,0.420833333,0.0,0.063,0.0
2025-09-30 09:00:00,0.1,3.4304989999999997,13.48089410344828,0.0,0.420833333,0.0,0.061,0.0
2025-09-30 10:00:00,0.1,4.004509,13.5,0.0,0.420833333,3.9045089999999996,0.06,-0.23427053999999997
2025-09-30 11:00:00,0.3873653846153847,4.346521,13.5,0.0,0.420833333,3.9591556153846152,0.06,-0.2375493369230769
2025-09-30 12:00:00,0.3873653846153847,4.382441,13.5,0.0,0.420833333,3.995075615384615,0.059,-0.2357094613076923
2025-09-30 13:00:00,0.3873653846153847,4.0898069999999995,13.5,0.0,0.420833333,3.7024416153846147,0.059,-0.21844405530769226
2025-09-30 14:00:00,0.1,3.4579630000000003,13.5,0.0,0.420833333,3.3579630000000003,0.059,-0.198119817
2025-09-30 15:00:00,0.11,2.494634,13.5,0.0,0.470833333,2.384634,0.062,-0.147847308
2025-09-30 16:00:00,0.11,1.370732,13.5,0.0,0.630833333,1.260732,0.073,-0.092033436
2025-09-30 17:00:00,1.815853448275862,0.113224,11.797370551724136,0.0,0.630833333,0.0,0.125,0.0
2025-09-30 18:00:00,3.295853448275862,0.0,8.501517103448275,0.0,0.630833333,0.0,0.368,0.0
2025-09-30 19:00:00,0.39,0.0,8.111517103448275,0.0,0.630833333,0.0,0.497,0.0
2025-09-30 20:00:00,0.27,0.0,7.841517103448275,0.0,0.630833333,0.0,0.292,0.0
2025-09-30 21:00:00,0.3,0.0,7.5415171034482755,0.0,0.470833333,0.0,0.143,0.0
2025-09-30 22:00:00,0.36,0.0,7.181517103448275,0.0,0.470833333,0.0,0.136,0.0
2025-09-30 23:00:00,0.26,0.0,6.921517103448275,0.0,0.470833333,0.0,0.093,0.0
2025-09-30 23:59:59,0.1,0.0,6.921517103448275,0.1,150.0,0.0,0.0,15.0
2025-10-01 00:00:00,0.22,0.0,6.701517103448276,0.0,0.37016129,0.0,0.089,0.0
2025-10-01 01:00:00,0.2299999999999999,0.0,6.471517103448276,0.0,0.37016129,0.0,0.087,0.0
2025-10-01 02:00:00,0.22,0.0,6.251517103448276,0.0,0.37016129,0.0,0.084,0.0
2025-10-01 03:00:00,0.23,0.0,6.021517103448276,0.0,0.37016129,0.0,0.083,0.0
2025-10-01 04:00:00,0.22,0.0,5.801517103448276,0.0,0.37016129,0.0,0.081,0.0
2025-10-01 05:00:00,0.22,0.0,5.5815171034482765,0.0,0.37016129,0.0,0.084,0.0
2025-10-01 06:00:00,0.31,0.1292529999999999,5.400770103448276,0.0,0.37016129,0.0,0.083,0.0
2025-10-01 07:00:00,0.29,1.403096,6.513866103448276,0.0,0.37016129,0.0,0.075,0.0
2025-10-01 08:00:00,0.2299999999999999,2.605092,8.888958103448276,0.0,0.37016129,0.0,0.064,0.0
2025-10-01 09:00:00,0.2299999999999999,3.412656,12.071614103448276,0.0,0.37016129,0.0,0.059,0.0
2025-10-01 10:00:00,2.53,3.933416,13.475030103448276,0.0,0.37016129,0.0,0.059,0.0
2025-10-01 11:00:00,2.8073653846153848,4.106029,13.5,0.0,0.37016129,1.2986636153846156,0.059,-0.07662115330769231
2025-10-01 12:00:00,2.8073653846153848,4.117148,13.5,0.0,0.37016129,1.3097826153846155,0.058,-0.0759673916923077
2025-10-01 13:00:00,2.8073653846153848,3.894876,13.5,0.0,0.37016129,1.0875106153846152,0.057,-0.061988105076923074
2025-10-01 14:00:00,2.52,3.422373,13.5,0.0,0.37016129,0.9023729999999999,0.057,-0.051435260999999996
2025-10-01 15:00:00,0.22,2.587499,13.5,0.0,0.38016129,2.367499,0.058,-0.137314942
2025-10-01 16:00:00,0.22,1.395539,13.5,0.0,0.40016129,1.1755390000000001,0.062,-0.072883418
2025-10-01 17:00:00,2.745853448275862,0.113602,10.867748551724135,0.0,0.40016129,0.0,0.092,0.0
2025-10-01 18:00:00,1.9058534482758624,0.0,8.961895103448274,0.0,0.40016129,0.0,0.103,0.0
2025-10-01 19:00:00,0.41,0.0,8.551895103448274,0.0,0.40016129,0.0,0.101,0.0
2025-10-01 20:00:00,0.71,0.0,7.841895103448274,0.0,0.40016129,0.0,0.091,0.0
2025-10-01 21:00:00,1.0,0.0,6.841895103448274,0.0,0.38016129,0.0,0.088,0.0
2025-10-01 22:00:00,1.11,0.0,5.731895103448274,0.0,0.38016129,0.0,0.091,0.0
2025-10-01 23:00:00,0.2299999999999999,0.0,5.501895103448274,0.0,0.38016129,0.0,0.09,0.0
2025-10-02 00:00:00,0.2299999999999999,0.0,5.271895103448275,0.0,0.37016129,0.0,0.089,0.0
2025-10-02 01:00:00,0.2299999999999999,0.0,5.041895103448275,0.0,0.37016129,0.0,0.087,0.0
2025-10-02 02:00:00,0.2299999999999999,0.0,4.8118951034482755,0.0,0.37016129,0.0,0.084,0.0
2025-10-02 03:00:00,0.2299999999999999,0.0,4.581895103448276,0.0,0.37016129,0.0,0.083,0.0
2025-10-02 04:00:00,0.2299999999999999,0.0,4.3518951034482765,0.0,0.37016129,0.0,0.081,0.0
2025-10-02 05:00:00,0.2299999999999999,0.0,4.121895103448277,0.0,0.37016129,0.0,0.084,0.0
2025-10-02 06:00:00,0.26,0.137685,3.999580103448277,0.0,0.37016129,0.0,0.083,0.0
2025-10-02 07:00:00,0.2,1.4756749999999998,5.275255103448277,0.0,0.37016129,0.0,0.075,0.0
2025-10-02 08:00:00,0.11,2.656258,7.821513103448277,0.0,0.37016129,0.0,0.064,0.0
2025-10-02 09:00:00,0.1,3.406307,11.127820103448276,0.0,0.37016129,0.0,0.059,0.0
2025-10-02 10:00:00,0.11,3.935353,13.5,0.0,0.37016129,3.8253530000000002,0.059,-0.225695827
2025-10-02 11:00:00,0.3421461538461539,4.234986,13.5,0.0,0.37016129,3.892839846153846,0.059,-0.2296775509230769
2025-10-02 12:00:00,0.3421461538461539,4.26963,13.5,0.0,0.37016129,3.927483846153846,0.058,-0.2277940630769231
2025-10-02 13:00:00,0.3421461538461539,4.035495,13.5,0.0,0.37016129,3.693348846153846,0.057,-0.21052088423076923
2025-10-02 14:00:00,0.11,3.48932,13.5,0.0,0.37016129,3.3793200000000003,0.057,-0.19262124000000003
2025-10-02 15:00:00,0.1,2.643279,13.5,0.0,0.38016129,2.543279,0.058,-0.14751018200000002
2025-10-02 16:00:00,0.1,1.429953,13.5,0.0,0.40016129,1.329953,0.062,-0.082457086
2025-10-02 17:00:00,0.8190816091954024,0.113513,12.794431390804595,0.0,0.40016129,0.0,0.092,0.0
2025-10-02 18:00:00,0.8190816091954024,0.0,11.975349781609196,0.0,0.40016129,0.0,0.103,0.0
2025-10-02 19:00:00,0.44,0.0,11.535349781609195,0.0,0.40016129,0.0,0.101,0.0
2025-10-02 20:00:00,0.28,0.0,11.255349781609196,0.0,0.40016129,0.0,0.091,0.0
2025-10-02 21:00:00,0.2,0.0,11.055349781609197,0.0,0.38016129,0.0,0.088,0.0
2025-10-02 22:00:00,0.15,0.0,10.905349781609196,0.0,0.38016129,0.0,0.091,0.0
2025-10-02 23:00:00,0.24,0.0,10.665349781609196,0.0,0.38016129,0.0,0.09,0.0
2025-10-03 00:00:00,0.22,0.0,10.445349781609195,0.0,0.37016129,0.0,0.089,0.0
2025-10-03 01:00:00,0.2299999999999999,0.0,10.215349781609197,0.0,0.37016129,0.0,0.087,0.0
2025-10-03 02:00:00,0.22,0.0,9.995349781609194,0.0,0.37016129,0.0,0.084,0.0
2025-10-03 03:00:00,0.22,0.0,9.775349781609194,0.0,0.37016129,0.0,0.083,0.0
2025-10-03 04:00:00,0.22,0.0,9.555349781609191,0.0,0.37016129,0.0,0.081,0.0
2025-10-03 05:00:00,0.21,0.0,9.345349781609192,0.0,0.37016129,0.0,0.084,0.0
2025-10-03 06:00:00,0.22,0.126108,9.251457781609192,0.0,0.37016129,0.0,0.083,0.0
2025-10-03 07:00:00,0.2299999999999999,1.459215,10.480672781609192,0.0,0.37016129,0.0,0.075,0.0
2025-10-03 08:00:00,0.19,2.677166,12.967838781609192,0.0,0.37016129,0.0,0.064,0.0
2025-10-03 09:00:00,0.15,3.539529,13.5,0.0,0.37016129,3.389529,0.059,-0.199982211
2025-10-03 10:00:00,2.46,4.094004,13.5,0.0,0.37016129,1.634004,0.059,-0.09640623599999999
2025-10-03 11:00:00,2.8221461538461536,4.393299,13.5,0.0,0.37016129,1.5711528461538462,0.059,-0.09269801792307693
2025-10-03 12:00:00,2.7821461538461536,4.40132,13.5,0.0,0.37016129,1.6191738461538465,0.058,-0.0939120830769231
2025-10-03 13:00:00,2.7621461538461536,2.1249670000000003,12.862820846153848,0.0,0.37016129,0.0,0.057,0.0
2025-10-03 14:00:00,2.4299999999999997,0.7248300000000001,11.157650846153848,0.0,0.37016129,0.0,0.057,0.0
2025-10-03 15:00:00,0.21,0.460765,11.408415846153847,0.0,0.38016129,0.0,0.058,0.0
2025-10-03 16:00:00,0.48,0.249765,11.178180846153849,0.0,0.40016129,0.0,0.062,0.0
2025-10-03 17:00:00,4.159081609195402,0.038917,7.058016236958444,0.0,0.40016129,0.0,0.092,0.0
2025-10-03 18:00:00,0.7890816091954024,0.0,6.268934627763042,0.0,0.40016129,0.0,0.103,0.0
2025-10-03 19:00:00,0.19,0.0,6.078934627763042,0.0,0.40016129,0.0,0.101,0.0
2025-10-03 20:00:00,0.28,0.0,5.798934627763042,0.0,0.40016129,0.0,0.091,0.0
2025-10-03 21:00:00,0.26,0.0,5.538934627763042,0.0,0.38016129,0.0,0.088,0.0
2025-10-03 22:00:00,0.2,0.0,5.338934627763042,0.0,0.38016129,0.0,0.091,0.0
2025-10-03 23:00:00,0.2,0.0,5.138934627763041,0.0,0.38016129,0.0,0.09,0.0
2025-10-04 00:00:00,0.16,0.0,4.978934627763041,0.0,0.37016129,0.0,0.089,0.0
2025-10-04 01:00:00,0.11,0.0,4.868934627763041,0.0,0.37016129,0.0,0.087,0.0
2025-10-04 02:00:00,0.11,0.0,4.758934627763041,0.0,0.37016129,0.0,0.084,0.0
2025-10-04 03:00:00,0.11,0.0,4.64893462776304,0.0,0.37016129,0.0,0.083,0.0
2025-10-04 04:00:00,0.11,0.0,4.53893462776304,0.0,0.37016129,0.0,0.081,0.0
2025-10-04 05:00:00,0.11,0.0,4.42893462776304,0.0,0.37016129,0.0,0.084,0.0
2025-10-04 06:00:00,0.11,0.127488,4.44642262776304,0.0,0.37016129,0.0,0.083,0.0
2025-10-04 07:00:00,0.11,0.0348609999999999,4.37128362776304,0.0,0.37016129,0.0,0.075,0.0
2025-10-04 08:00:00,0.41,0.42172,4.38300362776304,0.0,0.37016129,0.0,0.064,0.0
2025-10-04 09:00:00,0.3,3.665369,7.74837262776304,0.0,0.37016129,0.0,0.059,0.0
2025-10-04 10:00:00,2.9,4.246558,9.09493062776304,0.0,0.37016129,0.0,0.059,0.0
2025-10-04 11:00:00,2.7421461538461536,1.860478,8.213262473916888,0.0,0.37016129,0.0,0.059,0.0
2025-10-04 12:00:00,2.7021461538461535,2.9641390000000003,8.475255320070735,0.0,0.37016129,0.0,0.058,0.0
2025-10-04 13:00:00,2.682146153846154,4.266476,10.05958516622458,0.0,0.37016129,0.0,0.057,0.0
2025-10-04 14:00:00,2.5,1.321442,8.88102716622458,0.0,0.37016129,0.0,0.057,0.0
2025-10-04 15:00:00,0.32,2.702315,11.26334216622458,0.0,0.38016129,0.0,0.058,0.0
2025-10-04 16:00:00,0.16,1.422314,12.52565616622458,0.0,0.40016129,0.0,0.062,0.0
2025-10-04 17:00:00,0.8190816091954024,0.0867,11.79327455702918,0.0,0.40016129,0.0,0.092,0.0
2025-10-04 18:00:00,0.8990816091954024,0.0,10.894192947833776,0.0,0.40016129,0.0,0.103,0.0
2025-10-04 19:00:00,0.23,0.0,10.664192947833776,0.0,0.40016129,0.0,0.101,0.0
2025-10-04 20:00:00,0.16,0.0,10.504192947833776,0.0,0.40016129,0.0,0.091,0.0
2025-10-04 21:00:00,0.16,0.0,10.344192947833776,0.0,0.38016129,0.0,0.088,0.0
2025-10-04 22:00:00,0.13,0.0,10.214192947833777,0.0,0.38016129,0.0,0.091,0.0
2025-10-04 23:00:00,0.1,0.0,10.114192947833777,0.0,0.38016129,0.0,0.09,0.0
2025-10-05 00:00:00,0.12,0.0,9.994192947833776,0.0,0.37016129,0.0,0.089,0.0
2025-10-05 01:00:00,0.1,0.0,9.894192947833776,0.0,0.37016129,0.0,0.087,0.0
2025-10-05 02:00:00,0.11,0.0,9.784192947833777,0.0,0.37016129,0.0,0.084,0.0
2025-10-05 03:00:00,0.1,0.0,9.684192947833775,0.0,0.37016129,0.0,0.083,0.0
2025-10-05 04:00:00,0.12,0.0,9.564192947833778,0.0,0.37016129,0.0,0.081,0.0
2025-10-05 05:00:00,0.1,0.0,9.464192947833778,0.0,0.37016129,0.0,0.084,0.0
2025-10-05 06:00:00,0.11,0.13227,9.48646294783378,0.0,0.37016129,0.0,0.083,0.0
2025-10-05 07:00:00,0.45,1.539126,10.57558894783378,0.0,0.37016129,0.0,0.075,0.0
2025-10-05 08:00:00,0.19,2.7980720000000003,13.18366094783378,0.0,0.37016129,0.0,0.064,0.0
2025-10-05 09:00:00,0.11,3.698585,13.5,0.0,0.37016129,3.588585,0.059,-0.211726515
2025-10-05 10:00:00,2.4099999999999997,1.640176,12.730176,0.0,0.37016129,0.0,0.059,0.0
2025-10-05 11:00:00,2.642146153846154,2.920358,13.008387846153846,0.0,0.37016129,0.0,0.059,0.0
2025-10-05 12:00:00,2.6521461538461537,4.534172,13.5,0.0,0.37016129,1.8820258461538462,0.058,-0.10915749907692308
2025-10-05 13:00:00,2.772146153846154,4.207064,13.5,0.0,0.37016129,1.434917846153846,0.057,-0.08179031723076922
2025-10-05 14:00:00,2.76,1.315442,12.055442,0.0,0.37016129,0.0,0.057,0.0
2025-10-05 15:00:00,0.51,0.040898,11.58634,0.0,0.38016129,0.0,0.058,0.0
2025-10-05 16:00:00,0.2299999999999999,1.019521,12.375861,0.0,0.40016129,0.0,0.062,0.0
2025-10-05 17:00:00,1.4990816091954025,0.0939639999999999,10.970743390804598,0.0,0.40016129,0.0,0.092,0.0
2025-10-05 18:00:00,0.9790816091954024,0.0,9.991661781609196,0.0,0.40016129,0.0,0.103,0.0
2025-10-05 19:00:00,0.21,0.0,9.781661781609197,0.0,0.40016129,0.0,0.101,0.0
2025-10-05 20:00:00,0.22,0.0,9.561661781609194,0.0,0.40016129,0.0,0.091,0.0
2025-10-05 21:00:00,0.17,0.0,9.391661781609194,0.0,0.38016129,0.0,0.088,0.0
2025-10-05 22:00:00,0.16,0.0,9.231661781609194,0.0,0.38016129,0.0,0.091,0.0
2025-10-05 23:00:00,0.23,0.0,9.001661781609194,0.0,0.38016129,0.0,0.09,0.0
2025-10-06 00:00:00,0.14,0.0,8.861661781609193,0.0,0.37016129,0.0,0.089,0.0
2025-10-06 01:00:00,0.12,0.0,8.741661781609194,0.0,0.37016129,0.0,0.087,0.0
2025-10-06 02:00:00,0.11,0.0,8.631661781609195,0.0,0.37016129,0.0,0.084,0.0
2025-10-06 03:00:00,0.19,0.0,8.441661781609195,0.0,0.37016129,0.0,0.083,0.0
2025-10-06 04:00:00,0.2299999999999999,0.0,8.211661781609195,0.0,0.37016129,0.0,0.081,0.0
2025-10-06 05:00:00,0.22,0.0,7.991661781609195,0.0,0.37016129,0.0,0.084,0.0
2025-10-06 06:00:00,0.24,0.129822,7.881483781609195,0.0,0.37016129,0.0,0.083,0.0
2025-10-06 07:00:00,0.2299999999999999,1.523442,9.174925781609195,0.0,0.37016129,0.0,0.075,0.0
2025-10-06 08:00:00,0.22,2.737846,11.692771781609196,0.0,0.37016129,0.0,0.064,0.0
2025-10-06 09:00:00,0.14,3.57409,13.5,0.0,0.37016129,3.43409,0.059,-0.20261131
2025-10-06 10:00:00,0.16,4.195778000000001,13.5,0.0,0.37016129,4.0357780000000005,0.059,-0.238110902
2025-10-06 11:00:00,0.3821461538461539,4.494728,13.5,0.0,0.37016129,4.112581846153846,0.059,-0.2426423289230769
2025-10-06 12:00:00,0.4021461538461539,4.53111,13.5,0.0,0.37016129,4.128963846153846,0.058,-0.2394799030769231
2025-10-06 13:00:00,0.3621461538461539,4.245104,13.5,0.0,0.37016129,3.8829578461538468,0.057,-0.22132859723076928
2025-10-06 14:00:00,3.08,3.673141,13.5,0.0,0.37016129,0.5931410000000001,0.057,-0.03380903700000001
2025-10-06 15:00:00,1.38,2.784139,13.5,0.0,0.38016129,1.4041390000000002,0.058,-0.08144006200000002
2025-10-06 16:00:00,0.15,1.4849480000000002,13.5,0.0,0.40016129,1.3349480000000002,0.062,-0.08276677600000001
2025-10-06 17:00:00,0.7990816091954024,0.073794,12.7747123908046,0.0,0.40016129,0.0,0.092,0.0
2025-10-06 18:00:00,0.8990816091954024,0.0,11.875630781609196,0.0,0.40016129,0.0,0.103,0.0
2025-10-06 19:00:00,0.22,0.0,11.655630781609196,0.0,0.40016129,0.0,0.101,0.0
2025-10-06 20:00:00,0.17,0.0,11.485630781609196,0.0,0.40016129,0.0,0.091,0.0
2025-10-06 21:00:00,0.15,0.0,11.335630781609195,0.0,0.38016129,0.0,0.088,0.0
2025-10-06 22:00:00,0.22,0.0,11.115630781609196,0.0,0.38016129,0.0,0.091,0.0
2025-10-06 23:00:00,0.22,0.0,10.895630781609194,0.0,0.38016129,0.0,0.09,0.0
2025-10-07 00:00:00,0.22,0.0,10.675630781609192,0.0,0.37016129,0.0,0.089,0.0
2025-10-07 01:00:00,0.22,0.0,10.455630781609193,0.0,0.37016129,0.0,0.087,0.0
2025-10-07 02:00:00,0.22,0.0,10.235630781609192,0.0,0.37016129,0.0,0.084,0.0
2025-10-07 03:00:00,0.22,0.0,10.015630781609191,0.0,0.37016129,0.0,0.083,0.0
2025-10-07 04:00:00,0.22,0.0,9.79563078160919,0.0,0.37016129,0.0,0.081,0.0
2025-10-07 05:00:00,0.21,0.0,9.58563078160919,0.0,0.37016129,0.0,0.084,0.0
2025-10-07 06:00:00,0.23,0.052458,9.40808878160919,0.0,0.37016129,0.0,0.083,0.0
2025-10-07 07:00:00,0.25,1.591437,10.74952578160919,0.0,0.37016129,0.0,0.075,0.0
2025-10-07 08:00:00,0.5,0.364477,10.61400278160919,0.0,0.37016129,0.0,0.064,0.0
2025-10-07 09:00:00,0.63,1.1538430000000002,11.13784578160919,0.0,0.37016129,0.0,0.059,0.0
2025-10-07 10:00:00,0.1,4.312473,13.5,0.0,0.37016129,4.212473,0.059,-0.248535907
2025-10-07 11:00:00,0.4869102564102564,4.583333,13.5,0.0,0.37016129,4.096422743589743,0.059,-0.24168894187179482
2025-10-07 12:00:00,0.4869102564102564,4.583333,13.5,0.0,0.37016129,4.096422743589743,0.058,-0.23759251912820512
2025-10-07 13:00:00,0.4869102564102564,4.276983,13.5,0.0,0.37016129,3.790072743589744,0.057,-0.2160341463846154
2025-10-07 14:00:00,0.1,3.66352,13.5,0.0,0.37016129,3.56352,0.057,-0.20312064000000002
2025-10-07 15:00:00,0.1,2.763674,13.5,0.0,0.38016129,2.663674,0.058,-0.154493092
2025-10-07 16:00:00,0.11,1.454902,13.5,0.0,0.40016129,1.3449019999999998,0.062,-0.08338392399999998
2025-10-07 17:00:00,2.938469348659004,0.058496,10.620026651340996,0.0,0.40016129,0.0,0.092,0.0
2025-10-07 18:00:00,1.2584693486590035,0.0,9.361557302681993,0.0,0.40016129,0.0,0.103,0.0
2025-10-07 19:00:00,0.28,0.0,9.081557302681992,0.0,0.40016129,0.0,0.101,0.0
2025-10-07 20:00:00,0.5800000000000001,0.0,8.501557302681993,0.0,0.40016129,0.0,0.091,0.0
2025-10-07 21:00:00,0.59,0.0,7.911557302681993,0.0,0.38016129,0.0,0.088,0.0
2025-10-07 22:00:00,0.26,0.0,7.651557302681994,0.0,0.38016129,0.0,0.091,0.0
2025-10-07 23:00:00,0.2299999999999999,0.0,7.421557302681994,0.0,0.38016129,0.0,0.09,0.0
2025-10-08 00:00:00,0.22,0.0,7.201557302681994,0.0,0.37016129,0.0,0.089,0.0
2025-10-08 01:00:00,0.2299999999999999,0.0,6.971557302681995,0.0,0.37016129,0.0,0.087,0.0
2025-10-08 02:00:00,0.22,0.0,6.751557302681995,0.0,0.37016129,0.0,0.084,0.0
2025-10-08 03:00:00,0.22,0.0,6.531557302681995,0.0,0.37016129,0.0,0.083,0.0
2025-10-08 04:00:00,0.2299999999999999,0.0,6.301557302681996,0.0,0.37016129,0.0,0.081,0.0
2025-10-08 05:00:00,0.16,0.0,6.141557302681996,0.0,0.37016129,0.0,0.084,0.0
2025-10-08 06:00:00,0.1,0.112789,6.154346302681995,0.0,0.37016129,0.0,0.083,0.0
2025-10-08 07:00:00,0.12,1.532306,7.566652302681995,0.0,0.37016129,0.0,0.075,0.0
2025-10-08 08:00:00,0.23,2.812405,10.149057302681996,0.0,0.37016129,0.0,0.064,0.0
2025-10-08 09:00:00,0.13,3.702891,13.5,0.0,0.37016129,3.5728910000000003,0.059,-0.210800569
2025-10-08 10:00:00,2.4099999999999997,4.3168109999999995,13.5,0.0,0.37016129,1.9068109999999998,0.059,-0.11250184899999999
2025-10-08 11:00:00,2.776910256410256,4.583333,13.5,0.0,0.37016129,1.8064227435897435,0.059,-0.10657894187179487
2025-10-08 12:00:00,2.7869102564102564,4.583333,13.5,0.0,0.37016129,1.7964227435897433,0.058,-0.10419251912820511
2025-10-08 13:00:00,2.776910256410256,4.272783,13.5,0.0,0.37016129,1.4958727435897443,0.057,-0.08526474638461543
2025-10-08 14:00:00,2.4,3.641343,13.5,0.0,0.37016129,1.241343,0.057,-0.070756551
2025-10-08 15:00:00,0.1,2.733761,13.5,0.0,0.38016129,2.633761,0.058,-0.152758138
2025-10-08 16:00:00,0.1,1.421229,13.5,0.0,0.40016129,1.321229,0.062,-0.081916198
2025-10-08 17:00:00,1.9084693486590036,0.045588,11.637118651340996,0.0,0.40016129,0.0,0.092,0.0
2025-10-08 18:00:00,3.3484693486590036,0.0,8.288649302681993,0.0,0.40016129,0.0,0.103,0.0
2025-10-08 19:00:00,0.19,0.0,8.098649302681993,0.0,0.40016129,0.0,0.101,0.0
2025-10-08 20:00:00,0.24,0.0,7.858649302681993,0.0,0.40016129,0.0,0.091,0.0
2025-10-08 21:00:00,0.2299999999999999,0.0,7.6286493026819935,0.0,0.38016129,0.0,0.088,0.0
2025-10-08 22:00:00,0.21,0.0,7.4186493026819935,0.0,0.38016129,0.0,0.091,0.0
2025-10-08 23:00:00,0.11,0.0,7.308649302681993,0.0,0.38016129,0.0,0.09,0.0
2025-10-09 00:00:00,0.1,0.0,7.2086493026819936,0.0,0.37016129,0.0,0.089,0.0
2025-10-09 01:00:00,0.1,0.0,7.108649302681994,0.0,0.37016129,0.0,0.087,0.0
2025-10-09 02:00:00,0.09,0.0,7.018649302681994,0.0,0.37016129,0.0,0.084,0.0
2025-10-09 03:00:00,0.1,0.0,6.918649302681994,0.0,0.37016129,0.0,0.083,0.0
2025-10-09 04:00:00,0.1,0.0,6.818649302681995,0.0,0.37016129,0.0,0.081,0.0
2025-10-09 05:00:00,0.1,0.0,6.718649302681995,0.0,0.37016129,0.0,0.084,0.0
2025-10-09 06:00:00,0.12,0.120552,6.719201302681995,0.0,0.37016129,0.0,0.083,0.0
2025-10-09 07:00:00,0.1,1.555482,8.174683302681995,0.0,0.37016129,0.0,0.075,0.0
2025-10-09 08:00:00,0.1,2.762739,10.837422302681995,0.0,0.37016129,0.0,0.064,0.0
2025-10-09 09:00:00,0.3399999999999999,1.452957,11.950379302681997,0.0,0.37016129,0.0,0.059,0.0
2025-10-09 10:00:00,0.55,4.124027,13.5,0.0,0.37016129,3.574027,0.059,-0.210867593
2025-10-09 11:00:00,1.0369102564102564,4.427033000000001,13.5,0.0,0.37016129,3.3901227435897443,0.059,-0.2000172418717949
2025-10-09 12:00:00,0.8169102564102564,4.450454,13.5,0.0,0.37016129,3.633543743589743,0.058,-0.2107455371282051
2025-10-09 13:00:00,0.8069102564102564,4.119448,13.5,0.0,0.37016129,3.312537743589744,0.057,-0.1888146513846154
2025-10-09 14:00:00,0.13,3.511172,13.5,0.0,0.37016129,3.3811720000000003,0.057,-0.19272680400000003
2025-10-09 15:00:00,0.11,2.59438,13.5,0.0,0.38016129,2.4843800000000003,0.058,-0.14409404000000003
2025-10-09 16:00:00,0.1,1.322966,13.5,0.0,0.40016129,1.222966,0.062,-0.075823892
2025-10-09 17:00:00,1.228469348659004,0.024434,12.295964651340997,0.0,0.40016129,0.0,0.092,0.0
2025-10-09 18:00:00,1.208469348659004,0.0,11.087495302681994,0.0,0.40016129,0.0,0.103,0.0
2025-10-09 19:00:00,0.18,0.0,10.907495302681994,0.0,0.40016129,0.0,0.101,0.0
2025-10-09 20:00:00,0.3,0.0,10.607495302681992,0.0,0.40016129,0.0,0.091,0.0
2025-10-09 21:00:00,0.29,0.0,10.317495302681994,0.0,0.38016129,0.0,0.088,0.0
2025-10-09 22:00:00,0.23,0.0,10.087495302681994,0.0,0.38016129,0.0,0.091,0.0
2025-10-09 23:00:00,0.15,0.0,9.937495302681992,0.0,0.38016129,0.0,0.09,0.0
2025-10-10 00:00:00,0.22,0.0,9.717495302681993,0.0,0.37016129,0.0,0.089,0.0
2025-10-10 01:00:00,0.1,0.0,9.617495302681991,0.0,0.37016129,0.0,0.087,0.0
2025-10-10 02:00:00,0.1,0.0,9.517495302681994,0.0,0.37016129,0.0,0.084,0.0
2025-10-10 03:00:00,0.09,0.0,9.427495302681994,0.0,0.37016129,0.0,0.083,0.0
2025-10-10 04:00:00,0.1,0.0,9.327495302681994,0.0,0.37016129,0.0,0.081,0.0
2025-10-10 05:00:00,0.12,0.0,9.207495302681997,0.0,0.37016129,0.0,0.084,0.0
2025-10-10 06:00:00,0.1,0.017388,9.124883302681996,0.0,0.37016129,0.0,0.083,0.0
2025-10-10 07:00:00,0.11,0.785447,9.800330302681996,0.0,0.37016129,0.0,0.075,0.0
2025-10-10 08:00:00,0.13,1.244719,10.915049302681997,0.0,0.37016129,0.0,0.064,0.0
2025-10-10 09:00:00,0.14,3.603105,13.5,0.0,0.37016129,3.4631049999999997,0.059,-0.20432319499999996
2025-10-10 10:00:00,2.57,4.188068,13.5,0.0,0.37016129,1.6180680000000005,0.059,-0.09546601200000003
2025-10-10 11:00:00,2.771576923076923,1.769989,12.498412076923078,0.0,0.37016129,0.0,0.059,0.0
2025-10-10 12:00:00,2.651576923076923,4.433415,13.5,0.0,0.37016129,1.7818380769230773,0.058,-0.10334660846153848
2025-10-10 13:00:00,2.631576923076923,4.128362,13.5,0.0,0.37016129,1.4967850769230773,0.057,-0.0853167493846154
2025-10-10 14:00:00,2.4499999999999997,3.520899,13.5,0.0,0.37016129,1.0708990000000003,0.057,-0.061041243000000016
2025-10-10 15:00:00,0.13,0.693112,13.5,0.0,0.38016129,0.563112,0.058,-0.032660496
2025-10-10 16:00:00,0.44,1.279604,13.5,0.0,0.40016129,0.839604,0.062,-0.052055448
2025-10-10 17:00:00,0.8339022988505749,0.0,12.666097701149424,0.0,0.40016129,0.0,0.092,0.0
2025-10-10 18:00:00,0.8839022988505748,0.0,11.78219540229885,0.0,0.40016129,0.0,0.103,0.0
2025-10-10 19:00:00,0.25,0.0,11.53219540229885,0.0,0.40016129,0.0,0.101,0.0
2025-10-10 20:00:00,0.43,0.0,11.10219540229885,0.0,0.40016129,0.0,0.091,0.0
2025-10-10 21:00:00,0.34,0.0,10.76219540229885,0.0,0.38016129,0.0,0.088,0.0
2025-10-10 22:00:00,0.18,0.0,10.58219540229885,0.0,0.38016129,0.0,0.091,0.0
2025-10-10 23:00:00,0.11,0.0,10.472195402298851,0.0,0.38016129,0.0,0.09,0.0
2025-10-11 00:00:00,0.11,0.0,10.362195402298852,0.0,0.37016129,0.0,0.089,0.0
2025-10-11 01:00:00,0.1,0.0,10.262195402298852,0.0,0.37016129,0.0,0.087,0.0
2025-10-11 02:00:00,0.11,0.0,10.152195402298853,0.0,0.37016129,0.0,0.084,0.0
2025-10-11 03:00:00,0.11,0.0,10.042195402298852,0.0,0.37016129,0.0,0.083,0.0
2025-10-11 04:00:00,0.11,0.0,9.932195402298854,0.0,0.37016129,0.0,0.081,0.0
2025-10-11 05:00:00,0.12,0.0,9.812195402298856,0.0,0.37016129,0.0,0.084,0.0
2025-10-11 06:00:00,0.1,0.048639,9.760834402298856,0.0,0.37016129,0.0,0.083,0.0
2025-10-11 07:00:00,0.1,0.012384,9.673218402298854,0.0,0.37016129,0.0,0.075,0.0
2025-10-11 08:00:00,0.3299999999999999,0.233947,9.577165402298856,0.0,0.37016129,0.0,0.064,0.0
2025-10-11 09:00:00,0.41,0.195497,9.362662402298854,0.0,0.37016129,0.0,0.059,0.0
2025-10-11 10:00:00,2.75,0.339728,6.952390402298854,0.0,0.37016129,0.0,0.059,0.0
2025-10-11 11:00:00,2.731576923076923,0.6376470000000001,4.8584604792219315,0.0,0.37016129,0.0,0.059,0.0
2025-10-11 12:00:00,3.361576923076923,0.117061,1.6139445561450088,0.0,0.37016129,0.0,0.058,0.0
2025-10-11 13:00:00,3.171576923076923,0.080793,0.0,1.4768393669319142,0.37016129,0.0,0.057,0.5466687651863007
2025-10-11 14:00:00,2.4099999999999997,0.095373,0.0,2.3146269999999998,0.37016129,0.0,0.057,0.8567853161888298
2025-10-11 15:00:00,0.11,0.018734,0.0,0.091266,0.38016129,0.0,0.058,0.03469580029314
2025-10-11 16:00:00,0.11,0.0,0.0,0.11,0.40016129,0.0,0.062,0.0440177419
2025-10-11 17:00:00,0.6539022988505748,0.0,0.0,0.6539022988505748,0.40016129,0.0,0.092,0.26166638744201154
2025-10-11 18:00:00,0.6539022988505748,0.0,0.0,0.6539022988505748,0.40016129,0.0,0.103,0.26166638744201154
2025-10-11 19:00:00,0.11,0.0,0.0,0.11,0.40016129,0.0,0.101,0.0440177419
2025-10-11 20:00:00,0.11,0.0,0.0,0.11,0.40016129,0.0,0.091,0.0440177419
2025-10-11 21:00:00,0.12,0.0,0.0,0.12,0.38016129,0.0,0.088,0.0456193548
2025-10-11 22:00:00,0.1,0.0,0.0,0.1,0.38016129,0.0,0.091,0.038016129
2025-10-11 23:00:00,0.1,0.0,0.0,0.1,0.38016129,0.0,0.09,0.038016129
2025-10-12 00:00:00,0.1,0.0,0.0,0.1,0.37016129,0.0,0.089,0.037016129
2025-10-12 01:00:00,0.11,0.0,0.0,0.11,0.37016129,0.0,0.087,0.0407177419
2025-10-12 02:00:00,0.1,0.0,0.0,0.1,0.37016129,0.0,0.084,0.037016129
2025-10-12 03:00:00,0.11,0.0,0.0,0.11,0.37016129,0.0,0.083,0.0407177419
2025-10-12 04:00:00,0.09,0.0,0.0,0.09,0.37016129,0.0,0.081,0.0333145161
2025-10-12 05:00:00,0.1,0.0,0.0,0.1,0.37016129,0.0,0.084,0.037016129
2025-10-12 06:00:00,0.1,0.047014,0.0,0.052986000000000005,0.37016129,0.0,0.083,0.01961336611194
2025-10-12 07:00:00,0.1,1.44106,1.34106,0.0,0.37016129,0.0,0.075,0.0
2025-10-12 08:00:00,0.1,0.256987,1.498047,0.0,0.37016129,0.0,0.064,0.0
2025-10-12 09:00:00,0.1,1.3476400000000002,2.745687,0.0,0.37016129,0.0,0.059,0.0
2025-10-12 10:00:00,2.3899999999999997,1.763054,2.118741000000001,0.0,0.37016129,0.0,0.059,0.0
2025-10-12 11:00:00,2.591576923076923,1.038887,0.566051076923078,0.0,0.37016129,0.0,0.059,0.0
2025-10-12 12:00:00,2.601576923076923,1.099519,0.0,0.9360068461538451,0.37016129,0.0,0.058,0.3464735016211388
2025-10-12 13:00:00,2.591576923076923,1.011395,0.0,1.5801819230769227,0.37016129,0.0,0.057,0.5849221790808344
2025-10-12 14:00:00,2.4,1.28455,0.0,1.1154499999999998,0.37016129,0.0,0.057,0.4128964109304999
2025-10-12 15:00:00,0.1,1.08523,0.98523,0.0,0.38016129,0.0,0.058,0.0
2025-10-12 16:00:00,0.11,0.346322,1.221552,0.0,0.40016129,0.0,0.062,0.0
2025-10-12 17:00:00,0.6439022988505748,0.0,0.5776497011494252,0.0,0.40016129,0.0,0.092,0.0
2025-10-12 18:00:00,0.6539022988505748,0.0,0.0,0.07625259770114967,0.40016129,0.0,0.103,0.030513337861943088
2025-10-12 19:00:00,0.11,0.0,0.0,0.11,0.40016129,0.0,0.101,0.0440177419
2025-10-12 20:00:00,0.11,0.0,0.0,0.11,0.40016129,0.0,0.091,0.0440177419
2025-10-12 21:00:00,0.11,0.0,0.0,0.11,0.38016129,0.0,0.088,0.0418177419
2025-10-12 22:00:00,0.11,0.0,0.0,0.11,0.38016129,0.0,0.091,0.0418177419
2025-10-12 23:00:00,0.1,0.0,0.0,0.1,0.38016129,0.0,0.09,0.038016129
2025-10-13 00:00:00,0.1,0.0,0.0,0.1,0.37016129,0.0,0.089,0.037016129
2025-10-13 01:00:00,0.11,0.0,0.0,0.11,0.37016129,0.0,0.087,0.0407177419
2025-10-13 02:00:00,0.1,0.0,0.0,0.1,0.37016129,0.0,0.084,0.037016129
2025-10-13 03:00:00,0.11,0.0,0.0,0.11,0.37016129,0.0,0.083,0.0407177419
2025-10-13 04:00:00,0.09,0.0,0.0,0.09,0.37016129,0.0,0.081,0.0333145161
2025-10-13 05:00:00,0.1,0.0,0.0,0.1,0.37016129,0.0,0.084,0.037016129
2025-10-13 06:00:00,0.1,0.0594979999999999,0.0,0.04050200000000011,0.37016129,0.0,0.083,0.01499227256758004
2025-10-13 07:00:00,0.1,1.503587,1.403587,0.0,0.37016129,0.0,0.075,0.0
2025-10-13 08:00:00,0.1,2.746518,4.050105,0.0,0.37016129,0.0,0.064,0.0
2025-10-13 09:00:00,0.1,3.621808,7.571913,0.0,0.37016129,0.0,0.059,0.0
2025-10-13 10:00:00,0.09,4.202431,11.684344,0.0,0.37016129,0.0,0.059,0.0
2025-10-13 11:00:00,0.2915769230769231,4.497737,13.5,0.0,0.37016129,4.2061600769230765,0.059,-0.2481634445384615
2025-10-13 12:00:00,0.2915769230769231,4.4873829999999995,13.5,0.0,0.37016129,4.195806076923076,0.058,-0.24335675246153843
2025-10-13 13:00:00,1.0415769230769232,4.166598,13.5,0.0,0.37016129,3.125021076923076,0.057,-0.17812620138461535
2025-10-13 14:00:00,1.79,3.567167,13.5,0.0,0.37016129,1.777167,0.057,-0.101298519
2025-10-13 15:00:00,1.7,2.669082,13.5,0.0,0.38016129,0.969082,0.058,-0.056206756000000004
2025-10-13 16:00:00,1.81,1.323399,13.013399,0.0,0.40016129,0.0,0.062,0.0
2025-10-13 17:00:00,2.313902298850575,0.0,10.699496701149425,0.0,0.40016129,0.0,0.092,0.0
2025-10-13 18:00:00,1.5439022988505748,0.0,9.15559440229885,0.0,0.40016129,0.0,0.103,0.0
2025-10-13 19:00:00,0.36,0.0,8.79559440229885,0.0,0.40016129,0.0,0.101,0.0
2025-10-13 20:00:00,0.25,0.0,8.54559440229885,0.0,0.40016129,0.0,0.091,0.0
2025-10-13 21:00:00,0.96,0.0,7.58559440229885,0.0,0.38016129,0.0,0.088,0.0
2025-10-13 22:00:00,0.82,0.0,6.7655944022988495,0.0,0.38016129,0.0,0.091,0.0
2025-10-13 23:00:00,0.21,0.0,6.5555944022988495,0.0,0.38016129,0.0,0.09,0.0
2025-10-14 00:00:00,0.14,0.0,6.41559440229885,0.0,0.37016129,0.0,0.089,0.0
2025-10-14 01:00:00,1.04,0.0,5.37559440229885,0.0,0.37016129,0.0,0.087,0.0
2025-10-14 02:00:00,0.49,0.0,4.88559440229885,0.0,0.37016129,0.0,0.084,0.0
2025-10-14 03:00:00,0.5800000000000001,0.0,4.3055944022988495,0.0,0.37016129,0.0,0.083,0.0
2025-10-14 04:00:00,0.8999999999999999,0.0,3.4055944022988496,0.0,0.37016129,0.0,0.081,0.0
2025-10-14 05:00:00,0.5900000000000001,0.0,2.8155944022988493,0.0,0.37016129,0.0,0.084,0.0
2025-10-14 06:00:00,0.98,0.078481,1.914075402298849,0.0,0.37016129,0.0,0.083,0.0
2025-10-14 07:00:00,1.39,1.560108,2.0841834022988497,0.0,0.37016129,0.0,0.075,0.0
2025-10-14 08:00:00,0.4499999999999999,2.809844,4.44402740229885,0.0,0.37016129,0.0,0.064,0.0
2025-10-14 09:00:00,0.1,3.653037,7.99706440229885,0.0,0.37016129,0.0,0.059,0.0
2025-10-14 10:00:00,0.11,2.585393,10.47245740229885,0.0,0.37016129,0.0,0.059,0.0
2025-10-14 11:00:00,0.2915769230769231,4.486184000000001,13.5,0.0,0.37016129,4.194607076923077,0.059,-0.24748181753846155
2025-10-14 12:00:00,0.2915769230769231,4.4776869999999995,13.5,0.0,0.37016129,4.186110076923076,0.058,-0.24279438446153842
2025-10-14 13:00:00,0.2915769230769231,4.150201,13.5,0.0,0.37016129,3.858624076923077,0.057,-0.2199415723846154
2025-10-14 14:00:00,0.1,3.589643,13.5,0.0,0.37016129,3.489643,0.057,-0.19890965100000002
2025-10-14 15:00:00,0.1,2.643919,13.5,0.0,0.38016129,2.543919,0.058,-0.147547302
2025-10-14 16:00:00,0.1,1.316504,13.5,0.0,0.40016129,1.2165039999999998,0.062,-0.07542324799999998
2025-10-14 17:00:00,0.6739022988505748,0.0,12.826097701149424,0.0,0.40016129,0.0,0.092,0.0
2025-10-14 18:00:00,0.9439022988505748,0.0,11.882195402298851,0.0,0.40016129,0.0,0.103,0.0
2025-10-14 19:00:00,0.29,0.0,11.592195402298852,0.0,0.40016129,0.0,0.101,0.0
2025-10-14 20:00:00,0.19,0.0,11.402195402298853,0.0,0.40016129,0.0,0.091,0.0
2025-10-14 21:00:00,0.14,0.0,11.262195402298852,0.0,0.38016129,0.0,0.088,0.0
2025-10-14 22:00:00,0.1,0.0,11.162195402298853,0.0,0.38016129,0.0,0.091,0.0
2025-10-14 23:00:00,0.13,0.0,11.032195402298852,0.0,0.38016129,0.0,0.09,0.0
2025-10-15 00:00:00,0.11,0.0,10.922195402298852,0.0,0.37016129,0.0,0.089,0.0
2025-10-15 01:00:00,0.1,0.0,10.822195402298853,0.0,0.37016129,0.0,0.087,0.0
2025-10-15 02:00:00,0.38,0.0,10.442195402298852,0.0,0.37016129,0.0,0.084,0.0
2025-10-15 03:00:00,0.56,0.0,9.882195402298851,0.0,0.37016129,0.0,0.083,0.0
2025-10-15 04:00:00,0.33,0.0,9.552195402298851,0.0,0.37016129,0.0,0.081,0.0
2025-10-15 05:00:00,0.86,0.0,8.692195402298852,0.0,0.37016129,0.0,0.084,0.0
2025-10-15 06:00:00,0.59,0.054598,8.156793402298852,0.0,0.37016129,0.0,0.083,0.0
2025-10-15 07:00:00,0.53,1.53362,9.160413402298852,0.0,0.37016129,0.0,0.075,0.0
2025-10-15 08:00:00,0.5900000000000001,2.805363,11.375776402298852,0.0,0.37016129,0.0,0.064,0.0
2025-10-15 09:00:00,0.46,3.637167,13.5,0.0,0.37016129,3.177167,0.059,-0.18745285299999997
2025-10-15 10:00:00,2.76,4.21254,13.5,0.0,0.37016129,1.45254,0.059,-0.08569985999999999
2025-10-15 11:00:00,2.591576923076923,4.466687,13.5,0.0,0.37016129,1.8751100769230775,0.059,-0.11063149453846156
2025-10-15 12:00:00,2.591576923076923,4.442751,13.5,0.0,0.37016129,1.8511740769230776,0.058,-0.1073680964615385
2025-10-15 13:00:00,2.601576923076923,4.14996,13.5,0.0,0.37016129,1.548383076923077,0.057,-0.0882578353846154
2025-10-15 14:00:00,2.4099999999999997,3.542006,13.5,0.0,0.37016129,1.1320060000000005,0.057,-0.06452434200000003
2025-10-15 15:00:00,0.1,2.639425,13.5,0.0,0.38016129,2.539425,0.058,-0.14728665000000002
2025-10-15 16:00:00,0.1,1.303673,13.5,0.0,0.40016129,1.203673,0.062,-0.074627726
2025-10-15 17:00:00,0.8739022988505748,0.0,12.626097701149424,0.0,0.40016129,0.0,0.092,0.0
2025-10-15 18:00:00,3.183902298850575,0.0,9.44219540229885,0.0,0.40016129,0.0,0.103,0.0
2025-10-15 19:00:00,0.28,0.0,9.16219540229885,0.0,0.40016129,0.0,0.101,0.0
2025-10-15 20:00:00,0.24,0.0,8.92219540229885,0.0,0.40016129,0.0,0.091,0.0
2025-10-15 21:00:00,0.39,0.0,8.53219540229885,0.0,0.38016129,0.0,0.088,0.0
2025-10-15 22:00:00,0.2,0.0,8.33219540229885,0.0,0.38016129,0.0,0.091,0.0
2025-10-15 23:00:00,0.11,0.0,8.222195402298851,0.0,0.38016129,0.0,0.09,0.0
2025-10-16 00:00:00,0.44,0.0,7.782195402298851,0.0,0.37016129,0.0,0.089,0.0
2025-10-16 01:00:00,0.47,0.0,7.312195402298851,0.0,0.37016129,0.0,0.087,0.0
2025-10-16 02:00:00,0.5499999999999999,0.0,6.762195402298851,0.0,0.37016129,0.0,0.084,0.0
2025-10-16 03:00:00,0.96,0.0,5.802195402298851,0.0,0.37016129,0.0,0.083,0.0
2025-10-16 04:00:00,0.5,0.0,5.302195402298851,0.0,0.37016129,0.0,0.081,0.0
2025-10-16 05:00:00,0.75,0.0,4.552195402298851,0.0,0.37016129,0.0,0.084,0.0
2025-10-16 06:00:00,0.92,0.070135,3.702330402298851,0.0,0.37016129,0.0,0.083,0.0
2025-10-16 07:00:00,0.95,1.5512629999999998,4.303593402298851,0.0,0.37016129,0.0,0.075,0.0
2025-10-16 08:00:00,0.32,2.814918,6.7985114022988515,0.0,0.37016129,0.0,0.064,0.0
2025-10-16 09:00:00,0.1,3.681442,10.379953402298852,0.0,0.37016129,0.0,0.059,0.0
2025-10-16 10:00:00,0.1,4.269131000000001,13.5,0.0,0.37016129,4.169131000000001,0.059,-0.24597872900000003
2025-10-16 11:00:00,0.4931538461538462,4.557042,13.5,0.0,0.37016129,4.063888153846154,0.059,-0.23976940107692307
2025-10-16 12:00:00,0.4831538461538462,4.551664,13.5,0.0,0.37016129,4.068510153846153,0.058,-0.2359735889230769
2025-10-16 13:00:00,0.4831538461538462,4.220166,13.5,0.0,0.37016129,3.7370121538461536,0.057,-0.21300969276923076
2025-10-16 14:00:00,0.1,3.637842,13.5,0.0,0.37016129,3.537842,0.057,-0.201656994
2025-10-16 15:00:00,0.1,2.6537759999999997,13.5,0.0,0.38016129,2.5537759999999996,0.058,-0.148119008
2025-10-16 16:00:00,0.1,1.313815,13.5,0.0,0.40016129,1.2138149999999999,0.062,-0.07525652999999999
2025-10-16 17:00:00,1.2478045977011496,0.0,12.25219540229885,0.0,0.40016129,0.0,0.092,0.0
2025-10-16 18:00:00,1.6078045977011497,0.0,10.644390804597702,0.0,0.40016129,0.0,0.103,0.0
2025-10-16 19:00:00,0.45,0.0,10.194390804597704,0.0,0.40016129,0.0,0.101,0.0
2025-10-16 20:00:00,0.31,0.0,9.884390804597702,0.0,0.40016129,0.0,0.091,0.0
2025-10-16 21:00:00,0.44,0.0,9.444390804597704,0.0,0.38016129,0.0,0.088,0.0
2025-10-16 22:00:00,0.6699999999999999,0.0,8.774390804597703,0.0,0.38016129,0.0,0.091,0.0
2025-10-16 23:00:00,0.51,0.0,8.264390804597703,0.0,0.38016129,0.0,0.09,0.0
2025-10-17 00:00:00,0.21,0.0,8.054390804597702,0.0,0.37016129,0.0,0.089,0.0
2025-10-17 01:00:00,0.22,0.0,7.834390804597702,0.0,0.37016129,0.0,0.087,0.0
2025-10-17 02:00:00,0.54,0.0,7.294390804597702,0.0,0.37016129,0.0,0.084,0.0
2025-10-17 03:00:00,0.55,0.0,6.744390804597702,0.0,0.37016129,0.0,0.083,0.0
2025-10-17 04:00:00,0.96,0.0,5.784390804597702,0.0,0.37016129,0.0,0.081,0.0
2025-10-17 05:00:00,0.62,0.0,5.164390804597702,0.0,0.37016129,0.0,0.084,0.0
2025-10-17 06:00:00,0.64,0.0,4.524390804597703,0.0,0.37016129,0.0,0.083,0.0
2025-10-17 07:00:00,0.5700000000000001,1.689169,5.643559804597703,0.0,0.37016129,0.0,0.075,0.0
2025-10-17 08:00:00,0.22,2.993154,8.416713804597702,0.0,0.37016129,0.0,0.064,0.0
2025-10-17 09:00:00,0.22,3.904746,12.101459804597702,0.0,0.37016129,0.0,0.059,0.0
2025-10-17 10:00:00,2.53,4.476915,13.5,0.0,0.37016129,1.9469150000000002,0.059,-0.114867985
2025-10-17 11:00:00,2.933153846153846,4.583333,13.5,0.0,0.37016129,1.6501791538461537,0.059,-0.09736057007692306
2025-10-17 12:00:00,2.903153846153846,4.583333,13.5,0.0,0.37016129,1.6801791538461535,0.058,-0.0974503909230769
2025-10-17 13:00:00,2.903153846153846,4.297857,13.5,0.0,0.37016129,1.3947031538461534,0.057,-0.07949807976923075
2025-10-17 14:00:00,2.52,3.65198,13.5,0.0,0.37016129,1.13198,0.057,-0.06452286
2025-10-17 15:00:00,0.2299999999999999,2.726508,13.5,0.0,0.38016129,2.496508,0.058,-0.14479746400000001
2025-10-17 16:00:00,0.28,1.33873,13.5,0.0,0.40016129,1.05873,0.062,-0.06564125999999999
2025-10-17 17:00:00,1.4278045977011495,0.0,12.072195402298853,0.0,0.40016129,0.0,0.092,0.0
2025-10-17 18:00:00,2.7978045977011496,0.0,9.2743908045977,0.0,0.40016129,0.0,0.103,0.0
2025-10-17 19:00:00,1.24,0.0,8.0343908045977,0.0,0.40016129,0.0,0.101,0.0
2025-10-17 20:00:00,0.35,0.0,7.684390804597701,0.0,0.40016129,0.0,0.091,0.0
2025-10-17 21:00:00,0.37,0.0,7.314390804597701,0.0,0.38016129,0.0,0.088,0.0
2025-10-17 22:00:00,0.47,0.0,6.844390804597701,0.0,0.38016129,0.0,0.091,0.0
2025-10-17 23:00:00,0.35,0.0,6.4943908045977015,0.0,0.38016129,0.0,0.09,0.0
2025-10-18 00:00:00,0.35,0.0,6.144390804597702,0.0,0.37016129,0.0,0.089,0.0
2025-10-18 01:00:00,0.33,0.0,5.814390804597702,0.0,0.37016129,0.0,0.087,0.0
2025-10-18 02:00:00,0.33,0.0,5.484390804597702,0.0,0.37016129,0.0,0.084,0.0
2025-10-18 03:00:00,0.36,0.0,5.124390804597701,0.0,0.37016129,0.0,0.083,0.0
2025-10-18 04:00:00,0.36,0.0,4.764390804597701,0.0,0.37016129,0.0,0.081,0.0
2025-10-18 05:00:00,0.3399999999999999,0.0,4.424390804597701,0.0,0.37016129,0.0,0.084,0.0
2025-10-18 06:00:00,0.35,0.0,4.0743908045977015,0.0,0.37016129,0.0,0.083,0.0
2025-10-18 07:00:00,0.53,1.602985,5.147375804597702,0.0,0.37016129,0.0,0.075,0.0
2025-10-18 08:00:00,0.6,2.91093,7.458305804597701,0.0,0.37016129,0.0,0.064,0.0
2025-10-18 09:00:00,0.36,3.734886,10.833191804597702,0.0,0.37016129,0.0,0.059,0.0
2025-10-18 10:00:00,2.63,4.276143,12.479334804597702,0.0,0.37016129,0.0,0.059,0.0
2025-10-18 11:00:00,3.133153846153846,4.583333,13.5,0.0,0.37016129,1.4501791538461535,0.059,-0.08556057007692305
2025-10-18 12:00:00,3.353153846153846,4.583333,13.5,0.0,0.37016129,1.2301791538461537,0.058,-0.07135039092307692
2025-10-18 13:00:00,5.243153846153846,4.3257129999999995,12.582559153846152,0.0,0.37016129,0.0,0.057,0.0
2025-10-18 14:00:00,3.37,3.687544,12.900103153846151,0.0,0.37016129,0.0,0.057,0.0
2025-10-18 15:00:00,2.5700000000000003,2.669098,12.999201153846151,0.0,0.38016129,0.0,0.058,0.0
2025-10-18 16:00:00,1.78,1.276346,12.495547153846154,0.0,0.40016129,0.0,0.062,0.0
2025-10-18 17:00:00,1.2578045977011496,0.0,11.237742556145005,0.0,0.40016129,0.0,0.092,0.0
2025-10-18 18:00:00,1.2478045977011496,0.0,9.989937958443855,0.0,0.40016129,0.0,0.103,0.0
2025-10-18 19:00:00,0.2,0.0,9.789937958443856,0.0,0.40016129,0.0,0.101,0.0
2025-10-18 20:00:00,0.24,0.0,9.549937958443856,0.0,0.40016129,0.0,0.091,0.0
2025-10-18 21:00:00,0.12,0.0,9.429937958443857,0.0,0.38016129,0.0,0.088,0.0
2025-10-18 22:00:00,0.2,0.0,9.229937958443855,0.0,0.38016129,0.0,0.091,0.0
2025-10-18 23:00:00,0.25,0.0,8.979937958443857,0.0,0.38016129,0.0,0.09,0.0
2025-10-19 00:00:00,0.32,0.0,8.659937958443857,0.0,0.37016129,0.0,0.089,0.0
2025-10-19 01:00:00,0.2299999999999999,0.0,8.429937958443857,0.0,0.37016129,0.0,0.087,0.0
2025-10-19 02:00:00,0.2299999999999999,0.0,8.199937958443856,0.0,0.37016129,0.0,0.084,0.0
2025-10-19 03:00:00,0.2299999999999999,0.0,7.969937958443856,0.0,0.37016129,0.0,0.083,0.0
2025-10-19 04:00:00,0.22,0.0,7.749937958443857,0.0,0.37016129,0.0,0.081,0.0
2025-10-19 05:00:00,0.24,0.0,7.509937958443857,0.0,0.37016129,0.0,0.084,0.0
2025-10-19 06:00:00,0.88,0.0,6.629937958443857,0.0,0.37016129,0.0,0.083,0.0
2025-10-19 07:00:00,0.39,1.46145,7.701387958443856,0.0,0.37016129,0.0,0.075,0.0
2025-10-19 08:00:00,0.24,2.737436,10.198823958443857,0.0,0.37016129,0.0,0.064,0.0
2025-10-19 09:00:00,0.7,3.659147,13.157970958443856,0.0,0.37016129,0.0,0.059,0.0
2025-10-19 10:00:00,2.99,4.220628,13.5,0.0,0.37016129,1.2306279999999994,0.059,-0.07260705199999996
2025-10-19 11:00:00,2.764548076923077,0.758393,11.493844923076924,0.0,0.37016129,0.0,0.059,0.0
2025-10-19 12:00:00,2.784548076923077,0.80443,9.513726846153846,0.0,0.37016129,0.0,0.058,0.0
2025-10-19 13:00:00,2.774548076923077,0.738105,7.477283769230769,0.0,0.37016129,0.0,0.057,0.0
2025-10-19 14:00:00,2.42,0.600105,5.657388769230769,0.0,0.37016129,0.0,0.057,0.0
2025-10-19 15:00:00,0.22,0.301734,5.739122769230769,0.0,0.38016129,0.0,0.058,0.0
2025-10-19 16:00:00,0.32,1.234415,6.653537769230769,0.0,0.40016129,0.0,0.062,0.0
2025-10-19 17:00:00,1.6578548850574713,0.0,4.995682884173298,0.0,0.40016129,0.0,0.092,0.0
2025-10-19 18:00:00,3.187854885057471,0.0,1.8078279991158264,0.0,0.40016129,0.0,0.103,0.0
2025-10-19 19:00:00,0.21,0.0,1.5978279991158266,0.0,0.40016129,0.0,0.101,0.0
2025-10-19 20:00:00,0.25,0.0,1.3478279991158266,0.0,0.40016129,0.0,0.091,0.0
2025-10-19 21:00:00,0.3399999999999999,0.0,1.0078279991158268,0.0,0.38016129,0.0,0.088,0.0
2025-10-19 22:00:00,0.2299999999999999,0.0,0.7778279991158269,0.0,0.38016129,0.0,0.091,0.0
2025-10-19 23:00:00,0.22,0.0,0.5578279991158269,0.0,0.38016129,0.0,0.09,0.0
2025-10-20 00:00:00,0.2299999999999999,0.0,0.327827999115827,0.0,0.37016129,0.0,0.089,0.0
2025-10-20 01:00:00,0.2299999999999999,0.0,0.0978279991158271,0.0,0.37016129,0.0,0.087,0.0
2025-10-20 02:00:00,0.11,0.0,0.0,0.012172000884172904,0.37016129,0.0,0.084,0.004505603549166582
2025-10-20 03:00:00,0.2,0.0,0.0,0.2,0.37016129,0.0,0.083,0.074032258
2025-10-20 04:00:00,0.4599999999999999,0.0,0.0,0.4599999999999999,0.37016129,0.0,0.081,0.17027419339999997
2025-10-20 05:00:00,0.3999999999999999,0.0,0.0,0.3999999999999999,0.37016129,0.0,0.084,0.14806451599999995
2025-10-20 06:00:00,0.49,0.0,0.0,0.49,0.37016129,0.0,0.083,0.18137903209999998
2025-10-20 07:00:00,0.12,1.5712000000000002,1.4512,0.0,0.37016129,0.0,0.075,0.0
2025-10-20 08:00:00,0.14,0.246627,1.557827,0.0,0.37016129,0.0,0.064,0.0
2025-10-20 09:00:00,0.17,0.539588,1.927415,0.0,0.37016129,0.0,0.059,0.0
2025-10-20 10:00:00,0.15,0.924152,2.701567,0.0,0.37016129,0.0,0.059,0.0
2025-10-20 11:00:00,0.4345480769230769,2.30054,4.5675589230769225,0.0,0.37016129,0.0,0.059,0.0
2025-10-20 12:00:00,0.484548076923077,4.583333,8.666343846153845,0.0,0.37016129,0.0,0.058,0.0
2025-10-20 13:00:00,0.394548076923077,4.395619,12.667414769230769,0.0,0.37016129,0.0,0.057,0.0
2025-10-20 14:00:00,0.17,3.778757,13.5,0.0,0.37016129,3.608757,0.057,-0.20569914900000003
2025-10-20 15:00:00,0.16,2.744041,13.5,0.0,0.38016129,2.584041,0.058,-0.149874378
2025-10-20 16:00:00,0.27,1.297432,13.5,0.0,0.40016129,1.027432,0.062,-0.063700784
2025-10-20 17:00:00,1.2178548850574713,0.0,12.282145114942528,0.0,0.40016129,0.0,0.092,0.0
2025-10-20 18:00:00,1.3578548850574714,0.0,10.924290229885056,0.0,0.40016129,0.0,0.103,0.0
2025-10-20 19:00:00,0.16,0.0,10.764290229885056,0.0,0.40016129,0.0,0.101,0.0
2025-10-20 20:00:00,0.23,0.0,10.534290229885055,0.0,0.40016129,0.0,0.091,0.0
2025-10-20 21:00:00,0.36,0.0,10.174290229885056,0.0,0.38016129,0.0,0.088,0.0
2025-10-20 22:00:00,0.49,0.0,9.684290229885056,0.0,0.38016129,0.0,0.091,0.0
2025-10-20 23:00:00,0.64,0.0,9.044290229885055,0.0,0.38016129,0.0,0.09,0.0
2025-10-21 00:00:00,0.11,0.0,8.934290229885056,0.0,0.37016129,0.0,0.089,0.0
2025-10-21 01:00:00,0.1,0.0,8.834290229885056,0.0,0.37016129,0.0,0.087,0.0
2025-10-21 02:00:00,0.11,0.0,8.724290229885057,0.0,0.37016129,0.0,0.084,0.0
2025-10-21 03:00:00,0.11,0.0,8.614290229885057,0.0,0.37016129,0.0,0.083,0.0
2025-10-21 04:00:00,0.11,0.0,8.504290229885058,0.0,0.37016129,0.0,0.081,0.0
2025-10-21 05:00:00,0.11,0.0,8.394290229885058,0.0,0.37016129,0.0,0.084,0.0
2025-10-21 06:00:00,0.12,0.0,8.27429022988506,0.0,0.37016129,0.0,0.083,0.0
2025-10-21 07:00:00,0.12,1.043559,9.197849229885058,0.0,0.37016129,0.0,0.075,0.0
2025-10-21 08:00:00,0.15,0.808375,9.856224229885058,0.0,0.37016129,0.0,0.064,0.0
2025-10-21 09:00:00,0.14,2.609152,12.325376229885055,0.0,0.37016129,0.0,0.059,0.0
2025-10-21 10:00:00,0.15,2.892224,13.5,0.0,0.37016129,2.742224,0.059,-0.16179121600000002
2025-10-21 11:00:00,0.4345480769230769,4.583333,13.5,0.0,0.37016129,4.1487849230769225,0.059,-0.24477831046153842
2025-10-21 12:00:00,0.4345480769230769,3.75532,13.5,0.0,0.37016129,3.3207719230769235,0.058,-0.19260477153846156
2025-10-21 13:00:00,0.4345480769230769,4.40794,13.5,0.0,0.37016129,3.9733919230769232,0.057,-0.22648333961538464
2025-10-21 14:00:00,0.15,3.742476,13.5,0.0,0.37016129,3.592476,0.057,-0.204771132
2025-10-21 15:00:00,0.14,2.676674,13.5,0.0,0.38016129,2.536674,0.058,-0.14712709200000001
2025-10-21 16:00:00,0.14,1.233693,13.5,0.0,0.40016129,1.093693,0.062,-0.067808966
2025-10-21 17:00:00,2.597854885057471,0.0,10.90214511494253,0.0,0.40016129,0.0,0.092,0.0
2025-10-21 18:00:00,2.4178548850574715,0.0,8.484290229885058,0.0,0.40016129,0.0,0.103,0.0
2025-10-21 19:00:00,0.24,0.0,8.244290229885058,0.0,0.40016129,0.0,0.101,0.0
2025-10-21 20:00:00,0.24,0.0,8.004290229885058,0.0,0.40016129,0.0,0.091,0.0
2025-10-21 21:00:00,0.15,0.0,7.854290229885057,0.0,0.38016129,0.0,0.088,0.0
2025-10-21 22:00:00,0.22,0.0,7.634290229885058,0.0,0.38016129,0.0,0.091,0.0
2025-10-21 23:00:00,0.22,0.0,7.414290229885058,0.0,0.38016129,0.0,0.09,0.0
2025-10-22 00:00:00,0.22,0.0,7.194290229885058,0.0,0.37016129,0.0,0.089,0.0
2025-10-22 01:00:00,0.24,0.0,6.954290229885058,0.0,0.37016129,0.0,0.087,0.0
2025-10-22 02:00:00,0.22,0.0,6.734290229885058,0.0,0.37016129,0.0,0.084,0.0
2025-10-22 03:00:00,0.22,0.0,6.5142902298850585,0.0,0.37016129,0.0,0.083,0.0
2025-10-22 04:00:00,0.21,0.0,6.3042902298850585,0.0,0.37016129,0.0,0.081,0.0
2025-10-22 05:00:00,0.22,0.0,6.084290229885059,0.0,0.37016129,0.0,0.084,0.0
2025-10-22 06:00:00,0.2299999999999999,0.0,5.854290229885059,0.0,0.37016129,0.0,0.083,0.0
2025-10-22 07:00:00,0.22,0.031767,5.666057229885059,0.0,0.37016129,0.0,0.075,0.0
2025-10-22 08:00:00,0.41,2.909665,8.16572222988506,0.0,0.37016129,0.0,0.064,0.0
2025-10-22 09:00:00,0.22,3.932207,11.87792922988506,0.0,0.37016129,0.0,0.059,0.0
2025-10-22 10:00:00,2.52,2.6985569999999997,12.056486229885058,0.0,0.37016129,0.0,0.059,0.0
2025-10-22 11:00:00,2.7945480769230766,4.583333,13.5,0.0,0.37016129,1.788784923076923,0.059,-0.10553831046153846
2025-10-22 12:00:00,2.7945480769230766,4.583333,13.5,0.0,0.37016129,1.788784923076923,0.058,-0.10374952553846155
2025-10-22 13:00:00,2.7945480769230766,4.457503,13.5,0.0,0.37016129,1.6629549230769234,0.057,-0.09478843061538464
2025-10-22 14:00:00,2.6199999999999997,0.203319,11.083319,0.0,0.37016129,0.0,0.057,0.0
2025-10-22 15:00:00,0.36,2.737167,13.460486,0.0,0.38016129,0.0,0.058,0.0
2025-10-22 16:00:00,0.29,1.240835,13.5,0.0,0.40016129,0.9508349999999999,0.062,-0.058951769999999994
2025-10-22 17:00:00,2.2178548850574713,0.0,11.282145114942528,0.0,0.40016129,0.0,0.092,0.0
2025-10-22 18:00:00,3.3378548850574714,0.0,7.944290229885057,0.0,0.40016129,0.0,0.103,0.0
2025-10-22 19:00:00,0.55,0.0,7.3942902298850575,0.0,0.40016129,0.0,0.101,0.0
2025-10-22 20:00:00,0.38,0.0,7.014290229885058,0.0,0.40016129,0.0,0.091,0.0
2025-10-22 21:00:00,0.32,0.0,6.694290229885057,0.0,0.38016129,0.0,0.088,0.0
2025-10-22 22:00:00,0.27,0.0,6.424290229885058,0.0,0.38016129,0.0,0.091,0.0
2025-10-22 23:00:00,0.13,0.0,6.294290229885058,0.0,0.38016129,0.0,0.09,0.0
2025-10-23 00:00:00,0.11,0.0,6.1842902298850575,0.0,0.37016129,0.0,0.089,0.0
2025-10-23 01:00:00,0.11,0.0,6.074290229885057,0.0,0.37016129,0.0,0.087,0.0
2025-10-23 02:00:00,0.11,0.0,5.964290229885057,0.0,0.37016129,0.0,0.084,0.0
2025-10-23 03:00:00,0.11,0.0,5.8542902298850565,0.0,0.37016129,0.0,0.083,0.0
2025-10-23 04:00:00,0.11,0.0,5.744290229885056,0.0,0.37016129,0.0,0.081,0.0
2025-10-23 05:00:00,0.11,0.0,5.634290229885056,0.0,0.37016129,0.0,0.084,0.0
2025-10-23 06:00:00,0.12,0.0,5.514290229885056,0.0,0.37016129,0.0,0.083,0.0
2025-10-23 07:00:00,0.4,0.35176,5.466050229885056,0.0,0.37016129,0.0,0.075,0.0
2025-10-23 08:00:00,0.37,1.339592,6.435642229885056,0.0,0.37016129,0.0,0.064,0.0
2025-10-23 09:00:00,0.48,3.2922779999999996,9.247920229885056,0.0,0.37016129,0.0,0.059,0.0
2025-10-23 10:00:00,0.7,4.404152,12.952072229885054,0.0,0.37016129,0.0,0.059,0.0
2025-10-23 11:00:00,1.858192307692308,4.583333,13.5,0.0,0.37016129,2.7251406923076917,0.059,-0.1607833008461538
2025-10-23 12:00:00,1.848192307692308,4.583333,13.5,0.0,0.37016129,2.7351406923076915,0.058,-0.1586381601538461
2025-10-23 13:00:00,2.118192307692308,4.407676,13.5,0.0,0.37016129,2.289483692307692,0.057,-0.13050057046153846
2025-10-23 14:00:00,0.68,3.70816,13.5,0.0,0.37016129,3.0281599999999997,0.057,-0.17260512
2025-10-23 15:00:00,0.24,2.665028,13.5,0.0,0.38016129,2.425028,0.058,-0.14065162400000003
2025-10-23 16:00:00,0.32,1.195355,13.5,0.0,0.40016129,0.8753549999999999,0.062,-0.054272009999999996
2025-10-23 17:00:00,3.561419540229885,0.0,9.938580459770115,0.0,0.40016129,0.0,0.092,0.0
2025-10-23 18:00:00,3.711419540229885,0.0,6.22716091954023,0.0,0.40016129,0.0,0.103,0.0
2025-10-23 19:00:00,0.37,0.0,5.85716091954023,0.0,0.40016129,0.0,0.101,0.0
2025-10-23 20:00:00,0.28,0.0,5.57716091954023,0.0,0.40016129,0.0,0.091,0.0
2025-10-23 21:00:00,0.32,0.0,5.25716091954023,0.0,0.38016129,0.0,0.088,0.0
2025-10-23 22:00:00,0.26,0.0,4.99716091954023,0.0,0.38016129,0.0,0.091,0.0
2025-10-23 23:00:00,0.2299999999999999,0.0,4.76716091954023,0.0,0.38016129,0.0,0.09,0.0
2025-10-24 00:00:00,0.2299999999999999,0.0,4.537160919540231,0.0,0.37016129,0.0,0.089,0.0
2025-10-24 01:00:00,0.2299999999999999,0.0,4.307160919540231,0.0,0.37016129,0.0,0.087,0.0
2025-10-24 02:00:00,0.2299999999999999,0.0,4.077160919540232,0.0,0.37016129,0.0,0.084,0.0
2025-10-24 03:00:00,0.22,0.0,3.857160919540231,0.0,0.37016129,0.0,0.083,0.0
2025-10-24 04:00:00,0.2299999999999999,0.0,3.627160919540231,0.0,0.37016129,0.0,0.081,0.0
2025-10-24 05:00:00,0.6,0.0,3.0271609195402314,0.0,0.37016129,0.0,0.084,0.0
2025-10-24 06:00:00,0.55,0.0,2.477160919540231,0.0,0.37016129,0.0,0.083,0.0
2025-10-24 07:00:00,0.87,1.4740799999999998,3.081240919540231,0.0,0.37016129,0.0,0.075,0.0
2025-10-24 08:00:00,0.6599999999999999,2.8816930000000003,5.302933919540231,0.0,0.37016129,0.0,0.064,0.0
2025-10-24 09:00:00,0.2299999999999999,3.836277,8.90921091954023,0.0,0.37016129,0.0,0.059,0.0
2025-10-24 10:00:00,2.5599999999999996,4.38435,10.733560919540231,0.0,0.37016129,0.0,0.059,0.0
2025-10-24 11:00:00,4.299096153846154,4.583333,11.017797765694077,0.0,0.37016129,0.0,0.059,0.0
2025-10-24 12:00:00,3.619096153846154,4.583333,11.982034611847922,0.0,0.37016129,0.0,0.058,0.0
2025-10-24 13:00:00,3.1990961538461535,4.294403,13.077341458001769,0.0,0.37016129,0.0,0.057,0.0
2025-10-24 14:00:00,2.52,3.660323,13.5,0.0,0.37016129,1.140323,0.057,-0.064998411
2025-10-24 15:00:00,2.71,2.630944,13.420944,0.0,0.38016129,0.0,0.058,0.0
2025-10-24 16:00:00,0.98,0.06992,12.510864,0.0,0.40016129,0.0,0.062,0.0
2025-10-24 17:00:00,3.385709770114943,0.0,9.125154229885055,0.0,0.40016129,0.0,0.092,0.0
2025-10-24 18:00:00,2.1957097701149424,0.0,6.929444459770115,0.0,0.40016129,0.0,0.103,0.0
2025-10-24 19:00:00,1.01,0.0,5.919444459770115,0.0,0.40016129,0.0,0.101,0.0
2025-10-24 20:00:00,0.17,0.0,5.749444459770115,0.0,0.40016129,0.0,0.091,0.0
2025-10-24 21:00:00,0.15,0.0,5.5994444597701145,0.0,0.38016129,0.0,0.088,0.0
2025-10-24 22:00:00,1.18,0.0,4.419444459770115,0.0,0.38016129,0.0,0.091,0.0
2025-10-24 23:00:00,0.84,0.0,3.579444459770115,0.0,0.38016129,0.0,0.09,0.0
2025-10-25 00:00:00,0.45,0.0,3.1294444597701148,0.0,0.37016129,0.0,0.089,0.0
2025-10-25 01:00:00,0.12,0.0,3.0094444597701147,0.0,0.37016129,0.0,0.087,0.0
2025-10-25 02:00:00,0.1,0.0,2.9094444597701146,0.0,0.37016129,0.0,0.084,0.0
2025-10-25 03:00:00,0.11,0.0,2.7994444597701147,0.0,0.37016129,0.0,0.083,0.0
2025-10-25 04:00:00,0.11,0.0,2.689444459770115,0.0,0.37016129,0.0,0.081,0.0
2025-10-25 05:00:00,0.13,0.0,2.559444459770115,0.0,0.37016129,0.0,0.084,0.0
2025-10-25 06:00:00,0.11,0.0,2.449444459770115,0.0,0.37016129,0.0,0.083,0.0
2025-10-25 07:00:00,1.87,1.471005,2.050449459770115,0.0,0.37016129,0.0,0.075,0.0
2025-10-25 08:00:00,2.28,2.816208,2.586657459770115,0.0,0.37016129,0.0,0.064,0.0
2025-10-25 09:00:00,0.2,3.7918,6.178457459770115,0.0,0.37016129,0.0,0.059,0.0
2025-10-25 10:00:00,2.53,0.3622599999999999,4.010717459770115,0.0,0.37016129,0.0,0.059,0.0
2025-10-25 11:00:00,3.2390961538461536,2.7709810000000004,3.5426023059239617,0.0,0.37016129,0.0,0.059,0.0
2025-10-25 12:00:00,3.1690961538461537,4.580137,4.953643152077808,0.0,0.37016129,0.0,0.058,0.0
2025-10-25 13:00:00,3.2390961538461536,4.250603,5.965149998231654,0.0,0.37016129,0.0,0.057,0.0
2025-10-25 14:00:00,2.47,3.636855,7.132004998231654,0.0,0.37016129,0.0,0.057,0.0
2025-10-25 15:00:00,0.11,2.624919,9.646923998231651,0.0,0.38016129,0.0,0.058,0.0
2025-10-25 16:00:00,1.85,1.1800719999999998,8.976995998231653,0.0,0.40016129,0.0,0.062,0.0
2025-10-25 17:00:00,3.495709770114942,0.0,5.48128622811671,0.0,0.40016129,0.0,0.092,0.0
2025-10-25 18:00:00,3.0557097701149427,0.0,2.4255764580017676,0.0,0.40016129,0.0,0.103,0.0
2025-10-25 19:00:00,0.35,0.0,2.0755764580017675,0.0,0.40016129,0.0,0.101,0.0
2025-10-25 20:00:00,0.33,0.0,1.7455764580017674,0.0,0.40016129,0.0,0.091,0.0
2025-10-25 21:00:00,0.25,0.0,1.4955764580017674,0.0,0.38016129,0.0,0.088,0.0
2025-10-25 22:00:00,0.8500000000000001,0.0,0.6455764580017673,0.0,0.38016129,0.0,0.091,0.0
2025-10-25 23:00:00,0.86,0.0,0.0,0.21442354199823266,0.38016129,0.0,0.09,0.0815155303324173
2025-10-26 00:00:00,0.28,0.0,0.0,0.28,0.37016129,0.0,0.089,0.1036451612
2025-10-26 01:00:00,0.24,0.0,0.0,0.24,0.37016129,0.0,0.087,0.0888387096
2025-10-26 02:00:00,0.27,0.0,0.0,0.27,0.37016129,0.0,0.084,0.0999435483
2025-10-26 03:00:00,0.25,0.0,0.0,0.25,0.37016129,0.0,0.083,0.0925403225
2025-10-26 04:00:00,0.2299999999999999,0.0,0.0,0.2299999999999999,0.37016129,0.0,0.081,0.08513709669999996
2025-10-26 05:00:00,0.2299999999999999,0.0,0.0,0.2299999999999999,0.37016129,0.0,0.084,0.08513709669999996
2025-10-26 06:00:00,0.2299999999999999,0.0,0.0,0.2299999999999999,0.37016129,0.0,0.083,0.08513709669999996
2025-10-26 07:00:00,0.71,1.5521010000000002,0.8421010000000002,0.0,0.37016129,0.0,0.075,0.0
2025-10-26 08:00:00,0.52,2.897775,3.219876,0.0,0.37016129,0.0,0.064,0.0
2025-10-26 09:00:00,0.33,3.828455,6.718331,0.0,0.37016129,0.0,0.059,0.0
2025-10-26 10:00:00,2.99,4.35624,8.084571,0.0,0.37016129,0.0,0.059,0.0
2025-10-26 11:00:00,3.194730769230769,4.583333,9.47317323076923,0.0,0.37016129,0.0,0.059,0.0
2025-10-26 12:00:00,3.014730769230769,4.583333,11.04177546153846,0.0,0.37016129,0.0,0.058,0.0
2025-10-26 13:00:00,2.984730769230769,4.232886000000001,12.289930692307692,0.0,0.37016129,0.0,0.057,0.0
2025-10-26 14:00:00,2.4099999999999997,3.595712,13.475642692307693,0.0,0.37016129,0.0,0.057,0.0
2025-10-26 15:00:00,0.1,2.5785859999999996,13.5,0.0,0.38016129,2.4785859999999995,0.058,-0.14375798799999998
2025-10-26 16:00:00,0.11,1.146365,13.5,0.0,0.40016129,1.036365,0.062,-0.06425463
2025-10-26 17:00:00,1.7317068965517244,0.0,11.768293103448276,0.0,0.40016129,0.0,0.092,0.0
2025-10-26 18:00:00,1.7917068965517242,0.0,9.97658620689655,0.0,0.40016129,0.0,0.103,0.0
2025-10-26 19:00:00,0.5700000000000001,0.0,9.40658620689655,0.0,0.40016129,0.0,0.101,0.0
2025-10-26 20:00:00,0.48,0.0,8.92658620689655,0.0,0.40016129,0.0,0.091,0.0
2025-10-26 21:00:00,0.28,0.0,8.64658620689655,0.0,0.38016129,0.0,0.088,0.0
2025-10-26 22:00:00,0.36,0.0,8.286586206896551,0.0,0.38016129,0.0,0.091,0.0
2025-10-26 23:00:00,0.14,0.0,8.14658620689655,0.0,0.38016129,0.0,0.09,0.0
2025-10-27 00:00:00,0.1,0.0,8.046586206896551,0.0,0.37016129,0.0,0.089,0.0
2025-10-27 01:00:00,0.53,0.0,7.516586206896551,0.0,0.37016129,0.0,0.087,0.0
2025-10-27 02:00:00,0.51,0.0,7.006586206896551,0.0,0.37016129,0.0,0.084,0.0
2025-10-27 03:00:00,0.6000000000000001,0.0,6.4065862068965505,0.0,0.37016129,0.0,0.083,0.0
2025-10-27 04:00:00,0.48,0.0,5.92658620689655,0.0,0.37016129,0.0,0.081,0.0
2025-10-27 05:00:00,0.8600000000000001,0.0,5.06658620689655,0.0,0.37016129,0.0,0.084,0.0
2025-10-27 06:00:00,0.5499999999999999,0.0,4.51658620689655,0.0,0.37016129,0.0,0.083,0.0
2025-10-27 07:00:00,1.38,1.465366,4.60195220689655,0.0,0.37016129,0.0,0.075,0.0
2025-10-27 08:00:00,1.37,2.7582289999999996,5.990181206896549,0.0,0.37016129,0.0,0.064,0.0
2025-10-27 09:00:00,0.32,3.655766,9.32594720689655,0.0,0.37016129,0.0,0.059,0.0
2025-10-27 10:00:00,0.25,4.233836,13.309783206896553,0.0,0.37016129,0.0,0.059,0.0
2025-10-27 11:00:00,0.7247307692307694,4.507029999999999,13.5,0.0,0.37016129,3.78229923076923,0.059,-0.22315565461538456
2025-10-27 12:00:00,0.8347307692307694,4.470148,13.5,0.0,0.37016129,3.6354172307692307,0.058,-0.2108541993846154
2025-10-27 13:00:00,0.7147307692307694,4.129275,13.5,0.0,0.37016129,3.4145442307692306,0.057,-0.19462902115384614
2025-10-27 14:00:00,0.29,3.501783,13.5,0.0,0.37016129,3.211783,0.057,-0.183071631
2025-10-27 15:00:00,0.21,2.571332,13.5,0.0,0.38016129,2.361332,0.058,-0.136957256
2025-10-27 16:00:00,0.29,1.1404,13.5,0.0,0.40016129,0.8504,0.062,-0.0527248
2025-10-27 17:00:00,2.0817068965517245,0.0,11.418293103448276,0.0,0.40016129,0.0,0.092,0.0
2025-10-27 18:00:00,4.041706896551725,0.0,7.376586206896551,0.0,0.40016129,0.0,0.103,0.0
2025-10-27 19:00:00,0.53,0.0,6.846586206896551,0.0,0.40016129,0.0,0.101,0.0
2025-10-27 20:00:00,0.79,0.0,6.056586206896551,0.0,0.40016129,0.0,0.091,0.0
2025-10-27 21:00:00,0.81,0.0,5.24658620689655,0.0,0.38016129,0.0,0.088,0.0
2025-10-27 22:00:00,0.32,0.0,4.92658620689655,0.0,0.38016129,0.0,0.091,0.0
2025-10-27 23:00:00,0.15,0.0,4.77658620689655,0.0,0.38016129,0.0,0.09,0.0
2025-10-28 00:00:00,0.22,0.0,4.55658620689655,0.0,0.37016129,0.0,0.089,0.0
2025-10-28 01:00:00,0.15,0.0,4.40658620689655,0.0,0.37016129,0.0,0.087,0.0
2025-10-28 02:00:00,0.11,0.0,4.296586206896549,0.0,0.37016129,0.0,0.084,0.0
2025-10-28 03:00:00,0.11,0.0,4.186586206896549,0.0,0.37016129,0.0,0.083,0.0
2025-10-28 04:00:00,0.1,0.0,4.086586206896549,0.0,0.37016129,0.0,0.081,0.0
2025-10-28 05:00:00,0.11,0.0,3.9765862068965494,0.0,0.37016129,0.0,0.084,0.0
2025-10-28 06:00:00,0.74,0.0,3.2365862068965496,0.0,0.37016129,0.0,0.083,0.0
2025-10-28 07:00:00,0.34,1.448568,4.34515420689655,0.0,0.37016129,0.0,0.075,0.0
2025-10-28 08:00:00,0.16,2.773736,6.95889020689655,0.0,0.37016129,0.0,0.064,0.0
2025-10-28 09:00:00,0.1,3.674998,10.533888206896547,0.0,0.37016129,0.0,0.059,0.0
2025-10-28 10:00:00,0.1,4.207049,13.5,0.0,0.37016129,4.107049,0.059,-0.24231589099999998
2025-10-28 11:00:00,0.6847307692307694,4.464191,13.5,0.0,0.37016129,3.77946023076923,0.059,-0.22298815361538457
2025-10-28 12:00:00,0.6747307692307694,4.452756999999999,13.5,0.0,0.37016129,3.77802623076923,0.058,-0.21912552138461536
2025-10-28 13:00:00,0.6847307692307694,4.1350810000000005,13.5,0.0,0.37016129,3.450350230769231,0.057,-0.1966699631538462
2025-10-28 14:00:00,0.11,3.551683,13.5,0.0,0.37016129,3.4416830000000003,0.057,-0.19617593100000003
2025-10-28 15:00:00,0.11,2.559281,13.5,0.0,0.38016129,2.449281,0.058,-0.142058298
2025-10-28 16:00:00,0.11,1.112509,13.5,0.0,0.40016129,1.0025089999999999,0.062,-0.06215555799999999
2025-10-28 17:00:00,1.7417068965517244,0.0,11.758293103448276,0.0,0.40016129,0.0,0.092,0.0
2025-10-28 18:00:00,2.011706896551724,0.0,9.746586206896552,0.0,0.40016129,0.0,0.103,0.0
2025-10-28 19:00:00,0.36,0.0,9.386586206896553,0.0,0.40016129,0.0,0.101,0.0
2025-10-28 20:00:00,0.55,0.0,8.836586206896552,0.0,0.40016129,0.0,0.091,0.0
2025-10-28 21:00:00,0.75,0.0,8.086586206896552,0.0,0.38016129,0.0,0.088,0.0
2025-10-28 22:00:00,1.39,0.0,6.696586206896552,0.0,0.38016129,0.0,0.091,0.0
2025-10-28 23:00:00,1.06,0.0,5.636586206896553,0.0,0.38016129,0.0,0.09,0.0
2025-10-29 00:00:00,1.05,0.0,4.586586206896553,0.0,0.37016129,0.0,0.089,0.0
2025-10-29 01:00:00,1.05,0.0,3.536586206896553,0.0,0.37016129,0.0,0.087,0.0
2025-10-29 02:00:00,1.06,0.0,2.476586206896553,0.0,0.37016129,0.0,0.084,0.0
2025-10-29 03:00:00,1.05,0.0,1.426586206896553,0.0,0.37016129,0.0,0.083,0.0
2025-10-29 04:00:00,1.07,0.0,0.3565862068965528,0.0,0.37016129,0.0,0.081,0.0
2025-10-29 05:00:00,1.09,0.0,0.0,0.7334137931034472,0.37016129,0.0,0.084,0.2714813957589651
2025-10-29 06:00:00,1.07,0.0,0.0,1.07,0.37016129,0.0,0.083,0.3960725803
2025-10-29 07:00:00,1.13,1.592483,0.462483,0.0,0.37016129,0.0,0.075,0.0
2025-10-29 08:00:00,0.1,0.455807,0.81829,0.0,0.37016129,0.0,0.064,0.0
2025-10-29 09:00:00,0.09,1.6817529999999998,2.410043,0.0,0.37016129,0.0,0.059,0.0
2025-10-29 10:00:00,2.4,4.320901,4.330944000000001,0.0,0.37016129,0.0,0.059,0.0
2025-10-29 11:00:00,2.974730769230769,4.53886,5.895073230769231,0.0,0.37016129,0.0,0.059,0.0
2025-10-29 12:00:00,2.974730769230769,4.5328029999999995,7.453145461538462,0.0,0.37016129,0.0,0.058,0.0
2025-10-29 13:00:00,2.974730769230769,4.253773,8.732187692307694,0.0,0.37016129,0.0,0.057,0.0
2025-10-29 14:00:00,2.4,3.653654,9.985841692307694,0.0,0.37016129,0.0,0.057,0.0
2025-10-29 15:00:00,0.1,1.365003,11.250844692307696,0.0,0.38016129,0.0,0.058,0.0
2025-10-29 16:00:00,0.1,1.155513,12.306357692307694,0.0,0.40016129,0.0,0.062,0.0
2025-10-29 17:00:00,1.9317068965517243,0.0,10.37465079575597,0.0,0.40016129,0.0,0.092,0.0
2025-10-29 18:00:00,2.121706896551724,0.0,8.252943899204247,0.0,0.40016129,0.0,0.103,0.0
2025-10-29 19:00:00,0.29,0.0,7.962943899204247,0.0,0.40016129,0.0,0.101,0.0
2025-10-29 20:00:00,0.49,0.0,7.472943899204247,0.0,0.40016129,0.0,0.091,0.0
2025-10-29 21:00:00,0.44,0.0,7.032943899204247,0.0,0.38016129,0.0,0.088,0.0
2025-10-29 22:00:00,0.35,0.0,6.682943899204247,0.0,0.38016129,0.0,0.091,0.0
2025-10-29 23:00:00,0.2299999999999999,0.0,6.452943899204247,0.0,0.38016129,0.0,0.09,0.0
2025-10-30 00:00:00,0.2299999999999999,0.0,6.222943899204248,0.0,0.37016129,0.0,0.089,0.0
2025-10-30 01:00:00,0.17,0.0,6.052943899204248,0.0,0.37016129,0.0,0.087,0.0
2025-10-30 02:00:00,0.1,0.0,5.952943899204248,0.0,0.37016129,0.0,0.084,0.0
2025-10-30 03:00:00,0.1,0.0,5.852943899204249,0.0,0.37016129,0.0,0.083,0.0
2025-10-30 04:00:00,0.11,0.0,5.742943899204248,0.0,0.37016129,0.0,0.081,0.0
2025-10-30 05:00:00,0.11,0.0,5.632943899204248,0.0,0.37016129,0.0,0.084,0.0
2025-10-30 06:00:00,0.23,0.0,5.402943899204248,0.0,0.37016129,0.0,0.083,0.0
2025-10-30 07:00:00,0.12,1.520631,6.803574899204248,0.0,0.37016129,0.0,0.075,0.0
2025-10-30 08:00:00,0.18,2.878792,9.502366899204247,0.0,0.37016129,0.0,0.064,0.0
2025-10-30 09:00:00,0.54,3.72669,12.689056899204248,0.0,0.37016129,0.0,0.059,0.0
2025-10-30 10:00:00,0.22,1.385518,13.5,0.0,0.37016129,1.165518,0.059,-0.068765562
2025-10-30 11:00:00,0.5336347577728666,4.5347,13.5,0.0,0.37016129,4.001065242227133,0.059,-0.23606284929140084
2025-10-30 12:00:00,0.4136347577728667,4.509257,13.5,0.0,0.37016129,4.095622242227133,0.058,-0.23754609004917374
2025-10-30 13:00:00,0.4036347577728667,4.184667,13.5,0.0,0.37016129,3.781032242227133,0.057,-0.2155188378069466
2025-10-30 14:00:00,0.22,1.594707,13.5,0.0,0.37016129,1.3747070000000001,0.057,-0.078358299
2025-10-30 15:00:00,0.21,0.307557,13.5,0.0,0.38016129,0.09755700000000003,0.058,-0.005658306000000002
2025-10-30 16:00:00,0.21,1.129496,13.5,0.0,0.40016129,0.9194960000000001,0.062,-0.057008752
2025-10-30 17:00:00,1.0997446571252651,0.0,12.400255342874734,0.0,0.40016129,0.0,0.092,0.0
2025-10-30 18:00:00,1.289744657125265,0.0,11.11051068574947,0.0,0.40016129,0.0,0.103,0.0
2025-10-30 19:00:00,0.26,0.0,10.85051068574947,0.0,0.40016129,0.0,0.101,0.0
2025-10-30 20:00:00,0.55,0.0,10.300510685749469,0.0,0.40016129,0.0,0.091,0.0
2025-10-30 21:00:00,0.43,0.0,9.870510685749467,0.0,0.38016129,0.0,0.088,0.0
2025-10-30 22:00:00,0.5,0.0,9.370510685749467,0.0,0.38016129,0.0,0.091,0.0
2025-10-30 23:00:00,0.54,0.0,8.83051068574947,0.0,0.38016129,0.0,0.09,0.0
2025-10-31 00:00:00,0.54,0.0,8.29051068574947,0.0,0.37016129,0.0,0.089,0.0
2025-10-31 01:00:00,0.6100000000000001,0.0,7.6805106857494705,0.0,0.37016129,0.0,0.087,0.0
2025-10-31 02:00:00,0.57,0.0,7.11051068574947,0.0,0.37016129,0.0,0.084,0.0
2025-10-31 03:00:00,0.51,0.0,6.60051068574947,0.0,0.37016129,0.0,0.083,0.0
2025-10-31 04:00:00,0.5499999999999999,0.0,6.050510685749471,0.0,0.37016129,0.0,0.081,0.0
2025-10-31 05:00:00,0.5499999999999999,0.0,5.500510685749471,0.0,0.37016129,0.0,0.084,0.0
2025-10-31 06:00:00,0.48,0.0,5.020510685749471,0.0,0.37016129,0.0,0.083,0.0
2025-10-31 07:00:00,0.48,0.054144,4.594654685749472,0.0,0.37016129,0.0,0.075,0.0
2025-10-31 08:00:00,1.63,1.557875,4.522529685749472,0.0,0.37016129,0.0,0.064,0.0
2025-10-31 09:00:00,0.2,1.077086,5.399615685749472,0.0,0.37016129,0.0,0.059,0.0
2025-10-31 10:00:00,2.8099999999999996,0.774679,3.3642946857494724,0.0,0.37016129,0.0,0.059,0.0
2025-10-31 11:00:00,2.7436347577728664,1.224622,1.8452819279766064,0.0,0.37016129,0.0,0.059,0.0
2025-10-31 12:00:00,2.7236347577728663,0.455384,0.0,0.42296882979625994,0.37016129,0.0,0.058,0.156566687667174
2025-10-31 13:00:00,2.7036347577728663,0.588586,0.0,2.1150487577728665,0.37016129,0.0,0.057,0.7829091765901017
2025-10-31 14:00:00,3.74,0.421542,0.0,3.318458,0.37016129,0.0,0.057,1.22836469409082
2025-10-31 15:00:00,0.4399999999999999,0.336648,0.0,0.10335199999999989,0.38016129,0.0,0.058,0.03929042964407996
2025-10-31 16:00:00,0.12,1.214209,1.0942090000000002,0.0,0.40016129,0.0,0.062,0.0
2025-10-31 17:00:00,0.6597446571252652,0.0,0.434464342874735,0.0,0.40016129,0.0,0.092,0.0
2025-10-31 18:00:00,0.6697446571252652,0.0,0.0,0.2352803142505302,0.40016129,0.0,0.103,0.09415007406209755
2025-10-31 19:00:00,0.12,0.0,0.0,0.12,0.40016129,0.0,0.101,0.0480193548
2025-10-31 20:00:00,0.21,0.0,0.0,0.21,0.40016129,0.0,0.091,0.0840338709
2025-10-31 21:00:00,0.12,0.0,0.0,0.12,0.38016129,0.0,0.088,0.0456193548
2025-10-31 22:00:00,0.25,0.0,0.0,0.25,0.38016129,0.0,0.091,0.0950403225
2025-10-31 23:00:00,0.48,0.0,0.0,0.48,0.38016129,0.0,0.09,0.1824774192
2025-10-31 23:59:59,0.1,0.0,0.0,0.1,150.0,0.0,0.0,15.0
2025-11-01 00:00:00,0.9034130984547936,0.0,0.0,0.9034130984547936,0.370833333,0.0,0.087,0.3350156903758482
2025-11-01 01:00:00,1.122886337062455,0.0,0.0,1.122886337062455,0.370833333,0.0,0.086,0.41640368295303165
2025-11-01 02:00:00,1.1509584954890164,0.0,0.0,1.1509584954890164,0.370833333,0.0,0.084,0.4268137750268574
2025-11-01 03:00:00,1.263247129195262,0.0,0.0,1.263247129195262,0.370833333,0.0,0.083,0.4684541433221606
2025-11-01 04:00:00,1.209654826744554,0.0,0.0,1.209654826744554,0.370833333,0.0,0.086,0.4485803311812205
2025-11-01 05:00:00,1.3066313740363114,0.0,0.0,1.3066313740363114,0.370833333,0.0,0.087,0.484542467436255
2025-11-01 06:00:00,1.3423595756701163,0.0,0.0,1.3423595756701163,0.370833333,0.0,0.083,0.4977916755302149
2025-11-01 07:00:00,1.270903172402506,1.630682,0.359778827597494,0.0,0.370833333,0.0,0.072,0.0
2025-11-01 08:00:00,1.1024702218431377,3.082341,2.3396496057543565,0.0,0.370833333,0.0,0.064,0.0
2025-11-01 09:00:00,1.1713746107083336,3.994215,5.162489995046023,0.0,0.370833333,0.0,0.061,0.0
2025-11-01 10:00:00,2.9303475573964235,4.55476,6.7869024376496,0.0,0.370833333,0.0,0.061,0.0
2025-11-01 11:00:00,3.070390012718582,4.583333,8.299845424931018,0.0,0.370833333,0.0,0.06,0.0
2025-11-01 12:00:00,2.6416515931129174,4.583333,10.2415268318181,0.0,0.370833333,0.0,0.06,0.0
2025-11-01 13:00:00,2.718212025185357,4.307043999999999,11.83035880663274,0.0,0.370833333,0.0,0.058,0.0
2025-11-01 14:00:00,2.476088993766612,3.670213,13.024482812866127,0.0,0.370833333,0.0,0.058,0.0
2025-11-01 15:00:00,0.1837450369738561,2.624089,13.5,0.0,0.380833333,2.440343963026144,0.064,-0.15618201363367323
2025-11-01 16:00:00,0.6941479174567904,1.10232,13.5,0.0,0.400833333,0.4081720825432096,0.09,-0.03673548742888886
2025-11-01 17:00:00,1.9916327944895544,0.0,11.508367205510446,0.0,0.400833333,0.0,0.095,0.0
2025-11-01 18:00:00,2.1753778314634102,0.0,9.332989374047036,0.0,0.400833333,0.0,0.088,0.0
2025-11-01 19:00:00,0.5052988516781047,0.0,8.827690522368929,0.0,0.400833333,0.0,0.085,0.0
2025-11-01 20:00:00,0.5614431685312274,0.0,8.266247353837702,0.0,0.400833333,0.0,0.085,0.0
2025-11-01 21:00:00,0.8549248248089145,0.0,7.411322529028787,0.0,0.380833333,0.0,0.088,0.0
2025-11-01 22:00:00,1.1994467691348951,0.0,6.211875759893892,0.0,0.380833333,0.0,0.088,0.0
2025-11-01 23:00:00,0.8523728104065,0.0,5.359502949487392,0.0,0.380833333,0.0,0.086,0.0
2025-11-02 00:00:00,1.0105977033562097,0.0,4.348905246131182,0.0,0.370833333,0.0,0.087,0.0
2025-11-02 01:00:00,0.9876295737344774,0.0,3.361275672396705,0.0,0.370833333,0.0,0.086,0.0
2025-11-02 02:00:00,0.9799735305272336,0.0,2.3813021418694715,0.0,0.370833333,0.0,0.084,0.0
2025-11-02 03:00:00,1.1075742506479669,0.0,1.2737278912215046,0.0,0.370833333,0.0,0.083,0.0
2025-11-02 04:00:00,1.122886337062455,0.0,0.1508415541590495,0.0,0.370833333,0.0,0.086,0.0
2025-11-02 05:00:00,1.1866866971228216,0.0,0.0,1.035845142963772,0.370833333,0.0,0.087,0.38412590683711706
2025-11-02 06:00:00,1.255591085988018,0.0,0.0,1.255591085988018,0.370833333,0.0,0.083,0.46561502730202625
2025-11-02 07:00:00,1.2147588555493831,1.410338,0.1955791444506167,0.0,0.370833333,0.0,0.072,0.0
2025-11-02 08:00:00,1.2122068411469684,2.848824,1.8321963033036484,0.0,0.370833333,0.0,0.064,0.0
2025-11-02 09:00:00,0.6992519462616196,3.786436,4.919380357042029,0.0,0.370833333,0.0,0.061,0.0
2025-11-02 10:00:00,2.889515326957788,4.353325,6.383190030084242,0.0,0.370833333,0.0,0.061,0.0
2025-11-02 11:00:00,3.242914313945689,4.475484000000001,7.6157597161385535,0.0,0.370833333,0.0,0.06,0.0
2025-11-02 12:00:00,3.758421223233453,4.38602,8.2433584929051,0.0,0.370833333,0.0,0.06,0.0
2025-11-02 13:00:00,3.0055769745211247,4.1277539999999995,9.365535518383975,0.0,0.370833333,0.0,0.058,0.0
2025-11-02 14:00:00,2.7312904340080792,3.5234430000000003,10.157688084375897,0.0,0.370833333,0.0,0.058,0.0
2025-11-02 15:00:00,0.4823307220563727,2.49744,12.172797362319525,0.0,0.380833333,0.0,0.064,0.0
2025-11-02 16:00:00,0.6482116582133262,0.94467,12.469255704106198,0.0,0.400833333,0.0,0.09,0.0
2025-11-02 17:00:00,1.8090020386521,0.0,10.660253665454098,0.0,0.400833333,0.0,0.095,0.0
2025-11-02 18:00:00,3.1539136287246317,0.0,7.506340036729466,0.0,0.400833333,0.0,0.088,0.0
2025-11-02 19:00:00,1.2836632444145792,0.0,6.222676792314887,0.0,0.400833333,0.0,0.085,0.0
2025-11-02 20:00:00,1.1203343226600406,0.0,5.102342469654847,0.0,0.400833333,0.0,0.085,0.0
2025-11-02 21:00:00,1.2096548267445535,0.0,3.8926876429102935,0.0,0.380833333,0.0,0.088,0.0
2025-11-02 22:00:00,1.2300709419638711,0.0,2.6626167009464226,0.0,0.380833333,0.0,0.088,0.0
2025-11-02 23:00:00,1.2913192876218231,0.0,1.3712974133245994,0.0,0.380833333,0.0,0.086,0.0
2025-11-03 00:00:00,1.6434972751550478,0.0,0.0,0.2721998618304484,0.370833333,0.0,0.087,0.10094078200472467
2025-11-03 01:00:00,1.5950090015091694,0.0,0.0,1.5950090015091694,0.370833333,0.0,0.086,0.5914825041946473
2025-11-03 02:00:00,1.6894335343985118,0.0,0.0,1.6894335343985118,0.370833333,0.0,0.084,0.6264982684429703
2025-11-03 03:00:00,1.6996415920081709,0.0,0.0,1.6996415920081709,0.370833333,0.0,0.083,0.6302837564698162
2025-11-03 04:00:00,1.804274182507172,0.0,0.0,1.804274182507172,0.370833333,0.0,0.086,0.6690850087449849
2025-11-03 05:00:00,1.6383932463502184,0.0,0.0,1.6383932463502184,0.370833333,0.0,0.087,0.6075708283087415
2025-11-03 06:00:00,1.9089067730061735,0.0,0.0,1.9089067730061735,0.370833333,0.0,0.083,0.7078862610201537
2025-11-03 07:00:00,1.81958626892166,1.434528,0.0,0.38505826892165995,0.370833333,0.0,0.072,0.14279244126342946
2025-11-03 08:00:00,0.9850775593320628,2.811823,1.826745440667937,0.0,0.370833333,0.0,0.064,0.0
2025-11-03 09:00:00,0.4236343908008352,4.001654,5.404765049867102,0.0,0.370833333,0.0,0.061,0.0
2025-11-03 10:00:00,0.4236343908008353,4.583333,9.564463659066266,0.0,0.370833333,0.0,0.061,0.0
2025-11-03 11:00:00,0.4625722763324766,2.248249,11.35014038273379,0.0,0.370833333,0.0,0.06,0.0
2025-11-03 12:00:00,0.5467887516121608,0.7524500000000001,11.555801631121629,0.0,0.370833333,0.0,0.06,0.0
2025-11-03 13:00:00,0.6692854429280649,2.2369299999999996,13.123446188193563,0.0,0.370833333,0.0,0.058,0.0
2025-11-03 14:00:00,1.2096548267445535,0.2411299999999999,12.15492136144901,0.0,0.370833333,0.0,0.058,0.0
2025-11-03 15:00:00,0.882996983235476,0.0,11.271924378213534,0.0,0.380833333,0.0,0.064,0.0
2025-11-03 16:00:00,0.3266578435090776,0.042142,10.987408534704455,0.0,0.400833333,0.0,0.09,0.0
2025-11-03 17:00:00,1.279957056241134,0.0,9.70745147846332,0.0,0.400833333,0.0,0.095,0.0
2025-11-03 18:00:00,2.071081520989682,0.0,7.636369957473639,0.0,0.400833333,0.0,0.088,0.0
2025-11-03 19:00:00,0.6482116582133262,0.0,6.988158299260313,0.0,0.400833333,0.0,0.085,0.0
2025-11-03 20:00:00,0.7349801478954251,0.0,6.253178151364888,0.0,0.400833333,0.0,0.085,0.0
2025-11-03 21:00:00,1.036117847380356,0.0,5.217060303984532,0.0,0.380833333,0.0,0.088,0.0
2025-11-03 22:00:00,1.1203343226600402,0.0,4.096725981324491,0.0,0.380833333,0.0,0.088,0.0
2025-11-03 23:00:00,1.0948141786358936,0.0,3.0019118026885976,0.0,0.380833333,0.0,0.086,0.0
2025-11-04 00:00:00,1.2453830283783591,0.0,1.7565287743102385,0.0,0.370833333,0.0,0.087,0.0
2025-11-04 01:00:00,1.3627756908894342,0.0,0.3937530834208043,0.0,0.370833333,0.0,0.086,0.0
2025-11-04 02:00:00,1.1892387115252363,0.0,0.0,0.795485628104432,0.370833333,0.0,0.084,0.294992586823565
2025-11-04 03:00:00,1.2760072012073354,0.0,0.0,1.2760072012073354,0.370833333,0.0,0.083,0.47318600335571775
2025-11-04 04:00:00,1.3806397917063369,0.0,0.0,1.3806397917063369,0.370833333,0.0,0.086,0.5119872556308867
2025-11-04 05:00:00,1.2913192876218234,0.0,0.0,1.2913192876218234,0.370833333,0.0,0.087,0.4788642353959864
2025-11-04 06:00:00,1.5056884974246558,0.0,0.0,1.5056884974246558,0.370833333,0.0,0.083,0.558359483959747
2025-11-04 07:00:00,1.4597522381811916,0.062243,0.0,1.3975092381811915,0.370833333,0.0,0.072,0.5182430086930221
2025-11-04 08:00:00,0.7145640326761076,0.406866,0.0,0.30769803267610757,0.370833333,0.0,0.064,0.11410468701482387
2025-11-04 09:00:00,0.5001948228732753,1.893668,1.3934731771267246,0.0,0.370833333,0.0,0.061,0.0
2025-11-04 10:00:00,0.2449933826318082,2.07931,3.2277897944949165,0.0,0.370833333,0.0,0.061,0.0
2025-11-04 11:00:00,0.5008524923686966,1.314375,4.0413123021262205,0.0,0.370833333,0.0,0.06,0.0
2025-11-04 12:00:00,0.4600202619300619,0.924515,4.505807040196158,0.0,0.370833333,0.0,0.06,0.0
2025-11-04 13:00:00,0.4421561611131592,2.756585,6.820235879082999,0.0,0.370833333,0.0,0.058,0.0
2025-11-04 14:00:00,0.15312086414488,0.303878,6.970993014938118,0.0,0.370833333,0.0,0.058,0.0
2025-11-04 15:00:00,0.1556728785472948,0.00278,6.818100136390823,0.0,0.380833333,0.0,0.064,0.0
2025-11-04 16:00:00,0.1990571233883442,0.0,6.6190430130024795,0.0,0.400833333,0.0,0.09,0.0
2025-11-04 17:00:00,1.2978211570580367,0.0,5.321221855944443,0.0,0.400833333,0.0,0.095,0.0
2025-11-04 18:00:00,2.379875263681857,0.0,2.941346592262586,0.0,0.400833333,0.0,0.088,0.0
2025-11-04 19:00:00,0.5588911541288126,0.0,2.382455438133773,0.0,0.400833333,0.0,0.085,0.0
2025-11-04 20:00:00,0.9723174873199896,0.0,1.4101379508137837,0.0,0.400833333,0.0,0.085,0.0
2025-11-04 21:00:00,0.959557415307916,0.0,0.4505805355058674,0.0,0.380833333,0.0,0.088,0.0
2025-11-04 22:00:00,1.0616379914045029,0.0,0.0,0.6110574558986355,0.380833333,0.0,0.088,0.23271104758437786
2025-11-04 23:00:00,0.9493493576982572,0.0,0.0,0.9493493576982572,0.380833333,0.0,0.086,0.3615438800736365
2025-11-05 00:00:00,1.192301128808134,0.0,0.0,1.192301128808134,0.370833333,0.0,0.087,0.4421450015355826
2025-11-05 01:00:00,1.1412608407598408,0.0,0.0,1.1412608407598408,0.370833333,0.0,0.086,0.423217561401354
2025-11-05 02:00:00,1.3127562086021063,0.0,0.0,1.3127562086021063,0.370833333,0.0,0.084,0.48681376025236234
2025-11-05 03:00:00,1.261715920553813,0.0,0.0,1.261715920553813,0.370833333,0.0,0.083,0.4678863201181337
2025-11-05 04:00:00,1.255591085988018,0.0,0.0,1.255591085988018,0.370833333,0.0,0.086,0.46561502730202625
2025-11-05 05:00:00,1.286215258816994,0.0,0.0,1.286215258816994,0.370833333,0.0,0.087,0.4769714913825635
2025-11-05 06:00:00,1.3842126118697171,0.0,0.0,1.3842126118697171,0.370833333,0.0,0.083,0.5133121764402825
2025-11-05 07:00:00,1.2331333592467688,1.278817,0.0456836407532312,0.0,0.370833333,0.0,0.072,0.0
2025-11-05 08:00:00,0.8901426235622371,1.27031,0.4258510171909943,0.0,0.370833333,0.0,0.064,0.0
2025-11-05 09:00:00,0.8105197742068992,3.767398,3.382729242984095,0.0,0.370833333,0.0,0.061,0.0
2025-11-05 10:00:00,2.863484780053159,3.862012,4.381256462930936,0.0,0.370833333,0.0,0.061,0.0
2025-11-05 11:00:00,3.33682530876317,4.540247999999999,5.584679154167765,0.0,0.370833333,0.0,0.06,0.0
2025-11-05 12:00:00,3.108164818306815,4.4676350000000005,6.944149335860951,0.0,0.370833333,0.0,0.06,0.0
2025-11-05 13:00:00,3.0407916380830677,4.220228,8.123585697777884,0.0,0.370833333,0.0,0.058,0.0
2025-11-05 14:00:00,2.5837840015485107,3.568287,9.108088696229371,0.0,0.370833333,0.0,0.058,0.0
2025-11-05 15:00:00,0.4777370961320262,2.51921,11.149561600097346,0.0,0.380833333,0.0,0.064,0.0
2025-11-05 16:00:00,0.6288163487549747,0.92982,11.450565251342372,0.0,0.400833333,0.0,0.09,0.0
2025-11-05 17:00:00,2.089697121757805,0.0,9.360868129584569,0.0,0.400833333,0.0,0.095,0.0
2025-11-05 18:00:00,3.049254537065721,0.0,6.311613592518846,0.0,0.400833333,0.0,0.088,0.0
2025-11-05 19:00:00,0.579817672228613,0.0,5.731795920290233,0.0,0.400833333,0.0,0.085,0.0
2025-11-05 20:00:00,0.4348632541714597,0.0,5.2969326661187734,0.0,0.400833333,0.0,0.085,0.0
2025-11-05 21:00:00,0.5206109380925927,0.0,4.776321728026181,0.0,0.380833333,0.0,0.088,0.0
2025-11-05 22:00:00,0.7227304787638346,0.0,4.053591249262347,0.0,0.380833333,0.0,0.088,0.0
2025-11-05 23:00:00,1.0800124951018883,0.0,2.9735787541604584,0.0,0.380833333,0.0,0.086,0.0
2025-11-06 00:00:00,1.0636796029264346,0.0,1.909899151234024,0.0,0.370833333,0.0,0.087,0.0
2025-11-06 01:00:00,1.2453830283783591,0.0,0.6645161228556646,0.0,0.370833333,0.0,0.086,0.0
2025-11-06 02:00:00,1.1392192292379089,0.0,0.0,0.4747031063822442,0.370833333,0.0,0.084,0.1760357351251812
2025-11-06 03:00:00,1.1555521214133628,0.0,0.0,1.1555521214133628,0.370833333,0.0,0.083,0.428517244638938
2025-11-06 04:00:00,1.16371856750109,0.0,0.0,1.16371856750109,0.370833333,0.0,0.086,0.43154563506041466
2025-11-06 05:00:00,1.3617548851284682,0.0,0.0,1.3617548851284682,0.370833333,0.0,0.087,0.504984102781222
2025-11-06 06:00:00,1.261715920553813,0.0,0.0,1.261715920553813,0.370833333,0.0,0.083,0.4678863201181337
2025-11-06 07:00:00,1.3045897625143796,1.340267,0.0356772374856204,0.0,0.370833333,0.0,0.072,0.0
2025-11-06 08:00:00,0.6288163487549746,0.457049,0.0,0.13609011126935422,0.370833333,0.0,0.064,0.05046674955035548
2025-11-06 09:00:00,0.4695706500442992,1.568077,1.0985063499557008,0.0,0.370833333,0.0,0.061,0.0
2025-11-06 10:00:00,0.4940699883074801,4.388763,4.993199361648221,0.0,0.370833333,0.0,0.061,0.0
2025-11-06 11:00:00,1.0325167537356046,4.583333,8.544015607912616,0.0,0.370833333,0.0,0.06,0.0
2025-11-06 12:00:00,1.0529328689549218,4.582414,12.073496738957694,0.0,0.370833333,0.0,0.06,0.0
2025-11-06 13:00:00,0.750774363709025,2.327089,13.5,0.0,0.370833333,1.576314636290975,0.058,-0.09142624890487655
2025-11-06 14:00:00,0.2409101595879447,1.500085,13.5,0.0,0.370833333,1.2591748404120553,0.058,-0.07303214074389922
2025-11-06 15:00:00,0.2939920591581699,0.607268,13.5,0.0,0.380833333,0.31327594084183014,0.064,-0.020049660213877128
2025-11-06 16:00:00,0.4736538730881626,0.075958,13.102304126911838,0.0,0.400833333,0.0,0.09,0.0
2025-11-06 17:00:00,1.7586448547604117,0.0,11.343659272151426,0.0,0.400833333,0.0,0.095,0.0
2025-11-06 18:00:00,2.9468627605246827,0.0,8.396796511626743,0.0,0.400833333,0.0,0.088,0.0
2025-11-06 19:00:00,0.610441845057589,0.0,7.786354666569154,0.0,0.400833333,0.0,0.085,0.0
2025-11-06 20:00:00,0.4573209809127088,0.0,7.329033685656445,0.0,0.400833333,0.0,0.085,0.0
2025-11-06 21:00:00,0.4961115998294118,0.0,6.832922085827033,0.0,0.380833333,0.0,0.088,0.0
2025-11-06 22:00:00,0.6614821331058826,0.0,6.171439952721151,0.0,0.380833333,0.0,0.088,0.0
2025-11-06 23:00:00,0.7023143635445173,0.0,5.469125589176634,0.0,0.380833333,0.0,0.086,0.0
2025-11-07 00:00:00,0.610441845057589,0.0,4.858683744119045,0.0,0.370833333,0.0,0.087,0.0
2025-11-07 01:00:00,0.8166446087726945,0.0,4.04203913534635,0.0,0.370833333,0.0,0.086,0.0
2025-11-07 02:00:00,0.6247331257111113,0.0,3.417306009635239,0.0,0.370833333,0.0,0.084,0.0
2025-11-07 03:00:00,0.8391023355139435,0.0,2.578203674121295,0.0,0.370833333,0.0,0.083,0.0
2025-11-07 04:00:00,0.8329775009481484,0.0,1.7452261731731469,0.0,0.370833333,0.0,0.086,0.0
2025-11-07 05:00:00,0.8533936161674658,0.0,0.8918325570056809,0.0,0.370833333,0.0,0.087,0.0
2025-11-07 06:00:00,0.9473077461763256,0.0,0.0,0.055475189170644756,0.370833333,0.0,0.083,0.0205720492989557
2025-11-07 07:00:00,1.0800124951018883,1.189585,0.1095725048981117,0.0,0.370833333,0.0,0.072,0.0
2025-11-07 08:00:00,1.0657212144483663,0.0670559999999999,0.0,0.8890927095502548,0.370833333,0.0,0.064,0.3297052128285219
2025-11-07 09:00:00,0.6778150252813364,0.745331,0.0675159747186635,0.0,0.370833333,0.0,0.061,0.0
2025-11-07 10:00:00,2.93494118332077,4.159228,1.2918027913978931,0.0,0.370833333,0.0,0.061,0.0
2025-11-07 11:00:00,3.690880746980506,4.419438,2.020360044417388,0.0,0.370833333,0.0,0.06,0.0
2025-11-07 12:00:00,3.0498147290939404,4.357289,3.3278343153234475,0.0,0.370833333,0.0,0.06,0.0
2025-11-07 13:00:00,3.121271132361551,4.025927,4.232490182961897,0.0,0.370833333,0.0,0.058,0.0
2025-11-07 14:00:00,2.7185303619960055,1.091197,2.605156820965891,0.0,0.370833333,0.0,0.058,0.0
2025-11-07 15:00:00,0.4389464772153231,2.259215,4.425425343750568,0.0,0.380833333,0.0,0.064,0.0
2025-11-07 16:00:00,0.5532767224435003,0.6973619999999999,4.569510621307067,0.0,0.400833333,0.0,0.09,0.0
2025-11-07 17:00:00,2.447698145623628,0.0,2.121812475683439,0.0,0.400833333,0.0,0.095,0.0
2025-11-07 18:00:00,2.823354665659068,0.0,0.0,0.7015421899756289,0.400833333,0.0,0.088,0.2812014942480505
2025-11-07 19:00:00,1.0779708835799569,0.0,0.0,1.0779708835799569,0.400833333,0.0,0.085,0.4320866621423091
2025-11-07 20:00:00,0.6206499026672478,0.0,0.0,0.6206499026672478,0.400833333,0.0,0.085,0.24877716911223854
2025-11-07 21:00:00,0.7411049824612201,0.0,0.0,0.7411049824612201,0.380833333,0.0,0.088,0.28223748057361303
2025-11-07 22:00:00,0.6859814713690634,0.0,0.0,0.6859814713690634,0.380833333,0.0,0.088,0.2612446101177245
2025-11-07 23:00:00,0.9330164655228036,0.0,0.0,0.9330164655228036,0.380833333,0.0,0.086,0.35532377030892887
2025-11-08 00:00:00,0.9034130984547936,0.0,0.0,0.9034130984547936,0.370833333,0.0,0.087,0.3350156903758482
2025-11-08 01:00:00,1.122886337062455,0.0,0.0,1.122886337062455,0.370833333,0.0,0.086,0.41640368295303165
2025-11-08 02:00:00,1.1509584954890164,0.0,0.0,1.1509584954890164,0.370833333,0.0,0.084,0.4268137750268574
2025-11-08 03:00:00,1.263247129195262,0.0,0.0,1.263247129195262,0.370833333,0.0,0.083,0.4684541433221606
2025-11-08 04:00:00,1.209654826744554,0.0,0.0,1.209654826744554,0.370833333,0.0,0.086,0.4485803311812205
2025-11-08 05:00:00,1.3066313740363114,0.0,0.0,1.3066313740363114,0.370833333,0.0,0.087,0.484542467436255
2025-11-08 06:00:00,1.3423595756701163,0.0,0.0,1.3423595756701163,0.370833333,0.0,0.083,0.4977916755302149
2025-11-08 07:00:00,1.270903172402506,0.037214,0.0,1.2336891724025059,0.370833333,0.0,0.072,0.45749306768803283
2025-11-08 08:00:00,1.1024702218431377,0.185722,0.0,0.9167482218431378,0.370833333,0.0,0.064,0.3399607986279142
2025-11-08 09:00:00,1.1713746107083336,0.183712,0.0,0.9876626107083336,0.370833333,0.0,0.061,0.36625821780845286
2025-11-08 10:00:00,2.9303475573964235,0.2414029999999999,0.0,2.6889445573964235,0.370833333,0.0,0.061,0.9971502724715254
2025-11-08 11:00:00,3.1672073916050154,0.521539,0.0,2.6456683916050157,0.370833333,0.0,0.06,0.9811020276716371
2025-11-08 12:00:00,2.7384689719993505,0.1527529999999999,0.0,2.5857159719993508,0.370833333,0.0,0.06,0.9588696720878539
2025-11-08 13:00:00,2.8150294040717907,0.154062,0.0,2.6609674040717906,0.370833333,0.0,0.058,0.9867754114562999
2025-11-08 14:00:00,2.476088993766612,0.148071,0.0,2.328017993766612,0.370833333,0.0,0.058,0.8633066719124459
2025-11-08 15:00:00,0.1837450369738561,0.1037199999999999,0.0,0.08002503697385621,0.380833333,0.0,0.064,0.030476201554201894
2025-11-08 16:00:00,0.6941479174567904,0.0030259999999999,0.0,0.6911219174567905,0.400833333,0.0,0.09,0.27702470168355625
2025-11-08 17:00:00,2.2665051230521867,0.0,0.0,2.2665051230521867,0.400833333,0.0,0.095,0.9084908027345832
2025-11-08 18:00:00,2.4502501600260427,0.0,0.0,2.4502501600260427,0.400833333,0.0,0.088,0.9821419383270221
2025-11-08 19:00:00,0.5052988516781047,0.0,0.0,0.5052988516781047,0.400833333,0.0,0.085,0.20254062287920738
2025-11-08 20:00:00,0.5614431685312274,0.0,0.0,0.5614431685312274,0.400833333,0.0,0.085,0.22504513653245262
2025-11-08 21:00:00,0.8549248248089145,0.0,0.0,0.8549248248089145,0.380833333,0.0,0.088,0.32558387049642
2025-11-08 22:00:00,1.1994467691348951,0.0,0.0,1.1994467691348951,0.380833333,0.0,0.088,0.4567893108457236
2025-11-08 23:00:00,0.8523728104065,0.0,0.0,0.8523728104065,0.380833333,0.0,0.086,0.3246119783456845
2025-11-09 00:00:00,1.0105977033562097,0.0,0.0,1.0105977033562097,0.370833333,0.0,0.087,0.3747633146577285
2025-11-09 01:00:00,0.9876295737344774,0.0,0.0,0.9876295737344774,0.370833333,0.0,0.086,0.3662459665973255
2025-11-09 02:00:00,0.9799735305272336,0.0,0.0,0.9799735305272336,0.370833333,0.0,0.084,0.36340685057719124
2025-11-09 03:00:00,1.1075742506479669,0.0,0.0,1.1075742506479669,0.370833333,0.0,0.083,0.41072545091276297
2025-11-09 04:00:00,1.122886337062455,0.0,0.0,1.122886337062455,0.370833333,0.0,0.086,0.41640368295303165
2025-11-09 05:00:00,1.1866866971228216,0.0,0.0,1.1866866971228216,0.370833333,0.0,0.087,0.44006298312081743
2025-11-09 06:00:00,1.255591085988018,0.0,0.0,1.255591085988018,0.370833333,0.0,0.083,0.46561502730202625
2025-11-09 07:00:00,1.2147588555493831,0.13943,0.0,1.0753288555493832,0.370833333,0.0,0.072,0.3987677835744533
2025-11-09 08:00:00,1.2122068411469684,0.294649,0.0,0.9175578411469685,0.370833333,0.0,0.064,0.34026103245281486
2025-11-09 09:00:00,0.6992519462616196,0.48542,0.0,0.21383194626161955,0.370833333,0.0,0.061,0.07929601333407327
2025-11-09 10:00:00,2.889515326957788,1.775022,0.0,1.1144933269577877,0.370833333,0.0,0.061,0.4132912750420151
2025-11-09 11:00:00,3.242914313945689,0.593521,0.0,2.649393313945689,0.370833333,0.0,0.06,0.9824833530383952
2025-11-09 12:00:00,3.758421223233453,0.274942,0.0,3.483479223233453,0.370833333,0.0,0.06,1.2917902107879125
2025-11-09 13:00:00,3.0055769745211247,2.6872779999999996,0.0,0.3182989745211251,0.370833333,0.0,0.058,0.1180358696121509
2025-11-09 14:00:00,2.7312904340080792,0.963306,0.0,1.7679844340080793,0.370833333,0.0,0.058,0.6556275603553345
2025-11-09 15:00:00,0.4823307220563727,0.79701,0.3146792779436273,0.0,0.380833333,0.0,0.064,0.0
2025-11-09 16:00:00,0.6482116582133262,0.047674,0.0,0.28585838026969884,0.400833333,0.0,0.09,0.11458156732948482
2025-11-09 17:00:00,1.8090020386521,0.0,0.0,1.8090020386521,0.400833333,0.0,0.095,0.725108316556716
2025-11-09 18:00:00,3.1539136287246317,0.0,0.0,3.1539136287246317,0.400833333,0.0,0.088,1.2641937117958186
2025-11-09 19:00:00,1.2836632444145792,0.0,0.0,1.2836632444145792,0.400833333,0.0,0.085,0.5145350167082895
2025-11-09 20:00:00,1.1203343226600406,0.0,0.0,1.1203343226600406,0.400833333,0.0,0.085,0.4490673406261215
2025-11-09 21:00:00,1.2096548267445535,0.0,0.0,1.2096548267445535,0.380833333,0.0,0.088,0.46067687944866587
2025-11-09 22:00:00,1.2300709419638711,0.0,0.0,1.2300709419638711,0.380833333,0.0,0.088,0.4684520166545506
2025-11-09 23:00:00,1.2913192876218231,0.0,0.0,1.2913192876218231,0.380833333,0.0,0.086,0.49177742827220455
2025-11-10 00:00:00,1.6434972751550478,0.0,0.0,1.6434972751550478,0.370833333,0.0,0.087,0.6094635723221644
2025-11-10 01:00:00,1.5950090015091694,0.0,0.0,1.5950090015091694,0.370833333,0.0,0.086,0.5914825041946473
2025-11-10 02:00:00,1.6894335343985118,0.0,0.0,1.6894335343985118,0.370833333,0.0,0.084,0.6264982684429703
2025-11-10 03:00:00,1.6996415920081709,0.0,0.0,1.6996415920081709,0.370833333,0.0,0.083,0.6302837564698162
2025-11-10 04:00:00,1.804274182507172,0.0,0.0,1.804274182507172,0.370833333,0.0,0.086,0.6690850087449849
2025-11-10 05:00:00,1.6383932463502184,0.0,0.0,1.6383932463502184,0.370833333,0.0,0.087,0.6075708283087415
2025-11-10 06:00:00,1.9089067730061735,0.0,0.0,1.9089067730061735,0.370833333,0.0,0.083,0.7078862610201537
2025-11-10 07:00:00,1.81958626892166,1.213318,0.0,0.6062682689216601,0.370833333,0.0,0.072,0.2248244828563595
2025-11-10 08:00:00,0.9850775593320628,0.015662,0.0,0.9694155593320628,0.370833333,0.0,0.064,0.3594916029291681
2025-11-10 09:00:00,0.4236343908008352,0.187468,0.0,0.2361663908008352,0.370833333,0.0,0.061,0.08757836984325426
2025-11-10 10:00:00,0.4236343908008353,2.084444,1.6608096091991646,0.0,0.370833333,0.0,0.061,0.0
2025-11-10 11:00:00,0.4625722763324766,0.763088,1.961325332866688,0.0,0.370833333,0.0,0.06,0.0
2025-11-10 12:00:00,0.5467887516121608,0.38992,1.8044565812545272,0.0,0.370833333,0.0,0.06,0.0
2025-11-10 13:00:00,0.6692854429280649,1.724581,2.859752138326462,0.0,0.370833333,0.0,0.058,0.0
2025-11-10 14:00:00,1.2096548267445535,1.681284,3.3313813115819086,0.0,0.370833333,0.0,0.058,0.0
2025-11-10 15:00:00,0.882996983235476,2.403175,4.851559328346433,0.0,0.380833333,0.0,0.064,0.0
2025-11-10 16:00:00,0.3266578435090776,0.758692,5.283593484837355,0.0,0.400833333,0.0,0.09,0.0
2025-11-10 17:00:00,1.279957056241134,0.0,4.003636428596221,0.0,0.400833333,0.0,0.095,0.0
2025-11-10 18:00:00,2.071081520989682,0.0,1.932554907606539,0.0,0.400833333,0.0,0.088,0.0
2025-11-10 19:00:00,0.6482116582133262,0.0,1.2843432493932128,0.0,0.400833333,0.0,0.085,0.0
2025-11-10 20:00:00,0.7349801478954251,0.0,0.5493631014977877,0.0,0.400833333,0.0,0.085,0.0
2025-11-10 21:00:00,1.036117847380356,0.0,0.0,0.4867547458825684,0.380833333,0.0,0.088,0.18537243222802655
2025-11-10 22:00:00,1.1203343226600402,0.0,0.0,1.1203343226600402,0.380833333,0.0,0.088,0.42666065417292054
2025-11-10 23:00:00,1.0948141786358936,0.0,0.0,1.0948141786358936,0.380833333,0.0,0.086,0.4169417326655647
2025-11-11 00:00:00,1.2453830283783591,0.0,0.0,1.2453830283783591,0.370833333,0.0,0.087,0.4618295392751805
2025-11-11 01:00:00,1.3627756908894342,0.0,0.0,1.3627756908894342,0.370833333,0.0,0.086,0.5053626515839066
2025-11-11 02:00:00,1.1892387115252363,0.0,0.0,1.1892387115252363,0.370833333,0.0,0.084,0.44100935512752887
2025-11-11 03:00:00,1.2760072012073354,0.0,0.0,1.2760072012073354,0.370833333,0.0,0.083,0.47318600335571775
2025-11-11 04:00:00,1.3806397917063369,0.0,0.0,1.3806397917063369,0.370833333,0.0,0.086,0.5119872556308867
2025-11-11 05:00:00,1.2913192876218234,0.0,0.0,1.2913192876218234,0.370833333,0.0,0.087,0.4788642353959864
2025-11-11 06:00:00,1.5056884974246558,0.0,0.0,1.5056884974246558,0.370833333,0.0,0.083,0.558359483959747
2025-11-11 07:00:00,1.4597522381811916,0.0,0.0,1.4597522381811916,0.370833333,0.0,0.072,0.5413247878389411
2025-11-11 08:00:00,0.7145640326761076,0.045304,0.0,0.6692600326761076,0.370833333,0.0,0.064,0.24818392856096988
2025-11-11 09:00:00,0.5001948228732753,0.211476,0.0,0.2887188228732753,0.370833333,0.0,0.061,0.10706656338593332
2025-11-11 10:00:00,0.2449933826318082,0.088187,0.0,0.15680638263180818,0.370833333,0.0,0.061,0.058149033507026736
2025-11-11 11:00:00,0.5008524923686966,0.219077,0.0,0.2817754923686966,0.370833333,0.0,0.06,0.10449174499279981
2025-11-11 12:00:00,0.4600202619300619,0.050717,0.0,0.4093032619300619,0.370833333,0.0,0.06,0.15178329282929687
2025-11-11 13:00:00,0.4421561611131592,0.844668,0.4025118388868408,0.0,0.370833333,0.0,0.058,0.0
2025-11-11 14:00:00,0.15312086414488,0.189598,0.4389889747419608,0.0,0.370833333,0.0,0.058,0.0
2025-11-11 15:00:00,0.1556728785472948,2.4630259999999997,2.7463420961946654,0.0,0.380833333,0.0,0.064,0.0
2025-11-11 16:00:00,0.1990571233883442,0.787922,3.335206972806321,0.0,0.400833333,0.0,0.09,0.0
2025-11-11 17:00:00,1.2978211570580367,0.0,2.0373858157482845,0.0,0.400833333,0.0,0.095,0.0
2025-11-11 18:00:00,2.379875263681857,0.0,0.0,0.3424894479335725,0.400833333,0.0,0.088,0.13728118693254382
2025-11-11 19:00:00,0.5588911541288126,0.0,0.0,0.5588911541288126,0.400833333,0.0,0.085,0.2240222040936687
2025-11-11 20:00:00,0.9723174873199896,0.0,0.0,0.9723174873199896,0.400833333,0.0,0.085,0.3897372591766567
2025-11-11 21:00:00,0.959557415307916,0.0,0.0,0.959557415307916,0.380833333,0.0,0.088,0.3654314486765789
2025-11-11 22:00:00,1.0616379914045029,0.0,0.0,1.0616379914045029,0.380833333,0.0,0.088,0.40430713470600216
2025-11-11 23:00:00,0.9493493576982572,0.0,0.0,0.9493493576982572,0.380833333,0.0,0.086,0.3615438800736365
2025-11-12 00:00:00,1.192301128808134,0.0,0.0,1.192301128808134,0.370833333,0.0,0.087,0.4421450015355826
2025-11-12 01:00:00,1.1412608407598408,0.0,0.0,1.1412608407598408,0.370833333,0.0,0.086,0.423217561401354
2025-11-12 02:00:00,1.3127562086021063,0.0,0.0,1.3127562086021063,0.370833333,0.0,0.084,0.48681376025236234
2025-11-12 03:00:00,1.261715920553813,0.0,0.0,1.261715920553813,0.370833333,0.0,0.083,0.4678863201181337
2025-11-12 04:00:00,1.255591085988018,0.0,0.0,1.255591085988018,0.370833333,0.0,0.086,0.46561502730202625
2025-11-12 05:00:00,1.286215258816994,0.0,0.0,1.286215258816994,0.370833333,0.0,0.087,0.4769714913825635
2025-11-12 06:00:00,1.3842126118697171,0.0,0.0,1.3842126118697171,0.370833333,0.0,0.083,0.5133121764402825
2025-11-12 07:00:00,1.2331333592467688,1.219231,0.0,0.013902359246768858,0.370833333,0.0,0.072,0.0051554582160426654
2025-11-12 08:00:00,0.8901426235622371,2.7788139999999997,1.8886713764377627,0.0,0.370833333,0.0,0.064,0.0
2025-11-12 09:00:00,0.8105197742068992,3.798929,4.877080602230864,0.0,0.370833333,0.0,0.061,0.0
2025-11-12 10:00:00,2.863484780053159,4.428593,6.442188822177705,0.0,0.370833333,0.0,0.061,0.0
2025-11-12 11:00:00,3.33682530876317,4.583333,7.688696513414535,0.0,0.370833333,0.0,0.06,0.0
2025-11-12 12:00:00,3.108164818306815,4.583333,9.16386469510772,0.0,0.370833333,0.0,0.06,0.0
2025-11-12 13:00:00,3.0407916380830677,4.304829,10.427902057024651,0.0,0.370833333,0.0,0.058,0.0
2025-11-12 14:00:00,2.5837840015485107,3.325304,11.16942205547614,0.0,0.370833333,0.0,0.058,0.0
2025-11-12 15:00:00,0.4777370961320262,0.514167,11.205851959344114,0.0,0.380833333,0.0,0.064,0.0
2025-11-12 16:00:00,0.6288163487549747,0.003779,10.58081461058914,0.0,0.400833333,0.0,0.09,0.0
2025-11-12 17:00:00,2.089697121757805,0.0,8.491117488831335,0.0,0.400833333,0.0,0.095,0.0
2025-11-12 18:00:00,3.049254537065721,0.0,5.441862951765614,0.0,0.400833333,0.0,0.088,0.0
2025-11-12 19:00:00,0.579817672228613,0.0,4.862045279537002,0.0,0.400833333,0.0,0.085,0.0
2025-11-12 20:00:00,0.4348632541714597,0.0,4.427182025365542,0.0,0.400833333,0.0,0.085,0.0
2025-11-12 21:00:00,0.5206109380925927,0.0,3.9065710872729498,0.0,0.380833333,0.0,0.088,0.0
2025-11-12 22:00:00,0.7227304787638346,0.0,3.1838406085091147,0.0,0.380833333,0.0,0.088,0.0
2025-11-12 23:00:00,1.0800124951018883,0.0,2.1038281134072263,0.0,0.380833333,0.0,0.086,0.0
2025-11-13 00:00:00,1.0636796029264346,0.0,1.0401485104807917,0.0,0.370833333,0.0,0.087,0.0
2025-11-13 01:00:00,1.2453830283783591,0.0,0.0,0.20523451789756741,0.370833333,0.0,0.086,0.07610780031860308
2025-11-13 02:00:00,1.1392192292379089,0.0,0.0,1.1392192292379089,0.370833333,0.0,0.084,0.4224604637959848
2025-11-13 03:00:00,1.1555521214133628,0.0,0.0,1.1555521214133628,0.370833333,0.0,0.083,0.428517244638938
2025-11-13 04:00:00,1.16371856750109,0.0,0.0,1.16371856750109,0.370833333,0.0,0.086,0.43154563506041466
2025-11-13 05:00:00,1.3617548851284682,0.0,0.0,1.3617548851284682,0.370833333,0.0,0.087,0.504984102781222
2025-11-13 06:00:00,1.261715920553813,0.0,0.0,1.261715920553813,0.370833333,0.0,0.083,0.4678863201181337
2025-11-13 07:00:00,1.3045897625143796,1.160374,0.0,0.14421576251437962,0.370833333,0.0,0.072,0.053480011884343856
2025-11-13 08:00:00,0.6288163487549746,2.760899,2.132082651245025,0.0,0.370833333,0.0,0.064,0.0
2025-11-13 09:00:00,0.4695706500442992,3.816801,5.479313001200726,0.0,0.370833333,0.0,0.061,0.0
2025-11-13 10:00:00,0.4940699883074801,4.423945,9.409188012893246,0.0,0.370833333,0.0,0.061,0.0
2025-11-13 11:00:00,1.0325167537356046,4.583333,12.96000425915764,0.0,0.370833333,0.0,0.06,0.0
2025-11-13 12:00:00,1.0529328689549218,4.583333,13.5,0.0,0.370833333,3.530400131045078,0.06,-0.21182400786270467
2025-11-13 13:00:00,0.750774363709025,4.367425,13.5,0.0,0.370833333,3.616650636290975,0.058,-0.20976573690487657
2025-11-13 14:00:00,0.2409101595879447,3.613821,13.5,0.0,0.370833333,3.3729108404120556,0.058,-0.19562882874389922
2025-11-13 15:00:00,0.2939920591581699,2.485907,13.5,0.0,0.380833333,2.1919149408418304,0.064,-0.14028255621387714
2025-11-13 16:00:00,0.4736538730881626,0.664131,13.5,0.0,0.400833333,0.19047712691183744,0.09,-0.017142941422065367
2025-11-13 17:00:00,1.7586448547604117,0.0,11.741355145239588,0.0,0.400833333,0.0,0.095,0.0
2025-11-13 18:00:00,2.9468627605246827,0.0,8.794492384714905,0.0,0.400833333,0.0,0.088,0.0
2025-11-13 19:00:00,0.610441845057589,0.0,8.184050539657317,0.0,0.400833333,0.0,0.085,0.0
2025-11-13 20:00:00,0.4573209809127088,0.0,7.726729558744608,0.0,0.400833333,0.0,0.085,0.0
2025-11-13 21:00:00,0.4961115998294118,0.0,7.230617958915197,0.0,0.380833333,0.0,0.088,0.0
2025-11-13 22:00:00,0.6614821331058826,0.0,6.569135825809314,0.0,0.380833333,0.0,0.088,0.0
2025-11-13 23:00:00,0.7023143635445173,0.0,5.866821462264797,0.0,0.380833333,0.0,0.086,0.0
2025-11-14 00:00:00,0.610441845057589,0.0,5.256379617207208,0.0,0.370833333,0.0,0.087,0.0
2025-11-14 01:00:00,0.8166446087726945,0.0,4.439735008434513,0.0,0.370833333,0.0,0.086,0.0
2025-11-14 02:00:00,0.6247331257111113,0.0,3.815001882723402,0.0,0.370833333,0.0,0.084,0.0
2025-11-14 03:00:00,0.8391023355139435,0.0,2.9758995472094583,0.0,0.370833333,0.0,0.083,0.0
2025-11-14 04:00:00,0.8329775009481484,0.0,2.14292204626131,0.0,0.370833333,0.0,0.086,0.0
2025-11-14 05:00:00,0.8533936161674658,0.0,1.289528430093844,0.0,0.370833333,0.0,0.087,0.0
2025-11-14 06:00:00,0.9473077461763256,0.0,0.3422206839175185,0.0,0.370833333,0.0,0.083,0.0
2025-11-14 07:00:00,1.0800124951018883,1.114269,0.3764771888156301,0.0,0.370833333,0.0,0.072,0.0
2025-11-14 08:00:00,1.0657212144483663,1.599042,0.9097979743672636,0.0,0.370833333,0.0,0.064,0.0
2025-11-14 09:00:00,0.6778150252813364,2.006368,2.2383509490859272,0.0,0.370833333,0.0,0.061,0.0
2025-11-14 10:00:00,2.93494118332077,3.313016,2.6164257657651575,0.0,0.370833333,0.0,0.061,0.0
2025-11-14 11:00:00,3.690880746980506,3.208327,2.133872018784652,0.0,0.370833333,0.0,0.06,0.0
2025-11-14 12:00:00,3.0498147290939404,3.378965,2.4630222896907115,0.0,0.370833333,0.0,0.06,0.0
2025-11-14 13:00:00,3.121271132361551,2.835749,2.17750015732916,0.0,0.370833333,0.0,0.058,0.0
2025-11-14 14:00:00,2.7185303619960055,1.997208,1.4561777953331547,0.0,0.370833333,0.0,0.058,0.0
2025-11-14 15:00:00,0.4389464772153231,1.230496,2.247727318117832,0.0,0.380833333,0.0,0.064,0.0
2025-11-14 16:00:00,0.5532767224435003,0.266675,1.9611255956743316,0.0,0.400833333,0.0,0.09,0.0
2025-11-14 17:00:00,2.447698145623628,0.0,0.0,0.48657254994929655,0.400833333,0.0,0.095,0.19503449694248554
2025-11-14 18:00:00,2.823354665659068,0.0,0.0,2.823354665659068,0.400833333,0.0,0.088,1.131694660877225
2025-11-14 19:00:00,1.0779708835799569,0.0,0.0,1.0779708835799569,0.400833333,0.0,0.085,0.4320866621423091
2025-11-14 20:00:00,0.6206499026672478,0.0,0.0,0.6206499026672478,0.400833333,0.0,0.085,0.24877716911223854
2025-11-14 21:00:00,0.7411049824612201,0.0,0.0,0.7411049824612201,0.380833333,0.0,0.088,0.28223748057361303
2025-11-14 22:00:00,0.6859814713690634,0.0,0.0,0.6859814713690634,0.380833333,0.0,0.088,0.2612446101177245
2025-11-14 23:00:00,0.9330164655228036,0.0,0.0,0.9330164655228036,0.380833333,0.0,0.086,0.35532377030892887
2025-11-15 00:00:00,0.9034130984547936,0.0,0.0,0.9034130984547936,0.370833333,0.0,0.087,0.3350156903758482
2025-11-15 01:00:00,1.122886337062455,0.0,0.0,1.122886337062455,0.370833333,0.0,0.086,0.41640368295303165
2025-11-15 02:00:00,1.1509584954890164,0.0,0.0,1.1509584954890164,0.370833333,0.0,0.084,0.4268137750268574
2025-11-15 03:00:00,1.263247129195262,0.0,0.0,1.263247129195262,0.370833333,0.0,0.083,0.4684541433221606
2025-11-15 04:00:00,1.209654826744554,0.0,0.0,1.209654826744554,0.370833333,0.0,0.086,0.4485803311812205
2025-11-15 05:00:00,1.3066313740363114,0.0,0.0,1.3066313740363114,0.370833333,0.0,0.087,0.484542467436255
2025-11-15 06:00:00,1.3423595756701163,0.0,0.0,1.3423595756701163,0.370833333,0.0,0.083,0.4977916755302149
2025-11-15 07:00:00,1.270903172402506,0.559556,0.0,0.7113471724025059,0.370833333,0.0,0.072,0.2637912428621469
2025-11-15 08:00:00,1.1024702218431377,1.552994,0.4505237781568623,0.0,0.370833333,0.0,0.064,0.0
2025-11-15 09:00:00,1.1713746107083336,2.341301,1.6204501674485288,0.0,0.370833333,0.0,0.061,0.0
2025-11-15 10:00:00,2.9303475573964235,2.357654,1.0477566100521054,0.0,0.370833333,0.0,0.061,0.0
2025-11-15 11:00:00,3.1672073916050154,2.489675,0.3702242184470901,0.0,0.370833333,0.0,0.06,0.0
2025-11-15 12:00:00,2.7384689719993505,2.9080100000000004,0.53976524644774,0.0,0.370833333,0.0,0.06,0.0
2025-11-15 13:00:00,2.8150294040717907,2.544331,0.2690668423759494,0.0,0.370833333,0.0,0.058,0.0
2025-11-15 14:00:00,2.476088993766612,1.966383,0.0,0.24063915139066255,0.370833333,0.0,0.058,0.08923701856049097
2025-11-15 15:00:00,0.1837450369738561,1.1891980000000002,1.0054529630261442,0.0,0.380833333,0.0,0.064,0.0
2025-11-15 16:00:00,0.6941479174567904,0.310476,0.6217810455693538,0.0,0.400833333,0.0,0.09,0.0
2025-11-15 17:00:00,2.2665051230521867,0.0,0.0,1.644724077482833,0.400833333,0.0,0.095,0.6592602338427942
2025-11-15 18:00:00,2.4502501600260427,0.0,0.0,2.4502501600260427,0.400833333,0.0,0.088,0.9821419383270221
2025-11-15 19:00:00,0.5052988516781047,0.0,0.0,0.5052988516781047,0.400833333,0.0,0.085,0.20254062287920738
2025-11-15 20:00:00,0.5614431685312274,0.0,0.0,0.5614431685312274,0.400833333,0.0,0.085,0.22504513653245262
2025-11-15 21:00:00,0.8549248248089145,0.0,0.0,0.8549248248089145,0.380833333,0.0,0.088,0.32558387049642
2025-11-15 22:00:00,1.1994467691348951,0.0,0.0,1.1994467691348951,0.380833333,0.0,0.088,0.4567893108457236
2025-11-15 23:00:00,0.8523728104065,0.0,0.0,0.8523728104065,0.380833333,0.0,0.086,0.3246119783456845
2025-11-16 00:00:00,1.0105977033562097,0.0,0.0,1.0105977033562097,0.370833333,0.0,0.087,0.3747633146577285
2025-11-16 01:00:00,0.9876295737344774,0.0,0.0,0.9876295737344774,0.370833333,0.0,0.086,0.3662459665973255
2025-11-16 02:00:00,0.9799735305272336,0.0,0.0,0.9799735305272336,0.370833333,0.0,0.084,0.36340685057719124
2025-11-16 03:00:00,1.1075742506479669,0.0,0.0,1.1075742506479669,0.370833333,0.0,0.083,0.41072545091276297
2025-11-16 04:00:00,1.122886337062455,0.0,0.0,1.122886337062455,0.370833333,0.0,0.086,0.41640368295303165
2025-11-16 05:00:00,1.1866866971228216,0.0,0.0,1.1866866971228216,0.370833333,0.0,0.087,0.44006298312081743
2025-11-16 06:00:00,1.255591085988018,0.0,0.0,1.255591085988018,0.370833333,0.0,0.083,0.46561502730202625
2025-11-16 07:00:00,1.2147588555493831,0.729602,0.0,0.48515685554938315,0.370833333,0.0,0.072,0.1799123337711773
2025-11-16 08:00:00,1.2122068411469684,0.314879,0.0,0.8973278411469684,0.370833333,0.0,0.064,0.3327590741262248
2025-11-16 09:00:00,0.6992519462616196,2.665921,1.9666690537383804,0.0,0.370833333,0.0,0.061,0.0
2025-11-16 10:00:00,2.889515326957788,2.468516,1.5456697267805928,0.0,0.370833333,0.0,0.061,0.0
2025-11-16 11:00:00,3.242914313945689,3.393602,1.696357412834904,0.0,0.370833333,0.0,0.06,0.0
2025-11-16 12:00:00,3.758421223233453,4.315761999999999,2.2536981896014505,0.0,0.370833333,0.0,0.06,0.0
2025-11-16 13:00:00,3.0055769745211247,4.040857,3.2889782150803257,0.0,0.370833333,0.0,0.058,0.0
2025-11-16 14:00:00,2.7312904340080792,2.604275,3.1619627810722464,0.0,0.370833333,0.0,0.058,0.0
2025-11-16 15:00:00,0.4823307220563727,0.849727,3.529359059015874,0.0,0.380833333,0.0,0.064,0.0
2025-11-16 16:00:00,0.6482116582133262,0.0743569999999999,2.955504400802548,0.0,0.400833333,0.0,0.09,0.0
2025-11-16 17:00:00,1.8090020386521,0.0,1.146502362150448,0.0,0.400833333,0.0,0.095,0.0
2025-11-16 18:00:00,3.1539136287246317,0.0,0.0,2.0074112665741835,0.400833333,0.0,0.088,0.8046373486826814
2025-11-16 19:00:00,1.2836632444145792,0.0,0.0,1.2836632444145792,0.400833333,0.0,0.085,0.5145350167082895
2025-11-16 20:00:00,1.1203343226600406,0.0,0.0,1.1203343226600406,0.400833333,0.0,0.085,0.4490673406261215
2025-11-16 21:00:00,1.2096548267445535,0.0,0.0,1.2096548267445535,0.380833333,0.0,0.088,0.46067687944866587
2025-11-16 22:00:00,1.2300709419638711,0.0,0.0,1.2300709419638711,0.380833333,0.0,0.088,0.4684520166545506
2025-11-16 23:00:00,1.2913192876218231,0.0,0.0,1.2913192876218231,0.380833333,0.0,0.086,0.49177742827220455
2025-11-17 00:00:00,1.6434972751550478,0.0,0.0,1.6434972751550478,0.370833333,0.0,0.087,0.6094635723221644
2025-11-17 01:00:00,1.5950090015091694,0.0,0.0,1.5950090015091694,0.370833333,0.0,0.086,0.5914825041946473
2025-11-17 02:00:00,1.6894335343985118,0.0,0.0,1.6894335343985118,0.370833333,0.0,0.084,0.6264982684429703
2025-11-17 03:00:00,1.6996415920081709,0.0,0.0,1.6996415920081709,0.370833333,0.0,0.083,0.6302837564698162
2025-11-17 04:00:00,1.804274182507172,0.0,0.0,1.804274182507172,0.370833333,0.0,0.086,0.6690850087449849
2025-11-17 05:00:00,1.6383932463502184,0.0,0.0,1.6383932463502184,0.370833333,0.0,0.087,0.6075708283087415
2025-11-17 06:00:00,1.9089067730061735,0.0,0.0,1.9089067730061735,0.370833333,0.0,0.083,0.7078862610201537
2025-11-17 07:00:00,1.81958626892166,0.93037,0.0,0.88921626892166,0.370833333,0.0,0.072,0.3297510327620435
2025-11-17 08:00:00,0.9850775593320628,2.521915,1.536837440667937,0.0,0.370833333,0.0,0.064,0.0
2025-11-17 09:00:00,0.4236343908008352,3.557594,4.670797049867102,0.0,0.370833333,0.0,0.061,0.0
2025-11-17 10:00:00,0.4236343908008353,4.192743,8.439905659066266,0.0,0.370833333,0.0,0.061,0.0
2025-11-17 11:00:00,0.4625722763324766,4.409416,12.38674938273379,0.0,0.370833333,0.0,0.06,0.0
2025-11-17 12:00:00,0.5467887516121608,4.333993,13.5,0.0,0.370833333,3.7872042483878396,0.06,-0.22723225490327037
2025-11-17 13:00:00,0.6692854429280649,3.986626,13.5,0.0,0.370833333,3.317340557071935,0.058,-0.19240575231017223
2025-11-17 14:00:00,1.2096548267445535,3.393708,13.5,0.0,0.370833333,2.184053173255447,0.058,-0.12667508404881592
2025-11-17 15:00:00,0.882996983235476,2.324475,13.5,0.0,0.380833333,1.441478016764524,0.064,-0.09225459307292953
2025-11-17 16:00:00,0.3266578435090776,0.508222,13.5,0.0,0.400833333,0.18156415649092233,0.09,-0.01634077408418301
2025-11-17 17:00:00,1.279957056241134,0.0,12.220042943758866,0.0,0.400833333,0.0,0.095,0.0
2025-11-17 18:00:00,2.071081520989682,0.0,10.148961422769183,0.0,0.400833333,0.0,0.088,0.0
2025-11-17 19:00:00,0.6482116582133262,0.0,9.500749764555858,0.0,0.400833333,0.0,0.085,0.0
2025-11-17 20:00:00,0.7349801478954251,0.0,8.765769616660432,0.0,0.400833333,0.0,0.085,0.0
2025-11-17 21:00:00,1.036117847380356,0.0,7.729651769280076,0.0,0.380833333,0.0,0.088,0.0
2025-11-17 22:00:00,1.1203343226600402,0.0,6.609317446620036,0.0,0.380833333,0.0,0.088,0.0
2025-11-17 23:00:00,1.0948141786358936,0.0,5.514503267984143,0.0,0.380833333,0.0,0.086,0.0
2025-11-18 00:00:00,1.2453830283783591,0.0,4.269120239605783,0.0,0.370833333,0.0,0.087,0.0
2025-11-18 01:00:00,1.3627756908894342,0.0,2.906344548716349,0.0,0.370833333,0.0,0.086,0.0
2025-11-18 02:00:00,1.1892387115252363,0.0,1.7171058371911128,0.0,0.370833333,0.0,0.084,0.0
2025-11-18 03:00:00,1.2760072012073354,0.0,0.4410986359837774,0.0,0.370833333,0.0,0.083,0.0
2025-11-18 04:00:00,1.3806397917063369,0.0,0.0,0.9395411557225595,0.370833333,0.0,0.086,0.34841317826726875
2025-11-18 05:00:00,1.2913192876218234,0.0,0.0,1.2913192876218234,0.370833333,0.0,0.087,0.4788642353959864
2025-11-18 06:00:00,1.5056884974246558,0.0,0.0,1.5056884974246558,0.370833333,0.0,0.083,0.558359483959747
2025-11-18 07:00:00,1.4597522381811916,1.033655,0.0,0.4260972381811916,0.370833333,0.0,0.072,0.15801105901682613
2025-11-18 08:00:00,0.7145640326761076,0.2770849999999999,0.0,0.43747903267610766,0.370833333,0.0,0.064,0.1622318078048969
2025-11-18 09:00:00,0.5001948228732753,1.532557,1.0323621771267246,0.0,0.370833333,0.0,0.061,0.0
2025-11-18 10:00:00,0.2449933826318082,4.3351310000000005,5.122499794494917,0.0,0.370833333,0.0,0.061,0.0
2025-11-18 11:00:00,0.5008524923686966,4.583333,9.20498030212622,0.0,0.370833333,0.0,0.06,0.0
2025-11-18 12:00:00,0.4600202619300619,2.998518,11.74347804019616,0.0,0.370833333,0.0,0.06,0.0
2025-11-18 13:00:00,0.4421561611131592,2.984895,13.5,0.0,0.370833333,2.542738838886841,0.058,-0.14747885265543678
2025-11-18 14:00:00,0.15312086414488,3.615627,13.5,0.0,0.370833333,3.46250613585512,0.058,-0.20082535587959696
2025-11-18 15:00:00,0.1556728785472948,2.511903,13.5,0.0,0.380833333,2.3562301214527053,0.064,-0.15079872777297315
2025-11-18 16:00:00,0.1990571233883442,0.537731,13.5,0.0,0.400833333,0.33867387661165577,0.09,-0.030480648895049017
2025-11-18 17:00:00,1.2978211570580367,0.0,12.202178842941963,0.0,0.400833333,0.0,0.095,0.0
2025-11-18 18:00:00,2.379875263681857,0.0,9.822303579260106,0.0,0.400833333,0.0,0.088,0.0
2025-11-18 19:00:00,0.5588911541288126,0.0,9.263412425131294,0.0,0.400833333,0.0,0.085,0.0
2025-11-18 20:00:00,0.9723174873199896,0.0,8.291094937811305,0.0,0.400833333,0.0,0.085,0.0
2025-11-18 21:00:00,0.959557415307916,0.0,7.331537522503389,0.0,0.380833333,0.0,0.088,0.0
2025-11-18 22:00:00,1.0616379914045029,0.0,6.269899531098886,0.0,0.380833333,0.0,0.088,0.0
2025-11-18 23:00:00,0.9493493576982572,0.0,5.320550173400629,0.0,0.380833333,0.0,0.086,0.0
2025-11-19 00:00:00,1.192301128808134,0.0,4.128249044592495,0.0,0.370833333,0.0,0.087,0.0
2025-11-19 01:00:00,1.1412608407598408,0.0,2.9869882038326545,0.0,0.370833333,0.0,0.086,0.0
2025-11-19 02:00:00,1.3127562086021063,0.0,1.6742319952305482,0.0,0.370833333,0.0,0.084,0.0
2025-11-19 03:00:00,1.261715920553813,0.0,0.4125160746767351,0.0,0.370833333,0.0,0.083,0.0
2025-11-19 04:00:00,1.255591085988018,0.0,0.0,0.8430750113112828,0.370833333,0.0,0.086,0.3126403164135757
2025-11-19 05:00:00,1.286215258816994,0.0,0.0,1.286215258816994,0.370833333,0.0,0.087,0.4769714913825635
2025-11-19 06:00:00,1.3842126118697171,0.0,0.0,1.3842126118697171,0.370833333,0.0,0.083,0.5133121764402825
2025-11-19 07:00:00,1.2331333592467688,1.096443,0.0,0.13669035924676876,0.370833333,0.0,0.072,0.050689341508446624
2025-11-19 08:00:00,0.8901426235622371,2.85783,1.967687376437763,0.0,0.370833333,0.0,0.064,0.0
2025-11-19 09:00:00,0.8105197742068992,4.007505,5.164672602230864,0.0,0.370833333,0.0,0.061,0.0
2025-11-19 10:00:00,2.863484780053159,4.583333,6.884520822177704,0.0,0.370833333,0.0,0.061,0.0
2025-11-19 11:00:00,3.33682530876317,4.583333,8.131028513414535,0.0,0.370833333,0.0,0.06,0.0
2025-11-19 12:00:00,3.108164818306815,4.583333,9.60619669510772,0.0,0.370833333,0.0,0.06,0.0
2025-11-19 13:00:00,3.0407916380830677,4.540795,11.106200057024653,0.0,0.370833333,0.0,0.058,0.0
2025-11-19 14:00:00,2.5837840015485107,3.770965,12.29338105547614,0.0,0.370833333,0.0,0.058,0.0
2025-11-19 15:00:00,0.4777370961320262,2.58445,13.5,0.0,0.380833333,2.1067129038679737,0.064,-0.13482962584755032
2025-11-19 16:00:00,0.6288163487549747,0.5314220000000001,13.402605651245024,0.0,0.400833333,0.0,0.09,0.0
2025-11-19 17:00:00,2.089697121757805,0.0,11.31290852948722,0.0,0.400833333,0.0,0.095,0.0
2025-11-19 18:00:00,3.049254537065721,0.0,8.2636539924215,0.0,0.400833333,0.0,0.088,0.0
2025-11-19 19:00:00,0.579817672228613,0.0,7.683836320192887,0.0,0.400833333,0.0,0.085,0.0
2025-11-19 20:00:00,0.4348632541714597,0.0,7.248973066021427,0.0,0.400833333,0.0,0.085,0.0
2025-11-19 21:00:00,0.5206109380925927,0.0,6.728362127928834,0.0,0.380833333,0.0,0.088,0.0
2025-11-19 22:00:00,0.7227304787638346,0.0,6.005631649165,0.0,0.380833333,0.0,0.088,0.0
2025-11-19 23:00:00,1.0800124951018883,0.0,4.925619154063112,0.0,0.380833333,0.0,0.086,0.0
2025-11-20 00:00:00,1.0636796029264346,0.0,3.861939551136677,0.0,0.370833333,0.0,0.087,0.0
2025-11-20 01:00:00,1.2453830283783591,0.0,2.616556522758318,0.0,0.370833333,0.0,0.086,0.0
2025-11-20 02:00:00,1.1392192292379089,0.0,1.4773372935204092,0.0,0.370833333,0.0,0.084,0.0
2025-11-20 03:00:00,1.1555521214133628,0.0,0.3217851721070464,0.0,0.370833333,0.0,0.083,0.0
2025-11-20 04:00:00,1.16371856750109,0.0,0.0,0.8419333953940435,0.370833333,0.0,0.086,0.31221696717798003
2025-11-20 05:00:00,1.3617548851284682,0.0,0.0,1.3617548851284682,0.370833333,0.0,0.087,0.504984102781222
2025-11-20 06:00:00,1.261715920553813,0.0,0.0,1.261715920553813,0.370833333,0.0,0.083,0.4678863201181337
2025-11-20 07:00:00,1.3045897625143796,1.2330519999999998,0.0,0.07153776251437982,0.370833333,0.0,0.072,0.026528586908569927
2025-11-20 08:00:00,0.6288163487549746,3.05707,2.4282536512450252,0.0,0.370833333,0.0,0.064,0.0
2025-11-20 09:00:00,0.4695706500442992,4.129986,6.088669001200726,0.0,0.370833333,0.0,0.061,0.0
2025-11-20 10:00:00,0.4940699883074801,4.583333,10.177932012893246,0.0,0.370833333,0.0,0.061,0.0
2025-11-20 11:00:00,1.0325167537356046,4.583333,13.5,0.0,0.370833333,3.550816246264395,0.06,-0.21304897477586368
2025-11-20 12:00:00,1.0529328689549218,4.583333,13.5,0.0,0.370833333,3.530400131045078,0.06,-0.21182400786270467
2025-11-20 13:00:00,0.750774363709025,4.551482,13.5,0.0,0.370833333,3.800707636290975,0.058,-0.22044104290487657
2025-11-20 14:00:00,0.2409101595879447,3.821204,13.5,0.0,0.370833333,3.5802938404120552,0.058,-0.2076570427438992
2025-11-20 15:00:00,0.2939920591581699,2.688081,13.5,0.0,0.380833333,2.39408894084183,0.064,-0.15322169221387713
2025-11-20 16:00:00,0.4736538730881626,0.6063390000000001,13.5,0.0,0.400833333,0.13268512691183748,0.09,-0.011941661422065373
2025-11-20 17:00:00,1.7586448547604117,0.0,11.741355145239588,0.0,0.400833333,0.0,0.095,0.0
2025-11-20 18:00:00,2.9468627605246827,0.0,8.794492384714905,0.0,0.400833333,0.0,0.088,0.0
2025-11-20 19:00:00,0.610441845057589,0.0,8.184050539657317,0.0,0.400833333,0.0,0.085,0.0
2025-11-20 20:00:00,0.4573209809127088,0.0,7.726729558744608,0.0,0.400833333,0.0,0.085,0.0
2025-11-20 21:00:00,0.4961115998294118,0.0,7.230617958915197,0.0,0.380833333,0.0,0.088,0.0
2025-11-20 22:00:00,0.6614821331058826,0.0,6.569135825809314,0.0,0.380833333,0.0,0.088,0.0
2025-11-20 23:00:00,0.7023143635445173,0.0,5.866821462264797,0.0,0.380833333,0.0,0.086,0.0
2025-11-21 00:00:00,0.610441845057589,0.0,5.256379617207208,0.0,0.370833333,0.0,0.087,0.0
2025-11-21 01:00:00,0.8166446087726945,0.0,4.439735008434513,0.0,0.370833333,0.0,0.086,0.0
2025-11-21 02:00:00,0.6247331257111113,0.0,3.815001882723402,0.0,0.370833333,0.0,0.084,0.0
2025-11-21 03:00:00,0.8391023355139435,0.0,2.9758995472094583,0.0,0.370833333,0.0,0.083,0.0
2025-11-21 04:00:00,0.8329775009481484,0.0,2.14292204626131,0.0,0.370833333,0.0,0.086,0.0
2025-11-21 05:00:00,0.8533936161674658,0.0,1.289528430093844,0.0,0.370833333,0.0,0.087,0.0
2025-11-21 06:00:00,0.9473077461763256,0.0,0.3422206839175185,0.0,0.370833333,0.0,0.083,0.0
2025-11-21 07:00:00,1.0800124951018883,1.198066,0.4602741888156302,0.0,0.370833333,0.0,0.072,0.0
2025-11-21 08:00:00,1.0657212144483663,3.0656329999999996,2.4601859743672634,0.0,0.370833333,0.0,0.064,0.0
2025-11-21 09:00:00,0.6778150252813364,4.171472,5.953842949085926,0.0,0.370833333,0.0,0.061,0.0
2025-11-21 10:00:00,2.93494118332077,4.583333,7.6022347657651554,0.0,0.370833333,0.0,0.061,0.0
2025-11-21 11:00:00,3.690880746980506,4.583333,8.49468701878465,0.0,0.370833333,0.0,0.06,0.0
2025-11-21 12:00:00,3.0498147290939404,4.583333,10.028205289690709,0.0,0.370833333,0.0,0.06,0.0
2025-11-21 13:00:00,3.121271132361551,4.583333,11.490267157329155,0.0,0.370833333,0.0,0.058,0.0
2025-11-21 14:00:00,2.7185303619960055,3.967668,12.73940479533315,0.0,0.370833333,0.0,0.058,0.0
2025-11-21 15:00:00,0.4389464772153231,2.754132,13.5,0.0,0.380833333,2.3151855227846765,0.064,-0.1481718734582193
2025-11-21 16:00:00,0.5532767224435003,0.601837,13.5,0.0,0.400833333,0.04856027755649961,0.09,-0.004370424980084965
2025-11-21 17:00:00,2.447698145623628,0.0,11.052301854376372,0.0,0.400833333,0.0,0.095,0.0
2025-11-21 18:00:00,2.823354665659068,0.0,8.228947188717305,0.0,0.400833333,0.0,0.088,0.0
2025-11-21 19:00:00,1.0779708835799569,0.0,7.150976305137348,0.0,0.400833333,0.0,0.085,0.0
2025-11-21 20:00:00,0.6206499026672478,0.0,6.5303264024701,0.0,0.400833333,0.0,0.085,0.0
2025-11-21 21:00:00,0.7411049824612201,0.0,5.7892214200088805,0.0,0.380833333,0.0,0.088,0.0
2025-11-21 22:00:00,0.6859814713690634,0.0,5.103239948639817,0.0,0.380833333,0.0,0.088,0.0
2025-11-21 23:00:00,0.9330164655228036,0.0,4.170223483117013,0.0,0.380833333,0.0,0.086,0.0
2025-11-22 00:00:00,0.9034130984547936,0.0,3.2668103846622194,0.0,0.370833333,0.0,0.087,0.0
2025-11-22 01:00:00,1.122886337062455,0.0,2.1439240475997643,0.0,0.370833333,0.0,0.086,0.0
2025-11-22 02:00:00,1.1509584954890164,0.0,0.992965552110748,0.0,0.370833333,0.0,0.084,0.0
2025-11-22 03:00:00,1.263247129195262,0.0,0.0,0.27028157708451406,0.370833333,0.0,0.083,0.10022941807874677
2025-11-22 04:00:00,1.209654826744554,0.0,0.0,1.209654826744554,0.370833333,0.0,0.086,0.4485803311812205
2025-11-22 05:00:00,1.3066313740363114,0.0,0.0,1.3066313740363114,0.370833333,0.0,0.087,0.484542467436255
2025-11-22 06:00:00,1.3423595756701163,0.0,0.0,1.3423595756701163,0.370833333,0.0,0.083,0.4977916755302149
2025-11-22 07:00:00,1.270903172402506,1.0492819999999998,0.0,0.22162117240250612,0.370833333,0.0,0.072,0.08218451802538895
2025-11-22 08:00:00,1.1024702218431377,1.191418,0.0889477781568621,0.0,0.370833333,0.0,0.064,0.0
2025-11-22 09:00:00,1.1713746107083336,3.4425909999999997,2.3601641674485285,0.0,0.370833333,0.0,0.061,0.0
2025-11-22 10:00:00,2.9303475573964235,3.663251,3.0930676100521053,0.0,0.370833333,0.0,0.061,0.0
2025-11-22 11:00:00,3.1672073916050154,4.583333,4.5091932184470895,0.0,0.370833333,0.0,0.06,0.0
2025-11-22 12:00:00,2.7384689719993505,4.583333,6.354057246447739,0.0,0.370833333,0.0,0.06,0.0
2025-11-22 13:00:00,2.8150294040717907,3.383301,6.922328842375948,0.0,0.370833333,0.0,0.058,0.0
2025-11-22 14:00:00,2.476088993766612,3.605993,8.052232848609336,0.0,0.370833333,0.0,0.058,0.0
2025-11-22 15:00:00,0.1837450369738561,2.499586,10.36807381163548,0.0,0.380833333,0.0,0.064,0.0
2025-11-22 16:00:00,0.6941479174567904,0.5065470000000001,10.180472894178688,0.0,0.400833333,0.0,0.09,0.0
2025-11-22 17:00:00,2.2665051230521867,0.0,7.913967771126502,0.0,0.400833333,0.0,0.095,0.0
2025-11-22 18:00:00,2.4502501600260427,0.0,5.463717611100459,0.0,0.400833333,0.0,0.088,0.0
2025-11-22 19:00:00,0.5052988516781047,0.0,4.958418759422354,0.0,0.400833333,0.0,0.085,0.0
2025-11-22 20:00:00,0.5614431685312274,0.0,4.3969755908911266,0.0,0.400833333,0.0,0.085,0.0
2025-11-22 21:00:00,0.8549248248089145,0.0,3.542050766082212,0.0,0.380833333,0.0,0.088,0.0
2025-11-22 22:00:00,1.1994467691348951,0.0,2.342603996947317,0.0,0.380833333,0.0,0.088,0.0
2025-11-22 23:00:00,0.8523728104065,0.0,1.490231186540817,0.0,0.380833333,0.0,0.086,0.0
2025-11-23 00:00:00,1.0105977033562097,0.0,0.4796334831846074,0.0,0.370833333,0.0,0.087,0.0
2025-11-23 01:00:00,0.9876295737344774,0.0,0.0,0.5079960905498699,0.370833333,0.0,0.086,0.18838188340957807
2025-11-23 02:00:00,0.9799735305272336,0.0,0.0,0.9799735305272336,0.370833333,0.0,0.084,0.36340685057719124
2025-11-23 03:00:00,1.1075742506479669,0.0,0.0,1.1075742506479669,0.370833333,0.0,0.083,0.41072545091276297
2025-11-23 04:00:00,1.122886337062455,0.0,0.0,1.122886337062455,0.370833333,0.0,0.086,0.41640368295303165
2025-11-23 05:00:00,1.1866866971228216,0.0,0.0,1.1866866971228216,0.370833333,0.0,0.087,0.44006298312081743
2025-11-23 06:00:00,1.255591085988018,0.0,0.0,1.255591085988018,0.370833333,0.0,0.083,0.46561502730202625
2025-11-23 07:00:00,1.2147588555493831,0.80169,0.0,0.4130688555493831,0.370833333,0.0,0.072,0.1531797004618733
2025-11-23 08:00:00,1.2122068411469684,0.329097,0.0,0.8831098411469684,0.370833333,0.0,0.064,0.32748656579763086
2025-11-23 09:00:00,0.6992519462616196,3.739109,3.0398570537383804,0.0,0.370833333,0.0,0.061,0.0
2025-11-23 10:00:00,2.889515326957788,4.362698999999999,4.513040726780591,0.0,0.370833333,0.0,0.061,0.0
2025-11-23 11:00:00,3.242914313945689,4.583333,5.853459412834902,0.0,0.370833333,0.0,0.06,0.0
2025-11-23 12:00:00,3.758421223233453,4.583333,6.6783711896014495,0.0,0.370833333,0.0,0.06,0.0
2025-11-23 13:00:00,3.0055769745211247,4.280361,7.953155215080325,0.0,0.370833333,0.0,0.058,0.0
2025-11-23 14:00:00,2.7312904340080792,3.54518,8.767044781072245,0.0,0.370833333,0.0,0.058,0.0
2025-11-23 15:00:00,0.4823307220563727,2.396742,10.681456059015872,0.0,0.380833333,0.0,0.064,0.0
2025-11-23 16:00:00,0.6482116582133262,0.4176519999999999,10.450896400802543,0.0,0.400833333,0.0,0.09,0.0
2025-11-23 17:00:00,1.8090020386521,0.0,8.641894362150445,0.0,0.400833333,0.0,0.095,0.0
2025-11-23 18:00:00,3.1539136287246317,0.0,5.487980733425814,0.0,0.400833333,0.0,0.088,0.0
2025-11-23 19:00:00,1.2836632444145792,0.0,4.204317489011235,0.0,0.400833333,0.0,0.085,0.0
2025-11-23 20:00:00,1.1203343226600406,0.0,3.083983166351194,0.0,0.400833333,0.0,0.085,0.0
2025-11-23 21:00:00,1.2096548267445535,0.0,1.8743283396066408,0.0,0.380833333,0.0,0.088,0.0
2025-11-23 22:00:00,1.2300709419638711,0.0,0.6442573976427695,0.0,0.380833333,0.0,0.088,0.0
2025-11-23 23:00:00,1.2913192876218231,0.0,0.0,0.6470618899790537,0.380833333,0.0,0.086,0.24642273621800231
2025-11-24 00:00:00,1.6434972751550478,0.0,0.0,1.6434972751550478,0.370833333,0.0,0.087,0.6094635723221644
2025-11-24 01:00:00,1.5950090015091694,0.0,0.0,1.5950090015091694,0.370833333,0.0,0.086,0.5914825041946473
2025-11-24 02:00:00,1.6894335343985118,0.0,0.0,1.6894335343985118,0.370833333,0.0,0.084,0.6264982684429703
2025-11-24 03:00:00,1.6996415920081709,0.0,0.0,1.6996415920081709,0.370833333,0.0,0.083,0.6302837564698162
2025-11-24 04:00:00,1.804274182507172,0.0,0.0,1.804274182507172,0.370833333,0.0,0.086,0.6690850087449849
2025-11-24 05:00:00,1.6383932463502184,0.0,0.0,1.6383932463502184,0.370833333,0.0,0.087,0.6075708283087415
2025-11-24 06:00:00,1.9089067730061735,0.0,0.0,1.9089067730061735,0.370833333,0.0,0.083,0.7078862610201537
2025-11-24 07:00:00,1.81958626892166,0.790608,0.0,1.02897826892166,0.370833333,0.0,0.072,0.3815794410487895
2025-11-24 08:00:00,0.9850775593320628,2.637508,1.652430440667937,0.0,0.370833333,0.0,0.064,0.0
2025-11-24 09:00:00,0.4236343908008352,3.703649,4.932445049867102,0.0,0.370833333,0.0,0.061,0.0
2025-11-24 10:00:00,0.4236343908008353,4.248472,8.757282659066266,0.0,0.370833333,0.0,0.061,0.0
2025-11-24 11:00:00,0.4625722763324766,4.499853,12.79456338273379,0.0,0.370833333,0.0,0.06,0.0
2025-11-24 12:00:00,0.5467887516121608,4.481319999999999,13.5,0.0,0.370833333,3.9345312483878385,0.06,-0.2360718749032703
2025-11-24 13:00:00,0.6692854429280649,4.078269,13.5,0.0,0.370833333,3.408983557071935,0.058,-0.19772104631017223
2025-11-24 14:00:00,1.2096548267445535,3.4049810000000003,13.5,0.0,0.370833333,2.195326173255447,0.058,-0.12732891804881594
2025-11-24 15:00:00,0.882996983235476,2.268723,13.5,0.0,0.380833333,1.385726016764524,0.064,-0.08868646507292954
2025-11-24 16:00:00,0.3266578435090776,0.309205,13.482547156490922,0.0,0.400833333,0.0,0.09,0.0
2025-11-24 17:00:00,1.279957056241134,0.0,12.202590100249788,0.0,0.400833333,0.0,0.095,0.0
2025-11-24 18:00:00,2.071081520989682,0.0,10.131508579260109,0.0,0.400833333,0.0,0.088,0.0
2025-11-24 19:00:00,0.6482116582133262,0.0,9.48329692104678,0.0,0.400833333,0.0,0.085,0.0
2025-11-24 20:00:00,0.7349801478954251,0.0,8.748316773151355,0.0,0.400833333,0.0,0.085,0.0
2025-11-24 21:00:00,1.036117847380356,0.0,7.712198925770999,0.0,0.380833333,0.0,0.088,0.0
2025-11-24 22:00:00,1.1203343226600402,0.0,6.59186460311096,0.0,0.380833333,0.0,0.088,0.0
2025-11-24 23:00:00,1.0948141786358936,0.0,5.497050424475066,0.0,0.380833333,0.0,0.086,0.0
2025-11-25 00:00:00,1.2453830283783591,0.0,4.251667396096707,0.0,0.370833333,0.0,0.087,0.0
2025-11-25 01:00:00,1.3627756908894342,0.0,2.8888917052072727,0.0,0.370833333,0.0,0.086,0.0
2025-11-25 02:00:00,1.1892387115252363,0.0,1.6996529936820364,0.0,0.370833333,0.0,0.084,0.0
2025-11-25 03:00:00,1.2760072012073354,0.0,0.423645792474701,0.0,0.370833333,0.0,0.083,0.0
2025-11-25 04:00:00,1.3806397917063369,0.0,0.0,0.9569939992316359,0.370833333,0.0,0.086,0.35488527439606693
2025-11-25 05:00:00,1.2913192876218234,0.0,0.0,1.2913192876218234,0.370833333,0.0,0.087,0.4788642353959864
2025-11-25 06:00:00,1.5056884974246558,0.0,0.0,1.5056884974246558,0.370833333,0.0,0.083,0.558359483959747
2025-11-25 07:00:00,1.4597522381811916,0.00691,0.0,1.4528422381811916,0.370833333,0.0,0.072,0.5387623295079111
2025-11-25 08:00:00,0.7145640326761076,0.173871,0.0,0.5406930326761076,0.370833333,0.0,0.064,0.20050699943715888
2025-11-25 09:00:00,0.5001948228732753,0.5247179999999999,0.0245231771267245,0.0,0.370833333,0.0,0.061,0.0
2025-11-25 10:00:00,0.2449933826318082,1.421341,1.2008707944949162,0.0,0.370833333,0.0,0.061,0.0
2025-11-25 11:00:00,0.5008524923686966,2.980625,3.680643302126219,0.0,0.370833333,0.0,0.06,0.0
2025-11-25 12:00:00,0.4600202619300619,1.3198599999999998,4.540483040196158,0.0,0.370833333,0.0,0.06,0.0
2025-11-25 13:00:00,0.4421561611131592,0.1372239999999999,4.235550879082998,0.0,0.370833333,0.0,0.058,0.0
2025-11-25 14:00:00,0.15312086414488,0.429424,4.511854014938118,0.0,0.370833333,0.0,0.058,0.0
2025-11-25 15:00:00,0.1556728785472948,0.113689,4.469870136390823,0.0,0.380833333,0.0,0.064,0.0
2025-11-25 16:00:00,0.1990571233883442,0.4448729999999999,4.715686013002479,0.0,0.400833333,0.0,0.09,0.0
2025-11-25 17:00:00,1.2978211570580367,0.0,3.4178648559444422,0.0,0.400833333,0.0,0.095,0.0
2025-11-25 18:00:00,2.379875263681857,0.0,1.0379895922625852,0.0,0.400833333,0.0,0.088,0.0
2025-11-25 19:00:00,0.5588911541288126,0.0,0.4790984381337726,0.0,0.400833333,0.0,0.085,0.0
2025-11-25 20:00:00,0.9723174873199896,0.0,0.0,0.49321904918621695,0.400833333,0.0,0.085,0.19769863538440227
2025-11-25 21:00:00,0.959557415307916,0.0,0.0,0.959557415307916,0.380833333,0.0,0.088,0.3654314486765789
2025-11-25 22:00:00,1.0616379914045029,0.0,0.0,1.0616379914045029,0.380833333,0.0,0.088,0.40430713470600216
2025-11-25 23:00:00,0.9493493576982572,0.0,0.0,0.9493493576982572,0.380833333,0.0,0.086,0.3615438800736365
2025-11-26 00:00:00,1.192301128808134,0.0,0.0,1.192301128808134,0.370833333,0.0,0.087,0.4421450015355826
2025-11-26 01:00:00,1.1412608407598408,0.0,0.0,1.1412608407598408,0.370833333,0.0,0.086,0.423217561401354
2025-11-26 02:00:00,1.3127562086021063,0.0,0.0,1.3127562086021063,0.370833333,0.0,0.084,0.48681376025236234
2025-11-26 03:00:00,1.261715920553813,0.0,0.0,1.261715920553813,0.370833333,0.0,0.083,0.4678863201181337
2025-11-26 04:00:00,1.255591085988018,0.0,0.0,1.255591085988018,0.370833333,0.0,0.086,0.46561502730202625
2025-11-26 05:00:00,1.286215258816994,0.0,0.0,1.286215258816994,0.370833333,0.0,0.087,0.4769714913825635
2025-11-26 06:00:00,1.3842126118697171,0.0,0.0,1.3842126118697171,0.370833333,0.0,0.083,0.5133121764402825
2025-11-26 07:00:00,1.2331333592467688,0.554966,0.0,0.6781673592467689,0.370833333,0.0,0.072,0.25148706216128763
2025-11-26 08:00:00,0.8901426235622371,2.432747,1.542604376437763,0.0,0.370833333,0.0,0.064,0.0
2025-11-26 09:00:00,0.8105197742068992,3.5416930000000004,4.273777602230864,0.0,0.370833333,0.0,0.061,0.0
2025-11-26 10:00:00,2.863484780053159,4.1547529999999995,5.565045822177705,0.0,0.370833333,0.0,0.061,0.0
2025-11-26 11:00:00,3.33682530876317,2.124462,4.3526825134145355,0.0,0.370833333,0.0,0.06,0.0
2025-11-26 12:00:00,3.108164818306815,2.624451,3.868968695107721,0.0,0.370833333,0.0,0.06,0.0
2025-11-26 13:00:00,3.0407916380830677,2.33904,3.1672170570246525,0.0,0.370833333,0.0,0.058,0.0
2025-11-26 14:00:00,2.5837840015485107,1.43269,2.016123055476142,0.0,0.370833333,0.0,0.058,0.0
2025-11-26 15:00:00,0.4777370961320262,0.5827859999999999,2.1211719593441156,0.0,0.380833333,0.0,0.064,0.0
2025-11-26 16:00:00,0.6288163487549747,0.0,1.492355610589141,0.0,0.400833333,0.0,0.09,0.0
2025-11-26 17:00:00,2.089697121757805,0.0,0.0,0.597341511168664,0.400833333,0.0,0.095,0.2394343888609923
2025-11-26 18:00:00,3.049254537065721,0.0,0.0,3.049254537065721,0.400833333,0.0,0.088,1.222242859257425
2025-11-26 19:00:00,0.579817672228613,0.0,0.0,0.579817672228613,0.400833333,0.0,0.085,0.2324102500916965
2025-11-26 20:00:00,0.4348632541714597,0.0,0.0,0.4348632541714597,0.400833333,0.0,0.085,0.17430768756877235
2025-11-26 21:00:00,0.5206109380925927,0.0,0.0,0.5206109380925927,0.380833333,0.0,0.088,0.19826599875005876
2025-11-26 22:00:00,0.7227304787638346,0.0,0.0,0.7227304787638346,0.380833333,0.0,0.088,0.27523985708831683
2025-11-26 23:00:00,1.0800124951018883,0.0,0.0,1.0800124951018883,0.380833333,0.0,0.086,0.4113047581912983
2025-11-27 00:00:00,1.0636796029264346,0.0,0.0,1.0636796029264346,0.370833333,0.0,0.087,0.39444785239732627
2025-11-27 01:00:00,1.2453830283783591,0.0,0.0,1.2453830283783591,0.370833333,0.0,0.086,0.4618295392751805
2025-11-27 02:00:00,1.1392192292379089,0.0,0.0,1.1392192292379089,0.370833333,0.0,0.084,0.4224604637959848
2025-11-27 03:00:00,1.1555521214133628,0.0,0.0,1.1555521214133628,0.370833333,0.0,0.083,0.428517244638938
2025-11-27 04:00:00,1.16371856750109,0.0,0.0,1.16371856750109,0.370833333,0.0,0.086,0.43154563506041466
2025-11-27 05:00:00,1.3617548851284682,0.0,0.0,1.3617548851284682,0.370833333,0.0,0.087,0.504984102781222
2025-11-27 06:00:00,1.261715920553813,0.0,0.0,1.261715920553813,0.370833333,0.0,0.083,0.4678863201181337
2025-11-27 07:00:00,1.3045897625143796,0.4913519999999999,0.0,0.8132377625143797,0.370833333,0.0,0.072,0.3015756699946699
2025-11-27 08:00:00,0.6288163487549746,0.105251,0.0,0.5235653487549746,0.370833333,0.0,0.064,0.19415548332211463
2025-11-27 09:00:00,0.4695706500442992,0.622664,0.1530933499557007,0.0,0.370833333,0.0,0.061,0.0
2025-11-27 10:00:00,0.4940699883074801,4.583333,4.242356361648221,0.0,0.370833333,0.0,0.061,0.0
2025-11-27 11:00:00,1.0325167537356046,4.583333,7.793172607912616,0.0,0.370833333,0.0,0.06,0.0
2025-11-27 12:00:00,1.0529328689549218,4.583333,11.323572738957694,0.0,0.370833333,0.0,0.06,0.0
2025-11-27 13:00:00,0.750774363709025,4.583333,13.5,0.0,0.370833333,3.8325586362909747,0.058,-0.22228840090487653
2025-11-27 14:00:00,0.2409101595879447,3.888793,13.5,0.0,0.370833333,3.6478828404120556,0.058,-0.21157720474389924
2025-11-27 15:00:00,0.2939920591581699,2.655716,13.5,0.0,0.380833333,2.3617239408418302,0.064,-0.15115033221387714
2025-11-27 16:00:00,0.4736538730881626,0.525644,13.5,0.0,0.400833333,0.05199012691183741,0.09,-0.004679111422065367
2025-11-27 17:00:00,1.7586448547604117,0.0,11.741355145239588,0.0,0.400833333,0.0,0.095,0.0
2025-11-27 18:00:00,2.9468627605246827,0.0,8.794492384714905,0.0,0.400833333,0.0,0.088,0.0
2025-11-27 19:00:00,0.610441845057589,0.0,8.184050539657317,0.0,0.400833333,0.0,0.085,0.0
2025-11-27 20:00:00,0.4573209809127088,0.0,7.726729558744608,0.0,0.400833333,0.0,0.085,0.0
2025-11-27 21:00:00,0.4961115998294118,0.0,7.230617958915197,0.0,0.380833333,0.0,0.088,0.0
2025-11-27 22:00:00,0.6614821331058826,0.0,6.569135825809314,0.0,0.380833333,0.0,0.088,0.0
2025-11-27 23:00:00,0.7023143635445173,0.0,5.866821462264797,0.0,0.380833333,0.0,0.086,0.0
2025-11-28 00:00:00,0.610441845057589,0.0,5.256379617207208,0.0,0.370833333,0.0,0.087,0.0
2025-11-28 01:00:00,0.8166446087726945,0.0,4.439735008434513,0.0,0.370833333,0.0,0.086,0.0
2025-11-28 02:00:00,0.6247331257111113,0.0,3.815001882723402,0.0,0.370833333,0.0,0.084,0.0
2025-11-28 03:00:00,0.8391023355139435,0.0,2.9758995472094583,0.0,0.370833333,0.0,0.083,0.0
2025-11-28 04:00:00,0.8329775009481484,0.0,2.14292204626131,0.0,0.370833333,0.0,0.086,0.0
2025-11-28 05:00:00,0.8533936161674658,0.0,1.289528430093844,0.0,0.370833333,0.0,0.087,0.0
2025-11-28 06:00:00,0.9473077461763256,0.0,0.3422206839175185,0.0,0.370833333,0.0,0.083,0.0
2025-11-28 07:00:00,1.0800124951018883,0.692517,0.0,0.04527481118436982,0.370833333,0.0,0.072,0.01678940913244554
2025-11-28 08:00:00,1.0657212144483663,2.960051,1.8943297855516337,0.0,0.370833333,0.0,0.064,0.0
2025-11-28 09:00:00,0.6778150252813364,4.204286,5.420800760270297,0.0,0.370833333,0.0,0.061,0.0
2025-11-28 10:00:00,2.93494118332077,4.583333,7.069192576949527,0.0,0.370833333,0.0,0.061,0.0
2025-11-28 11:00:00,3.690880746980506,4.583333,7.961644829969021,0.0,0.370833333,0.0,0.06,0.0
2025-11-28 12:00:00,3.0498147290939404,4.583333,9.49516310087508,0.0,0.370833333,0.0,0.06,0.0
2025-11-28 13:00:00,3.121271132361551,4.583333,10.957224968513527,0.0,0.370833333,0.0,0.058,0.0
2025-11-28 14:00:00,2.7185303619960055,4.047508,12.286202606517524,0.0,0.370833333,0.0,0.058,0.0
2025-11-28 15:00:00,0.4389464772153231,2.804027,13.5,0.0,0.380833333,2.3650805227846767,0.064,-0.15136515345821933
2025-11-28 16:00:00,0.5532767224435003,0.591456,13.5,0.0,0.400833333,0.038179277556499636,0.09,-0.003436134980084967
2025-11-28 17:00:00,2.447698145623628,0.0,11.052301854376372,0.0,0.400833333,0.0,0.095,0.0
2025-11-28 18:00:00,2.823354665659068,0.0,8.228947188717305,0.0,0.400833333,0.0,0.088,0.0
2025-11-28 19:00:00,1.0779708835799569,0.0,7.150976305137348,0.0,0.400833333,0.0,0.085,0.0
2025-11-28 20:00:00,0.6206499026672478,0.0,6.5303264024701,0.0,0.400833333,0.0,0.085,0.0
2025-11-28 21:00:00,0.7411049824612201,0.0,5.7892214200088805,0.0,0.380833333,0.0,0.088,0.0
2025-11-28 22:00:00,0.6859814713690634,0.0,5.103239948639817,0.0,0.380833333,0.0,0.088,0.0
2025-11-28 23:00:00,0.9330164655228036,0.0,4.170223483117013,0.0,0.380833333,0.0,0.086,0.0
2025-11-29 00:00:00,0.9034130984547936,0.0,3.2668103846622194,0.0,0.370833333,0.0,0.087,0.0
2025-11-29 01:00:00,1.122886337062455,0.0,2.1439240475997643,0.0,0.370833333,0.0,0.086,0.0
2025-11-29 02:00:00,1.1509584954890164,0.0,0.992965552110748,0.0,0.370833333,0.0,0.084,0.0
2025-11-29 03:00:00,1.263247129195262,0.0,0.0,0.27028157708451406,0.370833333,0.0,0.083,0.10022941807874677
2025-11-29 04:00:00,1.209654826744554,0.0,0.0,1.209654826744554,0.370833333,0.0,0.086,0.4485803311812205
2025-11-29 05:00:00,1.3066313740363114,0.0,0.0,1.3066313740363114,0.370833333,0.0,0.087,0.484542467436255
2025-11-29 06:00:00,1.3423595756701163,0.0,0.0,1.3423595756701163,0.370833333,0.0,0.083,0.4977916755302149
2025-11-29 07:00:00,1.270903172402506,0.676928,0.0,0.593975172402506,0.370833333,0.0,0.072,0.2202657929012709
2025-11-29 08:00:00,1.1024702218431377,2.674489,1.5720187781568622,0.0,0.370833333,0.0,0.064,0.0
2025-11-29 09:00:00,1.1713746107083336,4.093117,4.493761167448529,0.0,0.370833333,0.0,0.061,0.0
2025-11-29 10:00:00,2.9303475573964235,4.583333,6.146746610052105,0.0,0.370833333,0.0,0.061,0.0
2025-11-29 11:00:00,3.1672073916050154,4.583333,7.562872218447089,0.0,0.370833333,0.0,0.06,0.0
2025-11-29 12:00:00,2.7384689719993505,4.583333,9.40773624644774,0.0,0.370833333,0.0,0.06,0.0
2025-11-29 13:00:00,2.8150294040717907,3.976651,10.569357842375949,0.0,0.370833333,0.0,0.058,0.0
2025-11-29 14:00:00,2.476088993766612,2.193664,10.286932848609336,0.0,0.370833333,0.0,0.058,0.0
2025-11-29 15:00:00,0.1837450369738561,0.20405,10.30723781163548,0.0,0.380833333,0.0,0.064,0.0
2025-11-29 16:00:00,0.6941479174567904,0.0,9.613089894178689,0.0,0.400833333,0.0,0.09,0.0
2025-11-29 17:00:00,2.2665051230521867,0.0,7.346584771126502,0.0,0.400833333,0.0,0.095,0.0
2025-11-29 18:00:00,2.4502501600260427,0.0,4.8963346111004595,0.0,0.400833333,0.0,0.088,0.0
2025-11-29 19:00:00,0.5052988516781047,0.0,4.391035759422355,0.0,0.400833333,0.0,0.085,0.0
2025-11-29 20:00:00,0.5614431685312274,0.0,3.829592590891127,0.0,0.400833333,0.0,0.085,0.0
2025-11-29 21:00:00,0.8549248248089145,0.0,2.974667766082213,0.0,0.380833333,0.0,0.088,0.0
2025-11-29 22:00:00,1.1994467691348951,0.0,1.7752209969473178,0.0,0.380833333,0.0,0.088,0.0
2025-11-29 23:00:00,0.8523728104065,0.0,0.9228481865408178,0.0,0.380833333,0.0,0.086,0.0
2025-11-30 00:00:00,1.0105977033562097,0.0,0.0,0.08774951681539189,0.370833333,0.0,0.087,0.03254044578979132
2025-11-30 01:00:00,0.9876295737344774,0.0,0.0,0.9876295737344774,0.370833333,0.0,0.086,0.3662459665973255
2025-11-30 02:00:00,0.9799735305272336,0.0,0.0,0.9799735305272336,0.370833333,0.0,0.084,0.36340685057719124
2025-11-30 03:00:00,1.1075742506479669,0.0,0.0,1.1075742506479669,0.370833333,0.0,0.083,0.41072545091276297
2025-11-30 04:00:00,1.122886337062455,0.0,0.0,1.122886337062455,0.370833333,0.0,0.086,0.41640368295303165
2025-11-30 05:00:00,1.1866866971228216,0.0,0.0,1.1866866971228216,0.370833333,0.0,0.087,0.44006298312081743
2025-11-30 06:00:00,1.255591085988018,0.0,0.0,1.255591085988018,0.370833333,0.0,0.083,0.46561502730202625
2025-11-30 07:00:00,1.2147588555493831,0.481783,0.0,0.732975855549383,0.370833333,0.0,0.072,0.2718118795219043
2025-11-30 08:00:00,1.2122068411469684,1.208192,0.0,0.004014841146968484,0.370833333,0.0,0.064,0.0014888369239958658
2025-11-30 09:00:00,0.6992519462616196,3.733905,3.0346530537383805,0.0,0.370833333,0.0,0.061,0.0
2025-11-30 10:00:00,2.889515326957788,4.448455,4.593592726780592,0.0,0.370833333,0.0,0.061,0.0
2025-11-30 11:00:00,3.242914313945689,4.583333,5.934011412834903,0.0,0.370833333,0.0,0.06,0.0
2025-11-30 12:00:00,3.758421223233453,4.583333,6.75892318960145,0.0,0.370833333,0.0,0.06,0.0
2025-11-30 13:00:00,3.0055769745211247,4.358723,8.112069215080325,0.0,0.370833333,0.0,0.058,0.0
2025-11-30 14:00:00,2.7312904340080792,3.626237,9.007015781072246,0.0,0.370833333,0.0,0.058,0.0
2025-11-30 15:00:00,0.4823307220563727,2.44828,10.972965059015872,0.0,0.380833333,0.0,0.064,0.0
2025-11-30 16:00:00,0.6482116582133262,0.4821979999999999,10.806951400802546,0.0,0.400833333,0.0,0.09,0.0
2025-11-30 17:00:00,1.8090020386521,0.0,8.997949362150447,0.0,0.400833333,0.0,0.095,0.0
2025-11-30 18:00:00,3.1539136287246317,0.0,5.844035733425815,0.0,0.400833333,0.0,0.088,0.0
2025-11-30 19:00:00,1.2836632444145792,0.0,4.560372489011236,0.0,0.400833333,0.0,0.085,0.0
2025-11-30 20:00:00,1.1203343226600406,0.0,3.4400381663511954,0.0,0.400833333,0.0,0.085,0.0
2025-11-30 21:00:00,1.2096548267445535,0.0,2.230383339606642,0.0,0.380833333,0.0,0.088,0.0
2025-11-30 22:00:00,1.2300709419638711,0.0,1.000312397642771,0.0,0.380833333,0.0,0.088,0.0
2025-11-30 23:00:00,1.2913192876218231,0.0,0.0,0.2910068899790521,0.380833333,0.0,0.086,0.11082512383668672
2025-11-30 23:59:59,0.1,0.0,0.0,0.1,150.0,0.0,0.0,15.0
2025-12-01 00:00:00,1.5953504784789492,0.0,0.0,1.5953504784789492,0.37016129,0.0,0.089,0.590536991115885
2025-12-01 01:00:00,1.5482826848592284,0.0,0.0,1.5482826848592284,0.37016129,0.0,0.085,0.5731143159121554
2025-12-01 02:00:00,1.6399410198028948,0.0,0.0,1.6399410198028948,0.37016129,0.0,0.082,0.607042683414155
2025-12-01 03:00:00,1.649850028985994,0.0,0.0,1.649850028985994,0.37016129,0.0,0.082,0.6107106150359929
2025-12-01 04:00:00,1.7514173731127594,0.0,0.0,1.7514173731127594,0.37016129,0.0,0.085,0.6483069141598303
2025-12-01 05:00:00,1.5903959738873996,0.0,0.0,1.5903959738873996,0.37016129,0.0,0.089,0.5887030253049661
2025-12-01 06:00:00,1.8529847172395248,0.0,0.0,1.8529847172395248,0.37016129,0.0,0.09,0.6859032132836678
2025-12-01 07:00:00,1.766280886887408,0.542298,0.0,1.223982886887408,0.37016129,0.0,0.083,0.453071084348167
2025-12-01 08:00:00,0.9562193861690595,2.6145970000000003,1.6583776138309407,0.0,0.37016129,0.0,0.074,0.0
2025-12-01 09:00:00,0.411223881098611,3.75259,4.9997437327323295,0.0,0.37016129,0.0,0.069,0.0
2025-12-01 10:00:00,0.411223881098611,4.481038,9.069557851633718,0.0,0.37016129,0.0,0.069,0.0
2025-12-01 11:00:00,0.4528091575594098,4.583333,13.200081694074306,0.0,0.37016129,0.0,0.063,0.0
2025-12-01 12:00:00,0.5345584833199772,4.583333,13.5,0.0,0.37016129,4.048774516680022,0.063,-0.2550727945508414
2025-12-01 13:00:00,0.6534665935171661,4.374362,13.5,0.0,0.37016129,3.7208954064828337,0.061,-0.22697461979545286
2025-12-01 14:00:00,1.1742175881972388,3.726878,13.5,0.0,0.37016129,2.552660411802761,0.062,-0.1582649455317712
2025-12-01 15:00:00,0.8571292943380688,2.600012,13.5,0.0,0.38016129,1.7428827056619312,0.069,-0.12025890669067325
2025-12-01 16:00:00,0.3170882938591698,0.539745,13.5,0.0,0.40016129,0.22265670614083022,0.091,-0.02026176025881555
2025-12-01 17:00:00,1.2532149805652202,0.0,12.24678501943478,0.0,0.40016129,0.0,0.095,0.0
2025-12-01 18:00:00,2.021163192255398,0.0,10.22562182717938,0.0,0.40016129,0.0,0.091,0.0
2025-12-01 19:00:00,0.6292220831267904,0.0,9.59639974405259,0.0,0.40016129,0.0,0.089,0.0
2025-12-01 20:00:00,0.7134486611831324,0.0,8.882951082869457,0.0,0.40016129,0.0,0.088,0.0
2025-12-01 21:00:00,1.005764432084555,0.0,7.877186650784902,0.0,0.38016129,0.0,0.09,0.0
2025-12-01 22:00:00,1.0875137578451222,0.0,6.78967289293978,0.0,0.38016129,0.0,0.09,0.0
2025-12-01 23:00:00,1.0627412348873746,0.0,5.726931658052406,0.0,0.38016129,0.0,0.091,0.0
2025-12-02 00:00:00,1.2088991203380857,0.0,4.51803253771432,0.0,0.37016129,0.0,0.089,0.0
2025-12-02 01:00:00,1.3228527259437248,0.0,3.195179811770595,0.0,0.37016129,0.0,0.085,0.0
2025-12-02 02:00:00,1.1543995698310408,0.0,2.0407802419395544,0.0,0.37016129,0.0,0.082,0.0
2025-12-02 03:00:00,1.2386261478873828,0.0,0.8021540940521716,0.0,0.37016129,0.0,0.082,0.0
2025-12-02 04:00:00,1.3401934920141485,0.0,0.0,0.5380393979619769,0.37016129,0.0,0.085,0.19916135762042872
2025-12-02 05:00:00,1.2534896616620312,0.0,0.0,1.2534896616620312,0.37016129,0.0,0.089,0.463993350162481
2025-12-02 06:00:00,1.4615788545071118,0.0,0.0,1.4615788545071118,0.37016129,0.0,0.09,0.5410199142210748
2025-12-02 07:00:00,1.416988313183166,0.602947,0.0,0.814041313183166,0.37016129,0.0,0.083,0.3013265826011747
2025-12-02 08:00:00,0.6936306428169343,2.818993,2.1253623571830653,0.0,0.37016129,0.0,0.074,0.0
2025-12-02 09:00:00,0.485541449971854,4.0524070000000005,5.692227907211212,0.0,0.37016129,0.0,0.069,0.0
2025-12-02 10:00:00,0.2378162203943774,4.583333,10.037744686816836,0.0,0.37016129,0.0,0.069,0.0
2025-12-02 11:00:00,0.4899679419960313,4.583333,13.5,0.0,0.37016129,4.093365058003968,0.063,-0.25788199865425
2025-12-02 12:00:00,0.4503319052636352,4.583333,13.5,0.0,0.37016129,4.133001094736365,0.063,-0.26037906896839097
2025-12-02 13:00:00,0.4329911391932117,4.583333,13.5,0.0,0.37016129,4.150341860806788,0.061,-0.25317085350921403
2025-12-02 14:00:00,0.1486351377464856,3.851742,13.5,0.0,0.37016129,3.703106862253515,0.062,-0.22959262545971793
2025-12-02 15:00:00,0.1511123900422604,2.6363290000000004,13.5,0.0,0.38016129,2.4852166099577397,0.069,-0.17147994608708406
2025-12-02 16:00:00,0.1932256790704316,0.531862,13.5,0.0,0.40016129,0.33863632092956836,0.091,-0.03081590520459072
2025-12-02 17:00:00,1.2705557466356434,0.0,12.229444253364356,0.0,0.40016129,0.0,0.095,0.0
2025-12-02 18:00:00,2.3209107200441443,0.0,9.908533533320211,0.0,0.40016129,0.0,0.091,0.0
2025-12-02 19:00:00,0.5425182527746735,0.0,9.366015280545538,0.0,0.40016129,0.0,0.089,0.0
2025-12-02 20:00:00,0.9438331246901857,0.0,8.422182155855353,0.0,0.40016129,0.0,0.088,0.0
2025-12-02 21:00:00,0.931446863211312,0.0,7.490735292644041,0.0,0.38016129,0.0,0.09,0.0
2025-12-02 22:00:00,1.0305369550423027,0.0,6.460198337601739,0.0,0.38016129,0.0,0.09,0.0
2025-12-02 23:00:00,0.9215378540282128,0.0,5.538660483573526,0.0,0.38016129,0.0,0.091,0.0
2025-12-03 00:00:00,1.1573722725859703,0.0,4.381288210987556,0.0,0.37016129,0.0,0.089,0.0
2025-12-03 01:00:00,1.1078272266704752,0.0,3.2734609843170808,0.0,0.37016129,0.0,0.085,0.0
2025-12-03 02:00:00,1.2742985809465392,0.0,1.9991624033705415,0.0,0.37016129,0.0,0.082,0.0
2025-12-03 03:00:00,1.224753535031044,0.0,0.7744088683394976,0.0,0.37016129,0.0,0.082,0.0
2025-12-03 04:00:00,1.2188081295211846,0.0,0.0,0.44439926118168693,0.37016129,0.0,0.085,0.16449940379406014
2025-12-03 05:00:00,1.248535157070482,0.0,0.0,1.248535157070482,0.37016129,0.0,0.089,0.4621593843515622
2025-12-03 06:00:00,1.343661645228233,0.0,0.0,1.343661645228233,0.37016129,0.0,0.09,0.49737152792120504
2025-12-03 07:00:00,1.1970083093183668,0.5253,0.0,0.6717083093183668,0.37016129,0.0,0.083,0.24864041428100564
2025-12-03 08:00:00,0.8640656007662383,2.679739,1.815673399233762,0.0,0.37016129,0.0,0.074,0.0
2025-12-03 09:00:00,0.7867753291380655,3.909521,4.938419070095697,0.0,0.37016129,0.0,0.069,0.0
2025-12-03 10:00:00,2.846977306907068,4.583333,6.674774763188628,0.0,0.37016129,0.0,0.069,0.0
2025-12-03 11:00:00,3.3126012423408744,4.583333,7.945506520847753,0.0,0.37016129,0.0,0.063,0.0
2025-12-03 12:00:00,3.0906394366394556,4.583333,9.438200084208296,0.0,0.37016129,0.0,0.063,0.0
2025-12-03 13:00:00,3.025239976031002,4.376398,10.789358108177296,0.0,0.37016129,0.0,0.061,0.0
2025-12-03 14:00:00,2.5754704552901537,3.659845,11.873732652887142,0.0,0.37016129,0.0,0.062,0.0
2025-12-03 15:00:00,0.4637416297690361,2.5391019999999997,13.5,0.0,0.38016129,2.0753603702309635,0.069,-0.1431998655459365
2025-12-03 16:00:00,0.6103949656789022,0.5216689999999999,13.411274034321098,0.0,0.40016129,0.0,0.091,0.0
2025-12-03 17:00:00,2.0459393083383643,0.0,11.365334725982734,0.0,0.40016129,0.0,0.095,0.0
2025-12-03 18:00:00,2.9773861715496768,0.0,8.387948554433057,0.0,0.40016129,0.0,0.091,0.0
2025-12-03 19:00:00,0.5628317216000266,0.0,7.8251168328330305,0.0,0.40016129,0.0,0.089,0.0
2025-12-03 20:00:00,0.4221237912000199,0.0,7.40299304163301,0.0,0.40016129,0.0,0.088,0.0
2025-12-03 21:00:00,0.505359468338052,0.0,6.897633573294958,0.0,0.38016129,0.0,0.09,0.0
2025-12-03 22:00:00,0.7015578501634135,0.0,6.196075723131544,0.0,0.38016129,0.0,0.09,0.0
2025-12-03 23:00:00,1.048373171571881,0.0,5.1477025515596635,0.0,0.38016129,0.0,0.091,0.0
2025-12-04 00:00:00,1.0325187568789225,0.0,4.115183794680741,0.0,0.37016129,0.0,0.089,0.0
2025-12-04 01:00:00,1.2088991203380854,0.0,2.9062846743426554,0.0,0.37016129,0.0,0.085,0.0
2025-12-04 02:00:00,1.1058454248338554,0.0,1.8004392495088,0.0,0.37016129,0.0,0.082,0.0
2025-12-04 03:00:00,1.1216998395268138,0.0,0.6787394099819861,0.0,0.37016129,0.0,0.082,0.0
2025-12-04 04:00:00,1.1296270468732932,0.0,0.0,0.45088763689130706,0.37016129,0.0,0.085,0.1669011493167378
2025-12-04 05:00:00,1.3218618250254148,0.0,0.0,1.3218618250254148,0.37016129,0.0,0.089,0.4893020783531618
2025-12-04 06:00:00,1.2247535350310443,0.0,0.0,1.2247535350310443,0.37016129,0.0,0.09,0.4533563484591515
2025-12-04 07:00:00,1.26637137360006,0.5264679999999999,0.0,0.73990337360006,0.37016129,0.0,0.083,0.2738835872471501
2025-12-04 08:00:00,0.6103949656789021,2.6697710000000003,2.0593760343210983,0.0,0.37016129,0.0,0.074,0.0
2025-12-04 09:00:00,0.4558144224225568,3.884208,5.487769611898542,0.0,0.37016129,0.0,0.069,0.0
2025-12-04 10:00:00,0.4795960444619944,4.583333,9.591506567436548,0.0,0.37016129,0.0,0.069,0.0
2025-12-04 11:00:00,1.0083891973556534,4.583333,13.166450370080891,0.0,0.37016129,0.0,0.063,0.0
2025-12-04 12:00:00,1.0282072157218514,4.583333,13.5,0.0,0.37016129,3.5551257842781485,0.063,-0.22397292440952335
2025-12-04 13:00:00,0.7349005439021192,4.438344,13.5,0.0,0.37016129,3.7034434560978804,0.061,-0.2259100508219707
2025-12-04 14:00:00,0.2338526167211377,3.784686,13.5,0.0,0.37016129,3.5508333832788623,0.062,-0.22015166976328945
2025-12-04 15:00:00,0.2853794644732529,2.6211,13.5,0.0,0.38016129,2.335720535526747,0.069,-0.16116471695134557
2025-12-04 16:00:00,0.4597780260957963,0.537326,13.5,0.0,0.40016129,0.07754797390420365,0.091,-0.007056865625282532
2025-12-04 17:00:00,1.7245009765720831,0.0,11.775499023427916,0.0,0.40016129,0.0,0.095,0.0
2025-12-04 18:00:00,2.877909645484814,0.0,8.897589377943103,0.0,0.40016129,0.0,0.091,0.0
2025-12-04 19:00:00,0.5925587491493239,0.0,8.305030628793778,0.0,0.40016129,0.0,0.089,0.0
2025-12-04 20:00:00,0.4439236114028378,0.0,7.861107017390941,0.0,0.40016129,0.0,0.088,0.0
2025-12-04 21:00:00,0.4815778462986143,0.0,7.379529171092327,0.0,0.38016129,0.0,0.09,0.0
2025-12-04 22:00:00,0.6421037950648191,0.0,6.737425376027508,0.0,0.38016129,0.0,0.09,0.0
2025-12-04 23:00:00,0.6817398317972154,0.0,6.055685544230292,0.0,0.38016129,0.0,0.091,0.0
2025-12-05 00:00:00,0.5925587491493238,0.0,5.463126795080969,0.0,0.37016129,0.0,0.089,0.0
2025-12-05 01:00:00,0.7927207346479249,0.0,4.670406060433044,0.0,0.37016129,0.0,0.085,0.0
2025-12-05 02:00:00,0.6064313620056625,0.0,4.063974698427382,0.0,0.37016129,0.0,0.082,0.0
2025-12-05 03:00:00,0.8145205548507428,0.0,3.249454143576638,0.0,0.37016129,0.0,0.082,0.0
2025-12-05 04:00:00,0.8085751493408835,0.0,2.440878994235755,0.0,0.37016129,0.0,0.085,0.0
2025-12-05 05:00:00,0.8283931677070815,0.0,1.6124858265286737,0.0,0.37016129,0.0,0.089,0.0
2025-12-05 06:00:00,0.919556052191593,0.0,0.6929297743370807,0.0,0.37016129,0.0,0.09,0.0
2025-12-05 07:00:00,1.0483731715718807,0.5597190000000001,0.2042756027652,0.0,0.37016129,0.0,0.083,0.0
2025-12-05 08:00:00,1.034500558715542,2.731921,1.901696044049658,0.0,0.37016129,0.0,0.074,0.0
2025-12-05 09:00:00,0.6579582097577776,3.933335,5.177072834291881,0.0,0.37016129,0.0,0.069,0.0
2025-12-05 10:00:00,2.9163403711887614,4.5682920000000005,6.82902446310312,0.0,0.37016129,0.0,0.069,0.0
2025-12-05 11:00:00,3.653941093352681,4.583333,7.758416369750439,0.0,0.37016129,0.0,0.063,0.0
2025-12-05 12:00:00,3.0316553166540596,4.583333,9.310094053096378,0.0,0.37016129,0.0,0.063,0.0
2025-12-05 13:00:00,3.101018380935753,4.4577860000000005,10.666861672160625,0.0,0.37016129,0.0,0.061,0.0
2025-12-05 14:00:00,2.7062693765070613,3.775378,11.735970295653564,0.0,0.37016129,0.0,0.062,0.0
2025-12-05 15:00:00,0.4260873948732596,2.641044,13.5,0.0,0.38016129,2.21495660512674,0.069,-0.1528320057537451
2025-12-05 16:00:00,0.537068297723969,0.554682,13.5,0.0,0.40016129,0.017613702276030985,0.091,-0.0016028469071188195
2025-12-05 17:00:00,2.3867994272783455,0.0,11.113200572721654,0.0,0.40016129,0.0,0.095,0.0
2025-12-05 18:00:00,2.751450965216391,0.0,8.361749607505264,0.0,0.40016129,0.0,0.091,0.0
2025-12-05 19:00:00,1.046391369735261,0.0,7.315358237770003,0.0,0.40016129,0.0,0.089,0.0
2025-12-05 20:00:00,0.6024677583324228,0.0,6.71289047943758,0.0,0.40016129,0.0,0.088,0.0
2025-12-05 21:00:00,0.7193940666929919,0.0,5.993496412744588,0.0,0.38016129,0.0,0.09,0.0
2025-12-05 22:00:00,0.6658854171042569,0.0,5.327610995640331,0.0,0.38016129,0.0,0.09,0.0
2025-12-05 23:00:00,0.9056834393352544,0.0,4.421927556305077,0.0,0.38016129,0.0,0.091,0.0
2025-12-06 00:00:00,0.876947312704267,0.0,3.54498024360081,0.0,0.37016129,0.0,0.089,0.0
2025-12-06 01:00:00,1.089991010140897,0.0,2.454989233459913,0.0,0.37016129,0.0,0.085,0.0
2025-12-06 02:00:00,1.1172407853944193,0.0,1.3377484480654938,0.0,0.37016129,0.0,0.082,0.0
2025-12-06 03:00:00,1.2262398864085091,0.0,0.1115085616569846,0.0,0.37016129,0.0,0.082,0.0
2025-12-06 04:00:00,1.174217588197239,0.0,0.0,1.0627090265402543,0.37016129,0.0,0.085,0.39337374415878473
2025-12-06 05:00:00,1.26835317543668,0.0,0.0,1.26835317543668,0.37016129,0.0,0.089,0.4694952475952377
2025-12-06 06:00:00,1.3030347075775266,0.0,0.0,1.3030347075775266,0.37016129,0.0,0.09,0.48233300827166997
2025-12-06 07:00:00,1.2336716432958332,0.474251,0.0,0.7594206432958333,0.37016129,0.0,0.083,0.28110812497501547
2025-12-06 08:00:00,1.0701729917746987,2.620355,1.5501820082253013,0.0,0.37016129,0.0,0.074,0.0
2025-12-06 09:00:00,1.1370588037606175,3.849766,4.262889204464685,0.0,0.37016129,0.0,0.069,0.0
2025-12-06 10:00:00,2.911881317056367,4.559968,5.910975887408317,0.0,0.37016129,0.0,0.069,0.0
2025-12-06 11:00:00,3.145608922259699,4.583333,7.348699965148618,0.0,0.37016129,0.0,0.063,0.0
2025-12-06 12:00:00,2.729430536569538,4.583333,9.20260242857908,0.0,0.37016129,0.0,0.063,0.0
2025-12-06 13:00:00,2.8037481054427813,4.3975100000000005,10.7963643231363,0.0,0.37016129,0.0,0.061,0.0
2025-12-06 14:00:00,2.4709304084084587,3.692649,12.01808291472784,0.0,0.37016129,0.0,0.062,0.0
2025-12-06 15:00:00,0.1783621652957829,2.5619929999999997,13.5,0.0,0.38016129,2.383630834704217,0.069,-0.164470527594591
2025-12-06 16:00:00,0.6738126244507361,0.5165919999999999,13.342779375549265,0.0,0.40016129,0.0,0.091,0.0
2025-12-06 17:00:00,2.210914514278337,0.0,11.131864861270929,0.0,0.40016129,0.0,0.095,0.0
2025-12-06 18:00:00,2.3892766795741203,0.0,8.742588181696807,0.0,0.40016129,0.0,0.091,0.0
2025-12-06 19:00:00,0.4904959545634034,0.0,8.252092227133403,0.0,0.40016129,0.0,0.089,0.0
2025-12-06 20:00:00,0.5449955050704482,0.0,7.707096722062955,0.0,0.40016129,0.0,0.088,0.0
2025-12-06 21:00:00,0.8298795190845464,0.0,6.877217202978409,0.0,0.38016129,0.0,0.09,0.0
2025-12-06 22:00:00,1.16430857901414,0.0,5.712908623964269,0.0,0.38016129,0.0,0.09,0.0
2025-12-06 23:00:00,0.8274022667887718,0.0,4.8855063571754975,0.0,0.38016129,0.0,0.091,0.0
2025-12-07 00:00:00,0.9809919091268072,0.0,3.9045144480486904,0.0,0.37016129,0.0,0.089,0.0
2025-12-07 01:00:00,0.958696638464834,0.0,2.9458178095838563,0.0,0.37016129,0.0,0.085,0.0
2025-12-07 02:00:00,0.95126488157751,0.0,1.9945529280063463,0.0,0.37016129,0.0,0.082,0.0
2025-12-07 03:00:00,1.0751274963662485,0.0,0.9194254316400978,0.0,0.37016129,0.0,0.082,0.0
2025-12-07 04:00:00,1.089991010140897,0.0,0.0,0.17056557850079912,0.37016129,0.0,0.085,0.06313677456745206
2025-12-07 05:00:00,1.151922317535266,0.0,0.0,1.151922317535266,0.37016129,0.0,0.089,0.42639705103864367
2025-12-07 06:00:00,1.2188081295211848,0.0,0.0,1.2188081295211848,0.37016129,0.0,0.09,0.45115558948604884
2025-12-07 07:00:00,1.1791720927887883,0.382828,0.0,0.7963440927887884,0.37016129,0.0,0.083,0.2947757566705776
2025-12-07 08:00:00,1.1766948404930138,2.628991,1.4522961595069863,0.0,0.37016129,0.0,0.074,0.0
2025-12-07 09:00:00,0.6787671290422856,3.884463,4.657992030464701,0.0,0.37016129,0.0,0.069,0.0
2025-12-07 10:00:00,2.87224528032397,4.583333,6.369079750140731,0.0,0.37016129,0.0,0.069,0.0
2025-12-07 11:00:00,3.219153692445021,4.583333,7.73325905769571,0.0,0.37016129,0.0,0.063,0.0
2025-12-07 12:00:00,3.719558656191523,4.583333,8.597033401504186,0.0,0.37016129,0.0,0.063,0.0
2025-12-07 13:00:00,2.9887692289379677,4.385777,9.994041172566218,0.0,0.37016129,0.0,0.061,0.0
2025-12-07 14:00:00,2.7186556379859352,3.694853,10.970238534580282,0.0,0.37016129,0.0,0.062,0.0
2025-12-07 15:00:00,0.4682006839014306,2.555179,13.057216850678852,0.0,0.38016129,0.0,0.069,0.0
2025-12-07 16:00:00,0.6292220831267904,0.509321,12.93731576755206,0.0,0.40016129,0.0,0.091,0.0
2025-12-07 17:00:00,1.7669722913752768,0.0,11.170343476176784,0.0,0.40016129,0.0,0.095,0.0
2025-12-07 18:00:00,3.0724842512485786,0.0,8.097859224928206,0.0,0.40016129,0.0,0.091,0.0
2025-12-07 19:00:00,1.2460579047747071,0.0,6.851801320153498,0.0,0.40016129,0.0,0.089,0.0
2025-12-07 20:00:00,1.0875137578451222,0.0,5.764287562308376,0.0,0.40016129,0.0,0.088,0.0
2025-12-07 21:00:00,1.174217588197239,0.0,4.590069974111137,0.0,0.38016129,0.0,0.09,0.0
2025-12-07 22:00:00,1.194035606563437,0.0,3.3960343675477,0.0,0.38016129,0.0,0.09,0.0
2025-12-07 23:00:00,1.2534896616620317,0.0,2.142544705885668,0.0,0.38016129,0.0,0.091,0.0
2025-12-08 00:00:00,1.5953504784789492,0.0,0.547194227406719,0.0,0.37016129,0.0,0.089,0.0
2025-12-08 01:00:00,1.5482826848592284,0.0,0.0,1.0010884574525094,0.37016129,0.0,0.085,0.37056419481473096
2025-12-08 02:00:00,1.6399410198028948,0.0,0.0,1.6399410198028948,0.37016129,0.0,0.082,0.607042683414155
2025-12-08 03:00:00,1.649850028985994,0.0,0.0,1.649850028985994,0.37016129,0.0,0.082,0.6107106150359929
2025-12-08 04:00:00,1.7514173731127594,0.0,0.0,1.7514173731127594,0.37016129,0.0,0.085,0.6483069141598303
2025-12-08 05:00:00,1.5903959738873996,0.0,0.0,1.5903959738873996,0.37016129,0.0,0.089,0.5887030253049661
2025-12-08 06:00:00,1.8529847172395248,0.0,0.0,1.8529847172395248,0.37016129,0.0,0.09,0.6859032132836678
2025-12-08 07:00:00,1.766280886887408,0.0,0.0,1.766280886887408,0.37016129,0.0,0.083,0.653808811592587
2025-12-08 08:00:00,0.9562193861690595,0.2637049999999999,0.0,0.6925143861690597,0.37016129,0.0,0.074,0.2563420185278973
2025-12-08 09:00:00,0.411223881098611,0.261022,0.0,0.15020188109861105,0.37016129,0.0,0.069,0.05559892206788848
2025-12-08 10:00:00,0.411223881098611,2.498191,2.0869671189013888,0.0,0.37016129,0.0,0.069,0.0
2025-12-08 11:00:00,0.4528091575594098,1.254845,2.889002961341979,0.0,0.37016129,0.0,0.063,0.0
2025-12-08 12:00:00,0.5345584833199772,0.680111,3.0345554780220017,0.0,0.37016129,0.0,0.063,0.0
2025-12-08 13:00:00,0.6534665935171661,0.089206,2.4702948845048356,0.0,0.37016129,0.0,0.061,0.0
2025-12-08 14:00:00,1.1742175881972388,0.23521,1.531287296307597,0.0,0.37016129,0.0,0.062,0.0
2025-12-08 15:00:00,0.8571292943380688,0.07223,0.7463880019695281,0.0,0.38016129,0.0,0.069,0.0
2025-12-08 16:00:00,0.3170882938591698,0.0,0.4292997081103583,0.0,0.40016129,0.0,0.091,0.0
2025-12-08 17:00:00,1.2532149805652202,0.0,0.0,0.823915272454862,0.40016129,0.0,0.095,0.32969899827623905
2025-12-08 18:00:00,2.021163192255398,0.0,0.0,2.021163192255398,0.40016129,0.0,0.091,0.808791270313438
2025-12-08 19:00:00,0.6292220831267904,0.0,0.0,0.6292220831267904,0.40016129,0.0,0.089,0.2517903204805037
2025-12-08 20:00:00,0.7134486611831324,0.0,0.0,0.7134486611831324,0.40016129,0.0,0.088,0.2854945366078152
2025-12-08 21:00:00,1.005764432084555,0.0,0.0,1.005764432084555,0.38016129,0.0,0.09,0.38235270393738174
2025-12-08 22:00:00,1.0875137578451222,0.0,0.0,1.0875137578451222,0.38016129,0.0,0.09,0.41343063307514927
2025-12-08 23:00:00,1.0627412348873746,0.0,0.0,1.0627412348873746,0.38016129,0.0,0.091,0.4040130787909773
2025-12-09 00:00:00,1.2088991203380857,0.0,0.0,1.2088991203380857,0.37016129,0.0,0.089,0.447487657864211
2025-12-09 01:00:00,1.3228527259437248,0.0,0.0,1.3228527259437248,0.37016129,0.0,0.085,0.4896688715153456
2025-12-09 02:00:00,1.1543995698310408,0.0,0.0,1.1543995698310408,0.37016129,0.0,0.082,0.4273140339441031
2025-12-09 03:00:00,1.2386261478873828,0.0,0.0,1.2386261478873828,0.37016129,0.0,0.082,0.45849145272972436
2025-12-09 04:00:00,1.3401934920141485,0.0,0.0,1.3401934920141485,0.37016129,0.0,0.085,0.49608775185356185
2025-12-09 05:00:00,1.2534896616620312,0.0,0.0,1.2534896616620312,0.37016129,0.0,0.089,0.463993350162481
2025-12-09 06:00:00,1.4615788545071118,0.0,0.0,1.4615788545071118,0.37016129,0.0,0.09,0.5410199142210748
2025-12-09 07:00:00,1.416988313183166,0.094466,0.0,1.322522313183166,0.37016129,0.0,0.083,0.4895465655016647
2025-12-09 08:00:00,0.6936306428169343,0.314216,0.0,0.3794146428169343,0.37016129,0.0,0.074,0.14044461363000563
2025-12-09 09:00:00,0.485541449971854,3.476241,2.990699550028146,0.0,0.37016129,0.0,0.069,0.0
2025-12-09 10:00:00,0.2378162203943774,0.061994,2.8148773296337684,0.0,0.37016129,0.0,0.069,0.0
2025-12-09 11:00:00,0.4899679419960313,0.0383509999999999,2.363260387637737,0.0,0.37016129,0.0,0.063,0.0
2025-12-09 12:00:00,0.4503319052636352,4.583333,6.496261482374102,0.0,0.37016129,0.0,0.063,0.0
2025-12-09 13:00:00,0.4329911391932117,1.108751,7.172021343180891,0.0,0.37016129,0.0,0.061,0.0
2025-12-09 14:00:00,0.1486351377464856,0.974657,7.998043205434405,0.0,0.37016129,0.0,0.062,0.0
2025-12-09 15:00:00,0.1511123900422604,0.002578,7.849508815392145,0.0,0.38016129,0.0,0.069,0.0
2025-12-09 16:00:00,0.1932256790704316,0.0,7.656283136321713,0.0,0.40016129,0.0,0.091,0.0
2025-12-09 17:00:00,1.2705557466356434,0.0,6.385727389686069,0.0,0.40016129,0.0,0.095,0.0
2025-12-09 18:00:00,2.3209107200441443,0.0,4.064816669641925,0.0,0.40016129,0.0,0.091,0.0
2025-12-09 19:00:00,0.5425182527746735,0.0,3.522298416867251,0.0,0.40016129,0.0,0.089,0.0
2025-12-09 20:00:00,0.9438331246901857,0.0,2.578465292177065,0.0,0.40016129,0.0,0.088,0.0
2025-12-09 21:00:00,0.931446863211312,0.0,1.6470184289657532,0.0,0.38016129,0.0,0.09,0.0
2025-12-09 22:00:00,1.0305369550423027,0.0,0.6164814739234505,0.0,0.38016129,0.0,0.09,0.0
2025-12-09 23:00:00,0.9215378540282128,0.0,0.0,0.3050563801047622,0.38016129,0.0,0.091,0.11597062698335674
2025-12-10 00:00:00,1.1573722725859703,0.0,0.0,1.1573722725859703,0.37016129,0.0,0.089,0.4284144134306544
2025-12-10 01:00:00,1.1078272266704752,0.0,0.0,1.1078272266704752,0.37016129,0.0,0.085,0.4100747553214655
2025-12-10 02:00:00,1.2742985809465392,0.0,0.0,1.2742985809465392,0.37016129,0.0,0.082,0.4716960065683404
2025-12-10 03:00:00,1.224753535031044,0.0,0.0,1.224753535031044,0.37016129,0.0,0.082,0.45335634845915135
2025-12-10 04:00:00,1.2188081295211846,0.0,0.0,1.2188081295211846,0.37016129,0.0,0.085,0.4511555894860487
2025-12-10 05:00:00,1.248535157070482,0.0,0.0,1.248535157070482,0.37016129,0.0,0.089,0.4621593843515622
2025-12-10 06:00:00,1.343661645228233,0.0,0.0,1.343661645228233,0.37016129,0.0,0.09,0.49737152792120504
2025-12-10 07:00:00,1.1970083093183668,0.0,0.0,1.1970083093183668,0.37016129,0.0,0.083,0.44308613991800566
2025-12-10 08:00:00,0.8640656007662383,0.0,0.0,0.8640656007662383,0.37016129,0.0,0.074,0.31984363742425576
2025-12-10 09:00:00,0.7867753291380655,0.056546,0.0,0.7302293291380655,0.37016129,0.0,0.069,0.2703026304695809
2025-12-10 10:00:00,2.846977306907068,3.882358,1.035380693092932,0.0,0.37016129,0.0,0.069,0.0
2025-12-10 11:00:00,3.3126012423408744,4.382949,2.1057284507520575,0.0,0.37016129,0.0,0.063,0.0
2025-12-10 12:00:00,3.0906394366394556,3.013687,2.028776014112602,0.0,0.37016129,0.0,0.063,0.0
2025-12-10 13:00:00,3.025239976031002,3.449069,2.4526050380816,0.0,0.37016129,0.0,0.061,0.0
2025-12-10 14:00:00,2.5754704552901537,2.3381999999999996,2.215334582791446,0.0,0.37016129,0.0,0.062,0.0
2025-12-10 15:00:00,0.4637416297690361,1.878562,3.63015495302241,0.0,0.38016129,0.0,0.069,0.0
2025-12-10 16:00:00,0.6103949656789022,0.042966,3.062725987343508,0.0,0.40016129,0.0,0.091,0.0
2025-12-10 17:00:00,2.0459393083383643,0.0,1.0167866790051434,0.0,0.40016129,0.0,0.095,0.0
2025-12-10 18:00:00,2.9773861715496768,0.0,0.0,1.9605994925445334,0.40016129,0.0,0.091,0.7845560221099659
2025-12-10 19:00:00,0.5628317216000266,0.0,0.0,0.5628317216000266,0.40016129,0.0,0.089,0.2252234677683875
2025-12-10 20:00:00,0.4221237912000199,0.0,0.0,0.4221237912000199,0.40016129,0.0,0.088,0.16891760082629062
2025-12-10 21:00:00,0.505359468338052,0.0,0.0,0.505359468338052,0.38016129,0.0,0.09,0.192118107397108
2025-12-10 22:00:00,0.7015578501634135,0.0,0.0,0.7015578501634135,0.38016129,0.0,0.09,0.26670513732775
2025-12-10 23:00:00,1.048373171571881,0.0,0.0,1.048373171571881,0.38016129,0.0,0.091,0.39855089730615756
2025-12-11 00:00:00,1.0325187568789225,0.0,0.0,1.0325187568789225,0.37016129,0.0,0.089,0.3821984749954983
2025-12-11 01:00:00,1.2088991203380854,0.0,0.0,1.2088991203380854,0.37016129,0.0,0.085,0.4474876578642109
2025-12-11 02:00:00,1.1058454248338554,0.0,0.0,1.1058454248338554,0.37016129,0.0,0.082,0.40934116899709794
2025-12-11 03:00:00,1.1216998395268138,0.0,0.0,1.1216998395268138,0.37016129,0.0,0.082,0.4152098595920384
2025-12-11 04:00:00,1.1296270468732932,0.0,0.0,1.1296270468732932,0.37016129,0.0,0.085,0.41814420488950865
2025-12-11 05:00:00,1.3218618250254148,0.0,0.0,1.3218618250254148,0.37016129,0.0,0.089,0.4893020783531618
2025-12-11 06:00:00,1.2247535350310443,0.0,0.0,1.2247535350310443,0.37016129,0.0,0.09,0.4533563484591515
2025-12-11 07:00:00,1.26637137360006,0.0,0.0,1.26637137360006,0.37016129,0.0,0.083,0.4687616612708701
2025-12-11 08:00:00,0.6103949656789021,0.0126319999999999,0.0,0.5977629656789022,0.37016129,0.0,0.074,0.22126871048992813
2025-12-11 09:00:00,0.4558144224225568,0.201996,0.0,0.2538184224225568,0.37016129,0.0,0.069,0.09395375466969855
2025-12-11 10:00:00,0.4795960444619944,2.551915,2.0723189555380057,0.0,0.37016129,0.0,0.069,0.0
2025-12-11 11:00:00,1.0083891973556534,0.44519,1.5091197581823523,0.0,0.37016129,0.0,0.063,0.0
2025-12-11 12:00:00,1.0282072157218514,0.289382,0.770294542460501,0.0,0.37016129,0.0,0.063,0.0
2025-12-11 13:00:00,0.7349005439021192,1.7087070000000002,1.744100998558382,0.0,0.37016129,0.0,0.061,0.0
2025-12-11 14:00:00,0.2338526167211377,0.025576,1.5358243818372443,0.0,0.37016129,0.0,0.062,0.0
2025-12-11 15:00:00,0.2853794644732529,1.028196,2.278640917363991,0.0,0.38016129,0.0,0.069,0.0
2025-12-11 16:00:00,0.4597780260957963,0.011365,1.8302278912681949,0.0,0.40016129,0.0,0.091,0.0
2025-12-11 17:00:00,1.7245009765720831,0.0,0.1057269146961117,0.0,0.40016129,0.0,0.095,0.0
2025-12-11 18:00:00,2.877909645484814,0.0,0.0,2.7721827307887024,0.40016129,0.0,0.091,1.1093202176681298
2025-12-11 19:00:00,0.5925587491493239,0.0,0.0,0.5925587491493239,0.40016129,0.0,0.089,0.23711907346037986
2025-12-11 20:00:00,0.4439236114028378,0.0,0.0,0.4439236114028378,0.40016129,0.0,0.088,0.1776410450004183
2025-12-11 21:00:00,0.4815778462986143,0.0,0.0,0.4815778462986143,0.38016129,0.0,0.09,0.1830772552843029
2025-12-11 22:00:00,0.6421037950648191,0.0,0.0,0.6421037950648191,0.38016129,0.0,0.09,0.24410300704573723
2025-12-11 23:00:00,0.6817398317972154,0.0,0.0,0.6817398317972154,0.38016129,0.0,0.091,0.25917109390041243
2025-12-12 00:00:00,0.5925587491493238,0.0,0.0,0.5925587491493238,0.37016129,0.0,0.089,0.2193423109859001
2025-12-12 01:00:00,0.7927207346479249,0.0,0.0,0.7927207346479249,0.37016129,0.0,0.085,0.29343452974702355
2025-12-12 02:00:00,0.6064313620056625,0.0,0.0,0.6064313620056625,0.37016129,0.0,0.082,0.224477415256473
2025-12-12 03:00:00,0.8145205548507428,0.0,0.0,0.8145205548507428,0.37016129,0.0,0.082,0.3015039793150667
2025-12-12 04:00:00,0.8085751493408835,0.0,0.0,0.8085751493408835,0.37016129,0.0,0.085,0.29930322034196405
2025-12-12 05:00:00,0.8283931677070815,0.0,0.0,0.8283931677070815,0.37016129,0.0,0.089,0.3066390835856396
2025-12-12 06:00:00,0.919556052191593,0.0,0.0,0.919556052191593,0.37016129,0.0,0.09,0.34038405450654735
2025-12-12 07:00:00,1.0483731715718807,0.0,0.0,1.0483731715718807,0.37016129,0.0,0.083,0.3880671655904387
2025-12-12 08:00:00,1.034500558715542,0.0,0.0,1.034500558715542,0.37016129,0.0,0.074,0.38293206131986574
2025-12-12 09:00:00,0.6579582097577776,0.072848,0.0,0.5851102097577776,0.37016129,0.0,0.069,0.21658515003610954
2025-12-12 10:00:00,2.9163403711887614,0.2290029999999999,0.0,2.6873373711887614,0.37016129,0.0,0.069,0.9947482679844407
2025-12-12 11:00:00,3.653941093352681,0.307827,0.0,3.3461140933526807,0.37016129,0.0,0.063,1.2386019092826086
2025-12-12 12:00:00,3.0316553166540596,0.494723,0.0,2.5369323166540596,0.37016129,0.0,0.063,0.9390741389753551
2025-12-12 13:00:00,3.101018380935753,0.038149,0.0,3.062869380935753,0.37016129,0.0,0.061,1.1337556811486795
2025-12-12 14:00:00,2.7062693765070613,0.112991,0.0,2.5932783765070613,0.37016129,0.0,0.062,0.9599312691769595
2025-12-12 15:00:00,0.4260873948732596,0.1383849999999999,0.0,0.28770239487325966,0.38016129,0.0,0.069,0.10937331357110777
2025-12-12 16:00:00,0.537068297723969,0.29604,0.0,0.241028297723969,0.40016129,0.0,0.091,0.0964501945437275
2025-12-12 17:00:00,2.3867994272783455,0.0,0.0,2.3867994272783455,0.40016129,0.0,0.095,0.9551047377909639
2025-12-12 18:00:00,2.751450965216391,0.0,0.0,2.751450965216391,0.40016129,0.0,0.091,1.1010241676127361
2025-12-12 19:00:00,1.046391369735261,0.0,0.0,1.046391369735261,0.40016129,0.0,0.089,0.418725320358129
2025-12-12 20:00:00,0.6024677583324228,0.0,0.0,0.6024677583324228,0.40016129,0.0,0.088,0.24108427535771057
2025-12-12 21:00:00,0.7193940666929919,0.0,0.0,0.7193940666929919,0.38016129,0.0,0.09,0.27348577641235383
2025-12-12 22:00:00,0.6658854171042569,0.0,0.0,0.6658854171042569,0.38016129,0.0,0.09,0.2531438591585423
2025-12-12 23:00:00,0.9056834393352544,0.0,0.0,0.9056834393352544,0.38016129,0.0,0.091,0.34430578462932704
2025-12-13 00:00:00,0.876947312704267,0.0,0.0,0.876947312704267,0.37016129,0.0,0.089,0.3246119485326448
2025-12-13 01:00:00,1.089991010140897,0.0,0.0,1.089991010140897,0.37016129,0.0,0.085,0.40347247840215744
2025-12-13 02:00:00,1.1172407853944193,0.0,0.0,1.1172407853944193,0.37016129,0.0,0.082,0.4135592903622114
2025-12-13 03:00:00,1.2262398864085091,0.0,0.0,1.2262398864085091,0.37016129,0.0,0.082,0.45390653820242716
2025-12-13 04:00:00,1.174217588197239,0.0,0.0,1.174217588197239,0.37016129,0.0,0.085,0.43464989718777874
2025-12-13 05:00:00,1.26835317543668,0.0,0.0,1.26835317543668,0.37016129,0.0,0.089,0.4694952475952377
2025-12-13 06:00:00,1.3030347075775266,0.0,0.0,1.3030347075775266,0.37016129,0.0,0.09,0.48233300827166997
2025-12-13 07:00:00,1.2336716432958332,0.0,0.0,1.2336716432958332,0.37016129,0.0,0.083,0.4566574869188055
2025-12-13 08:00:00,1.0701729917746987,0.002323,0.0,1.0678499917746986,0.37016129,0.0,0.074,0.39527673048181183
2025-12-13 09:00:00,1.1370588037606175,0.069377,0.0,1.0676818037606175,0.37016129,0.0,0.069,0.395214473789557
2025-12-13 10:00:00,2.911881317056367,0.200409,0.0,2.711472317056367,0.37016129,0.0,0.069,1.0036820906808737
2025-12-13 11:00:00,3.145608922259699,0.513983,0.0,2.631625922259699,0.37016129,0.0,0.063,0.9741260461810898
2025-12-13 12:00:00,2.729430536569538,0.215151,0.0,2.514279536569538,0.37016129,0.0,0.063,0.9306889566771822
2025-12-13 13:00:00,2.8037481054427813,0.6412709999999999,0.0,2.1624771054427816,0.37016129,0.0,0.061,0.800465314946166
2025-12-13 14:00:00,2.4709304084084587,0.075303,0.0,2.395627408408459,0.37016129,0.0,0.062,0.8867685318558319
2025-12-13 15:00:00,0.1783621652957829,0.005506,0.0,0.17285616529578288,0.38016129,0.0,0.069,0.06571322278329805
2025-12-13 16:00:00,0.6738126244507361,0.0,0.0,0.6738126244507361,0.40016129,0.0,0.091,0.2696337290184921
2025-12-13 17:00:00,2.210914514278337,0.0,0.0,2.210914514278337,0.40016129,0.0,0.095,0.8847224041133428
2025-12-13 18:00:00,2.3892766795741203,0.0,0.0,2.3892766795741203,0.40016129,0.0,0.091,0.9560960382652967
2025-12-13 19:00:00,0.4904959545634034,0.0,0.0,0.4904959545634034,0.40016129,0.0,0.089,0.1962774939178729
2025-12-13 20:00:00,0.5449955050704482,0.0,0.0,0.5449955050704482,0.40016129,0.0,0.088,0.21808610435319212
2025-12-13 21:00:00,0.8298795190845464,0.0,0.0,0.8298795190845464,0.38016129,0.0,0.09,0.31548806851976074
2025-12-13 22:00:00,1.16430857901414,0.0,0.0,1.16430857901414,0.38016129,0.0,0.09,0.44262505135608243
2025-12-13 23:00:00,0.8274022667887718,0.0,0.0,0.8274022667887718,0.38016129,0.0,0.091,0.3145463130913436
2025-12-14 00:00:00,0.9809919091268072,0.0,0.0,0.9809919091268072,0.37016129,0.0,0.089,0.36312523056194174
2025-12-14 01:00:00,0.958696638464834,0.0,0.0,0.958696638464834,0.37016129,0.0,0.085,0.35487238441280655
2025-12-14 02:00:00,0.95126488157751,0.0,0.0,0.95126488157751,0.37016129,0.0,0.082,0.3521214356964283
2025-12-14 03:00:00,1.0751274963662485,0.0,0.0,1.0751274963662485,0.37016129,0.0,0.082,0.39797058096940086
2025-12-14 04:00:00,1.089991010140897,0.0,0.0,1.089991010140897,0.37016129,0.0,0.085,0.40347247840215744
2025-12-14 05:00:00,1.151922317535266,0.0,0.0,1.151922317535266,0.37016129,0.0,0.089,0.42639705103864367
2025-12-14 06:00:00,1.2188081295211848,0.0,0.0,1.2188081295211848,0.37016129,0.0,0.09,0.45115558948604884
2025-12-14 07:00:00,1.1791720927887883,0.0,0.0,1.1791720927887883,0.37016129,0.0,0.083,0.43648386299869757
2025-12-14 08:00:00,1.1766948404930138,0.0,0.0,1.1766948404930138,0.37016129,0.0,0.074,0.4355668800932382
2025-12-14 09:00:00,0.6787671290422856,0.008992,0.0,0.6697751290422856,0.37016129,0.0,0.069,0.2479248257762089
2025-12-14 10:00:00,2.87224528032397,0.175814,0.0,2.6964312803239703,0.37016129,0.0,0.069,0.9981144811210724
2025-12-14 11:00:00,3.219153692445021,0.504908,0.0,2.714245692445021,0.37016129,0.0,0.063,1.0047086868923922
2025-12-14 12:00:00,3.719558656191523,0.827763,0.0,2.891795656191523,0.37016129,0.0,0.063,1.0704308105122506
2025-12-14 13:00:00,2.9887692289379677,0.253264,0.0,2.7355052289379675,0.37016129,0.0,0.061,1.0125781443454234
2025-12-14 14:00:00,2.7186556379859352,0.356862,0.0,2.3617936379859352,0.37016129,0.0,0.062,0.8742445797506667
2025-12-14 15:00:00,0.4682006839014306,0.468175,0.0,2.56839014305954e-05,0.38016129,0.0,0.069,9.764025100087993e-06
2025-12-14 16:00:00,0.6292220831267904,0.00652,0.0,0.6227020831267904,0.40016129,0.0,0.091,0.24918126886970368
2025-12-14 17:00:00,1.7669722913752768,0.0,0.0,1.7669722913752768,0.40016129,0.0,0.095,0.7070739115109866
2025-12-14 18:00:00,3.0724842512485786,0.0,0.0,3.0724842512485786,0.40016129,0.0,0.091,1.2294892614843154
2025-12-14 19:00:00,1.2460579047747071,0.0,0.0,1.2460579047747071,0.40016129,0.0,0.089,0.49862413858934396
2025-12-14 20:00:00,1.0875137578451222,0.0,0.0,1.0875137578451222,0.40016129,0.0,0.088,0.4351809082320517
2025-12-14 21:00:00,1.174217588197239,0.0,0.0,1.174217588197239,0.38016129,0.0,0.09,0.44639207306975115
2025-12-14 22:00:00,1.194035606563437,0.0,0.0,1.194035606563437,0.38016129,0.0,0.09,0.45392611649708864
2025-12-14 23:00:00,1.2534896616620317,0.0,0.0,1.2534896616620317,0.38016129,0.0,0.091,0.4765282467791015
2025-12-15 00:00:00,1.5953504784789492,0.0,0.0,1.5953504784789492,0.37016129,0.0,0.089,0.590536991115885
2025-12-15 01:00:00,1.5482826848592284,0.0,0.0,1.5482826848592284,0.37016129,0.0,0.085,0.5731143159121554
2025-12-15 02:00:00,1.6399410198028948,0.0,0.0,1.6399410198028948,0.37016129,0.0,0.082,0.607042683414155
2025-12-15 03:00:00,1.649850028985994,0.0,0.0,1.649850028985994,0.37016129,0.0,0.082,0.6107106150359929
2025-12-15 04:00:00,1.7514173731127594,0.0,0.0,1.7514173731127594,0.37016129,0.0,0.085,0.6483069141598303
2025-12-15 05:00:00,1.5903959738873996,0.0,0.0,1.5903959738873996,0.37016129,0.0,0.089,0.5887030253049661
2025-12-15 06:00:00,1.8529847172395248,0.0,0.0,1.8529847172395248,0.37016129,0.0,0.09,0.6859032132836678
2025-12-15 07:00:00,1.766280886887408,0.0,0.0,1.766280886887408,0.37016129,0.0,0.083,0.653808811592587
2025-12-15 08:00:00,0.9562193861690595,0.933411,0.0,0.022808386169059558,0.37016129,0.0,0.074,0.008442781647157244
2025-12-15 09:00:00,0.411223881098611,3.176099,2.764875118901389,0.0,0.37016129,0.0,0.069,0.0
2025-12-15 10:00:00,0.411223881098611,4.364626,6.718277237802779,0.0,0.37016129,0.0,0.069,0.0
2025-12-15 11:00:00,0.4528091575594098,3.942564,10.208032080243369,0.0,0.37016129,0.0,0.063,0.0
2025-12-15 12:00:00,0.5345584833199772,3.013285,12.68675859692339,0.0,0.37016129,0.0,0.063,0.0
2025-12-15 13:00:00,0.6534665935171661,2.603337,13.5,0.0,0.37016129,1.9498704064828338,0.061,-0.11894209479545285
2025-12-15 14:00:00,1.1742175881972388,2.5716669999999997,13.5,0.0,0.37016129,1.397449411802761,0.062,-0.08664186353177118
2025-12-15 15:00:00,0.8571292943380688,1.1140640000000002,13.5,0.0,0.38016129,0.25693470566193133,0.069,-0.017728494690673263
2025-12-15 16:00:00,0.3170882938591698,0.0273299999999999,13.210241706140833,0.0,0.40016129,0.0,0.091,0.0
2025-12-15 17:00:00,1.2532149805652202,0.0,11.957026725575613,0.0,0.40016129,0.0,0.095,0.0
2025-12-15 18:00:00,2.021163192255398,0.0,9.935863533320212,0.0,0.40016129,0.0,0.091,0.0
2025-12-15 19:00:00,0.6292220831267904,0.0,9.30664145019342,0.0,0.40016129,0.0,0.089,0.0
2025-12-15 20:00:00,0.7134486611831324,0.0,8.593192789010288,0.0,0.40016129,0.0,0.088,0.0
2025-12-15 21:00:00,1.005764432084555,0.0,7.587428356925733,0.0,0.38016129,0.0,0.09,0.0
2025-12-15 22:00:00,1.0875137578451222,0.0,6.499914599080611,0.0,0.38016129,0.0,0.09,0.0
2025-12-15 23:00:00,1.0627412348873746,0.0,5.437173364193237,0.0,0.38016129,0.0,0.091,0.0
2025-12-16 00:00:00,1.2088991203380857,0.0,4.228274243855151,0.0,0.37016129,0.0,0.089,0.0
2025-12-16 01:00:00,1.3228527259437248,0.0,2.905421517911426,0.0,0.37016129,0.0,0.085,0.0
2025-12-16 02:00:00,1.1543995698310408,0.0,1.7510219480803857,0.0,0.37016129,0.0,0.082,0.0
2025-12-16 03:00:00,1.2386261478873828,0.0,0.5123958001930027,0.0,0.37016129,0.0,0.082,0.0
2025-12-16 04:00:00,1.3401934920141485,0.0,0.0,0.8277976918211458,0.37016129,0.0,0.085,0.30641866146353774
2025-12-16 05:00:00,1.2534896616620312,0.0,0.0,1.2534896616620312,0.37016129,0.0,0.089,0.463993350162481
2025-12-16 06:00:00,1.4615788545071118,0.0,0.0,1.4615788545071118,0.37016129,0.0,0.09,0.5410199142210748
2025-12-16 07:00:00,1.416988313183166,0.0,0.0,1.416988313183166,0.37016129,0.0,0.083,0.5245142219228047
2025-12-16 08:00:00,0.6936306428169343,0.417625,0.0,0.2760056428169343,0.37016129,0.0,0.074,0.10216660479239563
2025-12-16 09:00:00,0.485541449971854,0.0,0.0,0.485541449971854,0.37016129,0.0,0.069,0.17972864947005193
2025-12-16 10:00:00,0.2378162203943774,3.1219699999999997,2.8841537796056222,0.0,0.37016129,0.0,0.069,0.0
2025-12-16 11:00:00,0.4899679419960313,1.768005,4.162190837609591,0.0,0.37016129,0.0,0.063,0.0
2025-12-16 12:00:00,0.4503319052636352,2.516888,6.228746932345956,0.0,0.37016129,0.0,0.063,0.0
2025-12-16 13:00:00,0.4329911391932117,1.883253,7.679008793152744,0.0,0.37016129,0.0,0.061,0.0
2025-12-16 14:00:00,0.1486351377464856,0.467596,7.997969655406259,0.0,0.37016129,0.0,0.062,0.0
2025-12-16 15:00:00,0.1511123900422604,0.871248,8.718105265363999,0.0,0.38016129,0.0,0.069,0.0
2025-12-16 16:00:00,0.1932256790704316,0.018719,8.543598586293568,0.0,0.40016129,0.0,0.091,0.0
2025-12-16 17:00:00,1.2705557466356434,0.0,7.273042839657924,0.0,0.40016129,0.0,0.095,0.0
2025-12-16 18:00:00,2.3209107200441443,0.0,4.952132119613779,0.0,0.40016129,0.0,0.091,0.0
2025-12-16 19:00:00,0.5425182527746735,0.0,4.409613866839106,0.0,0.40016129,0.0,0.089,0.0
2025-12-16 20:00:00,0.9438331246901857,0.0,3.4657807421489197,0.0,0.40016129,0.0,0.088,0.0
2025-12-16 21:00:00,0.931446863211312,0.0,2.534333878937608,0.0,0.38016129,0.0,0.09,0.0
2025-12-16 22:00:00,1.0305369550423027,0.0,1.503796923895305,0.0,0.38016129,0.0,0.09,0.0
2025-12-16 23:00:00,0.9215378540282128,0.0,0.5822590698670923,0.0,0.38016129,0.0,0.091,0.0
2025-12-17 00:00:00,1.1573722725859703,0.0,0.0,0.575113202718878,0.37016129,0.0,0.089,0.21288464501445137
2025-12-17 01:00:00,1.1078272266704752,0.0,0.0,1.1078272266704752,0.37016129,0.0,0.085,0.4100747553214655
2025-12-17 02:00:00,1.2742985809465392,0.0,0.0,1.2742985809465392,0.37016129,0.0,0.082,0.4716960065683404
2025-12-17 03:00:00,1.224753535031044,0.0,0.0,1.224753535031044,0.37016129,0.0,0.082,0.45335634845915135
2025-12-17 04:00:00,1.2188081295211846,0.0,0.0,1.2188081295211846,0.37016129,0.0,0.085,0.4511555894860487
2025-12-17 05:00:00,1.248535157070482,0.0,0.0,1.248535157070482,0.37016129,0.0,0.089,0.4621593843515622
2025-12-17 06:00:00,1.343661645228233,0.0,0.0,1.343661645228233,0.37016129,0.0,0.09,0.49737152792120504
2025-12-17 07:00:00,1.1970083093183668,0.039158,0.0,1.1578503093183667,0.37016129,0.0,0.083,0.42859136412418564
2025-12-17 08:00:00,0.8640656007662383,2.002286,1.138220399233762,0.0,0.37016129,0.0,0.074,0.0
2025-12-17 09:00:00,0.7867753291380655,3.433537,3.7849820700956966,0.0,0.37016129,0.0,0.069,0.0
2025-12-17 10:00:00,2.846977306907068,4.395035,5.333039763188628,0.0,0.37016129,0.0,0.069,0.0
2025-12-17 11:00:00,3.3126012423408744,4.583333,6.603771520847753,0.0,0.37016129,0.0,0.063,0.0
2025-12-17 12:00:00,3.0906394366394556,4.583333,8.096465084208297,0.0,0.37016129,0.0,0.063,0.0
2025-12-17 13:00:00,3.025239976031002,4.581117,9.652342108177296,0.0,0.37016129,0.0,0.061,0.0
2025-12-17 14:00:00,2.5754704552901537,3.895176,10.972047652887142,0.0,0.37016129,0.0,0.062,0.0
2025-12-17 15:00:00,0.4637416297690361,2.7287890000000004,13.237095023118105,0.0,0.38016129,0.0,0.069,0.0
2025-12-17 16:00:00,0.6103949656789022,0.6066549999999999,13.233355057439203,0.0,0.40016129,0.0,0.091,0.0
2025-12-17 17:00:00,2.0459393083383643,0.0,11.18741574910084,0.0,0.40016129,0.0,0.095,0.0
2025-12-17 18:00:00,2.9773861715496768,0.0,8.210029577551163,0.0,0.40016129,0.0,0.091,0.0
2025-12-17 19:00:00,0.5628317216000266,0.0,7.647197855951136,0.0,0.40016129,0.0,0.089,0.0
2025-12-17 20:00:00,0.4221237912000199,0.0,7.225074064751116,0.0,0.40016129,0.0,0.088,0.0
2025-12-17 21:00:00,0.505359468338052,0.0,6.719714596413064,0.0,0.38016129,0.0,0.09,0.0
2025-12-17 22:00:00,0.7015578501634135,0.0,6.01815674624965,0.0,0.38016129,0.0,0.09,0.0
2025-12-17 23:00:00,1.048373171571881,0.0,4.969783574677769,0.0,0.38016129,0.0,0.091,0.0
2025-12-18 00:00:00,1.0325187568789225,0.0,3.9372648177988463,0.0,0.37016129,0.0,0.089,0.0
2025-12-18 01:00:00,1.2088991203380854,0.0,2.728365697460761,0.0,0.37016129,0.0,0.085,0.0
2025-12-18 02:00:00,1.1058454248338554,0.0,1.6225202726269057,0.0,0.37016129,0.0,0.082,0.0
2025-12-18 03:00:00,1.1216998395268138,0.0,0.5008204331000916,0.0,0.37016129,0.0,0.082,0.0
2025-12-18 04:00:00,1.1296270468732932,0.0,0.0,0.6288066137732016,0.37016129,0.0,0.085,0.23275986731482004
2025-12-18 05:00:00,1.3218618250254148,0.0,0.0,1.3218618250254148,0.37016129,0.0,0.089,0.4893020783531618
2025-12-18 06:00:00,1.2247535350310443,0.0,0.0,1.2247535350310443,0.37016129,0.0,0.09,0.4533563484591515
2025-12-18 07:00:00,1.26637137360006,0.0,0.0,1.26637137360006,0.37016129,0.0,0.083,0.4687616612708701
2025-12-18 08:00:00,0.6103949656789021,2.728933,2.118538034321098,0.0,0.37016129,0.0,0.074,0.0
2025-12-18 09:00:00,0.4558144224225568,4.022481,5.685204611898541,0.0,0.37016129,0.0,0.069,0.0
2025-12-18 10:00:00,0.4795960444619944,4.583333,9.788941567436549,0.0,0.37016129,0.0,0.069,0.0
2025-12-18 11:00:00,1.0083891973556534,4.583333,13.363885370080894,0.0,0.37016129,0.0,0.063,0.0
2025-12-18 12:00:00,1.0282072157218514,4.583333,13.5,0.0,0.37016129,3.5551257842781485,0.063,-0.22397292440952335
2025-12-18 13:00:00,0.7349005439021192,4.583333,13.5,0.0,0.37016129,3.84843245609788,0.061,-0.2347543798219707
2025-12-18 14:00:00,0.2338526167211377,4.147405,13.5,0.0,0.37016129,3.913552383278862,0.062,-0.24264024776328946
2025-12-18 15:00:00,0.2853794644732529,2.9732179999999997,13.5,0.0,0.38016129,2.6878385355267467,0.069,-0.18546085895134554
2025-12-18 16:00:00,0.4597780260957963,0.7200059999999999,13.5,0.0,0.40016129,0.2602279739042036,0.091,-0.023680745625282527
2025-12-18 17:00:00,1.7245009765720831,0.0,11.775499023427916,0.0,0.40016129,0.0,0.095,0.0
2025-12-18 18:00:00,2.877909645484814,0.0,8.897589377943103,0.0,0.40016129,0.0,0.091,0.0
2025-12-18 19:00:00,0.5925587491493239,0.0,8.305030628793778,0.0,0.40016129,0.0,0.089,0.0
2025-12-18 20:00:00,0.4439236114028378,0.0,7.861107017390941,0.0,0.40016129,0.0,0.088,0.0
2025-12-18 21:00:00,0.4815778462986143,0.0,7.379529171092327,0.0,0.38016129,0.0,0.09,0.0
2025-12-18 22:00:00,0.6421037950648191,0.0,6.737425376027508,0.0,0.38016129,0.0,0.09,0.0
2025-12-18 23:00:00,0.6817398317972154,0.0,6.055685544230292,0.0,0.38016129,0.0,0.091,0.0
2025-12-19 00:00:00,0.5925587491493238,0.0,5.463126795080969,0.0,0.37016129,0.0,0.089,0.0
2025-12-19 01:00:00,0.7927207346479249,0.0,4.670406060433044,0.0,0.37016129,0.0,0.085,0.0
2025-12-19 02:00:00,0.6064313620056625,0.0,4.063974698427382,0.0,0.37016129,0.0,0.082,0.0
2025-12-19 03:00:00,0.8145205548507428,0.0,3.249454143576638,0.0,0.37016129,0.0,0.082,0.0
2025-12-19 04:00:00,0.8085751493408835,0.0,2.440878994235755,0.0,0.37016129,0.0,0.085,0.0
2025-12-19 05:00:00,0.8283931677070815,0.0,1.6124858265286737,0.0,0.37016129,0.0,0.089,0.0
2025-12-19 06:00:00,0.919556052191593,0.0,0.6929297743370807,0.0,0.37016129,0.0,0.09,0.0
2025-12-19 07:00:00,1.0483731715718807,0.0,0.0,0.3554433972348,0.37016129,0.0,0.083,0.131571386442416
2025-12-19 08:00:00,1.034500558715542,2.580165,1.545664441284458,0.0,0.37016129,0.0,0.074,0.0
2025-12-19 09:00:00,0.6579582097577776,3.864712,4.75241823152668,0.0,0.37016129,0.0,0.069,0.0
2025-12-19 10:00:00,2.9163403711887614,4.546685,6.382762860337919,0.0,0.37016129,0.0,0.069,0.0
2025-12-19 11:00:00,3.653941093352681,4.583333,7.312154766985238,0.0,0.37016129,0.0,0.063,0.0
2025-12-19 12:00:00,3.0316553166540596,4.583333,8.863832450331177,0.0,0.37016129,0.0,0.063,0.0
2025-12-19 13:00:00,3.101018380935753,4.280323999999999,10.043138069395424,0.0,0.37016129,0.0,0.061,0.0
2025-12-19 14:00:00,2.7062693765070613,3.652979,10.98984769288836,0.0,0.37016129,0.0,0.062,0.0
2025-12-19 15:00:00,0.4260873948732596,2.612911,13.1766712980151,0.0,0.38016129,0.0,0.069,0.0
2025-12-19 16:00:00,0.537068297723969,0.554953,13.194556000291133,0.0,0.40016129,0.0,0.091,0.0
2025-12-19 17:00:00,2.3867994272783455,0.0,10.807756573012789,0.0,0.40016129,0.0,0.095,0.0
2025-12-19 18:00:00,2.751450965216391,0.0,8.056305607796396,0.0,0.40016129,0.0,0.091,0.0
2025-12-19 19:00:00,1.046391369735261,0.0,7.0099142380611354,0.0,0.40016129,0.0,0.089,0.0
2025-12-19 20:00:00,0.6024677583324228,0.0,6.407446479728713,0.0,0.40016129,0.0,0.088,0.0
2025-12-19 21:00:00,0.7193940666929919,0.0,5.688052413035721,0.0,0.38016129,0.0,0.09,0.0
2025-12-19 22:00:00,0.6658854171042569,0.0,5.022166995931464,0.0,0.38016129,0.0,0.09,0.0
2025-12-19 23:00:00,0.9056834393352544,0.0,4.11648355659621,0.0,0.38016129,0.0,0.091,0.0
2025-12-20 00:00:00,0.876947312704267,0.0,3.239536243891943,0.0,0.37016129,0.0,0.089,0.0
2025-12-20 01:00:00,1.089991010140897,0.0,2.149545233751046,0.0,0.37016129,0.0,0.085,0.0
2025-12-20 02:00:00,1.1172407853944193,0.0,1.0323044483566266,0.0,0.37016129,0.0,0.082,0.0
2025-12-20 03:00:00,1.2262398864085091,0.0,0.0,0.1939354380518825,0.37016129,0.0,0.082,0.07178739192599991
2025-12-20 04:00:00,1.174217588197239,0.0,0.0,1.174217588197239,0.37016129,0.0,0.085,0.43464989718777874
2025-12-20 05:00:00,1.26835317543668,0.0,0.0,1.26835317543668,0.37016129,0.0,0.089,0.4694952475952377
2025-12-20 06:00:00,1.3030347075775266,0.0,0.0,1.3030347075775266,0.37016129,0.0,0.09,0.48233300827166997
2025-12-20 07:00:00,1.2336716432958332,0.0,0.0,1.2336716432958332,0.37016129,0.0,0.083,0.4566574869188055
2025-12-20 08:00:00,1.0701729917746987,0.595923,0.0,0.47424999177469873,0.37016129,0.0,0.074,0.17554898873781186
2025-12-20 09:00:00,1.1370588037606175,2.4955,1.3584411962393823,0.0,0.37016129,0.0,0.069,0.0
2025-12-20 10:00:00,2.911881317056367,1.317432,0.0,0.23600812081698486,0.37016129,0.0,0.069,0.08736107045209096
2025-12-20 11:00:00,3.145608922259699,3.436232,0.2906230777403009,0.0,0.37016129,0.0,0.063,0.0
2025-12-20 12:00:00,2.729430536569538,4.583333,2.1445255411707627,0.0,0.37016129,0.0,0.063,0.0
2025-12-20 13:00:00,2.8037481054427813,4.338037999999999,3.678815435727981,0.0,0.37016129,0.0,0.061,0.0
2025-12-20 14:00:00,2.4709304084084587,3.638766,4.846651027319522,0.0,0.37016129,0.0,0.062,0.0
2025-12-20 15:00:00,0.1783621652957829,0.2862679999999999,4.95455686202374,0.0,0.38016129,0.0,0.069,0.0
2025-12-20 16:00:00,0.6738126244507361,0.467319,4.748063237573003,0.0,0.40016129,0.0,0.091,0.0
2025-12-20 17:00:00,2.210914514278337,0.0,2.537148723294666,0.0,0.40016129,0.0,0.095,0.0
2025-12-20 18:00:00,2.3892766795741203,0.0,0.1478720437205458,0.0,0.40016129,0.0,0.091,0.0
2025-12-20 19:00:00,0.4904959545634034,0.0,0.0,0.3426239108428576,0.40016129,0.0,0.089,0.13710482614772287
2025-12-20 20:00:00,0.5449955050704482,0.0,0.0,0.5449955050704482,0.40016129,0.0,0.088,0.21808610435319212
2025-12-20 21:00:00,0.8298795190845464,0.0,0.0,0.8298795190845464,0.38016129,0.0,0.09,0.31548806851976074
2025-12-20 22:00:00,1.16430857901414,0.0,0.0,1.16430857901414,0.38016129,0.0,0.09,0.44262505135608243
2025-12-20 23:00:00,0.8274022667887718,0.0,0.0,0.8274022667887718,0.38016129,0.0,0.091,0.3145463130913436
2025-12-21 00:00:00,0.9809919091268072,0.0,0.0,0.9809919091268072,0.37016129,0.0,0.089,0.36312523056194174
2025-12-21 01:00:00,0.958696638464834,0.0,0.0,0.958696638464834,0.37016129,0.0,0.085,0.35487238441280655
2025-12-21 02:00:00,0.95126488157751,0.0,0.0,0.95126488157751,0.37016129,0.0,0.082,0.3521214356964283
2025-12-21 03:00:00,1.0751274963662485,0.0,0.0,1.0751274963662485,0.37016129,0.0,0.082,0.39797058096940086
2025-12-21 04:00:00,1.089991010140897,0.0,0.0,1.089991010140897,0.37016129,0.0,0.085,0.40347247840215744
2025-12-21 05:00:00,1.151922317535266,0.0,0.0,1.151922317535266,0.37016129,0.0,0.089,0.42639705103864367
2025-12-21 06:00:00,1.2188081295211848,0.0,0.0,1.2188081295211848,0.37016129,0.0,0.09,0.45115558948604884
2025-12-21 07:00:00,1.1791720927887883,0.0,0.0,1.1791720927887883,0.37016129,0.0,0.083,0.43648386299869757
2025-12-21 08:00:00,1.1766948404930138,0.140716,0.0,1.0359788404930137,0.37016129,0.0,0.074,0.38347926400959814
2025-12-21 09:00:00,0.6787671290422856,0.023076,0.0,0.6556911290422857,0.37016129,0.0,0.069,0.2427114741678489
2025-12-21 10:00:00,2.87224528032397,0.154583,0.0,2.71766228032397,0.37016129,0.0,0.069,1.0059733754690623
2025-12-21 11:00:00,3.219153692445021,0.253192,0.0,2.965961692445021,0.37016129,0.0,0.063,1.097884206166032
2025-12-21 12:00:00,3.719558656191523,0.2350749999999999,0.0,3.4844836561915233,0.37016129,0.0,0.063,1.2898209651597707
2025-12-21 13:00:00,2.9887692289379677,0.056194,0.0,2.9325752289379676,0.37016129,0.0,0.061,1.0855258297657233
2025-12-21 14:00:00,2.7186556379859352,0.025978,0.0,2.6926776379859354,0.37016129,0.0,0.062,0.9967250280310268
2025-12-21 15:00:00,0.4682006839014306,0.237415,0.0,0.23078568390143062,0.38016129,0.0,0.069,0.0877357833055001
2025-12-21 16:00:00,0.6292220831267904,0.004589,0.0,0.6246330831267904,0.40016129,0.0,0.091,0.24995398032069369
2025-12-21 17:00:00,1.7669722913752768,0.0,0.0,1.7669722913752768,0.40016129,0.0,0.095,0.7070739115109866
2025-12-21 18:00:00,3.0724842512485786,0.0,0.0,3.0724842512485786,0.40016129,0.0,0.091,1.2294892614843154
2025-12-21 19:00:00,1.2460579047747071,0.0,0.0,1.2460579047747071,0.40016129,0.0,0.089,0.49862413858934396
2025-12-21 20:00:00,1.0875137578451222,0.0,0.0,1.0875137578451222,0.40016129,0.0,0.088,0.4351809082320517
2025-12-21 21:00:00,1.174217588197239,0.0,0.0,1.174217588197239,0.38016129,0.0,0.09,0.44639207306975115
2025-12-21 22:00:00,1.194035606563437,0.0,0.0,1.194035606563437,0.38016129,0.0,0.09,0.45392611649708864
2025-12-21 23:00:00,1.2534896616620317,0.0,0.0,1.2534896616620317,0.38016129,0.0,0.091,0.4765282467791015
2025-12-22 00:00:00,1.5953504784789492,0.0,0.0,1.5953504784789492,0.37016129,0.0,0.089,0.590536991115885
2025-12-22 01:00:00,1.5482826848592284,0.0,0.0,1.5482826848592284,0.37016129,0.0,0.085,0.5731143159121554
2025-12-22 02:00:00,1.6399410198028948,0.0,0.0,1.6399410198028948,0.37016129,0.0,0.082,0.607042683414155
2025-12-22 03:00:00,1.649850028985994,0.0,0.0,1.649850028985994,0.37016129,0.0,0.082,0.6107106150359929
2025-12-22 04:00:00,1.7514173731127594,0.0,0.0,1.7514173731127594,0.37016129,0.0,0.085,0.6483069141598303
2025-12-22 05:00:00,1.5903959738873996,0.0,0.0,1.5903959738873996,0.37016129,0.0,0.089,0.5887030253049661
2025-12-22 06:00:00,1.8529847172395248,0.0,0.0,1.8529847172395248,0.37016129,0.0,0.09,0.6859032132836678
2025-12-22 07:00:00,1.766280886887408,0.0,0.0,1.766280886887408,0.37016129,0.0,0.083,0.653808811592587
2025-12-22 08:00:00,0.9562193861690595,2.420106,1.4638866138309403,0.0,0.37016129,0.0,0.074,0.0
2025-12-22 09:00:00,0.411223881098611,3.801682,4.854344732732329,0.0,0.37016129,0.0,0.069,0.0
2025-12-22 10:00:00,0.411223881098611,4.567838,9.01095885163372,0.0,0.37016129,0.0,0.069,0.0
2025-12-22 11:00:00,0.4528091575594098,4.583333,13.141482694074307,0.0,0.37016129,0.0,0.063,0.0
2025-12-22 12:00:00,0.5345584833199772,4.583333,13.5,0.0,0.37016129,4.048774516680022,0.063,-0.2550727945508414
2025-12-22 13:00:00,0.6534665935171661,4.583333,13.5,0.0,0.37016129,3.9298664064828337,0.061,-0.23972185079545286
2025-12-22 14:00:00,1.1742175881972388,3.945331,13.5,0.0,0.37016129,2.7711134118027614,0.062,-0.1718090315317712
2025-12-22 15:00:00,0.8571292943380688,2.800899,13.5,0.0,0.38016129,1.943769705661931,0.069,-0.13412010969067326
2025-12-22 16:00:00,0.3170882938591698,0.691247,13.5,0.0,0.40016129,0.37415870614083013,0.091,-0.034048442258815544
2025-12-22 17:00:00,1.2532149805652202,0.0,12.24678501943478,0.0,0.40016129,0.0,0.095,0.0
2025-12-22 18:00:00,2.021163192255398,0.0,10.22562182717938,0.0,0.40016129,0.0,0.091,0.0
2025-12-22 19:00:00,0.6292220831267904,0.0,9.59639974405259,0.0,0.40016129,0.0,0.089,0.0
2025-12-22 20:00:00,0.7134486611831324,0.0,8.882951082869457,0.0,0.40016129,0.0,0.088,0.0
2025-12-22 21:00:00,1.005764432084555,0.0,7.877186650784902,0.0,0.38016129,0.0,0.09,0.0
2025-12-22 22:00:00,1.0875137578451222,0.0,6.78967289293978,0.0,0.38016129,0.0,0.09,0.0
2025-12-22 23:00:00,1.0627412348873746,0.0,5.726931658052406,0.0,0.38016129,0.0,0.091,0.0
2025-12-23 00:00:00,1.2088991203380857,0.0,4.51803253771432,0.0,0.37016129,0.0,0.089,0.0
2025-12-23 01:00:00,1.3228527259437248,0.0,3.195179811770595,0.0,0.37016129,0.0,0.085,0.0
2025-12-23 02:00:00,1.1543995698310408,0.0,2.0407802419395544,0.0,0.37016129,0.0,0.082,0.0
2025-12-23 03:00:00,1.2386261478873828,0.0,0.8021540940521716,0.0,0.37016129,0.0,0.082,0.0
2025-12-23 04:00:00,1.3401934920141485,0.0,0.0,0.5380393979619769,0.37016129,0.0,0.085,0.19916135762042872
2025-12-23 05:00:00,1.2534896616620312,0.0,0.0,1.2534896616620312,0.37016129,0.0,0.089,0.463993350162481
2025-12-23 06:00:00,1.4615788545071118,0.0,0.0,1.4615788545071118,0.37016129,0.0,0.09,0.5410199142210748
2025-12-23 07:00:00,1.416988313183166,0.0,0.0,1.416988313183166,0.37016129,0.0,0.083,0.5245142219228047
2025-12-23 08:00:00,0.6936306428169343,2.176,1.4823693571830658,0.0,0.37016129,0.0,0.074,0.0
2025-12-23 09:00:00,0.485541449971854,3.338543,4.335370907211212,0.0,0.37016129,0.0,0.069,0.0
2025-12-23 10:00:00,0.2378162203943774,3.0791999999999997,7.176754686816834,0.0,0.37016129,0.0,0.069,0.0
2025-12-23 11:00:00,0.4899679419960313,3.15913,9.845916744820803,0.0,0.37016129,0.0,0.063,0.0
2025-12-23 12:00:00,0.4503319052636352,4.446431,13.5,0.0,0.37016129,3.9960990947363646,0.063,-0.251754242968391
2025-12-23 13:00:00,0.4329911391932117,4.159067,13.5,0.0,0.37016129,3.7260758608067888,0.061,-0.2272906275092141
2025-12-23 14:00:00,0.1486351377464856,2.595231,13.5,0.0,0.37016129,2.4465958622535147,0.062,-0.1516889434597179
2025-12-23 15:00:00,0.1511123900422604,2.403621,13.5,0.0,0.38016129,2.252508609957739,0.069,-0.15542309408708402
2025-12-23 16:00:00,0.1932256790704316,0.520925,13.5,0.0,0.40016129,0.3276993209295684,0.091,-0.029820638204590723
2025-12-23 17:00:00,1.2705557466356434,0.0,12.229444253364356,0.0,0.40016129,0.0,0.095,0.0
2025-12-23 18:00:00,2.3209107200441443,0.0,9.908533533320211,0.0,0.40016129,0.0,0.091,0.0
2025-12-23 19:00:00,0.5425182527746735,0.0,9.366015280545538,0.0,0.40016129,0.0,0.089,0.0
2025-12-23 20:00:00,0.9438331246901857,0.0,8.422182155855353,0.0,0.40016129,0.0,0.088,0.0
2025-12-23 21:00:00,0.931446863211312,0.0,7.490735292644041,0.0,0.38016129,0.0,0.09,0.0
2025-12-23 22:00:00,1.0305369550423027,0.0,6.460198337601739,0.0,0.38016129,0.0,0.09,0.0
2025-12-23 23:00:00,0.9215378540282128,0.0,5.538660483573526,0.0,0.38016129,0.0,0.091,0.0
2025-12-24 00:00:00,1.1573722725859703,0.0,4.381288210987556,0.0,0.37016129,0.0,0.089,0.0
2025-12-24 01:00:00,1.1078272266704752,0.0,3.2734609843170808,0.0,0.37016129,0.0,0.085,0.0
2025-12-24 02:00:00,1.2742985809465392,0.0,1.9991624033705415,0.0,0.37016129,0.0,0.082,0.0
2025-12-24 03:00:00,1.224753535031044,0.0,0.7744088683394976,0.0,0.37016129,0.0,0.082,0.0
2025-12-24 04:00:00,1.2188081295211846,0.0,0.0,0.44439926118168693,0.37016129,0.0,0.085,0.16449940379406014
2025-12-24 05:00:00,1.248535157070482,0.0,0.0,1.248535157070482,0.37016129,0.0,0.089,0.4621593843515622
2025-12-24 06:00:00,1.343661645228233,0.0,0.0,1.343661645228233,0.37016129,0.0,0.09,0.49737152792120504
2025-12-24 07:00:00,1.1970083093183668,0.0,0.0,1.1970083093183668,0.37016129,0.0,0.083,0.44308613991800566
2025-12-24 08:00:00,0.8640656007662383,0.738457,0.0,0.12560860076623825,0.37016129,0.0,0.074,0.04649544169472574
2025-12-24 09:00:00,0.7867753291380655,0.718858,0.0,0.06791732913806547,0.37016129,0.0,0.069,0.025140366167100903
2025-12-24 10:00:00,2.846977306907068,2.3202689999999997,0.0,0.5267083069070684,0.37016129,0.0,0.069,0.19496702633843632
2025-12-24 11:00:00,3.3126012423408744,2.029434,0.0,1.2831672423408742,0.37016129,0.0,0.063,0.4749788417106406
2025-12-24 12:00:00,3.0906394366394556,1.542343,0.0,1.5482964366394556,0.37016129,0.0,0.063,0.5731194062888642
2025-12-24 13:00:00,3.025239976031002,0.638567,0.0,2.3866729760310017,0.37016129,0.0,0.061,0.8834539476157746
2025-12-24 14:00:00,2.5754704552901537,0.2375149999999999,0.0,2.337955455290154,0.37016129,0.0,0.062,0.8654206072927407
2025-12-24 15:00:00,0.4637416297690361,1.785059,1.3213173702309635,0.0,0.38016129,0.0,0.069,0.0
2025-12-24 16:00:00,0.6103949656789022,0.006996,0.7179184045520616,0.0,0.40016129,0.0,0.091,0.0
2025-12-24 17:00:00,2.0459393083383643,0.0,0.0,1.3280209037863027,0.40016129,0.0,0.095,0.5314225580060927
2025-12-24 18:00:00,2.9773861715496768,0.0,0.0,2.9773861715496768,0.40016129,0.0,0.091,1.19143469123548
2025-12-24 19:00:00,0.5628317216000266,0.0,0.0,0.5628317216000266,0.40016129,0.0,0.089,0.2252234677683875
2025-12-24 20:00:00,0.4221237912000199,0.0,0.0,0.4221237912000199,0.40016129,0.0,0.088,0.16891760082629062
2025-12-24 21:00:00,0.505359468338052,0.0,0.0,0.505359468338052,0.38016129,0.0,0.09,0.192118107397108
2025-12-24 22:00:00,0.7015578501634135,0.0,0.0,0.7015578501634135,0.38016129,0.0,0.09,0.26670513732775
2025-12-24 23:00:00,1.048373171571881,0.0,0.0,1.048373171571881,0.38016129,0.0,0.091,0.39855089730615756
2025-12-25 00:00:00,1.0325187568789225,0.0,0.0,1.0325187568789225,0.37016129,0.0,0.089,0.3821984749954983
2025-12-25 01:00:00,1.2088991203380854,0.0,0.0,1.2088991203380854,0.37016129,0.0,0.085,0.4474876578642109
2025-12-25 02:00:00,1.1058454248338554,0.0,0.0,1.1058454248338554,0.37016129,0.0,0.082,0.40934116899709794
2025-12-25 03:00:00,1.1216998395268138,0.0,0.0,1.1216998395268138,0.37016129,0.0,0.082,0.4152098595920384
2025-12-25 04:00:00,1.1296270468732932,0.0,0.0,1.1296270468732932,0.37016129,0.0,0.085,0.41814420488950865
2025-12-25 05:00:00,1.3218618250254148,0.0,0.0,1.3218618250254148,0.37016129,0.0,0.089,0.4893020783531618
2025-12-25 06:00:00,1.2247535350310443,0.0,0.0,1.2247535350310443,0.37016129,0.0,0.09,0.4533563484591515
2025-12-25 07:00:00,1.26637137360006,0.0,0.0,1.26637137360006,0.37016129,0.0,0.083,0.4687616612708701
2025-12-25 08:00:00,0.6103949656789021,0.111432,0.0,0.4989629656789021,0.37016129,0.0,0.074,0.1846967750379281
2025-12-25 09:00:00,0.4558144224225568,1.361602,0.9057875775774432,0.0,0.37016129,0.0,0.069,0.0
2025-12-25 10:00:00,0.4795960444619944,2.7729630000000003,3.1991545331154487,0.0,0.37016129,0.0,0.069,0.0
2025-12-25 11:00:00,1.0083891973556534,1.194828,3.385593335759795,0.0,0.37016129,0.0,0.063,0.0
2025-12-25 12:00:00,1.0282072157218514,1.558139,3.915525120037944,0.0,0.37016129,0.0,0.063,0.0
2025-12-25 13:00:00,0.7349005439021192,3.014662,6.195286576135825,0.0,0.37016129,0.0,0.061,0.0
2025-12-25 14:00:00,0.2338526167211377,2.731253,8.692686959414686,0.0,0.37016129,0.0,0.062,0.0
2025-12-25 15:00:00,0.2853794644732529,0.025429,8.432736494941434,0.0,0.38016129,0.0,0.069,0.0
2025-12-25 16:00:00,0.4597780260957963,0.0,7.972958468845637,0.0,0.40016129,0.0,0.091,0.0
2025-12-25 17:00:00,1.7245009765720831,0.0,6.248457492273554,0.0,0.40016129,0.0,0.095,0.0
2025-12-25 18:00:00,2.877909645484814,0.0,3.37054784678874,0.0,0.40016129,0.0,0.091,0.0
2025-12-25 19:00:00,0.5925587491493239,0.0,2.777989097639416,0.0,0.40016129,0.0,0.089,0.0
2025-12-25 20:00:00,0.4439236114028378,0.0,2.334065486236578,0.0,0.40016129,0.0,0.088,0.0
2025-12-25 21:00:00,0.4815778462986143,0.0,1.8524876399379635,0.0,0.38016129,0.0,0.09,0.0
2025-12-25 22:00:00,0.6421037950648191,0.0,1.2103838448731443,0.0,0.38016129,0.0,0.09,0.0
2025-12-25 23:00:00,0.6817398317972154,0.0,0.5286440130759291,0.0,0.38016129,0.0,0.091,0.0
2025-12-26 00:00:00,0.5925587491493238,0.0,0.0,0.0639147360733947,0.37016129,0.0,0.089,0.023658761154937317
2025-12-26 01:00:00,0.7927207346479249,0.0,0.0,0.7927207346479249,0.37016129,0.0,0.085,0.29343452974702355
2025-12-26 02:00:00,0.6064313620056625,0.0,0.0,0.6064313620056625,0.37016129,0.0,0.082,0.224477415256473
2025-12-26 03:00:00,0.8145205548507428,0.0,0.0,0.8145205548507428,0.37016129,0.0,0.082,0.3015039793150667
2025-12-26 04:00:00,0.8085751493408835,0.0,0.0,0.8085751493408835,0.37016129,0.0,0.085,0.29930322034196405
2025-12-26 05:00:00,0.8283931677070815,0.0,0.0,0.8283931677070815,0.37016129,0.0,0.089,0.3066390835856396
2025-12-26 06:00:00,0.919556052191593,0.0,0.0,0.919556052191593,0.37016129,0.0,0.09,0.34038405450654735
2025-12-26 07:00:00,1.0483731715718807,0.0,0.0,1.0483731715718807,0.37016129,0.0,0.083,0.3880671655904387
2025-12-26 08:00:00,1.034500558715542,0.018532,0.0,1.015968558715542,0.37016129,0.0,0.074,0.3760722322935858
2025-12-26 09:00:00,0.6579582097577776,0.080122,0.0,0.5778362097577776,0.37016129,0.0,0.069,0.21389259681264952
2025-12-26 10:00:00,2.9163403711887614,0.199205,0.0,2.7171353711887614,0.37016129,0.0,0.069,1.0057783341038606
2025-12-26 11:00:00,3.653941093352681,1.091451,0.0,2.5624900933526806,0.37016129,0.0,0.063,0.9485346385676486
2025-12-26 12:00:00,3.0316553166540596,0.273378,0.0,2.7582773166540595,0.37016129,0.0,0.063,1.0210074897104051
2025-12-26 13:00:00,3.101018380935753,0.2133199999999999,0.0,2.887698380935753,0.37016129,0.0,0.061,1.0689141578180896
2025-12-26 14:00:00,2.7062693765070613,0.143055,0.0,2.5632143765070614,0.37016129,0.0,0.062,0.9488027401543995
2025-12-26 15:00:00,0.4260873948732596,0.055697,0.0,0.3703903948732596,0.38016129,0.0,0.069,0.14080809031862773
2025-12-26 16:00:00,0.537068297723969,0.0,0.0,0.537068297723969,0.40016129,0.0,0.091,0.2149139428353275
2025-12-26 17:00:00,2.3867994272783455,0.0,0.0,2.3867994272783455,0.40016129,0.0,0.095,0.9551047377909639
2025-12-26 18:00:00,2.751450965216391,0.0,0.0,2.751450965216391,0.40016129,0.0,0.091,1.1010241676127361
2025-12-26 19:00:00,1.046391369735261,0.0,0.0,1.046391369735261,0.40016129,0.0,0.089,0.418725320358129
2025-12-26 20:00:00,0.6024677583324228,0.0,0.0,0.6024677583324228,0.40016129,0.0,0.088,0.24108427535771057
2025-12-26 21:00:00,0.7193940666929919,0.0,0.0,0.7193940666929919,0.38016129,0.0,0.09,0.27348577641235383
2025-12-26 22:00:00,0.6658854171042569,0.0,0.0,0.6658854171042569,0.38016129,0.0,0.09,0.2531438591585423
2025-12-26 23:00:00,0.9056834393352544,0.0,0.0,0.9056834393352544,0.38016129,0.0,0.091,0.34430578462932704
2025-12-27 00:00:00,0.876947312704267,0.0,0.0,0.876947312704267,0.37016129,0.0,0.089,0.3246119485326448
2025-12-27 01:00:00,1.089991010140897,0.0,0.0,1.089991010140897,0.37016129,0.0,0.085,0.40347247840215744
2025-12-27 02:00:00,1.1172407853944193,0.0,0.0,1.1172407853944193,0.37016129,0.0,0.082,0.4135592903622114
2025-12-27 03:00:00,1.2262398864085091,0.0,0.0,1.2262398864085091,0.37016129,0.0,0.082,0.45390653820242716
2025-12-27 04:00:00,1.174217588197239,0.0,0.0,1.174217588197239,0.37016129,0.0,0.085,0.43464989718777874
2025-12-27 05:00:00,1.26835317543668,0.0,0.0,1.26835317543668,0.37016129,0.0,0.089,0.4694952475952377
2025-12-27 06:00:00,1.3030347075775266,0.0,0.0,1.3030347075775266,0.37016129,0.0,0.09,0.48233300827166997
2025-12-27 07:00:00,1.2336716432958332,0.0,0.0,1.2336716432958332,0.37016129,0.0,0.083,0.4566574869188055
2025-12-27 08:00:00,1.0701729917746987,1.855408,0.7852350082253012,0.0,0.37016129,0.0,0.074,0.0
2025-12-27 09:00:00,1.1370588037606175,3.351441,2.999617204464684,0.0,0.37016129,0.0,0.069,0.0
2025-12-27 10:00:00,2.911881317056367,4.325972,4.413707887408317,0.0,0.37016129,0.0,0.069,0.0
2025-12-27 11:00:00,3.145608922259699,4.583333,5.851431965148618,0.0,0.37016129,0.0,0.063,0.0
2025-12-27 12:00:00,2.729430536569538,4.583333,7.70533442857908,0.0,0.37016129,0.0,0.063,0.0
2025-12-27 13:00:00,2.8037481054427813,4.583333,9.484919323136298,0.0,0.37016129,0.0,0.061,0.0
2025-12-27 14:00:00,2.4709304084084587,3.991689,11.00567791472784,0.0,0.37016129,0.0,0.062,0.0
2025-12-27 15:00:00,0.1783621652957829,2.877879,13.5,0.0,0.38016129,2.6995168347042173,0.069,-0.18626666159459102
2025-12-27 16:00:00,0.6738126244507361,0.7696280000000001,13.5,0.0,0.40016129,0.095815375549264,0.091,-0.008719199174983023
2025-12-27 17:00:00,2.210914514278337,0.0,11.289085485721664,0.0,0.40016129,0.0,0.095,0.0
2025-12-27 18:00:00,2.3892766795741203,0.0,8.899808806147544,0.0,0.40016129,0.0,0.091,0.0
2025-12-27 19:00:00,0.4904959545634034,0.0,8.40931285158414,0.0,0.40016129,0.0,0.089,0.0
2025-12-27 20:00:00,0.5449955050704482,0.0,7.864317346513692,0.0,0.40016129,0.0,0.088,0.0
2025-12-27 21:00:00,0.8298795190845464,0.0,7.034437827429146,0.0,0.38016129,0.0,0.09,0.0
2025-12-27 22:00:00,1.16430857901414,0.0,5.870129248415006,0.0,0.38016129,0.0,0.09,0.0
2025-12-27 23:00:00,0.8274022667887718,0.0,5.042726981626235,0.0,0.38016129,0.0,0.091,0.0
2025-12-28 00:00:00,0.9809919091268072,0.0,4.0617350724994274,0.0,0.37016129,0.0,0.089,0.0
2025-12-28 01:00:00,0.958696638464834,0.0,3.1030384340345933,0.0,0.37016129,0.0,0.085,0.0
2025-12-28 02:00:00,0.95126488157751,0.0,2.151773552457083,0.0,0.37016129,0.0,0.082,0.0
2025-12-28 03:00:00,1.0751274963662485,0.0,1.0766460560908346,0.0,0.37016129,0.0,0.082,0.0
2025-12-28 04:00:00,1.089991010140897,0.0,0.0,0.013344954050062308,0.37016129,0.0,0.085,0.004939785406161788
2025-12-28 05:00:00,1.151922317535266,0.0,0.0,1.151922317535266,0.37016129,0.0,0.089,0.42639705103864367
2025-12-28 06:00:00,1.2188081295211848,0.0,0.0,1.2188081295211848,0.37016129,0.0,0.09,0.45115558948604884
2025-12-28 07:00:00,1.1791720927887883,0.0,0.0,1.1791720927887883,0.37016129,0.0,0.083,0.43648386299869757
2025-12-28 08:00:00,1.1766948404930138,2.551515,1.374820159506986,0.0,0.37016129,0.0,0.074,0.0
2025-12-28 09:00:00,0.6787671290422856,3.964322,4.6603750304647,0.0,0.37016129,0.0,0.069,0.0
2025-12-28 10:00:00,2.87224528032397,4.583333,6.371462750140729,0.0,0.37016129,0.0,0.069,0.0
2025-12-28 11:00:00,3.219153692445021,4.583333,7.735642057695708,0.0,0.37016129,0.0,0.063,0.0
2025-12-28 12:00:00,3.719558656191523,4.583333,8.599416401504184,0.0,0.37016129,0.0,0.063,0.0
2025-12-28 13:00:00,2.9887692289379677,4.583333,10.193980172566215,0.0,0.37016129,0.0,0.061,0.0
2025-12-28 14:00:00,2.7186556379859352,4.187317,11.66264153458028,0.0,0.37016129,0.0,0.062,0.0
2025-12-28 15:00:00,0.4682006839014306,3.04858,13.5,0.0,0.38016129,2.5803793160985693,0.069,-0.1780461728108013
2025-12-28 16:00:00,0.6292220831267904,0.959894,13.5,0.0,0.40016129,0.3306719168732096,0.091,-0.030091144435462076
2025-12-28 17:00:00,1.7669722913752768,0.0,11.733027708624723,0.0,0.40016129,0.0,0.095,0.0
2025-12-28 18:00:00,3.0724842512485786,0.0,8.660543457376145,0.0,0.40016129,0.0,0.091,0.0
2025-12-28 19:00:00,1.2460579047747071,0.0,7.414485552601437,0.0,0.40016129,0.0,0.089,0.0
2025-12-28 20:00:00,1.0875137578451222,0.0,6.326971794756315,0.0,0.40016129,0.0,0.088,0.0
2025-12-28 21:00:00,1.174217588197239,0.0,5.152754206559076,0.0,0.38016129,0.0,0.09,0.0
2025-12-28 22:00:00,1.194035606563437,0.0,3.958718599995639,0.0,0.38016129,0.0,0.09,0.0
2025-12-28 23:00:00,1.2534896616620317,0.0,2.7052289383336072,0.0,0.38016129,0.0,0.091,0.0
2025-12-29 00:00:00,1.5953504784789492,0.0,1.109878459854658,0.0,0.37016129,0.0,0.089,0.0
2025-12-29 01:00:00,1.5482826848592284,0.0,0.0,0.4384042250045703,0.37016129,0.0,0.085,0.162280273469142
2025-12-29 02:00:00,1.6399410198028948,0.0,0.0,1.6399410198028948,0.37016129,0.0,0.082,0.607042683414155
2025-12-29 03:00:00,1.649850028985994,0.0,0.0,1.649850028985994,0.37016129,0.0,0.082,0.6107106150359929
2025-12-29 04:00:00,1.7514173731127594,0.0,0.0,1.7514173731127594,0.37016129,0.0,0.085,0.6483069141598303
2025-12-29 05:00:00,1.5903959738873996,0.0,0.0,1.5903959738873996,0.37016129,0.0,0.089,0.5887030253049661
2025-12-29 06:00:00,1.8529847172395248,0.0,0.0,1.8529847172395248,0.37016129,0.0,0.09,0.6859032132836678
2025-12-29 07:00:00,1.766280886887408,0.0,0.0,1.766280886887408,0.37016129,0.0,0.083,0.653808811592587
2025-12-29 08:00:00,0.9562193861690595,1.054047,0.0978276138309404,0.0,0.37016129,0.0,0.074,0.0
2025-12-29 09:00:00,0.411223881098611,2.5148040000000003,2.2014077327323296,0.0,0.37016129,0.0,0.069,0.0
2025-12-29 10:00:00,0.411223881098611,3.632276,5.422459851633718,0.0,0.37016129,0.0,0.069,0.0
2025-12-29 11:00:00,0.4528091575594098,3.254978,8.224628694074308,0.0,0.37016129,0.0,0.063,0.0
2025-12-29 12:00:00,0.5345584833199772,4.137247,11.82731721075433,0.0,0.37016129,0.0,0.063,0.0
2025-12-29 13:00:00,0.6534665935171661,3.980128,13.5,0.0,0.37016129,3.326661406482834,0.061,-0.20292634579545288
2025-12-29 14:00:00,1.1742175881972388,2.724024,13.5,0.0,0.37016129,1.5498064118027612,0.062,-0.09608799753177119
2025-12-29 15:00:00,0.8571292943380688,0.8590760000000001,13.5,0.0,0.38016129,0.001946705661931225,0.069,-0.00013432269067325454
2025-12-29 16:00:00,0.3170882938591698,0.974358,13.5,0.0,0.40016129,0.6572697061408301,0.091,-0.05981154325881554
2025-12-29 17:00:00,1.2532149805652202,0.0,12.24678501943478,0.0,0.40016129,0.0,0.095,0.0
2025-12-29 18:00:00,2.021163192255398,0.0,10.22562182717938,0.0,0.40016129,0.0,0.091,0.0
2025-12-29 19:00:00,0.6292220831267904,0.0,9.59639974405259,0.0,0.40016129,0.0,0.089,0.0
2025-12-29 20:00:00,0.7134486611831324,0.0,8.882951082869457,0.0,0.40016129,0.0,0.088,0.0
2025-12-29 21:00:00,1.005764432084555,0.0,7.877186650784902,0.0,0.38016129,0.0,0.09,0.0
2025-12-29 22:00:00,1.0875137578451222,0.0,6.78967289293978,0.0,0.38016129,0.0,0.09,0.0
2025-12-29 23:00:00,1.0627412348873746,0.0,5.726931658052406,0.0,0.38016129,0.0,0.091,0.0
2025-12-30 00:00:00,1.2088991203380857,0.0,4.51803253771432,0.0,0.37016129,0.0,0.089,0.0
2025-12-30 01:00:00,1.3228527259437248,0.0,3.195179811770595,0.0,0.37016129,0.0,0.085,0.0
2025-12-30 02:00:00,1.1543995698310408,0.0,2.0407802419395544,0.0,0.37016129,0.0,0.082,0.0
2025-12-30 03:00:00,1.2386261478873828,0.0,0.8021540940521716,0.0,0.37016129,0.0,0.082,0.0
2025-12-30 04:00:00,1.3401934920141485,0.0,0.0,0.5380393979619769,0.37016129,0.0,0.085,0.19916135762042872
2025-12-30 05:00:00,1.2534896616620312,0.0,0.0,1.2534896616620312,0.37016129,0.0,0.089,0.463993350162481
2025-12-30 06:00:00,1.4615788545071118,0.0,0.0,1.4615788545071118,0.37016129,0.0,0.09,0.5410199142210748
2025-12-30 07:00:00,1.416988313183166,0.0,0.0,1.416988313183166,0.37016129,0.0,0.083,0.5245142219228047
2025-12-30 08:00:00,0.6936306428169343,2.2425680000000003,1.548937357183066,0.0,0.37016129,0.0,0.074,0.0
2025-12-30 09:00:00,0.485541449971854,3.546057,4.609452907211212,0.0,0.37016129,0.0,0.069,0.0
2025-12-30 10:00:00,0.2378162203943774,4.278939,8.650575686816836,0.0,0.37016129,0.0,0.069,0.0
2025-12-30 11:00:00,0.4899679419960313,4.583333,12.743940744820804,0.0,0.37016129,0.0,0.063,0.0
2025-12-30 12:00:00,0.4503319052636352,4.583333,13.5,0.0,0.37016129,4.133001094736365,0.063,-0.26037906896839097
2025-12-30 13:00:00,0.4329911391932117,4.331805,13.5,0.0,0.37016129,3.8988138608067886,0.061,-0.2378276455092141
2025-12-30 14:00:00,0.1486351377464856,3.681563,13.5,0.0,0.37016129,3.5329278622535147,0.062,-0.21904152745971792
2025-12-30 15:00:00,0.1511123900422604,2.612,13.5,0.0,0.38016129,2.46088760995774,0.069,-0.16980124508708408
2025-12-30 16:00:00,0.1932256790704316,0.301588,13.5,0.0,0.40016129,0.10836232092956843,0.091,-0.009860971204590728
2025-12-30 17:00:00,1.2705557466356434,0.0,12.229444253364356,0.0,0.40016129,0.0,0.095,0.0
2025-12-30 18:00:00,2.3209107200441443,0.0,9.908533533320211,0.0,0.40016129,0.0,0.091,0.0
2025-12-30 19:00:00,0.5425182527746735,0.0,9.366015280545538,0.0,0.40016129,0.0,0.089,0.0
2025-12-30 20:00:00,0.9438331246901857,0.0,8.422182155855353,0.0,0.40016129,0.0,0.088,0.0
2025-12-30 21:00:00,0.931446863211312,0.0,7.490735292644041,0.0,0.38016129,0.0,0.09,0.0
2025-12-30 22:00:00,1.0305369550423027,0.0,6.460198337601739,0.0,0.38016129,0.0,0.09,0.0
2025-12-30 23:00:00,0.9215378540282128,0.0,5.538660483573526,0.0,0.38016129,0.0,0.091,0.0
2025-12-31 00:00:00,1.1573722725859703,0.0,4.381288210987556,0.0,0.37016129,0.0,0.089,0.0
2025-12-31 01:00:00,1.1078272266704752,0.0,3.2734609843170808,0.0,0.37016129,0.0,0.085,0.0
2025-12-31 02:00:00,1.2742985809465392,0.0,1.9991624033705415,0.0,0.37016129,0.0,0.082,0.0
2025-12-31 03:00:00,1.224753535031044,0.0,0.7744088683394976,0.0,0.37016129,0.0,0.082,0.0
2025-12-31 04:00:00,1.2188081295211846,0.0,0.0,0.44439926118168693,0.37016129,0.0,0.085,0.16449940379406014
2025-12-31 05:00:00,1.248535157070482,0.0,0.0,1.248535157070482,0.37016129,0.0,0.089,0.4621593843515622
2025-12-31 06:00:00,1.343661645228233,0.0,0.0,1.343661645228233,0.37016129,0.0,0.09,0.49737152792120504
2025-12-31 07:00:00,1.1970083093183668,0.0,0.0,1.1970083093183668,0.37016129,0.0,0.083,0.44308613991800566
2025-12-31 08:00:00,0.8640656007662383,0.1839559999999999,0.0,0.6801096007662384,0.37016129,0.0,0.074,0.2517502471610158
2025-12-31 09:00:00,0.7867753291380655,0.90653,0.1197546708619344,0.0,0.37016129,0.0,0.069,0.0
2025-12-31 10:00:00,2.846977306907068,0.4937749999999999,0.0,2.233447636045134,0.37016129,0.0,0.069,0.8267358581059172
2025-12-31 11:00:00,3.3126012423408744,0.478973,0.0,2.8336282423408745,0.37016129,0.0,0.063,1.0488994855653306
2025-12-31 12:00:00,3.0906394366394556,0.4604649999999999,0.0,2.6301744366394555,0.37016129,0.0,0.063,0.9735887623914841
2025-12-31 13:00:00,3.025239976031002,0.426713,0.0,2.598526976031002,0.37016129,0.0,0.061,0.9618740975474347
2025-12-31 14:00:00,2.5754704552901537,0.215755,0.0,2.3597154552901536,0.37016129,0.0,0.062,0.8734753169631405
2025-12-31 15:00:00,0.4637416297690361,0.11203,0.0,0.3517116297690361,0.38016129,0.0,0.069,0.13370714688099916
2025-12-31 16:00:00,0.6103949656789022,0.020002,0.0,0.5903929656789022,0.40016129,0.0,0.091,0.23625241075299525
2025-12-31 17:00:00,2.0459393083383643,0.0,0.0,2.0459393083383643,0.40016129,0.0,0.095,0.8187057128863876
2025-12-31 18:00:00,2.9773861715496768,0.0,0.0,2.9773861715496768,0.40016129,0.0,0.091,1.19143469123548
2025-12-31 19:00:00,0.5628317216000266,0.0,0.0,0.5628317216000266,0.40016129,0.0,0.089,0.2252234677683875
2025-12-31 20:00:00,0.4221237912000199,0.0,0.0,0.4221237912000199,0.40016129,0.0,0.088,0.16891760082629062
2025-12-31 21:00:00,0.505359468338052,0.0,0.0,0.505359468338052,0.38016129,0.0,0.09,0.192118107397108
2025-12-31 22:00:00,0.7015578501634135,0.0,0.0,0.7015578501634135,0.38016129,0.0,0.09,0.26670513732775
2025-12-31 23:00:00,1.048373171571881,0.0,0.0,1.048373171571881,0.38016129,0.0,0.091,0.39855089730615756
2025-12-31 23:59:59,0.1,0.0,0.0,0.1,150.0,0.0,0.0,15.0
