timestamp,usage_kwh,generation_kwh,battery_soc_kwh
2025-01-01 00:00:00,1.46,0.0,12.04
2025-01-01 01:00:00,0.95,0.0,11.09
2025-01-01 02:00:00,1.24,0.0,9.85
2025-01-01 03:00:00,1.52,0.0,8.33
2025-01-01 04:00:00,1.4,0.0,6.93
2025-01-01 05:00:00,1.5,0.0,5.43
2025-01-01 06:00:00,1.26,0.0,4.17
2025-01-01 07:00:00,1.0,0.0,3.17
2025-01-01 08:00:00,1.09,0.503795,2.583795
2025-01-01 09:00:00,1.51,0.051462,1.1252569999999997
2025-01-01 10:00:00,3.689999999999999,1.165429,0.0
2025-01-01 11:00:00,4.980730769230769,2.4185909999999997,0.0
2025-01-01 12:00:00,4.230730769230769,2.492966,0.0
2025-01-01 13:00:00,4.3007307692307695,1.445452,0.0
2025-01-01 14:00:00,2.8499999999999996,1.273025,0.0
2025-01-01 15:00:00,1.54,0.900702,0.0
2025-01-01 16:00:00,2.02,0.129175,0.0
2025-01-01 17:00:00,5.4254080459770115,0.0,0.0
2025-01-01 18:00:00,5.665408045977012,0.0,0.0
2025-01-01 19:00:00,0.48,0.0,0.0
2025-01-01 20:00:00,0.29,0.0,0.0
2025-01-01 21:00:00,0.25,0.0,0.0
2025-01-01 22:00:00,0.41,0.0,0.0
2025-01-01 23:00:00,0.75,0.0,0.0
2025-01-02 00:00:00,0.86,0.0,0.0
2025-01-02 01:00:00,1.36,0.0,0.0
2025-01-02 02:00:00,1.06,0.0,0.0
2025-01-02 03:00:00,1.06,0.0,0.0
2025-01-02 04:00:00,1.07,0.0,0.0
2025-01-02 05:00:00,1.12,0.0,0.0
2025-01-02 06:00:00,1.39,0.0,0.0
2025-01-02 07:00:00,1.3199999999999998,0.0,0.0
2025-01-02 08:00:00,0.56,0.004246000000000001,0.0
2025-01-02 09:00:00,0.17,0.229835,0.059835
2025-01-02 10:00:00,0.72,0.124694,0.0
2025-01-02 11:00:00,1.0369102564102564,0.7762640000000001,0.0
2025-01-02 12:00:00,1.1269102564102564,0.576963,0.0
2025-01-02 13:00:00,0.4869102564102564,0.787671,0.3007607435897436
2025-01-02 14:00:00,0.2,0.359589,0.46034974358974357
2025-01-02 15:00:00,0.56,0.34520100000000004,0.24555074358974355
2025-01-02 16:00:00,0.93,0.048152,0.0
2025-01-02 17:00:00,1.3484693486590038,0.0,0.0
2025-01-02 18:00:00,1.948469348659004,0.0,0.0
2025-01-02 19:00:00,0.96,0.0,0.0
2025-01-02 20:00:00,0.6000000000000001,0.0,0.0
2025-01-02 21:00:00,0.61,0.0,0.0
2025-01-02 22:00:00,0.76,0.0,0.0
2025-01-02 23:00:00,0.5499999999999999,0.0,0.0
2025-01-03 00:00:00,0.92,0.0,0.0
2025-01-03 01:00:00,0.92,0.0,0.0
2025-01-03 02:00:00,0.5700000000000001,0.0,0.0
2025-01-03 03:00:00,0.67,0.0,0.0
2025-01-03 04:00:00,0.91,0.0,0.0
2025-01-03 05:00:00,0.63,0.0,0.0
2025-01-03 06:00:00,0.57,0.0,0.0
2025-01-03 07:00:00,1.39,0.0,0.0
2025-01-03 08:00:00,1.6,0.027278,0.0
2025-01-03 09:00:00,0.92,0.7714930000000001,0.0
2025-01-03 10:00:00,3.21,1.611701,0.0
2025-01-03 11:00:00,5.176910256410256,1.060791,0.0
2025-01-03 12:00:00,3.2369102564102565,0.895969,0.0
2025-01-03 13:00:00,2.9469102564102565,0.851752,0.0
2025-01-03 14:00:00,2.53,0.837139,0.0
2025-01-03 15:00:00,0.2299999999999999,0.63518,0.4051800000000001
2025-01-03 16:00:00,0.26,0.057610999999999996,0.20279100000000008
2025-01-03 17:00:00,1.6784693486590037,0.0,0.0
2025-01-03 18:00:00,2.958469348659004,0.0,0.0
2025-01-03 19:00:00,1.26,0.0,0.0
2025-01-03 20:00:00,0.6799999999999999,0.0,0.0
2025-01-03 21:00:00,0.98,0.0,0.0
2025-01-03 22:00:00,0.67,0.0,0.0
2025-01-03 23:00:00,1.09,0.0,0.0
2025-01-04 00:00:00,0.65,0.0,0.0
2025-01-04 01:00:00,1.04,0.0,0.0
2025-01-04 02:00:00,1.11,0.0,0.0
2025-01-04 03:00:00,1.03,0.0,0.0
2025-01-04 04:00:00,1.23,0.0,0.0
2025-01-04 05:00:00,1.1,0.0,0.0
2025-01-04 06:00:00,1.08,0.0,0.0
2025-01-04 07:00:00,1.2,0.0,0.0
2025-01-04 08:00:00,1.06,0.36089499999999997,0.0
2025-01-04 09:00:00,0.92,1.07487,0.15486999999999995
2025-01-04 10:00:00,2.9299999999999997,0.29608,0.0
2025-01-04 11:00:00,3.4469102564102565,1.3771179999999998,0.0
2025-01-04 12:00:00,2.8269102564102564,1.594004,0.0
2025-01-04 13:00:00,3.006910256410256,1.45852,0.0
2025-01-04 14:00:00,2.46,0.300179,0.0
2025-01-04 15:00:00,0.31,0.910858,0.6008579999999999
2025-01-04 16:00:00,2.29,0.025648,0.0
2025-01-04 17:00:00,3.658469348659004,0.0,0.0
2025-01-04 18:00:00,2.898469348659004,0.0,0.0
2025-01-04 19:00:00,0.73,0.0,0.0
2025-01-04 20:00:00,0.64,0.0,0.0
2025-01-04 21:00:00,1.04,0.0,0.0
2025-01-04 22:00:00,0.81,0.0,0.0
2025-01-04 23:00:00,0.91,0.0,0.0
2025-01-05 00:00:00,1.06,0.0,0.0
2025-01-05 01:00:00,1.13,0.0,0.0
2025-01-05 02:00:00,0.97,0.0,0.0
2025-01-05 03:00:00,1.19,0.0,0.0
2025-01-05 04:00:00,1.21,0.0,0.0
2025-01-05 05:00:00,0.99,0.0,0.0
2025-01-05 06:00:00,1.16,0.0,0.0
2025-01-05 07:00:00,1.41,0.0,0.0
2025-01-05 08:00:00,1.71,0.141446,0.0
2025-01-05 09:00:00,0.13,0.5809099999999999,0.4509099999999999
2025-01-05 10:00:00,2.5,0.7348920000000001,0.0
2025-01-05 11:00:00,2.833153846153846,0.32821300000000003,0.0
2025-01-05 12:00:00,2.783153846153846,0.949986,0.0
2025-01-05 13:00:00,2.893153846153846,0.313632,0.0
2025-01-05 14:00:00,2.75,0.32011,0.0
2025-01-05 15:00:00,0.15,0.192154,0.042154
2025-01-05 16:00:00,0.32,0.168403,0.0
2025-01-05 17:00:00,1.3778045977011495,0.0,0.0
2025-01-05 18:00:00,2.51780459770115,0.0,0.0
2025-01-05 19:00:00,0.78,0.0,0.0
2025-01-05 20:00:00,0.6900000000000001,0.0,0.0
2025-01-05 21:00:00,1.26,0.0,0.0
2025-01-05 22:00:00,0.8700000000000001,0.0,0.0
2025-01-05 23:00:00,1.5,0.0,0.0
2025-01-06 00:00:00,1.52,0.0,0.0
2025-01-06 01:00:00,1.84,0.0,0.0
2025-01-06 02:00:00,1.85,0.0,0.0
2025-01-06 03:00:00,2.17,0.0,0.0
2025-01-06 04:00:00,1.84,0.0,0.0
2025-01-06 05:00:00,1.92,0.0,0.0
2025-01-06 06:00:00,1.93,0.0,0.0
2025-01-06 07:00:00,2.05,0.0,0.0
2025-01-06 08:00:00,0.7300000000000001,0.517554,0.0
2025-01-06 09:00:00,0.38,1.368622,0.988622
2025-01-06 10:00:00,0.47,2.059431,2.578053
2025-01-06 11:00:00,0.6631538461538462,2.448233,4.363132153846154
2025-01-06 12:00:00,1.0431538461538463,2.530078,5.8500563076923076
2025-01-06 13:00:00,1.4331538461538462,2.3013980000000003,6.718300461538462
2025-01-06 14:00:00,1.3199999999999998,1.227538,6.6258384615384625
2025-01-06 15:00:00,0.7000000000000001,0.967693,6.893531461538462
2025-01-06 16:00:00,0.28,0.175494,6.789025461538462
2025-01-06 17:00:00,2.34780459770115,0.0,4.441220863837312
2025-01-06 18:00:00,2.74780459770115,0.0,1.6934162661361625
2025-01-06 19:00:00,1.7600000000000002,0.0,0.0
2025-01-06 20:00:00,1.5,0.0,0.0
2025-01-06 21:00:00,1.4500000000000002,0.0,0.0
2025-01-06 22:00:00,1.87,0.0,0.0
2025-01-06 23:00:00,1.73,0.0,0.0
2025-01-07 00:00:00,1.83,0.0,0.0
2025-01-07 01:00:00,1.9,0.0,0.0
2025-01-07 02:00:00,1.74,0.0,0.0
2025-01-07 03:00:00,1.82,0.0,0.0
2025-01-07 04:00:00,2.03,0.0,0.0
2025-01-07 05:00:00,1.82,0.0,0.0
2025-01-07 06:00:00,2.19,0.0,0.0
2025-01-07 07:00:00,1.79,0.0,0.0
2025-01-07 08:00:00,0.62,0.0,0.0
2025-01-07 09:00:00,0.52,0.720523,0.200523
2025-01-07 10:00:00,0.53,0.6791200000000001,0.34964300000000004
2025-01-07 11:00:00,0.7831538461538463,0.417291,0.0
2025-01-07 12:00:00,0.6231538461538462,0.556986,0.0
2025-01-07 13:00:00,0.5331538461538462,0.584117,0.0509631538461538
2025-01-07 14:00:00,0.1,0.44776499999999997,0.3987281538461538
2025-01-07 15:00:00,0.12,0.495495,0.7742231538461538
2025-01-07 16:00:00,0.21,0.092987,0.6572101538461538
2025-01-07 17:00:00,1.2778045977011496,0.0,0.0
2025-01-07 18:00:00,3.1978045977011496,0.0,0.0
2025-01-07 19:00:00,0.38,0.0,0.0
2025-01-07 20:00:00,0.56,0.0,0.0
2025-01-07 21:00:00,0.62,0.0,0.0
2025-01-07 22:00:00,0.6900000000000001,0.0,0.0
2025-01-07 23:00:00,0.58,0.0,0.0
2025-01-08 00:00:00,0.51,0.0,0.0
2025-01-08 01:00:00,0.69,0.0,0.0
2025-01-08 02:00:00,0.78,0.0,0.0
2025-01-08 03:00:00,0.78,0.0,0.0
2025-01-08 04:00:00,0.79,0.0,0.0
2025-01-08 05:00:00,0.79,0.0,0.0
2025-01-08 06:00:00,0.8800000000000001,0.0,0.0
2025-01-08 07:00:00,1.0,0.0,0.0
2025-01-08 08:00:00,0.52,0.515772,0.0
2025-01-08 09:00:00,0.18,0.027748000000000002,0.0
2025-01-08 10:00:00,2.46,1.209311,0.0
2025-01-08 11:00:00,2.7273653846153847,0.509389,0.0
2025-01-08 12:00:00,2.7173653846153845,0.258235,0.0
2025-01-08 13:00:00,2.7173653846153845,0.06445999999999999,0.0
2025-01-08 14:00:00,2.4299999999999997,0.523298,0.0
2025-01-08 15:00:00,0.14,0.162624,0.022623999999999977
2025-01-08 16:00:00,0.2,0.00636,0.0
2025-01-08 17:00:00,0.995853448275862,0.0,0.0
2025-01-08 18:00:00,1.4058534482758622,0.0,0.0
2025-01-08 19:00:00,0.32,0.0,0.0
2025-01-08 20:00:00,0.33,0.0,0.0
2025-01-08 21:00:00,0.44,0.0,0.0
2025-01-08 22:00:00,1.45,0.0,0.0
2025-01-08 23:00:00,1.76,0.0,0.0
2025-01-09 00:00:00,1.85,0.0,0.0
2025-01-09 01:00:00,1.93,0.0,0.0
2025-01-09 02:00:00,1.65,0.0,0.0
2025-01-09 03:00:00,2.05,0.0,0.0
2025-01-09 04:00:00,1.77,0.0,0.0
2025-01-09 05:00:00,2.05,0.0,0.0
2025-01-09 06:00:00,1.88,0.0,0.0
2025-01-09 07:00:00,1.99,0.0,0.0
2025-01-09 08:00:00,0.54,0.332941,0.0
2025-01-09 09:00:00,0.2,0.5768150000000001,0.37681500000000007
2025-01-09 10:00:00,0.2,0.883251,1.0600660000000002
2025-01-09 11:00:00,0.4973653846153847,1.865652,2.4283526153846156
2025-01-09 12:00:00,0.4873653846153847,1.711695,3.652682230769231
2025-01-09 13:00:00,0.4973653846153847,1.6066340000000001,4.761950846153846
2025-01-09 14:00:00,0.21,1.3665209999999999,5.918471846153846
2025-01-09 15:00:00,0.21,0.813501,6.5219728461538455
2025-01-09 16:00:00,0.2,0.11236199999999999,6.434334846153845
2025-01-09 17:00:00,1.0858534482758622,0.0,5.3484813978779835
2025-01-09 18:00:00,3.575853448275862,0.0,1.7726279496021213
2025-01-09 19:00:00,0.75,0.0,1.0226279496021213
2025-01-09 20:00:00,0.2,0.0,0.8226279496021214
2025-01-09 21:00:00,0.16,0.0,0.6626279496021213
2025-01-09 22:00:00,0.14,0.0,0.5226279496021213
2025-01-09 23:00:00,0.09,0.0,0.43262794960212136
2025-01-10 00:00:00,0.09,0.0,0.3426279496021214
2025-01-10 01:00:00,0.1,0.0,0.2426279496021214
2025-01-10 02:00:00,0.1,0.0,0.14262794960212138
2025-01-10 03:00:00,0.41,0.0,0.0
2025-01-10 04:00:00,0.69,0.0,0.0
2025-01-10 05:00:00,0.51,0.0,0.0
2025-01-10 06:00:00,0.94,0.0,0.0
2025-01-10 07:00:00,0.51,0.0,0.0
2025-01-10 08:00:00,0.4499999999999999,0.141604,0.0
2025-01-10 09:00:00,0.09,0.494274,0.404274
2025-01-10 10:00:00,2.4,0.575514,0.0
2025-01-10 11:00:00,2.6973653846153844,1.411045,0.0
2025-01-10 12:00:00,2.6773653846153844,2.612991,0.0
2025-01-10 13:00:00,2.6873653846153847,1.814187,0.0
2025-01-10 14:00:00,2.3899999999999997,0.699881,0.0
2025-01-10 15:00:00,0.1,0.432425,0.33242499999999997
2025-01-10 16:00:00,0.99,0.142213,0.0
2025-01-10 17:00:00,3.535853448275862,0.0,0.0
2025-01-10 18:00:00,1.785853448275862,0.0,0.0
2025-01-10 19:00:00,0.17,0.0,0.0
2025-01-10 20:00:00,0.19,0.0,0.0
2025-01-10 21:00:00,0.14,0.0,0.0
2025-01-10 22:00:00,0.15,0.0,0.0
2025-01-10 23:00:00,0.1,0.0,0.0
2025-01-11 00:00:00,0.51,0.0,0.0
2025-01-11 01:00:00,0.66,0.0,0.0
2025-01-11 02:00:00,0.94,0.0,0.0
2025-01-11 03:00:00,0.87,0.0,0.0
2025-01-11 04:00:00,0.86,0.0,0.0
2025-01-11 05:00:00,1.24,0.0,0.0
2025-01-11 06:00:00,0.96,0.0,0.0
2025-01-11 07:00:00,0.97,0.0,0.0
2025-01-11 08:00:00,0.5700000000000001,0.515295,0.0
2025-01-11 09:00:00,0.66,1.381454,0.7214539999999999
2025-01-11 10:00:00,2.51,2.118962,0.33041599999999993
2025-01-11 11:00:00,2.7973653846153845,2.539408,0.07245861538461529
2025-01-11 12:00:00,2.7773653846153845,2.6353899999999997,0.0
2025-01-11 13:00:00,2.6973653846153844,1.358617,0.0
2025-01-11 14:00:00,2.4099999999999997,1.050905,0.0
2025-01-11 15:00:00,0.11,1.0435340000000002,0.9335340000000002
2025-01-11 16:00:00,0.13,0.23755400000000002,1.0410880000000002
2025-01-11 17:00:00,1.3558534482758622,0.0,0.0
2025-01-11 18:00:00,3.325853448275862,0.0,0.0
2025-01-11 19:00:00,0.19,0.0,0.0
2025-01-11 20:00:00,0.22,0.0,0.0
2025-01-11 21:00:00,0.77,0.0,0.0
2025-01-11 22:00:00,1.61,0.0,0.0
2025-01-11 23:00:00,0.56,0.0,0.0
2025-01-12 00:00:00,0.72,0.0,0.0
2025-01-12 01:00:00,0.87,0.0,0.0
2025-01-12 02:00:00,0.58,0.0,0.0
2025-01-12 03:00:00,1.02,0.0,0.0
2025-01-12 04:00:00,0.9,0.0,0.0
2025-01-12 05:00:00,0.98,0.0,0.0
2025-01-12 06:00:00,1.2,0.0,0.0
2025-01-12 07:00:00,0.8,0.0,0.0
2025-01-12 08:00:00,0.57,0.567342,0.0
2025-01-12 09:00:00,0.56,1.46533,0.90533
2025-01-12 10:00:00,2.5599999999999996,2.1698209999999998,0.5151510000000001
2025-01-12 11:00:00,3.9231538461538458,2.595678,0.0
2025-01-12 12:00:00,5.413153846153846,2.697846,0.0
2025-01-12 13:00:00,3.263153846153846,2.468299,0.0
2025-01-12 14:00:00,2.5599999999999996,1.9300160000000002,0.0
2025-01-12 15:00:00,0.11,1.1154469999999999,1.0054469999999998
2025-01-12 16:00:00,0.09,0.257897,1.1733439999999997
2025-01-12 17:00:00,1.7078045977011498,0.0,0.0
2025-01-12 18:00:00,3.3478045977011495,0.0,0.0
2025-01-12 19:00:00,1.14,0.0,0.0
2025-01-12 20:00:00,0.49,0.0,0.0
2025-01-12 21:00:00,0.6,0.0,0.0
2025-01-12 22:00:00,0.59,0.0,0.0
2025-01-12 23:00:00,0.6,0.0,0.0
2025-01-13 00:00:00,0.7000000000000001,0.0,0.0
2025-01-13 01:00:00,0.86,0.0,0.0
2025-01-13 02:00:00,0.9,0.0,0.0
2025-01-13 03:00:00,1.3,0.0,0.0
2025-01-13 04:00:00,1.23,0.0,0.0
2025-01-13 05:00:00,1.06,0.0,0.0
2025-01-13 06:00:00,1.36,0.0,0.0
2025-01-13 07:00:00,1.29,0.0,0.0
2025-01-13 08:00:00,0.68,0.174269,0.0
2025-01-13 09:00:00,0.42,0.435528,0.015528000000000042
2025-01-13 10:00:00,0.52,0.862195,0.35772300000000007
2025-01-13 11:00:00,0.5731538461538462,0.8711599999999999,0.6557291538461538
2025-01-13 12:00:00,0.5331538461538462,1.157595,1.2801703076923077
2025-01-13 13:00:00,0.5131538461538463,1.202968,1.9699844615384614
2025-01-13 14:00:00,0.14,0.949567,2.7795514615384613
2025-01-13 15:00:00,0.14,0.45698200000000005,3.096533461538461
2025-01-13 16:00:00,0.24,0.067418,2.9239514615384614
2025-01-13 17:00:00,1.2578045977011496,0.0,1.6661468638373118
2025-01-13 18:00:00,2.74780459770115,0.0,0.0
2025-01-13 19:00:00,0.26,0.0,0.0
2025-01-13 20:00:00,0.98,0.0,0.0
2025-01-13 21:00:00,0.89,0.0,0.0
2025-01-13 22:00:00,1.09,0.0,0.0
2025-01-13 23:00:00,0.94,0.0,0.0
2025-01-14 00:00:00,0.93,0.0,0.0
2025-01-14 01:00:00,1.21,0.0,0.0
2025-01-14 02:00:00,0.86,0.0,0.0
2025-01-14 03:00:00,1.24,0.0,0.0
2025-01-14 04:00:00,0.98,0.0,0.0
2025-01-14 05:00:00,1.39,0.0,0.0
2025-01-14 06:00:00,1.02,0.0,0.0
2025-01-14 07:00:00,1.27,0.0,0.0
2025-01-14 08:00:00,1.0,0.580317,0.0
2025-01-14 09:00:00,0.41,1.4927249999999999,1.082725
2025-01-14 10:00:00,0.1,2.201178,3.183903
2025-01-14 11:00:00,0.4831538461538462,2.2521060000000004,4.952855153846154
2025-01-14 12:00:00,0.4831538461538462,2.296126,6.765827307692308
2025-01-14 13:00:00,0.4931538461538462,2.46577,8.738443461538461
2025-01-14 14:00:00,0.18,1.922483,10.480926461538461
2025-01-14 15:00:00,0.17,1.124276,11.435202461538461
2025-01-14 16:00:00,0.2299999999999999,0.21396700000000002,11.419169461538461
2025-01-14 17:00:00,2.42780459770115,0.0,8.991364863837312
2025-01-14 18:00:00,2.51780459770115,0.0,6.473560266136162
2025-01-14 19:00:00,1.1,0.0,5.3735602661361614
2025-01-14 20:00:00,1.83,0.0,3.5435602661361614
2025-01-14 21:00:00,1.46,0.0,2.0835602661361614
2025-01-14 22:00:00,1.92,0.0,0.16356026613616148
2025-01-14 23:00:00,1.53,0.0,0.0
2025-01-15 00:00:00,1.89,0.0,0.0
2025-01-15 01:00:00,1.95,0.0,0.0
2025-01-15 02:00:00,2.06,0.0,0.0
2025-01-15 03:00:00,1.94,0.0,0.0
2025-01-15 04:00:00,2.06,0.0,0.0
2025-01-15 05:00:00,2.04,0.0,0.0
2025-01-15 06:00:00,2.24,0.0,0.0
2025-01-15 07:00:00,1.83,0.0,0.0
2025-01-15 08:00:00,1.22,0.326281,0.0
2025-01-15 09:00:00,1.03,1.144893,0.11489299999999991
2025-01-15 10:00:00,2.51,1.5608009999999999,0.0
2025-01-15 11:00:00,2.984730769230769,1.8549760000000002,0.0
2025-01-15 12:00:00,2.9947307692307694,1.919577,0.0
2025-01-15 13:00:00,2.984730769230769,1.638247,0.0
2025-01-15 14:00:00,2.42,1.0365229999999999,0.0
2025-01-15 15:00:00,0.11,0.7173379999999999,0.6073379999999999
2025-01-15 16:00:00,0.19,0.209218,0.6265559999999999
2025-01-15 17:00:00,2.0017068965517244,0.0,0.0
2025-01-15 18:00:00,3.731706896551725,0.0,0.0
2025-01-15 19:00:00,0.33,0.0,0.0
2025-01-15 20:00:00,0.27,0.0,0.0
2025-01-15 21:00:00,0.22,0.0,0.0
2025-01-15 22:00:00,0.5,0.0,0.0
2025-01-15 23:00:00,0.8600000000000001,0.0,0.0
2025-01-16 00:00:00,0.94,0.0,0.0
2025-01-16 01:00:00,1.01,0.0,0.0
2025-01-16 02:00:00,0.8500000000000001,0.0,0.0
2025-01-16 03:00:00,0.92,0.0,0.0
2025-01-16 04:00:00,1.05,0.0,0.0
2025-01-16 05:00:00,1.2999999999999998,0.0,0.0
2025-01-16 06:00:00,0.93,0.0,0.0
2025-01-16 07:00:00,1.16,0.0,0.0
2025-01-16 08:00:00,0.75,0.556037,0.0
2025-01-16 09:00:00,0.85,1.433691,0.5836910000000001
2025-01-16 10:00:00,0.51,2.143349,2.2170400000000003
2025-01-16 11:00:00,1.9747307692307696,2.555368,2.7976772307692306
2025-01-16 12:00:00,1.394730769230769,2.65246,4.055406461538461
2025-01-16 13:00:00,1.0647307692307693,2.432967,5.423642692307692
2025-01-16 14:00:00,0.12,1.910074,7.213716692307692
2025-01-16 15:00:00,0.1,1.125574,8.239290692307693
2025-01-16 16:00:00,0.11,0.291391,8.420681692307692
2025-01-16 17:00:00,1.7617068965517242,0.0,6.658974795755968
2025-01-16 18:00:00,2.281706896551724,0.0,4.377267899204244
2025-01-16 19:00:00,0.25,0.0,4.127267899204244
2025-01-16 20:00:00,0.3,0.0,3.8272678992042444
2025-01-16 21:00:00,0.13,0.0,3.6972678992042445
2025-01-16 22:00:00,0.54,0.0,3.1572678992042444
2025-01-16 23:00:00,0.8500000000000001,0.0,2.3072678992042444
2025-01-17 00:00:00,0.72,0.0,1.5872678992042444
2025-01-17 01:00:00,0.79,0.0,0.7972678992042443
2025-01-17 02:00:00,0.78,0.0,0.01726789920424432
2025-01-17 03:00:00,0.86,0.0,0.0
2025-01-17 04:00:00,0.87,0.0,0.0
2025-01-17 05:00:00,0.93,0.0,0.0
2025-01-17 06:00:00,1.16,0.0,0.0
2025-01-17 07:00:00,1.1,0.0,0.0
2025-01-17 08:00:00,0.77,0.022806,0.0
2025-01-17 09:00:00,1.02,1.164218,0.14421799999999996
2025-01-17 10:00:00,2.9,1.620324,0.0
2025-01-17 11:00:00,3.635333333333333,1.865993,0.0
2025-01-17 12:00:00,2.955333333333333,2.208615,0.0
2025-01-17 13:00:00,3.1053333333333333,1.70252,0.0
2025-01-17 14:00:00,2.8499999999999996,1.269137,0.0
2025-01-17 15:00:00,0.5499999999999999,0.899171,0.3491710000000001
2025-01-17 16:00:00,0.6400000000000001,0.22675399999999998,0.0
2025-01-17 17:00:00,1.9845670498084291,0.0,0.0
2025-01-17 18:00:00,2.6945670498084295,0.0,0.0
2025-01-17 19:00:00,0.81,0.0,0.0
2025-01-17 20:00:00,0.72,0.0,0.0
2025-01-17 21:00:00,0.92,0.0,0.0
2025-01-17 22:00:00,0.54,0.0,0.0
2025-01-17 23:00:00,1.15,0.0,0.0
2025-01-18 00:00:00,0.93,0.0,0.0
2025-01-18 01:00:00,0.88,0.0,0.0
2025-01-18 02:00:00,0.93,0.0,0.0
2025-01-18 03:00:00,1.08,0.0,0.0
2025-01-18 04:00:00,0.82,0.0,0.0
2025-01-18 05:00:00,0.96,0.0,0.0
2025-01-18 06:00:00,1.33,0.0,0.0
2025-01-18 07:00:00,0.94,0.0,0.0
2025-01-18 08:00:00,0.87,0.537221,0.0
2025-01-18 09:00:00,1.56,0.662129,0.0
2025-01-18 10:00:00,2.8099999999999996,1.831014,0.0
2025-01-18 11:00:00,2.6653333333333333,2.6260689999999998,0.0
2025-01-18 12:00:00,2.6453333333333333,2.7277620000000002,0.08242866666666693
2025-01-18 13:00:00,2.715333333333333,2.017891,0.0
2025-01-18 14:00:00,2.46,1.981992,0.0
2025-01-18 15:00:00,0.1,1.184972,1.0849719999999998
2025-01-18 16:00:00,0.12,0.323824,1.2887959999999998
2025-01-18 17:00:00,0.6745670498084292,0.0,0.6142289501915706
2025-01-18 18:00:00,0.7345670498084291,0.0,0.0
2025-01-18 19:00:00,0.59,0.0,0.0
2025-01-18 20:00:00,1.06,0.0,0.0
2025-01-18 21:00:00,0.8300000000000001,0.0,0.0
2025-01-18 22:00:00,0.8,0.0,0.0
2025-01-18 23:00:00,0.95,0.0,0.0
2025-01-19 00:00:00,1.25,0.0,0.0
2025-01-19 01:00:00,0.9,0.0,0.0
2025-01-19 02:00:00,1.25,0.0,0.0
2025-01-19 03:00:00,1.09,0.0,0.0
2025-01-19 04:00:00,1.04,0.0,0.0
2025-01-19 05:00:00,0.94,0.0,0.0
2025-01-19 06:00:00,1.19,0.0,0.0
2025-01-19 07:00:00,1.18,0.0,0.0
2025-01-19 08:00:00,0.95,0.606173,0.0
2025-01-19 09:00:00,0.92,1.521044,0.601044
2025-01-19 10:00:00,3.17,2.2643560000000003,0.0
2025-01-19 11:00:00,3.095333333333333,2.6825579999999998,0.0
2025-01-19 12:00:00,3.5553333333333335,2.7610970000000004,0.0
2025-01-19 13:00:00,3.0453333333333332,2.541952,0.0
2025-01-19 14:00:00,2.75,2.010988,0.0
2025-01-19 15:00:00,1.04,1.2169159999999999,0.17691599999999985
2025-01-19 16:00:00,1.53,0.340292,0.0
2025-01-19 17:00:00,2.394567049808429,0.0,0.0
2025-01-19 18:00:00,2.444567049808429,0.0,0.0
2025-01-19 19:00:00,1.99,0.0,0.0
2025-01-19 20:00:00,2.26,0.0,0.0
2025-01-19 21:00:00,1.87,0.0,0.0
2025-01-19 22:00:00,2.22,0.0,0.0
2025-01-19 23:00:00,1.88,0.0,0.0
2025-01-20 00:00:00,3.21,0.0,0.0
2025-01-20 01:00:00,2.26,0.0,0.0
2025-01-20 02:00:00,2.28,0.0,0.0
2025-01-20 03:00:00,2.1,0.0,0.0
2025-01-20 04:00:00,2.3,0.0,0.0
2025-01-20 05:00:00,2.24,0.0,0.0
2025-01-20 06:00:00,2.62,0.0,0.0
2025-01-20 07:00:00,2.49,0.0,0.0
2025-01-20 08:00:00,1.47,0.613829,0.0
2025-01-20 09:00:00,0.39,1.528192,1.138192
2025-01-20 10:00:00,0.57,2.248304,2.8164960000000003
2025-01-20 11:00:00,0.2953333333333333,2.633522,5.154684666666667
2025-01-20 12:00:00,0.2953333333333333,2.669091,7.528442333333334
2025-01-20 13:00:00,0.4053333333333334,2.460591,9.5837
2025-01-20 14:00:00,3.1799999999999997,1.8283969999999998,8.232097
2025-01-20 15:00:00,2.51,0.781627,6.503724
2025-01-20 16:00:00,0.64,0.24959,6.113314
2025-01-20 17:00:00,0.6945670498084292,0.0,5.41874695019157
2025-01-20 18:00:00,0.7845670498084292,0.0,4.634179900383141
2025-01-20 19:00:00,0.18,0.0,4.454179900383141
2025-01-20 20:00:00,0.18,0.0,4.2741799003831416
2025-01-20 21:00:00,0.92,0.0,3.3541799003831416
2025-01-20 22:00:00,0.56,0.0,2.7941799003831416
2025-01-20 23:00:00,0.81,0.0,1.9841799003831415
2025-01-21 00:00:00,0.99,0.0,0.9941799003831415
2025-01-21 01:00:00,1.01,0.0,0.0
2025-01-21 02:00:00,1.0,0.0,0.0
2025-01-21 03:00:00,1.03,0.0,0.0
2025-01-21 04:00:00,1.36,0.0,0.0
2025-01-21 05:00:00,0.98,0.0,0.0
2025-01-21 06:00:00,1.31,0.0,0.0
2025-01-21 07:00:00,1.65,0.0,0.0
2025-01-21 08:00:00,0.62,0.608518,0.0
2025-01-21 09:00:00,0.55,1.498821,0.9488209999999999
2025-01-21 10:00:00,0.22,2.1828380000000003,2.911659
2025-01-21 11:00:00,0.4253333333333333,2.548647,5.0349726666666665
2025-01-21 12:00:00,0.4153333333333333,2.6221460000000003,7.2417853333333335
2025-01-21 13:00:00,0.4253333333333333,2.474159,9.290611
2025-01-21 14:00:00,0.22,2.003791,11.074402000000001
2025-01-21 15:00:00,0.22,1.244248,12.098650000000001
2025-01-21 16:00:00,0.22,0.367294,12.245944000000001
2025-01-21 17:00:00,0.7345670498084291,0.0,11.511376950191572
2025-01-21 18:00:00,2.9045670498084295,0.0,8.606809900383142
2025-01-21 19:00:00,0.44,0.0,8.166809900383143
2025-01-21 20:00:00,0.5700000000000001,0.0,7.596809900383143
2025-01-21 21:00:00,0.72,0.0,6.876809900383143
2025-01-21 22:00:00,0.6,0.0,6.276809900383143
2025-01-21 23:00:00,0.88,0.0,5.396809900383143
2025-01-22 00:00:00,1.12,0.0,4.276809900383143
2025-01-22 01:00:00,1.06,0.0,3.216809900383143
2025-01-22 02:00:00,1.18,0.0,2.036809900383143
2025-01-22 03:00:00,1.2000000000000002,0.0,0.8368099003831428
2025-01-22 04:00:00,1.02,0.0,0.0
2025-01-22 05:00:00,1.16,0.0,0.0
2025-01-22 06:00:00,1.44,0.0,0.0
2025-01-22 07:00:00,1.11,0.0,0.0
2025-01-22 08:00:00,0.59,0.635162,0.045162000000000035
2025-01-22 09:00:00,0.52,1.5549870000000001,1.080149
2025-01-22 10:00:00,2.4099999999999997,1.6918440000000001,0.36199300000000045
2025-01-22 11:00:00,2.6053333333333333,2.675301,0.4319606666666673
2025-01-22 12:00:00,2.615333333333333,2.7334989999999997,0.5501263333333339
2025-01-22 13:00:00,2.6053333333333333,2.50678,0.45157300000000067
2025-01-22 14:00:00,2.4099999999999997,2.0047170000000003,0.046290000000001275
2025-01-22 15:00:00,0.11,1.245749,1.1820390000000012
2025-01-22 16:00:00,0.27,0.29004199999999997,1.202081000000001
2025-01-22 17:00:00,1.0845670498084292,0.0,0.11751395019157185
2025-01-22 18:00:00,1.1145670498084292,0.0,0.0
2025-01-22 19:00:00,0.16,0.0,0.0
2025-01-22 20:00:00,0.19,0.0,0.0
2025-01-22 21:00:00,0.16,0.0,0.0
2025-01-22 22:00:00,0.21,0.0,0.0
2025-01-22 23:00:00,0.8,0.0,0.0
2025-01-23 00:00:00,0.4299999999999999,0.0,0.0
2025-01-23 01:00:00,0.86,0.0,0.0
2025-01-23 02:00:00,0.9,0.0,0.0
2025-01-23 03:00:00,0.75,0.0,0.0
2025-01-23 04:00:00,0.94,0.0,0.0
2025-01-23 05:00:00,0.85,0.0,0.0
2025-01-23 06:00:00,1.12,0.0,0.0
2025-01-23 07:00:00,0.52,0.0,0.0
2025-01-23 08:00:00,0.1,0.6106950000000001,0.5106950000000001
2025-01-23 09:00:00,0.13,0.958274,1.338969
2025-01-23 10:00:00,0.13,2.1600140000000003,3.3689830000000005
2025-01-23 11:00:00,0.403,2.541725,5.507708000000001
2025-01-23 12:00:00,0.523,2.621426,7.606134000000001
2025-01-23 13:00:00,0.403,2.450389,9.653523
2025-01-23 14:00:00,0.1,1.945155,11.498678
2025-01-23 15:00:00,0.1,1.201298,12.599976
2025-01-23 16:00:00,0.1,0.379394,12.87937
2025-01-23 17:00:00,1.281850574712644,0.0,11.597519425287356
2025-01-23 18:00:00,3.121850574712644,0.0,8.475668850574712
2025-01-23 19:00:00,0.28,0.0,8.195668850574712
2025-01-23 20:00:00,0.17,0.0,8.025668850574712
2025-01-23 21:00:00,0.16,0.0,7.865668850574712
2025-01-23 22:00:00,0.7100000000000001,0.0,7.155668850574712
2025-01-23 23:00:00,0.7100000000000001,0.0,6.445668850574712
2025-01-24 00:00:00,0.41,0.0,6.035668850574712
2025-01-24 01:00:00,0.6799999999999999,0.0,5.3556688505747125
2025-01-24 02:00:00,0.6799999999999999,0.0,4.675668850574713
2025-01-24 03:00:00,0.88,0.0,3.795668850574713
2025-01-24 04:00:00,0.75,0.0,3.045668850574713
2025-01-24 05:00:00,0.94,0.0,2.105668850574713
2025-01-24 06:00:00,0.93,0.0,1.1756688505747128
2025-01-24 07:00:00,1.0,0.010105000000000001,0.18577385057471285
2025-01-24 08:00:00,0.45,0.12255200000000001,0.0
2025-01-24 09:00:00,0.27,0.8712759999999999,0.6012759999999999
2025-01-24 10:00:00,2.57,1.8403889999999998,0.0
2025-01-24 11:00:00,2.853,1.7818019999999999,0.0
2025-01-24 12:00:00,2.853,2.379893,0.0
2025-01-24 13:00:00,2.8129999999999997,1.943184,0.0
2025-01-24 14:00:00,2.51,1.9793969999999999,0.0
2025-01-24 15:00:00,0.22,1.047298,0.8272980000000001
2025-01-24 16:00:00,0.21,0.219048,0.836346
2025-01-24 17:00:00,1.4618505747126438,0.0,0.0
2025-01-24 18:00:00,4.111850574712644,0.0,0.0
2025-01-24 19:00:00,2.3200000000000003,0.0,0.0
2025-01-24 20:00:00,1.11,0.0,0.0
2025-01-24 21:00:00,1.17,0.0,0.0
2025-01-24 22:00:00,1.46,0.0,0.0
2025-01-24 23:00:00,1.82,0.0,0.0
2025-01-25 00:00:00,1.4500000000000002,0.0,0.0
2025-01-25 01:00:00,1.82,0.0,0.0
2025-01-25 02:00:00,1.53,0.0,0.0
2025-01-25 03:00:00,1.97,0.0,0.0
2025-01-25 04:00:00,1.83,0.0,0.0
2025-01-25 05:00:00,1.82,0.0,0.0
2025-01-25 06:00:00,1.89,0.0,0.0
2025-01-25 07:00:00,1.87,0.0,0.0
2025-01-25 08:00:00,1.82,0.243136,0.0
2025-01-25 09:00:00,1.4500000000000002,1.2514459999999998,0.0
2025-01-25 10:00:00,3.42,0.211371,0.0
2025-01-25 11:00:00,3.713,0.6552910000000001,0.0
2025-01-25 12:00:00,2.6929999999999996,0.416897,0.0
2025-01-25 13:00:00,2.823,0.356068,0.0
2025-01-25 14:00:00,2.5599999999999996,0.374634,0.0
2025-01-25 15:00:00,0.2,0.263173,0.06317299999999998
2025-01-25 16:00:00,0.18,0.16150899999999999,0.04468199999999997
2025-01-25 17:00:00,3.261850574712644,0.0,0.0
2025-01-25 18:00:00,2.711850574712644,0.0,0.0
2025-01-25 19:00:00,0.47,0.0,0.0
2025-01-25 20:00:00,0.28,0.0,0.0
2025-01-25 21:00:00,0.71,0.0,0.0
2025-01-25 22:00:00,1.48,0.0,0.0
2025-01-25 23:00:00,0.92,0.0,0.0
2025-01-26 00:00:00,0.93,0.0,0.0
2025-01-26 01:00:00,0.97,0.0,0.0
2025-01-26 02:00:00,1.04,0.0,0.0
2025-01-26 03:00:00,1.04,0.0,0.0
2025-01-26 04:00:00,1.25,0.0,0.0
2025-01-26 05:00:00,1.74,0.0,0.0
2025-01-26 06:00:00,1.37,0.0,0.0
2025-01-26 07:00:00,1.37,0.0,0.0
2025-01-26 08:00:00,1.52,0.277698,0.0
2025-01-26 09:00:00,1.13,1.027843,0.0
2025-01-26 10:00:00,3.28,1.5430650000000001,0.0
2025-01-26 11:00:00,3.143,2.702912,0.0
2025-01-26 12:00:00,3.263,2.844035,0.0
2025-01-26 13:00:00,2.863,2.6623330000000003,0.0
2025-01-26 14:00:00,2.83,1.629577,0.0
2025-01-26 15:00:00,0.59,0.022607,0.0
2025-01-26 16:00:00,0.6,0.337055,0.0
2025-01-26 17:00:00,1.891850574712644,0.0,0.0
2025-01-26 18:00:00,4.331850574712644,0.0,0.0
2025-01-26 19:00:00,1.12,0.0,0.0
2025-01-26 20:00:00,0.95,0.0,0.0
2025-01-26 21:00:00,1.01,0.0,0.0
2025-01-26 22:00:00,1.14,0.0,0.0
2025-01-26 23:00:00,1.08,0.0,0.0
2025-01-27 00:00:00,1.01,0.0,0.0
2025-01-27 01:00:00,1.29,0.0,0.0
2025-01-27 02:00:00,1.59,0.0,0.0
2025-01-27 03:00:00,1.09,0.0,0.0
2025-01-27 04:00:00,1.7000000000000002,0.0,0.0
2025-01-27 05:00:00,1.2000000000000002,0.0,0.0
2025-01-27 06:00:00,1.57,0.0,0.0
2025-01-27 07:00:00,1.3,0.009949,0.0
2025-01-27 08:00:00,0.98,0.508814,0.0
2025-01-27 09:00:00,0.47,1.283307,0.813307
2025-01-27 10:00:00,0.1,0.7917949999999999,1.505102
2025-01-27 11:00:00,0.403,1.269127,2.3712289999999996
2025-01-27 12:00:00,0.393,1.154768,3.1329969999999996
2025-01-27 13:00:00,0.393,0.528014,3.2680109999999996
2025-01-27 14:00:00,0.1,1.404938,4.5729489999999995
2025-01-27 15:00:00,0.11,0.5851770000000001,5.048126
2025-01-27 16:00:00,0.12,0.158245,5.086371
2025-01-27 17:00:00,1.061850574712644,0.0,4.024520425287355
2025-01-27 18:00:00,2.181850574712644,0.0,1.8426698505747114
2025-01-27 19:00:00,0.3399999999999999,0.0,1.5026698505747116
2025-01-27 20:00:00,0.22,0.0,1.2826698505747116
2025-01-27 21:00:00,0.8,0.0,0.48266985057471157
2025-01-27 22:00:00,0.87,0.0,0.0
2025-01-27 23:00:00,0.81,0.0,0.0
2025-01-28 00:00:00,1.13,0.0,0.0
2025-01-28 01:00:00,1.22,0.0,0.0
2025-01-28 02:00:00,1.06,0.0,0.0
2025-01-28 03:00:00,0.91,0.0,0.0
2025-01-28 04:00:00,1.04,0.0,0.0
2025-01-28 05:00:00,0.87,0.0,0.0
2025-01-28 06:00:00,1.38,0.0,0.0
2025-01-28 07:00:00,1.01,0.0008359999999999999,0.0
2025-01-28 08:00:00,0.56,0.467127,0.0
2025-01-28 09:00:00,0.48,1.440311,0.9603109999999999
2025-01-28 10:00:00,0.11,2.324392,3.174703
2025-01-28 11:00:00,0.393,2.7685,5.550203
2025-01-28 12:00:00,0.403,2.894686,8.041889
2025-01-28 13:00:00,0.403,1.914185,9.553073999999999
2025-01-28 14:00:00,0.1,2.20969,11.662764
2025-01-28 15:00:00,0.1,0.094367,11.657131
2025-01-28 16:00:00,0.12,0.48694299999999996,12.024073999999999
2025-01-28 17:00:00,0.9918505747126438,0.0,11.032223425287356
2025-01-28 18:00:00,1.051850574712644,0.0,9.980372850574712
2025-01-28 19:00:00,0.27,0.0,9.710372850574712
2025-01-28 20:00:00,0.85,0.0,8.860372850574713
2025-01-28 21:00:00,0.96,0.0,7.900372850574713
2025-01-28 22:00:00,0.95,0.0,6.950372850574713
2025-01-28 23:00:00,0.73,0.0,6.220372850574712
2025-01-29 00:00:00,0.86,0.0,5.360372850574712
2025-01-29 01:00:00,0.94,0.0,4.4203728505747115
2025-01-29 02:00:00,1.17,0.0,3.2503728505747116
2025-01-29 03:00:00,0.74,0.0,2.5103728505747114
2025-01-29 04:00:00,0.8800000000000001,0.0,1.6303728505747113
2025-01-29 05:00:00,0.81,0.0,0.8203728505747112
2025-01-29 06:00:00,0.96,0.0,0.0
2025-01-29 07:00:00,1.1,0.022543,0.0
2025-01-29 08:00:00,0.94,0.730544,0.0
2025-01-29 09:00:00,0.73,1.6890180000000001,0.9590180000000001
2025-01-29 10:00:00,3.1899999999999995,2.4398380000000004,0.20885600000000104
2025-01-29 11:00:00,3.493,2.85982,0.0
2025-01-29 12:00:00,3.113,2.9716810000000002,0.0
2025-01-29 13:00:00,2.7329999999999997,2.768268,0.0352680000000003
2025-01-29 14:00:00,2.78,2.2733090000000002,0.0
2025-01-29 15:00:00,0.44,1.470642,1.030642
2025-01-29 16:00:00,0.4,0.520091,1.150733
2025-01-29 17:00:00,1.331850574712644,0.0,0.0
2025-01-29 18:00:00,3.621850574712644,0.0,0.0
2025-01-29 19:00:00,1.55,0.0,0.0
2025-01-29 20:00:00,1.05,0.0,0.0
2025-01-29 21:00:00,1.48,0.0,0.0
2025-01-29 22:00:00,0.97,0.0,0.0
2025-01-29 23:00:00,1.12,0.0,0.0
2025-01-30 00:00:00,1.13,0.0,0.0
2025-01-30 01:00:00,0.94,0.0,0.0
2025-01-30 02:00:00,1.12,0.0,0.0
2025-01-30 03:00:00,0.88,0.0,0.0
2025-01-30 04:00:00,0.87,0.0,0.0
2025-01-30 05:00:00,1.35,0.0,0.0
2025-01-30 06:00:00,0.86,0.0,0.0
2025-01-30 07:00:00,1.4,0.025504000000000002,0.0
2025-01-30 08:00:00,1.13,0.766673,0.0
2025-01-30 09:00:00,0.95,1.7447270000000001,0.7947270000000002
2025-01-30 10:00:00,0.86,2.181482,2.1162090000000005
2025-01-30 11:00:00,0.6930000000000001,2.8680909999999997,4.2913
2025-01-30 12:00:00,1.173,2.626163,5.744463
2025-01-30 13:00:00,0.7730000000000001,2.5949899999999997,7.566452999999999
2025-01-30 14:00:00,0.55,2.27458,9.291032999999999
2025-01-30 15:00:00,0.47,1.477613,10.298645999999998
2025-01-30 16:00:00,0.98,0.5289980000000001,9.847643999999999
2025-01-30 17:00:00,1.851850574712644,0.0,7.995793425287355
2025-01-30 18:00:00,2.2218505747126436,0.0,5.773942850574711
2025-01-30 19:00:00,0.75,0.0,5.023942850574711
2025-01-30 20:00:00,0.97,0.0,4.053942850574711
2025-01-30 21:00:00,1.37,0.0,2.683942850574711
2025-01-30 22:00:00,1.09,0.0,1.593942850574711
2025-01-30 23:00:00,1.24,0.0,0.3539428505747111
2025-01-31 00:00:00,0.85,0.0,0.0
2025-01-31 01:00:00,1.51,0.0,0.0
2025-01-31 02:00:00,0.93,0.0,0.0
2025-01-31 03:00:00,1.29,0.0,0.0
2025-01-31 04:00:00,0.8600000000000001,0.0,0.0
2025-01-31 05:00:00,1.17,0.0,0.0
2025-01-31 06:00:00,1.04,0.0,0.0
2025-01-31 07:00:00,1.29,0.013483,0.0
2025-01-31 08:00:00,1.95,0.491902,0.0
2025-01-31 09:00:00,1.02,1.693568,0.673568
2025-01-31 10:00:00,3.53,2.430025,0.0
2025-01-31 11:00:00,4.080666666666667,2.851379,0.0
2025-01-31 12:00:00,3.5806666666666667,2.9505630000000003,0.0
2025-01-31 13:00:00,4.100666666666667,2.760218,0.0
2025-01-31 14:00:00,3.2699999999999996,2.2664009999999997,0.0
2025-01-31 15:00:00,1.05,1.185414,0.13541399999999992
2025-01-31 16:00:00,0.61,0.348337,0.0
2025-01-31 17:00:00,3.6991340996168582,0.0,0.0
2025-01-31 18:00:00,2.6491340996168584,0.0,0.0
2025-01-31 19:00:00,0.7200000000000001,0.0,0.0
2025-01-31 20:00:00,0.34,0.0,0.0
2025-01-31 21:00:00,0.42,0.0,0.0
2025-01-31 22:00:00,0.54,0.0,0.0
2025-01-31 23:00:00,0.41,0.0,0.0
2025-02-01 00:00:00,0.72,0.0,0.0
2025-02-01 01:00:00,0.5,0.0,0.0
2025-02-01 02:00:00,0.68,0.0,0.0
2025-02-01 03:00:00,0.1699999999999999,0.0,0.0
2025-02-01 04:00:00,0.61,0.0,0.0
2025-02-01 05:00:00,0.61,0.0,0.0
2025-02-01 06:00:00,0.6699999999999999,0.0,0.0
2025-02-01 07:00:00,0.65,0.044867,0.0
2025-02-01 08:00:00,0.5800000000000001,0.763122,0.1831219999999999
2025-02-01 09:00:00,1.58,1.705092,0.3082139999999999
2025-02-01 10:00:00,3.01,2.3873249999999997,0.0
2025-02-01 11:00:00,3.530666666666667,2.7929090000000003,0.0
2025-02-01 12:00:00,3.5906666666666665,2.905018,0.0
2025-02-01 13:00:00,4.120666666666667,2.7775309999999998,0.0
2025-02-01 14:00:00,4.07,2.29632,0.0
2025-02-01 15:00:00,1.07,1.515572,0.44557199999999986
2025-02-01 16:00:00,1.52,0.561077,0.0
2025-02-01 17:00:00,2.639134099616858,0.0,0.0
2025-02-01 18:00:00,3.1791340996168587,0.0,0.0
2025-02-01 19:00:00,1.56,0.0,0.0
2025-02-01 20:00:00,1.35,0.0,0.0
2025-02-01 21:00:00,1.17,0.0,0.0
2025-02-01 22:00:00,1.24,0.0,0.0
2025-02-01 23:00:00,1.11,0.0,0.0
2025-02-02 00:00:00,1.15,0.0,0.0
2025-02-02 01:00:00,1.6,0.0,0.0
2025-02-02 02:00:00,1.2000000000000002,0.0,0.0
2025-02-02 03:00:00,1.71,0.0,0.0
2025-02-02 04:00:00,1.51,0.0,0.0
2025-02-02 05:00:00,1.41,0.0,0.0
2025-02-02 06:00:00,1.42,0.0,0.0
2025-02-02 07:00:00,1.5,0.027437,0.0
2025-02-02 08:00:00,1.56,0.7995030000000001,0.0
2025-02-02 09:00:00,2.23,1.7665920000000002,0.0
2025-02-02 10:00:00,2.9299999999999997,2.508703,0.0
2025-02-02 11:00:00,3.3206666666666664,2.919165,0.0
2025-02-02 12:00:00,3.1906666666666665,3.024689,0.0
2025-02-02 13:00:00,3.3706666666666667,2.8285929999999997,0.0
2025-02-02 14:00:00,2.78,2.344799,0.0
2025-02-02 15:00:00,0.79,1.550625,0.7606249999999999
2025-02-02 16:00:00,0.87,0.588303,0.4789279999999999
2025-02-02 17:00:00,1.6891340996168585,0.0,0.0
2025-02-02 18:00:00,1.6591340996168582,0.0,0.0
2025-02-02 19:00:00,0.76,0.0,0.0
2025-02-02 20:00:00,0.33,0.0,0.0
2025-02-02 21:00:00,0.29,0.0,0.0
2025-02-02 22:00:00,0.55,0.0,0.0
2025-02-02 23:00:00,0.1,0.0,0.0
2025-02-03 00:00:00,0.54,0.0,0.0
2025-02-03 01:00:00,0.45,0.0,0.0
2025-02-03 02:00:00,0.46,0.0,0.0
2025-02-03 03:00:00,0.8200000000000001,0.0,0.0
2025-02-03 04:00:00,0.5700000000000001,0.0,0.0
2025-02-03 05:00:00,0.64,0.0,0.0
2025-02-03 06:00:00,0.96,0.0,0.0
2025-02-03 07:00:00,0.57,0.033597999999999996,0.0
2025-02-03 08:00:00,0.5499999999999999,0.36179199999999995,0.0
2025-02-03 09:00:00,0.56,1.308498,0.7484979999999999
2025-02-03 10:00:00,0.18,2.535232,3.1037299999999997
2025-02-03 11:00:00,0.4066538461538462,2.935817,5.632893153846154
2025-02-03 12:00:00,0.4666538461538462,3.0504890000000002,8.216728307692307
2025-02-03 13:00:00,0.3966538461538462,2.861257,10.681331461538461
2025-02-03 14:00:00,0.17,2.3726019999999997,12.883933461538462
2025-02-03 15:00:00,0.17,1.5820560000000001,13.5
2025-02-03 16:00:00,0.3,0.615996,13.5
2025-02-03 17:00:00,1.1318793103448277,0.0,12.368120689655171
2025-02-03 18:00:00,3.0618793103448274,0.0,9.306241379310343
2025-02-03 19:00:00,0.5,0.0,8.806241379310343
2025-02-03 20:00:00,1.7,0.0,7.106241379310343
2025-02-03 21:00:00,1.0,0.0,6.106241379310343
2025-02-03 22:00:00,0.32,0.0,5.786241379310343
2025-02-03 23:00:00,0.62,0.0,5.1662413793103426
2025-02-04 00:00:00,0.74,0.0,4.426241379310342
2025-02-04 01:00:00,0.6,0.0,3.8262413793103422
2025-02-04 02:00:00,0.94,0.0,2.8862413793103423
2025-02-04 03:00:00,0.51,0.0,2.3762413793103425
2025-02-04 04:00:00,0.91,0.0,1.4662413793103424
2025-02-04 05:00:00,0.6,0.0,0.8662413793103424
2025-02-04 06:00:00,0.91,0.0,0.0
2025-02-04 07:00:00,0.63,0.039318,0.0
2025-02-04 08:00:00,0.87,0.37331400000000003,0.0
2025-02-04 09:00:00,1.02,1.908855,0.888855
2025-02-04 10:00:00,0.5599999999999999,2.669414,2.998269
2025-02-04 11:00:00,1.2066538461538463,3.049976,4.841591153846154
2025-02-04 12:00:00,0.6566538461538463,3.133692,7.318629307692308
2025-02-04 13:00:00,1.2066538461538463,2.943061,9.055036461538462
2025-02-04 14:00:00,0.54,2.4518429999999998,10.966879461538461
2025-02-04 15:00:00,0.49,1.6522750000000002,12.129154461538462
2025-02-04 16:00:00,0.39,0.6583450000000001,12.397499461538462
2025-02-04 17:00:00,1.7518793103448278,0.0,10.645620151193635
2025-02-04 18:00:00,2.351879310344827,0.0,8.293740840848807
2025-02-04 19:00:00,1.0,0.0,7.293740840848807
2025-02-04 20:00:00,0.8699999999999999,0.0,6.423740840848807
2025-02-04 21:00:00,1.18,0.0,5.243740840848807
2025-02-04 22:00:00,1.1,0.0,4.143740840848807
2025-02-04 23:00:00,1.96,0.0,2.183740840848807
2025-02-05 00:00:00,1.25,0.0,0.9337408408488068
2025-02-05 01:00:00,1.34,0.0,0.0
2025-02-05 02:00:00,1.28,0.0,0.0
2025-02-05 03:00:00,2.03,0.0,0.0
2025-02-05 04:00:00,1.4,0.0,0.0
2025-02-05 05:00:00,1.83,0.0,0.0
2025-02-05 06:00:00,1.38,0.0,0.0
2025-02-05 07:00:00,1.55,0.045168999999999994,0.0
2025-02-05 08:00:00,0.57,0.606114,0.03611400000000009
2025-02-05 09:00:00,0.49,1.1800719999999998,0.7261859999999999
2025-02-05 10:00:00,2.42,2.04095,0.347136
2025-02-05 11:00:00,2.666653846153846,1.520424,0.0
2025-02-05 12:00:00,2.6466538461538462,2.137096,0.0
2025-02-05 13:00:00,2.666653846153846,2.896781,0.230127153846154
2025-02-05 14:00:00,2.4099999999999997,2.43521,0.2553371538461544
2025-02-05 15:00:00,0.12,1.641707,1.7770441538461546
2025-02-05 16:00:00,0.12,0.664269,2.3213131538461544
2025-02-05 17:00:00,0.8018793103448277,0.0,1.5194338435013268
2025-02-05 18:00:00,2.961879310344828,0.0,0.0
2025-02-05 19:00:00,0.99,0.0,0.0
2025-02-05 20:00:00,1.32,0.0,0.0
2025-02-05 21:00:00,0.93,0.0,0.0
2025-02-05 22:00:00,1.28,0.0,0.0
2025-02-05 23:00:00,1.17,0.0,0.0
2025-02-06 00:00:00,1.18,0.0,0.0
2025-02-06 01:00:00,1.7400000000000002,0.0,0.0
2025-02-06 02:00:00,1.33,0.0,0.0
2025-02-06 03:00:00,1.1800000000000002,0.0,0.0
2025-02-06 04:00:00,1.53,0.0,0.0
2025-02-06 05:00:00,1.27,0.0,0.0
2025-02-06 06:00:00,1.38,0.0,0.0
2025-02-06 07:00:00,1.44,0.048239,0.0
2025-02-06 08:00:00,1.56,0.114911,0.0
2025-02-06 09:00:00,1.12,0.5133070000000001,0.0
2025-02-06 10:00:00,1.6,0.6212219999999999,0.0
2025-02-06 11:00:00,1.156653846153846,1.1723119999999998,0.015658153846153766
2025-02-06 12:00:00,1.4566538461538463,2.185346,0.7443503076923075
2025-02-06 13:00:00,1.156653846153846,1.767062,1.3547584615384614
2025-02-06 14:00:00,0.4599999999999999,1.396808,2.291566461538461
2025-02-06 15:00:00,0.7,1.047258,2.6388244615384613
2025-02-06 16:00:00,0.51,0.431771,2.5605954615384614
2025-02-06 17:00:00,1.2318793103448278,0.0,1.3287161511936336
2025-02-06 18:00:00,3.1318793103448277,0.0,0.0
2025-02-06 19:00:00,0.6,0.0,0.0
2025-02-06 20:00:00,0.41,0.0,0.0
2025-02-06 21:00:00,0.5399999999999999,0.0,0.0
2025-02-06 22:00:00,0.85,0.0,0.0
2025-02-06 23:00:00,0.6,0.0,0.0
2025-02-07 00:00:00,1.19,0.0,0.0
2025-02-07 01:00:00,0.81,0.0,0.0
2025-02-07 02:00:00,0.87,0.0,0.0
2025-02-07 03:00:00,1.19,0.0,0.0
2025-02-07 04:00:00,0.93,0.0,0.0
2025-02-07 05:00:00,1.02,0.0,0.0
2025-02-07 06:00:00,1.2,0.0,0.0
2025-02-07 07:00:00,0.97,0.0,0.0
2025-02-07 08:00:00,1.29,0.485742,0.0
2025-02-07 09:00:00,0.8200000000000001,0.742362,0.0
2025-02-07 10:00:00,3.3099999999999996,0.8405349999999999,0.0
2025-02-07 11:00:00,3.456653846153846,1.4755150000000001,0.0
2025-02-07 12:00:00,2.676653846153846,1.072178,0.0
2025-02-07 13:00:00,2.666653846153846,0.95902,0.0
2025-02-07 14:00:00,2.4499999999999997,0.5292089999999999,0.0
2025-02-07 15:00:00,0.15,0.571313,0.42131299999999994
2025-02-07 16:00:00,0.21,0.31274799999999997,0.5240609999999999
2025-02-07 17:00:00,0.8018793103448277,0.0,0.0
2025-02-07 18:00:00,3.461879310344828,0.0,0.0
2025-02-07 19:00:00,0.8600000000000001,0.0,0.0
2025-02-07 20:00:00,1.0,0.0,0.0
2025-02-07 21:00:00,1.2,0.0,0.0
2025-02-07 22:00:00,1.42,0.0,0.0
2025-02-07 23:00:00,0.87,0.0,0.0
2025-02-08 00:00:00,1.02,0.0,0.0
2025-02-08 01:00:00,1.23,0.0,0.0
2025-02-08 02:00:00,1.68,0.0,0.0
2025-02-08 03:00:00,1.29,0.0,0.0
2025-02-08 04:00:00,1.9,0.0,0.0
2025-02-08 05:00:00,1.51,0.0,0.0
2025-02-08 06:00:00,1.48,0.0,0.0
2025-02-08 07:00:00,1.67,0.060785,0.0
2025-02-08 08:00:00,0.67,0.9480299999999999,0.2780299999999999
2025-02-08 09:00:00,0.5,1.488908,1.2669379999999997
2025-02-08 10:00:00,2.42,2.4266970000000003,1.273635
2025-02-08 11:00:00,2.8606666666666665,3.115521,1.5284893333333338
2025-02-08 12:00:00,2.9306666666666663,3.214009,1.8118316666666674
2025-02-08 13:00:00,2.9406666666666665,3.021844,1.893009000000001
2025-02-08 14:00:00,2.46,2.544338,1.9773470000000013
2025-02-08 15:00:00,0.11,1.738712,3.606059000000001
2025-02-08 16:00:00,0.12,0.729414,4.215473000000001
2025-02-08 17:00:00,1.3791340996168584,0.015067,2.851405900383143
2025-02-08 18:00:00,2.3391340996168584,0.0,0.5122718007662845
2025-02-08 19:00:00,0.62,0.0,0.0
2025-02-08 20:00:00,0.63,0.0,0.0
2025-02-08 21:00:00,1.1,0.0,0.0
2025-02-08 22:00:00,1.3199999999999998,0.0,0.0
2025-02-08 23:00:00,1.03,0.0,0.0
2025-02-09 00:00:00,1.42,0.0,0.0
2025-02-09 01:00:00,1.23,0.0,0.0
2025-02-09 02:00:00,1.63,0.0,0.0
2025-02-09 03:00:00,1.07,0.0,0.0
2025-02-09 04:00:00,1.67,0.0,0.0
2025-02-09 05:00:00,1.58,0.0,0.0
2025-02-09 06:00:00,1.3,0.0,0.0
2025-02-09 07:00:00,1.49,0.06502899999999999,0.0
2025-02-09 08:00:00,0.6599999999999999,0.9807290000000001,0.32072900000000015
2025-02-09 09:00:00,0.12,2.004961,2.20569
2025-02-09 10:00:00,2.72,2.7606010000000003,2.2462910000000003
2025-02-09 11:00:00,3.9806666666666666,3.155629,1.4212533333333335
2025-02-09 12:00:00,3.8406666666666665,3.2474209999999997,0.8280076666666667
2025-02-09 13:00:00,3.9606666666666666,3.055101,0.0
2025-02-09 14:00:00,3.3899999999999997,2.578435,0.0
2025-02-09 15:00:00,1.06,1.7724790000000001,0.7124790000000001
2025-02-09 16:00:00,1.06,0.753262,0.405741
2025-02-09 17:00:00,2.7591340996168583,0.018943,0.0
2025-02-09 18:00:00,4.219134099616858,0.0,0.0
2025-02-09 19:00:00,1.82,0.0,0.0
2025-02-09 20:00:00,0.6900000000000001,0.0,0.0
2025-02-09 21:00:00,0.8300000000000001,0.0,0.0
2025-02-09 22:00:00,1.26,0.0,0.0
2025-02-09 23:00:00,1.6700000000000002,0.0,0.0
2025-02-10 00:00:00,1.8,0.0,0.0
2025-02-10 01:00:00,1.06,0.0,0.0
2025-02-10 02:00:00,1.37,0.0,0.0
2025-02-10 03:00:00,1.7,0.0,0.0
2025-02-10 04:00:00,1.21,0.0,0.0
2025-02-10 05:00:00,1.6,0.0,0.0
2025-02-10 06:00:00,1.59,0.0,0.0
2025-02-10 07:00:00,1.22,0.07305800000000001,0.0
2025-02-10 08:00:00,0.6699999999999999,0.982235,0.31223500000000004
2025-02-10 09:00:00,0.39,1.96895,1.891185
2025-02-10 10:00:00,0.39,2.666613,4.1677979999999994
2025-02-10 11:00:00,0.5006666666666667,3.0433440000000003,6.710475333333333
2025-02-10 12:00:00,0.5006666666666667,3.152935,9.362743666666667
2025-02-10 13:00:00,0.5006666666666667,2.9713049999999996,11.833382
2025-02-10 14:00:00,0.1,2.515187,13.5
2025-02-10 15:00:00,0.1,1.7416310000000002,13.5
2025-02-10 16:00:00,0.11,0.681219,13.5
2025-02-10 17:00:00,1.2591340996168583,0.027492000000000003,12.268357900383142
2025-02-10 18:00:00,3.2991340996168588,0.0,8.969223800766283
2025-02-10 19:00:00,1.96,0.0,7.009223800766283
2025-02-10 20:00:00,0.8,0.0,6.209223800766283
2025-02-10 21:00:00,1.05,0.0,5.159223800766283
2025-02-10 22:00:00,1.12,0.0,4.039223800766283
2025-02-10 23:00:00,0.9,0.0,3.1392238007662834
2025-02-11 00:00:00,1.79,0.0,1.3492238007662833
2025-02-11 01:00:00,0.98,0.0,0.36922380076628336
2025-02-11 02:00:00,1.61,0.0,0.0
2025-02-11 03:00:00,1.4,0.0,0.0
2025-02-11 04:00:00,1.63,0.0,0.0
2025-02-11 05:00:00,1.5299999999999998,0.0,0.0
2025-02-11 06:00:00,1.59,0.0,0.0
2025-02-11 07:00:00,1.4300000000000002,0.071086,0.0
2025-02-11 08:00:00,0.11,0.524821,0.414821
2025-02-11 09:00:00,0.09,1.737051,2.0618719999999997
2025-02-11 10:00:00,0.13,2.386029,4.317901
2025-02-11 11:00:00,0.6074285714285714,2.647654,6.3581264285714285
2025-02-11 12:00:00,0.2774285714285714,3.15894,9.239637857142856
2025-02-11 13:00:00,0.2674285714285714,2.522344,11.494553285714286
2025-02-11 14:00:00,0.54,1.9407059999999998,12.895259285714285
2025-02-11 15:00:00,0.1,1.50647,13.5
2025-02-11 16:00:00,1.4500000000000002,0.7756430000000001,12.825643
2025-02-11 17:00:00,2.275343185550082,0.036909,10.587208814449918
2025-02-11 18:00:00,2.855343185550082,0.0,7.731865628899836
2025-02-11 19:00:00,2.36,0.0,5.371865628899837
2025-02-11 20:00:00,0.7300000000000001,0.0,4.641865628899836
2025-02-11 21:00:00,1.4500000000000002,0.0,3.191865628899836
2025-02-11 22:00:00,0.8300000000000001,0.0,2.361865628899836
2025-02-11 23:00:00,1.39,0.0,0.9718656288998362
2025-02-12 00:00:00,1.28,0.0,0.0
2025-02-12 01:00:00,1.51,0.0,0.0
2025-02-12 02:00:00,1.5,0.0,0.0
2025-02-12 03:00:00,1.27,0.0,0.0
2025-02-12 04:00:00,1.46,0.0,0.0
2025-02-12 05:00:00,1.39,0.0,0.0
2025-02-12 06:00:00,1.86,0.0,0.0
2025-02-12 07:00:00,1.34,0.096317,0.0
2025-02-12 08:00:00,1.15,1.001964,0.0
2025-02-12 09:00:00,1.09,1.4531610000000001,0.36316100000000007
2025-02-12 10:00:00,2.8899999999999997,2.661239,0.13440000000000052
2025-02-12 11:00:00,3.4974285714285713,3.050425,0.0
2025-02-12 12:00:00,3.1674285714285713,3.1680520000000003,0.0006234285714290522
2025-02-12 13:00:00,3.0374285714285714,2.500183,0.0
2025-02-12 14:00:00,2.72,2.204167,0.0
2025-02-12 15:00:00,0.58,1.377139,0.7971389999999999
2025-02-12 16:00:00,1.15,0.5609550000000001,0.2080940000000001
2025-02-12 17:00:00,1.605343185550082,0.040308,0.0
2025-02-12 18:00:00,1.4453431855500822,0.0,0.0
2025-02-12 19:00:00,2.61,0.0,0.0
2025-02-12 20:00:00,2.4299999999999997,0.0,0.0
2025-02-12 21:00:00,2.4000000000000004,0.0,0.0
2025-02-12 22:00:00,2.52,0.0,0.0
2025-02-12 23:00:00,2.6,0.0,0.0
2025-02-13 00:00:00,2.35,0.0,0.0
2025-02-13 01:00:00,2.28,0.0,0.0
2025-02-13 02:00:00,1.91,0.0,0.0
2025-02-13 03:00:00,2.47,0.0,0.0
2025-02-13 04:00:00,1.95,0.0,0.0
2025-02-13 05:00:00,1.13,0.0,0.0
2025-02-13 06:00:00,1.42,0.0,0.0
2025-02-13 07:00:00,1.03,0.006625,0.0
2025-02-13 08:00:00,0.8400000000000001,0.13434000000000001,0.0
2025-02-13 09:00:00,0.64,0.143676,0.0
2025-02-13 10:00:00,0.67,0.50622,0.0
2025-02-13 11:00:00,1.5874285714285716,0.8039059999999999,0.0
2025-02-13 12:00:00,1.3274285714285714,1.038642,0.0
2025-02-13 13:00:00,0.5074285714285715,0.860456,0.35302742857142855
2025-02-13 14:00:00,1.57,0.5372910000000001,0.0
2025-02-13 15:00:00,0.7,0.23036500000000001,0.0
2025-02-13 16:00:00,0.49,0.206289,0.0
2025-02-13 17:00:00,1.7353431855500825,0.0,0.0
2025-02-13 18:00:00,2.485343185550082,0.0,0.0
2025-02-13 19:00:00,0.93,0.0,0.0
2025-02-13 20:00:00,0.64,0.0,0.0
2025-02-13 21:00:00,0.9,0.0,0.0
2025-02-13 22:00:00,0.81,0.0,0.0
2025-02-13 23:00:00,0.57,0.0,0.0
2025-02-14 00:00:00,0.93,0.0,0.0
2025-02-14 01:00:00,0.64,0.0,0.0
2025-02-14 02:00:00,0.95,0.0,0.0
2025-02-14 03:00:00,0.95,0.0,0.0
2025-02-14 04:00:00,1.0,0.0,0.0
2025-02-14 05:00:00,0.49,0.0,0.0
2025-02-14 06:00:00,1.46,0.0,0.0
2025-02-14 07:00:00,0.8,0.12433799999999999,0.0
2025-02-14 08:00:00,0.73,0.956446,0.22644600000000004
2025-02-14 09:00:00,0.16,1.853704,1.92015
2025-02-14 10:00:00,2.44,2.510859,1.991009
2025-02-14 11:00:00,2.607428571428571,2.864801,2.2483814285714288
2025-02-14 12:00:00,3.1874285714285713,2.981785,2.0427378571428574
2025-02-14 13:00:00,5.027428571428571,2.833071,0.0
2025-02-14 14:00:00,5.02,1.525664,0.0
2025-02-14 15:00:00,1.26,0.908134,0.0
2025-02-14 16:00:00,0.42,0.303349,0.0
2025-02-14 17:00:00,0.975343185550082,0.041838,0.0
2025-02-14 18:00:00,0.5853431855500821,0.0,0.0
2025-02-14 19:00:00,0.48,0.0,0.0
2025-02-14 20:00:00,0.16,0.0,0.0
2025-02-14 21:00:00,0.5,0.0,0.0
2025-02-14 22:00:00,0.43,0.0,0.0
2025-02-14 23:00:00,0.16,0.0,0.0
2025-02-15 00:00:00,0.5,0.0,0.0
2025-02-15 01:00:00,1.18,0.0,0.0
2025-02-15 02:00:00,0.86,0.0,0.0
2025-02-15 03:00:00,0.96,0.0,0.0
2025-02-15 04:00:00,1.39,0.0,0.0
2025-02-15 05:00:00,0.94,0.0,0.0
2025-02-15 06:00:00,0.93,0.0,0.0
2025-02-15 07:00:00,1.19,0.146707,0.0
2025-02-15 08:00:00,0.7300000000000001,0.178084,0.0
2025-02-15 09:00:00,0.47,0.9924,0.5224
2025-02-15 10:00:00,2.8,2.721237,0.44363700000000006
2025-02-15 11:00:00,2.5774285714285714,2.318696,0.18490442857142875
2025-02-15 12:00:00,2.5574285714285714,2.2239340000000003,0.0
2025-02-15 13:00:00,2.567428571428571,1.493223,0.0
2025-02-15 14:00:00,2.4,1.8620219999999998,0.0
2025-02-15 15:00:00,0.09,1.577887,1.487887
2025-02-15 16:00:00,0.1,0.849399,2.237286
2025-02-15 17:00:00,0.965343185550082,0.037838000000000004,1.3097808144499181
2025-02-15 18:00:00,0.5753431855500821,0.0,0.734437628899836
2025-02-15 19:00:00,0.54,0.0,0.19443762889983596
2025-02-15 20:00:00,0.11,0.0,0.08443762889983596
2025-02-15 21:00:00,0.53,0.0,0.0
2025-02-15 22:00:00,0.09,0.0,0.0
2025-02-15 23:00:00,0.7000000000000001,0.0,0.0
2025-02-16 00:00:00,1.09,0.0,0.0
2025-02-16 01:00:00,0.4,0.0,0.0
2025-02-16 02:00:00,1.16,0.0,0.0
2025-02-16 03:00:00,0.85,0.0,0.0
2025-02-16 04:00:00,1.04,0.0,0.0
2025-02-16 05:00:00,0.94,0.0,0.0
2025-02-16 06:00:00,0.94,0.0,0.0
2025-02-16 07:00:00,0.89,0.16337700000000002,0.0
2025-02-16 08:00:00,0.54,1.082106,0.542106
2025-02-16 09:00:00,0.48,1.4782339999999998,1.5403399999999998
2025-02-16 10:00:00,2.72,2.172654,0.9929939999999997
2025-02-16 11:00:00,2.867428571428571,2.2647890000000004,0.3903544285714291
2025-02-16 12:00:00,2.567428571428571,1.8334659999999998,0.0
2025-02-16 13:00:00,2.567428571428571,1.3176130000000001,0.0
2025-02-16 14:00:00,2.4,1.13451,0.0
2025-02-16 15:00:00,0.09,0.098888,0.008888000000000007
2025-02-16 16:00:00,0.1,0.418351,0.32723899999999995
2025-02-16 17:00:00,0.5753431855500821,0.0,0.0
2025-02-16 18:00:00,0.5853431855500821,0.0,0.0
2025-02-16 19:00:00,0.1,0.0,0.0
2025-02-16 20:00:00,0.54,0.0,0.0
2025-02-16 21:00:00,0.1,0.0,0.0
2025-02-16 22:00:00,0.1,0.0,0.0
2025-02-16 23:00:00,0.5,0.0,0.0
2025-02-17 00:00:00,0.1,0.0,0.0
2025-02-17 01:00:00,0.49,0.0,0.0
2025-02-17 02:00:00,0.3399999999999999,0.0,0.0
2025-02-17 03:00:00,0.71,0.0,0.0
2025-02-17 04:00:00,1.04,0.0,0.0
2025-02-17 05:00:00,0.5700000000000001,0.0,0.0
2025-02-17 06:00:00,0.7200000000000001,0.0,0.0
2025-02-17 07:00:00,0.8400000000000001,0.160392,0.0
2025-02-17 08:00:00,0.5399999999999999,1.095394,0.555394
2025-02-17 09:00:00,0.37,2.123694,2.309088
2025-02-17 10:00:00,0.43,2.884238,4.763325999999999
2025-02-17 11:00:00,0.2674285714285714,3.305946,7.801843428571428
2025-02-17 12:00:00,0.2574285714285714,1.803714,9.348128857142857
2025-02-17 13:00:00,0.2674285714285714,3.24459,12.325290285714285
2025-02-17 14:00:00,0.1,2.770634,13.5
2025-02-17 15:00:00,0.1,1.948198,13.5
2025-02-17 16:00:00,0.94,0.90424,13.46424
2025-02-17 17:00:00,1.225343185550082,0.048792,12.287688814449918
2025-02-17 18:00:00,2.405343185550082,0.0,9.882345628899836
2025-02-17 19:00:00,0.91,0.0,8.972345628899836
2025-02-17 20:00:00,0.6599999999999999,0.0,8.312345628899836
2025-02-17 21:00:00,1.34,0.0,6.972345628899836
2025-02-17 22:00:00,1.42,0.0,5.552345628899836
2025-02-17 23:00:00,1.11,0.0,4.442345628899836
2025-02-18 00:00:00,1.02,0.0,3.4223456288998357
2025-02-18 01:00:00,1.12,0.0,2.3023456288998356
2025-02-18 02:00:00,1.02,0.0,1.2823456288998356
2025-02-18 03:00:00,1.35,0.0,0.0
2025-02-18 04:00:00,0.94,0.0,0.0
2025-02-18 05:00:00,1.61,0.0,0.0
2025-02-18 06:00:00,1.13,0.0,0.0
2025-02-18 07:00:00,1.25,0.103318,0.0
2025-02-18 08:00:00,0.18,0.480196,0.300196
2025-02-18 09:00:00,0.14,0.8548920000000001,1.015088
2025-02-18 10:00:00,0.15,1.848569,2.713657
2025-02-18 11:00:00,0.4301826923076923,2.164636,4.448110307692307
2025-02-18 12:00:00,0.4501826923076923,2.302804,6.300731615384615
2025-02-18 13:00:00,0.4201826923076923,1.78833,7.668878923076923
2025-02-18 14:00:00,0.14,1.571199,9.100077923076922
2025-02-18 15:00:00,0.14,1.039373,9.999450923076923
2025-02-18 16:00:00,0.15,0.217228,10.066678923076923
2025-02-18 17:00:00,0.9438520114942528,0.003933,9.12675991158267
2025-02-18 18:00:00,0.9338520114942528,0.0,8.192907900088418
2025-02-18 19:00:00,0.11,0.0,8.082907900088419
2025-02-18 20:00:00,0.13,0.0,7.952907900088419
2025-02-18 21:00:00,0.45,0.0,7.5029079000884185
2025-02-18 22:00:00,0.5800000000000001,0.0,6.922907900088418
2025-02-18 23:00:00,0.76,0.0,6.162907900088419
2025-02-19 00:00:00,0.72,0.0,5.442907900088419
2025-02-19 01:00:00,0.78,0.0,4.662907900088419
2025-02-19 02:00:00,0.95,0.0,3.7129079000884184
2025-02-19 03:00:00,0.57,0.0,3.1429079000884186
2025-02-19 04:00:00,0.94,0.0,2.2029079000884186
2025-02-19 05:00:00,0.8,0.0,1.4029079000884186
2025-02-19 06:00:00,0.95,0.0,0.45290790008841864
2025-02-19 07:00:00,0.5900000000000001,0.0,0.0
2025-02-19 08:00:00,0.49,0.781081,0.29108100000000003
2025-02-19 09:00:00,0.66,0.971992,0.603073
2025-02-19 10:00:00,3.19,0.49517700000000003,0.0
2025-02-19 11:00:00,3.690182692307692,1.160315,0.0
2025-02-19 12:00:00,2.990182692307692,0.968851,0.0
2025-02-19 13:00:00,3.630182692307692,0.221186,0.0
2025-02-19 14:00:00,2.8899999999999997,0.291188,0.0
2025-02-19 15:00:00,0.69,0.413377,0.0
2025-02-19 16:00:00,0.15,0.0087,0.0
2025-02-19 17:00:00,0.9838520114942528,0.056965,0.0
2025-02-19 18:00:00,1.2938520114942529,0.0,0.0
2025-02-19 19:00:00,0.94,0.0,0.0
2025-02-19 20:00:00,0.27,0.0,0.0
2025-02-19 21:00:00,1.08,0.0,0.0
2025-02-19 22:00:00,0.62,0.0,0.0
2025-02-19 23:00:00,0.15,0.0,0.0
2025-02-20 00:00:00,0.98,0.0,0.0
2025-02-20 01:00:00,0.49,0.0,0.0
2025-02-20 02:00:00,1.24,0.0,0.0
2025-02-20 03:00:00,0.65,0.0,0.0
2025-02-20 04:00:00,1.01,0.0,0.0
2025-02-20 05:00:00,0.95,0.0,0.0
2025-02-20 06:00:00,1.1,0.0,0.0
2025-02-20 07:00:00,1.08,0.10451300000000001,0.0
2025-02-20 08:00:00,0.21,0.17150100000000001,0.0
2025-02-20 09:00:00,0.1,2.125977,2.0259769999999997
2025-02-20 10:00:00,0.1399999999999999,1.713364,3.599341
2025-02-20 11:00:00,0.4101826923076923,1.308478,4.497636307692307
2025-02-20 12:00:00,0.5301826923076923,2.4226129999999997,6.390066615384614
2025-02-20 13:00:00,0.4201826923076923,1.821722,7.791605923076922
2025-02-20 14:00:00,0.24,2.62674,10.178345923076922
2025-02-20 15:00:00,0.11,1.882315,11.95066092307692
2025-02-20 16:00:00,0.19,0.913384,12.67404492307692
2025-02-20 17:00:00,1.0338520114942529,0.066689,11.706881911582666
2025-02-20 18:00:00,3.283852011494253,0.0,8.423029900088412
2025-02-20 19:00:00,1.19,0.0,7.233029900088413
2025-02-20 20:00:00,0.3,0.0,6.933029900088413
2025-02-20 21:00:00,0.31,0.0,6.623029900088413
2025-02-20 22:00:00,0.64,0.0,5.983029900088414
2025-02-20 23:00:00,0.79,0.0,5.193029900088414
2025-02-21 00:00:00,0.15,0.0,5.043029900088413
2025-02-21 01:00:00,0.52,0.0,4.523029900088414
2025-02-21 02:00:00,0.84,0.0,3.683029900088414
2025-02-21 03:00:00,0.95,0.0,2.7330299000884137
2025-02-21 04:00:00,1.1,0.0,1.6330299000884136
2025-02-21 05:00:00,1.0,0.0,0.6330299000884136
2025-02-21 06:00:00,0.6400000000000001,0.0,0.0
2025-02-21 07:00:00,0.95,0.07370099999999999,0.0
2025-02-21 08:00:00,0.5800000000000001,0.7018,0.12179999999999991
2025-02-21 09:00:00,0.29,1.487455,1.3192549999999998
2025-02-21 10:00:00,2.54,2.764049,1.5433039999999998
2025-02-21 11:00:00,2.840182692307692,2.787921,1.4910423076923076
2025-02-21 12:00:00,2.880182692307692,3.206104,1.8169636153846154
2025-02-21 13:00:00,2.840182692307692,2.6083429999999996,1.585123923076923
2025-02-21 14:00:00,2.5599999999999996,2.653278,1.6784019230769232
2025-02-21 15:00:00,0.3,1.928843,3.307244923076923
2025-02-21 16:00:00,0.2299999999999999,0.956101,4.033345923076923
2025-02-21 17:00:00,1.053852011494253,0.077466,3.05695991158267
2025-02-21 18:00:00,1.053852011494253,0.0,2.003107900088417
2025-02-21 19:00:00,0.2299999999999999,0.0,1.7731079000884171
2025-02-21 20:00:00,1.76,0.0,0.013107900088417113
2025-02-21 21:00:00,1.37,0.0,0.0
2025-02-21 22:00:00,0.24,0.0,0.0
2025-02-21 23:00:00,0.22,0.0,0.0
2025-02-22 00:00:00,0.21,0.0,0.0
2025-02-22 01:00:00,0.5700000000000001,0.0,0.0
2025-02-22 02:00:00,0.96,0.0,0.0
2025-02-22 03:00:00,0.96,0.0,0.0
2025-02-22 04:00:00,0.8999999999999999,0.0,0.0
2025-02-22 05:00:00,1.05,0.0,0.0
2025-02-22 06:00:00,1.21,0.0,0.0
2025-02-22 07:00:00,0.78,0.120265,0.0
2025-02-22 08:00:00,0.44,0.705035,0.26503499999999997
2025-02-22 09:00:00,0.21,2.0305779999999998,2.085613
2025-02-22 10:00:00,2.52,2.649417,2.21503
2025-02-22 11:00:00,2.62756993006993,2.8068180000000003,2.3942780699300705
2025-02-22 12:00:00,2.61756993006993,2.810429,2.5871371398601406
2025-02-22 13:00:00,2.61756993006993,2.763198,2.7327652097902106
2025-02-22 14:00:00,2.54,2.3517330000000003,2.544498209790211
2025-02-22 15:00:00,0.24,1.178328,3.482826209790211
2025-02-22 16:00:00,0.35,0.47230700000000003,3.6051332097902113
2025-02-22 17:00:00,0.5753996865203762,0.025042000000000002,3.0547755232698353
2025-02-22 18:00:00,0.5853996865203762,0.0,2.469375836749459
2025-02-22 19:00:00,0.32,0.0,2.149375836749459
2025-02-22 20:00:00,0.11,0.0,2.039375836749459
2025-02-22 21:00:00,0.19,0.0,1.8493758367494593
2025-02-22 22:00:00,0.18,0.0,1.6693758367494593
2025-02-22 23:00:00,0.11,0.0,1.5593758367494592
2025-02-23 00:00:00,0.11,0.0,1.4493758367494591
2025-02-23 01:00:00,0.1,0.0,1.349375836749459
2025-02-23 02:00:00,0.49,0.0,0.859375836749459
2025-02-23 03:00:00,0.85,0.0,0.009375836749459077
2025-02-23 04:00:00,0.78,0.0,0.0
2025-02-23 05:00:00,0.74,0.0,0.0
2025-02-23 06:00:00,0.95,0.0,0.0
2025-02-23 07:00:00,0.38,0.28531599999999996,0.0
2025-02-23 08:00:00,0.47,1.294988,0.824988
2025-02-23 09:00:00,0.54,0.5288160000000001,0.8138040000000001
2025-02-23 10:00:00,2.4,2.9952010000000002,1.4090050000000005
2025-02-23 11:00:00,2.49756993006993,3.400373,2.3118080699300707
2025-02-23 12:00:00,2.49756993006993,2.452424,2.266662139860141
2025-02-23 13:00:00,2.5075699300699297,2.585787,2.344879209790211
2025-02-23 14:00:00,2.4,2.1618589999999998,2.106738209790211
2025-02-23 15:00:00,0.23,1.503148,3.379886209790211
2025-02-23 16:00:00,0.27,1.02162,4.131506209790211
2025-02-23 17:00:00,0.4253996865203762,0.116493,3.822599523269835
2025-02-23 18:00:00,0.4453996865203762,0.0,3.3771998367494587
2025-02-23 19:00:00,0.15,0.0,3.2271998367494588
2025-02-23 20:00:00,0.16,0.0,3.0671998367494586
2025-02-23 21:00:00,0.19,0.0,2.8771998367494587
2025-02-23 22:00:00,0.13,0.0,2.747199836749459
2025-02-23 23:00:00,0.46,0.0,2.287199836749459
2025-02-24 00:00:00,0.8899999999999999,0.0,1.397199836749459
2025-02-24 01:00:00,0.57,0.0,0.827199836749459
2025-02-24 02:00:00,0.41,0.0,0.417199836749459
2025-02-24 03:00:00,0.95,0.0,0.0
2025-02-24 04:00:00,0.5800000000000001,0.0,0.0
2025-02-24 05:00:00,0.5700000000000001,0.0,0.0
2025-02-24 06:00:00,0.5700000000000001,0.0,0.0
2025-02-24 07:00:00,0.8200000000000001,0.30482400000000004,0.0
2025-02-24 08:00:00,0.37,1.340095,0.970095
2025-02-24 09:00:00,0.47,2.338585,2.83868
2025-02-24 10:00:00,0.19,3.015282,5.663962
2025-02-24 11:00:00,0.2275699300699301,3.38977,8.82616206993007
2025-02-24 12:00:00,0.20756993006993,3.51468,12.133272139860141
2025-02-24 13:00:00,0.20756993006993,3.333511,13.5
2025-02-24 14:00:00,0.1,2.881813,13.5
2025-02-24 15:00:00,0.11,2.1154450000000002,13.5
2025-02-24 16:00:00,0.13,1.072276,13.5
2025-02-24 17:00:00,0.4553996865203762,0.128518,13.173118313479623
2025-02-24 18:00:00,0.4853996865203762,0.0,12.687718626959247
2025-02-24 19:00:00,0.27,0.0,12.417718626959248
2025-02-24 20:00:00,0.18,0.0,12.237718626959248
2025-02-24 21:00:00,0.15,0.0,12.087718626959248
2025-02-24 22:00:00,0.1699999999999999,0.0,11.917718626959248
2025-02-24 23:00:00,0.18,0.0,11.737718626959248
2025-02-25 00:00:00,0.54,0.0,11.197718626959247
2025-02-25 01:00:00,0.48,0.0,10.717718626959247
2025-02-25 02:00:00,0.8,0.0,9.917718626959246
2025-02-25 03:00:00,0.94,0.0,8.977718626959247
2025-02-25 04:00:00,0.5700000000000001,0.0,8.407718626959246
2025-02-25 05:00:00,0.89,0.0,7.517718626959247
2025-02-25 06:00:00,0.99,0.0,6.527718626959246
2025-02-25 07:00:00,0.58,0.32358,6.271298626959246
2025-02-25 08:00:00,0.11,1.375954,7.537252626959246
2025-02-25 09:00:00,0.1,2.383337,9.820589626959245
2025-02-25 10:00:00,0.1,3.0361,12.756689626959245
2025-02-25 11:00:00,0.20756993006993,3.394152,13.5
2025-02-25 12:00:00,0.20756993006993,3.489082,13.5
2025-02-25 13:00:00,0.21756993006993,3.3076260000000004,13.5
2025-02-25 14:00:00,0.1,2.87291,13.5
2025-02-25 15:00:00,0.1,2.118328,13.5
2025-02-25 16:00:00,0.1,1.0912190000000002,13.5
2025-02-25 17:00:00,0.4153996865203762,0.140185,13.224785313479623
2025-02-25 18:00:00,2.2753996865203763,0.0,10.949385626959247
2025-02-25 19:00:00,0.91,0.0,10.039385626959247
2025-02-25 20:00:00,0.19,0.0,9.849385626959247
2025-02-25 21:00:00,0.36,0.0,9.489385626959248
2025-02-25 22:00:00,0.45,0.0,9.039385626959248
2025-02-25 23:00:00,0.2,0.0,8.839385626959249
2025-02-26 00:00:00,0.11,0.0,8.72938562695925
2025-02-26 01:00:00,0.53,0.0,8.19938562695925
2025-02-26 02:00:00,0.64,0.0,7.5593856269592505
2025-02-26 03:00:00,0.86,0.0,6.69938562695925
2025-02-26 04:00:00,1.85,0.0,4.849385626959251
2025-02-26 05:00:00,1.03,0.0,3.8193856269592503
2025-02-26 06:00:00,0.8500000000000001,0.0,2.9693856269592502
2025-02-26 07:00:00,0.24,0.342524,3.07190962695925
2025-02-26 08:00:00,0.18,1.396386,4.2882956269592505
2025-02-26 09:00:00,0.13,2.4106970000000003,6.5689926269592505
2025-02-26 10:00:00,2.44,3.0550900000000003,7.184082626959251
2025-02-26 11:00:00,2.55756993006993,3.419466,8.045978696889321
2025-02-26 12:00:00,2.61756993006993,3.008714,8.43712276681939
2025-02-26 13:00:00,2.51756993006993,2.698504,8.61805683674946
2025-02-26 14:00:00,2.4099999999999997,2.3070999999999997,8.51515683674946
2025-02-26 15:00:00,0.12,1.59256,9.98771683674946
2025-02-26 16:00:00,0.22,0.795282,10.56299883674946
2025-02-26 17:00:00,0.4653996865203762,0.10775499999999999,10.205354150229082
2025-02-26 18:00:00,0.4353996865203762,0.0,9.769954463708705
2025-02-26 19:00:00,0.13,0.0,9.639954463708705
2025-02-26 20:00:00,0.1699999999999999,0.0,9.469954463708705
2025-02-26 21:00:00,0.15,0.0,9.319954463708704
2025-02-26 22:00:00,0.17,0.0,9.149954463708704
2025-02-26 23:00:00,0.12,0.0,9.029954463708705
2025-02-27 00:00:00,0.1,0.0,8.929954463708706
2025-02-27 01:00:00,0.11,0.0,8.819954463708706
2025-02-27 02:00:00,0.1,0.0,8.719954463708707
2025-02-27 03:00:00,0.11,0.0,8.609954463708707
2025-02-27 04:00:00,0.48,0.0,8.129954463708707
2025-02-27 05:00:00,0.51,0.0,7.619954463708707
2025-02-27 06:00:00,0.92,0.0,6.699954463708707
2025-02-27 07:00:00,0.4,0.17649,6.476444463708707
2025-02-27 08:00:00,0.2,1.29247,7.5689144637087065
2025-02-27 09:00:00,0.33,2.010881,9.249795463708706
2025-02-27 10:00:00,0.4599999999999999,2.736411,11.526206463708705
2025-02-27 11:00:00,0.5075699300699301,3.395681,13.5
2025-02-27 12:00:00,0.32756993006993,3.494525,13.5
2025-02-27 13:00:00,0.2975699300699301,2.7459890000000002,13.5
2025-02-27 14:00:00,0.17,2.3406759999999998,13.5
2025-02-27 15:00:00,0.16,1.693355,13.5
2025-02-27 16:00:00,0.15,0.739951,13.5
2025-02-27 17:00:00,0.5653996865203762,0.10696699999999999,13.041567313479623
2025-02-27 18:00:00,0.4553996865203762,0.0,12.586167626959247
2025-02-27 19:00:00,0.14,0.0,12.446167626959246
2025-02-27 20:00:00,0.17,0.0,12.276167626959246
2025-02-27 21:00:00,0.21,0.0,12.066167626959245
2025-02-27 22:00:00,0.12,0.0,11.946167626959246
2025-02-27 23:00:00,0.1,0.0,11.846167626959247
2025-02-28 00:00:00,0.09,0.0,11.756167626959247
2025-02-28 01:00:00,0.1,0.0,11.656167626959247
2025-02-28 02:00:00,0.09,0.0,11.566167626959247
2025-02-28 03:00:00,0.11,0.0,11.456167626959248
2025-02-28 04:00:00,0.1,0.0,11.356167626959248
2025-02-28 05:00:00,0.1,0.0,11.256167626959249
2025-02-28 06:00:00,0.09,0.0,11.166167626959249
2025-02-28 07:00:00,0.62,0.393714,10.939881626959249
2025-02-28 08:00:00,0.6900000000000001,1.468358,11.71823962695925
2025-02-28 09:00:00,0.74,2.440096,13.41833562695925
2025-02-28 10:00:00,2.9299999999999997,3.0828409999999997,13.5
2025-02-28 11:00:00,2.70756993006993,3.445139,13.5
2025-02-28 12:00:00,2.66756993006993,3.54413,13.5
2025-02-28 13:00:00,2.66756993006993,3.392255,13.5
2025-02-28 14:00:00,2.74,2.9558560000000003,13.5
2025-02-28 15:00:00,0.27,2.2067759999999996,13.5
2025-02-28 16:00:00,0.22,1.18959,13.5
2025-02-28 17:00:00,0.5353996865203762,0.186264,13.150864313479623
2025-02-28 18:00:00,0.5253996865203762,0.0,12.625464626959246
2025-02-28 19:00:00,0.22,0.0,12.405464626959246
2025-02-28 20:00:00,0.2299999999999999,0.0,12.175464626959245
2025-02-28 21:00:00,0.16,0.0,12.015464626959245
2025-02-28 22:00:00,0.23,0.0,11.785464626959245
2025-02-28 23:00:00,0.12,0.0,11.665464626959245
2025-03-01 00:00:00,0.11,0.0,11.555464626959246
2025-03-01 01:00:00,0.1,0.0,11.455464626959246
2025-03-01 02:00:00,0.09,0.0,11.365464626959247
2025-03-01 03:00:00,0.53,0.0,10.835464626959247
2025-03-01 04:00:00,0.71,0.0,10.125464626959246
2025-03-01 05:00:00,0.48,0.0,9.645464626959246
2025-03-01 06:00:00,0.8,0.0,8.845464626959245
2025-03-01 07:00:00,0.8500000000000001,0.013305999999999998,8.008770626959246
2025-03-01 08:00:00,0.87,0.290087,7.428857626959245
2025-03-01 09:00:00,0.6699999999999999,0.939624,7.6984816269592455
2025-03-01 10:00:00,2.72,2.3923490000000003,7.370830626959245
2025-03-01 11:00:00,2.78756993006993,2.2303580000000003,6.813618696889316
2025-03-01 12:00:00,2.8575699300699298,1.896924,5.852972766819386
2025-03-01 13:00:00,2.70756993006993,3.384247,6.529649836749456
2025-03-01 14:00:00,3.1999999999999997,2.374619,5.704268836749456
2025-03-01 15:00:00,0.7999999999999999,2.180125,7.084393836749456
2025-03-01 16:00:00,0.66,1.119439,7.543832836749456
2025-03-01 17:00:00,2.425399686520376,0.201186,5.319619150229079
2025-03-01 18:00:00,2.655399686520376,0.0,2.664219463708703
2025-03-01 19:00:00,0.25,0.0,2.414219463708703
2025-03-01 20:00:00,0.29,0.0,2.124219463708703
2025-03-01 21:00:00,0.72,0.0,1.404219463708703
2025-03-01 22:00:00,0.12,0.0,1.2842194637087032
2025-03-01 23:00:00,0.54,0.0,0.7442194637087032
2025-03-02 00:00:00,0.49,0.0,0.2542194637087032
2025-03-02 01:00:00,0.67,0.0,0.0
2025-03-02 02:00:00,0.94,0.0,0.0
2025-03-02 03:00:00,0.56,0.0,0.0
2025-03-02 04:00:00,1.02,0.0,0.0
2025-03-02 05:00:00,0.82,0.0,0.0
2025-03-02 06:00:00,0.87,0.0,0.0
2025-03-02 07:00:00,1.24,0.43268900000000005,0.0
2025-03-02 08:00:00,0.56,1.514704,0.954704
2025-03-02 09:00:00,0.11,2.514144,3.358848
2025-03-02 10:00:00,2.4,3.177424,4.136272
2025-03-02 11:00:00,2.52756993006993,3.565196,5.17389806993007
2025-03-02 12:00:00,2.65756993006993,3.653862,6.17019013986014
2025-03-02 13:00:00,2.51756993006993,3.45778,7.11040020979021
2025-03-02 14:00:00,2.84,3.0054589999999997,7.275859209790211
2025-03-02 15:00:00,0.65,2.246841,8.87270020979021
2025-03-02 16:00:00,0.18,1.1966590000000001,9.88935920979021
2025-03-02 17:00:00,0.4653996865203762,0.208451,9.632410523269835
2025-03-02 18:00:00,0.4453996865203762,0.0,9.187010836749458
2025-03-02 19:00:00,0.7500000000000001,0.0,8.437010836749458
2025-03-02 20:00:00,0.15,0.0,8.287010836749458
2025-03-02 21:00:00,0.83,0.0,7.457010836749458
2025-03-02 22:00:00,1.06,0.0,6.397010836749457
2025-03-02 23:00:00,0.8699999999999999,0.0,5.527010836749457
2025-03-03 00:00:00,0.99,0.0,4.537010836749457
2025-03-03 01:00:00,1.19,0.0,3.347010836749457
2025-03-03 02:00:00,1.08,0.0,2.267010836749457
2025-03-03 03:00:00,1.44,0.0,0.8270108367494569
2025-03-03 04:00:00,1.01,0.0,0.0
2025-03-03 05:00:00,1.35,0.0,0.0
2025-03-03 06:00:00,1.28,0.0,0.0
2025-03-03 07:00:00,0.44,0.4603,0.020299999999999985
2025-03-03 08:00:00,0.54,1.553845,1.0341449999999999
2025-03-03 09:00:00,0.15,2.548639,3.432784
2025-03-03 10:00:00,0.44,3.178883,6.171666999999999
2025-03-03 11:00:00,0.2375699300699301,3.51706,9.451157069930069
2025-03-03 12:00:00,0.32756993006993,3.0724839999999998,12.19607113986014
2025-03-03 13:00:00,0.2975699300699301,3.353616,13.5
2025-03-03 14:00:00,0.15,2.9071550000000004,13.5
2025-03-03 15:00:00,0.15,2.122598,13.5
2025-03-03 16:00:00,0.11,1.148445,13.5
2025-03-03 17:00:00,0.4153996865203762,0.156664,13.241264313479624
2025-03-03 18:00:00,0.4053996865203761,0.0,12.835864626959248
2025-03-03 19:00:00,0.11,0.0,12.725864626959249
2025-03-03 20:00:00,0.14,0.0,12.585864626959248
2025-03-03 21:00:00,0.25,0.0,12.335864626959248
2025-03-03 22:00:00,0.47,0.0,11.865864626959247
2025-03-03 23:00:00,0.93,0.0,10.935864626959248
2025-03-04 00:00:00,0.55,0.0,10.385864626959247
2025-03-04 01:00:00,1.09,0.0,9.295864626959247
2025-03-04 02:00:00,1.04,0.0,8.255864626959248
2025-03-04 03:00:00,0.56,0.0,7.6958646269592474
2025-03-04 04:00:00,1.19,0.0,6.505864626959248
2025-03-04 05:00:00,0.55,0.0,5.955864626959248
2025-03-04 06:00:00,0.95,0.0,5.005864626959248
2025-03-04 07:00:00,1.2399999999999998,0.402429,4.168293626959248
2025-03-04 08:00:00,0.56,1.104905,4.713198626959248
2025-03-04 09:00:00,0.47,2.054873,6.298071626959248
2025-03-04 10:00:00,0.76,2.6358110000000003,8.173882626959248
2025-03-04 11:00:00,0.3075699300699301,2.6465430000000003,10.512855696889318
2025-03-04 12:00:00,0.4675699300699301,3.052614,13.097899766819388
2025-03-04 13:00:00,0.20756993006993,2.731255,13.5
2025-03-04 14:00:00,0.09,2.531002,13.5
2025-03-04 15:00:00,0.1,1.476608,13.5
2025-03-04 16:00:00,0.09,1.060653,13.5
2025-03-04 17:00:00,1.6953996865203762,0.20959999999999998,12.014200313479623
2025-03-04 18:00:00,0.9353996865203762,0.0,11.078800626959247
2025-03-04 19:00:00,0.24,0.0,10.838800626959246
2025-03-04 20:00:00,0.14,0.0,10.698800626959246
2025-03-04 21:00:00,0.5599999999999999,0.0,10.138800626959245
2025-03-04 22:00:00,0.51,0.0,9.628800626959245
2025-03-04 23:00:00,0.56,0.0,9.068800626959245
2025-03-05 00:00:00,0.8699999999999999,0.0,8.198800626959246
2025-03-05 01:00:00,0.42,0.0,7.778800626959246
2025-03-05 02:00:00,1.04,0.0,6.738800626959246
2025-03-05 03:00:00,0.71,0.0,6.028800626959246
2025-03-05 04:00:00,0.5,0.0,5.528800626959246
2025-03-05 05:00:00,0.78,0.0,4.7488006269592455
2025-03-05 06:00:00,0.56,0.0,4.188800626959246
2025-03-05 07:00:00,1.0,0.333589,3.522389626959246
2025-03-05 08:00:00,0.59,1.085867,4.0182566269592455
2025-03-05 09:00:00,0.6,1.8648399999999998,5.283096626959246
2025-03-05 10:00:00,3.0599999999999996,2.435679,4.658775626959246
2025-03-05 11:00:00,2.9849461538461535,3.469436,5.143265473113092
2025-03-05 12:00:00,2.5449461538461535,3.527985,6.126304319266939
2025-03-05 13:00:00,2.5649461538461535,3.329543,6.890901165420786
2025-03-05 14:00:00,2.84,2.920997,6.971898165420786
2025-03-05 15:00:00,0.28,1.875859,8.567757165420787
2025-03-05 16:00:00,0.13,1.108504,9.546261165420786
2025-03-05 17:00:00,0.4263413793103449,0.242897,9.362816786110441
2025-03-05 18:00:00,1.156341379310345,0.0,8.206475406800097
2025-03-05 19:00:00,0.48,0.0,7.7264754068000965
2025-03-05 20:00:00,1.03,0.0,6.696475406800096
2025-03-05 21:00:00,0.8,0.0,5.896475406800096
2025-03-05 22:00:00,1.31,0.0,4.586475406800096
2025-03-05 23:00:00,0.9,0.0,3.686475406800096
2025-03-06 00:00:00,1.1,0.0,2.586475406800096
2025-03-06 01:00:00,0.93,0.0,1.6564754068000958
2025-03-06 02:00:00,1.01,0.0,0.6464754068000957
2025-03-06 03:00:00,1.05,0.0,0.0
2025-03-06 04:00:00,1.63,0.0,0.0
2025-03-06 05:00:00,0.97,0.0,0.0
2025-03-06 06:00:00,1.09,0.0,0.0
2025-03-06 07:00:00,0.86,0.520141,0.0
2025-03-06 08:00:00,0.39,1.582822,1.192822
2025-03-06 09:00:00,0.1,1.9497090000000001,3.0425310000000003
2025-03-06 10:00:00,0.39,3.039562,5.692093
2025-03-06 11:00:00,0.5049461538461539,3.409679,8.596825846153846
2025-03-06 12:00:00,0.2149461538461538,3.5338339999999997,11.915713692307692
2025-03-06 13:00:00,0.2049461538461538,1.932428,13.5
2025-03-06 14:00:00,0.1,2.32182,13.5
2025-03-06 15:00:00,0.1,1.00924,13.5
2025-03-06 16:00:00,0.1,0.686159,13.5
2025-03-06 17:00:00,0.4263413793103449,0.143642,13.217300620689656
2025-03-06 18:00:00,0.4863413793103448,0.0,12.730959241379312
2025-03-06 19:00:00,0.14,0.0,12.590959241379311
2025-03-06 20:00:00,0.16,0.0,12.43095924137931
2025-03-06 21:00:00,0.14,0.0,12.29095924137931
2025-03-06 22:00:00,0.87,0.0,11.420959241379311
2025-03-06 23:00:00,0.8500000000000001,0.0,10.570959241379311
2025-03-07 00:00:00,1.01,0.0,9.560959241379312
2025-03-07 01:00:00,0.93,0.0,8.630959241379312
2025-03-07 02:00:00,1.06,0.0,7.570959241379311
2025-03-07 03:00:00,1.12,0.0,6.450959241379311
2025-03-07 04:00:00,1.0,0.0,5.450959241379311
2025-03-07 05:00:00,0.97,0.0,4.480959241379312
2025-03-07 06:00:00,1.4300000000000002,0.0,3.0509592413793114
2025-03-07 07:00:00,0.5,0.479163,3.0301222413793116
2025-03-07 08:00:00,0.49,1.0204600000000001,3.560582241379312
2025-03-07 09:00:00,0.1,2.0972869999999997,5.557869241379311
2025-03-07 10:00:00,2.4,1.54339,4.7012592413793115
2025-03-07 11:00:00,2.5049461538461535,2.671932,4.8682450875331575
2025-03-07 12:00:00,2.5249461538461535,3.660548,6.003846933687004
2025-03-07 13:00:00,2.5149461538461537,3.481621,6.970521779840851
2025-03-07 14:00:00,2.4099999999999997,3.007606,7.568127779840852
2025-03-07 15:00:00,0.1,0.440329,7.908456779840852
2025-03-07 16:00:00,0.1,0.31131200000000003,8.119768779840852
2025-03-07 17:00:00,0.4263413793103449,0.19934000000000002,7.8927674005305075
2025-03-07 18:00:00,0.4363413793103448,0.0,7.456426021220163
2025-03-07 19:00:00,0.11,0.0,7.346426021220163
2025-03-07 20:00:00,0.26,0.0,7.086426021220163
2025-03-07 21:00:00,0.29,0.0,6.796426021220163
2025-03-07 22:00:00,0.25,0.0,6.546426021220163
2025-03-07 23:00:00,0.8300000000000001,0.0,5.716426021220163
2025-03-08 00:00:00,0.55,0.0,5.166426021220163
2025-03-08 01:00:00,1.0,0.0,4.166426021220163
2025-03-08 02:00:00,1.02,0.0,3.146426021220163
2025-03-08 03:00:00,0.55,0.0,2.5964260212201626
2025-03-08 04:00:00,0.86,0.0,1.7364260212201628
2025-03-08 05:00:00,1.03,0.0,0.7064260212201627
2025-03-08 06:00:00,1.16,0.0,0.0
2025-03-08 07:00:00,1.05,0.389418,0.0
2025-03-08 08:00:00,0.6,1.683512,1.0835119999999998
2025-03-08 09:00:00,0.49,2.675257,3.268769
2025-03-08 10:00:00,2.88,3.3237289999999997,3.7124979999999996
2025-03-08 11:00:00,2.7849461538461537,3.69277,4.620321846153846
2025-03-08 12:00:00,2.5149461538461537,3.792612,5.897987692307693
2025-03-08 13:00:00,2.6449461538461536,3.567556,6.82059753846154
2025-03-08 14:00:00,2.84,2.7517840000000002,6.73238153846154
2025-03-08 15:00:00,0.2299999999999999,1.97006,8.47244153846154
2025-03-08 16:00:00,0.23,1.200642,9.44308353846154
2025-03-08 17:00:00,0.5563413793103449,0.16745,9.054192159151196
2025-03-08 18:00:00,0.5463413793103449,0.0,8.507850779840851
2025-03-08 19:00:00,0.2299999999999999,0.0,8.27785077984085
2025-03-08 20:00:00,0.2,0.0,8.077850779840851
2025-03-08 21:00:00,0.14,0.0,7.9378507798408515
2025-03-08 22:00:00,0.12,0.0,7.817850779840851
2025-03-08 23:00:00,0.52,0.0,7.297850779840852
2025-03-09 00:00:00,1.0,0.0,6.297850779840852
2025-03-09 01:00:00,0.87,0.0,5.427850779840852
2025-03-09 02:00:00,0.13,0.0,5.297850779840852
2025-03-09 03:00:00,0.8,0.0,4.497850779840852
2025-03-09 04:00:00,1.52,0.0,2.977850779840852
2025-03-09 05:00:00,0.94,0.0,2.037850779840852
2025-03-09 06:00:00,0.85,0.0,1.187850779840852
2025-03-09 07:00:00,0.94,0.326517,0.574367779840852
2025-03-09 08:00:00,0.48,0.757385,0.851752779840852
2025-03-09 09:00:00,0.66,2.052913,2.244665779840852
2025-03-09 10:00:00,2.4299999999999997,2.4322269999999997,2.246892779840852
2025-03-09 11:00:00,2.5149461538461537,3.376656,3.108602625994698
2025-03-09 12:00:00,2.5149461538461537,3.281737,3.8753934721485446
2025-03-09 13:00:00,2.5049461538461535,2.9833510000000003,4.353798318302392
2025-03-09 14:00:00,2.4,2.719552,4.673350318302392
2025-03-09 15:00:00,0.1,1.972181,6.545531318302391
2025-03-09 16:00:00,0.12,1.2754349999999999,7.700966318302391
2025-03-09 17:00:00,0.4363413793103448,0.28798,7.552604938992046
2025-03-09 18:00:00,0.4363413793103448,0.0,7.116263559681702
2025-03-09 19:00:00,0.1699999999999999,0.0,6.946263559681702
2025-03-09 20:00:00,0.24,0.0,6.706263559681702
2025-03-09 21:00:00,0.15,0.0,6.556263559681701
2025-03-09 22:00:00,0.24,0.0,6.316263559681701
2025-03-09 23:00:00,0.53,0.0,5.786263559681701
2025-03-10 00:00:00,0.56,0.0,5.226263559681701
2025-03-10 01:00:00,1.25,0.0,3.9762635596817013
2025-03-10 02:00:00,0.88,0.0,3.0962635596817014
2025-03-10 03:00:00,0.8600000000000001,0.0,2.236263559681701
2025-03-10 04:00:00,0.95,0.0,1.2862635596817011
2025-03-10 05:00:00,1.0,0.0,0.28626355968170114
2025-03-10 06:00:00,1.51,0.0,0.0
2025-03-10 07:00:00,1.08,0.6081040000000001,0.0
2025-03-10 08:00:00,0.94,1.6878520000000001,0.7478520000000002
2025-03-10 09:00:00,0.51,2.6069430000000002,2.8447950000000004
2025-03-10 10:00:00,0.74,3.2214050000000003,5.326200000000001
2025-03-10 11:00:00,0.2549461538461539,2.995557,8.066810846153846
2025-03-10 12:00:00,0.3549461538461538,3.6648519999999998,11.376716692307692
2025-03-10 13:00:00,0.2549461538461539,2.9627350000000003,13.5
2025-03-10 14:00:00,0.09,2.382715,13.5
2025-03-10 15:00:00,0.1,1.6905270000000001,13.5
2025-03-10 16:00:00,0.1,1.296492,13.5
2025-03-10 17:00:00,0.4263413793103449,0.29949200000000004,13.373150620689655
2025-03-10 18:00:00,2.6563413793103448,0.0,10.71680924137931
2025-03-10 19:00:00,1.43,0.0,9.286809241379311
2025-03-10 20:00:00,0.29,0.0,8.996809241379312
2025-03-10 21:00:00,0.14,0.0,8.856809241379311
2025-03-10 22:00:00,0.12,0.0,8.736809241379312
2025-03-10 23:00:00,0.09,0.0,8.646809241379312
2025-03-11 00:00:00,0.74,0.0,7.906809241379312
2025-03-11 01:00:00,0.64,0.0,7.266809241379312
2025-03-11 02:00:00,0.94,0.0,6.326809241379312
2025-03-11 03:00:00,0.93,0.0,5.396809241379312
2025-03-11 04:00:00,1.16,0.0,4.236809241379312
2025-03-11 05:00:00,1.18,0.0,3.0568092413793124
2025-03-11 06:00:00,0.95,0.0,2.1068092413793122
2025-03-11 07:00:00,1.04,0.421365,1.4881742413793122
2025-03-11 08:00:00,0.53,1.434494,2.392668241379312
2025-03-11 09:00:00,0.15,2.07377,4.316438241379313
2025-03-11 10:00:00,0.37,2.7393,6.685738241379313
2025-03-11 11:00:00,0.2449461538461538,3.655338,10.096130087533158
2025-03-11 12:00:00,0.2949461538461538,3.7290949999999996,13.5
2025-03-11 13:00:00,0.3149461538461539,3.551371,13.5
2025-03-11 14:00:00,0.17,3.0843499999999997,13.5
2025-03-11 15:00:00,0.15,2.386714,13.5
2025-03-11 16:00:00,0.14,1.3574110000000001,13.5
2025-03-11 17:00:00,0.4863413793103448,0.320838,13.334496620689656
2025-03-11 18:00:00,0.4463413793103448,0.0,12.88815524137931
2025-03-11 19:00:00,0.11,0.0,12.778155241379311
2025-03-11 20:00:00,0.16,0.0,12.618155241379311
2025-03-11 21:00:00,0.15,0.0,12.46815524137931
2025-03-11 22:00:00,0.14,0.0,12.32815524137931
2025-03-11 23:00:00,0.11,0.0,12.21815524137931
2025-03-12 00:00:00,0.11,0.0,12.108155241379311
2025-03-12 01:00:00,0.11,0.0,11.998155241379312
2025-03-12 02:00:00,0.11,0.0,11.888155241379312
2025-03-12 03:00:00,0.51,0.0,11.378155241379313
2025-03-12 04:00:00,0.88,0.0,10.498155241379312
2025-03-12 05:00:00,0.5599999999999999,0.0,9.938155241379311
2025-03-12 06:00:00,0.8,0.0,9.13815524137931
2025-03-12 07:00:00,0.8600000000000001,0.6558930000000001,8.93404824137931
2025-03-12 08:00:00,0.7000000000000001,1.740912,9.97496024137931
2025-03-12 09:00:00,0.74,2.652294,11.88725424137931
2025-03-12 10:00:00,3.12,3.208561,11.97581524137931
2025-03-12 11:00:00,3.2749461538461535,3.260423,11.961292087533156
2025-03-12 12:00:00,2.8249461538461538,3.258166,12.394511933687003
2025-03-12 13:00:00,3.1549461538461534,2.929647,12.16921277984085
2025-03-12 14:00:00,2.86,2.50637,11.815582779840849
2025-03-12 15:00:00,0.51,2.071958,13.37754077984085
2025-03-12 16:00:00,0.98,1.211444,13.5
2025-03-12 17:00:00,1.1763413793103448,0.317132,12.640790620689655
2025-03-12 18:00:00,1.2463413793103448,0.0,11.394449241379311
2025-03-12 19:00:00,0.9,0.0,10.49444924137931
2025-03-12 20:00:00,0.5599999999999999,0.0,9.93444924137931
2025-03-12 21:00:00,0.98,0.0,8.95444924137931
2025-03-12 22:00:00,0.92,0.0,8.03444924137931
2025-03-12 23:00:00,1.4,0.0,6.6344492413793095
2025-03-13 00:00:00,0.6,0.0,6.03444924137931
2025-03-13 01:00:00,1.14,0.0,4.89444924137931
2025-03-13 02:00:00,1.34,0.0,3.5544492413793103
2025-03-13 03:00:00,0.99,0.0,2.56444924137931
2025-03-13 04:00:00,1.24,0.0,1.32444924137931
2025-03-13 05:00:00,1.02,0.0,0.30444924137931006
2025-03-13 06:00:00,1.5,0.0,0.0
2025-03-13 07:00:00,1.47,0.693864,0.0
2025-03-13 08:00:00,1.15,0.89485,0.0
2025-03-13 09:00:00,0.87,1.76923,0.8992300000000001
2025-03-13 10:00:00,0.7,3.304735,3.503965
2025-03-13 11:00:00,0.5449461538461539,2.596163,5.555181846153847
2025-03-13 12:00:00,0.534946153846154,2.8793409999999997,7.899576692307693
2025-03-13 13:00:00,0.5849461538461538,2.5768020000000003,9.891432538461538
2025-03-13 14:00:00,0.13,1.41056,11.171992538461538
2025-03-13 15:00:00,0.13,2.421965,13.463957538461539
2025-03-13 16:00:00,0.14,1.41475,13.5
2025-03-13 17:00:00,0.5663413793103449,0.353674,13.287332620689655
2025-03-13 18:00:00,1.156341379310345,0.0,12.130991241379311
2025-03-13 19:00:00,0.28,0.0,11.850991241379312
2025-03-13 20:00:00,1.01,0.0,10.840991241379312
2025-03-13 21:00:00,0.99,0.0,9.850991241379312
2025-03-13 22:00:00,0.63,0.0,9.220991241379311
2025-03-13 23:00:00,1.07,0.0,8.15099124137931
2025-03-14 00:00:00,1.07,0.0,7.08099124137931
2025-03-14 01:00:00,0.99,0.0,6.09099124137931
2025-03-14 02:00:00,1.05,0.0,5.04099124137931
2025-03-14 03:00:00,1.28,0.0,3.76099124137931
2025-03-14 04:00:00,1.6,0.0,2.16099124137931
2025-03-14 05:00:00,1.68,0.0,0.48099124137931004
2025-03-14 06:00:00,1.46,0.0,0.0
2025-03-14 07:00:00,1.82,0.33114299999999997,0.0
2025-03-14 08:00:00,1.62,1.235043,0.0
2025-03-14 09:00:00,1.38,2.872744,1.492744
2025-03-14 10:00:00,3.75,3.497687,1.240431
2025-03-14 11:00:00,3.884946153846154,3.852228,1.2077128461538464
2025-03-14 12:00:00,3.1249461538461536,3.91962,2.002386692307693
2025-03-14 13:00:00,2.5149461538461537,3.730959,3.218399538461539
2025-03-14 14:00:00,2.4,2.883009,3.701408538461539
2025-03-14 15:00:00,0.45,2.22371,5.4751185384615395
2025-03-14 16:00:00,0.09,1.0292139999999999,6.414332538461539
2025-03-14 17:00:00,0.4463413793103448,0.340846,6.308837159151194
2025-03-14 18:00:00,2.776341379310345,0.0,3.532495779840849
2025-03-14 19:00:00,1.1,0.0,2.432495779840849
2025-03-14 20:00:00,0.68,0.0,1.752495779840849
2025-03-14 21:00:00,0.19,0.0,1.562495779840849
2025-03-14 22:00:00,0.51,0.0,1.052495779840849
2025-03-14 23:00:00,0.71,0.0,0.342495779840849
2025-03-15 00:00:00,0.65,0.0,0.0
2025-03-15 01:00:00,1.09,0.0,0.0
2025-03-15 02:00:00,0.72,0.0,0.0
2025-03-15 03:00:00,1.03,0.0,0.0
2025-03-15 04:00:00,0.8600000000000001,0.0,0.0
2025-03-15 05:00:00,1.04,0.0,0.0
2025-03-15 06:00:00,1.02,0.0,0.0
2025-03-15 07:00:00,0.98,0.764131,0.0
2025-03-15 08:00:00,0.97,1.902253,0.932253
2025-03-15 09:00:00,0.11,2.816873,3.639126
2025-03-15 10:00:00,2.8099999999999996,3.410738,4.239864000000001
2025-03-15 11:00:00,2.974730769230769,3.722766,4.987899230769232
2025-03-15 12:00:00,2.9947307692307694,3.787712,5.780880461538462
2025-03-15 13:00:00,2.984730769230769,3.6166129999999996,6.412762692307693
2025-03-15 14:00:00,2.49,3.1822150000000002,7.104977692307693
2025-03-15 15:00:00,0.22,2.486157,9.371134692307692
2025-03-15 16:00:00,0.11,1.466321,10.727455692307691
2025-03-15 17:00:00,1.7817068965517242,0.384102,9.329850795755966
2025-03-15 18:00:00,2.0017068965517244,0.0,7.3281438992042425
2025-03-15 19:00:00,0.26,0.0,7.068143899204243
2025-03-15 20:00:00,0.1699999999999999,0.0,6.898143899204243
2025-03-15 21:00:00,0.11,0.0,6.788143899204242
2025-03-15 22:00:00,0.13,0.0,6.6581438992042425
2025-03-15 23:00:00,0.11,0.0,6.548143899204242
2025-03-16 00:00:00,0.12,0.0,6.428143899204242
2025-03-16 01:00:00,1.22,0.0,5.208143899204242
2025-03-16 02:00:00,0.97,0.0,4.238143899204243
2025-03-16 03:00:00,0.7999999999999999,0.0,3.438143899204243
2025-03-16 04:00:00,0.79,0.0,2.6481438992042428
2025-03-16 05:00:00,0.93,0.0,1.7181438992042426
2025-03-16 06:00:00,0.71,0.008197,1.0163408992042426
2025-03-16 07:00:00,1.1,0.7764260000000001,0.6927668992042426
2025-03-16 08:00:00,0.67,1.859254,1.8820208992042426
2025-03-16 09:00:00,1.25,2.7094940000000003,3.3415148992042427
2025-03-16 10:00:00,3.11,3.23565,3.467164899204243
2025-03-16 11:00:00,2.974730769230769,3.503998,3.996432129973474
2025-03-16 12:00:00,3.2947307692307692,3.618463,4.320164360742705
2025-03-16 13:00:00,2.974730769230769,3.526819,4.872252591511936
2025-03-16 14:00:00,2.4499999999999997,3.137655,5.559907591511936
2025-03-16 15:00:00,0.2,2.463851,7.823758591511936
2025-03-16 16:00:00,0.28,1.473627,9.017385591511935
2025-03-16 17:00:00,1.811706896551724,0.397957,7.603635694960211
2025-03-16 18:00:00,2.9417068965517243,0.0,4.6619287984084865
2025-03-16 19:00:00,0.48,0.0,4.181928798408487
2025-03-16 20:00:00,0.29,0.0,3.891928798408487
2025-03-16 21:00:00,0.15,0.0,3.741928798408487
2025-03-16 22:00:00,0.55,0.0,3.1919287984084868
2025-03-16 23:00:00,0.8999999999999999,0.0,2.291928798408487
2025-03-17 00:00:00,0.5800000000000001,0.0,1.7119287984084868
2025-03-17 01:00:00,1.01,0.0,0.7019287984084868
2025-03-17 02:00:00,0.55,0.0,0.15192879840848672
2025-03-17 03:00:00,0.93,0.0,0.0
2025-03-17 04:00:00,0.8800000000000001,0.0,0.0
2025-03-17 05:00:00,1.07,0.0,0.0
2025-03-17 06:00:00,0.69,0.0,0.0
2025-03-17 07:00:00,0.85,0.050817,0.0
2025-03-17 08:00:00,0.99,0.445304,0.0
2025-03-17 09:00:00,0.18,0.770278,0.5902780000000001
2025-03-17 10:00:00,0.14,1.001774,1.4520520000000001
2025-03-17 11:00:00,0.6198923076923077,1.4544300000000001,2.2865896923076923
2025-03-17 12:00:00,0.5198923076923078,1.9678030000000002,3.7345003846153846
2025-03-17 13:00:00,0.4598923076923077,1.599942,4.874550076923077
2025-03-17 14:00:00,0.18,1.723404,6.417954076923077
2025-03-17 15:00:00,0.15,1.8898679999999999,8.157822076923077
2025-03-17 16:00:00,0.15,1.491423,9.499245076923078
2025-03-17 17:00:00,1.1826827586206896,0.411765,8.728327318302387
2025-03-17 18:00:00,3.69268275862069,0.0,5.035644559681698
2025-03-17 19:00:00,0.25,0.0,4.785644559681698
2025-03-17 20:00:00,0.5599999999999999,0.0,4.225644559681698
2025-03-17 21:00:00,0.19,0.0,4.035644559681698
2025-03-17 22:00:00,0.64,0.0,3.3956445596816978
2025-03-17 23:00:00,0.8400000000000001,0.0,2.5556445596816975
2025-03-18 00:00:00,1.15,0.0,1.4056445596816975
2025-03-18 01:00:00,0.97,0.0,0.4356445596816976
2025-03-18 02:00:00,1.39,0.0,0.0
2025-03-18 03:00:00,0.98,0.0,0.0
2025-03-18 04:00:00,1.6,0.0,0.0
2025-03-18 05:00:00,1.42,0.0,0.0
2025-03-18 06:00:00,1.8,0.0,0.0
2025-03-18 07:00:00,1.3,0.20158099999999998,0.0
2025-03-18 08:00:00,0.77,0.618572,0.0
2025-03-18 09:00:00,0.38,1.9477280000000001,1.5677280000000002
2025-03-18 10:00:00,0.1,3.5390479999999997,5.006776
2025-03-18 11:00:00,0.3298923076923077,3.865581,8.542464692307693
2025-03-18 12:00:00,0.3298923076923077,3.9427109999999996,12.155283384615384
2025-03-18 13:00:00,0.3298923076923077,2.479821,13.5
2025-03-18 14:00:00,0.1,1.5439649999999998,13.5
2025-03-18 15:00:00,0.1,1.003192,13.5
2025-03-18 16:00:00,0.1,0.471089,13.5
2025-03-18 17:00:00,0.7526827586206897,0.422954,13.17027124137931
2025-03-18 18:00:00,0.9326827586206896,0.0,12.237588482758621
2025-03-18 19:00:00,0.31,0.0,11.92758848275862
2025-03-18 20:00:00,0.33,0.0,11.59758848275862
2025-03-18 21:00:00,0.15,0.0,11.44758848275862
2025-03-18 22:00:00,0.25,0.0,11.19758848275862
2025-03-18 23:00:00,0.79,0.0,10.40758848275862
2025-03-19 00:00:00,1.04,0.0,9.36758848275862
2025-03-19 01:00:00,0.7000000000000001,0.0,8.667588482758621
2025-03-19 02:00:00,1.2,0.0,7.467588482758621
2025-03-19 03:00:00,1.5299999999999998,0.0,5.9375884827586205
2025-03-19 04:00:00,1.13,0.0,4.807588482758621
2025-03-19 05:00:00,1.35,0.0,3.4575884827586205
2025-03-19 06:00:00,1.14,0.0,2.3175884827586204
2025-03-19 07:00:00,1.02,0.084857,1.3824454827586203
2025-03-19 08:00:00,0.93,0.925177,1.3776224827586203
2025-03-19 09:00:00,0.65,2.358116,3.0857384827586203
2025-03-19 10:00:00,2.4,2.514785,3.20052348275862
2025-03-19 11:00:00,2.6298923076923075,3.00472,3.5753511750663125
2025-03-19 12:00:00,2.6298923076923075,1.2907629999999999,2.236221867374005
2025-03-19 13:00:00,2.6198923076923073,1.695383,1.3117125596816979
2025-03-19 14:00:00,2.3899999999999997,1.4503499999999998,0.372062559681698
2025-03-19 15:00:00,0.1,1.703143,1.975205559681698
2025-03-19 16:00:00,0.1,0.7881699999999999,2.6633755596816977
2025-03-19 17:00:00,0.7726827586206897,0.157973,2.048665801061008
2025-03-19 18:00:00,2.5326827586206897,0.0,0.0
2025-03-19 19:00:00,1.03,0.0,0.0
2025-03-19 20:00:00,0.67,0.0,0.0
2025-03-19 21:00:00,0.2,0.0,0.0
2025-03-19 22:00:00,0.16,0.0,0.0
2025-03-19 23:00:00,0.11,0.0,0.0
2025-03-20 00:00:00,0.5,0.0,0.0
2025-03-20 01:00:00,1.0,0.0,0.0
2025-03-20 02:00:00,0.55,0.0,0.0
2025-03-20 03:00:00,1.09,0.0,0.0
2025-03-20 04:00:00,1.17,0.0,0.0
2025-03-20 05:00:00,0.88,0.0,0.0
2025-03-20 06:00:00,1.41,0.0,0.0
2025-03-20 07:00:00,1.09,0.027379,0.0
2025-03-20 08:00:00,0.14,0.161666,0.02166599999999999
2025-03-20 09:00:00,0.14,0.37321699999999997,0.25488299999999997
2025-03-20 10:00:00,0.13,1.2728949999999999,1.3977779999999997
2025-03-20 11:00:00,0.3698923076923077,1.830183,2.858068692307692
2025-03-20 12:00:00,0.3598923076923077,2.8450659999999997,5.343242384615384
2025-03-20 13:00:00,0.3698923076923077,3.794511,8.767861076923076
2025-03-20 14:00:00,0.15,3.361283,11.979144076923076
2025-03-20 15:00:00,0.14,2.640904,13.5
2025-03-20 16:00:00,0.15,1.200212,13.5
2025-03-20 17:00:00,0.8026827586206897,0.462015,13.15933224137931
2025-03-20 18:00:00,0.9526827586206896,0.0,12.206649482758621
2025-03-20 19:00:00,0.27,0.0,11.936649482758622
2025-03-20 20:00:00,0.19,0.0,11.746649482758622
2025-03-20 21:00:00,0.15,0.0,11.596649482758622
2025-03-20 22:00:00,0.15,0.0,11.446649482758621
2025-03-20 23:00:00,0.1,0.0,11.346649482758622
2025-03-21 00:00:00,0.97,0.0,10.376649482758621
2025-03-21 01:00:00,0.68,0.0,9.696649482758621
2025-03-21 02:00:00,0.98,0.0,8.716649482758621
2025-03-21 03:00:00,1.08,0.0,7.636649482758621
2025-03-21 04:00:00,1.02,0.0,6.616649482758621
2025-03-21 05:00:00,1.1,0.0,5.516649482758622
2025-03-21 06:00:00,1.22,0.03383,4.330479482758622
2025-03-21 07:00:00,1.14,0.9182870000000001,4.108766482758622
2025-03-21 08:00:00,0.5700000000000001,2.0783359999999997,5.617102482758622
2025-03-21 09:00:00,0.43,3.00369,8.19079248275862
2025-03-21 10:00:00,2.69,3.6441709999999996,9.14496348275862
2025-03-21 11:00:00,2.6198923076923073,3.995335,10.520406175066313
2025-03-21 12:00:00,2.6298923076923075,4.064654,11.955167867374005
2025-03-21 13:00:00,2.6298923076923075,3.86538,13.190655559681698
2025-03-21 14:00:00,2.4,3.394672,13.5
2025-03-21 15:00:00,0.1,2.663531,13.5
2025-03-21 16:00:00,0.11,1.603754,13.5
2025-03-21 17:00:00,0.7726827586206897,0.471879,13.19919624137931
2025-03-21 18:00:00,1.71268275862069,0.0,11.48651348275862
2025-03-21 19:00:00,0.3,0.0,11.186513482758619
2025-03-21 20:00:00,0.4,0.0,10.786513482758618
2025-03-21 21:00:00,0.88,0.0,9.906513482758617
2025-03-21 22:00:00,0.6199999999999999,0.0,9.286513482758618
2025-03-21 23:00:00,0.11,0.0,9.176513482758619
2025-03-22 00:00:00,0.11,0.0,9.06651348275862
2025-03-22 01:00:00,0.1,0.0,8.96651348275862
2025-03-22 02:00:00,0.11,0.0,8.85651348275862
2025-03-22 03:00:00,0.99,0.0,7.86651348275862
2025-03-22 04:00:00,0.49,0.0,7.37651348275862
2025-03-22 05:00:00,0.71,0.0,6.66651348275862
2025-03-22 06:00:00,1.13,0.044052999999999995,5.58056648275862
2025-03-22 07:00:00,0.59,0.971472,5.96203848275862
2025-03-22 08:00:00,0.62,2.120264,7.46230248275862
2025-03-22 09:00:00,0.22,2.996221,10.23852348275862
2025-03-22 10:00:00,2.53,3.560788,11.26931148275862
2025-03-22 11:00:00,2.7869102564102564,3.884875,12.367276226348364
2025-03-22 12:00:00,2.9569102564102563,2.832771,12.243136969938108
2025-03-22 13:00:00,3.026910256410257,3.745774,12.962000713527852
2025-03-22 14:00:00,2.63,3.320381,13.5
2025-03-22 15:00:00,0.11,2.617925,13.5
2025-03-22 16:00:00,0.19,1.593831,13.5
2025-03-22 17:00:00,1.2184693486590037,0.419517,12.701047651340996
2025-03-22 18:00:00,2.5084693486590037,0.0,10.192578302681992
2025-03-22 19:00:00,0.48,0.0,9.712578302681992
2025-03-22 20:00:00,0.23,0.0,9.482578302681992
2025-03-22 21:00:00,0.12,0.0,9.362578302681992
2025-03-22 22:00:00,0.1,0.0,9.262578302681993
2025-03-22 23:00:00,0.46,0.0,8.802578302681992
2025-03-23 00:00:00,0.49,0.0,8.312578302681992
2025-03-23 01:00:00,0.99,0.0,7.3225783026819915
2025-03-23 02:00:00,0.56,0.0,6.762578302681991
2025-03-23 03:00:00,0.94,0.0,5.8225783026819915
2025-03-23 04:00:00,1.02,0.0,4.802578302681992
2025-03-23 05:00:00,0.56,0.0,4.242578302681991
2025-03-23 06:00:00,1.26,0.049738,3.0323163026819913
2025-03-23 07:00:00,0.63,0.9667129999999999,3.3690293026819913
2025-03-23 08:00:00,1.59,2.079471,3.858500302681991
2025-03-23 09:00:00,0.29,2.9270929999999997,6.495593302681991
2025-03-23 10:00:00,2.61,3.501601,7.387194302681991
2025-03-23 11:00:00,3.966910256410256,3.820033,7.240317046271734
2025-03-23 12:00:00,3.386910256410256,3.8898800000000002,7.743286789861479
2025-03-23 13:00:00,2.896910256410256,3.723539,8.569915533451223
2025-03-23 14:00:00,2.55,3.287579,9.307494533451223
2025-03-23 15:00:00,0.36,2.580966,11.528460533451224
2025-03-23 16:00:00,0.14,1.56546,12.953920533451225
2025-03-23 17:00:00,1.3384693486590038,0.45807,12.07352118479222
2025-03-23 18:00:00,1.3284693486590038,0.0,10.745051836133216
2025-03-23 19:00:00,0.27,0.0,10.475051836133217
2025-03-23 20:00:00,0.19,0.0,10.285051836133217
2025-03-23 21:00:00,0.26,0.0,10.025051836133217
2025-03-23 22:00:00,0.14,0.0,9.885051836133217
2025-03-23 23:00:00,0.1,0.0,9.785051836133217
2025-03-24 00:00:00,0.1,0.0,9.685051836133217
2025-03-24 01:00:00,0.98,0.0,8.705051836133217
2025-03-24 02:00:00,0.54,0.0,8.165051836133216
2025-03-24 03:00:00,0.78,0.0,7.385051836133216
2025-03-24 04:00:00,0.55,0.0,6.835051836133216
2025-03-24 05:00:00,0.7,0.0,6.135051836133216
2025-03-24 06:00:00,0.67,0.0,5.465051836133216
2025-03-24 07:00:00,0.2299999999999999,0.350417,5.585468836133216
2025-03-24 08:00:00,0.1699999999999999,0.5264719999999999,5.941940836133216
2025-03-24 09:00:00,0.21,0.673474,6.4054148361332155
2025-03-24 10:00:00,0.16,1.392756,7.638170836133216
2025-03-24 11:00:00,0.5369102564102565,1.64756,8.74882057972296
2025-03-24 12:00:00,0.5569102564102565,1.826903,10.018813323312703
2025-03-24 13:00:00,0.5469102564102565,1.79962,11.271523066902446
2025-03-24 14:00:00,0.15,1.1333630000000001,12.254886066902447
2025-03-24 15:00:00,0.15,1.148577,13.253463066902446
2025-03-24 16:00:00,0.14,0.489442,13.5
2025-03-24 17:00:00,1.208469348659004,0.164736,12.456266651340997
2025-03-24 18:00:00,1.2184693486590037,0.0,11.237797302681994
2025-03-24 19:00:00,0.34,0.0,10.897797302681994
2025-03-24 20:00:00,0.29,0.0,10.607797302681995
2025-03-24 21:00:00,0.95,0.0,9.657797302681995
2025-03-24 22:00:00,1.17,0.0,8.487797302681996
2025-03-24 23:00:00,1.13,0.0,7.357797302681996
2025-03-25 00:00:00,1.08,0.0,6.2777973026819955
2025-03-25 01:00:00,1.06,0.0,5.217797302681996
2025-03-25 02:00:00,1.07,0.0,4.147797302681996
2025-03-25 03:00:00,1.09,0.0,3.057797302681996
2025-03-25 04:00:00,1.08,0.0,1.9777973026819957
2025-03-25 05:00:00,1.08,0.0,0.8977973026819956
2025-03-25 06:00:00,1.07,0.014706,0.0
2025-03-25 07:00:00,1.2,0.532671,0.0
2025-03-25 08:00:00,0.15,1.466404,1.3164040000000001
2025-03-25 09:00:00,0.11,2.1694180000000003,3.3758220000000003
2025-03-25 10:00:00,0.1,2.6077719999999998,5.883594
2025-03-25 11:00:00,0.3901826923076923,2.6042979999999996,8.097709307692307
2025-03-25 12:00:00,0.4001826923076923,2.6256239999999997,10.323150615384614
2025-03-25 13:00:00,0.4001826923076923,2.180748,12.103715923076923
2025-03-25 14:00:00,0.1,1.181106,13.184821923076923
2025-03-25 15:00:00,0.11,1.528668,13.5
2025-03-25 16:00:00,0.12,0.6164059999999999,13.5
2025-03-25 17:00:00,1.0138520114942529,0.358537,12.844684988505747
2025-03-25 18:00:00,2.9838520114942533,0.0,9.860832977011494
2025-03-25 19:00:00,0.16,0.0,9.700832977011494
2025-03-25 20:00:00,0.14,0.0,9.560832977011493
2025-03-25 21:00:00,0.2,0.0,9.360832977011494
2025-03-25 22:00:00,0.1699999999999999,0.0,9.190832977011494
2025-03-25 23:00:00,0.1,0.0,9.090832977011495
2025-03-26 00:00:00,0.1,0.0,8.990832977011495
2025-03-26 01:00:00,0.1,0.0,8.890832977011495
2025-03-26 02:00:00,0.1,0.0,8.790832977011496
2025-03-26 03:00:00,0.1,0.0,8.690832977011496
2025-03-26 04:00:00,0.1,0.0,8.590832977011496
2025-03-26 05:00:00,0.1,0.0,8.490832977011497
2025-03-26 06:00:00,0.11,0.099187,8.480019977011496
2025-03-26 07:00:00,0.19,0.5510539999999999,8.841073977011495
2025-03-26 08:00:00,0.1699999999999999,1.1305509999999999,9.801624977011496
2025-03-26 09:00:00,0.17,1.477955,11.109579977011496
2025-03-26 10:00:00,2.44,1.489296,10.158875977011496
2025-03-26 11:00:00,2.770182692307692,1.785216,9.173909284703804
2025-03-26 12:00:00,2.740182692307692,1.2550109999999999,7.688737592396111
2025-03-26 13:00:00,2.750182692307692,1.600105,6.538659900088419
2025-03-26 14:00:00,2.4499999999999997,0.21066200000000002,4.299321900088419
2025-03-26 15:00:00,0.14,0.5362039999999999,4.695525900088419
2025-03-26 16:00:00,0.19,0.327678,4.833203900088419
2025-03-26 17:00:00,0.9738520114942528,0.545514,4.404865888594166
2025-03-26 18:00:00,2.243852011494253,0.0,2.161013877099913
2025-03-26 19:00:00,0.73,0.0,1.4310138770999132
2025-03-26 20:00:00,0.29,0.0,1.1410138770999132
2025-03-26 21:00:00,0.15,0.0,0.9910138770999132
2025-03-26 22:00:00,0.13,0.0,0.8610138770999132
2025-03-26 23:00:00,0.1,0.0,0.7610138770999132
2025-03-27 00:00:00,0.1,0.0,0.6610138770999132
2025-03-27 01:00:00,0.1,0.0,0.5610138770999132
2025-03-27 02:00:00,0.1,0.0,0.46101387709991326
2025-03-27 03:00:00,0.43,0.0,0.031013877099913267
2025-03-27 04:00:00,0.45,0.0,0.0
2025-03-27 05:00:00,0.7,0.0,0.0
2025-03-27 06:00:00,0.49,0.13199,0.0
2025-03-27 07:00:00,0.5599999999999999,1.148643,0.5886430000000001
2025-03-27 08:00:00,0.43,2.331204,2.489847
2025-03-27 09:00:00,0.1,3.215198,5.6050450000000005
2025-03-27 10:00:00,0.1,3.8127150000000003,9.31776
2025-03-27 11:00:00,0.3901826923076923,4.187969,13.115546307692307
2025-03-27 12:00:00,0.4001826923076923,4.287483,13.5
2025-03-27 13:00:00,0.3901826923076923,4.089147,13.5
2025-03-27 14:00:00,0.1,3.53552,13.5
2025-03-27 15:00:00,0.6799999999999999,2.726958,13.5
2025-03-27 16:00:00,2.0700000000000003,1.6498009999999999,13.079801
2025-03-27 17:00:00,1.053852011494253,0.54476,12.570708988505746
2025-03-27 18:00:00,1.2138520114942528,0.0,11.356856977011493
2025-03-27 19:00:00,0.32,0.0,11.036856977011492
2025-03-27 20:00:00,0.53,0.0,10.506856977011493
2025-03-27 21:00:00,0.75,0.0,9.756856977011493
2025-03-27 22:00:00,0.52,0.0,9.236856977011493
2025-03-27 23:00:00,0.11,0.0,9.126856977011494
2025-03-28 00:00:00,0.1,0.0,9.026856977011494
2025-03-28 01:00:00,0.1,0.0,8.926856977011495
2025-03-28 02:00:00,0.77,0.0,8.156856977011495
2025-03-28 03:00:00,0.5599999999999999,0.0,7.5968569770114955
2025-03-28 04:00:00,0.49,0.0,7.106856977011495
2025-03-28 05:00:00,0.5599999999999999,0.0,6.546856977011496
2025-03-28 06:00:00,0.8799999999999999,0.152001,5.818857977011496
2025-03-28 07:00:00,0.63,1.204156,6.393013977011496
2025-03-28 08:00:00,1.64,2.405956,7.1589699770114965
2025-03-28 09:00:00,1.32,3.298462,9.137431977011497
2025-03-28 10:00:00,3.95,3.917088,9.104519977011497
2025-03-28 11:00:00,2.780182692307692,4.242993,10.567330284703806
2025-03-28 12:00:00,3.380182692307692,4.305521,11.492668592396113
2025-03-28 13:00:00,3.1601826923076923,4.070471,12.402956900088421
2025-03-28 14:00:00,2.4499999999999997,3.563731,13.5
2025-03-28 15:00:00,0.14,2.796382,13.5
2025-03-28 16:00:00,0.15,1.747722,13.5
2025-03-28 17:00:00,2.663852011494253,0.587707,11.423854988505747
2025-03-28 18:00:00,4.663852011494253,0.0,6.760002977011494
2025-03-28 19:00:00,1.95,0.0,4.810002977011494
2025-03-28 20:00:00,1.61,0.0,3.2000029770114935
2025-03-28 21:00:00,1.62,0.0,1.5800029770114934
2025-03-28 22:00:00,3.07,0.0,0.0
2025-03-28 23:00:00,2.56,0.0,0.0
2025-03-29 00:00:00,2.0700000000000003,0.0,0.0
2025-03-29 01:00:00,2.1,0.0,0.0
2025-03-29 02:00:00,2.15,0.0,0.0
2025-03-29 03:00:00,2.06,0.0,0.0
2025-03-29 04:00:00,2.13,0.0,0.0
2025-03-29 05:00:00,2.24,0.0,0.0
2025-03-29 06:00:00,1.96,0.172226,0.0
2025-03-29 07:00:00,2.47,1.232372,0.0
2025-03-29 08:00:00,2.63,2.4026080000000003,0.0
2025-03-29 09:00:00,1.92,3.2402100000000003,1.3202100000000003
2025-03-29 10:00:00,3.939999999999999,3.7906280000000003,1.1708380000000016
2025-03-29 11:00:00,4.010365384615385,4.097685,1.2581576153846168
2025-03-29 12:00:00,3.1103653846153847,3.680891,1.828683230769232
2025-03-29 13:00:00,3.200365384615385,3.462771,2.091088846153847
2025-03-29 14:00:00,2.63,2.951636,2.4127248461538473
2025-03-29 15:00:00,0.49,2.736364,4.659088846153847
2025-03-29 16:00:00,0.75,1.7215250000000002,5.630613846153848
2025-03-29 17:00:00,2.207704022988506,0.585262,4.008171823165342
2025-03-29 18:00:00,1.8777040229885056,0.0,2.1304678001768362
2025-03-29 19:00:00,0.2299999999999999,0.0,1.9004678001768363
2025-03-29 20:00:00,0.27,0.0,1.6304678001768362
2025-03-29 21:00:00,0.14,0.0,1.490467800176836
2025-03-29 22:00:00,1.27,0.0,0.2204678001768361
2025-03-29 23:00:00,1.05,0.0,0.0
2025-03-30 00:00:00,1.02,0.0,0.0
2025-03-30 01:00:00,0.72,0.0,0.0
2025-03-30 02:00:00,1.0499999999999998,0.0,0.0
2025-03-30 03:00:00,0.78,0.0,0.0
2025-03-30 04:00:00,0.83,0.0,0.0
2025-03-30 05:00:00,1.07,0.0,0.0
2025-03-30 06:00:00,1.02,0.17925899999999997,0.0
2025-03-30 07:00:00,0.78,1.176138,0.3961379999999999
2025-03-30 08:00:00,1.04,2.265243,1.6213809999999997
2025-03-30 09:00:00,0.52,3.0469630000000003,4.148344
2025-03-30 10:00:00,3.33,3.609675,4.428019
2025-03-30 11:00:00,3.0003653846153844,3.958501,5.386154615384616
2025-03-30 12:00:00,3.0103653846153846,4.055108000000001,6.430897230769231
2025-03-30 13:00:00,3.4603653846153843,3.890854,6.861385846153847
2025-03-30 14:00:00,2.4499999999999997,3.451458,7.862843846153847
2025-03-30 15:00:00,0.13,2.315,10.047843846153848
2025-03-30 16:00:00,2.29,1.725012,9.482855846153848
2025-03-30 17:00:00,4.317704022988506,0.596349,5.761500823165342
2025-03-30 18:00:00,2.997704022988506,0.0,2.763796800176836
2025-03-30 19:00:00,0.29,0.0,2.473796800176836
2025-03-30 20:00:00,0.54,0.0,1.933796800176836
2025-03-30 21:00:00,0.18,0.0,1.753796800176836
2025-03-30 22:00:00,0.6900000000000001,0.0,1.0637968001768359
2025-03-30 23:00:00,0.6400000000000001,0.0,0.42379680017683574
2025-03-31 00:00:00,0.6600000000000001,0.0,0.0
2025-03-31 01:00:00,0.6000000000000001,0.0,0.0
2025-03-31 02:00:00,0.53,0.0,0.0
2025-03-31 03:00:00,0.55,0.0,0.0
2025-03-31 04:00:00,1.01,0.0,0.0
2025-03-31 05:00:00,0.5900000000000001,0.0,0.0
2025-03-31 06:00:00,0.3399999999999999,0.20073,0.0
2025-03-31 07:00:00,0.79,1.200094,0.41009399999999996
2025-03-31 08:00:00,0.14,2.3170059999999997,2.5870999999999995
2025-03-31 09:00:00,0.54,3.142203,5.189302999999999
2025-03-31 10:00:00,0.47,3.742659,8.461962
2025-03-31 11:00:00,0.6973653846153847,4.065399,11.829995615384615
2025-03-31 12:00:00,0.6673653846153846,4.1168450000000005,13.5
2025-03-31 13:00:00,0.4273653846153847,3.348434,13.5
2025-03-31 14:00:00,0.14,2.7994209999999997,13.5
2025-03-31 15:00:00,0.55,2.723552,13.5
2025-03-31 16:00:00,0.14,1.680544,13.5
2025-03-31 17:00:00,1.1358534482758622,0.15704200000000001,12.521188551724137
2025-03-31 18:00:00,1.1358534482758622,0.0,11.385335103448275
2025-03-31 19:00:00,0.27,0.0,11.115335103448276
2025-03-31 20:00:00,0.35,0.0,10.765335103448276
2025-03-31 21:00:00,0.76,0.0,10.005335103448276
2025-03-31 22:00:00,0.5,0.0,9.505335103448276
2025-03-31 23:00:00,0.11,0.0,9.395335103448277
2025-04-01 00:00:00,0.1,0.0,9.295335103448277
2025-04-01 01:00:00,0.29,0.0,9.005335103448278
2025-04-01 02:00:00,0.7200000000000001,0.0,8.285335103448277
2025-04-01 03:00:00,0.78,0.0,7.505335103448277
2025-04-01 04:00:00,0.8899999999999999,0.0,6.6153351034482775
2025-04-01 05:00:00,0.53,0.0,6.085335103448277
2025-04-01 06:00:00,0.8799999999999999,0.233924,5.439259103448277
2025-04-01 07:00:00,0.59,1.269666,6.1189251034482774
2025-04-01 08:00:00,0.5599999999999999,2.437752,7.9966771034482775
2025-04-01 09:00:00,0.48,3.302489,10.819166103448278
2025-04-01 10:00:00,0.48,3.958161,13.5
2025-04-01 11:00:00,0.3973653846153847,4.303375,13.5
2025-04-01 12:00:00,0.3973653846153847,4.354797,13.5
2025-04-01 13:00:00,0.8273653846153848,4.130756,13.5
2025-04-01 14:00:00,1.31,3.621277,13.5
2025-04-01 15:00:00,1.37,2.861235,13.5
2025-04-01 16:00:00,1.14,1.806028,13.5
2025-04-01 17:00:00,1.205853448275862,0.639321,12.933467551724139
2025-04-01 18:00:00,1.0758534482758622,0.0,11.857614103448277
2025-04-01 19:00:00,0.3,0.0,11.557614103448277
2025-04-01 20:00:00,0.84,0.0,10.717614103448277
2025-04-01 21:00:00,0.9,0.0,9.817614103448276
2025-04-01 22:00:00,0.4599999999999999,0.0,9.357614103448277
2025-04-01 23:00:00,0.84,0.0,8.517614103448278
2025-04-02 00:00:00,0.98,0.0,7.537614103448277
2025-04-02 01:00:00,1.22,0.0,6.317614103448277
2025-04-02 02:00:00,0.94,0.0,5.377614103448277
2025-04-02 03:00:00,1.25,0.0,4.127614103448277
2025-04-02 04:00:00,0.91,0.0,3.217614103448277
2025-04-02 05:00:00,1.41,0.0,1.8076141034482769
2025-04-02 06:00:00,1.19,0.131244,0.7488581034482769
2025-04-02 07:00:00,0.78,0.606876,0.5757341034482768
2025-04-02 08:00:00,0.42,2.338574,2.494308103448277
2025-04-02 09:00:00,0.1,2.661752,5.056060103448276
2025-04-02 10:00:00,2.4,3.056442,5.712502103448276
2025-04-02 11:00:00,2.6873653846153847,3.483695,6.508831718832892
2025-04-02 12:00:00,2.6873653846153847,3.4079,7.229366334217508
2025-04-02 13:00:00,2.6873653846153847,3.1543919999999996,7.696392949602123
2025-04-02 14:00:00,2.4099999999999997,2.697419,7.9838119496021225
2025-04-02 15:00:00,0.11,1.8529179999999998,9.726729949602122
2025-04-02 16:00:00,0.11,1.172556,10.789285949602121
2025-04-02 17:00:00,0.935853448275862,0.348189,10.201621501326258
2025-04-02 18:00:00,2.0558534482758626,0.0,8.145768053050396
2025-04-02 19:00:00,0.14,0.0,8.005768053050396
2025-04-02 20:00:00,0.13,0.0,7.875768053050396
2025-04-02 21:00:00,0.18,0.0,7.695768053050396
2025-04-02 22:00:00,0.13,0.0,7.565768053050396
2025-04-02 23:00:00,0.09,0.0,7.4757680530503965
2025-04-03 00:00:00,0.94,0.0,6.535768053050397
2025-04-03 01:00:00,1.05,0.0,5.485768053050397
2025-04-03 02:00:00,1.34,0.0,4.145768053050397
2025-04-03 03:00:00,0.92,0.0,3.2257680530503974
2025-04-03 04:00:00,1.08,0.0,2.1457680530503973
2025-04-03 05:00:00,1.03,0.0,1.1157680530503973
2025-04-03 06:00:00,1.08,0.052778,0.0885460530503972
2025-04-03 07:00:00,1.13,0.976645,0.0
2025-04-03 08:00:00,0.16,1.9092280000000001,1.7492280000000002
2025-04-03 09:00:00,0.16,2.462043,4.051271
2025-04-03 10:00:00,0.14,3.3488350000000002,7.260106
2025-04-03 11:00:00,0.4273653846153847,3.476816,10.309556615384615
2025-04-03 12:00:00,0.4473653846153846,4.061422,13.5
2025-04-03 13:00:00,0.5373653846153847,3.263794,13.5
2025-04-03 14:00:00,0.19,3.3689430000000002,13.5
2025-04-03 15:00:00,0.18,1.243554,13.5
2025-04-03 16:00:00,0.14,0.5156860000000001,13.5
2025-04-03 17:00:00,0.925853448275862,0.269488,12.843634551724138
2025-04-03 18:00:00,1.1758534482758622,0.0,11.667781103448275
2025-04-03 19:00:00,0.15,0.0,11.517781103448275
2025-04-03 20:00:00,0.18,0.0,11.337781103448275
2025-04-03 21:00:00,0.16,0.0,11.177781103448275
2025-04-03 22:00:00,0.11,0.0,11.067781103448276
2025-04-03 23:00:00,0.12,0.0,10.947781103448277
2025-04-04 00:00:00,0.1,0.0,10.847781103448277
2025-04-04 01:00:00,0.6000000000000001,0.0,10.247781103448277
2025-04-04 02:00:00,0.92,0.0,9.327781103448277
2025-04-04 03:00:00,0.86,0.0,8.467781103448278
2025-04-04 04:00:00,0.98,0.0,7.4877811034482775
2025-04-04 05:00:00,1.12,0.0,6.367781103448277
2025-04-04 06:00:00,1.04,0.29281599999999997,5.620597103448278
2025-04-04 07:00:00,0.52,1.3764049999999999,6.477002103448277
2025-04-04 08:00:00,0.41,2.544151,8.611153103448277
2025-04-04 09:00:00,0.09,3.4154250000000004,11.936578103448278
2025-04-04 10:00:00,2.4,4.05582,13.5
2025-04-04 11:00:00,2.6845480769230767,4.42952,13.5
2025-04-04 12:00:00,2.674548076923077,4.512652,13.5
2025-04-04 13:00:00,2.694548076923077,4.297644,13.5
2025-04-04 14:00:00,2.42,3.778616,13.5
2025-04-04 15:00:00,0.19,2.993772,13.5
2025-04-04 16:00:00,0.18,1.918097,13.5
2025-04-04 17:00:00,0.9578548850574712,0.707648,13.249793114942529
2025-04-04 18:00:00,1.2178548850574713,0.0,12.031938229885057
2025-04-04 19:00:00,0.26,0.0,11.771938229885057
2025-04-04 20:00:00,0.24,0.0,11.531938229885057
2025-04-04 21:00:00,0.74,0.0,10.791938229885057
2025-04-04 22:00:00,0.1,0.0,10.691938229885057
2025-04-04 23:00:00,0.1,0.0,10.591938229885058
2025-04-05 00:00:00,0.1,0.0,10.491938229885058
2025-04-05 01:00:00,0.1,0.0,10.391938229885058
2025-04-05 02:00:00,0.1,0.0,10.291938229885059
2025-04-05 03:00:00,0.1,0.0,10.191938229885059
2025-04-05 04:00:00,0.22,0.0,9.971938229885058
2025-04-05 05:00:00,0.8200000000000001,0.0,9.151938229885058
2025-04-05 06:00:00,0.58,0.315498,8.887436229885058
2025-04-05 07:00:00,0.93,1.441234,9.398670229885058
2025-04-05 08:00:00,0.33,2.641361,11.710031229885058
2025-04-05 09:00:00,0.5900000000000001,3.5200189999999996,13.5
2025-04-05 10:00:00,2.65,4.14789,13.5
2025-04-05 11:00:00,2.6845480769230767,4.478906,13.5
2025-04-05 12:00:00,2.7045480769230767,4.536742,13.5
2025-04-05 13:00:00,2.7045480769230767,4.2755209999999995,13.5
2025-04-05 14:00:00,2.44,3.755195,13.5
2025-04-05 15:00:00,0.86,2.980165,13.5
2025-04-05 16:00:00,2.22,1.91453,13.19453
2025-04-05 17:00:00,2.3878548850574712,0.712996,11.519671114942529
2025-04-05 18:00:00,2.977854885057471,0.0,8.541816229885058
2025-04-05 19:00:00,0.65,0.0,7.891816229885057
2025-04-05 20:00:00,0.49,0.0,7.401816229885057
2025-04-05 21:00:00,0.21,0.0,7.191816229885057
2025-04-05 22:00:00,0.14,0.0,7.051816229885057
2025-04-05 23:00:00,0.12,0.0,6.931816229885057
2025-04-06 00:00:00,0.1,0.0,6.8318162298850575
2025-04-06 01:00:00,0.1,0.0,6.731816229885058
2025-04-06 02:00:00,0.1699999999999999,0.0,6.561816229885058
2025-04-06 03:00:00,0.91,0.0,5.651816229885058
2025-04-06 04:00:00,0.48,0.0,5.171816229885058
2025-04-06 05:00:00,0.94,0.0,4.231816229885059
2025-04-06 06:00:00,0.81,0.329927,3.751743229885059
2025-04-06 07:00:00,0.53,1.416715,4.6384582298850585
2025-04-06 08:00:00,0.45,2.541481,6.729939229885058
2025-04-06 09:00:00,0.1,3.36336,9.993299229885059
2025-04-06 10:00:00,2.4099999999999997,3.942256,11.52555522988506
2025-04-06 11:00:00,2.944548076923077,4.252777,12.833784152961982
2025-04-06 12:00:00,2.7945480769230766,4.329133,13.5
2025-04-06 13:00:00,2.7945480769230766,4.125032,13.5
2025-04-06 14:00:00,2.44,3.648526,13.5
2025-04-06 15:00:00,0.21,2.905745,13.5
2025-04-06 16:00:00,0.11,1.8769570000000002,13.5
2025-04-06 17:00:00,1.7178548850574713,0.622447,12.40459211494253
2025-04-06 18:00:00,3.307854885057471,0.0,9.096737229885058
2025-04-06 19:00:00,0.22,0.0,8.876737229885057
2025-04-06 20:00:00,0.19,0.0,8.686737229885058
2025-04-06 21:00:00,0.16,0.0,8.526737229885057
2025-04-06 22:00:00,0.13,0.0,8.396737229885057
2025-04-06 23:00:00,0.1,0.0,8.296737229885057
2025-04-07 00:00:00,0.1,0.0,8.196737229885057
2025-04-07 01:00:00,0.1,0.0,8.096737229885058
2025-04-07 02:00:00,0.1,0.0,7.996737229885058
2025-04-07 03:00:00,0.1,0.0,7.896737229885058
2025-04-07 04:00:00,0.1,0.0,7.796737229885059
2025-04-07 05:00:00,0.1,0.0,7.696737229885059
2025-04-07 06:00:00,0.25,0.26914699999999997,7.715884229885059
2025-04-07 07:00:00,0.4,1.0379090000000002,8.35379322988506
2025-04-07 08:00:00,0.49,2.430497,10.29429022988506
2025-04-07 09:00:00,0.18,2.7175540000000002,12.83184422988506
2025-04-07 10:00:00,0.14,3.755777,13.5
2025-04-07 11:00:00,0.424548076923077,3.589676,13.5
2025-04-07 12:00:00,0.504548076923077,4.1922049999999995,13.5
2025-04-07 13:00:00,0.4545480769230769,3.98616,13.5
2025-04-07 14:00:00,0.18,3.546304,13.5
2025-04-07 15:00:00,0.15,2.590936,13.5
2025-04-07 16:00:00,0.13,1.382084,13.5
2025-04-07 17:00:00,1.2578548850574711,0.5290549999999999,12.771200114942529
2025-04-07 18:00:00,2.9678548850574713,0.0,9.803345229885057
2025-04-07 19:00:00,0.2,0.0,9.603345229885058
2025-04-07 20:00:00,0.19,0.0,9.413345229885058
2025-04-07 21:00:00,0.16,0.0,9.253345229885058
2025-04-07 22:00:00,0.14,0.0,9.113345229885057
2025-04-07 23:00:00,0.1,0.0,9.013345229885058
2025-04-08 00:00:00,0.1,0.0,8.913345229885058
2025-04-08 01:00:00,0.11,0.0,8.803345229885059
2025-04-08 02:00:00,0.41,0.0,8.393345229885059
2025-04-08 03:00:00,0.48,0.0,7.913345229885058
2025-04-08 04:00:00,0.57,0.0,7.343345229885058
2025-04-08 05:00:00,0.77,0.0,6.573345229885058
2025-04-08 06:00:00,0.5800000000000001,0.198593,6.191938229885058
2025-04-08 07:00:00,0.2299999999999999,1.426026,7.387964229885058
2025-04-08 08:00:00,0.45,2.501138,9.439102229885059
2025-04-08 09:00:00,0.1,2.752812,12.09191422988506
2025-04-08 10:00:00,0.1,3.477911,13.5
2025-04-08 11:00:00,0.669096153846154,3.585169,13.5
2025-04-08 12:00:00,0.669096153846154,3.602975,13.5
2025-04-08 13:00:00,0.669096153846154,3.512062,13.5
2025-04-08 14:00:00,0.2,2.763089,13.5
2025-04-08 15:00:00,0.12,1.408549,13.5
2025-04-08 16:00:00,0.11,1.5967660000000001,13.5
2025-04-08 17:00:00,2.925709770114943,0.42776,11.002050229885057
2025-04-08 18:00:00,2.455709770114942,0.0,8.546340459770114
2025-04-08 19:00:00,0.32,0.0,8.226340459770114
2025-04-08 20:00:00,0.26,0.0,7.966340459770114
2025-04-08 21:00:00,0.2,0.0,7.766340459770114
2025-04-08 22:00:00,0.14,0.0,7.626340459770114
2025-04-08 23:00:00,0.11,0.0,7.516340459770114
2025-04-09 00:00:00,0.11,0.0,7.406340459770114
2025-04-09 01:00:00,0.1,0.0,7.306340459770114
2025-04-09 02:00:00,0.11,0.0,7.196340459770114
2025-04-09 03:00:00,0.1,0.0,7.096340459770114
2025-04-09 04:00:00,0.47,0.0,6.626340459770114
2025-04-09 05:00:00,0.78,0.0,5.846340459770114
2025-04-09 06:00:00,0.6699999999999999,0.115949,5.292289459770114
2025-04-09 07:00:00,0.5399999999999999,0.696292,5.448581459770114
2025-04-09 08:00:00,0.59,2.030304,6.888885459770115
2025-04-09 09:00:00,0.96,2.775447,8.704332459770114
2025-04-09 10:00:00,3.09,3.157804,8.772136459770115
2025-04-09 11:00:00,3.599096153846154,3.346299,8.51933930592396
2025-04-09 12:00:00,3.469096153846154,3.254301,8.304544152077806
2025-04-09 13:00:00,3.2390961538461536,3.0399659999999997,8.105413998231652
2025-04-09 14:00:00,2.46,2.776634,8.422047998231653
2025-04-09 15:00:00,0.15,1.460517,9.732564998231654
2025-04-09 16:00:00,0.14,1.400101,10.992665998231654
2025-04-09 17:00:00,1.7357097701149424,0.34924299999999997,9.606199228116711
2025-04-09 18:00:00,1.7357097701149424,0.0,7.870489458001769
2025-04-09 19:00:00,0.29,0.0,7.580489458001769
2025-04-09 20:00:00,0.29,0.0,7.290489458001769
2025-04-09 21:00:00,0.27,0.0,7.020489458001769
2025-04-09 22:00:00,0.17,0.0,6.8504894580017694
2025-04-09 23:00:00,0.11,0.0,6.740489458001769
2025-04-10 00:00:00,0.1,0.0,6.6404894580017695
2025-04-10 01:00:00,0.1,0.0,6.54048945800177
2025-04-10 02:00:00,0.1,0.0,6.44048945800177
2025-04-10 03:00:00,0.12,0.0,6.32048945800177
2025-04-10 04:00:00,0.1,0.0,6.2204894580017704
2025-04-10 05:00:00,0.11,0.0,6.11048945800177
2025-04-10 06:00:00,0.31,0.09142600000000001,5.89191545800177
2025-04-10 07:00:00,0.77,0.48041,5.60232545800177
2025-04-10 08:00:00,0.19,0.394791,5.8071164580017705
2025-04-10 09:00:00,0.7300000000000001,0.365676,5.442792458001771
2025-04-10 10:00:00,0.2,0.25121899999999997,5.49401145800177
2025-04-10 11:00:00,0.559397435897436,0.654143,5.588757022104335
2025-04-10 12:00:00,0.559397435897436,0.6821889999999999,5.711548586206899
2025-04-10 13:00:00,0.559397435897436,0.9019510000000001,6.054102150309463
2025-04-10 14:00:00,0.18,0.8114410000000001,6.685543150309464
2025-04-10 15:00:00,0.18,0.474774,6.980317150309464
2025-04-10 16:00:00,0.12,0.460915,7.321232150309464
2025-04-10 17:00:00,1.9371398467432952,0.055458,5.439550303566168
2025-04-10 18:00:00,2.687139846743295,0.0,2.752410456822873
2025-04-10 19:00:00,0.17,0.0,2.582410456822873
2025-04-10 20:00:00,0.18,0.0,2.402410456822873
2025-04-10 21:00:00,0.17,0.0,2.232410456822873
2025-04-10 22:00:00,0.25,0.0,1.982410456822873
2025-04-10 23:00:00,0.13,0.0,1.8524104568228732
2025-04-11 00:00:00,0.11,0.0,1.742410456822873
2025-04-11 01:00:00,0.11,0.0,1.632410456822873
2025-04-11 02:00:00,0.1,0.0,1.532410456822873
2025-04-11 03:00:00,0.1,0.0,1.4324104568228728
2025-04-11 04:00:00,0.1,0.0,1.3324104568228727
2025-04-11 05:00:00,0.1,0.0,1.2324104568228726
2025-04-11 06:00:00,0.13,0.420234,1.5226444568228725
2025-04-11 07:00:00,0.65,1.5352999999999999,2.4079444568228725
2025-04-11 08:00:00,0.17,2.655306,4.893250456822873
2025-04-11 09:00:00,0.16,3.489638,8.222888456822872
2025-04-11 10:00:00,2.8899999999999997,2.953824,8.286712456822872
2025-04-11 11:00:00,2.8493974358974357,3.318324,8.755639020925436
2025-04-11 12:00:00,2.799397435897436,3.208357,9.164598585028
2025-04-11 13:00:00,3.869397435897436,3.0519819999999998,8.347183149130563
2025-04-11 14:00:00,6.4399999999999995,2.136199,4.043382149130563
2025-04-11 15:00:00,1.5,1.963864,4.507246149130563
2025-04-11 16:00:00,1.1,1.4404480000000002,4.847694149130564
2025-04-11 17:00:00,2.3071398467432953,0.785061,3.325615302387268
2025-04-11 18:00:00,2.317139846743295,0.014576,1.023051455643973
2025-04-11 19:00:00,1.37,0.0,0.0
2025-04-11 20:00:00,2.0,0.0,0.0
2025-04-11 21:00:00,2.73,0.0,0.0
2025-04-11 22:00:00,1.74,0.0,0.0
2025-04-11 23:00:00,1.98,0.0,0.0
2025-04-12 00:00:00,1.46,0.0,0.0
2025-04-12 01:00:00,1.89,0.0,0.0
2025-04-12 02:00:00,1.23,0.0,0.0
2025-04-12 03:00:00,1.07,0.0,0.0
2025-04-12 04:00:00,1.41,0.0,0.0
2025-04-12 05:00:00,1.89,0.0,0.0
2025-04-12 06:00:00,2.06,0.4317,0.0
2025-04-12 07:00:00,1.1,1.506121,0.40612099999999995
2025-04-12 08:00:00,0.11,1.093895,1.3900160000000001
2025-04-12 09:00:00,0.11,3.443826,4.723842
2025-04-12 10:00:00,2.77,3.325396,5.279238
2025-04-12 11:00:00,2.7893974358974356,3.0395700000000003,5.529410564102565
2025-04-12 12:00:00,2.9493974358974357,2.556306,5.1363191282051295
2025-04-12 13:00:00,3.1393974358974357,2.310466,4.307387692307694
2025-04-12 14:00:00,2.67,1.6098320000000002,3.247219692307694
2025-04-12 15:00:00,0.23,1.2059600000000001,4.223179692307694
2025-04-12 16:00:00,0.21,0.451019,4.4641986923076935
2025-04-12 17:00:00,1.287139846743295,0.435793,3.6128518455643985
2025-04-12 18:00:00,3.9571398467432943,0.0,0.0
2025-04-12 19:00:00,0.33,0.0,0.0
2025-04-12 20:00:00,0.8,0.0,0.0
2025-04-12 21:00:00,0.41,0.0,0.0
2025-04-12 22:00:00,0.6,0.0,0.0
2025-04-12 23:00:00,1.62,0.0,0.0
2025-04-13 00:00:00,1.12,0.0,0.0
2025-04-13 01:00:00,1.04,0.0,0.0
2025-04-13 02:00:00,0.93,0.0,0.0
2025-04-13 03:00:00,0.53,0.0,0.0
2025-04-13 04:00:00,0.1,0.0,0.0
2025-04-13 05:00:00,0.48,0.0,0.0
2025-04-13 06:00:00,0.85,0.270325,0.0
2025-04-13 07:00:00,0.68,1.546138,0.866138
2025-04-13 08:00:00,0.1999999999999999,2.619501,3.285639
2025-04-13 09:00:00,0.14,3.448891,6.594530000000001
2025-04-13 10:00:00,2.8099999999999996,3.3279720000000004,7.112502000000001
2025-04-13 11:00:00,3.1393974358974357,4.429553,8.402657564102565
2025-04-13 12:00:00,3.059397435897436,4.503025,9.846285128205128
2025-04-13 13:00:00,3.309397435897436,4.308908000000001,10.845795692307693
2025-04-13 14:00:00,2.86,3.7971350000000004,11.782930692307694
2025-04-13 15:00:00,0.16,3.027793,13.5
2025-04-13 16:00:00,0.12,2.005869,13.5
2025-04-13 17:00:00,1.217139846743295,0.826041,13.108901153256705
2025-04-13 18:00:00,1.247139846743295,0.02441,11.88617130651341
2025-04-13 19:00:00,0.2,0.0,11.68617130651341
2025-04-13 20:00:00,0.14,0.0,11.54617130651341
2025-04-13 21:00:00,0.16,0.0,11.38617130651341
2025-04-13 22:00:00,0.95,0.0,10.43617130651341
2025-04-13 23:00:00,0.15,0.0,10.28617130651341
2025-04-14 00:00:00,0.11,0.0,10.17617130651341
2025-04-14 01:00:00,0.1,0.0,10.07617130651341
2025-04-14 02:00:00,0.11,0.0,9.966171306513411
2025-04-14 03:00:00,0.1,0.0,9.866171306513412
2025-04-14 04:00:00,0.11,0.0,9.756171306513412
2025-04-14 05:00:00,0.6300000000000001,0.0,9.126171306513411
2025-04-14 06:00:00,0.86,0.496621,8.762792306513411
2025-04-14 07:00:00,0.26,1.664278,10.167070306513411
2025-04-14 08:00:00,1.01,2.779984,11.93705430651341
2025-04-14 09:00:00,0.19,3.596736,13.5
2025-04-14 10:00:00,0.38,4.157229,13.5
2025-04-14 11:00:00,0.549397435897436,4.454462,13.5
2025-04-14 12:00:00,0.719397435897436,4.4819949999999995,13.5
2025-04-14 13:00:00,0.709397435897436,4.2292250000000005,13.5
2025-04-14 14:00:00,0.2,3.7080100000000003,13.5
2025-04-14 15:00:00,0.53,2.9749250000000003,13.5
2025-04-14 16:00:00,0.52,1.981279,13.5
2025-04-14 17:00:00,1.947139846743295,0.8231860000000001,12.376046153256706
2025-04-14 18:00:00,4.447139846743295,0.027102,7.956008306513411
2025-04-14 19:00:00,0.6599999999999999,0.0,7.296008306513411
2025-04-14 20:00:00,1.5,0.0,5.796008306513411
2025-04-14 21:00:00,1.83,0.0,3.9660083065134106
2025-04-14 22:00:00,0.7300000000000001,0.0,3.2360083065134106
2025-04-14 23:00:00,0.22,0.0,3.0160083065134105
2025-04-15 00:00:00,0.14,0.0,2.8760083065134103
2025-04-15 01:00:00,0.11,0.0,2.7660083065134105
2025-04-15 02:00:00,0.11,0.0,2.6560083065134106
2025-04-15 03:00:00,0.1,0.0,2.5560083065134105
2025-04-15 04:00:00,0.11,0.0,2.4460083065134106
2025-04-15 05:00:00,0.13,0.0,2.3160083065134107
2025-04-15 06:00:00,0.5499999999999999,0.499134,2.2651423065134106
2025-04-15 07:00:00,1.25,0.322065,1.3372073065134107
2025-04-15 08:00:00,1.44,0.622735,0.5199423065134108
2025-04-15 09:00:00,2.05,1.161446,0.0
2025-04-15 10:00:00,0.65,1.9709539999999999,1.320954
2025-04-15 11:00:00,1.819397435897436,4.2977039999999995,3.7992605641025636
2025-04-15 12:00:00,1.349397435897436,4.333667999999999,6.7835311282051265
2025-04-15 13:00:00,0.6293974358974359,4.122017,10.27615069230769
2025-04-15 14:00:00,0.26,3.652518,13.5
2025-04-15 15:00:00,0.56,2.9394180000000003,13.5
2025-04-15 16:00:00,0.21,1.96594,13.5
2025-04-15 17:00:00,1.277139846743295,0.824338,13.047198153256705
2025-04-15 18:00:00,3.857139846743295,0.022137,9.21219530651341
2025-04-15 19:00:00,0.24,0.0,8.97219530651341
2025-04-15 20:00:00,0.49,0.0,8.48219530651341
2025-04-15 21:00:00,1.0,0.0,7.482195306513409
2025-04-15 22:00:00,0.16,0.0,7.322195306513409
2025-04-15 23:00:00,0.12,0.0,7.202195306513409
2025-04-16 00:00:00,0.11,0.0,7.092195306513409
2025-04-16 01:00:00,0.1,0.0,6.992195306513409
2025-04-16 02:00:00,0.11,0.0,6.882195306513409
2025-04-16 03:00:00,0.1,0.0,6.782195306513409
2025-04-16 04:00:00,0.5499999999999999,0.0,6.232195306513409
2025-04-16 05:00:00,0.1,0.0,6.13219530651341
2025-04-16 06:00:00,0.11,0.28510800000000003,6.307303306513409
2025-04-16 07:00:00,0.94,1.299374,6.666677306513409
2025-04-16 08:00:00,0.16,2.221701,8.72837830651341
2025-04-16 09:00:00,0.26,3.4694670000000003,11.93784530651341
2025-04-16 10:00:00,3.16,4.031033,12.80887830651341
2025-04-16 11:00:00,2.8293974358974356,4.2988990000000005,13.5
2025-04-16 12:00:00,2.8493974358974357,4.3317250000000005,13.5
2025-04-16 13:00:00,2.969397435897436,4.1498479999999995,13.5
2025-04-16 14:00:00,2.5999999999999996,3.0457579999999997,13.5
2025-04-16 15:00:00,0.16,2.2790019999999998,13.5
2025-04-16 16:00:00,1.23,0.903938,13.173938
2025-04-16 17:00:00,1.9571398467432952,0.504219,11.721017153256705
2025-04-16 18:00:00,1.3471398467432951,0.0,10.37387730651341
2025-04-16 19:00:00,0.1699999999999999,0.0,10.20387730651341
2025-04-16 20:00:00,0.94,0.0,9.263877306513411
2025-04-16 21:00:00,1.86,0.0,7.403877306513411
2025-04-16 22:00:00,0.7200000000000001,0.0,6.683877306513411
2025-04-16 23:00:00,0.14,0.0,6.543877306513411
2025-04-17 00:00:00,0.24,0.0,6.303877306513411
2025-04-17 01:00:00,0.12,0.0,6.183877306513411
2025-04-17 02:00:00,0.11,0.0,6.073877306513411
2025-04-17 03:00:00,0.11,0.0,5.96387730651341
2025-04-17 04:00:00,0.11,0.0,5.85387730651341
2025-04-17 05:00:00,0.11,0.0,5.74387730651341
2025-04-17 06:00:00,0.7100000000000001,0.518867,5.55274430651341
2025-04-17 07:00:00,1.32,0.362748,4.59549230651341
2025-04-17 08:00:00,0.59,0.454173,4.45966530651341
2025-04-17 09:00:00,0.5,1.208686,5.168351306513411
2025-04-17 10:00:00,0.8799999999999999,2.453607,6.7419583065134105
2025-04-17 11:00:00,0.559397435897436,2.9637179999999996,9.146278870615975
2025-04-17 12:00:00,0.789397435897436,2.547758,10.904639434718538
2025-04-17 13:00:00,0.8793974358974359,1.96647,11.991711998821103
2025-04-17 14:00:00,0.71,2.798457,13.5
2025-04-17 15:00:00,2.35,2.004363,13.154363
2025-04-17 16:00:00,1.73,1.9590239999999999,13.383386999999999
2025-04-17 17:00:00,2.297139846743295,0.261219,11.347466153256704
2025-04-17 18:00:00,4.427139846743295,0.0,6.920326306513409
2025-04-17 19:00:00,1.35,0.0,5.570326306513408
2025-04-17 20:00:00,1.28,0.0,4.290326306513408
2025-04-17 21:00:00,2.34,0.0,1.950326306513408
2025-04-17 22:00:00,1.54,0.0,0.41032630651340796
2025-04-17 23:00:00,1.06,0.0,0.0
2025-04-18 00:00:00,1.06,0.0,0.0
2025-04-18 01:00:00,1.06,0.0,0.0
2025-04-18 02:00:00,1.06,0.0,0.0
2025-04-18 03:00:00,1.07,0.0,0.0
2025-04-18 04:00:00,1.42,0.0,0.0
2025-04-18 05:00:00,2.02,0.0,0.0
2025-04-18 06:00:00,1.97,0.156359,0.0
2025-04-18 07:00:00,3.53,1.609407,0.0
2025-04-18 08:00:00,1.54,2.621016,1.081016
2025-04-18 09:00:00,0.73,3.387749,3.738765
2025-04-18 10:00:00,3.53,3.979851,4.188616
2025-04-18 11:00:00,3.769397435897436,4.271996,4.691214564102563
2025-04-18 12:00:00,3.509397435897436,4.317043,5.498860128205127
2025-04-18 13:00:00,3.359397435897436,4.051001,6.1904636923076914
2025-04-18 14:00:00,4.45,3.559519,5.299982692307691
2025-04-18 15:00:00,2.3899999999999997,2.3081579999999997,5.218140692307691
2025-04-18 16:00:00,1.33,1.333772,5.221912692307691
2025-04-18 17:00:00,1.3771398467432951,0.8233579999999999,4.668130845564396
2025-04-18 18:00:00,1.487139846743295,0.034017000000000006,3.215007998821101
2025-04-18 19:00:00,0.8899999999999999,0.0,2.3250079988211008
2025-04-18 20:00:00,0.73,0.0,1.5950079988211008
2025-04-18 21:00:00,0.86,0.0,0.7350079988211008
2025-04-18 22:00:00,1.39,0.0,0.0
2025-04-18 23:00:00,1.02,0.0,0.0
2025-04-19 00:00:00,0.31,0.0,0.0
2025-04-19 01:00:00,0.31,0.0,0.0
2025-04-19 02:00:00,0.32,0.0,0.0
2025-04-19 03:00:00,0.44,0.0,0.0
2025-04-19 04:00:00,0.8200000000000001,0.0,0.0
2025-04-19 05:00:00,1.12,0.0,0.0
2025-04-19 06:00:00,0.66,0.5399299999999999,0.0
2025-04-19 07:00:00,1.59,0.9116449999999999,0.0
2025-04-19 08:00:00,0.91,2.5922020000000003,1.6822020000000002
2025-04-19 09:00:00,0.5700000000000001,3.349239,4.461441
2025-04-19 10:00:00,3.3499999999999996,3.9154619999999998,5.026903
2025-04-19 11:00:00,3.329096153846154,4.196852,5.894658846153845
2025-04-19 12:00:00,3.989096153846154,4.221845,6.127407692307692
2025-04-19 13:00:00,4.509096153846154,4.002744,5.621055538461538
2025-04-19 14:00:00,2.57,3.540719,6.591774538461538
2025-04-19 15:00:00,0.74,2.8486599999999997,8.700434538461536
2025-04-19 16:00:00,0.84,1.955417,9.815851538461537
2025-04-19 17:00:00,3.5257097701149425,0.857321,7.147462768346594
2025-04-19 18:00:00,2.1957097701149424,0.033476,4.985228998231651
2025-04-19 19:00:00,1.02,0.0,3.9652289982316513
2025-04-19 20:00:00,1.09,0.0,2.875228998231651
2025-04-19 21:00:00,1.02,0.0,1.855228998231651
2025-04-19 22:00:00,0.69,0.0,1.165228998231651
2025-04-19 23:00:00,0.2,0.0,0.9652289982316511
2025-04-20 00:00:00,0.21,0.0,0.7552289982316511
2025-04-20 01:00:00,0.32,0.0,0.4352289982316511
2025-04-20 02:00:00,0.21,0.0,0.22522899823165113
2025-04-20 03:00:00,0.19,0.0,0.035228998231651126
2025-04-20 04:00:00,0.19,0.0,0.0
2025-04-20 05:00:00,0.61,0.0,0.0
2025-04-20 06:00:00,0.25,0.575538,0.325538
2025-04-20 07:00:00,1.37,1.701857,0.6573949999999998
2025-04-20 08:00:00,1.03,2.693243,2.3206379999999998
2025-04-20 09:00:00,1.69,3.424036,4.054674
2025-04-20 10:00:00,3.33,3.9214659999999997,4.64614
2025-04-20 11:00:00,4.039096153846154,4.192743999999999,4.799787846153845
2025-04-20 12:00:00,3.949096153846154,4.217651,5.0683426923076915
2025-04-20 13:00:00,3.3790961538461537,4.018785,5.7080315384615385
2025-04-20 14:00:00,2.9299999999999997,3.590652,6.368683538461539
2025-04-20 15:00:00,0.24,2.917733,9.04641653846154
2025-04-20 16:00:00,0.21,2.011132,10.847548538461538
2025-04-20 17:00:00,4.425709770114943,0.897654,7.319492768346596
2025-04-20 18:00:00,2.1957097701149424,0.038591,5.1623739982316525
2025-04-20 19:00:00,0.24,0.0,4.922373998231652
2025-04-20 20:00:00,1.19,0.0,3.7323739982316524
2025-04-20 21:00:00,1.0,0.0,2.7323739982316524
2025-04-20 22:00:00,0.8300000000000001,0.0,1.9023739982316523
2025-04-20 23:00:00,0.17,0.0,1.7323739982316524
2025-04-21 00:00:00,0.15,0.0,1.5823739982316525
2025-04-21 01:00:00,0.12,0.0,1.4623739982316524
2025-04-21 02:00:00,0.12,0.0,1.3423739982316523
2025-04-21 03:00:00,0.24,0.0,1.1023739982316523
2025-04-21 04:00:00,0.69,0.0,0.41237399823165233
2025-04-21 05:00:00,0.5599999999999999,0.0,0.0
2025-04-21 06:00:00,0.8,0.607746,0.0
2025-04-21 07:00:00,1.38,1.707713,0.32771300000000014
2025-04-21 08:00:00,0.61,2.65735,2.3750630000000004
2025-04-21 09:00:00,0.2,3.3261930000000004,5.501256000000001
2025-04-21 10:00:00,0.21,3.766038,9.057294
2025-04-21 11:00:00,0.569397435897436,3.983422,12.471318564102564
2025-04-21 12:00:00,0.5393974358974359,4.023168,13.5
2025-04-21 13:00:00,0.679397435897436,3.8769180000000003,13.5
2025-04-21 14:00:00,0.17,3.499665,13.5
2025-04-21 15:00:00,0.18,2.872149,13.5
2025-04-21 16:00:00,0.23,1.995136,13.5
2025-04-21 17:00:00,1.297139846743295,0.904201,13.107061153256705
2025-04-21 18:00:00,3.5171398467432953,0.042864,9.632785306513409
2025-04-21 19:00:00,2.02,0.0,7.612785306513409
2025-04-21 20:00:00,0.41,0.0,7.202785306513409
2025-04-21 21:00:00,0.2299999999999999,0.0,6.972785306513409
2025-04-21 22:00:00,0.2,0.0,6.772785306513409
2025-04-21 23:00:00,0.12,0.0,6.652785306513409
2025-04-22 00:00:00,0.23,0.0,6.422785306513409
2025-04-22 01:00:00,0.14,0.0,6.282785306513409
2025-04-22 02:00:00,0.12,0.0,6.162785306513409
2025-04-22 03:00:00,0.11,0.0,6.0527853065134085
2025-04-22 04:00:00,0.11,0.0,5.942785306513408
2025-04-22 05:00:00,0.12,0.0,5.822785306513408
2025-04-22 06:00:00,0.8300000000000001,0.62153,5.614315306513408
2025-04-22 07:00:00,0.66,1.713162,6.667477306513408
2025-04-22 08:00:00,0.55,2.7075259999999997,8.825003306513409
2025-04-22 09:00:00,0.38,3.449014,11.894017306513408
2025-04-22 10:00:00,0.1,3.9568339999999997,13.5
2025-04-22 11:00:00,0.479397435897436,4.2274329999999996,13.5
2025-04-22 12:00:00,0.4893974358974359,4.271694999999999,13.5
2025-04-22 13:00:00,0.479397435897436,4.061287,13.5
2025-04-22 14:00:00,0.12,3.6160970000000003,13.5
2025-04-22 15:00:00,0.36,1.483418,13.5
2025-04-22 16:00:00,0.37,0.713621,13.5
2025-04-22 17:00:00,1.1771398467432952,0.349155,12.672015153256705
2025-04-22 18:00:00,1.1871398467432952,0.048667,11.53354230651341
2025-04-22 19:00:00,0.11,0.0,11.423542306513411
2025-04-22 20:00:00,0.14,0.0,11.28354230651341
2025-04-22 21:00:00,0.11,0.0,11.173542306513411
2025-04-22 22:00:00,0.16,0.0,11.013542306513411
2025-04-22 23:00:00,0.12,0.0,10.893542306513412
2025-04-23 00:00:00,0.71,0.0,10.183542306513413
2025-04-23 01:00:00,0.48,0.0,9.703542306513413
2025-04-23 02:00:00,1.08,0.0,8.623542306513412
2025-04-23 03:00:00,0.5599999999999999,0.0,8.063542306513412
2025-04-23 04:00:00,0.8700000000000001,0.0,7.193542306513412
2025-04-23 05:00:00,0.8300000000000001,0.0,6.363542306513412
2025-04-23 06:00:00,0.89,0.28804599999999997,5.761588306513412
2025-04-23 07:00:00,1.03,0.337574,5.0691623065134115
2025-04-23 08:00:00,0.89,1.563723,5.742885306513411
2025-04-23 09:00:00,0.77,1.5460019999999999,6.518887306513411
2025-04-23 10:00:00,2.99,2.983065,6.511952306513411
2025-04-23 11:00:00,2.8493974358974357,2.022111,5.684665870615976
2025-04-23 12:00:00,2.839397435897436,2.5109969999999997,5.356265434718539
2025-04-23 13:00:00,2.859397435897436,2.605419,5.1022869988211035
2025-04-23 14:00:00,2.57,2.51335,5.045636998821104
2025-04-23 15:00:00,0.12,2.045928,6.971564998821104
2025-04-23 16:00:00,0.1,0.974033,7.845597998821104
2025-04-23 17:00:00,1.1871398467432952,0.919901,7.578359152077809
2025-04-23 18:00:00,1.697139846743295,0.054928,5.936147305334514
2025-04-23 19:00:00,0.23,0.0,5.706147305334514
2025-04-23 20:00:00,0.54,0.0,5.166147305334514
2025-04-23 21:00:00,0.57,0.0,4.596147305334513
2025-04-23 22:00:00,0.97,0.0,3.6261473053345137
2025-04-23 23:00:00,0.5700000000000001,0.0,3.0561473053345134
2025-04-24 00:00:00,0.5900000000000001,0.0,2.4661473053345135
2025-04-24 01:00:00,0.99,0.0,1.4761473053345135
2025-04-24 02:00:00,0.9,0.0,0.5761473053345135
2025-04-24 03:00:00,1.12,0.0,0.0
2025-04-24 04:00:00,0.56,0.0,0.0
2025-04-24 05:00:00,0.75,0.0,0.0
2025-04-24 06:00:00,0.94,0.28137599999999996,0.0
2025-04-24 07:00:00,0.72,0.653086,0.0
2025-04-24 08:00:00,1.39,0.9489070000000001,0.0
2025-04-24 09:00:00,1.4500000000000002,2.421719,0.9717189999999998
2025-04-24 10:00:00,1.24,1.139169,0.8708879999999999
2025-04-24 11:00:00,1.469096153846154,4.135738,3.537529846153846
2025-04-24 12:00:00,1.099096153846154,4.199509,6.637942692307692
2025-04-24 13:00:00,1.309096153846154,3.9682049999999998,9.297051538461538
2025-04-24 14:00:00,0.17,3.538112,12.665163538461538
2025-04-24 15:00:00,0.12,2.325021,13.5
2025-04-24 16:00:00,0.11,1.334978,13.5
2025-04-24 17:00:00,1.7557097701149424,0.91377,12.658060229885058
2025-04-24 18:00:00,1.8557097701149423,0.059747,10.862097459770116
2025-04-24 19:00:00,0.7,0.0,10.162097459770116
2025-04-24 20:00:00,0.18,0.0,9.982097459770117
2025-04-24 21:00:00,0.15,0.0,9.832097459770116
2025-04-24 22:00:00,0.61,0.0,9.222097459770117
2025-04-24 23:00:00,0.1,0.0,9.122097459770117
2025-04-25 00:00:00,0.92,0.0,8.202097459770117
2025-04-25 01:00:00,0.48,0.0,7.722097459770117
2025-04-25 02:00:00,0.99,0.0,6.732097459770117
2025-04-25 03:00:00,0.93,0.0,5.802097459770117
2025-04-25 04:00:00,0.8300000000000001,0.0,4.972097459770117
2025-04-25 05:00:00,0.66,0.0,4.312097459770117
2025-04-25 06:00:00,0.64,0.420967,4.093064459770117
2025-04-25 07:00:00,1.11,0.12147100000000001,3.104535459770117
2025-04-25 08:00:00,0.8200000000000001,0.179941,2.464476459770117
2025-04-25 09:00:00,0.5399999999999999,1.711132,3.635608459770117
2025-04-25 10:00:00,2.4,2.150794,3.386402459770117
2025-04-25 11:00:00,3.309096153846154,3.057721,3.135027305923963
2025-04-25 12:00:00,3.229096153846154,3.400103,3.3060341520778094
2025-04-25 13:00:00,2.969096153846154,3.55911,3.8960479982316554
2025-04-25 14:00:00,2.4499999999999997,2.903324,4.349371998231655
2025-04-25 15:00:00,0.15,2.5550279999999996,6.754399998231655
2025-04-25 16:00:00,0.14,0.067881,6.682280998231655
2025-04-25 17:00:00,1.7557097701149424,0.012972,4.939543228116713
2025-04-25 18:00:00,1.8057097701149425,0.0,3.13383345800177
2025-04-25 19:00:00,0.24,0.0,2.8938334580017697
2025-04-25 20:00:00,0.15,0.0,2.74383345800177
2025-04-25 21:00:00,0.22,0.0,2.5238334580017696
2025-04-25 22:00:00,0.22,0.0,2.3038334580017694
2025-04-25 23:00:00,0.1,0.0,2.2038334580017693
2025-04-26 00:00:00,0.98,0.0,1.2238334580017693
2025-04-26 01:00:00,1.09,0.0,0.13383345800176927
2025-04-26 02:00:00,0.8300000000000001,0.0,0.0
2025-04-26 03:00:00,1.0699999999999998,0.0,0.0
2025-04-26 04:00:00,0.9,0.0,0.0
2025-04-26 05:00:00,1.17,0.007073,0.0
2025-04-26 06:00:00,0.96,0.0,0.0
2025-04-26 07:00:00,1.12,0.19067599999999998,0.0
2025-04-26 08:00:00,0.24,1.1626569999999998,0.9226569999999998
2025-04-26 09:00:00,0.47,1.117271,1.5699279999999998
2025-04-26 10:00:00,2.44,3.289091,2.4190189999999996
2025-04-26 11:00:00,2.7473653846153843,4.583333,4.254986615384615
2025-04-26 12:00:00,2.8173653846153845,4.583333,6.02095423076923
2025-04-26 13:00:00,2.8173653846153845,4.4191530000000006,7.622741846153846
2025-04-26 14:00:00,2.58,3.936523,8.979264846153846
2025-04-26 15:00:00,0.14,3.1908049999999997,12.030069846153847
2025-04-26 16:00:00,0.11,2.2057040000000003,13.5
2025-04-26 17:00:00,0.925853448275862,1.021341,13.5
2025-04-26 18:00:00,0.925853448275862,0.09208,12.666226551724138
2025-04-26 19:00:00,0.13,0.0,12.536226551724138
2025-04-26 20:00:00,0.13,0.0,12.406226551724137
2025-04-26 21:00:00,0.11,0.0,12.296226551724137
2025-04-26 22:00:00,0.12,0.0,12.176226551724138
2025-04-26 23:00:00,0.98,0.0,11.196226551724138
2025-04-27 00:00:00,0.57,0.0,10.626226551724137
2025-04-27 01:00:00,0.5599999999999999,0.0,10.066226551724137
2025-04-27 02:00:00,0.56,0.0,9.506226551724136
2025-04-27 03:00:00,0.74,0.0,8.766226551724136
2025-04-27 04:00:00,1.0,0.0,7.766226551724136
2025-04-27 05:00:00,0.79,0.013149,6.9893755517241365
2025-04-27 06:00:00,0.6,0.747089,7.136464551724137
2025-04-27 07:00:00,2.16,1.916062,6.892526551724137
2025-04-27 08:00:00,0.81,2.936989,9.019515551724137
2025-04-27 09:00:00,1.16,3.7006010000000003,11.560116551724137
2025-04-27 10:00:00,3.3899999999999997,4.233169,12.403285551724139
2025-04-27 11:00:00,2.7073653846153847,4.498640999999999,13.5
2025-04-27 12:00:00,2.8673653846153844,4.52729,13.5
2025-04-27 13:00:00,3.717365384615385,4.284882,13.5
2025-04-27 14:00:00,5.5,3.786426,11.786426
2025-04-27 15:00:00,0.87,2.6938299999999997,13.5
2025-04-27 16:00:00,0.29,2.1128449999999996,13.5
2025-04-27 17:00:00,1.185853448275862,0.986366,13.300512551724138
2025-04-27 18:00:00,1.2158534482758625,0.097616,12.182275103448275
2025-04-27 19:00:00,0.25,0.0,11.932275103448275
2025-04-27 20:00:00,0.26,0.0,11.672275103448275
2025-04-27 21:00:00,0.15,0.0,11.522275103448274
2025-04-27 22:00:00,0.1,0.0,11.422275103448275
2025-04-27 23:00:00,0.1,0.0,11.322275103448275
2025-04-28 00:00:00,0.12,0.0,11.202275103448276
2025-04-28 01:00:00,0.22,0.0,10.982275103448275
2025-04-28 02:00:00,0.92,0.0,10.062275103448275
2025-04-28 03:00:00,0.5499999999999999,0.0,9.512275103448275
2025-04-28 04:00:00,1.0,0.0,8.512275103448275
2025-04-28 05:00:00,0.82,0.014159000000000001,7.706434103448275
2025-04-28 06:00:00,0.66,0.731115,7.777549103448274
2025-04-28 07:00:00,0.5,1.845278,9.122827103448275
2025-04-28 08:00:00,0.15,2.847988,11.820815103448275
2025-04-28 09:00:00,0.24,3.60899,13.5
2025-04-28 10:00:00,0.14,4.15209,13.5
2025-04-28 11:00:00,0.4273653846153847,4.418554,13.5
2025-04-28 12:00:00,0.4573653846153847,4.441085,13.5
2025-04-28 13:00:00,0.4973653846153847,4.214575,13.5
2025-04-28 14:00:00,0.14,3.7406439999999996,13.5
2025-04-28 15:00:00,0.44,3.028252,13.5
2025-04-28 16:00:00,0.13,2.087278,13.5
2025-04-28 17:00:00,0.9458534482758622,0.974726,13.5
2025-04-28 18:00:00,0.9458534482758622,0.10506499999999999,12.659211551724137
2025-04-28 19:00:00,1.3,0.0,11.359211551724137
2025-04-28 20:00:00,0.21,0.0,11.149211551724136
2025-04-28 21:00:00,0.15,0.0,10.999211551724136
2025-04-28 22:00:00,0.14,0.0,10.859211551724135
2025-04-28 23:00:00,0.1,0.0,10.759211551724135
2025-04-29 00:00:00,0.1,0.0,10.659211551724136
2025-04-29 01:00:00,0.1,0.0,10.559211551724136
2025-04-29 02:00:00,0.1,0.0,10.459211551724136
2025-04-29 03:00:00,0.53,0.0,9.929211551724137
2025-04-29 04:00:00,0.88,0.0,9.049211551724136
2025-04-29 05:00:00,0.5399999999999999,0.013301,8.522512551724136
2025-04-29 06:00:00,0.5700000000000001,0.737084,8.689596551724135
2025-04-29 07:00:00,0.22,1.824137,10.293733551724134
2025-04-29 08:00:00,0.1,2.7814650000000003,12.975198551724134
2025-04-29 09:00:00,0.13,3.492773,13.5
2025-04-29 10:00:00,1.36,3.9875160000000003,13.5
2025-04-29 11:00:00,2.8073653846153848,4.276293,13.5
2025-04-29 12:00:00,0.5073653846153847,4.286622,13.5
2025-04-29 13:00:00,0.3873653846153847,4.074078,13.5
2025-04-29 14:00:00,0.12,3.638885,13.5
2025-04-29 15:00:00,0.1,2.975344,13.5
2025-04-29 16:00:00,0.11,2.0568760000000004,13.5
2025-04-29 17:00:00,1.1458534482758622,0.973707,13.327853551724138
2025-04-29 18:00:00,2.395853448275862,0.11627,11.048270103448276
2025-04-29 19:00:00,0.16,0.0,10.888270103448276
2025-04-29 20:00:00,0.5700000000000001,0.0,10.318270103448276
2025-04-29 21:00:00,0.72,0.0,9.598270103448275
2025-04-29 22:00:00,0.38,0.0,9.218270103448274
2025-04-29 23:00:00,0.13,0.0,9.088270103448274
2025-04-30 00:00:00,0.11,0.0,8.978270103448274
2025-04-30 01:00:00,0.11,0.0,8.868270103448275
2025-04-30 02:00:00,0.12,0.0,8.748270103448275
2025-04-30 03:00:00,0.12,0.0,8.628270103448276
2025-04-30 04:00:00,0.11,0.0,8.518270103448277
2025-04-30 05:00:00,0.11,0.015815,8.424085103448277
2025-04-30 06:00:00,0.88,0.732739,8.276824103448277
2025-04-30 07:00:00,0.64,1.813852,9.450676103448277
2025-04-30 08:00:00,0.15,2.7623800000000003,12.063056103448277
2025-04-30 09:00:00,0.24,3.496124,13.5
2025-04-30 10:00:00,2.44,4.050515,13.5
2025-04-30 11:00:00,2.7273653846153847,3.936736,13.5
2025-04-30 12:00:00,2.7373653846153845,3.856674,13.5
2025-04-30 13:00:00,2.7573653846153845,3.765113,13.5
2025-04-30 14:00:00,2.46,2.88652,13.5
2025-04-30 15:00:00,0.15,2.638877,13.5
2025-04-30 16:00:00,0.18,1.964591,13.5
2025-04-30 17:00:00,0.9458534482758622,0.956692,13.5
2025-04-30 18:00:00,1.1558534482758622,0.12808,12.472226551724138
2025-04-30 19:00:00,0.18,0.0,12.292226551724138
2025-04-30 20:00:00,0.3,0.0,11.992226551724137
2025-04-30 21:00:00,0.25,0.0,11.742226551724137
2025-04-30 22:00:00,0.16,0.0,11.582226551724137
2025-04-30 23:00:00,0.11,0.0,11.472226551724138
2025-05-01 00:00:00,0.11,0.0,11.362226551724138
2025-05-01 01:00:00,0.1,0.0,11.262226551724138
2025-05-01 02:00:00,0.11,0.0,11.152226551724139
2025-05-01 03:00:00,0.16,0.0,10.992226551724139
2025-05-01 04:00:00,0.93,0.0,10.06222655172414
2025-05-01 05:00:00,0.6400000000000001,0.0,9.422226551724139
2025-05-01 06:00:00,0.49,0.166267,9.098493551724138
2025-05-01 07:00:00,0.26,0.7620410000000001,9.600534551724138
2025-05-01 08:00:00,0.56,1.870665,10.911199551724138
2025-05-01 09:00:00,0.22,2.116047,12.807246551724138
2025-05-01 10:00:00,0.21,2.9062020000000004,13.5
2025-05-01 11:00:00,0.5073653846153847,2.923572,13.5
2025-05-01 12:00:00,0.5073653846153847,2.894702,13.5
2025-05-01 13:00:00,0.5073653846153847,3.36144,13.5
2025-05-01 14:00:00,0.22,3.286835,13.5
2025-05-01 15:00:00,0.21,2.8082420000000003,13.5
2025-05-01 16:00:00,0.21,1.471317,13.5
2025-05-01 17:00:00,1.025853448275862,0.315893,12.790039551724139
2025-05-01 18:00:00,1.1258534482758622,0.049078000000000004,11.713264103448276
2025-05-01 19:00:00,0.12,0.0,11.593264103448277
2025-05-01 20:00:00,0.17,0.0,11.423264103448277
2025-05-01 21:00:00,0.21,0.0,11.213264103448276
2025-05-01 22:00:00,0.12,0.0,11.093264103448277
2025-05-01 23:00:00,0.09,0.0,11.003264103448277
2025-05-02 00:00:00,0.95,0.0,10.053264103448278
2025-05-02 01:00:00,0.46,0.0,9.593264103448277
2025-05-02 02:00:00,0.94,0.0,8.653264103448278
2025-05-02 03:00:00,0.56,0.0,8.093264103448277
2025-05-02 04:00:00,0.94,0.0,7.153264103448278
2025-05-02 05:00:00,0.86,0.0,6.293264103448277
2025-05-02 06:00:00,0.8200000000000001,0.251232,5.724496103448277
2025-05-02 07:00:00,0.54,0.633733,5.818229103448277
2025-05-02 08:00:00,0.53,0.8382050000000001,6.126434103448277
2025-05-02 09:00:00,0.2299999999999999,2.552436,8.448870103448277
2025-05-02 10:00:00,2.4299999999999997,1.747114,7.765984103448277
2025-05-02 11:00:00,3.0173653846153847,2.3418229999999998,7.090441718832892
2025-05-02 12:00:00,2.8773653846153846,1.12643,5.339506334217507
2025-05-02 13:00:00,2.7273653846153847,0.815187,3.4273279496021223
2025-05-02 14:00:00,2.5,0.632051,1.5593789496021224
2025-05-02 15:00:00,0.11,0.16135400000000003,1.6107329496021225
2025-05-02 16:00:00,0.1,1.074474,2.5852069496021226
2025-05-02 17:00:00,1.0958534482758622,0.333762,1.8231155013262605
2025-05-02 18:00:00,1.005853448275862,0.0,0.8172620530503985
2025-05-02 19:00:00,0.12,0.0,0.6972620530503985
2025-05-02 20:00:00,0.47,0.0,0.22726205305039848
2025-05-02 21:00:00,0.36,0.0,0.0
2025-05-02 22:00:00,0.53,0.0,0.0
2025-05-02 23:00:00,0.1,0.0,0.0
2025-05-03 00:00:00,0.39,0.0,0.0
2025-05-03 01:00:00,0.56,0.0,0.0
2025-05-03 02:00:00,0.5700000000000001,0.0,0.0
2025-05-03 03:00:00,0.8099999999999999,0.0,0.0
2025-05-03 04:00:00,0.76,0.0,0.0
2025-05-03 05:00:00,0.59,0.0,0.0
2025-05-03 06:00:00,0.8,0.308727,0.0
2025-05-03 07:00:00,1.33,0.9065610000000001,0.0
2025-05-03 08:00:00,1.63,1.494394,0.0
2025-05-03 09:00:00,0.6,2.2822,1.6822
2025-05-03 10:00:00,2.9399999999999995,1.944243,0.6864430000000004
2025-05-03 11:00:00,2.8173653846153845,1.748511,0.0
2025-05-03 12:00:00,2.847365384615385,3.463177,0.6158116153846152
2025-05-03 13:00:00,2.7773653846153845,4.21561,2.0540562307692305
2025-05-03 14:00:00,2.57,3.771411,3.2554672307692307
2025-05-03 15:00:00,0.19,3.078872,6.144339230769231
2025-05-03 16:00:00,0.11,1.686201,7.720540230769231
2025-05-03 17:00:00,0.985853448275862,0.508948,7.243634782493369
2025-05-03 18:00:00,0.985853448275862,0.13492099999999999,6.392702334217507
2025-05-03 19:00:00,0.29,0.0,6.102702334217507
2025-05-03 20:00:00,0.37,0.0,5.732702334217507
2025-05-03 21:00:00,0.35,0.0,5.382702334217507
2025-05-03 22:00:00,0.18,0.0,5.202702334217507
2025-05-03 23:00:00,0.1,0.0,5.102702334217508
2025-05-04 00:00:00,0.6000000000000001,0.0,4.502702334217508
2025-05-04 01:00:00,1.01,0.0,3.4927023342175083
2025-05-04 02:00:00,0.96,0.0,2.5327023342175083
2025-05-04 03:00:00,1.01,0.0,1.5227023342175083
2025-05-04 04:00:00,0.96,0.0,0.5627023342175084
2025-05-04 05:00:00,0.68,0.04242,0.0
2025-05-04 06:00:00,1.02,0.17708000000000002,0.0
2025-05-04 07:00:00,0.66,0.864804,0.20480399999999999
2025-05-04 08:00:00,0.14,1.388182,1.4529859999999999
2025-05-04 09:00:00,0.1,1.0461449999999999,2.3991309999999997
2025-05-04 10:00:00,2.4,2.7793919999999996,2.7785229999999994
2025-05-04 11:00:00,2.6298923076923075,3.163182,3.311812692307692
2025-05-04 12:00:00,2.6898923076923076,4.545578000000001,5.167498384615385
2025-05-04 13:00:00,5.639892307692307,4.353180999999999,3.8807870769230774
2025-05-04 14:00:00,4.109999999999999,3.879366,3.650153076923078
2025-05-04 15:00:00,0.16,3.1595459999999997,6.649699076923078
2025-05-04 16:00:00,0.11,2.2411619999999997,8.780861076923077
2025-05-04 17:00:00,0.7526827586206897,1.097869,9.126047318302387
2025-05-04 18:00:00,0.9326827586206896,0.16961400000000001,8.362978559681697
2025-05-04 19:00:00,0.18,0.0,8.182978559681697
2025-05-04 20:00:00,0.14,0.0,8.042978559681696
2025-05-04 21:00:00,0.11,0.0,7.932978559681696
2025-05-04 22:00:00,0.16,0.0,7.772978559681696
2025-05-04 23:00:00,0.1,0.0,7.672978559681696
2025-05-05 00:00:00,0.1,0.0,7.5729785596816965
2025-05-05 01:00:00,0.11,0.0,7.462978559681696
2025-05-05 02:00:00,0.2,0.0,7.262978559681696
2025-05-05 03:00:00,0.12,0.0,7.142978559681696
2025-05-05 04:00:00,0.42,0.0,6.722978559681696
2025-05-05 05:00:00,0.39,0.037882,6.370860559681696
2025-05-05 06:00:00,0.4,0.642538,6.613398559681696
2025-05-05 07:00:00,0.19,1.6193389999999999,8.042737559681695
2025-05-05 08:00:00,0.18,2.60934,10.472077559681695
2025-05-05 09:00:00,0.18,3.601893,13.5
2025-05-05 10:00:00,0.15,4.1797759999999995,13.5
2025-05-05 11:00:00,0.4298923076923077,4.500546999999999,13.5
2025-05-05 12:00:00,0.4198923076923077,4.10538,13.5
2025-05-05 13:00:00,0.4098923076923078,3.850138,13.5
2025-05-05 14:00:00,0.18,3.775048,13.5
2025-05-05 15:00:00,0.6200000000000001,3.050527,13.5
2025-05-05 16:00:00,0.63,2.126778,13.5
2025-05-05 17:00:00,0.7626827586206897,1.004476,13.5
2025-05-05 18:00:00,0.8326827586206897,0.089324,12.75664124137931
2025-05-05 19:00:00,0.2,0.0,12.55664124137931
2025-05-05 20:00:00,0.26,0.0,12.29664124137931
2025-05-05 21:00:00,0.28,0.0,12.016641241379311
2025-05-05 22:00:00,0.22,0.0,11.79664124137931
2025-05-05 23:00:00,0.14,0.0,11.65664124137931
2025-05-06 00:00:00,0.11,0.0,11.54664124137931
2025-05-06 01:00:00,0.14,0.0,11.40664124137931
2025-05-06 02:00:00,0.19,0.0,11.21664124137931
2025-05-06 03:00:00,0.19,0.0,11.026641241379311
2025-05-06 04:00:00,0.19,0.0,10.836641241379311
2025-05-06 05:00:00,0.19,0.034305,10.680946241379312
2025-05-06 06:00:00,0.22,0.850096,11.311042241379312
2025-05-06 07:00:00,0.15,1.962606,13.123648241379312
2025-05-06 08:00:00,0.1,2.9359290000000002,13.5
2025-05-06 09:00:00,0.1,3.67621,13.5
2025-05-06 10:00:00,0.11,3.585482,13.5
2025-05-06 11:00:00,0.3298923076923077,3.391647,13.5
2025-05-06 12:00:00,0.3398923076923077,3.438759,13.5
2025-05-06 13:00:00,0.3298923076923077,3.318827,13.5
2025-05-06 14:00:00,0.1,0.84772,13.5
2025-05-06 15:00:00,0.1,1.1867590000000001,13.5
2025-05-06 16:00:00,0.11,0.326449,13.5
2025-05-06 17:00:00,0.7626827586206897,0.590072,13.32738924137931
2025-05-06 18:00:00,0.9326827586206896,0.107476,12.50218248275862
2025-05-06 19:00:00,0.35,0.0,12.15218248275862
2025-05-06 20:00:00,0.51,0.0,11.64218248275862
2025-05-06 21:00:00,0.19,0.0,11.452182482758621
2025-05-06 22:00:00,0.14,0.0,11.31218248275862
2025-05-06 23:00:00,0.1,0.0,11.212182482758621
2025-05-07 00:00:00,0.1,0.0,11.112182482758621
2025-05-07 01:00:00,0.1,0.0,11.012182482758622
2025-05-07 02:00:00,0.1,0.0,10.912182482758622
2025-05-07 03:00:00,0.1,0.0,10.812182482758622
2025-05-07 04:00:00,0.11,0.0,10.702182482758623
2025-05-07 05:00:00,0.92,0.047473,9.829655482758623
2025-05-07 06:00:00,0.39,0.451013,9.890668482758624
2025-05-07 07:00:00,0.26,1.109225,10.739893482758625
2025-05-07 08:00:00,0.38,1.407703,11.767596482758623
2025-05-07 09:00:00,0.13,3.740372,13.5
2025-05-07 10:00:00,2.4499999999999997,4.27135,13.5
2025-05-07 11:00:00,2.679892307692308,4.566497999999999,13.5
2025-05-07 12:00:00,2.7098923076923076,4.583333,13.5
2025-05-07 13:00:00,2.6698923076923076,4.369353,13.5
2025-05-07 14:00:00,2.44,3.89281,13.5
2025-05-07 15:00:00,0.15,3.173281,13.5
2025-05-07 16:00:00,0.11,2.23531,13.5
2025-05-07 17:00:00,2.1026827586206895,1.0923589999999999,12.48967624137931
2025-05-07 18:00:00,2.0126827586206897,0.18441300000000002,10.66140648275862
2025-05-07 19:00:00,0.23,0.0,10.43140648275862
2025-05-07 20:00:00,0.14,0.0,10.29140648275862
2025-05-07 21:00:00,0.12,0.0,10.17140648275862
2025-05-07 22:00:00,0.14,0.0,10.03140648275862
2025-05-07 23:00:00,0.1,0.0,9.93140648275862
2025-05-08 00:00:00,0.09,0.0,9.84140648275862
2025-05-08 01:00:00,0.11,0.0,9.73140648275862
2025-05-08 02:00:00,0.45,0.0,9.281406482758621
2025-05-08 03:00:00,0.55,0.0,8.73140648275862
2025-05-08 04:00:00,0.56,0.0,8.17140648275862
2025-05-08 05:00:00,0.92,0.0,7.25140648275862
2025-05-08 06:00:00,0.41,0.546427,7.38783348275862
2025-05-08 07:00:00,0.97,1.972711,8.39054448275862
2025-05-08 08:00:00,0.8099999999999999,2.945005,10.52554948275862
2025-05-08 09:00:00,1.26,3.719518,12.98506748275862
2025-05-08 10:00:00,0.6699999999999999,4.329463,13.5
2025-05-08 11:00:00,0.8498923076923077,4.583333,13.5
2025-05-08 12:00:00,0.5498923076923077,4.583333,13.5
2025-05-08 13:00:00,0.5398923076923077,4.417888,13.5
2025-05-08 14:00:00,0.11,3.942565,13.5
2025-05-08 15:00:00,0.1,3.196154,13.5
2025-05-08 16:00:00,0.1,2.255608,13.5
2025-05-08 17:00:00,0.7526827586206897,1.125661,13.5
2025-05-08 18:00:00,2.3726827586206896,0.20413,11.33144724137931
2025-05-08 19:00:00,0.18,0.0,11.15144724137931
2025-05-08 20:00:00,0.19,0.0,10.961447241379311
2025-05-08 21:00:00,0.15,0.0,10.81144724137931
2025-05-08 22:00:00,0.18,0.0,10.63144724137931
2025-05-08 23:00:00,0.1,0.0,10.531447241379311
2025-05-09 00:00:00,0.11,0.0,10.421447241379312
2025-05-09 01:00:00,0.1,0.0,10.321447241379312
2025-05-09 02:00:00,0.1,0.0,10.221447241379312
2025-05-09 03:00:00,0.4600000000000001,0.0,9.761447241379312
2025-05-09 04:00:00,0.5599999999999999,0.0,9.201447241379311
2025-05-09 05:00:00,1.01,0.055460999999999996,8.24690824137931
2025-05-09 06:00:00,0.11,0.919058,9.055966241379311
2025-05-09 07:00:00,0.21,2.0665430000000002,10.912509241379311
2025-05-09 08:00:00,0.2299999999999999,3.052757,13.5
2025-05-09 09:00:00,0.27,3.819833,13.5
2025-05-09 10:00:00,2.48,4.3542060000000005,13.5
2025-05-09 11:00:00,3.0247307692307692,4.583333,13.5
2025-05-09 12:00:00,3.0447307692307692,4.583333,13.5
2025-05-09 13:00:00,3.114730769230769,4.467723,13.5
2025-05-09 14:00:00,2.47,3.9819560000000003,13.5
2025-05-09 15:00:00,0.17,3.2560599999999997,13.5
2025-05-09 16:00:00,0.16,2.32005,13.5
2025-05-09 17:00:00,1.7417068965517244,1.171483,12.929776103448276
2025-05-09 18:00:00,1.9017068965517243,0.210147,11.238216206896553
2025-05-09 19:00:00,0.1699999999999999,0.0,11.068216206896553
2025-05-09 20:00:00,0.18,0.0,10.888216206896553
2025-05-09 21:00:00,0.33,0.0,10.558216206896553
2025-05-09 22:00:00,0.1699999999999999,0.0,10.388216206896553
2025-05-09 23:00:00,0.11,0.0,10.278216206896554
2025-05-10 00:00:00,0.11,0.0,10.168216206896554
2025-05-10 01:00:00,0.1,0.0,10.068216206896555
2025-05-10 02:00:00,0.09,0.0,9.978216206896555
2025-05-10 03:00:00,0.1,0.0,9.878216206896555
2025-05-10 04:00:00,0.1,0.0,9.778216206896555
2025-05-10 05:00:00,0.41,0.066829,9.435045206896556
2025-05-10 06:00:00,0.8799999999999999,0.932369,9.487414206896556
2025-05-10 07:00:00,0.34,2.065572,11.212986206896556
2025-05-10 08:00:00,0.19,2.998493,13.5
2025-05-10 09:00:00,0.12,3.697859,13.5
2025-05-10 10:00:00,2.42,4.166316,13.5
2025-05-10 11:00:00,3.0347307692307695,4.471787999999999,13.5
2025-05-10 12:00:00,3.184730769230769,4.514939999999999,13.5
2025-05-10 13:00:00,3.134730769230769,4.333344,13.5
2025-05-10 14:00:00,2.55,3.87572,13.5
2025-05-10 15:00:00,0.22,3.187129,13.5
2025-05-10 16:00:00,0.2,2.286756,13.5
2025-05-10 17:00:00,1.7317068965517244,1.169877,12.938170103448275
2025-05-10 18:00:00,1.801706896551724,0.221192,11.35765520689655
2025-05-10 19:00:00,0.13,0.0,11.22765520689655
2025-05-10 20:00:00,0.23,0.0,10.99765520689655
2025-05-10 21:00:00,0.25,0.0,10.74765520689655
2025-05-10 22:00:00,0.5700000000000001,0.0,10.17765520689655
2025-05-10 23:00:00,0.63,0.0,9.547655206896549
2025-05-11 00:00:00,0.1,0.0,9.447655206896549
2025-05-11 01:00:00,0.1,0.0,9.34765520689655
2025-05-11 02:00:00,0.46,0.0,8.887655206896548
2025-05-11 03:00:00,0.56,0.0,8.327655206896548
2025-05-11 04:00:00,1.02,0.0,7.307655206896548
2025-05-11 05:00:00,0.57,0.07847799999999999,6.816133206896549
2025-05-11 06:00:00,0.5,0.442807,6.758940206896549
2025-05-11 07:00:00,1.94,1.0740239999999999,5.892964206896549
2025-05-11 08:00:00,1.02,2.986118,7.859082206896549
2025-05-11 09:00:00,0.19,2.521738,10.190820206896548
2025-05-11 10:00:00,2.46,2.835839,10.56665920689655
2025-05-11 11:00:00,2.605818681318681,4.466769,12.427609525577868
2025-05-11 12:00:00,2.595818681318681,4.491218,13.5
2025-05-11 13:00:00,2.7258186813186813,4.264541,13.5
2025-05-11 14:00:00,2.52,3.826693,13.5
2025-05-11 15:00:00,0.24,3.1345300000000003,13.5
2025-05-11 16:00:00,0.13,2.244086,13.5
2025-05-11 17:00:00,0.590772577996716,1.149341,13.5
2025-05-11 18:00:00,0.600772577996716,0.22326400000000002,13.122491422003284
2025-05-11 19:00:00,0.16,0.0,12.962491422003284
2025-05-11 20:00:00,0.26,0.0,12.702491422003284
2025-05-11 21:00:00,0.26,0.0,12.442491422003284
2025-05-11 22:00:00,0.15,0.0,12.292491422003284
2025-05-11 23:00:00,0.11,0.0,12.182491422003284
2025-05-12 00:00:00,0.11,0.0,12.072491422003285
2025-05-12 01:00:00,0.11,0.0,11.962491422003286
2025-05-12 02:00:00,0.11,0.0,11.852491422003286
2025-05-12 03:00:00,0.12,0.0,11.732491422003287
2025-05-12 04:00:00,0.11,0.0,11.622491422003288
2025-05-12 05:00:00,0.4499999999999999,0.09010599999999999,11.262597422003287
2025-05-12 06:00:00,0.49,0.446869,11.219466422003286
2025-05-12 07:00:00,0.51,2.0663400000000003,12.775806422003287
2025-05-12 08:00:00,0.4800000000000001,2.9952460000000003,13.5
2025-05-12 09:00:00,0.19,3.6789720000000004,13.5
2025-05-12 10:00:00,0.15,4.163174,13.5
2025-05-12 11:00:00,0.3858186813186813,4.418239,13.5
2025-05-12 12:00:00,0.3858186813186813,4.47551,13.5
2025-05-12 13:00:00,0.4558186813186814,4.2727569999999995,13.5
2025-05-12 14:00:00,0.24,3.85727,13.5
2025-05-12 15:00:00,0.15,3.184219,13.5
2025-05-12 16:00:00,0.28,2.300733,13.5
2025-05-12 17:00:00,0.640772577996716,1.189102,13.5
2025-05-12 18:00:00,0.7807725779967161,0.235327,12.954554422003284
2025-05-12 19:00:00,0.14,0.0,12.814554422003283
2025-05-12 20:00:00,0.24,0.0,12.574554422003283
2025-05-12 21:00:00,0.21,0.0,12.364554422003282
2025-05-12 22:00:00,0.1,0.0,12.264554422003282
2025-05-12 23:00:00,0.11,0.0,12.154554422003283
2025-05-13 00:00:00,0.09,0.0,12.064554422003283
2025-05-13 01:00:00,0.1,0.0,11.964554422003284
2025-05-13 02:00:00,0.1,0.0,11.864554422003284
2025-05-13 03:00:00,0.11,0.0,11.754554422003284
2025-05-13 04:00:00,0.55,0.0,11.204554422003284
2025-05-13 05:00:00,0.74,0.09626900000000001,10.560823422003283
2025-05-13 06:00:00,0.11,0.40903100000000003,10.859854422003282
2025-05-13 07:00:00,0.12,0.900332,11.640186422003282
2025-05-13 08:00:00,0.43,1.0311510000000002,12.241337422003282
2025-05-13 09:00:00,0.1,1.8249980000000001,13.5
2025-05-13 10:00:00,0.09,2.8834720000000003,13.5
2025-05-13 11:00:00,0.2558186813186813,3.262782,13.5
2025-05-13 12:00:00,0.2658186813186813,3.283735,13.5
2025-05-13 13:00:00,0.2658186813186813,2.1091320000000002,13.5
2025-05-13 14:00:00,0.11,1.9662,13.5
2025-05-13 15:00:00,0.1,1.450258,13.5
2025-05-13 16:00:00,0.1,1.0716130000000001,13.5
2025-05-13 17:00:00,0.610772577996716,0.386682,13.275909422003284
2025-05-13 18:00:00,0.580772577996716,0.24061600000000002,12.935752844006569
2025-05-13 19:00:00,0.1,0.0,12.835752844006569
2025-05-13 20:00:00,0.19,0.0,12.64575284400657
2025-05-13 21:00:00,0.26,0.0,12.38575284400657
2025-05-13 22:00:00,0.32,0.0,12.06575284400657
2025-05-13 23:00:00,0.1,0.0,11.96575284400657
2025-05-14 00:00:00,0.1,0.0,11.86575284400657
2025-05-14 01:00:00,0.1,0.0,11.76575284400657
2025-05-14 02:00:00,0.54,0.0,11.225752844006571
2025-05-14 03:00:00,0.49,0.0,10.735752844006571
2025-05-14 04:00:00,0.94,0.0,9.795752844006572
2025-05-14 05:00:00,0.5499999999999999,0.10685800000000001,9.352610844006572
2025-05-14 06:00:00,0.5700000000000001,0.376654,9.159264844006572
2025-05-14 07:00:00,0.21,0.26822,9.217484844006572
2025-05-14 08:00:00,0.21,1.067437,10.074921844006571
2025-05-14 09:00:00,0.2,0.978324,10.85324584400657
2025-05-14 10:00:00,2.47,1.005962,9.38920784400657
2025-05-14 11:00:00,2.5758186813186814,1.830898,8.644287162687888
2025-05-14 12:00:00,2.6858186813186813,1.98681,7.945278481369207
2025-05-14 13:00:00,2.5758186813186814,3.8187480000000003,9.188207800050526
2025-05-14 14:00:00,2.4099999999999997,2.40126,9.179467800050526
2025-05-14 15:00:00,0.1,2.4332190000000002,11.512686800050526
2025-05-14 16:00:00,0.11,1.0931089999999999,12.495795800050526
2025-05-14 17:00:00,1.520772577996716,0.416089,11.39111222205381
2025-05-14 18:00:00,2.5207725779967163,0.261202,9.131541644057094
2025-05-14 19:00:00,0.16,0.0,8.971541644057094
2025-05-14 20:00:00,0.56,0.0,8.411541644057094
2025-05-14 21:00:00,0.16,0.0,8.251541644057093
2025-05-14 22:00:00,0.43,0.0,7.821541644057094
2025-05-14 23:00:00,0.28,0.0,7.5415416440570935
2025-05-15 00:00:00,0.6000000000000001,0.0,6.941541644057093
2025-05-15 01:00:00,0.1,0.0,6.841541644057093
2025-05-15 02:00:00,0.1,0.0,6.741541644057094
2025-05-15 03:00:00,0.79,0.0,5.951541644057094
2025-05-15 04:00:00,0.82,0.0,5.131541644057093
2025-05-15 05:00:00,0.6400000000000001,0.115745,4.607286644057093
2025-05-15 06:00:00,0.58,0.29188600000000003,4.319172644057093
2025-05-15 07:00:00,0.13,1.236963,5.4261356440570925
2025-05-15 08:00:00,0.09,1.691959,7.028094644057092
2025-05-15 09:00:00,0.1,3.811942,10.740036644057092
2025-05-15 10:00:00,0.1,4.339912,13.5
2025-05-15 11:00:00,0.2758186813186813,4.583333,13.5
2025-05-15 12:00:00,0.2658186813186813,4.583333,13.5
2025-05-15 13:00:00,0.2758186813186813,4.423675,13.5
2025-05-15 14:00:00,0.1,3.938107,13.5
2025-05-15 15:00:00,0.11,3.230318,13.5
2025-05-15 16:00:00,0.1,2.325192,13.5
2025-05-15 17:00:00,0.570772577996716,1.209071,13.5
2025-05-15 18:00:00,2.860772577996716,0.256822,10.896049422003284
2025-05-15 19:00:00,0.86,0.0,10.036049422003284
2025-05-15 20:00:00,0.21,0.0,9.826049422003283
2025-05-15 21:00:00,0.1699999999999999,0.0,9.656049422003283
2025-05-15 22:00:00,0.16,0.0,9.496049422003283
2025-05-15 23:00:00,0.11,0.0,9.386049422003284
2025-05-16 00:00:00,0.11,0.0,9.276049422003284
2025-05-16 01:00:00,0.1,0.0,9.176049422003285
2025-05-16 02:00:00,0.1,0.0,9.076049422003285
2025-05-16 03:00:00,0.09,0.0,8.986049422003285
2025-05-16 04:00:00,0.72,0.0,8.266049422003285
2025-05-16 05:00:00,0.8600000000000001,0.078708,7.484757422003284
2025-05-16 06:00:00,0.49,1.007949,8.002706422003284
2025-05-16 07:00:00,0.27,2.1333029999999997,9.866009422003284
2025-05-16 08:00:00,0.22,3.087217,12.733226422003284
2025-05-16 09:00:00,0.12,3.82436,13.5
2025-05-16 10:00:00,2.47,3.3948139999999998,13.5
2025-05-16 11:00:00,2.605818681318681,3.847581,13.5
2025-05-16 12:00:00,2.5758186813186814,4.583333,13.5
2025-05-16 13:00:00,2.6258186813186812,3.9050369999999996,13.5
2025-05-16 14:00:00,2.4099999999999997,3.5030639999999997,13.5
2025-05-16 15:00:00,0.11,2.472647,13.5
2025-05-16 16:00:00,0.12,2.2134270000000003,13.5
2025-05-16 17:00:00,1.640772577996716,1.243798,13.103025422003284
2025-05-16 18:00:00,1.880772577996716,0.210596,11.432848844006568
2025-05-16 19:00:00,0.23,0.0,11.202848844006567
2025-05-16 20:00:00,0.38,0.0,10.822848844006566
2025-05-16 21:00:00,0.21,0.0,10.612848844006566
2025-05-16 22:00:00,0.16,0.0,10.452848844006565
2025-05-16 23:00:00,0.11,0.0,10.342848844006566
2025-05-17 00:00:00,0.11,0.0,10.232848844006567
2025-05-17 01:00:00,0.09,0.0,10.142848844006567
2025-05-17 02:00:00,0.1,0.0,10.042848844006567
2025-05-17 03:00:00,0.6000000000000001,0.0,9.442848844006567
2025-05-17 04:00:00,0.5599999999999999,0.0,8.882848844006567
2025-05-17 05:00:00,0.94,0.117787,8.060635844006567
2025-05-17 06:00:00,0.63,1.000958,8.431593844006567
2025-05-17 07:00:00,0.65,1.737457,9.519050844006568
2025-05-17 08:00:00,0.66,3.1528180000000003,12.011868844006568
2025-05-17 09:00:00,0.11,3.887759,13.5
2025-05-17 10:00:00,2.4,4.413118000000001,13.5
2025-05-17 11:00:00,2.5758186813186814,4.583333,13.5
2025-05-17 12:00:00,2.615818681318681,4.583333,13.5
2025-05-17 13:00:00,2.5758186813186814,4.489292000000001,13.5
2025-05-17 14:00:00,2.4299999999999997,4.010004,13.5
2025-05-17 15:00:00,0.15,3.301981,13.5
2025-05-17 16:00:00,0.22,2.3962950000000003,13.5
2025-05-17 17:00:00,0.580772577996716,1.2623,13.5
2025-05-17 18:00:00,0.7907725779967161,0.285469,12.994696422003283
2025-05-17 19:00:00,0.13,0.0,12.864696422003282
2025-05-17 20:00:00,0.16,0.0,12.704696422003282
2025-05-17 21:00:00,0.13,0.0,12.574696422003282
2025-05-17 22:00:00,0.2,0.0,12.374696422003282
2025-05-17 23:00:00,0.6100000000000001,0.0,11.764696422003283
2025-05-18 00:00:00,0.5599999999999999,0.0,11.204696422003282
2025-05-18 01:00:00,0.7000000000000001,0.0,10.504696422003283
2025-05-18 02:00:00,0.85,0.0,9.654696422003283
2025-05-18 03:00:00,1.27,0.0,8.384696422003284
2025-05-18 04:00:00,0.64,0.0,7.744696422003284
2025-05-18 05:00:00,1.0,0.15116300000000002,6.8958594220032845
2025-05-18 06:00:00,1.02,1.0817970000000001,6.957656422003285
2025-05-18 07:00:00,0.27,2.223809,8.911465422003285
2025-05-18 08:00:00,0.45,3.1711709999999997,11.632636422003285
2025-05-18 09:00:00,0.22,3.8854740000000003,13.5
2025-05-18 10:00:00,2.51,4.387332000000001,13.5
2025-05-18 11:00:00,2.8073653846153848,4.583333,13.5
2025-05-18 12:00:00,2.8173653846153845,4.583333,13.5
2025-05-18 13:00:00,3.1673653846153846,4.431337999999999,13.5
2025-05-18 14:00:00,4.85,3.964183,12.614183
2025-05-18 15:00:00,2.79,3.266698,13.090881
2025-05-18 16:00:00,1.16,2.386333,13.5
2025-05-18 17:00:00,1.025853448275862,1.28229,13.5
2025-05-18 18:00:00,1.1058534482758622,0.290594,12.684740551724138
2025-05-18 19:00:00,0.17,0.0,12.514740551724138
2025-05-18 20:00:00,0.28,0.0,12.234740551724139
2025-05-18 21:00:00,0.16,0.0,12.074740551724139
2025-05-18 22:00:00,0.11,0.0,11.96474055172414
2025-05-18 23:00:00,0.1,0.0,11.86474055172414
2025-05-19 00:00:00,0.1,0.0,11.76474055172414
2025-05-19 01:00:00,0.1,0.0,11.66474055172414
2025-05-19 02:00:00,0.1,0.0,11.56474055172414
2025-05-19 03:00:00,0.11,0.0,11.454740551724141
2025-05-19 04:00:00,0.15,0.0,11.30474055172414
2025-05-19 05:00:00,1.35,0.154984,10.10972455172414
2025-05-19 06:00:00,0.6,1.055663,10.56538755172414
2025-05-19 07:00:00,0.16,2.1711810000000002,12.57656855172414
2025-05-19 08:00:00,0.3299999999999999,3.069969,13.5
2025-05-19 09:00:00,0.29,3.744681,13.5
2025-05-19 10:00:00,0.14,4.222582,13.5
2025-05-19 11:00:00,0.5573653846153848,4.474953,13.5
2025-05-19 12:00:00,0.4273653846153847,4.490889,13.5
2025-05-19 13:00:00,0.3973653846153847,4.293609,13.5
2025-05-19 14:00:00,0.16,3.843918,13.5
2025-05-19 15:00:00,0.14,3.176212,13.5
2025-05-19 16:00:00,0.21,2.31123,13.5
2025-05-19 17:00:00,1.005853448275862,1.237078,13.5
2025-05-19 18:00:00,1.005853448275862,0.285293,12.779439551724138
2025-05-19 19:00:00,0.15,0.0,12.629439551724138
2025-05-19 20:00:00,0.5700000000000001,0.0,12.059439551724138
2025-05-19 21:00:00,0.15,0.0,11.909439551724137
2025-05-19 22:00:00,0.21,0.0,11.699439551724137
2025-05-19 23:00:00,0.2,0.0,11.499439551724137
2025-05-20 00:00:00,0.2,0.0,11.299439551724138
2025-05-20 01:00:00,0.19,0.0,11.109439551724138
2025-05-20 02:00:00,0.19,0.0,10.919439551724139
2025-05-20 03:00:00,0.54,0.0,10.37943955172414
2025-05-20 04:00:00,0.63,0.0,9.749439551724139
2025-05-20 05:00:00,0.79,0.154142,9.113581551724138
2025-05-20 06:00:00,0.65,1.023428,9.487009551724139
2025-05-20 07:00:00,0.14,2.107628,11.454637551724138
2025-05-20 08:00:00,0.1,2.995839,13.5
2025-05-20 09:00:00,0.1,3.66879,13.5
2025-05-20 10:00:00,0.1,4.1490659999999995,13.5
2025-05-20 11:00:00,0.3973653846153847,4.400052,13.5
2025-05-20 12:00:00,0.3873653846153847,4.429994,13.5
2025-05-20 13:00:00,0.3873653846153847,4.260746,13.5
2025-05-20 14:00:00,0.1,3.8416729999999997,13.5
2025-05-20 15:00:00,0.1,3.185728,13.5
2025-05-20 16:00:00,0.1,2.329335,13.5
2025-05-20 17:00:00,0.925853448275862,1.256547,13.5
2025-05-20 18:00:00,1.0758534482758622,0.298006,12.722152551724138
2025-05-20 19:00:00,0.27,0.0,12.452152551724138
2025-05-20 20:00:00,0.21,0.0,12.242152551724137
2025-05-20 21:00:00,0.22,0.0,12.022152551724137
2025-05-20 22:00:00,0.21,0.0,11.812152551724136
2025-05-20 23:00:00,0.11,0.0,11.702152551724136
2025-05-21 00:00:00,0.11,0.0,11.592152551724137
2025-05-21 01:00:00,0.11,0.0,11.482152551724138
2025-05-21 02:00:00,0.46,0.0,11.022152551724137
2025-05-21 03:00:00,0.93,0.0,10.092152551724137
2025-05-21 04:00:00,0.5599999999999999,0.0,9.532152551724137
2025-05-21 05:00:00,0.93,0.16012600000000002,8.762278551724137
2025-05-21 06:00:00,0.64,1.023487,9.145765551724137
2025-05-21 07:00:00,0.1699999999999999,2.103875,11.079640551724138
2025-05-21 08:00:00,0.11,2.996218,13.5
2025-05-21 09:00:00,0.08,3.695459,13.5
2025-05-21 10:00:00,2.4099999999999997,4.163086,13.5
2025-05-21 11:00:00,2.6973653846153844,4.411479,13.5
2025-05-21 12:00:00,2.6973653846153844,4.45032,13.5
2025-05-21 13:00:00,2.6973653846153844,4.250006,13.5
2025-05-21 14:00:00,2.4099999999999997,3.826946,13.5
2025-05-21 15:00:00,0.11,3.1699450000000002,13.5
2025-05-21 16:00:00,0.11,2.312703,13.5
2025-05-21 17:00:00,0.9558534482758622,0.933239,13.477385551724138
2025-05-21 18:00:00,1.295853448275862,0.302152,12.483684103448276
2025-05-21 19:00:00,0.29,0.0,12.193684103448277
2025-05-21 20:00:00,0.19,0.0,12.003684103448277
2025-05-21 21:00:00,0.26,0.0,11.743684103448278
2025-05-21 22:00:00,0.25,0.0,11.493684103448278
2025-05-21 23:00:00,0.21,0.0,11.283684103448277
2025-05-22 00:00:00,0.19,0.0,11.093684103448277
2025-05-22 01:00:00,0.5,0.0,10.593684103448277
2025-05-22 02:00:00,0.54,0.0,10.053684103448276
2025-05-22 03:00:00,1.02,0.0,9.033684103448277
2025-05-22 04:00:00,0.64,0.0,8.393684103448276
2025-05-22 05:00:00,0.89,0.16747399999999998,7.671158103448276
2025-05-22 06:00:00,0.53,0.491589,7.632747103448276
2025-05-22 07:00:00,0.13,1.6422670000000001,9.145014103448275
2025-05-22 08:00:00,0.11,2.4354850000000003,11.470499103448276
2025-05-22 09:00:00,0.36,2.927187,13.5
2025-05-22 10:00:00,0.61,3.417885,13.5
2025-05-22 11:00:00,0.9631538461538462,3.633607,13.5
2025-05-22 12:00:00,0.8531538461538463,4.524285,13.5
2025-05-22 13:00:00,0.5131538461538463,4.307457,13.5
2025-05-22 14:00:00,0.11,3.878985,13.5
2025-05-22 15:00:00,0.1,3.219755,13.5
2025-05-22 16:00:00,0.1,2.358858,13.5
2025-05-22 17:00:00,1.1878045977011498,1.2829480000000002,13.5
2025-05-22 18:00:00,1.2678045977011496,0.31989100000000004,12.552086402298851
2025-05-22 19:00:00,0.12,0.0,12.432086402298852
2025-05-22 20:00:00,0.12,0.0,12.312086402298853
2025-05-22 21:00:00,0.24,0.0,12.072086402298853
2025-05-22 22:00:00,0.25,0.0,11.822086402298853
2025-05-22 23:00:00,0.21,0.0,11.612086402298852
2025-05-23 00:00:00,0.21,0.0,11.40208640229885
2025-05-23 01:00:00,0.21,0.0,11.19208640229885
2025-05-23 02:00:00,0.63,0.0,10.56208640229885
2025-05-23 03:00:00,0.64,0.0,9.922086402298849
2025-05-23 04:00:00,1.02,0.0,8.902086402298849
2025-05-23 05:00:00,0.58,0.17659,8.49867640229885
2025-05-23 06:00:00,1.04,0.6379900000000001,8.09666640229885
2025-05-23 07:00:00,0.65,2.1554510000000002,9.60211740229885
2025-05-23 08:00:00,0.24,3.0453989999999997,12.40751640229885
2025-05-23 09:00:00,0.18,2.3750999999999998,13.5
2025-05-23 10:00:00,2.4299999999999997,2.9823809999999997,13.5
2025-05-23 11:00:00,2.783153846153846,4.421682,13.5
2025-05-23 12:00:00,2.893153846153846,4.4606580000000005,13.5
2025-05-23 13:00:00,2.823153846153846,2.6871039999999997,13.363950153846154
2025-05-23 14:00:00,2.4499999999999997,1.850723,12.764673153846154
2025-05-23 15:00:00,1.31,1.4049559999999999,12.859629153846154
2025-05-23 16:00:00,1.74,0.979606,12.099235153846154
2025-05-23 17:00:00,2.17780459770115,0.376835,10.298265556145004
2025-05-23 18:00:00,3.3678045977011495,0.325923,7.256383958443855
2025-05-23 19:00:00,1.55,0.0,5.706383958443856
2025-05-23 20:00:00,0.8999999999999999,0.0,4.806383958443856
2025-05-23 21:00:00,1.16,0.0,3.646383958443856
2025-05-23 22:00:00,1.71,0.0,1.936383958443856
2025-05-23 23:00:00,1.45,0.0,0.48638395844385607
2025-05-24 00:00:00,0.2,0.0,0.28638395844385606
2025-05-24 01:00:00,0.2,0.0,0.08638395844385605
2025-05-24 02:00:00,0.3,0.0,0.0
2025-05-24 03:00:00,0.22,0.0,0.0
2025-05-24 04:00:00,0.19,0.0,0.0
2025-05-24 05:00:00,0.54,0.182744,0.0
2025-05-24 06:00:00,0.76,1.085945,0.32594499999999993
2025-05-24 07:00:00,0.85,0.638645,0.11458999999999997
2025-05-24 08:00:00,0.66,0.778048,0.2326379999999999
2025-05-24 09:00:00,0.64,1.1459480000000002,0.7385860000000001
2025-05-24 10:00:00,4.52,2.330294,0.0
2025-05-24 11:00:00,4.253153846153846,2.7888040000000003,0.0
2025-05-24 12:00:00,3.123153846153846,2.11334,0.0
2025-05-24 13:00:00,3.213153846153846,2.494281,0.0
2025-05-24 14:00:00,3.0,1.4190150000000001,0.0
2025-05-24 15:00:00,0.44,1.016897,0.576897
2025-05-24 16:00:00,0.4,1.036707,1.2136040000000001
2025-05-24 17:00:00,1.6478045977011495,0.792489,0.3582884022988506
2025-05-24 18:00:00,1.7578045977011496,0.016827,0.0
2025-05-24 19:00:00,0.32,0.0,0.0
2025-05-24 20:00:00,0.24,0.0,0.0
2025-05-24 21:00:00,0.21,0.0,0.0
2025-05-24 22:00:00,3.22,0.0,0.0
2025-05-24 23:00:00,1.11,0.0,0.0
2025-05-25 00:00:00,0.21,0.0,0.0
2025-05-25 01:00:00,0.32,0.0,0.0
2025-05-25 02:00:00,0.23,0.0,0.0
2025-05-25 03:00:00,0.21,0.0,0.0
2025-05-25 04:00:00,0.2,0.0,0.0
2025-05-25 05:00:00,0.55,0.18320699999999998,0.0
2025-05-25 06:00:00,0.65,0.235412,0.0
2025-05-25 07:00:00,0.71,1.506159,0.7961590000000001
2025-05-25 08:00:00,0.97,1.7425789999999999,1.568738
2025-05-25 09:00:00,0.52,2.15377,3.202508
2025-05-25 10:00:00,2.4299999999999997,2.034219,2.8067270000000004
2025-05-25 11:00:00,3.214730769230769,2.878736,2.470732230769231
2025-05-25 12:00:00,3.014730769230769,2.692831,2.148832461538462
2025-05-25 13:00:00,3.264730769230769,2.2639810000000002,1.1480826923076934
2025-05-25 14:00:00,2.65,2.064451,0.5625336923076936
2025-05-25 15:00:00,0.25,1.798159,2.1106926923076936
2025-05-25 16:00:00,0.31,1.263774,3.0644666923076933
2025-05-25 17:00:00,1.8917068965517243,0.9896029999999999,2.162362795755969
2025-05-25 18:00:00,1.8817068965517243,0.136298,0.41695389920424475
2025-05-25 19:00:00,0.24,0.0,0.17695389920424476
2025-05-25 20:00:00,0.14,0.0,0.036953899204244745
2025-05-25 21:00:00,0.15,0.0,0.0
2025-05-25 22:00:00,1.89,0.0,0.0
2025-05-25 23:00:00,0.32,0.0,0.0
2025-05-26 00:00:00,0.32,0.0,0.0
2025-05-26 01:00:00,0.21,0.0,0.0
2025-05-26 02:00:00,0.22,0.0,0.0
2025-05-26 03:00:00,0.19,0.0,0.0
2025-05-26 04:00:00,0.72,0.0,0.0
2025-05-26 05:00:00,0.87,0.159828,0.0
2025-05-26 06:00:00,0.6499999999999999,0.7575810000000001,0.10758100000000015
2025-05-26 07:00:00,1.83,1.8629120000000001,0.1404930000000002
2025-05-26 08:00:00,1.41,3.030052,1.7605450000000002
2025-05-26 09:00:00,0.14,3.73372,5.354265
2025-05-26 10:00:00,0.22,4.270448999999999,9.404713999999998
2025-05-26 11:00:00,0.6847307692307694,4.536065,13.25604823076923
2025-05-26 12:00:00,0.6847307692307694,4.561225,13.5
2025-05-26 13:00:00,0.6847307692307694,4.3555079999999995,13.5
2025-05-26 14:00:00,0.11,3.924112,13.5
2025-05-26 15:00:00,2.0,3.276024,13.5
2025-05-26 16:00:00,3.49,2.442257,12.452257
2025-05-26 17:00:00,4.201706896551724,1.3680940000000001,9.618644103448275
2025-05-26 18:00:00,2.531706896551724,0.357643,7.444580206896552
2025-05-26 19:00:00,0.32,0.0,7.124580206896551
2025-05-26 20:00:00,0.23,0.0,6.894580206896551
2025-05-26 21:00:00,0.15,0.0,6.744580206896551
2025-05-26 22:00:00,1.32,0.0,5.42458020689655
2025-05-26 23:00:00,0.11,0.0,5.31458020689655
2025-05-27 00:00:00,0.1,0.0,5.21458020689655
2025-05-27 01:00:00,0.1,0.0,5.114580206896551
2025-05-27 02:00:00,0.1,0.0,5.014580206896551
2025-05-27 03:00:00,0.1,0.0,4.914580206896551
2025-05-27 04:00:00,0.97,0.0,3.9445802068965516
2025-05-27 05:00:00,0.78,0.194465,3.3590452068965515
2025-05-27 06:00:00,1.09,1.108025,3.3770702068965512
2025-05-27 07:00:00,0.78,2.188378,4.785448206896551
2025-05-27 08:00:00,0.64,3.041071,7.186519206896551
2025-05-27 09:00:00,0.38,3.701759,10.508278206896552
2025-05-27 10:00:00,0.34,4.165861,13.5
2025-05-27 11:00:00,1.408192307692308,4.416448999999999,13.5
2025-05-27 12:00:00,1.418192307692308,4.441854,13.5
2025-05-27 13:00:00,1.678192307692308,4.254279,13.5
2025-05-27 14:00:00,0.28,3.834504,13.5
2025-05-27 15:00:00,0.35,3.20768,13.5
2025-05-27 16:00:00,0.33,2.394521,13.5
2025-05-27 17:00:00,3.501419540229885,1.351297,11.349877459770115
2025-05-27 18:00:00,3.871419540229885,0.35893200000000003,7.83738991954023
2025-05-27 19:00:00,2.99,0.0,4.8473899195402295
2025-05-27 20:00:00,0.39,0.0,4.45738991954023
2025-05-27 21:00:00,0.41,0.0,4.04738991954023
2025-05-27 22:00:00,1.6800000000000002,0.0,2.3673899195402295
2025-05-27 23:00:00,0.24,0.0,2.1273899195402297
2025-05-28 00:00:00,0.22,0.0,1.9073899195402297
2025-05-28 01:00:00,0.26,0.0,1.6473899195402297
2025-05-28 02:00:00,0.3,0.0,1.3473899195402297
2025-05-28 03:00:00,0.2299999999999999,0.0,1.1173899195402297
2025-05-28 04:00:00,0.44,0.0,0.6773899195402298
2025-05-28 05:00:00,1.02,0.20313900000000001,0.0
2025-05-28 06:00:00,0.6,1.1224480000000001,0.5224480000000001
2025-05-28 07:00:00,0.91,2.218708,1.831156
2025-05-28 08:00:00,0.77,3.079087,4.140243
2025-05-28 09:00:00,0.63,3.7176,7.227843
2025-05-28 10:00:00,3.05,4.134692,8.312535
2025-05-28 11:00:00,3.2390961538461536,4.359451,9.432889846153847
2025-05-28 12:00:00,3.009096153846154,4.418982,10.842775692307693
2025-05-28 13:00:00,3.009096153846154,3.433696,11.26737553846154
2025-05-28 14:00:00,2.44,3.431082,12.25845753846154
2025-05-28 15:00:00,0.15,3.2071419999999997,13.5
2025-05-28 16:00:00,0.11,2.186412,13.5
2025-05-28 17:00:00,2.3657097701149423,0.6724880000000001,11.806778229885058
2025-05-28 18:00:00,4.455709770114942,0.278988,7.630056459770116
2025-05-28 19:00:00,0.49,0.0,7.140056459770116
2025-05-28 20:00:00,0.14,0.0,7.000056459770116
2025-05-28 21:00:00,0.2,0.0,6.800056459770116
2025-05-28 22:00:00,1.61,0.0,5.1900564597701155
2025-05-28 23:00:00,0.11,0.0,5.080056459770115
2025-05-29 00:00:00,0.11,0.0,4.970056459770115
2025-05-29 01:00:00,0.11,0.0,4.860056459770115
2025-05-29 02:00:00,0.1,0.0,4.760056459770115
2025-05-29 03:00:00,0.1,0.0,4.660056459770115
2025-05-29 04:00:00,0.55,0.0,4.1100564597701155
2025-05-29 05:00:00,0.97,0.130197,3.2702534597701156
2025-05-29 06:00:00,0.69,0.5210929999999999,3.1013464597701157
2025-05-29 07:00:00,0.2,0.941438,3.8427844597701157
2025-05-29 08:00:00,0.41,2.132187,5.564971459770116
2025-05-29 09:00:00,0.39,2.117946,7.292917459770116
2025-05-29 10:00:00,0.43,2.399487,9.262404459770117
2025-05-29 11:00:00,0.719096153846154,3.5553150000000002,12.098623305923963
2025-05-29 12:00:00,0.7790961538461539,2.07236,13.39188715207781
2025-05-29 13:00:00,0.699096153846154,1.340092,13.5
2025-05-29 14:00:00,0.35,0.893559,13.5
2025-05-29 15:00:00,0.42,0.987152,13.5
2025-05-29 16:00:00,0.23,0.431118,13.5
2025-05-29 17:00:00,3.375709770114942,0.249485,10.373775229885059
2025-05-29 18:00:00,3.1057097701149425,0.375187,7.643252459770116
2025-05-29 19:00:00,0.2,0.0,7.4432524597701155
2025-05-29 20:00:00,0.14,0.0,7.303252459770116
2025-05-29 21:00:00,0.15,0.0,7.1532524597701155
2025-05-29 22:00:00,1.75,0.0,5.4032524597701155
2025-05-29 23:00:00,0.61,0.0,4.793252459770115
2025-05-30 00:00:00,0.11,0.0,4.683252459770115
2025-05-30 01:00:00,0.11,0.0,4.5732524597701145
2025-05-30 02:00:00,0.12,0.0,4.453252459770114
2025-05-30 03:00:00,0.1,0.0,4.353252459770115
2025-05-30 04:00:00,0.11,0.0,4.2432524597701144
2025-05-30 05:00:00,0.11,0.20988800000000002,4.343140459770114
2025-05-30 06:00:00,0.16,1.089241,5.272381459770115
2025-05-30 07:00:00,0.53,2.1676509999999998,6.910032459770115
2025-05-30 08:00:00,0.25,1.0331089999999998,7.693141459770114
2025-05-30 09:00:00,0.15,1.231542,8.774683459770115
2025-05-30 10:00:00,2.57,1.443639,7.648322459770115
2025-05-30 11:00:00,3.009096153846154,2.139127,6.778353305923961
2025-05-30 12:00:00,3.309096153846154,3.277479,6.746736152077807
2025-05-30 13:00:00,3.059096153846154,4.333356,8.020995998231653
2025-05-30 14:00:00,2.48,3.901958,9.442953998231653
2025-05-30 15:00:00,0.22,3.261056,12.484009998231652
2025-05-30 16:00:00,0.16,2.421291,13.5
2025-05-30 17:00:00,1.7357097701149424,1.3579970000000001,13.122287229885057
2025-05-30 18:00:00,1.9757097701149424,0.383549,11.530126459770115
2025-05-30 19:00:00,0.2299999999999999,0.0,11.300126459770114
2025-05-30 20:00:00,0.21,0.0,11.090126459770113
2025-05-30 21:00:00,0.18,0.0,10.910126459770114
2025-05-30 22:00:00,0.22,0.0,10.690126459770113
2025-05-30 23:00:00,0.22,0.0,10.470126459770112
2025-05-31 00:00:00,0.2,0.0,10.270126459770113
2025-05-31 01:00:00,0.19,0.0,10.080126459770113
2025-05-31 02:00:00,0.86,0.0,9.220126459770114
2025-05-31 03:00:00,1.02,0.0,8.200126459770114
2025-05-31 04:00:00,0.7000000000000001,0.0,7.500126459770114
2025-05-31 05:00:00,1.07,0.222321,6.652447459770114
2025-05-31 06:00:00,0.2,1.155413,7.607860459770114
2025-05-31 07:00:00,0.24,0.608765,7.976625459770114
2025-05-31 08:00:00,0.14,1.3042660000000001,9.140891459770113
2025-05-31 09:00:00,1.89,1.773491,9.024382459770113
2025-05-31 10:00:00,4.76,3.0081930000000003,7.272575459770113
2025-05-31 11:00:00,3.179096153846154,4.583333,8.67681230592396
2025-05-31 12:00:00,3.019096153846154,4.583333,10.241049152077807
2025-05-31 13:00:00,3.119096153846154,4.461663,11.583615998231652
2025-05-31 14:00:00,2.44,4.013864,13.157479998231652
2025-05-31 15:00:00,0.11,3.3347420000000003,13.5
2025-05-31 16:00:00,0.12,2.510912,13.5
2025-05-31 17:00:00,1.7157097701149426,1.432325,13.216615229885058
2025-05-31 18:00:00,1.9257097701149424,0.411178,11.702083459770115
2025-05-31 19:00:00,0.15,0.0,11.552083459770115
2025-05-31 20:00:00,0.14,0.0,11.412083459770114
2025-05-31 21:00:00,0.11,0.0,11.302083459770115
2025-05-31 22:00:00,0.62,0.0,10.682083459770116
2025-05-31 23:00:00,0.8,0.0,9.882083459770115
2025-06-01 00:00:00,0.22,0.0,9.662083459770114
2025-06-01 01:00:00,1.01,0.0,8.652083459770115
2025-06-01 02:00:00,0.58,0.0,8.072083459770115
2025-06-01 03:00:00,1.03,0.0,7.042083459770114
2025-06-01 04:00:00,1.11,0.0,5.932083459770114
2025-06-01 05:00:00,0.8400000000000001,0.221418,5.313501459770114
2025-06-01 06:00:00,0.71,1.1322739999999998,5.735775459770114
2025-06-01 07:00:00,0.62,2.231497,7.347272459770114
2025-06-01 08:00:00,0.7,3.1077220000000003,9.754994459770113
2025-06-01 09:00:00,0.23,3.799833,13.324827459770113
2025-06-01 10:00:00,2.6599999999999997,4.2958739999999995,13.5
2025-06-01 11:00:00,2.923153846153846,4.562520999999999,13.5
2025-06-01 12:00:00,3.143153846153846,4.583333,13.5
2025-06-01 13:00:00,2.973153846153846,4.419073,13.5
2025-06-01 14:00:00,2.52,3.9805189999999997,13.5
2025-06-01 15:00:00,0.73,3.320788,13.5
2025-06-01 16:00:00,0.85,2.4709630000000002,13.5
2025-06-01 17:00:00,1.5078045977011496,1.411794,13.403989402298851
2025-06-01 18:00:00,3.59780459770115,0.40827800000000003,10.214462804597702
2025-06-01 19:00:00,0.6599999999999999,0.0,9.554462804597701
2025-06-01 20:00:00,0.26,0.0,9.294462804597702
2025-06-01 21:00:00,0.64,0.0,8.654462804597701
2025-06-01 22:00:00,1.54,0.0,7.114462804597701
2025-06-01 23:00:00,0.25,0.0,6.864462804597701
2025-06-02 00:00:00,0.32,0.0,6.544462804597701
2025-06-02 01:00:00,0.24,0.0,6.3044628045977005
2025-06-02 02:00:00,1.0,0.0,5.3044628045977005
2025-06-02 03:00:00,0.67,0.0,4.6344628045977005
2025-06-02 04:00:00,0.8200000000000001,0.0,3.8144628045977003
2025-06-02 05:00:00,1.03,0.229388,3.0138508045977
2025-06-02 06:00:00,0.69,1.1516780000000002,3.4755288045977
2025-06-02 07:00:00,0.97,2.256375,4.7619038045977
2025-06-02 08:00:00,0.37,3.150744,7.542647804597699
2025-06-02 09:00:00,0.41,3.8609009999999997,10.9935488045977
2025-06-02 10:00:00,0.19,4.3778500000000005,13.5
2025-06-02 11:00:00,0.6231538461538462,4.583333,13.5
2025-06-02 12:00:00,1.1631538461538462,4.583333,13.5
2025-06-02 13:00:00,1.0331538461538463,4.517333,13.5
2025-06-02 14:00:00,0.7,4.080629,13.5
2025-06-02 15:00:00,0.47,3.425462,13.5
2025-06-02 16:00:00,0.22,2.564192,13.5
2025-06-02 17:00:00,1.2978045977011496,1.481641,13.5
2025-06-02 18:00:00,1.3578045977011497,0.19003399999999998,12.33222940229885
2025-06-02 19:00:00,0.54,0.0,11.792229402298851
2025-06-02 20:00:00,0.6900000000000001,0.0,11.102229402298851
2025-06-02 21:00:00,0.43,0.0,10.672229402298852
2025-06-02 22:00:00,0.26,0.0,10.412229402298852
2025-06-02 23:00:00,0.2299999999999999,0.0,10.182229402298852
2025-06-03 00:00:00,0.22,0.0,9.962229402298851
2025-06-03 01:00:00,0.22,0.0,9.74222940229885
2025-06-03 02:00:00,0.22,0.0,9.52222940229885
2025-06-03 03:00:00,0.2299999999999999,0.0,9.29222940229885
2025-06-03 04:00:00,0.96,0.0,8.33222940229885
2025-06-03 05:00:00,0.56,0.23438,8.00660940229885
2025-06-03 06:00:00,0.57,0.055536999999999996,7.492146402298849
2025-06-03 07:00:00,0.2,0.63934,7.931486402298849
2025-06-03 08:00:00,0.11,1.812132,9.633618402298849
2025-06-03 09:00:00,0.1,1.0814860000000002,10.615104402298849
2025-06-03 10:00:00,0.1,1.652698,12.167802402298848
2025-06-03 11:00:00,0.4831538461538462,1.593498,13.278146556145002
2025-06-03 12:00:00,0.4831538461538462,2.718302,13.5
2025-06-03 13:00:00,0.4931538461538462,4.460698000000001,13.5
2025-06-03 14:00:00,0.11,4.028805,13.5
2025-06-03 15:00:00,0.11,2.265127,13.5
2025-06-03 16:00:00,0.11,2.538468,13.5
2025-06-03 17:00:00,1.1978045977011498,1.466404,13.5
2025-06-03 18:00:00,1.2878045977011496,0.433519,12.64571440229885
2025-06-03 19:00:00,0.16,0.0,12.48571440229885
2025-06-03 20:00:00,0.15,0.0,12.33571440229885
2025-06-03 21:00:00,0.11,0.0,12.22571440229885
2025-06-03 22:00:00,0.22,0.0,12.00571440229885
2025-06-03 23:00:00,0.19,0.0,11.81571440229885
2025-06-04 00:00:00,0.19,0.0,11.62571440229885
2025-06-04 01:00:00,0.61,0.0,11.015714402298851
2025-06-04 02:00:00,0.95,0.0,10.065714402298852
2025-06-04 03:00:00,0.72,0.0,9.345714402298851
2025-06-04 04:00:00,1.28,0.0,8.065714402298852
2025-06-04 05:00:00,0.66,0.234995,7.640709402298852
2025-06-04 06:00:00,0.5700000000000001,1.158442,8.229151402298852
2025-06-04 07:00:00,0.59,0.49125599999999997,8.130407402298852
2025-06-04 08:00:00,0.2299999999999999,0.747067,8.647474402298853
2025-06-04 09:00:00,0.36,1.064557,9.352031402298852
2025-06-04 10:00:00,2.53,1.354517,8.176548402298852
2025-06-04 11:00:00,2.903153846153846,2.085689,7.359083556145006
2025-06-04 12:00:00,2.903153846153846,1.96964,6.4255697099911595
2025-06-04 13:00:00,2.903153846153846,3.1248009999999997,6.647216863837313
2025-06-04 14:00:00,2.52,4.077297,8.204513863837313
2025-06-04 15:00:00,0.2299999999999999,3.4330079999999996,11.407521863837314
2025-06-04 16:00:00,0.2299999999999999,2.602017,13.5
2025-06-04 17:00:00,1.2478045977011496,1.521542,13.5
2025-06-04 18:00:00,1.2678045977011496,0.456509,12.68870440229885
2025-06-04 19:00:00,0.14,0.0,12.54870440229885
2025-06-04 20:00:00,0.14,0.0,12.408704402298849
2025-06-04 21:00:00,0.29,0.0,12.11870440229885
2025-06-04 22:00:00,0.29,0.0,11.82870440229885
2025-06-04 23:00:00,0.22,0.0,11.60870440229885
2025-06-05 00:00:00,0.2,0.0,11.40870440229885
2025-06-05 01:00:00,0.2,0.0,11.208704402298851
2025-06-05 02:00:00,0.2,0.0,11.008704402298852
2025-06-05 03:00:00,0.47,0.0,10.538704402298851
2025-06-05 04:00:00,0.5599999999999999,0.0,9.97870440229885
2025-06-05 05:00:00,0.67,0.232283,9.540987402298851
2025-06-05 06:00:00,0.64,1.166026,10.067013402298851
2025-06-05 07:00:00,0.53,0.73102,10.268033402298851
2025-06-05 08:00:00,0.23,1.242935,11.280968402298852
2025-06-05 09:00:00,0.47,0.0,10.810968402298851
2025-06-05 10:00:00,0.65,4.34094,13.5
2025-06-05 11:00:00,1.1431538461538462,2.422011,13.5
2025-06-05 12:00:00,0.8831538461538462,1.9016520000000001,13.5
2025-06-05 13:00:00,0.6031538461538463,2.249976,13.5
2025-06-05 14:00:00,0.3,2.683797,13.5
2025-06-05 15:00:00,0.25,2.787922,13.5
2025-06-05 16:00:00,0.21,2.2249160000000003,13.5
2025-06-05 17:00:00,1.3078045977011497,1.441144,13.5
2025-06-05 18:00:00,1.3778045977011495,0.438436,12.560631402298851
2025-06-05 19:00:00,0.12,0.0,12.440631402298852
2025-06-05 20:00:00,0.44,0.0,12.000631402298852
2025-06-05 21:00:00,0.14,0.0,11.860631402298852
2025-06-05 22:00:00,0.22,0.0,11.640631402298851
2025-06-05 23:00:00,0.21,0.0,11.43063140229885
2025-06-06 00:00:00,0.21,0.0,11.22063140229885
2025-06-06 01:00:00,0.2,0.0,11.02063140229885
2025-06-06 02:00:00,0.27,0.0,10.75063140229885
2025-06-06 03:00:00,0.25,0.0,10.50063140229885
2025-06-06 04:00:00,0.19,0.0,10.310631402298851
2025-06-06 05:00:00,0.19,0.233964,10.354595402298852
2025-06-06 06:00:00,0.21,1.1800730000000001,11.324668402298851
2025-06-06 07:00:00,0.29,2.298833,13.33350140229885
2025-06-06 08:00:00,0.1699999999999999,3.198236,13.5
2025-06-06 09:00:00,0.11,3.9125360000000002,13.5
2025-06-06 10:00:00,2.4,4.413245,13.5
2025-06-06 11:00:00,2.803153846153846,4.583333,13.5
2025-06-06 12:00:00,2.833153846153846,4.583333,13.5
2025-06-06 13:00:00,2.793153846153846,4.502353,13.5
2025-06-06 14:00:00,2.5,4.064447,13.5
2025-06-06 15:00:00,0.17,3.40388,13.5
2025-06-06 16:00:00,0.14,2.552232,13.5
2025-06-06 17:00:00,1.2078045977011498,1.4835260000000001,13.5
2025-06-06 18:00:00,1.3778045977011495,0.448153,12.570348402298851
2025-06-06 19:00:00,0.67,0.0,11.900348402298851
2025-06-06 20:00:00,1.56,0.0,10.34034840229885
2025-06-06 21:00:00,0.28,0.0,10.060348402298851
2025-06-06 22:00:00,0.17,0.0,9.890348402298851
2025-06-06 23:00:00,0.1,0.0,9.790348402298852
2025-06-07 00:00:00,0.11,0.0,9.680348402298852
2025-06-07 01:00:00,0.1,0.0,9.580348402298853
2025-06-07 02:00:00,0.1,0.0,9.480348402298853
2025-06-07 03:00:00,0.1,0.0,9.380348402298853
2025-06-07 04:00:00,0.11,0.0,9.270348402298854
2025-06-07 05:00:00,0.11,0.24147900000000003,9.401827402298855
2025-06-07 06:00:00,0.11,1.1963810000000001,10.488208402298854
2025-06-07 07:00:00,2.1799999999999997,2.336497,10.644705402298854
2025-06-07 08:00:00,2.34,3.258596,11.563301402298855
2025-06-07 09:00:00,0.21,3.989802,13.5
2025-06-07 10:00:00,2.4,4.50583,13.5
2025-06-07 11:00:00,2.5577179487179484,4.583333,13.5
2025-06-07 12:00:00,2.687717948717949,4.583333,13.5
2025-06-07 13:00:00,2.5877179487179487,4.583333,13.5
2025-06-07 14:00:00,2.84,4.214345000000001,13.5
2025-06-07 15:00:00,0.6799999999999999,3.5518710000000002,13.5
2025-06-07 16:00:00,0.25,2.68316,13.5
2025-06-07 17:00:00,0.6426015325670499,1.567173,13.5
2025-06-07 18:00:00,0.92260153256705,0.476989,13.05438746743295
2025-06-07 19:00:00,0.37,0.0,12.68438746743295
2025-06-07 20:00:00,0.51,0.0,12.17438746743295
2025-06-07 21:00:00,0.24,0.0,11.93438746743295
2025-06-07 22:00:00,0.17,0.0,11.76438746743295
2025-06-07 23:00:00,0.1,0.0,11.66438746743295
2025-06-08 00:00:00,0.1,0.0,11.564387467432951
2025-06-08 01:00:00,0.1,0.0,11.464387467432951
2025-06-08 02:00:00,0.11,0.0,11.354387467432952
2025-06-08 03:00:00,0.27,0.0,11.084387467432952
2025-06-08 04:00:00,0.55,0.0,10.534387467432952
2025-06-08 05:00:00,0.8300000000000001,0.239144,9.943531467432951
2025-06-08 06:00:00,0.87,1.1604469999999998,10.233978467432951
2025-06-08 07:00:00,0.4,2.281046,12.115024467432951
2025-06-08 08:00:00,0.98,3.195591,13.5
2025-06-08 09:00:00,0.74,3.9173,13.5
2025-06-08 10:00:00,2.5,4.443211,13.5
2025-06-08 11:00:00,2.6177179487179485,4.583333,13.5
2025-06-08 12:00:00,2.6177179487179485,4.583333,13.5
2025-06-08 13:00:00,2.6277179487179487,3.099627,13.5
2025-06-08 14:00:00,2.49,4.125401,13.5
2025-06-08 15:00:00,0.2,3.450717,13.5
2025-06-08 16:00:00,0.32,2.574618,13.5
2025-06-08 17:00:00,0.5626015325670499,1.0923640000000001,13.5
2025-06-08 18:00:00,0.5726015325670499,0.458099,13.38549746743295
2025-06-08 19:00:00,0.21,0.0,13.17549746743295
2025-06-08 20:00:00,0.21,0.0,12.965497467432948
2025-06-08 21:00:00,0.21,0.0,12.755497467432948
2025-06-08 22:00:00,0.19,0.0,12.565497467432948
2025-06-08 23:00:00,0.2,0.0,12.365497467432949
2025-06-09 00:00:00,0.19,0.0,12.17549746743295
2025-06-09 01:00:00,0.19,0.0,11.98549746743295
2025-06-09 02:00:00,0.19,0.0,11.79549746743295
2025-06-09 03:00:00,0.19,0.0,11.60549746743295
2025-06-09 04:00:00,0.54,0.0,11.065497467432952
2025-06-09 05:00:00,0.19,0.235985,11.111482467432952
2025-06-09 06:00:00,0.86,1.1241189999999999,11.37560146743295
2025-06-09 07:00:00,0.29,2.163129,13.248730467432951
2025-06-09 08:00:00,0.46,3.0322959999999997,13.5
2025-06-09 09:00:00,0.46,3.70704,13.5
2025-06-09 10:00:00,0.2,4.225954,13.5
2025-06-09 11:00:00,0.3177179487179488,2.294731,13.5
2025-06-09 12:00:00,0.3277179487179488,2.1067,13.5
2025-06-09 13:00:00,0.3177179487179488,2.655261,13.5
2025-06-09 14:00:00,0.18,1.770113,13.5
2025-06-09 15:00:00,0.19,1.9090429999999998,13.5
2025-06-09 16:00:00,0.2,1.75025,13.5
2025-06-09 17:00:00,0.5526015325670499,1.4684380000000001,13.5
2025-06-09 18:00:00,0.5726015325670499,0.462565,13.38996346743295
2025-06-09 19:00:00,0.22,0.0,13.16996346743295
2025-06-09 20:00:00,0.21,0.0,12.95996346743295
2025-06-09 21:00:00,0.21,0.0,12.749963467432949
2025-06-09 22:00:00,0.19,0.0,12.559963467432949
2025-06-09 23:00:00,0.18,0.0,12.37996346743295
2025-06-10 00:00:00,0.38,0.0,11.999963467432949
2025-06-10 01:00:00,0.62,0.0,11.37996346743295
2025-06-10 02:00:00,0.19,0.0,11.18996346743295
2025-06-10 03:00:00,0.49,0.0,10.69996346743295
2025-06-10 04:00:00,0.63,0.0,10.069963467432949
2025-06-10 05:00:00,0.56,0.08827,9.598233467432948
2025-06-10 06:00:00,0.5499999999999999,0.430042,9.478275467432947
2025-06-10 07:00:00,0.63,0.6369539999999999,9.485229467432948
2025-06-10 08:00:00,0.6,0.9143819999999999,9.799611467432948
2025-06-10 09:00:00,0.19,1.118699,10.728310467432948
2025-06-10 10:00:00,0.5,1.361976,11.590286467432948
2025-06-10 11:00:00,0.3177179487179488,1.683628,12.956196518715
2025-06-10 12:00:00,0.3177179487179488,1.588164,13.5
2025-06-10 13:00:00,0.3277179487179488,3.113558,13.5
2025-06-10 14:00:00,0.19,4.032256,13.5
2025-06-10 15:00:00,0.19,3.39902,13.5
2025-06-10 16:00:00,0.19,2.561005,13.5
2025-06-10 17:00:00,0.5526015325670499,1.505853,13.5
2025-06-10 18:00:00,0.5726015325670499,0.478922,13.40632046743295
2025-06-10 19:00:00,0.21,0.0,13.19632046743295
2025-06-10 20:00:00,0.21,0.0,12.986320467432948
2025-06-10 21:00:00,0.21,0.0,12.776320467432948
2025-06-10 22:00:00,0.19,0.0,12.586320467432948
2025-06-10 23:00:00,0.47,0.0,12.116320467432947
2025-06-11 00:00:00,0.62,0.0,11.496320467432948
2025-06-11 01:00:00,0.64,0.0,10.856320467432948
2025-06-11 02:00:00,0.8699999999999999,0.0,9.986320467432948
2025-06-11 03:00:00,0.55,0.0,9.436320467432948
2025-06-11 04:00:00,0.5499999999999999,0.0,8.886320467432947
2025-06-11 05:00:00,0.5599999999999999,0.244089,8.570409467432947
2025-06-11 06:00:00,0.93,1.1389939999999998,8.779403467432948
2025-06-11 07:00:00,0.5599999999999999,2.2400569999999997,10.459460467432947
2025-06-11 08:00:00,0.63,3.1539520000000003,12.983412467432949
2025-06-11 09:00:00,0.52,3.87103,13.5
2025-06-11 10:00:00,2.49,4.340952000000001,13.5
2025-06-11 11:00:00,2.6177179487179485,4.583333,13.5
2025-06-11 12:00:00,2.6177179487179485,4.583333,13.5
2025-06-11 13:00:00,2.6177179487179485,4.45011,13.5
2025-06-11 14:00:00,2.49,4.017908,13.5
2025-06-11 15:00:00,0.2,3.3445210000000003,13.5
2025-06-11 16:00:00,0.19,2.384676,13.5
2025-06-11 17:00:00,0.5526015325670499,1.197195,13.5
2025-06-11 18:00:00,0.5826015325670498,0.47139800000000004,13.38879646743295
2025-06-11 19:00:00,0.21,0.0,13.17879646743295
2025-06-11 20:00:00,0.21,0.0,12.968796467432949
2025-06-11 21:00:00,0.21,0.0,12.758796467432948
2025-06-11 22:00:00,0.19,0.0,12.568796467432948
2025-06-11 23:00:00,0.53,0.0,12.038796467432949
2025-06-12 00:00:00,0.55,0.0,11.488796467432948
2025-06-12 01:00:00,0.5499999999999999,0.0,10.938796467432947
2025-06-12 02:00:00,0.63,0.0,10.308796467432947
2025-06-12 03:00:00,0.5599999999999999,0.0,9.748796467432946
2025-06-12 04:00:00,0.7200000000000001,0.0,9.028796467432946
2025-06-12 05:00:00,0.5499999999999999,0.233911,8.712707467432946
2025-06-12 06:00:00,1.0,1.1179649999999999,8.830672467432946
2025-06-12 07:00:00,0.63,2.188387,10.389059467432945
2025-06-12 08:00:00,0.63,3.062043,12.821102467432945
2025-06-12 09:00:00,0.19,3.730998,13.5
2025-06-12 10:00:00,0.51,4.2397290000000005,13.5
2025-06-12 11:00:00,0.4377179487179488,4.499781,13.5
2025-06-12 12:00:00,0.3377179487179487,4.559639,13.5
2025-06-12 13:00:00,0.3277179487179488,4.382465,13.5
2025-06-12 14:00:00,0.19,3.96333,13.5
2025-06-12 15:00:00,0.19,3.3411939999999998,13.5
2025-06-12 16:00:00,0.2,2.522118,13.5
2025-06-12 17:00:00,0.5526015325670499,1.4849269999999999,13.5
2025-06-12 18:00:00,0.5726015325670499,0.47412,13.40151846743295
2025-06-12 19:00:00,0.21,0.0,13.19151846743295
2025-06-12 20:00:00,0.2,0.0,12.99151846743295
2025-06-12 21:00:00,0.21,0.0,12.78151846743295
2025-06-12 22:00:00,0.2,0.0,12.58151846743295
2025-06-12 23:00:00,0.27,0.0,12.31151846743295
2025-06-13 00:00:00,0.54,0.0,11.771518467432951
2025-06-13 01:00:00,0.62,0.0,11.151518467432952
2025-06-13 02:00:00,0.92,0.0,10.231518467432952
2025-06-13 03:00:00,0.63,0.0,9.601518467432951
2025-06-13 04:00:00,0.63,0.0,8.97151846743295
2025-06-13 05:00:00,0.87,0.239041,8.34055946743295
2025-06-13 06:00:00,0.98,1.188226,8.54878546743295
2025-06-13 07:00:00,0.63,2.294883,10.21366846743295
2025-06-13 08:00:00,0.63,3.187875,12.771543467432949
2025-06-13 09:00:00,0.5599999999999999,3.893237,13.5
2025-06-13 10:00:00,2.76,4.391604999999999,13.5
2025-06-13 11:00:00,2.8077179487179484,4.583333,13.5
2025-06-13 12:00:00,2.6177179487179485,4.583333,13.5
2025-06-13 13:00:00,2.6177179487179485,4.466155,13.5
2025-06-13 14:00:00,2.49,4.018247,13.5
2025-06-13 15:00:00,0.19,3.369784,13.5
2025-06-13 16:00:00,0.19,2.539889,13.5
2025-06-13 17:00:00,0.5526015325670499,1.49997,13.5
2025-06-13 18:00:00,0.5726015325670499,0.480696,13.40809446743295
2025-06-13 19:00:00,0.21,0.0,13.198094467432949
2025-06-13 20:00:00,0.21,0.0,12.988094467432948
2025-06-13 21:00:00,0.21,0.0,12.778094467432947
2025-06-13 22:00:00,0.2,0.0,12.578094467432948
2025-06-13 23:00:00,1.64,0.0,10.938094467432947
2025-06-14 00:00:00,0.93,0.0,10.008094467432947
2025-06-14 01:00:00,0.99,0.0,9.018094467432947
2025-06-14 02:00:00,0.72,0.0,8.298094467432946
2025-06-14 03:00:00,0.95,0.0,7.348094467432946
2025-06-14 04:00:00,1.03,0.0,6.318094467432946
2025-06-14 05:00:00,0.56,0.232289,5.990383467432946
2025-06-14 06:00:00,0.96,1.143317,6.173700467432946
2025-06-14 07:00:00,0.5700000000000001,2.0598330000000002,7.663533467432946
2025-06-14 08:00:00,0.18,3.086439,10.569972467432946
2025-06-14 09:00:00,0.4,3.7665450000000003,13.5
2025-06-14 10:00:00,2.77,4.22731,13.5
2025-06-14 11:00:00,2.5377179487179484,4.505908000000001,13.5
2025-06-14 12:00:00,2.5877179487179487,4.072565,13.5
2025-06-14 13:00:00,3.0377179487179484,4.406238,13.5
2025-06-14 14:00:00,2.42,3.993979,13.5
2025-06-14 15:00:00,0.12,3.3778270000000004,13.5
2025-06-14 16:00:00,0.1,2.146919,13.5
2025-06-14 17:00:00,0.5126015325670499,0.974269,13.5
2025-06-14 18:00:00,0.5226015325670499,0.401466,13.37886446743295
2025-06-14 19:00:00,0.13,0.0,13.248864467432949
2025-06-14 20:00:00,0.21,0.0,13.038864467432948
2025-06-14 21:00:00,0.15,0.0,12.888864467432947
2025-06-14 22:00:00,0.23,0.0,12.658864467432947
2025-06-14 23:00:00,0.19,0.0,12.468864467432947
2025-06-15 00:00:00,0.2,0.0,12.268864467432948
2025-06-15 01:00:00,0.46,0.0,11.808864467432947
2025-06-15 02:00:00,0.49,0.0,11.318864467432947
2025-06-15 03:00:00,0.67,0.0,10.648864467432947
2025-06-15 04:00:00,1.09,0.0,9.558864467432947
2025-06-15 05:00:00,0.49,0.237867,9.306731467432947
2025-06-15 06:00:00,1.04,1.141792,9.408523467432946
2025-06-15 07:00:00,2.93,2.206518,8.685041467432946
2025-06-15 08:00:00,1.07,3.074971,10.690012467432947
2025-06-15 09:00:00,0.13,3.732528,13.5
2025-06-15 10:00:00,2.42,4.1914880000000005,13.5
2025-06-15 11:00:00,2.6277179487179487,4.453473,13.5
2025-06-15 12:00:00,2.5877179487179487,4.4906559999999995,13.5
2025-06-15 13:00:00,2.5377179487179484,4.3247,13.5
2025-06-15 14:00:00,2.63,3.936816,13.5
2025-06-15 15:00:00,1.34,3.311138,13.5
2025-06-15 16:00:00,0.11,2.5153939999999997,13.5
2025-06-15 17:00:00,2.1126015325670497,1.515061,12.90245946743295
2025-06-15 18:00:00,2.0726015325670497,0.5007010000000001,11.3305589348659
2025-06-15 19:00:00,0.18,0.0,11.1505589348659
2025-06-15 20:00:00,0.28,0.0,10.870558934865901
2025-06-15 21:00:00,0.56,0.0,10.3105589348659
2025-06-15 22:00:00,0.71,0.0,9.600558934865902
2025-06-15 23:00:00,0.11,0.0,9.490558934865902
2025-06-16 00:00:00,0.11,0.0,9.380558934865903
2025-06-16 01:00:00,0.1,0.0,9.280558934865903
2025-06-16 02:00:00,0.1,0.0,9.180558934865903
2025-06-16 03:00:00,0.46,0.0,8.720558934865903
2025-06-16 04:00:00,0.48,0.0,8.240558934865902
2025-06-16 05:00:00,0.93,0.239118,7.549676934865902
2025-06-16 06:00:00,0.49,1.119935,8.179611934865902
2025-06-16 07:00:00,1.5199999999999998,2.180025,8.839636934865903
2025-06-16 08:00:00,1.0,3.049902,10.889538934865902
2025-06-16 09:00:00,0.17,3.742214,13.5
2025-06-16 10:00:00,0.36,4.230390000000001,13.5
2025-06-16 11:00:00,0.6973653846153847,4.504479,13.5
2025-06-16 12:00:00,0.3973653846153847,4.541271,13.5
2025-06-16 13:00:00,0.3873653846153847,4.371184,13.5
2025-06-16 14:00:00,0.1,2.414497,13.5
2025-06-16 15:00:00,0.1,1.7119000000000002,13.5
2025-06-16 16:00:00,0.1,1.408625,13.5
2025-06-16 17:00:00,0.915853448275862,1.5298669999999999,13.5
2025-06-16 18:00:00,0.9758534482758622,0.504481,13.028627551724139
2025-06-16 19:00:00,0.12,0.0,12.90862755172414
2025-06-16 20:00:00,0.14,0.0,12.768627551724139
2025-06-16 21:00:00,0.12,0.0,12.64862755172414
2025-06-16 22:00:00,0.12,0.0,12.52862755172414
2025-06-16 23:00:00,0.54,0.0,11.98862755172414
2025-06-17 00:00:00,0.96,0.0,11.028627551724139
2025-06-17 01:00:00,0.57,0.0,10.458627551724138
2025-06-17 02:00:00,0.88,0.0,9.578627551724137
2025-06-17 03:00:00,0.95,0.0,8.628627551724138
2025-06-17 04:00:00,1.03,0.0,7.598627551724138
2025-06-17 05:00:00,0.96,0.236297,6.874924551724138
2025-06-17 06:00:00,0.49,0.376359,6.761283551724138
2025-06-17 07:00:00,0.16,0.751272,7.352555551724138
2025-06-17 08:00:00,0.22,1.546998,8.679553551724139
2025-06-17 09:00:00,0.22,3.027004,11.486557551724138
2025-06-17 10:00:00,0.21,4.295502000000001,13.5
2025-06-17 11:00:00,0.4973653846153847,4.563470000000001,13.5
2025-06-17 12:00:00,0.5073653846153847,4.583333,13.5
2025-06-17 13:00:00,0.5073653846153847,4.431636,13.5
2025-06-17 14:00:00,0.22,4.025032,13.5
2025-06-17 15:00:00,0.22,3.3878600000000003,13.5
2025-06-17 16:00:00,0.22,2.560895,13.5
2025-06-17 17:00:00,1.035853448275862,1.430402,13.5
2025-06-17 18:00:00,1.1258534482758622,0.29279,12.666936551724138
2025-06-17 19:00:00,0.35,0.0,12.316936551724138
2025-06-17 20:00:00,0.22,0.0,12.096936551724138
2025-06-17 21:00:00,0.12,0.0,11.976936551724139
2025-06-17 22:00:00,0.22,0.0,11.756936551724138
2025-06-17 23:00:00,0.2,0.0,11.556936551724139
2025-06-18 00:00:00,0.19,0.0,11.36693655172414
2025-06-18 01:00:00,0.19,0.0,11.17693655172414
2025-06-18 02:00:00,0.19,0.0,10.98693655172414
2025-06-18 03:00:00,0.22,0.0,10.76693655172414
2025-06-18 04:00:00,1.35,0.0,9.41693655172414
2025-06-18 05:00:00,1.03,0.015601,8.40253755172414
2025-06-18 06:00:00,1.35,0.17469800000000002,7.2272355517241404
2025-06-18 07:00:00,0.71,0.49271,7.00994555172414
2025-06-18 08:00:00,0.16,0.7158479999999999,7.56579355172414
2025-06-18 09:00:00,0.15,1.404387,8.82018055172414
2025-06-18 10:00:00,2.46,2.341596,8.70177655172414
2025-06-18 11:00:00,2.7473653846153843,4.553573,10.507984167108756
2025-06-18 12:00:00,2.7073653846153847,4.583333,12.383951782493371
2025-06-18 13:00:00,2.837365384615385,4.424695,13.5
2025-06-18 14:00:00,2.55,4.025061,13.5
2025-06-18 15:00:00,0.16,3.395256,13.5
2025-06-18 16:00:00,0.16,2.577057,13.5
2025-06-18 17:00:00,0.935853448275862,1.555816,13.5
2025-06-18 18:00:00,1.0758534482758622,0.519008,12.943154551724138
2025-06-18 19:00:00,0.28,0.0,12.663154551724139
2025-06-18 20:00:00,0.14,0.0,12.523154551724138
2025-06-18 21:00:00,0.13,0.0,12.393154551724137
2025-06-18 22:00:00,0.22,0.0,12.173154551724137
2025-06-18 23:00:00,0.21,0.0,11.963154551724136
2025-06-19 00:00:00,0.2,0.0,11.763154551724137
2025-06-19 01:00:00,0.21,0.0,11.553154551724136
2025-06-19 02:00:00,0.22,0.0,11.333154551724135
2025-06-19 03:00:00,0.92,0.0,10.413154551724135
2025-06-19 04:00:00,0.58,0.0,9.833154551724135
2025-06-19 05:00:00,1.03,0.23600100000000002,9.039155551724136
2025-06-19 06:00:00,0.75,1.132651,9.421806551724135
2025-06-19 07:00:00,0.37,0.534004,9.585810551724135
2025-06-19 08:00:00,0.8400000000000001,0.590018,9.335828551724136
2025-06-19 09:00:00,0.26,0.983859,10.059687551724135
2025-06-19 10:00:00,0.26,2.23036,12.030047551724135
2025-06-19 11:00:00,0.4573653846153847,2.656473,13.5
2025-06-19 12:00:00,0.6573653846153846,2.416445,13.5
2025-06-19 13:00:00,0.5473653846153848,2.12187,13.5
2025-06-19 14:00:00,0.26,2.447567,13.5
2025-06-19 15:00:00,0.29,1.866781,13.5
2025-06-19 16:00:00,2.75,1.067101,11.817101000000001
2025-06-19 17:00:00,4.275853448275862,0.691366,8.232613551724139
2025-06-19 18:00:00,1.9058534482758624,0.114313,6.441073103448277
2025-06-19 19:00:00,0.33,0.0,6.111073103448277
2025-06-19 20:00:00,0.1699999999999999,0.0,5.941073103448277
2025-06-19 21:00:00,0.31,0.0,5.631073103448277
2025-06-19 22:00:00,0.48,0.0,5.151073103448278
2025-06-19 23:00:00,0.7100000000000001,0.0,4.441073103448278
2025-06-20 00:00:00,0.6699999999999999,0.0,3.771073103448278
2025-06-20 01:00:00,0.22,0.0,3.5510731034482776
2025-06-20 02:00:00,0.22,0.0,3.3310731034482775
2025-06-20 03:00:00,0.22,0.0,3.1110731034482773
2025-06-20 04:00:00,0.58,0.0,2.531073103448277
2025-06-20 05:00:00,0.72,0.22895500000000002,2.040028103448277
2025-06-20 06:00:00,1.03,1.1436279999999999,2.153656103448277
2025-06-20 07:00:00,0.2299999999999999,0.51864,2.442296103448277
2025-06-20 08:00:00,0.24,0.577507,2.779803103448277
2025-06-20 09:00:00,0.25,1.097809,3.6276121034482767
2025-06-20 10:00:00,2.55,1.400772,2.4783841034482768
2025-06-20 11:00:00,2.837365384615385,1.41499,1.0560087188328917
2025-06-20 12:00:00,2.9173653846153846,2.198009,0.33665233421750695
2025-06-20 13:00:00,2.8273653846153843,1.909683,0.0
2025-06-20 14:00:00,2.5599999999999996,2.149744,0.0
2025-06-20 15:00:00,0.26,2.167244,1.9072440000000002
2025-06-20 16:00:00,0.2299999999999999,2.636247,4.313491
2025-06-20 17:00:00,1.545853448275862,1.154706,3.922343551724138
2025-06-20 18:00:00,2.245853448275862,0.531828,2.208318103448276
2025-06-20 19:00:00,0.39,0.0,1.8183181034482758
2025-06-20 20:00:00,0.57,0.0,1.248318103448276
2025-06-20 21:00:00,0.24,0.0,1.008318103448276
2025-06-20 22:00:00,0.18,0.0,0.828318103448276
2025-06-20 23:00:00,0.12,0.0,0.7083181034482761
2025-06-21 00:00:00,0.11,0.0,0.5983181034482761
2025-06-21 01:00:00,0.1,0.0,0.4983181034482761
2025-06-21 02:00:00,0.1,0.0,0.3983181034482761
2025-06-21 03:00:00,0.93,0.0,0.0
2025-06-21 04:00:00,0.5700000000000001,0.0,0.0
2025-06-21 05:00:00,1.1,0.222875,0.0
2025-06-21 06:00:00,0.49,1.1309559999999999,0.6409559999999999
2025-06-21 07:00:00,2.13,0.5145919999999999,0.0
2025-06-21 08:00:00,0.54,0.982761,0.44276099999999996
2025-06-21 09:00:00,0.13,1.5564760000000002,1.869237
2025-06-21 10:00:00,2.4099999999999997,4.321521,3.780758
2025-06-21 11:00:00,2.6973653846153844,4.583333,5.666725615384616
2025-06-21 12:00:00,2.6973653846153844,3.282908,6.252268230769231
2025-06-21 13:00:00,2.6973653846153844,4.454273,8.009175846153846
2025-06-21 14:00:00,2.4099999999999997,4.0456129999999995,9.644788846153846
2025-06-21 15:00:00,0.17,3.4112240000000003,12.886012846153847
2025-06-21 16:00:00,0.01,2.5890340000000003,13.5
2025-06-21 17:00:00,0.8258534482758622,0.733362,13.407508551724138
2025-06-21 18:00:00,0.8458534482758622,0.19178,12.753435103448275
2025-06-21 19:00:00,0.01,0.0,12.743435103448276
2025-06-21 20:00:00,0.04,0.0,12.703435103448276
2025-06-21 21:00:00,0.0,0.0,12.703435103448276
2025-06-21 22:00:00,0.02,0.0,12.683435103448277
2025-06-21 23:00:00,0.02,0.0,12.663435103448277
2025-06-22 00:00:00,0.0,0.0,12.663435103448277
2025-06-22 01:00:00,0.04,0.0,12.623435103448278
2025-06-22 02:00:00,0.02,0.0,12.603435103448279
2025-06-22 03:00:00,0.06,0.0,12.543435103448278
2025-06-22 04:00:00,0.08,0.0,12.463435103448278
2025-06-22 05:00:00,0.06,0.224889,12.628324103448278
2025-06-22 06:00:00,0.07,1.13618,13.5
2025-06-22 07:00:00,0.65,0.714663,13.5
2025-06-22 08:00:00,0.29,1.5353409999999998,13.5
2025-06-22 09:00:00,0.15,2.11293,13.5
2025-06-22 10:00:00,2.42,2.1868980000000002,13.266898000000001
2025-06-22 11:00:00,2.7773653846153845,4.583333,13.5
2025-06-22 12:00:00,2.7173653846153845,4.583333,13.5
2025-06-22 13:00:00,2.7373653846153845,4.5108559999999995,13.5
2025-06-22 14:00:00,2.4099999999999997,4.107940999999999,13.5
2025-06-22 15:00:00,0.14,3.467266,13.5
2025-06-22 16:00:00,0.19,2.6407849999999997,13.5
2025-06-22 17:00:00,1.1058534482758622,1.589452,13.5
2025-06-22 18:00:00,4.2258534482758625,0.532762,9.806908551724138
2025-06-22 19:00:00,0.29,0.0,9.51690855172414
2025-06-22 20:00:00,0.16,0.0,9.356908551724139
2025-06-22 21:00:00,0.22,0.0,9.136908551724138
2025-06-22 22:00:00,0.69,0.0,8.446908551724139
2025-06-22 23:00:00,0.57,0.0,7.876908551724139
2025-06-23 00:00:00,0.22,0.0,7.656908551724139
2025-06-23 01:00:00,0.21,0.0,7.446908551724139
2025-06-23 02:00:00,0.21,0.0,7.236908551724139
2025-06-23 03:00:00,0.62,0.0,6.616908551724139
2025-06-23 04:00:00,0.6599999999999999,0.0,5.956908551724139
2025-06-23 05:00:00,0.6799999999999999,0.220198,5.497106551724139
2025-06-23 06:00:00,0.76,1.1457760000000001,5.882882551724139
2025-06-23 07:00:00,0.6000000000000001,0.476798,5.759680551724139
2025-06-23 08:00:00,0.93,0.921672,5.751352551724139
2025-06-23 09:00:00,0.43,1.843192,7.1645445517241395
2025-06-23 10:00:00,0.41,3.2543189999999997,10.00886355172414
2025-06-23 11:00:00,0.9673653846153848,4.583333,13.5
2025-06-23 12:00:00,0.9873653846153848,4.583333,13.5
2025-06-23 13:00:00,0.6173653846153847,4.4546019999999995,13.5
2025-06-23 14:00:00,0.52,4.063787,13.5
2025-06-23 15:00:00,2.94,2.7049160000000003,13.264916
2025-06-23 16:00:00,0.11,2.6237179999999998,13.5
2025-06-23 17:00:00,0.925853448275862,1.59342,13.5
2025-06-23 18:00:00,1.0858534482758622,0.511116,12.925262551724138
2025-06-23 19:00:00,0.27,0.0,12.655262551724139
2025-06-23 20:00:00,0.16,0.0,12.495262551724139
2025-06-23 21:00:00,0.14,0.0,12.355262551724138
2025-06-23 22:00:00,0.13,0.0,12.225262551724137
2025-06-23 23:00:00,0.11,0.0,12.115262551724138
2025-06-24 00:00:00,0.11,0.0,12.005262551724138
2025-06-24 01:00:00,0.11,0.0,11.895262551724139
2025-06-24 02:00:00,0.11,0.0,11.78526255172414
2025-06-24 03:00:00,0.11,0.0,11.67526255172414
2025-06-24 04:00:00,0.1,0.0,11.57526255172414
2025-06-24 05:00:00,0.56,0.024272,11.03953455172414
2025-06-24 06:00:00,0.51,0.5742269999999999,11.10376155172414
2025-06-24 07:00:00,0.51,0.879338,11.47309955172414
2025-06-24 08:00:00,0.5,1.677669,12.65076855172414
2025-06-24 09:00:00,0.4,1.3499590000000001,13.5
2025-06-24 10:00:00,0.1,4.392261,13.5
2025-06-24 11:00:00,0.6473653846153847,4.583333,13.5
2025-06-24 12:00:00,0.3873653846153847,4.583333,13.5
2025-06-24 13:00:00,0.3973653846153847,4.533275,13.5
2025-06-24 14:00:00,0.1,4.112992,13.5
2025-06-24 15:00:00,0.1,3.486034,13.5
2025-06-24 16:00:00,0.11,2.663501,13.5
2025-06-24 17:00:00,0.925853448275862,1.6157940000000002,13.5
2025-06-24 18:00:00,0.9858534482758622,0.5447000000000001,13.058846551724137
2025-06-24 19:00:00,0.15,0.0,12.908846551724137
2025-06-24 20:00:00,0.27,0.0,12.638846551724138
2025-06-24 21:00:00,0.21,0.0,12.428846551724137
2025-06-24 22:00:00,0.1,0.0,12.328846551724137
2025-06-24 23:00:00,0.48,0.0,11.848846551724137
2025-06-25 00:00:00,0.5,0.0,11.348846551724137
2025-06-25 01:00:00,0.5,0.0,10.848846551724137
2025-06-25 02:00:00,0.58,0.0,10.268846551724137
2025-06-25 03:00:00,0.8899999999999999,0.0,9.378846551724136
2025-06-25 04:00:00,0.5700000000000001,0.0,8.808846551724136
2025-06-25 05:00:00,0.5900000000000001,0.21833699999999998,8.437183551724136
2025-06-25 06:00:00,0.5,1.1565530000000002,9.093736551724136
2025-06-25 07:00:00,0.58,0.824858,9.338594551724137
2025-06-25 08:00:00,0.48,3.159258,12.017852551724136
2025-06-25 09:00:00,0.41,3.8669540000000002,13.5
2025-06-25 10:00:00,2.8499999999999996,4.357399,13.5
2025-06-25 11:00:00,2.957365384615384,4.583333,13.5
2025-06-25 12:00:00,2.6873653846153847,4.583333,13.5
2025-06-25 13:00:00,2.6873653846153847,4.480675,13.5
2025-06-25 14:00:00,2.4,4.059495,13.5
2025-06-25 15:00:00,0.11,3.433907,13.5
2025-06-25 16:00:00,0.1,2.6241260000000004,13.5
2025-06-25 17:00:00,1.495853448275862,1.5935160000000002,13.5
2025-06-25 18:00:00,1.4258534482758622,0.533723,12.607869551724137
2025-06-25 19:00:00,0.14,0.0,12.467869551724137
2025-06-25 20:00:00,0.59,0.0,11.877869551724137
2025-06-25 21:00:00,1.04,0.0,10.837869551724136
2025-06-25 22:00:00,0.81,0.0,10.027869551724136
2025-06-25 23:00:00,0.13,0.0,9.897869551724135
2025-06-26 00:00:00,0.19,0.0,9.707869551724135
2025-06-26 01:00:00,0.55,0.0,9.157869551724135
2025-06-26 02:00:00,0.79,0.0,8.367869551724134
2025-06-26 03:00:00,0.82,0.0,7.547869551724133
2025-06-26 04:00:00,0.65,0.0,6.897869551724133
2025-06-26 05:00:00,1.13,0.211831,5.979700551724133
2025-06-26 06:00:00,0.57,1.1376330000000001,6.547333551724133
2025-06-26 07:00:00,0.24,2.2442640000000003,8.551597551724132
2025-06-26 08:00:00,0.5599999999999999,3.1605149999999997,11.152112551724132
2025-06-26 09:00:00,0.1,3.866724,13.5
2025-06-26 10:00:00,0.1,4.351069000000001,13.5
2025-06-26 11:00:00,0.3873653846153847,4.583333,13.5
2025-06-26 12:00:00,0.4673653846153847,4.583333,13.5
2025-06-26 13:00:00,0.4573653846153847,4.5510209999999995,13.5
2025-06-26 14:00:00,0.1,4.148994,13.5
2025-06-26 15:00:00,0.11,3.52125,13.5
2025-06-26 16:00:00,0.1,2.6878,13.5
2025-06-26 17:00:00,0.925853448275862,1.624497,13.5
2025-06-26 18:00:00,1.3558534482758622,0.5502290000000001,12.694375551724137
2025-06-26 19:00:00,0.13,0.0,12.564375551724137
2025-06-26 20:00:00,0.13,0.0,12.434375551724136
2025-06-26 21:00:00,0.13,0.0,12.304375551724135
2025-06-26 22:00:00,0.21,0.0,12.094375551724134
2025-06-26 23:00:00,0.2,0.0,11.894375551724135
2025-06-27 00:00:00,0.19,0.0,11.704375551724135
2025-06-27 01:00:00,0.19,0.0,11.514375551724136
2025-06-27 02:00:00,0.56,0.0,10.954375551724135
2025-06-27 03:00:00,0.71,0.0,10.244375551724136
2025-06-27 04:00:00,1.02,0.0,9.224375551724137
2025-06-27 05:00:00,0.58,0.20662200000000003,8.850997551724136
2025-06-27 06:00:00,0.6,1.1166369999999999,9.367634551724136
2025-06-27 07:00:00,0.19,2.1984079999999997,11.376042551724135
2025-06-27 08:00:00,0.12,3.057839,13.5
2025-06-27 09:00:00,0.1,3.751111,13.5
2025-06-27 10:00:00,2.49,4.258426,13.5
2025-06-27 11:00:00,2.7073653846153847,4.553921999999999,13.5
2025-06-27 12:00:00,2.8173653846153845,4.583333,13.5
2025-06-27 13:00:00,2.7073653846153847,4.454058,13.5
2025-06-27 14:00:00,2.44,4.0365779999999996,13.5
2025-06-27 15:00:00,0.11,3.411762,13.5
2025-06-27 16:00:00,0.1,2.596297,13.5
2025-06-27 17:00:00,1.305853448275862,1.569787,13.5
2025-06-27 18:00:00,2.6558534482758622,0.5337999999999999,11.377946551724138
2025-06-27 19:00:00,0.15,0.0,11.227946551724138
2025-06-27 20:00:00,0.18,0.0,11.047946551724138
2025-06-27 21:00:00,0.13,0.0,10.917946551724137
2025-06-27 22:00:00,0.12,0.0,10.797946551724138
2025-06-27 23:00:00,0.19,0.0,10.607946551724138
2025-06-28 00:00:00,0.15,0.0,10.457946551724138
2025-06-28 01:00:00,0.1,0.0,10.357946551724138
2025-06-28 02:00:00,0.11,0.0,10.247946551724139
2025-06-28 03:00:00,0.1,0.0,10.14794655172414
2025-06-28 04:00:00,0.14,0.0,10.007946551724139
2025-06-28 05:00:00,0.19,0.201367,10.019313551724139
2025-06-28 06:00:00,0.19,1.07424,10.903553551724139
2025-06-28 07:00:00,0.32,2.136953,12.720506551724139
2025-06-28 08:00:00,0.48,3.025133,13.5
2025-06-28 09:00:00,0.37,3.73698,13.5
2025-06-28 10:00:00,2.4099999999999997,4.2270389999999995,13.5
2025-06-28 11:00:00,2.7929999999999997,4.509633,13.5
2025-06-28 12:00:00,5.893,4.573517,12.180517
2025-06-28 13:00:00,3.533,4.417643,13.06516
2025-06-28 14:00:00,2.44,4.018516,13.5
2025-06-28 15:00:00,0.12,3.39283,13.5
2025-06-28 16:00:00,0.11,2.5815799999999998,13.5
2025-06-28 17:00:00,0.9618505747126438,1.557418,13.5
2025-06-28 18:00:00,0.9718505747126438,0.530258,13.058407425287356
2025-06-28 19:00:00,0.12,0.0,12.938407425287357
2025-06-28 20:00:00,0.27,0.0,12.668407425287358
2025-06-28 21:00:00,0.26,0.0,12.408407425287358
2025-06-28 22:00:00,0.23,0.0,12.178407425287357
2025-06-28 23:00:00,0.22,0.0,11.958407425287357
2025-06-29 00:00:00,0.22,0.0,11.738407425287356
2025-06-29 01:00:00,0.21,0.0,11.528407425287355
2025-06-29 02:00:00,0.21,0.0,11.318407425287354
2025-06-29 03:00:00,0.21,0.0,11.108407425287353
2025-06-29 04:00:00,0.62,0.0,10.488407425287354
2025-06-29 05:00:00,1.05,0.194182,9.632589425287355
2025-06-29 06:00:00,0.59,0.31661,9.359199425287356
2025-06-29 07:00:00,0.32,1.4499469999999999,10.489146425287355
2025-06-29 08:00:00,0.2299999999999999,1.923287,12.182433425287355
2025-06-29 09:00:00,0.2299999999999999,3.637196,13.5
2025-06-29 10:00:00,2.52,4.123826,13.5
2025-06-29 11:00:00,2.803,4.419981,13.5
2025-06-29 12:00:00,2.8129999999999997,4.478631999999999,13.5
2025-06-29 13:00:00,3.323,4.315852,13.5
2025-06-29 14:00:00,3.09,3.915911,13.5
2025-06-29 15:00:00,0.76,3.286518,13.5
2025-06-29 16:00:00,0.24,2.471416,13.5
2025-06-29 17:00:00,0.9918505747126438,1.470289,13.5
2025-06-29 18:00:00,1.0118505747126438,0.503398,12.991547425287356
2025-06-29 19:00:00,0.12,0.0,12.871547425287357
2025-06-29 20:00:00,0.1699999999999999,0.0,12.701547425287357
2025-06-29 21:00:00,0.11,0.0,12.591547425287358
2025-06-29 22:00:00,0.22,0.0,12.371547425287357
2025-06-29 23:00:00,0.22,0.0,12.151547425287356
2025-06-30 00:00:00,0.2299999999999999,0.0,11.921547425287356
2025-06-30 01:00:00,0.22,0.0,11.701547425287355
2025-06-30 02:00:00,0.22,0.0,11.481547425287355
2025-06-30 03:00:00,0.21,0.0,11.271547425287354
2025-06-30 04:00:00,0.6399999999999999,0.0,10.631547425287353
2025-06-30 05:00:00,0.61,0.18739599999999998,10.208943425287353
2025-06-30 06:00:00,0.67,1.0125439999999999,10.551487425287354
2025-06-30 07:00:00,1.4300000000000002,0.47319,9.594677425287353
2025-06-30 08:00:00,0.24,0.7349049999999999,10.089582425287352
2025-06-30 09:00:00,0.25,1.253523,11.093105425287352
2025-06-30 10:00:00,0.24,1.437499,12.290604425287352
2025-06-30 11:00:00,0.493,2.760476,13.5
2025-06-30 12:00:00,0.543,4.458968,13.5
2025-06-30 13:00:00,0.423,4.329136,13.5
2025-06-30 14:00:00,0.16,1.3198699999999999,13.5
2025-06-30 15:00:00,0.15,0.88824,13.5
2025-06-30 16:00:00,0.13,2.509534,13.5
2025-06-30 17:00:00,1.2718505747126438,1.648569,13.5
2025-06-30 18:00:00,2.1518505747126437,0.5623239999999999,11.910473425287357
2025-06-30 19:00:00,0.16,0.0,11.750473425287357
2025-06-30 20:00:00,0.22,0.0,11.530473425287356
2025-06-30 21:00:00,0.17,0.0,11.360473425287356
2025-06-30 22:00:00,0.13,0.0,11.230473425287355
2025-06-30 23:00:00,0.1,0.0,11.130473425287356
2025-07-01 00:00:00,0.11,0.0,11.020473425287356
2025-07-01 01:00:00,0.11,0.0,10.910473425287357
2025-07-01 02:00:00,0.1,0.0,10.810473425287357
2025-07-01 03:00:00,0.1,0.0,10.710473425287358
2025-07-01 04:00:00,0.09,0.0,10.620473425287358
2025-07-01 05:00:00,0.11,0.197076,10.707549425287358
2025-07-01 06:00:00,0.8500000000000001,1.130676,10.988225425287357
2025-07-01 07:00:00,0.59,1.458232,11.856457425287358
2025-07-01 08:00:00,0.1,3.1631660000000004,13.5
2025-07-01 09:00:00,0.1,3.8677669999999997,13.5
2025-07-01 10:00:00,0.1,4.358023,13.5
2025-07-01 11:00:00,0.403,4.583333,13.5
2025-07-01 12:00:00,0.383,4.583333,13.5
2025-07-01 13:00:00,0.393,4.530973,13.5
2025-07-01 14:00:00,0.1,4.125865,13.5
2025-07-01 15:00:00,0.1,3.504643,13.5
2025-07-01 16:00:00,0.11,2.685521,13.5
2025-07-01 17:00:00,0.9318505747126438,1.634192,13.5
2025-07-01 18:00:00,2.371850574712644,0.552137,11.680286425287356
2025-07-01 19:00:00,0.25,0.0,11.430286425287356
2025-07-01 20:00:00,0.16,0.0,11.270286425287356
2025-07-01 21:00:00,0.18,0.0,11.090286425287356
2025-07-01 22:00:00,0.23,0.0,10.860286425287356
2025-07-01 23:00:00,0.21,0.0,10.650286425287355
2025-07-02 00:00:00,0.2299999999999999,0.0,10.420286425287355
2025-07-02 01:00:00,0.22,0.0,10.200286425287354
2025-07-02 02:00:00,0.22,0.0,9.980286425287353
2025-07-02 03:00:00,0.63,0.0,9.350286425287353
2025-07-02 04:00:00,0.65,0.0,8.700286425287352
2025-07-02 05:00:00,0.68,0.169472,8.189758425287351
2025-07-02 06:00:00,0.68,1.082914,8.59267242528735
2025-07-02 07:00:00,0.6900000000000001,2.156626,10.05929842528735
2025-07-02 08:00:00,0.47,3.020908,12.61020642528735
2025-07-02 09:00:00,0.22,3.703852,13.5
2025-07-02 10:00:00,2.52,4.181612,13.5
2025-07-02 11:00:00,2.9106666666666667,4.457809,13.5
2025-07-02 12:00:00,2.9106666666666667,4.532309000000001,13.5
2025-07-02 13:00:00,2.9106666666666667,4.359109,13.5
2025-07-02 14:00:00,2.52,3.964107,13.5
2025-07-02 15:00:00,0.21,3.3633319999999998,13.5
2025-07-02 16:00:00,0.22,2.5794740000000003,13.5
2025-07-02 17:00:00,3.5491340996168583,1.567393,11.518258900383142
2025-07-02 18:00:00,2.2491340996168585,0.530288,9.799412800766284
2025-07-02 19:00:00,0.17,0.0,9.629412800766284
2025-07-02 20:00:00,0.16,0.0,9.469412800766284
2025-07-02 21:00:00,0.5700000000000001,0.0,8.899412800766283
2025-07-02 22:00:00,0.74,0.0,8.159412800766283
2025-07-02 23:00:00,0.22,0.0,7.939412800766283
2025-07-03 00:00:00,1.07,0.0,6.869412800766283
2025-07-03 01:00:00,0.48,0.0,6.389412800766284
2025-07-03 02:00:00,0.87,0.0,5.5194128007662835
2025-07-03 03:00:00,0.4599999999999999,0.0,5.0594128007662835
2025-07-03 04:00:00,1.05,0.0,4.009412800766284
2025-07-03 05:00:00,0.7300000000000001,0.180167,3.4595798007662837
2025-07-03 06:00:00,0.75,1.1038979999999998,3.8134778007662833
2025-07-03 07:00:00,0.6,0.996632,4.210109800766284
2025-07-03 08:00:00,0.56,1.629263,5.279372800766284
2025-07-03 09:00:00,0.73,2.550267,7.099639800766283
2025-07-03 10:00:00,0.76,2.326654,8.666293800766283
2025-07-03 11:00:00,1.1806666666666668,3.039246,10.524873134099616
2025-07-03 12:00:00,1.0306666666666668,2.808035,12.30224146743295
2025-07-03 13:00:00,0.7506666666666667,2.985928,13.5
2025-07-03 14:00:00,0.21,2.57612,13.5
2025-07-03 15:00:00,0.22,3.43963,13.5
2025-07-03 16:00:00,0.22,2.642201,13.5
2025-07-03 17:00:00,1.3491340996168584,1.607453,13.5
2025-07-03 18:00:00,4.469134099616858,0.5442809999999999,9.575146900383142
2025-07-03 19:00:00,0.27,0.0,9.305146900383143
2025-07-03 20:00:00,0.27,0.0,9.035146900383143
2025-07-03 21:00:00,0.24,0.0,8.795146900383143
2025-07-03 22:00:00,0.24,0.0,8.555146900383143
2025-07-03 23:00:00,0.22,0.0,8.335146900383142
2025-07-04 00:00:00,0.75,0.0,7.585146900383142
2025-07-04 01:00:00,0.77,0.0,6.815146900383143
2025-07-04 02:00:00,0.59,0.0,6.225146900383143
2025-07-04 03:00:00,1.05,0.0,5.175146900383143
2025-07-04 04:00:00,0.5900000000000001,0.0,4.585146900383143
2025-07-04 05:00:00,0.91,0.17685900000000002,3.8520059003831433
2025-07-04 06:00:00,0.8400000000000001,1.080883,4.0928889003831435
2025-07-04 07:00:00,0.8200000000000001,2.1582350000000003,5.4311239003831435
2025-07-04 08:00:00,0.8200000000000001,3.030057,7.6411809003831435
2025-07-04 09:00:00,0.2,3.682135,11.123315900383144
2025-07-04 10:00:00,2.4,4.1490469999999995,12.872362900383143
2025-07-04 11:00:00,2.790666666666666,4.428589,13.5
2025-07-04 12:00:00,4.310666666666666,4.516728,13.5
2025-07-04 13:00:00,4.250666666666667,4.366874,13.5
2025-07-04 14:00:00,2.54,3.99332,13.5
2025-07-04 15:00:00,0.13,3.3855239999999998,13.5
2025-07-04 16:00:00,0.11,2.576248,13.5
2025-07-04 17:00:00,1.3691340996168584,1.552778,13.5
2025-07-04 18:00:00,1.2691340996168583,0.525887,12.756752900383141
2025-07-04 19:00:00,0.12,0.0,12.636752900383142
2025-07-04 20:00:00,0.2,0.0,12.436752900383143
2025-07-04 21:00:00,0.65,0.0,11.786752900383142
2025-07-04 22:00:00,0.6699999999999999,0.0,11.116752900383142
2025-07-04 23:00:00,0.21,0.0,10.906752900383141
2025-07-05 00:00:00,0.62,0.0,10.286752900383142
2025-07-05 01:00:00,0.54,0.0,9.746752900383143
2025-07-05 02:00:00,0.71,0.0,9.036752900383142
2025-07-05 03:00:00,0.59,0.0,8.446752900383142
2025-07-05 04:00:00,0.6,0.0,7.846752900383143
2025-07-05 05:00:00,0.8,0.11934099999999999,7.166093900383142
2025-07-05 06:00:00,0.93,1.014601,7.2506949003831425
2025-07-05 07:00:00,0.6799999999999999,1.2674239999999999,7.838118900383142
2025-07-05 08:00:00,0.63,2.883167,10.091285900383141
2025-07-05 09:00:00,0.45,3.534463,13.175748900383141
2025-07-05 10:00:00,2.4099999999999997,3.9610749999999997,13.5
2025-07-05 11:00:00,2.730182692307692,4.249039,13.5
2025-07-05 12:00:00,2.8301826923076923,4.315372999999999,13.5
2025-07-05 13:00:00,2.770182692307692,4.200114999999999,13.5
2025-07-05 14:00:00,2.4099999999999997,3.8022199999999997,13.5
2025-07-05 15:00:00,0.1,3.211926,13.5
2025-07-05 16:00:00,0.11,1.82867,13.5
2025-07-05 17:00:00,2.423852011494253,0.747162,11.823309988505747
2025-07-05 18:00:00,1.643852011494253,0.117137,10.296594977011495
2025-07-05 19:00:00,0.12,0.0,10.176594977011495
2025-07-05 20:00:00,0.12,0.0,10.056594977011496
2025-07-05 21:00:00,0.13,0.0,9.926594977011495
2025-07-05 22:00:00,0.22,0.0,9.706594977011495
2025-07-05 23:00:00,0.25,0.0,9.456594977011495
2025-07-06 00:00:00,0.32,0.0,9.136594977011494
2025-07-06 01:00:00,0.22,0.0,8.916594977011494
2025-07-06 02:00:00,0.63,0.0,8.286594977011493
2025-07-06 03:00:00,0.63,0.0,7.656594977011493
2025-07-06 04:00:00,1.0,0.0,6.656594977011493
2025-07-06 05:00:00,0.6,0.162464,6.2190589770114935
2025-07-06 06:00:00,1.06,1.001018,6.160076977011493
2025-07-06 07:00:00,1.29,1.240716,6.110792977011493
2025-07-06 08:00:00,0.81,2.9556,8.256392977011494
2025-07-06 09:00:00,0.59,1.9130260000000001,9.579418977011494
2025-07-06 10:00:00,2.71,2.001945,8.871363977011494
2025-07-06 11:00:00,2.7201826923076924,2.140374,8.291555284703803
2025-07-06 12:00:00,2.750182692307692,1.827287,7.36865959239611
2025-07-06 13:00:00,2.750182692307692,2.010913,6.629389900088418
2025-07-06 14:00:00,2.42,2.3874470000000003,6.596836900088418
2025-07-06 15:00:00,0.11,1.445116,7.931952900088418
2025-07-06 16:00:00,0.11,0.7258730000000001,8.547825900088418
2025-07-06 17:00:00,0.9538520114942528,0.41711200000000004,8.011085888594165
2025-07-06 18:00:00,1.083852011494253,0.196489,7.123722877099912
2025-07-06 19:00:00,0.26,0.0,6.863722877099912
2025-07-06 20:00:00,0.4599999999999999,0.0,6.403722877099912
2025-07-06 21:00:00,0.16,0.0,6.243722877099912
2025-07-06 22:00:00,0.2,0.0,6.043722877099912
2025-07-06 23:00:00,0.21,0.0,5.833722877099912
2025-07-07 00:00:00,0.21,0.0,5.623722877099912
2025-07-07 01:00:00,0.63,0.0,4.993722877099912
2025-07-07 02:00:00,0.83,0.0,4.163722877099912
2025-07-07 03:00:00,0.74,0.0,3.4237228770999115
2025-07-07 04:00:00,1.05,0.0,2.3737228770999117
2025-07-07 05:00:00,0.6699999999999999,0.15906800000000001,1.8627908770999118
2025-07-07 06:00:00,1.28,0.146437,0.7292278770999117
2025-07-07 07:00:00,1.54,0.393002,0.0
2025-07-07 08:00:00,0.6799999999999999,0.805211,0.12521100000000007
2025-07-07 09:00:00,1.07,1.261774,0.31698499999999996
2025-07-07 10:00:00,0.84,1.472845,0.94983
2025-07-07 11:00:00,0.5901826923076923,1.501511,1.8611583076923077
2025-07-07 12:00:00,0.5401826923076923,1.4509459999999998,2.771921615384615
2025-07-07 13:00:00,0.5101826923076923,1.264401,3.526139923076923
2025-07-07 14:00:00,0.23,1.7523060000000001,5.048445923076923
2025-07-07 15:00:00,0.2299999999999999,1.333956,6.152401923076924
2025-07-07 16:00:00,0.22,0.921736,6.854137923076924
2025-07-07 17:00:00,1.083852011494253,0.682615,6.452900911582671
2025-07-07 18:00:00,1.093852011494253,0.125148,5.484196900088419
2025-07-07 19:00:00,0.22,0.0,5.264196900088419
2025-07-07 20:00:00,0.2,0.0,5.064196900088419
2025-07-07 21:00:00,0.12,0.0,4.944196900088419
2025-07-07 22:00:00,0.12,0.0,4.824196900088419
2025-07-07 23:00:00,0.11,0.0,4.714196900088418
2025-07-08 00:00:00,0.11,0.0,4.604196900088418
2025-07-08 01:00:00,0.11,0.0,4.494196900088418
2025-07-08 02:00:00,0.1,0.0,4.394196900088418
2025-07-08 03:00:00,0.1,0.0,4.294196900088418
2025-07-08 04:00:00,0.1,0.0,4.194196900088419
2025-07-08 05:00:00,0.1,0.157031,4.251227900088419
2025-07-08 06:00:00,0.52,0.988639,4.7198669000884195
2025-07-08 07:00:00,0.13,0.8965270000000001,5.486393900088419
2025-07-08 08:00:00,0.11,2.8739920000000003,8.25038590008842
2025-07-08 09:00:00,0.1,3.574857,11.72524290008842
2025-07-08 10:00:00,0.11,4.069299,13.5
2025-07-08 11:00:00,0.3901826923076923,4.358112,13.5
2025-07-08 12:00:00,0.3901826923076923,4.427551,13.5
2025-07-08 13:00:00,0.4001826923076923,4.271631,13.5
2025-07-08 14:00:00,0.1,3.897358,13.5
2025-07-08 15:00:00,0.1,3.296199,13.5
2025-07-08 16:00:00,0.1,1.657329,13.5
2025-07-08 17:00:00,0.9338520114942528,1.528469,13.5
2025-07-08 18:00:00,1.153852011494253,0.509927,12.856074988505746
2025-07-08 19:00:00,0.26,0.0,12.596074988505746
2025-07-08 20:00:00,0.1699999999999999,0.0,12.426074988505746
2025-07-08 21:00:00,0.2,0.0,12.226074988505747
2025-07-08 22:00:00,0.16,0.0,12.066074988505747
2025-07-08 23:00:00,0.11,0.0,11.956074988505748
2025-07-09 00:00:00,0.1,0.0,11.856074988505748
2025-07-09 01:00:00,0.1,0.0,11.756074988505748
2025-07-09 02:00:00,0.1,0.0,11.656074988505749
2025-07-09 03:00:00,0.11,0.0,11.54607498850575
2025-07-09 04:00:00,0.11,0.0,11.43607498850575
2025-07-09 05:00:00,0.1,0.13579,11.47186498850575
2025-07-09 06:00:00,0.11,0.922098,12.28396298850575
2025-07-09 07:00:00,0.12,1.023966,13.187928988505751
2025-07-09 08:00:00,0.1,1.523595,13.5
2025-07-09 09:00:00,0.1,2.43383,13.5
2025-07-09 10:00:00,2.4,4.034915,13.5
2025-07-09 11:00:00,2.5289700854700854,4.357869,13.5
2025-07-09 12:00:00,2.5289700854700854,4.457175,13.5
2025-07-09 13:00:00,2.5289700854700854,4.287376,13.5
2025-07-09 14:00:00,2.4099999999999997,3.914517,13.5
2025-07-09 15:00:00,0.11,3.311335,13.5
2025-07-09 16:00:00,0.11,2.529007,13.5
2025-07-09 17:00:00,0.4961564495530013,1.522621,13.5
2025-07-09 18:00:00,0.7861564495530013,0.50924,13.223083550446999
2025-07-09 19:00:00,0.41,0.0,12.813083550446999
2025-07-09 20:00:00,0.51,0.0,12.303083550446999
2025-07-09 21:00:00,0.28,0.0,12.023083550447
2025-07-09 22:00:00,0.5700000000000001,0.0,11.453083550447
2025-07-09 23:00:00,0.11,0.0,11.343083550447
2025-07-10 00:00:00,0.1,0.0,11.243083550447
2025-07-10 01:00:00,0.1,0.0,11.143083550447
2025-07-10 02:00:00,0.1,0.0,11.043083550447001
2025-07-10 03:00:00,0.5,0.0,10.543083550447001
2025-07-10 04:00:00,0.9,0.0,9.643083550447
2025-07-10 05:00:00,0.66,0.134448,9.117531550447001
2025-07-10 06:00:00,0.57,0.973253,9.520784550447
2025-07-10 07:00:00,0.71,0.523563,9.334347550447001
2025-07-10 08:00:00,0.44,0.972446,9.866793550447001
2025-07-10 09:00:00,0.32,2.112384,11.659177550447001
2025-07-10 10:00:00,0.1,3.8739149999999998,13.5
2025-07-10 11:00:00,0.2289700854700855,4.172915,13.5
2025-07-10 12:00:00,0.2289700854700855,3.617225,13.5
2025-07-10 13:00:00,0.2289700854700855,4.066845,13.5
2025-07-10 14:00:00,0.11,3.049207,13.5
2025-07-10 15:00:00,0.11,1.6319359999999998,13.5
2025-07-10 16:00:00,0.1,1.418675,13.5
2025-07-10 17:00:00,2.316156449553002,0.457267,11.641110550446998
2025-07-10 18:00:00,1.8361564495530016,0.23928200000000002,10.044236100893997
2025-07-10 19:00:00,0.3,0.0,9.744236100893996
2025-07-10 20:00:00,0.27,0.0,9.474236100893997
2025-07-10 21:00:00,0.21,0.0,9.264236100893996
2025-07-10 22:00:00,0.2,0.0,9.064236100893996
2025-07-10 23:00:00,0.22,0.0,8.844236100893996
2025-07-11 00:00:00,0.22,0.0,8.624236100893995
2025-07-11 01:00:00,0.22,0.0,8.404236100893995
2025-07-11 02:00:00,0.22,0.0,8.184236100893994
2025-07-11 03:00:00,0.22,0.0,7.964236100893994
2025-07-11 04:00:00,0.62,0.0,7.344236100893994
2025-07-11 05:00:00,0.65,0.124763,6.818999100893994
2025-07-11 06:00:00,0.65,0.913473,7.082472100893995
2025-07-11 07:00:00,0.31,1.3988420000000001,8.171314100893994
2025-07-11 08:00:00,0.25,1.392508,9.313822100893994
2025-07-11 09:00:00,0.22,2.591477,11.685299100893992
2025-07-11 10:00:00,2.53,2.398594,11.553893100893992
2025-07-11 11:00:00,2.6589700854700853,2.43908,11.334003015423907
2025-07-11 12:00:00,2.6489700854700855,4.516996,13.202028929953821
2025-07-11 13:00:00,2.6489700854700855,4.314652,13.5
2025-07-11 14:00:00,2.52,3.9277159999999998,13.5
2025-07-11 15:00:00,0.22,3.337762,13.5
2025-07-11 16:00:00,0.22,2.563396,13.5
2025-07-11 17:00:00,0.5761564495530014,1.548675,13.5
2025-07-11 18:00:00,0.5761564495530014,0.508916,13.432759550446999
2025-07-11 19:00:00,0.22,0.0,13.212759550446998
2025-07-11 20:00:00,0.22,0.0,12.992759550446998
2025-07-11 21:00:00,0.2299999999999999,0.0,12.762759550446997
2025-07-11 22:00:00,0.21,0.0,12.552759550446996
2025-07-11 23:00:00,0.22,0.0,12.332759550446996
2025-07-12 00:00:00,0.22,0.0,12.112759550446995
2025-07-12 01:00:00,0.25,0.0,11.862759550446995
2025-07-12 02:00:00,0.3,0.0,11.562759550446994
2025-07-12 03:00:00,0.22,0.0,11.342759550446994
2025-07-12 04:00:00,0.22,0.0,11.122759550446993
2025-07-12 05:00:00,0.21,0.011436,10.924195550446994
2025-07-12 06:00:00,0.21,0.183278,10.897473550446994
2025-07-12 07:00:00,0.21,1.305028,11.992501550446995
2025-07-12 08:00:00,0.21,2.163064,13.5
2025-07-12 09:00:00,0.21,3.077828,13.5
2025-07-12 10:00:00,2.51,4.114146,13.5
2025-07-12 11:00:00,2.6389700854700853,4.422915,13.5
2025-07-12 12:00:00,2.6389700854700853,4.498711,13.5
2025-07-12 13:00:00,2.6389700854700853,4.351192,13.5
2025-07-12 14:00:00,2.51,3.980631,13.5
2025-07-12 15:00:00,0.22,3.389732,13.5
2025-07-12 16:00:00,0.22,2.5892049999999998,13.5
2025-07-12 17:00:00,0.5761564495530014,1.570355,13.5
2025-07-12 18:00:00,0.5761564495530014,0.516596,13.440439550447
2025-07-12 19:00:00,0.21,0.0,13.230439550446999
2025-07-12 20:00:00,0.21,0.0,13.020439550446998
2025-07-12 21:00:00,0.22,0.0,12.800439550446997
2025-07-12 22:00:00,0.22,0.0,12.580439550446997
2025-07-12 23:00:00,0.21,0.0,12.370439550446996
2025-07-13 00:00:00,0.22,0.0,12.150439550446995
2025-07-13 01:00:00,0.21,0.0,11.940439550446994
2025-07-13 02:00:00,0.22,0.0,11.720439550446994
2025-07-13 03:00:00,0.21,0.0,11.510439550446993
2025-07-13 04:00:00,0.2,0.0,11.310439550446993
2025-07-13 05:00:00,0.36,0.11802800000000001,11.068467550446993
2025-07-13 06:00:00,0.37,0.9781620000000001,11.676629550446993
2025-07-13 07:00:00,0.62,2.058353,13.114982550446992
2025-07-13 08:00:00,0.52,2.922598,13.5
2025-07-13 09:00:00,0.21,3.602335,13.5
2025-07-13 10:00:00,2.51,4.082404,13.5
2025-07-13 11:00:00,2.6389700854700853,4.390683,13.5
2025-07-13 12:00:00,2.6389700854700853,4.48634,13.5
2025-07-13 13:00:00,2.6389700854700853,4.313474,13.5
2025-07-13 14:00:00,2.52,3.93358,13.5
2025-07-13 15:00:00,0.21,1.916816,13.5
2025-07-13 16:00:00,0.21,1.4312660000000001,13.5
2025-07-13 17:00:00,0.5861564495530013,0.731465,13.5
2025-07-13 18:00:00,0.5761564495530014,0.155196,13.079039550446998
2025-07-13 19:00:00,0.21,0.0,12.869039550446997
2025-07-13 20:00:00,0.22,0.0,12.649039550446997
2025-07-13 21:00:00,0.22,0.0,12.429039550446996
2025-07-13 22:00:00,0.21,0.0,12.219039550446995
2025-07-13 23:00:00,0.21,0.0,12.009039550446994
2025-07-14 00:00:00,0.21,0.0,11.799039550446993
2025-07-14 01:00:00,0.21,0.0,11.589039550446993
2025-07-14 02:00:00,0.21,0.0,11.379039550446992
2025-07-14 03:00:00,0.21,0.0,11.16903955044699
2025-07-14 04:00:00,0.21,0.0,10.95903955044699
2025-07-14 05:00:00,0.21,0.11035500000000001,10.85939455044699
2025-07-14 06:00:00,0.54,0.9712759999999999,11.29067055044699
2025-07-14 07:00:00,0.52,0.567615,11.33828555044699
2025-07-14 08:00:00,0.21,0.899763,12.02804855044699
2025-07-14 09:00:00,0.21,1.22233,13.04037855044699
2025-07-14 10:00:00,0.21,1.484259,13.5
2025-07-14 11:00:00,0.3389700854700855,1.598972,13.5
2025-07-14 12:00:00,0.3389700854700855,1.860095,13.5
2025-07-14 13:00:00,0.3489700854700854,2.32973,13.5
2025-07-14 14:00:00,0.22,1.849202,13.5
2025-07-14 15:00:00,0.21,1.42696,13.5
2025-07-14 16:00:00,0.21,0.775354,13.5
2025-07-14 17:00:00,0.5861564495530013,0.427862,13.341705550447
2025-07-14 18:00:00,0.5861564495530013,0.489228,13.244777100893998
2025-07-14 19:00:00,0.22,0.0,13.024777100893997
2025-07-14 20:00:00,0.22,0.0,12.804777100893997
2025-07-14 21:00:00,0.22,0.0,12.584777100893996
2025-07-14 22:00:00,0.22,0.0,12.364777100893996
2025-07-14 23:00:00,0.21,0.0,12.154777100893995
2025-07-15 00:00:00,0.22,0.0,11.934777100893994
2025-07-15 01:00:00,0.22,0.0,11.714777100893993
2025-07-15 02:00:00,0.21,0.0,11.504777100893993
2025-07-15 03:00:00,0.21,0.0,11.294777100893992
2025-07-15 04:00:00,0.22,0.0,11.074777100893991
2025-07-15 05:00:00,0.21,0.101414,10.96619110089399
2025-07-15 06:00:00,0.21,0.9535520000000001,11.70974310089399
2025-07-15 07:00:00,0.2,0.768535,12.27827810089399
2025-07-15 08:00:00,0.21,1.0569849999999998,13.12526310089399
2025-07-15 09:00:00,0.22,3.6586309999999997,13.5
2025-07-15 10:00:00,0.21,4.164442,13.5
2025-07-15 11:00:00,0.3389700854700855,4.445339,13.5
2025-07-15 12:00:00,0.3389700854700855,4.50643,13.5
2025-07-15 13:00:00,0.3389700854700855,2.821053,13.5
2025-07-15 14:00:00,0.21,1.986825,13.5
2025-07-15 15:00:00,0.22,3.3439389999999998,13.5
2025-07-15 16:00:00,0.32,2.551787,13.5
2025-07-15 17:00:00,0.6161564495530013,1.521447,13.5
2025-07-15 18:00:00,0.5861564495530013,0.47879,13.392633550446998
2025-07-15 19:00:00,0.22,0.0,13.172633550446998
2025-07-15 20:00:00,0.22,0.0,12.952633550446997
2025-07-15 21:00:00,0.22,0.0,12.732633550446996
2025-07-15 22:00:00,0.21,0.0,12.522633550446995
2025-07-15 23:00:00,0.21,0.0,12.312633550446995
2025-07-16 00:00:00,0.21,0.0,12.102633550446994
2025-07-16 01:00:00,0.21,0.0,11.892633550446993
2025-07-16 02:00:00,0.22,0.0,11.672633550446992
2025-07-16 03:00:00,0.21,0.0,11.462633550446991
2025-07-16 04:00:00,0.22,0.0,11.24263355044699
2025-07-16 05:00:00,0.2,0.094408,11.137041550446991
2025-07-16 06:00:00,0.61,0.9635739999999999,11.490615550446991
2025-07-16 07:00:00,0.53,0.635773,11.59638855044699
2025-07-16 08:00:00,0.4,1.146347,12.34273555044699
2025-07-16 09:00:00,0.5700000000000001,1.41205,13.18478555044699
2025-07-16 10:00:00,2.52,1.291966,11.956751550446992
2025-07-16 11:00:00,2.6389700854700853,2.018209,11.335990464976906
2025-07-16 12:00:00,2.6389700854700853,2.679405,11.37642537950682
2025-07-16 13:00:00,2.6389700854700853,2.783298,11.520753294036734
2025-07-16 14:00:00,2.51,3.122957,12.133710294036733
2025-07-16 15:00:00,0.21,2.145676,13.5
2025-07-16 16:00:00,0.22,1.051485,13.5
2025-07-16 17:00:00,0.5761564495530014,0.56421,13.488053550446999
2025-07-16 18:00:00,0.5861564495530013,0.485645,13.387542100893997
2025-07-16 19:00:00,0.22,0.0,13.167542100893996
2025-07-16 20:00:00,0.22,0.0,12.947542100893996
2025-07-16 21:00:00,0.22,0.0,12.727542100893995
2025-07-16 22:00:00,0.21,0.0,12.517542100893994
2025-07-16 23:00:00,0.21,0.0,12.307542100893993
2025-07-17 00:00:00,0.22,0.0,12.087542100893993
2025-07-17 01:00:00,0.21,0.0,11.877542100893992
2025-07-17 02:00:00,0.21,0.0,11.667542100893991
2025-07-17 03:00:00,0.22,0.0,11.44754210089399
2025-07-17 04:00:00,0.21,0.0,11.23754210089399
2025-07-17 05:00:00,0.22,0.0,11.017542100893989
2025-07-17 06:00:00,0.21,0.271002,11.078544100893989
2025-07-17 07:00:00,0.21,1.006062,11.874606100893988
2025-07-17 08:00:00,0.2,0.774717,12.449323100893988
2025-07-17 09:00:00,0.45,1.254747,13.254070100893989
2025-07-17 10:00:00,0.72,2.065157,13.5
2025-07-17 11:00:00,0.7589700854700855,2.810608,13.5
2025-07-17 12:00:00,0.5489700854700855,2.85081,13.5
2025-07-17 13:00:00,0.3589700854700854,2.212339,13.5
2025-07-17 14:00:00,0.21,2.181826,13.5
2025-07-17 15:00:00,0.22,3.2326460000000004,13.5
2025-07-17 16:00:00,0.21,0.970641,13.5
2025-07-17 17:00:00,0.5761564495530014,1.443823,13.5
2025-07-17 18:00:00,0.5861564495530013,0.440533,13.354376550446998
2025-07-17 19:00:00,0.21,0.0,13.144376550446998
2025-07-17 20:00:00,0.22,0.0,12.924376550446997
2025-07-17 21:00:00,0.22,0.0,12.704376550446996
2025-07-17 22:00:00,0.21,0.0,12.494376550446995
2025-07-17 23:00:00,0.22,0.0,12.274376550446995
2025-07-18 00:00:00,0.21,0.0,12.064376550446994
2025-07-18 01:00:00,0.21,0.0,11.854376550446993
2025-07-18 02:00:00,0.21,0.0,11.644376550446992
2025-07-18 03:00:00,0.21,0.0,11.434376550446991
2025-07-18 04:00:00,0.22,0.0,11.21437655044699
2025-07-18 05:00:00,0.21,0.06958199999999999,11.07395855044699
2025-07-18 06:00:00,0.22,0.871764,11.72572255044699
2025-07-18 07:00:00,0.21,1.916403,13.43212555044699
2025-07-18 08:00:00,0.21,2.838444,13.5
2025-07-18 09:00:00,0.21,3.575009,13.5
2025-07-18 10:00:00,2.51,4.070932,13.5
2025-07-18 11:00:00,2.703455128205128,4.419404999999999,13.5
2025-07-18 12:00:00,2.703455128205128,4.51434,13.5
2025-07-18 13:00:00,2.713455128205128,4.368399999999999,13.5
2025-07-18 14:00:00,2.52,3.987174,13.5
2025-07-18 15:00:00,0.21,3.388541,13.5
2025-07-18 16:00:00,0.21,2.591662,13.5
2025-07-18 17:00:00,0.759234674329502,1.543388,13.5
2025-07-18 18:00:00,0.7692346743295019,0.473814,13.204579325670498
2025-07-18 19:00:00,0.21,0.0,12.994579325670497
2025-07-18 20:00:00,0.21,0.0,12.784579325670496
2025-07-18 21:00:00,0.22,0.0,12.564579325670495
2025-07-18 22:00:00,0.22,0.0,12.344579325670495
2025-07-18 23:00:00,0.21,0.0,12.134579325670494
2025-07-19 00:00:00,0.22,0.0,11.914579325670493
2025-07-19 01:00:00,0.21,0.0,11.704579325670492
2025-07-19 02:00:00,0.21,0.0,11.494579325670491
2025-07-19 03:00:00,0.21,0.0,11.28457932567049
2025-07-19 04:00:00,0.21,0.0,11.07457932567049
2025-07-19 05:00:00,0.21,0.066454,10.931033325670489
2025-07-19 06:00:00,0.21,0.930785,11.651818325670488
2025-07-19 07:00:00,0.2,2.038412,13.490230325670488
2025-07-19 08:00:00,0.51,2.961328,13.5
2025-07-19 09:00:00,0.52,3.681073,13.5
2025-07-19 10:00:00,2.5,4.177948000000001,13.5
2025-07-19 11:00:00,2.703455128205128,4.467816,13.5
2025-07-19 12:00:00,2.873455128205128,4.525098,13.5
2025-07-19 13:00:00,2.703455128205128,4.3871400000000005,13.5
2025-07-19 14:00:00,2.51,4.008494,13.5
2025-07-19 15:00:00,0.21,3.3918760000000003,13.5
2025-07-19 16:00:00,0.21,2.572533,13.5
2025-07-19 17:00:00,0.7692346743295019,1.5189059999999999,13.5
2025-07-19 18:00:00,0.7692346743295019,0.46473000000000003,13.195495325670498
2025-07-19 19:00:00,0.21,0.0,12.985495325670497
2025-07-19 20:00:00,0.22,0.0,12.765495325670496
2025-07-19 21:00:00,0.21,0.0,12.555495325670496
2025-07-19 22:00:00,0.21,0.0,12.345495325670495
2025-07-19 23:00:00,0.21,0.0,12.135495325670494
2025-07-20 00:00:00,0.21,0.0,11.925495325670493
2025-07-20 01:00:00,0.21,0.0,11.715495325670492
2025-07-20 02:00:00,0.21,0.0,11.505495325670491
2025-07-20 03:00:00,0.47,0.0,11.03549532567049
2025-07-20 04:00:00,0.53,0.0,10.505495325670491
2025-07-20 05:00:00,0.62,0.057777,9.943272325670492
2025-07-20 06:00:00,0.21,0.88086,10.614132325670491
2025-07-20 07:00:00,0.78,1.9429939999999999,11.77712632567049
2025-07-20 08:00:00,0.21,2.8478380000000003,13.5
2025-07-20 09:00:00,0.52,3.5390070000000002,13.5
2025-07-20 10:00:00,2.51,4.047297,13.5
2025-07-20 11:00:00,2.703455128205128,4.3133,13.5
2025-07-20 12:00:00,2.713455128205128,4.384669,13.5
2025-07-20 13:00:00,2.703455128205128,4.219195,13.5
2025-07-20 14:00:00,2.51,3.826719,13.5
2025-07-20 15:00:00,0.21,1.3843320000000001,13.5
2025-07-20 16:00:00,0.21,0.982206,13.5
2025-07-20 17:00:00,0.759234674329502,1.445598,13.5
2025-07-20 18:00:00,0.759234674329502,0.432394,13.173159325670499
2025-07-20 19:00:00,0.2,0.0,12.9731593256705
2025-07-20 20:00:00,0.93,0.0,12.0431593256705
2025-07-20 21:00:00,0.72,0.0,11.323159325670499
2025-07-20 22:00:00,1.82,0.0,9.503159325670499
2025-07-20 23:00:00,0.94,0.0,8.5631593256705
2025-07-21 00:00:00,0.88,0.0,7.683159325670499
2025-07-21 01:00:00,0.43,0.0,7.2531593256705
2025-07-21 02:00:00,0.66,0.0,6.5931593256704994
2025-07-21 03:00:00,0.61,0.0,5.983159325670499
2025-07-21 04:00:00,0.55,0.0,5.433159325670499
2025-07-21 05:00:00,0.55,0.051647,4.9348063256704995
2025-07-21 06:00:00,0.54,0.846801,5.2416073256705
2025-07-21 07:00:00,0.62,0.419803,5.041410325670499
2025-07-21 08:00:00,1.02,1.310073,5.331483325670499
2025-07-21 09:00:00,0.22,3.468609,8.580092325670499
2025-07-21 10:00:00,0.14,3.952271,12.392363325670498
2025-07-21 11:00:00,0.4934551282051282,4.238096,13.5
2025-07-21 12:00:00,0.3434551282051282,4.307168,13.5
2025-07-21 13:00:00,0.3134551282051282,4.189872,13.5
2025-07-21 14:00:00,0.14,3.8261,13.5
2025-07-21 15:00:00,0.27,3.248207,13.5
2025-07-21 16:00:00,0.15,2.472957,13.5
2025-07-21 17:00:00,1.7592346743295018,1.450501,13.191266325670497
2025-07-21 18:00:00,1.889234674329502,0.42691,11.728941651340996
2025-07-21 19:00:00,0.21,0.0,11.518941651340995
2025-07-21 20:00:00,0.2299999999999999,0.0,11.288941651340995
2025-07-21 21:00:00,0.24,0.0,11.048941651340995
2025-07-21 22:00:00,0.22,0.0,10.828941651340994
2025-07-21 23:00:00,0.2299999999999999,0.0,10.598941651340994
2025-07-22 00:00:00,0.2299999999999999,0.0,10.368941651340993
2025-07-22 01:00:00,0.22,0.0,10.148941651340992
2025-07-22 02:00:00,0.22,0.0,9.928941651340992
2025-07-22 03:00:00,0.22,0.0,9.708941651340991
2025-07-22 04:00:00,0.59,0.0,9.118941651340991
2025-07-22 05:00:00,0.55,0.047673,8.616614651340992
2025-07-22 06:00:00,0.95,0.856112,8.522726651340992
2025-07-22 07:00:00,0.8,1.038945,8.761671651340992
2025-07-22 08:00:00,0.39,2.811749,11.183420651340992
2025-07-22 09:00:00,0.52,3.50214,13.5
2025-07-22 10:00:00,0.22,3.979144,13.5
2025-07-22 11:00:00,0.4034551282051282,4.274124,13.5
2025-07-22 12:00:00,0.4034551282051282,3.290639,13.5
2025-07-22 13:00:00,0.4034551282051282,4.204083,13.5
2025-07-22 14:00:00,0.21,1.9597419999999999,13.5
2025-07-22 15:00:00,0.22,1.664662,13.5
2025-07-22 16:00:00,0.21,1.1217380000000001,13.5
2025-07-22 17:00:00,1.629234674329502,1.409557,13.280322325670499
2025-07-22 18:00:00,2.5792346743295016,0.40886900000000004,11.109956651340998
2025-07-22 19:00:00,0.2299999999999999,0.0,10.879956651340997
2025-07-22 20:00:00,0.36,0.0,10.519956651340998
2025-07-22 21:00:00,0.26,0.0,10.259956651340998
2025-07-22 22:00:00,0.23,0.0,10.029956651340997
2025-07-22 23:00:00,0.22,0.0,9.809956651340997
2025-07-23 00:00:00,0.22,0.0,9.589956651340996
2025-07-23 01:00:00,0.22,0.0,9.369956651340996
2025-07-23 02:00:00,0.21,0.0,9.159956651340995
2025-07-23 03:00:00,0.21,0.0,8.949956651340994
2025-07-23 04:00:00,0.61,0.0,8.339956651340994
2025-07-23 05:00:00,0.55,0.046278,7.836234651340995
2025-07-23 06:00:00,0.64,0.8426359999999999,8.038870651340995
2025-07-23 07:00:00,0.6900000000000001,0.8403579999999999,8.189228651340995
2025-07-23 08:00:00,0.24,1.53268,9.481908651340996
2025-07-23 09:00:00,0.24,3.543772,12.785680651340996
2025-07-23 10:00:00,2.53,4.054837,13.5
2025-07-23 11:00:00,2.733455128205128,4.336481,13.5
2025-07-23 12:00:00,2.733455128205128,3.260131,13.5
2025-07-23 13:00:00,2.723455128205128,4.22224,13.5
2025-07-23 14:00:00,2.54,3.830926,13.5
2025-07-23 15:00:00,0.22,3.2261729999999997,13.5
2025-07-23 16:00:00,0.24,2.427684,13.5
2025-07-23 17:00:00,0.7992346743295019,1.031258,13.5
2025-07-23 18:00:00,0.8692346743295019,0.37972300000000003,13.010488325670497
2025-07-23 19:00:00,0.18,0.0,12.830488325670498
2025-07-23 20:00:00,0.27,0.0,12.560488325670498
2025-07-23 21:00:00,0.38,0.0,12.180488325670497
2025-07-23 22:00:00,0.57,0.0,11.610488325670497
2025-07-23 23:00:00,0.71,0.0,10.900488325670498
2025-07-24 00:00:00,0.22,0.0,10.680488325670497
2025-07-24 01:00:00,0.2299999999999999,0.0,10.450488325670497
2025-07-24 02:00:00,0.21,0.0,10.240488325670496
2025-07-24 03:00:00,0.22,0.0,10.020488325670495
2025-07-24 04:00:00,0.21,0.0,9.810488325670494
2025-07-24 05:00:00,0.22,0.043202,9.633690325670495
2025-07-24 06:00:00,0.22,0.435181,9.848871325670494
2025-07-24 07:00:00,0.37,0.374668,9.853539325670495
2025-07-24 08:00:00,0.21,0.6813769999999999,10.324916325670495
2025-07-24 09:00:00,0.21,1.173269,11.288185325670495
2025-07-24 10:00:00,0.22,1.353123,12.421308325670495
2025-07-24 11:00:00,0.5101826923076923,1.7360170000000001,13.5
2025-07-24 12:00:00,0.5101826923076923,1.9517639999999998,13.5
2025-07-24 13:00:00,0.5001826923076924,2.743887,13.5
2025-07-24 14:00:00,0.21,2.8710479999999996,13.5
2025-07-24 15:00:00,0.22,2.378641,13.5
2025-07-24 16:00:00,0.22,1.742003,13.5
2025-07-24 17:00:00,1.093852011494253,1.060636,13.466783988505746
2025-07-24 18:00:00,3.7238520114942526,0.420405,10.163336977011493
2025-07-24 19:00:00,0.21,0.0,9.953336977011492
2025-07-24 20:00:00,0.21,0.0,9.743336977011491
2025-07-24 21:00:00,0.29,0.0,9.453336977011492
2025-07-24 22:00:00,0.12,0.0,9.333336977011493
2025-07-24 23:00:00,0.1,0.0,9.233336977011493
2025-07-25 00:00:00,0.11,0.0,9.123336977011494
2025-07-25 01:00:00,0.1,0.0,9.023336977011494
2025-07-25 02:00:00,0.11,0.0,8.913336977011495
2025-07-25 03:00:00,0.09,0.0,8.823336977011495
2025-07-25 04:00:00,0.1,0.0,8.723336977011495
2025-07-25 05:00:00,0.1,0.046007,8.669343977011495
2025-07-25 06:00:00,0.11,0.849078,9.408421977011495
2025-07-25 07:00:00,0.12,0.37588900000000003,9.664310977011494
2025-07-25 08:00:00,0.44,0.678176,9.902486977011494
2025-07-25 09:00:00,0.12,1.29758,11.080066977011494
2025-07-25 10:00:00,2.4099999999999997,1.687441,10.357507977011494
2025-07-25 11:00:00,2.710182692307692,1.899849,9.547174284703802
2025-07-25 12:00:00,2.710182692307692,2.476166,9.31315759239611
2025-07-25 13:00:00,2.690182692307692,2.30489,8.927864900088418
2025-07-25 14:00:00,2.42,1.4781110000000002,7.985975900088418
2025-07-25 15:00:00,0.12,1.2204380000000001,9.086413900088418
2025-07-25 16:00:00,0.11,0.6971090000000001,9.673522900088418
2025-07-25 17:00:00,0.9538520114942528,0.42231799999999997,9.141988888594165
2025-07-25 18:00:00,1.313852011494253,0.415678,8.243814877099911
2025-07-25 19:00:00,0.28,0.0,7.963814877099911
2025-07-25 20:00:00,0.25,0.0,7.713814877099911
2025-07-25 21:00:00,0.12,0.0,7.593814877099911
2025-07-25 22:00:00,0.12,0.0,7.473814877099911
2025-07-25 23:00:00,0.1,0.0,7.373814877099911
2025-07-26 00:00:00,0.11,0.0,7.263814877099911
2025-07-26 01:00:00,0.1,0.0,7.163814877099911
2025-07-26 02:00:00,0.1,0.0,7.063814877099912
2025-07-26 03:00:00,0.1,0.0,6.963814877099912
2025-07-26 04:00:00,0.09,0.0,6.873814877099912
2025-07-26 05:00:00,0.51,0.040282,6.404096877099912
2025-07-26 06:00:00,0.3999999999999999,0.08296200000000001,6.087058877099912
2025-07-26 07:00:00,0.52,0.40489600000000003,5.971954877099912
2025-07-26 08:00:00,0.6200000000000001,0.6575570000000001,6.009511877099912
2025-07-26 09:00:00,0.29,1.0423900000000001,6.761901877099912
2025-07-26 10:00:00,2.55,1.718327,5.930228877099912
2025-07-26 11:00:00,2.8301826923076923,2.305788,5.40583418479222
2025-07-26 12:00:00,2.8301826923076923,2.338409,4.914060492484528
2025-07-26 13:00:00,3.090182692307692,2.095906,3.9197838001768357
2025-07-26 14:00:00,2.54,1.525335,2.9051188001768358
2025-07-26 15:00:00,0.13,1.662415,4.437533800176835
2025-07-26 16:00:00,0.13,0.872649,5.180182800176835
2025-07-26 17:00:00,3.003852011494253,0.397855,2.5741857886825823
2025-07-26 18:00:00,1.7538520114942528,0.404541,1.2248747771883295
2025-07-26 19:00:00,0.12,0.0,1.1048747771883294
2025-07-26 20:00:00,0.53,0.0,0.5748747771883294
2025-07-26 21:00:00,0.77,0.0,0.0
2025-07-26 22:00:00,0.44,0.0,0.0
2025-07-26 23:00:00,0.11,0.0,0.0
2025-07-27 00:00:00,0.11,0.0,0.0
2025-07-27 01:00:00,0.11,0.0,0.0
2025-07-27 02:00:00,0.11,0.0,0.0
2025-07-27 03:00:00,0.1,0.0,0.0
2025-07-27 04:00:00,0.1,0.0,0.0
2025-07-27 05:00:00,0.11,0.037062,0.0
2025-07-27 06:00:00,0.11,0.847804,0.737804
2025-07-27 07:00:00,2.61,0.340976,0.0
2025-07-27 08:00:00,1.95,0.751576,0.0
2025-07-27 09:00:00,0.19,1.437038,1.247038
2025-07-27 10:00:00,2.53,1.7974539999999999,0.5144920000000002
2025-07-27 11:00:00,2.9301826923076923,2.238997,0.0
2025-07-27 12:00:00,2.7601826923076924,2.843895,0.08371230769230742
2025-07-27 13:00:00,2.740182692307692,3.066747,0.41027661538461535
2025-07-27 14:00:00,2.4099999999999997,2.523361,0.5236376153846156
2025-07-27 15:00:00,0.14,1.818589,2.2022266153846157
2025-07-27 16:00:00,0.24,0.921294,2.8835206153846156
2025-07-27 17:00:00,0.9738520114942528,0.5727369999999999,2.4824056038903626
2025-07-27 18:00:00,3.2738520114942533,0.395197,0.0
2025-07-27 19:00:00,0.16,0.0,0.0
2025-07-27 20:00:00,0.14,0.0,0.0
2025-07-27 21:00:00,0.12,0.0,0.0
2025-07-27 22:00:00,0.12,0.0,0.0
2025-07-27 23:00:00,0.1,0.0,0.0
2025-07-28 00:00:00,0.11,0.0,0.0
2025-07-28 01:00:00,0.11,0.0,0.0
2025-07-28 02:00:00,0.11,0.0,0.0
2025-07-28 03:00:00,0.11,0.0,0.0
2025-07-28 04:00:00,0.11,0.0,0.0
2025-07-28 05:00:00,0.11,0.033745,0.0
2025-07-28 06:00:00,0.51,0.835395,0.325395
2025-07-28 07:00:00,0.63,0.6003160000000001,0.29571100000000006
2025-07-28 08:00:00,0.8200000000000001,1.0654659999999998,0.5411769999999998
2025-07-28 09:00:00,0.78,1.303817,1.0649939999999998
2025-07-28 10:00:00,0.25,1.702198,2.5171919999999997
2025-07-28 11:00:00,0.7106666666666668,2.656071,4.462596333333333
2025-07-28 12:00:00,0.5606666666666668,4.5077929999999995,8.409722666666665
2025-07-28 13:00:00,0.5106666666666667,4.366191,12.265246999999999
2025-07-28 14:00:00,0.16,3.97966,13.5
2025-07-28 15:00:00,0.26,3.3436019999999997,13.5
2025-07-28 16:00:00,0.22,2.51776,13.5
2025-07-28 17:00:00,1.2691340996168583,0.706057,12.936922900383141
2025-07-28 18:00:00,1.3391340996168584,0.38309699999999997,11.980885800766282
2025-07-28 19:00:00,0.16,0.0,11.820885800766282
2025-07-28 20:00:00,0.17,0.0,11.650885800766282
2025-07-28 21:00:00,0.15,0.0,11.500885800766282
2025-07-28 22:00:00,0.16,0.0,11.340885800766282
2025-07-28 23:00:00,0.11,0.0,11.230885800766282
2025-07-29 00:00:00,0.11,0.0,11.120885800766283
2025-07-29 01:00:00,0.11,0.0,11.010885800766284
2025-07-29 02:00:00,0.11,0.0,10.900885800766284
2025-07-29 03:00:00,0.11,0.0,10.790885800766285
2025-07-29 04:00:00,0.11,0.0,10.680885800766285
2025-07-29 05:00:00,0.12,0.030777000000000002,10.591662800766285
2025-07-29 06:00:00,0.11,0.832386,11.314048800766285
2025-07-29 07:00:00,0.13,0.645872,11.829920800766285
2025-07-29 08:00:00,0.55,1.057179,12.337099800766286
2025-07-29 09:00:00,0.61,1.444987,13.172086800766285
2025-07-29 10:00:00,0.1,1.9696600000000002,13.5
2025-07-29 11:00:00,0.4906666666666667,4.445804,13.5
2025-07-29 12:00:00,0.4906666666666667,4.495733,13.5
2025-07-29 13:00:00,0.6006666666666667,4.319038,13.5
2025-07-29 14:00:00,0.14,2.234992,13.5
2025-07-29 15:00:00,0.12,3.28681,13.5
2025-07-29 16:00:00,0.11,2.481389,13.5
2025-07-29 17:00:00,1.2291340996168585,0.864261,13.135126900383142
2025-07-29 18:00:00,3.539134099616858,0.371028,9.967020800766283
2025-07-29 19:00:00,0.12,0.0,9.847020800766284
2025-07-29 20:00:00,0.15,0.0,9.697020800766284
2025-07-29 21:00:00,0.14,0.0,9.557020800766283
2025-07-29 22:00:00,0.14,0.0,9.417020800766283
2025-07-29 23:00:00,0.11,0.0,9.307020800766283
2025-07-30 00:00:00,0.1,0.0,9.207020800766283
2025-07-30 01:00:00,0.11,0.0,9.097020800766284
2025-07-30 02:00:00,0.11,0.0,8.987020800766285
2025-07-30 03:00:00,0.09,0.0,8.897020800766285
2025-07-30 04:00:00,0.1,0.0,8.797020800766285
2025-07-30 05:00:00,0.09,0.0,8.707020800766285
2025-07-30 06:00:00,0.12,0.8131130000000001,9.400133800766286
2025-07-30 07:00:00,0.12,0.951727,10.231860800766286
2025-07-30 08:00:00,0.55,2.085477,11.767337800766287
2025-07-30 09:00:00,0.15,3.5806709999999997,13.5
2025-07-30 10:00:00,2.44,4.064481,13.5
2025-07-30 11:00:00,2.8406666666666665,4.358249,13.5
2025-07-30 12:00:00,3.0206666666666666,4.4269870000000004,13.5
2025-07-30 13:00:00,2.9806666666666666,4.278932,13.5
2025-07-30 14:00:00,2.48,3.89523,13.5
2025-07-30 15:00:00,0.15,3.266417,13.5
2025-07-30 16:00:00,0.29,2.450245,13.5
2025-07-30 17:00:00,1.2491340996168585,0.88715,13.138015900383142
2025-07-30 18:00:00,1.3691340996168584,0.361653,12.130534800766283
2025-07-30 19:00:00,0.13,0.0,12.000534800766282
2025-07-30 20:00:00,0.4,0.0,11.600534800766281
2025-07-30 21:00:00,0.22,0.0,11.38053480076628
2025-07-30 22:00:00,1.45,0.0,9.930534800766281
2025-07-30 23:00:00,0.11,0.0,9.820534800766282
2025-07-31 00:00:00,0.62,0.0,9.200534800766283
2025-07-31 01:00:00,0.63,0.0,8.570534800766282
2025-07-31 02:00:00,0.5800000000000001,0.0,7.990534800766282
2025-07-31 03:00:00,0.11,0.0,7.880534800766282
2025-07-31 04:00:00,0.53,0.0,7.350534800766281
2025-07-31 05:00:00,0.58,0.02547,6.796004800766282
2025-07-31 06:00:00,0.12,0.304322,6.9803268007662815
2025-07-31 07:00:00,0.7100000000000001,0.795234,7.065560800766281
2025-07-31 08:00:00,0.35,1.218143,7.933703800766281
2025-07-31 09:00:00,0.53,1.373649,8.77735280076628
2025-07-31 10:00:00,0.7,2.406891,10.484243800766281
2025-07-31 11:00:00,1.246,2.968169,12.20641280076628
2025-07-31 12:00:00,0.976,2.523638,13.5
2025-07-31 13:00:00,1.166,2.9260129999999998,13.5
2025-07-31 14:00:00,0.16,2.105448,13.5
2025-07-31 15:00:00,0.16,2.049938,13.5
2025-07-31 16:00:00,0.13,1.002098,13.5
2025-07-31 17:00:00,1.8037011494252877,0.49907,12.195368850574713
2025-07-31 18:00:00,1.9437011494252876,0.34947,10.601137701149426
2025-07-31 19:00:00,0.13,0.0,10.471137701149425
2025-07-31 20:00:00,0.2,0.0,10.271137701149426
2025-07-31 21:00:00,0.12,0.0,10.151137701149427
2025-07-31 22:00:00,0.97,0.0,9.181137701149426
2025-07-31 23:00:00,0.5,0.0,8.681137701149426
2025-08-01 00:00:00,0.71,0.0,7.971137701149426
2025-08-01 01:00:00,0.64,0.0,7.3311377011494265
2025-08-01 02:00:00,0.22,0.0,7.111137701149427
2025-08-01 03:00:00,0.64,0.0,6.471137701149427
2025-08-01 04:00:00,0.62,0.0,5.851137701149427
2025-08-01 05:00:00,0.22,0.026281,5.657418701149427
2025-08-01 06:00:00,0.58,0.7881130000000001,5.865531701149427
2025-08-01 07:00:00,0.33,0.440907,5.976438701149427
2025-08-01 08:00:00,0.16,0.893675,6.710113701149427
2025-08-01 09:00:00,0.6900000000000001,1.246975,7.267088701149427
2025-08-01 10:00:00,2.53,2.209336,6.946424701149427
2025-08-01 11:00:00,3.066,2.936794,6.817218701149427
2025-08-01 12:00:00,3.1159999999999997,4.47067,8.171888701149427
2025-08-01 13:00:00,3.006,4.31196,9.477848701149428
2025-08-01 14:00:00,2.44,3.903961,10.941809701149428
2025-08-01 15:00:00,0.15,3.277269,13.5
2025-08-01 16:00:00,0.14,1.317705,13.5
2025-08-01 17:00:00,1.8237011494252875,0.547136,12.223434850574712
2025-08-01 18:00:00,2.0337011494252875,0.338203,10.527936701149425
2025-08-01 19:00:00,0.16,0.0,10.367936701149425
2025-08-01 20:00:00,0.48,0.0,9.887936701149425
2025-08-01 21:00:00,0.22,0.0,9.667936701149424
2025-08-01 22:00:00,0.11,0.0,9.557936701149425
2025-08-01 23:00:00,0.5700000000000001,0.0,8.987936701149424
2025-08-02 00:00:00,0.13,0.0,8.857936701149423
2025-08-02 01:00:00,0.5,0.0,8.357936701149423
2025-08-02 02:00:00,0.1,0.0,8.257936701149424
2025-08-02 03:00:00,0.47,0.0,7.787936701149424
2025-08-02 04:00:00,0.52,0.0,7.267936701149424
2025-08-02 05:00:00,0.2,0.033343000000000005,7.101279701149424
2025-08-02 06:00:00,0.76,0.743212,7.084491701149424
2025-08-02 07:00:00,1.53,0.487966,6.042457701149424
2025-08-02 08:00:00,0.2,0.806849,6.649306701149424
2025-08-02 09:00:00,0.5900000000000001,1.552001,7.611307701149424
2025-08-02 10:00:00,2.44,2.547213,7.718520701149425
2025-08-02 11:00:00,3.9573653846153847,2.778239,6.53939431653404
2025-08-02 12:00:00,2.8773653846153846,4.3505709999999995,8.012599931918654
2025-08-02 13:00:00,3.1573653846153844,4.217055,9.07228954730327
2025-08-02 14:00:00,3.07,2.8700729999999997,8.87236254730327
2025-08-02 15:00:00,0.13,2.162599,10.90496154730327
2025-08-02 16:00:00,0.12,1.331816,12.11677754730327
2025-08-02 17:00:00,0.935853448275862,0.543781,11.724705099027409
2025-08-02 18:00:00,1.1058534482758622,0.317978,10.936829650751546
2025-08-02 19:00:00,0.16,0.0,10.776829650751546
2025-08-02 20:00:00,0.17,0.0,10.606829650751546
2025-08-02 21:00:00,0.16,0.0,10.446829650751546
2025-08-02 22:00:00,0.24,0.0,10.206829650751546
2025-08-02 23:00:00,0.12,0.0,10.086829650751547
2025-08-03 00:00:00,0.11,0.0,9.976829650751547
2025-08-03 01:00:00,0.11,0.0,9.866829650751548
2025-08-03 02:00:00,0.53,0.0,9.336829650751548
2025-08-03 03:00:00,0.6200000000000001,0.0,8.71682965075155
2025-08-03 04:00:00,0.55,0.0,8.166829650751549
2025-08-03 05:00:00,0.49,0.027280000000000002,7.7041096507515485
2025-08-03 06:00:00,0.11,0.738504,8.332613650751549
2025-08-03 07:00:00,1.36,0.49199200000000004,7.464605650751549
2025-08-03 08:00:00,0.9,1.016877,7.581482650751549
2025-08-03 09:00:00,0.13,1.574343,9.02582565075155
2025-08-03 10:00:00,2.65,2.515009,8.89083465075155
2025-08-03 11:00:00,5.457365384615384,2.8573969999999997,6.290866266136166
2025-08-03 12:00:00,3.207365384615384,4.368138,7.451638881520783
2025-08-03 13:00:00,2.9173653846153846,3.23192,7.766193496905398
2025-08-03 14:00:00,2.8099999999999996,2.944942,7.901135496905399
2025-08-03 15:00:00,0.43,2.348538,9.819673496905398
2025-08-03 16:00:00,0.49,1.311181,10.640854496905398
2025-08-03 17:00:00,1.205853448275862,0.74113,10.176131048629536
2025-08-03 18:00:00,1.1358534482758622,0.315019,9.355296600353673
2025-08-03 19:00:00,0.19,0.0,9.165296600353674
2025-08-03 20:00:00,0.27,0.0,8.895296600353674
2025-08-03 21:00:00,0.26,0.0,8.635296600353675
2025-08-03 22:00:00,0.64,0.0,7.995296600353675
2025-08-03 23:00:00,0.66,0.0,7.335296600353675
2025-08-04 00:00:00,0.59,0.0,6.745296600353675
2025-08-04 01:00:00,0.1399999999999999,0.0,6.605296600353675
2025-08-04 02:00:00,0.64,0.0,5.965296600353676
2025-08-04 03:00:00,0.7200000000000001,0.0,5.245296600353676
2025-08-04 04:00:00,0.59,0.0,4.655296600353676
2025-08-04 05:00:00,0.59,0.017703,4.082999600353676
2025-08-04 06:00:00,0.29,0.443938,4.236937600353676
2025-08-04 07:00:00,0.18,0.858231,4.9151686003536765
2025-08-04 08:00:00,0.48,1.3027639999999998,5.737932600353677
2025-08-04 09:00:00,0.16,1.825759,7.403691600353676
2025-08-04 10:00:00,0.12,2.909433,10.193124600353677
2025-08-04 11:00:00,0.3973653846153847,3.130535,12.926294215738292
2025-08-04 12:00:00,0.4073653846153847,4.341139,13.5
2025-08-04 13:00:00,0.5273653846153847,2.880402,13.5
2025-08-04 14:00:00,0.69,2.51805,13.5
2025-08-04 15:00:00,0.61,1.289438,13.5
2025-08-04 16:00:00,0.15,0.744557,13.5
2025-08-04 17:00:00,1.045853448275862,0.44369099999999995,12.897837551724137
2025-08-04 18:00:00,3.2258534482758625,0.29679300000000003,9.968777103448275
2025-08-04 19:00:00,0.42,0.0,9.548777103448275
2025-08-04 20:00:00,0.27,0.0,9.278777103448276
2025-08-04 21:00:00,0.22,0.0,9.058777103448275
2025-08-04 22:00:00,0.14,0.0,8.918777103448274
2025-08-04 23:00:00,0.1,0.0,8.818777103448275
2025-08-05 00:00:00,0.11,0.0,8.708777103448275
2025-08-05 01:00:00,0.1,0.0,8.608777103448276
2025-08-05 02:00:00,0.11,0.0,8.498777103448276
2025-08-05 03:00:00,0.1,0.0,8.398777103448277
2025-08-05 04:00:00,0.09,0.0,8.308777103448277
2025-08-05 05:00:00,0.25,0.014295,8.073072103448277
2025-08-05 06:00:00,0.38,0.732981,8.426053103448277
2025-08-05 07:00:00,0.42,0.139543,8.145596103448277
2025-08-05 08:00:00,0.6799999999999999,0.712146,8.177742103448278
2025-08-05 09:00:00,0.44,1.028701,8.766443103448278
2025-08-05 10:00:00,0.22,1.375297,9.921740103448279
2025-08-05 11:00:00,0.4973653846153847,2.023596,11.447970718832895
2025-08-05 12:00:00,0.5073653846153847,1.3859469999999998,12.32655233421751
2025-08-05 13:00:00,0.4973653846153847,1.4843879999999998,13.313574949602126
2025-08-05 14:00:00,0.21,0.9816849999999999,13.5
2025-08-05 15:00:00,0.22,0.780464,13.5
2025-08-05 16:00:00,0.22,0.481939,13.5
2025-08-05 17:00:00,1.0758534482758622,0.18874100000000002,12.612887551724137
2025-08-05 18:00:00,1.3758534482758622,0.283128,11.520162103448275
2025-08-05 19:00:00,0.27,0.0,11.250162103448275
2025-08-05 20:00:00,0.53,0.0,10.720162103448276
2025-08-05 21:00:00,0.29,0.0,10.430162103448277
2025-08-05 22:00:00,0.25,0.0,10.180162103448277
2025-08-05 23:00:00,0.22,0.0,9.960162103448276
2025-08-06 00:00:00,0.22,0.0,9.740162103448275
2025-08-06 01:00:00,0.22,0.0,9.520162103448275
2025-08-06 02:00:00,0.22,0.0,9.300162103448274
2025-08-06 03:00:00,0.18,0.0,9.120162103448274
2025-08-06 04:00:00,0.1,0.0,9.020162103448275
2025-08-06 05:00:00,0.45,0.013563,8.583725103448275
2025-08-06 06:00:00,0.56,0.705217,8.728942103448276
2025-08-06 07:00:00,0.21,0.46415100000000004,8.983093103448276
2025-08-06 08:00:00,0.15,0.494608,9.327701103448277
2025-08-06 09:00:00,0.11,1.160009,10.377710103448276
2025-08-06 10:00:00,2.4099999999999997,1.686063,9.653773103448277
2025-08-06 11:00:00,2.6973653846153844,1.91239,8.868797718832893
2025-08-06 12:00:00,2.6973653846153844,2.69706,8.868492334217509
2025-08-06 13:00:00,2.6973653846153844,2.7862199999999997,8.957346949602124
2025-08-06 14:00:00,2.4,2.480165,9.037511949602123
2025-08-06 15:00:00,0.11,2.283544,11.211055949602123
2025-08-06 16:00:00,0.11,1.628867,12.729922949602123
2025-08-06 17:00:00,1.6758534482758622,1.300865,12.35493450132626
2025-08-06 18:00:00,2.5158534482758625,0.27929000000000004,10.118371053050398
2025-08-06 19:00:00,0.15,0.0,9.968371053050397
2025-08-06 20:00:00,0.16,0.0,9.808371053050397
2025-08-06 21:00:00,0.13,0.0,9.678371053050396
2025-08-06 22:00:00,0.23,0.0,9.448371053050396
2025-08-06 23:00:00,0.22,0.0,9.228371053050395
2025-08-07 00:00:00,0.22,0.0,9.008371053050395
2025-08-07 01:00:00,0.22,0.0,8.788371053050394
2025-08-07 02:00:00,0.22,0.0,8.568371053050393
2025-08-07 03:00:00,0.21,0.0,8.358371053050393
2025-08-07 04:00:00,0.21,0.0,8.148371053050392
2025-08-07 05:00:00,0.21,0.01528,7.953651053050391
2025-08-07 06:00:00,0.6,0.6985410000000001,8.052192053050392
2025-08-07 07:00:00,0.22,0.54575,8.377942053050392
2025-08-07 08:00:00,0.1,2.786419,11.06436105305039
2025-08-07 09:00:00,0.12,2.073827,13.018188053050391
2025-08-07 10:00:00,0.1,1.821629,13.5
2025-08-07 11:00:00,0.3773653846153847,2.6849920000000003,13.5
2025-08-07 12:00:00,0.3873653846153847,4.467456,13.5
2025-08-07 13:00:00,0.3873653846153847,4.278376000000001,13.5
2025-08-07 14:00:00,0.1,3.878567,13.5
2025-08-07 15:00:00,0.11,3.2423539999999997,13.5
2025-08-07 16:00:00,0.1,2.398214,13.5
2025-08-07 17:00:00,0.9658534482758622,1.278816,13.5
2025-08-07 18:00:00,1.0758534482758622,0.26523,12.689376551724138
2025-08-07 19:00:00,0.19,0.0,12.499376551724138
2025-08-07 20:00:00,0.21,0.0,12.289376551724137
2025-08-07 21:00:00,0.17,0.0,12.119376551724137
2025-08-07 22:00:00,0.58,0.0,11.539376551724137
2025-08-07 23:00:00,0.61,0.0,10.929376551724138
2025-08-08 00:00:00,0.1,0.0,10.829376551724138
2025-08-08 01:00:00,0.11,0.0,10.719376551724139
2025-08-08 02:00:00,0.1,0.0,10.61937655172414
2025-08-08 03:00:00,0.11,0.0,10.50937655172414
2025-08-08 04:00:00,0.1,0.0,10.40937655172414
2025-08-08 05:00:00,0.11,0.012465,10.31184155172414
2025-08-08 06:00:00,0.1,0.690486,10.90232755172414
2025-08-08 07:00:00,0.11,0.323875,11.11620255172414
2025-08-08 08:00:00,0.22,0.564414,11.46061655172414
2025-08-08 09:00:00,0.15,0.823986,12.13460255172414
2025-08-08 10:00:00,2.4499999999999997,1.199657,10.88425955172414
2025-08-08 11:00:00,2.7373653846153845,1.591901,9.738795167108755
2025-08-08 12:00:00,2.7373653846153845,1.566419,8.567848782493371
2025-08-08 13:00:00,2.7173653846153845,1.575745,7.426228397877987
2025-08-08 14:00:00,2.44,1.622896,6.609124397877986
2025-08-08 15:00:00,0.79,1.224675,7.0437993978779865
2025-08-08 16:00:00,0.27,0.571985,7.345784397877987
2025-08-08 17:00:00,1.005853448275862,0.34875900000000004,6.688689949602125
2025-08-08 18:00:00,1.1758534482758622,0.250263,5.763099501326263
2025-08-08 19:00:00,0.3,0.0,5.463099501326263
2025-08-08 20:00:00,0.42,0.0,5.043099501326263
2025-08-08 21:00:00,0.31,0.0,4.733099501326263
2025-08-08 22:00:00,0.35,0.0,4.383099501326264
2025-08-08 23:00:00,0.12,0.0,4.263099501326264
2025-08-09 00:00:00,0.1,0.0,4.163099501326264
2025-08-09 01:00:00,0.11,0.0,4.053099501326264
2025-08-09 02:00:00,0.11,0.0,3.9430995013262637
2025-08-09 03:00:00,0.11,0.0,3.833099501326264
2025-08-09 04:00:00,0.1,0.0,3.733099501326264
2025-08-09 05:00:00,0.1,0.009323,3.642422501326264
2025-08-09 06:00:00,0.1,0.6732480000000001,4.215670501326264
2025-08-09 07:00:00,0.12,0.34662,4.442290501326264
2025-08-09 08:00:00,0.42,0.604524,4.626814501326264
2025-08-09 09:00:00,2.33,1.2412,3.5380145013262636
2025-08-09 10:00:00,4.66,1.979432,0.8574465013262635
2025-08-09 11:00:00,2.9973653846153843,2.607098,0.4671791167108794
2025-08-09 12:00:00,2.8973653846153846,2.8743049999999997,0.44411873209549446
2025-08-09 13:00:00,3.2673653846153847,2.429557,0.0
2025-08-09 14:00:00,2.51,3.7567440000000003,1.2467440000000005
2025-08-09 15:00:00,0.16,1.686871,2.7736150000000004
2025-08-09 16:00:00,0.11,0.81869,3.482305
2025-08-09 17:00:00,2.1758534482758622,0.38983100000000004,1.696282551724138
2025-08-09 18:00:00,1.965853448275862,0.23475,0.0
2025-08-09 19:00:00,0.19,0.0,0.0
2025-08-09 20:00:00,0.19,0.0,0.0
2025-08-09 21:00:00,0.27,0.0,0.0
2025-08-09 22:00:00,0.25,0.0,0.0
2025-08-09 23:00:00,0.2299999999999999,0.0,0.0
2025-08-10 00:00:00,0.2299999999999999,0.0,0.0
2025-08-10 01:00:00,0.22,0.0,0.0
2025-08-10 02:00:00,0.22,0.0,0.0
2025-08-10 03:00:00,0.22,0.0,0.0
2025-08-10 04:00:00,0.22,0.0,0.0
2025-08-10 05:00:00,0.25,0.0,0.0
2025-08-10 06:00:00,0.53,0.35067899999999996,0.0
2025-08-10 07:00:00,0.3,1.1712090000000002,0.8712090000000001
2025-08-10 08:00:00,1.27,2.748952,2.350161
2025-08-10 09:00:00,2.77,3.48202,3.062181
2025-08-10 10:00:00,4.8,4.003236,2.2654170000000002
2025-08-10 11:00:00,3.4073653846153844,4.317517,3.1755686153846154
2025-08-10 12:00:00,2.8773653846153846,4.4022879999999995,4.700491230769231
2025-08-10 13:00:00,2.7973653846153845,4.2587399999999995,6.161865846153846
2025-08-10 14:00:00,2.52,3.859441,7.501306846153846
2025-08-10 15:00:00,0.12,3.19525,10.576556846153846
2025-08-10 16:00:00,0.12,2.334779,12.791335846153846
2025-08-10 17:00:00,0.9458534482758622,1.216815,13.062297397877984
2025-08-10 18:00:00,1.1358534482758622,0.225039,12.151482949602121
2025-08-10 19:00:00,0.21,0.0,11.94148294960212
2025-08-10 20:00:00,0.25,0.0,11.69148294960212
2025-08-10 21:00:00,0.4599999999999999,0.0,11.231482949602121
2025-08-10 22:00:00,0.4,0.0,10.83148294960212
2025-08-10 23:00:00,0.85,0.0,9.981482949602121
2025-08-11 00:00:00,0.26,0.0,9.721482949602121
2025-08-11 01:00:00,0.24,0.0,9.481482949602121
2025-08-11 02:00:00,0.2299999999999999,0.0,9.25148294960212
2025-08-11 03:00:00,0.2299999999999999,0.0,9.02148294960212
2025-08-11 04:00:00,0.2299999999999999,0.0,8.79148294960212
2025-08-11 05:00:00,0.24,0.0,8.55148294960212
2025-08-11 06:00:00,0.22,0.667269,8.99875194960212
2025-08-11 07:00:00,0.24,0.398626,9.15737794960212
2025-08-11 08:00:00,0.23,1.07919,10.00656794960212
2025-08-11 09:00:00,0.22,1.768943,11.55551094960212
2025-08-11 10:00:00,0.22,4.1545510000000005,13.5
2025-08-11 11:00:00,0.5073653846153847,4.463855,13.5
2025-08-11 12:00:00,0.5073653846153847,4.5287619999999995,13.5
2025-08-11 13:00:00,0.5073653846153847,4.357192,13.5
2025-08-11 14:00:00,0.2299999999999999,3.910286,13.5
2025-08-11 15:00:00,0.22,3.249832,13.5
2025-08-11 16:00:00,0.2299999999999999,2.361735,13.5
2025-08-11 17:00:00,1.045853448275862,1.219384,13.5
2025-08-11 18:00:00,1.435853448275862,0.217625,12.281771551724137
2025-08-11 19:00:00,0.19,0.0,12.091771551724138
2025-08-11 20:00:00,0.15,0.0,11.941771551724138
2025-08-11 21:00:00,0.14,0.0,11.801771551724137
2025-08-11 22:00:00,0.19,0.0,11.611771551724138
2025-08-11 23:00:00,0.23,0.0,11.381771551724137
2025-08-12 00:00:00,0.22,0.0,11.161771551724136
2025-08-12 01:00:00,0.22,0.0,10.941771551724136
2025-08-12 02:00:00,0.22,0.0,10.721771551724135
2025-08-12 03:00:00,0.22,0.0,10.501771551724135
2025-08-12 04:00:00,0.22,0.0,10.281771551724134
2025-08-12 05:00:00,0.23,0.0,10.051771551724134
2025-08-12 06:00:00,0.99,0.668134,9.729905551724134
2025-08-12 07:00:00,0.22,0.591878,10.101783551724134
2025-08-12 08:00:00,0.84,0.840076,10.101859551724134
2025-08-12 09:00:00,0.38,1.3424079999999998,11.064267551724134
2025-08-12 10:00:00,0.25,2.264879,13.079146551724135
2025-08-12 11:00:00,0.5673653846153848,4.477921,13.5
2025-08-12 12:00:00,0.5773653846153847,4.555453000000001,13.5
2025-08-12 13:00:00,0.5173653846153847,4.360384,13.5
2025-08-12 14:00:00,0.22,3.9152310000000003,13.5
2025-08-12 15:00:00,0.23,3.248303,13.5
2025-08-12 16:00:00,0.22,2.3646239999999996,13.5
2025-08-12 17:00:00,1.765853448275862,1.2158930000000001,12.950039551724139
2025-08-12 18:00:00,2.755853448275862,0.204583,10.398769103448277
2025-08-12 19:00:00,0.3399999999999999,0.0,10.058769103448277
2025-08-12 20:00:00,0.29,0.0,9.768769103448278
2025-08-12 21:00:00,0.26,0.0,9.508769103448278
2025-08-12 22:00:00,0.28,0.0,9.228769103448279
2025-08-12 23:00:00,0.22,0.0,9.008769103448278
2025-08-13 00:00:00,0.24,0.0,8.768769103448278
2025-08-13 01:00:00,0.22,0.0,8.548769103448278
2025-08-13 02:00:00,0.22,0.0,8.328769103448277
2025-08-13 03:00:00,0.22,0.0,8.108769103448276
2025-08-13 04:00:00,0.22,0.0,7.8887691034482765
2025-08-13 05:00:00,0.54,0.0,7.3487691034482765
2025-08-13 06:00:00,0.3,0.6606259999999999,7.709395103448276
2025-08-13 07:00:00,0.55,0.678279,7.837674103448276
2025-08-13 08:00:00,0.2299999999999999,0.929304,8.536978103448277
2025-08-13 09:00:00,0.29,1.919779,10.166757103448276
2025-08-13 10:00:00,3.07,4.078858,11.175615103448276
2025-08-13 11:00:00,2.7273653846153847,4.369957,12.818206718832892
2025-08-13 12:00:00,2.9873653846153845,4.427547,13.5
2025-08-13 13:00:00,2.9273653846153844,4.2609319999999995,13.5
2025-08-13 14:00:00,3.04,3.861889,13.5
2025-08-13 15:00:00,1.23,3.21002,13.5
2025-08-13 16:00:00,0.26,2.333989,13.5
2025-08-13 17:00:00,1.1258534482758622,1.19113,13.5
2025-08-13 18:00:00,1.1958534482758625,0.18979300000000002,12.493939551724138
2025-08-13 19:00:00,0.26,0.0,12.233939551724138
2025-08-13 20:00:00,0.22,0.0,12.013939551724137
2025-08-13 21:00:00,0.16,0.0,11.853939551724137
2025-08-13 22:00:00,0.22,0.0,11.633939551724136
2025-08-13 23:00:00,0.26,0.0,11.373939551724137
2025-08-14 00:00:00,0.27,0.0,11.103939551724137
2025-08-14 01:00:00,0.27,0.0,10.833939551724137
2025-08-14 02:00:00,0.26,0.0,10.573939551724138
2025-08-14 03:00:00,0.26,0.0,10.313939551724138
2025-08-14 04:00:00,0.26,0.0,10.053939551724138
2025-08-14 05:00:00,0.27,0.0,9.783939551724139
2025-08-14 06:00:00,0.26,0.6478160000000001,10.17175555172414
2025-08-14 07:00:00,1.02,0.557848,9.70960355172414
2025-08-14 08:00:00,0.19,1.008162,10.52776555172414
2025-08-14 09:00:00,0.43,1.3827729999999998,11.480538551724141
2025-08-14 10:00:00,0.49,2.007365,12.997903551724141
2025-08-14 11:00:00,1.073153846153846,2.112618,13.5
2025-08-14 12:00:00,0.9931538461538464,2.058341,13.5
2025-08-14 13:00:00,0.7031538461538462,1.830517,13.5
2025-08-14 14:00:00,0.32,2.639085,13.5
2025-08-14 15:00:00,0.3,3.084625,13.5
2025-08-14 16:00:00,0.34,2.225383,13.5
2025-08-14 17:00:00,1.4578045977011498,1.116035,13.15823040229885
2025-08-14 18:00:00,1.4678045977011496,0.168376,11.8588018045977
2025-08-14 19:00:00,0.28,0.0,11.5788018045977
2025-08-14 20:00:00,0.35,0.0,11.228801804597701
2025-08-14 21:00:00,0.28,0.0,10.948801804597702
2025-08-14 22:00:00,0.29,0.0,10.658801804597703
2025-08-14 23:00:00,0.37,0.0,10.288801804597703
2025-08-15 00:00:00,0.24,0.0,10.048801804597703
2025-08-15 01:00:00,0.24,0.0,9.808801804597703
2025-08-15 02:00:00,0.2299999999999999,0.0,9.578801804597703
2025-08-15 03:00:00,0.25,0.0,9.328801804597703
2025-08-15 04:00:00,0.22,0.0,9.108801804597702
2025-08-15 05:00:00,0.22,0.0,8.888801804597701
2025-08-15 06:00:00,0.22,0.609349,9.2781508045977
2025-08-15 07:00:00,0.1699999999999999,0.534852,9.643002804597701
2025-08-15 08:00:00,0.1,1.210825,10.753827804597702
2025-08-15 09:00:00,0.1,1.7229290000000002,12.3767568045977
2025-08-15 10:00:00,2.4099999999999997,2.56786,12.5346168045977
2025-08-15 11:00:00,2.913153846153846,3.3367269999999998,12.958189958443853
2025-08-15 12:00:00,2.783153846153846,3.385078,13.5
2025-08-15 13:00:00,2.783153846153846,4.263912,13.5
2025-08-15 14:00:00,2.4099999999999997,3.84302,13.5
2025-08-15 15:00:00,0.11,3.162988,13.5
2025-08-15 16:00:00,0.18,2.282034,13.5
2025-08-15 17:00:00,1.2878045977011496,1.138803,13.35099840229885
2025-08-15 18:00:00,1.2978045977011496,0.15867599999999998,12.2118698045977
2025-08-15 19:00:00,0.3,0.0,11.9118698045977
2025-08-15 20:00:00,0.15,0.0,11.7618698045977
2025-08-15 21:00:00,0.15,0.0,11.6118698045977
2025-08-15 22:00:00,0.13,0.0,11.481869804597698
2025-08-15 23:00:00,0.1,0.0,11.381869804597699
2025-08-16 00:00:00,0.1,0.0,11.281869804597699
2025-08-16 01:00:00,0.1,0.0,11.1818698045977
2025-08-16 02:00:00,0.11,0.0,11.0718698045977
2025-08-16 03:00:00,0.1,0.0,10.9718698045977
2025-08-16 04:00:00,0.1,0.0,10.8718698045977
2025-08-16 05:00:00,0.1,0.0,10.771869804597701
2025-08-16 06:00:00,0.12,0.603187,11.2550568045977
2025-08-16 07:00:00,3.22,0.577725,8.6127818045977
2025-08-16 08:00:00,1.86,1.052462,7.8052438045977
2025-08-16 09:00:00,0.8200000000000001,1.581512,8.566755804597701
2025-08-16 10:00:00,2.97,4.104687,9.7014428045977
2025-08-16 11:00:00,2.823153846153846,4.43402,11.312308958443854
2025-08-16 12:00:00,3.043153846153846,4.512327,12.781482112290007
2025-08-16 13:00:00,4.953153846153846,4.325567,12.15389526613616
2025-08-16 14:00:00,4.6899999999999995,3.9080880000000002,11.371983266136162
2025-08-16 15:00:00,1.12,3.2214430000000003,13.473426266136162
2025-08-16 16:00:00,0.3399999999999999,2.308932,13.5
2025-08-16 17:00:00,1.4478045977011496,1.143921,13.19611640229885
2025-08-16 18:00:00,2.5278045977011496,0.150485,10.818796804597701
2025-08-16 19:00:00,0.15,0.0,10.6687968045977
2025-08-16 20:00:00,0.22,0.0,10.4487968045977
2025-08-16 21:00:00,0.16,0.0,10.2887968045977
2025-08-16 22:00:00,0.2,0.0,10.0887968045977
2025-08-16 23:00:00,0.33,0.0,9.7587968045977
2025-08-17 00:00:00,0.27,0.0,9.488796804597701
2025-08-17 01:00:00,0.2299999999999999,0.0,9.2587968045977
2025-08-17 02:00:00,0.2299999999999999,0.0,9.0287968045977
2025-08-17 03:00:00,0.22,0.0,8.8087968045977
2025-08-17 04:00:00,0.22,0.0,8.588796804597699
2025-08-17 05:00:00,0.22,0.0,8.368796804597698
2025-08-17 06:00:00,0.1699999999999999,0.604863,8.803659804597698
2025-08-17 07:00:00,0.26,1.7616910000000001,10.305350804597698
2025-08-17 08:00:00,0.22,2.802261,12.887611804597697
2025-08-17 09:00:00,0.1,3.578083,13.5
2025-08-17 10:00:00,2.44,4.098509,13.5
2025-08-17 11:00:00,3.013153846153846,4.386101,13.5
2025-08-17 12:00:00,3.003153846153846,4.43478,13.5
2025-08-17 13:00:00,2.953153846153846,4.247086,13.5
2025-08-17 14:00:00,2.53,3.800627,13.5
2025-08-17 15:00:00,0.24,3.125006,13.5
2025-08-17 16:00:00,0.2299999999999999,2.220295,13.5
2025-08-17 17:00:00,1.3478045977011497,1.0816590000000001,13.233854402298851
2025-08-17 18:00:00,3.55780459770115,0.131516,9.8075658045977
2025-08-17 19:00:00,0.2299999999999999,0.0,9.5775658045977
2025-08-17 20:00:00,0.31,0.0,9.2675658045977
2025-08-17 21:00:00,0.31,0.0,8.9575658045977
2025-08-17 22:00:00,0.28,0.0,8.6775658045977
2025-08-17 23:00:00,0.32,0.0,8.3575658045977
2025-08-18 00:00:00,0.22,0.0,8.137565804597699
2025-08-18 01:00:00,0.22,0.0,7.917565804597699
2025-08-18 02:00:00,0.22,0.0,7.6975658045977
2025-08-18 03:00:00,0.22,0.0,7.4775658045977
2025-08-18 04:00:00,0.22,0.0,7.2575658045977
2025-08-18 05:00:00,0.3399999999999999,0.0,6.9175658045977
2025-08-18 06:00:00,0.4,0.573064,7.0906298045977
2025-08-18 07:00:00,0.65,1.713856,8.1544858045977
2025-08-18 08:00:00,0.23,1.538683,9.4631688045977
2025-08-18 09:00:00,0.17,3.5232379999999996,12.8164068045977
2025-08-18 10:00:00,0.16,4.070016,13.5
2025-08-18 11:00:00,0.5631538461538462,4.372951,13.5
2025-08-18 12:00:00,0.5431538461538462,4.4379930000000005,13.5
2025-08-18 13:00:00,0.5331538461538462,4.23484,13.5
2025-08-18 14:00:00,0.62,3.799584,13.5
2025-08-18 15:00:00,0.71,3.127531,13.5
2025-08-18 16:00:00,0.26,2.219704,13.5
2025-08-18 17:00:00,1.8378045977011497,1.06651,12.72870540229885
2025-08-18 18:00:00,3.0678045977011497,0.11089700000000001,9.7717978045977
2025-08-18 19:00:00,0.14,0.0,9.6317978045977
2025-08-18 20:00:00,0.38,0.0,9.251797804597699
2025-08-18 21:00:00,0.48,0.0,8.771797804597698
2025-08-18 22:00:00,0.25,0.0,8.521797804597698
2025-08-18 23:00:00,0.2299999999999999,0.0,8.291797804597698
2025-08-19 00:00:00,0.2299999999999999,0.0,8.061797804597697
2025-08-19 01:00:00,0.22,0.0,7.8417978045976975
2025-08-19 02:00:00,0.22,0.0,7.621797804597698
2025-08-19 03:00:00,0.53,0.0,7.0917978045976975
2025-08-19 04:00:00,0.84,0.0,6.251797804597698
2025-08-19 05:00:00,1.01,0.0,5.241797804597698
2025-08-19 06:00:00,0.62,0.527846,5.149643804597698
2025-08-19 07:00:00,0.6,0.6575700000000001,5.207213804597698
2025-08-19 08:00:00,0.24,2.532835,7.500048804597698
2025-08-19 09:00:00,0.31,3.234405,10.424453804597698
2025-08-19 10:00:00,0.22,3.738731,13.5
2025-08-19 11:00:00,0.6031538461538463,4.007229,13.5
2025-08-19 12:00:00,0.6031538461538463,4.057713000000001,13.5
2025-08-19 13:00:00,0.6031538461538463,3.898917,13.5
2025-08-19 14:00:00,0.22,3.5134830000000004,13.5
2025-08-19 15:00:00,0.22,2.879135,13.5
2025-08-19 16:00:00,0.22,2.043519,13.5
2025-08-19 17:00:00,1.6978045977011496,0.974305,12.77650040229885
2025-08-19 18:00:00,3.1578045977011495,0.087254,9.7059498045977
2025-08-19 19:00:00,0.27,0.0,9.435949804597701
2025-08-19 20:00:00,0.28,0.0,9.155949804597702
2025-08-19 21:00:00,0.34,0.0,8.815949804597702
2025-08-19 22:00:00,0.25,0.0,8.565949804597702
2025-08-19 23:00:00,0.22,0.0,8.345949804597701
2025-08-20 00:00:00,0.22,0.0,8.1259498045977
2025-08-20 01:00:00,0.22,0.0,7.905949804597701
2025-08-20 02:00:00,0.21,0.0,7.695949804597701
2025-08-20 03:00:00,0.22,0.0,7.475949804597701
2025-08-20 04:00:00,0.21,0.0,7.265949804597701
2025-08-20 05:00:00,0.22,0.0,7.045949804597702
2025-08-20 06:00:00,0.22,0.5224679999999999,7.348417804597702
2025-08-20 07:00:00,0.5599999999999999,1.588712,8.377129804597702
2025-08-20 08:00:00,0.18,2.555674,10.752803804597702
2025-08-20 09:00:00,0.14,3.27154,13.5
2025-08-20 10:00:00,2.42,3.761111,13.5
2025-08-20 11:00:00,2.6873653846153847,4.06275,13.5
2025-08-20 12:00:00,2.7673653846153847,4.132379,13.5
2025-08-20 13:00:00,2.7073653846153847,3.986876,13.5
2025-08-20 14:00:00,2.4099999999999997,3.59219,13.5
2025-08-20 15:00:00,0.11,2.950422,13.5
2025-08-20 16:00:00,0.11,2.083955,13.5
2025-08-20 17:00:00,0.925853448275862,0.979165,13.5
2025-08-20 18:00:00,1.1258534482758622,0.07108,12.445226551724138
2025-08-20 19:00:00,0.23,0.0,12.215226551724138
2025-08-20 20:00:00,0.15,0.0,12.065226551724137
2025-08-20 21:00:00,0.13,0.0,11.935226551724137
2025-08-20 22:00:00,0.19,0.0,11.745226551724137
2025-08-20 23:00:00,0.22,0.0,11.525226551724137
2025-08-21 00:00:00,0.21,0.0,11.315226551724136
2025-08-21 01:00:00,0.21,0.0,11.105226551724135
2025-08-21 02:00:00,0.21,0.0,10.895226551724134
2025-08-21 03:00:00,0.2299999999999999,0.0,10.665226551724134
2025-08-21 04:00:00,0.21,0.0,10.455226551724133
2025-08-21 05:00:00,0.21,0.0,10.245226551724132
2025-08-21 06:00:00,1.08,0.5224880000000001,9.687714551724131
2025-08-21 07:00:00,0.95,0.732998,9.47071255172413
2025-08-21 08:00:00,0.11,2.5770169999999997,11.93772955172413
2025-08-21 09:00:00,0.09,3.2659160000000003,13.5
2025-08-21 10:00:00,0.1,3.745846,13.5
2025-08-21 11:00:00,0.3873653846153847,4.029562,13.5
2025-08-21 12:00:00,0.3873653846153847,4.097758,13.5
2025-08-21 13:00:00,0.3973653846153847,3.933027,13.5
2025-08-21 14:00:00,0.1,3.525738,13.5
2025-08-21 15:00:00,0.1,2.874446,13.5
2025-08-21 16:00:00,0.11,2.013566,13.5
2025-08-21 17:00:00,0.925853448275862,0.927769,13.5
2025-08-21 18:00:00,1.1258534482758622,0.056993,12.431139551724138
2025-08-21 19:00:00,0.24,0.0,12.191139551724138
2025-08-21 20:00:00,0.16,0.0,12.031139551724138
2025-08-21 21:00:00,0.13,0.0,11.901139551724137
2025-08-21 22:00:00,0.19,0.0,11.711139551724138
2025-08-21 23:00:00,0.22,0.0,11.491139551724137
2025-08-22 00:00:00,0.22,0.0,11.271139551724136
2025-08-22 01:00:00,0.22,0.0,11.051139551724136
2025-08-22 02:00:00,0.22,0.0,10.831139551724135
2025-08-22 03:00:00,0.18,0.0,10.651139551724135
2025-08-22 04:00:00,0.11,0.0,10.541139551724136
2025-08-22 05:00:00,0.11,0.0,10.431139551724137
2025-08-22 06:00:00,0.1,0.49543400000000004,10.826573551724136
2025-08-22 07:00:00,0.21,1.52996,12.146533551724136
2025-08-22 08:00:00,0.48,2.478873,13.5
2025-08-22 09:00:00,0.48,3.172623,13.5
2025-08-22 10:00:00,2.92,3.704761,13.5
2025-08-22 11:00:00,2.9973653846153843,4.025944,13.5
2025-08-22 12:00:00,2.6873653846153847,4.112395,13.5
2025-08-22 13:00:00,2.7373653846153845,3.97915,13.5
2025-08-22 14:00:00,2.52,3.5542710000000004,13.5
2025-08-22 15:00:00,0.14,2.8979,13.5
2025-08-22 16:00:00,0.1,2.015482,13.5
2025-08-22 17:00:00,1.1158534482758622,0.920706,13.304852551724139
2025-08-22 18:00:00,1.165853448275862,0.055752,12.194751103448276
2025-08-22 19:00:00,0.14,0.0,12.054751103448275
2025-08-22 20:00:00,0.12,0.0,11.934751103448276
2025-08-22 21:00:00,0.53,0.0,11.404751103448277
2025-08-22 22:00:00,0.61,0.0,10.794751103448277
2025-08-22 23:00:00,0.18,0.0,10.614751103448278
2025-08-23 00:00:00,0.11,0.0,10.504751103448278
2025-08-23 01:00:00,0.1,0.0,10.404751103448278
2025-08-23 02:00:00,0.2,0.0,10.20475110344828
2025-08-23 03:00:00,0.48,0.0,9.724751103448279
2025-08-23 04:00:00,0.53,0.0,9.19475110344828
2025-08-23 05:00:00,0.54,0.0,8.65475110344828
2025-08-23 06:00:00,0.49,0.48782600000000004,8.65257710344828
2025-08-23 07:00:00,0.36,0.7058949999999999,8.99847210344828
2025-08-23 08:00:00,1.41,2.513824,10.10229610344828
2025-08-23 09:00:00,0.12,3.251304,13.23360010344828
2025-08-23 10:00:00,2.73,3.7462820000000003,13.5
2025-08-23 11:00:00,2.7073653846153847,4.038836,13.5
2025-08-23 12:00:00,3.2973653846153845,4.091554,13.5
2025-08-23 13:00:00,4.907365384615384,3.935179,12.527813615384616
2025-08-23 14:00:00,2.88,3.5233719999999997,13.171185615384616
2025-08-23 15:00:00,0.25,2.853317,13.5
2025-08-23 16:00:00,0.14,1.026049,13.5
2025-08-23 17:00:00,2.0658534482758624,0.884529,12.318675551724137
2025-08-23 18:00:00,2.6458534482758624,0.045055,9.717877103448275
2025-08-23 19:00:00,0.14,0.0,9.577877103448275
2025-08-23 20:00:00,0.15,0.0,9.427877103448274
2025-08-23 21:00:00,0.14,0.0,9.287877103448274
2025-08-23 22:00:00,0.22,0.0,9.067877103448273
2025-08-23 23:00:00,0.22,0.0,8.847877103448273
2025-08-24 00:00:00,0.22,0.0,8.627877103448272
2025-08-24 01:00:00,0.22,0.0,8.407877103448271
2025-08-24 02:00:00,0.22,0.0,8.18787710344827
2025-08-24 03:00:00,0.22,0.0,7.967877103448271
2025-08-24 04:00:00,0.22,0.0,7.747877103448271
2025-08-24 05:00:00,0.22,0.0,7.527877103448271
2025-08-24 06:00:00,0.23,0.47640499999999997,7.774282103448272
2025-08-24 07:00:00,0.22,0.31667399999999996,7.870956103448272
2025-08-24 08:00:00,1.28,0.832345,7.423301103448272
2025-08-24 09:00:00,0.13,3.2726390000000003,10.565940103448272
2025-08-24 10:00:00,2.71,3.785456,11.641396103448272
2025-08-24 11:00:00,2.6298923076923075,4.088606,13.100109795755966
2025-08-24 12:00:00,2.6598923076923073,4.124695,13.5
2025-08-24 13:00:00,2.6898923076923076,2.215598,13.025705692307692
2025-08-24 14:00:00,2.5599999999999996,1.745856,12.211561692307694
2025-08-24 15:00:00,0.14,2.835907,13.5
2025-08-24 16:00:00,0.12,0.848005,13.5
2025-08-24 17:00:00,0.8026827586206897,0.36406700000000003,13.06138424137931
2025-08-24 18:00:00,0.8026827586206897,0.038289000000000004,12.29699048275862
2025-08-24 19:00:00,0.21,0.0,12.086990482758619
2025-08-24 20:00:00,0.27,0.0,11.81699048275862
2025-08-24 21:00:00,0.5800000000000001,0.0,11.23699048275862
2025-08-24 22:00:00,0.23,0.0,11.006990482758619
2025-08-24 23:00:00,0.2299999999999999,0.0,10.776990482758618
2025-08-25 00:00:00,0.22,0.0,10.556990482758618
2025-08-25 01:00:00,0.26,0.0,10.296990482758618
2025-08-25 02:00:00,0.3,0.0,9.996990482758617
2025-08-25 03:00:00,0.22,0.0,9.776990482758617
2025-08-25 04:00:00,0.21,0.0,9.566990482758616
2025-08-25 05:00:00,0.22,0.0,9.346990482758615
2025-08-25 06:00:00,0.23,0.464943,9.581933482758615
2025-08-25 07:00:00,1.21,0.254665,8.626598482758615
2025-08-25 08:00:00,0.5800000000000001,0.605548,8.652146482758615
2025-08-25 09:00:00,0.12,0.898183,9.430329482758616
2025-08-25 10:00:00,0.14,1.7922770000000001,11.082606482758615
2025-08-25 11:00:00,0.3598923076923077,2.913312,13.5
2025-08-25 12:00:00,0.4098923076923077,2.638797,13.5
2025-08-25 13:00:00,0.7598923076923078,3.966513,13.5
2025-08-25 14:00:00,0.5700000000000001,3.546917,13.5
2025-08-25 15:00:00,0.2,2.885995,13.5
2025-08-25 16:00:00,0.21,1.96669,13.5
2025-08-25 17:00:00,2.50268275862069,0.861643,11.858960241379311
2025-08-25 18:00:00,1.9726827586206896,0.033826,9.920103482758622
2025-08-25 19:00:00,0.21,0.0,9.71010348275862
2025-08-25 20:00:00,0.36,0.0,9.350103482758621
2025-08-25 21:00:00,0.3399999999999999,0.0,9.010103482758621
2025-08-25 22:00:00,0.32,0.0,8.690103482758621
2025-08-25 23:00:00,0.38,0.0,8.31010348275862
2025-08-26 00:00:00,0.3,0.0,8.01010348275862
2025-08-26 01:00:00,0.26,0.0,7.75010348275862
2025-08-26 02:00:00,0.26,0.0,7.49010348275862
2025-08-26 03:00:00,0.27,0.0,7.220103482758621
2025-08-26 04:00:00,0.27,0.0,6.950103482758621
2025-08-26 05:00:00,0.26,0.0,6.690103482758621
2025-08-26 06:00:00,0.27,0.46004199999999995,6.880145482758621
2025-08-26 07:00:00,0.24,0.329314,6.969459482758621
2025-08-26 08:00:00,0.1,0.775032,7.644491482758621
2025-08-26 09:00:00,0.1,0.864253,8.408744482758621
2025-08-26 10:00:00,0.1,1.285406,9.594150482758621
2025-08-26 11:00:00,0.3398923076923077,1.916078,11.170336175066314
2025-08-26 12:00:00,0.3298923076923077,2.506396,13.346839867374007
2025-08-26 13:00:00,0.3298923076923077,2.447248,13.5
2025-08-26 14:00:00,0.1,2.237373,13.5
2025-08-26 15:00:00,0.15,2.85416,13.5
2025-08-26 16:00:00,0.2,0.942532,13.5
2025-08-26 17:00:00,2.5526827586206897,0.379189,11.32650624137931
2025-08-26 18:00:00,1.5426827586206897,0.02775,9.81157348275862
2025-08-26 19:00:00,0.16,0.0,9.65157348275862
2025-08-26 20:00:00,0.23,0.0,9.42157348275862
2025-08-26 21:00:00,0.26,0.0,9.16157348275862
2025-08-26 22:00:00,0.22,0.0,8.941573482758619
2025-08-26 23:00:00,0.2299999999999999,0.0,8.711573482758618
2025-08-27 00:00:00,0.22,0.0,8.491573482758618
2025-08-27 01:00:00,0.22,0.0,8.271573482758617
2025-08-27 02:00:00,0.22,0.0,8.051573482758617
2025-08-27 03:00:00,0.3,0.0,7.751573482758617
2025-08-27 04:00:00,0.28,0.0,7.471573482758616
2025-08-27 05:00:00,0.22,0.0,7.251573482758617
2025-08-27 06:00:00,0.22,0.44411900000000004,7.475692482758617
2025-08-27 07:00:00,0.15,0.745205,8.070897482758618
2025-08-27 08:00:00,0.1,1.054232,9.025129482758617
2025-08-27 09:00:00,0.1,3.200041,12.125170482758616
2025-08-27 10:00:00,2.4099999999999997,3.718742,13.433912482758616
2025-08-27 11:00:00,2.639892307692308,2.560311,13.354331175066308
2025-08-27 12:00:00,2.6298923076923075,2.782634,13.5
2025-08-27 13:00:00,2.639892307692308,3.900789,13.5
2025-08-27 14:00:00,2.4099999999999997,3.4527550000000002,13.5
2025-08-27 15:00:00,0.11,2.004158,13.5
2025-08-27 16:00:00,0.11,1.881557,13.5
2025-08-27 17:00:00,1.2926827586206897,0.7847029999999999,12.99202024137931
2025-08-27 18:00:00,2.17268275862069,0.038258,10.857595482758619
2025-08-27 19:00:00,0.3299999999999999,0.0,10.527595482758619
2025-08-27 20:00:00,0.26,0.0,10.267595482758619
2025-08-27 21:00:00,0.2299999999999999,0.0,10.037595482758618
2025-08-27 22:00:00,0.25,0.0,9.787595482758618
2025-08-27 23:00:00,0.2299999999999999,0.0,9.557595482758618
2025-08-28 00:00:00,0.22,0.0,9.337595482758617
2025-08-28 01:00:00,0.22,0.0,9.117595482758617
2025-08-28 02:00:00,0.21,0.0,8.907595482758616
2025-08-28 03:00:00,0.22,0.0,8.687595482758615
2025-08-28 04:00:00,0.22,0.0,8.467595482758615
2025-08-28 05:00:00,0.21,0.0,8.257595482758614
2025-08-28 06:00:00,0.24,0.40496899999999997,8.422564482758613
2025-08-28 07:00:00,0.33,1.3993330000000002,9.491897482758613
2025-08-28 08:00:00,0.15,2.334047,11.675944482758613
2025-08-28 09:00:00,0.35,3.020217,13.5
2025-08-28 10:00:00,0.5700000000000001,3.5077409999999998,13.5
2025-08-28 11:00:00,0.8998923076923078,3.806994,13.5
2025-08-28 12:00:00,0.6498923076923078,3.880632,13.5
2025-08-28 13:00:00,0.5698923076923077,3.70106,13.5
2025-08-28 14:00:00,0.11,3.2861480000000003,13.5
2025-08-28 15:00:00,0.11,2.6393760000000004,13.5
2025-08-28 16:00:00,0.11,1.748431,13.5
2025-08-28 17:00:00,0.7826827586206897,0.71924,13.43655724137931
2025-08-28 18:00:00,1.3026827586206895,0.01873,12.15260448275862
2025-08-28 19:00:00,0.32,0.0,11.83260448275862
2025-08-28 20:00:00,0.2,0.0,11.632604482758621
2025-08-28 21:00:00,0.42,0.0,11.212604482758621
2025-08-28 22:00:00,0.29,0.0,10.922604482758622
2025-08-28 23:00:00,0.68,0.0,10.242604482758622
2025-08-29 00:00:00,0.11,0.0,10.132604482758623
2025-08-29 01:00:00,0.1,0.0,10.032604482758623
2025-08-29 02:00:00,0.1,0.0,9.932604482758624
2025-08-29 03:00:00,0.11,0.0,9.822604482758624
2025-08-29 04:00:00,0.1,0.0,9.722604482758625
2025-08-29 05:00:00,0.09,0.0,9.632604482758625
2025-08-29 06:00:00,0.1,0.39287700000000003,9.925481482758626
2025-08-29 07:00:00,0.14,1.3698810000000001,11.155362482758626
2025-08-29 08:00:00,0.18,2.321837,13.297199482758625
2025-08-29 09:00:00,0.16,3.027535,13.5
2025-08-29 10:00:00,2.55,3.53144,13.5
2025-08-29 11:00:00,2.8173653846153845,3.8224430000000003,13.5
2025-08-29 12:00:00,2.7473653846153843,3.894519,13.5
2025-08-29 13:00:00,2.7573653846153845,3.726922,13.5
2025-08-29 14:00:00,2.47,3.3107640000000003,13.5
2025-08-29 15:00:00,0.19,2.654723,13.5
2025-08-29 16:00:00,0.16,1.765906,13.5
2025-08-29 17:00:00,2.075853448275862,0.719131,12.143277551724138
2025-08-29 18:00:00,2.625853448275862,0.013457,9.530881103448277
2025-08-29 19:00:00,0.37,0.0,9.160881103448277
2025-08-29 20:00:00,0.27,0.0,8.890881103448278
2025-08-29 21:00:00,0.55,0.0,8.340881103448277
2025-08-29 22:00:00,0.1,0.0,8.240881103448277
2025-08-29 23:00:00,0.1,0.0,8.140881103448278
2025-08-30 00:00:00,0.1,0.0,8.040881103448278
2025-08-30 01:00:00,0.1,0.0,7.9408811034482785
2025-08-30 02:00:00,0.1,0.0,7.840881103448279
2025-08-30 03:00:00,0.1,0.0,7.740881103448279
2025-08-30 04:00:00,0.1,0.0,7.6408811034482795
2025-08-30 05:00:00,0.11,0.0,7.530881103448279
2025-08-30 06:00:00,0.21,0.387383,7.708264103448279
2025-08-30 07:00:00,0.1,1.372489,8.98075310344828
2025-08-30 08:00:00,0.1,2.310213,11.190966103448279
2025-08-30 09:00:00,0.1,2.9914870000000002,13.5
2025-08-30 10:00:00,2.4099999999999997,3.480615,13.5
2025-08-30 11:00:00,2.6873653846153847,3.7702600000000004,13.5
2025-08-30 12:00:00,2.6973653846153844,3.848458,13.5
2025-08-30 13:00:00,2.6873653846153847,3.6831579999999997,13.5
2025-08-30 14:00:00,2.4099999999999997,3.2568,13.5
2025-08-30 15:00:00,0.11,2.610201,13.5
2025-08-30 16:00:00,0.11,1.733324,13.5
2025-08-30 17:00:00,0.915853448275862,0.69349,13.277636551724138
2025-08-30 18:00:00,0.915853448275862,0.009869999999999999,12.371653103448276
2025-08-30 19:00:00,0.11,0.0,12.261653103448277
2025-08-30 20:00:00,0.11,0.0,12.151653103448277
2025-08-30 21:00:00,0.11,0.0,12.041653103448278
2025-08-30 22:00:00,0.1,0.0,11.941653103448278
2025-08-30 23:00:00,0.1,0.0,11.841653103448278
2025-08-31 00:00:00,0.11,0.0,11.731653103448279
2025-08-31 01:00:00,0.1,0.0,11.63165310344828
2025-08-31 02:00:00,0.11,0.0,11.52165310344828
2025-08-31 03:00:00,0.1,0.0,11.42165310344828
2025-08-31 04:00:00,0.11,0.0,11.31165310344828
2025-08-31 05:00:00,0.1,0.0,11.211653103448281
2025-08-31 06:00:00,0.1,0.0,11.111653103448281
2025-08-31 07:00:00,0.1,0.570652,11.582305103448281
2025-08-31 08:00:00,0.09,0.31167,11.80397510344828
2025-08-31 09:00:00,0.1,1.4144079999999999,13.11838310344828
2025-08-31 10:00:00,2.4099999999999997,1.920524,12.628907103448281
2025-08-31 11:00:00,2.6873653846153847,2.9078049999999998,12.849346718832896
2025-08-31 12:00:00,2.6873653846153847,3.968339,13.5
2025-08-31 13:00:00,2.6873653846153847,3.781933,13.5
2025-08-31 14:00:00,2.4,3.348343,13.5
2025-08-31 15:00:00,0.51,2.6863580000000002,13.5
2025-08-31 16:00:00,0.11,1.739517,13.5
2025-08-31 17:00:00,0.915853448275862,0.680508,13.264654551724139
2025-08-31 18:00:00,0.915853448275862,0.005652999999999999,12.354454103448276
2025-08-31 19:00:00,0.11,0.0,12.244454103448277
2025-08-31 20:00:00,0.11,0.0,12.134454103448277
2025-08-31 21:00:00,0.11,0.0,12.024454103448278
2025-08-31 22:00:00,0.1,0.0,11.924454103448278
2025-08-31 23:00:00,0.1,0.0,11.824454103448279
2025-09-01 00:00:00,0.1,0.0,11.724454103448279
2025-09-01 01:00:00,0.1,0.0,11.62445410344828
2025-09-01 02:00:00,0.11,0.0,11.51445410344828
2025-09-01 03:00:00,0.1,0.0,11.41445410344828
2025-09-01 04:00:00,0.11,0.0,11.30445410344828
2025-09-01 05:00:00,0.1,0.0,11.204454103448281
2025-09-01 06:00:00,0.1,0.389699,11.494153103448282
2025-09-01 07:00:00,0.1,1.4243510000000001,12.818504103448282
2025-09-01 08:00:00,0.09,2.3924160000000003,13.5
2025-09-01 09:00:00,0.1,3.098544,13.5
2025-09-01 10:00:00,0.09,3.628857,13.5
2025-09-01 11:00:00,0.3873653846153847,3.9572060000000002,13.5
2025-09-01 12:00:00,0.3973653846153847,4.026637,13.5
2025-09-01 13:00:00,0.3873653846153847,3.8320309999999997,13.5
2025-09-01 14:00:00,0.11,3.3856379999999997,13.5
2025-09-01 15:00:00,0.11,2.707802,13.5
2025-09-01 16:00:00,0.13,1.764316,13.5
2025-09-01 17:00:00,0.915853448275862,0.683755,13.267901551724139
2025-09-01 18:00:00,1.1058534482758622,0.0,12.162048103448276
2025-09-01 19:00:00,0.26,0.0,11.902048103448276
2025-09-01 20:00:00,0.22,0.0,11.682048103448276
2025-09-01 21:00:00,0.65,0.0,11.032048103448275
2025-09-01 22:00:00,0.36,0.0,10.672048103448276
2025-09-01 23:00:00,0.11,0.0,10.562048103448276
2025-09-02 00:00:00,0.1,0.0,10.462048103448277
2025-09-02 01:00:00,0.11,0.0,10.352048103448277
2025-09-02 02:00:00,0.1,0.0,10.252048103448278
2025-09-02 03:00:00,0.1,0.0,10.152048103448278
2025-09-02 04:00:00,0.1,0.0,10.052048103448278
2025-09-02 05:00:00,0.1,0.0,9.952048103448279
2025-09-02 06:00:00,0.1,0.382631,10.23467910344828
2025-09-02 07:00:00,0.13,1.43074,11.535419103448278
2025-09-02 08:00:00,0.11,2.430358,13.5
2025-09-02 09:00:00,0.09,3.153953,13.5
2025-09-02 10:00:00,0.1,3.679164,13.5
2025-09-02 11:00:00,0.3298923076923077,3.994771,13.5
2025-09-02 12:00:00,0.3398923076923077,4.06109,13.5
2025-09-02 13:00:00,0.3298923076923077,3.876498,13.5
2025-09-02 14:00:00,0.1,3.41109,13.5
2025-09-02 15:00:00,0.11,2.7204119999999996,13.5
2025-09-02 16:00:00,0.11,1.7643520000000001,13.5
2025-09-02 17:00:00,0.7526827586206897,0.667237,13.41455424137931
2025-09-02 18:00:00,1.6826827586206896,0.0,11.73187148275862
2025-09-02 19:00:00,0.28,0.0,11.451871482758621
2025-09-02 20:00:00,0.41,0.0,11.041871482758621
2025-09-02 21:00:00,0.3,0.0,10.74187148275862
2025-09-02 22:00:00,0.2,0.0,10.541871482758621
2025-09-02 23:00:00,0.22,0.0,10.32187148275862
2025-09-03 00:00:00,0.22,0.0,10.10187148275862
2025-09-03 01:00:00,0.21,0.0,9.891871482758619
2025-09-03 02:00:00,0.22,0.0,9.671871482758618
2025-09-03 03:00:00,0.21,0.0,9.461871482758617
2025-09-03 04:00:00,0.22,0.0,9.241871482758617
2025-09-03 05:00:00,0.22,0.0,9.021871482758616
2025-09-03 06:00:00,0.15,0.375166,9.247037482758616
2025-09-03 07:00:00,0.22,0.590031,9.617068482758615
2025-09-03 08:00:00,0.12,0.90512,10.402188482758614
2025-09-03 09:00:00,0.18,1.390242,11.612430482758615
2025-09-03 10:00:00,2.5,1.504795,10.617225482758615
2025-09-03 11:00:00,2.679892307692308,2.2942750000000003,10.231608175066308
2025-09-03 12:00:00,2.779892307692307,2.0983229999999997,9.550038867374
2025-09-03 13:00:00,2.7998923076923075,2.10498,8.855126559681693
2025-09-03 14:00:00,2.46,1.720014,8.115140559681693
2025-09-03 15:00:00,0.17,1.345591,9.290731559681694
2025-09-03 16:00:00,0.15,0.6033189999999999,9.744050559681694
2025-09-03 17:00:00,2.50268275862069,0.323309,7.564676801061005
2025-09-03 18:00:00,1.7226827586206896,0.0,5.841994042440315
2025-09-03 19:00:00,0.17,0.0,5.671994042440315
2025-09-03 20:00:00,0.25,0.0,5.421994042440315
2025-09-03 21:00:00,0.27,0.0,5.151994042440315
2025-09-03 22:00:00,1.33,0.0,3.8219940424403145
2025-09-03 23:00:00,0.32,0.0,3.5019940424403146
2025-09-04 00:00:00,0.23,0.0,3.2719940424403147
2025-09-04 01:00:00,0.14,0.0,3.1319940424403145
2025-09-04 02:00:00,0.22,0.0,2.9119940424403143
2025-09-04 03:00:00,0.22,0.0,2.691994042440314
2025-09-04 04:00:00,0.22,0.0,2.471994042440314
2025-09-04 05:00:00,0.22,0.0,2.2519940424403138
2025-09-04 06:00:00,0.22,0.35870100000000005,2.390695042440314
2025-09-04 07:00:00,0.25,1.410681,3.551376042440314
2025-09-04 08:00:00,0.12,2.463963,5.895339042440314
2025-09-04 09:00:00,0.1,3.230571,9.025910042440314
2025-09-04 10:00:00,0.09,3.7779000000000003,12.713810042440315
2025-09-04 11:00:00,0.3398923076923077,4.072887000000001,13.5
2025-09-04 12:00:00,0.3298923076923077,4.132981,13.5
2025-09-04 13:00:00,0.3298923076923077,3.925101,13.5
2025-09-04 14:00:00,0.09,3.469281,13.5
2025-09-04 15:00:00,0.1,2.75812,13.5
2025-09-04 16:00:00,0.1,1.755745,13.5
2025-09-04 17:00:00,0.8526827586206898,0.63155,13.27886724137931
2025-09-04 18:00:00,0.8926827586206897,0.0,12.386184482758619
2025-09-04 19:00:00,0.27,0.0,12.11618448275862
2025-09-04 20:00:00,1.2999999999999998,0.0,10.816184482758619
2025-09-04 21:00:00,0.98,0.0,9.836184482758618
2025-09-04 22:00:00,0.14,0.0,9.696184482758618
2025-09-04 23:00:00,0.1,0.0,9.596184482758618
2025-09-05 00:00:00,0.11,0.0,9.486184482758619
2025-09-05 01:00:00,0.1,0.0,9.386184482758619
2025-09-05 02:00:00,0.11,0.0,9.27618448275862
2025-09-05 03:00:00,0.1,0.0,9.17618448275862
2025-09-05 04:00:00,0.09,0.0,9.08618448275862
2025-09-05 05:00:00,0.11,0.0,8.97618448275862
2025-09-05 06:00:00,0.11,0.352773,9.21895748275862
2025-09-05 07:00:00,0.15,1.424032,10.49298948275862
2025-09-05 08:00:00,0.31,2.4930689999999998,12.67605848275862
2025-09-05 09:00:00,0.16,3.261185,13.5
2025-09-05 10:00:00,2.47,3.800198,13.5
2025-09-05 11:00:00,2.8698923076923073,4.095076,13.5
2025-09-05 12:00:00,2.8598923076923075,4.147423,13.5
2025-09-05 13:00:00,2.969892307692308,3.928983,13.5
2025-09-05 14:00:00,2.97,3.4649929999999998,13.5
2025-09-05 15:00:00,0.18,2.7511289999999997,13.5
2025-09-05 16:00:00,0.23,1.7463060000000001,13.5
2025-09-05 17:00:00,0.8626827586206897,0.6096900000000001,13.247007241379311
2025-09-05 18:00:00,2.2826827586206897,0.0,10.964324482758622
2025-09-05 19:00:00,0.21,0.0,10.754324482758621
2025-09-05 20:00:00,0.26,0.0,10.494324482758621
2025-09-05 21:00:00,0.32,0.0,10.174324482758621
2025-09-05 22:00:00,0.16,0.0,10.01432448275862
2025-09-05 23:00:00,0.1,0.0,9.914324482758621
2025-09-06 00:00:00,0.1,0.0,9.814324482758622
2025-09-06 01:00:00,0.1,0.0,9.714324482758622
2025-09-06 02:00:00,0.11,0.0,9.604324482758622
2025-09-06 03:00:00,0.1,0.0,9.504324482758623
2025-09-06 04:00:00,0.2,0.0,9.304324482758624
2025-09-06 05:00:00,0.14,0.0,9.164324482758623
2025-09-06 06:00:00,0.1,0.066547,9.130871482758623
2025-09-06 07:00:00,0.12,0.703295,9.714166482758623
2025-09-06 08:00:00,0.1,2.4734659999999997,12.087632482758622
2025-09-06 09:00:00,0.27,3.25219,13.5
2025-09-06 10:00:00,2.4499999999999997,3.792913,13.5
2025-09-06 11:00:00,2.6498923076923075,1.953275,12.803382692307693
2025-09-06 12:00:00,2.6598923076923073,1.714357,11.857847384615386
2025-09-06 13:00:00,2.9498923076923074,1.5113910000000002,10.419346076923079
2025-09-06 14:00:00,2.53,1.48707,9.376416076923078
2025-09-06 15:00:00,0.21,1.023781,10.190197076923079
2025-09-06 16:00:00,0.21,0.351066,10.33126307692308
2025-09-06 17:00:00,0.8026827586206897,0.030303999999999998,9.55888431830239
2025-09-06 18:00:00,0.7726827586206897,0.0,8.7862015596817
2025-09-06 19:00:00,0.11,0.0,8.6762015596817
2025-09-06 20:00:00,0.24,0.0,8.4362015596817
2025-09-06 21:00:00,0.5,0.0,7.936201559681701
2025-09-06 22:00:00,0.25,0.0,7.686201559681701
2025-09-06 23:00:00,0.2299999999999999,0.0,7.456201559681701
2025-09-07 00:00:00,0.2299999999999999,0.0,7.2262015596817015
2025-09-07 01:00:00,0.22,0.0,7.006201559681702
2025-09-07 02:00:00,0.22,0.0,6.786201559681702
2025-09-07 03:00:00,0.32,0.0,6.466201559681702
2025-09-07 04:00:00,0.2,0.0,6.266201559681702
2025-09-07 05:00:00,0.11,0.0,6.156201559681701
2025-09-07 06:00:00,0.11,0.0,6.046201559681701
2025-09-07 07:00:00,0.7799999999999999,0.297373,5.563574559681701
2025-09-07 08:00:00,2.97,0.512202,3.1057765596817006
2025-09-07 09:00:00,1.22,1.557876,3.4436525596817007
2025-09-07 10:00:00,2.5599999999999996,3.808514,4.692166559681701
2025-09-07 11:00:00,2.8301826923076923,2.7465509999999997,4.608534867374009
2025-09-07 12:00:00,2.880182692307692,3.069879,4.7982311750663165
2025-09-07 13:00:00,2.950182692307692,3.923047,5.771095482758625
2025-09-07 14:00:00,2.67,3.4411329999999998,6.542228482758625
2025-09-07 15:00:00,0.49,2.7070770000000004,8.759305482758625
2025-09-07 16:00:00,0.35,1.6839490000000001,10.093254482758626
2025-09-07 17:00:00,1.1738520114942528,0.557652,9.477054471264374
2025-09-07 18:00:00,2.1438520114942525,0.0,7.3332024597701215
2025-09-07 19:00:00,0.26,0.0,7.073202459770122
2025-09-07 20:00:00,0.26,0.0,6.813202459770122
2025-09-07 21:00:00,0.3,0.0,6.513202459770122
2025-09-07 22:00:00,0.15,0.0,6.363202459770122
2025-09-07 23:00:00,0.11,0.0,6.2532024597701215
2025-09-08 00:00:00,0.2,0.0,6.053202459770121
2025-09-08 01:00:00,0.15,0.0,5.903202459770121
2025-09-08 02:00:00,0.11,0.0,5.793202459770121
2025-09-08 03:00:00,0.11,0.0,5.68320245977012
2025-09-08 04:00:00,0.11,0.0,5.57320245977012
2025-09-08 05:00:00,0.11,0.0,5.46320245977012
2025-09-08 06:00:00,0.12,0.32866300000000004,5.671865459770119
2025-09-08 07:00:00,0.1,1.390134,6.961999459770119
2025-09-08 08:00:00,0.22,2.4444760000000003,9.186475459770119
2025-09-08 09:00:00,0.21,3.1837590000000002,12.16023445977012
2025-09-08 10:00:00,0.19,3.700134,13.5
2025-09-08 11:00:00,0.4801826923076923,3.98574,13.5
2025-09-08 12:00:00,0.5501826923076923,4.051144,13.5
2025-09-08 13:00:00,0.5601826923076924,3.856493,13.5
2025-09-08 14:00:00,0.19,3.376201,13.5
2025-09-08 15:00:00,0.15,2.6537930000000003,13.5
2025-09-08 16:00:00,0.16,1.640948,13.5
2025-09-08 17:00:00,1.383852011494253,0.5306839999999999,12.646831988505747
2025-09-08 18:00:00,3.823852011494253,0.0,8.822979977011494
2025-09-08 19:00:00,0.42,0.0,8.402979977011494
2025-09-08 20:00:00,0.33,0.0,8.072979977011494
2025-09-08 21:00:00,0.45,0.0,7.622979977011494
2025-09-08 22:00:00,0.66,0.0,6.962979977011494
2025-09-08 23:00:00,0.86,0.0,6.102979977011493
2025-09-09 00:00:00,0.3,0.0,5.802979977011494
2025-09-09 01:00:00,0.22,0.0,5.582979977011494
2025-09-09 02:00:00,0.22,0.0,5.362979977011494
2025-09-09 03:00:00,0.2299999999999999,0.0,5.1329799770114946
2025-09-09 04:00:00,0.22,0.0,4.912979977011495
2025-09-09 05:00:00,0.24,0.0,4.672979977011495
2025-09-09 06:00:00,0.22,0.30938,4.762359977011495
2025-09-09 07:00:00,0.21,1.3569390000000001,5.909298977011495
2025-09-09 08:00:00,0.24,2.396442,8.065740977011496
2025-09-09 09:00:00,0.22,3.1216500000000003,10.967390977011496
2025-09-09 10:00:00,0.22,3.590531,13.5
2025-09-09 11:00:00,0.5101826923076923,3.825121,13.5
2025-09-09 12:00:00,0.5001826923076924,3.875314,13.5
2025-09-09 13:00:00,0.5101826923076923,3.709403,13.5
2025-09-09 14:00:00,0.22,3.2819879999999997,13.5
2025-09-09 15:00:00,0.22,2.5892150000000003,13.5
2025-09-09 16:00:00,0.22,1.592932,13.5
2025-09-09 17:00:00,1.0338520114942529,0.501733,12.967880988505748
2025-09-09 18:00:00,1.073852011494253,0.0,11.894028977011494
2025-09-09 19:00:00,0.19,0.0,11.704028977011495
2025-09-09 20:00:00,0.26,0.0,11.444028977011495
2025-09-09 21:00:00,0.26,0.0,11.184028977011495
2025-09-09 22:00:00,0.3,0.0,10.884028977011495
2025-09-09 23:00:00,0.25,0.0,10.634028977011495
2025-09-10 00:00:00,0.22,0.0,10.414028977011494
2025-09-10 01:00:00,0.2299999999999999,0.0,10.184028977011494
2025-09-10 02:00:00,0.2299999999999999,0.0,9.954028977011493
2025-09-10 03:00:00,0.22,0.0,9.734028977011493
2025-09-10 04:00:00,0.22,0.0,9.514028977011492
2025-09-10 05:00:00,0.2299999999999999,0.0,9.284028977011491
2025-09-10 06:00:00,0.11,0.298661,9.472689977011491
2025-09-10 07:00:00,0.14,1.320354,10.65304397701149
2025-09-10 08:00:00,0.24,2.344882,12.75792597701149
2025-09-10 09:00:00,0.15,3.061845,13.5
2025-09-10 10:00:00,2.4099999999999997,3.562009,13.5
2025-09-10 11:00:00,2.700182692307692,3.861289,13.5
2025-09-10 12:00:00,2.700182692307692,3.906803,13.5
2025-09-10 13:00:00,2.700182692307692,3.694554,13.5
2025-09-10 14:00:00,2.4099999999999997,3.242168,13.5
2025-09-10 15:00:00,0.11,2.531266,13.5
2025-09-10 16:00:00,0.11,1.541814,13.5
2025-09-10 17:00:00,0.9638520114942528,0.32434199999999996,12.860489988505748
2025-09-10 18:00:00,1.073852011494253,0.0,11.786637977011495
2025-09-10 19:00:00,0.19,0.0,11.596637977011495
2025-09-10 20:00:00,0.27,0.0,11.326637977011496
2025-09-10 21:00:00,0.18,0.0,11.146637977011496
2025-09-10 22:00:00,0.1699999999999999,0.0,10.976637977011496
2025-09-10 23:00:00,0.2299999999999999,0.0,10.746637977011495
2025-09-11 00:00:00,0.22,0.0,10.526637977011495
2025-09-11 01:00:00,0.22,0.0,10.306637977011494
2025-09-11 02:00:00,0.22,0.0,10.086637977011494
2025-09-11 03:00:00,0.21,0.0,9.876637977011493
2025-09-11 04:00:00,0.2299999999999999,0.0,9.646637977011492
2025-09-11 05:00:00,0.22,0.0,9.426637977011492
2025-09-11 06:00:00,0.23,0.19087,9.387507977011492
2025-09-11 07:00:00,0.23,0.697449,9.854956977011492
2025-09-11 08:00:00,0.11,1.2189480000000001,10.963904977011492
2025-09-11 09:00:00,0.35,3.047468,13.5
2025-09-11 10:00:00,0.61,3.5747910000000003,13.5
2025-09-11 11:00:00,1.2603653846153846,3.856001,13.5
2025-09-11 12:00:00,1.0203653846153846,3.904976,13.5
2025-09-11 13:00:00,0.8003653846153846,3.657336,13.5
2025-09-11 14:00:00,0.11,3.174947,13.5
2025-09-11 15:00:00,0.1,1.888812,13.5
2025-09-11 16:00:00,0.11,0.915356,13.5
2025-09-11 17:00:00,1.757704022988506,0.172322,11.914617977011494
2025-09-11 18:00:00,1.8477040229885056,0.0,10.066913954022988
2025-09-11 19:00:00,0.16,0.0,9.906913954022988
2025-09-11 20:00:00,0.29,0.0,9.616913954022989
2025-09-11 21:00:00,0.33,0.0,9.286913954022989
2025-09-11 22:00:00,0.14,0.0,9.146913954022988
2025-09-11 23:00:00,0.1,0.0,9.046913954022989
2025-09-12 00:00:00,0.12,0.0,8.92691395402299
2025-09-12 01:00:00,0.24,0.0,8.68691395402299
2025-09-12 02:00:00,0.12,0.0,8.56691395402299
2025-09-12 03:00:00,0.1,0.0,8.46691395402299
2025-09-12 04:00:00,0.1,0.0,8.36691395402299
2025-09-12 05:00:00,0.12,0.0,8.246913954022991
2025-09-12 06:00:00,0.1,0.278077,8.424990954022991
2025-09-12 07:00:00,0.13,0.236876,8.531866954022991
2025-09-12 08:00:00,0.16,0.591894,8.963760954022991
2025-09-12 09:00:00,0.1,0.897341,9.76110195402299
2025-09-12 10:00:00,2.4099999999999997,1.3923109999999999,8.74341295402299
2025-09-12 11:00:00,3.0103653846153846,2.0626979999999997,7.795745569407605
2025-09-12 12:00:00,3.1903653846153848,2.8896010000000003,7.49498118479222
2025-09-12 13:00:00,3.0803653846153844,3.685054,8.099669800176835
2025-09-12 14:00:00,2.73,2.160844,7.530513800176836
2025-09-12 15:00:00,0.15,1.371586,8.752099800176836
2025-09-12 16:00:00,0.2299999999999999,0.660019,9.182118800176836
2025-09-12 17:00:00,1.8777040229885056,0.426033,7.73044777718833
2025-09-12 18:00:00,3.1377040229885056,0.0,4.592743754199825
2025-09-12 19:00:00,0.1699999999999999,0.0,4.422743754199825
2025-09-12 20:00:00,0.2,0.0,4.222743754199825
2025-09-12 21:00:00,0.16,0.0,4.062743754199825
2025-09-12 22:00:00,0.29,0.0,3.7727437541998246
2025-09-12 23:00:00,0.13,0.0,3.6427437541998247
2025-09-13 00:00:00,0.12,0.0,3.5227437541998246
2025-09-13 01:00:00,0.1,0.0,3.4227437541998245
2025-09-13 02:00:00,0.1,0.0,3.3227437541998244
2025-09-13 03:00:00,0.48,0.0,2.8427437541998244
2025-09-13 04:00:00,0.53,0.0,2.3127437541998246
2025-09-13 05:00:00,0.11,0.0,2.2027437541998247
2025-09-13 06:00:00,0.11,0.047074,2.1398177541998247
2025-09-13 07:00:00,0.2,0.223267,2.163084754199825
2025-09-13 08:00:00,0.64,0.499685,2.0227697541998246
2025-09-13 09:00:00,0.72,1.005707,2.3084767541998246
2025-09-13 10:00:00,2.51,1.323393,1.1218697541998248
2025-09-13 11:00:00,2.6498923076923075,1.638636,0.11061344650751725
2025-09-13 12:00:00,2.6898923076923076,2.226753,0.0
2025-09-13 13:00:00,2.7898923076923077,1.64749,0.0
2025-09-13 14:00:00,2.44,1.965028,0.0
2025-09-13 15:00:00,0.12,1.393001,1.2730009999999998
2025-09-13 16:00:00,0.14,0.620684,1.753685
2025-09-13 17:00:00,0.8026827586206897,0.409526,1.3605282413793103
2025-09-13 18:00:00,0.7926827586206897,0.0,0.5678454827586206
2025-09-13 19:00:00,0.19,0.0,0.37784548275862057
2025-09-13 20:00:00,0.18,0.0,0.19784548275862057
2025-09-13 21:00:00,0.15,0.0,0.04784548275862058
2025-09-13 22:00:00,0.15,0.0,0.0
2025-09-13 23:00:00,0.11,0.0,0.0
2025-09-14 00:00:00,0.1,0.0,0.0
2025-09-14 01:00:00,0.2,0.0,0.0
2025-09-14 02:00:00,0.15,0.0,0.0
2025-09-14 03:00:00,0.21,0.0,0.0
2025-09-14 04:00:00,0.23,0.0,0.0
2025-09-14 05:00:00,0.22,0.0,0.0
2025-09-14 06:00:00,0.21,0.051386,0.0
2025-09-14 07:00:00,0.21,0.38460500000000003,0.17460500000000004
2025-09-14 08:00:00,0.21,1.154659,1.1192640000000003
2025-09-14 09:00:00,0.1,1.261392,2.2806560000000005
2025-09-14 10:00:00,2.44,1.6224839999999998,1.4631400000000003
2025-09-14 11:00:00,2.6598923076923073,2.315436,1.118683692307693
2025-09-14 12:00:00,2.6898923076923076,2.9512899999999997,1.3800813846153852
2025-09-14 13:00:00,2.639892307692308,3.0443029999999998,1.7844920769230768
2025-09-14 14:00:00,2.4099999999999997,2.702925,2.0774170769230773
2025-09-14 15:00:00,0.11,2.2763470000000003,4.243764076923078
2025-09-14 16:00:00,0.11,1.203808,5.337572076923078
2025-09-14 17:00:00,0.7526827586206897,0.257452,4.842341318302388
2025-09-14 18:00:00,0.8826827586206897,0.0,3.9596585596816984
2025-09-14 19:00:00,0.2,0.0,3.7596585596816983
2025-09-14 20:00:00,0.37,0.0,3.389658559681698
2025-09-14 21:00:00,0.3399999999999999,0.0,3.0496585596816983
2025-09-14 22:00:00,0.22,0.0,2.829658559681698
2025-09-14 23:00:00,0.22,0.0,2.609658559681698
2025-09-15 00:00:00,0.22,0.0,2.3896585596816977
2025-09-15 01:00:00,0.12,0.0,2.2696585596816976
2025-09-15 02:00:00,0.1,0.0,2.1696585596816975
2025-09-15 03:00:00,0.11,0.0,2.0596585596816976
2025-09-15 04:00:00,0.1,0.0,1.9596585596816976
2025-09-15 05:00:00,0.1,0.0,1.8596585596816975
2025-09-15 06:00:00,0.11,0.245718,1.9953765596816975
2025-09-15 07:00:00,0.12,0.373419,2.2487955596816973
2025-09-15 08:00:00,0.12,0.989285,3.1180805596816974
2025-09-15 09:00:00,0.23,3.09912,5.987200559681698
2025-09-15 10:00:00,0.11,3.624549,9.501749559681699
2025-09-15 11:00:00,0.3298923076923077,3.904326,13.076183251989391
2025-09-15 12:00:00,0.3298923076923077,2.9200030000000003,13.5
2025-09-15 13:00:00,0.3298923076923077,3.659902,13.5
2025-09-15 14:00:00,0.11,3.184349,13.5
2025-09-15 15:00:00,0.11,2.4558400000000002,13.5
2025-09-15 16:00:00,0.1,1.427933,13.5
2025-09-15 17:00:00,0.7726827586206897,0.35994,13.08725724137931
2025-09-15 18:00:00,3.9926827586206897,0.0,9.09457448275862
2025-09-15 19:00:00,0.1699999999999999,0.0,8.92457448275862
2025-09-15 20:00:00,0.22,0.0,8.70457448275862
2025-09-15 21:00:00,0.26,0.0,8.44457448275862
2025-09-15 22:00:00,0.22,0.0,8.22457448275862
2025-09-15 23:00:00,0.22,0.0,8.004574482758619
2025-09-16 00:00:00,0.22,0.0,7.784574482758619
2025-09-16 01:00:00,0.2299999999999999,0.0,7.554574482758619
2025-09-16 02:00:00,0.22,0.0,7.33457448275862
2025-09-16 03:00:00,0.22,0.0,7.11457448275862
2025-09-16 04:00:00,0.21,0.0,6.90457448275862
2025-09-16 05:00:00,0.22,0.0,6.68457448275862
2025-09-16 06:00:00,0.22,0.033085,6.49765948275862
2025-09-16 07:00:00,0.13,0.791187,7.15884648275862
2025-09-16 08:00:00,0.11,1.018194,8.067040482758621
2025-09-16 09:00:00,0.09,3.030009,11.007049482758621
2025-09-16 10:00:00,0.11,3.586021,13.5
2025-09-16 11:00:00,0.3298923076923077,3.855918,13.5
2025-09-16 12:00:00,0.3398923076923077,3.8707350000000003,13.5
2025-09-16 13:00:00,0.3498923076923077,3.645014,13.5
2025-09-16 14:00:00,0.1399999999999999,3.158375,13.5
2025-09-16 15:00:00,0.12,2.4125680000000003,13.5
2025-09-16 16:00:00,0.11,1.3695719999999998,13.5
2025-09-16 17:00:00,2.17268275862069,0.329446,11.65676324137931
2025-09-16 18:00:00,2.0326827586206897,0.0,9.62408048275862
2025-09-16 19:00:00,0.15,0.0,9.47408048275862
2025-09-16 20:00:00,0.2299999999999999,0.0,9.24408048275862
2025-09-16 21:00:00,0.36,0.0,8.88408048275862
2025-09-16 22:00:00,0.6699999999999999,0.0,8.21408048275862
2025-09-16 23:00:00,0.73,0.0,7.484080482758619
2025-09-17 00:00:00,0.2299999999999999,0.0,7.25408048275862
2025-09-17 01:00:00,0.22,0.0,7.03408048275862
2025-09-17 02:00:00,0.22,0.0,6.81408048275862
2025-09-17 03:00:00,0.22,0.0,6.594080482758621
2025-09-17 04:00:00,0.24,0.0,6.35408048275862
2025-09-17 05:00:00,0.37,0.0,5.98408048275862
2025-09-17 06:00:00,0.25,0.21565399999999998,5.94973448275862
2025-09-17 07:00:00,0.12,1.207061,7.03679548275862
2025-09-17 08:00:00,0.26,2.29009,9.066885482758622
2025-09-17 09:00:00,0.18,3.074069,11.960954482758622
2025-09-17 10:00:00,2.48,3.5912539999999997,13.072208482758622
2025-09-17 11:00:00,2.7098923076923076,3.8707800000000003,13.5
2025-09-17 12:00:00,2.7298923076923076,3.885807,13.5
2025-09-17 13:00:00,2.639892307692308,3.674815,13.5
2025-09-17 14:00:00,2.4099999999999997,3.163988,13.5
2025-09-17 15:00:00,0.3,2.410994,13.5
2025-09-17 16:00:00,0.32,1.358984,13.5
2025-09-17 17:00:00,0.9126827586206896,0.32030200000000003,12.90761924137931
2025-09-17 18:00:00,0.8726827586206897,0.0,12.03493648275862
2025-09-17 19:00:00,0.21,0.0,11.82493648275862
2025-09-17 20:00:00,0.15,0.0,11.67493648275862
2025-09-17 21:00:00,0.12,0.0,11.55493648275862
2025-09-17 22:00:00,0.26,0.0,11.29493648275862
2025-09-17 23:00:00,0.22,0.0,11.07493648275862
2025-09-18 00:00:00,0.22,0.0,10.85493648275862
2025-09-18 01:00:00,0.22,0.0,10.634936482758619
2025-09-18 02:00:00,0.21,0.0,10.424936482758618
2025-09-18 03:00:00,0.22,0.0,10.204936482758617
2025-09-18 04:00:00,0.33,0.0,9.874936482758617
2025-09-18 05:00:00,0.27,0.0,9.604936482758617
2025-09-18 06:00:00,0.2299999999999999,0.213008,9.587944482758617
2025-09-18 07:00:00,0.22,1.2166679999999999,10.584612482758617
2025-09-18 08:00:00,0.26,2.282451,12.607063482758617
2025-09-18 09:00:00,0.5,3.042538,13.5
2025-09-18 10:00:00,0.46,3.5522,13.5
2025-09-18 11:00:00,0.9647307692307694,3.792535,13.5
2025-09-18 12:00:00,0.8647307692307694,3.8090279999999996,13.5
2025-09-18 13:00:00,0.7347307692307694,3.56241,13.5
2025-09-18 14:00:00,0.21,3.075021,13.5
2025-09-18 15:00:00,0.16,2.3493519999999997,13.5
2025-09-18 16:00:00,0.2799999999999999,1.323693,13.5
2025-09-18 17:00:00,1.811706896551724,0.298438,11.986731103448276
2025-09-18 18:00:00,2.0217068965517244,0.0,9.965024206896551
2025-09-18 19:00:00,0.24,0.0,9.725024206896551
2025-09-18 20:00:00,0.3299999999999999,0.0,9.39502420689655
2025-09-18 21:00:00,0.24,0.0,9.15502420689655
2025-09-18 22:00:00,0.31,0.0,8.84502420689655
2025-09-18 23:00:00,0.23,0.0,8.61502420689655
2025-09-19 00:00:00,0.22,0.0,8.395024206896549
2025-09-19 01:00:00,0.2299999999999999,0.0,8.165024206896549
2025-09-19 02:00:00,0.32,0.0,7.845024206896548
2025-09-19 03:00:00,0.23,0.0,7.615024206896548
2025-09-19 04:00:00,0.22,0.0,7.395024206896548
2025-09-19 05:00:00,0.16,0.0,7.235024206896548
2025-09-19 06:00:00,0.12,0.202349,7.317373206896548
2025-09-19 07:00:00,0.23,1.192463,8.279836206896547
2025-09-19 08:00:00,0.29,2.219766,10.209602206896548
2025-09-19 09:00:00,0.16,2.921228,12.970830206896547
2025-09-19 10:00:00,2.4099999999999997,3.344659,13.5
2025-09-19 11:00:00,3.0747307692307695,3.6177829999999997,13.5
2025-09-19 12:00:00,3.014730769230769,3.6995929999999997,13.5
2025-09-19 13:00:00,2.984730769230769,3.4696550000000004,13.5
2025-09-19 14:00:00,2.4099999999999997,2.977217,13.5
2025-09-19 15:00:00,0.12,2.249948,13.5
2025-09-19 16:00:00,0.11,1.247434,13.5
2025-09-19 17:00:00,1.9617068965517244,0.26877100000000004,11.807064103448276
2025-09-19 18:00:00,2.8617068965517243,0.0,8.945357206896553
2025-09-19 19:00:00,0.2,0.0,8.745357206896553
2025-09-19 20:00:00,0.32,0.0,8.425357206896553
2025-09-19 21:00:00,0.34,0.0,8.085357206896553
2025-09-19 22:00:00,0.86,0.0,7.225357206896553
2025-09-19 23:00:00,0.8500000000000001,0.0,6.3753572068965525
2025-09-20 00:00:00,0.22,0.0,6.155357206896553
2025-09-20 01:00:00,0.22,0.0,5.935357206896553
2025-09-20 02:00:00,0.22,0.0,5.715357206896553
2025-09-20 03:00:00,0.22,0.0,5.4953572068965535
2025-09-20 04:00:00,0.22,0.0,5.275357206896554
2025-09-20 05:00:00,0.24,0.0,5.0353572068965535
2025-09-20 06:00:00,0.11,0.189696,5.115053206896554
2025-09-20 07:00:00,0.2,1.134544,6.049597206896554
2025-09-20 08:00:00,0.1,2.147595,8.097192206896553
2025-09-20 09:00:00,0.22,2.875837,10.753029206896553
2025-09-20 10:00:00,2.4,3.393988,11.747017206896553
2025-09-20 11:00:00,2.783153846153846,3.6752710000000004,12.639134360742707
2025-09-20 12:00:00,2.7731538461538463,3.7276819999999997,13.5
2025-09-20 13:00:00,2.863153846153846,3.530998,13.5
2025-09-20 14:00:00,2.4099999999999997,3.039578,13.5
2025-09-20 15:00:00,0.1,2.297337,13.5
2025-09-20 16:00:00,0.39,1.2595699999999999,13.5
2025-09-20 17:00:00,1.6878045977011498,0.259884,12.07207940229885
2025-09-20 18:00:00,2.88780459770115,0.0,9.1842748045977
2025-09-20 19:00:00,0.23,0.0,8.9542748045977
2025-09-20 20:00:00,0.29,0.0,8.664274804597701
2025-09-20 21:00:00,0.27,0.0,8.394274804597702
2025-09-20 22:00:00,0.26,0.0,8.134274804597702
2025-09-20 23:00:00,0.2299999999999999,0.0,7.904274804597702
2025-09-21 00:00:00,0.22,0.0,7.6842748045977025
2025-09-21 01:00:00,0.22,0.0,7.464274804597703
2025-09-21 02:00:00,0.22,0.0,7.244274804597703
2025-09-21 03:00:00,0.31,0.0,6.934274804597703
2025-09-21 04:00:00,0.26,0.0,6.674274804597704
2025-09-21 05:00:00,0.22,0.0,6.454274804597704
2025-09-21 06:00:00,0.21,0.181988,6.4262628045977035
2025-09-21 07:00:00,0.1,0.458069,6.784331804597704
2025-09-21 08:00:00,0.2,0.886768,7.471099804597704
2025-09-21 09:00:00,0.16,1.332417,8.643516804597704
2025-09-21 10:00:00,2.42,2.5412199999999996,8.764736804597703
2025-09-21 11:00:00,2.783153846153846,3.7005749999999997,9.682157958443856
2025-09-21 12:00:00,2.783153846153846,1.951061,8.85006511229001
2025-09-21 13:00:00,2.8131538461538463,1.698463,7.735374266136163
2025-09-21 14:00:00,2.4099999999999997,1.58318,6.908554266136163
2025-09-21 15:00:00,0.36,1.364433,7.912987266136163
2025-09-21 16:00:00,0.63,0.540021,7.8230082661361635
2025-09-21 17:00:00,2.3178045977011497,0.23732599999999998,5.742529668435013
2025-09-21 18:00:00,3.1778045977011495,0.0,2.564725070733864
2025-09-21 19:00:00,0.28,0.0,2.284725070733864
2025-09-21 20:00:00,0.33,0.0,1.954725070733864
2025-09-21 21:00:00,0.31,0.0,1.6447250707338639
2025-09-21 22:00:00,0.25,0.0,1.3947250707338639
2025-09-21 23:00:00,0.12,0.0,1.2747250707338638
2025-09-22 00:00:00,0.11,0.0,1.1647250707338637
2025-09-22 01:00:00,0.11,0.0,1.0547250707338636
2025-09-22 02:00:00,0.1,0.0,0.9547250707338636
2025-09-22 03:00:00,0.11,0.0,0.8447250707338636
2025-09-22 04:00:00,0.11,0.0,0.7347250707338636
2025-09-22 05:00:00,0.11,0.0,0.6247250707338636
2025-09-22 06:00:00,0.1,0.02633,0.5510550707338636
2025-09-22 07:00:00,0.11,0.288733,0.7297880707338636
2025-09-22 08:00:00,0.15,1.297475,1.8772630707338638
2025-09-22 09:00:00,0.15,2.924427,4.6516900707338635
2025-09-22 10:00:00,0.22,2.4619,6.893590070733863
2025-09-22 11:00:00,0.5831538461538462,3.6967060000000003,10.007142224580017
2025-09-22 12:00:00,0.6731538461538462,2.237301,11.57128937842617
2025-09-22 13:00:00,0.5431538461538462,3.4582550000000003,13.5
2025-09-22 14:00:00,0.17,2.963409,13.5
2025-09-22 15:00:00,0.17,2.223498,13.5
2025-09-22 16:00:00,0.15,0.873887,13.5
2025-09-22 17:00:00,2.51780459770115,0.220025,11.20222040229885
2025-09-22 18:00:00,3.0878045977011497,0.0,8.114415804597702
2025-09-22 19:00:00,0.26,0.0,7.854415804597702
2025-09-22 20:00:00,0.32,0.0,7.534415804597701
2025-09-22 21:00:00,0.6599999999999999,0.0,6.874415804597701
2025-09-22 22:00:00,0.85,0.0,6.024415804597702
2025-09-22 23:00:00,0.39,0.0,5.634415804597702
2025-09-23 00:00:00,0.22,0.0,5.414415804597702
2025-09-23 01:00:00,0.2299999999999999,0.0,5.184415804597703
2025-09-23 02:00:00,0.2299999999999999,0.0,4.954415804597703
2025-09-23 03:00:00,0.2299999999999999,0.0,4.724415804597704
2025-09-23 04:00:00,0.22,0.0,4.504415804597704
2025-09-23 05:00:00,0.22,0.0,4.284415804597704
2025-09-23 06:00:00,0.22,0.16393000000000002,4.228345804597704
2025-09-23 07:00:00,0.35,0.529576,4.407921804597704
2025-09-23 08:00:00,0.39,2.170754,6.188675804597704
2025-09-23 09:00:00,0.13,2.928525,8.987200804597704
2025-09-23 10:00:00,0.1,3.42381,12.311010804597704
2025-09-23 11:00:00,0.3298923076923077,3.70491,13.5
2025-09-23 12:00:00,1.0998923076923075,3.7430630000000003,13.5
2025-09-23 13:00:00,1.589892307692308,3.504889,13.5
2025-09-23 14:00:00,1.73,3.012839,13.5
2025-09-23 15:00:00,1.28,2.255814,13.5
2025-09-23 16:00:00,1.0,1.19797,13.5
2025-09-23 17:00:00,1.77268275862069,0.208007,11.93532424137931
2025-09-23 18:00:00,4.01268275862069,0.0,7.922641482758621
2025-09-23 19:00:00,0.31,0.0,7.6126414827586215
2025-09-23 20:00:00,0.42,0.0,7.192641482758622
2025-09-23 21:00:00,0.36,0.0,6.832641482758621
2025-09-23 22:00:00,0.29,0.0,6.542641482758621
2025-09-23 23:00:00,0.22,0.0,6.3226414827586215
2025-09-24 00:00:00,0.22,0.0,6.102641482758622
2025-09-24 01:00:00,0.2299999999999999,0.0,5.872641482758622
2025-09-24 02:00:00,0.2299999999999999,0.0,5.642641482758623
2025-09-24 03:00:00,0.25,0.0,5.392641482758623
2025-09-24 04:00:00,0.22,0.0,5.172641482758623
2025-09-24 05:00:00,0.22,0.0,4.952641482758623
2025-09-24 06:00:00,0.22,0.07905,4.811691482758623
2025-09-24 07:00:00,0.26,0.39092,4.942611482758623
2025-09-24 08:00:00,0.33,1.183468,5.796079482758623
2025-09-24 09:00:00,0.15,1.518842,7.164921482758623
2025-09-24 10:00:00,2.4299999999999997,2.208062,6.942983482758623
2025-09-24 11:00:00,2.6598923076923073,2.570073,6.853164175066316
2025-09-24 12:00:00,2.6598923076923073,2.391992,6.5852638673740085
2025-09-24 13:00:00,2.6598923076923073,2.0422919999999998,5.967663559681701
2025-09-24 14:00:00,2.44,1.468167,4.995830559681701
2025-09-24 15:00:00,0.14,0.983367,5.8391975596817005
2025-09-24 16:00:00,0.14,0.34190499999999996,6.0411025596817005
2025-09-24 17:00:00,0.7926827586206897,0.038469,5.286888801061011
2025-09-24 18:00:00,0.8526827586206898,0.0,4.434206042440321
2025-09-24 19:00:00,0.35,0.0,4.0842060424403215
2025-09-24 20:00:00,0.22,0.0,3.8642060424403213
2025-09-24 21:00:00,0.14,0.0,3.724206042440321
2025-09-24 22:00:00,0.25,0.0,3.474206042440321
2025-09-24 23:00:00,0.22,0.0,3.254206042440321
2025-09-25 00:00:00,0.22,0.0,3.0342060424403208
2025-09-25 01:00:00,0.22,0.0,2.8142060424403206
2025-09-25 02:00:00,0.22,0.0,2.5942060424403204
2025-09-25 03:00:00,0.22,0.0,2.37420604244032
2025-09-25 04:00:00,0.22,0.0,2.15420604244032
2025-09-25 05:00:00,0.22,0.0,1.93420604244032
2025-09-25 06:00:00,0.2299999999999999,0.052606,1.7568120424403202
2025-09-25 07:00:00,0.22,0.216056,1.7528680424403202
2025-09-25 08:00:00,0.19,0.586324,2.1491920424403204
2025-09-25 09:00:00,0.37,1.207284,2.9864760424403203
2025-09-25 10:00:00,0.51,1.5887280000000001,4.06520404244032
2025-09-25 11:00:00,0.8098923076923078,1.7569000000000001,5.012211734748012
2025-09-25 12:00:00,0.5698923076923077,2.104614,6.546933427055705
2025-09-25 13:00:00,0.4998923076923077,1.8668099999999999,7.913851119363397
2025-09-25 14:00:00,0.26,1.465786,9.119637119363396
2025-09-25 15:00:00,0.44,0.96386,9.643497119363396
2025-09-25 16:00:00,0.26,0.380601,9.764098119363396
2025-09-25 17:00:00,0.8726827586206897,0.029322,8.920737360742706
2025-09-25 18:00:00,1.0426827586206897,0.0,7.878054602122016
2025-09-25 19:00:00,0.3,0.0,7.578054602122016
2025-09-25 20:00:00,0.28,0.0,7.298054602122016
2025-09-25 21:00:00,0.64,0.0,6.658054602122016
2025-09-25 22:00:00,0.75,0.0,5.908054602122016
2025-09-25 23:00:00,0.22,0.0,5.688054602122016
2025-09-26 00:00:00,0.22,0.0,5.468054602122017
2025-09-26 01:00:00,0.22,0.0,5.248054602122017
2025-09-26 02:00:00,0.22,0.0,5.028054602122017
2025-09-26 03:00:00,0.19,0.0,4.838054602122017
2025-09-26 04:00:00,0.11,0.0,4.7280546021220164
2025-09-26 05:00:00,0.11,0.0,4.618054602122016
2025-09-26 06:00:00,0.11,0.0,4.508054602122016
2025-09-26 07:00:00,0.1,0.102273,4.5103276021220156
2025-09-26 08:00:00,0.12,0.364861,4.755188602122016
2025-09-26 09:00:00,0.14,0.6618569999999999,5.277045602122016
2025-09-26 10:00:00,2.5799999999999996,0.9547089999999999,3.6517546021220157
2025-09-26 11:00:00,2.7398923076923074,1.551547,2.4634092944297086
2025-09-26 12:00:00,2.8498923076923077,1.738591,1.3521079867374008
2025-09-26 13:00:00,2.7398923076923074,1.619184,0.2313996790450934
2025-09-26 14:00:00,2.4499999999999997,1.252675,0.0
2025-09-26 15:00:00,0.24,0.680071,0.440071
2025-09-26 16:00:00,0.4,0.348335,0.388406
2025-09-26 17:00:00,0.9526827586206896,0.044715000000000005,0.0
2025-09-26 18:00:00,0.8526827586206898,0.0,0.0
2025-09-26 19:00:00,0.15,0.0,0.0
2025-09-26 20:00:00,0.4,0.0,0.0
2025-09-26 21:00:00,0.31,0.0,0.0
2025-09-26 22:00:00,0.24,0.0,0.0
2025-09-26 23:00:00,0.22,0.0,0.0
2025-09-27 00:00:00,0.2299999999999999,0.0,0.0
2025-09-27 01:00:00,0.22,0.0,0.0
2025-09-27 02:00:00,0.21,0.0,0.0
2025-09-27 03:00:00,0.22,0.0,0.0
2025-09-27 04:00:00,0.22,0.0,0.0
2025-09-27 05:00:00,0.5900000000000001,0.0,0.0
2025-09-27 06:00:00,0.11,0.0,0.0
2025-09-27 07:00:00,0.22,0.5060330000000001,0.2860330000000001
2025-09-27 08:00:00,0.38,0.134858,0.040891000000000094
2025-09-27 09:00:00,0.12,1.847311,1.7682019999999998
2025-09-27 10:00:00,2.4099999999999997,0.810542,0.168744
2025-09-27 11:00:00,2.7398923076923074,1.850479,0.0
2025-09-27 12:00:00,3.689892307692307,1.5907609999999999,0.0
2025-09-27 13:00:00,3.709892307692307,1.3680350000000001,0.0
2025-09-27 14:00:00,2.44,0.924767,0.0
2025-09-27 15:00:00,0.12,0.8684890000000001,0.7484890000000001
2025-09-27 16:00:00,0.11,1.023339,1.661828
2025-09-27 17:00:00,0.7526827586206897,0.131806,1.0409512413793105
2025-09-27 18:00:00,1.0326827586206897,0.0,0.008268482758620799
2025-09-27 19:00:00,0.23,0.0,0.0
2025-09-27 20:00:00,0.22,0.0,0.0
2025-09-27 21:00:00,0.14,0.0,0.0
2025-09-27 22:00:00,0.22,0.0,0.0
2025-09-27 23:00:00,0.31,0.0,0.0
2025-09-28 00:00:00,0.25,0.0,0.0
2025-09-28 01:00:00,0.22,0.0,0.0
2025-09-28 02:00:00,0.22,0.0,0.0
2025-09-28 03:00:00,0.21,0.0,0.0
2025-09-28 04:00:00,0.1,0.0,0.0
2025-09-28 05:00:00,0.11,0.0,0.0
2025-09-28 06:00:00,0.18,0.110183,0.0
2025-09-28 07:00:00,0.2,0.277094,0.077094
2025-09-28 08:00:00,0.2299999999999999,1.111761,0.9588550000000001
2025-09-28 09:00:00,0.22,1.407219,2.146074
2025-09-28 10:00:00,4.62,1.195459,0.0
2025-09-28 11:00:00,5.397365384615385,1.46628,0.0
2025-09-28 12:00:00,2.9673653846153845,3.5871269999999997,0.6197616153846153
2025-09-28 13:00:00,3.2773653846153845,3.3303949999999998,0.6727912307692305
2025-09-28 14:00:00,3.4799999999999995,2.8115740000000002,0.004365230769231232
2025-09-28 15:00:00,1.18,2.037047,0.8614122307692311
2025-09-28 16:00:00,1.24,1.003948,0.6253602307692312
2025-09-28 17:00:00,2.205853448275862,0.10406499999999999,0.0
2025-09-28 18:00:00,2.725853448275862,0.0,0.0
2025-09-28 19:00:00,1.29,0.0,0.0
2025-09-28 20:00:00,1.25,0.0,0.0
2025-09-28 21:00:00,1.19,0.0,0.0
2025-09-28 22:00:00,1.61,0.0,0.0
2025-09-28 23:00:00,1.74,0.0,0.0
2025-09-29 00:00:00,1.25,0.0,0.0
2025-09-29 01:00:00,1.19,0.0,0.0
2025-09-29 02:00:00,1.19,0.0,0.0
2025-09-29 03:00:00,1.19,0.0,0.0
2025-09-29 04:00:00,1.19,0.0,0.0
2025-09-29 05:00:00,1.19,0.0,0.0
2025-09-29 06:00:00,1.2,0.09041500000000001,0.0
2025-09-29 07:00:00,1.27,0.377873,0.0
2025-09-29 08:00:00,0.42,0.8544700000000001,0.4344700000000001
2025-09-29 09:00:00,0.1,2.770962,3.105432
2025-09-29 10:00:00,0.11,3.311094,6.306526
2025-09-29 11:00:00,0.4273653846153847,3.59002,9.469180615384616
2025-09-29 12:00:00,0.4273653846153847,3.6107530000000003,12.652568230769232
2025-09-29 13:00:00,0.4673653846153847,3.3462289999999997,13.5
2025-09-29 14:00:00,0.22,2.8175169999999996,13.5
2025-09-29 15:00:00,0.1699999999999999,2.022629,13.5
2025-09-29 16:00:00,0.14,0.979888,13.5
2025-09-29 17:00:00,2.925853448275862,0.084015,10.658161551724138
2025-09-29 18:00:00,1.535853448275862,0.0,9.122308103448276
2025-09-29 19:00:00,0.28,0.0,8.842308103448277
2025-09-29 20:00:00,0.29,0.0,8.552308103448278
2025-09-29 21:00:00,0.25,0.0,8.302308103448278
2025-09-29 22:00:00,0.24,0.0,8.062308103448277
2025-09-29 23:00:00,0.22,0.0,7.842308103448278
2025-09-30 00:00:00,0.2299999999999999,0.0,7.612308103448278
2025-09-30 01:00:00,0.22,0.0,7.392308103448278
2025-09-30 02:00:00,0.22,0.0,7.1723081034482785
2025-09-30 03:00:00,0.2299999999999999,0.0,6.942308103448279
2025-09-30 04:00:00,0.12,0.0,6.822308103448279
2025-09-30 05:00:00,0.11,0.0,6.7123081034482786
2025-09-30 06:00:00,0.15,0.084736,6.647044103448279
2025-09-30 07:00:00,0.34,0.959154,7.2661981034482785
2025-09-30 08:00:00,0.12,1.9548320000000001,9.101030103448279
2025-09-30 09:00:00,0.1,2.716663,11.71769310344828
2025-09-30 10:00:00,0.1,3.22123,13.5
2025-09-30 11:00:00,0.3873653846153847,3.50012,13.5
2025-09-30 12:00:00,0.3873653846153847,3.518712,13.5
2025-09-30 13:00:00,0.3873653846153847,3.2412229999999997,13.5
2025-09-30 14:00:00,0.1,2.71803,13.5
2025-09-30 15:00:00,0.11,1.914516,13.5
2025-09-30 16:00:00,0.11,0.920193,13.5
2025-09-30 17:00:00,1.815853448275862,0.055918999999999996,11.740065551724138
2025-09-30 18:00:00,3.295853448275862,0.0,8.444212103448276
2025-09-30 19:00:00,0.39,0.0,8.054212103448275
2025-09-30 20:00:00,0.27,0.0,7.784212103448276
2025-09-30 21:00:00,0.3,0.0,7.484212103448276
2025-09-30 22:00:00,0.36,0.0,7.124212103448276
2025-09-30 23:00:00,0.26,0.0,6.864212103448276
2025-10-01 00:00:00,0.22,0.0,6.644212103448276
2025-10-01 01:00:00,0.2299999999999999,0.0,6.414212103448277
2025-10-01 02:00:00,0.22,0.0,6.194212103448277
2025-10-01 03:00:00,0.23,0.0,5.9642121034482765
2025-10-01 04:00:00,0.22,0.0,5.744212103448277
2025-10-01 05:00:00,0.22,0.0,5.524212103448277
2025-10-01 06:00:00,0.31,0.064751,5.278963103448277
2025-10-01 07:00:00,0.29,0.93711,5.926073103448276
2025-10-01 08:00:00,0.2299999999999999,1.9434580000000001,7.6395311034482765
2025-10-01 09:00:00,0.2299999999999999,2.6721660000000003,10.081697103448278
2025-10-01 10:00:00,2.53,3.127473,10.679170103448278
2025-10-01 11:00:00,2.8073653846153848,3.328563,11.200367718832894
2025-10-01 12:00:00,2.8073653846153848,3.331567,11.72456933421751
2025-10-01 13:00:00,2.8073653846153848,3.1129360000000004,12.030139949602125
2025-10-01 14:00:00,2.52,2.653801,12.163940949602125
2025-10-01 15:00:00,0.22,1.904093,13.5
2025-10-01 16:00:00,0.22,0.9038010000000001,13.5
2025-10-01 17:00:00,2.745853448275862,0.048223999999999996,10.802370551724138
2025-10-01 18:00:00,1.9058534482758624,0.0,8.896517103448275
2025-10-01 19:00:00,0.41,0.0,8.486517103448275
2025-10-01 20:00:00,0.71,0.0,7.776517103448275
2025-10-01 21:00:00,1.0,0.0,6.776517103448275
2025-10-01 22:00:00,1.11,0.0,5.666517103448275
2025-10-01 23:00:00,0.2299999999999999,0.0,5.436517103448275
2025-10-02 00:00:00,0.2299999999999999,0.0,5.206517103448276
2025-10-02 01:00:00,0.2299999999999999,0.0,4.976517103448276
2025-10-02 02:00:00,0.2299999999999999,0.0,4.7465171034482765
2025-10-02 03:00:00,0.2299999999999999,0.0,4.516517103448277
2025-10-02 04:00:00,0.2299999999999999,0.0,4.286517103448277
2025-10-02 05:00:00,0.2299999999999999,0.0,4.056517103448278
2025-10-02 06:00:00,0.26,0.057284999999999996,3.853802103448278
2025-10-02 07:00:00,0.2,0.944013,4.597815103448278
2025-10-02 08:00:00,0.11,1.950239,6.4380541034482786
2025-10-02 09:00:00,0.1,2.6699029999999997,9.007957103448279
2025-10-02 10:00:00,0.11,3.136898,12.03485510344828
2025-10-02 11:00:00,0.3421461538461539,3.3923,13.5
2025-10-02 12:00:00,0.3421461538461539,3.40713,13.5
2025-10-02 13:00:00,0.3421461538461539,3.183047,13.5
2025-10-02 14:00:00,0.11,2.696797,13.5
2025-10-02 15:00:00,0.1,1.909064,13.5
2025-10-02 16:00:00,0.1,0.893276,13.5
2025-10-02 17:00:00,0.8190816091954024,0.040528,12.721446390804598
2025-10-02 18:00:00,0.8190816091954024,0.0,11.902364781609196
2025-10-02 19:00:00,0.44,0.0,11.462364781609196
2025-10-02 20:00:00,0.28,0.0,11.182364781609197
2025-10-02 21:00:00,0.2,0.0,10.982364781609197
2025-10-02 22:00:00,0.15,0.0,10.832364781609197
2025-10-02 23:00:00,0.24,0.0,10.592364781609197
2025-10-03 00:00:00,0.22,0.0,10.372364781609196
2025-10-03 01:00:00,0.2299999999999999,0.0,10.142364781609196
2025-10-03 02:00:00,0.22,0.0,9.922364781609195
2025-10-03 03:00:00,0.22,0.0,9.702364781609194
2025-10-03 04:00:00,0.22,0.0,9.482364781609194
2025-10-03 05:00:00,0.21,0.0,9.272364781609193
2025-10-03 06:00:00,0.22,0.050095,9.102459781609193
2025-10-03 07:00:00,0.2299999999999999,0.9177690000000001,9.790228781609192
2025-10-03 08:00:00,0.19,1.937396,11.537624781609193
2025-10-03 09:00:00,0.15,2.702321,13.5
2025-10-03 10:00:00,2.46,3.2113,13.5
2025-10-03 11:00:00,2.8221461538461536,3.469036,13.5
2025-10-03 12:00:00,2.7821461538461536,3.4697620000000002,13.5
2025-10-03 13:00:00,2.7621461538461536,1.9986590000000002,12.736512846153847
2025-10-03 14:00:00,2.4299999999999997,0.921578,11.228090846153847
2025-10-03 15:00:00,0.21,0.615487,11.633577846153848
2025-10-03 16:00:00,0.48,0.341518,11.495095846153848
2025-10-03 17:00:00,4.159081609195402,0.053819000000000006,7.389833236958446
2025-10-03 18:00:00,0.7890816091954024,0.0,6.600751627763044
2025-10-03 19:00:00,0.19,0.0,6.410751627763044
2025-10-03 20:00:00,0.28,0.0,6.130751627763043
2025-10-03 21:00:00,0.26,0.0,5.870751627763044
2025-10-03 22:00:00,0.2,0.0,5.670751627763043
2025-10-03 23:00:00,0.2,0.0,5.470751627763043
2025-10-04 00:00:00,0.16,0.0,5.310751627763043
2025-10-04 01:00:00,0.11,0.0,5.200751627763043
2025-10-04 02:00:00,0.11,0.0,5.0907516277630425
2025-10-04 03:00:00,0.11,0.0,4.980751627763042
2025-10-04 04:00:00,0.11,0.0,4.870751627763042
2025-10-04 05:00:00,0.11,0.0,4.7607516277630415
2025-10-04 06:00:00,0.11,0.048845999999999994,4.699597627763041
2025-10-04 07:00:00,0.11,0.058982,4.648579627763041
2025-10-04 08:00:00,0.41,0.570907,4.809486627763041
2025-10-04 09:00:00,0.3,2.7673180000000004,7.276804627763042
2025-10-04 10:00:00,2.9,3.296905,7.673709627763042
2025-10-04 11:00:00,2.7421461538461536,1.902623,6.834186473916889
2025-10-04 12:00:00,2.7021461538461535,2.56777,6.6998103200707355
2025-10-04 13:00:00,2.682146153846154,3.300916,7.3185801662245815
2025-10-04 14:00:00,2.5,1.383446,6.202026166224582
2025-10-04 15:00:00,0.32,1.906626,7.788652166224582
2025-10-04 16:00:00,0.16,0.8559869999999999,8.484639166224582
2025-10-04 17:00:00,0.8190816091954024,0.030688,7.6962455570291795
2025-10-04 18:00:00,0.8990816091954024,0.0,6.797163947833777
2025-10-04 19:00:00,0.23,0.0,6.567163947833777
2025-10-04 20:00:00,0.16,0.0,6.4071639478337765
2025-10-04 21:00:00,0.16,0.0,6.247163947833776
2025-10-04 22:00:00,0.13,0.0,6.1171639478337765
2025-10-04 23:00:00,0.1,0.0,6.017163947833777
2025-10-05 00:00:00,0.12,0.0,5.897163947833777
2025-10-05 01:00:00,0.1,0.0,5.797163947833777
2025-10-05 02:00:00,0.11,0.0,5.687163947833777
2025-10-05 03:00:00,0.1,0.0,5.587163947833777
2025-10-05 04:00:00,0.12,0.0,5.467163947833777
2025-10-05 05:00:00,0.1,0.0,5.367163947833777
2025-10-05 06:00:00,0.11,0.045105,5.3022689478337774
2025-10-05 07:00:00,0.45,0.917479,5.769747947833777
2025-10-05 08:00:00,0.19,1.967879,7.547626947833777
2025-10-05 09:00:00,0.11,2.771446,10.209072947833777
2025-10-05 10:00:00,2.4099999999999997,1.6933420000000001,9.492414947833778
2025-10-05 11:00:00,2.642146153846154,2.526257,9.376525793987625
2025-10-05 12:00:00,2.6521461538461537,3.523832,10.248211640141472
2025-10-05 13:00:00,2.772146153846154,3.2374,10.713465486295318
2025-10-05 14:00:00,2.76,1.3696810000000001,9.323146486295318
2025-10-05 15:00:00,0.51,0.067292,8.880438486295319
2025-10-05 16:00:00,0.2299999999999999,0.6741159999999999,9.324554486295318
2025-10-05 17:00:00,1.4990816091954025,0.022139,7.847611877099915
2025-10-05 18:00:00,0.9790816091954024,0.0,6.868530267904513
2025-10-05 19:00:00,0.21,0.0,6.658530267904513
2025-10-05 20:00:00,0.22,0.0,6.438530267904513
2025-10-05 21:00:00,0.17,0.0,6.268530267904513
2025-10-05 22:00:00,0.16,0.0,6.108530267904513
2025-10-05 23:00:00,0.23,0.0,5.878530267904512
2025-10-06 00:00:00,0.14,0.0,5.738530267904513
2025-10-06 01:00:00,0.12,0.0,5.618530267904513
2025-10-06 02:00:00,0.11,0.0,5.508530267904512
2025-10-06 03:00:00,0.19,0.0,5.318530267904512
2025-10-06 04:00:00,0.2299999999999999,0.0,5.088530267904512
2025-10-06 05:00:00,0.22,0.0,4.868530267904513
2025-10-06 06:00:00,0.24,0.037545999999999996,4.666076267904512
2025-10-06 07:00:00,0.2299999999999999,0.88297,5.319046267904512
2025-10-06 08:00:00,0.22,1.903872,7.002918267904512
2025-10-06 09:00:00,0.14,2.6882289999999998,9.551147267904511
2025-10-06 10:00:00,0.16,3.2219279999999997,12.613075267904511
2025-10-06 11:00:00,0.3821461538461539,3.4805520000000003,13.5
2025-10-06 12:00:00,0.4021461538461539,3.497697,13.5
2025-10-06 13:00:00,0.3621461538461539,3.234134,13.5
2025-10-06 14:00:00,3.08,2.725858,13.145858
2025-10-06 15:00:00,1.38,1.887047,13.5
2025-10-06 16:00:00,0.15,0.820714,13.5
2025-10-06 17:00:00,0.7990816091954024,0.024182,12.725100390804597
2025-10-06 18:00:00,0.8990816091954024,0.0,11.826018781609195
2025-10-06 19:00:00,0.22,0.0,11.606018781609194
2025-10-06 20:00:00,0.17,0.0,11.436018781609194
2025-10-06 21:00:00,0.15,0.0,11.286018781609194
2025-10-06 22:00:00,0.22,0.0,11.066018781609193
2025-10-06 23:00:00,0.22,0.0,10.846018781609192
2025-10-07 00:00:00,0.22,0.0,10.626018781609192
2025-10-07 01:00:00,0.22,0.0,10.406018781609191
2025-10-07 02:00:00,0.22,0.0,10.18601878160919
2025-10-07 03:00:00,0.22,0.0,9.96601878160919
2025-10-07 04:00:00,0.22,0.0,9.74601878160919
2025-10-07 05:00:00,0.21,0.0,9.536018781609188
2025-10-07 06:00:00,0.23,0.064126,9.370144781609188
2025-10-07 07:00:00,0.25,0.894711,10.014855781609189
2025-10-07 08:00:00,0.5,0.500424,10.01527978160919
2025-10-07 09:00:00,0.63,1.233417,10.61869678160919
2025-10-07 10:00:00,0.1,3.274034,13.5
2025-10-07 11:00:00,0.4869102564102564,3.516746,13.5
2025-10-07 12:00:00,0.4869102564102564,3.5183180000000003,13.5
2025-10-07 13:00:00,0.4869102564102564,3.233933,13.5
2025-10-07 14:00:00,0.1,2.6949490000000003,13.5
2025-10-07 15:00:00,0.1,1.850757,13.5
2025-10-07 16:00:00,0.11,0.7885359999999999,13.5
2025-10-07 17:00:00,2.938469348659004,0.018837,10.580367651340996
2025-10-07 18:00:00,1.2584693486590035,0.0,9.321898302681992
2025-10-07 19:00:00,0.28,0.0,9.041898302681993
2025-10-07 20:00:00,0.5800000000000001,0.0,8.461898302681993
2025-10-07 21:00:00,0.59,0.0,7.871898302681993
2025-10-07 22:00:00,0.26,0.0,7.611898302681993
2025-10-07 23:00:00,0.2299999999999999,0.0,7.381898302681994
2025-10-08 00:00:00,0.22,0.0,7.161898302681994
2025-10-08 01:00:00,0.2299999999999999,0.0,6.9318983026819945
2025-10-08 02:00:00,0.22,0.0,6.711898302681995
2025-10-08 03:00:00,0.22,0.0,6.491898302681995
2025-10-08 04:00:00,0.2299999999999999,0.0,6.261898302681995
2025-10-08 05:00:00,0.16,0.0,6.101898302681995
2025-10-08 06:00:00,0.1,0.029668,6.031566302681996
2025-10-08 07:00:00,0.12,0.849525,6.761091302681995
2025-10-08 08:00:00,0.23,1.893694,8.424785302681995
2025-10-08 09:00:00,0.13,2.717226,11.012011302681994
2025-10-08 10:00:00,2.4099999999999997,3.243051,11.845062302681995
2025-10-08 11:00:00,2.776910256410256,3.497331,12.565483046271739
2025-10-08 12:00:00,2.7869102564102564,3.4774119999999997,13.255984789861483
2025-10-08 13:00:00,2.776910256410256,3.1999989999999996,13.5
2025-10-08 14:00:00,2.4,2.650233,13.5
2025-10-08 15:00:00,0.1,1.802613,13.5
2025-10-08 16:00:00,0.1,0.748488,13.5
2025-10-08 17:00:00,1.9084693486590036,0.011484,11.603014651340997
2025-10-08 18:00:00,3.3484693486590036,0.0,8.254545302681993
2025-10-08 19:00:00,0.19,0.0,8.064545302681994
2025-10-08 20:00:00,0.24,0.0,7.824545302681994
2025-10-08 21:00:00,0.2299999999999999,0.0,7.594545302681994
2025-10-08 22:00:00,0.21,0.0,7.384545302681994
2025-10-08 23:00:00,0.11,0.0,7.274545302681994
2025-10-09 00:00:00,0.1,0.0,7.174545302681994
2025-10-09 01:00:00,0.1,0.0,7.074545302681995
2025-10-09 02:00:00,0.09,0.0,6.984545302681995
2025-10-09 03:00:00,0.1,0.0,6.884545302681995
2025-10-09 04:00:00,0.1,0.0,6.7845453026819955
2025-10-09 05:00:00,0.1,0.0,6.684545302681996
2025-10-09 06:00:00,0.12,0.026449999999999998,6.590995302681996
2025-10-09 07:00:00,0.1,0.830339,7.321334302681996
2025-10-09 08:00:00,0.1,1.841557,9.062891302681995
2025-10-09 09:00:00,0.3399999999999999,1.4492829999999999,10.172174302681995
2025-10-09 10:00:00,0.55,3.1052779999999998,12.727452302681995
2025-10-09 11:00:00,1.0369102564102564,3.3629879999999996,13.5
2025-10-09 12:00:00,0.8169102564102564,3.368723,13.5
2025-10-09 13:00:00,0.8069102564102564,3.053261,13.5
2025-10-09 14:00:00,0.13,2.5309540000000004,13.5
2025-10-09 15:00:00,0.11,1.704032,13.5
2025-10-09 16:00:00,0.1,0.6972630000000001,13.5
2025-10-09 17:00:00,1.228469348659004,0.0071059999999999995,12.278636651340996
2025-10-09 18:00:00,1.208469348659004,0.0,11.070167302681991
2025-10-09 19:00:00,0.18,0.0,10.890167302681991
2025-10-09 20:00:00,0.3,0.0,10.59016730268199
2025-10-09 21:00:00,0.29,0.0,10.300167302681992
2025-10-09 22:00:00,0.23,0.0,10.070167302681991
2025-10-09 23:00:00,0.15,0.0,9.92016730268199
2025-10-10 00:00:00,0.22,0.0,9.70016730268199
2025-10-10 01:00:00,0.1,0.0,9.60016730268199
2025-10-10 02:00:00,0.1,0.0,9.50016730268199
2025-10-10 03:00:00,0.09,0.0,9.410167302681991
2025-10-10 04:00:00,0.1,0.0,9.310167302681991
2025-10-10 05:00:00,0.12,0.0,9.190167302681992
2025-10-10 06:00:00,0.1,0.029785,9.119952302681993
2025-10-10 07:00:00,0.11,0.5738479999999999,9.583800302681993
2025-10-10 08:00:00,0.13,1.10894,10.562740302681993
2025-10-10 09:00:00,0.14,2.595275,13.018015302681993
2025-10-10 10:00:00,2.57,3.093855,13.5
2025-10-10 11:00:00,2.771576923076923,1.783733,12.512156076923077
2025-10-10 12:00:00,2.651576923076923,3.307192,13.167771153846154
2025-10-10 13:00:00,2.631576923076923,3.036521,13.5
2025-10-10 14:00:00,2.4499999999999997,2.5171080000000003,13.5
2025-10-10 15:00:00,0.13,0.755725,13.5
2025-10-10 16:00:00,0.44,0.670433,13.5
2025-10-10 17:00:00,0.8339022988505749,0.0,12.666097701149425
2025-10-10 18:00:00,0.8839022988505748,0.0,11.78219540229885
2025-10-10 19:00:00,0.25,0.0,11.53219540229885
2025-10-10 20:00:00,0.43,0.0,11.10219540229885
2025-10-10 21:00:00,0.34,0.0,10.76219540229885
2025-10-10 22:00:00,0.18,0.0,10.58219540229885
2025-10-10 23:00:00,0.11,0.0,10.472195402298851
2025-10-11 00:00:00,0.11,0.0,10.362195402298852
2025-10-11 01:00:00,0.1,0.0,10.262195402298852
2025-10-11 02:00:00,0.11,0.0,10.152195402298853
2025-10-11 03:00:00,0.11,0.0,10.042195402298853
2025-10-11 04:00:00,0.11,0.0,9.932195402298854
2025-10-11 05:00:00,0.12,0.0,9.812195402298855
2025-10-11 06:00:00,0.1,0.024523,9.736718402298855
2025-10-11 07:00:00,0.1,0.027064,9.663782402298855
2025-10-11 08:00:00,0.3299999999999999,0.337185,9.670967402298855
2025-10-11 09:00:00,0.41,0.283342,9.544309402298854
2025-10-11 10:00:00,2.75,0.478014,7.272323402298854
2025-10-11 11:00:00,2.731576923076923,0.838074,5.378820479221931
2025-10-11 12:00:00,3.361576923076923,0.173195,2.1904385561450077
2025-10-11 13:00:00,3.171576923076923,0.122757,0.0
2025-10-11 14:00:00,2.4099999999999997,0.143653,0.0
2025-10-11 15:00:00,0.11,0.03593,0.0
2025-10-11 16:00:00,0.11,0.0,0.0
2025-10-11 17:00:00,0.6539022988505748,0.0,0.0
2025-10-11 18:00:00,0.6539022988505748,0.0,0.0
2025-10-11 19:00:00,0.11,0.0,0.0
2025-10-11 20:00:00,0.11,0.0,0.0
2025-10-11 21:00:00,0.12,0.0,0.0
2025-10-11 22:00:00,0.1,0.0,0.0
2025-10-11 23:00:00,0.1,0.0,0.0
2025-10-12 00:00:00,0.1,0.0,0.0
2025-10-12 01:00:00,0.11,0.0,0.0
2025-10-12 02:00:00,0.1,0.0,0.0
2025-10-12 03:00:00,0.11,0.0,0.0
2025-10-12 04:00:00,0.09,0.0,0.0
2025-10-12 05:00:00,0.1,0.0,0.0
2025-10-12 06:00:00,0.1,0.020888,0.0
2025-10-12 07:00:00,0.1,0.755309,0.655309
2025-10-12 08:00:00,0.1,0.366459,0.921768
2025-10-12 09:00:00,0.1,1.357952,2.17972
2025-10-12 10:00:00,2.3899999999999997,1.738445,1.5281650000000004
2025-10-12 11:00:00,2.591576923076923,1.256702,0.19329007692307765
2025-10-12 12:00:00,2.601576923076923,1.312114,0.0
2025-10-12 13:00:00,2.591576923076923,1.2092729999999998,0.0
2025-10-12 14:00:00,2.4,1.294317,0.0
2025-10-12 15:00:00,0.1,0.969238,0.8692380000000001
2025-10-12 16:00:00,0.11,0.354435,1.1136730000000001
2025-10-12 17:00:00,0.6439022988505748,0.0,0.4697707011494253
2025-10-12 18:00:00,0.6539022988505748,0.0,0.0
2025-10-12 19:00:00,0.11,0.0,0.0
2025-10-12 20:00:00,0.11,0.0,0.0
2025-10-12 21:00:00,0.11,0.0,0.0
2025-10-12 22:00:00,0.11,0.0,0.0
2025-10-12 23:00:00,0.1,0.0,0.0
2025-10-13 00:00:00,0.1,0.0,0.0
2025-10-13 01:00:00,0.11,0.0,0.0
2025-10-13 02:00:00,0.1,0.0,0.0
2025-10-13 03:00:00,0.11,0.0,0.0
2025-10-13 04:00:00,0.09,0.0,0.0
2025-10-13 05:00:00,0.1,0.0,0.0
2025-10-13 06:00:00,0.1,0.018403,0.0
2025-10-13 07:00:00,0.1,0.7441789999999999,0.644179
2025-10-13 08:00:00,0.1,1.740627,2.2848059999999997
2025-10-13 09:00:00,0.1,2.532913,4.717719
2025-10-13 10:00:00,0.09,3.0534160000000004,7.681135
2025-10-13 11:00:00,0.2915769230769231,3.30411,10.693668076923078
2025-10-13 12:00:00,0.2915769230769231,3.2868939999999998,13.5
2025-10-13 13:00:00,1.0415769230769232,2.99863,13.5
2025-10-13 14:00:00,1.79,2.4719140000000004,13.5
2025-10-13 15:00:00,1.7,1.62253,13.42253
2025-10-13 16:00:00,1.81,0.59963,12.21216
2025-10-13 17:00:00,2.313902298850575,0.0,9.898257701149426
2025-10-13 18:00:00,1.5439022988505748,0.0,8.35435540229885
2025-10-13 19:00:00,0.36,0.0,7.99435540229885
2025-10-13 20:00:00,0.25,0.0,7.74435540229885
2025-10-13 21:00:00,0.96,0.0,6.78435540229885
2025-10-13 22:00:00,0.82,0.0,5.96435540229885
2025-10-13 23:00:00,0.21,0.0,5.75435540229885
2025-10-14 00:00:00,0.14,0.0,5.61435540229885
2025-10-14 01:00:00,1.04,0.0,4.57435540229885
2025-10-14 02:00:00,0.49,0.0,4.08435540229885
2025-10-14 03:00:00,0.5800000000000001,0.0,3.5043554022988497
2025-10-14 04:00:00,0.8999999999999999,0.0,2.6043554022988498
2025-10-14 05:00:00,0.5900000000000001,0.0,2.0143554022988495
2025-10-14 06:00:00,0.98,0.012577999999999999,1.0469334022988495
2025-10-14 07:00:00,1.39,0.739822,0.39675540229884954
2025-10-14 08:00:00,0.4499999999999999,1.748334,1.6950894022988496
2025-10-14 09:00:00,0.1,2.550675,4.14576440229885
2025-10-14 10:00:00,0.11,2.132504,6.16826840229885
2025-10-14 11:00:00,0.2915769230769231,3.281834,9.158525479221927
2025-10-14 12:00:00,0.2915769230769231,3.2651570000000003,12.132105556145005
2025-10-14 13:00:00,0.2915769230769231,2.972823,13.5
2025-10-14 14:00:00,0.1,2.44823,13.5
2025-10-14 15:00:00,0.1,1.592942,13.5
2025-10-14 16:00:00,0.1,0.5813550000000001,13.5
2025-10-14 17:00:00,0.6739022988505748,0.0,12.826097701149425
2025-10-14 18:00:00,0.9439022988505748,0.0,11.882195402298851
2025-10-14 19:00:00,0.29,0.0,11.592195402298852
2025-10-14 20:00:00,0.19,0.0,11.402195402298853
2025-10-14 21:00:00,0.14,0.0,11.262195402298852
2025-10-14 22:00:00,0.1,0.0,11.162195402298853
2025-10-14 23:00:00,0.13,0.0,11.032195402298852
2025-10-15 00:00:00,0.11,0.0,10.922195402298852
2025-10-15 01:00:00,0.1,0.0,10.822195402298853
2025-10-15 02:00:00,0.38,0.0,10.442195402298852
2025-10-15 03:00:00,0.56,0.0,9.882195402298851
2025-10-15 04:00:00,0.33,0.0,9.552195402298851
2025-10-15 05:00:00,0.86,0.0,8.692195402298852
2025-10-15 06:00:00,0.59,0.011157,8.113352402298851
2025-10-15 07:00:00,0.53,0.7150270000000001,8.29837940229885
2025-10-15 08:00:00,0.5900000000000001,1.717337,9.42571640229885
2025-10-15 09:00:00,0.46,2.5074929999999997,11.47320940229885
2025-10-15 10:00:00,2.76,3.002826,11.71603540229885
2025-10-15 11:00:00,2.591576923076923,3.2298400000000003,12.354298479221928
2025-10-15 12:00:00,2.591576923076923,3.203013,12.965734556145005
2025-10-15 13:00:00,2.601576923076923,2.9309920000000003,13.295149633068082
2025-10-15 14:00:00,2.4099999999999997,2.400352,13.285501633068082
2025-10-15 15:00:00,0.1,1.546988,13.5
2025-10-15 16:00:00,0.1,0.54857,13.5
2025-10-15 17:00:00,0.8739022988505748,0.0,12.626097701149424
2025-10-15 18:00:00,3.183902298850575,0.0,9.44219540229885
2025-10-15 19:00:00,0.28,0.0,9.16219540229885
2025-10-15 20:00:00,0.24,0.0,8.92219540229885
2025-10-15 21:00:00,0.39,0.0,8.53219540229885
2025-10-15 22:00:00,0.2,0.0,8.33219540229885
2025-10-15 23:00:00,0.11,0.0,8.222195402298851
2025-10-16 00:00:00,0.44,0.0,7.782195402298851
2025-10-16 01:00:00,0.47,0.0,7.312195402298851
2025-10-16 02:00:00,0.5499999999999999,0.0,6.762195402298851
2025-10-16 03:00:00,0.96,0.0,5.802195402298851
2025-10-16 04:00:00,0.5,0.0,5.302195402298851
2025-10-16 05:00:00,0.75,0.0,4.552195402298851
2025-10-16 06:00:00,0.92,0.008008,3.640203402298851
2025-10-16 07:00:00,0.95,0.6825399999999999,3.372743402298851
2025-10-16 08:00:00,0.32,1.675203,4.727946402298851
2025-10-16 09:00:00,0.1,2.4851439999999996,7.113090402298851
2025-10-16 10:00:00,0.1,2.98902,10.00211040229885
2025-10-16 11:00:00,0.4931538461538462,3.237007,12.745963556145004
2025-10-16 12:00:00,0.4831538461538462,3.226065,13.5
2025-10-16 13:00:00,0.4831538461538462,2.9399430000000004,13.5
2025-10-16 14:00:00,0.1,2.4073,13.5
2025-10-16 15:00:00,0.1,1.536977,13.5
2025-10-16 16:00:00,0.1,0.537416,13.5
2025-10-16 17:00:00,1.2478045977011496,0.0,12.25219540229885
2025-10-16 18:00:00,1.6078045977011497,0.0,10.644390804597702
2025-10-16 19:00:00,0.45,0.0,10.194390804597703
2025-10-16 20:00:00,0.31,0.0,9.884390804597702
2025-10-16 21:00:00,0.44,0.0,9.444390804597703
2025-10-16 22:00:00,0.6699999999999999,0.0,8.774390804597703
2025-10-16 23:00:00,0.51,0.0,8.264390804597703
2025-10-17 00:00:00,0.21,0.0,8.054390804597702
2025-10-17 01:00:00,0.22,0.0,7.834390804597702
2025-10-17 02:00:00,0.54,0.0,7.294390804597702
2025-10-17 03:00:00,0.55,0.0,6.744390804597702
2025-10-17 04:00:00,0.96,0.0,5.784390804597702
2025-10-17 05:00:00,0.62,0.0,5.164390804597702
2025-10-17 06:00:00,0.64,0.0,4.524390804597703
2025-10-17 07:00:00,0.5700000000000001,0.725325,4.679715804597702
2025-10-17 08:00:00,0.22,1.783715,6.243430804597702
2025-10-17 09:00:00,0.22,2.630533,8.653963804597701
2025-10-17 10:00:00,2.53,3.1322069999999997,9.256170804597701
2025-10-17 11:00:00,2.933153846153846,3.3504549999999997,9.673471958443855
2025-10-17 12:00:00,2.903153846153846,3.309952,10.080270112290009
2025-10-17 13:00:00,2.903153846153846,2.9941050000000002,10.171221266136163
2025-10-17 14:00:00,2.52,2.430274,10.081495266136162
2025-10-17 15:00:00,0.2299999999999999,1.550017,11.401512266136162
2025-10-17 16:00:00,0.28,0.530485,11.651997266136162
2025-10-17 17:00:00,1.4278045977011495,0.0,10.224192668435013
2025-10-17 18:00:00,2.7978045977011496,0.0,7.4263880707338625
2025-10-17 19:00:00,1.24,0.0,6.186388070733862
2025-10-17 20:00:00,0.35,0.0,5.836388070733863
2025-10-17 21:00:00,0.37,0.0,5.466388070733863
2025-10-17 22:00:00,0.47,0.0,4.996388070733863
2025-10-17 23:00:00,0.35,0.0,4.646388070733863
2025-10-18 00:00:00,0.35,0.0,4.2963880707338635
2025-10-18 01:00:00,0.33,0.0,3.9663880707338635
2025-10-18 02:00:00,0.33,0.0,3.6363880707338634
2025-10-18 03:00:00,0.36,0.0,3.2763880707338635
2025-10-18 04:00:00,0.36,0.0,2.9163880707338636
2025-10-18 05:00:00,0.3399999999999999,0.0,2.5763880707338638
2025-10-18 06:00:00,0.35,0.0,2.2263880707338637
2025-10-18 07:00:00,0.53,0.6851280000000001,2.3815160707338636
2025-10-18 08:00:00,0.6,1.70284,3.4843560707338637
2025-10-18 09:00:00,0.36,2.505652,5.630008070733863
2025-10-18 10:00:00,2.63,2.98388,5.9838880707338635
2025-10-18 11:00:00,3.133153846153846,3.246924,6.097658224580018
2025-10-18 12:00:00,3.353153846153846,3.242613,5.987117378426172
2025-10-18 13:00:00,5.243153846153846,2.96977,3.7137335322723257
2025-10-18 14:00:00,3.37,2.392435,2.7361685322723255
2025-10-18 15:00:00,2.5700000000000003,1.500254,1.6664225322723252
2025-10-18 16:00:00,1.78,0.493888,0.38031053227232503
2025-10-18 17:00:00,1.2578045977011496,0.0,0.0
2025-10-18 18:00:00,1.2478045977011496,0.0,0.0
2025-10-18 19:00:00,0.2,0.0,0.0
2025-10-18 20:00:00,0.24,0.0,0.0
2025-10-18 21:00:00,0.12,0.0,0.0
2025-10-18 22:00:00,0.2,0.0,0.0
2025-10-18 23:00:00,0.25,0.0,0.0
2025-10-19 00:00:00,0.32,0.0,0.0
2025-10-19 01:00:00,0.2299999999999999,0.0,0.0
2025-10-19 02:00:00,0.2299999999999999,0.0,0.0
2025-10-19 03:00:00,0.2299999999999999,0.0,0.0
2025-10-19 04:00:00,0.22,0.0,0.0
2025-10-19 05:00:00,0.24,0.0,0.0
2025-10-19 06:00:00,0.88,0.0,0.0
2025-10-19 07:00:00,0.39,0.6300410000000001,0.24004100000000006
2025-10-19 08:00:00,0.24,1.602257,1.6022980000000002
2025-10-19 09:00:00,0.7,2.419846,3.3221440000000007
2025-10-19 10:00:00,2.99,2.92645,3.2585940000000004
2025-10-19 11:00:00,2.764548076923077,0.953138,1.4471839230769237
2025-10-19 12:00:00,2.784548076923077,0.998957,0.0
2025-10-19 13:00:00,2.774548076923077,0.921431,0.0
2025-10-19 14:00:00,2.42,0.760955,0.0
2025-10-19 15:00:00,0.22,0.411145,0.19114499999999998
2025-10-19 16:00:00,0.32,0.475137,0.346282
2025-10-19 17:00:00,1.6578548850574713,0.0,0.0
2025-10-19 18:00:00,3.187854885057471,0.0,0.0
2025-10-19 19:00:00,0.21,0.0,0.0
2025-10-19 20:00:00,0.25,0.0,0.0
2025-10-19 21:00:00,0.3399999999999999,0.0,0.0
2025-10-19 22:00:00,0.2299999999999999,0.0,0.0
2025-10-19 23:00:00,0.22,0.0,0.0
2025-10-20 00:00:00,0.2299999999999999,0.0,0.0
2025-10-20 01:00:00,0.2299999999999999,0.0,0.0
2025-10-20 02:00:00,0.11,0.0,0.0
2025-10-20 03:00:00,0.2,0.0,0.0
2025-10-20 04:00:00,0.4599999999999999,0.0,0.0
2025-10-20 05:00:00,0.3999999999999999,0.0,0.0
2025-10-20 06:00:00,0.49,0.0,0.0
2025-10-20 07:00:00,0.12,0.631107,0.511107
2025-10-20 08:00:00,0.14,0.35001,0.721117
2025-10-20 09:00:00,0.17,0.70702,1.258137
2025-10-20 10:00:00,0.15,1.1054849999999998,2.213622
2025-10-20 11:00:00,0.4345480769230769,1.996175,3.775248923076923
2025-10-20 12:00:00,0.484548076923077,3.2549200000000003,6.545620846153846
2025-10-20 13:00:00,0.394548076923077,2.9598359999999997,9.110908769230768
2025-10-20 14:00:00,0.17,2.3913130000000002,11.332221769230769
2025-10-20 15:00:00,0.16,1.489096,12.661317769230768
2025-10-20 16:00:00,0.27,0.47624299999999997,12.867560769230769
2025-10-20 17:00:00,1.2178548850574713,0.0,11.649705884173297
2025-10-20 18:00:00,1.3578548850574714,0.0,10.291850999115827
2025-10-20 19:00:00,0.16,0.0,10.131850999115827
2025-10-20 20:00:00,0.23,0.0,9.901850999115826
2025-10-20 21:00:00,0.36,0.0,9.541850999115827
2025-10-20 22:00:00,0.49,0.0,9.051850999115826
2025-10-20 23:00:00,0.64,0.0,8.411850999115826
2025-10-21 00:00:00,0.11,0.0,8.301850999115826
2025-10-21 01:00:00,0.1,0.0,8.201850999115827
2025-10-21 02:00:00,0.11,0.0,8.091850999115827
2025-10-21 03:00:00,0.11,0.0,7.981850999115827
2025-10-21 04:00:00,0.11,0.0,7.871850999115827
2025-10-21 05:00:00,0.11,0.0,7.761850999115826
2025-10-21 06:00:00,0.12,0.0,7.641850999115826
2025-10-21 07:00:00,0.12,0.509087,8.030937999115826
2025-10-21 08:00:00,0.15,0.796055,8.676992999115827
2025-10-21 09:00:00,0.14,1.9223320000000002,10.459324999115827
2025-10-21 10:00:00,0.15,2.231034,12.540358999115828
2025-10-21 11:00:00,0.4345480769230769,3.3269119999999996,13.5
2025-10-21 12:00:00,0.4345480769230769,2.703271,13.5
2025-10-21 13:00:00,0.4345480769230769,2.952455,13.5
2025-10-21 14:00:00,0.15,2.3476109999999997,13.5
2025-10-21 15:00:00,0.14,1.432251,13.5
2025-10-21 16:00:00,0.14,0.435791,13.5
2025-10-21 17:00:00,2.597854885057471,0.0,10.90214511494253
2025-10-21 18:00:00,2.4178548850574715,0.0,8.484290229885058
2025-10-21 19:00:00,0.24,0.0,8.244290229885058
2025-10-21 20:00:00,0.24,0.0,8.004290229885058
2025-10-21 21:00:00,0.15,0.0,7.854290229885057
2025-10-21 22:00:00,0.22,0.0,7.634290229885058
2025-10-21 23:00:00,0.22,0.0,7.414290229885058
2025-10-22 00:00:00,0.22,0.0,7.194290229885058
2025-10-22 01:00:00,0.24,0.0,6.954290229885058
2025-10-22 02:00:00,0.22,0.0,6.734290229885058
2025-10-22 03:00:00,0.22,0.0,6.5142902298850585
2025-10-22 04:00:00,0.21,0.0,6.3042902298850585
2025-10-22 05:00:00,0.22,0.0,6.084290229885059
2025-10-22 06:00:00,0.2299999999999999,0.0,5.854290229885059
2025-10-22 07:00:00,0.22,0.054363,5.688653229885059
2025-10-22 08:00:00,0.41,1.622067,6.900720229885059
2025-10-22 09:00:00,0.22,2.506724,9.18744422988506
2025-10-22 10:00:00,2.52,2.1057330000000003,8.77317722988506
2025-10-22 11:00:00,2.7945480769230766,3.325914,9.304543152961983
2025-10-22 12:00:00,2.7945480769230766,3.277586,9.787581076038906
2025-10-22 13:00:00,2.7945480769230766,2.9725300000000003,9.96556299911583
2025-10-22 14:00:00,2.6199999999999997,0.293536,7.639098999115831
2025-10-22 15:00:00,0.36,1.440717,8.71981599911583
2025-10-22 16:00:00,0.29,0.428656,8.85847199911583
2025-10-22 17:00:00,2.2178548850574713,0.0,6.640617114058358
2025-10-22 18:00:00,3.3378548850574714,0.0,3.3027622290008867
2025-10-22 19:00:00,0.55,0.0,2.7527622290008864
2025-10-22 20:00:00,0.38,0.0,2.3727622290008865
2025-10-22 21:00:00,0.32,0.0,2.0527622290008867
2025-10-22 22:00:00,0.27,0.0,1.7827622290008867
2025-10-22 23:00:00,0.13,0.0,1.6527622290008868
2025-10-23 00:00:00,0.11,0.0,1.5427622290008867
2025-10-23 01:00:00,0.11,0.0,1.4327622290008866
2025-10-23 02:00:00,0.11,0.0,1.3227622290008865
2025-10-23 03:00:00,0.11,0.0,1.2127622290008864
2025-10-23 04:00:00,0.11,0.0,1.1027622290008863
2025-10-23 05:00:00,0.11,0.0,0.9927622290008863
2025-10-23 06:00:00,0.12,0.0,0.8727622290008863
2025-10-23 07:00:00,0.4,0.33077,0.8035322290008863
2025-10-23 08:00:00,0.37,1.029466,1.4629982290008863
2025-10-23 09:00:00,0.48,2.144221,3.127219229000886
2025-10-23 10:00:00,0.7,2.940412,5.367631229000886
2025-10-23 11:00:00,1.858192307692308,3.202892,6.712330921308578
2025-10-23 12:00:00,1.848192307692308,3.189572,8.05371061361627
2025-10-23 13:00:00,2.118192307692308,2.900253,8.835771305923961
2025-10-23 14:00:00,0.68,2.297272,10.453043305923961
2025-10-23 15:00:00,0.24,1.3909770000000001,11.60402030592396
2025-10-23 16:00:00,0.32,0.404796,11.688816305923961
2025-10-23 17:00:00,3.561419540229885,0.0,8.127396765694076
2025-10-23 18:00:00,3.711419540229885,0.0,4.415977225464191
2025-10-23 19:00:00,0.37,0.0,4.045977225464191
2025-10-23 20:00:00,0.28,0.0,3.765977225464191
2025-10-23 21:00:00,0.32,0.0,3.445977225464191
2025-10-23 22:00:00,0.26,0.0,3.1859772254641907
2025-10-23 23:00:00,0.2299999999999999,0.0,2.9559772254641907
2025-10-24 00:00:00,0.2299999999999999,0.0,2.7259772254641907
2025-10-24 01:00:00,0.2299999999999999,0.0,2.4959772254641908
2025-10-24 02:00:00,0.2299999999999999,0.0,2.265977225464191
2025-10-24 03:00:00,0.22,0.0,2.0459772254641906
2025-10-24 04:00:00,0.2299999999999999,0.0,1.8159772254641906
2025-10-24 05:00:00,0.6,0.0,1.2159772254641905
2025-10-24 06:00:00,0.55,0.0,0.6659772254641905
2025-10-24 07:00:00,0.87,0.568197,0.3641742254641904
2025-10-24 08:00:00,0.6599999999999999,1.56702,1.2711942254641906
2025-10-24 09:00:00,0.2299999999999999,2.417776,3.4589702254641903
2025-10-24 10:00:00,2.5599999999999996,2.935473,3.8344432254641907
2025-10-24 11:00:00,4.299096153846154,3.169866,2.7052130716180365
2025-10-24 12:00:00,3.619096153846154,3.143255,2.2293719177718825
2025-10-24 13:00:00,3.1990961538461535,2.845985,1.8762607639257292
2025-10-24 14:00:00,2.52,2.247627,1.6038877639257292
2025-10-24 15:00:00,2.71,1.3507550000000001,0.24464276392572937
2025-10-24 16:00:00,0.98,0.108196,0.0
2025-10-24 17:00:00,3.385709770114943,0.0,0.0
2025-10-24 18:00:00,2.1957097701149424,0.0,0.0
2025-10-24 19:00:00,1.01,0.0,0.0
2025-10-24 20:00:00,0.17,0.0,0.0
2025-10-24 21:00:00,0.15,0.0,0.0
2025-10-24 22:00:00,1.18,0.0,0.0
2025-10-24 23:00:00,0.84,0.0,0.0
2025-10-25 00:00:00,0.45,0.0,0.0
2025-10-25 01:00:00,0.12,0.0,0.0
2025-10-25 02:00:00,0.1,0.0,0.0
2025-10-25 03:00:00,0.11,0.0,0.0
2025-10-25 04:00:00,0.11,0.0,0.0
2025-10-25 05:00:00,0.13,0.0,0.0
2025-10-25 06:00:00,0.11,0.0,0.0
2025-10-25 07:00:00,1.87,0.533687,0.0
2025-10-25 08:00:00,2.28,1.500792,0.0
2025-10-25 09:00:00,0.2,2.344208,2.144208
2025-10-25 10:00:00,2.53,0.504411,0.11861900000000025
2025-10-25 11:00:00,3.2390961538461536,2.164898,0.0
2025-10-25 12:00:00,3.1690961538461537,3.075463,0.0
2025-10-25 13:00:00,3.2390961538461536,2.78118,0.0
2025-10-25 14:00:00,2.47,2.198441,0.0
2025-10-25 15:00:00,0.11,1.3171590000000002,1.207159
2025-10-25 16:00:00,1.85,0.358752,0.0
2025-10-25 17:00:00,3.495709770114942,0.0,0.0
2025-10-25 18:00:00,3.0557097701149427,0.0,0.0
2025-10-25 19:00:00,0.35,0.0,0.0
2025-10-25 20:00:00,0.33,0.0,0.0
2025-10-25 21:00:00,0.25,0.0,0.0
2025-10-25 22:00:00,0.8500000000000001,0.0,0.0
2025-10-25 23:00:00,0.86,0.0,0.0
2025-10-26 00:00:00,0.28,0.0,0.0
2025-10-26 01:00:00,0.24,0.0,0.0
2025-10-26 02:00:00,0.27,0.0,0.0
2025-10-26 03:00:00,0.25,0.0,0.0
2025-10-26 04:00:00,0.2299999999999999,0.0,0.0
2025-10-26 05:00:00,0.2299999999999999,0.0,0.0
2025-10-26 06:00:00,0.2299999999999999,0.0,0.0
2025-10-26 07:00:00,0.71,0.534722,0.0
2025-10-26 08:00:00,0.52,1.51504,0.9950399999999999
2025-10-26 09:00:00,0.33,2.346955,3.0119949999999998
2025-10-26 10:00:00,2.99,2.852241,2.8742359999999993
2025-10-26 11:00:00,3.194730769230769,3.0812150000000003,2.7607202307692305
2025-10-26 12:00:00,3.014730769230769,3.05015,2.7961394615384614
2025-10-26 13:00:00,2.984730769230769,2.738149,2.549557692307692
2025-10-26 14:00:00,2.4099999999999997,2.140825,2.2803826923076924
2025-10-26 15:00:00,0.1,1.264078,3.4444606923076924
2025-10-26 16:00:00,0.11,0.328372,3.6628326923076924
2025-10-26 17:00:00,1.7317068965517244,0.0,1.931125795755968
2025-10-26 18:00:00,1.7917068965517242,0.0,0.13941889920424377
2025-10-26 19:00:00,0.5700000000000001,0.0,0.0
2025-10-26 20:00:00,0.48,0.0,0.0
2025-10-26 21:00:00,0.28,0.0,0.0
2025-10-26 22:00:00,0.36,0.0,0.0
2025-10-26 23:00:00,0.14,0.0,0.0
2025-10-27 00:00:00,0.1,0.0,0.0
2025-10-27 01:00:00,0.53,0.0,0.0
2025-10-27 02:00:00,0.51,0.0,0.0
2025-10-27 03:00:00,0.6000000000000001,0.0,0.0
2025-10-27 04:00:00,0.48,0.0,0.0
2025-10-27 05:00:00,0.8600000000000001,0.0,0.0
2025-10-27 06:00:00,0.5499999999999999,0.0,0.0
2025-10-27 07:00:00,1.38,0.494302,0.0
2025-10-27 08:00:00,1.37,1.433347,0.06334699999999982
2025-10-27 09:00:00,0.32,2.2340479999999996,1.9773949999999993
2025-10-27 10:00:00,0.25,2.751794,4.479188999999999
2025-10-27 11:00:00,0.7247307692307694,2.985638,6.740096230769229
2025-10-27 12:00:00,0.8347307692307694,2.950984,8.85634946153846
2025-10-27 13:00:00,0.7147307692307694,2.651392,10.793010692307691
2025-10-27 14:00:00,0.29,2.0788249999999997,12.58183569230769
2025-10-27 15:00:00,0.21,1.229082,13.5
2025-10-27 16:00:00,0.29,0.311728,13.5
2025-10-27 17:00:00,2.0817068965517245,0.0,11.418293103448276
2025-10-27 18:00:00,4.041706896551725,0.0,7.376586206896551
2025-10-27 19:00:00,0.53,0.0,6.846586206896551
2025-10-27 20:00:00,0.79,0.0,6.056586206896551
2025-10-27 21:00:00,0.81,0.0,5.24658620689655
2025-10-27 22:00:00,0.32,0.0,4.92658620689655
2025-10-27 23:00:00,0.15,0.0,4.77658620689655
2025-10-28 00:00:00,0.22,0.0,4.55658620689655
2025-10-28 01:00:00,0.15,0.0,4.40658620689655
2025-10-28 02:00:00,0.11,0.0,4.296586206896549
2025-10-28 03:00:00,0.11,0.0,4.186586206896549
2025-10-28 04:00:00,0.1,0.0,4.086586206896549
2025-10-28 05:00:00,0.11,0.0,3.9765862068965494
2025-10-28 06:00:00,0.74,0.0,3.2365862068965496
2025-10-28 07:00:00,0.34,0.47705200000000003,3.37363820689655
2025-10-28 08:00:00,0.16,1.4224670000000001,4.63610520689655
2025-10-28 09:00:00,0.1,2.225937,6.762042206896551
2025-10-28 10:00:00,0.1,2.731303,9.393345206896552
2025-10-28 11:00:00,0.6847307692307694,2.959535,11.668149437665782
2025-10-28 12:00:00,0.6747307692307694,2.9328939999999997,13.5
2025-10-28 13:00:00,0.6847307692307694,2.641293,13.5
2025-10-28 14:00:00,0.11,2.070095,13.5
2025-10-28 15:00:00,0.11,1.2110889999999999,13.5
2025-10-28 16:00:00,0.11,0.30044,13.5
2025-10-28 17:00:00,1.7417068965517244,0.0,11.758293103448276
2025-10-28 18:00:00,2.011706896551724,0.0,9.746586206896552
2025-10-28 19:00:00,0.36,0.0,9.386586206896553
2025-10-28 20:00:00,0.55,0.0,8.836586206896552
2025-10-28 21:00:00,0.75,0.0,8.086586206896552
2025-10-28 22:00:00,1.39,0.0,6.696586206896552
2025-10-28 23:00:00,1.06,0.0,5.636586206896553
2025-10-29 00:00:00,1.05,0.0,4.586586206896553
2025-10-29 01:00:00,1.05,0.0,3.536586206896553
2025-10-29 02:00:00,1.06,0.0,2.476586206896553
2025-10-29 03:00:00,1.05,0.0,1.426586206896553
2025-10-29 04:00:00,1.07,0.0,0.35658620689655285
2025-10-29 05:00:00,1.09,0.0,0.0
2025-10-29 06:00:00,1.07,0.0,0.0
2025-10-29 07:00:00,1.13,0.489562,0.0
2025-10-29 08:00:00,0.1,0.561515,0.461515
2025-10-29 09:00:00,0.09,1.360894,1.732409
2025-10-29 10:00:00,2.4,2.794526,2.126935
2025-10-29 11:00:00,2.974730769230769,3.0087800000000002,2.1609842307692313
2025-10-29 12:00:00,2.974730769230769,2.985625,2.1718784615384625
2025-10-29 13:00:00,2.974730769230769,2.703599,1.9007466923076937
2025-10-29 14:00:00,2.4,2.126443,1.6271896923076938
2025-10-29 15:00:00,0.1,0.852424,2.379613692307694
2025-10-29 16:00:00,0.1,0.296317,2.575930692307694
2025-10-29 17:00:00,1.9317068965517243,0.0,0.6442237957559696
2025-10-29 18:00:00,2.121706896551724,0.0,0.0
2025-10-29 19:00:00,0.29,0.0,0.0
2025-10-29 20:00:00,0.49,0.0,0.0
2025-10-29 21:00:00,0.44,0.0,0.0
2025-10-29 22:00:00,0.35,0.0,0.0
2025-10-29 23:00:00,0.2299999999999999,0.0,0.0
2025-10-30 00:00:00,0.2299999999999999,0.0,0.0
2025-10-30 01:00:00,0.17,0.0,0.0
2025-10-30 02:00:00,0.1,0.0,0.0
2025-10-30 03:00:00,0.1,0.0,0.0
2025-10-30 04:00:00,0.11,0.0,0.0
2025-10-30 05:00:00,0.11,0.0,0.0
2025-10-30 06:00:00,0.23,0.0,0.0
2025-10-30 07:00:00,0.12,0.462511,0.342511
2025-10-30 08:00:00,0.18,1.421108,1.583619
2025-10-30 09:00:00,0.54,2.23479,3.278409
2025-10-30 10:00:00,0.22,1.329834,4.388243
2025-10-30 11:00:00,0.5336347577728666,2.971781,6.826389242227133
2025-10-30 12:00:00,0.4136347577728667,2.94001,9.352764484454266
2025-10-30 13:00:00,0.4036347577728667,2.646612,11.5957417266814
2025-10-30 14:00:00,0.22,1.2586769999999998,12.6344187266814
2025-10-30 15:00:00,0.21,0.405105,12.8295237266814
2025-10-30 16:00:00,0.21,0.278776,12.8982997266814
2025-10-30 17:00:00,1.0997446571252651,0.0,11.798555069556134
2025-10-30 18:00:00,1.289744657125265,0.0,10.508810412430869
2025-10-30 19:00:00,0.26,0.0,10.248810412430869
2025-10-30 20:00:00,0.55,0.0,9.698810412430868
2025-10-30 21:00:00,0.43,0.0,9.268810412430868
2025-10-30 22:00:00,0.5,0.0,8.768810412430868
2025-10-30 23:00:00,0.54,0.0,8.228810412430867
2025-10-31 00:00:00,0.54,0.0,7.688810412430867
2025-10-31 01:00:00,0.6100000000000001,0.0,7.078810412430867
2025-10-31 02:00:00,0.57,0.0,6.508810412430867
2025-10-31 03:00:00,0.51,0.0,5.998810412430867
2025-10-31 04:00:00,0.5499999999999999,0.0,5.448810412430867
2025-10-31 05:00:00,0.5499999999999999,0.0,4.898810412430867
2025-10-31 06:00:00,0.48,0.0,4.418810412430867
2025-10-31 07:00:00,0.48,0.086165,4.024975412430867
2025-10-31 08:00:00,1.63,0.98875,3.383725412430867
2025-10-31 09:00:00,0.2,1.041814,4.225539412430867
2025-10-31 10:00:00,2.8099999999999996,0.941742,2.357281412430867
2025-10-31 11:00:00,2.7436347577728664,1.244766,0.8584126546580009
2025-10-31 12:00:00,2.7236347577728663,0.616962,0.0
2025-10-31 13:00:00,2.7036347577728663,0.762269,0.0
2025-10-31 14:00:00,3.74,0.560333,0.0
2025-10-31 15:00:00,0.4399999999999999,0.43445,0.0
2025-10-31 16:00:00,0.12,0.288325,0.168325
2025-10-31 17:00:00,0.6597446571252652,0.0,0.0
2025-10-31 18:00:00,0.6697446571252652,0.0,0.0
2025-10-31 19:00:00,0.12,0.0,0.0
2025-10-31 20:00:00,0.21,0.0,0.0
2025-10-31 21:00:00,0.12,0.0,0.0
2025-10-31 22:00:00,0.25,0.0,0.0
2025-10-31 23:00:00,0.48,0.0,0.0
2025-11-01 00:00:00,0.9034130984547936,0.0,0.0
2025-11-01 01:00:00,1.122886337062455,0.0,0.0
2025-11-01 02:00:00,1.1509584954890164,0.0,0.0
2025-11-01 03:00:00,1.263247129195262,0.0,0.0
2025-11-01 04:00:00,1.209654826744554,0.0,0.0
2025-11-01 05:00:00,1.3066313740363114,0.0,0.0
2025-11-01 06:00:00,1.3423595756701163,0.0,0.0
2025-11-01 07:00:00,1.270903172402506,0.456434,0.0
2025-11-01 08:00:00,1.1024702218431377,1.456223,0.35375277815686235
2025-11-01 09:00:00,1.1713746107083336,2.30787,1.4902481674485286
2025-11-01 10:00:00,2.9303475573964235,2.837152,1.3970526100521052
2025-11-01 11:00:00,3.070390012718582,3.053191,1.3798535973335233
2025-11-01 12:00:00,2.6416515931129174,2.9913719999999997,1.7295740042206056
2025-11-01 13:00:00,2.718212025185357,2.671398,1.6827599790352483
2025-11-01 14:00:00,2.476088993766612,2.05548,1.2621509852686366
2025-11-01 15:00:00,0.1837450369738561,1.164234,2.2426399482947805
2025-11-01 16:00:00,0.6941479174567904,0.253057,1.80154903083799
2025-11-01 17:00:00,1.9916327944895544,0.0,0.0
2025-11-01 18:00:00,2.1753778314634102,0.0,0.0
2025-11-01 19:00:00,0.5052988516781047,0.0,0.0
2025-11-01 20:00:00,0.5614431685312274,0.0,0.0
2025-11-01 21:00:00,0.8549248248089145,0.0,0.0
2025-11-01 22:00:00,1.1994467691348951,0.0,0.0
2025-11-01 23:00:00,0.8523728104065,0.0,0.0
2025-11-02 00:00:00,1.0105977033562097,0.0,0.0
2025-11-02 01:00:00,0.9876295737344774,0.0,0.0
2025-11-02 02:00:00,0.9799735305272336,0.0,0.0
2025-11-02 03:00:00,1.1075742506479669,0.0,0.0
2025-11-02 04:00:00,1.122886337062455,0.0,0.0
2025-11-02 05:00:00,1.1866866971228216,0.0,0.0
2025-11-02 06:00:00,1.255591085988018,0.0,0.0
2025-11-02 07:00:00,1.2147588555493831,0.416802,0.0
2025-11-02 08:00:00,1.2122068411469684,1.359818,0.14761115885303155
2025-11-02 09:00:00,0.6992519462616196,2.1845369999999997,1.6328962125914117
2025-11-02 10:00:00,2.889515326957788,2.7070790000000002,1.4504598856336242
2025-11-02 11:00:00,3.242914313945689,2.903721,1.1112665716879353
2025-11-02 12:00:00,3.758421223233453,2.846932,0.19977734845448225
2025-11-02 13:00:00,3.0055769745211247,2.556925,0.0
2025-11-02 14:00:00,2.7312904340080792,1.979253,0.0
2025-11-02 15:00:00,0.4823307220563727,1.11326,0.6309292779436273
2025-11-02 16:00:00,0.6482116582133262,0.237404,0.22012161973030114
2025-11-02 17:00:00,1.8090020386521,0.0,0.0
2025-11-02 18:00:00,3.1539136287246317,0.0,0.0
2025-11-02 19:00:00,1.2836632444145792,0.0,0.0
2025-11-02 20:00:00,1.1203343226600406,0.0,0.0
2025-11-02 21:00:00,1.2096548267445535,0.0,0.0
2025-11-02 22:00:00,1.2300709419638711,0.0,0.0
2025-11-02 23:00:00,1.2913192876218231,0.0,0.0
2025-11-03 00:00:00,1.6434972751550478,0.0,0.0
2025-11-03 01:00:00,1.5950090015091694,0.0,0.0
2025-11-03 02:00:00,1.6894335343985118,0.0,0.0
2025-11-03 03:00:00,1.6996415920081709,0.0,0.0
2025-11-03 04:00:00,1.804274182507172,0.0,0.0
2025-11-03 05:00:00,1.6383932463502184,0.0,0.0
2025-11-03 06:00:00,1.9089067730061735,0.0,0.0
2025-11-03 07:00:00,1.81958626892166,0.39059,0.0
2025-11-03 08:00:00,0.9850775593320628,1.2973409999999999,0.3122634406679371
2025-11-03 09:00:00,0.4236343908008352,2.247051,2.135680049867102
2025-11-03 10:00:00,0.4236343908008353,2.8157840000000003,4.527829659066267
2025-11-03 11:00:00,0.4625722763324766,1.832771,5.8980283827337905
2025-11-03 12:00:00,0.5467887516121608,0.9287519999999999,6.2799916311216295
2025-11-03 13:00:00,0.6692854429280649,1.737641,7.348347188193564
2025-11-03 14:00:00,1.2096548267445535,0.347281,6.485973361449011
2025-11-03 15:00:00,0.882996983235476,0.0,5.602976378213535
2025-11-03 16:00:00,0.3266578435090776,0.069039,5.3453575347044575
2025-11-03 17:00:00,1.279957056241134,0.0,4.0654004784633235
2025-11-03 18:00:00,2.071081520989682,0.0,1.9943189574736415
2025-11-03 19:00:00,0.6482116582133262,0.0,1.3461072992603154
2025-11-03 20:00:00,0.7349801478954251,0.0,0.6111271513648903
2025-11-03 21:00:00,1.036117847380356,0.0,0.0
2025-11-03 22:00:00,1.1203343226600402,0.0,0.0
2025-11-03 23:00:00,1.0948141786358936,0.0,0.0
2025-11-04 00:00:00,1.2453830283783591,0.0,0.0
2025-11-04 01:00:00,1.3627756908894342,0.0,0.0
2025-11-04 02:00:00,1.1892387115252363,0.0,0.0
2025-11-04 03:00:00,1.2760072012073354,0.0,0.0
2025-11-04 04:00:00,1.3806397917063369,0.0,0.0
2025-11-04 05:00:00,1.2913192876218234,0.0,0.0
2025-11-04 06:00:00,1.5056884974246558,0.0,0.0
2025-11-04 07:00:00,1.4597522381811916,0.097447,0.0
2025-11-04 08:00:00,0.7145640326761076,0.5124890000000001,0.0
2025-11-04 09:00:00,0.5001948228732753,1.420104,0.9199091771267247
2025-11-04 10:00:00,0.2449933826318082,1.667675,2.3425907944949165
2025-11-04 11:00:00,0.5008524923686966,1.2965119999999999,3.13825030212622
2025-11-04 12:00:00,0.4600202619300619,1.083057,3.761287040196158
2025-11-04 13:00:00,0.4421561611131592,1.948745,5.2678758790829985
2025-11-04 14:00:00,0.15312086414488,0.423856,5.538611014938119
2025-11-04 15:00:00,0.1556728785472948,0.013347,5.396285136390824
2025-11-04 16:00:00,0.1990571233883442,0.0,5.19722801300248
2025-11-04 17:00:00,1.2978211570580367,0.0,3.8994068559444433
2025-11-04 18:00:00,2.379875263681857,0.0,1.5195315922625863
2025-11-04 19:00:00,0.5588911541288126,0.0,0.9606404381337736
2025-11-04 20:00:00,0.9723174873199896,0.0,0.0
2025-11-04 21:00:00,0.959557415307916,0.0,0.0
2025-11-04 22:00:00,1.0616379914045029,0.0,0.0
2025-11-04 23:00:00,0.9493493576982572,0.0,0.0
2025-11-05 00:00:00,1.192301128808134,0.0,0.0
2025-11-05 01:00:00,1.1412608407598408,0.0,0.0
2025-11-05 02:00:00,1.3127562086021063,0.0,0.0
2025-11-05 03:00:00,1.261715920553813,0.0,0.0
2025-11-05 04:00:00,1.255591085988018,0.0,0.0
2025-11-05 05:00:00,1.286215258816994,0.0,0.0
2025-11-05 06:00:00,1.3842126118697171,0.0,0.0
2025-11-05 07:00:00,1.2331333592467688,0.349935,0.0
2025-11-05 08:00:00,0.8901426235622371,0.8556699999999999,0.0
2025-11-05 09:00:00,0.8105197742068992,2.078044,1.2675242257931005
2025-11-05 10:00:00,2.863484780053159,2.376783,0.7808224457399415
2025-11-05 11:00:00,3.33682530876317,2.8534580000000003,0.29745513697677195
2025-11-05 12:00:00,3.108164818306815,2.8044140000000004,0.0
2025-11-05 13:00:00,3.0407916380830677,2.541212,0.0
2025-11-05 14:00:00,2.5837840015485107,1.9327429999999999,0.0
2025-11-05 15:00:00,0.4777370961320262,1.0601420000000001,0.5824049038679739
2025-11-05 16:00:00,0.6288163487549747,0.20095500000000002,0.15454355511299922
2025-11-05 17:00:00,2.089697121757805,0.0,0.0
2025-11-05 18:00:00,3.049254537065721,0.0,0.0
2025-11-05 19:00:00,0.579817672228613,0.0,0.0
2025-11-05 20:00:00,0.4348632541714597,0.0,0.0
2025-11-05 21:00:00,0.5206109380925927,0.0,0.0
2025-11-05 22:00:00,0.7227304787638346,0.0,0.0
2025-11-05 23:00:00,1.0800124951018883,0.0,0.0
2025-11-06 00:00:00,1.0636796029264346,0.0,0.0
2025-11-06 01:00:00,1.2453830283783591,0.0,0.0
2025-11-06 02:00:00,1.1392192292379089,0.0,0.0
2025-11-06 03:00:00,1.1555521214133628,0.0,0.0
2025-11-06 04:00:00,1.16371856750109,0.0,0.0
2025-11-06 05:00:00,1.3617548851284682,0.0,0.0
2025-11-06 06:00:00,1.261715920553813,0.0,0.0
2025-11-06 07:00:00,1.3045897625143796,0.357821,0.0
2025-11-06 08:00:00,0.6288163487549746,0.5351330000000001,0.0
2025-11-06 09:00:00,0.4695706500442992,1.226994,0.7574233499557007
2025-11-06 10:00:00,0.4940699883074801,2.678632,2.9419853616482206
2025-11-06 11:00:00,1.0325167537356046,2.90683,4.816298607912616
2025-11-06 12:00:00,1.0529328689549218,2.8688789999999997,6.632244738957694
2025-11-06 13:00:00,0.750774363709025,1.6842460000000001,7.56571637524867
2025-11-06 14:00:00,0.2409101595879447,1.137414,8.462220215660725
2025-11-06 15:00:00,0.2939920591581699,0.536377,8.704605156502556
2025-11-06 16:00:00,0.4736538730881626,0.104357,8.335308283414394
2025-11-06 17:00:00,1.7586448547604117,0.0,6.576663428653982
2025-11-06 18:00:00,2.9468627605246827,0.0,3.629800668129299
2025-11-06 19:00:00,0.610441845057589,0.0,3.01935882307171
2025-11-06 20:00:00,0.4573209809127088,0.0,2.5620378421590013
2025-11-06 21:00:00,0.4961115998294118,0.0,2.0659262423295894
2025-11-06 22:00:00,0.6614821331058826,0.0,1.4044441092237068
2025-11-06 23:00:00,0.7023143635445173,0.0,0.7021297456791895
2025-11-07 00:00:00,0.610441845057589,0.0,0.09168790062160048
2025-11-07 01:00:00,0.8166446087726945,0.0,0.0
2025-11-07 02:00:00,0.6247331257111113,0.0,0.0
2025-11-07 03:00:00,0.8391023355139435,0.0,0.0
2025-11-07 04:00:00,0.8329775009481484,0.0,0.0
2025-11-07 05:00:00,0.8533936161674658,0.0,0.0
2025-11-07 06:00:00,0.9473077461763256,0.0,0.0
2025-11-07 07:00:00,1.0800124951018883,0.335543,0.0
2025-11-07 08:00:00,1.0657212144483663,0.10431399999999999,0.0
2025-11-07 09:00:00,0.6778150252813364,0.838673,0.1608579747186636
2025-11-07 10:00:00,2.93494118332077,2.526893,0.0
2025-11-07 11:00:00,3.690880746980506,2.7622289999999996,0.0
2025-11-07 12:00:00,3.0498147290939404,2.710851,0.0
2025-11-07 13:00:00,3.121271132361551,2.4101950000000003,0.0
2025-11-07 14:00:00,2.7185303619960055,0.969778,0.0
2025-11-07 15:00:00,0.4389464772153231,0.979072,0.540125522784677
2025-11-07 16:00:00,0.5532767224435003,0.175944,0.1627928003411766
2025-11-07 17:00:00,2.447698145623628,0.0,0.0
2025-11-07 18:00:00,2.823354665659068,0.0,0.0
2025-11-07 19:00:00,1.0779708835799569,0.0,0.0
2025-11-07 20:00:00,0.6206499026672478,0.0,0.0
2025-11-07 21:00:00,0.7411049824612201,0.0,0.0
2025-11-07 22:00:00,0.6859814713690634,0.0,0.0
2025-11-07 23:00:00,0.9330164655228036,0.0,0.0
2025-11-08 00:00:00,0.9034130984547936,0.0,0.0
2025-11-08 01:00:00,1.122886337062455,0.0,0.0
2025-11-08 02:00:00,1.1509584954890164,0.0,0.0
2025-11-08 03:00:00,1.263247129195262,0.0,0.0
2025-11-08 04:00:00,1.209654826744554,0.0,0.0
2025-11-08 05:00:00,1.3066313740363114,0.0,0.0
2025-11-08 06:00:00,1.3423595756701163,0.0,0.0
2025-11-08 07:00:00,1.270903172402506,0.062212,0.0
2025-11-08 08:00:00,1.1024702218431377,0.27017899999999995,0.0
2025-11-08 09:00:00,1.1713746107083336,0.267418,0.0
2025-11-08 10:00:00,2.9303475573964235,0.347058,0.0
2025-11-08 11:00:00,3.1672073916050154,0.68871,0.0
2025-11-08 12:00:00,2.7384689719993505,0.223746,0.0
2025-11-08 13:00:00,2.8150294040717907,0.22585,0.0
2025-11-08 14:00:00,2.476088993766612,0.217865,0.0
2025-11-08 15:00:00,0.1837450369738561,0.155944,0.0
2025-11-08 16:00:00,0.6941479174567904,0.013742,0.0
2025-11-08 17:00:00,2.2665051230521867,0.0,0.0
2025-11-08 18:00:00,2.4502501600260427,0.0,0.0
2025-11-08 19:00:00,0.5052988516781047,0.0,0.0
2025-11-08 20:00:00,0.5614431685312274,0.0,0.0
2025-11-08 21:00:00,0.8549248248089145,0.0,0.0
2025-11-08 22:00:00,1.1994467691348951,0.0,0.0
2025-11-08 23:00:00,0.8523728104065,0.0,0.0
2025-11-09 00:00:00,1.0105977033562097,0.0,0.0
2025-11-09 01:00:00,0.9876295737344774,0.0,0.0
2025-11-09 02:00:00,0.9799735305272336,0.0,0.0
2025-11-09 03:00:00,1.1075742506479669,0.0,0.0
2025-11-09 04:00:00,1.122886337062455,0.0,0.0
2025-11-09 05:00:00,1.1866866971228216,0.0,0.0
2025-11-09 06:00:00,1.255591085988018,0.0,0.0
2025-11-09 07:00:00,1.2147588555493831,0.17416900000000002,0.0
2025-11-09 08:00:00,1.2122068411469684,0.389493,0.0
2025-11-09 09:00:00,0.6992519462616196,0.62399,0.0
2025-11-09 10:00:00,2.889515326957788,1.440557,0.0
2025-11-09 11:00:00,3.242914313945689,0.767327,0.0
2025-11-09 12:00:00,3.758421223233453,0.393207,0.0
2025-11-09 13:00:00,3.0055769745211247,1.832497,0.0
2025-11-09 14:00:00,2.7312904340080792,0.886664,0.0
2025-11-09 15:00:00,0.4823307220563727,0.5713339999999999,0.08900327794362722
2025-11-09 16:00:00,0.6482116582133262,0.075389,0.0
2025-11-09 17:00:00,1.8090020386521,0.0,0.0
2025-11-09 18:00:00,3.1539136287246317,0.0,0.0
2025-11-09 19:00:00,1.2836632444145792,0.0,0.0
2025-11-09 20:00:00,1.1203343226600406,0.0,0.0
2025-11-09 21:00:00,1.2096548267445535,0.0,0.0
2025-11-09 22:00:00,1.2300709419638711,0.0,0.0
2025-11-09 23:00:00,1.2913192876218231,0.0,0.0
2025-11-10 00:00:00,1.6434972751550478,0.0,0.0
2025-11-10 01:00:00,1.5950090015091694,0.0,0.0
2025-11-10 02:00:00,1.6894335343985118,0.0,0.0
2025-11-10 03:00:00,1.6996415920081709,0.0,0.0
2025-11-10 04:00:00,1.804274182507172,0.0,0.0
2025-11-10 05:00:00,1.6383932463502184,0.0,0.0
2025-11-10 06:00:00,1.9089067730061735,0.0,0.0
2025-11-10 07:00:00,1.81958626892166,0.29316699999999996,0.0
2025-11-10 08:00:00,0.9850775593320628,0.031682,0.0
2025-11-10 09:00:00,0.4236343908008352,0.272731,0.0
2025-11-10 10:00:00,0.4236343908008353,1.604936,1.1813016091991646
2025-11-10 11:00:00,0.4625722763324766,0.924578,1.643307332866688
2025-11-10 12:00:00,0.5467887516121608,0.5348200000000001,1.6313385812545274
2025-11-10 13:00:00,0.6692854429280649,1.3829829999999999,2.345036138326462
2025-11-10 14:00:00,1.2096548267445535,1.191103,2.3264843115819085
2025-11-10 15:00:00,0.882996983235476,0.949985,2.3934723283464323
2025-11-10 16:00:00,0.3266578435090776,0.14837899999999998,2.2151934848373545
2025-11-10 17:00:00,1.279957056241134,0.0,0.9352364285962205
2025-11-10 18:00:00,2.071081520989682,0.0,0.0
2025-11-10 19:00:00,0.6482116582133262,0.0,0.0
2025-11-10 20:00:00,0.7349801478954251,0.0,0.0
2025-11-10 21:00:00,1.036117847380356,0.0,0.0
2025-11-10 22:00:00,1.1203343226600402,0.0,0.0
2025-11-10 23:00:00,1.0948141786358936,0.0,0.0
2025-11-11 00:00:00,1.2453830283783591,0.0,0.0
2025-11-11 01:00:00,1.3627756908894342,0.0,0.0
2025-11-11 02:00:00,1.1892387115252363,0.0,0.0
2025-11-11 03:00:00,1.2760072012073354,0.0,0.0
2025-11-11 04:00:00,1.3806397917063369,0.0,0.0
2025-11-11 05:00:00,1.2913192876218234,0.0,0.0
2025-11-11 06:00:00,1.5056884974246558,0.0,0.0
2025-11-11 07:00:00,1.4597522381811916,0.0,0.0
2025-11-11 08:00:00,0.7145640326761076,0.073744,0.0
2025-11-11 09:00:00,0.5001948228732753,0.306151,0.0
2025-11-11 10:00:00,0.2449933826318082,0.133663,0.0
2025-11-11 11:00:00,0.5008524923686966,0.316137,0.0
2025-11-11 12:00:00,0.4600202619300619,0.080816,0.0
2025-11-11 13:00:00,0.4421561611131592,0.9560919999999999,0.5139358388868407
2025-11-11 14:00:00,0.15312086414488,0.275822,0.6366369747419607
2025-11-11 15:00:00,0.1556728785472948,0.936442,1.4174060961946657
2025-11-11 16:00:00,0.1990571233883442,0.134207,1.3525559728063214
2025-11-11 17:00:00,1.2978211570580367,0.0,0.05473481574828476
2025-11-11 18:00:00,2.379875263681857,0.0,0.0
2025-11-11 19:00:00,0.5588911541288126,0.0,0.0
2025-11-11 20:00:00,0.9723174873199896,0.0,0.0
2025-11-11 21:00:00,0.959557415307916,0.0,0.0
2025-11-11 22:00:00,1.0616379914045029,0.0,0.0
2025-11-11 23:00:00,0.9493493576982572,0.0,0.0
2025-11-12 00:00:00,1.192301128808134,0.0,0.0
2025-11-12 01:00:00,1.1412608407598408,0.0,0.0
2025-11-12 02:00:00,1.3127562086021063,0.0,0.0
2025-11-12 03:00:00,1.261715920553813,0.0,0.0
2025-11-12 04:00:00,1.255591085988018,0.0,0.0
2025-11-12 05:00:00,1.286215258816994,0.0,0.0
2025-11-12 06:00:00,1.3842126118697171,0.0,0.0
2025-11-12 07:00:00,1.2331333592467688,0.269023,0.0
2025-11-12 08:00:00,0.8901426235622371,1.136655,0.24651237643776291
2025-11-12 09:00:00,0.8105197742068992,1.9724380000000001,1.408430602230864
2025-11-12 10:00:00,2.863484780053159,2.538957,1.0839028221777047
2025-11-12 11:00:00,3.33682530876317,2.780027,0.5271045134145349
2025-11-12 12:00:00,3.108164818306815,2.744573,0.1635126951077197
2025-11-12 13:00:00,3.0407916380830677,2.429915,0.0
2025-11-12 14:00:00,2.5837840015485107,1.67439,0.0
2025-11-12 15:00:00,0.4777370961320262,0.46814999999999996,0.0
2025-11-12 16:00:00,0.6288163487549747,0.014788,0.0
2025-11-12 17:00:00,2.089697121757805,0.0,0.0
2025-11-12 18:00:00,3.049254537065721,0.0,0.0
2025-11-12 19:00:00,0.579817672228613,0.0,0.0
2025-11-12 20:00:00,0.4348632541714597,0.0,0.0
2025-11-12 21:00:00,0.5206109380925927,0.0,0.0
2025-11-12 22:00:00,0.7227304787638346,0.0,0.0
2025-11-12 23:00:00,1.0800124951018883,0.0,0.0
2025-11-13 00:00:00,1.0636796029264346,0.0,0.0
2025-11-13 01:00:00,1.2453830283783591,0.0,0.0
2025-11-13 02:00:00,1.1392192292379089,0.0,0.0
2025-11-13 03:00:00,1.1555521214133628,0.0,0.0
2025-11-13 04:00:00,1.16371856750109,0.0,0.0
2025-11-13 05:00:00,1.3617548851284682,0.0,0.0
2025-11-13 06:00:00,1.261715920553813,0.0,0.0
2025-11-13 07:00:00,1.3045897625143796,0.24897,0.0
2025-11-13 08:00:00,0.6288163487549746,1.10646,0.4776436512450254
2025-11-13 09:00:00,0.4695706500442992,1.946747,1.9548200012007264
2025-11-13 10:00:00,0.4940699883074801,2.510597,3.9713470128932467
2025-11-13 11:00:00,1.0325167537356046,2.7593539999999996,5.6981842591576415
2025-11-13 12:00:00,1.0529328689549218,2.741977,7.387228390202719
2025-11-13 13:00:00,0.750774363709025,2.426748,9.063202026493695
2025-11-13 14:00:00,0.2409101595879447,1.786194,10.60848586690575
2025-11-13 15:00:00,0.2939920591581699,0.91788,11.232373807747582
2025-11-13 16:00:00,0.4736538730881626,0.11635899999999999,10.875078934659419
2025-11-13 17:00:00,1.7586448547604117,0.0,9.116434079899006
2025-11-13 18:00:00,2.9468627605246827,0.0,6.169571319374324
2025-11-13 19:00:00,0.610441845057589,0.0,5.559129474316735
2025-11-13 20:00:00,0.4573209809127088,0.0,5.101808493404026
2025-11-13 21:00:00,0.4961115998294118,0.0,4.605696893574614
2025-11-13 22:00:00,0.6614821331058826,0.0,3.9442147604687317
2025-11-13 23:00:00,0.7023143635445173,0.0,3.2419003969242146
2025-11-14 00:00:00,0.610441845057589,0.0,2.6314585518666256
2025-11-14 01:00:00,0.8166446087726945,0.0,1.814813943093931
2025-11-14 02:00:00,0.6247331257111113,0.0,1.1900808173828197
2025-11-14 03:00:00,0.8391023355139435,0.0,0.35097848186887615
2025-11-14 04:00:00,0.8329775009481484,0.0,0.0
2025-11-14 05:00:00,0.8533936161674658,0.0,0.0
2025-11-14 06:00:00,0.9473077461763256,0.0,0.0
2025-11-14 07:00:00,1.0800124951018883,0.23697,0.0
2025-11-14 08:00:00,1.0657212144483663,0.822769,0.0
2025-11-14 09:00:00,0.6778150252813364,1.3007090000000001,0.6228939747186637
2025-11-14 10:00:00,2.93494118332077,2.031946,0.0
2025-11-14 11:00:00,3.690880746980506,2.085305,0.0
2025-11-14 12:00:00,3.0498147290939404,2.152781,0.0
2025-11-14 13:00:00,3.121271132361551,1.788392,0.0
2025-11-14 14:00:00,2.7185303619960055,1.23654,0.0
2025-11-14 15:00:00,0.4389464772153231,0.6375810000000001,0.19863452278467697
2025-11-14 16:00:00,0.5532767224435003,0.088899,0.0
2025-11-14 17:00:00,2.447698145623628,0.0,0.0
2025-11-14 18:00:00,2.823354665659068,0.0,0.0
2025-11-14 19:00:00,1.0779708835799569,0.0,0.0
2025-11-14 20:00:00,0.6206499026672478,0.0,0.0
2025-11-14 21:00:00,0.7411049824612201,0.0,0.0
2025-11-14 22:00:00,0.6859814713690634,0.0,0.0
2025-11-14 23:00:00,0.9330164655228036,0.0,0.0
2025-11-15 00:00:00,0.9034130984547936,0.0,0.0
2025-11-15 01:00:00,1.122886337062455,0.0,0.0
2025-11-15 02:00:00,1.1509584954890164,0.0,0.0
2025-11-15 03:00:00,1.263247129195262,0.0,0.0
2025-11-15 04:00:00,1.209654826744554,0.0,0.0
2025-11-15 05:00:00,1.3066313740363114,0.0,0.0
2025-11-15 06:00:00,1.3423595756701163,0.0,0.0
2025-11-15 07:00:00,1.270903172402506,0.199859,0.0
2025-11-15 08:00:00,1.1024702218431377,0.7980940000000001,0.0
2025-11-15 09:00:00,1.1713746107083336,1.4268530000000001,0.25547838929166655
2025-11-15 10:00:00,2.9303475573964235,1.637169,0.0
2025-11-15 11:00:00,3.1672073916050154,1.77702,0.0
2025-11-15 12:00:00,2.7384689719993505,1.975997,0.0
2025-11-15 13:00:00,2.8150294040717907,1.693322,0.0
2025-11-15 14:00:00,2.476088993766612,1.215941,0.0
2025-11-15 15:00:00,0.1837450369738561,0.620798,0.4370529630261438
2025-11-15 16:00:00,0.6941479174567904,0.087453,0.0
2025-11-15 17:00:00,2.2665051230521867,0.0,0.0
2025-11-15 18:00:00,2.4502501600260427,0.0,0.0
2025-11-15 19:00:00,0.5052988516781047,0.0,0.0
2025-11-15 20:00:00,0.5614431685312274,0.0,0.0
2025-11-15 21:00:00,0.8549248248089145,0.0,0.0
2025-11-15 22:00:00,1.1994467691348951,0.0,0.0
2025-11-15 23:00:00,0.8523728104065,0.0,0.0
2025-11-16 00:00:00,1.0105977033562097,0.0,0.0
2025-11-16 01:00:00,0.9876295737344774,0.0,0.0
2025-11-16 02:00:00,0.9799735305272336,0.0,0.0
2025-11-16 03:00:00,1.1075742506479669,0.0,0.0
2025-11-16 04:00:00,1.122886337062455,0.0,0.0
2025-11-16 05:00:00,1.1866866971228216,0.0,0.0
2025-11-16 06:00:00,1.255591085988018,0.0,0.0
2025-11-16 07:00:00,1.2147588555493831,0.206009,0.0
2025-11-16 08:00:00,1.2122068411469684,0.39778600000000003,0.0
2025-11-16 09:00:00,0.6992519462616196,1.526684,0.8274320537383804
2025-11-16 10:00:00,2.889515326957788,1.6768299999999998,0.0
2025-11-16 11:00:00,3.242914313945689,2.145089,0.0
2025-11-16 12:00:00,3.758421223233453,2.545953,0.0
2025-11-16 13:00:00,3.0055769745211247,2.261694,0.0
2025-11-16 14:00:00,2.7312904340080792,1.398458,0.0
2025-11-16 15:00:00,0.4823307220563727,0.538117,0.05578627794362728
2025-11-16 16:00:00,0.6482116582133262,0.060774999999999996,0.0
2025-11-16 17:00:00,1.8090020386521,0.0,0.0
2025-11-16 18:00:00,3.1539136287246317,0.0,0.0
2025-11-16 19:00:00,1.2836632444145792,0.0,0.0
2025-11-16 20:00:00,1.1203343226600406,0.0,0.0
2025-11-16 21:00:00,1.2096548267445535,0.0,0.0
2025-11-16 22:00:00,1.2300709419638711,0.0,0.0
2025-11-16 23:00:00,1.2913192876218231,0.0,0.0
2025-11-17 00:00:00,1.6434972751550478,0.0,0.0
2025-11-17 01:00:00,1.5950090015091694,0.0,0.0
2025-11-17 02:00:00,1.6894335343985118,0.0,0.0
2025-11-17 03:00:00,1.6996415920081709,0.0,0.0
2025-11-17 04:00:00,1.804274182507172,0.0,0.0
2025-11-17 05:00:00,1.6383932463502184,0.0,0.0
2025-11-17 06:00:00,1.9089067730061735,0.0,0.0
2025-11-17 07:00:00,1.81958626892166,0.19944,0.0
2025-11-17 08:00:00,0.9850775593320628,0.9910059999999999,0.005928440667937185
2025-11-17 09:00:00,0.4236343908008352,1.7901310000000001,1.3724250498671022
2025-11-17 10:00:00,0.4236343908008353,2.354842,3.303632659066267
2025-11-17 11:00:00,0.4625722763324766,2.5840810000000003,5.42514138273379
2025-11-17 12:00:00,0.5467887516121608,2.544239,7.42259163112163
2025-11-17 13:00:00,0.6692854429280649,2.231866,8.985172188193566
2025-11-17 14:00:00,1.2096548267445535,1.6528040000000002,9.428321361449013
2025-11-17 15:00:00,0.882996983235476,0.83375,9.379074378213538
2025-11-17 16:00:00,0.3266578435090776,0.074855,9.12727153470446
2025-11-17 17:00:00,1.279957056241134,0.0,7.847314478463327
2025-11-17 18:00:00,2.071081520989682,0.0,5.776232957473645
2025-11-17 19:00:00,0.6482116582133262,0.0,5.128021299260318
2025-11-17 20:00:00,0.7349801478954251,0.0,4.393041151364893
2025-11-17 21:00:00,1.036117847380356,0.0,3.356923303984537
2025-11-17 22:00:00,1.1203343226600402,0.0,2.236588981324497
2025-11-17 23:00:00,1.0948141786358936,0.0,1.1417748026886034
2025-11-18 00:00:00,1.2453830283783591,0.0,0.0
2025-11-18 01:00:00,1.3627756908894342,0.0,0.0
2025-11-18 02:00:00,1.1892387115252363,0.0,0.0
2025-11-18 03:00:00,1.2760072012073354,0.0,0.0
2025-11-18 04:00:00,1.3806397917063369,0.0,0.0
2025-11-18 05:00:00,1.2913192876218234,0.0,0.0
2025-11-18 06:00:00,1.5056884974246558,0.0,0.0
2025-11-18 07:00:00,1.4597522381811916,0.187979,0.0
2025-11-18 08:00:00,0.7145640326761076,0.358445,0.0
2025-11-18 09:00:00,0.5001948228732753,1.0990360000000001,0.5988411771267248
2025-11-18 10:00:00,0.2449933826318082,2.393643,2.747490794494917
2025-11-18 11:00:00,0.5008524923686966,2.654869,4.9015073021262205
2025-11-18 12:00:00,0.4600202619300619,1.9818959999999999,6.423383040196159
2025-11-18 13:00:00,0.4421561611131592,1.79973,7.780956879083
2025-11-18 14:00:00,0.15312086414488,1.708298,9.33613401493812
2025-11-18 15:00:00,0.1556728785472948,0.856525,10.036986136390825
2025-11-18 16:00:00,0.1990571233883442,0.06593,9.90385901300248
2025-11-18 17:00:00,1.2978211570580367,0.0,8.606037855944443
2025-11-18 18:00:00,2.379875263681857,0.0,6.226162592262586
2025-11-18 19:00:00,0.5588911541288126,0.0,5.667271438133773
2025-11-18 20:00:00,0.9723174873199896,0.0,4.694953950813783
2025-11-18 21:00:00,0.959557415307916,0.0,3.735396535505867
2025-11-18 22:00:00,1.0616379914045029,0.0,2.6737585441013643
2025-11-18 23:00:00,0.9493493576982572,0.0,1.724409186403107
2025-11-19 00:00:00,1.192301128808134,0.0,0.532108057594973
2025-11-19 01:00:00,1.1412608407598408,0.0,0.0
2025-11-19 02:00:00,1.3127562086021063,0.0,0.0
2025-11-19 03:00:00,1.261715920553813,0.0,0.0
2025-11-19 04:00:00,1.255591085988018,0.0,0.0
2025-11-19 05:00:00,1.286215258816994,0.0,0.0
2025-11-19 06:00:00,1.3842126118697171,0.0,0.0
2025-11-19 07:00:00,1.2331333592467688,0.179874,0.0
2025-11-19 08:00:00,0.8901426235622371,1.029039,0.13889637643776298
2025-11-19 09:00:00,0.8105197742068992,1.909387,1.2377636022308636
2025-11-19 10:00:00,2.863484780053159,2.526151,0.9004298221777045
2025-11-19 11:00:00,3.33682530876317,2.806775,0.3703795134145347
2025-11-19 12:00:00,3.108164818306815,2.771059,0.033273695107719714
2025-11-19 13:00:00,3.0407916380830677,2.406936,0.0
2025-11-19 14:00:00,2.5837840015485107,1.752514,0.0
2025-11-19 15:00:00,0.4777370961320262,0.867129,0.38939190386797384
2025-11-19 16:00:00,0.6288163487549747,0.06423699999999999,0.0
2025-11-19 17:00:00,2.089697121757805,0.0,0.0
2025-11-19 18:00:00,3.049254537065721,0.0,0.0
2025-11-19 19:00:00,0.579817672228613,0.0,0.0
2025-11-19 20:00:00,0.4348632541714597,0.0,0.0
2025-11-19 21:00:00,0.5206109380925927,0.0,0.0
2025-11-19 22:00:00,0.7227304787638346,0.0,0.0
2025-11-19 23:00:00,1.0800124951018883,0.0,0.0
2025-11-20 00:00:00,1.0636796029264346,0.0,0.0
2025-11-20 01:00:00,1.2453830283783591,0.0,0.0
2025-11-20 02:00:00,1.1392192292379089,0.0,0.0
2025-11-20 03:00:00,1.1555521214133628,0.0,0.0
2025-11-20 04:00:00,1.16371856750109,0.0,0.0
2025-11-20 05:00:00,1.3617548851284682,0.0,0.0
2025-11-20 06:00:00,1.261715920553813,0.0,0.0
2025-11-20 07:00:00,1.3045897625143796,0.18109999999999998,0.0
2025-11-20 08:00:00,0.6288163487549746,1.066578,0.4377616512450254
2025-11-20 09:00:00,0.4695706500442992,1.957589,1.9257800012007262
2025-11-20 10:00:00,0.4940699883074801,2.560892,3.9926020128932462
2025-11-20 11:00:00,1.0325167537356046,2.822708,5.782793259157642
2025-11-20 12:00:00,1.0529328689549218,2.7753330000000003,7.50519339020272
2025-11-20 13:00:00,0.750774363709025,2.4178699999999997,9.172289026493695
2025-11-20 14:00:00,0.2409101595879447,1.75964,10.69101886690575
2025-11-20 15:00:00,0.2939920591581699,0.87122,11.26824680774758
2025-11-20 16:00:00,0.4736538730881626,0.062244999999999995,10.856837934659417
2025-11-20 17:00:00,1.7586448547604117,0.0,9.098193079899005
2025-11-20 18:00:00,2.9468627605246827,0.0,6.151330319374322
2025-11-20 19:00:00,0.610441845057589,0.0,5.540888474316733
2025-11-20 20:00:00,0.4573209809127088,0.0,5.083567493404025
2025-11-20 21:00:00,0.4961115998294118,0.0,4.587455893574613
2025-11-20 22:00:00,0.6614821331058826,0.0,3.92597376046873
2025-11-20 23:00:00,0.7023143635445173,0.0,3.223659396924213
2025-11-21 00:00:00,0.610441845057589,0.0,2.613217551866624
2025-11-21 01:00:00,0.8166446087726945,0.0,1.7965729430939295
2025-11-21 02:00:00,0.6247331257111113,0.0,1.1718398173828182
2025-11-21 03:00:00,0.8391023355139435,0.0,0.33273748186887464
2025-11-21 04:00:00,0.8329775009481484,0.0,0.0
2025-11-21 05:00:00,0.8533936161674658,0.0,0.0
2025-11-21 06:00:00,0.9473077461763256,0.0,0.0
2025-11-21 07:00:00,1.0800124951018883,0.16247999999999999,0.0
2025-11-21 08:00:00,1.0657212144483663,1.044207,0.0
2025-11-21 09:00:00,0.6778150252813364,1.943866,1.2660509747186637
2025-11-21 10:00:00,2.93494118332077,2.570262,0.9013717913978938
2025-11-21 11:00:00,3.690880746980506,2.8624270000000003,0.07291804441738825
2025-11-21 12:00:00,3.0498147290939404,2.831839,0.0
2025-11-21 13:00:00,3.121271132361551,2.468772,0.0
2025-11-21 14:00:00,2.7185303619960055,1.7941449999999999,0.0
2025-11-21 15:00:00,0.4389464772153231,0.887476,0.44852952278467695
2025-11-21 16:00:00,0.5532767224435003,0.061484000000000004,0.0
2025-11-21 17:00:00,2.447698145623628,0.0,0.0
2025-11-21 18:00:00,2.823354665659068,0.0,0.0
2025-11-21 19:00:00,1.0779708835799569,0.0,0.0
2025-11-21 20:00:00,0.6206499026672478,0.0,0.0
2025-11-21 21:00:00,0.7411049824612201,0.0,0.0
2025-11-21 22:00:00,0.6859814713690634,0.0,0.0
2025-11-21 23:00:00,0.9330164655228036,0.0,0.0
2025-11-22 00:00:00,0.9034130984547936,0.0,0.0
2025-11-22 01:00:00,1.122886337062455,0.0,0.0
2025-11-22 02:00:00,1.1509584954890164,0.0,0.0
2025-11-22 03:00:00,1.263247129195262,0.0,0.0
2025-11-22 04:00:00,1.209654826744554,0.0,0.0
2025-11-22 05:00:00,1.3066313740363114,0.0,0.0
2025-11-22 06:00:00,1.3423595756701163,0.0,0.0
2025-11-22 07:00:00,1.270903172402506,0.14425100000000002,0.0
2025-11-22 08:00:00,1.1024702218431377,0.634075,0.0
2025-11-22 09:00:00,1.1713746107083336,1.637113,0.46573838929166644
2025-11-22 10:00:00,2.9303475573964235,2.0342629999999997,0.0
2025-11-22 11:00:00,3.1672073916050154,2.6487629999999998,0.0
2025-11-22 12:00:00,2.7384689719993505,2.616077,0.0
2025-11-22 13:00:00,2.8150294040717907,1.911143,0.0
2025-11-22 14:00:00,2.476088993766612,1.660453,0.0
2025-11-22 15:00:00,0.1837450369738561,0.815613,0.6318679630261439
2025-11-22 16:00:00,0.6941479174567904,0.053507,0.0
2025-11-22 17:00:00,2.2665051230521867,0.0,0.0
2025-11-22 18:00:00,2.4502501600260427,0.0,0.0
2025-11-22 19:00:00,0.5052988516781047,0.0,0.0
2025-11-22 20:00:00,0.5614431685312274,0.0,0.0
2025-11-22 21:00:00,0.8549248248089145,0.0,0.0
2025-11-22 22:00:00,1.1994467691348951,0.0,0.0
2025-11-22 23:00:00,0.8523728104065,0.0,0.0
2025-11-23 00:00:00,1.0105977033562097,0.0,0.0
2025-11-23 01:00:00,0.9876295737344774,0.0,0.0
2025-11-23 02:00:00,0.9799735305272336,0.0,0.0
2025-11-23 03:00:00,1.1075742506479669,0.0,0.0
2025-11-23 04:00:00,1.122886337062455,0.0,0.0
2025-11-23 05:00:00,1.1866866971228216,0.0,0.0
2025-11-23 06:00:00,1.255591085988018,0.0,0.0
2025-11-23 07:00:00,1.2147588555493831,0.12804300000000002,0.0
2025-11-23 08:00:00,1.2122068411469684,0.398374,0.0
2025-11-23 09:00:00,0.6992519462616196,1.75223,1.0529780537383804
2025-11-23 10:00:00,2.889515326957788,2.319259,0.4827217267805928
2025-11-23 11:00:00,3.242914313945689,2.598824,0.0
2025-11-23 12:00:00,3.758421223233453,2.5770120000000003,0.0
2025-11-23 13:00:00,3.0055769745211247,2.246642,0.0
2025-11-23 14:00:00,2.7312904340080792,1.623645,0.0
2025-11-23 15:00:00,0.4823307220563727,0.7852319999999999,0.30290127794362726
2025-11-23 16:00:00,0.6482116582133262,0.051541,0.0
2025-11-23 17:00:00,1.8090020386521,0.0,0.0
2025-11-23 18:00:00,3.1539136287246317,0.0,0.0
2025-11-23 19:00:00,1.2836632444145792,0.0,0.0
2025-11-23 20:00:00,1.1203343226600406,0.0,0.0
2025-11-23 21:00:00,1.2096548267445535,0.0,0.0
2025-11-23 22:00:00,1.2300709419638711,0.0,0.0
2025-11-23 23:00:00,1.2913192876218231,0.0,0.0
2025-11-24 00:00:00,1.6434972751550478,0.0,0.0
2025-11-24 01:00:00,1.5950090015091694,0.0,0.0
2025-11-24 02:00:00,1.6894335343985118,0.0,0.0
2025-11-24 03:00:00,1.6996415920081709,0.0,0.0
2025-11-24 04:00:00,1.804274182507172,0.0,0.0
2025-11-24 05:00:00,1.6383932463502184,0.0,0.0
2025-11-24 06:00:00,1.9089067730061735,0.0,0.0
2025-11-24 07:00:00,1.81958626892166,0.113079,0.0
2025-11-24 08:00:00,0.9850775593320628,0.896189,0.0
2025-11-24 09:00:00,0.4236343908008352,1.722423,1.298788609199165
2025-11-24 10:00:00,0.4236343908008353,2.267719,3.1428732183983294
2025-11-24 11:00:00,0.4625722763324766,2.52578,5.206080942065853
2025-11-24 12:00:00,0.5467887516121608,2.506888,7.166180190453693
2025-11-24 13:00:00,0.6692854429280649,2.163371,8.660265747525628
2025-11-24 14:00:00,1.2096548267445535,1.564316,9.014926920781075
2025-11-24 15:00:00,0.882996983235476,0.755521,8.8874509375456
2025-11-24 16:00:00,0.3266578435090776,0.045997,8.606790094036523
2025-11-24 17:00:00,1.279957056241134,0.0,7.326833037795389
2025-11-24 18:00:00,2.071081520989682,0.0,5.255751516805707
2025-11-24 19:00:00,0.6482116582133262,0.0,4.60753985859238
2025-11-24 20:00:00,0.7349801478954251,0.0,3.8725597106969554
2025-11-24 21:00:00,1.036117847380356,0.0,2.8364418633165993
2025-11-24 22:00:00,1.1203343226600402,0.0,1.7161075406565591
2025-11-24 23:00:00,1.0948141786358936,0.0,0.6212933620206655
2025-11-25 00:00:00,1.2453830283783591,0.0,0.0
2025-11-25 01:00:00,1.3627756908894342,0.0,0.0
2025-11-25 02:00:00,1.1892387115252363,0.0,0.0
2025-11-25 03:00:00,1.2760072012073354,0.0,0.0
2025-11-25 04:00:00,1.3806397917063369,0.0,0.0
2025-11-25 05:00:00,1.2913192876218234,0.0,0.0
2025-11-25 06:00:00,1.5056884974246558,0.0,0.0
2025-11-25 07:00:00,1.4597522381811916,0.01916,0.0
2025-11-25 08:00:00,0.7145640326761076,0.247181,0.0
2025-11-25 09:00:00,0.5001948228732753,0.627804,0.1276091771267247
2025-11-25 10:00:00,0.2449933826318082,1.196397,1.0790127944949164
2025-11-25 11:00:00,0.5008524923686966,1.917915,2.49607530212622
2025-11-25 12:00:00,0.4600202619300619,1.191132,3.227187040196158
2025-11-25 13:00:00,0.4421561611131592,0.202576,2.987606879082999
2025-11-25 14:00:00,0.15312086414488,0.539968,3.374454014938119
2025-11-25 15:00:00,0.1556728785472948,0.169775,3.388556136390824
2025-11-25 16:00:00,0.1990571233883442,0.045317,3.2348160130024795
2025-11-25 17:00:00,1.2978211570580367,0.0,1.9369948559444428
2025-11-25 18:00:00,2.379875263681857,0.0,0.0
2025-11-25 19:00:00,0.5588911541288126,0.0,0.0
2025-11-25 20:00:00,0.9723174873199896,0.0,0.0
2025-11-25 21:00:00,0.959557415307916,0.0,0.0
2025-11-25 22:00:00,1.0616379914045029,0.0,0.0
2025-11-25 23:00:00,0.9493493576982572,0.0,0.0
2025-11-26 00:00:00,1.192301128808134,0.0,0.0
2025-11-26 01:00:00,1.1412608407598408,0.0,0.0
2025-11-26 02:00:00,1.3127562086021063,0.0,0.0
2025-11-26 03:00:00,1.261715920553813,0.0,0.0
2025-11-26 04:00:00,1.255591085988018,0.0,0.0
2025-11-26 05:00:00,1.286215258816994,0.0,0.0
2025-11-26 06:00:00,1.3842126118697171,0.0,0.0
2025-11-26 07:00:00,1.2331333592467688,0.083752,0.0
2025-11-26 08:00:00,0.8901426235622371,0.837124,0.0
2025-11-26 09:00:00,0.8105197742068992,1.63365,0.8231302257931008
2025-11-26 10:00:00,2.863484780053159,2.196522,0.15616744573994157
2025-11-26 11:00:00,3.33682530876317,1.560643,0.0
2025-11-26 12:00:00,3.108164818306815,1.7400550000000001,0.0
2025-11-26 13:00:00,3.0407916380830677,1.504019,0.0
2025-11-26 14:00:00,2.5837840015485107,0.9708600000000001,0.0
2025-11-26 15:00:00,0.4777370961320262,0.43247599999999997,0.0
2025-11-26 16:00:00,0.6288163487549747,0.0035470000000000002,0.0
2025-11-26 17:00:00,2.089697121757805,0.0,0.0
2025-11-26 18:00:00,3.049254537065721,0.0,0.0
2025-11-26 19:00:00,0.579817672228613,0.0,0.0
2025-11-26 20:00:00,0.4348632541714597,0.0,0.0
2025-11-26 21:00:00,0.5206109380925927,0.0,0.0
2025-11-26 22:00:00,0.7227304787638346,0.0,0.0
2025-11-26 23:00:00,1.0800124951018883,0.0,0.0
2025-11-27 00:00:00,1.0636796029264346,0.0,0.0
2025-11-27 01:00:00,1.2453830283783591,0.0,0.0
2025-11-27 02:00:00,1.1392192292379089,0.0,0.0
2025-11-27 03:00:00,1.1555521214133628,0.0,0.0
2025-11-27 04:00:00,1.16371856750109,0.0,0.0
2025-11-27 05:00:00,1.3617548851284682,0.0,0.0
2025-11-27 06:00:00,1.261715920553813,0.0,0.0
2025-11-27 07:00:00,1.3045897625143796,0.06906399999999999,0.0
2025-11-27 08:00:00,0.6288163487549746,0.158088,0.0
2025-11-27 09:00:00,0.4695706500442992,0.686292,0.2167213499557008
2025-11-27 10:00:00,0.4940699883074801,2.3481129999999997,2.0707643616482203
2025-11-27 11:00:00,1.0325167537356046,2.689772,3.728019607912616
2025-11-27 12:00:00,1.0529328689549218,2.6862399999999997,5.361326738957694
2025-11-27 13:00:00,0.750774363709025,2.333663,6.944215375248669
2025-11-27 14:00:00,0.2409101595879447,1.6914120000000001,8.394717215660725
2025-11-27 15:00:00,0.2939920591581699,0.8121670000000001,8.912892156502554
2025-11-27 16:00:00,0.4736538730881626,0.047088,8.486326283414392
2025-11-27 17:00:00,1.7586448547604117,0.0,6.72768142865398
2025-11-27 18:00:00,2.9468627605246827,0.0,3.7808186681292977
2025-11-27 19:00:00,0.610441845057589,0.0,3.1703768230717086
2025-11-27 20:00:00,0.4573209809127088,0.0,2.713055842159
2025-11-27 21:00:00,0.4961115998294118,0.0,2.216944242329588
2025-11-27 22:00:00,0.6614821331058826,0.0,1.5554621092237055
2025-11-27 23:00:00,0.7023143635445173,0.0,0.8531477456791883
2025-11-28 00:00:00,0.610441845057589,0.0,0.24270590062159925
2025-11-28 01:00:00,0.8166446087726945,0.0,0.0
2025-11-28 02:00:00,0.6247331257111113,0.0,0.0
2025-11-28 03:00:00,0.8391023355139435,0.0,0.0
2025-11-28 04:00:00,0.8329775009481484,0.0,0.0
2025-11-28 05:00:00,0.8533936161674658,0.0,0.0
2025-11-28 06:00:00,0.9473077461763256,0.0,0.0
2025-11-28 07:00:00,1.0800124951018883,0.07056100000000001,0.0
2025-11-28 08:00:00,1.0657212144483663,0.9148869999999999,0.0
2025-11-28 09:00:00,0.6778150252813364,1.8249819999999999,1.1471669747186635
2025-11-28 10:00:00,2.93494118332077,2.465191,0.6774167913978935
2025-11-28 11:00:00,3.690880746980506,2.779539,0.0
2025-11-28 12:00:00,3.0498147290939404,2.7641199999999997,0.0
2025-11-28 13:00:00,3.121271132361551,2.401872,0.0
2025-11-28 14:00:00,2.7185303619960055,1.73167,0.0
2025-11-28 15:00:00,0.4389464772153231,0.829317,0.3903705227846769
2025-11-28 16:00:00,0.5532767224435003,0.048374,0.0
2025-11-28 17:00:00,2.447698145623628,0.0,0.0
2025-11-28 18:00:00,2.823354665659068,0.0,0.0
2025-11-28 19:00:00,1.0779708835799569,0.0,0.0
2025-11-28 20:00:00,0.6206499026672478,0.0,0.0
2025-11-28 21:00:00,0.7411049824612201,0.0,0.0
2025-11-28 22:00:00,0.6859814713690634,0.0,0.0
2025-11-28 23:00:00,0.9330164655228036,0.0,0.0
2025-11-29 00:00:00,0.9034130984547936,0.0,0.0
2025-11-29 01:00:00,1.122886337062455,0.0,0.0
2025-11-29 02:00:00,1.1509584954890164,0.0,0.0
2025-11-29 03:00:00,1.263247129195262,0.0,0.0
2025-11-29 04:00:00,1.209654826744554,0.0,0.0
2025-11-29 05:00:00,1.3066313740363114,0.0,0.0
2025-11-29 06:00:00,1.3423595756701163,0.0,0.0
2025-11-29 07:00:00,1.270903172402506,0.065251,0.0
2025-11-29 08:00:00,1.1024702218431377,0.805072,0.0
2025-11-29 09:00:00,1.1713746107083336,1.786473,0.6150983892916664
2025-11-29 10:00:00,2.9303475573964235,2.397359,0.08210983189524268
2025-11-29 11:00:00,3.1672073916050154,2.67813,0.0
2025-11-29 12:00:00,2.7384689719993505,2.644371,0.0
2025-11-29 13:00:00,2.8150294040717907,2.031359,0.0
2025-11-29 14:00:00,2.476088993766612,1.187664,0.0
2025-11-29 15:00:00,0.1837450369738561,0.27055399999999996,0.08680896302614385
2025-11-29 16:00:00,0.6941479174567904,0.006929,0.0
2025-11-29 17:00:00,2.2665051230521867,0.0,0.0
2025-11-29 18:00:00,2.4502501600260427,0.0,0.0
2025-11-29 19:00:00,0.5052988516781047,0.0,0.0
2025-11-29 20:00:00,0.5614431685312274,0.0,0.0
2025-11-29 21:00:00,0.8549248248089145,0.0,0.0
2025-11-29 22:00:00,1.1994467691348951,0.0,0.0
2025-11-29 23:00:00,0.8523728104065,0.0,0.0
2025-11-30 00:00:00,1.0105977033562097,0.0,0.0
2025-11-30 01:00:00,0.9876295737344774,0.0,0.0
2025-11-30 02:00:00,0.9799735305272336,0.0,0.0
2025-11-30 03:00:00,1.1075742506479669,0.0,0.0
2025-11-30 04:00:00,1.122886337062455,0.0,0.0
2025-11-30 05:00:00,1.1866866971228216,0.0,0.0
2025-11-30 06:00:00,1.255591085988018,0.0,0.0
2025-11-30 07:00:00,1.2147588555493831,0.055283,0.0
2025-11-30 08:00:00,1.2122068411469684,0.566014,0.0
2025-11-30 09:00:00,0.6992519462616196,1.656296,0.9570440537383804
2025-11-30 10:00:00,2.889515326957788,2.267455,0.3349837267805926
2025-11-30 11:00:00,3.242914313945689,2.558824,0.0
2025-11-30 12:00:00,3.758421223233453,2.537296,0.0
2025-11-30 13:00:00,3.0055769745211247,2.207161,0.0
2025-11-30 14:00:00,2.7312904340080792,1.5878610000000002,0.0
2025-11-30 15:00:00,0.4823307220563727,0.754741,0.2724102779436273
2025-11-30 16:00:00,0.6482116582133262,0.041497,0.0
2025-11-30 17:00:00,1.8090020386521,0.0,0.0
2025-11-30 18:00:00,3.1539136287246317,0.0,0.0
2025-11-30 19:00:00,1.2836632444145792,0.0,0.0
2025-11-30 20:00:00,1.1203343226600406,0.0,0.0
2025-11-30 21:00:00,1.2096548267445535,0.0,0.0
2025-11-30 22:00:00,1.2300709419638711,0.0,0.0
2025-11-30 23:00:00,1.2913192876218231,0.0,0.0
2025-12-01 00:00:00,1.5953504784789492,0.0,0.0
2025-12-01 01:00:00,1.5482826848592284,0.0,0.0
2025-12-01 02:00:00,1.6399410198028948,0.0,0.0
2025-12-01 03:00:00,1.649850028985994,0.0,0.0
2025-12-01 04:00:00,1.7514173731127594,0.0,0.0
2025-12-01 05:00:00,1.5903959738873996,0.0,0.0
2025-12-01 06:00:00,1.8529847172395248,0.0,0.0
2025-12-01 07:00:00,1.766280886887408,0.049831,0.0
2025-12-01 08:00:00,0.9562193861690595,0.7937960000000001,0.0
2025-12-01 09:00:00,0.411223881098611,1.625286,1.214062118901389
2025-12-01 10:00:00,0.411223881098611,2.2341529999999996,3.0369912378027775
2025-12-01 11:00:00,0.4528091575594098,2.5391570000000003,5.123339080243368
2025-12-01 12:00:00,0.5345584833199772,2.522991,7.111771596923391
2025-12-01 13:00:00,0.6534665935171661,2.19363,8.651935003406225
2025-12-01 14:00:00,1.1742175881972388,1.584368,9.062085415208985
2025-12-01 15:00:00,0.8571292943380688,0.755148,8.960104120870916
2025-12-01 16:00:00,0.3170882938591698,0.038558,8.681573827011746
2025-12-01 17:00:00,1.2532149805652202,0.0,7.428358846446526
2025-12-01 18:00:00,2.021163192255398,0.0,5.407195654191129
2025-12-01 19:00:00,0.6292220831267904,0.0,4.777973571064338
2025-12-01 20:00:00,0.7134486611831324,0.0,4.0645249098812055
2025-12-01 21:00:00,1.005764432084555,0.0,3.0587604777966506
2025-12-01 22:00:00,1.0875137578451222,0.0,1.9712467199515284
2025-12-01 23:00:00,1.0627412348873746,0.0,0.9085054850641539
2025-12-02 00:00:00,1.2088991203380857,0.0,0.0
2025-12-02 01:00:00,1.3228527259437248,0.0,0.0
2025-12-02 02:00:00,1.1543995698310408,0.0,0.0
2025-12-02 03:00:00,1.2386261478873828,0.0,0.0
2025-12-02 04:00:00,1.3401934920141485,0.0,0.0
2025-12-02 05:00:00,1.2534896616620312,0.0,0.0
2025-12-02 06:00:00,1.4615788545071118,0.0,0.0
2025-12-02 07:00:00,1.416988313183166,0.050677,0.0
2025-12-02 08:00:00,0.6936306428169343,0.827606,0.13397535718306564
2025-12-02 09:00:00,0.485541449971854,1.709382,1.3578159072112115
2025-12-02 10:00:00,0.2378162203943774,2.334953,3.454952686816834
2025-12-02 11:00:00,0.4899679419960313,2.6346529999999997,5.599637744820802
2025-12-02 12:00:00,0.4503319052636352,2.6131990000000003,7.762504839557167
2025-12-02 13:00:00,0.4329911391932117,2.2647820000000003,9.594295700363956
2025-12-02 14:00:00,0.1486351377464856,1.6346939999999999,11.08035456261747
2025-12-02 15:00:00,0.1511123900422604,0.7731420000000001,11.70238417257521
2025-12-02 16:00:00,0.1932256790704316,0.042173999999999996,11.551332493504779
2025-12-02 17:00:00,1.2705557466356434,0.0,10.280776746869135
2025-12-02 18:00:00,2.3209107200441443,0.0,7.95986602682499
2025-12-02 19:00:00,0.5425182527746735,0.0,7.417347774050317
2025-12-02 20:00:00,0.9438331246901857,0.0,6.473514649360131
2025-12-02 21:00:00,0.931446863211312,0.0,5.542067786148818
2025-12-02 22:00:00,1.0305369550423027,0.0,4.511530831106516
2025-12-02 23:00:00,0.9215378540282128,0.0,3.589992977078303
2025-12-03 00:00:00,1.1573722725859703,0.0,2.4326207044923325
2025-12-03 01:00:00,1.1078272266704752,0.0,1.3247934778218573
2025-12-03 02:00:00,1.2742985809465392,0.0,0.05049489687531805
2025-12-03 03:00:00,1.224753535031044,0.0,0.0
2025-12-03 04:00:00,1.2188081295211846,0.0,0.0
2025-12-03 05:00:00,1.248535157070482,0.0,0.0
2025-12-03 06:00:00,1.343661645228233,0.0,0.0
2025-12-03 07:00:00,1.1970083093183668,0.043217,0.0
2025-12-03 08:00:00,0.8640656007662383,0.785036,0.0
2025-12-03 09:00:00,0.7867753291380655,1.647389,0.8606136708619345
2025-12-03 10:00:00,2.846977306907068,2.253677,0.2673133639548666
2025-12-03 11:00:00,3.3126012423408744,2.542768,0.0
2025-12-03 12:00:00,3.0906394366394556,2.513582,0.0
2025-12-03 13:00:00,3.025239976031002,2.186047,0.0
2025-12-03 14:00:00,2.5754704552901537,1.572592,0.0
2025-12-03 15:00:00,0.4637416297690361,0.7510950000000001,0.28735337023096397
2025-12-03 16:00:00,0.6103949656789022,0.038380000000000004,0.0
2025-12-03 17:00:00,2.0459393083383643,0.0,0.0
2025-12-03 18:00:00,2.9773861715496768,0.0,0.0
2025-12-03 19:00:00,0.5628317216000266,0.0,0.0
2025-12-03 20:00:00,0.4221237912000199,0.0,0.0
2025-12-03 21:00:00,0.505359468338052,0.0,0.0
2025-12-03 22:00:00,0.7015578501634135,0.0,0.0
2025-12-03 23:00:00,1.048373171571881,0.0,0.0
2025-12-04 00:00:00,1.0325187568789225,0.0,0.0
2025-12-04 01:00:00,1.2088991203380854,0.0,0.0
2025-12-04 02:00:00,1.1058454248338554,0.0,0.0
2025-12-04 03:00:00,1.1216998395268138,0.0,0.0
2025-12-04 04:00:00,1.1296270468732932,0.0,0.0
2025-12-04 05:00:00,1.3218618250254148,0.0,0.0
2025-12-04 06:00:00,1.2247535350310443,0.0,0.0
2025-12-04 07:00:00,1.26637137360006,0.039113,0.0
2025-12-04 08:00:00,0.6103949656789021,0.76993,0.15953503432109795
2025-12-04 09:00:00,0.4558144224225568,1.625529,1.329249611898541
2025-12-04 10:00:00,0.4795960444619944,2.242478,3.092131567436547
2025-12-04 11:00:00,1.0083891973556534,2.5449949999999997,4.628737370080893
2025-12-04 12:00:00,1.0282072157218514,2.527428,6.127958154359042
2025-12-04 13:00:00,0.7349005439021192,2.2034209999999996,7.596478610456922
2025-12-04 14:00:00,0.2338526167211377,1.595991,8.958616993735784
2025-12-04 15:00:00,0.2853794644732529,0.756946,9.430183529262532
2025-12-04 16:00:00,0.4597780260957963,0.037409,9.007814503166736
2025-12-04 17:00:00,1.7245009765720831,0.0,7.283313526594654
2025-12-04 18:00:00,2.877909645484814,0.0,4.40540388110984
2025-12-04 19:00:00,0.5925587491493239,0.0,3.812845131960516
2025-12-04 20:00:00,0.4439236114028378,0.0,3.368921520557678
2025-12-04 21:00:00,0.4815778462986143,0.0,2.8873436742590637
2025-12-04 22:00:00,0.6421037950648191,0.0,2.2452398791942447
2025-12-04 23:00:00,0.6817398317972154,0.0,1.5635000473970293
2025-12-05 00:00:00,0.5925587491493238,0.0,0.9709412982477055
2025-12-05 01:00:00,0.7927207346479249,0.0,0.17822056359978056
2025-12-05 02:00:00,0.6064313620056625,0.0,0.0
2025-12-05 03:00:00,0.8145205548507428,0.0,0.0
2025-12-05 04:00:00,0.8085751493408835,0.0,0.0
2025-12-05 05:00:00,0.8283931677070815,0.0,0.0
2025-12-05 06:00:00,0.919556052191593,0.0,0.0
2025-12-05 07:00:00,1.0483731715718807,0.034224,0.0
2025-12-05 08:00:00,1.034500558715542,0.761942,0.0
2025-12-05 09:00:00,0.6579582097577776,1.623382,0.9654237902422225
2025-12-05 10:00:00,2.9163403711887614,2.238488,0.28757141905346084
2025-12-05 11:00:00,3.653941093352681,2.542337,0.0
2025-12-05 12:00:00,3.0316553166540596,2.531395,0.0
2025-12-05 13:00:00,3.101018380935753,2.205698,0.0
2025-12-05 14:00:00,2.7062693765070613,1.586317,0.0
2025-12-05 15:00:00,0.4260873948732596,0.756524,0.3304366051267404
2025-12-05 16:00:00,0.537068297723969,0.037776000000000004,0.0
2025-12-05 17:00:00,2.3867994272783455,0.0,0.0
2025-12-05 18:00:00,2.751450965216391,0.0,0.0
2025-12-05 19:00:00,1.046391369735261,0.0,0.0
2025-12-05 20:00:00,0.6024677583324228,0.0,0.0
2025-12-05 21:00:00,0.7193940666929919,0.0,0.0
2025-12-05 22:00:00,0.6658854171042569,0.0,0.0
2025-12-05 23:00:00,0.9056834393352544,0.0,0.0
2025-12-06 00:00:00,0.876947312704267,0.0,0.0
2025-12-06 01:00:00,1.089991010140897,0.0,0.0
2025-12-06 02:00:00,1.1172407853944193,0.0,0.0
2025-12-06 03:00:00,1.2262398864085091,0.0,0.0
2025-12-06 04:00:00,1.174217588197239,0.0,0.0
2025-12-06 05:00:00,1.26835317543668,0.0,0.0
2025-12-06 06:00:00,1.3030347075775266,0.0,0.0
2025-12-06 07:00:00,1.2336716432958332,0.029153,0.0
2025-12-06 08:00:00,1.0701729917746987,0.7404080000000001,0.0
2025-12-06 09:00:00,1.1370588037606175,1.5953389999999998,0.4582801962393823
2025-12-06 10:00:00,2.911881317056367,2.215448,0.0
2025-12-06 11:00:00,3.145608922259699,2.514702,0.0
2025-12-06 12:00:00,2.729430536569538,2.499505,0.0
2025-12-06 13:00:00,2.8037481054427813,2.174047,0.0
2025-12-06 14:00:00,2.4709304084084587,1.569308,0.0
2025-12-06 15:00:00,0.1783621652957829,0.75012,0.5717578347042171
2025-12-06 16:00:00,0.6738126244507361,0.037694000000000005,0.0
2025-12-06 17:00:00,2.210914514278337,0.0,0.0
2025-12-06 18:00:00,2.3892766795741203,0.0,0.0
2025-12-06 19:00:00,0.4904959545634034,0.0,0.0
2025-12-06 20:00:00,0.5449955050704482,0.0,0.0
2025-12-06 21:00:00,0.8298795190845464,0.0,0.0
2025-12-06 22:00:00,1.16430857901414,0.0,0.0
2025-12-06 23:00:00,0.8274022667887718,0.0,0.0
2025-12-07 00:00:00,0.9809919091268072,0.0,0.0
2025-12-07 01:00:00,0.958696638464834,0.0,0.0
2025-12-07 02:00:00,0.95126488157751,0.0,0.0
2025-12-07 03:00:00,1.0751274963662485,0.0,0.0
2025-12-07 04:00:00,1.089991010140897,0.0,0.0
2025-12-07 05:00:00,1.151922317535266,0.0,0.0
2025-12-07 06:00:00,1.2188081295211848,0.0,0.0
2025-12-07 07:00:00,1.1791720927887883,0.034211,0.0
2025-12-07 08:00:00,1.1766948404930138,0.73281,0.0
2025-12-07 09:00:00,0.6787671290422856,1.5991739999999999,0.9204068709577142
2025-12-07 10:00:00,2.87224528032397,2.2238339999999996,0.2719955906337437
2025-12-07 11:00:00,3.219153692445021,2.514475,0.0
2025-12-07 12:00:00,3.719558656191523,2.4918180000000003,0.0
2025-12-07 13:00:00,2.9887692289379677,2.171532,0.0
2025-12-07 14:00:00,2.7186556379859352,1.566559,0.0
2025-12-07 15:00:00,0.4682006839014306,0.746639,0.27843831609856945
2025-12-07 16:00:00,0.6292220831267904,0.037197,0.0
2025-12-07 17:00:00,1.7669722913752768,0.0,0.0
2025-12-07 18:00:00,3.0724842512485786,0.0,0.0
2025-12-07 19:00:00,1.2460579047747071,0.0,0.0
2025-12-07 20:00:00,1.0875137578451222,0.0,0.0
2025-12-07 21:00:00,1.174217588197239,0.0,0.0
2025-12-07 22:00:00,1.194035606563437,0.0,0.0
2025-12-07 23:00:00,1.2534896616620317,0.0,0.0
2025-12-08 00:00:00,1.5953504784789492,0.0,0.0
2025-12-08 01:00:00,1.5482826848592284,0.0,0.0
2025-12-08 02:00:00,1.6399410198028948,0.0,0.0
2025-12-08 03:00:00,1.649850028985994,0.0,0.0
2025-12-08 04:00:00,1.7514173731127594,0.0,0.0
2025-12-08 05:00:00,1.5903959738873996,0.0,0.0
2025-12-08 06:00:00,1.8529847172395248,0.0,0.0
2025-12-08 07:00:00,1.766280886887408,0.003939,0.0
2025-12-08 08:00:00,0.9562193861690595,0.313829,0.0
2025-12-08 09:00:00,0.411223881098611,0.360556,0.0
2025-12-08 10:00:00,0.411223881098611,1.492826,1.081602118901389
2025-12-08 11:00:00,0.4528091575594098,1.112838,1.7416309613419791
2025-12-08 12:00:00,0.5345584833199772,0.809228,2.0163004780220017
2025-12-08 13:00:00,0.6534665935171661,0.135388,1.4982218845048356
2025-12-08 14:00:00,1.1742175881972388,0.332931,0.6569352963075968
2025-12-08 15:00:00,0.8571292943380688,0.111768,0.0
2025-12-08 16:00:00,0.3170882938591698,0.0,0.0
2025-12-08 17:00:00,1.2532149805652202,0.0,0.0
2025-12-08 18:00:00,2.021163192255398,0.0,0.0
2025-12-08 19:00:00,0.6292220831267904,0.0,0.0
2025-12-08 20:00:00,0.7134486611831324,0.0,0.0
2025-12-08 21:00:00,1.005764432084555,0.0,0.0
2025-12-08 22:00:00,1.0875137578451222,0.0,0.0
2025-12-08 23:00:00,1.0627412348873746,0.0,0.0
2025-12-09 00:00:00,1.2088991203380857,0.0,0.0
2025-12-09 01:00:00,1.3228527259437248,0.0,0.0
2025-12-09 02:00:00,1.1543995698310408,0.0,0.0
2025-12-09 03:00:00,1.2386261478873828,0.0,0.0
2025-12-09 04:00:00,1.3401934920141485,0.0,0.0
2025-12-09 05:00:00,1.2534896616620312,0.0,0.0
2025-12-09 06:00:00,1.4615788545071118,0.0,0.0
2025-12-09 07:00:00,1.416988313183166,0.026268999999999997,0.0
2025-12-09 08:00:00,0.6936306428169343,0.33061799999999997,0.0
2025-12-09 09:00:00,0.485541449971854,1.432143,0.9466015500281459
2025-12-09 10:00:00,0.2378162203943774,0.097068,0.8058533296337685
2025-12-09 11:00:00,0.4899679419960313,0.063551,0.37943638763773724
2025-12-09 12:00:00,0.4503319052636352,2.417447,2.3465514823741023
2025-12-09 13:00:00,0.4329911391932117,0.978037,2.891597343180891
2025-12-09 14:00:00,0.1486351377464856,0.785353,3.528315205434405
2025-12-09 15:00:00,0.1511123900422604,0.013108999999999999,3.3903118153921445
2025-12-09 16:00:00,0.1932256790704316,0.0,3.197086136321713
2025-12-09 17:00:00,1.2705557466356434,0.0,1.9265303896860697
2025-12-09 18:00:00,2.3209107200441443,0.0,0.0
2025-12-09 19:00:00,0.5425182527746735,0.0,0.0
2025-12-09 20:00:00,0.9438331246901857,0.0,0.0
2025-12-09 21:00:00,0.931446863211312,0.0,0.0
2025-12-09 22:00:00,1.0305369550423027,0.0,0.0
2025-12-09 23:00:00,0.9215378540282128,0.0,0.0
2025-12-10 00:00:00,1.1573722725859703,0.0,0.0
2025-12-10 01:00:00,1.1078272266704752,0.0,0.0
2025-12-10 02:00:00,1.2742985809465392,0.0,0.0
2025-12-10 03:00:00,1.224753535031044,0.0,0.0
2025-12-10 04:00:00,1.2188081295211846,0.0,0.0
2025-12-10 05:00:00,1.248535157070482,0.0,0.0
2025-12-10 06:00:00,1.343661645228233,0.0,0.0
2025-12-10 07:00:00,1.1970083093183668,0.0,0.0
2025-12-10 08:00:00,0.8640656007662383,0.0,0.0
2025-12-10 09:00:00,0.7867753291380655,0.089552,0.0
2025-12-10 10:00:00,2.846977306907068,1.9418879999999998,0.0
2025-12-10 11:00:00,3.3126012423408744,2.2859160000000003,0.0
2025-12-10 12:00:00,3.0906394366394556,1.821873,0.0
2025-12-10 13:00:00,3.025239976031002,1.79217,0.0
2025-12-10 14:00:00,2.5754704552901537,1.156153,0.0
2025-12-10 15:00:00,0.4637416297690361,0.675635,0.21189337023096388
2025-12-10 16:00:00,0.6103949656789022,0.044791,0.0
2025-12-10 17:00:00,2.0459393083383643,0.0,0.0
2025-12-10 18:00:00,2.9773861715496768,0.0,0.0
2025-12-10 19:00:00,0.5628317216000266,0.0,0.0
2025-12-10 20:00:00,0.4221237912000199,0.0,0.0
2025-12-10 21:00:00,0.505359468338052,0.0,0.0
2025-12-10 22:00:00,0.7015578501634135,0.0,0.0
2025-12-10 23:00:00,1.048373171571881,0.0,0.0
2025-12-11 00:00:00,1.0325187568789225,0.0,0.0
2025-12-11 01:00:00,1.2088991203380854,0.0,0.0
2025-12-11 02:00:00,1.1058454248338554,0.0,0.0
2025-12-11 03:00:00,1.1216998395268138,0.0,0.0
2025-12-11 04:00:00,1.1296270468732932,0.0,0.0
2025-12-11 05:00:00,1.3218618250254148,0.0,0.0
2025-12-11 06:00:00,1.2247535350310443,0.0,0.0
2025-12-11 07:00:00,1.26637137360006,0.0,0.0
2025-12-11 08:00:00,0.6103949656789021,0.027426,0.0
2025-12-11 09:00:00,0.4558144224225568,0.29289299999999996,0.0
2025-12-11 10:00:00,0.4795960444619944,1.501095,1.0214989555380056
2025-12-11 11:00:00,1.0083891973556534,0.5853550000000001,0.5984647581823523
2025-12-11 12:00:00,1.0282072157218514,0.40930099999999997,0.0
2025-12-11 13:00:00,0.7349005439021192,1.216205,0.48130445609788075
2025-12-11 14:00:00,0.2338526167211377,0.045697,0.2931488393767431
2025-12-11 15:00:00,0.2853794644732529,0.48632,0.49408937490349014
2025-12-11 16:00:00,0.4597780260957963,0.024702,0.05901334880769382
2025-12-11 17:00:00,1.7245009765720831,0.0,0.0
2025-12-11 18:00:00,2.877909645484814,0.0,0.0
2025-12-11 19:00:00,0.5925587491493239,0.0,0.0
2025-12-11 20:00:00,0.4439236114028378,0.0,0.0
2025-12-11 21:00:00,0.4815778462986143,0.0,0.0
2025-12-11 22:00:00,0.6421037950648191,0.0,0.0
2025-12-11 23:00:00,0.6817398317972154,0.0,0.0
2025-12-12 00:00:00,0.5925587491493238,0.0,0.0
2025-12-12 01:00:00,0.7927207346479249,0.0,0.0
2025-12-12 02:00:00,0.6064313620056625,0.0,0.0
2025-12-12 03:00:00,0.8145205548507428,0.0,0.0
2025-12-12 04:00:00,0.8085751493408835,0.0,0.0
2025-12-12 05:00:00,0.8283931677070815,0.0,0.0
2025-12-12 06:00:00,0.919556052191593,0.0,0.0
2025-12-12 07:00:00,1.0483731715718807,0.0,0.0
2025-12-12 08:00:00,1.034500558715542,0.0,0.0
2025-12-12 09:00:00,0.6579582097577776,0.11256000000000001,0.0
2025-12-12 10:00:00,2.9163403711887614,0.33032799999999995,0.0
2025-12-12 11:00:00,3.653941093352681,0.430317,0.0
2025-12-12 12:00:00,3.0316553166540596,0.63646,0.0
2025-12-12 13:00:00,3.101018380935753,0.063353,0.0
2025-12-12 14:00:00,2.7062693765070613,0.168918,0.0
2025-12-12 15:00:00,0.4260873948732596,0.20218,0.0
2025-12-12 16:00:00,0.537068297723969,0.037128999999999995,0.0
2025-12-12 17:00:00,2.3867994272783455,0.0,0.0
2025-12-12 18:00:00,2.751450965216391,0.0,0.0
2025-12-12 19:00:00,1.046391369735261,0.0,0.0
2025-12-12 20:00:00,0.6024677583324228,0.0,0.0
2025-12-12 21:00:00,0.7193940666929919,0.0,0.0
2025-12-12 22:00:00,0.6658854171042569,0.0,0.0
2025-12-12 23:00:00,0.9056834393352544,0.0,0.0
2025-12-13 00:00:00,0.876947312704267,0.0,0.0
2025-12-13 01:00:00,1.089991010140897,0.0,0.0
2025-12-13 02:00:00,1.1172407853944193,0.0,0.0
2025-12-13 03:00:00,1.2262398864085091,0.0,0.0
2025-12-13 04:00:00,1.174217588197239,0.0,0.0
2025-12-13 05:00:00,1.26835317543668,0.0,0.0
2025-12-13 06:00:00,1.3030347075775266,0.0,0.0
2025-12-13 07:00:00,1.2336716432958332,0.0,0.0
2025-12-13 08:00:00,1.0701729917746987,0.012756,0.0
2025-12-13 09:00:00,1.1370588037606175,0.107643,0.0
2025-12-13 10:00:00,2.911881317056367,0.29056400000000004,0.0
2025-12-13 11:00:00,3.145608922259699,0.654594,0.0
2025-12-13 12:00:00,2.729430536569538,0.310836,0.0
2025-12-13 13:00:00,2.8037481054427813,0.744257,0.0
2025-12-13 14:00:00,2.4709304084084587,0.115985,0.0
2025-12-13 15:00:00,0.1783621652957829,0.017287,0.0
2025-12-13 16:00:00,0.6738126244507361,0.0,0.0
2025-12-13 17:00:00,2.210914514278337,0.0,0.0
2025-12-13 18:00:00,2.3892766795741203,0.0,0.0
2025-12-13 19:00:00,0.4904959545634034,0.0,0.0
2025-12-13 20:00:00,0.5449955050704482,0.0,0.0
2025-12-13 21:00:00,0.8298795190845464,0.0,0.0
2025-12-13 22:00:00,1.16430857901414,0.0,0.0
2025-12-13 23:00:00,0.8274022667887718,0.0,0.0
2025-12-14 00:00:00,0.9809919091268072,0.0,0.0
2025-12-14 01:00:00,0.958696638464834,0.0,0.0
2025-12-14 02:00:00,0.95126488157751,0.0,0.0
2025-12-14 03:00:00,1.0751274963662485,0.0,0.0
2025-12-14 04:00:00,1.089991010140897,0.0,0.0
2025-12-14 05:00:00,1.151922317535266,0.0,0.0
2025-12-14 06:00:00,1.2188081295211848,0.0,0.0
2025-12-14 07:00:00,1.1791720927887883,0.0,0.0
2025-12-14 08:00:00,1.1766948404930138,0.0,0.0
2025-12-14 09:00:00,0.6787671290422856,0.022158,0.0
2025-12-14 10:00:00,2.87224528032397,0.25641699999999995,0.0
2025-12-14 11:00:00,3.219153692445021,0.6450370000000001,0.0
2025-12-14 12:00:00,3.719558656191523,0.908537,0.0
2025-12-14 13:00:00,2.9887692289379677,0.362371,0.0
2025-12-14 14:00:00,2.7186556379859352,0.45983300000000005,0.0
2025-12-14 15:00:00,0.4682006839014306,0.381014,0.0
2025-12-14 16:00:00,0.6292220831267904,0.018449999999999998,0.0
2025-12-14 17:00:00,1.7669722913752768,0.0,0.0
2025-12-14 18:00:00,3.0724842512485786,0.0,0.0
2025-12-14 19:00:00,1.2460579047747071,0.0,0.0
2025-12-14 20:00:00,1.0875137578451222,0.0,0.0
2025-12-14 21:00:00,1.174217588197239,0.0,0.0
2025-12-14 22:00:00,1.194035606563437,0.0,0.0
2025-12-14 23:00:00,1.2534896616620317,0.0,0.0
2025-12-15 00:00:00,1.5953504784789492,0.0,0.0
2025-12-15 01:00:00,1.5482826848592284,0.0,0.0
2025-12-15 02:00:00,1.6399410198028948,0.0,0.0
2025-12-15 03:00:00,1.649850028985994,0.0,0.0
2025-12-15 04:00:00,1.7514173731127594,0.0,0.0
2025-12-15 05:00:00,1.5903959738873996,0.0,0.0
2025-12-15 06:00:00,1.8529847172395248,0.0,0.0
2025-12-15 07:00:00,1.766280886887408,0.000839,0.0
2025-12-15 08:00:00,0.9562193861690595,0.41195499999999996,0.0
2025-12-15 09:00:00,0.411223881098611,1.285401,0.8741771189013889
2025-12-15 10:00:00,0.411223881098611,2.06229,2.525243237802778
2025-12-15 11:00:00,0.4528091575594098,2.0679980000000002,4.140432080243368
2025-12-15 12:00:00,0.5345584833199772,1.80849,5.4143635969233905
2025-12-15 13:00:00,0.6534665935171661,1.5347,6.2955970034062245
2025-12-15 14:00:00,1.1742175881972388,1.218753,6.340132415208986
2025-12-15 15:00:00,0.8571292943380688,0.509435,5.992438120870917
2025-12-15 16:00:00,0.3170882938591698,0.037003,5.712352827011747
2025-12-15 17:00:00,1.2532149805652202,0.0,4.459137846446527
2025-12-15 18:00:00,2.021163192255398,0.0,2.4379746541911294
2025-12-15 19:00:00,0.6292220831267904,0.0,1.808752571064339
2025-12-15 20:00:00,0.7134486611831324,0.0,1.0953039098812067
2025-12-15 21:00:00,1.005764432084555,0.0,0.08953947779665183
2025-12-15 22:00:00,1.0875137578451222,0.0,0.0
2025-12-15 23:00:00,1.0627412348873746,0.0,0.0
2025-12-16 00:00:00,1.2088991203380857,0.0,0.0
2025-12-16 01:00:00,1.3228527259437248,0.0,0.0
2025-12-16 02:00:00,1.1543995698310408,0.0,0.0
2025-12-16 03:00:00,1.2386261478873828,0.0,0.0
2025-12-16 04:00:00,1.3401934920141485,0.0,0.0
2025-12-16 05:00:00,1.2534896616620312,0.0,0.0
2025-12-16 06:00:00,1.4615788545071118,0.0,0.0
2025-12-16 07:00:00,1.416988313183166,0.0,0.0
2025-12-16 08:00:00,0.6936306428169343,0.330601,0.0
2025-12-16 09:00:00,0.485541449971854,0.000337,0.0
2025-12-16 10:00:00,0.2378162203943774,1.64749,1.4096737796056225
2025-12-16 11:00:00,0.4899679419960313,1.315126,2.2348318376095913
2025-12-16 12:00:00,0.4503319052636352,1.6117929999999998,3.396292932345956
2025-12-16 13:00:00,0.4329911391932117,1.296732,4.260033793152744
2025-12-16 14:00:00,0.1486351377464856,0.568216,4.679614655406259
2025-12-16 15:00:00,0.1511123900422604,0.478365,5.006867265363999
2025-12-16 16:00:00,0.1932256790704316,0.031665,4.845306586293567
2025-12-16 17:00:00,1.2705557466356434,0.0,3.574750839657924
2025-12-16 18:00:00,2.3209107200441443,0.0,1.2538401196137796
2025-12-16 19:00:00,0.5425182527746735,0.0,0.7113218668391061
2025-12-16 20:00:00,0.9438331246901857,0.0,0.0
2025-12-16 21:00:00,0.931446863211312,0.0,0.0
2025-12-16 22:00:00,1.0305369550423027,0.0,0.0
2025-12-16 23:00:00,0.9215378540282128,0.0,0.0
2025-12-17 00:00:00,1.1573722725859703,0.0,0.0
2025-12-17 01:00:00,1.1078272266704752,0.0,0.0
2025-12-17 02:00:00,1.2742985809465392,0.0,0.0
2025-12-17 03:00:00,1.224753535031044,0.0,0.0
2025-12-17 04:00:00,1.2188081295211846,0.0,0.0
2025-12-17 05:00:00,1.248535157070482,0.0,0.0
2025-12-17 06:00:00,1.343661645228233,0.0,0.0
2025-12-17 07:00:00,1.1970083093183668,0.007787,0.0
2025-12-17 08:00:00,0.8640656007662383,0.5729679999999999,0.0
2025-12-17 09:00:00,0.7867753291380655,1.388451,0.6016756708619346
2025-12-17 10:00:00,2.846977306907068,2.071215,0.0
2025-12-17 11:00:00,3.3126012423408744,2.428048,0.0
2025-12-17 12:00:00,3.0906394366394556,2.466262,0.0
2025-12-17 13:00:00,3.025239976031002,2.1890970000000003,0.0
2025-12-17 14:00:00,2.5754704552901537,1.596471,0.0
2025-12-17 15:00:00,0.4637416297690361,0.774301,0.3105593702309639
2025-12-17 16:00:00,0.6103949656789022,0.047051,0.0
2025-12-17 17:00:00,2.0459393083383643,0.0,0.0
2025-12-17 18:00:00,2.9773861715496768,0.0,0.0
2025-12-17 19:00:00,0.5628317216000266,0.0,0.0
2025-12-17 20:00:00,0.4221237912000199,0.0,0.0
2025-12-17 21:00:00,0.505359468338052,0.0,0.0
2025-12-17 22:00:00,0.7015578501634135,0.0,0.0
2025-12-17 23:00:00,1.048373171571881,0.0,0.0
2025-12-18 00:00:00,1.0325187568789225,0.0,0.0
2025-12-18 01:00:00,1.2088991203380854,0.0,0.0
2025-12-18 02:00:00,1.1058454248338554,0.0,0.0
2025-12-18 03:00:00,1.1216998395268138,0.0,0.0
2025-12-18 04:00:00,1.1296270468732932,0.0,0.0
2025-12-18 05:00:00,1.3218618250254148,0.0,0.0
2025-12-18 06:00:00,1.2247535350310443,0.0,0.0
2025-12-18 07:00:00,1.26637137360006,0.0,0.0
2025-12-18 08:00:00,0.6103949656789021,0.6458659999999999,0.03547103432109788
2025-12-18 09:00:00,0.4558144224225568,1.5559,1.135556611898541
2025-12-18 10:00:00,0.4795960444619944,2.239832,2.8957925674365463
2025-12-18 11:00:00,1.0083891973556534,2.5953470000000003,4.482750370080893
2025-12-18 12:00:00,1.0282072157218514,2.6238490000000003,6.078392154359042
2025-12-18 13:00:00,0.7349005439021192,2.320757,7.664248610456923
2025-12-18 14:00:00,0.2338526167211377,1.692909,9.123304993735786
2025-12-18 15:00:00,0.2853794644732529,0.836623,9.674548529262534
2025-12-18 16:00:00,0.4597780260957963,0.053712,9.268482503166737
2025-12-18 17:00:00,1.7245009765720831,0.0,7.543981526594655
2025-12-18 18:00:00,2.877909645484814,0.0,4.666071881109841
2025-12-18 19:00:00,0.5925587491493239,0.0,4.0735131319605165
2025-12-18 20:00:00,0.4439236114028378,0.0,3.6295895205576785
2025-12-18 21:00:00,0.4815778462986143,0.0,3.148011674259064
2025-12-18 22:00:00,0.6421037950648191,0.0,2.505907879194245
2025-12-18 23:00:00,0.6817398317972154,0.0,1.8241680473970296
2025-12-19 00:00:00,0.5925587491493238,0.0,1.2316092982477058
2025-12-19 01:00:00,0.7927207346479249,0.0,0.4388885635997809
2025-12-19 02:00:00,0.6064313620056625,0.0,0.0
2025-12-19 03:00:00,0.8145205548507428,0.0,0.0
2025-12-19 04:00:00,0.8085751493408835,0.0,0.0
2025-12-19 05:00:00,0.8283931677070815,0.0,0.0
2025-12-19 06:00:00,0.919556052191593,0.0,0.0
2025-12-19 07:00:00,1.0483731715718807,0.0,0.0
2025-12-19 08:00:00,1.034500558715542,0.6234,0.0
2025-12-19 09:00:00,0.6579582097577776,1.491819,0.8338607902422224
2025-12-19 10:00:00,2.9163403711887614,2.146886,0.06440641905346078
2025-12-19 11:00:00,3.653941093352681,2.462676,0.0
2025-12-19 12:00:00,3.0316553166540596,2.458056,0.0
2025-12-19 13:00:00,3.101018380935753,2.146174,0.0
2025-12-19 14:00:00,2.7062693765070613,1.568084,0.0
2025-12-19 15:00:00,0.4260873948732596,0.778061,0.3519736051267404
2025-12-19 16:00:00,0.537068297723969,0.052261,0.0
2025-12-19 17:00:00,2.3867994272783455,0.0,0.0
2025-12-19 18:00:00,2.751450965216391,0.0,0.0
2025-12-19 19:00:00,1.046391369735261,0.0,0.0
2025-12-19 20:00:00,0.6024677583324228,0.0,0.0
2025-12-19 21:00:00,0.7193940666929919,0.0,0.0
2025-12-19 22:00:00,0.6658854171042569,0.0,0.0
2025-12-19 23:00:00,0.9056834393352544,0.0,0.0
2025-12-20 00:00:00,0.876947312704267,0.0,0.0
2025-12-20 01:00:00,1.089991010140897,0.0,0.0
2025-12-20 02:00:00,1.1172407853944193,0.0,0.0
2025-12-20 03:00:00,1.2262398864085091,0.0,0.0
2025-12-20 04:00:00,1.174217588197239,0.0,0.0
2025-12-20 05:00:00,1.26835317543668,0.0,0.0
2025-12-20 06:00:00,1.3030347075775266,0.0,0.0
2025-12-20 07:00:00,1.2336716432958332,0.0,0.0
2025-12-20 08:00:00,1.0701729917746987,0.345926,0.0
2025-12-20 09:00:00,1.1370588037606175,1.12039,0.0
2025-12-20 10:00:00,2.911881317056367,1.057397,0.0
2025-12-20 11:00:00,3.145608922259699,1.9093099999999998,0.0
2025-12-20 12:00:00,2.729430536569538,2.411533,0.0
2025-12-20 13:00:00,2.8037481054427813,2.1314029999999997,0.0
2025-12-20 14:00:00,2.4709304084084587,1.552402,0.0
2025-12-20 15:00:00,0.1783621652957829,0.34100400000000003,0.16264183470421714
2025-12-20 16:00:00,0.6738126244507361,0.052493000000000005,0.0
2025-12-20 17:00:00,2.210914514278337,0.0,0.0
2025-12-20 18:00:00,2.3892766795741203,0.0,0.0
2025-12-20 19:00:00,0.4904959545634034,0.0,0.0
2025-12-20 20:00:00,0.5449955050704482,0.0,0.0
2025-12-20 21:00:00,0.8298795190845464,0.0,0.0
2025-12-20 22:00:00,1.16430857901414,0.0,0.0
2025-12-20 23:00:00,0.8274022667887718,0.0,0.0
2025-12-21 00:00:00,0.9809919091268072,0.0,0.0
2025-12-21 01:00:00,0.958696638464834,0.0,0.0
2025-12-21 02:00:00,0.95126488157751,0.0,0.0
2025-12-21 03:00:00,1.0751274963662485,0.0,0.0
2025-12-21 04:00:00,1.089991010140897,0.0,0.0
2025-12-21 05:00:00,1.151922317535266,0.0,0.0
2025-12-21 06:00:00,1.2188081295211848,0.0,0.0
2025-12-21 07:00:00,1.1791720927887883,0.0,0.0
2025-12-21 08:00:00,1.1766948404930138,0.194864,0.0
2025-12-21 09:00:00,0.6787671290422856,0.041945,0.0
2025-12-21 10:00:00,2.87224528032397,0.226133,0.0
2025-12-21 11:00:00,3.219153692445021,0.362519,0.0
2025-12-21 12:00:00,3.719558656191523,0.337495,0.0
2025-12-21 13:00:00,2.9887692289379677,0.088449,0.0
2025-12-21 14:00:00,2.7186556379859352,0.046018,0.0
2025-12-21 15:00:00,0.4682006839014306,0.29973500000000003,0.0
2025-12-21 16:00:00,0.6292220831267904,0.01565,0.0
2025-12-21 17:00:00,1.7669722913752768,0.0,0.0
2025-12-21 18:00:00,3.0724842512485786,0.0,0.0
2025-12-21 19:00:00,1.2460579047747071,0.0,0.0
2025-12-21 20:00:00,1.0875137578451222,0.0,0.0
2025-12-21 21:00:00,1.174217588197239,0.0,0.0
2025-12-21 22:00:00,1.194035606563437,0.0,0.0
2025-12-21 23:00:00,1.2534896616620317,0.0,0.0
2025-12-22 00:00:00,1.5953504784789492,0.0,0.0
2025-12-22 01:00:00,1.5482826848592284,0.0,0.0
2025-12-22 02:00:00,1.6399410198028948,0.0,0.0
2025-12-22 03:00:00,1.649850028985994,0.0,0.0
2025-12-22 04:00:00,1.7514173731127594,0.0,0.0
2025-12-22 05:00:00,1.5903959738873996,0.0,0.0
2025-12-22 06:00:00,1.8529847172395248,0.0,0.0
2025-12-22 07:00:00,1.766280886887408,0.0,0.0
2025-12-22 08:00:00,0.9562193861690595,0.5835779999999999,0.0
2025-12-22 09:00:00,0.411223881098611,1.4573450000000001,1.046121118901389
2025-12-22 10:00:00,0.411223881098611,2.13125,2.766147237802778
2025-12-22 11:00:00,0.4528091575594098,2.4943980000000003,4.807736080243369
2025-12-22 12:00:00,0.5345584833199772,2.5236419999999997,6.796819596923391
2025-12-22 13:00:00,0.6534665935171661,2.2301729999999997,8.373526003406225
2025-12-22 14:00:00,1.1742175881972388,1.63625,8.835558415208986
2025-12-22 15:00:00,0.8571292943380688,0.815538,8.793967120870917
2025-12-22 16:00:00,0.3170882938591698,0.058772,8.535650827011747
2025-12-22 17:00:00,1.2532149805652202,0.0,7.282435846446527
2025-12-22 18:00:00,2.021163192255398,0.0,5.261272654191129
2025-12-22 19:00:00,0.6292220831267904,0.0,4.6320505710643385
2025-12-22 20:00:00,0.7134486611831324,0.0,3.918601909881206
2025-12-22 21:00:00,1.005764432084555,0.0,2.9128374777966513
2025-12-22 22:00:00,1.0875137578451222,0.0,1.825323719951529
2025-12-22 23:00:00,1.0627412348873746,0.0,0.7625824850641545
2025-12-23 00:00:00,1.2088991203380857,0.0,0.0
2025-12-23 01:00:00,1.3228527259437248,0.0,0.0
2025-12-23 02:00:00,1.1543995698310408,0.0,0.0
2025-12-23 03:00:00,1.2386261478873828,0.0,0.0
2025-12-23 04:00:00,1.3401934920141485,0.0,0.0
2025-12-23 05:00:00,1.2534896616620312,0.0,0.0
2025-12-23 06:00:00,1.4615788545071118,0.0,0.0
2025-12-23 07:00:00,1.416988313183166,0.0,0.0
2025-12-23 08:00:00,0.6936306428169343,0.529084,0.0
2025-12-23 09:00:00,0.485541449971854,1.322295,0.836753550028146
2025-12-23 10:00:00,0.2378162203943774,1.615428,2.2143653296337686
2025-12-23 11:00:00,0.4899679419960313,1.807701,3.5320983876377374
2025-12-23 12:00:00,0.4503319052636352,2.3064560000000003,5.388222482374102
2025-12-23 13:00:00,0.4329911391932117,2.047189,7.002420343180891
2025-12-23 14:00:00,0.1486351377464856,1.244834,8.098619205434405
2025-12-23 15:00:00,0.1511123900422604,0.726679,8.674185815392145
2025-12-23 16:00:00,0.1932256790704316,0.056462000000000005,8.537422136321712
2025-12-23 17:00:00,1.2705557466356434,0.0,7.266866389686069
2025-12-23 18:00:00,2.3209107200441443,0.0,4.945955669641924
2025-12-23 19:00:00,0.5425182527746735,0.0,4.40343741686725
2025-12-23 20:00:00,0.9438331246901857,0.0,3.4596042921770644
2025-12-23 21:00:00,0.931446863211312,0.0,2.5281574289657525
2025-12-23 22:00:00,1.0305369550423027,0.0,1.4976204739234498
2025-12-23 23:00:00,0.9215378540282128,0.0,0.576082619895237
2025-12-24 00:00:00,1.1573722725859703,0.0,0.0
2025-12-24 01:00:00,1.1078272266704752,0.0,0.0
2025-12-24 02:00:00,1.2742985809465392,0.0,0.0
2025-12-24 03:00:00,1.224753535031044,0.0,0.0
2025-12-24 04:00:00,1.2188081295211846,0.0,0.0
2025-12-24 05:00:00,1.248535157070482,0.0,0.0
2025-12-24 06:00:00,1.343661645228233,0.0,0.0
2025-12-24 07:00:00,1.1970083093183668,0.0,0.0
2025-12-24 08:00:00,0.8640656007662383,0.361954,0.0
2025-12-24 09:00:00,0.7867753291380655,0.628933,0.0
2025-12-24 10:00:00,2.846977306907068,1.379886,0.0
2025-12-24 11:00:00,3.3126012423408744,1.429689,0.0
2025-12-24 12:00:00,3.0906394366394556,1.263886,0.0
2025-12-24 13:00:00,3.025239976031002,0.7495700000000001,0.0
2025-12-24 14:00:00,2.5754704552901537,0.33533999999999997,0.0
2025-12-24 15:00:00,0.4637416297690361,0.643084,0.1793423702309639
2025-12-24 16:00:00,0.6103949656789022,0.019029,0.0
2025-12-24 17:00:00,2.0459393083383643,0.0,0.0
2025-12-24 18:00:00,2.9773861715496768,0.0,0.0
2025-12-24 19:00:00,0.5628317216000266,0.0,0.0
2025-12-24 20:00:00,0.4221237912000199,0.0,0.0
2025-12-24 21:00:00,0.505359468338052,0.0,0.0
2025-12-24 22:00:00,0.7015578501634135,0.0,0.0
2025-12-24 23:00:00,1.048373171571881,0.0,0.0
2025-12-25 00:00:00,1.0325187568789225,0.0,0.0
2025-12-25 01:00:00,1.2088991203380854,0.0,0.0
2025-12-25 02:00:00,1.1058454248338554,0.0,0.0
2025-12-25 03:00:00,1.1216998395268138,0.0,0.0
2025-12-25 04:00:00,1.1296270468732932,0.0,0.0
2025-12-25 05:00:00,1.3218618250254148,0.0,0.0
2025-12-25 06:00:00,1.2247535350310443,0.0,0.0
2025-12-25 07:00:00,1.26637137360006,0.0,0.0
2025-12-25 08:00:00,0.6103949656789021,0.165184,0.0
2025-12-25 09:00:00,0.4558144224225568,0.8359099999999999,0.3800955775774431
2025-12-25 10:00:00,0.4795960444619944,1.497904,1.3984035331154485
2025-12-25 11:00:00,1.0083891973556534,1.057705,1.447719335759795
2025-12-25 12:00:00,1.0282072157218514,1.262169,1.6816811200379438
2025-12-25 13:00:00,0.7349005439021192,1.647115,2.5938955761358247
2025-12-25 14:00:00,0.2338526167211377,1.284188,3.644230959414687
2025-12-25 15:00:00,0.2853794644732529,0.045381,3.404232494941434
2025-12-25 16:00:00,0.4597780260957963,0.0,2.9444544688456378
2025-12-25 17:00:00,1.7245009765720831,0.0,1.2199534922735547
2025-12-25 18:00:00,2.877909645484814,0.0,0.0
2025-12-25 19:00:00,0.5925587491493239,0.0,0.0
2025-12-25 20:00:00,0.4439236114028378,0.0,0.0
2025-12-25 21:00:00,0.4815778462986143,0.0,0.0
2025-12-25 22:00:00,0.6421037950648191,0.0,0.0
2025-12-25 23:00:00,0.6817398317972154,0.0,0.0
2025-12-26 00:00:00,0.5925587491493238,0.0,0.0
2025-12-26 01:00:00,0.7927207346479249,0.0,0.0
2025-12-26 02:00:00,0.6064313620056625,0.0,0.0
2025-12-26 03:00:00,0.8145205548507428,0.0,0.0
2025-12-26 04:00:00,0.8085751493408835,0.0,0.0
2025-12-26 05:00:00,0.8283931677070815,0.0,0.0
2025-12-26 06:00:00,0.919556052191593,0.0,0.0
2025-12-26 07:00:00,1.0483731715718807,0.0,0.0
2025-12-26 08:00:00,1.034500558715542,0.035641,0.0
2025-12-26 09:00:00,0.6579582097577776,0.12235,0.0
2025-12-26 10:00:00,2.9163403711887614,0.288098,0.0
2025-12-26 11:00:00,3.653941093352681,1.002237,0.0
2025-12-26 12:00:00,3.0316553166540596,0.38898200000000005,0.0
2025-12-26 13:00:00,3.101018380935753,0.30766899999999997,0.0
2025-12-26 14:00:00,2.7062693765070613,0.21029699999999998,0.0
2025-12-26 15:00:00,0.4260873948732596,0.088102,0.0
2025-12-26 16:00:00,0.537068297723969,0.0,0.0
2025-12-26 17:00:00,2.3867994272783455,0.0,0.0
2025-12-26 18:00:00,2.751450965216391,0.0,0.0
2025-12-26 19:00:00,1.046391369735261,0.0,0.0
2025-12-26 20:00:00,0.6024677583324228,0.0,0.0
2025-12-26 21:00:00,0.7193940666929919,0.0,0.0
2025-12-26 22:00:00,0.6658854171042569,0.0,0.0
2025-12-26 23:00:00,0.9056834393352544,0.0,0.0
2025-12-27 00:00:00,0.876947312704267,0.0,0.0
2025-12-27 01:00:00,1.089991010140897,0.0,0.0
2025-12-27 02:00:00,1.1172407853944193,0.0,0.0
2025-12-27 03:00:00,1.2262398864085091,0.0,0.0
2025-12-27 04:00:00,1.174217588197239,0.0,0.0
2025-12-27 05:00:00,1.26835317543668,0.0,0.0
2025-12-27 06:00:00,1.3030347075775266,0.0,0.0
2025-12-27 07:00:00,1.2336716432958332,0.0,0.0
2025-12-27 08:00:00,1.0701729917746987,0.522701,0.0
2025-12-27 09:00:00,1.1370588037606175,1.337085,0.20002619623938256
2025-12-27 10:00:00,2.911881317056367,2.02042,0.0
2025-12-27 11:00:00,3.145608922259699,2.4235569999999997,0.0
2025-12-27 12:00:00,2.729430536569538,2.516556,0.0
2025-12-27 13:00:00,2.8037481054427813,2.247661,0.0
2025-12-27 14:00:00,2.4709304084084587,1.6807260000000002,0.0
2025-12-27 15:00:00,0.1783621652957829,0.8691,0.6907378347042171
2025-12-27 16:00:00,0.6738126244507361,0.08738599999999999,0.104311210253481
2025-12-27 17:00:00,2.210914514278337,0.0,0.0
2025-12-27 18:00:00,2.3892766795741203,0.0,0.0
2025-12-27 19:00:00,0.4904959545634034,0.0,0.0
2025-12-27 20:00:00,0.5449955050704482,0.0,0.0
2025-12-27 21:00:00,0.8298795190845464,0.0,0.0
2025-12-27 22:00:00,1.16430857901414,0.0,0.0
2025-12-27 23:00:00,0.8274022667887718,0.0,0.0
2025-12-28 00:00:00,0.9809919091268072,0.0,0.0
2025-12-28 01:00:00,0.958696638464834,0.0,0.0
2025-12-28 02:00:00,0.95126488157751,0.0,0.0
2025-12-28 03:00:00,1.0751274963662485,0.0,0.0
2025-12-28 04:00:00,1.089991010140897,0.0,0.0
2025-12-28 05:00:00,1.151922317535266,0.0,0.0
2025-12-28 06:00:00,1.2188081295211848,0.0,0.0
2025-12-28 07:00:00,1.1791720927887883,0.0,0.0
2025-12-28 08:00:00,1.1766948404930138,0.57538,0.0
2025-12-28 09:00:00,0.6787671290422856,1.4820550000000001,0.8032878709577145
2025-12-28 10:00:00,2.87224528032397,2.1984160000000004,0.12945859063374465
2025-12-28 11:00:00,3.219153692445021,2.587387,0.0
2025-12-28 12:00:00,3.719558656191523,2.635123,0.0
2025-12-28 13:00:00,2.9887692289379677,2.3510549999999997,0.0
2025-12-28 14:00:00,2.7186556379859352,1.753095,0.0
2025-12-28 15:00:00,0.4682006839014306,0.900759,0.4325583160985694
2025-12-28 16:00:00,0.6292220831267904,0.095343,0.0
2025-12-28 17:00:00,1.7669722913752768,0.0,0.0
2025-12-28 18:00:00,3.0724842512485786,0.0,0.0
2025-12-28 19:00:00,1.2460579047747071,0.0,0.0
2025-12-28 20:00:00,1.0875137578451222,0.0,0.0
2025-12-28 21:00:00,1.174217588197239,0.0,0.0
2025-12-28 22:00:00,1.194035606563437,0.0,0.0
2025-12-28 23:00:00,1.2534896616620317,0.0,0.0
2025-12-29 00:00:00,1.5953504784789492,0.0,0.0
2025-12-29 01:00:00,1.5482826848592284,0.0,0.0
2025-12-29 02:00:00,1.6399410198028948,0.0,0.0
2025-12-29 03:00:00,1.649850028985994,0.0,0.0
2025-12-29 04:00:00,1.7514173731127594,0.0,0.0
2025-12-29 05:00:00,1.5903959738873996,0.0,0.0
2025-12-29 06:00:00,1.8529847172395248,0.0,0.0
2025-12-29 07:00:00,1.766280886887408,0.0,0.0
2025-12-29 08:00:00,0.9562193861690595,0.39385899999999996,0.0
2025-12-29 09:00:00,0.411223881098611,1.1031220000000002,0.6918981189013891
2025-12-29 10:00:00,0.411223881098611,1.767249,2.0479232378027783
2025-12-29 11:00:00,0.4528091575594098,1.844768,3.4398820802433683
2025-12-29 12:00:00,0.5345584833199772,2.161118,5.066441596923391
2025-12-29 13:00:00,0.6534665935171661,1.97223,6.385205003406225
2025-12-29 14:00:00,1.1742175881972388,1.315129,6.526116415208985
2025-12-29 15:00:00,0.8571292943380688,0.511508,6.1804951208709165
2025-12-29 16:00:00,0.3170882938591698,0.10125,5.964656827011747
2025-12-29 17:00:00,1.2532149805652202,0.0,4.711441846446527
2025-12-29 18:00:00,2.021163192255398,0.0,2.690278654191129
2025-12-29 19:00:00,0.6292220831267904,0.0,2.0610565710643387
2025-12-29 20:00:00,0.7134486611831324,0.0,1.3476079098812064
2025-12-29 21:00:00,1.005764432084555,0.0,0.3418434777966515
2025-12-29 22:00:00,1.0875137578451222,0.0,0.0
2025-12-29 23:00:00,1.0627412348873746,0.0,0.0
2025-12-30 00:00:00,1.2088991203380857,0.0,0.0
2025-12-30 01:00:00,1.3228527259437248,0.0,0.0
2025-12-30 02:00:00,1.1543995698310408,0.0,0.0
2025-12-30 03:00:00,1.2386261478873828,0.0,0.0
2025-12-30 04:00:00,1.3401934920141485,0.0,0.0
2025-12-30 05:00:00,1.2534896616620312,0.0,0.0
2025-12-30 06:00:00,1.4615788545071118,0.0,0.0
2025-12-30 07:00:00,1.416988313183166,0.0,0.0
2025-12-30 08:00:00,0.6936306428169343,0.5262469999999999,0.0
2025-12-30 09:00:00,0.485541449971854,1.369693,0.884151550028146
2025-12-30 10:00:00,0.2378162203943774,2.020854,2.6671893296337688
2025-12-30 11:00:00,0.4899679419960313,2.388093,4.565314387637738
2025-12-30 12:00:00,0.4503319052636352,2.4368890000000003,6.551871482374103
2025-12-30 13:00:00,0.4329911391932117,2.1547020000000003,8.273582343180891
2025-12-30 14:00:00,0.1486351377464856,1.6126939999999998,9.737641205434405
2025-12-30 15:00:00,0.1511123900422604,0.8389829999999999,10.425511815392145
2025-12-30 16:00:00,0.1932256790704316,0.08459799999999999,10.316884136321713
2025-12-30 17:00:00,1.2705557466356434,0.0,9.04632838968607
2025-12-30 18:00:00,2.3209107200441443,0.0,6.725417669641924
2025-12-30 19:00:00,0.5425182527746735,0.0,6.182899416867251
2025-12-30 20:00:00,0.9438331246901857,0.0,5.239066292177065
2025-12-30 21:00:00,0.931446863211312,0.0,4.307619428965753
2025-12-30 22:00:00,1.0305369550423027,0.0,3.27708247392345
2025-12-30 23:00:00,0.9215378540282128,0.0,2.355544619895237
2025-12-31 00:00:00,1.1573722725859703,0.0,1.1981723473092667
2025-12-31 01:00:00,1.1078272266704752,0.0,0.09034512063879152
2025-12-31 02:00:00,1.2742985809465392,0.0,0.0
2025-12-31 03:00:00,1.224753535031044,0.0,0.0
2025-12-31 04:00:00,1.2188081295211846,0.0,0.0
2025-12-31 05:00:00,1.248535157070482,0.0,0.0
2025-12-31 06:00:00,1.343661645228233,0.0,0.0
2025-12-31 07:00:00,1.1970083093183668,0.0,0.0
2025-12-31 08:00:00,0.8640656007662383,0.230019,0.0
2025-12-31 09:00:00,0.7867753291380655,0.7053200000000001,0.0
2025-12-31 10:00:00,2.846977306907068,0.618857,0.0
2025-12-31 11:00:00,3.3126012423408744,0.61913,0.0
2025-12-31 12:00:00,3.0906394366394556,0.601398,0.0
2025-12-31 13:00:00,3.025239976031002,0.5581699999999999,0.0
2025-12-31 14:00:00,2.5754704552901537,0.31075200000000003,0.0
2025-12-31 15:00:00,0.4637416297690361,0.166823,0.0
2025-12-31 16:00:00,0.6103949656789022,0.037659,0.0
2025-12-31 17:00:00,2.0459393083383643,0.0,0.0
2025-12-31 18:00:00,2.9773861715496768,0.0,0.0
2025-12-31 19:00:00,0.5628317216000266,0.0,0.0
2025-12-31 20:00:00,0.4221237912000199,0.0,0.0
2025-12-31 21:00:00,0.505359468338052,0.0,0.0
2025-12-31 22:00:00,0.7015578501634135,0.0,0.0
2025-12-31 23:00:00,1.048373171571881,0.0,0.0
